L 332.525, -535.455, -28.0, 332.525, -508.255, -28.0, 199, 21, 133
L 41.725, -174.055, -28.0, 28.625, -174.055, -28.0, 199, 21, 133
L -377.175, 80.745, -98.0, -364.075, 80.745, -98.0, 199, 21, 133
L 97.825, 145.445, -83.3, 97.825, 137.945, -83.3, 0, 0, 0
L 96.425, 145.445, -83.3, 97.825, 145.445, -83.3, 0, 0, 0
L 95.825, 146.045, -83.3, 96.425, 145.445, -83.3, 0, 0, 0
L 95.825, 147.645, -83.3, 95.825, 146.045, -83.3, 0, 0, 0
L 99.725, 148.245, -83.3, 98.125, 148.245, -83.3, 0, 0, 0
L 100.525, 147.345, -83.3, 99.725, 148.245, -83.3, 0, 0, 0
L 100.525, 138.245, -83.3, 100.525, 147.345, -83.3, 0, 0, 0
L 131.925, 138.245, -83.3, 100.525, 138.245, -83.3, 0, 0, 0
L 132.525, 137.645, -83.3, 131.925, 138.245, -83.3, 0, 0, 0
L 132.025, 138.245, -83.3, 132.525, 137.645, -83.3, 0, 0, 0
L 132.525, 134.045, -83.3, 132.525, 137.645, -83.3, 0, 0, 0
L 131.925, 133.445, -83.3, 132.525, 134.045, -83.3, 0, 0, 0
L 126.525, 133.445, -83.3, 131.925, 133.445, -83.3, 0, 0, 0
L 126.525, 120.145, -83.3, 126.525, 133.445, -83.3, 0, 0, 0
L 126.025, 119.545, -83.3, 126.525, 120.145, -83.3, 0, 0, 0
L 98.425, 119.545, -83.3, 126.025, 119.545, -83.3, 0, 0, 0
L 97.825, 120.045, -83.3, 98.425, 119.545, -83.3, 0, 0, 0
L 97.825, 121.545, -83.3, 97.825, 120.045, -83.3, 0, 0, 0
L 98.425, 122.245, -83.3, 97.825, 121.545, -83.3, 0, 0, 0
L 101.825, 122.245, -83.3, 98.425, 122.245, -83.3, 0, 0, 0
L 101.825, 133.445, -83.3, 101.825, 122.245, -83.3, 150, 150, 150
L 88.525, 133.445, -83.3, 101.825, 133.445, -83.3, 0, 0, 0
L 88.525, 132.345, -83.3, 88.525, 133.445, -83.3, 0, 0, 0
L 87.825, 131.445, -83.3, 88.525, 132.345, -83.3, 0, 0, 0
L 86.525, 131.445, -83.3, 87.825, 131.445, -83.3, 0, 0, 0
L 86.525, 108.245, -83.3, 86.525, 131.445, -83.3, 0, 0, 0
L 87.625, 108.245, -83.3, 86.525, 108.245, -83.3, 0, 0, 0
L 88.525, 107.745, -83.3, 87.625, 108.245, -83.3, 0, 0, 0
L 88.525, 104.345, -83.3, 88.525, 106.045, -83.3, 0, 0, 0
L 87.825, 103.545, -83.3, 88.525, 104.345, -83.3, 0, 0, 0
L 86.525, 103.545, -83.3, 87.825, 103.545, -83.3, 0, 0, 0
L 86.525, 84.245, -83.3, 86.525, 103.545, -83.3, 0, 0, 0
L 87.825, 84.245, -83.3, 86.525, 84.245, -83.3, 0, 0, 0
L 88.525, 83.645, -83.3, 87.825, 84.245, -83.3, 0, 0, 0
L 88.525, 82.245, -83.3, 88.525, 83.645, -83.3, 0, 0, 0
L 149.825, 82.245, -83.3, 88.525, 82.245, -83.3, 0, 0, 0
L 149.825, 83.745, -83.3, 149.825, 82.245, -83.3, 0, 0, 0
L 150.325, 84.245, -83.3, 149.825, 83.745, -83.3, 0, 0, 0
L 151.825, 84.245, -83.3, 150.325, 84.245, -83.3, 0, 0, 0
L 151.825, 85.645, -83.3, 151.825, 84.245, -83.3, 0, 0, 0
L 155.925, 86.245, -83.3, 154.325, 86.245, -83.3, 0, 0, 0
L 156.525, 85.745, -83.3, 155.925, 86.245, -83.3, 0, 0, 0
L 156.525, 84.245, -83.3, 156.525, 85.745, -83.3, 0, 0, 0
L 155.925, 83.545, -83.3, 156.525, 84.245, -83.3, 0, 0, 0
L 154.525, 83.545, -83.3, 155.925, 83.545, -83.3, 0, 0, 0
L 155.925, 98.245, -83.3, 154.525, 98.245, -83.3, 0, 0, 0
L 156.525, 97.645, -83.3, 155.925, 98.245, -83.3, 0, 0, 0
L 156.525, 96.145, -83.3, 156.525, 97.645, -83.3, 0, 0, 0
L 155.925, 95.545, -83.3, 156.525, 96.145, -83.3, 0, 0, 0
L 152.625, 95.545, -83.3, 154.325, 95.545, -83.3, 0, 0, 0
L 151.825, 96.245, -83.3, 152.625, 95.545, -83.3, 0, 0, 0
L 151.825, 103.545, -83.3, 151.825, 96.245, -83.3, 0, 0, 0
L 98.325, 103.545, -83.3, 101.125, 103.545, -83.3, 0, 0, 0
L 97.825, 107.745, -83.3, 97.825, 106.045, -83.3, 0, 0, 0
L 98.325, 108.245, -83.3, 97.825, 107.745, -83.3, 0, 0, 0
L 147.825, 108.245, -83.3, 101.125, 108.245, -83.3, 205, 133, 63
L 147.825, 137.345, -83.3, 147.825, 108.245, -83.3, 205, 133, 63
L 148.725, 138.245, -83.3, 147.825, 137.345, -83.3, 205, 133, 63
L 100.525, 158.145, -83.3, 100.525, 161.445, -83.3, 0, 0, 0
L 96.525, 157.445, -83.3, 98.125, 157.445, -83.3, 0, 0, 0
L 95.825, 158.145, -83.3, 96.525, 157.445, -83.3, 0, 0, 0
L 95.825, 159.545, -83.3, 95.825, 158.145, -83.3, 0, 0, 0
L 96.525, 160.245, -83.3, 95.825, 159.545, -83.3, 0, 0, 0
L 97.825, 160.245, -83.3, 96.525, 160.245, -83.3, 0, 0, 0
L 97.825, 163.545, -83.3, 97.825, 160.245, -83.3, 0, 0, 0
L 209.725, 23.645, -55.3, 209.725, 20.245, -55.3, 0, 0, 0
L 210.525, 24.245, -56.3, 209.725, 23.645, -55.3, 0, 0, 0
L 223.525, 24.245, -69.3, 222.525, 24.245, -68.3, 102, 255, 102
L 210.525, 35.545, -56.3, 210.525, 24.245, -56.3, 150, 150, 150
L 211.525, 24.245, -57.3, 210.525, 24.245, -56.3, 102, 255, 102
L 211.525, 24.245, -57.3, 211.525, 35.545, -57.3, 150, 150, 150
L 212.525, 24.245, -58.3, 212.525, 35.545, -58.3, 150, 150, 150
L 213.525, 24.245, -59.3, 211.525, 24.245, -57.3, 102, 255, 102
L 213.525, 35.545, -59.3, 213.525, 24.245, -59.3, 150, 150, 150
L 214.525, 24.245, -60.3, 213.525, 24.245, -59.3, 102, 255, 102
L 214.525, 24.245, -60.3, 214.525, 35.545, -60.3, 150, 150, 150
L 215.525, 35.545, -61.3, 215.525, 24.245, -61.3, 150, 150, 150
L 216.525, 24.245, -62.3, 214.525, 24.245, -60.3, 102, 255, 102
L 216.525, 24.245, -62.3, 216.525, 35.545, -62.3, 150, 150, 150
L 217.525, 24.245, -63.3, 216.525, 24.245, -62.3, 102, 255, 102
L 217.525, 35.545, -63.3, 217.525, 24.245, -63.3, 150, 150, 150
L 218.525, 24.245, -64.3, 217.525, 24.245, -63.3, 102, 255, 102
L 218.525, 24.245, -64.3, 218.525, 35.545, -64.3, 150, 150, 150
L 219.525, 24.245, -65.3, 218.525, 24.245, -64.3, 102, 255, 102
L 219.525, 35.545, -65.3, 219.525, 24.245, -65.3, 150, 150, 150
L 220.525, 24.245, -66.3, 219.525, 24.245, -65.3, 102, 255, 102
L 220.525, 24.245, -66.3, 220.525, 35.545, -66.3, 150, 150, 150
L 221.525, 24.245, -67.3, 220.525, 24.245, -66.3, 102, 255, 102
L 221.525, 35.545, -67.3, 221.525, 24.245, -67.3, 150, 150, 150
L 222.525, 24.245, -68.3, 221.525, 24.245, -67.3, 102, 255, 102
L 222.525, 24.245, -68.3, 222.525, 35.545, -68.3, 150, 150, 150
L 223.525, 35.545, -69.3, 223.525, 24.245, -69.3, 150, 150, 150
L 239.025, -58.455, -55.3, 239.625, -58.455, -55.3, 0, 0, 0
L 239.625, -58.455, -55.3, 250.225, -58.455, -55.3, 0, 0, 0
L 236.425, -58.455, -55.3, 239.625, -58.455, -55.3, 0, 0, 0
L 236.325, -58.455, -55.3, 236.425, -58.455, -55.3, 0, 0, 0
L 235.725, -57.855, -55.3, 236.325, -58.455, -55.3, 0, 0, 0
L 235.725, -55.755, -55.3, 235.725, -57.855, -55.3, 0, 0, 0
L 250.525, -55.655, -55.3, 250.325, -55.655, -55.3, 100, 50, 0
L 251.425, -58.455, -56.3, 251.425, -71.655, -56.3, 150, 150, 150
L 252.425, -71.655, -57.3, 252.425, -58.455, -57.3, 150, 150, 150
L 253.425, -58.455, -58.3, 253.425, -71.655, -58.3, 150, 150, 150
L 254.425, -71.655, -59.3, 254.425, -58.455, -59.3, 150, 150, 150
L 255.425, -58.555, -60.3, 255.425, -71.655, -60.3, 150, 150, 150
L 256.425, -71.655, -61.3, 256.425, -58.455, -61.3, 150, 150, 150
L 257.425, -58.455, -62.3, 257.425, -71.655, -62.3, 150, 150, 150
L 258.425, -71.655, -63.3, 258.425, -58.455, -63.3, 150, 150, 150
L 259.425, -58.455, -64.3, 259.425, -71.655, -64.3, 150, 150, 150
L 260.425, -71.655, -65.3, 260.425, -58.455, -65.3, 150, 150, 150
L 261.425, -58.455, -66.3, 261.425, -71.655, -66.3, 150, 150, 150
L 262.425, -71.655, -67.3, 262.425, -58.455, -67.3, 150, 150, 150
L 263.425, -58.455, -68.3, 263.425, -71.655, -68.3, 150, 150, 150
L 264.425, -71.655, -69.3, 264.425, -58.455, -69.3, 150, 150, 150
L 787.525, -174.355, -40.3, 787.525, -183.655, -40.3, 150, 150, 150
L 799.525, -183.655, -28.4, 799.525, -174.355, -28.4, 150, 150, 150
L 798.525, -174.355, -29.4, 798.525, -183.655, -29.4, 150, 150, 150
L 797.525, -183.655, -30.4, 797.525, -174.355, -30.4, 150, 150, 150
L 796.525, -174.355, -31.4, 796.525, -183.655, -31.4, 150, 150, 150
L 795.525, -183.655, -32.4, 795.525, -174.355, -32.4, 150, 150, 150
L 794.525, -174.355, -33.4, 794.525, -183.655, -33.4, 150, 150, 150
L 793.525, -183.655, -34.4, 793.525, -174.355, -34.4, 150, 150, 150
L 792.525, -174.355, -35.4, 792.525, -183.655, -35.4, 150, 150, 150
L 791.525, -183.655, -36.4, 791.525, -174.355, -36.4, 150, 150, 150
L 790.525, -174.355, -37.4, 790.525, -183.655, -37.4, 150, 150, 150
L 789.525, -183.655, -38.4, 789.525, -174.355, -38.4, 150, 150, 150
L 788.525, -174.355, -39.3, 788.525, -183.655, -39.3, 150, 150, 150
L 786.525, -174.355, -41.3, 786.525, -183.655, -41.3, 150, 150, 150
L 879.425, 167.245, -84.3, 868.225, 167.245, -84.3, 150, 150, 150
L 868.225, 168.245, -85.3, 879.425, 168.245, -85.3, 150, 150, 150
L 879.425, 169.245, -86.3, 868.225, 169.145, -86.2, 150, 150, 150
L 868.225, 170.245, -87.3, 879.425, 170.245, -87.3, 150, 150, 150
L 879.425, 171.245, -88.3, 868.225, 171.245, -88.3, 150, 150, 150
L 868.225, 172.245, -89.3, 879.425, 172.245, -89.3, 150, 150, 150
L 879.425, 173.245, -90.3, 868.225, 173.245, -90.3, 150, 150, 150
L 868.225, 174.245, -91.3, 879.425, 174.245, -91.3, 150, 150, 150
L 879.425, 175.245, -92.3, 868.225, 175.245, -92.3, 150, 150, 150
L 868.225, 176.245, -93.3, 879.425, 176.245, -93.3, 150, 150, 150
L 879.425, 177.245, -94.3, 868.225, 177.245, -94.3, 150, 150, 150
L 868.225, 166.045, -83.3, 868.225, 166.145, -83.3, 178, 102, 255
L 867.625, 165.445, -83.3, 868.225, 166.045, -83.3, 178, 102, 255
L 865.625, 165.445, -83.3, 867.625, 165.445, -83.3, 178, 102, 255
L 868.225, 166.145, -83.3, 867.625, 165.445, -83.3, 178, 102, 255
L 868.225, 177.545, -94.3, 868.225, 166.145, -83.3, 102, 0, 204
L 867.725, 178.245, -95.3, 879.425, 178.245, -95.3, 150, 150, 150
L 867.725, 178.245, -95.3, 868.225, 177.545, -94.3, 102, 0, 204
L 847.525, 175.645, -97.3, 848.225, 176.245, -96.3, 102, 0, 204
L 847.525, 174.045, -97.3, 847.525, 175.645, -97.3, 102, 0, 204
L 848.025, 173.445, -97.3, 847.525, 174.045, -97.3, 102, 0, 204
L 851.725, 173.445, -97.3, 848.025, 173.445, -97.3, 102, 0, 204
L 868.225, 189.445, -95.3, 868.225, 187.945, -95.3, 102, 0, 204
L 879.425, 178.245, -95.3, 879.425, 189.445, -95.3, 102, 0, 204
L 879.425, 166.845, -83.3, 879.425, 178.245, -95.3, 102, 0, 204
L 879.425, 146.245, -83.3, 879.425, 166.845, -83.3, 178, 102, 255
L 865.925, 146.245, -83.3, 867.625, 146.245, -83.3, 178, 102, 255
L 982.225, 133.745, -61.5, 980.225, 121.945, -61.8, 150, 150, 150
L 996.025, 163.445, -64.3, 982.225, 133.745, -61.5, 150, 150, 150
L 996.125, 164.145, -62.7, 996.025, 163.445, -64.3, 150, 150, 150
L 992.225, 177.945, -60.5, 996.125, 164.145, -62.7, 150, 150, 150
L 992.225, 191.745, -60.5, 992.225, 177.945, -60.5, 150, 150, 150
L 999.925, 205.245, -64.9, 992.225, 191.745, -60.5, 150, 150, 150
L 1000.025, 206.145, -67.5, 999.925, 205.245, -64.9, 150, 150, 150
L 994.225, 219.745, -64.6, 1000.025, 206.145, -67.5, 150, 150, 150
L 1006.225, 234.145, -67.1, 994.225, 219.745, -64.6, 150, 150, 150
L 1008.125, 261.445, -60.9, 1006.225, 234.145, -67.1, 150, 150, 150
L 1022.225, 261.445, -63.8, 1008.125, 261.445, -60.9, 150, 150, 150
L 1028.125, 281.545, -61.3, 1022.225, 261.445, -63.8, 150, 150, 150
L 1043.525, 289.245, -61.3, 1028.125, 281.545, -61.3, 150, 150, 150
L 1044.225, 289.745, -62.6, 1043.525, 289.245, -61.3, 150, 150, 150
L 1052.025, 303.445, -62.7, 1044.225, 289.745, -62.6, 150, 150, 150
L 1051.925, 304.145, -65.3, 1052.025, 303.445, -62.7, 150, 150, 150
L 1040.125, 317.945, -65.6, 1051.925, 304.145, -65.3, 150, 150, 150
L 1040.125, 325.545, -66.8, 1040.125, 317.945, -65.6, 150, 150, 150
L 1039.525, 326.145, -65.3, 1040.125, 325.545, -66.8, 150, 150, 150
L 1030.025, 326.145, -61.5, 1039.525, 326.145, -65.3, 150, 150, 150
L 1022.225, 343.845, -58.3, 1030.025, 326.145, -61.5, 150, 150, 150
L 1022.225, 359.345, -58.3, 1022.225, 343.845, -58.3, 150, 150, 150
L 1049.725, 359.345, -69.3, 1022.225, 359.345, -58.3, 150, 150, 150
L 1175.825, 317.945, -69.3, 1166.725, 329.545, -69.2, 0, 0, 255
L 1189.725, 317.845, -69.3, 1175.825, 317.945, -69.3, 0, 0, 255
L 1203.325, 331.545, -63.2, 1189.725, 317.845, -69.3, 0, 0, 255
L 1204.125, 332.245, -65.4, 1203.325, 331.545, -63.2, 0, 0, 255
L 1204.125, 359.445, -66.8, 1204.125, 332.245, -65.4, 0, 0, 255
L 1203.525, 360.145, -65.6, 1204.125, 359.445, -66.8, 0, 0, 255
L 1197.725, 365.545, -69.2, 1203.525, 360.145, -65.6, 0, 0, 255
L 1172.325, 365.745, -69.3, 1197.725, 365.545, -69.2, 0, 0, 255
L 1161.925, 359.245, -69.1, 1172.325, 365.745, -69.3, 0, 0, 255
L 1162.125, 345.645, -69.2, 1161.925, 359.245, -69.1, 0, 0, 255
L 1166.725, 329.545, -69.3, 1162.125, 345.645, -69.2, 0, 0, 255
L 909.425, 107.545, -67.3, 908.925, 107.545, -67.3, 100, 50, 0
L 910.225, 107.945, -67.3, 909.425, 107.545, -67.3, 100, 50, 0
L 910.225, 111.645, -67.3, 910.225, 107.945, -67.3, 100, 50, 0
L 909.625, 112.245, -67.3, 910.225, 111.645, -67.3, 100, 50, 0
L 906.025, 112.245, -67.3, 909.625, 112.245, -67.3, 100, 50, 0
L 905.425, 111.745, -67.3, 906.025, 112.245, -67.3, 100, 50, 0
L 905.425, 108.245, -67.3, 905.425, 111.745, -67.3, 100, 50, 0
L 906.125, 107.545, -67.3, 905.425, 108.245, -67.3, 100, 50, 0
L 909.525, 107.545, -67.3, 906.125, 107.545, -67.3, 100, 50, 0
L 879.425, 126.245, -69.3, 868.225, 126.245, -69.3, 150, 150, 150
L 868.225, 127.245, -70.3, 879.425, 127.245, -70.3, 150, 150, 150
L 879.425, 128.245, -71.3, 868.225, 128.245, -71.3, 150, 150, 150
L 818.225, 144.245, -71.3, 854.225, 144.045, -71.3, 204, 0, 204
L 818.225, 189.445, -71.3, 818.225, 144.245, -71.3, 204, 0, 204
L 879.425, 189.445, -71.3, 818.225, 189.445, -71.3, 204, 0, 204
L 879.425, 124.045, -68.3, 880.025, 123.445, -67.3, 204, 0, 204
L 879.425, 128.245, -71.3, 879.425, 124.045, -68.3, 204, 0, 204
L 815.525, 166.045, -83.3, 815.525, 166.145, -83.3, 178, 102, 255
L 816.025, 165.445, -83.3, 815.525, 166.045, -83.3, 178, 102, 255
L 817.725, 165.445, -83.3, 816.025, 165.445, -83.3, 178, 102, 255
L 818.225, 166.045, -83.3, 817.725, 165.445, -83.3, 178, 102, 255
L 818.225, 167.645, -83.3, 818.225, 166.045, -83.3, 178, 102, 255
L 817.625, 168.245, -83.3, 818.225, 167.645, -83.3, 178, 102, 255
L 816.025, 168.245, -83.3, 817.625, 168.245, -83.3, 178, 102, 255
L 815.525, 167.645, -83.3, 816.025, 168.245, -83.3, 178, 102, 255
L 815.525, 166.145, -83.3, 815.525, 167.645, -83.3, 178, 102, 255
L 818.225, 144.145, -83.3, 817.725, 143.445, -83.3, 178, 102, 255
L 818.225, 145.645, -83.3, 818.225, 144.145, -83.3, 178, 102, 255
L 817.825, 146.245, -83.3, 818.225, 145.645, -83.3, 178, 102, 255
L 816.125, 146.245, -83.3, 817.825, 146.245, -83.3, 178, 102, 255
L 815.525, 145.645, -83.3, 816.125, 146.245, -83.3, 178, 102, 255
L 815.525, 143.945, -83.3, 815.525, 145.645, -83.3, 178, 102, 255
L 816.025, 143.445, -83.3, 815.525, 143.945, -83.3, 178, 102, 255
L 817.725, 143.445, -83.3, 816.325, 143.445, -83.3, 178, 102, 255
L 865.525, 187.545, -83.3, 865.525, 187.445, -83.3, 178, 102, 255
L 865.525, 187.445, -83.3, 865.625, 165.445, -83.3, 178, 102, 255
L 864.425, 187.445, -83.3, 865.525, 187.445, -83.3, 178, 102, 255
L 863.525, 187.945, -83.3, 864.425, 187.445, -83.3, 178, 102, 255
L 863.525, 189.445, -83.3, 863.525, 187.945, -83.3, 178, 102, 255
L 818.225, 189.445, -83.3, 863.525, 189.445, -83.3, 178, 102, 255
L 818.225, 188.045, -83.3, 818.225, 189.445, -83.3, 178, 102, 255
L 817.725, 187.445, -83.3, 818.225, 188.045, -83.3, 178, 102, 255
L 816.125, 187.445, -83.3, 817.725, 187.445, -83.3, 178, 102, 255
L 815.525, 187.945, -83.3, 816.125, 187.445, -83.3, 178, 102, 255
L 815.525, 189.445, -83.3, 815.525, 187.945, -83.3, 178, 102, 255
L 772.325, 189.445, -83.3, 815.525, 189.445, -83.3, 178, 102, 255
L 865.525, 110.245, -83.3, 772.325, 110.245, -83.3, 178, 102, 255
L 865.525, 163.745, -71.3, 865.525, 144.045, -71.3, 204, 0, 204
L 866.025, 164.245, -71.3, 865.525, 163.745, -71.3, 204, 0, 204
L 867.625, 164.245, -71.3, 866.025, 164.245, -71.3, 204, 0, 204
L 868.225, 163.445, -71.3, 867.625, 164.245, -71.3, 204, 0, 204
L 868.225, 128.245, -71.3, 868.225, 163.445, -71.3, 204, 0, 204
L 868.225, 125.745, -68.3, 868.225, 128.245, -71.3, 204, 0, 204
L 868.225, 110.245, -68.3, 868.225, 125.745, -68.3, 204, 0, 204
L 879.425, 110.245, -68.3, 868.225, 110.245, -68.3, 204, 0, 204
L 879.425, 113.545, -68.3, 879.425, 110.245, -68.3, 204, 0, 204
L 880.025, 114.245, -67.3, 879.425, 113.545, -68.3, 204, 0, 204
L 883.625, 114.245, -67.3, 881.725, 114.245, -67.3, 139, 69, 19
L 884.225, 113.645, -67.3, 883.625, 114.245, -67.3, 139, 69, 19
L 884.225, 112.045, -67.3, 884.225, 113.645, -67.3, 139, 69, 19
L 883.625, 111.545, -67.3, 884.225, 112.045, -67.3, 139, 69, 19
L 882.225, 111.545, -67.3, 883.625, 111.545, -67.3, 139, 69, 19
L 882.225, 108.145, -67.3, 882.225, 111.545, -67.3, 139, 69, 19
L 798.225, 107.545, -67.3, 882.225, 108.145, -67.3, 139, 69, 19
L 788.325, 107.545, -65.6, 798.225, 107.545, -67.3, 139, 69, 19
L 883.525, 123.445, -67.3, 881.725, 123.445, -67.3, 139, 69, 19
L 884.225, 124.045, -67.3, 883.525, 123.445, -67.3, 139, 69, 19
L 884.225, 125.645, -67.3, 884.225, 124.045, -67.3, 139, 69, 19
L 883.525, 126.245, -67.3, 884.225, 125.645, -67.3, 139, 69, 19
L 882.225, 126.245, -67.3, 883.525, 126.245, -67.3, 139, 69, 19
L 882.225, 190.945, -55.3, 882.225, 126.245, -67.3, 139, 69, 19
L 961.425, -168.655, -69.2, 961.725, -186.355, -55.3, 150, 150, 150
L 933.225, -168.255, -67.3, 961.425, -168.655, -69.2, 150, 150, 150
L 905.425, -168.255, -66.6, 933.225, -168.255, -67.3, 150, 150, 150
L 896.925, -168.555, -66.5, 905.425, -168.255, -66.6, 150, 150, 150
L 894.825, -166.355, -61.2, 896.925, -168.555, -66.5, 150, 150, 150
L 885.325, -148.355, -69.2, 894.825, -166.355, -61.2, 150, 150, 150
L 882.225, -148.855, -69.0, 885.325, -148.355, -69.2, 150, 150, 150
L 882.225, -151.455, -67.8, 882.225, -148.855, -69.0, 150, 150, 150
L 881.225, -152.355, -67.5, 882.225, -151.455, -67.8, 150, 150, 150
L 832.125, -152.355, -64.0, 881.225, -152.355, -67.5, 150, 150, 150
L 831.525, -151.855, -63.3, 832.125, -152.355, -64.0, 150, 150, 150
L 831.525, -124.155, -67.7, 831.525, -151.855, -63.3, 150, 150, 150
L 804.225, -124.355, -62.6, 831.525, -124.155, -67.7, 150, 150, 150
L 803.525, -123.855, -65.7, 804.225, -124.355, -62.6, 150, 150, 150
L 803.525, -116.255, -67.9, 803.525, -123.855, -65.7, 150, 150, 150
L 805.725, -115.655, -68.7, 803.525, -116.255, -67.9, 150, 150, 150
L 807.525, -109.655, -69.2, 805.725, -115.655, -68.7, 150, 150, 150
L 807.625, -100.155, -69.2, 807.525, -109.655, -69.2, 150, 150, 150
L 801.625, -89.755, -68.3, 807.625, -100.155, -69.2, 150, 150, 150
L 804.525, -79.755, -70.6, 801.625, -89.755, -68.3, 150, 150, 150
L 803.925, -64.155, -66.4, 804.525, -79.755, -70.6, 150, 150, 150
L 801.825, -61.655, -68.1, 803.925, -64.155, -66.4, 150, 150, 150
L 809.625, -44.055, -69.3, 801.825, -61.655, -68.1, 150, 150, 150
L 809.625, -30.255, -69.0, 809.625, -44.055, -69.3, 150, 150, 150
L 804.325, -12.055, -70.4, 809.625, -30.255, -69.0, 150, 150, 150
L 807.825, 3.545, -69.3, 804.325, -12.055, -70.4, 150, 150, 150
L 813.625, 10.245, -67.7, 807.825, 3.545, -69.3, 150, 150, 150
L 807.825, 22.245, -69.3, 813.625, 10.245, -67.7, 150, 150, 150
L 811.625, 42.145, -69.2, 807.825, 22.245, -69.3, 150, 150, 150
L 805.625, 56.245, -69.3, 811.625, 42.145, -69.2, 150, 150, 150
L 805.825, 69.945, -69.3, 805.625, 56.245, -69.3, 150, 150, 150
L 809.525, 80.045, -67.3, 805.825, 69.945, -69.3, 150, 150, 150
L 895.425, 150.045, -63.2, 895.425, 177.745, -55.3, 0, 0, 0
L 895.725, 149.445, -65.9, 895.425, 150.045, -63.2, 0, 0, 0
L 909.325, 135.845, -66.3, 895.725, 149.445, -65.9, 0, 0, 0
L 910.225, 135.445, -67.3, 909.325, 135.845, -66.3, 0, 0, 0
L 919.725, 135.445, -67.3, 910.225, 135.445, -67.3, 0, 0, 0
L 933.425, 123.645, -67.3, 919.725, 135.445, -67.3, 0, 0, 0
L 933.425, 120.145, -67.3, 933.425, 123.645, -67.3, 0, 0, 0
L 934.125, 119.545, -67.3, 933.425, 120.145, -67.3, 0, 0, 0
L 938.225, 121.445, -68.1, 934.125, 119.545, -67.3, 0, 0, 0
L 856.225, 68.245, -55.3, 859.225, 68.245, -56.7, 139, 69, 19
L 880.225, 68.245, -66.3, 880.225, 80.045, -66.3, 150, 150, 150
L 933.425, 123.645, -55.3, 933.425, 80.145, -55.3, 139, 69, 19
L 919.725, 135.445, -55.3, 933.425, 123.645, -55.3, 0, 0, 0
L 910.125, 135.445, -55.3, 919.725, 135.445, -55.3, 0, 0, 0
L 909.425, 135.745, -55.3, 910.125, 135.445, -55.3, 0, 0, 0
L 895.725, 149.445, -55.3, 909.425, 135.745, -55.3, 0, 0, 0
L 895.425, 150.045, -55.3, 895.725, 149.445, -55.3, 0, 0, 0
L 895.425, 177.745, -55.3, 895.425, 150.045, -55.3, 0, 0, 0
L 895.425, 177.745, -55.3, 882.225, 190.945, -55.3, 0, 0, 0
L 882.225, 108.045, -55.3, 882.225, 190.945, -55.3, 0, 0, 0
L 881.525, 107.545, -55.3, 882.225, 108.045, -55.3, 0, 0, 0
L 837.525, 152.245, -14.4, 837.525, 153.245, -15.4, 102, 255, 102
L 838.125, 151.445, -13.4, 837.525, 152.245, -14.4, 102, 255, 102
L 839.725, 151.445, -13.4, 838.125, 151.445, -13.4, 102, 255, 102
L 840.225, 152.145, -13.4, 839.725, 151.445, -13.4, 102, 255, 102
L 840.225, 163.445, -13.4, 840.225, 152.145, -13.4, 102, 255, 102
L 865.525, 163.445, -13.4, 840.225, 163.445, -13.4, 102, 255, 102
L 865.525, 138.245, -13.4, 865.525, 163.445, -13.4, 102, 255, 102
L 828.225, 138.245, -13.4, 865.525, 138.245, -13.4, 102, 255, 102
L 828.225, 151.745, -13.4, 828.225, 138.245, -13.4, 102, 255, 102
L 828.225, 165.245, -27.4, 828.225, 151.745, -13.4, 102, 255, 102
L 828.225, 152.245, -14.3, 837.525, 152.245, -14.4, 150, 150, 150
L 837.525, 153.245, -15.4, 837.525, 154.245, -16.4, 102, 255, 102
L 837.525, 153.245, -15.4, 828.225, 153.245, -15.3, 150, 150, 150
L 837.525, 154.245, -16.4, 837.525, 155.245, -17.4, 102, 255, 102
L 828.225, 154.245, -16.4, 837.525, 154.245, -16.4, 150, 150, 150
L 837.525, 155.245, -17.4, 837.525, 156.245, -18.4, 102, 255, 102
L 837.525, 155.245, -17.4, 828.225, 155.245, -17.3, 150, 150, 150
L 837.525, 156.245, -18.4, 837.525, 157.245, -19.4, 102, 255, 102
L 828.225, 156.145, -18.3, 837.525, 156.245, -18.4, 150, 150, 150
L 837.525, 157.245, -19.4, 837.525, 158.245, -20.4, 102, 255, 102
L 837.525, 157.245, -19.4, 828.225, 157.245, -19.3, 150, 150, 150
L 837.525, 158.245, -20.4, 837.525, 159.245, -21.4, 102, 255, 102
L 828.225, 158.145, -20.3, 837.525, 158.245, -20.4, 150, 150, 150
L 837.525, 159.245, -21.4, 837.525, 160.245, -22.4, 102, 255, 102
L 837.525, 159.245, -21.4, 828.225, 159.145, -21.3, 150, 150, 150
L 837.525, 160.245, -22.4, 837.525, 161.245, -23.4, 102, 255, 102
L 828.225, 160.145, -22.3, 837.525, 160.245, -22.4, 150, 150, 150
L 837.525, 161.245, -23.4, 837.525, 162.245, -24.4, 102, 255, 102
L 837.525, 161.245, -23.4, 828.325, 161.245, -23.4, 150, 150, 150
L 837.525, 162.245, -24.4, 837.525, 163.245, -25.4, 102, 255, 102
L 828.225, 162.245, -24.4, 837.525, 162.245, -24.4, 150, 150, 150
L 837.525, 163.245, -25.4, 837.525, 164.245, -26.4, 102, 255, 102
L 837.525, 163.245, -25.4, 828.225, 163.145, -25.3, 150, 150, 150
L 837.525, 164.245, -26.4, 837.525, 165.245, -27.4, 102, 255, 102
L 828.225, 164.245, -26.3, 837.525, 164.245, -26.4, 150, 150, 150
L 854.225, 155.445, -28.4, 865.525, 155.445, -28.4, 150, 150, 150
L 865.525, 154.445, -29.4, 854.225, 154.445, -29.4, 150, 150, 150
L 854.225, 153.445, -30.4, 865.525, 153.445, -30.4, 150, 150, 150
L 865.525, 152.445, -31.4, 854.225, 152.445, -31.4, 150, 150, 150
L 854.225, 151.445, -32.4, 865.525, 151.445, -32.4, 150, 150, 150
L 865.525, 150.445, -33.4, 854.225, 150.445, -33.4, 150, 150, 150
L 854.225, 155.945, -27.4, 854.025, 149.445, -34.4, 0, 204, 0
L 854.225, 161.645, -27.4, 854.225, 155.945, -27.4, 0, 204, 0
L 853.825, 162.245, -27.4, 854.225, 161.645, -27.4, 0, 204, 0
L 852.025, 162.245, -27.4, 853.825, 162.245, -27.4, 0, 204, 0
L 851.525, 161.545, -27.4, 852.025, 162.245, -27.4, 0, 204, 0
L 851.525, 152.245, -27.4, 851.525, 161.545, -27.4, 0, 204, 0
L 840.225, 152.245, -27.4, 851.525, 152.245, -27.4, 0, 204, 0
L 840.225, 165.745, -27.4, 840.225, 152.245, -27.4, 0, 204, 0
L 839.725, 166.245, -27.4, 840.225, 165.745, -27.4, 0, 204, 0
L 838.125, 166.245, -27.4, 839.725, 166.245, -27.4, 0, 204, 0
L 837.525, 165.745, -27.4, 838.125, 166.245, -27.4, 0, 204, 0
L 837.525, 165.245, -27.4, 837.525, 165.745, -27.4, 102, 255, 102
L 828.225, 165.245, -27.4, 837.525, 165.245, -27.4, 150, 150, 150
L 865.525, 189.445, -27.4, 828.225, 189.445, -27.4, 0, 204, 0
L 865.525, 155.845, -27.4, 865.525, 189.445, -27.4, 0, 204, 0
L 854.025, 149.445, -34.4, 847.525, 149.445, -41.3, 0, 204, 0
L 865.525, 149.445, -34.4, 865.525, 155.845, -27.4, 0, 204, 0
L 865.525, 149.445, -34.4, 854.025, 149.445, -34.4, 150, 150, 150
L 865.525, 138.245, -34.4, 865.525, 149.445, -34.4, 0, 204, 0
L 853.525, 149.445, -35.4, 853.525, 138.245, -35.4, 150, 150, 150
L 852.525, 138.245, -36.4, 852.525, 149.445, -36.4, 150, 150, 150
L 851.525, 149.445, -37.4, 851.525, 138.245, -37.3, 150, 150, 150
L 850.525, 138.245, -38.3, 850.525, 149.445, -38.4, 150, 150, 150
L 849.525, 149.445, -39.3, 849.525, 138.245, -39.3, 150, 150, 150
L 848.525, 138.245, -40.3, 848.525, 149.445, -40.3, 150, 150, 150
L 847.525, 149.445, -41.3, 847.525, 138.245, -41.3, 150, 150, 150
L 845.525, 150.045, -41.3, 846.225, 149.445, -41.3, 0, 204, 204
L 845.525, 151.645, -41.3, 845.525, 150.045, -41.3, 0, 204, 204
L 846.425, 152.245, -41.3, 845.525, 151.645, -41.3, 0, 204, 204
L 879.425, 161.445, -42.3, 868.225, 161.445, -42.3, 150, 150, 150
L 868.225, 159.445, -43.3, 879.425, 159.445, -43.3, 150, 150, 150
L 879.425, 157.445, -44.3, 868.225, 157.445, -44.3, 150, 150, 150
L 868.225, 155.445, -45.3, 879.425, 155.445, -45.3, 150, 150, 150
L 879.425, 153.445, -46.3, 868.225, 153.445, -46.3, 150, 150, 150
L 868.225, 151.445, -47.3, 879.425, 151.445, -47.3, 150, 150, 150
L 879.425, 149.445, -48.3, 868.225, 149.445, -48.3, 150, 150, 150
L 868.225, 147.445, -49.3, 879.425, 147.445, -49.3, 150, 150, 150
L 879.425, 145.445, -50.3, 868.225, 145.445, -50.3, 150, 150, 150
L 868.225, 143.445, -51.3, 879.425, 143.445, -51.3, 150, 150, 150
L 879.425, 141.445, -52.3, 868.225, 141.445, -52.3, 150, 150, 150
L 868.225, 139.445, -53.3, 879.425, 139.445, -53.3, 150, 150, 150
L 879.425, 137.445, -54.3, 868.225, 137.445, -54.3, 150, 150, 150
L 879.425, 162.045, -41.3, 879.425, 135.445, -55.3, 0, 204, 204
L 879.425, 189.445, -41.3, 879.425, 162.045, -41.3, 0, 204, 204
L 814.225, 189.445, -41.3, 879.425, 189.445, -41.3, 0, 204, 204
L 814.225, 180.145, -41.3, 814.225, 189.445, -41.3, 0, 204, 204
L 813.725, 179.445, -41.3, 814.225, 180.145, -41.3, 0, 204, 204
L 812.025, 179.445, -41.3, 812.825, 179.445, -41.3, 0, 204, 204
L 811.525, 180.045, -41.3, 812.025, 179.445, -41.3, 0, 204, 204
L 811.525, 181.745, -41.3, 811.525, 180.045, -41.3, 0, 204, 204
L 811.525, 189.445, -41.3, 811.525, 181.745, -41.3, 0, 204, 204
L 772.325, 189.445, -41.3, 811.525, 189.445, -41.3, 0, 204, 204
L 772.325, 164.245, -41.3, 772.325, 189.445, -41.3, 0, 204, 204
L 811.525, 164.245, -41.3, 772.325, 164.245, -41.3, 0, 204, 204
L 811.525, 169.645, -41.3, 811.525, 164.245, -41.3, 0, 204, 204
L 812.125, 170.245, -41.3, 811.525, 169.645, -41.3, 0, 204, 0
L 813.825, 170.245, -41.3, 812.825, 170.245, -41.3, 0, 204, 0
L 814.225, 169.645, -41.3, 813.825, 170.245, -41.3, 0, 204, 0
L 814.225, 152.045, -41.3, 814.225, 169.645, -41.3, 0, 204, 204
L 813.625, 151.445, -41.3, 814.225, 152.045, -41.3, 0, 204, 204
L 812.025, 151.445, -41.3, 812.825, 151.445, -41.3, 0, 204, 204
L 811.525, 151.945, -41.3, 812.025, 151.445, -41.3, 0, 204, 204
L 811.525, 161.445, -41.3, 811.525, 151.945, -41.3, 0, 204, 204
L 772.325, 161.445, -41.3, 811.525, 161.445, -41.3, 0, 204, 204
L 772.325, 138.245, -41.3, 772.325, 161.445, -41.3, 0, 204, 204
L 811.525, 138.245, -41.3, 772.325, 138.245, -41.3, 0, 204, 204
L 811.525, 141.645, -41.3, 811.525, 138.245, -41.3, 0, 204, 204
L 812.025, 142.245, -41.3, 811.525, 141.645, -41.3, 0, 204, 204
L 813.625, 142.245, -41.3, 812.825, 142.245, -41.3, 0, 204, 204
L 814.225, 141.745, -41.3, 813.625, 142.245, -41.3, 0, 204, 204
L 814.225, 124.045, -41.3, 814.225, 141.745, -41.3, 0, 204, 204
L 813.725, 123.445, -41.3, 814.225, 124.045, -41.3, 0, 204, 204
L 812.025, 123.445, -41.3, 812.825, 123.445, -41.3, 0, 204, 204
L 811.525, 124.045, -41.3, 812.025, 123.445, -41.3, 0, 204, 204
L 811.525, 135.445, -41.3, 811.525, 124.045, -41.3, 0, 204, 204
L 772.325, 135.445, -41.3, 811.525, 135.445, -41.3, 0, 204, 204
L 772.325, 110.245, -41.3, 772.325, 135.445, -41.3, 0, 204, 204
L 811.525, 110.245, -41.3, 772.325, 110.245, -41.3, 0, 204, 204
L 811.525, 113.745, -41.3, 811.525, 110.245, -41.3, 0, 204, 204
L 812.125, 114.245, -41.3, 811.525, 113.745, -41.3, 0, 204, 204
L 813.625, 114.245, -41.3, 812.825, 114.245, -41.3, 0, 204, 204
L 814.225, 113.745, -41.3, 813.625, 114.245, -41.3, 0, 204, 204
L 814.225, 110.245, -41.3, 814.225, 113.745, -41.3, 0, 204, 204
L 825.525, 110.245, -41.3, 814.225, 110.245, -41.3, 0, 204, 204
L 825.525, 113.545, -41.3, 825.525, 110.245, -41.3, 0, 204, 204
L 826.125, 114.245, -41.3, 825.525, 113.545, -41.3, 0, 204, 204
L 827.525, 114.245, -41.3, 826.825, 114.245, -41.3, 0, 204, 204
L 828.225, 113.745, -41.3, 827.525, 114.245, -41.3, 0, 204, 204
L 828.225, 110.245, -41.3, 828.225, 113.745, -41.3, 0, 204, 204
L 865.525, 110.245, -41.3, 828.225, 110.245, -41.3, 0, 204, 204
L 865.525, 135.445, -41.3, 865.525, 110.245, -41.3, 0, 204, 204
L 828.225, 135.445, -41.3, 865.525, 135.445, -41.3, 0, 204, 204
L 828.225, 124.045, -41.3, 828.225, 135.445, -41.3, 0, 204, 204
L 827.725, 123.445, -41.3, 828.225, 124.045, -41.3, 0, 204, 204
L 826.125, 123.445, -41.3, 826.825, 123.445, -41.3, 0, 204, 204
L 825.525, 124.045, -41.3, 826.125, 123.445, -41.3, 0, 204, 204
L 825.525, 137.545, -41.3, 825.525, 124.045, -41.3, 0, 204, 204
L 826.125, 138.245, -41.3, 825.525, 137.545, -41.3, 0, 204, 204
L 847.525, 138.245, -41.3, 826.125, 138.245, -41.3, 0, 204, 204
L 846.125, 149.445, -41.3, 846.525, 149.445, -41.3, 0, 204, 204
L 845.525, 150.045, -41.3, 846.125, 149.445, -41.3, 0, 204, 204
L 851.525, 152.245, -41.3, 846.325, 152.245, -41.3, 0, 204, 204
L 851.525, 161.445, -41.3, 851.525, 152.245, -41.3, 0, 204, 204
L 830.225, 161.445, -41.3, 851.525, 161.445, -41.3, 205, 133, 63
L 830.225, 150.045, -41.3, 830.225, 161.445, -41.3, 205, 133, 63
L 829.725, 149.445, -41.3, 830.225, 150.045, -41.3, 205, 133, 63
L 826.125, 149.445, -41.3, 829.725, 149.445, -41.3, 205, 133, 63
L 825.525, 150.045, -41.3, 826.125, 149.445, -41.3, 205, 133, 63
L 825.525, 165.645, -41.3, 825.525, 150.045, -41.3, 205, 133, 63
L 826.125, 166.245, -41.3, 825.525, 165.645, -41.3, 205, 133, 63
L 865.525, 166.245, -41.3, 851.525, 166.245, -41.3, 0, 204, 204
L 865.525, 177.645, -41.3, 865.525, 166.245, -41.3, 0, 204, 204
L 866.025, 178.245, -41.3, 865.525, 177.645, -41.3, 0, 204, 204
L 867.625, 178.245, -41.3, 866.025, 178.245, -41.3, 0, 204, 204
L 868.225, 177.645, -41.3, 867.625, 178.245, -41.3, 0, 204, 204
L 868.225, 162.045, -41.3, 868.225, 177.645, -41.3, 0, 204, 204
L 868.225, 135.445, -55.3, 868.225, 162.045, -41.3, 0, 204, 204
L 788.325, 107.545, -55.3, 881.525, 107.545, -55.3, 0, 0, 0
L 788.325, 106.045, -55.3, 788.325, 107.545, -55.3, 0, 0, 0
L 787.825, 105.545, -55.3, 788.325, 106.045, -55.3, 0, 0, 0
L 786.125, 105.545, -55.3, 787.825, 105.545, -55.3, 0, 0, 0
L 785.525, 106.045, -55.3, 786.125, 105.545, -55.3, 0, 0, 0
L 821.525, 110.245, -55.3, 786.025, 110.245, -55.3, 0, 0, 0
L 823.625, 138.245, -55.3, 822.125, 138.245, -55.3, 0, 0, 0
L 824.225, 137.545, -55.3, 823.625, 138.245, -55.3, 0, 0, 0
L 879.425, 135.445, -55.3, 879.425, 110.245, -55.3, 0, 0, 0
L 868.225, 135.445, -55.3, 879.425, 135.445, -55.3, 150, 150, 150
L 868.225, 120.045, -55.3, 868.225, 135.445, -55.3, 0, 0, 0
L 867.725, 119.545, -55.3, 868.225, 120.045, -55.3, 0, 0, 0
L 850.025, 119.545, -55.3, 867.725, 119.545, -55.3, 0, 0, 0
L 849.525, 119.945, -55.3, 850.025, 119.545, -55.3, 0, 0, 0
L 849.525, 121.645, -55.3, 849.525, 119.945, -55.3, 0, 0, 0
L 850.125, 122.245, -55.3, 849.525, 121.645, -55.3, 0, 0, 0
L 865.525, 122.245, -55.3, 850.125, 122.245, -55.3, 0, 0, 0
L 865.525, 189.445, -55.3, 865.525, 122.245, -55.3, 0, 0, 0
L 790.325, 189.445, -55.3, 821.925, 189.445, -55.3, 0, 0, 0
L 790.325, 160.245, -55.3, 790.325, 189.445, -55.3, 205, 133, 63
L 819.525, 160.245, -55.3, 790.325, 160.245, -55.3, 205, 133, 63
L 819.525, 179.645, -55.3, 819.525, 160.245, -55.3, 205, 133, 63
L 820.025, 180.245, -55.3, 819.525, 179.645, -55.3, 205, 133, 63
L 823.825, 180.245, -55.3, 820.025, 180.245, -55.3, 0, 0, 0
L 824.225, 179.645, -55.3, 823.825, 180.245, -55.3, 205, 133, 63
L 824.225, 152.445, -55.3, 824.225, 160.245, -55.3, 0, 0, 0
L 823.625, 151.445, -55.3, 824.225, 152.445, -55.3, 0, 0, 0
L 822.225, 151.445, -55.3, 823.625, 151.445, -55.3, 0, 0, 0
L 821.525, 152.145, -55.3, 822.225, 151.445, -55.3, 0, 0, 0
L 821.525, 155.445, -55.3, 821.525, 152.145, -55.3, 0, 0, 0
L 786.325, 155.445, -55.3, 819.525, 155.445, -55.3, 205, 133, 63
L 786.325, 126.245, -55.3, 786.325, 155.445, -55.3, 0, 0, 0
L 789.325, 126.245, -55.3, 786.325, 126.245, -55.3, 0, 0, 0
L 790.325, 125.545, -55.3, 789.325, 126.245, -55.3, 0, 0, 0
L 790.325, 122.245, -55.3, 790.325, 125.545, -55.3, 0, 0, 0
L 810.225, 121.645, -55.3, 809.625, 122.245, -55.3, 0, 0, 0
L 810.225, 120.145, -55.3, 810.225, 121.645, -55.3, 0, 0, 0
L 809.625, 119.545, -55.3, 810.225, 120.145, -55.3, 0, 0, 0
L 772.325, 119.545, -55.3, 809.625, 119.545, -55.3, 0, 0, 0
L 772.325, 110.245, -55.3, 772.325, 119.545, -55.3, 0, 0, 0
L 775.625, 110.245, -55.3, 772.325, 110.245, -55.3, 0, 0, 0
L 776.325, 109.645, -55.3, 775.625, 110.245, -55.3, 0, 0, 0
L 776.325, 107.845, -55.3, 776.325, 109.645, -55.3, 0, 0, 0
L 776.325, 106.045, -55.3, 776.325, 107.845, -55.3, 0, 0, 0
L 775.725, 105.545, -55.3, 776.325, 106.045, -55.3, 0, 0, 0
L 774.125, 105.545, -55.3, 775.725, 105.545, -55.3, 0, 0, 0
L 773.525, 106.045, -55.3, 774.125, 105.545, -55.3, 0, 0, 0
L 773.525, 107.545, -55.3, 773.525, 106.045, -55.3, 0, 0, 0
L 770.125, 107.545, -55.3, 773.525, 107.545, -55.3, 0, 0, 0
L 769.525, 108.045, -55.3, 770.125, 107.545, -55.3, 0, 0, 0
L 769.525, 191.745, -42.5, 769.525, 108.045, -55.3, 0, 0, 0
L 756.325, 204.945, -42.5, 769.525, 191.745, -42.5, 0, 0, 0
L 756.325, 149.445, -55.3, 756.325, 204.945, -42.5, 0, 0, 0
L 938.225, 80.145, -68.4, 938.225, 121.445, -68.1, 139, 69, 19
L 826.125, -45.755, -55.0, 826.225, 65.945, -55.3, 139, 69, 19
L 1021.625, -45.655, -55.3, 826.125, -45.755, -55.0, 139, 69, 19
L 1022.225, -46.255, -55.6, 1021.625, -45.655, -55.3, 139, 69, 19
L 1022.325, -73.955, -56.0, 1022.225, -46.255, -55.6, 139, 69, 19
L 881.925, -72.355, -55.3, 1022.325, -73.955, -56.0, 139, 69, 19
L 881.525, -115.655, -55.3, 874.725, -115.655, -55.2, 0, 0, 0
L 882.225, -116.255, -55.4, 881.525, -115.655, -55.3, 0, 0, 0
L 882.225, -153.655, -55.3, 882.225, -116.255, -55.4, 0, 0, 0
L 882.225, -167.655, -55.3, 882.225, -164.255, -55.3, 0, 0, 0
L 883.525, -167.655, -55.3, 882.225, -167.655, -55.3, 0, 0, 0
L 884.225, -168.255, -55.3, 883.525, -167.655, -55.3, 0, 0, 0
L 884.225, -169.555, -55.3, 884.225, -168.255, -55.3, 0, 0, 0
L 883.425, -170.355, -54.3, 884.225, -169.555, -55.3, 0, 0, 0
L 880.025, -170.355, -54.3, 881.925, -170.355, -54.3, 0, 0, 0
L 879.425, -169.855, -55.3, 880.025, -170.355, -54.3, 0, 0, 0
L 879.425, -162.355, -55.3, 879.425, -169.855, -55.3, 0, 0, 0
L 878.225, -162.355, -55.3, 879.425, -162.355, -55.3, 0, 0, 0
L 877.425, -161.855, -55.3, 878.225, -162.355, -55.3, 0, 0, 0
L 877.425, -158.255, -55.3, 877.425, -161.855, -55.3, 0, 0, 0
L 878.025, -157.655, -55.3, 877.425, -158.255, -55.3, 0, 0, 0
L 879.425, -157.655, -55.3, 878.025, -157.655, -55.3, 0, 0, 0
L 879.425, -144.355, -55.3, 879.425, -157.655, -55.3, 0, 0, 0
L 848.125, -144.355, -55.3, 879.425, -144.355, -55.3, 205, 133, 63
L 847.525, -143.855, -55.3, 848.125, -144.355, -55.3, 205, 133, 63
L 847.525, -128.255, -55.3, 847.525, -143.855, -55.3, 205, 133, 63
L 848.125, -127.655, -55.3, 847.525, -128.255, -55.3, 205, 133, 63
L 851.825, -127.655, -55.3, 848.125, -127.655, -55.3, 205, 133, 63
L 852.225, -128.355, -55.3, 851.825, -127.655, -55.3, 205, 133, 63
L 852.225, -139.655, -55.3, 852.225, -128.355, -55.3, 205, 133, 63
L 879.425, -139.655, -55.3, 852.225, -139.655, -55.3, 205, 133, 63
L 879.425, -122.355, -55.3, 879.425, -139.655, -55.3, 0, 0, 0
L 876.125, -122.355, -55.3, 879.425, -122.355, -55.3, 0, 0, 0
L 875.425, -121.855, -55.3, 876.125, -122.355, -55.3, 0, 0, 0
L 875.425, -118.355, -55.3, 875.425, -121.855, -55.3, 0, 0, 0
L 828.225, -118.355, -55.3, 875.425, -118.355, -55.3, 0, 0, 0
L 828.225, -121.555, -55.3, 828.225, -118.355, -55.3, 0, 0, 0
L 827.525, -122.355, -55.3, 828.225, -121.555, -55.3, 0, 0, 0
L 826.225, -122.355, -55.3, 827.525, -122.355, -55.3, 0, 0, 0
L 826.225, -145.655, -55.3, 826.225, -122.355, -55.3, 0, 0, 0
L 827.725, -145.655, -55.3, 826.225, -145.655, -55.3, 0, 0, 0
L 828.225, -146.155, -55.3, 827.725, -145.655, -55.3, 0, 0, 0
L 828.225, -149.855, -55.3, 828.225, -146.155, -55.3, 0, 0, 0
L 827.625, -150.355, -55.3, 828.225, -149.855, -55.3, 0, 0, 0
L 824.025, -150.355, -55.3, 827.625, -150.355, -55.3, 0, 0, 0
L 823.525, -149.855, -55.3, 824.025, -150.355, -55.3, 0, 0, 0
L 823.525, -118.355, -55.3, 823.525, -149.855, -55.3, 0, 0, 0
L 790.125, -118.355, -55.3, 823.525, -118.355, -55.3, 0, 0, 0
L 789.525, -117.755, -54.3, 790.125, -118.355, -55.3, 0, 0, 0
L 789.525, -114.255, -54.3, 789.525, -116.055, -54.3, 0, 0, 0
L 790.225, -113.655, -55.3, 789.525, -114.255, -54.3, 0, 0, 0
L 791.625, -113.655, -55.3, 790.225, -113.655, -55.3, 0, 0, 0
L 792.325, -114.255, -55.3, 791.625, -113.655, -55.3, 0, 0, 0
L 792.325, -115.655, -55.3, 792.325, -114.255, -55.3, 0, 0, 0
L 881.025, -115.655, -55.3, 792.325, -115.655, -55.3, 0, 0, 0
L 756.325, -185.655, -55.3, 756.325, 149.445, -55.3, 0, 0, 0
L 769.525, -185.655, -55.3, 756.325, -185.655, -55.3, 0, 0, 0
L 769.525, -116.255, -55.3, 769.525, -185.655, -55.3, 0, 0, 0
L 770.225, -115.655, -55.3, 769.525, -116.255, -55.3, 0, 0, 0
L 777.525, -115.655, -55.3, 770.225, -115.655, -55.3, 0, 0, 0
L 777.525, -114.155, -55.3, 777.525, -115.655, -55.3, 0, 0, 0
L 778.125, -113.655, -55.3, 777.525, -114.155, -55.3, 0, 0, 0
L 779.525, -113.655, -55.3, 778.125, -113.655, -55.3, 0, 0, 0
L 780.325, -114.355, -54.3, 779.525, -113.655, -55.3, 0, 0, 0
L 780.325, -117.755, -54.3, 780.325, -116.055, -54.3, 0, 0, 0
L 779.625, -118.355, -55.3, 780.325, -117.755, -54.3, 0, 0, 0
L 772.325, -118.355, -55.3, 779.625, -118.355, -55.3, 0, 0, 0
L 772.325, -129.655, -55.3, 772.325, -118.355, -55.3, 0, 0, 0
L 811.525, -129.655, -55.3, 772.325, -129.655, -55.3, 0, 0, 0
L 812.225, -130.355, -55.3, 811.525, -129.655, -55.3, 0, 0, 0
L 812.225, -149.855, -55.3, 812.225, -130.355, -55.3, 0, 0, 0
L 811.625, -150.355, -55.3, 812.225, -149.855, -55.3, 0, 0, 0
L 808.025, -150.355, -55.3, 811.625, -150.355, -55.3, 0, 0, 0
L 807.525, -149.755, -55.3, 808.025, -150.355, -55.3, 0, 0, 0
L 807.525, -146.355, -55.3, 807.525, -149.755, -55.3, 0, 0, 0
L 808.125, -145.655, -54.3, 807.525, -146.355, -55.3, 0, 0, 0
L 809.525, -145.655, -54.3, 808.125, -145.655, -54.3, 0, 0, 0
L 772.325, -179.655, -41.3, 772.325, -150.355, -41.3, 0, 204, 0
L 775.725, -179.655, -41.3, 772.325, -179.655, -41.3, 0, 204, 0
L 776.325, -180.355, -41.3, 775.725, -179.655, -41.3, 0, 204, 0
L 776.325, -183.655, -41.3, 776.325, -180.355, -41.3, 0, 204, 0
L 786.525, -183.655, -41.3, 776.325, -183.655, -41.3, 0, 204, 0
L 800.125, -183.655, -27.4, 786.525, -183.655, -41.3, 102, 255, 102
L 823.525, -180.755, -27.4, 823.525, -183.655, -27.4, 102, 255, 102
L 824.025, -179.655, -27.4, 823.525, -180.755, -27.4, 102, 255, 102
L 827.525, -179.655, -27.4, 824.025, -179.655, -27.4, 102, 255, 102
L 828.225, -180.355, -27.4, 827.525, -179.655, -27.4, 102, 255, 102
L 828.225, -183.655, -27.4, 828.225, -180.355, -27.4, 102, 255, 102
L 847.525, -183.655, -27.4, 828.225, -183.655, -27.4, 102, 255, 102
L 847.525, -180.155, -27.4, 847.525, -183.655, -27.4, 102, 255, 102
L 848.025, -179.655, -27.4, 847.525, -180.155, -27.4, 102, 255, 102
L 851.725, -179.655, -27.4, 848.025, -179.655, -27.4, 102, 255, 102
L 852.225, -180.355, -27.4, 851.725, -179.655, -27.4, 102, 255, 102
L 852.225, -183.655, -27.4, 852.225, -180.355, -27.4, 102, 255, 102
L 879.425, -183.655, -27.4, 852.225, -183.655, -27.4, 102, 255, 102
L 879.425, -122.355, -27.4, 879.425, -183.655, -27.4, 102, 255, 102
L 805.225, -172.155, -27.4, 804.725, -171.655, -27.4, 102, 255, 102
L 805.225, -173.855, -27.4, 805.225, -172.155, -27.4, 102, 255, 102
L 804.725, -174.355, -27.4, 805.225, -173.855, -27.4, 102, 255, 102
L 804.625, -174.355, -27.4, 804.725, -174.355, -27.4, 102, 255, 102
L 799.925, -174.355, -27.4, 804.625, -174.355, -27.4, 102, 255, 102
L 786.225, -174.355, -41.3, 799.925, -174.355, -27.4, 102, 255, 102
L 785.525, -173.855, -41.3, 786.225, -174.355, -41.3, 0, 204, 0
L 785.525, -172.355, -41.3, 785.525, -173.855, -41.3, 0, 204, 0
L 786.225, -171.655, -41.3, 785.525, -172.355, -41.3, 0, 204, 0
L 801.625, -171.655, -41.3, 786.225, -171.655, -41.3, 0, 204, 0
L 802.225, -172.255, -41.3, 801.625, -171.655, -41.3, 0, 204, 0
L 802.225, -183.655, -41.3, 802.225, -172.255, -41.3, 0, 204, 0
L 823.525, -183.655, -41.3, 802.225, -183.655, -41.3, 0, 204, 0
L 823.525, -180.255, -41.3, 823.525, -183.655, -41.3, 0, 204, 0
L 824.025, -179.655, -41.3, 823.525, -180.255, -41.3, 0, 204, 0
L 824.725, -179.655, -41.3, 824.025, -179.655, -41.3, 0, 204, 0
L 824.825, -150.355, -41.3, 824.725, -179.655, -41.3, 0, 204, 0
L 789.525, -132.355, -54.3, 789.525, -141.655, -54.3, 0, 0, 0
L 772.325, -132.355, -54.3, 789.525, -132.355, -54.3, 0, 0, 0
L 772.325, -150.355, -55.3, 772.325, -132.355, -54.3, 0, 0, 0
L 772.325, -179.655, -55.3, 772.325, -150.355, -55.3, 0, 0, 0
L 774.825, -179.655, -55.3, 772.325, -179.655, -55.3, 0, 0, 0
L 776.325, -180.455, -55.3, 774.825, -179.655, -55.3, 0, 0, 0
L 776.325, -183.655, -55.3, 776.325, -180.455, -55.3, 0, 0, 0
L 849.525, -179.655, -55.3, 847.525, -183.655, -55.3, 0, 0, 0
L 849.525, -162.355, -55.3, 849.525, -179.655, -55.3, 0, 0, 0
L 848.025, -162.355, -55.3, 849.525, -162.355, -55.3, 0, 0, 0
L 847.525, -161.755, -55.3, 848.025, -162.355, -55.3, 0, 0, 0
L 847.525, -158.255, -55.3, 847.525, -161.755, -55.3, 0, 0, 0
L 848.125, -157.655, -55.3, 847.525, -158.255, -55.3, 0, 0, 0
L 851.725, -157.655, -55.3, 848.125, -157.655, -55.3, 0, 0, 0
L 852.225, -158.155, -55.3, 851.725, -157.655, -55.3, 0, 0, 0
L 852.225, -159.655, -55.3, 852.225, -158.155, -55.3, 0, 0, 0
L 863.625, -159.655, -55.3, 852.225, -159.655, -55.3, 0, 0, 0
L 864.225, -160.255, -55.3, 863.625, -159.655, -55.3, 0, 0, 0
L 864.225, -161.755, -55.3, 864.225, -160.255, -55.3, 0, 0, 0
L 863.725, -162.355, -55.3, 864.225, -161.755, -55.3, 0, 0, 0
L 852.225, -162.355, -55.3, 863.725, -162.355, -55.3, 0, 0, 0
L 852.225, -183.655, -55.3, 852.225, -162.355, -55.3, 0, 0, 0
L 879.425, -183.655, -55.3, 852.225, -183.655, -55.3, 0, 0, 0
L 879.425, -180.555, -55.3, 879.425, -183.655, -55.3, 0, 0, 0
L 880.325, -179.655, -54.3, 879.425, -180.555, -55.3, 0, 0, 0
L 883.425, -179.655, -54.3, 881.925, -179.655, -54.3, 0, 0, 0
L 884.225, -180.255, -55.3, 883.425, -179.655, -54.3, 0, 0, 0
L 884.225, -181.755, -55.3, 884.225, -180.255, -55.3, 0, 0, 0
L 883.625, -182.355, -55.3, 884.225, -181.755, -55.3, 0, 0, 0
L 882.225, -182.355, -55.3, 883.625, -182.355, -55.3, 0, 0, 0
L 882.225, -185.655, -55.3, 882.225, -182.355, -55.3, 0, 0, 0
L 881.725, -186.355, -55.3, 882.225, -185.655, -55.3, 0, 0, 0
L 879.125, -186.355, -55.3, 881.725, -186.355, -55.3, 0, 0, 0
L 42.525, 345.645, -55.3, 51.125, 358.045, -55.3, 0, 0, 0
L 42.525, 305.445, -55.3, 42.525, 345.645, -55.3, 0, 0, 0
L 42.425, 276.145, -55.3, 42.525, 303.445, -55.3, 255, 255, 0
L 1005.425, 346.745, -61.3, 995.225, 346.845, -61.3, 150, 150, 150
L 992.725, 348.845, -62.1, 1007.325, 349.145, -62.3, 150, 150, 150
L 1005.425, 344.645, -62.3, 995.225, 345.145, -62.3, 150, 150, 150
L 994.225, 343.445, -63.4, 1005.825, 343.345, -63.4, 150, 150, 150
L 994.225, 341.245, -64.3, 1007.425, 342.245, -63.4, 150, 150, 150
L 1007.425, 339.445, -65.3, 994.225, 339.445, -65.3, 150, 150, 150
L 994.225, 338.045, -65.8, 1007.425, 336.545, -66.4, 150, 150, 150
L 1007.425, 334.545, -67.3, 994.225, 334.745, -67.3, 150, 150, 150
L 994.225, 332.445, -68.4, 1007.425, 332.445, -68.4, 150, 150, 150
L 993.325, 330.445, -69.3, 1007.425, 329.545, -69.3, 150, 150, 150
L 855.825, 222.145, -111.3, 824.225, 222.145, -111.3, 102, 0, 204
L 856.225, 221.745, -113.1, 855.825, 222.145, -112.0, 102, 0, 204
L 856.225, 220.145, -113.1, 856.225, 221.745, -113.1, 102, 0, 204
L 855.625, 219.445, -111.3, 856.225, 220.145, -113.1, 102, 0, 204
L 852.125, 219.445, -111.3, 855.625, 219.445, -111.3, 102, 0, 204
L 850.225, 213.745, -111.3, 852.125, 219.445, -111.3, 102, 0, 204
L 850.225, 210.045, -111.3, 850.225, 213.745, -111.3, 102, 0, 204
L 861.725, 202.445, -111.3, 850.225, 210.045, -111.3, 102, 0, 204
L 862.125, 202.245, -112.4, 861.725, 202.445, -111.3, 102, 0, 204
L 875.625, 204.145, -107.8, 862.125, 202.245, -112.4, 102, 0, 204
L 883.425, 217.845, -112.8, 875.625, 204.145, -107.8, 102, 0, 204
L 877.525, 231.545, -113.4, 883.425, 217.845, -112.8, 102, 0, 204
L 877.725, 232.145, -112.4, 877.525, 231.545, -113.4, 102, 0, 204
L 885.425, 239.945, -112.7, 877.725, 232.145, -112.4, 102, 0, 204
L 886.125, 240.145, -112.4, 885.425, 239.945, -112.7, 102, 0, 204
L 895.725, 240.145, -112.4, 886.125, 240.145, -112.4, 102, 0, 204
L 896.325, 239.745, -112.8, 895.725, 240.145, -112.4, 102, 0, 204
L 904.125, 224.145, -112.4, 896.325, 239.745, -112.8, 102, 0, 204
L 921.125, 218.445, -112.4, 904.125, 224.145, -112.4, 102, 0, 204
L 938.025, 192.245, -99.4, 921.125, 218.445, -112.4, 102, 0, 204
L 951.625, 192.245, -95.8, 938.025, 192.245, -99.4, 102, 0, 204
L 965.625, 192.245, -89.0, 951.625, 192.245, -95.8, 102, 0, 204
L 978.225, 217.445, -81.4, 965.625, 192.245, -89.0, 102, 0, 204
L 977.425, 217.945, -81.9, 978.225, 217.445, -81.4, 102, 0, 204
L 977.425, 219.545, -81.9, 977.425, 217.945, -81.9, 102, 0, 204
L 977.425, 220.145, -83.2, 977.425, 219.545, -81.9, 102, 0, 204
L 977.425, 221.645, -82.8, 977.425, 220.145, -83.2, 102, 0, 204
L 978.025, 222.145, -82.6, 977.425, 221.645, -82.8, 102, 0, 204
L 980.225, 222.145, -82.6, 978.025, 222.145, -82.6, 102, 0, 204
L 993.325, 261.445, -70.7, 980.225, 222.145, -82.6, 102, 0, 204
L 1007.425, 289.845, -69.3, 993.325, 261.445, -70.7, 102, 0, 204
L 1007.425, 342.245, -63.4, 1007.425, 289.845, -69.3, 102, 0, 204
L 1005.825, 343.345, -63.4, 1007.425, 342.245, -63.4, 102, 0, 204
L 1005.425, 343.945, -62.3, 1005.825, 343.345, -63.4, 102, 0, 204
L 1005.425, 347.645, -61.5, 1005.425, 343.945, -62.3, 102, 0, 204
L 1005.925, 348.245, -61.5, 1005.425, 347.645, -61.5, 102, 0, 204
L 1006.425, 348.645, -61.5, 1005.925, 348.245, -61.5, 102, 0, 204
L 1007.425, 349.345, -62.3, 1006.425, 348.645, -61.5, 102, 0, 204
L 1007.425, 373.545, -62.3, 1007.425, 349.345, -62.3, 102, 0, 204
L 1007.625, 374.145, -63.5, 1007.425, 373.545, -62.3, 102, 0, 204
L 1021.225, 401.445, -67.3, 1007.625, 374.145, -63.5, 102, 0, 204
L 1021.725, 402.145, -67.0, 1021.225, 401.445, -67.3, 102, 0, 204
L 1035.425, 415.945, -64.4, 1021.725, 402.145, -67.0, 102, 0, 204
L 1035.425, 443.145, -69.4, 1035.425, 443.045, -69.3, 150, 100, 0
L 1077.925, 513.345, -70.4, 1053.825, 513.345, -69.2, 102, 0, 204
L 1063.625, 444.145, -64.4, 1036.325, 444.145, -70.0, 102, 0, 204
L 1064.125, 444.645, -66.8, 1063.625, 444.145, -64.4, 102, 0, 204
L 1077.425, 457.845, -64.4, 1064.125, 444.645, -66.8, 102, 0, 204
L 1077.425, 462.045, -65.2, 1077.425, 457.845, -64.4, 102, 0, 204
L 1077.525, 486.045, -70.4, 1077.425, 462.045, -65.8, 102, 0, 204
L 1063.525, 457.445, -69.3, 1077.525, 486.045, -70.4, 0, 0, 255
L 1036.525, 444.145, -69.0, 1063.525, 457.445, -69.3, 0, 0, 255
L 1035.425, 443.045, -69.3, 1035.425, 415.945, -64.4, 102, 0, 204
L 1035.425, 443.045, -69.3, 1036.525, 444.145, -69.0, 0, 0, 255
L 1021.525, 415.645, -69.3, 1035.425, 443.045, -69.3, 0, 0, 255
L 1007.725, 415.845, -69.3, 1021.525, 415.645, -69.3, 0, 0, 255
L 993.925, 457.845, -69.3, 1007.725, 415.845, -69.3, 0, 0, 255
L 1021.725, 486.045, -69.2, 993.925, 457.845, -69.3, 0, 0, 255
L 1030.425, 502.545, -69.1, 1021.725, 486.045, -69.2, 0, 0, 255
L 1037.525, 502.445, -69.0, 1030.425, 502.545, -69.1, 0, 0, 255
L 1053.825, 513.345, -69.2, 1037.525, 502.445, -69.0, 0, 0, 255
L 1021.925, 513.345, -59.0, 1053.825, 513.345, -69.8, 102, 0, 204
L 1018.025, 509.345, -63.2, 1021.925, 513.345, -59.0, 102, 0, 204
L 1006.925, 498.345, -61.5, 1018.025, 509.345, -63.2, 102, 0, 204
L 988.525, 479.845, -61.5, 1006.925, 498.345, -61.5, 102, 0, 204
L 984.525, 475.945, -59.6, 988.525, 479.845, -61.5, 102, 0, 204
L 980.225, 471.545, -61.5, 984.525, 475.945, -59.6, 102, 0, 204
L 980.225, 457.945, -65.3, 980.225, 471.545, -61.5, 102, 0, 204
L 980.225, 402.045, -65.1, 980.225, 457.945, -65.3, 102, 0, 204
L 980.225, 401.545, -67.3, 980.225, 402.045, -65.1, 102, 0, 204
L 980.225, 373.945, -63.1, 980.225, 401.545, -67.3, 102, 0, 204
L 993.025, 348.145, -62.1, 980.225, 373.945, -63.1, 102, 0, 204
L 994.525, 348.145, -62.0, 993.025, 348.145, -62.1, 102, 0, 204
L 995.225, 347.645, -62.0, 994.525, 348.145, -62.0, 102, 0, 204
L 995.225, 344.145, -62.3, 995.225, 347.645, -62.0, 102, 0, 204
L 994.225, 343.445, -63.4, 995.225, 344.145, -62.3, 102, 0, 204
L 994.125, 331.645, -69.0, 994.225, 343.445, -63.4, 102, 0, 204
L 966.225, 289.645, -69.3, 994.125, 331.645, -69.0, 102, 0, 204
L 966.225, 262.045, -69.3, 966.225, 289.645, -69.3, 102, 0, 204
L 966.225, 222.145, -82.6, 966.225, 262.045, -69.3, 102, 0, 204
L 967.625, 222.245, -82.6, 966.225, 222.145, -82.6, 102, 0, 204
L 968.225, 221.545, -82.8, 967.625, 222.245, -82.6, 102, 0, 204
L 968.225, 219.945, -83.3, 968.225, 221.545, -82.8, 102, 0, 204
L 963.925, 217.445, -90.0, 968.225, 219.945, -83.3, 102, 0, 204
L 952.725, 206.145, -96.8, 963.925, 217.445, -90.0, 102, 0, 204
L 951.425, 205.745, -99.9, 952.725, 206.145, -96.8, 102, 0, 204
L 939.625, 233.345, -111.2, 951.425, 205.745, -99.9, 102, 0, 204
L 939.425, 233.945, -113.2, 939.625, 233.345, -111.2, 102, 0, 204
L 939.425, 251.645, -113.8, 939.425, 233.945, -113.2, 102, 0, 204
L 921.825, 263.345, -114.0, 939.425, 251.645, -113.8, 102, 0, 204
L 900.725, 253.845, -113.4, 921.825, 263.345, -114.0, 102, 0, 204
L 899.625, 253.345, -112.9, 900.725, 253.845, -113.4, 102, 0, 204
L 890.125, 249.545, -112.7, 899.625, 253.345, -112.9, 102, 0, 204
L 889.425, 249.545, -113.1, 890.125, 249.545, -112.7, 102, 0, 204
L 872.025, 253.445, -113.0, 889.425, 249.545, -113.1, 102, 0, 204
L 866.225, 245.745, -112.6, 872.025, 253.445, -113.0, 102, 0, 204
L 866.225, 238.045, -112.4, 866.225, 245.745, -113.2, 102, 0, 204
L 865.825, 237.445, -113.7, 866.225, 238.045, -112.4, 102, 0, 204
L 864.125, 237.445, -113.7, 865.825, 237.445, -113.7, 102, 0, 204
L 863.525, 238.145, -111.3, 864.125, 237.445, -113.7, 102, 0, 204
L 863.525, 263.445, -111.3, 863.525, 238.145, -111.3, 102, 0, 204
L 824.225, 263.445, -111.3, 863.525, 263.445, -111.3, 102, 0, 204
L 250.425, 35.545, -97.3, 253.825, 35.545, -97.3, 102, 0, 204
L 249.725, 35.745, -97.3, 250.425, 35.545, -97.3, 102, 0, 204
L 248.025, 37.445, -97.3, 249.725, 35.745, -97.3, 102, 0, 204
L 248.425, 38.245, -98.3, 248.025, 37.445, -97.3, 102, 0, 204
L 259.925, 38.245, -99.0, 248.425, 38.245, -98.3, 102, 0, 204
L 267.725, 46.045, -98.3, 259.925, 38.245, -99.0, 102, 0, 204
L 268.225, 46.345, -99.0, 267.725, 46.045, -98.3, 102, 0, 204
L 289.825, 52.245, -101.3, 268.225, 46.345, -99.0, 102, 0, 204
L 290.025, 52.545, -104.3, 289.825, 52.245, -101.3, 102, 0, 204
L 301.725, 73.945, -104.3, 290.025, 52.545, -104.3, 102, 0, 204
L 301.725, 95.645, -104.3, 301.725, 73.945, -104.3, 102, 0, 204
L 301.325, 96.245, -105.3, 301.725, 95.645, -104.3, 102, 0, 204
L 285.925, 113.545, -105.3, 301.325, 96.245, -105.3, 102, 0, 204
L 285.625, 113.445, -106.3, 285.925, 113.545, -105.3, 102, 0, 204
L 256.325, 111.545, -109.3, 285.625, 113.445, -106.3, 102, 0, 204
L 255.625, 112.045, -111.3, 256.325, 111.545, -109.3, 102, 0, 204
L 243.925, 137.445, -112.0, 255.625, 112.045, -111.3, 102, 0, 204
L 234.225, 137.445, -111.3, 243.925, 137.445, -112.0, 102, 0, 204
L 233.725, 137.945, -111.3, 234.225, 137.445, -111.3, 102, 0, 204
L 233.725, 139.545, -111.3, 233.725, 138.745, -111.3, 102, 0, 204
L 234.225, 140.245, -111.3, 233.725, 139.545, -111.3, 102, 0, 204
L 255.725, 140.245, -111.3, 234.225, 140.245, -111.3, 102, 0, 204
L 255.725, 155.645, -111.3, 255.725, 140.245, -111.3, 102, 0, 204
L 256.325, 156.245, -111.3, 255.725, 155.645, -111.3, 102, 0, 204
L 257.925, 156.245, -111.3, 257.025, 156.245, -111.3, 102, 0, 204
L 258.425, 155.645, -111.3, 257.925, 156.245, -111.3, 102, 0, 204
L 258.425, 128.245, -108.3, 258.425, 155.645, -111.3, 102, 0, 204
L 291.725, 128.245, -111.3, 258.425, 128.245, -108.3, 102, 0, 204
L 291.725, 175.445, -106.1, 291.725, 128.245, -111.3, 102, 0, 204
L 258.425, 175.445, -111.3, 291.725, 175.445, -106.1, 102, 0, 204
L 258.425, 166.045, -111.3, 258.425, 175.445, -111.3, 102, 0, 204
L 257.825, 165.445, -111.3, 258.425, 166.045, -111.3, 102, 0, 204
L 256.225, 165.445, -111.3, 257.025, 165.445, -111.3, 102, 0, 204
L 255.725, 166.145, -111.3, 256.225, 165.445, -111.3, 102, 0, 204
L 255.725, 175.445, -111.3, 255.725, 166.145, -111.3, 102, 0, 204
L 202.525, 175.445, -111.3, 255.725, 175.445, -111.3, 102, 0, 204
L 202.525, 140.245, -111.3, 202.525, 175.445, -111.3, 102, 0, 204
L 223.825, 140.245, -111.3, 202.525, 140.245, -111.3, 102, 0, 204
L 224.525, 139.745, -111.3, 223.825, 140.245, -111.3, 102, 0, 204
L 224.525, 138.045, -111.3, 224.525, 139.745, -111.3, 102, 0, 204
L 223.825, 137.445, -111.3, 224.525, 138.045, -111.3, 102, 0, 204
L 212.325, 137.445, -111.3, 223.825, 137.445, -111.3, 102, 0, 204
L 191.025, 111.745, -111.3, 212.325, 137.445, -111.3, 102, 0, 204
L 168.625, 79.945, -111.3, 191.025, 111.745, -111.3, 102, 0, 204
L 167.825, 79.545, -111.3, 168.625, 79.945, -111.3, 102, 0, 204
L 140.325, 79.545, -111.3, 167.825, 79.545, -111.3, 102, 0, 204
L 112.525, 51.745, -111.3, 140.325, 79.545, -111.3, 102, 0, 204
L 112.525, 24.145, -111.3, 112.525, 51.745, -111.3, 102, 0, 204
L 112.125, 23.445, -111.3, 112.525, 24.145, -111.3, 102, 0, 204
L 70.425, 9.545, -111.3, 112.125, 23.445, -111.3, 102, 0, 204
L 56.625, -4.255, -111.3, 70.425, 9.545, -111.3, 102, 0, 204
L 55.725, -3.955, -111.3, 56.625, -4.255, -111.3, 102, 0, 204
L 42.025, 23.445, -111.3, 55.725, -3.955, -111.3, 102, 0, 204
L 42.125, 24.345, -111.3, 42.025, 23.445, -111.3, 102, 0, 204
L 69.825, 52.045, -111.3, 42.125, 24.345, -111.3, 102, 0, 204
L 69.825, 135.645, -124.4, 69.825, 52.045, -111.3, 102, 0, 204
L 69.925, 136.145, -125.3, 69.825, 135.645, -124.4, 102, 0, 204
L 97.725, 163.945, -125.3, 69.925, 136.145, -125.3, 102, 0, 204
L 98.525, 164.245, -125.4, 97.725, 163.945, -125.3, 102, 0, 204
L 136.725, 164.245, -137.4, 98.525, 164.245, -125.4, 102, 0, 204
L 154.025, 164.245, -139.3, 136.725, 164.245, -137.4, 102, 0, 204
L 223.625, 233.845, -139.3, 154.025, 164.245, -139.3, 102, 0, 204
L 224.525, 234.145, -139.3, 223.625, 233.845, -139.3, 102, 0, 204
L 433.725, 234.145, -139.3, 224.525, 234.145, -139.3, 102, 0, 204
L 434.225, 234.145, -138.4, 433.725, 234.145, -139.3, 102, 0, 204
L 490.025, 220.145, -131.9, 434.225, 234.145, -138.4, 102, 0, 204
L 545.725, 220.145, -125.3, 490.025, 220.145, -131.9, 102, 0, 204
L 546.525, 219.845, -125.3, 545.725, 220.145, -125.3, 102, 0, 204
L 559.925, 206.345, -125.3, 546.525, 219.845, -125.3, 102, 0, 204
L 560.325, 205.745, -125.3, 559.925, 206.345, -125.3, 102, 0, 204
L 560.325, 178.045, -125.3, 560.325, 205.745, -125.3, 102, 0, 204
L 602.125, 150.245, -125.3, 560.325, 178.045, -125.3, 102, 0, 204
L 629.525, 150.245, -125.3, 602.125, 150.245, -125.3, 102, 0, 204
L 630.425, 149.945, -124.3, 629.525, 150.245, -125.3, 102, 0, 204
L 658.125, 122.245, -119.2, 630.425, 149.945, -124.3, 102, 0, 204
L 727.725, 122.245, -111.3, 658.125, 122.245, -119.2, 102, 0, 204
L 755.525, 150.045, -111.3, 727.725, 122.245, -111.3, 102, 0, 204
L 755.525, 219.545, -111.3, 755.525, 150.045, -111.3, 102, 0, 204
L 756.025, 220.345, -111.4, 755.525, 219.545, -111.3, 102, 0, 204
L 779.525, 238.045, -111.4, 756.025, 220.345, -111.4, 102, 0, 204
L 780.125, 238.145, -111.4, 779.525, 238.045, -111.4, 102, 0, 204
L 787.725, 236.245, -111.4, 780.125, 238.145, -111.4, 102, 0, 204
L 788.225, 235.945, -111.7, 787.725, 236.245, -111.4, 102, 0, 204
L 793.825, 224.845, -111.4, 788.225, 235.945, -111.7, 102, 0, 204
L 794.225, 223.745, -111.3, 793.825, 224.845, -111.4, 102, 0, 204
L 796.225, 208.145, -108.7, 794.225, 223.745, -111.3, 102, 0, 204
L 788.525, 196.145, -104.9, 796.225, 208.145, -108.7, 102, 0, 204
L 786.325, 179.945, -100.3, 788.525, 196.145, -104.9, 102, 0, 204
L 792.225, 168.145, -98.3, 786.325, 179.945, -100.3, 102, 0, 204
L 801.725, 164.345, -97.4, 792.225, 168.145, -98.3, 102, 0, 204
L 802.325, 163.745, -97.3, 801.725, 164.345, -97.4, 102, 0, 204
L 808.525, 148.245, -97.3, 802.325, 163.745, -97.3, 102, 0, 204
L 811.625, 148.245, -97.3, 808.525, 148.245, -97.3, 102, 0, 204
L 812.225, 147.645, -97.3, 811.625, 148.245, -97.3, 102, 0, 204
L 812.225, 144.145, -97.3, 812.225, 147.645, -97.3, 102, 0, 204
L 811.825, 143.445, -97.3, 812.225, 144.145, -97.3, 102, 0, 204
L 819.925, 140.245, -98.0, 811.825, 143.445, -97.3, 102, 0, 204
L 824.225, 139.745, -97.3, 823.725, 140.245, -97.3, 102, 0, 204
L 824.225, 138.045, -97.3, 824.225, 138.845, -97.3, 102, 0, 204
L 823.625, 137.445, -97.3, 824.225, 138.045, -97.3, 102, 0, 204
L 804.225, 137.445, -97.3, 823.625, 137.445, -97.3, 102, 0, 204
L 804.225, 105.045, -97.3, 804.225, 137.445, -97.3, 102, 0, 204
L 847.525, 104.845, -97.3, 804.225, 105.045, -97.3, 102, 0, 204
L 847.525, 115.645, -97.3, 847.525, 104.845, -97.3, 102, 0, 204
L 848.025, 116.245, -97.3, 847.525, 115.645, -97.3, 102, 0, 204
L 849.625, 116.245, -97.3, 848.825, 116.245, -97.3, 102, 0, 204
L 850.225, 115.645, -97.3, 849.625, 116.245, -97.3, 102, 0, 204
L 850.225, 104.245, -97.3, 850.225, 115.645, -97.3, 102, 0, 204
L 875.425, 104.245, -95.4, 850.225, 104.245, -97.3, 102, 0, 204
L 875.425, 137.445, -97.3, 875.425, 104.245, -95.4, 102, 0, 204
L 850.225, 137.445, -97.3, 875.425, 137.445, -97.3, 102, 0, 204
L 849.725, 125.445, -97.3, 850.225, 126.045, -97.3, 102, 0, 204
L 848.125, 125.445, -97.3, 849.725, 125.445, -97.3, 102, 0, 204
L 847.525, 126.045, -97.3, 848.125, 125.445, -97.3, 102, 0, 204
L 847.525, 137.445, -97.3, 847.525, 126.045, -97.3, 102, 0, 204
L 834.125, 137.445, -97.3, 847.525, 137.445, -97.3, 102, 0, 204
L 833.525, 138.145, -97.3, 834.125, 137.445, -97.3, 102, 0, 204
L 833.525, 139.645, -97.3, 833.525, 138.845, -97.3, 102, 0, 204
L 834.225, 140.245, -97.3, 833.525, 139.645, -97.3, 102, 0, 204
L 837.725, 140.245, -97.3, 834.225, 140.245, -97.3, 102, 0, 204
L 843.525, 144.745, -97.3, 837.725, 140.245, -97.3, 102, 0, 204
L 843.525, 147.545, -97.3, 843.525, 144.745, -97.3, 102, 0, 204
L 844.225, 148.245, -97.3, 843.525, 147.545, -97.3, 102, 0, 204
L 848.025, 148.245, -97.3, 844.225, 148.245, -97.3, 102, 0, 204
L 855.525, 167.745, -97.3, 848.025, 148.245, -97.3, 102, 0, 204
L 851.725, 173.445, -97.3, 855.525, 167.745, -97.3, 102, 0, 204
L 857.525, 189.945, -97.3, 858.125, 189.445, -96.3, 102, 0, 204
L 857.525, 191.645, -97.3, 857.525, 189.945, -97.3, 102, 0, 204
L 845.825, 197.445, -97.3, 857.525, 191.645, -97.3, 102, 0, 204
L 844.125, 197.445, -97.3, 845.825, 197.445, -97.3, 102, 0, 204
L 843.525, 198.045, -97.3, 844.125, 197.445, -97.3, 102, 0, 204
L 843.525, 198.645, -97.3, 843.525, 198.045, -97.3, 102, 0, 204
L 841.825, 199.445, -97.3, 843.525, 198.645, -97.3, 102, 0, 204
L 834.025, 199.445, -97.3, 841.825, 199.445, -97.3, 102, 0, 204
L 818.125, 189.545, -97.3, 834.025, 199.445, -97.3, 102, 0, 204
L 806.225, 175.645, -97.3, 818.125, 189.545, -97.3, 102, 0, 204
L 805.325, 175.945, -97.5, 806.225, 175.645, -97.3, 102, 0, 204
L 801.925, 179.245, -98.4, 805.325, 175.945, -97.5, 102, 0, 204
L 801.525, 180.045, -100.7, 801.925, 179.245, -98.4, 102, 0, 204
L 803.525, 193.745, -103.3, 801.525, 180.045, -100.7, 102, 0, 204
L 803.725, 194.245, -104.5, 803.525, 193.745, -103.3, 102, 0, 204
L 811.425, 207.745, -107.3, 803.725, 194.245, -104.5, 102, 0, 204
L 811.525, 208.145, -108.7, 811.425, 207.745, -107.3, 102, 0, 204
L 811.525, 223.645, -111.3, 811.525, 208.145, -108.7, 102, 0, 204
L 811.825, 224.245, -111.4, 811.525, 223.645, -111.3, 102, 0, 204
L 821.525, 230.045, -112.2, 811.825, 224.245, -111.4, 102, 0, 204
L 809.825, 263.445, -112.6, 821.525, 257.545, -113.0, 102, 0, 204
L 790.125, 257.445, -112.4, 809.825, 263.445, -112.6, 102, 0, 204
L 789.625, 257.545, -112.0, 790.125, 257.445, -112.4, 102, 0, 204
L 769.925, 261.445, -112.1, 789.625, 257.545, -112.0, 102, 0, 204
L 746.225, 259.445, -112.5, 769.925, 261.445, -112.1, 102, 0, 204
L 738.225, 235.545, -111.3, 746.225, 259.445, -112.5, 102, 0, 204
L 728.325, 205.845, -111.3, 738.225, 235.545, -111.3, 102, 0, 204
L 742.125, 178.245, -111.3, 728.325, 205.845, -111.3, 102, 0, 204
L 742.025, 177.445, -111.3, 742.125, 178.245, -111.3, 102, 0, 204
L 714.225, 163.545, -111.3, 742.025, 177.445, -111.3, 102, 0, 204
L 700.425, 135.945, -111.3, 714.225, 163.545, -111.3, 102, 0, 204
L 699.425, 135.845, -111.4, 700.425, 135.945, -111.3, 102, 0, 204
L 657.825, 177.445, -119.2, 699.425, 135.845, -111.4, 102, 0, 204
L 630.225, 177.445, -124.4, 657.825, 177.445, -119.2, 102, 0, 204
L 629.625, 177.645, -125.3, 630.225, 177.445, -124.4, 102, 0, 204
L 587.925, 205.445, -125.3, 629.625, 177.645, -125.3, 102, 0, 204
L 587.625, 205.945, -125.3, 587.925, 205.445, -125.3, 102, 0, 204
L 587.625, 233.545, -125.3, 587.625, 205.945, -125.3, 102, 0, 204
L 559.925, 247.445, -125.3, 587.625, 233.545, -125.3, 102, 0, 204
L 434.925, 247.445, -138.3, 559.925, 247.445, -125.3, 102, 0, 204
L 433.725, 247.445, -139.3, 434.925, 247.445, -138.3, 102, 0, 204
L 294.325, 247.445, -139.3, 433.725, 247.445, -139.3, 102, 0, 204
L 293.725, 247.545, -139.3, 294.325, 247.445, -139.3, 102, 0, 204
L 252.025, 275.445, -139.3, 293.725, 247.545, -139.3, 102, 0, 204
L 210.325, 275.445, -139.3, 252.025, 275.445, -139.3, 102, 0, 204
L 168.525, 219.645, -139.3, 210.325, 275.445, -139.3, 102, 0, 204
L 168.525, 206.045, -139.3, 168.525, 219.645, -139.3, 102, 0, 204
L 168.225, 205.445, -139.3, 168.525, 206.045, -139.3, 102, 0, 204
L 140.425, 177.645, -139.3, 168.225, 205.445, -139.3, 102, 0, 204
L 139.925, 177.445, -138.3, 140.425, 177.645, -139.3, 102, 0, 204
L 98.225, 177.445, -125.3, 139.925, 177.445, -138.3, 102, 0, 204
L 70.425, 177.445, -125.3, 98.225, 177.445, -125.3, 102, 0, 204
L 56.525, 149.745, -125.3, 70.425, 177.445, -125.3, 102, 0, 204
L 56.525, 136.145, -125.3, 56.525, 149.745, -125.3, 102, 0, 204
L 56.525, 135.545, -124.4, 56.525, 136.145, -125.3, 102, 0, 204
L 56.525, 80.145, -111.4, 56.525, 135.545, -124.4, 102, 0, 204
L 56.025, 79.445, -111.3, 56.525, 80.145, -111.4, 102, 0, 204
L 17.025, 66.445, -111.3, 56.025, 79.445, -111.3, 102, 0, 204
L 14.425, 65.545, -111.3, 17.025, 66.445, -111.3, 102, 0, 204
L -13.375, 23.845, -111.3, 14.425, 65.545, -111.3, 102, 0, 204
L -14.275, 23.745, -110.3, -13.375, 23.845, -111.3, 102, 0, 204
L -55.975, 51.545, -104.8, -14.275, 23.745, -110.3, 102, 0, 204
L -83.875, 65.545, -101.0, -55.975, 51.545, -104.8, 102, 0, 204
L -111.775, 65.545, -97.3, -83.875, 65.545, -101.0, 102, 0, 204
L -139.575, 65.545, -97.3, -111.775, 65.545, -97.3, 102, 0, 204
L -167.275, 37.845, -97.3, -139.575, 65.545, -97.3, 102, 0, 204
L -167.875, 37.545, -97.3, -167.275, 37.845, -97.3, 102, 0, 204
L -209.475, 37.545, -97.3, -167.875, 37.545, -97.3, 102, 0, 204
L -210.175, 38.045, -97.3, -209.475, 37.545, -97.3, 102, 0, 204
L -237.875, 93.345, -97.3, -210.175, 38.045, -97.3, 102, 0, 204
L -238.075, 94.145, -97.3, -237.875, 93.345, -97.3, 102, 0, 204
L -238.075, 107.645, -97.3, -238.075, 94.145, -97.3, 102, 0, 204
L -237.575, 108.245, -97.3, -238.075, 107.645, -97.3, 102, 0, 204
L -223.875, 108.245, -97.3, -237.575, 108.245, -97.3, 102, 0, 204
L -196.175, 135.945, -97.3, -223.875, 108.245, -97.3, 102, 0, 204
L -195.675, 136.245, -97.3, -196.175, 135.945, -97.3, 102, 0, 204
L -181.875, 136.245, -97.3, -195.675, 136.245, -97.3, 102, 0, 204
L -154.075, 164.045, -97.3, -181.875, 136.245, -97.3, 102, 0, 204
L -153.575, 164.245, -96.2, -154.075, 164.045, -97.3, 102, 0, 204
L -125.875, 164.245, -87.3, -153.575, 164.245, -96.2, 102, 0, 204
L -97.975, 178.145, -78.4, -125.875, 164.245, -87.3, 102, 0, 204
L -70.175, 205.945, -69.5, -97.975, 178.145, -78.4, 102, 0, 204
L -69.575, 206.145, -69.3, -70.175, 205.945, -69.5, 102, 0, 204
L -55.975, 206.145, -69.3, -69.575, 206.145, -69.3, 102, 0, 204
L -42.175, 219.945, -69.3, -55.975, 206.145, -69.3, 102, 0, 204
L -42.175, 261.645, -69.3, -42.175, 219.945, -69.3, 102, 0, 204
L -41.875, 262.245, -69.3, -42.175, 261.645, -69.3, 102, 0, 204
L -14.275, 289.845, -69.3, -41.875, 262.245, -69.3, 102, 0, 204
L -13.475, 290.045, -68.4, -14.275, 289.845, -69.3, 102, 0, 204
L 14.225, 276.245, -59.7, -13.475, 290.045, -68.4, 102, 0, 204
L 25.825, 276.145, -56.1, 14.225, 276.245, -59.7, 102, 0, 204
L 25.825, 277.545, -56.1, 25.825, 276.145, -56.1, 102, 0, 204
L 26.325, 278.145, -55.9, 25.825, 277.545, -56.1, 102, 0, 204
L 29.925, 278.145, -55.3, 26.325, 278.145, -55.9, 102, 0, 204
L 30.525, 277.645, -55.3, 29.925, 278.145, -55.3, 102, 0, 204
L 30.525, 276.145, -55.3, 30.525, 277.645, -55.3, 102, 0, 204
L 30.525, 303.445, -55.3, 40.225, 303.445, -55.3, 102, 0, 204
L 30.525, 302.045, -55.3, 30.525, 303.445, -55.3, 102, 0, 204
L 29.925, 301.445, -55.3, 30.525, 302.045, -55.3, 102, 0, 204
L 26.425, 301.445, -55.9, 29.925, 301.445, -55.3, 102, 0, 204
L 25.825, 301.845, -56.1, 26.425, 301.445, -55.9, 102, 0, 204
L 25.825, 303.445, -56.1, 25.825, 301.945, -56.1, 102, 0, 204
L 26.625, 301.445, -55.8, 29.825, 301.445, -55.3, 102, 0, 204
L 25.825, 301.945, -56.1, 25.825, 301.845, -56.1, 102, 0, 204
L 25.825, 301.945, -56.1, 26.625, 301.445, -55.8, 102, 0, 204
L -13.475, 303.445, -68.4, 25.825, 303.445, -56.1, 102, 0, 204
L -27.575, 303.445, -69.3, -13.475, 303.445, -68.4, 102, 0, 204
L -55.375, 275.645, -69.3, -27.575, 303.445, -69.3, 102, 0, 204
L -55.375, 262.145, -69.3, -55.375, 275.645, -69.3, 102, 0, 204
L -55.575, 261.445, -69.3, -55.375, 262.145, -69.3, 102, 0, 204
L -69.275, 233.845, -69.3, -55.575, 261.445, -69.3, 102, 0, 204
L -69.775, 233.445, -69.3, -69.275, 233.845, -69.3, 102, 0, 204
L -125.475, 219.445, -87.2, -69.775, 233.445, -69.3, 102, 0, 204
L -125.575, 219.445, -87.2, -125.475, 219.445, -87.2, 102, 0, 204
L -153.375, 191.645, -96.1, -125.575, 219.445, -87.2, 102, 0, 204
L -154.075, 191.445, -97.3, -153.375, 191.645, -96.1, 102, 0, 204
L -167.575, 191.445, -97.3, -154.075, 191.445, -97.3, 102, 0, 204
L -195.275, 163.845, -97.3, -167.575, 191.445, -97.3, 102, 0, 204
L -195.775, 163.445, -97.3, -195.275, 163.845, -97.3, 102, 0, 204
L -223.375, 149.545, -97.3, -195.775, 163.445, -97.3, 102, 0, 204
L -237.275, 121.945, -97.3, -223.375, 149.545, -97.3, 102, 0, 204
L -237.975, 121.645, -97.3, -237.275, 121.945, -97.3, 102, 0, 204
L -265.675, 135.445, -97.3, -237.975, 121.645, -97.3, 102, 0, 204
L -293.375, 121.545, -97.3, -265.675, 135.445, -97.3, 102, 0, 204
L -307.275, 93.845, -97.3, -293.375, 121.545, -97.3, 102, 0, 204
L -293.475, 66.345, -97.3, -307.275, 93.845, -97.3, 102, 0, 204
L -293.575, 65.445, -97.3, -293.475, 66.345, -97.3, 102, 0, 204
L -307.175, 51.845, -97.3, -293.575, 65.445, -97.3, 102, 0, 204
L -307.875, 51.545, -97.3, -307.175, 51.845, -97.3, 102, 0, 204
L -335.375, 51.545, -97.3, -307.875, 51.545, -97.3, 102, 0, 204
L -335.975, 51.645, -97.3, -335.375, 51.545, -97.3, 102, 0, 204
L -363.775, 79.445, -97.3, -335.975, 51.645, -97.3, 102, 0, 204
L -363.975, 80.045, -97.3, -363.775, 79.445, -97.3, 102, 0, 204
L -363.975, 121.745, -97.3, -363.975, 80.045, -97.3, 102, 0, 204
L -377.275, 107.745, -97.3, -377.675, 108.445, -97.3, 102, 0, 204
L -377.275, 66.045, -97.3, -377.275, 107.745, -97.3, 102, 0, 204
L -349.475, 38.245, -97.3, -377.275, 66.045, -97.3, 102, 0, 204
L -307.775, 38.245, -97.3, -349.475, 38.245, -97.3, 102, 0, 204
L -307.275, 37.945, -97.3, -307.775, 38.245, -97.3, 102, 0, 204
L -293.375, 10.145, -97.3, -307.275, 37.945, -97.3, 102, 0, 204
L -265.575, -3.755, -97.3, -293.375, 10.145, -97.3, 102, 0, 204
L -251.775, -3.755, -97.3, -265.575, -3.755, -97.3, 102, 0, 204
L -210.075, 24.045, -97.3, -251.775, -3.755, -97.3, 102, 0, 204
L -209.475, 24.245, -97.3, -210.075, 24.045, -97.3, 102, 0, 204
L -181.575, 10.245, -97.3, -209.475, 24.245, -97.3, 102, 0, 204
L -153.775, 10.245, -97.3, -181.575, 10.245, -97.3, 102, 0, 204
L -125.975, 24.145, -97.3, -153.775, 10.245, -97.3, 102, 0, 204
L -112.175, 51.845, -97.3, -125.975, 24.145, -97.3, 102, 0, 204
L -111.375, 52.045, -97.4, -112.175, 51.845, -97.3, 102, 0, 204
L -69.575, 24.245, -102.9, -111.375, 52.045, -97.4, 102, 0, 204
L -27.775, 10.345, -108.5, -69.575, 24.245, -102.9, 102, 0, 204
L -13.975, 10.245, -110.3, -27.775, 10.345, -108.5, 102, 0, 204
L -13.375, 10.145, -111.3, -13.975, 10.245, -110.3, 102, 0, 204
L 42.325, -17.755, -111.3, -13.375, 10.145, -111.3, 102, 0, 204
L 98.025, -17.755, -111.3, 42.325, -17.755, -111.3, 102, 0, 204
L 125.825, 10.045, -111.3, 98.025, -17.755, -111.3, 102, 0, 204
L 125.825, 37.645, -111.3, 125.825, 10.045, -111.3, 102, 0, 204
L 126.125, 38.345, -111.3, 125.825, 37.645, -111.3, 102, 0, 204
L 167.725, 66.045, -111.3, 126.125, 38.345, -111.3, 102, 0, 204
L 168.225, 66.245, -111.3, 167.725, 66.045, -111.3, 102, 0, 204
L 195.925, 66.245, -111.3, 168.225, 66.245, -111.3, 102, 0, 204
L 209.725, 81.945, -111.3, 195.925, 66.245, -111.3, 102, 0, 204
L 210.425, 82.245, -110.4, 209.725, 81.945, -111.3, 102, 0, 204
L 247.925, 78.245, -110.3, 210.425, 82.245, -110.4, 102, 0, 204
L 263.625, 93.945, -110.3, 247.925, 78.245, -110.3, 102, 0, 204
L 279.825, 96.245, -107.7, 263.625, 93.945, -110.3, 102, 0, 204
L 280.525, 95.945, -104.3, 279.825, 96.245, -107.7, 102, 0, 204
L 284.425, 84.145, -104.3, 280.525, 95.945, -104.3, 102, 0, 204
L 284.425, 83.545, -100.9, 284.425, 84.145, -104.3, 102, 0, 204
L 280.525, 66.045, -101.7, 284.425, 83.545, -100.9, 102, 0, 204
L 280.025, 65.445, -101.3, 280.525, 66.045, -101.7, 102, 0, 204
L 264.525, 61.645, -99.7, 280.025, 65.445, -101.3, 102, 0, 204
L 264.025, 61.545, -98.3, 264.525, 61.645, -99.7, 102, 0, 204
L 242.125, 71.445, -98.3, 264.025, 61.545, -98.3, 102, 0, 204
L 218.525, 61.645, -98.3, 242.125, 71.445, -98.3, 102, 0, 204
L 218.525, 44.145, -98.3, 218.525, 61.645, -98.3, 102, 0, 204
L 230.225, 38.245, -98.3, 218.525, 44.145, -98.3, 102, 0, 204
L 239.925, 38.245, -98.3, 230.225, 38.245, -98.3, 102, 0, 204
L 240.225, 37.445, -97.3, 239.925, 38.245, -98.3, 102, 0, 204
L 238.425, 35.745, -97.3, 240.225, 37.445, -97.3, 102, 0, 204
L 238.125, 35.545, -97.3, 238.425, 35.745, -97.3, 102, 0, 204
L 236.225, 35.545, -97.3, 238.125, 35.545, -97.3, 102, 0, 204
L 203.725, -17.955, -97.3, 204.225, -18.455, -97.3, 102, 0, 204
L 203.725, -16.355, -97.3, 203.725, -17.155, -97.3, 102, 0, 204
L 204.325, -15.755, -97.3, 203.725, -16.355, -97.3, 102, 0, 204
L 263.725, 23.745, -97.3, 263.725, -15.755, -97.3, 102, 0, 204
L 264.225, 24.245, -97.3, 263.725, 23.745, -97.3, 102, 0, 204
L 265.925, 24.245, -97.3, 264.225, 24.245, -97.3, 102, 0, 204
L 266.425, 23.645, -97.3, 265.925, 24.245, -97.3, 102, 0, 204
L 266.425, -3.955, -83.3, 266.425, -3.255, -83.3, 178, 102, 255
L 265.825, -4.455, -83.3, 266.425, -3.955, -83.3, 178, 102, 255
L 212.525, 17.645, -83.3, 212.525, 16.345, -83.3, 178, 102, 255
L 224.525, 22.145, -69.3, 223.725, 21.545, -69.3, 102, 255, 102
L 223.525, 24.245, -69.3, 223.925, 24.245, -69.3, 102, 255, 102
L 209.725, 20.145, -55.3, 209.725, 23.645, -55.3, 0, 0, 0
L 210.425, 19.545, -55.3, 209.725, 20.145, -55.3, 0, 0, 0
L 211.925, 19.545, -55.3, 210.425, 19.545, -55.3, 0, 0, 0
L 212.525, 20.045, -55.3, 211.925, 19.545, -55.3, 0, 0, 0
L 212.525, 21.545, -55.3, 212.525, 20.045, -55.3, 0, 0, 0
L 198.525, -2.355, -55.3, 198.525, -15.755, -55.3, 0, 0, 0
L 197.925, -1.755, -55.3, 198.525, -2.355, -55.3, 0, 0, 0
L 194.325, -1.755, -55.3, 196.125, -1.755, -55.3, 0, 0, 0
L 193.725, -2.355, -55.3, 194.325, -1.755, -55.3, 0, 0, 0
L 193.725, -3.955, -55.3, 193.725, -2.355, -55.3, 0, 0, 0
L 194.325, -4.455, -55.3, 193.725, -3.955, -55.3, 0, 0, 0
L 195.725, -4.455, -55.3, 194.325, -4.455, -55.3, 0, 0, 0
L 195.725, -21.755, -55.3, 195.725, -4.455, -55.3, 0, 0, 0
L 193.725, -22.255, -55.3, 195.725, -21.755, -55.3, 0, 0, 0
L 193.725, -23.855, -55.3, 193.725, -22.255, -55.3, 0, 0, 0
L 194.425, -24.455, -55.3, 193.725, -23.855, -55.3, 0, 0, 0
L 197.925, -24.455, -55.3, 196.125, -24.455, -55.3, 0, 0, 0
L 198.525, -23.855, -55.3, 197.925, -24.455, -55.3, 0, 0, 0
L 198.525, -22.455, -55.3, 198.525, -23.855, -55.3, 0, 0, 0
L 199.925, -22.455, -55.3, 198.525, -22.455, -55.3, 0, 0, 0
L 200.525, -21.855, -55.3, 199.925, -22.455, -55.3, 0, 0, 0
L 200.525, -20.455, -55.3, 200.525, -21.855, -55.3, 0, 0, 0
L 235.725, -20.455, -55.3, 200.525, -20.455, -55.3, 0, 0, 0
L 236.425, -22.455, -55.3, 235.725, -20.455, -55.3, 0, 0, 0
L 240.025, -22.455, -55.3, 236.425, -22.455, -55.3, 0, 0, 0
L 240.525, -21.855, -55.3, 240.025, -22.455, -55.3, 0, 0, 0
L 240.525, -20.455, -55.3, 240.525, -21.855, -55.3, 0, 0, 0
L 275.725, -20.455, -55.3, 240.525, -20.455, -55.3, 0, 0, 0
L 275.725, -21.855, -55.3, 275.725, -20.455, -55.3, 0, 0, 0
L 276.325, -22.455, -55.3, 275.725, -21.855, -55.3, 0, 0, 0
L 277.725, -22.455, -55.3, 276.325, -22.455, -55.3, 0, 0, 0
L 277.725, -42.655, -55.3, 277.725, -22.455, -55.3, 0, 0, 0
L 266.425, -42.655, -55.3, 277.725, -42.655, -55.3, 150, 150, 150
L 266.425, -30.255, -55.3, 266.425, -42.655, -55.3, 0, 0, 0
L 266.025, -29.755, -55.3, 266.425, -30.255, -55.3, 0, 0, 0
L 264.325, -29.755, -55.3, 266.025, -29.755, -55.3, 0, 0, 0
L 263.725, -30.255, -55.3, 264.325, -29.755, -55.3, 0, 0, 0
L 263.725, -55.655, -55.3, 263.725, -30.255, -55.3, 0, 0, 0
L 250.325, -55.655, -55.3, 235.725, -55.755, -55.3, 0, 0, 0
L 250.325, -55.655, -55.3, 263.725, -55.655, -55.3, 0, 0, 0
L 250.225, -58.455, -55.3, 250.325, -58.455, -55.3, 100, 50, 0
L 250.925, -58.455, -55.3, 250.225, -58.455, -55.3, 0, 0, 0
L 264.425, -58.455, -69.3, 250.925, -58.455, -55.3, 102, 255, 102
L 265.925, -58.455, -69.3, 264.425, -58.455, -69.3, 102, 255, 102
L 266.425, -57.755, -69.3, 265.925, -58.455, -69.3, 102, 255, 102
L 266.425, -54.155, -69.3, 266.425, -57.755, -69.3, 102, 255, 102
L 265.925, -53.655, -69.3, 266.425, -54.155, -69.3, 102, 255, 102
L 262.225, -53.655, -69.3, 265.925, -53.655, -69.3, 102, 255, 102
L 261.725, -54.155, -69.3, 262.225, -53.655, -69.3, 102, 255, 102
L 261.725, -55.655, -69.3, 261.725, -54.155, -69.3, 102, 255, 102
L 240.525, -55.655, -69.3, 261.725, -55.655, -69.3, 102, 255, 102
L 239.925, -53.655, -69.3, 240.525, -55.655, -69.3, 102, 255, 102
L 236.325, -53.655, -69.3, 239.925, -53.655, -69.3, 102, 255, 102
L 235.725, -54.155, -69.3, 236.325, -53.655, -69.3, 102, 255, 102
L 235.725, -55.655, -69.3, 235.725, -54.155, -69.3, 102, 255, 102
L 224.025, -55.655, -69.3, 235.725, -55.655, -69.3, 102, 255, 102
L 222.325, -55.655, -69.3, 224.025, -55.655, -69.3, 102, 255, 102
L 221.725, -56.255, -69.3, 222.325, -55.655, -69.3, 102, 255, 102
L 221.725, -57.855, -69.3, 221.725, -56.255, -69.3, 102, 255, 102
L 222.325, -58.455, -69.3, 221.725, -57.855, -69.3, 102, 255, 102
L 222.725, -58.455, -69.3, 222.425, -58.455, -69.3, 102, 255, 102
L 222.425, -58.455, -69.3, 222.325, -58.455, -69.3, 102, 255, 102
L 222.425, -58.455, -69.3, 236.525, -58.455, -83.3, 178, 102, 255
L 223.525, -69.655, -70.3, 223.525, -58.455, -70.3, 150, 150, 150
L 224.525, -58.455, -71.3, 224.525, -69.655, -71.3, 150, 150, 150
L 225.525, -69.655, -72.3, 225.525, -58.455, -72.3, 150, 150, 150
L 226.525, -58.455, -73.3, 226.525, -69.655, -73.3, 150, 150, 150
L 227.525, -69.655, -74.3, 227.525, -58.455, -74.3, 150, 150, 150
L 228.525, -58.455, -75.3, 228.525, -69.655, -75.3, 150, 150, 150
L 229.525, -69.655, -76.3, 229.525, -58.455, -76.3, 150, 150, 150
L 230.525, -58.455, -77.3, 230.525, -69.655, -77.3, 150, 150, 150
L 231.525, -69.655, -78.3, 231.525, -58.455, -78.3, 150, 150, 150
L 232.525, -58.455, -79.3, 232.525, -69.655, -79.3, 150, 150, 150
L 233.525, -69.655, -80.3, 233.525, -58.455, -80.3, 150, 150, 150
L 234.525, -58.455, -81.3, 234.525, -69.655, -81.3, 150, 150, 150
L 235.525, -69.655, -82.3, 235.525, -58.455, -82.3, 150, 150, 150
L 236.525, -58.455, -83.3, 236.525, -69.655, -83.3, 150, 150, 150
L 255.925, -58.455, -83.3, 236.525, -58.455, -83.3, 178, 102, 255
L 256.425, -57.855, -83.3, 255.925, -58.455, -83.3, 178, 102, 255
L 256.425, -54.255, -83.3, 256.425, -57.855, -83.3, 178, 102, 255
L 255.925, -53.655, -83.3, 256.425, -54.255, -83.3, 178, 102, 255
L 252.325, -53.655, -83.3, 255.925, -53.655, -83.3, 178, 102, 255
L 251.725, -54.255, -83.3, 252.325, -53.655, -83.3, 178, 102, 255
L 251.725, -55.655, -83.3, 251.725, -54.255, -83.3, 178, 102, 255
L 238.525, -55.655, -83.3, 251.725, -55.655, -83.3, 178, 102, 255
L 238.525, -38.255, -83.3, 238.525, -55.655, -83.3, 178, 102, 255
L 237.925, -37.655, -83.3, 238.525, -38.255, -83.3, 178, 102, 255
L 236.325, -37.655, -83.3, 237.125, -37.655, -83.3, 178, 102, 255
L 235.725, -38.255, -83.3, 236.325, -37.655, -83.3, 178, 102, 255
L 235.725, -55.655, -83.3, 235.725, -38.255, -83.3, 178, 102, 255
L 224.525, -55.655, -83.3, 235.725, -55.655, -83.3, 178, 102, 255
L 224.525, -54.255, -83.3, 224.525, -55.655, -83.3, 178, 102, 255
L 224.025, -53.655, -83.3, 224.525, -54.255, -83.3, 178, 102, 255
L 220.225, -53.655, -83.3, 224.025, -53.655, -83.3, 178, 102, 255
L 219.725, -54.255, -83.3, 220.225, -53.655, -83.3, 178, 102, 255
L 219.725, -69.655, -83.3, 219.725, -54.255, -83.3, 178, 102, 255
L 218.625, -69.655, -83.3, 219.725, -69.655, -83.3, 178, 102, 255
L 217.725, -70.255, -83.3, 218.625, -69.655, -83.3, 178, 102, 255
L 217.725, -71.655, -83.3, 217.725, -70.255, -83.3, 178, 102, 255
L 200.525, -71.655, -83.3, 217.725, -71.655, -83.3, 178, 102, 255
L 200.525, -70.255, -83.3, 200.525, -71.655, -83.3, 178, 102, 255
L 199.725, -69.655, -83.3, 200.525, -70.255, -83.3, 178, 102, 255
L 198.525, -69.655, -83.3, 199.725, -69.655, -83.3, 178, 102, 255
L 198.525, -22.455, -83.3, 198.525, -69.655, -83.3, 178, 102, 255
L 199.925, -22.455, -83.3, 198.525, -22.455, -83.3, 178, 102, 255
L 200.525, -21.955, -83.3, 199.925, -22.455, -83.3, 178, 102, 255
L 200.525, -20.455, -83.3, 200.525, -21.955, -83.3, 178, 102, 255
L 235.725, -20.455, -83.3, 200.525, -20.455, -83.3, 178, 102, 255
L 235.725, -27.955, -83.3, 235.725, -20.455, -83.3, 178, 102, 255
L 236.325, -28.455, -83.3, 235.725, -27.955, -83.3, 178, 102, 255
L 238.025, -28.455, -83.3, 237.125, -28.455, -83.3, 178, 102, 255
L 238.525, -27.955, -83.3, 238.025, -28.455, -83.3, 178, 102, 255
L 238.525, -22.455, -83.3, 238.525, -27.955, -83.3, 178, 102, 255
L 240.025, -22.455, -83.3, 238.525, -22.455, -83.3, 178, 102, 255
L 240.525, -21.955, -83.3, 240.025, -22.455, -83.3, 178, 102, 255
L 240.525, -20.455, -83.3, 240.525, -21.955, -83.3, 178, 102, 255
L 275.725, -20.455, -83.3, 240.525, -20.455, -83.3, 178, 102, 255
L 275.725, -21.855, -83.3, 275.725, -20.455, -83.3, 178, 102, 255
L 276.325, -22.455, -83.3, 275.725, -21.855, -83.3, 178, 102, 255
L 277.725, -22.455, -83.3, 276.325, -22.455, -83.3, 178, 102, 255
L 277.725, -69.655, -83.3, 277.725, -22.455, -83.3, 178, 102, 255
L 276.225, -69.655, -83.3, 277.725, -69.655, -83.3, 178, 102, 255
L 275.725, -70.155, -83.3, 276.225, -69.655, -83.3, 178, 102, 255
L 275.725, -71.655, -83.3, 275.725, -70.155, -83.3, 178, 102, 255
L 256.425, -71.655, -83.3, 275.725, -71.655, -83.3, 178, 102, 255
L 256.425, -70.155, -83.3, 256.425, -71.655, -83.3, 178, 102, 255
L 255.825, -69.655, -83.3, 256.425, -70.155, -83.3, 178, 102, 255
L 236.525, -69.655, -83.3, 255.825, -69.655, -83.3, 178, 102, 255
L 223.025, -69.655, -69.3, 236.525, -69.655, -83.3, 178, 102, 255
L 221.725, -70.255, -69.3, 223.025, -69.655, -69.3, 102, 255, 102
L 221.725, -71.655, -69.3, 221.725, -70.255, -69.3, 102, 255, 102
L 200.525, -71.655, -69.3, 221.725, -71.655, -69.3, 102, 255, 102
L 200.525, -70.255, -69.3, 200.525, -71.655, -69.3, 102, 255, 102
L 200.025, -69.655, -69.3, 200.525, -70.255, -69.3, 102, 255, 102
L 198.525, -69.655, -69.3, 200.025, -69.655, -69.3, 102, 255, 102
L 198.525, -22.455, -69.3, 198.525, -69.655, -69.3, 102, 255, 102
L 200.025, -22.455, -69.3, 198.525, -22.455, -69.3, 102, 255, 102
L 200.525, -21.955, -69.3, 200.025, -22.455, -69.3, 102, 255, 102
L 200.525, -20.455, -69.3, 200.525, -21.955, -69.3, 102, 255, 102
L 235.725, -20.455, -69.3, 200.525, -20.455, -69.3, 102, 255, 102
L 235.725, -21.955, -69.3, 235.725, -20.455, -69.3, 102, 255, 102
L 236.325, -22.455, -69.3, 235.725, -21.955, -69.3, 102, 255, 102
L 240.025, -22.455, -69.3, 236.325, -22.455, -69.3, 102, 255, 102
L 240.525, -21.955, -69.3, 240.025, -22.455, -69.3, 102, 255, 102
L 240.525, -20.455, -69.3, 240.525, -21.955, -69.3, 102, 255, 102
L 275.725, -20.455, -69.3, 240.525, -20.455, -69.3, 102, 255, 102
L 275.725, -21.955, -69.3, 275.725, -20.455, -69.3, 102, 255, 102
L 276.325, -22.455, -69.3, 275.725, -21.955, -69.3, 102, 255, 102
L 277.725, -22.455, -69.3, 276.325, -22.455, -69.3, 102, 255, 102
L 277.725, -53.655, -69.3, 277.725, -22.455, -69.3, 102, 255, 102
L 276.225, -53.655, -69.3, 277.725, -53.655, -69.3, 102, 255, 102
L 275.725, -54.255, -69.3, 276.225, -53.655, -69.3, 102, 255, 102
L 275.725, -57.855, -69.3, 275.725, -54.255, -69.3, 102, 255, 102
L 276.325, -58.455, -69.3, 275.725, -57.855, -69.3, 102, 255, 102
L 277.725, -58.455, -69.3, 276.325, -58.455, -69.3, 102, 255, 102
L 277.725, -69.655, -69.3, 277.725, -58.455, -69.3, 102, 255, 102
L 276.325, -69.655, -69.3, 277.725, -69.655, -69.3, 102, 255, 102
L 275.725, -70.155, -69.3, 276.325, -69.655, -69.3, 102, 255, 102
L 275.725, -71.655, -69.3, 275.725, -70.155, -69.3, 102, 255, 102
L 240.525, -71.655, -55.3, 250.925, -71.655, -55.3, 0, 0, 0
L 240.525, -70.155, -55.3, 240.525, -71.655, -55.3, 0, 0, 0
L 240.025, -69.655, -55.3, 240.525, -70.155, -55.3, 0, 0, 0
L 236.225, -69.655, -55.3, 240.025, -69.655, -55.3, 0, 0, 0
L 235.725, -70.255, -55.3, 236.225, -69.655, -55.3, 0, 0, 0
L 235.725, -71.655, -55.3, 235.725, -70.255, -55.3, 0, 0, 0
L 200.525, -71.655, -55.3, 235.725, -71.655, -55.3, 0, 0, 0
L 200.525, -70.355, -55.3, 200.525, -71.655, -55.3, 0, 0, 0
L 200.025, -69.655, -55.3, 200.525, -70.355, -55.3, 0, 0, 0
L 198.525, -69.655, -55.3, 200.025, -69.655, -55.3, 0, 0, 0
L 198.525, -34.255, -55.3, 198.525, -69.655, -55.3, 0, 0, 0
L 197.925, -33.755, -55.3, 198.525, -34.255, -55.3, 0, 0, 0
L 193.725, -35.955, -55.3, 193.725, -34.255, -55.3, 0, 0, 0
L 194.225, -36.455, -55.3, 193.725, -35.955, -55.3, 0, 0, 0
L 195.725, -36.455, -55.3, 194.225, -36.455, -55.3, 0, 0, 0
L 195.725, -41.055, -55.3, 195.725, -36.455, -55.3, 0, 0, 0
L 350.425, -17.755, -55.3, 355.425, -17.755, -55.3, 0, 0, 0
L 350.425, -16.255, -55.3, 350.425, -17.755, -55.3, 0, 0, 0
L 350.025, -15.755, -55.3, 350.425, -16.255, -55.3, 0, 0, 0
L 348.125, -15.755, -55.3, 350.025, -15.755, -55.3, 0, 0, 0
L 347.725, -16.255, -55.3, 348.125, -15.755, -55.3, 0, 0, 0
L 361.725, -20.455, -55.3, 348.325, -20.455, -55.3, 0, 0, 0
L 335.725, -17.755, -55.3, 333.525, -17.755, -55.3, 0, 0, 0
L 335.725, -16.155, -55.3, 335.725, -17.755, -55.3, 0, 0, 0
L 336.225, -15.755, -55.3, 335.725, -16.155, -55.3, 0, 0, 0
L 337.825, -15.755, -55.3, 336.225, -15.755, -55.3, 0, 0, 0
L 338.425, -16.255, -55.3, 337.825, -15.755, -55.3, 0, 0, 0
L 338.425, -19.855, -55.3, 338.425, -18.055, -55.3, 0, 0, 0
L 337.925, -20.455, -55.3, 338.425, -19.855, -55.3, 0, 0, 0
L 310.425, -20.455, -55.3, 337.925, -20.455, -55.3, 0, 0, 0
L 347.725, -45.655, -56.3, 347.725, -34.455, -56.3, 150, 150, 150
L 346.725, -34.455, -57.3, 346.725, -45.655, -57.3, 150, 150, 150
L 345.725, -45.655, -58.2, 345.725, -34.455, -58.3, 150, 150, 150
L 344.725, -34.455, -59.3, 344.825, -45.655, -59.2, 150, 150, 150
L 343.725, -45.655, -60.3, 343.725, -34.455, -60.3, 150, 150, 150
L 342.725, -34.455, -61.3, 342.725, -45.655, -61.3, 150, 150, 150
L 341.725, -45.655, -62.3, 341.725, -34.455, -62.3, 150, 150, 150
L 340.725, -34.455, -63.3, 340.725, -45.655, -63.3, 150, 150, 150
L 339.725, -45.655, -64.3, 339.725, -34.455, -64.3, 150, 150, 150
L 338.725, -34.455, -65.3, 338.725, -45.655, -65.3, 150, 150, 150
L 337.725, -45.655, -66.3, 337.725, -34.455, -66.3, 150, 150, 150
L 336.725, -34.455, -67.3, 336.725, -45.655, -67.3, 150, 150, 150
L 335.725, -45.655, -68.3, 335.725, -34.455, -68.3, 150, 150, 150
L 334.725, -34.455, -69.3, 334.725, -45.655, -69.3, 150, 150, 150
L 438.425, -21.355, -83.3, 438.425, -17.455, -83.3, 102, 0, 204
L 437.825, -22.455, -83.3, 438.425, -21.355, -83.3, 102, 0, 204
L 436.425, -22.455, -83.3, 437.825, -22.455, -83.3, 102, 0, 204
L 436.425, -23.855, -83.3, 436.425, -22.455, -83.3, 102, 0, 204
L 435.925, -24.455, -83.3, 436.425, -23.855, -83.3, 102, 0, 204
L 434.125, -24.455, -83.3, 435.925, -24.455, -83.3, 102, 0, 204
L 433.625, -23.855, -83.3, 434.125, -24.455, -83.3, 102, 0, 204
L 433.625, -10.355, -83.3, 433.625, -12.455, -83.3, 102, 0, 204
L 434.225, -9.755, -83.3, 433.625, -10.355, -83.3, 102, 0, 204
L 435.925, -9.755, -83.3, 434.225, -9.755, -83.3, 102, 0, 204
L 436.425, -10.255, -83.3, 435.925, -9.755, -83.3, 102, 0, 204
L 436.425, -11.755, -83.3, 436.425, -10.255, -83.3, 102, 0, 204
L 437.825, -11.755, -83.3, 436.425, -11.755, -83.3, 102, 0, 204
L 438.425, -12.755, -83.3, 437.825, -11.755, -83.3, 102, 0, 204
L 438.425, -17.455, -83.3, 438.425, -15.055, -83.3, 102, 0, 204
L 438.425, -17.455, -83.3, 438.425, -12.755, -83.3, 102, 0, 204
L 472.225, -3.755, -83.3, 471.625, -4.255, -83.3, 102, 0, 204
L 473.625, -3.755, -83.3, 472.225, -3.755, -83.3, 102, 0, 204
L 473.625, 7.545, -83.3, 473.625, -3.755, -83.3, 102, 0, 204
L 448.425, 5.945, -83.3, 448.425, 7.545, -83.3, 102, 0, 204
L 447.925, 5.545, -83.3, 448.425, 5.945, -83.3, 102, 0, 204
L 446.225, 5.545, -83.3, 447.925, 5.545, -83.3, 102, 0, 204
L 445.625, 6.145, -83.3, 446.225, 5.545, -83.3, 102, 0, 204
L 445.625, 9.745, -83.3, 445.625, 6.145, -83.3, 102, 0, 204
L 446.225, 10.245, -83.3, 445.625, 9.745, -83.3, 102, 0, 204
L 471.625, 11.545, -83.3, 471.625, 10.245, -83.3, 102, 0, 204
L 472.125, 12.245, -83.3, 471.625, 11.545, -83.3, 102, 0, 204
L 473.625, 12.245, -83.3, 472.125, 12.245, -83.3, 102, 0, 204
L 472.125, 47.545, -83.3, 473.625, 47.545, -83.3, 102, 0, 204
L 471.625, 48.045, -83.3, 472.125, 47.545, -83.3, 102, 0, 204
L 471.625, 49.545, -83.3, 471.625, 48.045, -83.3, 102, 0, 204
L 452.425, 49.545, -83.3, 471.625, 49.545, -83.3, 102, 0, 204
L 452.425, 48.045, -83.3, 452.425, 49.545, -83.3, 102, 0, 204
L 451.925, 47.545, -83.3, 452.425, 48.045, -83.3, 102, 0, 204
L 450.425, 47.545, -83.3, 451.925, 47.545, -83.3, 102, 0, 204
L 450.425, 14.245, -56.3, 459.625, 14.245, -56.3, 150, 150, 150
L 459.625, 15.245, -57.3, 450.425, 15.245, -57.3, 150, 150, 150
L 450.425, 16.245, -58.3, 459.625, 16.245, -58.3, 150, 150, 150
L 459.625, 17.245, -59.3, 450.425, 17.145, -59.2, 150, 150, 150
L 450.425, 18.245, -60.3, 459.625, 18.245, -60.3, 150, 150, 150
L 459.625, 19.245, -61.3, 450.425, 19.245, -61.3, 150, 150, 150
L 450.425, 20.245, -62.3, 459.625, 20.245, -62.3, 150, 150, 150
L 459.625, 21.245, -63.3, 450.425, 21.245, -63.3, 150, 150, 150
L 450.425, 22.245, -64.3, 459.625, 22.245, -64.3, 150, 150, 150
L 459.625, 23.245, -65.3, 450.425, 23.245, -65.3, 150, 150, 150
L 450.425, 24.245, -66.3, 459.625, 24.245, -66.3, 150, 150, 150
L 459.625, 25.245, -67.3, 450.425, 25.245, -67.3, 150, 150, 150
L 450.425, 26.245, -68.2, 459.625, 26.245, -68.3, 150, 150, 150
L 459.625, 27.245, -69.3, 450.425, 27.245, -69.3, 150, 150, 150
L 417.625, 41.245, -28.4, 408.425, 41.245, -28.3, 150, 150, 150
L 408.425, 42.245, -29.4, 417.625, 42.245, -29.4, 150, 150, 150
L 417.625, 43.245, -30.4, 408.425, 43.245, -30.2, 150, 150, 150
L 408.425, 44.145, -31.2, 417.925, 44.245, -31.4, 150, 150, 150
L 417.925, 45.245, -32.4, 408.425, 45.245, -32.3, 150, 150, 150
L 408.425, 46.245, -33.4, 417.925, 46.245, -33.4, 150, 150, 150
L 417.925, 47.245, -34.4, 408.425, 47.245, -34.4, 150, 150, 150
L 408.425, 48.145, -35.2, 417.925, 48.245, -35.4, 150, 150, 150
L 417.825, 49.245, -36.4, 408.425, 49.245, -36.3, 150, 150, 150
L 408.425, 50.245, -37.3, 417.925, 50.245, -37.4, 150, 150, 150
L 417.925, 51.245, -38.4, 408.425, 51.245, -38.4, 150, 150, 150
L 408.425, 52.245, -39.3, 417.825, 52.245, -39.3, 150, 150, 150
L 417.925, 53.245, -40.3, 408.425, 53.245, -40.3, 150, 150, 150
L 417.625, 37.845, -27.4, 417.625, 38.145, -27.4, 102, 255, 102
L 417.825, 54.245, -41.3, 417.725, 54.245, -41.3, 150, 150, 150
L 418.425, 53.745, -41.3, 417.825, 54.245, -41.3, 0, 204, 0
L 418.425, 40.245, -41.3, 418.425, 53.745, -41.3, 0, 204, 0
L 433.725, 40.245, -41.3, 418.425, 40.245, -41.3, 0, 204, 0
L 432.725, 26.245, -42.2, 432.625, 37.545, -42.3, 150, 150, 150
L 431.625, 37.545, -43.3, 431.725, 26.245, -43.3, 150, 150, 150
L 430.725, 26.245, -44.2, 430.625, 37.545, -44.3, 150, 150, 150
L 429.625, 37.545, -45.3, 429.725, 26.245, -45.2, 150, 150, 150
L 428.725, 26.245, -46.3, 428.625, 37.545, -46.3, 150, 150, 150
L 427.625, 37.545, -47.3, 427.725, 26.245, -47.3, 150, 150, 150
L 426.725, 26.245, -48.3, 426.625, 37.545, -48.3, 150, 150, 150
L 425.625, 37.545, -49.3, 425.725, 26.245, -49.2, 150, 150, 150
L 424.725, 26.245, -50.2, 424.625, 37.545, -50.3, 150, 150, 150
L 423.625, 37.545, -51.3, 423.725, 26.245, -51.3, 150, 150, 150
L 422.725, 26.245, -52.3, 422.625, 37.545, -52.3, 150, 150, 150
L 421.625, 37.545, -53.3, 421.725, 26.245, -53.3, 150, 150, 150
L 420.625, 26.245, -54.3, 420.625, 37.545, -54.3, 150, 150, 150
L 435.825, 40.245, -68.3, 435.625, 40.245, -68.3, 178, 102, 255
L 436.425, 39.745, -68.3, 435.825, 40.245, -68.3, 178, 102, 255
L 436.425, 38.145, -68.3, 436.425, 39.745, -68.3, 178, 102, 255
L 435.925, 37.545, -68.3, 436.425, 38.145, -68.3, 178, 102, 255
L 420.225, 37.545, -68.3, 435.925, 37.545, -68.3, 178, 102, 255
L 419.625, 38.045, -68.3, 420.225, 37.545, -68.3, 178, 102, 255
L 419.625, 39.845, -68.3, 419.625, 38.045, -68.3, 178, 102, 255
L 420.125, 40.245, -68.3, 419.625, 39.845, -68.3, 178, 102, 255
L 435.625, 40.245, -68.3, 434.825, 40.245, -68.3, 178, 102, 255
L 435.625, 40.245, -68.3, 420.125, 40.245, -68.3, 178, 102, 255
L 433.425, 77.545, -68.3, 433.425, 66.245, -68.3, 150, 150, 150
L 432.425, 66.245, -67.3, 432.425, 77.545, -67.3, 150, 150, 150
L 431.425, 77.545, -66.3, 431.425, 66.245, -66.3, 150, 150, 150
L 430.425, 66.245, -65.3, 430.425, 77.545, -65.3, 150, 150, 150
L 429.425, 77.545, -64.3, 429.425, 66.245, -64.3, 150, 150, 150
L 428.425, 66.245, -63.3, 428.425, 77.545, -63.3, 150, 150, 150
L 427.425, 77.545, -62.3, 427.425, 66.245, -62.3, 150, 150, 150
L 426.425, 66.245, -61.3, 426.425, 77.545, -61.3, 150, 150, 150
L 425.425, 77.545, -60.3, 425.425, 66.245, -60.3, 150, 150, 150
L 424.425, 66.245, -59.3, 424.425, 77.545, -59.3, 150, 150, 150
L 423.425, 77.545, -58.3, 423.425, 66.245, -58.3, 150, 150, 150
L 422.425, 66.245, -57.3, 422.425, 77.545, -57.3, 150, 150, 150
L 421.425, 77.545, -56.3, 421.425, 66.245, -56.3, 150, 150, 150
L 725.525, 7.545, -43.0, 714.325, 7.545, -43.0, 150, 150, 150
L 714.325, 5.545, -44.0, 725.525, 5.545, -44.0, 150, 150, 150
L 725.525, 3.545, -45.0, 714.325, 3.545, -45.0, 150, 150, 150
L 714.325, 1.545, -46.0, 725.525, 1.545, -46.0, 150, 150, 150
L 725.525, -0.455, -47.0, 714.325, -0.455, -47.0, 150, 150, 150
L 714.325, -2.455, -48.0, 725.525, -2.455, -48.0, 150, 150, 150
L 725.525, -4.455, -49.0, 714.325, -4.455, -49.0, 150, 150, 150
L 714.325, -6.455, -50.0, 725.525, -6.455, -50.0, 150, 150, 150
L 725.525, -8.455, -51.0, 714.325, -8.455, -51.0, 150, 150, 150
L 714.325, -10.455, -52.0, 725.525, -10.455, -52.0, 150, 150, 150
L 725.525, -12.455, -53.0, 714.325, -12.455, -53.0, 150, 150, 150
L 714.325, -14.455, -54.0, 725.525, -14.455, -54.0, 150, 150, 150
L 725.525, -16.455, -55.0, 714.325, -16.455, -55.0, 150, 150, 150
L 713.625, -18.455, -55.3, 725.525, -18.455, -56.0, 150, 150, 150
L 92.525, 812.145, -53.7, 92.525, 812.145, -54.4, 0, 0, 0
L 1251.325, 625.845, -55.3, 1251.325, 1275.245, -55.3, 0, 0, 0
L 1203.525, 570.045, -55.3, 1251.325, 625.845, -55.3, 0, 0, 0
L 1119.925, 570.045, -55.3, 1203.525, 570.045, -55.3, 0, 0, 0
L 1119.425, 569.845, -55.3, 1119.925, 570.045, -55.3, 0, 0, 0
L 1077.625, 528.045, -55.3, 1119.425, 569.845, -55.3, 0, 0, 0
L 1007.925, 528.045, -53.5, 1077.625, 528.045, -55.3, 0, 0, 0
L 1007.425, 527.545, -53.6, 1007.925, 528.045, -53.5, 0, 0, 0
L 1007.425, 513.845, -55.3, 1007.425, 527.545, -53.6, 0, 0, 0
L 965.725, 472.145, -54.2, 1007.425, 513.845, -55.3, 0, 0, 0
L 965.425, 471.645, -54.3, 965.725, 472.145, -54.2, 0, 0, 0
L 626.325, 66.245, -55.0, 626.325, 79.845, -55.0, 150, 150, 150
L 624.325, 79.745, -54.0, 624.325, 66.245, -53.9, 150, 150, 150
L 622.325, 66.245, -53.0, 622.325, 79.845, -53.0, 150, 150, 150
L 620.325, 79.845, -52.0, 620.325, 66.245, -52.0, 150, 150, 150
L 618.325, 66.245, -51.0, 618.325, 79.745, -51.0, 150, 150, 150
L 616.325, 79.845, -50.0, 616.325, 66.245, -50.0, 150, 150, 150
L 614.325, 66.245, -49.0, 614.325, 79.845, -49.0, 150, 150, 150
L 612.325, 79.845, -48.0, 612.325, 66.245, -48.0, 150, 150, 150
L 610.325, 66.245, -47.0, 610.325, 79.845, -47.0, 150, 150, 150
L 608.325, 79.745, -46.0, 608.325, 66.245, -46.0, 150, 150, 150
L 606.325, 66.245, -45.0, 606.325, 79.745, -45.0, 150, 150, 150
L 604.325, 79.845, -44.0, 604.325, 66.245, -44.0, 150, 150, 150
L 602.325, 66.245, -43.0, 602.325, 79.845, -42.9, 150, 150, 150
L 534.425, 221.445, -41.0, 545.625, 221.445, -41.0, 150, 150, 150
L 545.625, 223.445, -40.0, 534.425, 223.445, -40.0, 150, 150, 150
L 534.425, 225.445, -39.0, 545.625, 225.445, -39.0, 150, 150, 150
L 545.625, 227.445, -38.0, 534.425, 227.445, -38.0, 150, 150, 150
L 534.425, 229.445, -37.0, 545.625, 229.445, -37.0, 150, 150, 150
L 545.625, 231.445, -36.0, 534.425, 231.445, -36.0, 150, 150, 150
L 534.425, 233.445, -35.0, 545.625, 233.445, -35.0, 150, 150, 150
L 545.625, 235.445, -34.0, 534.425, 235.445, -34.0, 150, 150, 150
L 534.425, 237.445, -33.0, 545.625, 237.445, -33.0, 150, 150, 150
L 545.625, 239.445, -32.0, 534.425, 239.445, -32.0, 150, 150, 150
L 534.425, 241.445, -31.0, 545.625, 241.445, -31.0, 150, 150, 150
L 545.625, 243.445, -30.0, 534.425, 243.445, -30.0, 150, 150, 150
L 534.425, 245.445, -29.0, 545.625, 245.445, -29.0, 150, 150, 150
L 574.325, 66.245, -41.3, 601.825, 66.245, -41.3, 0, 204, 0
L 574.325, 203.445, -41.3, 574.325, 66.245, -41.3, 0, 204, 0
L 575.825, 203.445, -41.3, 574.325, 203.445, -41.3, 0, 204, 0
L 576.325, 203.845, -41.3, 575.825, 203.445, -41.3, 0, 204, 0
L 576.325, 207.645, -41.3, 576.325, 203.845, -41.3, 0, 204, 0
L 575.825, 208.145, -41.3, 576.325, 207.645, -41.3, 0, 204, 0
L 586.125, 245.445, -27.4, 585.625, 245.945, -27.4, 102, 255, 102
L 589.825, 245.445, -27.4, 586.125, 245.445, -27.4, 102, 255, 102
L 590.325, 246.045, -27.4, 589.825, 245.445, -27.4, 102, 255, 102
L 590.325, 247.445, -27.4, 590.325, 246.045, -27.4, 102, 255, 102
L 628.325, 66.245, -55.3, 628.325, 79.745, -55.3, 150, 150, 150
L 601.925, 66.245, -41.3, 628.325, 66.245, -55.3, 0, 204, 0
L 601.625, 193.645, -41.3, 601.825, 79.745, -41.3, 0, 204, 0
L 602.125, 194.245, -41.3, 601.625, 193.645, -41.3, 0, 204, 0
L 613.625, 194.245, -41.3, 602.125, 194.245, -41.3, 0, 204, 0
L 613.625, 301.445, -41.3, 613.625, 194.245, -41.3, 0, 204, 0
L 534.425, 301.445, -41.3, 613.625, 301.445, -41.3, 0, 204, 0
L 534.425, 262.145, -41.3, 534.425, 301.445, -41.3, 0, 204, 0
L 587.825, 262.145, -41.3, 534.425, 262.145, -41.3, 0, 204, 0
L 588.325, 261.645, -41.3, 587.825, 262.145, -41.3, 0, 204, 0
L 588.325, 248.145, -41.3, 588.325, 261.645, -41.3, 0, 204, 0
L 592.225, 248.145, -41.3, 588.325, 248.145, -41.3, 0, 204, 0
L 592.525, 243.445, -41.3, 592.225, 248.145, -41.3, 0, 204, 0
L 590.325, 243.445, -41.3, 592.525, 243.445, -41.3, 0, 204, 0
L 590.325, 234.045, -41.3, 590.325, 243.445, -41.3, 0, 204, 0
L 589.925, 233.445, -41.3, 590.325, 234.045, -41.3, 0, 204, 0
L 588.325, 233.445, -41.3, 589.925, 233.445, -41.3, 0, 204, 0
L 588.325, 228.145, -41.3, 588.325, 233.445, -41.3, 0, 204, 0
L 592.225, 228.145, -41.3, 588.325, 228.145, -41.3, 0, 204, 0
L 592.425, 223.445, -41.3, 592.225, 228.145, -41.3, 0, 204, 0
L 588.325, 223.445, -41.3, 592.425, 223.445, -41.3, 0, 204, 0
L 588.325, 203.945, -41.3, 588.325, 223.445, -41.3, 0, 204, 0
L 587.825, 203.445, -41.3, 588.325, 203.945, -41.3, 0, 204, 0
L 586.225, 203.445, -41.3, 587.825, 203.445, -41.3, 0, 204, 0
L 585.625, 203.945, -41.3, 586.225, 203.445, -41.3, 0, 204, 0
L 585.625, 219.445, -41.3, 585.625, 203.945, -41.3, 0, 204, 0
L 584.125, 219.445, -41.3, 585.625, 219.445, -41.3, 0, 204, 0
L 583.625, 220.045, -41.3, 584.125, 219.445, -41.3, 0, 204, 0
L 583.625, 221.645, -41.3, 583.625, 220.045, -41.3, 0, 204, 0
L 584.125, 222.145, -41.3, 583.625, 221.645, -41.3, 0, 204, 0
L 585.625, 222.145, -41.3, 584.125, 222.145, -41.3, 0, 204, 0
L 585.625, 259.445, -41.3, 585.625, 222.145, -41.3, 0, 204, 0
L 548.425, 259.445, -41.3, 585.625, 259.445, -41.3, 0, 204, 0
L 545.625, 245.845, -27.4, 546.325, 219.445, -41.3, 102, 255, 102
L 546.125, 248.145, -27.4, 545.625, 247.645, -27.4, 102, 255, 102
L 547.725, 248.145, -27.4, 546.125, 248.145, -27.4, 102, 255, 102
L 548.425, 247.545, -27.4, 547.725, 248.145, -27.4, 102, 255, 102
L 548.425, 246.045, -27.4, 548.425, 247.545, -27.4, 102, 255, 102
L 547.925, 245.445, -27.4, 548.425, 246.045, -27.4, 102, 255, 102
L 546.525, 245.445, -27.4, 547.925, 245.445, -27.4, 102, 255, 102
L 546.225, 222.145, -27.4, 546.525, 245.445, -27.4, 102, 255, 102
L 547.825, 222.145, -27.4, 546.225, 222.145, -27.4, 102, 255, 102
L 548.425, 221.645, -27.4, 547.825, 222.145, -27.4, 102, 255, 102
L 548.425, 220.145, -27.4, 548.425, 221.645, -27.4, 102, 255, 102
L 702.325, 219.445, -35.0, 702.325, 221.045, -34.0, 102, 255, 102
L 643.725, 66.245, -55.3, 628.325, 66.245, -56.0, 0, 0, 0
L 644.325, 65.645, -55.3, 643.725, 66.245, -55.3, 0, 0, 0
L 672.125, 66.245, -55.3, 687.625, 66.245, -56.0, 0, 0, 0
L 671.525, 65.645, -55.3, 672.125, 66.245, -55.3, 0, 0, 0
L 687.625, 79.745, -56.0, 687.625, 66.245, -56.0, 150, 150, 150
L 714.025, 79.745, -41.3, 687.625, 79.745, -56.0, 0, 204, 0
L 713.625, 66.245, -42.9, 713.625, 79.845, -43.0, 150, 150, 150
L 711.625, 79.745, -44.0, 711.625, 66.245, -43.9, 150, 150, 150
L 709.625, 66.245, -44.9, 709.625, 79.745, -45.0, 150, 150, 150
L 707.625, 79.745, -46.0, 707.625, 66.245, -46.0, 150, 150, 150
L 705.625, 66.245, -46.9, 705.625, 79.845, -47.0, 150, 150, 150
L 703.625, 79.845, -48.0, 703.625, 66.245, -48.0, 150, 150, 150
L 701.625, 66.245, -48.9, 701.625, 79.745, -49.0, 150, 150, 150
L 699.625, 79.745, -50.0, 699.625, 66.245, -49.9, 150, 150, 150
L 697.625, 66.245, -51.0, 697.625, 79.845, -51.0, 150, 150, 150
L 695.625, 79.745, -52.0, 695.625, 66.245, -51.9, 150, 150, 150
L 693.625, 66.245, -52.9, 693.625, 79.845, -53.0, 150, 150, 150
L 691.625, 79.745, -54.0, 691.625, 66.245, -54.0, 150, 150, 150
L 689.625, 66.245, -54.9, 689.625, 79.845, -55.0, 150, 150, 150
L 654.325, 223.845, -55.3, 653.725, 223.445, -55.3, 0, 0, 0
L 654.325, 227.645, -55.3, 654.325, 224.045, -55.3, 0, 0, 0
L 653.725, 228.145, -55.3, 654.325, 227.645, -55.3, 0, 0, 0
L 648.125, 228.145, -55.3, 653.725, 228.145, -55.3, 0, 0, 0
L 647.525, 227.745, -55.3, 648.125, 228.145, -55.3, 0, 0, 0
L 647.525, 224.045, -55.3, 647.525, 227.745, -55.3, 0, 0, 0
L 648.025, 223.445, -55.3, 647.525, 224.045, -55.3, 0, 0, 0
L 653.825, 223.445, -55.3, 648.025, 223.445, -55.3, 0, 0, 0
L 654.325, 224.045, -55.3, 654.325, 223.845, -55.3, 0, 0, 0
L 654.325, 224.045, -55.3, 653.825, 223.445, -55.3, 0, 0, 0
L 653.725, 248.145, -55.3, 654.325, 247.645, -55.3, 0, 0, 0
L 648.025, 248.145, -55.3, 653.725, 248.145, -55.3, 0, 0, 0
L 647.525, 247.645, -55.3, 648.025, 248.145, -55.3, 0, 0, 0
L 647.525, 243.945, -55.3, 647.525, 247.645, -55.3, 0, 0, 0
L 648.125, 243.445, -55.3, 647.525, 243.945, -55.3, 0, 0, 0
L 653.825, 243.445, -55.3, 648.125, 243.445, -55.3, 0, 0, 0
L 654.325, 244.045, -55.3, 653.825, 243.445, -55.3, 0, 0, 0
L 654.325, 247.645, -55.3, 654.325, 244.045, -55.3, 0, 0, 0
L 619.825, 248.145, -55.3, 616.325, 248.145, -55.3, 0, 0, 0
L 620.325, 247.745, -55.3, 619.825, 248.145, -55.3, 0, 0, 0
L 620.325, 244.045, -55.3, 620.325, 247.745, -55.3, 0, 0, 0
L 619.925, 243.445, -55.3, 620.325, 244.045, -55.3, 0, 0, 0
L 616.325, 243.445, -55.3, 619.925, 243.445, -55.3, 0, 0, 0
L 616.325, 228.145, -55.3, 616.325, 243.445, -55.3, 0, 0, 0
L 619.825, 228.145, -55.3, 616.325, 228.145, -55.3, 0, 0, 0
L 620.325, 227.745, -55.3, 619.825, 228.145, -55.3, 0, 0, 0
L 620.325, 223.945, -55.3, 620.325, 227.745, -55.3, 0, 0, 0
L 619.825, 223.445, -55.3, 620.325, 223.945, -55.3, 0, 0, 0
L 616.325, 223.445, -55.3, 619.825, 223.445, -55.3, 0, 0, 0
L 682.125, 248.145, -55.3, 685.525, 248.145, -55.3, 0, 0, 0
L 681.525, 247.545, -55.3, 682.125, 248.145, -55.3, 0, 0, 0
L 681.525, 243.945, -55.3, 681.525, 247.545, -55.3, 0, 0, 0
L 682.125, 243.445, -55.3, 681.525, 243.945, -55.3, 0, 0, 0
L 685.525, 243.445, -55.3, 682.125, 243.445, -55.3, 0, 0, 0
L 685.525, 228.145, -55.3, 685.525, 243.445, -55.3, 0, 0, 0
L 682.125, 228.145, -55.3, 685.525, 228.145, -55.3, 0, 0, 0
L 681.525, 227.645, -55.3, 682.125, 228.145, -55.3, 0, 0, 0
L 681.525, 223.945, -55.3, 681.525, 227.645, -55.3, 0, 0, 0
L 682.125, 223.445, -55.3, 681.525, 223.945, -55.3, 0, 0, 0
L 685.525, 223.445, -55.3, 682.125, 223.445, -55.3, 0, 0, 0
L 714.325, 193.545, -41.3, 714.025, 79.745, -41.3, 0, 204, 0
L 713.725, 194.245, -41.3, 714.325, 193.545, -41.3, 0, 204, 0
L 688.325, 194.245, -41.3, 713.725, 194.245, -41.3, 0, 204, 0
L 688.325, 273.445, -41.3, 688.325, 194.245, -41.3, 0, 204, 0
L 741.525, 273.445, -41.3, 688.325, 273.445, -41.3, 0, 204, 0
L 741.525, 262.145, -41.3, 741.525, 273.445, -41.3, 0, 204, 0
L 700.025, 262.145, -41.3, 741.525, 262.145, -41.3, 0, 204, 0
L 699.525, 261.745, -41.3, 700.025, 262.145, -41.3, 0, 204, 0
L 699.525, 248.145, -41.3, 699.525, 261.745, -41.3, 0, 204, 0
L 698.225, 248.145, -41.3, 699.525, 248.145, -41.3, 0, 204, 0
L 697.525, 247.645, -41.3, 698.225, 248.145, -41.3, 0, 204, 0
L 697.525, 233.945, -41.3, 697.525, 247.645, -41.3, 0, 204, 0
L 698.025, 233.445, -41.3, 697.525, 233.945, -41.3, 0, 204, 0
L 699.525, 233.445, -41.3, 698.025, 233.445, -41.3, 0, 204, 0
L 699.525, 205.845, -41.3, 699.525, 233.445, -41.3, 0, 204, 0
L 700.125, 205.445, -41.3, 699.525, 205.845, -41.3, 0, 204, 0
L 703.025, 205.445, -41.3, 700.125, 205.445, -41.3, 0, 204, 0
L 727.525, 205.445, -41.3, 703.025, 205.445, -41.3, 0, 204, 0
L 727.525, 203.945, -41.3, 727.525, 205.445, -41.3, 0, 204, 0
L 728.025, 203.445, -41.3, 727.525, 203.945, -41.3, 0, 204, 0
L 729.725, 203.445, -41.3, 728.025, 203.445, -41.3, 0, 204, 0
L 730.325, 203.945, -41.3, 729.725, 203.445, -41.3, 0, 204, 0
L 730.325, 207.545, -41.3, 730.325, 203.945, -41.3, 0, 204, 0
L 729.625, 208.145, -41.3, 730.325, 207.545, -41.3, 0, 204, 0
L 714.025, 66.245, -41.3, 741.525, 66.245, -41.3, 0, 204, 0
L 687.625, 66.245, -56.0, 714.025, 66.245, -41.3, 0, 204, 0
L 523.625, -156.255, -41.3, 524.125, -155.655, -41.3, 0, 204, 0
L 523.625, -157.855, -41.3, 523.625, -156.255, -41.3, 0, 204, 0
L 524.125, -158.355, -41.3, 523.625, -157.855, -41.3, 0, 204, 0
L 528.925, -158.355, -42.0, 524.125, -158.355, -41.3, 0, 204, 0
L 542.325, -158.355, -56.0, 528.925, -158.355, -42.0, 0, 204, 0
L 522.425, -173.955, -55.3, 522.425, -172.355, -55.3, 0, 0, 0
L 521.825, -174.355, -55.3, 522.425, -173.955, -55.3, 0, 0, 0
L 520.225, -174.355, -55.3, 521.825, -174.355, -55.3, 0, 0, 0
L 519.625, -173.955, -55.3, 520.225, -174.355, -55.3, 0, 0, 0
L 519.625, -170.155, -55.3, 519.625, -172.055, -55.3, 0, 0, 0
L 520.125, -169.655, -55.3, 519.625, -170.155, -55.3, 0, 0, 0
L 523.625, -169.655, -55.3, 520.125, -169.655, -55.3, 0, 0, 0
L 523.625, -156.255, -55.3, 523.625, -169.655, -55.3, 0, 0, 0
L 545.525, -155.655, -55.3, 524.225, -155.655, -55.3, 0, 0, 0
L 546.425, -156.255, -55.3, 545.525, -155.655, -55.3, 0, 0, 0
L 546.425, -157.755, -55.3, 546.425, -156.255, -55.3, 0, 0, 0
L 545.825, -158.355, -55.3, 546.425, -157.755, -55.3, 0, 0, 0
L 542.325, -158.355, -55.3, 545.825, -158.355, -55.3, 0, 0, 0
L 542.325, -169.655, -55.3, 542.325, -158.355, -55.3, 150, 150, 150
L 557.625, -169.655, -55.3, 542.325, -169.655, -55.3, 0, 0, 0
L 557.625, -104.455, -55.3, 557.625, -169.655, -55.3, 0, 0, 0
L 506.425, -104.455, -55.3, 557.625, -104.455, -55.3, 0, 0, 0
L 506.425, -169.655, -55.3, 506.425, -104.455, -55.3, 0, 0, 0
L 509.825, -169.655, -55.3, 506.425, -169.655, -55.3, 0, 0, 0
L 510.425, -170.255, -55.3, 509.825, -169.655, -55.3, 0, 0, 0
L 510.425, -173.855, -55.3, 510.425, -172.055, -55.3, 0, 0, 0
L 509.725, -174.355, -55.3, 510.425, -173.855, -55.3, 0, 0, 0
L 508.225, -174.355, -55.3, 509.725, -174.355, -55.3, 0, 0, 0
L 507.625, -173.855, -55.3, 508.225, -174.355, -55.3, 0, 0, 0
L 507.625, -172.355, -55.3, 507.625, -173.855, -55.3, 0, 0, 0
L 504.225, -172.355, -55.3, 506.925, -172.355, -55.3, 0, 0, 0
L 323.925, -143.655, -55.3, 322.425, -143.655, -55.3, 0, 0, 0
L 324.425, -144.155, -55.3, 323.925, -143.655, -55.3, 0, 0, 0
L 324.425, -145.955, -55.3, 324.425, -144.155, -55.3, 0, 0, 0
L 323.825, -146.355, -55.3, 324.425, -145.955, -55.3, 0, 0, 0
L 320.225, -146.355, -55.3, 322.025, -146.355, -55.3, 0, 0, 0
L 319.725, -145.855, -55.3, 320.225, -146.355, -55.3, 0, 0, 0
L 319.725, -104.455, -55.3, 319.725, -145.855, -55.3, 0, 0, 0
L 268.425, -123.655, -55.3, 268.425, -104.455, -55.3, 0, 0, 0
L 305.725, -123.655, -55.3, 268.425, -123.655, -55.3, 205, 133, 63
L 305.725, -114.255, -55.3, 305.725, -123.655, -55.3, 205, 133, 63
L 306.225, -113.655, -55.3, 305.725, -114.255, -55.3, 205, 133, 63
L 309.925, -113.655, -55.3, 306.225, -113.655, -55.3, 205, 133, 63
L 310.425, -114.255, -55.3, 309.925, -113.655, -55.3, 205, 133, 63
L 310.425, -127.855, -55.3, 310.425, -114.255, -55.3, 205, 133, 63
L 309.725, -128.355, -55.3, 310.425, -127.855, -55.3, 205, 133, 63
L 268.425, -128.355, -55.3, 309.725, -128.355, -55.3, 205, 133, 63
L 319.725, -169.655, -55.3, 268.425, -169.655, -55.3, 0, 0, 0
L 319.725, -156.255, -55.3, 319.725, -169.655, -55.3, 0, 0, 0
L 320.325, -155.655, -55.3, 319.725, -156.255, -55.3, 0, 0, 0
L 323.825, -155.655, -55.3, 322.025, -155.655, -55.3, 0, 0, 0
L 324.425, -156.155, -55.3, 323.825, -155.655, -55.3, 0, 0, 0
L 324.425, -157.955, -55.3, 324.425, -156.155, -55.3, 0, 0, 0
L 323.825, -158.355, -55.3, 324.425, -157.955, -55.3, 0, 0, 0
L 322.425, -158.355, -55.3, 323.825, -158.355, -55.3, 0, 0, 0
L 239.725, -159.755, -55.3, 240.825, -160.355, -55.3, 0, 0, 0
L 239.725, -156.255, -55.3, 239.725, -158.055, -55.3, 0, 0, 0
L 240.425, -155.655, -55.3, 239.725, -156.255, -55.3, 0, 0, 0
L 242.025, -155.655, -55.3, 240.425, -155.655, -55.3, 0, 0, 0
L 242.525, -156.255, -55.3, 242.025, -155.655, -55.3, 0, 0, 0
L 242.525, -157.655, -55.3, 242.525, -156.255, -55.3, 0, 0, 0
L 224.525, -157.655, -55.3, 224.525, -157.655, -56.0, 0, 0, 0
L 227.725, -157.655, -55.3, 224.525, -157.655, -55.3, 0, 0, 0
L 227.725, -156.255, -55.3, 227.725, -157.655, -55.3, 0, 0, 0
L 228.325, -155.655, -55.3, 227.725, -156.255, -55.3, 0, 0, 0
L 229.825, -155.655, -55.3, 228.325, -155.655, -55.3, 0, 0, 0
L 230.525, -156.355, -55.3, 229.825, -155.655, -55.3, 0, 0, 0
L 230.525, -159.755, -55.3, 230.525, -158.055, -55.3, 0, 0, 0
L 229.925, -160.355, -55.3, 230.525, -159.755, -55.3, 0, 0, 0
L 228.425, -160.355, -55.3, 229.125, -160.355, -55.3, 0, 0, 0
L 238.525, 35.545, -83.3, 244.325, 35.545, -83.3, 178, 102, 255
L 235.725, -11.755, -83.3, 238.525, -11.655, -83.3, 178, 102, 255
L 238.525, -15.755, -83.3, 238.525, -11.655, -83.3, 178, 102, 255
L 235.725, -15.755, -83.3, 235.725, -11.755, -83.3, 178, 102, 255
L 198.525, -15.755, -83.3, 235.725, -15.755, -83.3, 178, 102, 255
L 198.525, -4.455, -83.3, 198.525, -15.755, -83.3, 178, 102, 255
L 212.425, -4.455, -83.3, 198.525, -4.455, -83.3, 178, 102, 255
L 212.525, 11.745, -83.3, 212.425, -4.455, -83.3, 178, 102, 255
L 277.725, 35.545, -83.3, 265.125, 35.545, -83.3, 178, 102, 255
L 277.725, 24.245, -83.3, 277.725, 35.545, -83.3, 178, 102, 255
L 263.725, 24.245, -83.3, 277.725, 24.245, -83.3, 178, 102, 255
L 263.725, -4.355, -83.3, 263.725, 24.245, -83.3, 178, 102, 255
L 265.825, -4.455, -83.3, 263.725, -4.355, -83.3, 178, 102, 255
L 277.725, 35.545, -97.3, 253.825, 35.545, -97.3, 102, 0, 204
L 277.725, 10.245, -97.3, 277.725, 35.545, -97.3, 102, 0, 204
L 238.525, -15.755, -83.3, 277.725, -15.755, -83.3, 178, 102, 255
L 238.525, 35.545, -83.3, 238.525, -2.455, -83.3, 178, 102, 255
L 235.725, -2.455, -83.3, 238.525, -2.455, -83.3, 178, 102, 255
L 235.725, 35.545, -83.3, 235.725, -2.455, -83.3, 178, 102, 255
L 198.525, 35.545, -83.3, 235.725, 35.545, -83.3, 178, 102, 255
L 198.525, -15.755, -69.3, 198.525, -1.555, -69.3, 102, 255, 102
L 235.725, -15.755, -69.3, 212.025, -15.755, -69.3, 102, 255, 102
L 235.725, 35.545, -69.3, 235.725, -15.755, -69.3, 102, 255, 102
L 223.525, 35.545, -69.3, 235.725, 35.545, -69.3, 102, 255, 102
L 198.525, 35.545, -55.3, 206.325, 35.545, -55.3, 0, 0, 0
L 198.525, 35.545, -55.3, 198.525, 7.545, -55.3, 0, 0, 0
L 198.525, 7.545, -55.3, 196.125, 7.545, -55.3, 0, 0, 0
L 193.725, 7.545, -55.3, 193.725, 10.245, -55.3, 0, 0, 0
L 195.725, 10.245, -55.3, 193.725, 10.245, -55.3, 0, 0, 0
L 433.625, -102.455, -55.3, 433.625, -88.455, -55.3, 0, 0, 0
L 559.625, -87.655, -55.3, 433.625, -88.455, -55.3, 0, 0, 0
L 392.425, -223.655, -55.3, 393.925, -223.655, -55.3, 0, 0, 0
L 462.425, -186.355, -55.3, 462.325, -187.955, -55.3, 0, 0, 0
L 473.625, -183.655, -55.3, 459.825, -183.655, -55.3, 0, 0, 0
L 375.825, -205.755, -55.3, 378.625, -205.755, -55.3, 0, 0, 0
L 338.425, -164.355, -55.3, 338.425, -239.655, -55.3, 0, 0, 0
L 361.725, -132.355, -55.3, 338.425, -132.355, -55.3, 0, 0, 0
L 347.725, -193.955, -55.3, 347.725, -189.755, -55.3, 205, 133, 63
L 358.425, -164.355, -55.3, 358.425, -193.955, -55.3, 205, 133, 63
L 377.725, -163.855, -55.3, 377.725, -163.755, -55.3, 0, 0, 0
L 386.425, -132.355, -55.3, 386.425, -163.855, -55.3, 0, 0, 0
L 419.625, -132.355, -55.3, 386.425, -132.355, -55.3, 0, 0, 0
L 395.725, -164.155, -55.3, 395.725, -160.055, -55.3, 205, 133, 63
L 424.425, -132.355, -55.3, 424.325, -164.155, -55.3, 205, 133, 63
L 473.625, -132.355, -55.3, 424.425, -132.355, -55.3, 0, 0, 0
L 473.625, -183.655, -55.3, 473.625, -132.355, -55.3, 0, 0, 0
L 450.325, -183.755, -55.3, 389.725, -183.655, -55.3, 0, 0, 0
L 450.425, -187.955, -55.3, 450.325, -183.755, -55.3, 0, 0, 0
L 447.625, -186.355, -55.3, 447.725, -187.955, -55.3, 0, 0, 0
L 212.525, -239.655, -55.3, 234.825, -239.655, -55.3, 0, 0, 0
L 249.725, -239.655, -55.3, 246.425, -239.555, -55.3, 0, 0, 0
L 249.725, -239.655, -55.3, 249.725, -235.655, -55.3, 0, 0, 0
L 279.725, -242.355, -55.3, 279.725, -243.755, -55.3, 0, 0, 0
L 293.425, -239.655, -55.3, 293.025, -239.655, -55.3, 0, 0, 0
L 224.825, -160.355, -33.4, 232.525, -160.355, -41.3, 102, 255, 102
L 212.525, -160.355, -33.4, 224.825, -160.355, -33.4, 102, 255, 102
L 212.525, -172.655, -33.4, 212.525, -160.355, -33.4, 102, 255, 102
L 212.525, -178.955, -27.4, 212.525, -172.655, -33.4, 102, 255, 102
L 212.525, -205.655, -27.4, 212.525, -178.955, -27.4, 102, 255, 102
L 212.525, -239.655, -27.4, 212.525, -208.355, -27.4, 102, 255, 102
L 226.525, -181.955, -27.4, 226.525, -174.355, -27.4, 102, 255, 102
L 223.725, -181.855, -27.4, 226.525, -181.955, -27.4, 102, 255, 102
L 224.025, -171.655, -33.4, 223.725, -172.655, -33.4, 102, 255, 102
L 233.525, -171.655, -41.3, 224.025, -171.655, -33.4, 102, 255, 102
L 308.425, -237.655, -41.3, 305.725, -237.655, -41.3, 0, 204, 0
L 308.425, -239.655, -41.3, 308.425, -237.655, -41.3, 0, 204, 0
L 305.725, -239.655, -41.3, 305.725, -237.655, -41.3, 0, 204, 0
L 254.425, -239.655, -41.3, 305.725, -239.655, -41.3, 0, 204, 0
L 254.325, -235.755, -41.3, 254.425, -239.655, -41.3, 0, 204, 0
L 249.725, -235.755, -41.3, 254.325, -235.755, -41.3, 0, 204, 0
L 249.725, -239.655, -41.3, 249.725, -235.755, -41.3, 0, 204, 0
L 212.525, -239.655, -41.3, 249.725, -239.655, -41.3, 0, 204, 0
L 212.525, -182.355, -41.3, 212.525, -239.655, -41.3, 0, 204, 0
L 226.425, -182.355, -41.3, 212.525, -182.355, -41.3, 0, 204, 0
L 226.525, -174.355, -41.3, 226.425, -182.355, -41.3, 0, 204, 0
L 236.125, -174.355, -41.3, 226.525, -174.355, -41.3, 0, 204, 0
L 236.225, -171.655, -41.3, 236.125, -174.355, -41.3, 0, 204, 0
L 232.525, -171.655, -41.3, 236.225, -171.655, -41.3, 0, 204, 0
L 249.725, -160.355, -41.3, 232.525, -160.355, -41.3, 0, 204, 0
L 249.925, -192.355, -41.3, 249.725, -160.355, -41.3, 0, 204, 0
L 254.425, -192.355, -41.3, 249.925, -192.355, -41.3, 0, 204, 0
L 254.425, -188.355, -41.3, 254.425, -192.355, -41.3, 0, 204, 0
L 305.725, -188.355, -41.3, 254.425, -188.355, -41.3, 0, 204, 0
L 305.725, -226.055, -41.3, 305.725, -188.355, -41.3, 0, 204, 0
L 308.425, -225.955, -41.3, 305.725, -226.055, -41.3, 0, 204, 0
L 254.325, -235.655, -55.3, 249.725, -235.655, -55.3, 0, 0, 0
L 254.425, -239.655, -55.3, 254.325, -235.655, -55.3, 0, 0, 0
L 305.725, -239.655, -55.3, 296.325, -239.655, -55.3, 0, 0, 0
L 305.725, -201.955, -55.3, 305.725, -239.655, -55.3, 0, 0, 0
L 308.425, -201.755, -55.3, 305.725, -201.955, -55.3, 0, 0, 0
L 308.425, -205.655, -55.3, 308.425, -201.755, -55.3, 0, 0, 0
L 319.725, -188.355, -55.3, 319.725, -205.655, -55.3, 0, 0, 0
L 285.825, -188.355, -55.3, 319.725, -188.355, -55.3, 0, 0, 0
L 236.225, -192.355, -55.3, 282.325, -192.355, -55.3, 205, 133, 63
L 235.725, -191.955, -55.3, 236.225, -192.355, -55.3, 205, 133, 63
L 235.725, -188.355, -55.3, 235.725, -191.955, -55.3, 205, 133, 63
L 224.225, -188.355, -55.3, 235.725, -188.355, -55.3, 0, 0, 0
L 224.225, -181.655, -55.3, 224.225, -188.355, -55.3, 0, 0, 0
L 245.725, -181.655, -55.3, 224.225, -181.655, -55.3, 0, 0, 0
L 245.725, -160.355, -55.3, 245.725, -181.655, -55.3, 0, 0, 0
L 240.825, -160.355, -55.3, 245.725, -160.355, -55.3, 0, 0, 0
L 229.125, -160.355, -55.3, 229.925, -160.355, -55.3, 0, 0, 0
L 212.525, -160.355, -55.3, 229.125, -160.355, -55.3, 0, 0, 0
L 212.525, -208.355, -55.3, 212.525, -203.655, -55.3, 0, 0, 0
L 254.425, -203.855, -55.3, 249.725, -203.855, -55.3, 0, 0, 0
L 254.425, -211.655, -55.3, 254.425, -203.855, -55.3, 0, 0, 0
L 281.725, -211.655, -55.3, 254.425, -211.655, -55.3, 205, 133, 63
L 254.425, -220.355, -55.3, 281.125, -220.355, -55.3, 205, 133, 63
L 249.725, -223.955, -55.3, 254.425, -223.855, -55.3, 0, 0, 0
L 249.725, -208.355, -55.3, 249.725, -223.955, -55.3, 0, 0, 0
L 212.525, -208.355, -55.3, 249.725, -208.355, -55.3, 205, 133, 63
L 212.525, -239.655, -55.3, 212.525, -208.355, -55.3, 0, 0, 0
L 128.525, -155.655, -39.4, 221.725, -155.655, -41.3, 0, 204, 0
L 128.525, -104.455, -39.4, 128.525, -155.655, -39.4, 0, 204, 0
L 207.725, -104.455, -41.3, 128.525, -104.455, -39.4, 0, 204, 0
L 207.725, -129.655, -41.3, 207.725, -104.455, -41.3, 0, 204, 0
L 195.925, -129.755, -41.3, 207.725, -129.655, -41.3, 0, 204, 0
L 195.925, -144.355, -41.3, 195.925, -129.755, -41.3, 0, 204, 0
L 207.725, -144.355, -41.3, 195.925, -144.355, -41.3, 0, 204, 0
L 207.825, -146.255, -41.3, 207.725, -144.355, -41.3, 0, 204, 0
L 210.425, -146.255, -41.3, 207.825, -146.255, -41.3, 0, 204, 0
L 210.525, -129.655, -55.3, 210.425, -146.255, -41.3, 0, 204, 0
L 201.725, -150.355, -55.3, 201.725, -123.655, -55.3, 0, 0, 0
L 204.525, -104.455, -55.3, 203.325, -104.455, -55.3, 0, 0, 0
L 154.425, 79.545, -83.3, 154.525, 83.545, -83.3, 0, 0, 0
L 124.525, 79.545, -77.8, 154.425, 79.545, -83.3, 0, 0, 0
L 105.425, 79.545, -81.8, 124.525, 79.545, -77.8, 0, 0, 0
L 84.625, 79.545, -83.3, 105.425, 79.545, -81.8, 0, 0, 0
L 83.825, 80.045, -83.3, 84.625, 79.545, -83.3, 0, 0, 0
L 83.825, 135.245, -83.3, 83.825, 80.045, -83.3, 0, 0, 0
L 84.125, 136.245, -83.3, 83.825, 135.245, -83.3, 0, 0, 0
L 97.825, 136.245, -83.3, 84.125, 136.245, -83.3, 0, 0, 0
L 97.825, 145.445, -83.3, 97.825, 136.245, -83.3, 0, 0, 0
L 223.225, 177.445, -82.6, 220.525, 177.445, -83.0, 0, 0, 0
L 224.525, 178.145, -79.3, 223.225, 177.445, -82.6, 0, 0, 0
L 224.525, 217.345, -71.4, 224.525, 178.145, -79.3, 0, 0, 0
L 224.525, 232.445, -69.2, 224.525, 217.345, -71.4, 0, 0, 0
L 223.725, 234.145, -70.4, 224.525, 232.445, -69.2, 0, 0, 0
L 155.725, 234.145, -76.3, 223.725, 234.145, -70.4, 0, 0, 0
L 153.825, 233.845, -76.4, 155.725, 234.145, -76.3, 0, 0, 0
L 153.825, 180.145, -83.3, 153.825, 215.845, -78.7, 0, 0, 0
L 154.225, 177.445, -83.3, 153.825, 180.145, -83.3, 0, 0, 0
L 205.725, 177.445, -83.3, 154.225, 177.445, -83.3, 0, 0, 0
L 280.425, -18.055, -55.3, 280.425, -56.255, -55.3, 0, 0, 0
L 280.425, -3.155, -83.3, 280.425, -14.755, -61.5, 0, 0, 0
L 280.425, 37.145, -83.3, 280.425, -3.155, -83.3, 178, 102, 255
L 280.325, 38.245, -83.3, 280.425, 37.145, -83.3, 178, 102, 255
L 266.425, 38.245, -83.3, 280.325, 38.245, -83.3, 178, 102, 255
L 195.725, 10.245, -55.3, 195.725, 23.945, -55.3, 0, 0, 0
L 195.725, -73.655, -55.3, 195.725, -36.455, -55.3, 0, 0, 0
L 196.025, -74.455, -55.3, 195.725, -73.655, -55.3, 0, 0, 0
L 278.825, -74.455, -55.3, 196.025, -74.455, -55.3, 0, 0, 0
L 280.425, -74.055, -55.3, 278.825, -74.455, -55.3, 100, 50, 0
L 280.425, -56.255, -55.3, 280.425, -56.355, -55.3, 100, 50, 0
L 280.425, -56.255, -55.3, 280.425, -74.055, -55.3, 100, 50, 0
L 307.825, -17.855, -55.3, 335.725, -17.755, -55.3, 0, 0, 0
L 307.825, -74.355, -55.3, 307.825, -17.855, -55.3, 0, 0, 0
L 364.425, -74.455, -55.3, 307.825, -74.355, -55.3, 0, 0, 0
L 364.425, -17.755, -55.3, 364.425, -74.455, -55.3, 0, 0, 0
L 350.425, -17.755, -55.3, 364.425, -17.755, -55.3, 0, 0, 0
L 377.725, 65.545, -55.3, 364.125, 65.545, -55.3, 0, 0, 0
L 349.525, 80.245, -55.3, 336.425, 80.245, -55.3, 0, 0, 0
L 377.725, 80.245, -55.3, 364.125, 80.245, -55.3, 0, 0, 0
L 377.725, 106.745, -55.3, 377.725, 80.245, -55.3, 0, 0, 0
L 378.225, 108.245, -55.4, 377.725, 106.745, -55.3, 0, 0, 0
L 391.425, 108.245, -55.4, 378.225, 108.245, -55.4, 0, 0, 0
L 392.425, 107.345, -55.3, 391.425, 108.245, -55.4, 0, 0, 0
L 392.425, 10.945, -55.3, 392.425, 107.345, -55.3, 0, 0, 0
L 392.225, 9.545, -55.3, 392.425, 10.945, -55.3, 0, 0, 0
L 379.225, 9.545, -55.3, 392.225, 9.545, -55.3, 0, 0, 0
L 377.725, 10.045, -55.3, 379.225, 9.545, -55.3, 0, 0, 0
L 377.725, 65.545, -55.3, 377.725, 10.045, -55.3, 0, 0, 0
L 476.525, -60.455, -55.3, 476.425, 23.845, -55.3, 0, 0, 0
L 405.625, -60.455, -55.3, 405.625, 24.445, -55.3, 0, 0, 0
L 457.625, -60.455, -55.3, 405.625, -60.455, -55.3, 0, 0, 0
L 882.225, -167.655, -55.3, 882.225, -148.355, -55.3, 0, 0, 0
L 728.325, -171.855, -55.3, 728.125, -172.355, -55.3, 0, 0, 0
L 602.325, 191.445, -55.3, 602.325, 79.745, -55.3, 0, 0, 0
L 616.225, 191.545, -55.3, 602.325, 191.445, -55.3, 0, 0, 0
L 616.325, 192.645, -55.3, 616.225, 191.545, -55.3, 0, 0, 0
L 616.325, 223.445, -55.3, 616.325, 192.645, -55.3, 0, 0, 0
L 713.525, 191.445, -55.3, 713.525, 79.745, -55.3, 0, 0, 0
L 687.925, 191.445, -55.3, 713.525, 191.445, -55.3, 0, 0, 0
L 685.525, 191.845, -55.3, 687.925, 191.445, -55.3, 0, 0, 0
L 685.525, 223.445, -55.3, 685.525, 191.845, -55.3, 0, 0, 0
L 92.525, 708.945, -51.8, 92.525, 844.345, -55.3, 0, 0, 0
L 92.525, 418.045, -51.9, 92.525, 708.945, -51.8, 0, 0, 0
L 42.525, 345.645, -55.3, 92.525, 418.045, -51.9, 0, 0, 0
L 531.625, 276.145, -55.3, 42.125, 276.145, -55.3, 0, 0, 0
L 531.625, 302.745, -55.3, 531.625, 276.145, -55.3, 0, 0, 0
L 532.825, 304.145, -55.3, 531.625, 302.745, -55.3, 0, 0, 0
L 613.825, 304.145, -55.3, 532.825, 304.145, -55.3, 0, 0, 0
L 616.325, 303.245, -55.3, 613.825, 304.145, -55.3, 0, 0, 0
L 616.325, 248.145, -55.3, 616.325, 303.245, -55.3, 0, 0, 0
L 685.525, 270.045, -55.3, 685.525, 248.145, -55.3, 0, 0, 0
L 686.125, 276.145, -55.3, 685.525, 270.045, -55.3, 0, 0, 0
L 937.425, 276.145, -55.3, 686.125, 276.145, -55.3, 0, 0, 0
L 937.725, 304.245, -54.2, 937.425, 276.145, -55.3, 0, 0, 0
L 965.425, 345.945, -55.3, 937.725, 304.245, -54.2, 0, 0, 0
L 965.425, 470.945, -54.4, 965.425, 471.645, -54.3, 0, 0, 0
L 965.425, 470.945, -54.4, 965.425, 345.945, -55.3, 0, 0, 0
L 336.425, 247.645, -55.3, 336.425, 80.245, -55.3, 0, 0, 0
L 350.225, 261.445, -55.3, 336.425, 247.645, -55.3, 0, 0, 0
L 531.625, 261.445, -55.3, 350.225, 261.445, -55.3, 0, 0, 0
L 531.625, 205.945, -55.3, 531.625, 261.445, -55.3, 0, 0, 0
L 559.625, 205.445, -55.3, 531.625, 205.945, -55.3, 0, 0, 0
L 559.625, -87.655, -55.3, 559.625, 205.445, -55.3, 0, 0, 0
L 503.625, -102.455, -55.3, 433.625, -102.455, -55.3, 0, 0, 0
L 559.625, -172.355, -55.3, 522.425, -172.355, -55.3, 0, 0, 0
L 508.325, -241.755, -54.9, 518.325, -283.555, -53.2, 150, 150, 150
L 490.125, -213.655, -54.4, 508.325, -241.755, -54.9, 150, 150, 150
L 475.725, -213.755, -54.4, 490.125, -213.655, -54.4, 150, 150, 150
L 461.925, -227.655, -54.8, 475.725, -213.755, -54.4, 150, 150, 150
L 447.725, -227.855, -55.3, 461.925, -227.655, -54.8, 150, 150, 150
L 419.925, -255.355, -53.4, 447.725, -227.855, -55.3, 150, 150, 150
L 419.625, -283.555, -52.7, 419.925, -255.355, -53.4, 150, 150, 150
L 13.725, -45.655, -41.3, 77.325, -45.655, -52.3, 0, 0, 0
L 13.925, -60.455, -42.3, 13.725, -45.655, -41.3, 0, 0, 0
L 112.525, -60.155, -55.3, 13.925, -60.455, -42.3, 0, 0, 0
L 112.625, -45.755, -55.3, 112.525, -60.155, -55.3, 0, 0, 0
L 76.425, -45.655, -52.1, 112.625, -45.755, -55.3, 0, 0, 0
L 41.825, -144.355, -27.4, -14.075, -144.255, -25.1, 0, 0, 0
L -14.075, -144.255, -25.1, -14.175, -143.055, -24.8, 0, 0, 0
L -14.175, -143.055, -24.8, -14.375, -104.355, -40.4, 0, 0, 0
L -14.375, -104.355, -40.4, -13.875, -101.655, -40.0, 0, 0, 0
L -13.875, -101.655, -40.0, 0.525, -101.755, -39.9, 0, 0, 0
L 0.525, -101.755, -39.9, 0.625, -103.055, -39.4, 0, 0, 0
L 0.625, -103.055, -39.4, 0.625, -115.655, -37.3, 0, 0, 0
L 0.625, -115.655, -37.3, 56.225, -115.655, -55.3, 0, 0, 0
L 56.225, -115.655, -55.3, 70.325, -129.655, -55.3, 0, 0, 0
L 70.325, -129.655, -55.3, 70.525, -171.855, -55.3, 0, 0, 0
L 70.525, -171.855, -55.3, 84.925, -185.655, -55.3, 0, 0, 0
L 84.925, -185.655, -55.3, 154.425, -185.755, -55.3, 0, 0, 0
L 154.425, -185.755, -55.3, 168.225, -199.555, -55.3, 0, 0, 0
L 168.225, -199.555, -55.3, 168.525, -200.955, -55.3, 0, 0, 0
L 168.525, -200.955, -55.3, 168.525, -269.855, -55.3, 0, 0, 0
L 168.525, -269.855, -55.3, 182.825, -283.555, -55.3, 0, 0, 0
L 182.825, -283.555, -55.3, 419.125, -283.555, -52.9, 0, 0, 0
L 518.325, -283.555, -53.2, 602.325, -283.755, -55.3, 0, 0, 0
L 602.325, -283.755, -55.3, 602.325, -284.355, -55.3, 0, 0, 0
L 602.325, -284.355, -55.3, 602.325, -298.155, -55.3, 0, 0, 0
L 602.325, -298.155, -55.3, 601.525, -298.355, -55.3, 0, 0, 0
L 601.525, -298.355, -55.3, 532.125, -298.355, -55.3, 0, 0, 0
L 532.125, -298.355, -55.3, 476.425, -354.055, -55.3, 0, 0, 0
L 476.425, -354.055, -55.3, 476.425, -437.955, -34.4, 0, 0, 0
L 476.425, -437.955, -34.4, 461.625, -437.755, -27.4, 0, 0, 0
L 461.625, -437.755, -27.4, 461.625, -354.055, -27.4, 0, 0, 0
L 461.625, -354.055, -27.4, 419.925, -312.355, -27.4, 0, 0, 0
L 419.925, -312.355, -27.4, 336.425, -312.355, -27.4, 0, 0, 0
L 336.425, -312.355, -27.4, 336.325, -452.455, -27.4, 0, 0, 0
L 336.325, -452.455, -27.4, 280.425, -452.255, -27.4, 0, 0, 0
L 280.425, -452.255, -27.4, 280.425, -535.455, -27.4, 0, 0, 0
L 280.425, -535.455, -27.4, 364.225, -535.555, -27.4, 0, 0, 0
L 364.225, -535.555, -27.4, 364.425, -536.255, -27.4, 0, 0, 0
L 307.925, -508.155, -27.4, 307.725, -507.055, -27.4, 0, 0, 0
L 307.725, -507.055, -27.4, 307.725, -493.855, -27.4, 0, 0, 0
L 307.725, -493.855, -27.4, 309.125, -493.555, -27.4, 0, 0, 0
L 309.125, -493.555, -27.4, 490.025, -493.355, -34.4, 0, 0, 0
L 490.025, -493.355, -34.4, 503.625, -479.755, -34.4, 0, 0, 0
L 503.625, -479.755, -34.4, 503.625, -437.555, -34.4, 0, 0, 0
L 503.625, -437.555, -34.4, 503.825, -367.555, -55.3, 0, 0, 0
L 503.825, -367.555, -55.3, 532.025, -339.555, -55.3, 0, 0, 0
L 532.025, -339.555, -55.3, 614.625, -339.555, -55.3, 0, 0, 0
L 614.625, -339.555, -55.3, 616.325, -339.055, -55.3, 0, 0, 0
L 616.325, -339.055, -55.3, 643.525, -311.855, -55.3, 0, 0, 0
L 643.525, -311.855, -55.3, 643.525, -284.355, -55.3, 0, 0, 0
L 643.525, -284.355, -55.3, 685.725, -241.755, -55.3, 0, 0, 0
L 685.725, -241.755, -55.3, 699.525, -241.655, -55.3, 0, 0, 0
L 699.525, -241.655, -55.3, 699.525, -233.155, -55.3, 0, 0, 0
L 699.525, -233.155, -55.3, 700.225, -232.655, -55.3, 0, 0, 0
L 700.225, -232.655, -55.3, 713.325, -232.555, -55.3, 0, 0, 0
L 713.325, -232.555, -55.3, 714.325, -233.355, -55.3, 0, 0, 0
L 714.325, -233.355, -55.3, 714.325, -241.655, -55.3, 0, 0, 0
L 714.325, -241.655, -55.3, 769.525, -241.655, -55.3, 0, 0, 0
L 769.525, -241.655, -55.3, 769.525, -233.055, -55.3, 0, 0, 0
L 784.325, -233.355, -55.3, 784.325, -233.555, -55.3, 0, 0, 0
L 784.325, -241.655, -55.3, 784.525, -241.455, -55.3, 0, 0, 0
L 784.325, -241.655, -55.3, 839.925, -241.655, -55.3, 0, 0, 0
L 839.925, -241.655, -55.3, 854.025, -255.655, -50.0, 0, 0, 0
L 854.025, -255.655, -50.0, 867.525, -269.055, -37.6, 0, 0, 0
L 867.525, -269.055, -37.6, 867.525, -227.755, -55.3, 0, 0, 0
L 867.525, -227.755, -55.3, 882.225, -213.655, -56.3, 0, 0, 0
L 882.225, -213.655, -56.3, 895.725, -213.655, -56.3, 0, 0, 0
L 895.725, -213.655, -56.3, 910.225, -199.455, -56.3, 0, 0, 0
L 910.225, -199.455, -56.3, 937.825, -213.555, -56.3, 0, 0, 0
L 937.825, -213.555, -56.3, 961.725, -186.355, -55.3, 0, 0, 0
L 784.325, -186.355, -55.3, 784.325, -208.955, -55.3, 0, 0, 0
L 769.525, -209.055, -55.3, 769.525, -208.955, -55.3, 0, 0, 0
L 769.525, -200.355, -55.3, 714.325, -200.355, -55.3, 0, 0, 0
L 714.325, -200.355, -55.3, 714.325, -208.955, -55.3, 0, 0, 0
L 714.325, -208.955, -55.3, 699.625, -209.055, -55.3, 0, 0, 0
L 699.625, -209.055, -55.3, 699.525, -200.355, -55.3, 0, 0, 0
L 574.325, -115.655, -52.7, 574.325, 51.545, -55.3, 0, 0, 0
L 574.325, 51.545, -55.3, 643.525, 51.545, -55.3, 0, 0, 0
L 643.525, 51.545, -55.3, 644.325, 52.645, -55.3, 0, 0, 0
L 644.325, 52.645, -55.3, 644.325, 65.745, -55.3, 0, 0, 0
L 671.525, 52.145, -55.3, 672.525, 51.545, -55.3, 0, 0, 0
L 672.525, 51.545, -55.3, 685.525, 51.545, -55.3, 0, 0, 0
L 685.525, 51.545, -55.3, 685.525, 24.245, -55.3, 0, 0, 0
L 728.325, -32.455, -55.3, 728.325, 23.845, -55.3, 0, 0, 0
L 728.325, 23.845, -55.3, 727.025, 24.245, -55.3, 0, 0, 0
L 727.025, 24.245, -55.3, 700.325, 24.245, -55.3, 0, 0, 0
L 700.325, 24.245, -55.3, 700.325, 51.545, -55.3, 0, 0, 0
L 700.325, 51.545, -55.3, 741.525, 51.545, -55.3, 0, 0, 0
L 741.525, 51.545, -55.3, 741.525, -185.655, -55.3, 0, 0, 0
L 769.525, -233.055, -55.3, 769.525, -232.855, -55.3, 0, 0, 0
L 769.525, -233.055, -55.3, 770.125, -232.655, -55.3, 0, 0, 0
L 770.125, -232.655, -55.3, 784.025, -232.655, -55.3, 0, 0, 0
L 784.325, -233.555, -55.3, 784.325, -241.655, -55.3, 0, 0, 0
L 784.025, -232.655, -55.3, 784.325, -233.555, -55.3, 0, 0, 0
L 784.325, -208.955, -55.3, 784.325, -209.055, -55.3, 0, 0, 0
L 769.525, -208.955, -55.3, 769.525, -200.355, -55.3, 0, 0, 0
L 784.325, -208.955, -55.3, 769.525, -208.955, -55.3, 0, 0, 0
L 574.325, -115.655, -52.7, 582.325, -115.655, -55.3, 0, 0, 0
L 582.225, -115.655, -55.3, 582.225, -130.355, -55.3, 0, 0, 0
L 582.225, -130.355, -55.3, 574.325, -130.355, -55.3, 0, 0, 0
L 574.325, -130.355, -55.3, 574.325, -185.655, -55.3, 0, 0, 0
L 574.325, -185.655, -55.3, 583.325, -185.655, -55.3, 0, 0, 0
L 583.325, -185.655, -55.3, 583.525, -199.455, -55.3, 0, 0, 0
L 583.525, -199.455, -55.3, 582.425, -200.355, -55.3, 0, 0, 0
L 582.425, -200.355, -55.3, 574.325, -200.355, -55.3, 0, 0, 0
L 574.325, -200.355, -55.3, 574.025, -242.355, -55.3, 0, 0, 0
L 574.025, -242.355, -55.3, 560.025, -242.355, -55.3, 0, 0, 0
L 560.025, -242.355, -55.3, 559.625, -172.355, -55.3, 0, 0, 0
L 462.425, -186.355, -55.3, 476.025, -186.355, -55.3, 0, 0, 0
L 476.025, -186.355, -55.3, 476.425, -184.755, -55.3, 0, 0, 0
L 476.425, -184.755, -55.3, 476.425, -129.955, -55.3, 0, 0, 0
L 476.425, -129.955, -55.3, 474.925, -129.655, -55.3, 0, 0, 0
L 475.125, -129.655, -55.3, 364.225, -129.655, -55.3, 0, 0, 0
L 406.425, -102.455, -55.3, 322.425, -102.455, -55.3, 0, 0, 0
L 322.425, -102.455, -55.3, 322.425, -143.655, -55.3, 0, 0, 0
L 322.425, -158.355, -55.3, 322.425, -171.955, -55.3, 0, 0, 0
L 322.425, -171.955, -55.3, 321.025, -172.355, -55.3, 0, 0, 0
L 321.025, -172.355, -55.3, 268.025, -172.355, -55.3, 0, 0, 0
L 268.025, -172.355, -55.3, 265.825, -172.255, -55.3, 0, 0, 0
L 265.825, -172.255, -55.3, 265.725, -102.455, -55.3, 0, 0, 0
L 265.725, -102.455, -55.3, 224.525, -102.455, -55.3, 0, 0, 0
L 224.525, -102.455, -55.3, 224.525, -157.655, -55.3, 0, 0, 0
L 242.525, -157.655, -55.3, 252.225, -157.655, -55.3, 0, 0, 0
L 252.225, -157.655, -55.3, 252.425, -158.155, -55.3, 0, 0, 0
L 252.425, -158.155, -55.3, 252.425, -185.655, -55.3, 0, 0, 0
L 252.425, -185.655, -55.3, 322.325, -185.755, -55.3, 0, 0, 0
L 322.325, -185.755, -55.3, 322.425, -187.155, -55.3, 0, 0, 0
L 322.425, -187.155, -55.3, 321.925, -242.455, -55.3, 0, 0, 0
L 321.925, -242.455, -55.3, 320.425, -242.355, -55.3, 0, 0, 0
L 320.425, -242.355, -55.3, 294.425, -242.355, -55.3, 0, 0, 0
L 279.725, -242.355, -55.3, 248.425, -242.355, -55.3, 0, 0, 0
L 233.725, -242.355, -55.3, 209.825, -242.255, -55.3, 0, 0, 0
L 209.825, -242.255, -55.3, 209.725, -241.255, -55.3, 0, 0, 0
L 209.725, -241.255, -55.3, 209.725, -158.355, -55.3, 0, 0, 0
L 153.825, -101.655, -55.3, 153.825, -4.455, -55.3, 0, 0, 0
L 153.825, -4.455, -55.3, 98.525, -4.455, -55.3, 0, 0, 0
L 98.525, -4.455, -55.3, 98.525, -17.955, -55.3, 0, 0, 0
L 98.525, -17.955, -55.3, 97.425, -18.455, -55.2, 0, 0, 0
L 97.425, -18.455, -55.2, -55.375, -18.455, -41.3, 0, 0, 0
L -55.375, -18.455, -41.3, -55.375, -121.155, -40.3, 0, 0, 0
L -55.375, -121.155, -40.3, -55.375, -155.355, -31.3, 0, 0, 0
L -55.375, -155.355, -31.3, -55.375, -157.655, -27.4, 0, 0, 0
L -55.375, -157.655, -27.4, 28.325, -157.655, -27.4, 0, 0, 0
L 28.325, -157.655, -27.4, 28.525, -158.355, -27.4, 0, 0, 0
L 28.525, -158.355, -27.4, 28.525, -205.555, -27.4, 0, 0, 0
L 392.425, -87.655, -55.3, 392.325, -3.755, -55.3, 0, 0, 0
L 392.325, -3.755, -55.3, 377.725, -4.055, -55.3, 0, 0, 0
L 377.725, -4.055, -55.3, 377.725, -87.655, -55.3, 0, 0, 0
L 377.725, -87.655, -55.3, 168.525, -87.655, -55.3, 0, 0, 0
L 168.525, -87.655, -55.3, 168.525, 10.045, -55.3, 0, 0, 0
L 168.525, 10.045, -55.3, 168.025, 10.245, -55.3, 0, 0, 0
L 168.025, 10.245, -55.3, 14.525, 10.245, -55.3, 0, 0, 0
L 14.525, 10.245, -55.3, 14.525, 233.645, -55.3, 0, 0, 0
L 14.525, 233.645, -55.3, 42.325, 261.445, -55.4, 0, 0, 0
L 42.325, 261.445, -55.4, 111.525, 261.445, -55.4, 0, 0, 0
L 111.525, 261.445, -55.4, 155.525, 261.445, -69.2, 0, 0, 0
L 155.525, 261.445, -69.2, 307.925, 261.445, -55.3, 0, 0, 0
L 307.925, 261.445, -55.3, 321.725, 247.645, -55.3, 0, 0, 0
L 321.725, 247.645, -55.3, 322.325, 37.545, -55.5, 0, 0, 0
L 322.325, 37.545, -55.5, 335.725, 37.545, -55.5, 0, 0, 0
L 335.725, 37.545, -55.5, 336.425, 39.545, -55.5, 0, 0, 0
L 336.425, 39.545, -55.5, 336.425, 65.545, -55.3, 0, 0, 0
L 392.425, -186.355, -55.3, 447.625, -186.355, -55.3, 0, 0, 0
L 392.425, -186.355, -55.3, 392.425, -223.655, -55.3, 0, 0, 0
L 364.225, -129.655, -55.3, 364.125, -129.655, -55.3, 0, 0, 0
L 338.525, -129.655, -55.3, 363.825, -129.655, -55.3, 0, 0, 0
L 405.625, 24.445, -55.3, 405.625, 24.545, -55.3, 0, 0, 0
L 405.625, 24.445, -55.3, 405.725, 80.145, -55.3, 0, 0, 0
L 405.725, 80.145, -55.3, 406.325, 80.245, -55.3, 0, 0, 0
L 406.325, 80.245, -55.3, 407.625, 80.245, -55.3, 0, 0, 0
L 422.425, 80.245, -55.3, 433.625, 80.245, -55.3, 0, 0, 0
L 433.625, 80.245, -55.3, 447.725, 80.245, -83.3, 150, 150, 150
L 447.725, 80.245, -83.3, 448.425, 52.245, -83.3, 150, 150, 150
L 201.725, -155.655, -55.3, 201.725, -150.355, -55.3, 0, 0, 0
L 201.725, -150.355, -55.3, 194.025, -150.355, -55.3, 205, 133, 63
L 194.025, -150.355, -55.3, 193.725, -150.055, -55.3, 205, 133, 63
L 193.725, -150.055, -55.3, 193.825, -123.755, -55.3, 205, 133, 63
L 193.825, -123.755, -55.3, 194.825, -123.655, -55.3, 205, 133, 63
L 194.825, -123.655, -55.3, 201.725, -123.655, -55.3, 205, 133, 63
L 201.725, -123.655, -55.3, 201.725, -115.955, -55.3, 0, 0, 0
L 201.725, -115.955, -55.3, 202.325, -115.655, -55.3, 0, 0, 0
L 202.325, -115.655, -55.3, 203.325, -115.655, -55.3, 0, 0, 0
L 204.225, -115.655, -55.3, 204.525, -116.655, -55.3, 0, 0, 0
L 204.525, -116.655, -55.3, 204.525, -119.655, -55.3, 0, 0, 0
L 204.525, -119.655, -55.3, 210.325, -119.655, -55.3, 0, 0, 0
L 210.325, -119.655, -55.3, 210.525, -120.655, -55.3, 0, 0, 0
L 210.525, -120.655, -55.3, 210.525, -129.655, -55.3, 0, 0, 0
L 221.725, -129.655, -55.3, 221.725, -104.455, -55.3, 0, 0, 0
L 221.725, -104.455, -55.3, 204.525, -104.455, -55.3, 0, 0, 0
L 961.725, -186.355, -55.3, 1045.625, -277.355, -63.6, 0, 0, 255
L 1045.625, -277.355, -63.6, 1135.725, -437.555, -68.8, 0, 0, 255
L 1135.725, -437.555, -68.8, 1162.125, -438.255, -67.4, 0, 0, 255
L 1162.125, -438.255, -67.4, 1162.125, -451.555, -67.9, 0, 0, 255
L 1162.125, -451.555, -67.9, 2256.925, -451.555, -67.3, 0, 0, 255
L 2256.925, -451.555, -67.3, 2256.925, 611.245, -69.4, 0, 0, 255
L 2256.925, 611.245, -69.4, 1302.025, 611.245, -65.7, 0, 0, 255
L 1302.025, 611.245, -65.7, 1297.125, 581.945, -65.7, 0, 0, 255
L 1297.125, 581.945, -65.7, 1274.025, 583.445, -65.7, 0, 0, 255
L 1274.025, 583.445, -65.7, 1273.725, 551.145, -65.7, 0, 0, 255
L 1273.725, 551.145, -65.7, 1235.025, 523.345, -65.7, 0, 0, 255
L 1235.025, 523.345, -65.7, 1203.825, 541.245, -65.7, 0, 0, 255
L 1203.825, 541.245, -65.7, 1167.925, 506.245, -65.7, 0, 0, 255
L 1167.925, 506.245, -65.7, 1128.525, 527.345, -65.7, 0, 0, 255
L 1128.525, 527.345, -65.7, 1104.425, 525.845, -70.4, 0, 0, 255
L 1118.425, 458.945, -68.1, 1119.525, 437.045, -66.2, 0, 0, 255
L 1119.525, 437.045, -66.2, 1103.025, 411.545, -66.2, 0, 0, 255
L 1103.025, 411.545, -66.2, 1063.925, 401.045, -66.9, 0, 0, 255
L 1063.925, 401.045, -66.9, 1048.725, 357.045, -68.7, 0, 0, 255
L 1048.725, 357.045, -68.7, 1049.325, 331.345, -68.7, 0, 0, 255
L 1049.325, 331.345, -68.7, 1079.825, 301.845, -68.6, 0, 0, 255
L 1079.825, 301.845, -68.6, 1077.625, 292.045, -68.6, 0, 0, 255
L 1077.625, 292.045, -68.6, 1064.425, 262.645, -68.6, 0, 0, 255
L 1064.425, 262.645, -68.6, 1024.525, 234.545, -68.6, 0, 0, 255
L 1024.525, 234.545, -68.6, 1008.425, 205.645, -68.2, 0, 0, 255
L 1008.425, 205.645, -68.2, 1007.725, 161.045, -68.2, 0, 0, 255
L 1007.725, 161.045, -68.2, 992.825, 133.145, -65.4, 0, 0, 255
L 992.825, 133.145, -65.4, 978.525, 121.445, -62.0, 0, 0, 255
L 978.525, 121.445, -62.0, 938.225, 121.445, -68.1, 0, 0, 255
L 879.125, -186.355, -55.3, 784.325, -186.355, -55.3, 0, 0, 0
L 669.525, -99.655, -55.3, 669.525, -102.355, -55.3, 0, 0, 0
L 669.525, -87.655, -55.3, 669.525, -90.455, -55.3, 0, 0, 0
L 723.525, -169.655, -55.3, 725.525, -167.655, -55.3, 0, 0, 0
L 711.525, -18.455, -55.3, 711.525, -4.455, -55.3, 0, 0, 0
L 711.525, -4.455, -55.3, 709.825, -4.455, -55.3, 0, 0, 0
L 709.825, -4.455, -55.3, 709.825, -3.155, -55.3, 0, 0, 0
L 711.525, -1.755, -55.3, 711.525, 17.545, -55.3, 0, 0, 0
L 711.525, 17.545, -55.3, 654.925, 17.545, -55.3, 0, 0, 0
L 653.525, 21.545, -55.3, 618.325, 21.545, -55.3, 0, 0, 0
L 698.325, 0.045, -55.3, 698.325, -1.755, -55.3, 205, 133, 63
L 699.825, -4.455, -55.3, 698.325, -4.455, -55.3, 0, 0, 0
L 656.325, -4.455, -55.3, 656.325, -10.455, -55.3, 0, 0, 0
L 656.325, -10.455, -55.3, 643.125, -10.455, -55.3, 0, 0, 0
L 618.325, -10.455, -55.3, 618.325, -29.755, -55.3, 0, 0, 0
L 615.625, -34.455, -55.3, 615.625, 24.245, -55.3, 0, 0, 0
L 615.625, 24.245, -55.3, 685.525, 24.245, -55.3, 0, 0, 0
L 711.525, -18.455, -55.3, 713.625, -18.455, -55.3, 0, 0, 0
L 714.325, -18.455, -55.3, 714.325, 10.245, -41.3, 0, 204, 0
L 714.325, 10.245, -41.3, 711.525, 10.245, -41.3, 0, 204, 0
L 711.525, 10.245, -41.3, 711.525, -29.755, -41.3, 0, 204, 0
L 711.525, -29.755, -41.3, 647.525, -29.755, -41.3, 0, 204, 0
L 647.525, -29.755, -41.3, 647.725, -32.455, -41.3, 0, 204, 0
L 647.725, -32.455, -41.3, 655.525, -32.455, -41.3, 0, 204, 0
L 655.525, -32.455, -41.3, 655.525, -71.655, -41.3, 0, 204, 0
L 632.325, -32.455, -41.3, 638.325, -32.455, -41.3, 0, 204, 0
L 638.325, -32.455, -41.3, 638.325, -31.055, -41.3, 0, 204, 0
L 638.325, -29.755, -41.3, 618.325, -29.755, -41.3, 0, 204, 0
L 618.325, -29.755, -41.3, 618.325, -18.455, -41.3, 0, 204, 0
L 618.325, -18.455, -41.3, 626.325, -18.455, -41.3, 0, 204, 0
L 626.325, -18.455, -41.3, 626.325, -17.055, -41.3, 0, 204, 0
L 618.325, -15.755, -41.3, 626.325, -15.755, -41.3, 0, 204, 0
L 618.325, -15.755, -41.3, 618.325, 21.545, -41.3, 0, 204, 0
L 618.325, 21.545, -41.3, 657.525, 21.545, -41.3, 0, 204, 0
L 657.525, 21.545, -41.3, 657.525, -15.755, -41.3, 0, 204, 0
L 657.525, -15.755, -41.3, 637.125, -15.755, -41.3, 0, 204, 0
L 637.125, -15.755, -41.3, 635.625, -15.755, -41.3, 0, 204, 0
L 635.625, -15.755, -41.3, 635.625, -17.055, -41.3, 0, 204, 0
L 635.625, -18.455, -41.3, 682.325, -18.455, -41.3, 0, 204, 0
L 682.325, -18.455, -41.3, 682.325, -17.055, -41.3, 0, 204, 0
L 682.325, -15.755, -41.3, 660.325, -15.755, -41.3, 0, 204, 0
L 660.325, -15.755, -41.3, 660.325, 21.545, -41.3, 0, 204, 0
L 660.325, 21.545, -41.3, 697.525, 21.545, -41.3, 0, 204, 0
L 697.525, 21.545, -41.3, 697.525, -15.755, -41.3, 0, 204, 0
L 691.525, -15.755, -41.3, 697.525, -15.755, -41.3, 0, 204, 0
L 691.525, -15.755, -41.3, 691.525, -17.055, -41.3, 0, 204, 0
L 691.525, -18.455, -41.3, 700.325, -18.455, -41.3, 0, 204, 0
L 700.325, -18.455, -41.3, 700.325, 21.545, -41.3, 0, 204, 0
L 700.325, 21.545, -41.3, 725.525, 21.545, -41.3, 0, 204, 0
L 518.325, -283.555, -53.2, 419.625, -283.555, -52.7, 0, 0, 0
L 523.625, -158.355, -41.3, 523.625, -155.655, -41.3, 0, 204, 0
L 361.725, -20.455, -55.3, 361.725, -31.755, -55.3, 0, 0, 0
L 361.725, -31.755, -55.3, 321.725, -31.755, -55.3, 0, 0, 0
L 321.725, -31.755, -55.3, 321.725, -48.455, -55.3, 0, 0, 0
L 321.725, -48.455, -55.3, 350.425, -48.455, -55.3, 0, 0, 0
L 321.725, -48.455, -69.3, 321.725, -45.655, -69.3, 102, 0, 204
L 321.725, -48.455, -69.3, 361.725, -48.455, -69.3, 102, 0, 204
L 361.725, -48.455, -69.3, 361.725, -71.655, -69.3, 102, 0, 204
L 361.725, -71.655, -69.3, 310.425, -71.655, -69.3, 102, 0, 204
L 310.425, -71.655, -69.3, 310.425, -32.455, -69.3, 102, 0, 204
L 310.425, -32.455, -69.3, 319.725, -32.455, -69.3, 102, 0, 204
L 334.725, -34.455, -69.3, 319.725, -34.455, -69.3, 102, 0, 204
L 319.725, -32.455, -69.3, 319.725, -34.455, -69.3, 102, 0, 204
L 361.725, -34.455, -55.3, 361.725, -71.655, -55.3, 0, 0, 0
L 361.725, -71.655, -55.3, 310.425, -71.655, -55.3, 0, 0, 0
L 310.425, -71.655, -55.3, 310.425, -20.455, -55.3, 0, 0, 0
L 407.625, 80.245, -55.3, 407.725, 82.245, -55.3, 0, 0, 0
L 407.725, 82.245, -55.3, 410.425, 82.245, -55.3, 0, 0, 0
L 410.425, 82.245, -55.3, 410.425, 79.845, -55.3, 0, 0, 0
L 408.425, 77.545, -55.3, 410.425, 77.545, -55.3, 0, 0, 0
L 408.425, 77.545, -55.3, 408.425, 26.245, -55.3, 0, 0, 0
L 408.425, 26.245, -55.3, 419.725, 26.245, -55.3, 0, 0, 0
L 445.625, 26.245, -41.3, 445.625, 77.545, -41.3, 0, 204, 0
L 445.625, 77.545, -41.3, 408.425, 77.545, -41.3, 0, 204, 0
L 408.425, 77.545, -41.3, 408.425, 66.045, -41.3, 0, 204, 0
L 420.425, 37.745, -27.4, 417.625, 37.845, -27.4, 102, 255, 102
L 418.425, 40.245, -41.3, 436.225, 40.245, -41.3, 0, 204, 0
L 436.225, 40.245, -41.3, 436.425, 40.245, -41.3, 0, 204, 0
L 436.225, 40.245, -41.3, 436.325, 40.145, -41.3, 0, 204, 0
L 434.425, 66.245, -68.3, 419.725, 66.245, -55.3, 178, 102, 255
L 434.425, 66.245, -68.3, 434.425, 63.545, -68.3, 178, 102, 255
L 434.425, 63.545, -68.3, 408.425, 63.545, -68.3, 178, 102, 255
L 408.425, 63.545, -68.3, 408.425, 26.245, -68.3, 178, 102, 255
L 408.425, 26.245, -68.3, 445.625, 26.245, -68.3, 178, 102, 255
L 445.625, 26.245, -68.3, 445.625, 77.545, -68.3, 178, 102, 255
L 445.625, 77.545, -68.3, 433.425, 77.545, -68.3, 178, 102, 255
L 433.425, 77.545, -68.3, 419.625, 77.545, -55.3, 178, 102, 255
L 422.425, 80.245, -55.3, 422.425, 82.245, -55.3, 0, 0, 0
L 422.425, 82.245, -55.3, 419.625, 82.245, -55.3, 0, 0, 0
L 419.625, 77.545, -55.3, 419.625, 79.845, -55.3, 0, 0, 0
L 472.425, -60.455, -55.3, 476.525, -60.455, -55.3, 0, 0, 0
L 472.425, -62.455, -55.3, 469.625, -62.455, -55.3, 0, 0, 0
L 469.625, -57.655, -55.3, 469.625, -60.055, -55.3, 0, 0, 0
L 472.425, -60.455, -55.3, 472.425, -62.455, -55.3, 0, 0, 0
L 471.625, -57.655, -55.3, 469.625, -57.655, -55.3, 0, 0, 0
L 471.625, -57.655, -55.3, 471.625, -55.655, -55.3, 0, 0, 0
L 473.625, -55.655, -55.3, 471.625, -55.655, -55.3, 0, 0, 0
L 473.625, -55.655, -55.3, 473.625, -44.455, -55.3, 0, 0, 0
L 473.625, -44.455, -55.3, 471.625, -42.455, -55.3, 0, 0, 0
L 471.625, -42.455, -55.3, 428.425, -42.455, -55.3, 0, 0, 0
L 428.425, -42.455, -55.3, 428.425, -44.455, -55.3, 0, 0, 0
L 425.625, -37.655, -55.3, 425.625, -44.455, -55.3, 0, 0, 0
L 425.625, -44.455, -55.3, 428.425, -44.455, -55.3, 0, 0, 0
L 428.425, -37.655, -55.3, 425.625, -37.655, -55.3, 0, 0, 0
L 428.425, -39.655, -55.3, 428.425, -37.655, -55.3, 0, 0, 0
L 428.425, -39.655, -55.3, 471.625, -39.655, -55.3, 0, 0, 0
L 471.625, -39.655, -55.3, 473.625, -37.655, -55.3, 0, 0, 0
L 473.625, -37.655, -55.3, 473.625, 8.545, -55.3, 0, 0, 0
L 473.625, 8.545, -55.3, 471.625, 8.545, -55.3, 0, 0, 0
L 473.625, 11.245, -55.3, 471.625, 11.245, -55.3, 0, 0, 0
L 471.625, 8.545, -55.3, 471.625, 11.245, -55.3, 0, 0, 0
L 473.625, 11.245, -55.3, 473.625, 24.545, -55.3, 0, 0, 0
L 473.625, 49.545, -41.3, 450.425, 49.545, -41.3, 0, 204, 0
L 450.425, 49.545, -41.3, 450.425, 20.045, -41.3, 0, 204, 0
L 450.425, 20.045, -41.3, 450.425, 19.545, -41.3, 0, 204, 0
L 410.425, 21.545, -41.3, 408.425, 19.545, -41.3, 0, 204, 0
L 408.425, 19.545, -41.3, 408.425, -13.755, -41.3, 0, 204, 0
L 408.425, -13.755, -41.3, 410.425, -15.755, -41.3, 0, 204, 0
L 410.425, -15.755, -41.3, 413.725, -15.755, -41.3, 0, 204, 0
L 413.725, -15.755, -41.3, 414.425, -15.755, -41.3, 0, 204, 0
L 408.425, -20.455, -41.3, 410.425, -18.455, -41.3, 0, 204, 0
L 410.425, -18.455, -41.3, 414.425, -18.455, -41.3, 0, 204, 0
L 414.425, -15.755, -41.3, 414.425, -17.055, -41.3, 0, 204, 0
L 410.425, -57.655, -41.3, 437.625, -57.655, -41.3, 0, 204, 0
L 437.625, -57.655, -41.3, 439.625, -55.655, -41.3, 0, 204, 0
L 439.625, -55.655, -41.3, 439.625, -20.455, -41.3, 0, 204, 0
L 439.625, -20.455, -41.3, 437.625, -18.455, -41.3, 0, 204, 0
L 437.625, -18.455, -41.3, 424.625, -18.455, -41.3, 0, 204, 0
L 424.625, -18.455, -41.3, 423.625, -18.455, -41.3, 0, 204, 0
L 448.425, -15.755, -41.3, 423.625, -15.755, -41.3, 0, 204, 0
L 423.625, -18.455, -41.3, 423.625, -17.055, -41.3, 0, 204, 0
L 448.425, -15.755, -41.3, 448.425, -17.055, -41.3, 0, 204, 0
L 448.425, -18.455, -41.3, 444.425, -18.455, -41.3, 0, 204, 0
L 444.425, -18.455, -41.3, 442.425, -20.455, -41.3, 0, 204, 0
L 442.425, -20.455, -41.3, 442.425, -55.655, -41.3, 0, 204, 0
L 442.425, -55.655, -41.3, 444.425, -57.655, -41.3, 0, 204, 0
L 473.625, -20.455, -41.3, 471.625, -18.455, -41.3, 0, 204, 0
L 471.625, -18.455, -41.3, 457.625, -18.455, -41.3, 0, 204, 0
L 471.625, -15.755, -41.3, 457.625, -15.755, -41.3, 0, 204, 0
L 457.625, -18.455, -41.3, 457.625, -17.055, -41.3, 0, 204, 0
L 471.625, -15.755, -41.3, 473.625, -13.755, -41.3, 0, 204, 0
L 473.625, -13.755, -41.3, 473.625, 5.545, -41.3, 0, 204, 0
L 473.625, 5.545, -41.3, 471.625, 7.545, -41.3, 0, 204, 0
L 471.625, 7.545, -41.3, 459.625, 7.645, -41.3, 0, 204, 0
L 464.425, 40.245, -41.3, 459.625, 40.245, -41.3, 0, 204, 0
L 464.425, 24.545, -55.3, 464.425, 26.545, -53.5, 0, 204, 0
L 464.425, 24.545, -55.3, 464.425, 12.545, -55.3, 0, 0, 0
L 462.425, 12.545, -55.3, 464.425, 12.545, -55.3, 0, 0, 0
L 462.425, 12.545, -55.3, 462.425, 10.545, -55.3, 0, 0, 0
L 459.625, 10.545, -55.3, 462.425, 10.545, -55.3, 0, 0, 0
L 459.625, 27.245, -69.3, 459.625, 40.245, -69.3, 178, 102, 255
L 459.625, 40.245, -69.3, 464.425, 40.245, -69.3, 178, 102, 255
L 464.425, 40.245, -69.3, 464.425, 7.545, -69.3, 178, 102, 255
L 448.425, 7.545, -69.3, 464.425, 7.545, -69.3, 178, 102, 255
L 408.425, -24.455, -69.3, 453.925, -24.455, -69.3, 178, 102, 255
L 408.425, -24.455, -69.3, 408.425, -55.655, -69.3, 178, 102, 255
L 408.425, -55.655, -69.3, 410.425, -57.655, -69.3, 178, 102, 255
L 410.425, -57.655, -69.3, 471.625, -57.655, -69.3, 178, 102, 255
L 471.625, -57.655, -69.3, 473.625, -55.655, -69.3, 178, 102, 255
L 473.625, -55.655, -69.3, 473.625, 49.545, -69.3, 178, 102, 255
L 473.625, 49.545, -69.3, 450.425, 49.545, -69.3, 178, 102, 255
L 450.425, 49.545, -69.3, 450.425, 27.245, -69.3, 178, 102, 255
L 447.625, 21.545, -55.3, 447.625, 8.545, -55.3, 0, 0, 0
L 450.425, 8.545, -55.3, 447.625, 8.545, -55.3, 0, 0, 0
L 447.625, 21.545, -55.3, 410.425, 21.545, -55.3, 0, 0, 0
L 410.425, 21.545, -55.3, 408.425, 19.545, -55.3, 0, 0, 0
L 408.425, 19.545, -55.3, 408.425, -55.655, -55.3, 0, 0, 0
L 408.425, -55.655, -55.3, 410.425, -57.655, -55.3, 0, 0, 0
L 410.425, -57.655, -55.3, 460.125, -57.655, -55.3, 0, 0, 0
L 460.125, -57.655, -55.3, 460.425, -57.655, -55.3, 0, 0, 0
L 460.425, -57.655, -55.3, 460.425, -60.055, -55.3, 0, 0, 0
L 457.625, -60.455, -55.3, 457.725, -62.455, -55.3, 0, 0, 0
L 460.425, -62.455, -55.3, 457.725, -62.455, -55.3, 0, 0, 0
L 205.725, 177.445, -83.3, 205.725, 176.045, -83.3, 0, 0, 0
L 205.725, 176.045, -83.3, 206.425, 175.445, -83.3, 0, 0, 0
L 206.425, 175.445, -83.3, 207.925, 175.445, -83.3, 0, 0, 0
L 207.925, 175.445, -83.3, 208.525, 176.145, -83.3, 0, 0, 0
L 208.525, 176.145, -83.3, 208.525, 177.845, -83.3, 0, 0, 0
L 208.525, 179.545, -83.3, 207.925, 180.245, -83.3, 0, 0, 0
L 207.925, 180.245, -83.3, 196.525, 180.245, -83.3, 0, 0, 0
L 196.525, 180.245, -83.3, 196.525, 191.445, -83.3, 150, 150, 150
L 196.525, 191.445, -83.3, 199.725, 191.445, -83.3, 0, 0, 0
L 200.525, 192.145, -83.3, 200.525, 193.645, -83.3, 0, 0, 0
L 200.525, 193.645, -83.3, 199.825, 194.245, -83.3, 0, 0, 0
L 199.825, 194.245, -83.3, 184.525, 194.245, -83.3, 0, 0, 0
L 184.525, 194.245, -83.3, 184.525, 218.545, -83.3, 205, 133, 63
L 184.525, 219.645, -83.3, 183.925, 220.145, -83.3, 0, 0, 0
L 183.925, 220.145, -83.3, 182.125, 220.145, -83.3, 0, 0, 0
L 180.325, 220.145, -83.3, 179.725, 219.645, -83.3, 0, 0, 0
L 179.725, 219.645, -83.3, 179.725, 218.545, -83.3, 0, 0, 0
L 179.725, 180.245, -83.3, 158.525, 180.245, -83.3, 0, 0, 0
L 158.525, 180.245, -83.3, 158.525, 181.745, -83.3, 0, 0, 0
L 158.525, 181.745, -83.3, 157.925, 182.245, -83.3, 0, 0, 0
L 157.925, 182.245, -83.3, 156.525, 182.245, -83.3, 0, 0, 0
L 156.525, 182.245, -83.3, 156.525, 229.445, -83.3, 0, 0, 0
L 156.525, 229.445, -83.3, 158.025, 229.445, -83.3, 0, 0, 0
L 158.025, 229.445, -83.3, 158.525, 230.045, -83.3, 0, 0, 0
L 158.525, 230.045, -83.3, 158.525, 231.445, -83.3, 0, 0, 0
L 158.525, 231.445, -83.3, 179.725, 231.445, -83.3, 0, 0, 0
L 179.725, 230.045, -83.3, 180.325, 229.445, -83.3, 0, 0, 0
L 180.325, 229.445, -83.3, 182.125, 229.445, -83.3, 0, 0, 0
L 183.925, 229.445, -83.3, 184.525, 230.045, -83.3, 0, 0, 0
L 184.525, 230.045, -83.3, 184.525, 231.445, -83.3, 0, 0, 0
L 184.525, 231.445, -83.3, 219.725, 231.445, -83.3, 0, 0, 0
L 219.725, 231.445, -83.3, 219.725, 230.045, -83.3, 0, 0, 0
L 219.725, 230.045, -83.3, 220.225, 229.445, -83.3, 0, 0, 0
L 220.225, 229.445, -83.3, 221.725, 229.445, -83.3, 0, 0, 0
L 221.725, 229.445, -83.3, 221.725, 182.245, -83.3, 0, 0, 0
L 221.725, 182.245, -83.3, 220.225, 182.245, -83.3, 0, 0, 0
L 220.225, 182.245, -83.3, 219.725, 181.745, -83.3, 0, 0, 0
L 219.725, 181.745, -83.3, 219.725, 180.245, -83.3, 0, 0, 0
L 219.725, 180.245, -83.3, 218.225, 180.245, -83.3, 0, 0, 0
L 218.225, 180.245, -83.3, 217.725, 179.645, -83.3, 0, 0, 0
L 217.725, 179.645, -83.3, 217.725, 177.845, -83.3, 0, 0, 0
L 217.725, 176.045, -83.3, 218.325, 175.445, -83.3, 0, 0, 0
L 218.325, 175.445, -83.3, 219.925, 175.445, -83.3, 0, 0, 0
L 219.925, 175.445, -83.3, 220.525, 176.045, -83.2, 0, 0, 0
L 220.525, 176.045, -83.2, 220.525, 177.445, -83.0, 0, 0, 0
L 196.525, 180.245, -83.3, 182.725, 180.245, -69.3, 0, 204, 0
L 182.725, 180.245, -69.3, 158.525, 180.245, -69.3, 0, 204, 0
L 158.525, 180.245, -69.3, 158.525, 181.745, -69.3, 0, 204, 0
L 158.525, 181.745, -69.3, 158.025, 182.245, -69.3, 0, 204, 0
L 158.025, 182.245, -69.3, 156.525, 182.245, -69.3, 0, 204, 0
L 156.525, 229.445, -69.3, 158.025, 229.445, -69.3, 0, 204, 0
L 158.025, 229.445, -69.3, 158.525, 230.145, -69.3, 0, 204, 0
L 158.525, 230.145, -69.3, 158.525, 231.445, -69.3, 0, 204, 0
L 158.525, 231.445, -69.3, 219.725, 231.445, -69.3, 0, 204, 0
L 219.725, 231.445, -69.3, 219.725, 229.945, -69.3, 0, 204, 0
L 219.725, 229.945, -69.3, 220.425, 229.445, -69.3, 0, 204, 0
L 220.425, 229.445, -69.3, 221.725, 229.445, -69.3, 0, 204, 0
L 221.725, 229.445, -69.3, 221.725, 182.245, -69.3, 0, 204, 0
L 221.725, 182.245, -69.3, 220.325, 182.245, -69.3, 0, 204, 0
L 220.325, 182.245, -69.3, 219.725, 181.745, -69.3, 0, 204, 0
L 219.725, 181.745, -69.3, 219.725, 180.245, -69.3, 0, 204, 0
L 208.525, 193.545, -69.3, 207.925, 194.245, -69.3, 0, 204, 0
L 207.925, 194.245, -69.3, 174.325, 194.245, -69.3, 0, 204, 0
L 174.325, 194.245, -69.3, 173.725, 193.745, -69.3, 0, 204, 0
L 173.725, 193.745, -69.3, 173.725, 192.145, -69.3, 0, 204, 0
L 173.725, 192.145, -69.3, 174.225, 191.445, -69.3, 0, 204, 0
L 174.225, 191.445, -69.3, 182.925, 191.445, -69.3, 0, 204, 0
L 182.925, 191.445, -69.3, 196.525, 191.445, -83.3, 0, 204, 0
L 196.525, 191.445, -83.3, 199.925, 191.445, -83.3, 0, 0, 0
L 199.925, 191.445, -83.3, 200.525, 192.145, -83.3, 0, 0, 0
L 195.525, 191.445, -82.3, 195.525, 180.245, -82.3, 150, 150, 150
L 194.525, 180.245, -81.3, 194.525, 191.445, -81.3, 150, 150, 150
L 193.525, 191.445, -80.3, 193.525, 180.245, -80.3, 150, 150, 150
L 192.525, 180.245, -79.3, 192.525, 191.445, -79.3, 150, 150, 150
L 191.525, 191.445, -78.3, 191.525, 180.245, -78.3, 150, 150, 150
L 190.525, 180.245, -77.3, 190.525, 191.445, -77.3, 150, 150, 150
L 189.525, 191.445, -76.3, 189.525, 180.245, -76.3, 150, 150, 150
L 188.525, 180.245, -75.3, 188.525, 191.445, -75.3, 150, 150, 150
L 187.525, 191.445, -74.3, 187.525, 180.245, -74.3, 150, 150, 150
L 186.525, 180.245, -73.3, 186.525, 191.445, -73.3, 150, 150, 150
L 185.525, 191.445, -72.3, 185.525, 180.245, -72.3, 150, 150, 150
L 184.525, 180.245, -71.3, 184.525, 191.445, -71.3, 150, 150, 150
L 183.525, 191.445, -70.3, 183.525, 180.245, -70.3, 150, 150, 150
L 266.425, 38.245, -83.3, 266.425, 39.845, -83.3, 178, 102, 255
L 266.425, 39.845, -83.3, 265.925, 40.245, -83.3, 178, 102, 255
L 265.925, 40.245, -83.3, 264.225, 40.245, -83.3, 178, 102, 255
L 264.225, 40.245, -83.3, 263.725, 39.745, -83.3, 178, 102, 255
L 263.725, 39.745, -83.3, 263.725, 37.945, -83.3, 178, 102, 255
L 263.725, 36.145, -83.3, 264.225, 35.545, -83.3, 178, 102, 255
L 264.225, 35.545, -83.3, 277.725, 35.545, -83.3, 178, 102, 255
L 251.725, 38.245, -83.3, 251.625, 39.745, -83.3, 178, 102, 255
L 251.625, 39.745, -83.3, 252.225, 40.245, -83.3, 178, 102, 255
L 252.225, 40.245, -83.3, 253.925, 40.245, -83.3, 178, 102, 255
L 253.925, 40.245, -83.3, 254.425, 39.745, -83.3, 178, 102, 255
L 254.425, 39.745, -83.3, 254.425, 37.945, -83.3, 178, 102, 255
L 253.925, 35.545, -83.3, 254.025, 35.545, -83.3, 178, 102, 255
L 254.425, 36.045, -83.3, 253.925, 35.545, -83.3, 178, 102, 255
L 244.325, 35.545, -83.3, 253.925, 35.545, -83.3, 178, 102, 255
L 212.525, 16.345, -83.3, 212.525, 11.745, -83.3, 178, 102, 255
L 212.525, 16.345, -83.3, 212.525, 17.745, -83.3, 178, 102, 255
L 212.525, 17.745, -83.3, 212.025, 18.245, -83.3, 178, 102, 255
L 212.025, 18.245, -83.3, 210.325, 18.245, -83.3, 178, 102, 255
L 210.325, 18.245, -83.3, 209.725, 17.645, -83.3, 178, 102, 255
L 209.725, 17.645, -83.3, 209.725, 12.245, -83.3, 178, 102, 255
L 209.725, 12.245, -83.3, 198.525, 12.245, -83.3, 150, 150, 150
L 209.725, 12.245, -83.3, 209.725, -1.255, -69.3, 178, 102, 255
L 209.725, -1.255, -69.3, 209.725, -3.755, -69.3, 102, 255, 102
L 209.725, -3.755, -69.3, 210.325, -4.455, -69.3, 102, 255, 102
L 210.325, -4.455, -69.3, 211.825, -4.455, -69.3, 102, 255, 102
L 205.425, -15.755, -69.3, 198.525, -15.755, -69.3, 102, 255, 102
L 212.025, -15.755, -69.3, 211.825, -15.755, -69.3, 102, 255, 102
L 211.825, -4.455, -69.3, 212.525, -3.855, -69.3, 102, 255, 102
L 212.525, -3.855, -69.3, 212.525, 21.545, -69.3, 102, 255, 102
L 212.525, 21.545, -69.3, 223.725, 21.545, -69.3, 102, 255, 102
L 198.525, 12.245, -83.3, 198.525, -1.355, -69.3, 178, 102, 255
L 198.525, -1.355, -69.3, 198.525, -15.755, -69.3, 102, 255, 102
L 198.525, 11.245, -82.3, 209.725, 11.245, -82.3, 150, 150, 150
L 209.725, 10.245, -81.3, 198.525, 10.245, -81.3, 150, 150, 150
L 198.525, 9.245, -80.3, 209.725, 9.245, -80.3, 150, 150, 150
L 209.725, 8.245, -79.3, 198.525, 8.245, -79.3, 150, 150, 150
L 198.525, 7.245, -78.3, 209.725, 7.245, -78.3, 150, 150, 150
L 209.725, 6.245, -77.3, 198.525, 6.245, -77.2, 150, 150, 150
L 198.525, 5.245, -76.3, 209.725, 5.245, -76.3, 150, 150, 150
L 209.725, 4.245, -75.3, 198.525, 4.145, -75.1, 150, 150, 150
L 198.525, 3.245, -74.3, 209.725, 3.245, -74.3, 150, 150, 150
L 209.725, 2.245, -73.3, 198.525, 2.245, -73.3, 150, 150, 150
L 198.525, 1.245, -72.3, 209.725, 1.245, -72.3, 150, 150, 150
L 209.725, 0.245, -71.3, 198.525, 0.245, -71.3, 150, 150, 150
L 198.525, -0.755, -70.3, 209.725, -0.755, -70.3, 150, 150, 150
L 266.425, 10.245, -97.3, 277.725, 10.245, -97.3, 150, 150, 150
L 277.725, 9.245, -96.3, 266.425, 9.245, -96.3, 150, 150, 150
L 266.425, 8.245, -95.3, 277.725, 8.245, -95.3, 150, 150, 150
L 277.725, 7.245, -94.3, 266.425, 7.245, -94.3, 150, 150, 150
L 266.425, 6.245, -93.3, 277.725, 6.245, -93.3, 150, 150, 150
L 277.725, 5.245, -92.3, 266.425, 5.245, -92.3, 150, 150, 150
L 266.425, 4.245, -91.3, 277.725, 4.245, -91.3, 150, 150, 150
L 277.725, 3.245, -90.3, 266.425, 3.245, -90.3, 150, 150, 150
L 266.425, 2.245, -89.3, 277.725, 2.245, -89.3, 150, 150, 150
L 277.725, 1.245, -88.3, 266.425, 1.245, -88.3, 150, 150, 150
L 266.425, 0.245, -87.3, 277.725, 0.245, -87.3, 150, 150, 150
L 277.725, -0.755, -86.3, 266.425, -0.755, -86.3, 150, 150, 150
L 266.425, -1.755, -85.3, 277.725, -1.755, -85.3, 150, 150, 150
L 277.725, -2.755, -84.3, 266.425, -2.755, -84.3, 150, 150, 150
L 280.425, -3.155, -83.3, 293.525, 9.945, -83.3, 150, 150, 150
L 293.525, 9.945, -83.3, 294.425, 10.245, -83.3, 150, 150, 150
L 294.425, 10.245, -83.3, 307.925, 10.245, -83.3, 150, 150, 150
L 307.925, 10.245, -83.3, 308.525, 10.045, -83.3, 150, 150, 150
L 308.525, 10.045, -83.3, 322.125, -3.655, -83.3, 150, 150, 150
L 322.125, -3.655, -83.3, 349.825, 10.245, -83.3, 150, 150, 150
L 349.825, 10.245, -83.3, 363.725, 24.045, -83.3, 150, 150, 150
L 363.725, 24.045, -83.3, 363.725, 61.545, -81.3, 150, 150, 150
L 363.725, 72.645, -83.3, 363.725, 75.545, -83.3, 150, 100, 0
L 363.725, 72.645, -83.3, 363.725, 94.145, -82.4, 150, 150, 150
L 363.725, 94.145, -82.4, 363.725, 107.445, -79.4, 150, 150, 150
L 363.725, 107.445, -79.4, 363.925, 108.345, -79.4, 150, 150, 150
L 363.925, 108.345, -79.4, 377.725, 122.045, -80.5, 150, 150, 150
L 377.725, 122.045, -80.5, 378.525, 122.245, -83.3, 150, 150, 150
L 378.525, 122.245, -83.3, 406.025, 122.245, -83.3, 150, 150, 150
L 406.025, 122.245, -83.3, 406.425, 121.945, -83.3, 150, 150, 150
L 406.425, 121.945, -83.3, 434.225, 94.245, -83.3, 150, 150, 150
L 434.225, 94.245, -83.3, 434.425, 93.745, -83.3, 150, 150, 150
L 434.425, 93.745, -83.3, 434.425, 79.945, -83.3, 150, 150, 150
L 476.425, 24.245, -83.3, 489.925, 24.245, -83.3, 150, 150, 150
L 489.925, 24.245, -83.3, 490.725, 23.945, -79.0, 150, 150, 150
L 490.725, 23.945, -79.0, 518.025, 10.345, -75.4, 150, 150, 150
L 518.025, 10.345, -75.4, 518.425, 9.745, -75.3, 150, 150, 150
L 518.425, 9.745, -75.3, 518.425, -3.955, -75.3, 150, 150, 150
L 518.425, -3.955, -75.3, 518.225, -4.455, -75.2, 150, 150, 150
L 518.225, -4.455, -75.2, 504.625, -31.755, -66.3, 150, 150, 150
L 504.625, -31.755, -66.3, 504.025, -32.655, -65.1, 150, 150, 150
L 504.025, -32.655, -65.1, 476.525, -60.455, -55.3, 150, 150, 150
L 518.225, -73.455, -55.5, 545.625, -45.855, -61.9, 150, 150, 150
L 545.625, -45.855, -61.9, 545.625, -31.755, -66.3, 150, 150, 150
L 545.625, -31.755, -66.3, 545.625, 9.845, -75.3, 150, 150, 150
L 545.625, 9.845, -75.3, 531.725, 37.545, -82.5, 150, 150, 150
L 531.725, 37.545, -82.5, 531.625, 38.045, -83.3, 150, 150, 150
L 531.625, 38.045, -83.3, 531.625, 65.545, -83.3, 150, 150, 150
L 531.625, 65.545, -83.3, 532.025, 66.445, -83.3, 150, 150, 150
L 532.025, 66.445, -83.3, 545.625, 80.045, -83.3, 150, 150, 150
L 545.625, 80.045, -83.3, 545.625, 93.745, -83.3, 150, 150, 150
L 545.625, 93.745, -83.3, 531.825, 107.545, -83.3, 150, 150, 150
L 531.825, 107.545, -83.3, 490.225, 107.545, -83.3, 150, 150, 150
L 490.225, 107.545, -83.3, 489.625, 107.745, -83.3, 150, 150, 150
L 489.625, 107.745, -83.3, 475.925, 121.445, -83.3, 150, 150, 150
L 475.925, 121.445, -83.3, 475.625, 121.945, -83.3, 150, 150, 150
L 475.625, 121.945, -83.3, 461.825, 163.445, -83.3, 150, 150, 150
L 461.825, 163.445, -83.3, 461.625, 164.145, -83.3, 150, 150, 150
L 461.625, 164.145, -83.3, 461.625, 191.745, -83.3, 150, 150, 150
L 461.625, 191.745, -83.3, 447.825, 219.445, -83.3, 150, 150, 150
L 447.825, 219.445, -83.3, 406.225, 219.445, -83.3, 150, 150, 150
L 406.225, 219.445, -83.3, 378.425, 191.645, -83.3, 150, 150, 150
L 378.425, 191.645, -83.3, 364.325, 149.445, -82.6, 150, 150, 150
L 364.325, 149.445, -82.6, 350.425, 107.845, -79.4, 150, 150, 150
L 350.425, 107.845, -79.4, 350.425, 80.245, -83.3, 150, 150, 150
L 350.425, 80.245, -83.3, 350.425, 65.545, -82.7, 150, 150, 150
L 350.425, 65.545, -82.7, 350.425, 52.345, -83.3, 150, 150, 150
L 350.425, 52.345, -83.3, 346.525, 38.245, -83.3, 150, 150, 150
L 346.525, 38.245, -83.3, 346.225, 37.445, -83.3, 150, 150, 150
L 346.225, 37.445, -83.3, 336.625, 23.945, -83.3, 150, 150, 150
L 336.625, 23.945, -83.3, 336.025, 23.545, -83.3, 150, 150, 150
L 336.025, 23.545, -83.3, 322.325, 23.545, -83.3, 150, 150, 150
L 322.325, 23.545, -83.3, 321.625, 23.945, -83.3, 150, 150, 150
L 321.625, 23.945, -83.3, 312.025, 37.345, -83.3, 150, 150, 150
L 312.025, 37.345, -83.3, 311.725, 38.045, -83.3, 150, 150, 150
L 311.725, 38.045, -83.3, 307.725, 65.645, -83.3, 150, 150, 150
L 307.725, 65.645, -83.3, 307.725, 66.345, -83.3, 150, 150, 150
L 307.725, 66.345, -83.3, 307.725, 93.745, -83.3, 150, 150, 150
L 307.725, 93.745, -83.3, 293.925, 107.545, -83.3, 150, 150, 150
L 293.925, 107.545, -83.3, 266.125, 121.445, -83.3, 150, 150, 150
L 266.125, 121.445, -83.3, 265.625, 121.745, -83.3, 150, 100, 0
L 265.625, 121.745, -83.3, 251.925, 135.445, -83.3, 150, 150, 150
L 251.925, 135.445, -83.3, 251.425, 136.345, -83.3, 150, 150, 150
L 251.425, 136.345, -83.3, 237.925, 163.445, -83.3, 150, 150, 150
L 237.925, 163.445, -83.3, 237.725, 164.345, -82.7, 150, 150, 150
L 237.725, 164.345, -82.7, 237.725, 177.445, -80.5, 150, 150, 150
L 237.725, 177.445, -80.5, 238.225, 178.345, -76.4, 150, 150, 150
L 238.225, 178.345, -76.4, 265.725, 192.045, -76.4, 150, 150, 150
L 265.725, 192.045, -76.4, 266.425, 192.245, -77.2, 150, 150, 150
L 266.425, 192.245, -77.2, 293.725, 192.245, -80.2, 150, 150, 150
L 293.725, 192.245, -80.2, 293.725, 219.645, -83.2, 150, 150, 150
L 293.725, 219.645, -83.2, 280.125, 233.245, -83.3, 150, 150, 150
L 280.125, 233.245, -83.3, 266.625, 219.845, -80.3, 150, 150, 150
L 266.625, 219.845, -80.3, 265.825, 219.445, -79.4, 150, 150, 150
L 265.825, 219.445, -79.4, 238.525, 219.445, -81.0, 150, 150, 150
L 238.525, 219.445, -81.0, 237.625, 219.445, -70.5, 150, 150, 150
L 237.625, 219.445, -70.5, 224.525, 206.445, -75.9, 150, 150, 150
L 237.625, 219.445, -70.5, 266.125, 219.945, -58.8, 150, 150, 150
L 266.125, 219.945, -58.8, 279.925, 233.845, -55.4, 150, 150, 150
L 279.925, 233.845, -55.4, 294.125, 219.845, -55.2, 150, 150, 150
L 294.125, 219.845, -55.2, 294.225, 192.045, -55.3, 150, 150, 150
L 294.225, 192.045, -55.3, 294.325, 191.445, -57.9, 150, 150, 150
L 294.325, 191.445, -57.9, 266.625, 191.845, -60.5, 150, 150, 150
L 266.625, 191.845, -60.5, 238.325, 177.845, -65.4, 150, 150, 150
L 238.325, 177.845, -65.4, 238.225, 164.145, -65.5, 150, 150, 150
L 238.225, 164.145, -65.5, 252.125, 136.045, -63.4, 150, 150, 150
L 252.125, 136.045, -63.4, 266.225, 121.945, -60.6, 150, 150, 150
L 266.225, 121.945, -60.6, 294.125, 108.245, -58.0, 150, 150, 150
L 294.125, 108.245, -58.0, 294.725, 107.745, -55.2, 150, 150, 150
L 294.725, 107.745, -55.2, 308.125, 93.945, -55.3, 150, 150, 150
L 308.125, 93.945, -55.3, 308.125, 93.545, -58.4, 150, 150, 150
L 308.125, 93.545, -58.4, 308.325, 66.145, -58.4, 150, 150, 150
L 308.325, 66.145, -58.4, 312.225, 38.345, -57.5, 150, 150, 150
L 312.225, 38.345, -57.5, 321.725, 24.445, -61.2, 150, 150, 150
L 321.725, 24.445, -61.2, 322.325, 24.445, -59.2, 150, 150, 150
L 322.325, 24.445, -59.2, 335.925, 24.145, -59.6, 150, 150, 150
L 335.925, 24.145, -59.6, 345.925, 37.545, -60.3, 150, 150, 150
L 345.925, 37.545, -60.3, 345.825, 38.145, -58.6, 150, 150, 150
L 345.825, 38.145, -58.6, 349.825, 51.845, -59.9, 150, 150, 150
L 349.825, 51.845, -59.9, 349.925, 65.545, -59.9, 150, 150, 150
L 349.925, 65.545, -59.9, 343.525, 65.545, -55.7, 0, 0, 0
L 112.425, 191.545, -83.3, 108.425, 187.645, -83.3, 150, 150, 150
L 98.625, 177.845, -83.3, 98.025, 177.445, -83.3, 150, 150, 150
L 98.025, 177.445, -83.3, 70.425, 177.445, -83.3, 150, 150, 150
L 70.425, 177.445, -83.3, 69.825, 177.645, -83.3, 150, 150, 150
L 69.825, 177.645, -83.3, 42.225, 191.345, -83.3, 150, 150, 150
L 42.225, 191.345, -83.3, 28.525, 177.745, -83.3, 150, 150, 150
L 28.525, 177.745, -83.3, 28.525, 164.045, -83.3, 150, 150, 150
L 28.525, 164.045, -83.3, 42.225, 150.345, -83.3, 150, 150, 150
L 42.225, 150.345, -83.3, 42.625, 149.745, -83.3, 150, 150, 150
L 42.625, 149.745, -83.3, 43.725, 146.545, -83.3, 150, 150, 150
L 43.725, 146.545, -83.3, 56.525, 108.145, -83.3, 150, 150, 150
L 56.525, 108.145, -83.3, 56.325, 107.445, -83.3, 150, 150, 150
L 56.325, 107.445, -83.3, 28.525, 79.745, -83.3, 150, 150, 150
L 28.525, 79.745, -83.3, 28.525, 51.945, -83.3, 150, 150, 150
L 28.525, 51.945, -83.3, 42.425, 24.245, -83.3, 150, 150, 150
L 42.425, 24.245, -83.3, 56.125, 24.245, -83.3, 150, 150, 150
L 56.125, 24.245, -83.3, 83.625, 38.445, -82.7, 150, 150, 150
L 83.625, 38.445, -82.7, 97.725, 65.845, -83.3, 150, 150, 150
L 97.725, 65.845, -83.3, 98.325, 66.345, -83.3, 150, 150, 150
L 98.325, 66.345, -83.3, 124.525, 79.545, -77.8, 150, 150, 150
L 195.725, 24.445, -83.3, 154.525, 38.145, -83.3, 150, 150, 150
L 154.525, 38.145, -83.3, 153.725, 38.245, -83.2, 150, 150, 150
L 153.725, 38.245, -83.2, 144.325, 38.245, -77.1, 150, 150, 150
L 144.325, 38.245, -77.1, 134.625, 46.045, -73.3, 150, 150, 150
L 134.625, 46.045, -73.3, 140.325, 65.345, -83.3, 150, 150, 150
L 140.325, 65.345, -83.3, 140.225, 66.445, -83.3, 150, 150, 150
L 140.225, 66.445, -83.3, 127.025, 79.545, -78.5, 150, 150, 150
L 199.125, 38.245, -83.3, 251.725, 38.245, -83.3, 178, 102, 255
L 196.325, 38.245, -83.3, 199.125, 38.245, -83.3, 178, 102, 255
L 196.325, 38.245, -83.3, 195.725, 37.745, -83.3, 178, 102, 255
L 195.725, 37.745, -83.3, 195.725, 36.445, -83.3, 178, 102, 255
L 195.725, 24.445, -83.3, 195.725, 29.145, -83.3, 178, 102, 255
L 476.425, 24.245, -83.3, 476.425, 51.345, -83.3, 150, 150, 150
L 475.625, 52.245, -83.3, 466.325, 52.245, -83.3, 150, 150, 150
L 476.425, 51.345, -83.3, 475.625, 52.245, -83.3, 150, 150, 150
L 466.325, 52.245, -83.3, 448.425, 52.245, -83.3, 150, 150, 150
L 541.325, -169.655, -54.3, 541.325, -158.355, -54.3, 150, 150, 150
L 540.325, -158.355, -53.3, 540.325, -169.655, -53.3, 150, 150, 150
L 539.325, -169.655, -52.3, 539.325, -158.355, -52.3, 150, 150, 150
L 538.325, -158.355, -51.3, 538.325, -169.655, -51.3, 150, 150, 150
L 537.325, -169.655, -50.3, 537.325, -158.355, -50.3, 150, 150, 150
L 536.325, -158.355, -49.3, 536.325, -169.655, -49.3, 150, 150, 150
L 535.325, -169.655, -48.3, 535.325, -158.355, -48.3, 150, 150, 150
L 534.325, -158.355, -47.3, 534.325, -169.655, -47.3, 150, 150, 150
L 533.325, -169.655, -46.3, 533.325, -158.355, -46.3, 150, 150, 150
L 532.325, -158.355, -45.3, 532.325, -169.655, -45.3, 150, 150, 150
L 531.325, -169.655, -44.3, 531.325, -158.355, -44.3, 150, 150, 150
L 530.325, -158.355, -43.3, 530.325, -169.655, -43.3, 150, 150, 150
L 529.325, -169.655, -42.3, 529.325, -158.355, -42.3, 150, 150, 150
L 528.925, -169.655, -41.3, 542.325, -169.655, -55.3, 0, 204, 0
L 366.425, -160.355, -55.3, 377.725, -160.355, -55.3, 150, 150, 150
L 377.725, -159.355, -54.3, 366.425, -159.355, -54.3, 150, 150, 150
L 366.425, -158.355, -53.3, 377.725, -158.355, -53.3, 150, 150, 150
L 377.725, -157.355, -52.3, 366.425, -157.355, -52.3, 150, 150, 150
L 366.425, -156.355, -51.3, 377.725, -156.355, -51.3, 150, 150, 150
L 377.725, -155.355, -50.3, 366.425, -155.355, -50.3, 150, 150, 150
L 366.425, -154.355, -49.3, 377.725, -154.355, -49.3, 150, 150, 150
L 377.725, -153.355, -48.3, 366.425, -153.355, -48.3, 150, 150, 150
L 366.425, -152.355, -47.3, 377.725, -152.355, -47.3, 150, 150, 150
L 377.725, -151.355, -46.3, 366.425, -151.355, -46.3, 150, 150, 150
L 366.425, -150.355, -45.3, 377.725, -150.355, -45.3, 150, 150, 150
L 377.725, -149.355, -44.3, 366.425, -149.355, -44.3, 150, 150, 150
L 366.425, -148.355, -43.3, 377.725, -148.355, -43.3, 150, 150, 150
L 377.725, -147.355, -42.3, 366.425, -147.355, -42.3, 150, 150, 150
L 363.925, -164.355, -55.3, 365.625, -164.355, -55.3, 0, 0, 0
L 365.925, -164.355, -55.3, 366.425, -163.755, -55.3, 0, 0, 0
L 366.425, -163.755, -55.3, 366.425, -160.355, -55.3, 0, 0, 0
L 366.425, -160.355, -55.3, 366.425, -146.755, -41.3, 0, 204, 0
L 366.425, -146.755, -41.3, 366.425, -132.355, -41.3, 0, 204, 0
L 459.625, -132.355, -41.3, 459.625, -133.855, -41.3, 0, 204, 0
L 459.625, -133.855, -41.3, 460.225, -134.355, -41.3, 0, 204, 0
L 460.225, -134.355, -41.3, 461.725, -134.355, -41.3, 0, 204, 0
L 461.725, -134.355, -41.3, 462.425, -133.755, -41.3, 0, 204, 0
L 462.425, -133.755, -41.3, 462.425, -132.355, -41.3, 0, 204, 0
L 462.425, -132.355, -41.3, 473.625, -132.355, -41.3, 0, 204, 0
L 473.625, -132.355, -41.3, 473.625, -155.655, -41.3, 0, 204, 0
L 473.625, -155.655, -41.3, 462.425, -155.655, -41.3, 150, 150, 150
L 462.425, -155.655, -41.3, 462.425, -144.255, -41.3, 0, 204, 0
L 462.425, -144.255, -41.3, 461.925, -143.655, -41.3, 0, 204, 0
L 461.925, -143.655, -41.3, 460.225, -143.655, -41.3, 0, 204, 0
L 460.225, -143.655, -41.3, 459.625, -144.155, -41.3, 0, 204, 0
L 380.425, -144.255, -41.3, 379.825, -143.655, -41.3, 0, 204, 0
L 379.825, -143.655, -41.3, 378.325, -143.655, -41.3, 0, 204, 0
L 378.325, -143.655, -41.3, 377.725, -144.155, -41.3, 0, 204, 0
L 377.725, -144.155, -41.3, 377.725, -146.855, -41.3, 0, 204, 0
L 377.725, -163.755, -55.3, 377.725, -160.355, -55.3, 0, 0, 0
L 377.725, -146.855, -41.3, 377.725, -163.755, -55.3, 0, 204, 0
L 473.625, -155.655, -41.3, 473.625, -169.155, -27.4, 102, 255, 102
L 473.625, -169.155, -27.4, 473.625, -183.655, -27.4, 102, 255, 102
L 473.625, -183.655, -27.4, 366.425, -183.655, -27.4, 102, 255, 102
L 366.425, -183.655, -27.4, 366.425, -170.355, -27.4, 102, 255, 102
L 366.425, -170.355, -27.4, 383.725, -170.355, -27.4, 102, 255, 102
L 383.725, -170.355, -27.4, 384.425, -169.855, -27.4, 102, 255, 102
L 384.425, -169.855, -27.4, 384.425, -169.055, -27.4, 102, 255, 102
L 384.425, -168.355, -27.4, 383.825, -167.655, -27.4, 102, 255, 102
L 383.825, -167.655, -27.4, 374.525, -167.655, -27.4, 102, 255, 102
L 374.525, -167.655, -27.4, 366.425, -167.655, -27.4, 102, 255, 102
L 366.425, -167.655, -27.4, 366.425, -132.355, -27.4, 102, 255, 102
L 366.425, -132.355, -27.4, 397.725, -132.355, -27.4, 102, 255, 102
L 397.725, -132.355, -27.4, 397.725, -167.655, -27.4, 102, 255, 102
L 397.725, -167.655, -27.4, 394.225, -167.655, -27.4, 102, 255, 102
L 394.225, -167.655, -27.4, 393.725, -168.255, -27.4, 102, 255, 102
L 393.725, -168.255, -27.4, 393.725, -169.055, -27.4, 102, 255, 102
L 393.725, -169.955, -27.4, 394.325, -170.355, -27.4, 102, 255, 102
L 394.325, -170.355, -27.4, 413.625, -170.355, -27.4, 102, 255, 102
L 413.625, -170.355, -27.4, 414.425, -169.655, -27.4, 102, 255, 102
L 414.425, -169.655, -27.4, 414.425, -168.855, -27.4, 102, 255, 102
L 414.425, -168.055, -27.4, 413.925, -167.655, -27.4, 102, 255, 102
L 413.925, -167.655, -27.4, 400.425, -167.655, -27.4, 102, 255, 102
L 400.425, -167.655, -27.4, 400.425, -132.355, -27.4, 102, 255, 102
L 400.425, -132.355, -27.4, 427.625, -132.355, -27.4, 102, 255, 102
L 427.625, -132.355, -27.4, 427.625, -167.655, -27.4, 102, 255, 102
L 427.625, -167.655, -27.4, 424.225, -167.655, -27.4, 102, 255, 102
L 424.225, -167.655, -27.4, 423.625, -168.255, -27.4, 102, 255, 102
L 423.625, -168.255, -27.4, 423.625, -168.855, -27.4, 102, 255, 102
L 423.625, -169.855, -27.4, 424.225, -170.355, -27.4, 102, 255, 102
L 424.225, -170.355, -27.4, 433.825, -170.355, -27.4, 102, 255, 102
L 433.825, -170.355, -27.4, 434.425, -169.755, -27.4, 102, 255, 102
L 434.425, -169.755, -27.4, 434.425, -169.055, -27.4, 102, 255, 102
L 434.425, -168.255, -27.4, 433.825, -167.655, -27.4, 102, 255, 102
L 433.825, -167.655, -27.4, 430.425, -167.655, -27.4, 102, 255, 102
L 430.425, -167.655, -27.4, 430.425, -132.355, -27.4, 102, 255, 102
L 430.425, -132.355, -27.4, 459.625, -132.355, -27.4, 102, 255, 102
L 459.625, -132.355, -27.4, 459.625, -167.655, -27.4, 102, 255, 102
L 459.625, -167.655, -27.4, 444.225, -167.655, -27.4, 102, 255, 102
L 444.225, -167.655, -27.4, 443.625, -168.255, -27.4, 102, 255, 102
L 443.625, -168.255, -27.4, 443.625, -169.055, -27.4, 102, 255, 102
L 443.625, -169.855, -27.4, 444.225, -170.355, -27.4, 102, 255, 102
L 444.225, -170.355, -27.4, 459.625, -170.355, -27.4, 102, 255, 102
L 459.625, -170.355, -27.4, 459.625, -171.855, -27.4, 102, 255, 102
L 459.625, -171.855, -27.4, 460.225, -172.355, -27.4, 102, 255, 102
L 460.225, -172.355, -27.4, 461.925, -172.355, -27.4, 102, 255, 102
L 461.925, -172.355, -27.4, 462.425, -171.955, -27.4, 102, 255, 102
L 462.425, -171.955, -27.4, 462.425, -169.255, -27.4, 102, 255, 102
L 462.425, -169.255, -27.4, 462.425, -155.655, -41.3, 102, 255, 102
L 473.625, -156.655, -40.3, 462.425, -156.655, -40.3, 150, 150, 150
L 462.425, -157.655, -39.3, 473.625, -157.655, -39.3, 150, 150, 150
L 473.625, -158.655, -38.4, 462.425, -158.655, -38.3, 150, 150, 150
L 462.425, -159.655, -37.3, 473.625, -159.655, -37.4, 150, 150, 150
L 473.625, -160.655, -36.4, 462.425, -160.655, -36.3, 150, 150, 150
L 462.425, -161.755, -35.3, 473.625, -161.655, -35.4, 150, 150, 150
L 473.625, -162.655, -34.4, 462.425, -162.655, -34.3, 150, 150, 150
L 462.425, -163.655, -33.3, 473.625, -163.655, -33.3, 150, 150, 150
L 473.625, -164.655, -32.4, 462.425, -164.755, -32.3, 150, 150, 150
L 462.425, -165.755, -31.2, 473.625, -165.655, -31.4, 150, 150, 150
L 473.625, -166.655, -30.4, 462.425, -166.655, -30.3, 150, 150, 150
L 462.425, -167.655, -29.3, 473.625, -167.655, -29.4, 150, 150, 150
L 473.625, -168.655, -28.4, 462.425, -168.755, -28.2, 150, 150, 150
L 281.725, -211.655, -55.3, 281.725, -205.755, -55.3, 205, 133, 63
L 281.725, -204.255, -55.3, 282.325, -203.655, -55.3, 0, 0, 0
L 282.325, -203.655, -55.3, 284.125, -203.655, -55.3, 0, 0, 0
L 285.825, -203.655, -55.3, 286.425, -204.355, -55.3, 0, 0, 0
L 286.425, -204.355, -55.3, 286.425, -205.755, -55.3, 0, 0, 0
L 286.425, -219.755, -55.3, 285.925, -220.355, -55.3, 205, 133, 63
L 281.125, -220.355, -55.3, 285.925, -220.355, -55.3, 205, 133, 63
L 293.025, -239.655, -55.3, 292.325, -239.655, -55.3, 0, 0, 0
L 296.325, -239.655, -55.3, 293.025, -239.655, -55.3, 0, 0, 0
L 296.325, -239.655, -55.3, 292.325, -239.655, -55.3, 0, 0, 0
L 292.325, -239.655, -55.3, 291.725, -240.155, -55.3, 0, 0, 0
L 291.725, -240.155, -55.3, 291.725, -241.955, -55.3, 0, 0, 0
L 291.725, -243.855, -55.3, 292.225, -244.355, -55.3, 0, 0, 0
L 292.225, -244.355, -55.3, 294.025, -244.355, -55.3, 0, 0, 0
L 294.025, -244.355, -55.3, 294.425, -243.855, -55.3, 0, 0, 0
L 294.425, -243.855, -55.3, 294.425, -242.355, -55.3, 0, 0, 0
L 278.625, -239.655, -55.3, 254.425, -239.655, -55.3, 0, 0, 0
L 281.825, -239.655, -55.3, 278.625, -239.655, -55.3, 0, 0, 0
L 281.825, -239.655, -55.3, 282.425, -240.155, -55.3, 0, 0, 0
L 282.425, -240.155, -55.3, 282.425, -241.955, -55.3, 0, 0, 0
L 282.425, -243.855, -55.3, 281.925, -244.355, -55.3, 0, 0, 0
L 281.925, -244.355, -55.3, 280.225, -244.355, -55.3, 0, 0, 0
L 280.225, -244.355, -55.3, 279.725, -243.755, -55.3, 0, 0, 0
L 246.425, -239.555, -55.3, 245.725, -240.155, -55.3, 0, 0, 0
L 245.725, -240.155, -55.3, 245.725, -241.955, -55.3, 0, 0, 0
L 245.725, -243.755, -55.3, 246.325, -244.355, -55.3, 0, 0, 0
L 246.325, -244.355, -55.3, 248.025, -244.355, -55.3, 0, 0, 0
L 248.025, -244.355, -55.3, 248.425, -243.855, -55.3, 0, 0, 0
L 248.425, -243.855, -55.3, 248.425, -242.355, -55.3, 0, 0, 0
L 234.825, -239.655, -55.3, 236.025, -239.655, -55.3, 0, 0, 0
L 236.025, -239.655, -55.3, 236.525, -240.155, -55.3, 0, 0, 0
L 236.525, -240.155, -55.3, 236.525, -241.955, -55.3, 0, 0, 0
L 236.525, -243.755, -55.3, 236.025, -244.355, -55.3, 0, 0, 0
L 236.025, -244.355, -55.3, 234.225, -244.355, -55.3, 0, 0, 0
L 234.225, -244.355, -55.3, 233.725, -243.755, -55.3, 0, 0, 0
L 233.725, -243.755, -55.3, 233.725, -242.355, -55.3, 0, 0, 0
L 319.725, -205.655, -55.3, 308.425, -205.655, -55.3, 150, 150, 150
L 308.425, -206.655, -54.3, 319.725, -206.655, -54.3, 150, 150, 150
L 319.725, -207.655, -53.3, 308.425, -207.655, -53.3, 150, 150, 150
L 308.425, -208.655, -52.3, 319.725, -208.655, -52.3, 150, 150, 150
L 319.725, -209.655, -51.3, 308.425, -209.655, -51.3, 150, 150, 150
L 308.425, -210.655, -50.3, 319.725, -210.655, -50.3, 150, 150, 150
L 319.725, -211.655, -49.3, 308.425, -211.655, -49.3, 150, 150, 150
L 308.425, -212.655, -48.3, 319.725, -212.655, -48.3, 150, 150, 150
L 319.725, -213.655, -47.3, 308.425, -213.655, -47.3, 150, 150, 150
L 308.425, -214.655, -46.3, 319.725, -214.655, -46.3, 150, 150, 150
L 319.725, -215.655, -45.3, 308.425, -215.655, -45.3, 150, 150, 150
L 308.425, -216.655, -44.3, 319.725, -216.655, -44.3, 150, 150, 150
L 319.725, -217.655, -43.3, 308.425, -217.655, -43.3, 150, 150, 150
L 232.525, -160.355, -41.3, 232.525, -171.655, -41.3, 150, 150, 150
L 231.525, -171.655, -40.3, 231.525, -160.355, -40.3, 150, 150, 150
L 230.425, -160.355, -39.3, 230.525, -171.655, -39.3, 150, 150, 150
L 229.525, -171.655, -38.4, 229.525, -160.355, -38.3, 150, 150, 150
L 228.525, -160.355, -37.3, 228.525, -171.655, -37.4, 150, 150, 150
L 227.525, -171.655, -36.4, 227.525, -160.355, -36.3, 150, 150, 150
L 226.525, -160.355, -35.3, 226.525, -171.655, -35.4, 150, 150, 150
L 225.525, -171.655, -34.4, 225.425, -160.355, -34.3, 150, 150, 150
L 223.725, -172.655, -33.4, 212.525, -172.655, -33.3, 150, 150, 150
L 212.525, -173.655, -32.3, 223.725, -173.655, -32.4, 150, 150, 150
L 223.725, -174.655, -31.4, 212.525, -174.655, -31.4, 150, 150, 150
L 212.525, -175.655, -30.3, 223.725, -175.655, -30.4, 150, 150, 150
L 223.725, -176.655, -29.4, 212.525, -176.655, -29.3, 150, 150, 150
L 212.525, -177.655, -28.3, 223.725, -177.655, -28.4, 150, 150, 150
L 108.425, 187.645, -83.3, 98.625, 177.845, -83.3, 150, 150, 150
L 112.425, 191.545, -83.3, 121.025, 195.845, -83.3, 150, 150, 150
L 140.125, 205.345, -83.3, 140.625, 205.745, -83.3, 150, 150, 150
L 140.625, 205.745, -83.3, 153.825, 215.845, -78.7, 150, 150, 150
L 121.025, 195.845, -83.3, 112.525, 192.045, -76.5, 150, 150, 150
L 112.525, 192.045, -76.5, 112.025, 191.945, -62.8, 150, 150, 150
L 112.025, 191.945, -62.8, 98.025, 177.945, -64.3, 150, 150, 150
L 98.025, 177.945, -64.3, 70.225, 177.845, -64.3, 150, 150, 150
L 70.225, 177.845, -64.3, 42.525, 191.845, -63.0, 150, 150, 150
L 42.525, 191.845, -63.0, 41.925, 192.045, -54.8, 150, 150, 150
L 41.925, 192.045, -54.8, 28.125, 177.845, -55.3, 150, 150, 150
L 28.125, 177.845, -55.3, 28.225, 163.945, -54.8, 150, 150, 150
L 28.225, 163.945, -54.8, 42.125, 150.045, -54.8, 150, 150, 150
L 42.125, 150.045, -54.8, 56.125, 107.945, -55.3, 150, 150, 150
L 56.125, 107.945, -55.3, 28.225, 79.945, -55.1, 150, 150, 150
L 28.225, 79.945, -55.1, 28.025, 52.345, -55.0, 150, 150, 150
L 28.025, 52.345, -55.0, 42.025, 24.045, -55.3, 150, 150, 150
L 42.025, 24.045, -55.3, 56.125, 23.845, -55.3, 150, 150, 150
L 56.125, 23.845, -55.3, 84.225, 37.845, -55.3, 150, 150, 150
L 84.225, 37.845, -55.3, 97.725, 65.845, -83.3, 150, 150, 150
L 364.125, 65.545, -55.3, 364.125, 24.045, -55.3, 150, 150, 150
L 364.125, 24.045, -55.3, 350.725, 10.245, -54.1, 150, 150, 150
L 350.725, 10.245, -54.1, 322.325, -4.155, -54.6, 150, 150, 150
L 322.325, -4.155, -54.6, 307.925, 9.745, -55.3, 150, 150, 150
L 307.925, 9.745, -55.3, 294.425, 9.745, -54.7, 150, 150, 150
L 294.425, 9.745, -54.7, 280.425, -14.755, -61.5, 150, 150, 150
L 221.725, -129.655, -55.3, 210.525, -129.655, -55.2, 150, 150, 150
L 210.525, -130.655, -54.3, 221.725, -130.655, -54.3, 150, 150, 150
L 221.725, -131.655, -53.3, 210.525, -131.655, -53.3, 150, 150, 150
L 210.525, -132.655, -52.3, 221.725, -132.655, -52.3, 150, 150, 150
L 221.725, -133.655, -51.3, 210.525, -133.655, -51.3, 150, 150, 150
L 210.525, -134.655, -50.3, 221.725, -134.655, -50.3, 150, 150, 150
L 221.725, -135.655, -49.3, 210.525, -135.655, -49.3, 150, 150, 150
L 210.525, -136.755, -48.2, 221.725, -136.655, -48.3, 150, 150, 150
L 221.725, -137.655, -47.3, 210.525, -137.655, -47.3, 150, 150, 150
L 210.525, -138.655, -46.3, 221.725, -138.655, -46.3, 150, 150, 150
L 221.725, -139.655, -45.3, 210.525, -139.655, -45.3, 150, 150, 150
L 210.525, -140.655, -44.3, 221.725, -140.655, -44.3, 150, 150, 150
L 221.725, -141.655, -43.3, 210.525, -141.655, -43.3, 150, 150, 150
L 210.525, -142.755, -42.2, 221.725, -142.655, -42.3, 150, 150, 150
L 392.425, -238.355, -55.3, 393.825, -238.355, -55.3, 0, 0, 0
L 393.825, -238.355, -55.3, 394.425, -237.855, -55.3, 0, 0, 0
L 394.425, -237.855, -55.3, 394.425, -236.155, -55.3, 0, 0, 0
L 394.425, -236.155, -55.3, 394.025, -235.655, -55.3, 0, 0, 0
L 394.025, -235.655, -55.3, 392.025, -235.655, -55.3, 0, 0, 0
L 390.225, -235.655, -55.3, 389.725, -236.155, -55.3, 0, 0, 0
L 389.725, -236.155, -55.3, 389.725, -239.655, -55.3, 0, 0, 0
L 392.425, -241.755, -55.3, 392.425, -238.355, -55.3, 0, 0, 0
L 392.425, -241.755, -55.3, 392.025, -242.355, -55.3, 0, 0, 0
L 392.025, -242.355, -55.3, 336.325, -242.355, -55.3, 0, 0, 0
L 336.325, -242.355, -55.3, 335.725, -241.955, -55.3, 0, 0, 0
L 335.725, -241.955, -55.3, 335.725, -130.155, -55.3, 0, 0, 0
L 335.725, -130.155, -55.3, 336.125, -129.655, -55.3, 0, 0, 0
L 363.825, -129.655, -55.3, 364.125, -129.655, -55.3, 0, 0, 0
L 336.125, -129.655, -55.3, 364.125, -129.655, -55.3, 0, 0, 0
L 389.725, -225.755, -55.3, 389.725, -183.655, -55.3, 0, 0, 0
L 389.725, -225.755, -55.3, 390.225, -226.355, -55.3, 0, 0, 0
L 390.225, -226.355, -55.3, 392.025, -226.355, -55.3, 0, 0, 0
L 393.825, -226.355, -55.3, 394.425, -225.855, -55.3, 0, 0, 0
L 394.425, -225.855, -55.3, 394.425, -224.055, -55.3, 0, 0, 0
L 394.425, -224.055, -55.3, 393.925, -223.655, -55.3, 0, 0, 0
L 386.425, -163.855, -55.3, 385.925, -164.355, -55.3, 0, 0, 0
L 385.925, -164.355, -55.3, 378.225, -164.355, -55.3, 0, 0, 0
L 378.225, -164.355, -55.3, 377.725, -163.755, -55.3, 0, 0, 0
L 365.625, -164.355, -55.3, 365.925, -164.355, -55.3, 0, 0, 0
L 358.425, -164.355, -55.3, 365.625, -164.355, -55.3, 0, 0, 0
L 506.925, -172.355, -55.3, 507.625, -172.355, -55.3, 0, 0, 0
L 506.925, -172.355, -55.3, 504.125, -172.355, -55.3, 0, 0, 0
L 504.125, -172.355, -55.3, 503.625, -171.955, -55.3, 0, 0, 0
L 503.625, -171.955, -55.3, 503.625, -102.455, -55.3, 0, 0, 0
L 476.425, 23.845, -55.3, 489.825, 23.845, -55.3, 150, 150, 150
L 489.825, 23.845, -55.3, 517.725, 9.945, -55.3, 150, 150, 150
L 517.725, 9.945, -55.3, 517.925, -3.955, -55.2, 150, 150, 150
L 517.925, -3.955, -55.2, 518.225, -4.455, -75.2, 150, 150, 150
L 545.625, -45.855, -61.9, 546.025, 9.845, -55.3, 150, 150, 150
L 546.025, 9.845, -55.3, 532.125, 37.945, -55.1, 150, 150, 150
L 532.125, 37.945, -55.1, 532.025, 65.845, -55.3, 150, 150, 150
L 532.025, 65.845, -55.3, 546.125, 79.845, -55.3, 150, 150, 150
L 546.125, 79.845, -55.3, 546.125, 93.745, -55.3, 150, 150, 150
L 546.125, 93.745, -55.3, 532.125, 107.945, -55.3, 150, 150, 150
L 532.125, 107.945, -55.3, 490.225, 107.945, -55.3, 150, 150, 150
L 490.225, 107.945, -55.3, 476.025, 121.945, -55.3, 150, 150, 150
L 476.025, 121.945, -55.3, 462.125, 163.945, -55.3, 150, 150, 150
L 462.125, 163.945, -55.3, 462.125, 191.845, -55.2, 150, 150, 150
L 462.125, 191.845, -55.2, 448.025, 219.945, -55.3, 150, 150, 150
L 448.025, 219.945, -55.3, 406.025, 219.845, -55.3, 150, 150, 150
L 406.025, 219.845, -55.3, 378.025, 191.845, -55.3, 150, 150, 150
L 378.025, 191.845, -55.3, 350.125, 108.145, -55.3, 150, 150, 150
L 350.125, 108.145, -55.3, 349.525, 80.245, -55.3, 150, 150, 150
L 364.425, 108.245, -61.3, 377.725, 121.445, -61.1, 150, 150, 150
L 377.725, 121.445, -61.1, 378.125, 121.745, -58.3, 150, 150, 150
L 378.125, 121.745, -58.3, 391.725, 121.745, -58.4, 150, 150, 150
L 391.725, 121.745, -58.4, 392.225, 121.145, -54.5, 150, 150, 150
L 392.225, 121.145, -54.5, 406.025, 121.745, -55.3, 150, 150, 150
L 406.025, 121.745, -55.3, 434.125, 93.745, -55.3, 150, 150, 150
L 434.125, 93.745, -55.3, 433.925, 80.245, -55.3, 150, 150, 150
L 277.725, -43.655, -54.3, 266.425, -43.655, -54.3, 150, 150, 150
L 266.425, -44.655, -53.3, 277.725, -44.655, -53.3, 150, 150, 150
L 277.725, -45.655, -52.3, 266.425, -45.655, -52.3, 150, 150, 150
L 266.425, -46.755, -51.3, 277.725, -46.655, -51.3, 150, 150, 150
L 277.725, -47.655, -50.3, 266.425, -47.655, -50.3, 150, 150, 150
L 266.425, -48.755, -49.3, 277.725, -48.655, -49.3, 150, 150, 150
L 277.725, -49.655, -48.3, 266.425, -49.755, -48.3, 150, 150, 150
L 266.425, -50.755, -47.3, 277.725, -50.655, -47.3, 150, 150, 150
L 277.725, -51.655, -46.3, 266.425, -51.655, -46.3, 150, 150, 150
L 266.425, -52.855, -45.1, 277.725, -52.655, -45.3, 150, 150, 150
L 277.725, -53.655, -44.3, 266.425, -53.855, -44.1, 150, 150, 150
L 266.425, -54.855, -43.1, 277.725, -54.655, -43.3, 150, 150, 150
L 277.725, -55.655, -42.3, 266.425, -55.755, -42.3, 150, 150, 150
L 277.725, -56.455, -41.3, 277.725, -42.655, -55.3, 0, 204, 0
L 265.125, -56.455, -41.3, 265.925, -56.455, -41.3, 0, 204, 0
L 265.925, -56.455, -41.3, 266.425, -55.655, -42.3, 0, 204, 0
L 266.425, -55.655, -42.3, 266.425, -42.655, -55.3, 0, 204, 0
L 277.725, -56.255, -41.3, 277.725, -69.655, -41.3, 0, 204, 0
L 277.725, -69.655, -41.3, 276.225, -69.655, -41.3, 0, 204, 0
L 276.225, -69.655, -41.3, 275.725, -70.355, -41.3, 0, 204, 0
L 275.725, -70.355, -41.3, 275.725, -71.655, -41.3, 0, 204, 0
L 275.725, -71.655, -41.3, 240.525, -71.655, -41.3, 0, 204, 0
L 240.525, -71.655, -41.3, 240.525, -70.255, -41.3, 0, 204, 0
L 240.525, -70.255, -41.3, 240.025, -69.655, -41.3, 0, 204, 0
L 240.025, -69.655, -41.3, 236.425, -69.655, -41.3, 0, 204, 0
L 236.425, -69.655, -41.3, 235.725, -70.255, -41.3, 0, 204, 0
L 235.725, -70.255, -41.3, 235.725, -71.655, -41.3, 0, 204, 0
L 235.725, -71.655, -41.3, 200.525, -71.655, -41.3, 0, 204, 0
L 200.525, -71.655, -41.3, 200.525, -70.255, -41.3, 0, 204, 0
L 200.525, -70.255, -41.3, 199.825, -69.655, -41.3, 0, 204, 0
L 199.825, -69.655, -41.3, 198.525, -69.655, -41.3, 0, 204, 0
L 198.525, -69.655, -41.3, 198.525, -22.455, -41.3, 0, 204, 0
L 198.525, -22.455, -41.3, 200.025, -22.455, -41.3, 0, 204, 0
L 200.025, -22.455, -41.3, 200.525, -21.955, -41.3, 0, 204, 0
L 200.525, -21.955, -41.3, 200.525, -20.455, -41.3, 0, 204, 0
L 200.525, -20.455, -41.3, 221.825, -20.455, -41.3, 0, 204, 0
L 221.825, -20.455, -41.3, 222.525, -19.755, -41.3, 0, 204, 0
L 222.525, -19.755, -41.3, 222.525, -18.055, -41.3, 0, 204, 0
L 222.525, -16.255, -41.3, 222.025, -15.755, -41.3, 0, 204, 0
L 222.025, -15.755, -41.3, 220.325, -15.755, -41.3, 0, 204, 0
L 220.325, -15.755, -41.3, 219.725, -16.155, -41.3, 0, 204, 0
L 219.725, -16.155, -41.3, 219.725, -17.755, -41.3, 0, 204, 0
L 219.725, -17.755, -41.3, 198.525, -17.755, -41.3, 0, 204, 0
L 198.525, -17.755, -41.3, 198.325, 35.545, -41.3, 0, 204, 0
L 198.325, 35.545, -41.3, 235.925, 35.645, -41.3, 0, 204, 0
L 235.925, 35.645, -41.3, 235.725, -17.755, -41.3, 0, 204, 0
L 235.725, -17.755, -41.3, 234.525, -17.755, -41.3, 0, 204, 0
L 234.525, -17.755, -41.3, 234.525, -16.355, -41.3, 0, 204, 0
L 234.525, -16.355, -41.3, 233.925, -15.755, -41.3, 0, 204, 0
L 233.925, -15.755, -41.3, 232.425, -15.755, -41.3, 0, 204, 0
L 232.425, -20.455, -41.3, 235.725, -20.455, -41.3, 0, 204, 0
L 235.725, -20.455, -41.3, 235.725, -21.855, -41.3, 0, 204, 0
L 235.725, -21.855, -41.3, 236.325, -22.455, -41.3, 0, 204, 0
L 236.325, -22.455, -41.3, 239.925, -22.455, -41.3, 0, 204, 0
L 239.925, -22.455, -41.3, 240.525, -21.955, -41.3, 0, 204, 0
L 240.525, -21.955, -41.3, 240.525, -20.455, -41.3, 0, 204, 0
L 240.525, -20.455, -41.3, 275.725, -20.455, -41.3, 0, 204, 0
L 275.725, -20.455, -41.3, 275.725, -21.955, -41.3, 0, 204, 0
L 275.725, -21.955, -41.3, 276.225, -22.455, -41.3, 0, 204, 0
L 276.225, -22.455, -41.3, 277.725, -22.455, -41.3, 0, 204, 0
L 277.725, -22.455, -41.3, 277.725, -27.755, -41.3, 0, 204, 0
L 277.725, -27.755, -41.3, 276.125, -27.755, -41.3, 0, 204, 0
L 276.125, -27.755, -41.3, 264.425, -27.755, -41.3, 0, 204, 0
L 264.425, -27.755, -41.3, 263.725, -28.255, -41.3, 0, 204, 0
L 263.725, -28.255, -41.3, 263.725, -55.855, -41.3, 0, 204, 0
L 263.725, -55.855, -41.3, 264.425, -56.455, -41.3, 0, 204, 0
L 264.425, -56.455, -41.3, 265.925, -56.455, -41.3, 0, 204, 0
L 126.425, 79.445, -72.2, 139.925, 65.945, -65.6, 150, 150, 150
L 139.925, 65.945, -65.6, 138.125, 62.145, -63.5, 150, 150, 150
L 138.125, 62.145, -63.5, 134.225, 45.745, -60.6, 150, 150, 150
L 134.225, 45.745, -60.6, 143.825, 38.045, -59.2, 150, 150, 150
L 143.825, 38.045, -59.2, 144.225, 37.845, -55.3, 150, 150, 150
L 144.225, 37.845, -55.3, 154.225, 37.845, -55.2, 150, 150, 150
L 195.725, 23.945, -55.3, 195.725, 38.245, -55.3, 0, 0, 0
L 154.225, 37.845, -55.2, 195.725, 23.945, -55.3, 150, 150, 150
L 336.425, 65.545, -55.3, 343.525, 65.545, -55.7, 0, 0, 0
L 102.825, 122.245, -82.3, 102.825, 133.445, -82.3, 150, 150, 150
L 103.825, 133.445, -81.3, 103.825, 122.245, -81.3, 150, 150, 150
L 104.825, 122.245, -80.3, 104.825, 133.445, -80.3, 150, 150, 150
L 105.825, 133.445, -79.3, 105.825, 122.245, -79.3, 150, 150, 150
L 106.825, 122.245, -78.3, 106.825, 133.445, -78.3, 150, 150, 150
L 107.825, 133.445, -77.3, 107.825, 122.245, -77.3, 150, 150, 150
L 108.825, 122.245, -76.2, 108.825, 133.445, -76.3, 150, 150, 150
L 109.825, 133.445, -75.3, 109.825, 122.245, -75.3, 150, 150, 150
L 110.825, 122.245, -74.3, 110.825, 133.445, -74.3, 150, 150, 150
L 111.825, 133.445, -73.3, 111.825, 122.245, -73.3, 150, 150, 150
L 112.825, 122.245, -72.3, 112.825, 133.445, -72.3, 150, 150, 150
L 113.825, 133.445, -71.3, 113.825, 122.245, -71.3, 150, 150, 150
L 114.825, 122.245, -70.3, 114.825, 133.445, -70.3, 150, 150, 150
L 115.625, 133.445, -69.3, 101.825, 133.445, -83.3, 0, 204, 0
L 101.825, 122.245, -83.3, 115.425, 122.245, -69.3, 0, 204, 0
L 115.525, 133.445, -69.3, 149.825, 133.445, -69.3, 0, 204, 0
L 149.825, 133.445, -69.3, 149.825, 131.945, -69.3, 0, 204, 0
L 149.825, 131.945, -69.3, 150.425, 131.445, -69.3, 0, 204, 0
L 150.425, 131.445, -69.3, 151.825, 131.445, -69.3, 0, 204, 0
L 151.825, 131.445, -69.3, 151.825, 108.245, -69.3, 0, 204, 0
L 151.825, 108.245, -69.3, 150.325, 108.245, -69.3, 0, 204, 0
L 150.325, 108.245, -69.3, 149.825, 107.545, -69.3, 0, 204, 0
L 149.825, 107.545, -69.3, 149.825, 104.145, -69.3, 0, 204, 0
L 149.825, 104.145, -69.3, 150.225, 103.545, -69.3, 0, 204, 0
L 150.225, 103.545, -69.3, 151.825, 103.545, -69.3, 0, 204, 0
L 151.825, 103.545, -69.3, 151.825, 84.245, -69.3, 0, 204, 0
L 151.825, 84.245, -69.3, 150.225, 84.245, -69.3, 0, 204, 0
L 150.225, 84.245, -69.3, 149.825, 83.345, -69.3, 0, 204, 0
L 149.825, 83.345, -69.3, 149.825, 82.245, -69.3, 0, 204, 0
L 149.825, 82.245, -69.3, 120.525, 82.245, -69.3, 0, 204, 0
L 120.525, 82.245, -69.3, 120.525, 85.645, -69.3, 0, 204, 0
L 120.525, 85.645, -69.3, 119.825, 86.245, -69.3, 0, 204, 0
L 119.825, 86.245, -69.3, 119.125, 86.245, -69.3, 0, 204, 0
L 118.425, 86.245, -69.3, 117.825, 85.745, -69.3, 0, 204, 0
L 117.825, 85.745, -69.3, 117.825, 82.245, -69.3, 0, 204, 0
L 86.525, 103.545, -69.3, 88.025, 103.545, -69.3, 0, 204, 0
L 88.025, 103.545, -69.3, 88.525, 104.045, -69.3, 0, 204, 0
L 88.525, 104.045, -69.3, 88.525, 107.745, -69.3, 0, 204, 0
L 88.525, 107.745, -69.3, 87.925, 108.245, -69.3, 0, 204, 0
L 87.925, 108.245, -69.3, 86.525, 108.245, -69.3, 0, 204, 0
L 86.525, 108.245, -69.3, 86.525, 119.545, -69.3, 0, 204, 0
L 117.825, 96.145, -69.3, 118.225, 95.545, -69.3, 0, 204, 0
L 118.225, 95.545, -69.3, 119.125, 95.545, -69.3, 0, 204, 0
L 120.025, 95.545, -69.3, 120.525, 96.145, -69.3, 0, 204, 0
L 120.525, 96.145, -69.3, 120.525, 121.745, -69.3, 0, 204, 0
L 120.525, 121.745, -69.3, 119.925, 122.245, -69.3, 0, 204, 0
L 119.925, 122.245, -69.3, 115.325, 122.245, -69.3, 0, 204, 0
L 1251.325, 1208.545, -53.3, 92.625, 1208.545, -54.0, 199, 21, 133
L 92.525, 844.345, -55.3, 92.525, 1317.945, -55.3, 0, 0, 0
L 42.525, 303.445, -55.3, 42.525, 305.445, -55.3, 0, 0, 0
L 40.225, 276.145, -55.3, 30.525, 276.145, -55.3, 102, 0, 204
L 40.225, 303.445, -55.3, 42.525, 303.445, -55.3, 102, 0, 204
L 40.225, 276.145, -55.3, 40.225, 303.445, -55.3, 255, 255, 0
L 42.125, 276.145, -55.3, 40.225, 276.145, -55.3, 102, 0, 204
L 41.825, -205.555, -27.4, 41.825, -144.355, -27.4, 0, 0, 0
L 364.125, 80.245, -55.3, 364.225, 107.545, -55.1, 150, 150, 150
L 363.725, 61.545, -81.3, 363.725, 72.645, -83.3, 150, 150, 150
L 364.225, 107.545, -55.1, 364.425, 108.245, -61.3, 150, 150, 150
L 671.525, 52.145, -55.3, 671.525, 65.645, -55.3, 0, 0, 0
L 307.725, -507.055, -27.4, 332.525, -508.255, -28.0, 0, 0, 0
L 332.525, -508.255, -28.0, 365.125, -508.255, -28.0, 0, 0, 0
L 535.625, -104.455, -41.3, 506.425, -104.455, -41.3, 0, 204, 0
L 538.425, -135.655, -41.3, 545.225, -135.655, -41.3, 0, 204, 0
L 538.425, -104.455, -41.3, 538.425, -135.655, -41.3, 0, 204, 0
L 557.625, -155.655, -41.3, 557.625, -138.355, -41.3, 0, 204, 0
L 557.625, -135.655, -41.3, 557.625, -104.455, -41.3, 0, 204, 0
L 557.625, -104.455, -41.3, 538.425, -104.455, -41.3, 0, 204, 0
L 535.625, -138.355, -41.3, 535.625, -104.455, -41.3, 0, 204, 0
L 506.425, -104.455, -41.3, 506.425, -130.555, -41.3, 0, 204, 0
L 545.225, -135.655, -41.3, 546.425, -135.655, -41.3, 0, 204, 0
L 524.125, -155.655, -41.3, 540.025, -155.655, -41.3, 0, 204, 0
L 546.425, -138.355, -41.3, 535.625, -138.355, -41.3, 0, 204, 0
L 540.025, -155.655, -41.3, 557.625, -155.655, -41.3, 0, 204, 0
L 523.625, -155.655, -41.3, 540.025, -155.655, -41.3, 0, 204, 0
L 546.425, -135.655, -41.3, 546.425, -137.055, -41.3, 0, 204, 0
L 557.625, -135.655, -41.3, 555.625, -135.655, -41.3, 0, 204, 0
L 555.625, -138.355, -41.3, 555.625, -137.055, -41.3, 0, 204, 0
L 557.625, -138.355, -41.3, 555.625, -138.355, -41.3, 0, 204, 0
L 526.825, -169.655, -41.3, 515.425, -169.655, -41.3, 0, 204, 0
L 515.425, -169.655, -41.3, 506.425, -169.655, -41.3, 0, 204, 0
L 506.425, -130.555, -41.3, 506.425, -169.655, -41.3, 0, 204, 0
L 528.925, -169.655, -41.3, 526.825, -169.655, -41.3, 0, 204, 0
L 366.425, -132.355, -41.3, 459.625, -132.355, -41.3, 0, 204, 0
L 459.625, -183.655, -41.3, 380.425, -183.655, -41.3, 0, 204, 0
L 380.425, -183.655, -41.3, 380.425, -144.255, -41.3, 0, 204, 0
L 459.625, -144.155, -41.3, 459.625, -183.655, -41.3, 0, 204, 0
L 334.725, -45.655, -69.3, 321.725, -45.655, -69.3, 102, 0, 204
L 347.725, -34.455, -56.3, 346.725, -34.455, -57.3, 102, 0, 204
L 346.725, -34.455, -57.3, 345.725, -34.455, -58.3, 102, 0, 204
L 345.725, -34.455, -58.3, 344.725, -34.455, -59.3, 102, 0, 204
L 344.725, -34.455, -59.3, 343.725, -34.455, -60.3, 102, 0, 204
L 343.725, -34.455, -60.3, 342.725, -34.455, -61.3, 102, 0, 204
L 342.725, -34.455, -61.3, 341.725, -34.455, -62.3, 102, 0, 204
L 341.725, -34.455, -62.3, 340.725, -34.455, -63.3, 102, 0, 204
L 340.725, -34.455, -63.3, 339.725, -34.455, -64.3, 102, 0, 204
L 339.725, -34.455, -64.3, 338.725, -34.455, -65.3, 102, 0, 204
L 338.725, -34.455, -65.3, 337.725, -34.455, -66.3, 102, 0, 204
L 337.725, -34.455, -66.3, 336.725, -34.455, -67.3, 102, 0, 204
L 336.725, -34.455, -67.3, 335.725, -34.455, -68.3, 102, 0, 204
L 335.725, -34.455, -68.3, 334.725, -34.455, -69.3, 102, 0, 204
L 347.725, -45.655, -56.3, 346.725, -45.655, -57.3, 102, 0, 204
L 346.725, -45.655, -57.3, 344.825, -45.655, -59.2, 102, 0, 204
L 344.825, -45.655, -59.2, 343.725, -45.655, -60.3, 102, 0, 204
L 343.725, -45.655, -60.3, 342.725, -45.655, -61.3, 102, 0, 204
L 342.725, -45.655, -61.3, 341.725, -45.655, -62.3, 102, 0, 204
L 341.725, -45.655, -62.3, 340.725, -45.655, -63.3, 102, 0, 204
L 340.725, -45.655, -63.3, 339.725, -45.655, -64.3, 102, 0, 204
L 339.725, -45.655, -64.3, 338.725, -45.655, -65.3, 102, 0, 204
L 338.725, -45.655, -65.3, 337.725, -45.655, -66.3, 102, 0, 204
L 337.725, -45.655, -66.3, 336.725, -45.655, -67.3, 102, 0, 204
L 336.725, -45.655, -67.3, 335.725, -45.655, -68.3, 102, 0, 204
L 335.725, -45.655, -68.3, 334.725, -45.655, -69.3, 102, 0, 204
L 350.425, -48.455, -55.3, 350.425, -45.655, -55.3, 0, 0, 0
L 347.725, -45.655, -56.3, 348.725, -45.655, -55.3, 102, 0, 204
L 348.725, -45.655, -55.3, 350.425, -45.655, -55.3, 0, 0, 0
L 348.725, -45.655, -55.3, 348.725, -34.455, -55.3, 150, 150, 150
L 361.725, -34.455, -55.3, 348.725, -34.455, -55.3, 0, 0, 0
L 347.725, -34.455, -56.3, 348.725, -34.455, -55.3, 102, 0, 204
L 268.425, -128.355, -55.3, 268.425, -123.655, -55.3, 0, 0, 0
L 156.525, 182.245, -69.3, 156.525, 229.445, -69.3, 0, 204, 0
L 219.725, 180.245, -69.3, 208.525, 180.245, -69.3, 0, 204, 0
L 208.525, 180.245, -69.3, 208.525, 193.545, -69.3, 0, 204, 0
L 266.425, 10.245, -97.3, 266.425, 23.645, -97.3, 102, 0, 204
L 266.425, 10.245, -97.3, 266.425, -3.255, -83.3, 102, 0, 204
L 277.725, -15.755, -83.3, 277.725, -3.255, -83.3, 178, 102, 255
L 277.725, -3.255, -83.3, 277.725, 10.245, -97.3, 102, 0, 204
L 198.525, 12.245, -83.3, 198.525, 35.545, -83.3, 178, 102, 255
L 714.325, 10.245, -41.3, 725.525, 10.245, -41.3, 150, 150, 150
L 725.525, 21.545, -41.3, 725.525, 10.245, -41.3, 0, 204, 0
L 725.525, -29.755, -55.3, 725.525, -18.455, -56.0, 0, 0, 0
L 725.525, -18.455, -56.0, 725.525, 10.245, -41.3, 0, 204, 0
L 632.325, -70.655, -41.3, 632.325, -32.455, -41.3, 0, 204, 0
L 655.525, -71.655, -41.3, 633.225, -71.655, -41.3, 0, 204, 0
L 633.225, -71.655, -41.3, 632.325, -70.655, -41.3, 0, 204, 0
L 656.325, 0.245, -55.3, 698.325, 0.045, -55.3, 205, 133, 63
L 618.325, -7.755, -55.3, 653.525, -7.755, -55.3, 0, 0, 0
L 618.325, 21.545, -55.3, 618.325, -7.755, -55.3, 0, 0, 0
L 713.625, -18.455, -55.3, 714.325, -18.455, -55.3, 0, 0, 0
L 823.525, -183.655, -27.4, 800.125, -183.655, -27.4, 102, 255, 102
L 804.725, -171.655, -27.4, 772.325, -171.655, -27.4, 102, 255, 102
L 772.325, -148.355, -27.4, 781.525, -148.355, -27.4, 102, 255, 102
L 772.325, -171.655, -27.4, 772.325, -148.355, -27.4, 102, 255, 102
L 875.425, -121.755, -27.4, 876.325, -122.355, -27.4, 102, 255, 102
L 876.325, -122.355, -27.4, 879.425, -122.355, -27.4, 102, 255, 102
L 826.225, -145.655, -27.4, 826.225, -127.255, -27.4, 102, 255, 102
L 827.725, -145.655, -27.4, 826.225, -145.655, -27.4, 102, 255, 102
L 828.225, -146.255, -27.4, 827.725, -145.655, -27.4, 102, 255, 102
L 827.625, -122.355, -27.4, 828.225, -120.955, -27.4, 102, 255, 102
L 826.225, -122.355, -27.4, 827.225, -122.355, -27.4, 102, 255, 102
L 827.725, -150.355, -27.4, 828.225, -149.755, -27.4, 102, 255, 102
L 823.525, -149.755, -27.4, 824.025, -150.355, -27.4, 102, 255, 102
L 827.225, -122.355, -27.4, 827.625, -122.355, -27.4, 102, 255, 102
L 875.425, -118.355, -27.4, 875.425, -121.755, -27.4, 102, 255, 102
L 828.225, -118.355, -27.4, 828.225, -120.955, -27.4, 102, 255, 102
L 826.225, -127.255, -27.4, 826.225, -122.355, -27.4, 102, 255, 102
L 828.225, -149.755, -27.4, 828.225, -146.255, -27.4, 102, 255, 102
L 824.025, -150.355, -27.4, 827.725, -150.355, -27.4, 102, 255, 102
L 828.225, -118.355, -27.4, 875.425, -118.355, -27.4, 102, 255, 102
L 813.725, -145.655, -27.4, 772.325, -145.655, -27.4, 102, 255, 102
L 814.225, -146.155, -27.4, 813.725, -145.655, -27.4, 102, 255, 102
L 813.625, -148.355, -27.4, 814.225, -147.855, -27.4, 102, 255, 102
L 812.225, -149.755, -27.4, 812.225, -148.355, -27.4, 102, 255, 102
L 811.625, -150.355, -27.4, 812.225, -149.755, -27.4, 102, 255, 102
L 808.025, -150.355, -27.4, 811.625, -150.355, -27.4, 102, 255, 102
L 786.325, -148.355, -27.4, 807.525, -148.355, -27.4, 102, 255, 102
L 785.625, -150.355, -27.4, 786.325, -149.855, -27.4, 102, 255, 102
L 782.225, -150.355, -27.4, 785.625, -150.355, -27.4, 102, 255, 102
L 781.525, -149.755, -27.4, 782.225, -150.355, -27.4, 102, 255, 102
L 823.425, -118.355, -27.4, 823.525, -149.755, -27.4, 102, 255, 102
L 781.525, -148.355, -27.4, 781.525, -149.755, -27.4, 102, 255, 102
L 807.525, -148.355, -27.4, 807.525, -149.855, -27.4, 102, 255, 102
L 807.525, -149.855, -27.4, 808.025, -150.355, -27.4, 102, 255, 102
L 814.225, -147.855, -27.4, 814.225, -146.955, -27.4, 102, 255, 102
L 812.225, -148.355, -27.4, 813.625, -148.355, -27.4, 102, 255, 102
L 786.325, -149.855, -27.4, 786.325, -148.355, -27.4, 102, 255, 102
L 772.325, -118.355, -27.4, 823.425, -118.355, -27.4, 102, 255, 102
L 772.325, -145.655, -27.4, 772.325, -118.355, -27.4, 102, 255, 102
L 809.525, -132.355, -54.3, 809.525, -145.655, -54.3, 0, 0, 0
L 809.525, -132.355, -54.3, 793.625, -132.355, -54.3, 0, 0, 0
L 793.625, -141.655, -54.3, 793.625, -132.355, -54.3, 150, 150, 150
L 793.625, -141.655, -54.3, 789.525, -141.655, -54.3, 0, 0, 0
L 772.325, -132.355, -47.3, 772.325, -141.655, -47.3, 0, 204, 0
L 772.325, -132.355, -47.3, 782.225, -132.355, -47.3, 0, 204, 0
L 793.625, -132.355, -54.3, 792.225, -132.355, -53.4, 0, 204, 0
L 782.225, -141.655, -47.3, 772.325, -141.655, -47.3, 150, 150, 150
L 793.625, -141.655, -54.3, 792.225, -141.655, -53.4, 0, 204, 0
L 772.325, -141.655, -47.3, 772.325, -142.755, -46.5, 0, 204, 0
L 772.325, -150.355, -41.3, 782.225, -150.355, -41.3, 150, 150, 150
L 782.225, -150.355, -41.3, 824.825, -150.355, -41.3, 0, 204, 0
L 782.225, -141.655, -47.3, 782.225, -142.755, -46.5, 0, 204, 0
L 782.225, -145.955, -44.3, 782.225, -147.055, -43.5, 0, 204, 0
L 772.325, -145.955, -44.3, 772.325, -147.055, -43.5, 0, 204, 0
L 782.225, -145.955, -44.3, 772.325, -145.955, -44.3, 150, 150, 150
L 782.225, -148.155, -42.8, 782.225, -149.255, -42.0, 0, 204, 0
L 772.325, -148.155, -42.8, 772.325, -149.255, -42.0, 0, 204, 0
L 782.225, -148.155, -42.8, 772.325, -148.155, -42.8, 150, 150, 150
L 782.225, -143.855, -45.8, 782.225, -144.955, -45.0, 0, 204, 0
L 772.325, -143.855, -45.8, 772.325, -144.955, -45.0, 0, 204, 0
L 782.225, -143.855, -45.8, 772.325, -143.855, -45.8, 150, 150, 150
L 787.925, -141.655, -50.8, 786.525, -141.655, -49.9, 0, 204, 0
L 787.925, -132.355, -50.8, 786.525, -132.355, -49.9, 0, 204, 0
L 787.925, -141.655, -50.8, 787.925, -132.355, -50.8, 150, 150, 150
L 790.725, -141.655, -52.5, 789.325, -141.655, -51.7, 0, 204, 0
L 790.725, -132.355, -52.5, 789.325, -132.355, -51.7, 0, 204, 0
L 790.725, -141.655, -52.5, 790.725, -132.355, -52.5, 150, 150, 150
L 785.125, -141.655, -49.0, 783.625, -141.655, -48.2, 0, 204, 0
L 785.125, -132.355, -49.0, 783.625, -132.355, -48.2, 0, 204, 0
L 785.125, -141.655, -49.0, 785.125, -132.355, -49.0, 150, 150, 150
L 782.225, -141.655, -47.3, 782.225, -132.355, -47.3, 150, 150, 150
L 792.225, -141.655, -53.4, 790.725, -141.655, -52.5, 0, 204, 0
L 792.225, -132.355, -53.4, 790.725, -132.355, -52.5, 0, 204, 0
L 792.225, -141.655, -53.4, 792.225, -132.355, -53.4, 150, 150, 150
L 789.325, -141.655, -51.7, 787.925, -141.655, -50.8, 0, 204, 0
L 789.325, -132.355, -51.7, 787.925, -132.355, -50.8, 0, 204, 0
L 789.325, -141.655, -51.7, 789.325, -132.355, -51.7, 150, 150, 150
L 786.525, -141.655, -49.9, 785.125, -141.655, -49.0, 0, 204, 0
L 786.525, -132.355, -49.9, 785.125, -132.355, -49.0, 0, 204, 0
L 786.525, -141.655, -49.9, 786.525, -132.355, -49.9, 150, 150, 150
L 783.625, -141.655, -48.2, 782.225, -141.655, -47.3, 0, 204, 0
L 783.625, -132.355, -48.2, 782.225, -132.355, -47.3, 0, 204, 0
L 783.625, -141.655, -48.2, 783.625, -132.355, -48.2, 150, 150, 150
L 782.225, -142.755, -46.5, 782.225, -143.855, -45.8, 0, 204, 0
L 772.325, -142.755, -46.5, 772.325, -143.855, -45.8, 0, 204, 0
L 782.225, -142.755, -46.5, 772.325, -142.755, -46.5, 150, 150, 150
L 782.225, -144.955, -45.0, 782.225, -145.955, -44.3, 0, 204, 0
L 772.325, -144.955, -45.0, 772.325, -145.955, -44.3, 0, 204, 0
L 782.225, -144.955, -45.0, 772.325, -144.955, -45.0, 150, 150, 150
L 782.225, -147.055, -43.5, 782.225, -148.155, -42.8, 0, 204, 0
L 772.325, -147.055, -43.5, 772.325, -148.155, -42.8, 0, 204, 0
L 782.225, -147.055, -43.5, 772.325, -147.055, -43.5, 150, 150, 150
L 782.225, -149.255, -42.0, 782.225, -150.355, -41.3, 0, 204, 0
L 772.325, -149.255, -42.0, 772.325, -150.355, -41.3, 0, 204, 0
L 782.225, -149.255, -42.0, 772.325, -149.255, -42.0, 150, 150, 150
L 117.825, 119.545, -69.3, 117.825, 96.145, -69.3, 0, 204, 0
L 86.525, 119.545, -69.3, 117.825, 119.545, -69.3, 0, 204, 0
L 86.525, 84.245, -69.3, 86.525, 103.545, -69.3, 0, 204, 0
L 87.925, 84.245, -69.3, 86.525, 84.245, -69.3, 0, 204, 0
L 88.525, 83.645, -69.3, 87.925, 84.245, -69.3, 0, 204, 0
L 117.825, 82.245, -69.3, 88.525, 82.245, -69.3, 0, 204, 0
L 88.525, 82.245, -69.3, 88.525, 83.645, -69.3, 0, 204, 0
L 100.525, 161.445, -83.3, 151.825, 161.445, -83.3, 0, 0, 0
L 151.825, 138.245, -83.3, 148.725, 138.245, -83.3, 205, 133, 63
L 151.825, 161.445, -83.3, 151.825, 138.245, -83.3, 0, 0, 0
L 268.425, -104.455, -55.3, 319.725, -104.455, -55.3, 0, 0, 0
L 268.425, -131.155, -55.3, 268.425, -128.355, -55.3, 0, 0, 0
L 268.425, -169.655, -55.3, 268.425, -131.155, -55.3, 0, 0, 0
L 364.125, 80.245, -55.3, 364.125, 65.545, -55.3, 0, 0, 0
L 349.925, 65.545, -59.9, 349.525, 80.245, -55.3, 0, 0, 0
L 121.025, 195.845, -83.3, 140.125, 205.345, -83.3, 150, 150, 150
L 153.825, 215.845, -78.7, 153.825, 233.845, -76.4, 0, 0, 0
L 226.525, -174.355, -27.4, 249.725, -174.355, -27.4, 102, 255, 102
L 245.925, -205.655, -27.4, 245.925, -206.955, -27.4, 102, 255, 102
L 245.925, -208.355, -27.4, 249.725, -208.355, -27.4, 102, 255, 102
L 249.725, -174.355, -27.4, 249.725, -205.655, -27.4, 102, 255, 102
L 249.725, -205.655, -27.4, 245.925, -205.655, -27.4, 102, 255, 102
L 236.225, -205.655, -27.4, 212.525, -205.655, -27.4, 102, 255, 102
L 212.525, -208.355, -27.4, 236.225, -208.355, -27.4, 102, 255, 102
L 236.225, -208.355, -27.4, 236.225, -206.955, -27.4, 102, 255, 102
L 249.725, -228.355, -27.4, 249.725, -239.655, -27.4, 102, 255, 102
L 231.725, -226.255, -27.4, 231.725, -229.755, -27.4, 102, 255, 102
L 232.425, -225.655, -27.4, 231.725, -226.255, -27.4, 102, 255, 102
L 232.425, -230.355, -27.4, 233.925, -230.355, -27.4, 102, 255, 102
L 234.525, -229.755, -27.4, 234.525, -228.355, -27.4, 102, 255, 102
L 232.925, -225.655, -27.4, 249.725, -225.655, -27.4, 102, 255, 102
L 231.725, -229.755, -27.4, 232.425, -230.355, -27.4, 102, 255, 102
L 233.925, -230.355, -27.4, 234.525, -229.755, -27.4, 102, 255, 102
L 249.725, -208.355, -27.4, 249.725, -225.655, -27.4, 102, 255, 102
L 234.525, -228.355, -27.4, 249.725, -228.355, -27.4, 102, 255, 102
L 249.725, -239.655, -27.4, 212.525, -239.655, -27.4, 102, 255, 102
L 232.425, -225.655, -27.4, 232.925, -225.655, -27.4, 102, 255, 102
L 319.725, -239.655, -41.3, 319.725, -218.655, -41.3, 0, 204, 0
L 308.425, -239.655, -41.3, 319.725, -239.655, -41.3, 0, 204, 0
L 308.425, -218.655, -41.3, 319.725, -218.655, -41.3, 150, 150, 150
L 308.425, -225.955, -41.3, 308.425, -218.655, -41.3, 0, 204, 0
L 308.425, -218.655, -41.3, 308.425, -205.655, -55.3, 0, 204, 0
L 319.725, -218.655, -41.3, 319.725, -205.655, -55.3, 0, 204, 0
L 223.725, -181.855, -27.4, 223.725, -178.955, -27.4, 102, 255, 102
L 212.525, -178.955, -27.4, 223.725, -178.955, -27.4, 150, 150, 150
L 223.725, -178.955, -27.4, 223.725, -172.655, -33.4, 102, 255, 102
L 221.725, -155.655, -41.3, 221.725, -146.255, -41.3, 0, 204, 0
L 221.725, -146.255, -41.3, 221.725, -129.655, -55.3, 0, 204, 0
L 198.525, -15.755, -55.3, 235.725, -15.755, -55.3, 0, 0, 0
L 235.725, 21.545, -55.3, 212.525, 21.545, -55.3, 0, 0, 0
L 235.725, -15.755, -55.3, 235.725, 21.545, -55.3, 0, 0, 0
L 195.725, 24.445, -83.3, 195.725, 38.245, -55.3, 0, 0, 0
L 195.725, 29.145, -83.3, 195.725, 36.445, -83.3, 178, 102, 255
L 280.425, -14.755, -61.5, 280.425, -18.055, -55.3, 0, 0, 0
L 250.925, -71.655, -55.3, 264.425, -71.655, -69.3, 102, 255, 102
L 264.425, -71.655, -69.3, 275.725, -71.655, -69.3, 102, 255, 102
L 223.525, 35.545, -69.3, 222.525, 35.545, -68.3, 102, 255, 102
L 212.525, 35.545, -58.3, 211.525, 35.545, -57.3, 102, 255, 102
L 213.525, 35.545, -59.3, 212.525, 35.545, -58.3, 102, 255, 102
L 214.525, 35.545, -60.3, 213.525, 35.545, -59.3, 102, 255, 102
L 215.525, 35.545, -61.3, 214.525, 35.545, -60.3, 102, 255, 102
L 216.525, 35.545, -62.3, 215.525, 35.545, -61.3, 102, 255, 102
L 217.525, 35.545, -63.3, 216.525, 35.545, -62.3, 102, 255, 102
L 218.525, 35.545, -64.3, 217.525, 35.545, -63.3, 102, 255, 102
L 219.525, 35.545, -65.3, 218.525, 35.545, -64.3, 102, 255, 102
L 220.525, 35.545, -66.3, 219.525, 35.545, -65.3, 102, 255, 102
L 221.525, 35.545, -67.3, 220.525, 35.545, -66.3, 102, 255, 102
L 222.525, 35.545, -68.3, 221.525, 35.545, -67.3, 102, 255, 102
L 211.525, 35.545, -57.3, 210.525, 35.545, -56.3, 102, 255, 102
L 210.525, 35.545, -56.3, 206.325, 35.545, -55.3, 0, 0, 0
L 223.925, 24.245, -69.3, 224.525, 23.745, -69.3, 102, 255, 102
L 224.525, 23.745, -69.3, 224.525, 22.145, -69.3, 102, 255, 102
L 473.625, 47.545, -83.3, 473.625, 12.245, -83.3, 102, 0, 204
L 451.725, 22.245, -83.3, 450.425, 22.245, -83.3, 102, 0, 204
L 450.425, 22.245, -83.3, 450.425, 47.545, -83.3, 102, 0, 204
L 452.425, 21.745, -83.3, 451.725, 22.245, -83.3, 102, 0, 204
L 452.425, 20.145, -83.3, 452.425, 21.745, -83.3, 102, 0, 204
L 451.825, 19.545, -83.3, 452.425, 20.145, -83.3, 102, 0, 204
L 471.625, 10.245, -83.3, 451.025, 10.245, -83.3, 102, 0, 204
L 409.925, 19.545, -83.3, 410.425, 20.145, -83.3, 102, 0, 204
L 471.625, -4.255, -83.3, 471.625, -57.655, -83.3, 102, 0, 204
L 448.425, 7.545, -83.3, 473.625, 7.545, -83.3, 102, 0, 204
L 408.425, 19.545, -83.3, 409.925, 19.545, -83.3, 102, 0, 204
L 410.425, 21.545, -83.3, 449.525, 21.545, -83.3, 102, 0, 204
L 410.425, 20.145, -83.3, 410.425, 21.545, -83.3, 102, 0, 204
L 471.625, -57.655, -83.3, 410.425, -57.655, -83.3, 102, 0, 204
L 408.425, -55.655, -83.3, 408.425, 19.545, -83.3, 102, 0, 204
L 409.825, -55.655, -83.3, 408.425, -55.655, -83.3, 102, 0, 204
L 410.425, -56.355, -83.3, 409.825, -55.655, -83.3, 102, 0, 204
L 410.425, -57.655, -83.3, 410.425, -56.355, -83.3, 102, 0, 204
L 473.625, -55.655, -41.3, 473.625, -20.455, -41.3, 0, 204, 0
L 408.425, -20.455, -41.3, 408.425, -55.655, -41.3, 0, 204, 0
L 408.425, -55.655, -41.3, 410.425, -57.655, -41.3, 0, 204, 0
L 444.425, -57.655, -41.3, 470.425, -57.655, -41.3, 0, 204, 0
L 470.425, -57.655, -41.3, 473.625, -55.655, -41.3, 0, 204, 0
L 408.425, 26.245, -27.4, 445.625, 26.245, -27.4, 102, 255, 102
L 445.625, 26.245, -27.4, 445.625, 77.545, -27.4, 102, 255, 102
L 445.625, 77.545, -27.4, 420.425, 77.545, -27.4, 102, 255, 102
L 420.425, 77.545, -27.4, 420.425, 37.745, -27.4, 102, 255, 102
L 448.425, 7.545, -69.3, 448.425, -9.955, -69.3, 178, 102, 255
L 454.425, -23.755, -69.3, 454.425, -22.255, -69.3, 178, 102, 255
L 453.925, -24.455, -69.3, 454.425, -23.755, -69.3, 178, 102, 255
L 454.425, -12.455, -69.3, 453.225, -12.455, -69.3, 178, 102, 255
L 453.625, -21.755, -69.3, 453.225, -21.755, -69.3, 178, 102, 255
L 454.425, -22.255, -69.3, 453.625, -21.755, -69.3, 178, 102, 255
L 454.425, -10.055, -69.3, 454.425, -12.455, -69.3, 178, 102, 255
L 448.425, -9.955, -69.3, 454.425, -10.055, -69.3, 178, 102, 255
L 453.225, -21.755, -69.3, 453.225, -12.455, -69.3, 150, 150, 150
L 449.525, 20.145, -83.3, 450.125, 19.545, -83.3, 102, 0, 204
L 450.125, 19.545, -83.3, 451.025, 19.545, -83.3, 102, 0, 204
L 449.525, 21.545, -83.3, 449.525, 20.145, -83.3, 102, 0, 204
L 433.625, -12.455, -83.3, 433.625, -21.755, -83.3, 102, 0, 204
L 433.625, -21.755, -83.3, 433.625, -23.855, -83.3, 102, 0, 204
L 433.625, -12.455, -83.3, 436.025, -12.455, -81.5, 102, 0, 204
L 453.225, -21.755, -69.3, 450.825, -21.755, -71.0, 102, 0, 204
L 443.425, -21.755, -76.3, 441.025, -21.755, -78.0, 102, 0, 204
L 443.425, -12.455, -76.3, 445.825, -12.455, -74.5, 102, 0, 204
L 443.425, -21.755, -76.3, 443.425, -12.455, -76.3, 150, 150, 150
L 448.325, -21.755, -72.8, 445.825, -21.755, -74.5, 102, 0, 204
L 448.325, -12.455, -72.8, 450.725, -12.455, -71.0, 102, 0, 204
L 448.325, -21.755, -72.8, 448.325, -12.455, -72.8, 150, 150, 150
L 450.825, -21.755, -71.0, 448.325, -21.755, -72.8, 102, 0, 204
L 450.725, -12.455, -71.0, 453.225, -12.455, -69.3, 102, 0, 204
L 450.825, -21.755, -71.0, 450.725, -12.455, -71.0, 150, 150, 150
L 445.825, -21.755, -74.5, 443.425, -21.755, -76.3, 102, 0, 204
L 445.825, -12.455, -74.5, 448.325, -12.455, -72.8, 102, 0, 204
L 445.825, -21.755, -74.5, 445.825, -12.455, -74.5, 150, 150, 150
L 438.525, -21.755, -79.8, 436.025, -21.755, -81.5, 102, 0, 204
L 438.525, -12.455, -79.8, 440.925, -12.455, -78.0, 102, 0, 204
L 438.525, -21.755, -79.8, 438.525, -12.455, -79.8, 150, 150, 150
L 441.025, -21.755, -78.0, 438.525, -21.755, -79.8, 102, 0, 204
L 440.925, -12.455, -78.0, 443.425, -12.455, -76.3, 102, 0, 204
L 441.025, -21.755, -78.0, 440.925, -12.455, -78.0, 150, 150, 150
L 436.025, -21.755, -81.5, 433.625, -21.755, -83.3, 102, 0, 204
L 436.025, -12.455, -81.5, 438.525, -12.455, -79.8, 102, 0, 204
L 436.025, -21.755, -81.5, 436.025, -12.455, -81.5, 150, 150, 150
L 459.625, 40.245, -41.3, 459.625, 7.645, -41.3, 0, 204, 0
L 447.625, 19.545, -41.3, 450.425, 19.545, -41.3, 0, 204, 0
L 447.625, 21.545, -41.3, 447.625, 19.545, -41.3, 0, 204, 0
L 447.625, 21.545, -41.3, 410.425, 21.545, -41.3, 0, 204, 0
L 419.625, 37.545, -55.3, 419.725, 26.245, -55.3, 150, 150, 150
L 419.625, 37.545, -55.3, 419.725, 66.245, -55.3, 0, 0, 0
L 408.425, 26.245, -27.4, 408.425, 38.145, -27.4, 102, 255, 102
L 408.425, 66.045, -41.3, 408.425, 54.245, -41.3, 0, 204, 0
L 408.425, 38.145, -27.4, 408.425, 41.245, -28.3, 102, 255, 102
L 408.425, 41.245, -28.3, 408.425, 44.145, -31.2, 102, 255, 102
L 408.425, 44.145, -31.2, 408.425, 45.245, -32.3, 102, 255, 102
L 408.425, 45.245, -32.3, 408.425, 48.145, -35.2, 102, 255, 102
L 408.425, 48.145, -35.2, 408.425, 49.245, -36.3, 102, 255, 102
L 408.425, 49.245, -36.3, 408.425, 50.245, -37.3, 102, 255, 102
L 408.425, 50.245, -37.3, 408.425, 52.245, -39.3, 102, 255, 102
L 408.425, 52.245, -39.3, 408.425, 53.245, -40.3, 102, 255, 102
L 408.425, 53.245, -40.3, 408.425, 54.245, -41.3, 102, 255, 102
L 417.625, 38.145, -27.4, 417.625, 41.245, -28.4, 102, 255, 102
L 417.625, 41.245, -28.4, 417.725, 54.245, -41.3, 102, 255, 102
L 417.725, 54.245, -41.3, 408.425, 54.245, -41.3, 150, 150, 150
L 476.425, 23.845, -55.3, 476.425, 48.845, -41.3, 0, 0, 0
L 473.625, 49.545, -41.3, 476.425, 48.845, -41.3, 0, 0, 0
L 450.425, 8.545, -55.3, 450.425, 14.245, -56.3, 0, 0, 0
L 459.625, 10.545, -55.3, 459.625, 14.245, -56.3, 0, 0, 0
L 459.625, 14.245, -56.3, 459.625, 15.245, -57.3, 178, 102, 255
L 459.625, 15.245, -57.3, 459.625, 16.245, -58.3, 178, 102, 255
L 459.625, 16.245, -58.3, 459.625, 17.245, -59.3, 178, 102, 255
L 459.625, 17.245, -59.3, 459.625, 18.245, -60.3, 178, 102, 255
L 459.625, 18.245, -60.3, 459.625, 19.245, -61.3, 178, 102, 255
L 459.625, 19.245, -61.3, 459.625, 20.245, -62.3, 178, 102, 255
L 459.625, 20.245, -62.3, 459.625, 21.245, -63.3, 178, 102, 255
L 459.625, 21.245, -63.3, 459.625, 22.245, -64.3, 178, 102, 255
L 459.625, 22.245, -64.3, 459.625, 23.245, -65.3, 178, 102, 255
L 459.625, 23.245, -65.3, 459.625, 24.245, -66.3, 178, 102, 255
L 459.625, 24.245, -66.3, 459.625, 25.245, -67.3, 178, 102, 255
L 459.625, 25.245, -67.3, 459.625, 26.245, -68.3, 178, 102, 255
L 459.625, 26.245, -68.3, 459.625, 27.245, -69.3, 178, 102, 255
L 450.425, 14.245, -56.3, 450.425, 15.245, -57.3, 178, 102, 255
L 450.425, 16.245, -58.3, 450.425, 17.145, -59.2, 178, 102, 255
L 450.425, 15.245, -57.3, 450.425, 16.245, -58.3, 178, 102, 255
L 450.425, 17.145, -59.2, 450.425, 18.245, -60.3, 178, 102, 255
L 450.425, 18.245, -60.3, 450.425, 19.245, -61.3, 178, 102, 255
L 450.425, 19.245, -61.3, 450.425, 20.245, -62.3, 178, 102, 255
L 450.425, 20.245, -62.3, 450.425, 21.245, -63.3, 178, 102, 255
L 450.425, 21.245, -63.3, 450.425, 22.245, -64.3, 178, 102, 255
L 450.425, 22.245, -64.3, 450.425, 23.245, -65.3, 178, 102, 255
L 450.425, 23.245, -65.3, 450.425, 24.245, -66.3, 178, 102, 255
L 450.425, 24.245, -66.3, 450.425, 25.245, -67.3, 178, 102, 255
L 450.425, 25.245, -67.3, 450.425, 27.245, -69.3, 178, 102, 255
L 436.425, 37.545, -41.3, 436.425, 40.245, -41.3, 0, 204, 0
L 420.625, 37.545, -54.3, 421.625, 37.545, -53.3, 0, 204, 0
L 433.625, 37.545, -41.3, 436.425, 37.545, -41.3, 0, 204, 0
L 421.625, 37.545, -53.3, 422.625, 37.545, -52.3, 0, 204, 0
L 432.625, 37.545, -42.3, 433.625, 37.545, -41.3, 0, 204, 0
L 431.625, 37.545, -43.3, 432.625, 37.545, -42.3, 0, 204, 0
L 430.625, 37.545, -44.3, 431.625, 37.545, -43.3, 0, 204, 0
L 429.625, 37.545, -45.3, 430.625, 37.545, -44.3, 0, 204, 0
L 428.625, 37.545, -46.3, 429.625, 37.545, -45.3, 0, 204, 0
L 427.625, 37.545, -47.3, 428.625, 37.545, -46.3, 0, 204, 0
L 426.625, 37.545, -48.3, 427.625, 37.545, -47.3, 0, 204, 0
L 425.625, 37.545, -49.3, 426.625, 37.545, -48.3, 0, 204, 0
L 424.625, 37.545, -50.3, 425.625, 37.545, -49.3, 0, 204, 0
L 423.625, 37.545, -51.3, 424.625, 37.545, -50.3, 0, 204, 0
L 422.625, 37.545, -52.3, 423.625, 37.545, -51.3, 0, 204, 0
L 420.625, 37.545, -54.3, 419.625, 37.545, -55.3, 0, 204, 0
L 433.625, 26.245, -41.3, 445.625, 26.245, -41.3, 0, 204, 0
L 433.625, 37.545, -41.3, 433.625, 26.245, -41.3, 0, 204, 0
L 433.625, 26.245, -41.3, 419.725, 26.245, -55.3, 0, 204, 0
L 464.425, 40.245, -41.3, 473.625, 40.245, -41.3, 150, 150, 150
L 473.625, 49.545, -41.3, 473.625, 40.245, -41.3, 0, 204, 0
L 464.425, 24.545, -55.3, 473.625, 24.545, -55.3, 150, 150, 150
L 473.625, 40.245, -41.3, 473.625, 38.245, -43.0, 0, 204, 0
L 464.425, 32.345, -48.3, 464.425, 34.345, -46.5, 0, 204, 0
L 473.625, 32.345, -48.3, 473.625, 30.445, -50.0, 0, 204, 0
L 464.425, 32.345, -48.3, 473.625, 32.345, -48.3, 150, 150, 150
L 464.425, 36.345, -44.8, 464.425, 38.245, -43.0, 0, 204, 0
L 473.625, 36.345, -44.8, 473.625, 34.345, -46.5, 0, 204, 0
L 464.425, 36.345, -44.8, 473.625, 36.345, -44.8, 150, 150, 150
L 464.425, 38.245, -43.0, 464.425, 40.245, -41.3, 0, 204, 0
L 473.625, 38.245, -43.0, 473.625, 36.345, -44.8, 0, 204, 0
L 464.425, 38.245, -43.0, 473.625, 38.245, -43.0, 150, 150, 150
L 464.425, 34.345, -46.5, 464.425, 36.345, -44.8, 0, 204, 0
L 473.625, 34.345, -46.5, 473.625, 32.345, -48.3, 0, 204, 0
L 464.425, 34.345, -46.5, 473.625, 34.345, -46.5, 150, 150, 150
L 464.425, 28.445, -51.8, 464.425, 30.445, -50.0, 0, 204, 0
L 473.625, 28.445, -51.8, 473.625, 26.545, -53.5, 0, 204, 0
L 464.425, 28.445, -51.8, 473.625, 28.445, -51.8, 150, 150, 150
L 464.425, 30.445, -50.0, 464.425, 32.345, -48.3, 0, 204, 0
L 473.625, 30.445, -50.0, 473.625, 28.445, -51.8, 0, 204, 0
L 464.425, 30.445, -50.0, 473.625, 30.445, -50.0, 150, 150, 150
L 464.425, 26.545, -53.5, 464.425, 28.445, -51.8, 0, 204, 0
L 473.625, 26.545, -53.5, 473.625, 24.545, -55.3, 0, 204, 0
L 464.425, 26.545, -53.5, 473.625, 26.545, -53.5, 150, 150, 150
L 828.225, 165.245, -27.4, 828.225, 189.445, -27.4, 0, 204, 0
L 809.625, 122.245, -55.3, 790.325, 122.245, -55.3, 0, 0, 0
L 820.125, 122.245, -55.3, 819.525, 121.445, -55.3, 0, 0, 0
L 819.525, 120.045, -55.3, 820.025, 119.545, -55.3, 0, 0, 0
L 879.425, 110.245, -55.3, 824.225, 110.245, -55.3, 0, 0, 0
L 819.525, 121.445, -55.3, 819.525, 120.045, -55.3, 0, 0, 0
L 821.525, 122.245, -55.3, 820.125, 122.245, -55.3, 0, 0, 0
L 821.525, 119.545, -55.3, 821.525, 110.245, -55.3, 0, 0, 0
L 824.225, 110.245, -55.3, 824.225, 137.545, -55.3, 0, 0, 0
L 820.025, 119.545, -55.3, 821.525, 119.545, -55.3, 0, 0, 0
L 821.525, 137.345, -55.3, 821.525, 122.245, -55.3, 0, 0, 0
L 822.125, 138.245, -55.3, 821.525, 137.345, -55.3, 0, 0, 0
L 836.225, 145.645, -83.3, 836.225, 144.145, -83.3, 178, 102, 255
L 835.825, 146.245, -83.3, 836.225, 145.645, -83.3, 178, 102, 255
L 836.225, 144.145, -83.3, 835.725, 143.445, -83.3, 178, 102, 255
L 834.025, 143.445, -83.3, 833.525, 143.945, -83.3, 178, 102, 255
L 835.725, 143.445, -83.3, 834.325, 143.445, -83.3, 178, 102, 255
L 834.125, 146.245, -83.3, 835.825, 146.245, -83.3, 178, 102, 255
L 833.525, 145.645, -83.3, 834.125, 146.245, -83.3, 178, 102, 255
L 833.525, 143.945, -83.3, 833.525, 145.645, -83.3, 178, 102, 255
L 834.325, 143.445, -83.3, 834.025, 143.445, -83.3, 178, 102, 255
L 634.325, -118.355, -55.3, 632.325, -120.355, -55.3, 0, 0, 0
L 634.325, -141.655, -55.3, 671.525, -141.655, -55.3, 0, 0, 0
L 632.325, -120.355, -55.3, 632.325, -139.655, -55.3, 0, 0, 0
L 687.525, -118.355, -55.3, 634.325, -118.355, -55.3, 0, 0, 0
L 632.325, -139.655, -55.3, 634.325, -141.655, -55.3, 0, 0, 0
L 629.725, -115.655, -55.3, 671.525, -115.655, -55.3, 0, 0, 0
L 629.725, -115.655, -55.3, 606.525, -115.955, -55.3, 0, 0, 0
L 630.325, -159.155, -55.3, 630.325, -144.355, -55.3, 0, 0, 0
L 671.525, -144.355, -55.3, 630.325, -144.355, -55.3, 0, 0, 0
L 671.525, -115.655, -55.3, 671.525, -102.455, -55.3, 0, 0, 0
L 671.525, -147.655, -55.3, 671.525, -144.355, -55.3, 0, 0, 0
L 671.525, -172.355, -55.3, 671.525, -162.355, -55.3, 0, 0, 0
L 728.125, -172.355, -55.3, 671.525, -172.355, -55.3, 0, 0, 0
L 671.525, -46.255, -55.3, 672.525, -45.655, -55.3, 0, 0, 0
L 728.325, -46.055, -55.3, 728.325, -171.855, -55.3, 0, 0, 0
L 727.825, -45.655, -55.3, 728.325, -46.055, -55.3, 0, 0, 0
L 671.525, -87.655, -55.3, 671.525, -46.255, -55.3, 0, 0, 0
L 672.525, -45.655, -55.3, 727.825, -45.655, -55.3, 0, 0, 0
L 615.625, -130.355, -55.3, 606.625, -130.155, -55.3, 0, 0, 0
L 606.625, -130.155, -55.3, 606.625, -115.855, -55.3, 0, 0, 0
L 671.525, -102.455, -55.3, 669.525, -102.355, -55.3, 0, 0, 0
L 676.325, -48.455, -55.3, 676.325, -50.055, -55.3, 0, 0, 0
L 725.525, -130.355, -55.3, 723.525, -130.355, -55.3, 0, 0, 0
L 694.325, -125.655, -55.3, 714.525, -125.755, -55.3, 205, 133, 63
L 674.325, -99.655, -55.3, 671.925, -99.655, -55.3, 0, 0, 0
L 714.525, -125.755, -55.3, 714.425, -130.455, -55.3, 205, 133, 63
L 696.325, -130.355, -55.3, 696.225, -158.855, -55.3, 205, 133, 63
L 669.625, -150.155, -55.3, 669.525, -148.555, -55.3, 0, 0, 0
L 676.325, -109.655, -55.3, 687.525, -109.655, -55.3, 0, 0, 0
L 687.525, -109.655, -55.3, 687.725, -73.755, -55.3, 0, 0, 0
L 690.225, -73.855, -55.3, 690.325, -109.655, -55.3, 0, 0, 0
L 725.525, -109.655, -55.3, 725.525, -50.455, -55.3, 0, 0, 0
L 725.525, -114.355, -55.3, 694.325, -114.355, -55.3, 205, 133, 63
L 671.525, -141.655, -55.3, 671.525, -139.555, -55.3, 0, 0, 0
L 725.525, -50.455, -55.3, 723.525, -50.355, -55.3, 0, 0, 0
L 674.325, -149.055, -55.3, 674.325, -149.255, -55.3, 0, 0, 0
L 674.325, -149.255, -55.3, 674.325, -150.155, -55.3, 0, 0, 0
L 674.325, -139.755, -55.3, 674.325, -149.055, -55.3, 0, 0, 0
L 671.525, -147.655, -55.3, 669.525, -147.655, -55.3, 0, 0, 0
L 674.325, -150.155, -55.3, 671.925, -150.155, -55.3, 0, 0, 0
L 723.525, -169.655, -55.3, 676.325, -169.655, -55.3, 0, 0, 0
L 694.325, -114.355, -55.3, 694.325, -125.655, -55.3, 0, 0, 0
L 669.525, -148.555, -55.3, 669.525, -147.655, -55.3, 0, 0, 0
L 723.525, -48.455, -55.3, 676.325, -48.455, -55.3, 0, 0, 0
L 674.325, -159.655, -55.3, 674.325, -167.655, -55.3, 0, 0, 0
L 687.725, -73.755, -55.3, 690.225, -73.855, -55.3, 0, 0, 0
L 690.325, -109.655, -55.3, 694.325, -109.655, -55.3, 0, 0, 0
L 674.325, -89.955, -55.3, 674.325, -90.455, -55.3, 0, 0, 0
L 676.325, -50.055, -55.3, 674.325, -50.455, -55.3, 0, 0, 0
L 725.525, -167.655, -55.3, 725.525, -130.355, -55.3, 0, 0, 0
L 723.525, -48.455, -55.3, 723.525, -50.355, -55.3, 0, 0, 0
L 671.525, -87.655, -55.3, 669.525, -87.655, -55.3, 0, 0, 0
L 723.525, -130.355, -55.3, 723.525, -127.655, -55.3, 0, 0, 0
L 725.525, -127.655, -55.3, 725.525, -114.355, -55.3, 0, 0, 0
L 714.425, -130.455, -55.3, 696.325, -130.355, -55.3, 205, 133, 63
L 669.525, -90.455, -55.3, 671.925, -90.455, -55.3, 0, 0, 0
L 696.225, -158.855, -55.3, 694.325, -158.855, -55.3, 205, 133, 63
L 671.525, -139.555, -55.3, 674.325, -139.755, -55.3, 0, 0, 0
L 669.525, -162.355, -55.3, 669.525, -159.655, -55.3, 0, 0, 0
L 674.325, -107.655, -55.3, 676.325, -107.755, -55.3, 0, 0, 0
L 669.525, -159.655, -55.3, 671.925, -159.655, -55.3, 0, 0, 0
L 687.725, -158.755, -55.3, 687.525, -118.355, -55.3, 0, 0, 0
L 725.525, -127.655, -55.3, 723.525, -127.655, -55.3, 0, 0, 0
L 671.525, -162.355, -55.3, 669.525, -162.355, -55.3, 0, 0, 0
L 674.325, -99.655, -55.3, 674.325, -107.655, -55.3, 0, 0, 0
L 674.325, -167.655, -55.3, 676.325, -169.655, -55.3, 0, 0, 0
L 676.325, -107.755, -55.3, 676.325, -109.655, -55.3, 0, 0, 0
L 674.325, -50.455, -55.3, 674.325, -89.955, -55.3, 0, 0, 0
L 615.625, -185.655, -55.3, 615.625, -130.355, -55.3, 0, 0, 0
L 699.525, -200.355, -55.3, 606.725, -200.355, -55.3, 0, 0, 0
L 606.725, -200.355, -55.3, 606.625, -198.755, -55.3, 0, 0, 0
L 606.625, -198.755, -55.3, 606.525, -186.555, -55.3, 0, 0, 0
L 606.525, -186.555, -55.3, 607.225, -185.655, -55.3, 0, 0, 0
L 607.225, -185.655, -55.3, 615.625, -185.655, -55.3, 0, 0, 0
L 741.525, -185.655, -55.3, 630.325, -185.655, -55.3, 0, 0, 0
L 630.325, -185.655, -55.3, 630.325, -159.155, -55.3, 0, 0, 0
L 816.325, 143.445, -83.3, 816.025, 143.445, -83.3, 178, 102, 255
L 846.125, 149.445, -41.3, 846.225, 149.445, -41.3, 0, 204, 204
L 846.525, 149.445, -41.3, 847.525, 149.445, -41.3, 0, 204, 204
L 846.525, 149.445, -41.3, 846.225, 149.445, -41.3, 0, 204, 204
L 865.525, 138.245, -34.4, 854.025, 138.245, -34.4, 0, 204, 0
L 854.025, 149.445, -34.4, 854.025, 138.245, -34.4, 150, 150, 150
L 854.025, 138.245, -34.4, 847.525, 138.245, -41.3, 0, 204, 0
L 854.225, 155.945, -27.4, 865.525, 155.845, -27.4, 150, 150, 150
L 865.925, 146.245, -83.3, 865.625, 122.045, -83.3, 178, 102, 255
L 819.925, 140.245, -97.3, 819.925, 140.245, -98.0, 102, 0, 204
L 823.725, 140.245, -97.3, 819.925, 140.245, -97.3, 102, 0, 204
L 772.325, 110.245, -83.3, 772.325, 189.445, -83.3, 178, 102, 255
L 854.225, 146.245, -83.3, 854.225, 122.045, -83.3, 178, 102, 255
L 854.225, 122.045, -83.3, 865.625, 122.045, -83.3, 150, 150, 150
L 865.625, 122.045, -83.3, 865.525, 110.245, -83.3, 178, 102, 255
L 865.625, 122.045, -83.3, 865.725, 122.045, -83.3, 0, 0, 0
L 854.225, 144.045, -71.3, 854.225, 141.245, -72.8, 178, 102, 255
L 865.625, 122.045, -83.3, 865.625, 124.845, -81.8, 178, 102, 255
L 865.525, 144.045, -71.3, 854.225, 144.045, -71.3, 150, 150, 150
L 865.925, 146.245, -83.3, 865.625, 146.245, -83.3, 178, 102, 255
L 854.225, 133.045, -77.3, 854.225, 130.245, -78.8, 178, 102, 255
L 865.625, 133.045, -77.3, 865.525, 135.745, -75.8, 178, 102, 255
L 854.225, 133.045, -77.3, 865.625, 133.045, -77.3, 150, 150, 150
L 854.225, 138.545, -74.3, 854.225, 135.745, -75.8, 178, 102, 255
L 865.525, 138.545, -74.3, 865.525, 141.245, -72.8, 178, 102, 255
L 854.225, 138.545, -74.3, 865.525, 138.545, -74.3, 150, 150, 150
L 854.225, 127.545, -80.3, 854.225, 124.745, -81.8, 178, 102, 255
L 854.225, 127.545, -80.3, 865.525, 127.545, -80.3, 150, 150, 150
L 854.225, 124.745, -81.8, 854.225, 122.045, -83.3, 178, 102, 255
L 865.625, 124.845, -81.8, 865.625, 130.345, -78.8, 178, 102, 255
L 854.225, 124.745, -81.8, 865.625, 124.845, -81.8, 150, 150, 150
L 854.225, 130.245, -78.8, 854.225, 127.545, -80.3, 178, 102, 255
L 865.625, 130.345, -78.8, 865.625, 133.045, -77.3, 178, 102, 255
L 854.225, 130.245, -78.8, 865.625, 130.345, -78.8, 150, 150, 150
L 865.525, 135.745, -75.8, 865.525, 138.545, -74.3, 178, 102, 255
L 854.225, 135.745, -75.8, 854.225, 133.045, -77.3, 178, 102, 255
L 865.525, 135.745, -75.8, 854.225, 135.745, -75.8, 150, 150, 150
L 854.225, 141.245, -72.8, 854.225, 138.545, -74.3, 178, 102, 255
L 865.525, 141.245, -72.8, 865.525, 144.045, -71.3, 178, 102, 255
L 854.225, 141.245, -72.8, 865.525, 141.245, -72.8, 150, 150, 150
L 879.425, 189.445, -71.3, 879.425, 128.245, -71.3, 204, 0, 204
L 933.425, 123.645, -67.3, 933.425, 123.645, -55.3, 0, 0, 0
L 933.425, 80.145, -55.3, 856.225, 79.945, -55.3, 139, 69, 19
L 856.225, 79.945, -55.3, 856.225, 68.245, -55.3, 150, 150, 150
L 856.225, 79.945, -55.3, 859.225, 79.945, -56.7, 139, 69, 19
L 868.225, 80.045, -60.8, 871.225, 80.045, -62.2, 139, 69, 19
L 868.225, 68.245, -60.8, 871.225, 68.245, -62.2, 139, 69, 19
L 868.225, 80.045, -60.8, 868.225, 68.245, -60.8, 150, 150, 150
L 862.225, 79.945, -58.0, 865.225, 79.945, -59.4, 139, 69, 19
L 862.225, 68.245, -58.0, 865.225, 68.245, -59.4, 139, 69, 19
L 862.225, 79.945, -58.0, 862.225, 68.245, -58.0, 150, 150, 150
L 874.225, 80.045, -63.5, 877.225, 80.045, -64.9, 139, 69, 19
L 874.225, 68.245, -63.5, 877.225, 68.245, -64.9, 139, 69, 19
L 874.225, 80.045, -63.5, 874.225, 68.245, -63.5, 150, 150, 150
L 877.225, 80.045, -64.9, 880.225, 80.045, -66.3, 139, 69, 19
L 877.225, 68.245, -64.9, 880.225, 68.245, -66.3, 139, 69, 19
L 877.225, 80.045, -64.9, 877.225, 68.245, -64.9, 150, 150, 150
L 871.225, 80.045, -62.2, 874.225, 80.045, -63.5, 139, 69, 19
L 871.225, 68.245, -62.2, 874.225, 68.245, -63.5, 139, 69, 19
L 871.225, 80.045, -62.2, 871.225, 68.245, -62.2, 150, 150, 150
L 865.225, 79.945, -59.4, 868.225, 80.045, -60.8, 139, 69, 19
L 865.225, 68.245, -59.4, 868.225, 68.245, -60.8, 139, 69, 19
L 865.225, 79.945, -59.4, 865.225, 68.245, -59.4, 150, 150, 150
L 859.225, 79.945, -56.7, 862.225, 79.945, -58.0, 139, 69, 19
L 859.225, 68.245, -56.7, 862.225, 68.245, -58.0, 139, 69, 19
L 859.225, 79.945, -56.7, 859.225, 68.245, -56.7, 150, 150, 150
L 909.825, 79.545, -66.3, 938.225, 80.145, -68.4, 139, 69, 19
L 880.225, 68.245, -66.3, 909.725, 68.245, -66.3, 139, 69, 19
L 909.725, 68.245, -66.3, 909.825, 79.545, -66.3, 139, 69, 19
L 856.225, 68.245, -55.3, 826.225, 68.245, -55.3, 139, 69, 19
L 826.225, 68.245, -55.3, 826.225, 65.945, -55.3, 139, 69, 19
L 881.725, -115.655, -55.3, 881.925, -72.355, -55.3, 139, 69, 19
L 882.225, -148.355, -55.3, 961.425, -148.055, -55.3, 139, 69, 19
L 961.425, -148.055, -55.3, 961.725, -186.355, -55.3, 139, 69, 19
L 823.525, -183.655, -55.3, 776.325, -183.655, -55.3, 0, 0, 0
L 824.025, -179.655, -55.3, 823.525, -180.155, -55.3, 0, 0, 0
L 827.925, -179.655, -55.3, 824.025, -179.655, -55.3, 0, 0, 0
L 847.525, -183.655, -55.3, 828.225, -183.655, -55.3, 0, 0, 0
L 823.525, -180.155, -55.3, 823.525, -183.655, -55.3, 0, 0, 0
L 828.225, -183.655, -55.3, 828.225, -180.355, -55.3, 0, 0, 0
L 828.225, -180.355, -55.3, 827.925, -179.655, -55.3, 0, 0, 0
L 809.525, 80.045, -67.3, 830.225, 80.045, -67.3, 150, 150, 150
L 687.625, 79.745, -56.0, 713.525, 79.745, -55.3, 0, 0, 0
L 602.325, 79.745, -55.3, 628.325, 79.745, -55.3, 0, 0, 0
L 534.425, 208.145, -41.3, 575.825, 208.145, -41.3, 0, 204, 0
L 534.425, 219.445, -41.3, 546.325, 219.445, -41.3, 150, 150, 150
L 547.825, 219.445, -41.3, 548.425, 220.045, -41.3, 0, 204, 0
L 546.625, 219.445, -41.3, 547.825, 219.445, -41.3, 0, 204, 0
L 548.425, 220.045, -41.3, 548.425, 259.445, -41.3, 0, 204, 0
L 534.425, 219.445, -41.3, 534.425, 208.145, -41.3, 0, 204, 0
L 546.325, 219.445, -41.3, 546.625, 219.445, -41.3, 0, 204, 0
L 534.425, 245.845, -27.4, 545.625, 245.845, -27.4, 150, 150, 150
L 545.625, 247.645, -27.4, 545.625, 245.845, -27.4, 102, 255, 102
L 534.425, 219.445, -41.3, 534.425, 245.845, -27.4, 102, 255, 102
L 601.825, 79.745, -41.3, 628.325, 79.745, -55.3, 0, 204, 0
L 739.525, 236.245, -42.0, 714.325, 241.445, -42.0, 0, 204, 0
L 714.325, 241.445, -42.0, 714.325, 220.145, -42.0, 0, 204, 0
L 740.125, 203.445, -42.0, 739.525, 203.945, -42.0, 0, 204, 0
L 741.525, 203.445, -42.0, 740.125, 203.445, -42.0, 0, 204, 0
L 741.525, 66.245, -42.0, 741.525, 203.445, -42.0, 0, 204, 0
L 739.525, 203.945, -42.0, 739.525, 236.245, -42.0, 0, 204, 0
L 534.425, 259.445, -27.4, 534.425, 245.845, -27.4, 102, 255, 102
L 585.625, 219.945, -27.4, 548.425, 220.145, -27.4, 102, 255, 102
L 585.625, 259.445, -27.4, 534.425, 259.445, -27.4, 102, 255, 102
L 589.825, 233.445, -27.4, 590.325, 233.945, -27.4, 102, 255, 102
L 588.325, 233.445, -27.4, 589.825, 233.445, -27.4, 102, 255, 102
L 588.325, 224.145, -27.4, 588.325, 233.445, -27.4, 102, 255, 102
L 589.825, 236.145, -27.4, 586.225, 236.145, -27.4, 102, 255, 102
L 585.625, 245.945, -27.4, 585.625, 259.445, -27.4, 102, 255, 102
L 586.225, 236.145, -27.4, 585.625, 235.345, -27.4, 102, 255, 102
L 585.625, 235.345, -27.4, 585.625, 219.945, -27.4, 102, 255, 102
L 590.325, 233.945, -27.4, 590.325, 235.745, -27.4, 102, 255, 102
L 589.825, 236.145, -27.4, 590.325, 235.745, -27.4, 102, 255, 102
L 701.825, 245.445, -27.4, 698.225, 245.445, -27.4, 102, 255, 102
L 739.525, 259.445, -27.4, 702.325, 259.445, -27.4, 102, 255, 102
L 702.325, 259.445, -27.4, 702.325, 245.945, -27.4, 102, 255, 102
L 739.525, 241.845, -27.4, 739.525, 259.445, -27.4, 102, 255, 102
L 702.325, 245.945, -27.4, 701.825, 245.445, -27.4, 102, 255, 102
L 697.525, 245.845, -27.4, 697.525, 247.445, -27.4, 102, 255, 102
L 698.225, 245.445, -27.4, 697.525, 245.845, -27.4, 102, 255, 102
L 713.725, 241.845, -27.4, 739.525, 241.845, -27.4, 102, 255, 102
L 699.525, 233.445, -27.4, 699.525, 224.145, -27.4, 102, 255, 102
L 697.525, 233.945, -27.4, 698.125, 233.445, -27.4, 102, 255, 102
L 698.125, 233.445, -27.4, 699.525, 233.445, -27.4, 102, 255, 102
L 697.525, 235.645, -27.4, 697.525, 233.945, -27.4, 102, 255, 102
L 698.325, 236.145, -27.4, 697.525, 235.645, -27.4, 102, 255, 102
L 701.625, 236.145, -27.4, 698.325, 236.145, -27.4, 102, 255, 102
L 702.325, 235.545, -27.4, 701.625, 236.145, -27.4, 102, 255, 102
L 702.325, 232.045, -27.4, 702.325, 235.545, -27.4, 102, 255, 102
L 697.525, 247.445, -27.4, 590.325, 247.445, -27.4, 102, 255, 102
L 699.525, 224.145, -27.4, 588.325, 224.145, -27.4, 102, 255, 102
L 702.325, 232.045, -27.4, 713.725, 232.045, -27.4, 150, 150, 150
L 713.725, 241.845, -27.4, 713.725, 232.045, -27.4, 102, 255, 102
L 713.825, 219.445, -35.0, 713.825, 208.145, -35.0, 150, 150, 150
L 713.825, 219.445, -35.0, 702.325, 219.445, -35.0, 150, 150, 150
L 702.325, 208.145, -35.0, 702.325, 219.445, -35.0, 102, 255, 102
L 713.825, 208.145, -35.0, 702.325, 208.145, -35.0, 102, 255, 102
L 713.825, 219.445, -35.0, 713.825, 222.545, -33.1, 102, 255, 102
L 713.825, 208.145, -35.0, 715.425, 208.145, -35.8, 102, 255, 102
L 726.225, 219.345, -41.3, 726.325, 208.145, -41.3, 150, 150, 150
L 725.825, 220.145, -41.3, 726.225, 219.345, -41.3, 0, 204, 0
L 726.325, 208.145, -41.3, 729.625, 208.145, -41.3, 0, 204, 0
L 726.225, 219.345, -41.3, 724.725, 219.345, -40.5, 102, 255, 102
L 725.825, 220.145, -41.3, 714.325, 220.145, -42.0, 0, 204, 0
L 720.125, 208.145, -38.1, 721.625, 208.145, -38.9, 102, 255, 102
L 720.025, 219.345, -38.1, 718.425, 219.445, -37.4, 102, 255, 102
L 720.125, 208.145, -38.1, 720.025, 219.345, -38.1, 150, 150, 150
L 716.925, 208.145, -36.6, 718.525, 208.145, -37.4, 102, 255, 102
L 716.925, 219.445, -36.6, 715.425, 219.445, -35.8, 102, 255, 102
L 716.925, 208.145, -36.6, 716.925, 219.445, -36.6, 150, 150, 150
L 723.225, 208.145, -39.7, 724.725, 208.145, -40.5, 102, 255, 102
L 723.125, 219.345, -39.7, 721.525, 219.345, -38.9, 102, 255, 102
L 723.225, 208.145, -39.7, 723.125, 219.345, -39.7, 150, 150, 150
L 721.625, 208.145, -38.9, 723.225, 208.145, -39.7, 102, 255, 102
L 721.525, 219.345, -38.9, 720.025, 219.345, -38.1, 102, 255, 102
L 721.625, 208.145, -38.9, 721.525, 219.345, -38.9, 150, 150, 150
L 724.725, 208.145, -40.5, 726.325, 208.145, -41.3, 102, 255, 102
L 724.725, 219.345, -40.5, 723.125, 219.345, -39.7, 102, 255, 102
L 724.725, 208.145, -40.5, 724.725, 219.345, -40.5, 150, 150, 150
L 718.525, 208.145, -37.4, 720.125, 208.145, -38.1, 102, 255, 102
L 718.425, 219.445, -37.4, 716.925, 219.445, -36.6, 102, 255, 102
L 718.525, 208.145, -37.4, 718.425, 219.445, -37.4, 150, 150, 150
L 715.425, 208.145, -35.8, 716.925, 208.145, -36.6, 102, 255, 102
L 715.425, 219.445, -35.8, 713.825, 219.445, -35.0, 102, 255, 102
L 715.425, 208.145, -35.8, 715.425, 219.445, -35.8, 150, 150, 150
L 702.325, 225.745, -31.2, 702.325, 227.345, -30.2, 102, 255, 102
L 713.725, 225.745, -31.2, 713.725, 227.345, -30.3, 102, 255, 102
L 702.325, 225.745, -31.2, 713.725, 225.745, -31.2, 150, 150, 150
L 702.325, 222.545, -33.1, 702.325, 224.145, -32.1, 102, 255, 102
L 713.825, 222.545, -33.1, 713.725, 225.745, -31.2, 102, 255, 102
L 702.325, 222.545, -33.1, 713.825, 222.545, -33.1, 150, 150, 150
L 702.325, 221.045, -34.0, 702.325, 222.545, -33.1, 102, 255, 102
L 702.325, 221.045, -34.0, 713.825, 221.045, -34.0, 150, 150, 150
L 702.325, 228.945, -29.3, 702.325, 230.445, -28.3, 102, 255, 102
L 713.725, 228.945, -29.3, 713.725, 230.445, -28.4, 102, 255, 102
L 702.325, 228.945, -29.3, 713.725, 228.945, -29.3, 150, 150, 150
L 702.325, 227.345, -30.2, 702.325, 228.945, -29.3, 102, 255, 102
L 713.725, 227.345, -30.3, 713.725, 228.945, -29.3, 102, 255, 102
L 702.325, 227.345, -30.2, 713.725, 227.345, -30.3, 150, 150, 150
L 702.325, 230.445, -28.3, 702.325, 232.045, -27.4, 102, 255, 102
L 713.725, 230.445, -28.4, 713.725, 232.045, -27.4, 102, 255, 102
L 702.325, 230.445, -28.3, 713.725, 230.445, -28.4, 150, 150, 150
L 702.325, 224.145, -32.1, 702.325, 225.745, -31.2, 102, 255, 102
L 702.325, 224.145, -32.1, 713.725, 224.145, -32.1, 150, 150, 150
L 698.325, -4.455, -55.3, 656.325, -4.455, -55.3, 205, 133, 63
L 656.325, -4.455, -55.3, 656.325, 0.245, -55.3, 0, 0, 0
L 656.325, 0.245, -55.3, 656.325, 8.045, -55.3, 0, 0, 0
L 698.325, -1.755, -55.3, 698.325, -4.455, -55.3, 0, 0, 0
L 711.525, -1.755, -55.3, 709.825, -1.755, -55.3, 0, 0, 0
L 699.825, -1.755, -55.3, 698.325, -1.755, -55.3, 0, 0, 0
L 699.825, -4.455, -55.3, 699.825, -3.155, -55.3, 0, 0, 0
L 699.825, -3.155, -55.3, 699.825, -1.755, -55.3, 0, 0, 0
L 699.825, -3.155, -55.3, 703.125, -3.155, -55.3, 205, 133, 63
L 703.125, -4.455, -55.3, 703.125, -1.755, -55.3, 205, 133, 63
L 703.125, -4.455, -55.3, 706.525, -4.455, -55.3, 205, 133, 63
L 703.125, -1.755, -55.3, 706.525, -1.755, -55.3, 205, 133, 63
L 706.525, -4.455, -55.3, 706.525, -3.155, -55.3, 205, 133, 63
L 706.525, -3.155, -55.3, 706.525, -1.755, -55.3, 205, 133, 63
L 709.825, -3.155, -55.3, 709.825, -1.755, -55.3, 0, 0, 0
L 706.525, -3.155, -55.3, 709.825, -3.155, -55.3, 205, 133, 63
L 653.525, 21.545, -55.3, 653.525, 17.545, -55.3, 0, 0, 0
L 653.525, 8.045, -55.3, 653.525, -7.755, -55.3, 0, 0, 0
L 656.325, 8.045, -55.3, 654.925, 8.045, -55.3, 0, 0, 0
L 653.525, 14.345, -55.3, 653.525, 11.245, -55.3, 205, 133, 63
L 654.925, 17.545, -55.3, 653.525, 17.545, -55.3, 0, 0, 0
L 654.925, 17.545, -55.3, 654.925, 14.345, -55.3, 205, 133, 63
L 653.525, 14.345, -55.3, 656.325, 14.345, -55.3, 205, 133, 63
L 653.525, 11.245, -55.3, 654.925, 11.245, -55.3, 205, 133, 63
L 654.925, 11.245, -55.3, 656.325, 11.245, -55.3, 205, 133, 63
L 654.925, 8.045, -55.3, 653.525, 8.045, -55.3, 0, 0, 0
L 654.925, 11.245, -55.3, 654.925, 8.045, -55.3, 205, 133, 63
L 656.325, 14.345, -55.3, 656.325, 11.245, -55.3, 205, 133, 63
L 682.325, -17.055, -41.3, 682.325, -15.755, -41.3, 0, 204, 0
L 682.325, -17.055, -41.3, 685.425, -17.055, -41.3, 205, 133, 63
L 685.425, -18.455, -41.3, 685.425, -15.755, -41.3, 205, 133, 63
L 685.425, -18.455, -41.3, 688.425, -18.455, -41.3, 205, 133, 63
L 685.425, -15.755, -41.3, 688.425, -15.755, -41.3, 205, 133, 63
L 688.425, -18.455, -41.3, 688.425, -17.055, -41.3, 205, 133, 63
L 688.425, -17.055, -41.3, 688.425, -15.755, -41.3, 205, 133, 63
L 691.525, -17.055, -41.3, 691.525, -18.455, -41.3, 0, 204, 0
L 688.425, -17.055, -41.3, 691.525, -17.055, -41.3, 205, 133, 63
L 638.325, -31.055, -41.3, 638.325, -29.755, -41.3, 0, 204, 0
L 638.325, -31.055, -41.3, 641.425, -31.055, -41.3, 205, 133, 63
L 641.425, -32.455, -41.3, 641.425, -29.755, -41.3, 205, 133, 63
L 641.425, -32.455, -41.3, 644.625, -32.455, -41.3, 205, 133, 63
L 641.425, -29.755, -41.3, 644.425, -29.755, -41.3, 205, 133, 63
L 644.625, -32.455, -41.3, 644.625, -31.055, -41.3, 205, 133, 63
L 644.625, -31.055, -41.3, 644.625, -29.755, -41.3, 205, 133, 63
L 644.625, -31.055, -41.3, 647.725, -31.055, -41.3, 205, 133, 63
L 626.325, -17.055, -41.3, 626.325, -15.755, -41.3, 0, 204, 0
L 626.325, -17.055, -41.3, 629.425, -17.055, -41.3, 205, 133, 63
L 629.425, -18.455, -41.3, 629.425, -15.755, -41.3, 205, 133, 63
L 629.425, -18.455, -41.3, 632.525, -18.455, -41.3, 205, 133, 63
L 629.425, -15.755, -41.3, 632.525, -15.755, -41.3, 205, 133, 63
L 632.525, -18.455, -41.3, 632.525, -17.055, -41.3, 205, 133, 63
L 632.525, -17.055, -41.3, 632.525, -15.755, -41.3, 205, 133, 63
L 635.625, -17.055, -41.3, 635.625, -18.455, -41.3, 0, 204, 0
L 632.525, -17.055, -41.3, 635.625, -17.055, -41.3, 205, 133, 63
L 643.125, -10.455, -55.3, 642.725, -10.455, -55.3, 0, 0, 0
L 643.125, -10.455, -55.3, 618.325, -10.455, -55.3, 0, 0, 0
L 658.325, -73.155, -55.3, 658.325, -32.455, -55.3, 0, 0, 0
L 658.225, -74.355, -55.3, 658.325, -73.155, -55.3, 0, 0, 0
L 658.325, -32.455, -55.3, 728.325, -32.455, -55.3, 0, 0, 0
L 629.625, -60.455, -55.3, 627.625, -60.455, -55.3, 0, 0, 0
L 655.525, -71.655, -55.3, 655.625, -29.855, -55.3, 0, 0, 0
L 655.625, -29.855, -55.3, 725.525, -29.755, -55.3, 0, 0, 0
L 627.625, -60.455, -55.3, 627.625, -57.755, -55.3, 0, 0, 0
L 632.325, -71.655, -55.3, 655.525, -71.655, -55.3, 0, 0, 0
L 618.325, -34.455, -55.3, 615.625, -34.455, -55.3, 0, 0, 0
L 618.325, -29.755, -55.3, 632.325, -29.755, -55.3, 0, 0, 0
L 618.325, -32.455, -55.3, 618.325, -34.455, -55.3, 0, 0, 0
L 629.625, -45.655, -55.3, 627.625, -45.655, -55.3, 0, 0, 0
L 627.625, -48.455, -55.3, 630.025, -48.455, -55.3, 0, 0, 0
L 627.625, -45.655, -55.3, 627.625, -48.455, -55.3, 0, 0, 0
L 630.225, -74.455, -55.3, 658.225, -74.355, -55.3, 0, 0, 0
L 629.625, -45.555, -55.3, 629.625, -45.655, -55.3, 0, 0, 0
L 629.625, -60.455, -55.3, 629.625, -73.655, -55.3, 0, 0, 0
L 618.325, -32.455, -55.3, 629.625, -32.455, -55.3, 0, 0, 0
L 629.625, -32.455, -55.3, 629.625, -45.555, -55.3, 0, 0, 0
L 629.625, -73.655, -55.3, 630.225, -74.455, -55.3, 0, 0, 0
L 632.325, -29.755, -55.3, 632.325, -48.455, -55.3, 0, 0, 0
L 632.325, -57.755, -55.3, 632.325, -71.655, -55.3, 0, 0, 0
L 627.625, -51.555, -55.3, 627.625, -54.555, -55.3, 205, 133, 63
L 630.025, -48.455, -55.3, 632.325, -48.455, -55.3, 0, 0, 0
L 630.025, -48.455, -55.3, 630.025, -51.555, -55.3, 205, 133, 63
L 627.625, -51.555, -55.3, 632.325, -51.555, -55.3, 205, 133, 63
L 627.625, -54.555, -55.3, 630.025, -54.555, -55.3, 205, 133, 63
L 630.025, -54.555, -55.3, 632.325, -54.555, -55.3, 205, 133, 63
L 630.025, -54.555, -55.3, 630.025, -57.655, -55.3, 205, 133, 63
L 632.325, -51.555, -55.3, 632.325, -54.555, -55.3, 205, 133, 63
L 632.325, -57.755, -55.3, 627.625, -57.755, -55.3, 0, 0, 0
L 669.525, -93.555, -55.3, 669.525, -96.555, -55.3, 205, 133, 63
L 671.925, -90.455, -55.3, 674.325, -90.455, -55.3, 0, 0, 0
L 671.925, -90.455, -55.3, 671.925, -93.555, -55.3, 205, 133, 63
L 669.525, -93.555, -55.3, 674.325, -93.555, -55.3, 205, 133, 63
L 669.525, -96.555, -55.3, 671.925, -96.555, -55.3, 205, 133, 63
L 671.925, -96.555, -55.3, 674.325, -96.555, -55.3, 205, 133, 63
L 671.925, -99.655, -55.3, 669.525, -99.655, -55.3, 0, 0, 0
L 671.925, -96.555, -55.3, 671.925, -99.655, -55.3, 205, 133, 63
L 674.325, -93.555, -55.3, 674.325, -96.555, -55.3, 205, 133, 63
L 694.325, -109.655, -55.3, 725.525, -109.655, -55.3, 205, 133, 63
L 694.325, -114.355, -55.3, 694.325, -109.655, -55.3, 0, 0, 0
L 725.525, -114.355, -55.3, 725.525, -109.655, -55.3, 0, 0, 0
L 694.325, -158.855, -55.3, 687.725, -158.755, -55.3, 0, 0, 0
L 694.325, -125.655, -55.3, 694.325, -158.855, -55.3, 0, 0, 0
L 669.525, -153.355, -55.3, 669.525, -156.455, -55.3, 205, 133, 63
L 671.925, -150.155, -55.3, 669.625, -150.155, -55.3, 0, 0, 0
L 671.925, -150.155, -55.3, 671.925, -153.355, -55.3, 205, 133, 63
L 669.525, -153.355, -55.3, 674.325, -153.355, -55.3, 205, 133, 63
L 669.525, -156.455, -55.3, 671.925, -156.455, -55.3, 205, 133, 63
L 671.925, -156.455, -55.3, 674.325, -156.455, -55.3, 205, 133, 63
L 671.925, -159.655, -55.3, 674.325, -159.655, -55.3, 0, 0, 0
L 671.925, -156.455, -55.3, 671.925, -159.655, -55.3, 205, 133, 63
L 674.325, -153.355, -55.3, 674.325, -156.455, -55.3, 205, 133, 63
L 880.325, -173.455, -54.3, 880.325, -176.555, -54.3, 205, 133, 63
L 881.925, -170.355, -54.3, 883.425, -170.355, -54.3, 0, 0, 0
L 881.925, -170.355, -54.3, 881.925, -173.455, -54.3, 205, 133, 63
L 880.325, -173.455, -54.3, 883.425, -173.455, -54.3, 205, 133, 63
L 880.325, -176.555, -54.3, 881.925, -176.555, -54.3, 205, 133, 63
L 881.925, -176.555, -54.3, 883.425, -176.555, -54.3, 205, 133, 63
L 881.925, -179.655, -54.3, 880.325, -179.655, -54.3, 0, 0, 0
L 881.925, -176.555, -54.3, 881.925, -179.655, -54.3, 205, 133, 63
L 883.425, -173.455, -54.3, 883.425, -176.555, -54.3, 205, 133, 63
L 879.425, -144.355, -55.3, 879.425, -139.655, -55.3, 0, 0, 0
L 814.225, -146.955, -27.4, 814.225, -146.155, -27.4, 102, 255, 102
L 814.225, -146.955, -27.4, 817.325, -146.955, -27.4, 205, 133, 63
L 817.325, -147.855, -27.4, 817.325, -146.155, -27.4, 205, 133, 63
L 817.325, -147.855, -27.4, 820.425, -147.855, -27.4, 205, 133, 63
L 817.325, -146.155, -27.4, 820.425, -146.155, -27.4, 205, 133, 63
L 820.425, -147.855, -27.4, 820.425, -146.955, -27.4, 205, 133, 63
L 820.425, -146.955, -27.4, 820.425, -146.155, -27.4, 205, 133, 63
L 820.425, -146.955, -27.4, 823.525, -146.955, -27.4, 205, 133, 63
L 780.325, -116.055, -54.3, 780.325, -114.355, -54.3, 0, 0, 0
L 780.325, -116.055, -54.3, 783.425, -116.055, -54.3, 205, 133, 63
L 783.425, -117.755, -54.3, 783.425, -114.255, -54.3, 205, 133, 63
L 783.425, -117.755, -54.3, 786.425, -117.755, -54.3, 205, 133, 63
L 783.425, -114.255, -54.3, 786.425, -114.255, -54.3, 205, 133, 63
L 786.425, -117.755, -54.3, 786.425, -116.055, -54.3, 205, 133, 63
L 786.425, -116.055, -54.3, 786.425, -114.255, -54.3, 205, 133, 63
L 789.525, -116.055, -54.3, 789.525, -117.755, -54.3, 0, 0, 0
L 786.425, -116.055, -54.3, 789.525, -116.055, -54.3, 205, 133, 63
L 785.525, 109.645, -55.3, 785.525, 107.845, -55.3, 0, 0, 0
L 785.525, 109.645, -55.3, 786.025, 110.245, -55.3, 0, 0, 0
L 776.325, 107.845, -55.3, 779.425, 107.845, -55.3, 205, 133, 63
L 779.425, 106.045, -55.3, 779.425, 109.645, -55.3, 205, 133, 63
L 779.425, 106.045, -55.3, 782.425, 106.045, -55.3, 205, 133, 63
L 779.425, 109.645, -55.3, 782.425, 109.645, -55.3, 205, 133, 63
L 782.425, 106.045, -55.3, 782.425, 107.845, -55.3, 205, 133, 63
L 782.425, 107.845, -55.3, 782.425, 109.645, -55.3, 205, 133, 63
L 785.525, 107.845, -55.3, 785.525, 106.045, -55.3, 0, 0, 0
L 782.425, 107.845, -55.3, 785.525, 107.845, -55.3, 205, 133, 63
L 786.325, 155.445, -55.3, 786.325, 189.545, -55.3, 0, 0, 0
L 790.325, 189.445, -55.3, 786.325, 189.545, -55.3, 0, 0, 0
L 819.525, 155.445, -55.3, 821.525, 155.445, -55.3, 0, 0, 0
L 819.525, 160.245, -55.3, 819.525, 155.445, -55.3, 0, 0, 0
L 824.225, 160.245, -55.3, 824.225, 179.645, -55.3, 205, 133, 63
L 819.525, 160.245, -55.3, 824.225, 160.245, -55.3, 0, 0, 0
L 823.825, 180.245, -55.3, 823.825, 182.145, -55.3, 0, 0, 0
L 823.825, 182.145, -55.3, 821.925, 182.145, -55.3, 0, 0, 0
L 820.025, 180.245, -55.3, 820.025, 182.145, -55.3, 0, 0, 0
L 820.025, 187.045, -55.3, 820.025, 184.545, -55.3, 205, 133, 63
L 821.925, 189.445, -55.3, 865.525, 189.445, -55.3, 0, 0, 0
L 821.925, 189.445, -55.3, 821.925, 187.045, -55.3, 205, 133, 63
L 820.025, 187.045, -55.3, 823.825, 187.045, -55.3, 205, 133, 63
L 820.025, 184.545, -55.3, 821.925, 184.545, -55.3, 205, 133, 63
L 821.925, 184.545, -55.3, 823.825, 184.545, -55.3, 205, 133, 63
L 821.925, 182.145, -55.3, 820.025, 182.145, -55.3, 0, 0, 0
L 821.925, 184.545, -55.3, 821.925, 182.145, -55.3, 205, 133, 63
L 823.825, 187.045, -55.3, 823.825, 184.545, -55.3, 205, 133, 63
L 851.525, 166.245, -41.3, 826.125, 166.245, -41.3, 205, 133, 63
L 851.525, 161.445, -41.3, 851.525, 166.245, -41.3, 0, 204, 204
L 812.025, 176.345, -41.3, 812.025, 173.345, -41.3, 205, 133, 63
L 812.825, 179.445, -41.3, 813.725, 179.445, -41.3, 0, 204, 204
L 812.825, 179.445, -41.3, 812.825, 176.345, -41.3, 205, 133, 63
L 812.025, 176.345, -41.3, 813.725, 176.345, -41.3, 205, 133, 63
L 812.025, 173.345, -41.3, 812.825, 173.345, -41.3, 205, 133, 63
L 812.825, 173.345, -41.3, 813.725, 173.345, -41.3, 205, 133, 63
L 812.825, 170.245, -41.3, 812.125, 170.245, -41.3, 0, 204, 0
L 812.825, 173.345, -41.3, 812.825, 170.245, -41.3, 205, 133, 63
L 813.725, 176.345, -41.3, 813.725, 173.345, -41.3, 205, 133, 63
L 812.025, 148.345, -41.3, 812.025, 145.345, -41.3, 205, 133, 63
L 812.825, 151.445, -41.3, 813.625, 151.445, -41.3, 0, 204, 204
L 812.825, 151.445, -41.3, 812.825, 148.345, -41.3, 205, 133, 63
L 812.025, 148.345, -41.3, 813.625, 148.345, -41.3, 205, 133, 63
L 812.025, 145.345, -41.3, 812.825, 145.345, -41.3, 205, 133, 63
L 812.825, 145.345, -41.3, 813.625, 145.345, -41.3, 205, 133, 63
L 812.825, 142.245, -41.3, 812.025, 142.245, -41.3, 0, 204, 204
L 812.825, 145.345, -41.3, 812.825, 142.245, -41.3, 205, 133, 63
L 813.625, 148.345, -41.3, 813.625, 145.345, -41.3, 205, 133, 63
L 812.025, 120.345, -41.3, 812.025, 117.345, -41.3, 205, 133, 63
L 812.825, 123.445, -41.3, 813.725, 123.445, -41.3, 0, 204, 204
L 812.825, 123.445, -41.3, 812.825, 120.345, -41.3, 205, 133, 63
L 812.025, 120.345, -41.3, 813.625, 120.345, -41.3, 205, 133, 63
L 812.025, 117.345, -41.3, 812.825, 117.345, -41.3, 205, 133, 63
L 812.825, 117.345, -41.3, 813.625, 117.345, -41.3, 205, 133, 63
L 812.825, 114.245, -41.3, 812.125, 114.245, -41.3, 0, 204, 204
L 812.825, 117.345, -41.3, 812.825, 114.245, -41.3, 205, 133, 63
L 813.625, 120.345, -41.3, 813.625, 117.345, -41.3, 205, 133, 63
L 826.125, 120.345, -41.3, 826.125, 117.345, -41.3, 205, 133, 63
L 826.825, 123.445, -41.3, 827.725, 123.445, -41.3, 0, 204, 204
L 826.825, 123.445, -41.3, 826.825, 120.345, -41.3, 205, 133, 63
L 826.125, 120.345, -41.3, 827.525, 120.345, -41.3, 205, 133, 63
L 826.125, 117.345, -41.3, 826.825, 117.345, -41.3, 205, 133, 63
L 826.825, 117.345, -41.3, 827.525, 117.345, -41.3, 205, 133, 63
L 826.825, 114.245, -41.3, 826.125, 114.245, -41.3, 0, 204, 204
L 826.825, 117.345, -41.3, 826.825, 114.245, -41.3, 205, 133, 63
L 827.525, 120.345, -41.3, 827.525, 117.345, -41.3, 205, 133, 63
L 881.025, 123.445, -67.3, 880.025, 123.445, -67.3, 204, 0, 204
L 880.025, 120.345, -67.3, 880.025, 117.345, -67.3, 205, 133, 63
L 881.725, 123.445, -67.3, 881.025, 123.445, -67.3, 204, 0, 204
L 881.725, 123.445, -67.3, 881.725, 120.345, -67.3, 205, 133, 63
L 880.025, 120.345, -67.3, 883.525, 120.345, -67.3, 205, 133, 63
L 880.025, 117.345, -67.3, 881.725, 117.345, -67.3, 205, 133, 63
L 881.725, 117.345, -67.3, 883.525, 117.345, -67.3, 205, 133, 63
L 881.725, 114.245, -67.3, 880.025, 114.245, -67.3, 204, 0, 204
L 881.725, 117.345, -67.3, 881.725, 114.245, -67.3, 205, 133, 63
L 883.525, 120.345, -67.3, 883.525, 117.345, -67.3, 205, 133, 63
L 546.425, -137.055, -41.3, 546.425, -138.355, -41.3, 0, 204, 0
L 546.425, -137.055, -41.3, 549.525, -137.055, -41.3, 205, 133, 63
L 549.525, -138.355, -41.3, 549.525, -135.655, -41.3, 205, 133, 63
L 549.525, -138.355, -41.3, 552.525, -138.355, -41.3, 205, 133, 63
L 549.525, -135.655, -41.3, 552.525, -135.655, -41.3, 205, 133, 63
L 552.525, -138.355, -41.3, 552.525, -137.055, -41.3, 205, 133, 63
L 552.525, -137.055, -41.3, 552.525, -135.655, -41.3, 205, 133, 63
L 555.625, -137.055, -41.3, 555.625, -135.655, -41.3, 0, 204, 0
L 552.525, -137.055, -41.3, 555.625, -137.055, -41.3, 205, 133, 63
L 524.225, -155.655, -55.3, 523.625, -156.255, -55.3, 0, 0, 0
L 510.425, -172.055, -55.3, 510.425, -170.255, -55.3, 0, 0, 0
L 510.425, -172.055, -55.3, 513.525, -172.055, -55.3, 205, 133, 63
L 513.525, -173.855, -55.3, 513.525, -170.255, -55.3, 205, 133, 63
L 513.525, -173.855, -55.3, 516.525, -173.855, -55.3, 205, 133, 63
L 513.525, -170.255, -55.3, 516.525, -170.255, -55.3, 205, 133, 63
L 516.525, -173.855, -55.3, 516.525, -172.055, -55.3, 205, 133, 63
L 516.525, -172.055, -55.3, 516.525, -170.255, -55.3, 205, 133, 63
L 519.625, -172.055, -55.3, 519.625, -173.955, -55.3, 0, 0, 0
L 516.525, -172.055, -55.3, 519.625, -172.055, -55.3, 205, 133, 63
L 450.425, -187.955, -55.3, 447.725, -187.955, -55.3, 0, 0, 0
L 459.825, -187.955, -55.3, 459.825, -185.855, -55.3, 0, 0, 0
L 459.825, -187.955, -55.3, 462.325, -187.955, -55.3, 0, 0, 0
L 450.425, -185.855, -55.3, 453.525, -185.855, -55.3, 205, 133, 63
L 453.525, -187.955, -55.3, 453.525, -183.655, -55.3, 205, 133, 63
L 453.525, -187.955, -55.3, 456.725, -187.955, -55.3, 205, 133, 63
L 453.425, -183.655, -55.3, 456.725, -183.655, -55.3, 205, 133, 63
L 456.725, -187.955, -55.3, 456.725, -185.855, -55.3, 205, 133, 63
L 456.725, -185.855, -55.3, 456.725, -183.655, -55.3, 205, 133, 63
L 459.825, -185.855, -55.3, 459.825, -183.655, -55.3, 0, 0, 0
L 456.725, -185.855, -55.3, 459.825, -185.855, -55.3, 205, 133, 63
L 395.725, -160.055, -55.3, 419.625, -160.055, -55.3, 205, 133, 63
L 419.625, -132.355, -55.3, 419.625, -160.055, -55.3, 205, 133, 63
L 395.725, -164.155, -55.3, 424.325, -164.155, -55.3, 205, 133, 63
L 419.625, -132.355, -55.3, 424.425, -132.355, -55.3, 0, 0, 0
L 353.725, -164.355, -55.3, 358.425, -164.355, -55.3, 0, 0, 0
L 347.725, -189.755, -55.3, 353.725, -189.755, -55.3, 205, 133, 63
L 353.725, -164.355, -55.3, 353.725, -189.755, -55.3, 205, 133, 63
L 347.725, -193.955, -55.3, 358.425, -193.955, -55.3, 205, 133, 63
L 353.725, -164.355, -55.3, 349.825, -164.355, -55.3, 0, 0, 0
L 349.825, -161.755, -55.3, 349.825, -163.055, -55.3, 0, 0, 0
L 349.825, -161.755, -55.3, 361.725, -161.755, -55.3, 0, 0, 0
L 361.725, -132.355, -55.3, 361.725, -161.755, -55.3, 0, 0, 0
L 340.325, -164.355, -55.3, 338.425, -164.355, -55.3, 0, 0, 0
L 340.325, -161.755, -55.3, 340.325, -163.055, -55.3, 0, 0, 0
L 340.325, -161.755, -55.3, 338.425, -161.755, -55.3, 0, 0, 0
L 338.425, -132.355, -55.3, 338.425, -161.755, -55.3, 0, 0, 0
L 340.325, -163.055, -55.3, 340.325, -164.355, -55.3, 0, 0, 0
L 340.325, -163.055, -55.3, 343.525, -163.055, -55.3, 205, 133, 63
L 343.525, -164.355, -55.3, 343.525, -161.755, -55.3, 205, 133, 63
L 343.525, -164.355, -55.3, 346.625, -164.355, -55.3, 205, 133, 63
L 343.525, -161.755, -55.3, 346.625, -161.755, -55.3, 205, 133, 63
L 346.625, -164.355, -55.3, 346.625, -163.055, -55.3, 205, 133, 63
L 346.625, -163.055, -55.3, 346.625, -161.755, -55.3, 205, 133, 63
L 349.825, -163.055, -55.3, 349.825, -164.355, -55.3, 0, 0, 0
L 346.625, -163.055, -55.3, 349.825, -163.055, -55.3, 205, 133, 63
L 384.425, -169.055, -27.4, 384.425, -168.355, -27.4, 102, 255, 102
L 384.425, -169.055, -27.4, 387.525, -169.055, -27.4, 205, 133, 63
L 387.525, -169.855, -27.4, 387.525, -168.255, -27.4, 205, 133, 63
L 387.525, -169.855, -27.4, 390.625, -169.855, -27.4, 205, 133, 63
L 387.525, -168.255, -27.4, 390.625, -168.255, -27.4, 205, 133, 63
L 390.625, -169.855, -27.4, 390.625, -169.055, -27.4, 205, 133, 63
L 390.625, -169.055, -27.4, 390.625, -168.255, -27.4, 205, 133, 63
L 393.725, -169.055, -27.4, 393.725, -169.955, -27.4, 102, 255, 102
L 390.625, -169.055, -27.4, 393.725, -169.055, -27.4, 205, 133, 63
L 414.425, -168.855, -27.4, 414.425, -168.055, -27.4, 102, 255, 102
L 414.425, -168.855, -27.4, 417.525, -168.855, -27.4, 205, 133, 63
L 417.525, -169.655, -27.4, 417.525, -168.055, -27.4, 205, 133, 63
L 417.525, -169.655, -27.4, 420.525, -169.655, -27.4, 205, 133, 63
L 417.525, -168.055, -27.4, 420.525, -168.055, -27.4, 205, 133, 63
L 420.525, -169.655, -27.4, 420.525, -168.855, -27.4, 205, 133, 63
L 420.525, -168.855, -27.4, 420.525, -168.055, -27.4, 205, 133, 63
L 423.625, -168.855, -27.4, 423.625, -169.855, -27.4, 102, 255, 102
L 420.525, -168.855, -27.4, 423.625, -168.855, -27.4, 205, 133, 63
L 434.425, -169.055, -27.4, 434.425, -168.255, -27.4, 102, 255, 102
L 434.425, -169.055, -27.4, 437.525, -169.055, -27.4, 205, 133, 63
L 437.525, -169.755, -27.4, 437.525, -168.255, -27.4, 205, 133, 63
L 437.525, -169.755, -27.4, 440.525, -169.755, -27.4, 205, 133, 63
L 437.525, -168.255, -27.4, 440.525, -168.255, -27.4, 205, 133, 63
L 440.525, -169.755, -27.4, 440.525, -169.055, -27.4, 205, 133, 63
L 440.525, -169.055, -27.4, 440.525, -168.255, -27.4, 205, 133, 63
L 443.625, -169.055, -27.4, 443.625, -169.855, -27.4, 102, 255, 102
L 440.525, -169.055, -27.4, 443.625, -169.055, -27.4, 205, 133, 63
L 390.225, -229.455, -55.3, 390.225, -232.555, -55.3, 205, 133, 63
L 392.025, -226.355, -55.3, 393.825, -226.355, -55.3, 0, 0, 0
L 392.025, -226.355, -55.3, 392.025, -229.455, -55.3, 205, 133, 63
L 390.225, -229.455, -55.3, 393.825, -229.455, -55.3, 205, 133, 63
L 390.225, -232.555, -55.3, 392.025, -232.555, -55.3, 205, 133, 63
L 392.025, -232.555, -55.3, 393.825, -232.555, -55.3, 205, 133, 63
L 392.025, -235.655, -55.3, 390.225, -235.655, -55.3, 0, 0, 0
L 392.025, -232.555, -55.3, 392.025, -235.655, -55.3, 205, 133, 63
L 393.825, -229.455, -55.3, 393.825, -232.555, -55.3, 205, 133, 63
L 389.725, -239.655, -55.3, 378.625, -239.655, -55.3, 0, 0, 0
L 375.825, -239.655, -55.3, 338.425, -239.655, -55.3, 0, 0, 0
L 375.825, -205.755, -55.3, 375.825, -239.655, -55.3, 0, 0, 0
L 378.625, -205.755, -55.3, 378.625, -239.655, -55.3, 0, 0, 0
L 282.425, -241.955, -55.3, 282.425, -243.855, -55.3, 0, 0, 0
L 282.425, -241.955, -55.3, 285.525, -241.955, -55.3, 205, 133, 63
L 285.525, -243.855, -55.3, 285.525, -240.155, -55.3, 205, 133, 63
L 285.525, -243.855, -55.3, 288.625, -243.855, -55.3, 205, 133, 63
L 285.525, -240.155, -55.3, 288.625, -240.155, -55.3, 205, 133, 63
L 288.625, -243.855, -55.3, 288.625, -241.955, -55.3, 205, 133, 63
L 288.625, -241.955, -55.3, 288.625, -240.155, -55.3, 205, 133, 63
L 291.725, -241.955, -55.3, 291.725, -243.855, -55.3, 0, 0, 0
L 288.625, -241.955, -55.3, 291.725, -241.955, -55.3, 205, 133, 63
L 236.525, -241.955, -55.3, 236.525, -243.755, -55.3, 0, 0, 0
L 236.525, -241.955, -55.3, 239.625, -241.955, -55.3, 205, 133, 63
L 239.625, -243.755, -55.3, 239.625, -240.155, -55.3, 205, 133, 63
L 239.625, -243.755, -55.3, 242.625, -243.755, -55.3, 205, 133, 63
L 239.625, -240.155, -55.3, 242.625, -240.155, -55.3, 205, 133, 63
L 242.625, -243.755, -55.3, 242.625, -241.955, -55.3, 205, 133, 63
L 242.625, -241.955, -55.3, 242.625, -240.155, -55.3, 205, 133, 63
L 245.725, -241.955, -55.3, 245.725, -243.755, -55.3, 0, 0, 0
L 242.625, -241.955, -55.3, 245.725, -241.955, -55.3, 205, 133, 63
L 254.425, -220.355, -55.3, 254.425, -223.855, -55.3, 0, 0, 0
L 249.725, -208.355, -55.3, 249.725, -203.855, -55.3, 0, 0, 0
L 254.425, -211.655, -55.3, 254.425, -220.355, -55.3, 0, 0, 0
L 282.325, -194.355, -55.3, 282.325, -192.355, -55.3, 0, 0, 0
L 285.825, -194.355, -55.3, 285.825, -188.355, -55.3, 0, 0, 0
L 281.725, -205.755, -55.3, 281.725, -204.255, -55.3, 0, 0, 0
L 286.425, -205.755, -55.3, 286.425, -219.755, -55.3, 205, 133, 63
L 281.725, -205.755, -55.3, 286.425, -205.755, -55.3, 0, 0, 0
L 285.825, -194.355, -55.3, 284.125, -194.355, -55.3, 0, 0, 0
L 282.325, -197.455, -55.3, 282.325, -200.555, -55.3, 205, 133, 63
L 284.125, -194.355, -55.3, 282.325, -194.355, -55.3, 0, 0, 0
L 284.125, -194.355, -55.3, 284.125, -197.455, -55.3, 205, 133, 63
L 282.325, -197.455, -55.3, 285.825, -197.455, -55.3, 205, 133, 63
L 282.325, -200.555, -55.3, 284.125, -200.555, -55.3, 205, 133, 63
L 284.125, -200.555, -55.3, 285.825, -200.555, -55.3, 205, 133, 63
L 284.125, -203.655, -55.3, 285.825, -203.655, -55.3, 0, 0, 0
L 284.125, -200.555, -55.3, 284.125, -203.655, -55.3, 205, 133, 63
L 285.825, -197.455, -55.3, 285.825, -200.555, -55.3, 205, 133, 63
L 235.725, -188.355, -55.3, 282.325, -188.355, -55.3, 0, 0, 0
L 282.325, -192.355, -55.3, 282.325, -188.355, -55.3, 0, 0, 0
L 230.525, -158.055, -55.3, 230.525, -156.355, -55.3, 0, 0, 0
L 230.525, -158.055, -55.3, 233.625, -158.055, -55.3, 205, 133, 63
L 233.625, -159.755, -55.3, 233.625, -156.255, -55.3, 205, 133, 63
L 233.625, -159.755, -55.3, 236.625, -159.755, -55.3, 205, 133, 63
L 233.625, -156.255, -55.3, 236.625, -156.255, -55.3, 205, 133, 63
L 236.625, -159.755, -55.3, 236.625, -158.055, -55.3, 205, 133, 63
L 236.625, -158.055, -55.3, 236.625, -156.255, -55.3, 205, 133, 63
L 239.725, -158.055, -55.3, 239.725, -159.755, -55.3, 0, 0, 0
L 236.625, -158.055, -55.3, 239.725, -158.055, -55.3, 205, 133, 63
L 320.225, -149.455, -55.3, 320.225, -152.555, -55.3, 205, 133, 63
L 322.025, -146.355, -55.3, 323.825, -146.355, -55.3, 0, 0, 0
L 322.025, -146.355, -55.3, 322.025, -149.455, -55.3, 205, 133, 63
L 320.225, -149.455, -55.3, 323.825, -149.455, -55.3, 205, 133, 63
L 320.225, -152.555, -55.3, 322.025, -152.555, -55.3, 205, 133, 63
L 322.025, -152.555, -55.3, 323.825, -152.555, -55.3, 205, 133, 63
L 322.025, -155.655, -55.3, 320.325, -155.655, -55.3, 0, 0, 0
L 322.025, -152.555, -55.3, 322.025, -155.655, -55.3, 205, 133, 63
L 323.825, -149.455, -55.3, 323.825, -152.555, -55.3, 205, 133, 63
L 236.225, -206.955, -27.4, 236.225, -205.655, -27.4, 102, 255, 102
L 236.225, -206.955, -27.4, 239.425, -206.955, -27.4, 205, 133, 63
L 239.425, -208.355, -27.4, 239.425, -205.655, -27.4, 205, 133, 63
L 239.425, -208.355, -27.4, 242.725, -208.355, -27.4, 205, 133, 63
L 239.425, -205.655, -27.4, 242.725, -205.655, -27.4, 205, 133, 63
L 242.725, -208.355, -27.4, 242.725, -206.955, -27.4, 205, 133, 63
L 242.725, -206.955, -27.4, 242.725, -205.655, -27.4, 205, 133, 63
L 245.925, -206.955, -27.4, 245.925, -208.355, -27.4, 102, 255, 102
L 242.725, -206.955, -27.4, 245.925, -206.955, -27.4, 205, 133, 63
L 249.825, -211.055, -41.3, 249.825, -217.155, -41.3, 0, 204, 0
L 254.325, -217.155, -41.3, 254.425, -211.055, -41.3, 0, 204, 0
L 249.825, -217.155, -41.3, 254.325, -217.155, -41.3, 0, 204, 0
L 254.425, -211.055, -41.3, 249.825, -211.055, -41.3, 0, 204, 0
L 212.525, -203.655, -55.3, 212.525, -160.355, -55.3, 0, 0, 0
L 249.725, -203.855, -55.3, 212.525, -203.655, -55.3, 205, 133, 63
L 153.825, -101.655, -55.3, 125.825, -101.655, -55.3, 0, 0, 0
L 125.825, -105.655, -55.3, 125.825, -101.655, -55.3, 0, 0, 0
L 125.825, -120.355, -55.3, 125.825, -158.355, -55.3, 0, 0, 0
L 142.525, -124.355, -55.3, 142.525, -133.755, -55.3, 0, 0, 0
L 178.525, -124.355, -55.3, 142.525, -124.355, -55.3, 205, 133, 63
L 142.525, -104.455, -55.3, 142.525, -108.455, -55.3, 0, 0, 0
L 128.525, -155.655, -55.3, 201.725, -155.655, -55.3, 0, 0, 0
L 123.825, -120.255, -55.3, 123.825, -117.655, -55.3, 0, 0, 0
L 123.825, -117.655, -55.3, 126.125, -117.655, -55.3, 0, 0, 0
L 124.025, -105.755, -55.3, 125.825, -105.655, -55.3, 0, 0, 0
L 123.825, -108.155, -55.3, 123.825, -105.955, -55.3, 0, 0, 0
L 142.525, -133.755, -55.3, 139.825, -133.755, -55.3, 0, 0, 0
L 142.525, -119.655, -55.3, 142.525, -124.355, -55.3, 0, 0, 0
L 142.525, -119.655, -55.3, 178.525, -119.655, -55.3, 205, 133, 63
L 178.525, -104.455, -55.3, 142.525, -104.455, -55.3, 0, 0, 0
L 178.525, -104.455, -55.3, 178.525, -108.455, -55.3, 205, 133, 63
L 139.825, -104.455, -55.3, 128.525, -104.455, -55.3, 0, 0, 0
L 178.525, -119.655, -55.3, 178.525, -124.355, -55.3, 205, 133, 63
L 139.825, -133.755, -55.3, 139.825, -104.455, -55.3, 0, 0, 0
L 123.825, -105.955, -55.3, 124.025, -105.755, -55.3, 0, 0, 0
L 128.525, -108.055, -55.3, 123.825, -108.155, -55.3, 0, 0, 0
L 142.525, -108.455, -55.3, 142.525, -119.655, -55.3, 0, 0, 0
L 178.525, -108.455, -55.3, 142.525, -108.455, -55.3, 205, 133, 63
L 125.825, -120.355, -55.3, 123.825, -120.255, -55.3, 0, 0, 0
L 209.725, -158.355, -55.3, 125.825, -158.355, -55.3, 0, 0, 0
L 128.525, -155.655, -55.3, 128.525, -117.655, -55.3, 0, 0, 0
L 128.525, -108.055, -55.3, 128.525, -104.455, -55.3, 0, 0, 0
L 123.825, -111.355, -55.3, 123.825, -114.455, -55.3, 205, 133, 63
L 126.125, -108.155, -55.3, 126.125, -111.355, -55.3, 205, 133, 63
L 123.825, -111.355, -55.3, 128.525, -111.355, -55.3, 205, 133, 63
L 123.825, -114.455, -55.3, 126.125, -114.455, -55.3, 205, 133, 63
L 126.125, -114.455, -55.3, 128.525, -114.455, -55.3, 205, 133, 63
L 126.125, -117.655, -55.3, 128.525, -117.655, -55.3, 0, 0, 0
L 126.125, -114.455, -55.3, 126.125, -117.655, -55.3, 205, 133, 63
L 128.525, -111.355, -55.3, 128.525, -114.455, -55.3, 205, 133, 63
L 202.325, -108.155, -55.3, 202.325, -111.955, -55.3, 205, 133, 63
L 203.325, -104.455, -55.3, 178.525, -104.455, -55.3, 0, 0, 0
L 203.325, -104.455, -55.3, 203.325, -108.155, -55.3, 205, 133, 63
L 202.325, -108.155, -55.3, 204.225, -108.155, -55.3, 205, 133, 63
L 202.325, -111.955, -55.3, 203.325, -111.955, -55.3, 205, 133, 63
L 203.325, -111.955, -55.3, 204.225, -111.955, -55.3, 205, 133, 63
L 203.325, -115.655, -55.3, 204.225, -115.655, -55.3, 0, 0, 0
L 203.325, -111.955, -55.3, 203.325, -115.655, -55.3, 205, 133, 63
L 204.225, -108.155, -55.3, 204.225, -111.955, -55.3, 205, 133, 63
L 347.725, -19.855, -55.3, 347.725, -18.055, -55.3, 0, 0, 0
L 347.725, -19.855, -55.3, 348.325, -20.455, -55.3, 0, 0, 0
L 338.425, -18.055, -55.3, 338.425, -16.255, -55.3, 0, 0, 0
L 338.425, -18.055, -55.3, 341.525, -18.055, -55.3, 205, 133, 63
L 341.525, -19.855, -55.3, 341.525, -16.255, -55.3, 205, 133, 63
L 341.525, -19.855, -55.3, 344.625, -19.855, -55.3, 205, 133, 63
L 341.525, -16.255, -55.3, 344.625, -16.255, -55.3, 205, 133, 63
L 344.625, -19.855, -55.3, 344.625, -18.055, -55.3, 205, 133, 63
L 344.625, -18.055, -55.3, 344.625, -16.255, -55.3, 205, 133, 63
L 347.725, -18.055, -55.3, 347.725, -16.255, -55.3, 0, 0, 0
L 344.625, -18.055, -55.3, 347.725, -18.055, -55.3, 205, 133, 63
L 392.425, -87.655, -55.3, 406.425, -87.655, -55.3, 0, 0, 0
L 406.425, -102.455, -55.3, 406.425, -87.655, -55.3, 0, 0, 0
L 460.425, -60.055, -55.3, 460.425, -62.455, -55.3, 0, 0, 0
L 460.425, -60.055, -55.3, 463.525, -60.055, -55.3, 205, 133, 63
L 463.525, -62.455, -55.3, 463.525, -57.655, -55.3, 205, 133, 63
L 463.525, -62.455, -55.3, 466.525, -62.455, -55.3, 205, 133, 63
L 463.525, -57.655, -55.3, 466.525, -57.655, -55.3, 205, 133, 63
L 466.525, -62.455, -55.3, 466.525, -60.055, -55.3, 205, 133, 63
L 466.525, -60.055, -55.3, 466.525, -57.655, -55.3, 205, 133, 63
L 469.625, -60.055, -55.3, 469.625, -62.455, -55.3, 0, 0, 0
L 466.525, -60.055, -55.3, 469.625, -60.055, -55.3, 205, 133, 63
L 448.425, -17.055, -41.3, 448.425, -18.455, -41.3, 0, 204, 0
L 448.425, -17.055, -41.3, 451.525, -17.055, -41.3, 205, 133, 63
L 451.525, -18.455, -41.3, 451.525, -15.755, -41.3, 205, 133, 63
L 451.525, -18.455, -41.3, 454.525, -18.455, -41.3, 205, 133, 63
L 451.525, -15.755, -41.3, 454.525, -15.755, -41.3, 205, 133, 63
L 454.525, -18.455, -41.3, 454.525, -17.055, -41.3, 205, 133, 63
L 454.525, -17.055, -41.3, 454.525, -15.755, -41.3, 205, 133, 63
L 457.625, -17.055, -41.3, 457.625, -15.755, -41.3, 0, 204, 0
L 454.525, -17.055, -41.3, 457.625, -17.055, -41.3, 205, 133, 63
L 414.425, -17.055, -41.3, 414.425, -18.455, -41.3, 0, 204, 0
L 414.425, -17.055, -41.3, 417.525, -17.055, -41.3, 205, 133, 63
L 417.525, -18.455, -41.3, 417.525, -15.755, -41.3, 205, 133, 63
L 417.525, -18.455, -41.3, 420.525, -18.455, -41.3, 205, 133, 63
L 417.525, -15.755, -41.3, 420.525, -15.755, -41.3, 205, 133, 63
L 420.525, -18.455, -41.3, 420.525, -17.055, -41.3, 205, 133, 63
L 420.525, -17.055, -41.3, 420.525, -15.755, -41.3, 205, 133, 63
L 423.625, -17.055, -41.3, 423.625, -15.755, -41.3, 0, 204, 0
L 420.525, -17.055, -41.3, 423.625, -17.055, -41.3, 205, 133, 63
L 449.525, 16.845, -83.3, 449.525, 13.545, -83.3, 255, 255, 0
L 449.525, 16.845, -83.3, 451.025, 16.845, -83.3, 255, 255, 0
L 449.525, 13.545, -83.3, 451.025, 13.545, -83.3, 255, 255, 0
L 451.025, 13.545, -83.3, 452.425, 13.545, -83.3, 255, 255, 0
L 451.025, 10.245, -83.3, 446.225, 10.245, -83.3, 102, 0, 204
L 451.025, 13.545, -83.3, 451.025, 10.245, -83.3, 255, 255, 0
L 452.425, 16.845, -83.3, 452.425, 13.545, -83.3, 255, 255, 0
L 451.025, 16.845, -83.3, 452.425, 16.845, -83.3, 255, 255, 0
L 451.025, 16.845, -83.3, 451.025, 19.545, -83.3, 255, 255, 0
L 451.025, 19.545, -83.3, 451.825, 19.545, -83.3, 102, 0, 204
L 410.425, 79.845, -55.3, 410.425, 77.545, -55.3, 0, 0, 0
L 410.425, 79.845, -55.3, 413.525, 79.845, -55.3, 205, 133, 63
L 413.525, 77.545, -55.3, 413.525, 82.245, -55.3, 205, 133, 63
L 413.525, 77.545, -55.3, 416.525, 77.545, -55.3, 205, 133, 63
L 413.525, 82.245, -55.3, 416.525, 82.245, -55.3, 205, 133, 63
L 416.525, 77.545, -55.3, 416.525, 79.845, -55.3, 205, 133, 63
L 416.525, 79.845, -55.3, 416.525, 82.245, -55.3, 205, 133, 63
L 419.625, 79.845, -55.3, 419.625, 82.245, -55.3, 0, 0, 0
L 416.525, 79.845, -55.3, 419.625, 79.845, -55.3, 205, 133, 63
L 194.425, -33.755, -55.3, 196.125, -33.755, -55.3, 0, 0, 0
L 194.425, -33.755, -55.3, 193.725, -34.255, -55.3, 0, 0, 0
L 194.425, -27.555, -55.3, 194.425, -30.655, -55.3, 205, 133, 63
L 196.125, -24.455, -55.3, 194.425, -24.455, -55.3, 0, 0, 0
L 196.125, -24.455, -55.3, 196.125, -27.555, -55.3, 205, 133, 63
L 194.425, -27.555, -55.3, 197.925, -27.555, -55.3, 205, 133, 63
L 194.425, -30.655, -55.3, 196.125, -30.655, -55.3, 205, 133, 63
L 196.125, -30.655, -55.3, 197.925, -30.655, -55.3, 205, 133, 63
L 196.125, -33.755, -55.3, 197.925, -33.755, -55.3, 0, 0, 0
L 196.125, -30.655, -55.3, 196.125, -33.755, -55.3, 205, 133, 63
L 197.925, -27.555, -55.3, 197.925, -30.655, -55.3, 205, 133, 63
L 194.325, 4.445, -55.3, 194.325, 1.345, -55.3, 205, 133, 63
L 196.125, 7.545, -55.3, 193.725, 7.545, -55.3, 0, 0, 0
L 196.125, 7.545, -55.3, 196.125, 4.445, -55.3, 205, 133, 63
L 194.325, 4.445, -55.3, 197.925, 4.445, -55.3, 205, 133, 63
L 194.325, 1.345, -55.3, 196.125, 1.345, -55.3, 205, 133, 63
L 196.125, 1.345, -55.3, 197.925, 1.345, -55.3, 205, 133, 63
L 196.125, -1.755, -55.3, 197.925, -1.755, -55.3, 0, 0, 0
L 196.125, 1.345, -55.3, 196.125, -1.755, -55.3, 205, 133, 63
L 197.925, 4.445, -55.3, 197.925, 1.345, -55.3, 205, 133, 63
L 236.325, -31.555, -83.3, 236.325, -34.555, -83.3, 205, 133, 63
L 237.125, -28.455, -83.3, 236.325, -28.455, -83.3, 178, 102, 255
L 237.125, -28.455, -83.3, 237.125, -31.555, -83.3, 205, 133, 63
L 236.325, -31.555, -83.3, 237.925, -31.555, -83.3, 205, 133, 63
L 236.325, -34.555, -83.3, 237.125, -34.555, -83.3, 205, 133, 63
L 237.125, -34.555, -83.3, 237.925, -34.555, -83.3, 205, 133, 63
L 237.125, -37.655, -83.3, 237.925, -37.655, -83.3, 178, 102, 255
L 237.125, -34.555, -83.3, 237.125, -37.655, -83.3, 205, 133, 63
L 237.925, -31.555, -83.3, 237.925, -34.555, -83.3, 205, 133, 63
L 231.725, -19.755, -41.3, 232.425, -20.455, -41.3, 0, 204, 0
L 231.725, -16.255, -41.3, 231.725, -18.055, -41.3, 0, 204, 0
L 232.425, -15.755, -41.3, 231.725, -16.255, -41.3, 0, 204, 0
L 222.525, -18.055, -41.3, 222.525, -16.255, -41.3, 0, 204, 0
L 222.525, -18.055, -41.3, 225.625, -18.055, -41.3, 205, 133, 63
L 225.625, -19.755, -41.3, 225.625, -16.255, -41.3, 205, 133, 63
L 225.625, -19.755, -41.3, 228.625, -19.755, -41.3, 205, 133, 63
L 225.625, -16.255, -41.3, 228.625, -16.255, -41.3, 205, 133, 63
L 228.625, -19.755, -41.3, 228.625, -18.055, -41.3, 205, 133, 63
L 228.625, -18.055, -41.3, 228.625, -16.255, -41.3, 205, 133, 63
L 231.725, -18.055, -41.3, 231.725, -19.755, -41.3, 0, 204, 0
L 228.625, -18.055, -41.3, 231.725, -18.055, -41.3, 205, 133, 63
L 98.325, 164.245, -83.3, 97.825, 163.545, -83.3, 0, 0, 0
L 98.325, 164.245, -83.3, 154.525, 164.245, -83.3, 0, 0, 0
L 154.525, 98.245, -83.3, 154.525, 164.245, -83.3, 0, 0, 0
L 95.825, 147.645, -83.3, 96.525, 148.245, -83.3, 0, 0, 0
L 100.525, 158.145, -83.3, 99.725, 157.445, -83.3, 0, 0, 0
L 96.525, 154.345, -83.3, 96.525, 151.345, -83.3, 205, 133, 63
L 98.125, 157.445, -83.3, 99.725, 157.445, -83.3, 0, 0, 0
L 98.125, 157.445, -83.3, 98.125, 154.345, -83.3, 205, 133, 63
L 96.525, 154.345, -83.3, 99.725, 154.345, -83.3, 205, 133, 63
L 96.525, 151.345, -83.3, 98.125, 151.345, -83.3, 205, 133, 63
L 98.125, 151.345, -83.3, 99.725, 151.345, -83.3, 205, 133, 63
L 98.125, 148.245, -83.3, 96.525, 148.245, -83.3, 0, 0, 0
L 98.125, 151.345, -83.3, 98.125, 148.245, -83.3, 205, 133, 63
L 99.725, 154.345, -83.3, 99.725, 151.345, -83.3, 205, 133, 63
L 151.825, 138.245, -83.3, 151.825, 103.545, -83.3, 0, 0, 0
L 98.325, 103.545, -83.3, 97.825, 104.345, -83.3, 0, 0, 0
L 101.125, 103.545, -83.3, 151.825, 103.545, -83.3, 205, 133, 63
L 101.125, 108.245, -83.3, 98.325, 108.245, -83.3, 0, 0, 0
L 101.125, 103.545, -83.3, 101.125, 108.245, -83.3, 0, 0, 0
L 88.525, 106.045, -83.3, 88.525, 107.745, -83.3, 0, 0, 0
L 88.525, 106.045, -83.3, 91.625, 106.045, -83.3, 205, 133, 63
L 91.625, 104.345, -83.3, 91.625, 107.745, -83.3, 205, 133, 63
L 91.625, 104.345, -83.3, 94.725, 104.345, -83.3, 205, 133, 63
L 91.625, 107.745, -83.3, 94.725, 107.745, -83.3, 205, 133, 63
L 94.725, 104.345, -83.3, 94.725, 106.045, -83.3, 205, 133, 63
L 94.725, 106.045, -83.3, 94.725, 107.745, -83.3, 205, 133, 63
L 97.825, 106.045, -83.3, 97.825, 104.345, -83.3, 0, 0, 0
L 94.725, 106.045, -83.3, 97.825, 106.045, -83.3, 205, 133, 63
L 151.825, 85.645, -83.3, 152.625, 86.245, -83.3, 0, 0, 0
L 152.625, 92.445, -83.3, 152.625, 89.345, -83.3, 205, 133, 63
L 154.325, 95.545, -83.3, 155.925, 95.545, -83.3, 0, 0, 0
L 154.325, 95.545, -83.3, 154.325, 92.445, -83.3, 205, 133, 63
L 152.625, 92.445, -83.3, 155.925, 92.445, -83.3, 205, 133, 63
L 152.625, 89.345, -83.3, 154.325, 89.345, -83.3, 205, 133, 63
L 154.325, 89.345, -83.3, 155.925, 89.345, -83.3, 205, 133, 63
L 154.325, 86.245, -83.3, 152.625, 86.245, -83.3, 0, 0, 0
L 154.325, 89.345, -83.3, 154.325, 86.245, -83.3, 205, 133, 63
L 155.925, 92.445, -83.3, 155.925, 89.345, -83.3, 205, 133, 63
L 118.425, 92.445, -69.3, 118.425, 89.345, -69.3, 205, 133, 63
L 119.125, 95.545, -69.3, 120.025, 95.545, -69.3, 0, 204, 0
L 119.125, 95.545, -69.3, 119.125, 92.445, -69.3, 205, 133, 63
L 118.425, 92.445, -69.3, 119.825, 92.445, -69.3, 205, 133, 63
L 118.425, 89.345, -69.3, 119.125, 89.345, -69.3, 205, 133, 63
L 119.125, 89.345, -69.3, 119.825, 89.345, -69.3, 205, 133, 63
L 119.125, 86.245, -69.3, 118.425, 86.245, -69.3, 0, 204, 0
L 119.125, 89.345, -69.3, 119.125, 86.245, -69.3, 205, 133, 63
L 119.825, 92.445, -69.3, 119.825, 89.345, -69.3, 205, 133, 63
L 254.425, 37.945, -83.3, 254.425, 36.045, -83.3, 178, 102, 255
L 254.425, 37.945, -83.3, 257.525, 37.945, -83.3, 205, 133, 63
L 257.525, 36.145, -83.3, 257.525, 39.745, -83.3, 205, 133, 63
L 257.525, 36.145, -83.3, 260.625, 36.145, -83.3, 205, 133, 63
L 257.525, 39.745, -83.3, 260.625, 39.745, -83.3, 205, 133, 63
L 260.625, 36.145, -83.3, 260.625, 37.945, -83.3, 205, 133, 63
L 260.625, 37.945, -83.3, 260.625, 39.745, -83.3, 205, 133, 63
L 263.725, 37.945, -83.3, 263.725, 36.145, -83.3, 178, 102, 255
L 260.625, 37.945, -83.3, 263.725, 37.945, -83.3, 205, 133, 63
L 211.825, -4.455, -69.3, 211.825, -15.755, -69.3, 255, 255, 0
L 207.025, -15.755, -69.3, 205.425, -15.755, -69.3, 102, 255, 102
L 211.825, -15.755, -69.3, 210.325, -15.755, -69.3, 102, 255, 102
L 210.325, -4.455, -69.3, 210.325, -15.755, -69.3, 255, 255, 0
L 210.325, -15.755, -69.3, 207.025, -15.755, -69.3, 102, 255, 102
L 218.225, 14.445, -97.3, 218.225, 11.345, -97.3, 205, 133, 63
L 218.225, 11.345, -97.3, 219.025, 11.345, -97.3, 205, 133, 63
L 219.925, 14.445, -97.3, 219.925, 11.345, -97.3, 205, 133, 63
L 142.525, 33.545, -97.3, 173.725, 33.545, -97.3, 102, 0, 204
L 176.525, 33.545, -97.3, 217.725, 33.545, -97.3, 102, 0, 204
L 173.725, 33.545, -97.3, 173.725, 17.945, -97.3, 102, 0, 204
L 174.225, 8.245, -97.3, 173.725, 7.745, -97.3, 102, 0, 204
L 176.525, 18.045, -97.3, 176.525, 33.545, -97.3, 102, 0, 204
L 174.225, 17.545, -97.3, 175.125, 17.545, -97.3, 102, 0, 204
L 176.025, 17.545, -97.3, 176.525, 18.045, -97.3, 102, 0, 204
L 176.525, -15.755, -97.3, 176.525, 7.645, -97.3, 102, 0, 204
L 176.025, 8.245, -97.3, 175.125, 8.245, -97.3, 102, 0, 204
L 173.725, -15.755, -97.3, 142.525, -15.755, -97.3, 102, 0, 204
L 173.725, 7.745, -97.3, 173.725, -15.755, -97.3, 102, 0, 204
L 184.225, -20.455, -97.3, 185.125, -20.455, -97.3, 102, 0, 204
L 176.525, 7.645, -97.3, 176.025, 8.245, -97.3, 102, 0, 204
L 183.725, -19.855, -97.3, 184.225, -20.455, -97.3, 102, 0, 204
L 193.925, -15.755, -97.3, 176.525, -15.755, -97.3, 102, 0, 204
L 158.525, -57.655, -97.3, 158.525, -18.455, -97.3, 102, 0, 204
L 186.525, -57.655, -97.3, 186.525, -30.255, -97.3, 102, 0, 204
L 183.725, -57.655, -97.3, 158.525, -57.655, -97.3, 102, 0, 204
L 183.725, -30.155, -97.3, 183.725, -57.655, -97.3, 102, 0, 204
L 186.525, -30.255, -97.3, 186.025, -29.755, -97.3, 102, 0, 204
L 251.725, -57.655, -97.3, 186.525, -57.655, -97.3, 102, 0, 204
L 184.225, -29.755, -97.3, 183.725, -30.155, -97.3, 102, 0, 204
L 183.725, -18.455, -97.3, 183.725, -19.855, -97.3, 102, 0, 204
L 173.725, 17.945, -97.3, 174.225, 17.545, -97.3, 102, 0, 204
L 186.025, -29.755, -97.3, 185.125, -29.755, -97.3, 102, 0, 204
L 158.525, -18.455, -97.3, 183.725, -18.455, -97.3, 102, 0, 204
L 142.525, -15.755, -97.3, 142.525, 33.545, -97.3, 102, 0, 204
L 186.525, -18.455, -97.3, 194.025, -18.455, -97.3, 102, 0, 204
L 224.425, -7.855, -97.3, 220.525, 1.945, -97.3, 102, 0, 204
L 238.225, -15.755, -97.3, 224.425, -7.855, -97.3, 102, 0, 204
L 251.725, -18.455, -97.3, 251.725, -57.655, -97.3, 102, 0, 204
L 219.925, 8.245, -97.3, 219.025, 8.245, -97.3, 102, 0, 204
L 186.025, -20.455, -97.3, 186.525, -19.855, -97.3, 102, 0, 204
L 194.025, -18.455, -97.3, 194.525, -17.955, -97.3, 102, 0, 204
L 220.525, 7.745, -97.3, 219.925, 8.245, -97.3, 102, 0, 204
L 217.725, 33.545, -97.3, 217.725, 18.045, -97.3, 102, 0, 204
L 194.525, -17.955, -97.3, 194.525, -17.155, -97.3, 102, 0, 204
L 204.225, -18.455, -97.3, 251.725, -18.455, -97.3, 102, 0, 204
L 217.725, 18.045, -97.3, 218.325, 17.545, -97.3, 102, 0, 204
L 220.525, 1.945, -97.3, 220.525, 7.745, -97.3, 102, 0, 204
L 218.225, 8.245, -97.3, 217.725, 7.745, -97.3, 102, 0, 204
L 217.725, -15.755, -97.3, 204.325, -15.755, -97.3, 102, 0, 204
L 186.525, -19.855, -97.3, 186.525, -18.455, -97.3, 102, 0, 204
L 217.725, 7.745, -97.3, 217.725, -15.755, -97.3, 102, 0, 204
L 263.725, -15.755, -97.3, 238.225, -15.755, -97.3, 102, 0, 204
L 218.325, 17.545, -97.3, 219.025, 17.545, -97.3, 102, 0, 204
L 220.525, 18.045, -97.3, 220.525, 23.745, -97.3, 102, 0, 204
L 220.525, 23.745, -97.3, 226.325, 31.645, -97.3, 102, 0, 204
L 220.025, 17.545, -97.3, 220.525, 18.045, -97.3, 102, 0, 204
L 226.325, 31.645, -97.3, 236.225, 35.545, -97.3, 102, 0, 204
L 218.225, 14.445, -97.3, 219.025, 14.445, -97.3, 205, 133, 63
L 219.025, 17.545, -97.3, 220.025, 17.545, -97.3, 102, 0, 204
L 219.025, 14.445, -97.3, 219.925, 14.445, -97.3, 205, 133, 63
L 219.025, 17.545, -97.3, 219.025, 14.445, -97.3, 205, 133, 63
L 219.025, 11.345, -97.3, 219.925, 11.345, -97.3, 205, 133, 63
L 219.025, 8.245, -97.3, 218.225, 8.245, -97.3, 102, 0, 204
L 219.025, 11.345, -97.3, 219.025, 8.245, -97.3, 205, 133, 63
L 174.225, 14.445, -97.3, 174.225, 11.345, -97.3, 205, 133, 63
L 175.125, 17.545, -97.3, 176.025, 17.545, -97.3, 102, 0, 204
L 175.125, 17.545, -97.3, 175.125, 14.445, -97.3, 205, 133, 63
L 174.225, 14.445, -97.3, 176.025, 14.445, -97.3, 205, 133, 63
L 174.225, 11.345, -97.3, 175.125, 11.345, -97.3, 205, 133, 63
L 175.125, 11.345, -97.3, 176.025, 11.345, -97.3, 205, 133, 63
L 175.125, 8.245, -97.3, 174.225, 8.245, -97.3, 102, 0, 204
L 175.125, 11.345, -97.3, 175.125, 8.245, -97.3, 205, 133, 63
L 176.025, 14.445, -97.3, 176.025, 11.345, -97.3, 205, 133, 63
L 194.525, -16.355, -97.3, 193.925, -15.755, -97.3, 102, 0, 204
L 194.525, -17.155, -97.3, 194.525, -16.355, -97.3, 102, 0, 204
L 194.525, -17.155, -97.3, 197.625, -17.155, -97.3, 205, 133, 63
L 197.625, -17.955, -97.3, 197.625, -16.355, -97.3, 205, 133, 63
L 197.625, -17.955, -97.3, 200.625, -17.955, -97.3, 205, 133, 63
L 197.625, -16.355, -97.3, 200.625, -16.355, -97.3, 205, 133, 63
L 200.625, -17.955, -97.3, 200.625, -17.155, -97.3, 205, 133, 63
L 200.625, -17.155, -97.3, 200.625, -16.355, -97.3, 205, 133, 63
L 203.725, -17.155, -97.3, 203.725, -17.955, -97.3, 102, 0, 204
L 200.625, -17.155, -97.3, 203.725, -17.155, -97.3, 205, 133, 63
L 184.225, -23.555, -97.3, 184.225, -26.655, -97.3, 205, 133, 63
L 185.125, -20.455, -97.3, 186.025, -20.455, -97.3, 102, 0, 204
L 185.125, -20.455, -97.3, 185.125, -23.555, -97.3, 205, 133, 63
L 184.225, -23.555, -97.3, 186.025, -23.555, -97.3, 205, 133, 63
L 184.225, -26.655, -97.3, 185.125, -26.655, -97.3, 205, 133, 63
L 185.125, -26.655, -97.3, 186.025, -26.655, -97.3, 205, 133, 63
L 185.125, -29.755, -97.3, 184.225, -29.755, -97.3, 102, 0, 204
L 185.125, -26.655, -97.3, 185.125, -29.755, -97.3, 205, 133, 63
L 186.025, -23.555, -97.3, 186.025, -26.655, -97.3, 205, 133, 63
L 224.425, 138.745, -111.3, 227.525, 138.745, -111.3, 205, 133, 63
L 227.525, 137.945, -111.3, 227.525, 139.545, -111.3, 205, 133, 63
L 227.525, 137.945, -111.3, 230.625, 137.945, -111.3, 205, 133, 63
L 227.625, 139.545, -111.3, 230.625, 139.545, -111.3, 205, 133, 63
L 230.625, 137.945, -111.3, 230.625, 138.745, -111.3, 205, 133, 63
L 230.625, 138.745, -111.3, 230.625, 139.545, -111.3, 205, 133, 63
L 233.725, 138.745, -111.3, 233.725, 137.945, -111.3, 102, 0, 204
L 230.625, 138.745, -111.3, 233.725, 138.745, -111.3, 205, 133, 63
L 256.225, 162.345, -111.3, 256.225, 159.345, -111.3, 205, 133, 63
L 257.025, 165.445, -111.3, 257.825, 165.445, -111.3, 102, 0, 204
L 257.025, 165.445, -111.3, 257.025, 162.345, -111.3, 205, 133, 63
L 256.225, 162.345, -111.3, 257.825, 162.345, -111.3, 205, 133, 63
L 256.225, 159.345, -111.3, 257.025, 159.345, -111.3, 205, 133, 63
L 257.025, 159.345, -111.3, 257.825, 159.345, -111.3, 205, 133, 63
L 257.025, 156.245, -111.3, 256.325, 156.245, -111.3, 102, 0, 204
L 257.025, 159.345, -111.3, 257.025, 156.245, -111.3, 205, 133, 63
L 257.825, 162.345, -111.3, 257.825, 159.345, -111.3, 205, 133, 63
L 824.225, 138.845, -97.3, 824.225, 139.745, -97.3, 102, 0, 204
L 824.225, 138.845, -97.3, 827.325, 138.845, -97.3, 205, 133, 63
L 827.325, 138.145, -97.3, 827.325, 139.645, -97.3, 205, 133, 63
L 827.325, 138.145, -97.3, 830.425, 138.145, -97.3, 205, 133, 63
L 827.325, 139.645, -97.3, 830.425, 139.645, -97.3, 205, 133, 63
L 830.425, 138.145, -97.3, 830.425, 138.845, -97.3, 205, 133, 63
L 830.425, 138.845, -97.3, 830.425, 139.645, -97.3, 205, 133, 63
L 833.525, 138.845, -97.3, 833.525, 138.145, -97.3, 102, 0, 204
L 830.425, 138.845, -97.3, 833.525, 138.845, -97.3, 205, 133, 63
L 850.225, 126.045, -97.3, 850.225, 137.445, -97.3, 102, 0, 204
L 848.025, 122.445, -97.3, 848.025, 119.345, -97.3, 205, 133, 63
L 848.825, 125.545, -97.3, 848.825, 122.445, -97.3, 205, 133, 63
L 848.025, 122.445, -97.3, 849.625, 122.445, -97.3, 205, 133, 63
L 848.025, 119.345, -97.3, 848.825, 119.345, -97.3, 205, 133, 63
L 848.825, 119.345, -97.3, 849.625, 119.345, -97.3, 205, 133, 63
L 848.825, 116.245, -97.3, 848.025, 116.245, -97.3, 102, 0, 204
L 848.825, 119.345, -97.3, 848.825, 116.245, -97.3, 205, 133, 63
L 849.625, 122.445, -97.3, 849.625, 119.345, -97.3, 205, 133, 63
L 879.425, 189.445, -95.3, 868.225, 189.445, -95.3, 102, 0, 204
L 866.125, 178.245, -95.3, 866.825, 178.245, -95.3, 102, 0, 204
L 866.825, 178.245, -95.3, 867.725, 178.245, -95.3, 102, 0, 204
L 865.525, 177.645, -95.3, 866.125, 178.245, -95.3, 102, 0, 204
L 868.225, 187.945, -95.3, 867.525, 187.445, -95.3, 102, 0, 204
L 866.025, 187.445, -95.3, 865.525, 188.245, -95.3, 102, 0, 204
L 867.525, 187.445, -95.3, 866.725, 187.445, -95.3, 102, 0, 204
L 865.525, 176.245, -95.3, 865.525, 177.645, -95.3, 102, 0, 204
L 848.225, 176.245, -96.3, 865.525, 176.245, -95.3, 102, 0, 204
L 865.525, 189.445, -95.3, 858.125, 189.445, -96.3, 102, 0, 204
L 865.525, 188.245, -95.3, 865.525, 189.445, -95.3, 102, 0, 204
L 866.025, 184.345, -95.3, 866.025, 181.245, -95.3, 205, 133, 63
L 866.725, 187.445, -95.3, 866.025, 187.445, -95.3, 102, 0, 204
L 866.725, 187.445, -95.3, 866.725, 184.345, -95.3, 205, 133, 63
L 866.025, 184.345, -95.3, 867.525, 184.345, -95.3, 205, 133, 63
L 866.025, 181.245, -95.3, 866.725, 181.245, -95.3, 205, 133, 63
L 866.725, 181.245, -95.3, 867.525, 181.245, -95.3, 205, 133, 63
L 866.725, 181.245, -95.3, 866.725, 178.145, -95.3, 205, 133, 63
L 867.525, 184.345, -95.3, 867.525, 181.245, -95.3, 205, 133, 63
L 867.625, 146.245, -83.3, 879.425, 146.245, -83.3, 178, 102, 255
L 867.625, 165.445, -83.3, 867.625, 146.245, -83.3, 255, 255, 0
L 865.625, 146.245, -83.3, 854.225, 146.245, -83.3, 178, 102, 255
L 865.625, 165.445, -83.3, 865.625, 146.245, -83.3, 255, 255, 0
L 824.225, 247.745, -111.3, 824.225, 263.445, -111.3, 102, 0, 204
L 824.225, 237.445, -111.3, 823.725, 238.145, -111.3, 102, 0, 204
L 823.725, 238.145, -111.3, 823.025, 238.145, -111.3, 102, 0, 204
L 822.225, 238.145, -111.3, 821.525, 237.645, -111.3, 102, 0, 204
L 821.525, 237.645, -111.3, 821.525, 230.045, -111.3, 102, 0, 204
L 824.225, 222.145, -111.3, 824.225, 237.445, -111.3, 102, 0, 204
L 824.225, 247.745, -111.3, 823.025, 247.745, -111.3, 102, 0, 204
L 821.525, 257.545, -113.0, 821.525, 247.745, -111.3, 102, 0, 204
L 822.225, 244.545, -111.3, 822.225, 241.345, -111.3, 205, 133, 63
L 823.025, 247.745, -111.3, 821.525, 247.745, -111.3, 102, 0, 204
L 823.025, 247.745, -111.3, 823.025, 244.545, -111.3, 205, 133, 63
L 822.225, 244.545, -111.3, 823.725, 244.545, -111.3, 205, 133, 63
L 822.225, 241.345, -111.3, 823.025, 241.345, -111.3, 205, 133, 63
L 823.025, 241.345, -111.3, 823.725, 241.345, -111.3, 205, 133, 63
L 823.025, 238.145, -111.3, 822.225, 238.145, -111.3, 102, 0, 204
L 823.025, 241.345, -111.3, 823.025, 238.145, -111.3, 205, 133, 63
L 823.725, 244.545, -111.3, 823.725, 241.345, -111.3, 205, 133, 63
L 1092.325, 513.645, -70.4, 1089.825, 513.345, -70.4, 102, 0, 204
L 1091.525, 486.145, -70.4, 1092.025, 486.045, -70.4, 0, 0, 255
L 1092.025, 486.045, -70.4, 1097.325, 480.945, -70.4, 0, 0, 255
L 1077.525, 486.045, -70.4, 1089.825, 486.145, -70.4, 0, 0, 255
L 1092.325, 513.645, -70.4, 1092.025, 486.045, -70.4, 255, 255, 0
L 1104.425, 525.845, -70.4, 1092.325, 513.645, -70.4, 0, 0, 255
L 1097.325, 480.945, -70.4, 1118.425, 458.945, -68.1, 0, 0, 255
L 1089.825, 486.145, -70.4, 1091.525, 486.145, -70.4, 0, 0, 255
L 1089.825, 486.145, -70.4, 1089.825, 513.345, -70.4, 255, 255, 0
L 1089.825, 513.345, -70.4, 1077.925, 513.345, -70.4, 102, 0, 204
L 208.525, 177.845, -83.3, 208.525, 179.545, -83.3, 0, 0, 0
L 208.525, 177.845, -83.3, 211.625, 177.845, -83.3, 205, 133, 63
L 211.625, 176.145, -83.3, 211.625, 179.545, -83.3, 205, 133, 63
L 211.625, 176.145, -83.3, 214.625, 176.145, -83.3, 205, 133, 63
L 211.625, 179.545, -83.3, 214.625, 179.545, -83.3, 205, 133, 63
L 214.625, 176.145, -83.3, 214.625, 177.845, -83.3, 205, 133, 63
L 214.625, 177.845, -83.3, 214.625, 179.545, -83.3, 205, 133, 63
L 217.725, 177.845, -83.3, 217.725, 176.045, -83.3, 0, 0, 0
L 214.625, 177.845, -83.3, 217.725, 177.845, -83.3, 205, 133, 63
L 179.725, 218.545, -83.3, 179.725, 194.245, -83.3, 205, 133, 63
L 184.525, 218.545, -83.3, 184.525, 219.645, -83.3, 0, 0, 0
L 179.725, 218.545, -83.3, 184.525, 218.545, -83.3, 0, 0, 0
L 179.725, 230.045, -83.3, 179.725, 231.445, -83.3, 0, 0, 0
L 180.325, 226.345, -83.3, 180.325, 223.245, -83.3, 205, 133, 63
L 182.125, 229.445, -83.3, 183.925, 229.445, -83.3, 0, 0, 0
L 182.125, 229.445, -83.3, 182.125, 226.345, -83.3, 205, 133, 63
L 180.325, 226.345, -83.3, 183.925, 226.345, -83.3, 205, 133, 63
L 180.325, 223.245, -83.3, 182.125, 223.245, -83.3, 205, 133, 63
L 182.125, 223.245, -83.3, 183.925, 223.245, -83.3, 205, 133, 63
L 182.125, 220.145, -83.3, 180.325, 220.145, -83.3, 0, 0, 0
L 182.125, 223.245, -83.3, 182.125, 220.145, -83.3, 205, 133, 63
L 183.925, 226.345, -83.3, 183.925, 223.245, -83.3, 205, 133, 63
L 179.725, 194.245, -83.3, 179.725, 180.245, -83.3, 0, 0, 0
L 184.525, 194.245, -83.3, 179.725, 194.245, -83.3, 0, 0, 0
