L -608.123, -1376.772, -10.0000, -607.123, -1373.772, -10.0000, 0, 0, 0
L -627.123, -1373.772, -10.0000, -626.123, -1370.772, -10.0000, 0, 0, 0
L -644.123, -1370.772, -11.0000, -627.123, -1373.772, -10.0000, 0, 0, 0
L -653.123, -1424.772, -9.0000, -644.123, -1370.772, -11.0000, 0, 0, 0
L -636.123, -1426.772, -8.0000, -653.123, -1424.772, -9.0000, 0, 0, 0
L -637.123, -1430.772, -8.0000, -636.123, -1426.772, -8.0000, 0, 0, 0
L -654.123, -1429.772, -9.0000, -637.123, -1430.772, -8.0000, 0, 0, 0
L -699.123, -1456.772, -10.0000, -654.123, -1429.772, -9.0000, 0, 0, 0
L -703.123, -1466.772, -10.0000, -699.123, -1456.772, -10.0000, 0, 0, 0
L -704.123, -1486.772, -8.0000, -707.123, -1486.772, -8.0000, 0, 0, 0
L -705.123, -1494.772, -7.0000, -704.123, -1486.772, -8.0000, 0, 0, 0
L -671.123, -1536.772, -2.0000, -705.123, -1494.772, -7.0000, 0, 0, 0
L -653.123, -1540.772, 0.0000, -671.123, -1536.772, -2.0000, 0, 0, 0
L -653.123, -1544.772, 0.0000, -653.123, -1540.772, 0.0000, 0, 0, 0
L -672.123, -1541.772, -1.0000, -653.123, -1544.772, 0.0000, 0, 0, 0
L -674.123, -1546.772, -1.0000, -672.123, -1541.772, -1.0000, 0, 0, 0
L -681.123, -1587.772, 0.0000, -683.123, -1596.772, 0.0000, 0, 0, 0
L -681.123, -1594.772, 0.0000, -681.123, -1587.772, 0.0000, 0, 0, 0
L -662.123, -1598.772, 0.0000, -681.123, -1594.772, 0.0000, 0, 0, 0
L -645.123, -1599.772, 1.0000, -645.123, -1602.772, 1.0000, 0, 0, 0
L -626.123, -1602.772, 2.0000, -645.123, -1599.772, 1.0000, 0, 0, 0
L -625.123, -1597.772, 2.0000, -626.123, -1602.772, 2.0000, 0, 0, 0
L -624.123, -1587.772, 1.0000, -621.123, -1588.772, 2.0000, 0, 0, 0
L -618.123, -1550.772, 1.0000, -624.123, -1587.772, 1.0000, 0, 0, 0
L -631.123, -1549.772, 1.0000, -618.123, -1550.772, 1.0000, 0, 0, 0
L -632.123, -1544.772, 0.0000, -631.123, -1549.772, 1.0000, 0, 0, 0
L -617.123, -1544.772, 0.0000, -632.123, -1544.772, 0.0000, 0, 0, 0
L -573.123, -1516.772, 1.0000, -617.123, -1544.772, 0.0000, 0, 0, 0
L -572.123, -1510.772, 0.0000, -573.123, -1516.772, 1.0000, 0, 0, 0
L -585.123, -1505.772, 0.0000, -572.123, -1510.772, 0.0000, 0, 0, 0
L -587.123, -1487.772, 0.0000, -585.123, -1505.772, 0.0000, 0, 0, 0
L -571.123, -1477.772, -1.0000, -587.123, -1487.772, 0.0000, 0, 0, 0
L -567.123, -1478.772, -1.0000, -571.123, -1477.772, -1.0000, 0, 0, 0
L -599.123, -1436.772, -7.0000, -567.123, -1478.772, -1.0000, 0, 0, 0
L -617.123, -1433.772, -7.0000, -599.123, -1436.772, -7.0000, 0, 0, 0
L -617.123, -1429.772, -7.0000, -617.123, -1433.772, -7.0000, 0, 0, 0
L -599.123, -1432.772, -7.0000, -617.123, -1429.772, -7.0000, 0, 0, 0
L -591.123, -1379.772, -9.0000, -599.123, -1432.772, -7.0000, 0, 0, 0
L -608.123, -1376.772, -10.0000, -591.123, -1379.772, -9.0000, 0, 0, 0
L -584.123, -1377.772, -9.0000, -607.123, -1373.772, -10.0000, 0, 0, 0
L -647.123, -1368.772, -11.0000, -626.123, -1370.772, -10.0000, 0, 0, 0
L -656.123, -1426.772, -9.0000, -647.123, -1368.772, -11.0000, 0, 0, 0
L -702.123, -1455.772, -11.0000, -656.123, -1426.772, -9.0000, 0, 0, 0
L -703.123, -1465.772, -10.0000, -702.123, -1455.772, -11.0000, 0, 0, 0
L -708.123, -1494.772, -8.0000, -707.123, -1486.772, -7.0000, 0, 0, 0
L -674.123, -1536.772, -2.0000, -708.123, -1494.772, -8.0000, 0, 0, 0
L -675.123, -1545.772, 0.0000, -674.123, -1536.772, -2.0000, 0, 0, 0
L -663.123, -1599.772, 0.0000, -683.123, -1596.772, 0.0000, 0, 0, 0
L -624.123, -1605.772, 2.0000, -645.123, -1602.772, 2.0000, 0, 0, 0
L -622.123, -1597.772, 2.0000, -624.123, -1605.772, 2.0000, 0, 0, 0
L -614.123, -1547.772, 1.0000, -621.123, -1588.772, 2.0000, 0, 0, 0
L -570.123, -1518.772, 1.0000, -614.123, -1547.772, 1.0000, 0, 0, 0
L -569.123, -1510.772, 1.0000, -570.123, -1518.772, 1.0000, 0, 0, 0
L -556.123, -1501.772, 1.0000, -569.123, -1510.772, 1.0000, 0, 0, 0
L -556.123, -1486.772, 0.0000, -556.123, -1501.772, 1.0000, 0, 0, 0
L -564.123, -1480.772, -1.0000, -556.123, -1486.772, 0.0000, 0, 0, 0
L -563.123, -1477.772, -1.0000, -564.123, -1480.772, -1.0000, 0, 0, 0
L -596.123, -1436.772, -7.0000, -563.123, -1477.772, -1.0000, 0, 0, 0
L -584.123, -1377.772, -9.0000, -596.123, -1436.772, -7.0000, 0, 0, 0
L 1735.877, -1212.772, -8.0000, 1732.877, -1212.772, -8.0000, 0, 0, 0
L 1735.877, -1201.772, -8.0000, 1735.877, -1212.772, -8.0000, 0, 0, 0
L 1680.877, -1201.772, -7.0000, 1735.877, -1201.772, -8.0000, 0, 0, 0
L 1732.877, -1212.772, -8.0000, 1732.877, -1203.772, -8.0000, 0, 0, 0
L 1676.877, -1258.772, -7.0000, 1676.877, -1261.772, -7.0000, 0, 0, 0
L 1696.877, -1261.772, -7.0000, 1676.877, -1261.772, -7.0000, 0, 0, 0
L 1716.877, -1241.772, -7.0000, 1696.877, -1261.772, -7.0000, 0, 0, 0
L 1736.877, -1241.772, -7.0000, 1716.877, -1241.772, -7.0000, 0, 0, 0
L 1735.877, -1232.772, -8.0000, 1736.877, -1241.772, -7.0000, 0, 0, 0
L 1732.877, -1232.772, -8.0000, 1735.877, -1232.772, -8.0000, 0, 0, 0
L 1732.877, -1239.772, -7.0000, 1732.877, -1232.772, -8.0000, 0, 0, 0
L 1714.877, -1239.772, -7.0000, 1732.877, -1239.772, -7.0000, 0, 0, 0
L 1695.877, -1258.772, -7.0000, 1714.877, -1239.772, -7.0000, 0, 0, 0
L 1676.877, -1258.772, -7.0000, 1695.877, -1258.772, -7.0000, 0, 0, 0
L 1567.877, -1231.772, -7.0000, 1596.877, -1231.772, -7.0000, 150, 150, 150
L 1567.877, -1261.772, -9.0000, 1567.877, -1231.772, -7.0000, 150, 150, 150
L 1596.877, -1261.772, -9.0000, 1567.877, -1261.772, -9.0000, 150, 150, 150
L 1596.877, -1242.772, -7.0000, 1596.877, -1261.772, -9.0000, 150, 150, 150
L 1615.877, -1242.772, -7.0000, 1596.877, -1242.772, -7.0000, 0, 0, 0
L 1635.877, -1261.772, -7.0000, 1615.877, -1242.772, -7.0000, 0, 0, 0
L 1655.877, -1261.772, -7.0000, 1635.877, -1261.772, -7.0000, 0, 0, 0
L 1655.877, -1258.772, -7.0000, 1655.877, -1261.772, -7.0000, 0, 0, 0
L 1638.877, -1258.772, -7.0000, 1655.877, -1258.772, -7.0000, 0, 0, 0
L 1616.877, -1240.772, -7.0000, 1638.877, -1258.772, -7.0000, 0, 0, 0
L 1598.877, -1239.772, -7.0000, 1616.877, -1240.772, -7.0000, 0, 0, 0
L 1598.877, -1231.772, -7.0000, 1598.877, -1239.772, -7.0000, 0, 0, 0
L 1566.877, -1211.772, -7.0000, 1567.877, -1182.772, -7.0000, 150, 150, 150
L 1597.877, -1212.772, -7.0000, 1596.877, -1212.772, -7.0000, 0, 0, 0
L 1598.877, -1204.772, -7.0000, 1597.877, -1212.772, -7.0000, 0, 0, 0
L 1596.877, -1201.772, -7.0000, 1637.877, -1201.772, -7.0000, 0, 0, 0
L 1596.877, -1182.772, -7.0000, 1596.877, -1201.772, -7.0000, 150, 150, 150
L 1567.877, -1182.772, -7.0000, 1596.877, -1182.772, -7.0000, 150, 150, 150
L -1465.123, -946.772, 8.0000, -1456.123, -959.772, 7.0000, 0, 0, 0
L -1456.123, -934.772, 10.0000, -1465.123, -946.772, 8.0000, 0, 0, 0
L -1448.123, -924.772, 12.0000, -1456.123, -934.772, 10.0000, 0, 0, 0
L -1441.123, -907.772, 15.0000, -1448.123, -924.772, 12.0000, 0, 0, 0
L -1437.123, -901.772, 16.0000, -1441.123, -907.772, 15.0000, 0, 0, 0
L -1437.123, -891.772, 16.0000, -1437.123, -901.772, 16.0000, 0, 0, 0
L -1446.123, -891.772, 14.0000, -1437.123, -891.772, 16.0000, 0, 0, 0
L -1442.123, -873.772, 14.0000, -1446.123, -891.772, 14.0000, 0, 0, 0
L -1424.123, -861.772, 17.0000, -1442.123, -873.772, 14.0000, 0, 0, 0
L -1420.123, -853.772, 17.0000, -1424.123, -861.772, 17.0000, 0, 0, 0
L -1417.123, -842.772, 20.0000, -1420.123, -853.772, 17.0000, 0, 0, 0
L -1414.123, -838.772, 22.0000, -1417.123, -842.772, 20.0000, 0, 0, 0
L -1413.123, -833.772, 23.0000, -1414.123, -838.772, 22.0000, 0, 0, 0
L -1414.123, -827.772, 24.0000, -1413.123, -833.772, 23.0000, 0, 0, 0
L -1414.123, -820.772, 26.0000, -1414.123, -827.772, 24.0000, 0, 0, 0
L -1409.123, -816.772, 28.0000, -1414.123, -820.772, 26.0000, 0, 0, 0
L -1400.123, -826.772, 27.0000, -1409.123, -816.772, 28.0000, 0, 0, 0
L -1396.123, -828.772, 27.0000, -1400.123, -826.772, 27.0000, 0, 0, 0
L -1391.123, -828.772, 28.0000, -1396.123, -828.772, 27.0000, 0, 0, 0
L -1388.123, -832.772, 28.0000, -1391.123, -828.772, 28.0000, 0, 0, 0
L -1383.123, -829.772, 28.0000, -1388.123, -832.772, 28.0000, 0, 0, 0
L -1381.123, -826.772, 29.0000, -1383.123, -829.772, 28.0000, 0, 0, 0
L -1379.123, -818.772, 30.0000, -1381.123, -826.772, 29.0000, 0, 0, 0
L -1375.123, -814.772, 30.0000, -1379.123, -818.772, 30.0000, 0, 0, 0
L -1368.123, -815.772, 28.0000, -1375.123, -814.772, 30.0000, 0, 0, 0
L -1364.123, -818.772, 27.0000, -1368.123, -815.772, 28.0000, 0, 0, 0
L -1362.123, -824.772, 25.0000, -1364.123, -818.772, 27.0000, 0, 0, 0
L -1364.123, -829.772, 24.0000, -1362.123, -824.772, 25.0000, 0, 0, 0
L -1364.123, -840.772, 21.0000, -1364.123, -829.772, 24.0000, 0, 0, 0
L -1369.123, -837.772, 23.0000, -1364.123, -840.772, 21.0000, 0, 0, 0
L -1375.123, -842.772, 23.0000, -1369.123, -837.772, 23.0000, 0, 0, 0
L -1375.123, -848.772, 21.0000, -1375.123, -842.772, 23.0000, 0, 0, 0
L -1372.123, -852.772, 19.0000, -1375.123, -848.772, 21.0000, 0, 0, 0
L -1369.123, -863.772, 16.0000, -1372.123, -852.772, 19.0000, 0, 0, 0
L -1376.123, -883.772, 12.0000, -1369.123, -863.772, 16.0000, 0, 0, 0
L -1389.123, -896.772, 11.0000, -1376.123, -883.772, 12.0000, 0, 0, 0
L -1389.123, -887.772, 14.0000, -1389.123, -896.772, 11.0000, 0, 0, 0
L -1387.123, -882.772, 16.0000, -1389.123, -887.772, 14.0000, 0, 0, 0
L -1383.123, -869.772, 18.0000, -1387.123, -882.772, 16.0000, 0, 0, 0
L -1387.123, -868.772, 20.0000, -1383.123, -869.772, 18.0000, 0, 0, 0
L -1392.123, -870.772, 19.0000, -1387.123, -868.772, 20.0000, 0, 0, 0
L -1406.123, -878.772, 18.0000, -1392.123, -870.772, 19.0000, 0, 0, 0
L -1416.123, -890.772, 16.0000, -1406.123, -878.772, 18.0000, 0, 0, 0
L -1418.123, -895.772, 15.0000, -1416.123, -890.772, 16.0000, 0, 0, 0
L -1425.123, -910.772, 12.0000, -1418.123, -895.772, 15.0000, 0, 0, 0
L -1436.123, -924.772, 10.0000, -1425.123, -910.772, 12.0000, 0, 0, 0
L -1439.123, -925.772, 10.0000, -1436.123, -924.772, 10.0000, 0, 0, 0
L -1441.123, -935.772, 8.0000, -1439.123, -925.772, 10.0000, 0, 0, 0
L -1447.123, -947.772, 5.0000, -1441.123, -935.772, 8.0000, 0, 0, 0
L -1456.123, -959.772, 5.0000, -1447.123, -947.772, 5.0000, 0, 0, 0
L -1495.123, -1093.772, 28.0000, -1514.123, -1087.772, 26.0000, 0, 0, 0
L -1491.123, -1094.772, 29.0000, -1495.123, -1093.772, 28.0000, 0, 0, 0
L -1485.123, -1097.772, 30.0000, -1491.123, -1094.772, 29.0000, 0, 0, 0
L -1477.123, -1098.772, 27.0000, -1485.123, -1097.772, 30.0000, 0, 0, 0
L -1469.123, -1098.772, 25.0000, -1477.123, -1098.772, 27.0000, 0, 0, 0
L -1458.123, -1100.772, 22.0000, -1469.123, -1098.772, 25.0000, 0, 0, 0
L -1456.123, -1105.772, 21.0000, -1458.123, -1100.772, 22.0000, 0, 0, 0
L -1457.123, -1113.772, 21.0000, -1456.123, -1105.772, 21.0000, 0, 0, 0
L -1461.123, -1124.772, 22.0000, -1457.123, -1113.772, 21.0000, 0, 0, 0
L -1470.123, -1129.772, 24.0000, -1461.123, -1124.772, 22.0000, 0, 0, 0
L -1484.123, -1137.772, 28.0000, -1470.123, -1129.772, 24.0000, 0, 0, 0
L -1496.123, -1139.772, 26.0000, -1484.123, -1137.772, 28.0000, 0, 0, 0
L -1506.123, -1140.772, 24.0000, -1496.123, -1139.772, 26.0000, 0, 0, 0
L -1509.123, -1139.772, 23.0000, -1506.123, -1140.772, 24.0000, 0, 0, 0
L -1516.123, -1139.772, 22.0000, -1509.123, -1139.772, 23.0000, 0, 0, 0
L -1521.123, -1135.772, 20.0000, -1516.123, -1139.772, 22.0000, 0, 0, 0
L -1524.123, -1128.772, 20.0000, -1521.123, -1135.772, 20.0000, 0, 0, 0
L -1526.123, -1120.772, 20.0000, -1524.123, -1128.772, 20.0000, 0, 0, 0
L -1527.123, -1115.772, 20.0000, -1526.123, -1120.772, 20.0000, 0, 0, 0
L -1526.123, -1110.772, 20.0000, -1527.123, -1115.772, 20.0000, 0, 0, 0
L -1524.123, -1103.772, 21.0000, -1526.123, -1110.772, 20.0000, 0, 0, 0
L -1519.123, -1093.772, 22.0000, -1524.123, -1103.772, 21.0000, 0, 0, 0
L -1514.123, -1087.772, 23.0000, -1519.123, -1093.772, 22.0000, 0, 0, 0
L -1568.123, -1040.772, 16.0000, -1540.123, -1044.772, 21.0000, 0, 0, 0
L -1570.123, -1071.772, 15.0000, -1568.123, -1040.772, 16.0000, 0, 0, 0
L -1541.123, -1072.772, 20.0000, -1570.123, -1071.772, 15.0000, 0, 0, 0
L -1540.123, -1044.772, 21.0000, -1541.123, -1072.772, 20.0000, 0, 0, 0
L -1538.123, -1190.772, 10.0000, -1535.123, -1143.772, 14.0000, 0, 0, 0
L -1586.123, -1187.772, -1.0000, -1538.123, -1190.772, 10.0000, 0, 0, 0
L -1583.123, -1141.772, 6.0000, -1586.123, -1187.772, -1.0000, 0, 0, 0
L -1535.123, -1143.772, 14.0000, -1583.123, -1141.772, 6.0000, 0, 0, 0
L -1433.123, -1081.772, 15.0000, -1434.123, -1088.772, 15.0000, 0, 0, 0
L -1458.123, -1076.772, 22.0000, -1433.123, -1081.772, 15.0000, 0, 0, 0
L -1456.123, -1050.772, 22.0000, -1458.123, -1076.772, 22.0000, 0, 0, 0
L -1431.123, -1047.772, 15.0000, -1456.123, -1050.772, 22.0000, 0, 0, 0
L -1433.123, -1042.772, 15.0000, -1431.123, -1047.772, 15.0000, 0, 0, 0
L -1421.123, -1042.772, 12.0000, -1433.123, -1042.772, 15.0000, 0, 0, 0
L -1423.123, -1088.772, 12.0000, -1421.123, -1042.772, 12.0000, 0, 0, 0
L -1434.123, -1088.772, 14.0000, -1423.123, -1088.772, 12.0000, 0, 0, 0
L -1427.123, -1150.772, 12.0000, -1430.123, -1197.772, 1.0000, 0, 0, 0
L -1436.123, -1149.772, 15.0000, -1427.123, -1150.772, 12.0000, 0, 0, 0
L -1440.123, -1156.772, 15.0000, -1436.123, -1149.772, 15.0000, 0, 0, 0
L -1464.123, -1158.772, 20.0000, -1440.123, -1156.772, 15.0000, 0, 0, 0
L -1466.123, -1175.772, 16.0000, -1464.123, -1158.772, 20.0000, 0, 0, 0
L -1477.123, -1185.772, 15.0000, -1466.123, -1175.772, 16.0000, 0, 0, 0
L -1477.123, -1192.772, 13.0000, -1477.123, -1185.772, 15.0000, 0, 0, 0
L -1430.123, -1197.772, 0.0000, -1477.123, -1192.772, 13.0000, 0, 0, 0
L -2410.123, 1042.228, -8.0000, -2409.123, 1089.228, -9.0000, 150, 150, 150
L -2362.123, 1042.228, -8.0000, -2410.123, 1042.228, -8.0000, 150, 150, 150
L -2361.123, 1089.228, -11.0000, -2362.123, 1042.228, -8.0000, 150, 150, 150
L -2409.123, 1089.228, -10.0000, -2361.123, 1089.228, -11.0000, 150, 150, 150
L -2589.123, -1819.772, -5.0000, -2607.123, -1823.772, -6.0000, 150, 150, 150
L -2603.123, -1761.772, -21.0000, -2589.123, -1819.772, -5.0000, 150, 150, 150
L -2621.123, -1766.772, -21.0000, -2603.123, -1761.772, -21.0000, 150, 150, 150
L -2607.123, -1823.772, -5.0000, -2621.123, -1766.772, -21.0000, 150, 150, 150
L -2575.123, -1850.772, -20.0000, -2604.123, -1850.772, -21.0000, 150, 150, 150
L -2574.123, -1821.772, -20.0000, -2575.123, -1850.772, -20.0000, 150, 150, 150
L -2603.123, -1821.772, -21.0000, -2574.123, -1821.772, -20.0000, 150, 150, 150
L -2604.123, -1850.772, -19.0000, -2603.123, -1821.772, -21.0000, 150, 150, 150
L -280.123, -2711.772, 31.0000, -227.123, -2646.772, 31.0000, 0, 0, 0
L -346.123, -2656.772, 29.0000, -280.123, -2711.772, 31.0000, 0, 0, 0
L -292.123, -2591.772, 29.0000, -346.123, -2656.772, 29.0000, 0, 0, 0
L -227.123, -2646.772, 31.0000, -292.123, -2591.772, 29.0000, 0, 0, 0
L 987.877, 1207.228, 25.0000, 992.877, 1201.228, 24.0000, 0, 0, 0
L 978.877, 1210.228, 24.0000, 987.877, 1207.228, 25.0000, 0, 0, 0
L 976.877, 1224.228, 24.0000, 978.877, 1210.228, 24.0000, 0, 0, 0
L 987.877, 1240.228, 24.0000, 976.877, 1224.228, 24.0000, 0, 0, 0
L 985.877, 1249.228, 24.0000, 987.877, 1240.228, 24.0000, 0, 0, 0
L 977.877, 1257.228, 24.0000, 985.877, 1249.228, 24.0000, 0, 0, 0
L 967.877, 1257.228, 24.0000, 977.877, 1257.228, 24.0000, 0, 0, 0
L 958.877, 1253.228, 24.0000, 967.877, 1257.228, 24.0000, 0, 0, 0
L 953.877, 1237.228, 24.0000, 958.877, 1253.228, 24.0000, 0, 0, 0
L 945.877, 1230.228, 24.0000, 953.877, 1237.228, 24.0000, 0, 0, 0
L 938.877, 1218.228, 24.0000, 945.877, 1230.228, 24.0000, 0, 0, 0
L 943.877, 1203.228, 24.0000, 938.877, 1218.228, 24.0000, 0, 0, 0
L 931.877, 1191.228, 26.0000, 943.877, 1203.228, 24.0000, 0, 0, 0
L 935.877, 1186.228, 25.0000, 931.877, 1191.228, 26.0000, 0, 0, 0
L 948.877, 1194.228, 24.0000, 935.877, 1186.228, 25.0000, 0, 0, 0
L 960.877, 1194.228, 24.0000, 948.877, 1194.228, 24.0000, 0, 0, 0
L 973.877, 1200.228, 24.0000, 960.877, 1194.228, 24.0000, 0, 0, 0
L 985.877, 1195.228, 24.0000, 973.877, 1200.228, 24.0000, 0, 0, 0
L 990.877, 1195.228, 25.0000, 985.877, 1195.228, 24.0000, 0, 0, 0
L 965.877, 1160.228, 24.0000, 981.877, 1157.228, 24.0000, 0, 0, 0
L 956.877, 1168.228, 24.0000, 965.877, 1160.228, 24.0000, 0, 0, 0
L 944.877, 1173.228, 24.0000, 956.877, 1168.228, 24.0000, 0, 0, 0
L 940.877, 1178.228, 24.0000, 944.877, 1173.228, 24.0000, 0, 0, 0
L 932.877, 1176.228, 25.0000, 940.877, 1178.228, 24.0000, 0, 0, 0
L 932.877, 1168.228, 25.0000, 932.877, 1176.228, 25.0000, 0, 0, 0
L 925.877, 1157.228, 24.0000, 932.877, 1168.228, 25.0000, 0, 0, 0
L 925.877, 1144.228, 24.0000, 925.877, 1157.228, 24.0000, 0, 0, 0
L 915.877, 1134.228, 26.0000, 925.877, 1144.228, 24.0000, 0, 0, 0
L 921.877, 1125.228, 24.0000, 915.877, 1134.228, 26.0000, 0, 0, 0
L 927.877, 1127.228, 24.0000, 921.877, 1125.228, 24.0000, 0, 0, 0
L 935.877, 1131.228, 25.0000, 927.877, 1127.228, 24.0000, 0, 0, 0
L 946.877, 1131.228, 24.0000, 935.877, 1131.228, 25.0000, 0, 0, 0
L 959.877, 1134.228, 24.0000, 946.877, 1131.228, 24.0000, 0, 0, 0
L 968.877, 1145.228, 24.0000, 959.877, 1134.228, 24.0000, 0, 0, 0
L 981.877, 1148.228, 24.0000, 968.877, 1145.228, 24.0000, 0, 0, 0
L 929.877, 902.228, 24.0000, 929.877, 899.228, 24.0000, 0, 0, 0
L 921.877, 913.228, 24.0000, 929.877, 902.228, 24.0000, 0, 0, 0
L 918.877, 924.228, 24.0000, 921.877, 913.228, 24.0000, 0, 0, 0
L 910.877, 938.228, 24.0000, 918.877, 924.228, 24.0000, 0, 0, 0
L 910.877, 948.228, 25.0000, 910.877, 938.228, 24.0000, 0, 0, 0
L 905.877, 962.228, 25.0000, 910.877, 948.228, 25.0000, 0, 0, 0
L 891.877, 953.228, 24.0000, 905.877, 962.228, 25.0000, 0, 0, 0
L 860.877, 959.228, 24.0000, 891.877, 953.228, 24.0000, 0, 0, 0
L 843.877, 951.228, 24.0000, 860.877, 959.228, 24.0000, 0, 0, 0
L 838.877, 940.228, 24.0000, 843.877, 951.228, 24.0000, 0, 0, 0
L 837.877, 922.228, 24.0000, 838.877, 940.228, 24.0000, 0, 0, 0
L 861.877, 896.228, 25.0000, 837.877, 922.228, 24.0000, 0, 0, 0
L 859.877, 886.228, 24.0000, 861.877, 896.228, 25.0000, 0, 0, 0
L 862.877, 877.228, 25.0000, 859.877, 886.228, 24.0000, 0, 0, 0
L 879.877, 876.228, 24.0000, 862.877, 877.228, 25.0000, 0, 0, 0
L 896.877, 889.228, 24.0000, 879.877, 876.228, 24.0000, 0, 0, 0
L 905.877, 890.228, 24.0000, 896.877, 889.228, 24.0000, 0, 0, 0
L 924.877, 891.228, 24.0000, 905.877, 890.228, 24.0000, 0, 0, 0
L 1093.877, 834.228, 24.0000, 1064.877, 825.228, 24.0000, 0, 0, 0
L 1104.877, 847.228, 24.0000, 1093.877, 834.228, 24.0000, 0, 0, 0
L 1109.877, 850.228, 24.0000, 1104.877, 847.228, 24.0000, 0, 0, 0
L 1121.877, 851.228, 25.0000, 1109.877, 850.228, 24.0000, 0, 0, 0
L 1127.877, 842.228, 24.0000, 1121.877, 851.228, 25.0000, 0, 0, 0
L 1127.877, 834.228, 24.0000, 1127.877, 842.228, 24.0000, 0, 0, 0
L 1153.877, 812.228, 24.0000, 1127.877, 834.228, 24.0000, 0, 0, 0
L 1156.877, 800.228, 24.0000, 1153.877, 812.228, 24.0000, 0, 0, 0
L 1155.877, 787.228, 25.0000, 1156.877, 800.228, 24.0000, 0, 0, 0
L 1139.877, 773.228, 24.0000, 1155.877, 787.228, 25.0000, 0, 0, 0
L 1111.877, 773.228, 28.0000, 1139.877, 773.228, 24.0000, 0, 0, 0
L 1099.877, 763.228, 27.0000, 1111.877, 773.228, 28.0000, 0, 0, 0
L 1092.877, 763.228, 27.0000, 1099.877, 763.228, 27.0000, 0, 0, 0
L 1088.877, 770.228, 24.0000, 1092.877, 763.228, 27.0000, 0, 0, 0
L 1088.877, 781.228, 26.0000, 1088.877, 770.228, 24.0000, 0, 0, 0
L 1080.877, 793.228, 24.0000, 1088.877, 781.228, 26.0000, 0, 0, 0
L 1072.877, 806.228, 24.0000, 1080.877, 793.228, 24.0000, 0, 0, 0
L 1063.877, 815.228, 24.0000, 1072.877, 806.228, 24.0000, 0, 0, 0
L 1061.877, 818.228, 25.0000, 1063.877, 815.228, 24.0000, 0, 0, 0
L 1052.877, 757.228, 25.0000, 1061.877, 766.228, 24.0000, 0, 0, 0
L 1051.877, 743.228, 24.0000, 1052.877, 757.228, 25.0000, 0, 0, 0
L 1045.877, 734.228, 27.0000, 1051.877, 743.228, 24.0000, 0, 0, 0
L 1032.877, 727.228, 26.0000, 1045.877, 734.228, 27.0000, 0, 0, 0
L 1030.877, 719.228, 26.0000, 1032.877, 727.228, 26.0000, 0, 0, 0
L 1027.877, 715.228, 26.0000, 1030.877, 719.228, 26.0000, 0, 0, 0
L 1023.877, 714.228, 24.0000, 1027.877, 715.228, 26.0000, 0, 0, 0
L 1017.877, 716.228, 27.0000, 1023.877, 714.228, 24.0000, 0, 0, 0
L 1015.877, 723.228, 24.0000, 1017.877, 716.228, 27.0000, 0, 0, 0
L 1017.877, 732.228, 25.0000, 1015.877, 723.228, 24.0000, 0, 0, 0
L 1010.877, 742.228, 24.0000, 1017.877, 732.228, 25.0000, 0, 0, 0
L 1010.877, 757.228, 24.0000, 1010.877, 742.228, 24.0000, 0, 0, 0
L 1007.877, 761.228, 24.0000, 1010.877, 757.228, 24.0000, 0, 0, 0
L 1013.877, 772.228, 27.0000, 1007.877, 761.228, 24.0000, 0, 0, 0
L 1018.877, 768.228, 24.0000, 1013.877, 772.228, 27.0000, 0, 0, 0
L 1031.877, 770.228, 24.0000, 1018.877, 768.228, 24.0000, 0, 0, 0
L 1045.877, 769.228, 25.0000, 1031.877, 770.228, 24.0000, 0, 0, 0
L 1058.877, 774.228, 24.0000, 1045.877, 769.228, 25.0000, 0, 0, 0
L 978.877, 807.228, 24.0000, 977.877, 810.228, 25.0000, 0, 0, 0
L 972.877, 794.228, 24.0000, 978.877, 807.228, 24.0000, 0, 0, 0
L 967.877, 782.228, 24.0000, 972.877, 794.228, 24.0000, 0, 0, 0
L 972.877, 765.228, 24.0000, 967.877, 782.228, 24.0000, 0, 0, 0
L 971.877, 757.228, 26.0000, 972.877, 765.228, 24.0000, 0, 0, 0
L 964.877, 748.228, 25.0000, 971.877, 757.228, 26.0000, 0, 0, 0
L 954.877, 750.228, 24.0000, 964.877, 748.228, 25.0000, 0, 0, 0
L 949.877, 754.228, 25.0000, 954.877, 750.228, 24.0000, 0, 0, 0
L 917.877, 745.228, 24.0000, 949.877, 754.228, 25.0000, 0, 0, 0
L 904.877, 749.228, 25.0000, 917.877, 745.228, 24.0000, 0, 0, 0
L 892.877, 760.228, 25.0000, 904.877, 749.228, 25.0000, 0, 0, 0
L 890.877, 771.228, 26.0000, 892.877, 760.228, 25.0000, 0, 0, 0
L 893.877, 781.228, 24.0000, 890.877, 771.228, 26.0000, 0, 0, 0
L 908.877, 805.228, 28.0000, 893.877, 781.228, 24.0000, 0, 0, 0
L 909.877, 820.228, 24.0000, 908.877, 805.228, 28.0000, 0, 0, 0
L 916.877, 822.228, 24.0000, 909.877, 820.228, 24.0000, 0, 0, 0
L 927.877, 817.228, 27.0000, 916.877, 822.228, 24.0000, 0, 0, 0
L 940.877, 816.228, 25.0000, 927.877, 817.228, 27.0000, 0, 0, 0
L 954.877, 815.228, 24.0000, 940.877, 816.228, 25.0000, 0, 0, 0
L 970.877, 818.228, 25.0000, 954.877, 815.228, 24.0000, 0, 0, 0
L 974.877, 818.228, 25.0000, 970.877, 818.228, 25.0000, 0, 0, 0
L 1000.877, 899.228, 24.0000, 998.877, 894.228, 24.0000, 0, 0, 0
L 1006.877, 907.228, 24.0000, 1000.877, 899.228, 24.0000, 0, 0, 0
L 1004.877, 921.228, 24.0000, 1006.877, 907.228, 24.0000, 0, 0, 0
L 1006.877, 933.228, 25.0000, 1004.877, 921.228, 24.0000, 0, 0, 0
L 1000.877, 946.228, 26.0000, 1006.877, 933.228, 25.0000, 0, 0, 0
L 1010.877, 945.228, 24.0000, 1000.877, 946.228, 26.0000, 0, 0, 0
L 1016.877, 937.228, 24.0000, 1010.877, 945.228, 24.0000, 0, 0, 0
L 1032.877, 938.228, 24.0000, 1016.877, 937.228, 24.0000, 0, 0, 0
L 1042.877, 929.228, 25.0000, 1032.877, 938.228, 24.0000, 0, 0, 0
L 1047.877, 918.228, 24.0000, 1042.877, 929.228, 25.0000, 0, 0, 0
L 1061.877, 910.228, 25.0000, 1047.877, 918.228, 24.0000, 0, 0, 0
L 1063.877, 903.228, 25.0000, 1061.877, 910.228, 25.0000, 0, 0, 0
L 1061.877, 890.228, 24.0000, 1063.877, 903.228, 25.0000, 0, 0, 0
L 1053.877, 885.228, 24.0000, 1061.877, 890.228, 24.0000, 0, 0, 0
L 1043.877, 884.228, 24.0000, 1053.877, 885.228, 24.0000, 0, 0, 0
L 1029.877, 897.228, 25.0000, 1043.877, 884.228, 24.0000, 0, 0, 0
L 1015.877, 900.228, 25.0000, 1029.877, 897.228, 25.0000, 0, 0, 0
L 1009.877, 892.228, 24.0000, 1015.877, 900.228, 25.0000, 0, 0, 0
L 1003.877, 889.228, 25.0000, 1009.877, 892.228, 24.0000, 0, 0, 0
L 1202.877, 1000.228, 24.0000, 1262.877, 1064.228, 24.0000, 139, 69, 19
L 1155.877, 991.228, 24.0000, 1202.877, 1000.228, 24.0000, 139, 69, 19
L 1113.877, 1008.228, 24.0000, 1155.877, 991.228, 24.0000, 139, 69, 19
L 1032.877, 1003.228, 24.0000, 1113.877, 1008.228, 24.0000, 139, 69, 19
L 1012.877, 1093.228, 24.0000, 1032.877, 1003.228, 24.0000, 139, 69, 19
L 1053.877, 1104.228, 24.0000, 1012.877, 1093.228, 24.0000, 139, 69, 19
L 1088.877, 1080.228, 24.0000, 1053.877, 1104.228, 24.0000, 139, 69, 19
L 1130.877, 1056.228, 24.0000, 1088.877, 1080.228, 24.0000, 139, 69, 19
L 1184.877, 1079.228, 24.0000, 1130.877, 1056.228, 24.0000, 139, 69, 19
L 1226.877, 1122.228, 24.0000, 1184.877, 1079.228, 24.0000, 139, 69, 19
L 1235.877, 1191.228, 24.0000, 1226.877, 1122.228, 24.0000, 139, 69, 19
L 1267.877, 1258.228, 24.0000, 1235.877, 1191.228, 24.0000, 139, 69, 19
L 1347.877, 1265.228, 24.0000, 1267.877, 1258.228, 24.0000, 139, 69, 19
L 1350.877, 1221.228, 24.0000, 1347.877, 1265.228, 24.0000, 139, 69, 19
L 1333.877, 1176.228, 24.0000, 1350.877, 1221.228, 24.0000, 139, 69, 19
L 1282.877, 1141.228, 24.0000, 1333.877, 1176.228, 24.0000, 139, 69, 19
L 1262.877, 1064.228, 24.0000, 1282.877, 1141.228, 24.0000, 139, 69, 19
L 1400.877, 1044.228, 24.0000, 1396.877, 1041.228, 24.0000, 0, 0, 0
L 1407.877, 1056.228, 24.0000, 1400.877, 1044.228, 24.0000, 0, 0, 0
L 1419.877, 1069.228, 27.0000, 1407.877, 1056.228, 24.0000, 0, 0, 0
L 1425.877, 1078.228, 24.0000, 1419.877, 1069.228, 27.0000, 0, 0, 0
L 1436.877, 1080.228, 25.0000, 1425.877, 1078.228, 24.0000, 0, 0, 0
L 1440.877, 1091.228, 24.0000, 1436.877, 1080.228, 25.0000, 0, 0, 0
L 1427.877, 1099.228, 25.0000, 1440.877, 1091.228, 24.0000, 0, 0, 0
L 1418.877, 1128.228, 24.0000, 1427.877, 1099.228, 25.0000, 0, 0, 0
L 1405.877, 1138.228, 25.0000, 1418.877, 1128.228, 24.0000, 0, 0, 0
L 1391.877, 1139.228, 25.0000, 1405.877, 1138.228, 25.0000, 0, 0, 0
L 1377.877, 1132.228, 25.0000, 1391.877, 1139.228, 25.0000, 0, 0, 0
L 1363.877, 1098.228, 24.0000, 1377.877, 1132.228, 25.0000, 0, 0, 0
L 1355.877, 1096.228, 24.0000, 1363.877, 1098.228, 24.0000, 0, 0, 0
L 1350.877, 1091.228, 24.0000, 1355.877, 1096.228, 24.0000, 0, 0, 0
L 1351.877, 1082.228, 25.0000, 1350.877, 1091.228, 24.0000, 0, 0, 0
L 1354.877, 1075.228, 24.0000, 1351.877, 1082.228, 25.0000, 0, 0, 0
L 1374.877, 1067.228, 24.0000, 1354.877, 1075.228, 24.0000, 0, 0, 0
L 1381.877, 1056.228, 24.0000, 1374.877, 1067.228, 24.0000, 0, 0, 0
L 1386.877, 1044.228, 24.0000, 1381.877, 1056.228, 24.0000, 0, 0, 0
L 1390.877, 1042.228, 24.0000, 1386.877, 1044.228, 24.0000, 0, 0, 0
L 1338.877, 1028.228, 24.0000, 1346.877, 1017.228, 24.0000, 0, 0, 0
L 1331.877, 1040.228, 24.0000, 1338.877, 1028.228, 24.0000, 0, 0, 0
L 1322.877, 1052.228, 25.0000, 1331.877, 1040.228, 24.0000, 0, 0, 0
L 1319.877, 1060.228, 24.0000, 1322.877, 1052.228, 25.0000, 0, 0, 0
L 1321.877, 1067.228, 24.0000, 1319.877, 1060.228, 24.0000, 0, 0, 0
L 1313.877, 1074.228, 24.0000, 1321.877, 1067.228, 24.0000, 0, 0, 0
L 1300.877, 1063.228, 25.0000, 1313.877, 1074.228, 24.0000, 0, 0, 0
L 1287.877, 1063.228, 24.0000, 1300.877, 1063.228, 25.0000, 0, 0, 0
L 1268.877, 1064.228, 25.0000, 1287.877, 1063.228, 24.0000, 0, 0, 0
L 1253.877, 1052.228, 25.0000, 1268.877, 1064.228, 25.0000, 0, 0, 0
L 1251.877, 1045.228, 24.0000, 1253.877, 1052.228, 25.0000, 0, 0, 0
L 1253.877, 1024.228, 24.0000, 1251.877, 1045.228, 24.0000, 0, 0, 0
L 1275.877, 1005.228, 25.0000, 1253.877, 1024.228, 24.0000, 0, 0, 0
L 1280.877, 1001.228, 25.0000, 1275.877, 1005.228, 25.0000, 0, 0, 0
L 1281.877, 992.228, 24.0000, 1280.877, 1001.228, 25.0000, 0, 0, 0
L 1285.877, 985.228, 24.0000, 1281.877, 992.228, 24.0000, 0, 0, 0
L 1295.877, 983.228, 24.0000, 1285.877, 985.228, 24.0000, 0, 0, 0
L 1301.877, 984.228, 24.0000, 1295.877, 983.228, 24.0000, 0, 0, 0
L 1315.877, 1000.228, 24.0000, 1301.877, 984.228, 24.0000, 0, 0, 0
L 1325.877, 1003.228, 24.0000, 1315.877, 1000.228, 24.0000, 0, 0, 0
L 1343.877, 1006.228, 24.0000, 1325.877, 1003.228, 24.0000, 0, 0, 0
L 1344.877, 1009.228, 24.0000, 1343.877, 1006.228, 24.0000, 0, 0, 0
L 1314.877, 947.228, 24.0000, 1309.877, 945.228, 24.0000, 0, 0, 0
L 1323.877, 950.228, 24.0000, 1314.877, 947.228, 24.0000, 0, 0, 0
L 1339.877, 956.228, 25.0000, 1323.877, 950.228, 24.0000, 0, 0, 0
L 1348.877, 969.228, 24.0000, 1339.877, 956.228, 25.0000, 0, 0, 0
L 1352.877, 974.228, 24.0000, 1348.877, 969.228, 24.0000, 0, 0, 0
L 1365.877, 977.228, 27.0000, 1352.877, 974.228, 24.0000, 0, 0, 0
L 1372.877, 968.228, 24.0000, 1365.877, 977.228, 27.0000, 0, 0, 0
L 1374.877, 960.228, 25.0000, 1372.877, 968.228, 24.0000, 0, 0, 0
L 1386.877, 951.228, 24.0000, 1374.877, 960.228, 25.0000, 0, 0, 0
L 1399.877, 943.228, 25.0000, 1386.877, 951.228, 24.0000, 0, 0, 0
L 1405.877, 929.228, 24.0000, 1399.877, 943.228, 25.0000, 0, 0, 0
L 1404.877, 913.228, 25.0000, 1405.877, 929.228, 24.0000, 0, 0, 0
L 1392.877, 901.228, 25.0000, 1404.877, 913.228, 25.0000, 0, 0, 0
L 1358.877, 897.228, 24.0000, 1392.877, 901.228, 25.0000, 0, 0, 0
L 1350.877, 886.228, 24.0000, 1358.877, 897.228, 24.0000, 0, 0, 0
L 1340.877, 891.228, 25.0000, 1350.877, 886.228, 24.0000, 0, 0, 0
L 1341.877, 895.228, 24.0000, 1340.877, 891.228, 25.0000, 0, 0, 0
L 1339.877, 904.228, 26.0000, 1341.877, 895.228, 24.0000, 0, 0, 0
L 1331.877, 913.228, 24.0000, 1339.877, 904.228, 26.0000, 0, 0, 0
L 1321.877, 926.228, 24.0000, 1331.877, 913.228, 24.0000, 0, 0, 0
L 1312.877, 933.228, 24.0000, 1321.877, 926.228, 24.0000, 0, 0, 0
L 1308.877, 938.228, 24.0000, 1312.877, 933.228, 24.0000, 0, 0, 0
L 1196.877, 914.228, 24.0000, 1200.877, 918.228, 24.0000, 0, 0, 0
L 1188.877, 908.228, 25.0000, 1196.877, 914.228, 24.0000, 0, 0, 0
L 1184.877, 896.228, 24.0000, 1188.877, 908.228, 25.0000, 0, 0, 0
L 1176.877, 883.228, 25.0000, 1184.877, 896.228, 24.0000, 0, 0, 0
L 1176.877, 872.228, 25.0000, 1176.877, 883.228, 25.0000, 0, 0, 0
L 1170.877, 870.228, 25.0000, 1176.877, 872.228, 25.0000, 0, 0, 0
L 1168.877, 874.228, 24.0000, 1170.877, 870.228, 25.0000, 0, 0, 0
L 1166.877, 886.228, 25.0000, 1168.877, 874.228, 24.0000, 0, 0, 0
L 1150.877, 893.228, 25.0000, 1166.877, 886.228, 25.0000, 0, 0, 0
L 1145.877, 905.228, 25.0000, 1150.877, 893.228, 25.0000, 0, 0, 0
L 1145.877, 915.228, 25.0000, 1145.877, 905.228, 25.0000, 0, 0, 0
L 1136.877, 929.228, 24.0000, 1145.877, 915.228, 25.0000, 0, 0, 0
L 1138.877, 938.228, 24.0000, 1136.877, 929.228, 24.0000, 0, 0, 0
L 1144.877, 947.228, 24.0000, 1138.877, 938.228, 24.0000, 0, 0, 0
L 1155.877, 949.228, 24.0000, 1144.877, 947.228, 24.0000, 0, 0, 0
L 1165.877, 945.228, 25.0000, 1155.877, 949.228, 24.0000, 0, 0, 0
L 1170.877, 928.228, 24.0000, 1165.877, 945.228, 25.0000, 0, 0, 0
L 1182.877, 918.228, 24.0000, 1170.877, 928.228, 24.0000, 0, 0, 0
L 1189.877, 923.228, 25.0000, 1182.877, 918.228, 24.0000, 0, 0, 0
L 1198.877, 924.228, 25.0000, 1189.877, 923.228, 25.0000, 0, 0, 0
L 1207.877, 830.228, 24.0000, 1220.877, 835.228, 24.0000, 0, 0, 0
L 1194.877, 833.228, 24.0000, 1207.877, 830.228, 24.0000, 0, 0, 0
L 1179.877, 832.228, 24.0000, 1194.877, 833.228, 24.0000, 0, 0, 0
L 1172.877, 834.228, 24.0000, 1179.877, 832.228, 24.0000, 0, 0, 0
L 1168.877, 827.228, 24.0000, 1172.877, 834.228, 24.0000, 0, 0, 0
L 1171.877, 821.228, 24.0000, 1168.877, 827.228, 24.0000, 0, 0, 0
L 1171.877, 807.228, 24.0000, 1171.877, 821.228, 24.0000, 0, 0, 0
L 1176.877, 794.228, 24.0000, 1171.877, 807.228, 24.0000, 0, 0, 0
L 1174.877, 782.228, 24.0000, 1176.877, 794.228, 24.0000, 0, 0, 0
L 1182.877, 779.228, 24.0000, 1174.877, 782.228, 24.0000, 0, 0, 0
L 1188.877, 784.228, 24.0000, 1182.877, 779.228, 24.0000, 0, 0, 0
L 1190.877, 790.228, 24.0000, 1188.877, 784.228, 24.0000, 0, 0, 0
L 1211.877, 804.228, 24.0000, 1190.877, 790.228, 24.0000, 0, 0, 0
L 1210.877, 816.228, 24.0000, 1211.877, 804.228, 24.0000, 0, 0, 0
L 1218.877, 822.228, 24.0000, 1210.877, 816.228, 24.0000, 0, 0, 0
L 1224.877, 828.228, 24.0000, 1218.877, 822.228, 24.0000, 0, 0, 0
L 1311.877, 842.228, 25.0000, 1305.877, 847.228, 24.0000, 0, 0, 0
L 1316.877, 836.228, 24.0000, 1311.877, 842.228, 25.0000, 0, 0, 0
L 1320.877, 826.228, 24.0000, 1316.877, 836.228, 24.0000, 0, 0, 0
L 1346.877, 802.228, 24.0000, 1320.877, 826.228, 24.0000, 0, 0, 0
L 1348.877, 794.228, 25.0000, 1346.877, 802.228, 24.0000, 0, 0, 0
L 1351.877, 779.228, 24.0000, 1348.877, 794.228, 25.0000, 0, 0, 0
L 1360.877, 774.228, 25.0000, 1351.877, 779.228, 24.0000, 0, 0, 0
L 1375.877, 787.228, 24.0000, 1360.877, 774.228, 25.0000, 0, 0, 0
L 1391.877, 796.228, 24.0000, 1375.877, 787.228, 24.0000, 0, 0, 0
L 1400.877, 796.228, 24.0000, 1391.877, 796.228, 24.0000, 0, 0, 0
L 1409.877, 794.228, 26.0000, 1400.877, 796.228, 24.0000, 0, 0, 0
L 1414.877, 803.228, 25.0000, 1409.877, 794.228, 26.0000, 0, 0, 0
L 1410.877, 804.228, 24.0000, 1414.877, 803.228, 25.0000, 0, 0, 0
L 1402.877, 816.228, 26.0000, 1410.877, 804.228, 24.0000, 0, 0, 0
L 1399.877, 834.228, 26.0000, 1402.877, 816.228, 26.0000, 0, 0, 0
L 1399.877, 841.228, 26.0000, 1399.877, 834.228, 26.0000, 0, 0, 0
L 1401.877, 849.228, 24.0000, 1399.877, 841.228, 26.0000, 0, 0, 0
L 1395.877, 857.228, 25.0000, 1401.877, 849.228, 24.0000, 0, 0, 0
L 1390.877, 855.228, 25.0000, 1395.877, 857.228, 25.0000, 0, 0, 0
L 1372.877, 849.228, 24.0000, 1390.877, 855.228, 25.0000, 0, 0, 0
L 1363.877, 850.228, 24.0000, 1372.877, 849.228, 24.0000, 0, 0, 0
L 1350.877, 851.228, 24.0000, 1363.877, 850.228, 24.0000, 0, 0, 0
L 1337.877, 853.228, 24.0000, 1350.877, 851.228, 24.0000, 0, 0, 0
L 1327.877, 851.228, 24.0000, 1337.877, 853.228, 24.0000, 0, 0, 0
L 1319.877, 852.228, 25.0000, 1327.877, 851.228, 24.0000, 0, 0, 0
L 1312.877, 853.228, 24.0000, 1319.877, 852.228, 25.0000, 0, 0, 0
L 1850.877, 432.228, 25.0000, 1854.877, 425.228, 24.0000, 0, 0, 0
L 1842.877, 439.228, 24.0000, 1850.877, 432.228, 25.0000, 0, 0, 0
L 1844.877, 451.228, 24.0000, 1842.877, 439.228, 24.0000, 0, 0, 0
L 1856.877, 464.228, 24.0000, 1844.877, 451.228, 24.0000, 0, 0, 0
L 1855.877, 475.228, 24.0000, 1856.877, 464.228, 24.0000, 0, 0, 0
L 1849.877, 483.228, 24.0000, 1855.877, 475.228, 24.0000, 0, 0, 0
L 1829.877, 480.228, 24.0000, 1849.877, 483.228, 24.0000, 0, 0, 0
L 1823.877, 468.228, 24.0000, 1829.877, 480.228, 24.0000, 0, 0, 0
L 1815.877, 465.228, 26.0000, 1823.877, 468.228, 24.0000, 0, 0, 0
L 1804.877, 453.228, 25.0000, 1815.877, 465.228, 26.0000, 0, 0, 0
L 1805.877, 435.228, 25.0000, 1804.877, 453.228, 25.0000, 0, 0, 0
L 1793.877, 426.228, 24.0000, 1805.877, 435.228, 25.0000, 0, 0, 0
L 1796.877, 420.228, 25.0000, 1793.877, 426.228, 24.0000, 0, 0, 0
L 1808.877, 426.228, 24.0000, 1796.877, 420.228, 25.0000, 0, 0, 0
L 1820.877, 424.228, 24.0000, 1808.877, 426.228, 24.0000, 0, 0, 0
L 1835.877, 427.228, 24.0000, 1820.877, 424.228, 24.0000, 0, 0, 0
L 1839.877, 423.228, 26.0000, 1835.877, 427.228, 24.0000, 0, 0, 0
L 1851.877, 420.228, 24.0000, 1839.877, 423.228, 26.0000, 0, 0, 0
L 1857.877, 379.228, 24.0000, 1859.877, 382.228, 24.0000, 0, 0, 0
L 1855.877, 366.228, 24.0000, 1857.877, 379.228, 24.0000, 0, 0, 0
L 1851.877, 355.228, 24.0000, 1855.877, 366.228, 24.0000, 0, 0, 0
L 1848.877, 341.228, 25.0000, 1851.877, 355.228, 24.0000, 0, 0, 0
L 1843.877, 335.228, 25.0000, 1848.877, 341.228, 25.0000, 0, 0, 0
L 1836.877, 330.228, 25.0000, 1843.877, 335.228, 25.0000, 0, 0, 0
L 1837.877, 321.228, 24.0000, 1836.877, 330.228, 25.0000, 0, 0, 0
L 1852.877, 318.228, 25.0000, 1837.877, 321.228, 24.0000, 0, 0, 0
L 1871.877, 294.228, 24.0000, 1852.877, 318.228, 25.0000, 0, 0, 0
L 1887.877, 291.228, 24.0000, 1871.877, 294.228, 24.0000, 0, 0, 0
L 1898.877, 294.228, 24.0000, 1887.877, 291.228, 24.0000, 0, 0, 0
L 1911.877, 306.228, 24.0000, 1898.877, 294.228, 24.0000, 0, 0, 0
L 1911.877, 341.228, 24.0000, 1911.877, 306.228, 24.0000, 0, 0, 0
L 1922.877, 354.228, 24.0000, 1911.877, 341.228, 24.0000, 0, 0, 0
L 1913.877, 366.228, 24.0000, 1922.877, 354.228, 24.0000, 0, 0, 0
L 1888.877, 368.228, 24.0000, 1913.877, 366.228, 24.0000, 0, 0, 0
L 1871.877, 382.228, 24.0000, 1888.877, 368.228, 24.0000, 0, 0, 0
L 1865.877, 386.228, 24.0000, 1871.877, 382.228, 24.0000, 0, 0, 0
L 1898.877, 449.228, 24.0000, 1896.877, 445.228, 24.0000, 0, 0, 0
L 1908.877, 455.228, 25.0000, 1898.877, 449.228, 24.0000, 0, 0, 0
L 1912.877, 468.228, 24.0000, 1908.877, 455.228, 25.0000, 0, 0, 0
L 1920.877, 477.228, 24.0000, 1912.877, 468.228, 24.0000, 0, 0, 0
L 1923.877, 492.228, 24.0000, 1920.877, 477.228, 24.0000, 0, 0, 0
L 1929.877, 492.228, 24.0000, 1923.877, 492.228, 24.0000, 0, 0, 0
L 1932.877, 477.228, 27.0000, 1929.877, 492.228, 24.0000, 0, 0, 0
L 1945.877, 471.228, 24.0000, 1932.877, 477.228, 27.0000, 0, 0, 0
L 1950.877, 462.228, 27.0000, 1945.877, 471.228, 24.0000, 0, 0, 0
L 1950.877, 448.228, 24.0000, 1950.877, 462.228, 27.0000, 0, 0, 0
L 1959.877, 436.228, 26.0000, 1950.877, 448.228, 24.0000, 0, 0, 0
L 1960.877, 429.228, 26.0000, 1959.877, 436.228, 26.0000, 0, 0, 0
L 1951.877, 415.228, 25.0000, 1960.877, 429.228, 26.0000, 0, 0, 0
L 1943.877, 413.228, 27.0000, 1951.877, 415.228, 25.0000, 0, 0, 0
L 1931.877, 418.228, 24.0000, 1943.877, 413.228, 27.0000, 0, 0, 0
L 1927.877, 435.228, 24.0000, 1931.877, 418.228, 24.0000, 0, 0, 0
L 1915.877, 445.228, 24.0000, 1927.877, 435.228, 24.0000, 0, 0, 0
L 1911.877, 442.228, 25.0000, 1915.877, 445.228, 24.0000, 0, 0, 0
L 1898.877, 439.228, 24.0000, 1911.877, 442.228, 25.0000, 0, 0, 0
L 1913.877, 542.228, 24.0000, 1908.877, 532.228, 24.0000, 0, 0, 0
L 1916.877, 554.228, 24.0000, 1913.877, 542.228, 24.0000, 0, 0, 0
L 1928.877, 581.228, 24.0000, 1916.877, 554.228, 24.0000, 0, 0, 0
L 1929.877, 586.228, 24.0000, 1928.877, 581.228, 24.0000, 0, 0, 0
L 1929.877, 605.228, 25.0000, 1929.877, 586.228, 24.0000, 0, 0, 0
L 1941.877, 607.228, 24.0000, 1929.877, 605.228, 25.0000, 0, 0, 0
L 1964.877, 599.228, 24.0000, 1941.877, 607.228, 24.0000, 0, 0, 0
L 1971.877, 600.228, 24.0000, 1964.877, 599.228, 24.0000, 0, 0, 0
L 1982.877, 606.228, 25.0000, 1971.877, 600.228, 24.0000, 0, 0, 0
L 1988.877, 599.228, 24.0000, 1982.877, 606.228, 25.0000, 0, 0, 0
L 1982.877, 584.228, 25.0000, 1988.877, 599.228, 24.0000, 0, 0, 0
L 1985.877, 567.228, 24.0000, 1982.877, 584.228, 25.0000, 0, 0, 0
L 1993.877, 553.228, 25.0000, 1985.877, 567.228, 24.0000, 0, 0, 0
L 1984.877, 544.228, 26.0000, 1993.877, 553.228, 25.0000, 0, 0, 0
L 1974.877, 547.228, 24.0000, 1984.877, 544.228, 26.0000, 0, 0, 0
L 1966.877, 548.228, 25.0000, 1974.877, 547.228, 24.0000, 0, 0, 0
L 1939.877, 535.228, 24.0000, 1966.877, 548.228, 25.0000, 0, 0, 0
L 1928.877, 533.228, 24.0000, 1939.877, 535.228, 24.0000, 0, 0, 0
L 1919.877, 530.228, 25.0000, 1928.877, 533.228, 24.0000, 0, 0, 0
L 1912.877, 526.228, 24.0000, 1919.877, 530.228, 25.0000, 0, 0, 0
L 1870.877, 633.228, 24.0000, 1883.877, 627.228, 24.0000, 0, 0, 0
L 1867.877, 635.228, 24.0000, 1870.877, 633.228, 24.0000, 0, 0, 0
L 1853.877, 649.228, 24.0000, 1867.877, 635.228, 24.0000, 0, 0, 0
L 1849.877, 657.228, 26.0000, 1853.877, 649.228, 24.0000, 0, 0, 0
L 1837.877, 656.228, 25.0000, 1849.877, 657.228, 26.0000, 0, 0, 0
L 1837.877, 650.228, 24.0000, 1837.877, 656.228, 25.0000, 0, 0, 0
L 1835.877, 646.228, 24.0000, 1837.877, 650.228, 24.0000, 0, 0, 0
L 1827.877, 636.228, 24.0000, 1835.877, 646.228, 24.0000, 0, 0, 0
L 1826.877, 627.228, 24.0000, 1827.877, 636.228, 24.0000, 0, 0, 0
L 1819.877, 624.228, 24.0000, 1826.877, 627.228, 24.0000, 0, 0, 0
L 1814.877, 620.228, 25.0000, 1819.877, 624.228, 24.0000, 0, 0, 0
L 1816.877, 612.228, 24.0000, 1814.877, 620.228, 25.0000, 0, 0, 0
L 1822.877, 611.228, 24.0000, 1816.877, 612.228, 24.0000, 0, 0, 0
L 1831.877, 613.228, 26.0000, 1822.877, 611.228, 24.0000, 0, 0, 0
L 1841.877, 610.228, 24.0000, 1831.877, 613.228, 26.0000, 0, 0, 0
L 1856.877, 611.228, 24.0000, 1841.877, 610.228, 24.0000, 0, 0, 0
L 1867.877, 621.228, 24.0000, 1856.877, 611.228, 24.0000, 0, 0, 0
L 1875.877, 619.228, 24.0000, 1867.877, 621.228, 24.0000, 0, 0, 0
L 1881.877, 620.228, 24.0000, 1875.877, 619.228, 24.0000, 0, 0, 0
L 1315.877, 538.228, 24.0000, 1314.877, 534.228, 24.0000, 0, 0, 0
L 1309.877, 551.228, 24.0000, 1315.877, 538.228, 24.0000, 0, 0, 0
L 1308.877, 565.228, 24.0000, 1309.877, 551.228, 24.0000, 0, 0, 0
L 1304.877, 579.228, 24.0000, 1308.877, 565.228, 24.0000, 0, 0, 0
L 1305.877, 586.228, 24.0000, 1304.877, 579.228, 24.0000, 0, 0, 0
L 1309.877, 592.228, 24.0000, 1305.877, 586.228, 24.0000, 0, 0, 0
L 1305.877, 602.228, 26.0000, 1309.877, 592.228, 24.0000, 0, 0, 0
L 1291.877, 596.228, 25.0000, 1305.877, 602.228, 26.0000, 0, 0, 0
L 1262.877, 609.228, 24.0000, 1291.877, 596.228, 25.0000, 0, 0, 0
L 1242.877, 604.228, 24.0000, 1262.877, 609.228, 24.0000, 0, 0, 0
L 1233.877, 594.228, 24.0000, 1242.877, 604.228, 24.0000, 0, 0, 0
L 1229.877, 580.228, 26.0000, 1233.877, 594.228, 24.0000, 0, 0, 0
L 1247.877, 546.228, 24.0000, 1229.877, 580.228, 26.0000, 0, 0, 0
L 1243.877, 538.228, 24.0000, 1247.877, 546.228, 24.0000, 0, 0, 0
L 1243.877, 530.228, 24.0000, 1243.877, 538.228, 24.0000, 0, 0, 0
L 1259.877, 524.228, 24.0000, 1243.877, 530.228, 24.0000, 0, 0, 0
L 1278.877, 533.228, 24.0000, 1259.877, 524.228, 24.0000, 0, 0, 0
L 1300.877, 529.228, 24.0000, 1278.877, 533.228, 24.0000, 0, 0, 0
L 1308.877, 529.228, 25.0000, 1300.877, 529.228, 24.0000, 0, 0, 0
L 1268.877, 491.228, 24.0000, 1276.877, 496.228, 24.0000, 0, 0, 0
L 1262.877, 491.228, 25.0000, 1268.877, 491.228, 24.0000, 0, 0, 0
L 1241.877, 491.228, 24.0000, 1262.877, 491.228, 25.0000, 0, 0, 0
L 1231.877, 492.228, 27.0000, 1241.877, 491.228, 24.0000, 0, 0, 0
L 1227.877, 487.228, 25.0000, 1231.877, 492.228, 27.0000, 0, 0, 0
L 1229.877, 482.228, 24.0000, 1227.877, 487.228, 25.0000, 0, 0, 0
L 1231.877, 466.228, 24.0000, 1229.877, 482.228, 24.0000, 0, 0, 0
L 1237.877, 455.228, 24.0000, 1231.877, 466.228, 24.0000, 0, 0, 0
L 1233.877, 442.228, 27.0000, 1237.877, 455.228, 24.0000, 0, 0, 0
L 1244.877, 438.228, 24.0000, 1233.877, 442.228, 27.0000, 0, 0, 0
L 1249.877, 442.228, 26.0000, 1244.877, 438.228, 24.0000, 0, 0, 0
L 1251.877, 450.228, 24.0000, 1249.877, 442.228, 26.0000, 0, 0, 0
L 1259.877, 453.228, 25.0000, 1251.877, 450.228, 24.0000, 0, 0, 0
L 1270.877, 464.228, 24.0000, 1259.877, 453.228, 25.0000, 0, 0, 0
L 1269.877, 477.228, 24.0000, 1270.877, 464.228, 24.0000, 0, 0, 0
L 1278.877, 485.228, 24.0000, 1269.877, 477.228, 24.0000, 0, 0, 0
L 1282.877, 490.228, 24.0000, 1278.877, 485.228, 24.0000, 0, 0, 0
L 1361.877, 528.228, 24.0000, 1361.877, 522.228, 25.0000, 0, 0, 0
L 1366.877, 535.228, 25.0000, 1361.877, 528.228, 24.0000, 0, 0, 0
L 1362.877, 550.228, 25.0000, 1366.877, 535.228, 25.0000, 0, 0, 0
L 1364.877, 559.228, 24.0000, 1362.877, 550.228, 25.0000, 0, 0, 0
L 1357.877, 573.228, 26.0000, 1364.877, 559.228, 24.0000, 0, 0, 0
L 1361.877, 577.228, 24.0000, 1357.877, 573.228, 26.0000, 0, 0, 0
L 1365.877, 575.228, 24.0000, 1361.877, 577.228, 24.0000, 0, 0, 0
L 1373.877, 566.228, 25.0000, 1365.877, 575.228, 24.0000, 0, 0, 0
L 1388.877, 569.228, 25.0000, 1373.877, 566.228, 25.0000, 0, 0, 0
L 1399.877, 562.228, 24.0000, 1388.877, 569.228, 25.0000, 0, 0, 0
L 1405.877, 553.228, 24.0000, 1399.877, 562.228, 24.0000, 0, 0, 0
L 1419.877, 546.228, 24.0000, 1405.877, 553.228, 24.0000, 0, 0, 0
L 1424.877, 536.228, 25.0000, 1419.877, 546.228, 24.0000, 0, 0, 0
L 1422.877, 526.228, 24.0000, 1424.877, 536.228, 25.0000, 0, 0, 0
L 1417.877, 520.228, 25.0000, 1422.877, 526.228, 24.0000, 0, 0, 0
L 1404.877, 518.228, 24.0000, 1417.877, 520.228, 25.0000, 0, 0, 0
L 1390.877, 529.228, 24.0000, 1404.877, 518.228, 24.0000, 0, 0, 0
L 1376.877, 530.228, 24.0000, 1390.877, 529.228, 24.0000, 0, 0, 0
L 1373.877, 524.228, 24.0000, 1376.877, 530.228, 24.0000, 0, 0, 0
L 1369.877, 520.228, 24.0000, 1373.877, 524.228, 24.0000, 0, 0, 0
L 1365.877, 517.228, 24.0000, 1369.877, 520.228, 24.0000, 0, 0, 0
L 1513.877, 545.228, 24.0000, 1499.877, 568.228, 25.0000, 0, 0, 0
L 1534.877, 535.228, 24.0000, 1513.877, 545.228, 24.0000, 0, 0, 0
L 1540.877, 519.228, 25.0000, 1534.877, 535.228, 24.0000, 0, 0, 0
L 1534.877, 512.228, 24.0000, 1540.877, 519.228, 25.0000, 0, 0, 0
L 1524.877, 508.228, 24.0000, 1534.877, 512.228, 24.0000, 0, 0, 0
L 1512.877, 479.228, 24.0000, 1524.877, 508.228, 24.0000, 0, 0, 0
L 1500.877, 469.228, 26.0000, 1512.877, 479.228, 24.0000, 0, 0, 0
L 1482.877, 468.228, 25.0000, 1500.877, 469.228, 26.0000, 0, 0, 0
L 1468.877, 479.228, 24.0000, 1482.877, 468.228, 25.0000, 0, 0, 0
L 1459.877, 509.228, 25.0000, 1468.877, 479.228, 24.0000, 0, 0, 0
L 1445.877, 518.228, 25.0000, 1459.877, 509.228, 25.0000, 0, 0, 0
L 1448.877, 529.228, 25.0000, 1445.877, 518.228, 25.0000, 0, 0, 0
L 1453.877, 528.228, 24.0000, 1448.877, 529.228, 25.0000, 0, 0, 0
L 1465.877, 536.228, 24.0000, 1453.877, 528.228, 24.0000, 0, 0, 0
L 1472.877, 546.228, 24.0000, 1465.877, 536.228, 24.0000, 0, 0, 0
L 1481.877, 555.228, 24.0000, 1472.877, 546.228, 24.0000, 0, 0, 0
L 1487.877, 565.228, 24.0000, 1481.877, 555.228, 24.0000, 0, 0, 0
L 1490.877, 570.228, 24.0000, 1487.877, 565.228, 24.0000, 0, 0, 0
L 1575.877, 524.228, 25.0000, 1571.877, 527.228, 24.0000, 0, 0, 0
L 1578.877, 513.228, 25.0000, 1575.877, 524.228, 25.0000, 0, 0, 0
L 1590.877, 506.228, 24.0000, 1578.877, 513.228, 25.0000, 0, 0, 0
L 1597.877, 496.228, 24.0000, 1590.877, 506.228, 24.0000, 0, 0, 0
L 1611.877, 493.228, 25.0000, 1597.877, 496.228, 24.0000, 0, 0, 0
L 1610.877, 488.228, 24.0000, 1611.877, 493.228, 25.0000, 0, 0, 0
L 1593.877, 486.228, 24.0000, 1610.877, 488.228, 24.0000, 0, 0, 0
L 1585.877, 473.228, 24.0000, 1593.877, 486.228, 24.0000, 0, 0, 0
L 1570.877, 471.228, 26.0000, 1585.877, 473.228, 24.0000, 0, 0, 0
L 1564.877, 474.228, 24.0000, 1570.877, 471.228, 26.0000, 0, 0, 0
L 1546.877, 468.228, 25.0000, 1564.877, 474.228, 24.0000, 0, 0, 0
L 1536.877, 471.228, 26.0000, 1546.877, 468.228, 25.0000, 0, 0, 0
L 1529.877, 481.228, 24.0000, 1536.877, 471.228, 26.0000, 0, 0, 0
L 1531.877, 492.228, 24.0000, 1529.877, 481.228, 24.0000, 0, 0, 0
L 1538.877, 500.228, 25.0000, 1531.877, 492.228, 24.0000, 0, 0, 0
L 1554.877, 500.228, 24.0000, 1538.877, 500.228, 25.0000, 0, 0, 0
L 1566.877, 510.228, 24.0000, 1554.877, 500.228, 24.0000, 0, 0, 0
L 1565.877, 516.228, 24.0000, 1566.877, 510.228, 24.0000, 0, 0, 0
L 1565.877, 526.228, 24.0000, 1565.877, 516.228, 24.0000, 0, 0, 0
L 1637.877, 478.228, 24.0000, 1650.877, 489.228, 24.0000, 0, 0, 0
L 1626.877, 477.228, 24.0000, 1637.877, 478.228, 24.0000, 0, 0, 0
L 1614.877, 472.228, 24.0000, 1626.877, 477.228, 24.0000, 0, 0, 0
L 1606.877, 471.228, 24.0000, 1614.877, 472.228, 24.0000, 0, 0, 0
L 1604.877, 462.228, 24.0000, 1606.877, 471.228, 24.0000, 0, 0, 0
L 1608.877, 459.228, 24.0000, 1604.877, 462.228, 24.0000, 0, 0, 0
L 1613.877, 448.228, 25.0000, 1608.877, 459.228, 24.0000, 0, 0, 0
L 1619.877, 441.228, 24.0000, 1613.877, 448.228, 25.0000, 0, 0, 0
L 1623.877, 437.228, 25.0000, 1619.877, 441.228, 24.0000, 0, 0, 0
L 1627.877, 422.228, 24.0000, 1623.877, 437.228, 25.0000, 0, 0, 0
L 1635.877, 423.228, 24.0000, 1627.877, 422.228, 24.0000, 0, 0, 0
L 1638.877, 430.228, 24.0000, 1635.877, 423.228, 24.0000, 0, 0, 0
L 1639.877, 436.228, 24.0000, 1638.877, 430.228, 24.0000, 0, 0, 0
L 1646.877, 442.228, 25.0000, 1639.877, 436.228, 24.0000, 0, 0, 0
L 1653.877, 458.228, 24.0000, 1646.877, 442.228, 25.0000, 0, 0, 0
L 1649.877, 469.228, 24.0000, 1653.877, 458.228, 24.0000, 0, 0, 0
L 1654.877, 476.228, 24.0000, 1649.877, 469.228, 24.0000, 0, 0, 0
L 1656.877, 482.228, 24.0000, 1654.877, 476.228, 24.0000, 0, 0, 0
L 1625.877, 552.228, 24.0000, 1613.877, 561.228, 25.0000, 0, 0, 0
L 1630.877, 544.228, 24.0000, 1625.877, 552.228, 24.0000, 0, 0, 0
L 1656.877, 528.228, 24.0000, 1630.877, 544.228, 24.0000, 0, 0, 0
L 1660.877, 522.228, 24.0000, 1656.877, 528.228, 24.0000, 0, 0, 0
L 1665.877, 508.228, 25.0000, 1660.877, 522.228, 24.0000, 0, 0, 0
L 1676.877, 506.228, 24.0000, 1665.877, 508.228, 25.0000, 0, 0, 0
L 1684.877, 519.228, 24.0000, 1676.877, 506.228, 24.0000, 0, 0, 0
L 1694.877, 527.228, 24.0000, 1684.877, 519.228, 24.0000, 0, 0, 0
L 1707.877, 532.228, 25.0000, 1694.877, 527.228, 24.0000, 0, 0, 0
L 1714.877, 532.228, 24.0000, 1707.877, 532.228, 25.0000, 0, 0, 0
L 1710.877, 544.228, 25.0000, 1714.877, 532.228, 24.0000, 0, 0, 0
L 1704.877, 550.228, 25.0000, 1710.877, 544.228, 25.0000, 0, 0, 0
L 1697.877, 566.228, 24.0000, 1704.877, 550.228, 25.0000, 0, 0, 0
L 1699.877, 577.228, 25.0000, 1697.877, 566.228, 24.0000, 0, 0, 0
L 1691.877, 585.228, 24.0000, 1699.877, 577.228, 25.0000, 0, 0, 0
L 1676.877, 577.228, 24.0000, 1691.877, 585.228, 24.0000, 0, 0, 0
L 1641.877, 573.228, 25.0000, 1676.877, 577.228, 24.0000, 0, 0, 0
L 1629.877, 569.228, 24.0000, 1641.877, 573.228, 25.0000, 0, 0, 0
L 1621.877, 568.228, 24.0000, 1629.877, 569.228, 24.0000, 0, 0, 0
L 1615.877, 568.228, 24.0000, 1621.877, 568.228, 24.0000, 0, 0, 0
L 1584.877, 598.228, 24.0000, 1580.877, 599.228, 24.0000, 0, 0, 0
L 1595.877, 600.228, 24.0000, 1584.877, 598.228, 24.0000, 0, 0, 0
L 1605.877, 600.228, 24.0000, 1595.877, 600.228, 24.0000, 0, 0, 0
L 1621.877, 600.228, 24.0000, 1605.877, 600.228, 24.0000, 0, 0, 0
L 1629.877, 599.228, 24.0000, 1621.877, 600.228, 24.0000, 0, 0, 0
L 1635.877, 592.228, 24.0000, 1629.877, 599.228, 24.0000, 0, 0, 0
L 1646.877, 595.228, 24.0000, 1635.877, 592.228, 24.0000, 0, 0, 0
L 1644.877, 612.228, 25.0000, 1646.877, 595.228, 24.0000, 0, 0, 0
L 1660.877, 636.228, 24.0000, 1644.877, 612.228, 25.0000, 0, 0, 0
L 1661.877, 654.228, 25.0000, 1660.877, 636.228, 24.0000, 0, 0, 0
L 1654.877, 662.228, 24.0000, 1661.877, 654.228, 25.0000, 0, 0, 0
L 1636.877, 671.228, 24.0000, 1654.877, 662.228, 24.0000, 0, 0, 0
L 1603.877, 662.228, 24.0000, 1636.877, 671.228, 24.0000, 0, 0, 0
L 1599.877, 665.228, 24.0000, 1603.877, 662.228, 24.0000, 0, 0, 0
L 1589.877, 667.228, 24.0000, 1599.877, 665.228, 24.0000, 0, 0, 0
L 1583.877, 661.228, 26.0000, 1589.877, 667.228, 24.0000, 0, 0, 0
L 1580.877, 654.228, 24.0000, 1583.877, 661.228, 26.0000, 0, 0, 0
L 1585.877, 632.228, 24.0000, 1580.877, 654.228, 24.0000, 0, 0, 0
L 1577.877, 610.228, 24.0000, 1585.877, 632.228, 24.0000, 0, 0, 0
L 1576.877, 604.228, 24.0000, 1577.877, 610.228, 24.0000, 0, 0, 0
L 1556.877, 715.228, 24.0000, 1556.877, 707.228, 24.0000, 0, 0, 0
L 1561.877, 723.228, 24.0000, 1556.877, 715.228, 24.0000, 0, 0, 0
L 1558.877, 735.228, 24.0000, 1561.877, 723.228, 24.0000, 0, 0, 0
L 1559.877, 747.228, 26.0000, 1558.877, 735.228, 24.0000, 0, 0, 0
L 1553.877, 761.228, 26.0000, 1559.877, 747.228, 26.0000, 0, 0, 0
L 1556.877, 765.228, 25.0000, 1553.877, 761.228, 26.0000, 0, 0, 0
L 1561.877, 764.228, 25.0000, 1556.877, 765.228, 25.0000, 0, 0, 0
L 1568.877, 754.228, 24.0000, 1561.877, 764.228, 25.0000, 0, 0, 0
L 1585.877, 756.228, 24.0000, 1568.877, 754.228, 24.0000, 0, 0, 0
L 1595.877, 748.228, 24.0000, 1585.877, 756.228, 24.0000, 0, 0, 0
L 1601.877, 740.228, 25.0000, 1595.877, 748.228, 24.0000, 0, 0, 0
L 1616.877, 731.228, 24.0000, 1601.877, 740.228, 25.0000, 0, 0, 0
L 1619.877, 712.228, 25.0000, 1616.877, 731.228, 24.0000, 0, 0, 0
L 1612.877, 705.228, 26.0000, 1619.877, 712.228, 25.0000, 0, 0, 0
L 1599.877, 703.228, 24.0000, 1612.877, 705.228, 26.0000, 0, 0, 0
L 1587.877, 715.228, 24.0000, 1599.877, 703.228, 24.0000, 0, 0, 0
L 1572.877, 717.228, 25.0000, 1587.877, 715.228, 24.0000, 0, 0, 0
L 1565.877, 707.228, 25.0000, 1572.877, 717.228, 25.0000, 0, 0, 0
L 1560.877, 705.228, 24.0000, 1565.877, 707.228, 25.0000, 0, 0, 0
L 1522.877, 879.228, 24.0000, 1540.877, 881.228, 24.0000, 0, 0, 0
L 1511.877, 885.228, 24.0000, 1522.877, 879.228, 24.0000, 0, 0, 0
L 1499.877, 888.228, 24.0000, 1511.877, 885.228, 24.0000, 0, 0, 0
L 1493.877, 892.228, 24.0000, 1499.877, 888.228, 24.0000, 0, 0, 0
L 1486.877, 886.228, 24.0000, 1493.877, 892.228, 24.0000, 0, 0, 0
L 1488.877, 882.228, 24.0000, 1486.877, 886.228, 24.0000, 0, 0, 0
L 1483.877, 864.228, 25.0000, 1488.877, 882.228, 24.0000, 0, 0, 0
L 1487.877, 854.228, 24.0000, 1483.877, 864.228, 25.0000, 0, 0, 0
L 1482.877, 848.228, 24.0000, 1487.877, 854.228, 24.0000, 0, 0, 0
L 1480.877, 844.228, 24.0000, 1482.877, 848.228, 24.0000, 0, 0, 0
L 1486.877, 836.228, 24.0000, 1480.877, 844.228, 24.0000, 0, 0, 0
L 1491.877, 837.228, 25.0000, 1486.877, 836.228, 24.0000, 0, 0, 0
L 1495.877, 844.228, 24.0000, 1491.877, 837.228, 25.0000, 0, 0, 0
L 1507.877, 845.228, 25.0000, 1495.877, 844.228, 24.0000, 0, 0, 0
L 1521.877, 852.228, 24.0000, 1507.877, 845.228, 25.0000, 0, 0, 0
L 1526.877, 866.228, 24.0000, 1521.877, 852.228, 24.0000, 0, 0, 0
L 1539.877, 872.228, 24.0000, 1526.877, 866.228, 24.0000, 0, 0, 0
L 1624.877, 843.228, 24.0000, 1618.877, 856.228, 25.0000, 0, 0, 0
L 1624.877, 833.228, 24.0000, 1624.877, 843.228, 24.0000, 0, 0, 0
L 1638.877, 805.228, 24.0000, 1624.877, 833.228, 24.0000, 0, 0, 0
L 1638.877, 798.228, 24.0000, 1638.877, 805.228, 24.0000, 0, 0, 0
L 1636.877, 784.228, 24.0000, 1638.877, 798.228, 24.0000, 0, 0, 0
L 1645.877, 777.228, 24.0000, 1636.877, 784.228, 24.0000, 0, 0, 0
L 1651.877, 780.228, 24.0000, 1645.877, 777.228, 24.0000, 0, 0, 0
L 1672.877, 783.228, 26.0000, 1651.877, 780.228, 24.0000, 0, 0, 0
L 1683.877, 783.228, 24.0000, 1672.877, 783.228, 26.0000, 0, 0, 0
L 1689.877, 778.228, 24.0000, 1683.877, 783.228, 24.0000, 0, 0, 0
L 1696.877, 783.228, 24.0000, 1689.877, 778.228, 24.0000, 0, 0, 0
L 1693.877, 786.228, 24.0000, 1696.877, 783.228, 24.0000, 0, 0, 0
L 1690.877, 801.228, 24.0000, 1693.877, 786.228, 24.0000, 0, 0, 0
L 1694.877, 817.228, 24.0000, 1690.877, 801.228, 24.0000, 0, 0, 0
L 1701.877, 825.228, 26.0000, 1694.877, 817.228, 24.0000, 0, 0, 0
L 1698.877, 835.228, 25.0000, 1701.877, 825.228, 26.0000, 0, 0, 0
L 1676.877, 837.228, 25.0000, 1698.877, 835.228, 25.0000, 0, 0, 0
L 1641.877, 852.228, 24.0000, 1676.877, 837.228, 25.0000, 0, 0, 0
L 1630.877, 857.228, 25.0000, 1641.877, 852.228, 24.0000, 0, 0, 0
L 1624.877, 860.228, 24.0000, 1630.877, 857.228, 25.0000, 0, 0, 0
L 1618.877, 919.228, 24.0000, 1604.877, 916.228, 24.0000, 0, 0, 0
L 1632.877, 919.228, 24.0000, 1618.877, 919.228, 24.0000, 0, 0, 0
L 1645.877, 921.228, 24.0000, 1632.877, 919.228, 24.0000, 0, 0, 0
L 1650.877, 920.228, 24.0000, 1645.877, 921.228, 24.0000, 0, 0, 0
L 1655.877, 914.228, 25.0000, 1650.877, 920.228, 24.0000, 0, 0, 0
L 1667.877, 917.228, 24.0000, 1655.877, 914.228, 25.0000, 0, 0, 0
L 1664.877, 933.228, 25.0000, 1667.877, 917.228, 24.0000, 0, 0, 0
L 1670.877, 943.228, 24.0000, 1664.877, 933.228, 25.0000, 0, 0, 0
L 1680.877, 960.228, 24.0000, 1670.877, 943.228, 24.0000, 0, 0, 0
L 1678.877, 975.228, 24.0000, 1680.877, 960.228, 24.0000, 0, 0, 0
L 1670.877, 987.228, 26.0000, 1678.877, 975.228, 24.0000, 0, 0, 0
L 1656.877, 993.228, 26.0000, 1670.877, 987.228, 26.0000, 0, 0, 0
L 1653.877, 992.228, 24.0000, 1656.877, 993.228, 26.0000, 0, 0, 0
L 1620.877, 980.228, 24.0000, 1653.877, 992.228, 24.0000, 0, 0, 0
L 1617.877, 982.228, 24.0000, 1620.877, 980.228, 24.0000, 0, 0, 0
L 1606.877, 986.228, 25.0000, 1617.877, 982.228, 24.0000, 0, 0, 0
L 1601.877, 979.228, 25.0000, 1606.877, 986.228, 25.0000, 0, 0, 0
L 1597.877, 971.228, 24.0000, 1601.877, 979.228, 25.0000, 0, 0, 0
L 1604.877, 950.228, 24.0000, 1597.877, 971.228, 24.0000, 0, 0, 0
L 1597.877, 924.228, 24.0000, 1604.877, 950.228, 24.0000, 0, 0, 0
L 1596.877, 920.228, 24.0000, 1597.877, 924.228, 24.0000, 0, 0, 0
L 1827.877, 1051.228, 24.0000, 1825.877, 1055.228, 24.0000, 0, 0, 0
L 1837.877, 1024.228, 24.0000, 1827.877, 1051.228, 24.0000, 0, 0, 0
L 1851.877, 1014.228, 24.0000, 1837.877, 1024.228, 24.0000, 0, 0, 0
L 1854.877, 1010.228, 24.0000, 1851.877, 1014.228, 24.0000, 0, 0, 0
L 1855.877, 995.228, 24.0000, 1854.877, 1010.228, 24.0000, 0, 0, 0
L 1850.877, 991.228, 25.0000, 1855.877, 995.228, 24.0000, 0, 0, 0
L 1839.877, 991.228, 24.0000, 1850.877, 991.228, 25.0000, 0, 0, 0
L 1818.877, 960.228, 25.0000, 1839.877, 991.228, 24.0000, 0, 0, 0
L 1802.877, 957.228, 24.0000, 1818.877, 960.228, 25.0000, 0, 0, 0
L 1790.877, 959.228, 24.0000, 1802.877, 957.228, 24.0000, 0, 0, 0
L 1777.877, 973.228, 25.0000, 1790.877, 959.228, 24.0000, 0, 0, 0
L 1773.877, 1005.228, 25.0000, 1777.877, 973.228, 25.0000, 0, 0, 0
L 1763.877, 1014.228, 25.0000, 1773.877, 1005.228, 25.0000, 0, 0, 0
L 1769.877, 1025.228, 26.0000, 1763.877, 1014.228, 25.0000, 0, 0, 0
L 1773.877, 1022.228, 24.0000, 1769.877, 1025.228, 26.0000, 0, 0, 0
L 1782.877, 1026.228, 26.0000, 1773.877, 1022.228, 24.0000, 0, 0, 0
L 1794.877, 1036.228, 24.0000, 1782.877, 1026.228, 26.0000, 0, 0, 0
L 1804.877, 1043.228, 24.0000, 1794.877, 1036.228, 24.0000, 0, 0, 0
L 1817.877, 1056.228, 24.0000, 1804.877, 1043.228, 24.0000, 0, 0, 0
L 1795.877, 1279.228, 24.0000, 1796.877, 1273.228, 24.0000, 0, 0, 0
L 1795.877, 1288.228, 24.0000, 1795.877, 1279.228, 24.0000, 0, 0, 0
L 1799.877, 1299.228, 24.0000, 1795.877, 1288.228, 24.0000, 0, 0, 0
L 1798.877, 1334.228, 26.0000, 1799.877, 1299.228, 24.0000, 0, 0, 0
L 1805.877, 1346.228, 26.0000, 1798.877, 1334.228, 26.0000, 0, 0, 0
L 1803.877, 1354.228, 25.0000, 1805.877, 1346.228, 26.0000, 0, 0, 0
L 1784.877, 1356.228, 24.0000, 1803.877, 1354.228, 25.0000, 0, 0, 0
L 1768.877, 1359.228, 25.0000, 1784.877, 1356.228, 24.0000, 0, 0, 0
L 1760.877, 1363.228, 24.0000, 1768.877, 1359.228, 25.0000, 0, 0, 0
L 1756.877, 1372.228, 25.0000, 1760.877, 1363.228, 24.0000, 0, 0, 0
L 1747.877, 1367.228, 24.0000, 1756.877, 1372.228, 25.0000, 0, 0, 0
L 1749.877, 1363.228, 24.0000, 1747.877, 1367.228, 24.0000, 0, 0, 0
L 1747.877, 1350.228, 24.0000, 1749.877, 1363.228, 24.0000, 0, 0, 0
L 1739.877, 1336.228, 24.0000, 1747.877, 1350.228, 24.0000, 0, 0, 0
L 1730.877, 1330.228, 25.0000, 1739.877, 1336.228, 24.0000, 0, 0, 0
L 1727.877, 1323.228, 26.0000, 1730.877, 1330.228, 25.0000, 0, 0, 0
L 1742.877, 1314.228, 24.0000, 1727.877, 1323.228, 26.0000, 0, 0, 0
L 1751.877, 1308.228, 24.0000, 1742.877, 1314.228, 24.0000, 0, 0, 0
L 1772.877, 1287.228, 24.0000, 1751.877, 1308.228, 24.0000, 0, 0, 0
L 1779.877, 1282.228, 24.0000, 1772.877, 1287.228, 24.0000, 0, 0, 0
L 1785.877, 1277.228, 24.0000, 1779.877, 1282.228, 24.0000, 0, 0, 0
L 1789.877, 1271.228, 24.0000, 1785.877, 1277.228, 24.0000, 0, 0, 0
L 1853.877, 1166.228, 26.0000, 1849.877, 1166.228, 24.0000, 0, 0, 0
L 1867.877, 1173.228, 24.0000, 1853.877, 1166.228, 26.0000, 0, 0, 0
L 1879.877, 1176.228, 24.0000, 1867.877, 1173.228, 24.0000, 0, 0, 0
L 1894.877, 1181.228, 24.0000, 1879.877, 1176.228, 24.0000, 0, 0, 0
L 1902.877, 1176.228, 27.0000, 1894.877, 1181.228, 24.0000, 0, 0, 0
L 1914.877, 1182.228, 25.0000, 1902.877, 1176.228, 27.0000, 0, 0, 0
L 1909.877, 1199.228, 25.0000, 1914.877, 1182.228, 25.0000, 0, 0, 0
L 1917.877, 1223.228, 24.0000, 1909.877, 1199.228, 25.0000, 0, 0, 0
L 1912.877, 1240.228, 24.0000, 1917.877, 1223.228, 24.0000, 0, 0, 0
L 1902.877, 1249.228, 24.0000, 1912.877, 1240.228, 24.0000, 0, 0, 0
L 1886.877, 1252.228, 24.0000, 1902.877, 1249.228, 24.0000, 0, 0, 0
L 1880.877, 1250.228, 25.0000, 1886.877, 1252.228, 24.0000, 0, 0, 0
L 1858.877, 1233.228, 24.0000, 1880.877, 1250.228, 25.0000, 0, 0, 0
L 1852.877, 1236.228, 26.0000, 1858.877, 1233.228, 24.0000, 0, 0, 0
L 1839.877, 1236.228, 25.0000, 1852.877, 1236.228, 26.0000, 0, 0, 0
L 1837.877, 1226.228, 24.0000, 1839.877, 1236.228, 25.0000, 0, 0, 0
L 1837.877, 1215.228, 24.0000, 1837.877, 1226.228, 24.0000, 0, 0, 0
L 1844.877, 1203.228, 25.0000, 1837.877, 1215.228, 24.0000, 0, 0, 0
L 1846.877, 1200.228, 24.0000, 1844.877, 1203.228, 25.0000, 0, 0, 0
L 1846.877, 1190.228, 24.0000, 1846.877, 1200.228, 24.0000, 0, 0, 0
L 1843.877, 1176.228, 24.0000, 1846.877, 1190.228, 24.0000, 0, 0, 0
L 1845.877, 1172.228, 24.0000, 1843.877, 1176.228, 24.0000, 0, 0, 0
L 1844.877, 1169.228, 24.0000, 1845.877, 1172.228, 24.0000, 0, 0, 0
L 1808.877, 1160.228, 24.0000, 1810.877, 1149.228, 24.0000, 0, 0, 0
L 1808.877, 1167.228, 24.0000, 1808.877, 1160.228, 24.0000, 0, 0, 0
L 1812.877, 1178.228, 24.0000, 1808.877, 1167.228, 24.0000, 0, 0, 0
L 1812.877, 1190.228, 24.0000, 1812.877, 1178.228, 24.0000, 0, 0, 0
L 1816.877, 1195.228, 24.0000, 1812.877, 1190.228, 24.0000, 0, 0, 0
L 1809.877, 1202.228, 25.0000, 1816.877, 1195.228, 24.0000, 0, 0, 0
L 1808.877, 1198.228, 24.0000, 1809.877, 1202.228, 25.0000, 0, 0, 0
L 1791.877, 1201.228, 24.0000, 1808.877, 1198.228, 24.0000, 0, 0, 0
L 1785.877, 1200.228, 25.0000, 1791.877, 1201.228, 24.0000, 0, 0, 0
L 1779.877, 1196.228, 24.0000, 1785.877, 1200.228, 25.0000, 0, 0, 0
L 1775.877, 1197.228, 24.0000, 1779.877, 1196.228, 24.0000, 0, 0, 0
L 1771.877, 1200.228, 24.0000, 1775.877, 1197.228, 24.0000, 0, 0, 0
L 1764.877, 1201.228, 24.0000, 1771.877, 1200.228, 24.0000, 0, 0, 0
L 1760.877, 1193.228, 24.0000, 1764.877, 1201.228, 24.0000, 0, 0, 0
L 1761.877, 1188.228, 24.0000, 1760.877, 1193.228, 24.0000, 0, 0, 0
L 1770.877, 1183.228, 24.0000, 1761.877, 1188.228, 24.0000, 0, 0, 0
L 1772.877, 1175.228, 24.0000, 1770.877, 1183.228, 24.0000, 0, 0, 0
L 1779.877, 1162.228, 25.0000, 1772.877, 1175.228, 24.0000, 0, 0, 0
L 1794.877, 1158.228, 24.0000, 1779.877, 1162.228, 25.0000, 0, 0, 0
L 1797.877, 1152.228, 24.0000, 1794.877, 1158.228, 24.0000, 0, 0, 0
L 1802.877, 1146.228, 24.0000, 1797.877, 1152.228, 24.0000, 0, 0, 0
L 1802.877, 1109.228, 24.0000, 1808.877, 1108.228, 25.0000, 0, 0, 0
L 1793.877, 1111.228, 24.0000, 1802.877, 1109.228, 24.0000, 0, 0, 0
L 1787.877, 1116.228, 24.0000, 1793.877, 1111.228, 24.0000, 0, 0, 0
L 1782.877, 1117.228, 24.0000, 1787.877, 1116.228, 24.0000, 0, 0, 0
L 1753.877, 1122.228, 24.0000, 1782.877, 1117.228, 24.0000, 0, 0, 0
L 1750.877, 1125.228, 24.0000, 1753.877, 1122.228, 24.0000, 0, 0, 0
L 1740.877, 1135.228, 25.0000, 1750.877, 1125.228, 24.0000, 0, 0, 0
L 1728.877, 1134.228, 24.0000, 1740.877, 1135.228, 25.0000, 0, 0, 0
L 1727.877, 1124.228, 24.0000, 1728.877, 1134.228, 24.0000, 0, 0, 0
L 1719.877, 1105.228, 24.0000, 1727.877, 1124.228, 24.0000, 0, 0, 0
L 1711.877, 1098.228, 25.0000, 1719.877, 1105.228, 24.0000, 0, 0, 0
L 1702.877, 1094.228, 27.0000, 1711.877, 1098.228, 25.0000, 0, 0, 0
L 1703.877, 1086.228, 24.0000, 1702.877, 1094.228, 27.0000, 0, 0, 0
L 1719.877, 1083.228, 24.0000, 1703.877, 1086.228, 24.0000, 0, 0, 0
L 1732.877, 1070.228, 24.0000, 1719.877, 1083.228, 24.0000, 0, 0, 0
L 1736.877, 1063.228, 24.0000, 1732.877, 1070.228, 24.0000, 0, 0, 0
L 1738.877, 1056.228, 24.0000, 1736.877, 1063.228, 24.0000, 0, 0, 0
L 1745.877, 1055.228, 24.0000, 1738.877, 1056.228, 24.0000, 0, 0, 0
L 1761.877, 1073.228, 24.0000, 1745.877, 1055.228, 24.0000, 0, 0, 0
L 1787.877, 1087.228, 24.0000, 1761.877, 1073.228, 24.0000, 0, 0, 0
L 1801.877, 1098.228, 24.0000, 1787.877, 1087.228, 24.0000, 0, 0, 0
L 1808.877, 1100.228, 24.0000, 1801.877, 1098.228, 24.0000, 0, 0, 0
L 1869.877, 1071.228, 24.0000, 1867.877, 1078.228, 24.0000, 0, 0, 0
L 1872.877, 1062.228, 24.0000, 1869.877, 1071.228, 24.0000, 0, 0, 0
L 1870.877, 1053.228, 24.0000, 1872.877, 1062.228, 24.0000, 0, 0, 0
L 1881.877, 1019.228, 24.0000, 1870.877, 1053.228, 24.0000, 0, 0, 0
L 1875.877, 1002.228, 24.0000, 1881.877, 1019.228, 24.0000, 0, 0, 0
L 1882.877, 994.228, 24.0000, 1875.877, 1002.228, 24.0000, 0, 0, 0
L 1891.877, 997.228, 24.0000, 1882.877, 994.228, 24.0000, 0, 0, 0
L 1906.877, 999.228, 24.0000, 1891.877, 997.228, 24.0000, 0, 0, 0
L 1922.877, 995.228, 24.0000, 1906.877, 999.228, 24.0000, 0, 0, 0
L 1928.877, 990.228, 24.0000, 1922.877, 995.228, 24.0000, 0, 0, 0
L 1936.877, 994.228, 24.0000, 1928.877, 990.228, 24.0000, 0, 0, 0
L 1932.877, 1012.228, 24.0000, 1936.877, 994.228, 24.0000, 0, 0, 0
L 1936.877, 1024.228, 24.0000, 1932.877, 1012.228, 24.0000, 0, 0, 0
L 1948.877, 1035.228, 29.0000, 1936.877, 1024.228, 24.0000, 0, 0, 0
L 1944.877, 1046.228, 24.0000, 1948.877, 1035.228, 29.0000, 0, 0, 0
L 1921.877, 1051.228, 24.0000, 1944.877, 1046.228, 24.0000, 0, 0, 0
L 1898.877, 1067.228, 24.0000, 1921.877, 1051.228, 24.0000, 0, 0, 0
L 1887.877, 1071.228, 24.0000, 1898.877, 1067.228, 24.0000, 0, 0, 0
L 1878.877, 1076.228, 24.0000, 1887.877, 1071.228, 24.0000, 0, 0, 0
L 1874.877, 1081.228, 25.0000, 1878.877, 1076.228, 24.0000, 0, 0, 0
L 1909.877, 1111.228, 24.0000, 1894.877, 1104.228, 24.0000, 0, 0, 0
L 1919.877, 1109.228, 24.0000, 1909.877, 1111.228, 24.0000, 0, 0, 0
L 1935.877, 1111.228, 24.0000, 1919.877, 1109.228, 24.0000, 0, 0, 0
L 1941.877, 1108.228, 24.0000, 1935.877, 1111.228, 24.0000, 0, 0, 0
L 1945.877, 1114.228, 26.0000, 1941.877, 1108.228, 24.0000, 0, 0, 0
L 1946.877, 1117.228, 24.0000, 1945.877, 1114.228, 26.0000, 0, 0, 0
L 1942.877, 1123.228, 24.0000, 1946.877, 1117.228, 24.0000, 0, 0, 0
L 1942.877, 1128.228, 24.0000, 1942.877, 1123.228, 24.0000, 0, 0, 0
L 1941.877, 1137.228, 24.0000, 1942.877, 1128.228, 24.0000, 0, 0, 0
L 1935.877, 1146.228, 24.0000, 1941.877, 1137.228, 24.0000, 0, 0, 0
L 1936.877, 1152.228, 24.0000, 1935.877, 1146.228, 24.0000, 0, 0, 0
L 1937.877, 1161.228, 25.0000, 1936.877, 1152.228, 24.0000, 0, 0, 0
L 1930.877, 1165.228, 24.0000, 1937.877, 1161.228, 25.0000, 0, 0, 0
L 1924.877, 1162.228, 25.0000, 1930.877, 1165.228, 24.0000, 0, 0, 0
L 1920.877, 1152.228, 24.0000, 1924.877, 1162.228, 25.0000, 0, 0, 0
L 1910.877, 1146.228, 24.0000, 1920.877, 1152.228, 24.0000, 0, 0, 0
L 1900.877, 1136.228, 24.0000, 1910.877, 1146.228, 24.0000, 0, 0, 0
L 1900.877, 1123.228, 25.0000, 1900.877, 1136.228, 24.0000, 0, 0, 0
L 1896.877, 1120.228, 25.0000, 1900.877, 1123.228, 25.0000, 0, 0, 0
L 1890.877, 1113.228, 24.0000, 1896.877, 1120.228, 25.0000, 0, 0, 0
L 2093.877, 1046.228, 5.0000, 2091.877, 1033.228, 7.0000, 150, 150, 150
L 2108.877, 1082.228, 2.0000, 2093.877, 1046.228, 5.0000, 150, 150, 150
L 1994.877, 1082.228, 24.0000, 2009.077, 1082.228, 21.1999, 139, 69, 19
L 1995.877, 1101.228, 24.0000, 1994.877, 1082.228, 24.0000, 139, 69, 19
L 1973.877, 1269.228, 24.0000, 1995.877, 1101.228, 24.0000, 139, 69, 19
L 1875.877, 1300.228, 24.0000, 1973.877, 1269.228, 24.0000, 139, 69, 19
L 1837.877, 1324.228, 24.0000, 1875.877, 1300.228, 24.0000, 139, 69, 19
L 1783.877, 1426.228, 24.0000, 1837.877, 1324.228, 24.0000, 139, 69, 19
L 1770.877, 1426.228, 24.0000, 1783.877, 1426.228, 24.0000, 139, 69, 19
L 1729.877, 1426.228, 24.0000, 1770.877, 1426.228, 24.0000, 139, 69, 19
L 1703.877, 1376.228, 24.0000, 1729.877, 1426.228, 24.0000, 139, 69, 19
L 1704.877, 1343.228, 24.0000, 1703.877, 1376.228, 24.0000, 139, 69, 19
L 1702.877, 1259.228, 24.0000, 1704.877, 1343.228, 24.0000, 139, 69, 19
L 1685.877, 1214.228, 24.0000, 1702.877, 1259.228, 24.0000, 139, 69, 19
L 1687.877, 1166.228, 24.0000, 1685.877, 1214.228, 24.0000, 139, 69, 19
L 1676.877, 1102.228, 24.0000, 1687.877, 1166.228, 24.0000, 139, 69, 19
L 1585.877, 1101.228, 39.0000, 1676.877, 1102.228, 24.0000, 139, 69, 19
L 1585.877, 1107.228, 39.0000, 1585.877, 1101.228, 39.0000, 139, 69, 19
L 1576.877, 1137.228, 39.0000, 1585.877, 1107.228, 39.0000, 139, 69, 19
L 1565.877, 1136.228, 39.0000, 1576.877, 1137.228, 39.0000, 139, 69, 19
L 1566.877, 1126.228, 39.0000, 1565.877, 1136.228, 39.0000, 139, 69, 19
L 1533.877, 1108.228, 39.0000, 1566.877, 1126.228, 39.0000, 139, 69, 19
L 1503.877, 1125.228, 39.0000, 1533.877, 1108.228, 39.0000, 139, 69, 19
L 1502.877, 1148.228, 39.0000, 1503.877, 1125.228, 39.0000, 139, 69, 19
L 1493.877, 1156.228, 39.0000, 1502.877, 1148.228, 39.0000, 139, 69, 19
L 1492.877, 1192.228, 70.0000, 1492.977, 1187.728, 66.0999, 0, 220, 0
L 1537.877, 1106.228, 70.0000, 1539.877, 1117.228, 71.0000, 0, 220, 0
L 1554.877, 1096.228, 70.0000, 1537.877, 1106.228, 70.0000, 0, 220, 0
L 1570.877, 1094.228, 70.0000, 1554.877, 1096.228, 70.0000, 0, 220, 0
L 1593.877, 1130.228, 70.0000, 1570.877, 1094.228, 70.0000, 0, 220, 0
L 1602.877, 1148.228, 70.0000, 1593.877, 1130.228, 70.0000, 0, 220, 0
L 1601.877, 1168.228, 70.0000, 1602.877, 1148.228, 70.0000, 0, 220, 0
L 1592.877, 1186.228, 70.0000, 1601.877, 1168.228, 70.0000, 0, 220, 0
L 1582.877, 1215.228, 70.0000, 1592.877, 1186.228, 70.0000, 0, 220, 0
L 1547.877, 1227.228, 70.0000, 1582.877, 1215.228, 70.0000, 0, 220, 0
L 1524.877, 1223.228, 70.0000, 1547.877, 1227.228, 70.0000, 0, 220, 0
L 1500.877, 1217.228, 70.0000, 1524.877, 1223.228, 70.0000, 0, 220, 0
L 1478.877, 1192.228, 69.0000, 1500.877, 1217.228, 70.0000, 0, 220, 0
L 1512.877, 1161.228, 70.0000, 1492.877, 1192.228, 70.0000, 0, 220, 0
L 1539.877, 1117.228, 71.0000, 1512.877, 1161.228, 70.0000, 0, 220, 0
L 1477.877, 1155.228, 39.0000, 1477.977, 1159.828, 42.7999, 0, 220, 0
L 1465.877, 1124.228, 39.0000, 1477.877, 1155.228, 39.0000, 139, 69, 19
L 1482.877, 1050.228, 39.0000, 1465.877, 1124.228, 39.0000, 139, 69, 19
L 1496.877, 1043.228, 39.0000, 1482.877, 1050.228, 39.0000, 139, 69, 19
L 1514.877, 1042.228, 39.0000, 1496.877, 1043.228, 39.0000, 139, 69, 19
L 1543.877, 1042.228, 39.0000, 1514.877, 1042.228, 39.0000, 139, 69, 19
L 1578.877, 1065.228, 39.0000, 1543.877, 1042.228, 39.0000, 139, 69, 19
L 1583.877, 1077.228, 39.0000, 1578.877, 1065.228, 39.0000, 139, 69, 19
L 1672.877, 1077.228, 24.0000, 1583.877, 1077.228, 39.0000, 139, 69, 19
L 1672.877, 1074.228, 24.0000, 1672.877, 1077.228, 24.0000, 139, 69, 19
L 1687.877, 1029.228, 24.0000, 1672.877, 1074.228, 24.0000, 139, 69, 19
L 1678.877, 1002.228, 24.0000, 1687.877, 1029.228, 24.0000, 139, 69, 19
L 1617.877, 1053.228, 24.0000, 1678.877, 1002.228, 24.0000, 139, 69, 19
L 1554.877, 1042.228, 24.0000, 1617.877, 1053.228, 24.0000, 139, 69, 19
L 1485.877, 1005.228, 24.0000, 1554.877, 1042.228, 24.0000, 139, 69, 19
L 1469.877, 941.228, 24.0000, 1485.877, 1005.228, 24.0000, 139, 69, 19
L 1431.877, 910.228, 24.0000, 1469.877, 941.228, 24.0000, 139, 69, 19
L 1416.877, 926.228, 24.0000, 1431.877, 910.228, 24.0000, 139, 69, 19
L 1455.877, 976.228, 24.0000, 1416.877, 926.228, 24.0000, 139, 69, 19
L 1452.877, 1073.228, 24.0000, 1455.877, 976.228, 24.0000, 139, 69, 19
L 1420.877, 1144.228, 24.0000, 1452.877, 1073.228, 24.0000, 139, 69, 19
L 1394.877, 1174.228, 24.0000, 1420.877, 1144.228, 24.0000, 139, 69, 19
L 1391.877, 1199.228, 24.0000, 1394.877, 1174.228, 24.0000, 139, 69, 19
L 1406.877, 1232.228, 24.0000, 1391.877, 1199.228, 24.0000, 139, 69, 19
L 1514.877, 1265.228, 24.0000, 1406.877, 1232.228, 24.0000, 139, 69, 19
L 1554.877, 1332.228, 24.0000, 1514.877, 1265.228, 24.0000, 139, 69, 19
L 1536.877, 1431.228, 24.0000, 1554.877, 1332.228, 24.0000, 139, 69, 19
L 1508.877, 1496.228, 24.0000, 1536.877, 1431.228, 24.0000, 139, 69, 19
L 1415.877, 1522.228, 24.0000, 1508.877, 1496.228, 24.0000, 139, 69, 19
L 1326.877, 1479.228, 24.0000, 1415.877, 1522.228, 24.0000, 139, 69, 19
L 1293.877, 1422.228, 24.0000, 1326.877, 1479.228, 24.0000, 139, 69, 19
L 1312.877, 1326.228, 24.0000, 1293.877, 1422.228, 24.0000, 139, 69, 19
L 1233.877, 1323.228, 24.0000, 1312.877, 1326.228, 24.0000, 139, 69, 19
L 1195.877, 1335.228, 24.0000, 1233.877, 1323.228, 24.0000, 139, 69, 19
L 1177.877, 1376.228, 24.0000, 1195.877, 1335.228, 24.0000, 139, 69, 19
L 1129.877, 1400.228, 24.0000, 1177.877, 1376.228, 24.0000, 139, 69, 19
L 1085.877, 1399.228, 24.0000, 1129.877, 1400.228, 24.0000, 139, 69, 19
L 1066.877, 1376.228, 24.0000, 1085.877, 1399.228, 24.0000, 139, 69, 19
L 1046.877, 1327.228, 24.0000, 1066.877, 1376.228, 24.0000, 139, 69, 19
L 1022.877, 1295.228, 24.0000, 1046.877, 1327.228, 24.0000, 139, 69, 19
L 989.877, 1319.228, 24.0000, 1022.877, 1295.228, 24.0000, 139, 69, 19
L 965.877, 1323.228, 24.0000, 989.877, 1319.228, 24.0000, 139, 69, 19
L 935.877, 1309.228, 24.0000, 965.877, 1323.228, 24.0000, 139, 69, 19
L 930.877, 1263.228, 24.0000, 935.877, 1309.228, 24.0000, 139, 69, 19
L 886.877, 1178.228, 24.0000, 930.877, 1263.228, 24.0000, 139, 69, 19
L 869.877, 1158.228, 24.0000, 886.877, 1178.228, 24.0000, 139, 69, 19
L 871.877, 1077.228, 24.0000, 869.877, 1158.228, 24.0000, 139, 69, 19
L 932.877, 1030.228, 24.0000, 871.877, 1077.228, 24.0000, 139, 69, 19
L 976.877, 1039.228, 24.0000, 932.877, 1030.228, 24.0000, 139, 69, 19
L 1001.877, 967.228, 24.0000, 976.877, 1039.228, 24.0000, 139, 69, 19
L 945.877, 978.228, 24.0000, 1001.877, 967.228, 24.0000, 139, 69, 19
L 880.877, 976.228, 24.0000, 945.877, 978.228, 24.0000, 139, 69, 19
L 804.877, 1015.228, 24.0000, 880.877, 976.228, 24.0000, 139, 69, 19
L 766.877, 959.228, 24.0000, 804.877, 1015.228, 24.0000, 139, 69, 19
L 802.877, 930.228, 24.0000, 766.877, 959.228, 24.0000, 139, 69, 19
L 819.877, 897.228, 24.0000, 802.877, 930.228, 24.0000, 139, 69, 19
L 862.877, 862.228, 24.0000, 819.877, 897.228, 24.0000, 139, 69, 19
L 868.877, 773.228, 24.0000, 862.877, 862.228, 24.0000, 139, 69, 19
L 881.877, 711.228, 24.0000, 868.877, 773.228, 24.0000, 139, 69, 19
L 908.877, 678.228, 24.0000, 881.877, 711.228, 24.0000, 139, 69, 19
L 943.877, 655.228, 24.0000, 908.877, 678.228, 24.0000, 139, 69, 19
L 1036.877, 666.228, 24.0000, 943.877, 655.228, 24.0000, 139, 69, 19
L 1081.877, 706.228, 24.0000, 1036.877, 666.228, 24.0000, 139, 69, 19
L 1148.877, 723.228, 24.0000, 1081.877, 706.228, 24.0000, 139, 69, 19
L 1209.877, 735.228, 24.0000, 1148.877, 723.228, 24.0000, 139, 69, 19
L 1237.877, 724.228, 24.0000, 1209.877, 735.228, 24.0000, 139, 69, 19
L 1280.877, 700.228, 24.0000, 1237.877, 724.228, 24.0000, 139, 69, 19
L 1340.877, 680.228, 24.0000, 1280.877, 700.228, 24.0000, 139, 69, 19
L 1400.877, 706.228, 24.0000, 1340.877, 680.228, 24.0000, 139, 69, 19
L 1427.877, 734.228, 24.0000, 1400.877, 706.228, 24.0000, 139, 69, 19
L 1450.877, 784.228, 24.0000, 1427.877, 734.228, 24.0000, 139, 69, 19
L 1413.877, 844.228, 24.0000, 1450.877, 784.228, 24.0000, 139, 69, 19
L 1431.877, 847.228, 24.0000, 1413.877, 844.228, 24.0000, 139, 69, 19
L 1497.877, 792.228, 24.0000, 1431.877, 847.228, 24.0000, 139, 69, 19
L 1475.877, 683.228, 24.0000, 1497.877, 792.228, 24.0000, 139, 69, 19
L 1374.877, 672.228, 24.0000, 1475.877, 683.228, 24.0000, 139, 69, 19
L 1342.877, 659.228, 24.0000, 1374.877, 672.228, 24.0000, 139, 69, 19
L 1284.877, 676.228, 24.0000, 1342.877, 659.228, 24.0000, 139, 69, 19
L 1240.877, 645.228, 24.0000, 1284.877, 676.228, 24.0000, 139, 69, 19
L 1228.877, 588.228, 24.0000, 1240.877, 645.228, 24.0000, 139, 69, 19
L 1200.877, 584.228, 24.0000, 1228.877, 588.228, 24.0000, 139, 69, 19
L 1180.877, 515.228, 24.0000, 1200.877, 584.228, 24.0000, 139, 69, 19
L 1205.877, 433.228, 24.0000, 1180.877, 515.228, 24.0000, 139, 69, 19
L 1268.877, 429.228, 24.0000, 1205.877, 433.228, 24.0000, 139, 69, 19
L 1332.877, 457.228, 24.0000, 1268.877, 429.228, 24.0000, 139, 69, 19
L 1415.877, 468.228, 24.0000, 1332.877, 457.228, 24.0000, 139, 69, 19
L 1461.877, 471.228, 24.0000, 1415.877, 468.228, 24.0000, 139, 69, 19
L 1535.877, 440.228, 24.0000, 1461.877, 471.228, 24.0000, 139, 69, 19
L 1597.877, 396.228, 24.0000, 1535.877, 440.228, 24.0000, 139, 69, 19
L 1649.877, 371.228, 24.0000, 1597.877, 396.228, 24.0000, 139, 69, 19
L 1710.877, 382.228, 24.0000, 1649.877, 371.228, 24.0000, 139, 69, 19
L 1743.877, 421.228, 24.0000, 1710.877, 382.228, 24.0000, 139, 69, 19
L 1743.877, 532.228, 24.0000, 1743.877, 421.228, 24.0000, 139, 69, 19
L 1728.877, 575.228, 24.0000, 1743.877, 532.228, 24.0000, 139, 69, 19
L 1745.877, 615.228, 24.0000, 1728.877, 575.228, 24.0000, 139, 69, 19
L 1816.877, 590.228, 24.0000, 1745.877, 615.228, 24.0000, 139, 69, 19
L 1861.877, 588.228, 24.0000, 1816.877, 590.228, 24.0000, 139, 69, 19
L 1885.877, 560.228, 24.0000, 1861.877, 588.228, 24.0000, 139, 69, 19
L 1866.877, 525.228, 24.0000, 1885.877, 560.228, 24.0000, 139, 69, 19
L 1838.877, 516.228, 24.0000, 1866.877, 525.228, 24.0000, 139, 69, 19
L 1793.877, 491.228, 24.0000, 1838.877, 516.228, 24.0000, 139, 69, 19
L 1780.877, 444.228, 24.0000, 1793.877, 491.228, 24.0000, 139, 69, 19
L 1769.877, 378.228, 24.0000, 1780.877, 444.228, 24.0000, 139, 69, 19
L 1773.877, 318.228, 24.0000, 1769.877, 378.228, 24.0000, 139, 69, 19
L 1792.877, 281.228, 24.0000, 1773.877, 318.228, 24.0000, 139, 69, 19
L 1847.877, 268.228, 24.0000, 1792.877, 281.228, 24.0000, 139, 69, 19
L 1910.877, 285.228, 24.0000, 1847.877, 268.228, 24.0000, 139, 69, 19
L 1941.877, 332.228, 24.0000, 1910.877, 285.228, 24.0000, 139, 69, 19
L 1950.877, 379.228, 24.0000, 1941.877, 332.228, 24.0000, 139, 69, 19
L 1980.877, 426.228, 24.0000, 1950.877, 379.228, 24.0000, 139, 69, 19
L 2005.877, 497.228, 24.0000, 1980.877, 426.228, 24.0000, 139, 69, 19
L 1995.877, 618.228, 24.0000, 2005.877, 497.228, 24.0000, 139, 69, 19
L 1910.877, 676.228, 24.0000, 1995.877, 618.228, 24.0000, 139, 69, 19
L 1794.877, 676.228, 24.0000, 1910.877, 676.228, 24.0000, 139, 69, 19
L 1745.877, 650.228, 24.0000, 1794.877, 676.228, 24.0000, 139, 69, 19
L 1678.877, 624.228, 24.0000, 1745.877, 650.228, 24.0000, 139, 69, 19
L 1655.877, 691.228, 24.0000, 1678.877, 624.228, 24.0000, 139, 69, 19
L 1668.877, 760.228, 24.0000, 1655.877, 691.228, 24.0000, 139, 69, 19
L 1726.877, 783.228, 24.0000, 1668.877, 760.228, 24.0000, 139, 69, 19
L 1750.877, 838.228, 24.0000, 1726.877, 783.228, 24.0000, 139, 69, 19
L 1749.877, 931.228, 24.0000, 1750.877, 838.228, 24.0000, 139, 69, 19
L 1758.877, 961.228, 24.0000, 1749.877, 931.228, 24.0000, 139, 69, 19
L 1837.877, 946.228, 24.0000, 1758.877, 961.228, 24.0000, 139, 69, 19
L 1931.877, 961.228, 24.0000, 1837.877, 946.228, 24.0000, 139, 69, 19
L 1988.877, 998.228, 24.0000, 1931.877, 961.228, 24.0000, 139, 69, 19
L 1991.877, 1033.228, 24.0000, 1988.877, 998.228, 24.0000, 139, 69, 19
L 2091.877, 1033.228, 7.0000, 2079.377, 1033.228, 9.0999, 139, 69, 19
L -3816.123, 350.228, 84.0000, -3666.123, 2893.228, 164.0000, 0, 0, 0
L -3666.123, 2893.228, 164.0000, -3621.123, 3039.228, 239.0000, 0, 0, 0
L -3621.123, 3039.228, 239.0000, -3156.123, 3070.228, 204.0000, 0, 0, 0
L -3156.123, 3070.228, 204.0000, -2942.123, 3084.228, 122.0000, 0, 0, 0
L -2942.123, 3084.228, 122.0000, -2823.123, 3126.228, 112.0000, 0, 0, 0
L -2823.123, 3126.228, 112.0000, -2711.123, 3234.228, 65.0000, 0, 0, 0
L -2711.123, 3234.228, 65.0000, -2876.123, 3333.228, 72.0000, 0, 0, 0
L -2876.123, 3333.228, 72.0000, -3232.123, 3361.228, 57.0000, 0, 0, 0
L -3232.123, 3361.228, 57.0000, -3641.123, 3405.228, 105.0000, 0, 0, 0
L -3641.123, 3405.228, 105.0000, -3673.123, 3428.228, 108.0000, 0, 0, 0
L -3673.123, 3428.228, 108.0000, -3645.123, 3650.228, 143.0000, 0, 0, 0
L -3645.123, 3650.228, 143.0000, -3294.123, 3782.228, 145.0000, 0, 0, 0
L -3294.123, 3782.228, 145.0000, -2986.123, 3935.228, 160.0000, 0, 0, 0
L -2986.123, 3935.228, 160.0000, -2890.123, 4051.228, 111.0000, 0, 0, 0
L -2890.123, 4051.228, 111.0000, -2847.123, 4173.228, 84.0000, 0, 0, 0
L -2847.123, 4173.228, 84.0000, -2822.123, 4244.228, 40.0000, 0, 0, 0
L -2822.123, 4244.228, 40.0000, -2777.123, 4375.228, 2.0000, 0, 0, 0
L -2498.123, 4375.228, 5.0000, -2493.123, 4358.228, 4.0000, 0, 0, 0
L -2493.123, 4358.228, 4.0000, -2414.123, 4092.228, 20.0000, 0, 0, 0
L -2414.123, 4092.228, 20.0000, -2374.123, 3956.228, 0.0000, 0, 0, 0
L -2612.123, 3678.228, 53.0000, -2403.123, 3703.228, 107.0000, 0, 0, 0
L -2403.123, 3703.228, 107.0000, -2280.123, 3581.228, 80.0000, 0, 0, 0
L -2280.123, 3581.228, 80.0000, -2151.123, 3377.228, 81.0000, 0, 0, 0
L -2151.123, 3377.228, 81.0000, -2041.123, 3457.228, 170.0000, 0, 0, 0
L -2041.123, 3457.228, 170.0000, -1937.123, 3485.228, 189.0000, 0, 0, 0
L -1937.123, 3485.228, 189.0000, -1861.123, 3502.228, 159.0000, 0, 0, 0
L -1861.123, 3502.228, 159.0000, -1746.123, 3529.228, 85.0000, 0, 0, 0
L -1746.123, 3529.228, 85.0000, -1449.123, 3537.228, 34.0000, 0, 0, 0
L -1449.123, 3537.228, 34.0000, -1002.123, 3540.228, 89.0000, 0, 0, 0
L -1002.123, 3540.228, 89.0000, -772.123, 3541.228, 99.0000, 0, 0, 0
L -772.123, 3541.228, 99.0000, -482.123, 3543.228, 138.0000, 0, 0, 0
L -482.123, 3543.228, 138.0000, -277.123, 3544.228, 34.0000, 0, 0, 0
L -277.123, 3544.228, 34.0000, -68.123, 3546.228, 40.0000, 0, 0, 0
L -68.123, 3546.228, 40.0000, 752.877, 3484.228, 23.0000, 0, 0, 0
L 752.877, 3484.228, 23.0000, 903.877, 3552.228, 21.0000, 0, 0, 0
L 903.877, 3552.228, 21.0000, 1138.877, 3554.228, 155.0000, 0, 0, 0
L 1138.877, 3554.228, 155.0000, 1318.877, 3449.228, 97.0000, 0, 0, 0
L 1318.877, 3449.228, 97.0000, 1321.877, 3343.228, 88.0000, 0, 0, 0
L 1321.877, 3343.228, 88.0000, 1325.877, 3217.228, 84.0000, 0, 0, 0
L 1325.877, 3217.228, 84.0000, 1276.877, 2883.228, 101.0000, 0, 0, 0
L 1276.877, 2883.228, 101.0000, 1271.877, 2738.228, 129.0000, 0, 0, 0
L 1271.877, 2738.228, 129.0000, 1294.877, 2616.228, 76.0000, 0, 0, 0
L 1294.877, 2616.228, 76.0000, 1394.877, 2472.228, 45.0000, 0, 0, 0
L 1394.877, 2472.228, 45.0000, 1517.877, 2370.228, 62.0000, 0, 0, 0
L 1517.877, 2370.228, 62.0000, 1646.877, 2330.228, 75.0000, 0, 0, 0
L 1646.877, 2330.228, 75.0000, 1824.877, 2535.228, 112.0000, 0, 0, 0
L 1824.877, 2535.228, 112.0000, 1697.877, 2803.228, 160.0000, 0, 0, 0
L 1697.877, 2803.228, 160.0000, 1783.877, 2963.228, 116.0000, 0, 0, 0
L 1783.877, 2963.228, 116.0000, 2143.877, 3103.228, 149.0000, 0, 0, 0
L 2143.877, 3103.228, 149.0000, 2248.877, 3289.228, 91.0000, 0, 0, 0
L 2248.877, 3289.228, 91.0000, 2057.877, 3423.228, 89.0000, 0, 0, 0
L 2057.877, 3423.228, 89.0000, 1873.877, 3663.228, 137.0000, 0, 0, 0
L 1873.877, 3663.228, 137.0000, 1922.877, 3793.228, 95.0000, 0, 0, 0
L 1922.877, 3793.228, 95.0000, 2058.877, 4161.228, 78.0000, 0, 0, 0
L 2058.877, 4161.228, 78.0000, 2120.877, 4326.228, -7.0000, 0, 0, 0
L 2208.877, 4331.228, -7.0000, 2220.877, 4237.228, 3.0000, 0, 0, 0
L 2220.877, 4237.228, 3.0000, 2366.877, 4185.228, 85.0000, 0, 0, 0
L 2366.877, 4185.228, 85.0000, 2498.877, 4173.228, 49.0000, 0, 0, 0
L 2498.877, 4173.228, 49.0000, 2548.877, 4168.228, 20.0000, 0, 0, 0
L 2548.877, 4168.228, 20.0000, 2619.877, 4336.228, 0.0000, 0, 0, 0
L 2705.877, 4339.228, 0.0000, 2710.877, 4312.228, 0.0000, 0, 0, 0
L 2710.877, 4312.228, 0.0000, 2736.877, 4158.228, 21.0000, 0, 0, 0
L 2736.877, 4158.228, 21.0000, 2415.877, 3864.228, 59.0000, 0, 0, 0
L 2415.877, 3864.228, 59.0000, 2261.877, 3824.228, 27.0000, 0, 0, 0
L 2261.877, 3824.228, 27.0000, 2329.877, 3710.228, -3.0000, 0, 0, 0
L 2329.877, 3710.228, -3.0000, 2522.877, 3686.228, 48.0000, 0, 0, 0
L 2522.877, 3686.228, 48.0000, 2662.877, 3554.228, 42.0000, 0, 0, 0
L 2662.877, 3554.228, 42.0000, 2780.877, 3438.228, 133.0000, 0, 0, 0
L 2780.877, 3438.228, 133.0000, 2839.877, 2596.228, 216.0000, 0, 0, 0
L 2839.877, 2596.228, 216.0000, 2912.877, 2317.228, 267.0000, 0, 0, 0
L 2912.877, 2317.228, 267.0000, 3135.877, 1874.228, 213.0000, 0, 0, 0
L 3135.877, 1874.228, 213.0000, 3285.877, 1577.228, 180.0000, 0, 0, 0
L 3285.877, 1577.228, 180.0000, 3441.877, 1311.228, 243.0000, 0, 0, 0
L 3441.877, 1311.228, 243.0000, 3556.877, 1123.228, 313.0000, 0, 0, 0
L 3556.877, 1123.228, 313.0000, 3693.877, 614.228, 340.0000, 0, 0, 0
L 3693.877, 614.228, 340.0000, 3682.877, 330.228, 296.0000, 0, 0, 0
L 3682.877, 330.228, 296.0000, 3678.877, 236.228, 271.0000, 0, 0, 0
L 3678.877, 236.228, 271.0000, 3670.877, 33.228, 183.0000, 0, 0, 0
L 3670.877, 33.228, 183.0000, 3657.877, -301.772, 277.0000, 0, 0, 0
L 3657.877, -301.772, 277.0000, 3634.877, -895.772, 513.0000, 0, 0, 0
L 3581.877, -2275.772, 416.0000, 3549.877, -2643.772, 277.0000, 0, 0, 0
L 3549.877, -2643.772, 277.0000, 3483.877, -2714.772, 254.0000, 0, 0, 0
L 3483.877, -2714.772, 254.0000, 3405.877, -2797.772, 252.0000, 0, 0, 0
L 3405.877, -2797.772, 252.0000, 3223.877, -2993.772, 221.0000, 0, 0, 0
L 3223.877, -2993.772, 221.0000, 3073.877, -3358.772, 182.0000, 0, 0, 0
L 3073.877, -3358.772, 182.0000, 3050.877, -3614.772, 201.0000, 0, 0, 0
L 3050.877, -3614.772, 201.0000, 3035.877, -3781.772, 185.0000, 0, 0, 0
L 3035.877, -3781.772, 185.0000, 3024.877, -3911.772, 130.0000, 0, 0, 0
L 3024.877, -3911.772, 130.0000, 3011.877, -4047.772, 74.0000, 0, 0, 0
L 3011.877, -4047.772, 74.0000, 2996.877, -4077.772, 121.0000, 0, 0, 0
L 2996.877, -4077.772, 121.0000, 2848.877, -4076.772, 102.0000, 0, 0, 0
L 2848.877, -4076.772, 102.0000, 2631.877, -4075.772, 103.0000, 0, 0, 0
L 2631.877, -4075.772, 103.0000, 2389.877, -4074.772, 105.0000, 0, 0, 0
L 2389.877, -4074.772, 105.0000, 1539.877, -4069.772, 91.0000, 0, 0, 0
L 1539.877, -4069.772, 91.0000, 1111.877, -4066.772, 106.0000, 0, 0, 0
L 1111.877, -4066.772, 106.0000, 691.877, -4064.772, 114.0000, 0, 0, 0
L 691.877, -4064.772, 114.0000, 639.877, -3992.772, 95.0000, 0, 0, 0
L 639.877, -3992.772, 95.0000, 584.877, -3900.772, 129.0000, 0, 0, 0
L 584.877, -3900.772, 129.0000, 565.877, -3816.772, 151.0000, 0, 0, 0
L 565.877, -3816.772, 151.0000, 533.877, -3675.772, 127.0000, 0, 0, 0
L 533.877, -3675.772, 127.0000, 458.877, -3535.772, 147.0000, 0, 0, 0
L 458.877, -3535.772, 147.0000, 261.877, -3519.772, 176.0000, 0, 0, 0
L 261.877, -3519.772, 176.0000, -322.123, -3565.772, 81.0000, 0, 0, 0
L -322.123, -3565.772, 81.0000, -65.123, -3634.772, 99.0000, 0, 0, 0
L -65.123, -3634.772, 99.0000, 132.877, -3606.772, 126.0000, 0, 0, 0
L 132.877, -3606.772, 126.0000, 341.877, -3638.772, 99.0000, 0, 0, 0
L 341.877, -3638.772, 99.0000, 415.877, -3725.772, 114.0000, 0, 0, 0
L 415.877, -3725.772, 114.0000, 416.877, -3802.772, 100.0000, 0, 0, 0
L 416.877, -3802.772, 100.0000, 418.877, -4003.772, 80.0000, 0, 0, 0
L 418.877, -4003.772, 80.0000, 421.877, -4174.772, 90.0000, 0, 0, 0
L 421.877, -4174.772, 90.0000, 423.877, -4326.772, 85.0000, 0, 0, 0
L 423.877, -4326.772, 85.0000, 397.877, -4484.772, 80.0000, 0, 0, 0
L 397.877, -4484.772, 80.0000, 230.877, -4545.772, 62.0000, 0, 0, 0
L 230.877, -4545.772, 62.0000, 88.877, -4546.772, 64.0000, 0, 0, 0
L 88.877, -4546.772, 64.0000, -175.123, -4550.772, 60.0000, 0, 0, 0
L -175.123, -4550.772, 60.0000, -263.123, -4551.772, 62.0000, 0, 0, 0
L -263.123, -4551.772, 62.0000, -363.123, -4552.772, 41.0000, 0, 0, 0
L -363.123, -4552.772, 41.0000, -488.123, -4553.772, 71.0000, 0, 0, 0
L -488.123, -4553.772, 71.0000, -707.123, -4618.772, 111.0000, 0, 0, 0
L -707.123, -4618.772, 111.0000, -807.123, -4693.772, 121.0000, 0, 0, 0
L -807.123, -4693.772, 121.0000, -862.123, -4802.772, 85.0000, 0, 0, 0
L -862.123, -4802.772, 85.0000, -859.123, -5010.772, 84.0000, 0, 0, 0
L -859.123, -5010.772, 84.0000, -867.123, -5203.772, 67.0000, 0, 0, 0
L -867.123, -5203.772, 67.0000, -870.123, -5287.772, 101.0000, 0, 0, 0
L -870.123, -5287.772, 101.0000, -880.123, -5522.772, 45.0000, 0, 0, 0
L -880.123, -5522.772, 45.0000, -888.123, -5715.772, 24.0000, 0, 0, 0
L -1344.123, -5750.772, 28.0000, -1351.123, -5634.772, 32.0000, 0, 0, 0
L -1351.123, -5634.772, 32.0000, -1368.123, -5370.772, 45.0000, 0, 0, 0
L -1368.123, -5370.772, 45.0000, -1376.123, -5233.772, 61.0000, 0, 0, 0
L -1376.123, -5233.772, 61.0000, -1387.123, -5063.772, 59.0000, 0, 0, 0
L -1387.123, -5063.772, 59.0000, -1398.123, -4896.772, 67.0000, 0, 0, 0
L -1398.123, -4896.772, 67.0000, -1439.123, -4747.772, 105.0000, 0, 0, 0
L -1439.123, -4747.772, 105.0000, -1491.123, -4640.772, 102.0000, 0, 0, 0
L -1491.123, -4640.772, 102.0000, -1581.123, -4581.772, 106.0000, 0, 0, 0
L -1581.123, -4581.772, 106.0000, -1731.123, -4520.772, 97.0000, 0, 0, 0
L -1731.123, -4520.772, 97.0000, -1790.123, -4456.772, 118.0000, 0, 0, 0
L -1790.123, -4456.772, 118.0000, -1791.123, -4369.772, 97.0000, 0, 0, 0
L -1791.123, -4369.772, 97.0000, -1794.123, -4150.772, 82.0000, 0, 0, 0
L -1794.123, -4150.772, 82.0000, -1796.123, -3914.772, 90.0000, 0, 0, 0
L -1796.123, -3914.772, 90.0000, -1799.123, -3702.772, 90.0000, 0, 0, 0
L -1799.123, -3702.772, 90.0000, -1792.123, -3617.772, 91.0000, 0, 0, 0
L -1792.123, -3617.772, 91.0000, -1733.123, -3562.772, 102.0000, 0, 0, 0
L -1733.123, -3562.772, 102.0000, -1661.123, -3546.772, 109.0000, 0, 0, 0
L -1661.123, -3546.772, 109.0000, -1464.123, -3538.772, 99.0000, 0, 0, 0
L -1464.123, -3538.772, 99.0000, -1317.123, -3532.772, 96.0000, 0, 0, 0
L -1317.123, -3532.772, 96.0000, -1007.123, -3521.772, 107.0000, 0, 0, 0
L -1007.123, -3521.772, 107.0000, -959.123, -3548.772, 90.0000, 0, 0, 0
L -959.123, -3548.772, 90.0000, -891.123, -3585.772, 106.0000, 0, 0, 0
L -891.123, -3585.772, 106.0000, -872.123, -3652.772, 132.0000, 0, 0, 0
L -872.123, -3652.772, 132.0000, -855.123, -3762.772, 115.0000, 0, 0, 0
L -855.123, -3762.772, 115.0000, -835.123, -3891.772, 115.0000, 0, 0, 0
L -835.123, -3891.772, 115.0000, -751.123, -4054.772, 122.0000, 0, 0, 0
L -751.123, -4054.772, 122.0000, -561.123, -4103.772, 142.0000, 0, 0, 0
L -561.123, -4103.772, 142.0000, -372.123, -4107.772, 122.0000, 0, 0, 0
L -372.123, -4107.772, 122.0000, -146.123, -4112.772, 125.0000, 0, 0, 0
L -146.123, -4112.772, 125.0000, -55.123, -4011.772, 141.0000, 0, 0, 0
L -55.123, -4011.772, 141.0000, -149.123, -4013.772, 156.0000, 0, 0, 0
L -149.123, -4013.772, 156.0000, -292.123, -4011.772, 156.0000, 0, 0, 0
L -292.123, -4011.772, 156.0000, -427.123, -4008.772, 148.0000, 0, 0, 0
L -427.123, -4008.772, 148.0000, -534.123, -4024.772, 172.0000, 0, 0, 0
L -534.123, -4024.772, 172.0000, -628.123, -4023.772, 192.0000, 0, 0, 0
L -628.123, -4023.772, 192.0000, -695.123, -3997.772, 205.0000, 0, 0, 0
L -695.123, -3997.772, 205.0000, -709.123, -3976.772, 213.0000, 0, 0, 0
L -709.123, -3976.772, 213.0000, -753.123, -3807.772, 191.0000, 0, 0, 0
L -753.123, -3807.772, 191.0000, -771.123, -3696.772, 189.0000, 0, 0, 0
L -771.123, -3696.772, 189.0000, -793.123, -3560.772, 183.0000, 0, 0, 0
L -793.123, -3560.772, 183.0000, -929.123, -3410.772, 138.0000, 0, 0, 0
L -929.123, -3410.772, 138.0000, -997.123, -3409.772, 161.0000, 0, 0, 0
L -997.123, -3409.772, 161.0000, -1157.123, -3390.772, 158.0000, 0, 0, 0
L -1157.123, -3390.772, 158.0000, -1270.123, -3406.772, 166.0000, 0, 0, 0
L -1270.123, -3406.772, 166.0000, -1353.123, -3407.772, 144.0000, 0, 0, 0
L -1353.123, -3407.772, 144.0000, -1520.123, -3406.772, 142.0000, 0, 0, 0
L -1520.123, -3406.772, 142.0000, -1662.123, -3405.772, 151.0000, 0, 0, 0
L -1662.123, -3405.772, 151.0000, -1852.123, -3404.772, 136.0000, 0, 0, 0
L -1852.123, -3404.772, 136.0000, -1934.123, -3386.772, 146.0000, 0, 0, 0
L -1934.123, -3386.772, 146.0000, -2067.123, -3394.772, 143.0000, 0, 0, 0
L -2067.123, -3394.772, 143.0000, -2195.123, -3402.772, 145.0000, 0, 0, 0
L -2195.123, -3402.772, 145.0000, -2517.123, -3400.772, 141.0000, 0, 0, 0
L -2517.123, -3400.772, 141.0000, -2618.123, -3399.772, 165.0000, 0, 0, 0
L -2618.123, -3399.772, 165.0000, -2760.123, -3398.772, 137.0000, 0, 0, 0
L -2760.123, -3398.772, 137.0000, -2842.123, -3398.772, 149.0000, 0, 0, 0
L -2842.123, -3398.772, 149.0000, -2987.123, -3397.772, 139.0000, 0, 0, 0
L -3518.123, -3034.772, 41.0000, -3478.123, -2737.772, 55.0000, 0, 0, 0
L -3478.123, -2737.772, 55.0000, -3457.123, -2606.772, 141.0000, 0, 0, 0
L -3457.123, -2606.772, 141.0000, -3431.123, -2452.772, 140.0000, 0, 0, 0
L -3431.123, -2452.772, 140.0000, -3519.123, -2348.772, 182.0000, 0, 0, 0
L -3519.123, -2348.772, 182.0000, -3603.123, -2287.772, 206.0000, 0, 0, 0
L -3603.123, -2287.772, 206.0000, -3711.123, -2197.772, 226.0000, 0, 0, 0
L -3711.123, -2197.772, 226.0000, -3819.123, -2107.772, 237.0000, 0, 0, 0
L -3819.123, -2107.772, 237.0000, -3837.123, -1881.772, 270.0000, 0, 0, 0
L -3837.123, -1881.772, 270.0000, -3834.123, -1561.772, 158.0000, 0, 0, 0
L -3834.123, -1561.772, 158.0000, -3816.123, 355.228, 86.0000, 0, 0, 0
L 1133.877, 1372.228, 25.0000, 1112.877, 1355.228, 24.0000, 0, 0, 0
L 1112.877, 1355.228, 24.0000, 1103.877, 1349.228, 24.0000, 0, 0, 0
L 1103.877, 1349.228, 24.0000, 1095.877, 1346.228, 24.0000, 0, 0, 0
L 1095.877, 1346.228, 24.0000, 1095.877, 1336.228, 25.0000, 0, 0, 0
L 1095.877, 1336.228, 25.0000, 1101.877, 1332.228, 25.0000, 0, 0, 0
L 1101.877, 1332.228, 25.0000, 1107.877, 1321.228, 24.0000, 0, 0, 0
L 1107.877, 1321.228, 24.0000, 1118.877, 1316.228, 26.0000, 0, 0, 0
L 1118.877, 1316.228, 26.0000, 1121.877, 1306.228, 26.0000, 0, 0, 0
L 1121.877, 1306.228, 26.0000, 1126.877, 1302.228, 24.0000, 0, 0, 0
L 1126.877, 1302.228, 24.0000, 1133.877, 1303.228, 24.0000, 0, 0, 0
L 1133.877, 1303.228, 24.0000, 1136.877, 1317.228, 29.0000, 0, 0, 0
L 1136.877, 1317.228, 29.0000, 1142.877, 1333.228, 25.0000, 0, 0, 0
L 1142.877, 1333.228, 25.0000, 1143.877, 1342.228, 24.0000, 0, 0, 0
L 1143.877, 1342.228, 24.0000, 1137.877, 1353.228, 26.0000, 0, 0, 0
L 1137.877, 1353.228, 26.0000, 1141.877, 1366.228, 24.0000, 0, 0, 0
L 1080.877, 1192.228, 25.0000, 1081.877, 1197.228, 24.0000, 0, 0, 0
L 1081.877, 1197.228, 24.0000, 1081.877, 1206.228, 24.0000, 0, 0, 0
L 1081.877, 1206.228, 24.0000, 1087.877, 1235.228, 26.0000, 0, 0, 0
L 1087.877, 1235.228, 26.0000, 1096.877, 1245.228, 24.0000, 0, 0, 0
L 1096.877, 1245.228, 24.0000, 1098.877, 1250.228, 29.0000, 0, 0, 0
L 1098.877, 1250.228, 29.0000, 1094.877, 1256.228, 25.0000, 0, 0, 0
L 1094.877, 1256.228, 25.0000, 1080.877, 1258.228, 28.0000, 0, 0, 0
L 1080.877, 1258.228, 28.0000, 1064.877, 1274.228, 27.0000, 0, 0, 0
L 1064.877, 1274.228, 27.0000, 1054.877, 1281.228, 27.0000, 0, 0, 0
L 1054.877, 1281.228, 27.0000, 1038.877, 1281.228, 25.0000, 0, 0, 0
L 1038.877, 1281.228, 25.0000, 1025.877, 1273.228, 27.0000, 0, 0, 0
L 1025.877, 1273.228, 27.0000, 1019.877, 1260.228, 24.0000, 0, 0, 0
L 1019.877, 1260.228, 24.0000, 1021.877, 1239.228, 26.0000, 0, 0, 0
L 1021.877, 1239.228, 26.0000, 1021.877, 1228.228, 27.0000, 0, 0, 0
L 1021.877, 1228.228, 27.0000, 1014.877, 1219.228, 26.0000, 0, 0, 0
L 1014.877, 1219.228, 26.0000, 1014.877, 1213.228, 24.0000, 0, 0, 0
L 1014.877, 1213.228, 24.0000, 1020.877, 1205.228, 27.0000, 0, 0, 0
L 1020.877, 1205.228, 27.0000, 1028.877, 1202.228, 25.0000, 0, 0, 0
L 1028.877, 1202.228, 25.0000, 1046.877, 1203.228, 24.0000, 0, 0, 0
L 1046.877, 1203.228, 24.0000, 1060.877, 1195.228, 24.0000, 0, 0, 0
L 1060.877, 1195.228, 24.0000, 1070.877, 1188.228, 25.0000, 0, 0, 0
L 1070.877, 1188.228, 25.0000, 1073.877, 1188.228, 25.0000, 0, 0, 0
L 1123.877, 1155.228, 24.0000, 1122.877, 1148.228, 25.0000, 0, 0, 0
L 1122.877, 1148.228, 25.0000, 1121.877, 1139.228, 25.0000, 0, 0, 0
L 1121.877, 1139.228, 25.0000, 1113.877, 1127.228, 25.0000, 0, 0, 0
L 1113.877, 1127.228, 25.0000, 1108.877, 1116.228, 26.0000, 0, 0, 0
L 1108.877, 1116.228, 26.0000, 1105.877, 1114.228, 26.0000, 0, 0, 0
L 1105.877, 1114.228, 26.0000, 1105.877, 1108.228, 28.0000, 0, 0, 0
L 1105.877, 1108.228, 28.0000, 1111.877, 1102.228, 27.0000, 0, 0, 0
L 1111.877, 1102.228, 27.0000, 1123.877, 1102.228, 26.0000, 0, 0, 0
L 1123.877, 1102.228, 26.0000, 1128.877, 1098.228, 25.0000, 0, 0, 0
L 1128.877, 1098.228, 25.0000, 1139.877, 1099.228, 26.0000, 0, 0, 0
L 1139.877, 1099.228, 26.0000, 1150.877, 1092.228, 24.0000, 0, 0, 0
L 1150.877, 1092.228, 24.0000, 1157.877, 1094.228, 24.0000, 0, 0, 0
L 1157.877, 1094.228, 24.0000, 1161.877, 1098.228, 25.0000, 0, 0, 0
L 1161.877, 1098.228, 25.0000, 1155.877, 1105.228, 24.0000, 0, 0, 0
L 1155.877, 1105.228, 24.0000, 1152.877, 1113.228, 25.0000, 0, 0, 0
L 1152.877, 1113.228, 25.0000, 1152.877, 1127.228, 26.0000, 0, 0, 0
L 1152.877, 1127.228, 26.0000, 1143.877, 1138.228, 27.0000, 0, 0, 0
L 1143.877, 1138.228, 27.0000, 1136.877, 1143.228, 26.0000, 0, 0, 0
L 1136.877, 1143.228, 26.0000, 1135.877, 1150.228, 26.0000, 0, 0, 0
L 1135.877, 1150.228, 26.0000, 1132.877, 1154.228, 25.0000, 0, 0, 0
L 1147.877, 1219.228, 24.0000, 1150.877, 1228.228, 25.0000, 0, 0, 0
L 1150.877, 1228.228, 25.0000, 1148.877, 1232.228, 24.0000, 0, 0, 0
L 1148.877, 1232.228, 24.0000, 1161.877, 1240.228, 25.0000, 0, 0, 0
L 1161.877, 1240.228, 25.0000, 1179.877, 1237.228, 25.0000, 0, 0, 0
L 1179.877, 1237.228, 25.0000, 1187.877, 1243.228, 26.0000, 0, 0, 0
L 1187.877, 1243.228, 26.0000, 1191.877, 1255.228, 25.0000, 0, 0, 0
L 1191.877, 1255.228, 25.0000, 1186.877, 1264.228, 25.0000, 0, 0, 0
L 1186.877, 1264.228, 25.0000, 1177.877, 1270.228, 24.0000, 0, 0, 0
L 1177.877, 1270.228, 24.0000, 1162.877, 1269.228, 28.0000, 0, 0, 0
L 1162.877, 1269.228, 28.0000, 1151.877, 1272.228, 26.0000, 0, 0, 0
L 1151.877, 1272.228, 26.0000, 1136.877, 1271.228, 24.0000, 0, 0, 0
L 1136.877, 1271.228, 24.0000, 1126.877, 1263.228, 28.0000, 0, 0, 0
L 1126.877, 1263.228, 28.0000, 1119.877, 1264.228, 25.0000, 0, 0, 0
L 1119.877, 1264.228, 25.0000, 1110.877, 1263.228, 24.0000, 0, 0, 0
L 1110.877, 1263.228, 24.0000, 1110.877, 1258.228, 26.0000, 0, 0, 0
L 1110.877, 1258.228, 26.0000, 1121.877, 1253.228, 25.0000, 0, 0, 0
L 1121.877, 1253.228, 25.0000, 1126.877, 1242.228, 25.0000, 0, 0, 0
L 1126.877, 1242.228, 25.0000, 1136.877, 1231.228, 27.0000, 0, 0, 0
L 1136.877, 1231.228, 27.0000, 1138.877, 1221.228, 24.0000, 0, 0, 0
L 1138.877, 1221.228, 24.0000, 1141.877, 1218.228, 25.0000, 0, 0, 0
L 1216.877, 1126.228, 24.0000, 1208.877, 1125.228, 24.0000, 0, 0, 0
L 1208.877, 1125.228, 24.0000, 1203.877, 1133.228, 24.0000, 0, 0, 0
L 1203.877, 1133.228, 24.0000, 1206.877, 1139.228, 24.0000, 0, 0, 0
L 1206.877, 1139.228, 24.0000, 1215.877, 1140.228, 24.0000, 0, 0, 0
L 1215.877, 1140.228, 24.0000, 1220.877, 1133.228, 24.0000, 0, 0, 0
L 1220.877, 1133.228, 24.0000, 1216.877, 1126.228, 24.0000, 0, 0, 0
L 1398.877, 1400.228, 24.0000, 1401.877, 1402.228, 24.0000, 0, 0, 0
L 1401.877, 1402.228, 24.0000, 1407.877, 1416.228, 24.0000, 0, 0, 0
L 1407.877, 1416.228, 24.0000, 1416.877, 1427.228, 24.0000, 0, 0, 0
L 1416.877, 1427.228, 24.0000, 1422.877, 1436.228, 26.0000, 0, 0, 0
L 1422.877, 1436.228, 26.0000, 1435.877, 1443.228, 24.0000, 0, 0, 0
L 1435.877, 1443.228, 24.0000, 1438.877, 1451.228, 25.0000, 0, 0, 0
L 1438.877, 1451.228, 25.0000, 1425.877, 1459.228, 25.0000, 0, 0, 0
L 1425.877, 1459.228, 25.0000, 1414.877, 1486.228, 25.0000, 0, 0, 0
L 1414.877, 1486.228, 25.0000, 1397.877, 1499.228, 26.0000, 0, 0, 0
L 1397.877, 1499.228, 26.0000, 1382.877, 1496.228, 25.0000, 0, 0, 0
L 1382.877, 1496.228, 25.0000, 1371.877, 1488.228, 24.0000, 0, 0, 0
L 1371.877, 1488.228, 24.0000, 1360.877, 1459.228, 27.0000, 0, 0, 0
L 1360.877, 1459.228, 27.0000, 1346.877, 1449.228, 27.0000, 0, 0, 0
L 1346.877, 1449.228, 27.0000, 1349.877, 1435.228, 27.0000, 0, 0, 0
L 1349.877, 1435.228, 27.0000, 1355.877, 1430.228, 25.0000, 0, 0, 0
L 1355.877, 1430.228, 25.0000, 1371.877, 1424.228, 25.0000, 0, 0, 0
L 1371.877, 1424.228, 25.0000, 1381.877, 1412.228, 24.0000, 0, 0, 0
L 1381.877, 1412.228, 24.0000, 1387.877, 1401.228, 24.0000, 0, 0, 0
L 1387.877, 1401.228, 24.0000, 1392.877, 1398.228, 24.0000, 0, 0, 0
L 1427.877, 1379.228, 25.0000, 1432.877, 1382.228, 24.0000, 0, 0, 0
L 1432.877, 1382.228, 24.0000, 1442.877, 1391.228, 24.0000, 0, 0, 0
L 1442.877, 1391.228, 24.0000, 1449.877, 1400.228, 24.0000, 0, 0, 0
L 1449.877, 1400.228, 24.0000, 1469.877, 1417.228, 24.0000, 0, 0, 0
L 1469.877, 1417.228, 24.0000, 1480.877, 1437.228, 24.0000, 0, 0, 0
L 1480.877, 1437.228, 24.0000, 1489.877, 1437.228, 25.0000, 0, 0, 0
L 1489.877, 1437.228, 25.0000, 1492.877, 1429.228, 24.0000, 0, 0, 0
L 1492.877, 1429.228, 24.0000, 1513.877, 1414.228, 24.0000, 0, 0, 0
L 1513.877, 1414.228, 24.0000, 1519.877, 1414.228, 25.0000, 0, 0, 0
L 1519.877, 1414.228, 25.0000, 1527.877, 1416.228, 25.0000, 0, 0, 0
L 1527.877, 1416.228, 25.0000, 1530.877, 1406.228, 27.0000, 0, 0, 0
L 1530.877, 1406.228, 27.0000, 1521.877, 1400.228, 25.0000, 0, 0, 0
L 1521.877, 1400.228, 25.0000, 1515.877, 1392.228, 24.0000, 0, 0, 0
L 1515.877, 1392.228, 24.0000, 1512.877, 1377.228, 24.0000, 0, 0, 0
L 1512.877, 1377.228, 24.0000, 1514.877, 1363.228, 24.0000, 0, 0, 0
L 1514.877, 1363.228, 24.0000, 1503.877, 1358.228, 26.0000, 0, 0, 0
L 1503.877, 1358.228, 26.0000, 1491.877, 1367.228, 25.0000, 0, 0, 0
L 1491.877, 1367.228, 25.0000, 1454.877, 1368.228, 24.0000, 0, 0, 0
L 1454.877, 1368.228, 24.0000, 1444.877, 1372.228, 24.0000, 0, 0, 0
L 1444.877, 1372.228, 24.0000, 1434.877, 1372.228, 24.0000, 0, 0, 0
L 1434.877, 1372.228, 24.0000, 1431.877, 1371.228, 25.0000, 0, 0, 0
L 1401.877, 1337.228, 25.0000, 1405.877, 1333.228, 24.0000, 0, 0, 0
L 1405.877, 1333.228, 24.0000, 1413.877, 1322.228, 24.0000, 0, 0, 0
L 1413.877, 1322.228, 24.0000, 1419.877, 1314.228, 24.0000, 0, 0, 0
L 1419.877, 1314.228, 24.0000, 1439.877, 1308.228, 24.0000, 0, 0, 0
L 1439.877, 1308.228, 24.0000, 1449.877, 1292.228, 25.0000, 0, 0, 0
L 1449.877, 1292.228, 25.0000, 1442.877, 1286.228, 24.0000, 0, 0, 0
L 1442.877, 1286.228, 24.0000, 1435.877, 1283.228, 24.0000, 0, 0, 0
L 1435.877, 1283.228, 24.0000, 1426.877, 1249.228, 24.0000, 0, 0, 0
L 1426.877, 1249.228, 24.0000, 1421.877, 1244.228, 26.0000, 0, 0, 0
L 1421.877, 1244.228, 26.0000, 1409.877, 1238.228, 24.0000, 0, 0, 0
L 1409.877, 1238.228, 24.0000, 1399.877, 1238.228, 24.0000, 0, 0, 0
L 1399.877, 1238.228, 24.0000, 1383.877, 1248.228, 24.0000, 0, 0, 0
L 1383.877, 1248.228, 24.0000, 1371.877, 1273.228, 25.0000, 0, 0, 0
L 1371.877, 1273.228, 25.0000, 1356.877, 1280.228, 25.0000, 0, 0, 0
L 1356.877, 1280.228, 25.0000, 1360.877, 1292.228, 24.0000, 0, 0, 0
L 1360.877, 1292.228, 24.0000, 1366.877, 1294.228, 27.0000, 0, 0, 0
L 1366.877, 1294.228, 27.0000, 1374.877, 1302.228, 25.0000, 0, 0, 0
L 1374.877, 1302.228, 25.0000, 1382.877, 1315.228, 24.0000, 0, 0, 0
L 1382.877, 1315.228, 24.0000, 1386.877, 1321.228, 24.0000, 0, 0, 0
L 1386.877, 1321.228, 24.0000, 1391.877, 1333.228, 24.0000, 0, 0, 0
L 1391.877, 1333.228, 24.0000, 1394.877, 1336.228, 24.0000, 0, 0, 0
L 1569.877, 1077.228, 39.0000, 1554.877, 1079.228, 40.0000, 0, 0, 0
L 1554.877, 1079.228, 40.0000, 1545.877, 1088.228, 40.0000, 0, 0, 0
L 1545.877, 1088.228, 40.0000, 1532.877, 1094.228, 42.0000, 0, 0, 0
L 1532.877, 1094.228, 42.0000, 1524.877, 1097.228, 41.0000, 0, 0, 0
L 1524.877, 1097.228, 41.0000, 1517.877, 1092.228, 42.0000, 0, 0, 0
L 1517.877, 1092.228, 42.0000, 1517.877, 1083.228, 42.0000, 0, 0, 0
L 1517.877, 1083.228, 42.0000, 1512.877, 1075.228, 41.0000, 0, 0, 0
L 1512.877, 1075.228, 41.0000, 1512.877, 1064.228, 42.0000, 0, 0, 0
L 1512.877, 1064.228, 42.0000, 1505.877, 1056.228, 42.0000, 0, 0, 0
L 1505.877, 1056.228, 42.0000, 1509.877, 1044.228, 40.0000, 0, 0, 0
L 1509.877, 1044.228, 40.0000, 1512.877, 1042.228, 41.0000, 0, 0, 0
L 1512.877, 1042.228, 41.0000, 1523.877, 1049.228, 43.0000, 0, 0, 0
L 1523.877, 1049.228, 43.0000, 1535.877, 1049.228, 40.0000, 0, 0, 0
L 1535.877, 1049.228, 40.0000, 1547.877, 1053.228, 42.0000, 0, 0, 0
L 1547.877, 1053.228, 42.0000, 1555.877, 1065.228, 39.0000, 0, 0, 0
L 1555.877, 1065.228, 39.0000, 1569.877, 1068.228, 40.0000, 0, 0, 0
L 830.877, 1247.228, -19.0000, 809.877, 1238.228, -19.0000, 0, 0, 255
L 809.877, 1238.228, -19.0000, 781.877, 1218.228, -19.0000, 0, 0, 255
L 781.877, 1218.228, -19.0000, 711.877, 1188.228, -19.0000, 0, 0, 255
L 711.877, 1188.228, -19.0000, 629.877, 1168.228, -19.0000, 0, 0, 255
L 629.877, 1168.228, -19.0000, 597.877, 1164.228, -19.0000, 0, 0, 255
L 597.877, 1164.228, -19.0000, 514.877, 1151.228, -19.0000, 0, 0, 255
L 514.877, 1151.228, -19.0000, 485.877, 1218.228, -19.0000, 0, 0, 255
L 485.877, 1218.228, -19.0000, 451.877, 1247.228, -20.0000, 0, 0, 255
L 451.877, 1247.228, -20.0000, 463.877, 1297.228, -19.0000, 0, 0, 255
L 463.877, 1297.228, -19.0000, 480.877, 1345.228, -19.0000, 0, 0, 255
L 480.877, 1345.228, -19.0000, 480.877, 1448.228, -19.0000, 0, 0, 255
L 480.877, 1448.228, -19.0000, 513.877, 1486.228, -20.0000, 0, 0, 255
L 513.877, 1486.228, -20.0000, 540.877, 1474.228, -19.0000, 0, 0, 255
L 540.877, 1474.228, -19.0000, 617.877, 1488.228, -19.0000, 0, 0, 255
L 617.877, 1488.228, -19.0000, 668.877, 1493.228, -19.0000, 0, 0, 255
L 668.877, 1493.228, -19.0000, 715.877, 1495.228, -19.0000, 0, 0, 255
L 715.877, 1495.228, -19.0000, 765.877, 1529.228, -20.0000, 0, 0, 255
L 765.877, 1529.228, -20.0000, 801.877, 1550.228, -19.0000, 0, 0, 255
L 801.877, 1550.228, -19.0000, 815.877, 1568.228, -19.0000, 0, 0, 255
L 815.877, 1568.228, -19.0000, 867.877, 1652.228, -19.0000, 0, 0, 255
L 867.877, 1652.228, -19.0000, 894.877, 1729.228, -19.0000, 0, 0, 255
L 894.877, 1729.228, -19.0000, 915.877, 1770.228, -19.0000, 0, 0, 255
L 915.877, 1770.228, -19.0000, 1014.877, 1867.228, -20.0000, 0, 0, 255
L 1014.877, 1867.228, -20.0000, 1034.877, 1863.228, -20.0000, 0, 0, 255
L 1034.877, 1863.228, -20.0000, 1106.877, 1862.228, -18.0000, 0, 0, 255
L 1106.877, 1862.228, -18.0000, 1169.877, 1846.228, -20.0000, 0, 0, 255
L 1169.877, 1846.228, -20.0000, 1197.877, 1829.228, -19.0000, 0, 0, 255
L 1197.877, 1829.228, -19.0000, 1215.877, 1824.228, -20.0000, 0, 0, 255
L 1215.877, 1824.228, -20.0000, 1260.877, 1786.228, -19.0000, 0, 0, 255
L 1260.877, 1786.228, -19.0000, 1385.877, 1719.228, -19.0000, 0, 0, 255
L 1385.877, 1719.228, -19.0000, 1417.877, 1712.228, -19.0000, 0, 0, 255
L 1417.877, 1712.228, -19.0000, 1514.877, 1733.228, -19.0000, 0, 0, 255
L 1514.877, 1733.228, -19.0000, 1564.877, 1750.228, -20.0000, 0, 0, 255
L 1564.877, 1750.228, -20.0000, 1617.877, 1760.228, -19.0000, 0, 0, 255
L 1617.877, 1760.228, -19.0000, 1639.877, 1766.228, -19.0000, 0, 0, 255
L 1639.877, 1766.228, -19.0000, 1697.877, 1780.228, -19.0000, 0, 0, 255
L 1697.877, 1780.228, -19.0000, 1714.877, 1785.228, -18.0000, 0, 0, 255
L 1714.877, 1785.228, -18.0000, 1743.877, 1768.228, -19.0000, 0, 0, 255
L 1743.877, 1768.228, -19.0000, 1782.877, 1745.228, -19.0000, 0, 0, 255
L 1782.877, 1745.228, -19.0000, 1815.877, 1721.228, -19.0000, 0, 0, 255
L 1815.877, 1721.228, -19.0000, 1863.877, 1684.228, -19.0000, 0, 0, 255
L 1863.877, 1684.228, -19.0000, 1913.877, 1647.228, -19.0000, 0, 0, 255
L 1913.877, 1647.228, -19.0000, 1996.877, 1633.228, -19.0000, 0, 0, 255
L 1996.877, 1633.228, -19.0000, 2021.877, 1640.228, -19.0000, 0, 0, 255
L 2021.877, 1640.228, -19.0000, 2040.877, 1647.228, -19.0000, 0, 0, 255
L 2040.877, 1647.228, -19.0000, 2107.877, 1708.228, -19.0000, 0, 0, 255
L 2107.877, 1708.228, -19.0000, 2163.877, 1700.228, -19.0000, 0, 0, 255
L 2163.877, 1700.228, -19.0000, 2214.877, 1714.228, -19.0000, 0, 0, 255
L 2214.877, 1714.228, -19.0000, 2243.877, 1676.228, -19.0000, 0, 0, 255
L 2243.877, 1676.228, -19.0000, 2315.877, 1659.228, -19.0000, 0, 0, 255
L 2315.877, 1659.228, -19.0000, 2335.877, 1571.228, -19.0000, 0, 0, 255
L 2335.877, 1571.228, -19.0000, 2424.877, 1549.228, -19.0000, 0, 0, 255
L 2424.877, 1549.228, -19.0000, 2439.877, 1546.228, -19.0000, 0, 0, 255
L 2439.877, 1546.228, -19.0000, 2406.877, 1509.228, -19.0000, 0, 0, 255
L 2406.877, 1509.228, -19.0000, 2378.877, 1456.228, -19.0000, 0, 0, 255
L 2378.877, 1456.228, -19.0000, 2309.877, 1419.228, -19.0000, 0, 0, 255
L 2309.877, 1419.228, -19.0000, 2219.877, 1348.228, -19.0000, 0, 0, 255
L 2219.877, 1348.228, -19.0000, 2211.877, 1340.228, -19.0000, 0, 0, 255
L 2211.877, 1340.228, -19.0000, 2082.877, 1320.228, -19.0000, 0, 0, 255
L 2082.877, 1320.228, -19.0000, 2011.877, 1358.228, -19.0000, 0, 0, 255
L 2011.877, 1358.228, -19.0000, 1972.877, 1450.228, -19.0000, 0, 0, 255
L 1972.877, 1450.228, -19.0000, 1957.877, 1497.228, -19.0000, 0, 0, 255
L 1957.877, 1497.228, -19.0000, 1899.877, 1506.228, -19.0000, 0, 0, 255
L 1899.877, 1506.228, -19.0000, 1868.877, 1504.228, -19.0000, 0, 0, 255
L 1868.877, 1504.228, -19.0000, 1816.877, 1520.228, -19.0000, 0, 0, 255
L 1816.877, 1520.228, -19.0000, 1768.877, 1516.228, -19.0000, 0, 0, 255
L 1768.877, 1516.228, -19.0000, 1676.877, 1513.228, -19.0000, 0, 0, 255
L 1676.877, 1513.228, -19.0000, 1609.877, 1490.228, -19.0000, 0, 0, 255
L 1609.877, 1490.228, -19.0000, 1572.877, 1444.228, -19.0000, 0, 0, 255
L 1572.877, 1444.228, -19.0000, 1574.877, 1341.228, -19.0000, 0, 0, 255
L 1574.877, 1341.228, -19.0000, 1575.877, 1312.228, -19.0000, 0, 0, 255
L 1575.877, 1312.228, -19.0000, 1620.877, 1298.228, -19.0000, 0, 0, 255
L 1620.877, 1298.228, -19.0000, 1655.877, 1289.228, -19.0000, 0, 0, 255
L 1655.877, 1289.228, -19.0000, 1642.877, 1241.228, -19.0000, 0, 0, 255
L 1642.877, 1241.228, -19.0000, 1637.877, 1172.228, -19.0000, 0, 0, 255
L 1637.877, 1172.228, -19.0000, 1687.877, 1147.228, -19.0000, 0, 0, 255
L 1687.877, 1147.228, -19.0000, 1612.877, 1112.228, -19.0000, 0, 0, 255
L 1612.877, 1112.228, -19.0000, 1565.877, 1101.228, -19.0000, 0, 0, 255
L 1565.877, 1101.228, -19.0000, 1516.877, 1101.228, -19.0000, 0, 0, 255
L 1516.877, 1101.228, -19.0000, 1489.877, 1124.228, -19.0000, 0, 0, 255
L 1489.877, 1124.228, -19.0000, 1491.877, 1152.228, -19.0000, 0, 0, 255
L 1491.877, 1152.228, -19.0000, 1470.877, 1199.228, -19.0000, 0, 0, 255
L 1470.877, 1199.228, -19.0000, 1469.877, 1209.228, -18.0000, 0, 0, 255
L 1469.877, 1209.228, -18.0000, 1376.877, 1211.228, -19.0000, 0, 0, 255
L 1315.877, 1228.228, -20.0000, 1258.877, 1195.228, -20.0000, 0, 0, 255
L 1258.877, 1195.228, -20.0000, 1292.877, 1247.228, -19.0000, 0, 0, 255
L 1292.877, 1247.228, -19.0000, 1284.877, 1359.228, -19.0000, 0, 0, 255
L 1284.877, 1359.228, -19.0000, 1273.877, 1408.228, -19.0000, 0, 0, 255
L 1273.877, 1408.228, -19.0000, 1208.877, 1435.228, -19.0000, 0, 0, 255
L 1208.877, 1435.228, -19.0000, 1193.877, 1438.228, -19.0000, 0, 0, 255
L 1193.877, 1438.228, -19.0000, 1157.877, 1449.228, -19.0000, 0, 0, 255
L 1157.877, 1449.228, -19.0000, 1126.877, 1463.228, -19.0000, 0, 0, 255
L 1126.877, 1463.228, -19.0000, 1107.877, 1466.228, -19.0000, 0, 0, 255
L 1107.877, 1466.228, -19.0000, 1049.877, 1446.228, -19.0000, 0, 0, 255
L 1049.877, 1446.228, -19.0000, 1009.877, 1436.228, -19.0000, 0, 0, 255
L 1009.877, 1436.228, -19.0000, 928.877, 1348.228, -19.0000, 0, 0, 255
L 928.877, 1348.228, -19.0000, 911.877, 1318.228, -19.0000, 0, 0, 255
L 911.877, 1318.228, -19.0000, 830.877, 1248.228, -19.0000, 0, 0, 255
L 146.877, 1449.228, -20.0000, 142.877, 1273.228, -19.0000, 0, 0, 255
L 142.877, 1273.228, -19.0000, 129.877, 1244.228, -19.0000, 0, 0, 255
L 129.877, 1244.228, -19.0000, 108.877, 1217.228, -20.0000, 0, 0, 255
L 108.877, 1217.228, -20.0000, 49.877, 1190.228, -20.0000, 0, 0, 255
L 49.877, 1190.228, -20.0000, 9.877, 1178.228, -19.0000, 0, 0, 255
L 9.877, 1178.228, -19.0000, -28.123, 1172.228, -19.0000, 0, 0, 255
L -28.123, 1172.228, -19.0000, -70.123, 1167.228, -19.0000, 0, 0, 255
L -70.123, 1167.228, -19.0000, -93.123, 1177.228, -19.0000, 0, 0, 255
L -93.123, 1177.228, -19.0000, -160.123, 1176.228, -19.0000, 0, 0, 255
L -160.123, 1176.228, -19.0000, -191.123, 1165.228, -19.0000, 0, 0, 255
L -191.123, 1165.228, -19.0000, -208.123, 1147.228, -19.0000, 0, 0, 255
L -208.123, 1147.228, -19.0000, -287.123, 1092.228, -19.0000, 0, 0, 255
L -287.123, 1092.228, -19.0000, -387.123, 1090.228, -19.0000, 0, 0, 255
L -387.123, 1090.228, -19.0000, -436.123, 1041.228, -19.0000, 0, 0, 255
L -436.123, 1041.228, -19.0000, -486.123, 968.228, -19.0000, 0, 0, 255
L -486.123, 968.228, -19.0000, -532.123, 1004.228, -20.0000, 0, 0, 255
L -532.123, 1004.228, -20.0000, -591.123, 1006.228, -19.0000, 0, 0, 255
L -591.123, 1006.228, -19.0000, -641.123, 994.228, -19.0000, 0, 0, 255
L -641.123, 994.228, -19.0000, -704.123, 1034.228, -19.0000, 0, 0, 255
L -704.123, 1034.228, -19.0000, -714.123, 1052.228, -19.0000, 0, 0, 255
L -714.123, 1052.228, -19.0000, -750.123, 1092.228, -19.0000, 0, 0, 255
L -750.123, 1092.228, -19.0000, -797.123, 1086.228, -19.0000, 0, 0, 255
L -797.123, 1086.228, -19.0000, -862.123, 1073.228, -19.0000, 0, 0, 255
L -862.123, 1073.228, -19.0000, -861.123, 1150.228, -19.0000, 0, 0, 255
L -861.123, 1150.228, -19.0000, -783.123, 1224.228, -19.0000, 0, 0, 255
L -783.123, 1224.228, -19.0000, -745.123, 1250.228, -19.0000, 0, 0, 255
L -745.123, 1250.228, -19.0000, -690.123, 1345.228, -19.0000, 0, 0, 255
L -690.123, 1345.228, -19.0000, -662.123, 1448.228, -19.0000, 0, 0, 255
L -662.123, 1448.228, -19.0000, -664.123, 1475.228, -19.0000, 0, 0, 255
L -664.123, 1475.228, -19.0000, -689.123, 1477.228, -19.0000, 0, 0, 255
L -689.123, 1477.228, -19.0000, -735.123, 1506.228, -19.0000, 0, 0, 255
L -735.123, 1506.228, -19.0000, -750.123, 1555.228, -19.0000, 0, 0, 255
L -750.123, 1555.228, -19.0000, -751.123, 1587.228, -19.0000, 0, 0, 255
L -751.123, 1587.228, -19.0000, -784.123, 1647.228, -19.0000, 0, 0, 255
L -784.123, 1647.228, -19.0000, -849.123, 1684.228, -19.0000, 0, 0, 255
L -849.123, 1684.228, -19.0000, -872.123, 1851.228, -19.0000, 0, 0, 255
L -872.123, 1851.228, -19.0000, -873.123, 1954.228, -19.0000, 0, 0, 255
L -873.123, 1954.228, -19.0000, -875.123, 2051.228, -19.0000, 0, 0, 255
L -875.123, 2051.228, -19.0000, -871.123, 2080.228, -19.0000, 0, 0, 255
L -871.123, 2080.228, -19.0000, -868.123, 2148.228, -19.0000, 0, 0, 255
L -868.123, 2148.228, -19.0000, -871.123, 2170.228, -19.0000, 0, 0, 255
L -871.123, 2170.228, -19.0000, -864.123, 2256.228, -19.0000, 0, 0, 255
L -864.123, 2256.228, -19.0000, -864.123, 2284.228, -19.0000, 0, 0, 255
L -864.123, 2284.228, -19.0000, -871.123, 2350.228, -19.0000, 0, 0, 255
L -871.123, 2350.228, -19.0000, -856.123, 2448.228, -19.0000, 0, 0, 255
L -856.123, 2448.228, -19.0000, -786.123, 2529.228, -19.0000, 0, 0, 255
L -786.123, 2529.228, -19.0000, -699.123, 2531.228, -19.0000, 0, 0, 255
L -699.123, 2531.228, -19.0000, -681.123, 2535.228, -19.0000, 0, 0, 255
L -681.123, 2535.228, -19.0000, -671.123, 2549.228, -19.0000, 0, 0, 255
L -671.123, 2549.228, -19.0000, -670.123, 2562.228, -19.0000, 0, 0, 255
L -670.123, 2562.228, -19.0000, -668.123, 2748.228, -19.0000, 0, 0, 255
L -668.123, 2748.228, -19.0000, -673.123, 2768.228, -19.0000, 0, 0, 255
L -673.123, 2768.228, -19.0000, -683.123, 2846.228, -19.0000, 0, 0, 255
L -683.123, 2846.228, -19.0000, -765.123, 2871.228, -19.0000, 0, 0, 255
L -765.123, 2871.228, -19.0000, -788.123, 2936.228, -19.0000, 0, 0, 255
L -788.123, 2936.228, -19.0000, -831.123, 2845.228, -19.0000, 0, 0, 255
L -831.123, 2845.228, -19.0000, -814.123, 2813.228, -19.0000, 0, 0, 255
L -814.123, 2813.228, -19.0000, -784.123, 2794.228, -19.0000, 0, 0, 255
L -784.123, 2794.228, -19.0000, -693.123, 2840.228, -19.0000, 0, 0, 255
L -693.123, 2840.228, -19.0000, -716.123, 2746.228, -19.0000, 0, 0, 255
L -716.123, 2746.228, -19.0000, -711.123, 2727.228, -19.0000, 0, 0, 255
L -711.123, 2727.228, -19.0000, -709.123, 2647.228, -19.0000, 0, 0, 255
L -709.123, 2647.228, -19.0000, -787.123, 2570.228, -19.0000, 0, 0, 255
L -787.123, 2570.228, -19.0000, -866.123, 2570.228, -19.0000, 0, 0, 255
L -866.123, 2570.228, -19.0000, -890.123, 2564.228, -19.0000, 0, 0, 255
L -890.123, 2564.228, -19.0000, -900.123, 2547.228, -19.0000, 0, 0, 255
L -900.123, 2547.228, -19.0000, -904.123, 2522.228, -19.0000, 0, 0, 255
L -904.123, 2522.228, -19.0000, -915.123, 2415.228, -19.0000, 0, 0, 255
L -915.123, 2415.228, -19.0000, -905.123, 2344.228, -19.0000, 0, 0, 255
L -905.123, 2344.228, -19.0000, -913.123, 2310.228, -19.0000, 0, 0, 255
L -913.123, 2310.228, -19.0000, -922.123, 2242.228, -19.0000, 0, 0, 255
L -922.123, 2242.228, -19.0000, -907.123, 2149.228, -20.0000, 0, 0, 255
L -907.123, 2149.228, -20.0000, -899.123, 2132.228, -19.0000, 0, 0, 255
L -899.123, 2132.228, -19.0000, -900.123, 1980.228, -19.0000, 0, 0, 255
L -900.123, 1980.228, -19.0000, -901.123, 1830.228, -19.0000, 0, 0, 255
L -901.123, 1830.228, -19.0000, -915.123, 1715.228, -19.0000, 0, 0, 255
L -915.123, 1715.228, -19.0000, -925.123, 1635.228, -19.0000, 0, 0, 255
L -925.123, 1635.228, -19.0000, -925.123, 1599.228, -19.0000, 0, 0, 255
L -925.123, 1599.228, -19.0000, -907.123, 1524.228, -19.0000, 0, 0, 255
L -907.123, 1524.228, -19.0000, -831.123, 1503.228, -19.0000, 0, 0, 255
L -831.123, 1503.228, -19.0000, -848.123, 1441.228, -19.0000, 0, 0, 255
L -848.123, 1441.228, -19.0000, -844.123, 1379.228, -19.0000, 0, 0, 255
L -844.123, 1379.228, -19.0000, -820.123, 1347.228, -19.0000, 0, 0, 255
L -820.123, 1347.228, -19.0000, -814.123, 1317.228, -19.0000, 0, 0, 255
L -814.123, 1317.228, -19.0000, -911.123, 1146.228, -19.0000, 0, 0, 255
L -911.123, 1146.228, -19.0000, -916.123, 1117.228, -19.0000, 0, 0, 255
L -916.123, 1117.228, -19.0000, -916.123, 1047.228, -19.0000, 0, 0, 255
L -916.123, 1047.228, -19.0000, -988.123, 987.228, -19.0000, 0, 0, 255
L -988.123, 987.228, -19.0000, -1063.123, 977.228, -19.0000, 0, 0, 255
L -1063.123, 977.228, -19.0000, -1085.123, 976.228, -19.0000, 0, 0, 255
L -1085.123, 976.228, -19.0000, -1142.123, 990.228, -19.0000, 0, 0, 255
L -1142.123, 990.228, -19.0000, -1161.123, 1148.228, -19.0000, 0, 0, 255
L -1161.123, 1148.228, -19.0000, -1153.123, 1182.228, -19.0000, 0, 0, 255
L -1153.123, 1182.228, -19.0000, -1152.123, 1254.228, -19.0000, 0, 0, 255
L -1152.123, 1254.228, -19.0000, -1158.123, 1276.228, -19.0000, 0, 0, 255
L -1158.123, 1276.228, -19.0000, -1139.123, 1354.228, -19.0000, 0, 0, 255
L -1139.123, 1354.228, -19.0000, -1141.123, 1493.228, -19.0000, 0, 0, 255
L -1141.123, 1493.228, -19.0000, -1194.123, 1494.228, -19.0000, 0, 0, 255
L -1194.123, 1494.228, -19.0000, -1269.123, 1473.228, -19.0000, 0, 0, 255
L -1269.123, 1473.228, -19.0000, -1362.123, 1477.228, -20.0000, 0, 0, 255
L -1362.123, 1477.228, -20.0000, -1390.123, 1494.228, -19.0000, 0, 0, 255
L -1390.123, 1494.228, -19.0000, -1428.123, 1507.228, -19.0000, 0, 0, 255
L -1428.123, 1507.228, -19.0000, -1414.123, 1553.228, -19.0000, 0, 0, 255
L -1414.123, 1553.228, -19.0000, -1417.123, 1618.228, -19.0000, 0, 0, 255
L -1417.123, 1618.228, -19.0000, -1458.123, 1651.228, -19.0000, 0, 0, 255
L -1458.123, 1651.228, -19.0000, -1457.123, 1676.228, -19.0000, 0, 0, 255
L -1457.123, 1676.228, -19.0000, -1419.123, 1750.228, -19.0000, 0, 0, 255
L -1419.123, 1750.228, -19.0000, -1408.123, 1826.228, -19.0000, 0, 0, 255
L -1408.123, 1826.228, -19.0000, -1427.123, 1850.228, -19.0000, 0, 0, 255
L -1427.123, 1850.228, -19.0000, -1466.123, 1868.228, -19.0000, 0, 0, 255
L -1466.123, 1868.228, -19.0000, -1485.123, 1894.228, -19.0000, 0, 0, 255
L -1485.123, 1894.228, -19.0000, -1581.123, 1847.228, -19.0000, 0, 0, 255
L -1581.123, 1847.228, -19.0000, -1539.123, 1799.228, -19.0000, 0, 0, 255
L -1539.123, 1799.228, -19.0000, -1553.123, 1746.228, -19.0000, 0, 0, 255
L -1553.123, 1746.228, -19.0000, -1554.123, 1679.228, -19.0000, 0, 0, 255
L -1554.123, 1679.228, -19.0000, -1514.123, 1644.228, -19.0000, 0, 0, 255
L -1514.123, 1644.228, -19.0000, -1515.123, 1617.228, -19.0000, 0, 0, 255
L -1515.123, 1617.228, -19.0000, -1556.123, 1545.228, -19.0000, 0, 0, 255
L -1556.123, 1545.228, -19.0000, -1568.123, 1467.228, -19.0000, 0, 0, 255
L -1568.123, 1467.228, -19.0000, -1529.123, 1399.228, -19.0000, 0, 0, 255
L -1529.123, 1399.228, -19.0000, -1486.123, 1376.228, -19.0000, 0, 0, 255
L -1486.123, 1376.228, -19.0000, -1441.123, 1390.228, -19.0000, 0, 0, 255
L -1441.123, 1390.228, -19.0000, -1381.123, 1377.228, -19.0000, 0, 0, 255
L -1381.123, 1377.228, -19.0000, -1355.123, 1377.228, -19.0000, 0, 0, 255
L -1355.123, 1377.228, -19.0000, -1354.123, 1346.228, -19.0000, 0, 0, 255
L -1354.123, 1346.228, -19.0000, -1251.123, 1281.228, -19.0000, 0, 0, 255
L -1251.123, 1281.228, -19.0000, -1211.123, 1216.228, -18.0000, 0, 0, 255
L -1211.123, 1216.228, -18.0000, -1212.123, 1144.228, -19.0000, 0, 0, 255
L -1212.123, 1144.228, -19.0000, -1219.123, 1105.228, -19.0000, 0, 0, 255
L -1219.123, 1105.228, -19.0000, -1228.123, 1048.228, -19.0000, 0, 0, 255
L -1228.123, 1048.228, -19.0000, -1289.123, 1014.228, -19.0000, 0, 0, 255
L -1289.123, 1014.228, -19.0000, -1344.123, 993.228, -19.0000, 0, 0, 255
L -1344.123, 993.228, -19.0000, -1343.123, 1098.228, -19.0000, 0, 0, 255
L -1343.123, 1098.228, -19.0000, -1393.123, 1096.228, -19.0000, 0, 0, 255
L -1393.123, 1096.228, -19.0000, -1448.123, 1085.228, -19.0000, 0, 0, 255
L -1448.123, 1085.228, -19.0000, -1497.123, 1083.228, -19.0000, 0, 0, 255
L -1497.123, 1083.228, -19.0000, -1564.123, 1073.228, -19.0000, 0, 0, 255
L -1564.123, 1073.228, -19.0000, -1594.123, 1080.228, -19.0000, 0, 0, 255
L -1594.123, 1080.228, -19.0000, -1656.123, 1080.228, -19.0000, 0, 0, 255
L -1656.123, 1080.228, -19.0000, -1690.123, 1072.228, -20.0000, 0, 0, 255
L -1690.123, 1072.228, -20.0000, -1727.123, 1106.228, -19.0000, 0, 0, 255
L -1727.123, 1106.228, -19.0000, -1791.123, 1116.228, -19.0000, 0, 0, 255
L -1791.123, 1116.228, -19.0000, -1809.123, 1125.228, -19.0000, 0, 0, 255
L -1809.123, 1125.228, -19.0000, -1838.123, 1148.228, -19.0000, 0, 0, 255
L -1838.123, 1148.228, -19.0000, -1851.123, 1186.228, -19.0000, 0, 0, 255
L -1851.123, 1186.228, -19.0000, -1896.123, 1196.228, -21.0000, 0, 0, 255
L -1896.123, 1196.228, -21.0000, -1906.123, 1233.228, -19.0000, 0, 0, 255
L -1906.123, 1233.228, -19.0000, -1943.123, 1251.228, -19.0000, 0, 0, 255
L -1943.123, 1251.228, -19.0000, -1938.123, 1296.228, -19.0000, 0, 0, 255
L -1938.123, 1296.228, -19.0000, -1909.123, 1348.228, -20.0000, 0, 0, 255
L -1909.123, 1348.228, -20.0000, -1912.123, 1423.228, -19.0000, 0, 0, 255
L -1912.123, 1423.228, -19.0000, -1963.123, 1450.228, -19.0000, 0, 0, 255
L -1963.123, 1450.228, -19.0000, -1971.123, 1468.228, -20.0000, 0, 0, 255
L -1971.123, 1468.228, -20.0000, -2021.123, 1514.228, -20.0000, 0, 0, 255
L -2021.123, 1514.228, -20.0000, -2093.123, 1543.228, -19.0000, 0, 0, 255
L -2093.123, 1543.228, -19.0000, -2102.123, 1556.228, -19.0000, 0, 0, 255
L -2102.123, 1556.228, -19.0000, -2109.123, 1622.228, -19.0000, 0, 0, 255
L -2109.123, 1622.228, -19.0000, -2095.123, 1658.228, -20.0000, 0, 0, 255
L -2095.123, 1658.228, -20.0000, -2082.123, 1697.228, -19.0000, 0, 0, 255
L -2082.123, 1697.228, -19.0000, -2064.123, 1747.228, -19.0000, 0, 0, 255
L -2064.123, 1747.228, -19.0000, -2064.123, 1775.228, -19.0000, 0, 0, 255
L -2064.123, 1775.228, -19.0000, -2085.123, 1810.228, -19.0000, 0, 0, 255
L -2085.123, 1810.228, -19.0000, -2092.123, 1837.228, -19.0000, 0, 0, 255
L -2092.123, 1837.228, -19.0000, -2122.123, 1910.228, -20.0000, 0, 0, 255
L -2122.123, 1910.228, -20.0000, -2197.123, 1944.228, -19.0000, 0, 0, 255
L -2197.123, 1944.228, -19.0000, -2225.123, 1950.228, -19.0000, 0, 0, 255
L -2225.123, 1950.228, -19.0000, -2216.123, 2020.228, -20.0000, 0, 0, 255
L -2216.123, 2020.228, -20.0000, -2186.123, 2053.228, -19.0000, 0, 0, 255
L -2186.123, 2053.228, -19.0000, -2090.123, 2150.228, -19.0000, 0, 0, 255
L -2090.123, 2150.228, -19.0000, -2083.123, 2177.228, -19.0000, 0, 0, 255
L -2083.123, 2177.228, -19.0000, -2057.123, 2251.228, -19.0000, 0, 0, 255
L -2057.123, 2251.228, -19.0000, -2063.123, 2286.228, -19.0000, 0, 0, 255
L -2063.123, 2286.228, -19.0000, -2086.123, 2326.228, -19.0000, 0, 0, 255
L -2086.123, 2326.228, -19.0000, -2089.123, 2347.228, -19.0000, 0, 0, 255
L -2089.123, 2347.228, -19.0000, -2120.123, 2415.228, -19.0000, 0, 0, 255
L -2120.123, 2415.228, -19.0000, -2184.123, 2442.228, -19.0000, 0, 0, 255
L -2184.123, 2442.228, -19.0000, -2194.123, 2478.228, -19.0000, 0, 0, 255
L -2194.123, 2478.228, -19.0000, -2207.123, 2533.228, -19.0000, 0, 0, 255
L -2207.123, 2533.228, -19.0000, -2229.123, 2548.228, -20.0000, 0, 0, 255
L -2229.123, 2548.228, -20.0000, -2219.123, 2620.228, -19.0000, 0, 0, 255
L -2219.123, 2620.228, -19.0000, -2219.123, 2715.228, -19.0000, 0, 0, 255
L -2219.123, 2715.228, -19.0000, -2214.123, 2746.228, -19.0000, 0, 0, 255
L -2214.123, 2746.228, -19.0000, -2188.123, 2784.228, -19.0000, 0, 0, 255
L -2188.123, 2784.228, -19.0000, -2151.123, 2781.228, -19.0000, 0, 0, 255
L -2151.123, 2781.228, -19.0000, -2088.123, 2792.228, -20.0000, 0, 0, 255
L -2088.123, 2792.228, -20.0000, -2034.123, 2846.228, -20.0000, 0, 0, 255
L -2034.123, 2846.228, -20.0000, -2046.123, 2894.228, -19.0000, 0, 0, 255
L -2046.123, 2894.228, -19.0000, -2061.123, 2947.228, -19.0000, 0, 0, 255
L -2061.123, 2947.228, -19.0000, -2078.123, 2976.228, -20.0000, 0, 0, 255
L -2078.123, 2976.228, -20.0000, -2086.123, 2999.228, -19.0000, 0, 0, 255
L -2086.123, 2999.228, -19.0000, -2129.123, 3005.228, -19.0000, 0, 0, 255
L -2129.123, 3005.228, -19.0000, -2168.123, 3049.228, -19.0000, 0, 0, 255
L -2168.123, 3049.228, -19.0000, -2168.123, 3067.228, -19.0000, 0, 0, 255
L -2168.123, 3067.228, -19.0000, -2135.123, 3147.228, -19.0000, 0, 0, 255
L -2135.123, 3147.228, -19.0000, -2187.123, 3176.228, -18.0000, 0, 0, 255
L -2187.123, 3176.228, -18.0000, -2219.123, 3142.228, -19.0000, 0, 0, 255
L -2219.123, 3142.228, -19.0000, -2232.123, 3103.228, -19.0000, 0, 0, 255
L -2232.123, 3103.228, -19.0000, -2204.123, 3049.228, -19.0000, 0, 0, 255
L -2204.123, 3049.228, -19.0000, -2286.123, 2996.228, -19.0000, 0, 0, 255
L -2286.123, 2996.228, -19.0000, -2337.123, 3002.228, -20.0000, 0, 0, 255
L -2337.123, 3002.228, -20.0000, -2387.123, 3030.228, -19.0000, 0, 0, 255
L -2387.123, 3030.228, -19.0000, -2450.123, 2988.228, -19.0000, 0, 0, 255
L -2450.123, 2988.228, -19.0000, -2488.123, 3042.228, -19.0000, 0, 0, 255
L -2488.123, 3042.228, -19.0000, -2496.123, 2951.228, -19.0000, 0, 0, 255
L -2496.123, 2951.228, -19.0000, -2531.123, 2844.228, -19.0000, 0, 0, 255
L -2531.123, 2844.228, -19.0000, -2528.123, 2800.228, -19.0000, 0, 0, 255
L -2528.123, 2800.228, -19.0000, -2521.123, 2749.228, -19.0000, 0, 0, 255
L -2521.123, 2749.228, -19.0000, -2531.123, 2701.228, -19.0000, 0, 0, 255
L -2531.123, 2701.228, -19.0000, -2538.123, 2643.228, -20.0000, 0, 0, 255
L -2538.123, 2643.228, -20.0000, -2574.123, 2601.228, -19.0000, 0, 0, 255
L -2574.123, 2601.228, -19.0000, -2609.123, 2545.228, -19.0000, 0, 0, 255
L -2609.123, 2545.228, -19.0000, -2628.123, 2502.228, -19.0000, 0, 0, 255
L -2628.123, 2502.228, -19.0000, -2633.123, 2450.228, -19.0000, 0, 0, 255
L -2633.123, 2450.228, -19.0000, -2653.123, 2435.228, -19.0000, 0, 0, 255
L -2653.123, 2435.228, -19.0000, -2652.123, 2415.228, -19.0000, 0, 0, 255
L -2652.123, 2415.228, -19.0000, -2639.123, 2401.228, -18.0000, 0, 0, 255
L -2639.123, 2401.228, -18.0000, -2607.123, 2402.228, -19.0000, 0, 0, 255
L -2607.123, 2402.228, -19.0000, -2588.123, 2425.228, -20.0000, 0, 0, 255
L -2588.123, 2425.228, -20.0000, -2558.123, 2445.228, -19.0000, 0, 0, 255
L -2558.123, 2445.228, -19.0000, -2557.123, 2506.228, -19.0000, 0, 0, 255
L -2557.123, 2506.228, -19.0000, -2561.123, 2549.228, -9.0000, 0, 0, 255
L -2561.123, 2549.228, -9.0000, -2483.123, 2605.228, -19.0000, 0, 0, 255
L -2483.123, 2605.228, -19.0000, -2458.123, 2575.228, -19.0000, 0, 0, 255
L -2458.123, 2575.228, -19.0000, -2444.123, 2486.228, -19.0000, 0, 0, 255
L -2444.123, 2486.228, -19.0000, -2381.123, 2452.228, -19.0000, 0, 0, 255
L -2381.123, 2452.228, -19.0000, -2391.123, 2440.228, -19.0000, 0, 0, 255
L -2391.123, 2440.228, -19.0000, -2482.123, 2346.228, -19.0000, 0, 0, 255
L -2482.123, 2346.228, -19.0000, -2491.123, 2316.228, -19.0000, 0, 0, 255
L -2491.123, 2316.228, -19.0000, -2516.123, 2247.228, -19.0000, 0, 0, 255
L -2516.123, 2247.228, -19.0000, -2515.123, 2208.228, -19.0000, 0, 0, 255
L -2515.123, 2208.228, -19.0000, -2485.123, 2167.228, -19.0000, 0, 0, 255
L -2485.123, 2167.228, -19.0000, -2482.123, 2151.228, -19.0000, 0, 0, 255
L -2482.123, 2151.228, -19.0000, -2453.123, 2079.228, -19.0000, 0, 0, 255
L -2453.123, 2079.228, -19.0000, -2384.123, 2053.228, -20.0000, 0, 0, 255
L -2384.123, 2053.228, -20.0000, -2409.123, 1947.228, -19.0000, 0, 0, 255
L -2409.123, 1947.228, -19.0000, -2446.123, 1889.228, -19.0000, 0, 0, 255
L -2446.123, 1889.228, -19.0000, -2476.123, 1848.228, -19.0000, 0, 0, 255
L -2476.123, 1848.228, -19.0000, -2492.123, 1800.228, -19.0000, 0, 0, 255
L -2492.123, 1800.228, -19.0000, -2546.123, 1719.228, -19.0000, 0, 0, 255
L -2546.123, 1719.228, -19.0000, -2596.123, 1679.228, -20.0000, 0, 0, 255
L -2596.123, 1679.228, -20.0000, -2632.123, 1676.228, -19.0000, 0, 0, 255
L -2632.123, 1676.228, -19.0000, -2691.123, 1666.228, -19.0000, 0, 0, 255
L -2691.123, 1666.228, -19.0000, -2715.123, 1648.228, -19.0000, 0, 0, 255
L -2715.123, 1648.228, -19.0000, -2789.123, 1546.228, -19.0000, 0, 0, 255
L -2789.123, 1546.228, -19.0000, -2825.123, 1447.228, -19.0000, 0, 0, 255
L -2825.123, 1447.228, -19.0000, -2957.123, 1344.228, -19.0000, 0, 0, 255
L -2957.123, 1344.228, -19.0000, -2986.123, 1297.228, -19.0000, 0, 0, 255
L -2986.123, 1297.228, -19.0000, -3085.123, 1252.228, -19.0000, 0, 0, 255
L -3085.123, 1252.228, -19.0000, -3187.123, 1169.228, -19.0000, 0, 0, 255
L -3187.123, 1169.228, -19.0000, -3202.123, 1144.228, -19.0000, 0, 0, 255
L -3202.123, 1144.228, -19.0000, -3210.123, 1043.228, -18.0000, 0, 0, 255
L -3210.123, 1043.228, -18.0000, -3200.123, 1003.228, -19.0000, 0, 0, 255
L -3200.123, 1003.228, -19.0000, -3184.123, 961.228, -18.0000, 0, 0, 255
L -3184.123, 961.228, -18.0000, -3165.123, 1014.228, -19.0000, 0, 0, 255
L -3165.123, 1014.228, -19.0000, -3155.123, 1044.228, -18.0000, 0, 0, 255
L -3155.123, 1044.228, -18.0000, -3159.123, 1145.228, -18.0000, 0, 0, 255
L -3159.123, 1145.228, -18.0000, -3118.123, 1203.228, -19.0000, 0, 0, 255
L -3118.123, 1203.228, -19.0000, -3084.123, 1240.228, -17.0000, 0, 0, 255
L -3084.123, 1240.228, -17.0000, -3007.123, 1225.228, -18.0000, 0, 0, 255
L -3007.123, 1225.228, -18.0000, -2946.123, 1087.228, -19.0000, 0, 0, 255
L -2946.123, 1087.228, -19.0000, -2930.123, 1049.228, -19.0000, 0, 0, 255
L -2930.123, 1049.228, -19.0000, -2927.123, 1002.228, -19.0000, 0, 0, 255
L -2927.123, 1002.228, -19.0000, -2924.123, 946.228, -19.0000, 0, 0, 255
L -2924.123, 946.228, -19.0000, -2932.123, 903.228, -19.0000, 0, 0, 255
L -2932.123, 903.228, -19.0000, -2887.123, 879.228, -19.0000, 0, 0, 255
L -2887.123, 879.228, -19.0000, -2877.123, 854.228, -19.0000, 0, 0, 255
L -2877.123, 854.228, -19.0000, -2867.123, 846.228, -19.0000, 0, 0, 255
L -2867.123, 846.228, -19.0000, -2888.123, 823.228, -19.0000, 0, 0, 255
L -2888.123, 823.228, -19.0000, -2987.123, 738.228, -19.0000, 0, 0, 255
L -2987.123, 738.228, -19.0000, -3010.123, 645.228, -19.0000, 0, 0, 255
L -3010.123, 645.228, -19.0000, -3031.123, 495.228, -19.0000, 0, 0, 255
L -3031.123, 495.228, -19.0000, -3010.123, 442.228, -19.0000, 0, 0, 255
L -3010.123, 442.228, -19.0000, -3002.123, 421.228, -19.0000, 0, 0, 255
L -3002.123, 421.228, -19.0000, -2973.123, 415.228, -18.0000, 0, 0, 255
L -2973.123, 415.228, -18.0000, -2923.123, 447.228, -19.0000, 0, 0, 255
L -2923.123, 447.228, -19.0000, -2880.123, 466.228, -19.0000, 0, 0, 255
L -2880.123, 466.228, -19.0000, -2857.123, 476.228, -19.0000, 0, 0, 255
L -2857.123, 476.228, -19.0000, -2848.123, 425.228, -19.0000, 0, 0, 255
L -2848.123, 425.228, -19.0000, -2833.123, 399.228, -19.0000, 0, 0, 255
L -2833.123, 399.228, -19.0000, -2835.123, 353.228, -19.0000, 0, 0, 255
L -2835.123, 353.228, -19.0000, -2827.123, 307.228, -19.0000, 0, 0, 255
L -2827.123, 307.228, -19.0000, -2826.123, 231.228, -20.0000, 0, 0, 255
L -2826.123, 231.228, -20.0000, -2827.123, 203.228, -20.0000, 0, 0, 255
L -2827.123, 203.228, -20.0000, -2821.123, 152.228, -19.0000, 0, 0, 255
L -2821.123, 152.228, -19.0000, -2802.123, 124.228, -19.0000, 0, 0, 255
L -2802.123, 124.228, -19.0000, -2744.123, 119.228, -20.0000, 0, 0, 255
L -2744.123, 119.228, -20.0000, -2718.123, 110.228, -19.0000, 0, 0, 255
L -2718.123, 110.228, -19.0000, -2676.123, 38.228, -20.0000, 0, 0, 255
L -2676.123, 38.228, -20.0000, -2668.123, -36.772, -19.0000, 0, 0, 255
L -2668.123, -36.772, -19.0000, -2639.123, -51.772, -19.0000, 0, 0, 255
L -2639.123, -51.772, -19.0000, -2704.123, -68.772, -19.0000, 0, 0, 255
L -2704.123, -68.772, -19.0000, -2787.123, -117.772, -19.0000, 0, 0, 255
L -2787.123, -117.772, -19.0000, -2889.123, -165.772, -19.0000, 0, 0, 255
L -2889.123, -165.772, -19.0000, -2968.123, -252.772, -19.0000, 0, 0, 255
L -2968.123, -252.772, -19.0000, -2985.123, -279.772, -18.0000, 0, 0, 255
L -2985.123, -279.772, -18.0000, -3006.123, -364.772, -20.0000, 0, 0, 255
L -3006.123, -364.772, -20.0000, -3011.123, -384.772, -13.0000, 0, 0, 255
L -3011.123, -384.772, -13.0000, -2939.123, -423.772, -21.0000, 0, 0, 255
L -2939.123, -423.772, -21.0000, -2937.123, -452.772, -21.0000, 0, 0, 255
L -2937.123, -452.772, -21.0000, -2995.123, -553.772, -19.0000, 0, 0, 255
L -2995.123, -553.772, -19.0000, -2985.123, -568.772, -19.0000, 0, 0, 255
L -2985.123, -568.772, -19.0000, -2920.123, -587.772, -18.0000, 0, 0, 255
L -2920.123, -587.772, -18.0000, -2916.123, -647.772, -21.0000, 0, 0, 255
L -2916.123, -647.772, -21.0000, -2883.123, -682.772, -20.0000, 0, 0, 255
L -2883.123, -682.772, -20.0000, -2794.123, -660.772, -19.0000, 0, 0, 255
L -2794.123, -660.772, -19.0000, -2813.123, -750.772, -20.0000, 0, 0, 255
L -2813.123, -750.772, -20.0000, -2803.123, -835.772, -18.0000, 0, 0, 255
L -2803.123, -835.772, -18.0000, -2805.123, -862.772, -20.0000, 0, 0, 255
L -2805.123, -862.772, -20.0000, -2819.123, -886.772, -19.0000, 0, 0, 255
L -2819.123, -886.772, -19.0000, -2819.123, -948.772, -19.0000, 0, 0, 255
L -2819.123, -948.772, -19.0000, -2853.123, -1050.772, -19.0000, 0, 0, 255
L -2853.123, -1050.772, -19.0000, -2883.123, -1080.772, -19.0000, 0, 0, 255
L -2883.123, -1080.772, -19.0000, -2916.123, -1154.772, -19.0000, 0, 0, 255
L -2916.123, -1154.772, -19.0000, -2959.123, -1222.772, -19.0000, 0, 0, 255
L -2959.123, -1222.772, -19.0000, -2967.123, -1249.772, -19.0000, 0, 0, 255
L -2967.123, -1249.772, -19.0000, -2987.123, -1280.772, -20.0000, 0, 0, 255
L -2987.123, -1280.772, -20.0000, -3003.123, -1356.772, -19.0000, 0, 0, 255
L -3003.123, -1356.772, -19.0000, -3003.123, -1375.772, -18.0000, 0, 0, 255
L -3003.123, -1375.772, -18.0000, -2986.123, -1432.772, -19.0000, 0, 0, 255
L -2986.123, -1432.772, -19.0000, -2965.123, -1456.772, -19.0000, 0, 0, 255
L -2965.123, -1456.772, -19.0000, -2911.123, -1478.772, -20.0000, 0, 0, 255
L -2911.123, -1478.772, -20.0000, -2884.123, -1529.772, -19.0000, 0, 0, 255
L -2884.123, -1529.772, -19.0000, -2859.123, -1524.772, -19.0000, 0, 0, 255
L -2859.123, -1524.772, -19.0000, -2872.123, -1555.772, -19.0000, 0, 0, 255
L -2872.123, -1555.772, -19.0000, -2857.123, -1654.772, -19.0000, 0, 0, 255
L -2857.123, -1654.772, -19.0000, -2887.123, -1711.772, -19.0000, 0, 0, 255
L -2887.123, -1711.772, -19.0000, -2912.123, -1752.772, -19.0000, 0, 0, 255
L -2912.123, -1752.772, -19.0000, -2895.123, -1766.772, -19.0000, 0, 0, 255
L -2895.123, -1766.772, -19.0000, -2882.123, -1799.772, -19.0000, 0, 0, 255
L -2882.123, -1799.772, -19.0000, -2857.123, -1824.772, -19.0000, 0, 0, 255
L -2857.123, -1824.772, -19.0000, -2780.123, -1852.772, -19.0000, 0, 0, 255
L -2780.123, -1852.772, -19.0000, -2727.123, -1899.772, -19.0000, 0, 0, 255
L -2727.123, -1899.772, -19.0000, -2688.123, -1897.772, -19.0000, 0, 0, 255
L -2688.123, -1897.772, -19.0000, -2638.123, -1876.772, -19.0000, 0, 0, 255
L -2638.123, -1876.772, -19.0000, -2606.123, -1871.772, -19.0000, 0, 0, 255
L -2606.123, -1871.772, -19.0000, -2597.123, -1885.772, -19.0000, 0, 0, 255
L -2597.123, -1885.772, -19.0000, -2592.123, -1875.772, -19.0000, 0, 0, 255
L -2592.123, -1875.772, -19.0000, -2581.123, -1876.772, -19.0000, 0, 0, 255
L -2581.123, -1876.772, -19.0000, -2513.123, -1848.772, -18.0000, 0, 0, 255
L -2513.123, -1848.772, -18.0000, -2485.123, -1837.772, -18.0000, 0, 0, 255
L -2485.123, -1837.772, -18.0000, -2448.123, -1851.772, -19.0000, 0, 0, 255
L -2448.123, -1851.772, -19.0000, -2418.123, -1883.772, -19.0000, 0, 0, 255
L -2418.123, -1883.772, -19.0000, -2386.123, -1893.772, -19.0000, 0, 0, 255
L -2386.123, -1893.772, -19.0000, -2373.123, -1935.772, -19.0000, 0, 0, 255
L -2373.123, -1935.772, -19.0000, -2349.123, -1950.772, -19.0000, 0, 0, 255
L -2349.123, -1950.772, -19.0000, -2388.123, -2014.772, -19.0000, 0, 0, 255
L -2388.123, -2014.772, -19.0000, -2426.123, -2057.772, -19.0000, 0, 0, 255
L -2426.123, -2057.772, -19.0000, -2470.123, -2134.772, -19.0000, 0, 0, 255
L -2470.123, -2134.772, -19.0000, -2480.123, -2153.772, -20.0000, 0, 0, 255
L -2480.123, -2153.772, -20.0000, -2481.123, -2260.772, -19.0000, 0, 0, 255
L -2481.123, -2260.772, -19.0000, -2456.123, -2322.772, -19.0000, 0, 0, 255
L -2456.123, -2322.772, -19.0000, -2427.123, -2354.772, -18.0000, 0, 0, 255
L -2427.123, -2354.772, -18.0000, -2413.123, -2377.772, -20.0000, 0, 0, 255
L -2413.123, -2377.772, -20.0000, -2386.123, -2389.772, -19.0000, 0, 0, 255
L -2386.123, -2389.772, -19.0000, -2371.123, -2424.772, -19.0000, 0, 0, 255
L -2371.123, -2424.772, -19.0000, -2338.123, -2449.772, -18.0000, 0, 0, 255
L -2338.123, -2449.772, -18.0000, -2334.123, -2502.772, -20.0000, 0, 0, 255
L -2334.123, -2502.772, -20.0000, -2367.123, -2554.772, -18.0000, 0, 0, 255
L -2367.123, -2554.772, -18.0000, -2377.123, -2641.772, -20.0000, 0, 0, 255
L -2377.123, -2641.772, -20.0000, -2348.123, -2660.772, -19.0000, 0, 0, 255
L -2348.123, -2660.772, -19.0000, -2324.123, -2686.772, -20.0000, 0, 0, 255
L -2324.123, -2686.772, -20.0000, -2332.123, -2750.772, -19.0000, 0, 0, 255
L -2332.123, -2750.772, -19.0000, -2321.123, -2787.772, -19.0000, 0, 0, 255
L -2321.123, -2787.772, -19.0000, -2308.123, -2878.772, -19.0000, 0, 0, 255
L -2308.123, -2878.772, -19.0000, -2282.123, -2892.772, -19.0000, 0, 0, 255
L -2282.123, -2892.772, -19.0000, -2187.123, -2864.772, -19.0000, 0, 0, 255
L -2187.123, -2864.772, -19.0000, -2162.123, -2821.772, -19.0000, 0, 0, 255
L -2162.123, -2821.772, -19.0000, -2133.123, -2771.772, -19.0000, 0, 0, 255
L -2133.123, -2771.772, -19.0000, -2081.123, -2747.772, -19.0000, 0, 0, 255
L -2081.123, -2747.772, -19.0000, -2055.123, -2733.772, -19.0000, 0, 0, 255
L -2055.123, -2733.772, -19.0000, -1989.123, -2703.772, -19.0000, 0, 0, 255
L -1989.123, -2703.772, -19.0000, -1908.123, -2646.772, -19.0000, 0, 0, 255
L -1908.123, -2646.772, -19.0000, -1887.123, -2630.772, -19.0000, 0, 0, 255
L -1887.123, -2630.772, -19.0000, -1870.123, -2642.772, -20.0000, 0, 0, 255
L -1870.123, -2642.772, -20.0000, -1800.123, -2676.772, -19.0000, 0, 0, 255
L -1800.123, -2676.772, -19.0000, -1721.123, -2714.772, -19.0000, 0, 0, 255
L -1721.123, -2714.772, -19.0000, -1685.123, -2727.772, -19.0000, 0, 0, 255
L -1685.123, -2727.772, -19.0000, -1586.123, -2725.772, -19.0000, 0, 0, 255
L -1586.123, -2725.772, -19.0000, -1532.123, -2701.772, -19.0000, 0, 0, 255
L -1532.123, -2701.772, -19.0000, -1481.123, -2679.772, -19.0000, 0, 0, 255
L -1481.123, -2679.772, -19.0000, -1386.123, -2621.772, -19.0000, 0, 0, 255
L -1386.123, -2621.772, -19.0000, -1325.123, -2557.772, -19.0000, 0, 0, 255
L -1325.123, -2557.772, -19.0000, -1287.123, -2539.772, -18.0000, 0, 0, 255
L -1287.123, -2539.772, -18.0000, -1253.123, -2541.772, -20.0000, 0, 0, 255
L -1253.123, -2541.772, -20.0000, -1182.123, -2531.772, -20.0000, 0, 0, 255
L -1182.123, -2531.772, -20.0000, -1133.123, -2499.772, -17.0000, 0, 0, 255
L -1133.123, -2499.772, -17.0000, -1083.123, -2501.772, -19.0000, 0, 0, 255
L -1083.123, -2501.772, -19.0000, -983.123, -2403.772, -19.0000, 0, 0, 255
L -983.123, -2403.772, -19.0000, -944.123, -2351.772, -20.0000, 0, 0, 255
L -944.123, -2351.772, -20.0000, -940.123, -2303.772, -19.0000, 0, 0, 255
L -940.123, -2303.772, -19.0000, -935.123, -2244.772, -19.0000, 0, 0, 255
L -935.123, -2244.772, -19.0000, -936.123, -2196.772, -19.0000, 0, 0, 255
L -936.123, -2196.772, -19.0000, -986.123, -2158.772, -19.0000, 0, 0, 255
L -986.123, -2158.772, -19.0000, -999.123, -2066.772, -20.0000, 0, 0, 255
L -999.123, -2066.772, -20.0000, -1018.123, -2049.772, -19.0000, 0, 0, 255
L -1018.123, -2049.772, -19.0000, -985.123, -1984.772, -19.0000, 0, 0, 255
L -985.123, -1984.772, -19.0000, -888.123, -2016.772, -19.0000, 0, 0, 255
L -888.123, -2016.772, -19.0000, -863.123, -2053.772, -19.0000, 0, 0, 255
L -863.123, -2053.772, -19.0000, -822.123, -2088.772, -19.0000, 0, 0, 255
L -822.123, -2088.772, -19.0000, -784.123, -2091.772, -19.0000, 0, 0, 255
L -784.123, -2091.772, -19.0000, -725.123, -2050.772, -19.0000, 0, 0, 255
L -725.123, -2050.772, -19.0000, -685.123, -1995.772, -19.0000, 0, 0, 255
L -685.123, -1995.772, -19.0000, -612.123, -1948.772, -19.0000, 0, 0, 255
L -612.123, -1948.772, -19.0000, -589.123, -1933.772, -19.0000, 0, 0, 255
L -589.123, -1933.772, -19.0000, -571.123, -1940.772, -20.0000, 0, 0, 255
L -571.123, -1940.772, -20.0000, -570.123, -1949.772, -19.0000, 0, 0, 255
L -570.123, -1949.772, -19.0000, -527.123, -1990.772, -19.0000, 0, 0, 255
L -527.123, -1990.772, -19.0000, -525.123, -2097.772, -18.0000, 0, 0, 255
L -525.123, -2097.772, -18.0000, -488.123, -2113.772, -19.0000, 0, 0, 255
L -488.123, -2113.772, -19.0000, -459.123, -2120.772, -19.0000, 0, 0, 255
L -459.123, -2120.772, -19.0000, -448.123, -2155.772, -20.0000, 0, 0, 255
L -448.123, -2155.772, -20.0000, -484.123, -2178.772, -19.0000, 0, 0, 255
L -484.123, -2178.772, -19.0000, -517.123, -2182.772, -20.0000, 0, 0, 255
L -517.123, -2182.772, -20.0000, -638.123, -2223.772, -19.0000, 0, 0, 255
L -638.123, -2223.772, -19.0000, -669.123, -2234.772, -19.0000, 0, 0, 255
L -669.123, -2234.772, -19.0000, -683.123, -2236.772, -20.0000, 0, 0, 255
L -683.123, -2236.772, -20.0000, -703.123, -2251.772, -19.0000, 0, 0, 255
L -703.123, -2251.772, -19.0000, -721.123, -2289.772, -19.0000, 0, 0, 255
L -721.123, -2289.772, -19.0000, -690.123, -2318.772, -19.0000, 0, 0, 255
L -690.123, -2318.772, -19.0000, -678.123, -2342.772, -19.0000, 0, 0, 255
L -678.123, -2342.772, -19.0000, -586.123, -2347.772, -19.0000, 0, 0, 255
L -586.123, -2347.772, -19.0000, -523.123, -2384.772, -19.0000, 0, 0, 255
L -523.123, -2384.772, -19.0000, -503.123, -2458.772, -20.0000, 0, 0, 255
L -503.123, -2458.772, -20.0000, -587.123, -2558.772, -20.0000, 0, 0, 255
L -587.123, -2558.772, -20.0000, -600.123, -2560.772, -19.0000, 0, 0, 255
L -600.123, -2560.772, -19.0000, -683.123, -2562.772, -19.0000, 0, 0, 255
L -683.123, -2562.772, -19.0000, -713.123, -2551.772, -20.0000, 0, 0, 255
L -713.123, -2551.772, -20.0000, -775.123, -2541.772, -20.0000, 0, 0, 255
L -775.123, -2541.772, -20.0000, -789.123, -2511.772, -19.0000, 0, 0, 255
L -789.123, -2511.772, -19.0000, -835.123, -2550.772, -19.0000, 0, 0, 255
L -835.123, -2550.772, -19.0000, -887.123, -2577.772, -19.0000, 0, 0, 255
L -887.123, -2577.772, -19.0000, -910.123, -2572.772, -20.0000, 0, 0, 255
L -910.123, -2572.772, -20.0000, -982.123, -2568.772, -19.0000, 0, 0, 255
L -982.123, -2568.772, -19.0000, -1087.123, -2599.772, -20.0000, 0, 0, 255
L -1087.123, -2599.772, -20.0000, -1132.123, -2654.772, -19.0000, 0, 0, 255
L -1132.123, -2654.772, -19.0000, -1132.123, -2704.772, -19.0000, 0, 0, 255
L -1132.123, -2704.772, -19.0000, -1084.123, -2733.772, -19.0000, 0, 0, 255
L -1084.123, -2733.772, -19.0000, -991.123, -2741.772, -19.0000, 0, 0, 255
L -991.123, -2741.772, -19.0000, -964.123, -2736.772, -20.0000, 0, 0, 255
L -964.123, -2736.772, -20.0000, -881.123, -2726.772, -19.0000, 0, 0, 255
L -881.123, -2726.772, -19.0000, -851.123, -2720.772, -19.0000, 0, 0, 255
L -851.123, -2720.772, -19.0000, -781.123, -2715.772, -19.0000, 0, 0, 255
L -781.123, -2715.772, -19.0000, -743.123, -2707.772, -19.0000, 0, 0, 255
L -743.123, -2707.772, -19.0000, -685.123, -2681.772, -19.0000, 0, 0, 255
L -685.123, -2681.772, -19.0000, -632.123, -2699.772, -19.0000, 0, 0, 255
L -632.123, -2699.772, -19.0000, -587.123, -2698.772, -19.0000, 0, 0, 255
L -587.123, -2698.772, -19.0000, -501.123, -2664.772, -20.0000, 0, 0, 255
L -501.123, -2664.772, -20.0000, -486.123, -2666.772, -19.0000, 0, 0, 255
L -486.123, -2666.772, -19.0000, -478.123, -2646.772, -19.0000, 0, 0, 255
L -478.123, -2646.772, -19.0000, -415.123, -2546.772, -19.0000, 0, 0, 255
L -415.123, -2546.772, -19.0000, -375.123, -2494.772, -19.0000, 0, 0, 255
L -375.123, -2494.772, -19.0000, -338.123, -2448.772, -19.0000, 0, 0, 255
L -338.123, -2448.772, -19.0000, -338.123, -2402.772, -19.0000, 0, 0, 255
L -338.123, -2402.772, -19.0000, -355.123, -2353.772, -19.0000, 0, 0, 255
L -355.123, -2353.772, -19.0000, -332.123, -2296.772, -19.0000, 0, 0, 255
L -332.123, -2296.772, -19.0000, -323.123, -2248.772, -19.0000, 0, 0, 255
L -323.123, -2248.772, -19.0000, -323.123, -2179.772, -19.0000, 0, 0, 255
L -323.123, -2179.772, -19.0000, -326.123, -2150.772, -19.0000, 0, 0, 255
L -326.123, -2150.772, -19.0000, -347.123, -2114.772, -19.0000, 0, 0, 255
L -347.123, -2114.772, -19.0000, -334.123, -2000.772, -19.0000, 0, 0, 255
L -334.123, -2000.772, -19.0000, -340.123, -1952.772, -19.0000, 0, 0, 255
L -340.123, -1952.772, -19.0000, -284.123, -1918.772, -19.0000, 0, 0, 255
L -284.123, -1918.772, -19.0000, -244.123, -1908.772, -19.0000, 0, 0, 255
L -244.123, -1908.772, -19.0000, -184.123, -1922.772, -19.0000, 0, 0, 255
L -184.123, -1922.772, -19.0000, -138.123, -1914.772, -19.0000, 0, 0, 255
L -138.123, -1914.772, -19.0000, -51.123, -1916.772, -19.0000, 0, 0, 255
L -51.123, -1916.772, -19.0000, -52.123, -1947.772, -19.0000, 0, 0, 255
L -52.123, -1947.772, -19.0000, -12.123, -1979.772, -19.0000, 0, 0, 255
L -12.123, -1979.772, -19.0000, 15.877, -1970.772, -20.0000, 0, 0, 255
L 15.877, -1970.772, -20.0000, 89.877, -1973.772, -19.0000, 0, 0, 255
L 89.877, -1973.772, -19.0000, 119.877, -1990.772, -19.0000, 0, 0, 255
L 119.877, -1990.772, -19.0000, 168.877, -1990.772, -19.0000, 0, 0, 255
L 168.877, -1990.772, -19.0000, 216.877, -2015.772, -19.0000, 0, 0, 255
L 216.877, -2015.772, -19.0000, 237.877, -2020.772, -19.0000, 0, 0, 255
L 237.877, -2020.772, -19.0000, 243.877, -2044.772, -19.0000, 0, 0, 255
L 243.877, -2044.772, -19.0000, 263.877, -2095.772, -19.0000, 0, 0, 255
L 263.877, -2095.772, -19.0000, 270.877, -2156.772, -19.0000, 0, 0, 255
L 270.877, -2156.772, -19.0000, 276.877, -2191.772, -20.0000, 0, 0, 255
L 276.877, -2191.772, -20.0000, 275.877, -2245.772, -19.0000, 0, 0, 255
L 275.877, -2245.772, -19.0000, 290.877, -2272.772, -20.0000, 0, 0, 255
L 290.877, -2272.772, -20.0000, 314.877, -2265.772, -19.0000, 0, 0, 255
L 314.877, -2265.772, -19.0000, 415.877, -2264.772, -20.0000, 0, 0, 255
L 415.877, -2264.772, -20.0000, 456.877, -2206.772, -19.0000, 0, 0, 255
L 456.877, -2206.772, -19.0000, 460.877, -2152.772, -19.0000, 0, 0, 255
L 460.877, -2152.772, -19.0000, 514.877, -2097.772, -19.0000, 0, 0, 255
L 514.877, -2097.772, -19.0000, 573.877, -2097.772, -19.0000, 0, 0, 255
L 573.877, -2097.772, -19.0000, 618.877, -2097.772, -19.0000, 0, 0, 255
L 618.877, -2097.772, -19.0000, 659.877, -2097.772, -19.0000, 0, 0, 255
L 659.877, -2097.772, -19.0000, 715.877, -2115.772, -19.0000, 0, 0, 255
L 715.877, -2115.772, -19.0000, 756.877, -2112.772, -19.0000, 0, 0, 255
L 756.877, -2112.772, -19.0000, 810.877, -2108.772, -19.0000, 0, 0, 255
L 810.877, -2108.772, -19.0000, 852.877, -2045.772, -19.0000, 0, 0, 255
L 852.877, -2045.772, -19.0000, 846.877, -2016.772, -20.0000, 0, 0, 255
L 846.877, -2016.772, -20.0000, 809.877, -1997.772, -19.0000, 0, 0, 255
L 809.877, -1997.772, -19.0000, 765.877, -1994.772, -19.0000, 0, 0, 255
L 765.877, -1994.772, -19.0000, 755.877, -1951.772, -19.0000, 0, 0, 255
L 755.877, -1951.772, -19.0000, 819.877, -1897.772, -20.0000, 0, 0, 255
L 819.877, -1897.772, -20.0000, 917.877, -1882.772, -19.0000, 0, 0, 255
L 917.877, -1882.772, -19.0000, 957.877, -1849.772, -20.0000, 0, 0, 255
L 957.877, -1849.772, -20.0000, 988.877, -1776.772, -19.0000, 0, 0, 255
L 988.877, -1776.772, -19.0000, 987.877, -1749.772, -19.0000, 0, 0, 255
L 987.877, -1749.772, -19.0000, 950.877, -1714.772, -19.0000, 0, 0, 255
L 950.877, -1714.772, -19.0000, 907.877, -1733.772, -19.0000, 0, 0, 255
L 907.877, -1733.772, -19.0000, 857.877, -1749.772, -19.0000, 0, 0, 255
L 857.877, -1749.772, -19.0000, 811.877, -1793.772, -19.0000, 0, 0, 255
L 811.877, -1793.772, -19.0000, 776.877, -1773.772, -19.0000, 0, 0, 255
L 776.877, -1773.772, -19.0000, 716.877, -1744.772, -19.0000, 0, 0, 255
L 716.877, -1744.772, -19.0000, 659.877, -1707.772, -19.0000, 0, 0, 255
L 659.877, -1707.772, -19.0000, 655.877, -1649.772, -19.0000, 0, 0, 255
L 655.877, -1649.772, -19.0000, 637.877, -1621.772, -20.0000, 0, 0, 255
L 637.877, -1621.772, -20.0000, 613.877, -1616.772, -20.0000, 0, 0, 255
L 613.877, -1616.772, -20.0000, 566.877, -1652.772, -19.0000, 0, 0, 255
L 566.877, -1652.772, -19.0000, 526.877, -1736.772, -19.0000, 0, 0, 255
L 526.877, -1736.772, -19.0000, 518.877, -1849.772, -19.0000, 0, 0, 255
L 518.877, -1849.772, -19.0000, 542.877, -1920.772, -19.0000, 0, 0, 255
L 542.877, -1920.772, -19.0000, 527.877, -1956.772, -20.0000, 0, 0, 255
L 527.877, -1956.772, -20.0000, 514.877, -1977.772, -19.0000, 0, 0, 255
L 514.877, -1977.772, -19.0000, 476.877, -1985.772, -20.0000, 0, 0, 255
L 476.877, -1985.772, -20.0000, 414.877, -2005.772, -19.0000, 0, 0, 255
L 414.877, -2005.772, -19.0000, 357.877, -2006.772, -19.0000, 0, 0, 255
L 357.877, -2006.772, -19.0000, 354.877, -1943.772, -19.0000, 0, 0, 255
L 354.877, -1943.772, -19.0000, 348.877, -1912.772, -19.0000, 0, 0, 255
L 348.877, -1912.772, -19.0000, 308.877, -1921.772, -19.0000, 0, 0, 255
L 308.877, -1921.772, -19.0000, 239.877, -1923.772, -19.0000, 0, 0, 255
L 239.877, -1923.772, -19.0000, 208.877, -1898.772, -19.0000, 0, 0, 255
L 208.877, -1898.772, -19.0000, 166.877, -1897.772, -19.0000, 0, 0, 255
L 166.877, -1897.772, -19.0000, 180.877, -1846.772, -19.0000, 0, 0, 255
L 180.877, -1846.772, -19.0000, 164.877, -1787.772, -19.0000, 0, 0, 255
L 164.877, -1787.772, -19.0000, 148.877, -1752.772, -19.0000, 0, 0, 255
L 148.877, -1752.772, -19.0000, 159.877, -1702.772, -19.0000, 0, 0, 255
L 159.877, -1702.772, -19.0000, 158.877, -1647.772, -19.0000, 0, 0, 255
L 158.877, -1647.772, -19.0000, 150.877, -1614.772, -19.0000, 0, 0, 255
L 150.877, -1614.772, -19.0000, 148.877, -1512.772, -19.0000, 0, 0, 255
L 148.877, -1512.772, -19.0000, 110.877, -1488.772, -19.0000, 0, 0, 255
L 110.877, -1488.772, -19.0000, 77.877, -1483.772, -19.0000, 0, 0, 255
L 77.877, -1483.772, -19.0000, 84.877, -1374.772, -19.0000, 0, 0, 255
L 84.877, -1374.772, -19.0000, 92.877, -1342.772, -19.0000, 0, 0, 255
L 92.877, -1342.772, -19.0000, 100.877, -1247.772, -19.0000, 0, 0, 255
L 100.877, -1247.772, -19.0000, 80.877, -1178.772, -20.0000, 0, 0, 255
L 80.877, -1178.772, -20.0000, -23.123, -1186.772, -20.0000, 0, 0, 255
L -23.123, -1186.772, -20.0000, -84.123, -1210.772, -19.0000, 0, 0, 255
L -84.123, -1210.772, -19.0000, -155.123, -1218.772, -19.0000, 0, 0, 255
L -155.123, -1218.772, -19.0000, -186.123, -1198.772, -19.0000, 0, 0, 255
L -186.123, -1198.772, -19.0000, -234.123, -1201.772, -19.0000, 0, 0, 255
L -234.123, -1201.772, -19.0000, -225.123, -1156.772, -20.0000, 0, 0, 255
L -225.123, -1156.772, -20.0000, -237.123, -1093.772, -19.0000, 0, 0, 255
L -237.123, -1093.772, -19.0000, -254.123, -1047.772, -19.0000, 0, 0, 255
L -254.123, -1047.772, -19.0000, -241.123, -1003.772, -19.0000, 0, 0, 255
L -241.123, -1003.772, -19.0000, -240.123, -942.772, -19.0000, 0, 0, 255
L -240.123, -942.772, -19.0000, -233.123, -898.772, -19.0000, 0, 0, 255
L -233.123, -898.772, -19.0000, -232.123, -850.772, -19.0000, 0, 0, 255
L -232.123, -850.772, -19.0000, -188.123, -816.772, -19.0000, 0, 0, 255
L -188.123, -816.772, -19.0000, -86.123, -812.772, -19.0000, 0, 0, 255
L -86.123, -812.772, -19.0000, 34.877, -729.772, -19.0000, 0, 0, 255
L 34.877, -729.772, -19.0000, 45.877, -750.772, -19.0000, 0, 0, 255
L 45.877, -750.772, -19.0000, 8.877, -766.772, -19.0000, 0, 0, 255
L 8.877, -766.772, -19.0000, -38.123, -852.772, -19.0000, 0, 0, 255
L -38.123, -852.772, -19.0000, -12.123, -873.772, -19.0000, 0, 0, 255
L -12.123, -873.772, -19.0000, 0.877, -951.772, -19.0000, 0, 0, 255
L 0.877, -951.772, -19.0000, 10.877, -966.772, -18.0000, 0, 0, 255
L 10.877, -966.772, -18.0000, 84.877, -976.772, -19.0000, 0, 0, 255
L 84.877, -976.772, -19.0000, 106.877, -985.772, -19.0000, 0, 0, 255
L 106.877, -985.772, -19.0000, 174.877, -989.772, -19.0000, 0, 0, 255
L 174.877, -989.772, -19.0000, 171.877, -1058.772, -19.0000, 0, 0, 255
L 171.877, -1058.772, -19.0000, 157.877, -1108.772, -19.0000, 0, 0, 255
L 157.877, -1108.772, -19.0000, 213.877, -1098.772, -19.0000, 0, 0, 255
L 213.877, -1098.772, -19.0000, 252.877, -1110.772, -19.0000, 0, 0, 255
L 252.877, -1110.772, -19.0000, 294.877, -1158.772, -19.0000, 0, 0, 255
L 294.877, -1158.772, -19.0000, 323.877, -1165.772, -19.0000, 0, 0, 255
L 323.877, -1165.772, -19.0000, 414.877, -1094.772, -19.0000, 0, 0, 255
L 414.877, -1094.772, -19.0000, 447.877, -1046.772, -20.0000, 0, 0, 255
L 447.877, -1046.772, -20.0000, 447.877, -813.772, -19.0000, 0, 0, 255
L 447.877, -813.772, -19.0000, 409.877, -809.772, -19.0000, 0, 0, 255
L 409.877, -809.772, -19.0000, 354.877, -808.772, -19.0000, 0, 0, 255
L 354.877, -808.772, -19.0000, 329.877, -747.772, -19.0000, 0, 0, 255
L 329.877, -747.772, -19.0000, 331.877, -648.772, -19.0000, 0, 0, 255
L 331.877, -648.772, -19.0000, 325.877, -627.772, -19.0000, 0, 0, 255
L 325.877, -627.772, -19.0000, 309.877, -622.772, -19.0000, 0, 0, 255
L 309.877, -622.772, -19.0000, 275.877, -651.772, -19.0000, 0, 0, 255
L 275.877, -651.772, -19.0000, 285.877, -679.772, -19.0000, 0, 0, 255
L 285.877, -679.772, -19.0000, 286.877, -749.772, -19.0000, 0, 0, 255
L 286.877, -749.772, -19.0000, 214.877, -797.772, -19.0000, 0, 0, 255
L 214.877, -797.772, -19.0000, 174.877, -788.772, -19.0000, 0, 0, 255
L 174.877, -788.772, -19.0000, 137.877, -752.772, -19.0000, 0, 0, 255
L 137.877, -752.772, -19.0000, 145.877, -709.772, -19.0000, 0, 0, 255
L 145.877, -709.772, -19.0000, 145.877, -652.772, -19.0000, 0, 0, 255
L 145.877, -652.772, -19.0000, 215.877, -608.772, -19.0000, 0, 0, 255
L 215.877, -608.772, -19.0000, 263.877, -548.772, -19.0000, 0, 0, 255
L 263.877, -548.772, -19.0000, 279.877, -482.772, -19.0000, 0, 0, 255
L 279.877, -482.772, -19.0000, 293.877, -448.772, -19.0000, 0, 0, 255
L 293.877, -448.772, -19.0000, 316.877, -406.772, -19.0000, 0, 0, 255
L 316.877, -406.772, -19.0000, 364.877, -350.772, -19.0000, 0, 0, 255
L 364.877, -350.772, -19.0000, 418.877, -319.772, -19.0000, 0, 0, 255
L 418.877, -319.772, -19.0000, 485.877, -279.772, -19.0000, 0, 0, 255
L 485.877, -279.772, -19.0000, 513.877, -268.772, -19.0000, 0, 0, 255
L 513.877, -268.772, -19.0000, 586.877, -287.772, -19.0000, 0, 0, 255
L 586.877, -287.772, -19.0000, 613.877, -294.772, -19.0000, 0, 0, 255
L 613.877, -294.772, -19.0000, 659.877, -297.772, -19.0000, 0, 0, 255
L 659.877, -297.772, -19.0000, 673.877, -354.772, -19.0000, 0, 0, 255
L 673.877, -354.772, -19.0000, 672.877, -392.772, -19.0000, 0, 0, 255
L 672.877, -392.772, -19.0000, 712.877, -434.772, -19.0000, 0, 0, 255
L 712.877, -434.772, -19.0000, 730.877, -347.772, -19.0000, 0, 0, 255
L 730.877, -347.772, -19.0000, 743.877, -317.772, -19.0000, 0, 0, 255
L 743.877, -317.772, -19.0000, 751.877, -249.772, -19.0000, 0, 0, 255
L 751.877, -249.772, -19.0000, 816.877, -205.772, -19.0000, 0, 0, 255
L 816.877, -205.772, -19.0000, 857.877, -213.772, -18.0000, 0, 0, 255
L 857.877, -213.772, -18.0000, 914.877, -197.772, -20.0000, 0, 0, 255
L 914.877, -197.772, -20.0000, 959.877, -200.772, -19.0000, 0, 0, 255
L 959.877, -200.772, -19.0000, 1015.877, -207.772, -19.0000, 0, 0, 255
L 1015.877, -207.772, -19.0000, 1073.877, -196.772, -17.0000, 0, 0, 255
L 1073.877, -196.772, -17.0000, 1167.877, -198.772, -19.0000, 0, 0, 255
L 1167.877, -198.772, -19.0000, 1217.877, -219.772, -19.0000, 0, 0, 255
L 1217.877, -219.772, -19.0000, 1225.877, -223.772, -20.0000, 0, 0, 255
L 1225.877, -223.772, -20.0000, 1244.877, -252.772, -19.0000, 0, 0, 255
L 1244.877, -252.772, -19.0000, 1283.877, -364.772, -19.0000, 0, 0, 255
L 1283.877, -364.772, -19.0000, 1290.877, -386.772, -19.0000, 0, 0, 255
L 1290.877, -386.772, -19.0000, 1315.877, -452.772, -19.0000, 0, 0, 255
L 1315.877, -452.772, -19.0000, 1363.877, -497.772, -19.0000, 0, 0, 255
L 1363.877, -497.772, -19.0000, 1414.877, -522.772, -19.0000, 0, 0, 255
L 1414.877, -522.772, -19.0000, 1457.877, -520.772, -20.0000, 0, 0, 255
L 1457.877, -520.772, -20.0000, 1510.877, -522.772, -19.0000, 0, 0, 255
L 1510.877, -522.772, -19.0000, 1548.877, -518.772, -19.0000, 0, 0, 255
L 1548.877, -518.772, -19.0000, 1611.877, -519.772, -19.0000, 0, 0, 255
L 1611.877, -519.772, -19.0000, 1635.877, -537.772, -20.0000, 0, 0, 255
L 1635.877, -537.772, -20.0000, 1693.877, -580.772, -19.0000, 0, 0, 255
L 1693.877, -580.772, -19.0000, 1716.877, -600.772, -19.0000, 0, 0, 255
L 1716.877, -600.772, -19.0000, 1768.877, -618.772, -20.0000, 0, 0, 255
L 1768.877, -618.772, -20.0000, 1814.877, -629.772, -19.0000, 0, 0, 255
L 1814.877, -629.772, -19.0000, 1852.877, -614.772, -19.0000, 0, 0, 255
L 1852.877, -614.772, -19.0000, 1913.877, -596.772, -19.0000, 0, 0, 255
L 1913.877, -596.772, -19.0000, 1959.877, -551.772, -19.0000, 0, 0, 255
L 1959.877, -551.772, -19.0000, 1971.877, -492.772, -19.0000, 0, 0, 255
L 1971.877, -492.772, -19.0000, 1994.877, -443.772, -19.0000, 0, 0, 255
L 1994.877, -443.772, -19.0000, 1998.877, -364.772, -19.0000, 0, 0, 255
L 1998.877, -364.772, -19.0000, 1996.877, -341.772, -19.0000, 0, 0, 255
L 1996.877, -341.772, -19.0000, 2019.877, -317.772, -20.0000, 0, 0, 255
L 2019.877, -317.772, -20.0000, 2066.877, -298.772, -19.0000, 0, 0, 255
L 2066.877, -298.772, -19.0000, 2112.877, -282.772, -19.0000, 0, 0, 255
L 2112.877, -282.772, -19.0000, 2161.877, -304.772, -19.0000, 0, 0, 255
L 2161.877, -304.772, -19.0000, 2163.877, -353.772, -20.0000, 0, 0, 255
L 2163.877, -353.772, -20.0000, 2159.877, -406.772, -20.0000, 0, 0, 255
L 2159.877, -406.772, -20.0000, 2147.877, -449.772, -19.0000, 0, 0, 255
L 2147.877, -449.772, -19.0000, 2151.877, -515.772, -19.0000, 0, 0, 255
L 2151.877, -515.772, -19.0000, 2159.877, -554.772, -19.0000, 0, 0, 255
L 2159.877, -554.772, -19.0000, 2172.877, -592.772, -19.0000, 0, 0, 255
L 2172.877, -592.772, -19.0000, 2152.877, -655.772, -19.0000, 0, 0, 255
L 2152.877, -655.772, -19.0000, 2111.877, -737.772, -16.0000, 0, 0, 255
L 2111.877, -737.772, -16.0000, 2094.877, -758.772, -19.0000, 0, 0, 255
L 2094.877, -758.772, -19.0000, 2094.877, -775.772, -20.0000, 0, 0, 255
L 2094.877, -775.772, -20.0000, 2094.877, -869.772, -19.0000, 0, 0, 255
L 2094.877, -869.772, -19.0000, 2082.877, -949.772, -19.0000, 0, 0, 255
L 2082.877, -949.772, -19.0000, 2012.877, -1020.772, -19.0000, 0, 0, 255
L 2012.877, -1020.772, -19.0000, 1932.877, -951.772, -19.0000, 0, 0, 255
L 1932.877, -951.772, -19.0000, 1930.877, -929.772, -19.0000, 0, 0, 255
L 1930.877, -929.772, -19.0000, 1913.877, -936.772, -19.0000, 0, 0, 255
L 1913.877, -936.772, -19.0000, 1896.877, -951.772, -19.0000, 0, 0, 255
L 1896.877, -951.772, -19.0000, 1893.877, -975.772, -20.0000, 0, 0, 255
L 1893.877, -975.772, -20.0000, 1849.877, -1056.772, -19.0000, 0, 0, 255
L 1849.877, -1056.772, -19.0000, 1849.877, -1108.772, -19.0000, 0, 0, 255
L 1849.877, -1108.772, -19.0000, 1894.877, -1152.772, -19.0000, 0, 0, 255
L 1894.877, -1152.772, -19.0000, 1897.877, -1166.772, -19.0000, 0, 0, 255
L 1897.877, -1166.772, -19.0000, 1884.877, -1250.772, -19.0000, 0, 0, 255
L 1884.877, -1250.772, -19.0000, 1851.877, -1315.772, -19.0000, 0, 0, 255
L 1851.877, -1315.772, -19.0000, 1855.877, -1349.772, -19.0000, 0, 0, 255
L 1855.877, -1349.772, -19.0000, 1708.877, -1473.772, -20.0000, 0, 0, 255
L 1708.877, -1473.772, -20.0000, 1702.877, -1454.772, -19.0000, 0, 0, 255
L 1702.877, -1454.772, -19.0000, 1609.877, -1461.772, -19.0000, 0, 0, 255
L 1609.877, -1461.772, -19.0000, 1596.877, -1467.772, -19.0000, 0, 0, 255
L 1596.877, -1467.772, -19.0000, 1592.877, -1448.772, -19.0000, 0, 0, 255
L 1592.877, -1448.772, -19.0000, 1556.877, -1413.772, -19.0000, 0, 0, 255
L 1556.877, -1413.772, -19.0000, 1546.877, -1316.772, -20.0000, 0, 0, 255
L 1546.877, -1316.772, -20.0000, 1508.877, -1314.772, -19.0000, 0, 0, 255
L 1508.877, -1314.772, -19.0000, 1425.877, -1336.772, -19.0000, 0, 0, 255
L 1425.877, -1336.772, -19.0000, 1327.877, -1337.772, -19.0000, 0, 0, 255
L 1327.877, -1337.772, -19.0000, 1308.877, -1334.772, -19.0000, 0, 0, 255
L 1308.877, -1334.772, -19.0000, 1215.877, -1333.772, -19.0000, 0, 0, 255
L 1215.877, -1333.772, -19.0000, 1171.877, -1286.772, -19.0000, 0, 0, 255
L 1171.877, -1286.772, -19.0000, 1120.877, -1244.772, -20.0000, 0, 0, 255
L 1120.877, -1244.772, -20.0000, 1125.877, -1134.772, -19.0000, 0, 0, 255
L 1125.877, -1134.772, -19.0000, 1104.877, -1127.772, -20.0000, 0, 0, 255
L 1104.877, -1127.772, -20.0000, 1048.877, -1049.772, -19.0000, 0, 0, 255
L 1048.877, -1049.772, -19.0000, 1047.877, -947.772, -20.0000, 0, 0, 255
L 1047.877, -947.772, -20.0000, 1037.877, -921.772, -20.0000, 0, 0, 255
L 1037.877, -921.772, -20.0000, 991.877, -914.772, -19.0000, 0, 0, 255
L 991.877, -914.772, -19.0000, 948.877, -911.772, -19.0000, 0, 0, 255
L 948.877, -911.772, -19.0000, 912.877, -903.772, -19.0000, 0, 0, 255
L 912.877, -903.772, -19.0000, 842.877, -920.772, -19.0000, 0, 0, 255
L 842.877, -920.772, -19.0000, 839.877, -847.772, -19.0000, 0, 0, 255
L 839.877, -847.772, -19.0000, 832.877, -828.772, -19.0000, 0, 0, 255
L 832.877, -828.772, -19.0000, 749.877, -814.772, -19.0000, 0, 0, 255
L 749.877, -814.772, -19.0000, 726.877, -747.772, -19.0000, 0, 0, 255
L 726.877, -747.772, -19.0000, 729.877, -630.772, -19.0000, 0, 0, 255
L 729.877, -630.772, -19.0000, 728.877, -552.772, -19.0000, 0, 0, 255
L 728.877, -552.772, -19.0000, 720.877, -538.772, -20.0000, 0, 0, 255
L 720.877, -538.772, -20.0000, 710.877, -481.772, -19.0000, 0, 0, 255
L 710.877, -481.772, -19.0000, 689.877, -552.772, -19.0000, 0, 0, 255
L 689.877, -552.772, -19.0000, 697.877, -568.772, -19.0000, 0, 0, 255
L 697.877, -568.772, -19.0000, 697.877, -647.772, -19.0000, 0, 0, 255
L 697.877, -647.772, -19.0000, 600.877, -748.772, -19.0000, 0, 0, 255
L 600.877, -748.772, -19.0000, 599.877, -863.772, -20.0000, 0, 0, 255
L 599.877, -863.772, -20.0000, 616.877, -867.772, -19.0000, 0, 0, 255
L 616.877, -867.772, -19.0000, 676.877, -888.772, -19.0000, 0, 0, 255
L 676.877, -888.772, -19.0000, 693.877, -955.772, -19.0000, 0, 0, 255
L 693.877, -955.772, -19.0000, 693.877, -973.772, -19.0000, 0, 0, 255
L 693.877, -973.772, -19.0000, 779.877, -984.772, -19.0000, 0, 0, 255
L 779.877, -984.772, -19.0000, 822.877, -1009.772, -19.0000, 0, 0, 255
L 822.877, -1009.772, -19.0000, 841.877, -1020.772, -19.0000, 0, 0, 255
L 841.877, -1020.772, -19.0000, 840.877, -1051.772, -19.0000, 0, 0, 255
L 840.877, -1051.772, -19.0000, 810.877, -1119.772, -19.0000, 0, 0, 255
L 810.877, -1119.772, -19.0000, 782.877, -1153.772, -19.0000, 0, 0, 255
L 782.877, -1153.772, -19.0000, 801.877, -1165.772, -19.0000, 0, 0, 255
L 801.877, -1165.772, -19.0000, 819.877, -1172.772, -20.0000, 0, 0, 255
L 819.877, -1172.772, -20.0000, 854.877, -1211.772, -19.0000, 0, 0, 255
L 854.877, -1211.772, -19.0000, 912.877, -1210.772, -19.0000, 0, 0, 255
L 912.877, -1210.772, -19.0000, 944.877, -1221.772, -19.0000, 0, 0, 255
L 944.877, -1221.772, -19.0000, 994.877, -1251.772, -19.0000, 0, 0, 255
L 994.877, -1251.772, -19.0000, 1003.877, -1267.772, -20.0000, 0, 0, 255
L 1003.877, -1267.772, -20.0000, 1002.877, -1351.772, -19.0000, 0, 0, 255
L 1002.877, -1351.772, -19.0000, 1037.877, -1373.772, -20.0000, 0, 0, 255
L 1037.877, -1373.772, -20.0000, 1076.877, -1397.772, -19.0000, 0, 0, 255
L 1076.877, -1397.772, -19.0000, 1113.877, -1407.772, -20.0000, 0, 0, 255
L 1113.877, -1407.772, -20.0000, 1196.877, -1368.772, -19.0000, 0, 0, 255
L 1196.877, -1368.772, -19.0000, 1327.877, -1367.772, -19.0000, 0, 0, 255
L 1327.877, -1367.772, -19.0000, 1396.877, -1368.772, -19.0000, 0, 0, 255
L 1396.877, -1368.772, -19.0000, 1416.877, -1367.772, -19.0000, 0, 0, 255
L 1416.877, -1367.772, -19.0000, 1470.877, -1386.772, -19.0000, 0, 0, 255
L 1470.877, -1386.772, -19.0000, 1474.877, -1474.772, -20.0000, 0, 0, 255
L 1474.877, -1474.772, -20.0000, 1468.877, -1570.772, -19.0000, 0, 0, 255
L 1468.877, -1570.772, -19.0000, 1463.877, -1640.772, -19.0000, 0, 0, 255
L 1463.877, -1640.772, -19.0000, 1409.877, -1733.772, -19.0000, 0, 0, 255
L 1409.877, -1733.772, -19.0000, 1346.877, -1718.772, -19.0000, 0, 0, 255
L 1346.877, -1718.772, -19.0000, 1257.877, -1704.772, -19.0000, 0, 0, 255
L 1257.877, -1704.772, -19.0000, 1235.877, -1654.772, -19.0000, 0, 0, 255
L 1235.877, -1654.772, -19.0000, 1228.877, -1632.772, -19.0000, 0, 0, 255
L 1228.877, -1632.772, -19.0000, 1208.877, -1618.772, -19.0000, 0, 0, 255
L 1208.877, -1618.772, -19.0000, 1170.877, -1594.772, -19.0000, 0, 0, 255
L 1170.877, -1594.772, -19.0000, 1169.877, -1545.772, -19.0000, 0, 0, 255
L 1169.877, -1545.772, -19.0000, 1150.877, -1509.772, -19.0000, 0, 0, 255
L 1150.877, -1509.772, -19.0000, 1112.877, -1515.772, -20.0000, 0, 0, 255
L 1112.877, -1515.772, -20.0000, 1073.877, -1638.772, -19.0000, 0, 0, 255
L 1073.877, -1638.772, -19.0000, 1074.877, -1654.772, -20.0000, 0, 0, 255
L 1074.877, -1654.772, -20.0000, 1034.877, -1729.772, -19.0000, 0, 0, 255
L 1034.877, -1729.772, -19.0000, 1037.877, -1752.772, -20.0000, 0, 0, 255
L 1037.877, -1752.772, -20.0000, 1066.877, -1798.772, -19.0000, 0, 0, 255
L 1066.877, -1798.772, -19.0000, 1113.877, -1811.772, -19.0000, 0, 0, 255
L 1113.877, -1811.772, -19.0000, 1153.877, -1810.772, -19.0000, 0, 0, 255
L 1153.877, -1810.772, -19.0000, 1151.877, -1852.772, -19.0000, 0, 0, 255
L 1151.877, -1852.772, -19.0000, 1144.877, -1922.772, -19.0000, 0, 0, 255
L 1144.877, -1922.772, -19.0000, 1213.877, -1937.772, -19.0000, 0, 0, 255
L 1213.877, -1937.772, -19.0000, 1249.877, -1848.772, -19.0000, 0, 0, 255
L 1249.877, -1848.772, -19.0000, 1311.877, -1780.772, -19.0000, 0, 0, 255
L 1311.877, -1780.772, -19.0000, 1407.877, -1765.772, -19.0000, 0, 0, 255
L 1407.877, -1765.772, -19.0000, 1496.877, -1765.772, -19.0000, 0, 0, 255
L 1496.877, -1765.772, -19.0000, 1486.877, -1853.772, -19.0000, 0, 0, 255
L 1486.877, -1853.772, -19.0000, 1504.877, -1955.772, -19.0000, 0, 0, 255
L 1504.877, -1955.772, -19.0000, 1502.877, -1964.772, -19.0000, 0, 0, 255
L 1502.877, -1964.772, -19.0000, 1514.877, -1965.772, -19.0000, 0, 0, 255
L 1514.877, -1965.772, -19.0000, 1522.877, -1952.772, -19.0000, 0, 0, 255
L 1522.877, -1952.772, -19.0000, 1520.877, -1929.772, -20.0000, 0, 0, 255
L 1520.877, -1929.772, -20.0000, 1538.877, -1852.772, -19.0000, 0, 0, 255
L 1538.877, -1852.772, -19.0000, 1611.877, -1772.772, -20.0000, 0, 0, 255
L 1611.877, -1772.772, -20.0000, 1643.877, -1745.772, -19.0000, 0, 0, 255
L 1643.877, -1745.772, -19.0000, 1685.877, -1675.772, -19.0000, 0, 0, 255
L 1685.877, -1675.772, -19.0000, 1606.877, -1720.772, -20.0000, 0, 0, 255
L 1606.877, -1720.772, -20.0000, 1540.877, -1727.772, -19.0000, 0, 0, 255
L 1540.877, -1727.772, -19.0000, 1571.877, -1651.772, -19.0000, 0, 0, 255
L 1571.877, -1651.772, -19.0000, 1612.877, -1619.772, -20.0000, 0, 0, 255
L 1612.877, -1619.772, -20.0000, 1676.877, -1588.772, -19.0000, 0, 0, 255
L 1676.877, -1588.772, -19.0000, 1712.877, -1626.772, -19.0000, 0, 0, 255
L 1712.877, -1626.772, -19.0000, 1809.877, -1629.772, -19.0000, 0, 0, 255
L 1809.877, -1629.772, -19.0000, 1823.877, -1644.772, -19.0000, 0, 0, 255
L 1823.877, -1644.772, -19.0000, 1915.877, -1616.772, -19.0000, 0, 0, 255
L 1915.877, -1616.772, -19.0000, 1933.877, -1635.772, -19.0000, 0, 0, 255
L 1933.877, -1635.772, -19.0000, 1936.877, -1660.772, -18.0000, 0, 0, 255
L 1936.877, -1660.772, -18.0000, 1942.877, -1713.772, -19.0000, 0, 0, 255
L 1942.877, -1713.772, -19.0000, 1959.877, -1749.772, -19.0000, 0, 0, 255
L 1959.877, -1749.772, -19.0000, 1967.877, -1864.772, -19.0000, 0, 0, 255
L 1967.877, -1864.772, -19.0000, 1964.877, -1901.772, -19.0000, 0, 0, 255
L 1964.877, -1901.772, -19.0000, 1962.877, -1947.772, -19.0000, 0, 0, 255
L 1962.877, -1947.772, -19.0000, 1913.877, -2001.772, -19.0000, 0, 0, 255
L 1913.877, -2001.772, -19.0000, 1889.877, -1974.772, -20.0000, 0, 0, 255
L 1889.877, -1974.772, -20.0000, 1863.877, -1952.772, -19.0000, 0, 0, 255
L 1863.877, -1952.772, -19.0000, 1854.877, -1906.772, -19.0000, 0, 0, 255
L 1854.877, -1906.772, -19.0000, 1812.877, -1914.772, -19.0000, 0, 0, 255
L 1812.877, -1914.772, -19.0000, 1774.877, -1952.772, -19.0000, 0, 0, 255
L 1774.877, -1952.772, -19.0000, 1770.877, -1989.772, -19.0000, 0, 0, 255
L 1770.877, -1989.772, -19.0000, 1740.877, -2050.772, -19.0000, 0, 0, 255
L 1740.877, -2050.772, -19.0000, 1739.877, -2123.772, -19.0000, 0, 0, 255
L 1739.877, -2123.772, -19.0000, 1768.877, -2151.772, -19.0000, 0, 0, 255
L 1768.877, -2151.772, -19.0000, 1714.877, -2211.772, -20.0000, 0, 0, 255
L 1714.877, -2211.772, -20.0000, 1668.877, -2250.772, -19.0000, 0, 0, 255
L 1668.877, -2250.772, -19.0000, 1693.877, -2271.772, -19.0000, 0, 0, 255
L 1693.877, -2271.772, -19.0000, 1712.877, -2277.772, -19.0000, 0, 0, 255
L 1712.877, -2277.772, -19.0000, 1798.877, -2263.772, -20.0000, 0, 0, 255
L 1798.877, -2263.772, -20.0000, 1812.877, -2256.772, -19.0000, 0, 0, 255
L 1812.877, -2256.772, -19.0000, 1829.877, -2250.772, -19.0000, 0, 0, 255
L 1829.877, -2250.772, -19.0000, 1849.877, -2215.772, -19.0000, 0, 0, 255
L 1849.877, -2215.772, -19.0000, 1867.877, -2154.772, -19.0000, 0, 0, 255
L 1867.877, -2154.772, -19.0000, 1910.877, -2107.772, -19.0000, 0, 0, 255
L 1910.877, -2107.772, -19.0000, 1962.877, -2102.772, -20.0000, 0, 0, 255
L 1962.877, -2102.772, -20.0000, 2018.877, -2080.772, -19.0000, 0, 0, 255
L 2018.877, -2080.772, -19.0000, 2041.877, -2050.772, -19.0000, 0, 0, 255
L 2041.877, -2050.772, -19.0000, 2039.877, -2027.772, -19.0000, 0, 0, 255
L 2039.877, -2027.772, -19.0000, 2037.877, -1951.772, -19.0000, 0, 0, 255
L 2037.877, -1951.772, -19.0000, 2113.877, -1856.772, -19.0000, 0, 0, 255
L 2113.877, -1856.772, -19.0000, 2129.877, -1850.772, -19.0000, 0, 0, 255
L 2129.877, -1850.772, -19.0000, 2128.877, -1835.772, -19.0000, 0, 0, 255
L 2128.877, -1835.772, -19.0000, 2109.877, -1836.772, -19.0000, 0, 0, 255
L 2109.877, -1836.772, -19.0000, 2064.877, -1802.772, -19.0000, 0, 0, 255
L 2064.877, -1802.772, -19.0000, 2062.877, -1748.772, -19.0000, 0, 0, 255
L 2062.877, -1748.772, -19.0000, 2112.877, -1720.772, -19.0000, 0, 0, 255
L 2112.877, -1720.772, -19.0000, 2153.877, -1720.772, -19.0000, 0, 0, 255
L 2153.877, -1720.772, -19.0000, 2212.877, -1722.772, -19.0000, 0, 0, 255
L 2212.877, -1722.772, -19.0000, 2228.877, -1737.772, -19.0000, 0, 0, 255
L 2228.877, -1737.772, -19.0000, 2260.877, -1750.772, -20.0000, 0, 0, 255
L 2260.877, -1750.772, -20.0000, 2267.877, -1797.772, -20.0000, 0, 0, 255
L 2267.877, -1797.772, -20.0000, 2313.877, -1784.772, -19.0000, 0, 0, 255
L 2313.877, -1784.772, -19.0000, 2386.877, -1775.772, -20.0000, 0, 0, 255
L 2386.877, -1775.772, -20.0000, 2448.877, -1751.772, -19.0000, 0, 0, 255
L 2448.877, -1751.772, -19.0000, 2513.877, -1713.772, -20.0000, 0, 0, 255
L 2513.877, -1713.772, -20.0000, 2536.877, -1729.772, -20.0000, 0, 0, 255
L 2536.877, -1729.772, -20.0000, 2616.877, -1714.772, -19.0000, 0, 0, 255
L 2616.877, -1714.772, -19.0000, 2678.877, -1689.772, -19.0000, 0, 0, 255
L 2678.877, -1689.772, -19.0000, 2713.877, -1678.772, -19.0000, 0, 0, 255
L 2713.877, -1678.772, -19.0000, 2748.877, -1646.772, -19.0000, 0, 0, 255
L 2748.877, -1646.772, -19.0000, 2812.877, -1571.772, -19.0000, 0, 0, 255
L 2812.877, -1571.772, -19.0000, 2837.877, -1551.772, -19.0000, 0, 0, 255
L 2837.877, -1551.772, -19.0000, 2864.877, -1506.772, -19.0000, 0, 0, 255
L 2864.877, -1506.772, -19.0000, 2872.877, -1495.772, -19.0000, 0, 0, 255
L 2853.877, -1408.772, -18.0000, 2814.877, -1408.772, -15.0000, 0, 0, 255
L 2814.877, -1408.772, -15.0000, 2749.877, -1394.772, -19.0000, 0, 0, 255
L 2749.877, -1394.772, -19.0000, 2703.877, -1366.772, -20.0000, 0, 0, 255
L 2703.877, -1366.772, -20.0000, 2593.877, -1361.772, -19.0000, 0, 0, 255
L 2593.877, -1361.772, -19.0000, 2539.877, -1351.772, -19.0000, 0, 0, 255
L 2539.877, -1351.772, -19.0000, 2473.877, -1338.772, -19.0000, 0, 0, 255
L 2473.877, -1338.772, -19.0000, 2410.877, -1327.772, -19.0000, 0, 0, 255
L 2410.877, -1327.772, -19.0000, 2306.877, -1358.772, -19.0000, 0, 0, 255
L 2306.877, -1358.772, -19.0000, 2205.877, -1417.772, -20.0000, 0, 0, 255
L 2205.877, -1417.772, -20.0000, 2136.877, -1423.772, -19.0000, 0, 0, 255
L 2136.877, -1423.772, -19.0000, 2108.877, -1433.772, -20.0000, 0, 0, 255
L 2108.877, -1433.772, -20.0000, 2015.877, -1441.772, -19.0000, 0, 0, 255
L 2015.877, -1441.772, -19.0000, 1950.877, -1432.772, -19.0000, 0, 0, 255
L 1950.877, -1432.772, -19.0000, 1930.877, -1428.772, -20.0000, 0, 0, 255
L 1930.877, -1428.772, -20.0000, 1922.877, -1348.772, -19.0000, 0, 0, 255
L 1922.877, -1348.772, -19.0000, 1924.877, -1331.772, -19.0000, 0, 0, 255
L 1924.877, -1331.772, -19.0000, 1928.877, -1244.772, -20.0000, 0, 0, 255
L 1928.877, -1244.772, -20.0000, 1948.877, -1215.772, -19.0000, 0, 0, 255
L 1948.877, -1215.772, -19.0000, 1934.877, -1153.772, -19.0000, 0, 0, 255
L 1934.877, -1153.772, -19.0000, 2010.877, -1088.772, -19.0000, 0, 0, 255
L 2010.877, -1088.772, -19.0000, 2111.877, -1067.772, -19.0000, 0, 0, 255
L 2111.877, -1067.772, -19.0000, 2125.877, -1049.772, -19.0000, 0, 0, 255
L 2125.877, -1049.772, -19.0000, 2123.877, -1039.772, -19.0000, 0, 0, 255
L 2123.877, -1039.772, -19.0000, 2129.877, -952.772, -19.0000, 0, 0, 255
L 2129.877, -952.772, -19.0000, 2143.877, -919.772, -19.0000, 0, 0, 255
L 2143.877, -919.772, -19.0000, 2129.877, -844.772, -19.0000, 0, 0, 255
L 2129.877, -844.772, -19.0000, 2127.877, -834.772, -19.0000, 0, 0, 255
L 2127.877, -834.772, -19.0000, 2126.877, -750.772, -17.0000, 0, 0, 255
L 2126.877, -750.772, -17.0000, 2212.877, -709.772, -19.0000, 0, 0, 255
L 2212.877, -709.772, -19.0000, 2257.877, -704.772, -20.0000, 0, 0, 255
L 2257.877, -704.772, -20.0000, 2309.877, -717.772, -19.0000, 0, 0, 255
L 2309.877, -717.772, -19.0000, 2329.877, -734.772, -19.0000, 0, 0, 255
L 2329.877, -734.772, -19.0000, 2383.877, -753.772, -19.0000, 0, 0, 255
L 2383.877, -753.772, -19.0000, 2398.877, -761.772, -19.0000, 0, 0, 255
L 2398.877, -761.772, -19.0000, 2437.877, -753.772, -19.0000, 0, 0, 255
L 2437.877, -753.772, -19.0000, 2524.877, -740.772, -18.0000, 0, 0, 255
L 2524.877, -740.772, -18.0000, 2541.877, -764.772, -19.0000, 0, 0, 255
L 2541.877, -764.772, -19.0000, 2571.877, -797.772, -19.0000, 0, 0, 255
L 2571.877, -797.772, -19.0000, 2615.877, -817.772, -20.0000, 0, 0, 255
L 2615.877, -817.772, -20.0000, 2636.877, -822.772, -19.0000, 0, 0, 255
L 2636.877, -822.772, -19.0000, 2667.877, -895.772, -19.0000, 0, 0, 255
L 2667.877, -895.772, -19.0000, 2685.877, -952.772, -19.0000, 0, 0, 255
L 2685.877, -952.772, -19.0000, 2698.877, -967.772, -21.0000, 0, 0, 255
L 2698.877, -967.772, -21.0000, 2753.877, -1003.772, -19.0000, 0, 0, 255
L 2753.877, -1003.772, -19.0000, 2778.877, -1050.772, -19.0000, 0, 0, 255
L 2778.877, -1050.772, -19.0000, 2794.877, -1073.772, -19.0000, 0, 0, 255
L 2794.877, -1073.772, -19.0000, 2813.877, -1088.772, -18.0000, 0, 0, 255
L 2813.877, -1088.772, -18.0000, 2870.877, -1092.772, -21.0000, 0, 0, 255
L 2870.877, -1092.772, -21.0000, 2915.877, -1083.772, -20.0000, 0, 0, 255
L 2998.877, -975.772, -17.0000, 2867.877, -993.772, -17.0000, 0, 0, 255
L 2867.877, -993.772, -17.0000, 2881.877, -951.772, -20.0000, 0, 0, 255
L 2881.877, -951.772, -20.0000, 2881.877, -888.772, -19.0000, 0, 0, 255
L 2881.877, -888.772, -19.0000, 2866.877, -844.772, -20.0000, 0, 0, 255
L 2866.877, -844.772, -20.0000, 2846.877, -801.772, -19.0000, 0, 0, 255
L 2846.877, -801.772, -19.0000, 2812.877, -750.772, -18.0000, 0, 0, 255
L 2812.877, -750.772, -18.0000, 2773.877, -686.772, -19.0000, 0, 0, 255
L 2773.877, -686.772, -19.0000, 2711.877, -642.772, -18.0000, 0, 0, 255
L 2711.877, -642.772, -18.0000, 2662.877, -600.772, -18.0000, 0, 0, 255
L 2662.877, -600.772, -18.0000, 2611.877, -592.772, -19.0000, 0, 0, 255
L 2611.877, -592.772, -19.0000, 2574.877, -587.772, -18.0000, 0, 0, 255
L 2574.877, -587.772, -18.0000, 2513.877, -556.772, -18.0000, 0, 0, 255
L 2513.877, -556.772, -18.0000, 2459.877, -541.772, -19.0000, 0, 0, 255
L 2459.877, -541.772, -19.0000, 2428.877, -524.772, -19.0000, 0, 0, 255
L 2428.877, -524.772, -19.0000, 2411.877, -512.772, -19.0000, 0, 0, 255
L 2411.877, -512.772, -19.0000, 2336.877, -551.772, -19.0000, 0, 0, 255
L 2336.877, -551.772, -19.0000, 2313.877, -565.772, -19.0000, 0, 0, 255
L 2313.877, -565.772, -19.0000, 2289.877, -548.772, -19.0000, 0, 0, 255
L 2289.877, -548.772, -19.0000, 2281.877, -475.772, -19.0000, 0, 0, 255
L 2281.877, -475.772, -19.0000, 2288.877, -448.772, -19.0000, 0, 0, 255
L 2288.877, -448.772, -19.0000, 2261.877, -397.772, -19.0000, 0, 0, 255
L 2261.877, -397.772, -19.0000, 2249.877, -348.772, -20.0000, 0, 0, 255
L 2249.877, -348.772, -20.0000, 2314.877, -304.772, -19.0000, 0, 0, 255
L 2314.877, -304.772, -19.0000, 2355.877, -249.772, -20.0000, 0, 0, 255
L 2355.877, -249.772, -20.0000, 2349.877, -213.772, -19.0000, 0, 0, 255
L 2349.877, -213.772, -19.0000, 2348.877, -119.772, -19.0000, 0, 0, 255
L 2348.877, -119.772, -19.0000, 2308.877, -98.772, -20.0000, 0, 0, 255
L 2308.877, -98.772, -20.0000, 2263.877, -101.772, -19.0000, 0, 0, 255
L 2263.877, -101.772, -19.0000, 2207.877, -65.772, -19.0000, 0, 0, 255
L 2207.877, -65.772, -19.0000, 2191.877, -73.772, -19.0000, 0, 0, 255
L 2191.877, -73.772, -19.0000, 2181.877, -49.772, -20.0000, 0, 0, 255
L 2181.877, -49.772, -20.0000, 2253.877, -13.772, -19.0000, 0, 0, 255
L 2253.877, -13.772, -19.0000, 2316.877, 28.228, -19.0000, 0, 0, 255
L 2316.877, 28.228, -19.0000, 2330.877, 51.228, -18.0000, 0, 0, 255
L 2330.877, 51.228, -18.0000, 2323.877, 55.228, -19.0000, 0, 0, 255
L 2323.877, 55.228, -19.0000, 2311.877, 84.228, -19.0000, 0, 0, 255
L 2311.877, 84.228, -19.0000, 2273.877, 107.228, -19.0000, 0, 0, 255
L 2273.877, 107.228, -19.0000, 2235.877, 151.228, -19.0000, 0, 0, 255
L 2235.877, 151.228, -19.0000, 2213.877, 174.228, -19.0000, 0, 0, 255
L 2213.877, 174.228, -19.0000, 2184.877, 147.228, -19.0000, 0, 0, 255
L 2184.877, 147.228, -19.0000, 2180.877, 115.228, -19.0000, 0, 0, 255
L 2180.877, 115.228, -19.0000, 2145.877, 42.228, -19.0000, 0, 0, 255
L 2145.877, 42.228, -19.0000, 2110.877, -11.772, -19.0000, 0, 0, 255
L 2110.877, -11.772, -19.0000, 2008.877, -55.772, -20.0000, 0, 0, 255
L 2008.877, -55.772, -20.0000, 1885.877, -65.772, -20.0000, 0, 0, 255
L 1885.877, -65.772, -20.0000, 1803.877, -62.772, -18.0000, 0, 0, 255
L 1803.877, -62.772, -18.0000, 1781.877, -51.772, -19.0000, 0, 0, 255
L 1781.877, -51.772, -19.0000, 1760.877, 0.228, -19.0000, 0, 0, 255
L 1760.877, 0.228, -19.0000, 1706.877, 19.228, -20.0000, 0, 0, 255
L 1706.877, 19.228, -20.0000, 1686.877, 29.228, -19.0000, 0, 0, 255
L 1686.877, 29.228, -19.0000, 1600.877, 46.228, -19.0000, 0, 0, 255
L 1600.877, 46.228, -19.0000, 1558.877, 50.228, -19.0000, 0, 0, 255
L 1558.877, 50.228, -19.0000, 1507.877, 59.228, -19.0000, 0, 0, 255
L 1507.877, 59.228, -19.0000, 1452.877, 91.228, -20.0000, 0, 0, 255
L 1452.877, 91.228, -20.0000, 1403.877, 112.228, -19.0000, 0, 0, 255
L 1403.877, 112.228, -19.0000, 1381.877, 123.228, -19.0000, 0, 0, 255
L 1381.877, 123.228, -19.0000, 1308.877, 135.228, -19.0000, 0, 0, 255
L 1308.877, 135.228, -19.0000, 1276.877, 126.228, -19.0000, 0, 0, 255
L 1276.877, 126.228, -19.0000, 1207.877, 111.228, -19.0000, 0, 0, 255
L 1207.877, 111.228, -19.0000, 1166.877, 108.228, -19.0000, 0, 0, 255
L 1166.877, 108.228, -19.0000, 1113.877, 102.228, -19.0000, 0, 0, 255
L 1113.877, 102.228, -19.0000, 1071.877, 118.228, -19.0000, 0, 0, 255
L 1071.877, 118.228, -19.0000, 1010.877, 130.228, -19.0000, 0, 0, 255
L 1010.877, 130.228, -19.0000, 909.877, 125.228, -19.0000, 0, 0, 255
L 909.877, 125.228, -19.0000, 866.877, 103.228, -19.0000, 0, 0, 255
L 866.877, 103.228, -19.0000, 812.877, 84.228, -19.0000, 0, 0, 255
L 812.877, 84.228, -19.0000, 747.877, 84.228, -19.0000, 0, 0, 255
L 747.877, 84.228, -19.0000, 728.877, 152.228, -19.0000, 0, 0, 255
L 728.877, 152.228, -19.0000, 710.877, 183.228, -20.0000, 0, 0, 255
L 710.877, 183.228, -20.0000, 696.877, 233.228, -19.0000, 0, 0, 255
L 696.877, 233.228, -19.0000, 683.877, 261.228, -19.0000, 0, 0, 255
L 683.877, 261.228, -19.0000, 667.877, 300.228, -19.0000, 0, 0, 255
L 667.877, 300.228, -19.0000, 612.877, 334.228, -19.0000, 0, 0, 255
L 612.877, 334.228, -19.0000, 582.877, 357.228, -19.0000, 0, 0, 255
L 582.877, 357.228, -19.0000, 557.877, 389.228, -19.0000, 0, 0, 255
L 557.877, 389.228, -19.0000, 510.877, 445.228, -19.0000, 0, 0, 255
L 510.877, 445.228, -19.0000, 513.877, 546.228, -19.0000, 0, 0, 255
L 513.877, 546.228, -19.0000, 557.877, 653.228, -19.0000, 0, 0, 255
L 557.877, 653.228, -19.0000, 571.877, 708.228, -19.0000, 0, 0, 255
L 571.877, 708.228, -19.0000, 597.877, 753.228, -19.0000, 0, 0, 255
L 597.877, 753.228, -19.0000, 602.877, 842.228, -19.0000, 0, 0, 255
L 602.877, 842.228, -19.0000, 592.877, 847.228, -19.0000, 0, 0, 255
L 592.877, 847.228, -19.0000, 613.877, 899.228, -19.0000, 0, 0, 255
L 613.877, 899.228, -19.0000, 714.877, 944.228, -19.0000, 0, 0, 255
L 714.877, 944.228, -19.0000, 812.877, 931.228, -19.0000, 0, 0, 255
L 812.877, 931.228, -19.0000, 854.877, 884.228, -19.0000, 0, 0, 255
L 854.877, 884.228, -19.0000, 874.877, 850.228, -19.0000, 0, 0, 255
L 874.877, 850.228, -19.0000, 867.877, 799.228, -19.0000, 0, 0, 255
L 867.877, 799.228, -19.0000, 869.877, 748.228, -19.0000, 0, 0, 255
L 869.877, 748.228, -19.0000, 844.877, 679.228, -19.0000, 0, 0, 255
L 844.877, 679.228, -19.0000, 864.877, 601.228, -19.0000, 0, 0, 255
L 864.877, 601.228, -19.0000, 913.877, 575.228, -19.0000, 0, 0, 255
L 913.877, 575.228, -19.0000, 941.877, 575.228, -19.0000, 0, 0, 255
L 941.877, 575.228, -19.0000, 1016.877, 602.228, -19.0000, 0, 0, 255
L 1016.877, 602.228, -19.0000, 1086.877, 647.228, -19.0000, 0, 0, 255
L 1086.877, 647.228, -19.0000, 1112.877, 657.228, -20.0000, 0, 0, 255
L 1112.877, 657.228, -20.0000, 1215.877, 750.228, -20.0000, 0, 0, 255
L 1215.877, 750.228, -20.0000, 1209.877, 643.228, -19.0000, 0, 0, 255
L 1209.877, 643.228, -19.0000, 1189.877, 543.228, -19.0000, 0, 0, 255
L 1189.877, 543.228, -19.0000, 1214.877, 499.228, -20.0000, 0, 0, 255
L 1214.877, 499.228, -20.0000, 1224.877, 450.228, -19.0000, 0, 0, 255
L 1224.877, 450.228, -19.0000, 1252.877, 387.228, -20.0000, 0, 0, 255
L 1252.877, 387.228, -20.0000, 1321.877, 371.228, -19.0000, 0, 0, 255
L 1321.877, 371.228, -19.0000, 1346.877, 368.228, -19.0000, 0, 0, 255
L 1346.877, 368.228, -19.0000, 1408.877, 368.228, -19.0000, 0, 0, 255
L 1408.877, 368.228, -19.0000, 1449.877, 384.228, -19.0000, 0, 0, 255
L 1449.877, 384.228, -19.0000, 1510.877, 392.228, -19.0000, 0, 0, 255
L 1510.877, 392.228, -19.0000, 1554.877, 382.228, -19.0000, 0, 0, 255
L 1554.877, 382.228, -19.0000, 1613.877, 364.228, -19.0000, 0, 0, 255
L 1613.877, 364.228, -19.0000, 1636.877, 342.228, -20.0000, 0, 0, 255
L 1636.877, 342.228, -20.0000, 1662.877, 294.228, -19.0000, 0, 0, 255
L 1662.877, 294.228, -19.0000, 1718.877, 263.228, -19.0000, 0, 0, 255
L 1718.877, 263.228, -19.0000, 1741.877, 250.228, -19.0000, 0, 0, 255
L 1741.877, 250.228, -19.0000, 1760.877, 244.228, -19.0000, 0, 0, 255
L 1760.877, 244.228, -19.0000, 1788.877, 225.228, -19.0000, 0, 0, 255
L 1788.877, 225.228, -19.0000, 1819.877, 223.228, -20.0000, 0, 0, 255
L 1819.877, 223.228, -20.0000, 1890.877, 247.228, -19.0000, 0, 0, 255
L 1890.877, 247.228, -19.0000, 1913.877, 252.228, -19.0000, 0, 0, 255
L 1913.877, 252.228, -19.0000, 2015.877, 364.228, -20.0000, 0, 0, 255
L 2015.877, 364.228, -20.0000, 2064.877, 458.228, -19.0000, 0, 0, 255
L 2064.877, 458.228, -19.0000, 2067.877, 503.228, -19.0000, 0, 0, 255
L 2067.877, 503.228, -19.0000, 2064.877, 554.228, -19.0000, 0, 0, 255
L 2064.877, 554.228, -19.0000, 2067.877, 601.228, -19.0000, 0, 0, 255
L 2067.877, 601.228, -19.0000, 1977.877, 626.228, -20.0000, 0, 0, 255
L 1977.877, 626.228, -20.0000, 1922.877, 651.228, -19.0000, 0, 0, 255
L 1922.877, 651.228, -19.0000, 1832.877, 682.228, -19.0000, 0, 0, 255
L 1832.877, 682.228, -19.0000, 1806.877, 686.228, -19.0000, 0, 0, 255
L 1806.877, 686.228, -19.0000, 1764.877, 699.228, -19.0000, 0, 0, 255
L 1764.877, 699.228, -19.0000, 1779.877, 757.228, -20.0000, 0, 0, 255
L 1779.877, 757.228, -20.0000, 1811.877, 838.228, -19.0000, 0, 0, 255
L 1811.877, 838.228, -19.0000, 1862.877, 796.228, -19.0000, 0, 0, 255
L 1862.877, 796.228, -19.0000, 1911.877, 800.228, -19.0000, 0, 0, 255
L 1911.877, 800.228, -19.0000, 1992.877, 847.228, -20.0000, 0, 0, 255
L 1992.877, 847.228, -20.0000, 1969.877, 905.228, -19.0000, 0, 0, 255
L 1969.877, 905.228, -19.0000, 1977.877, 948.228, -19.0000, 0, 0, 255
L 1977.877, 948.228, -19.0000, 2019.877, 1048.228, -19.0000, 0, 0, 255
L 2019.877, 1048.228, -19.0000, 2093.877, 1160.228, -19.0000, 0, 0, 255
L 2093.877, 1160.228, -19.0000, 2114.877, 1184.228, -19.0000, 0, 0, 255
L 2114.877, 1184.228, -19.0000, 2176.877, 1211.228, -19.0000, 0, 0, 255
L 2176.877, 1211.228, -19.0000, 2213.877, 1222.228, -19.0000, 0, 0, 255
L 2213.877, 1222.228, -19.0000, 2261.877, 1193.228, -20.0000, 0, 0, 255
L 2261.877, 1193.228, -20.0000, 2311.877, 1144.228, -19.0000, 0, 0, 255
L 2311.877, 1144.228, -19.0000, 2372.877, 1099.228, -21.0000, 0, 0, 255
L 2372.877, 1099.228, -21.0000, 2374.877, 1039.228, -19.0000, 0, 0, 255
L 2374.877, 1039.228, -19.0000, 2378.877, 1012.228, -19.0000, 0, 0, 255
L 2378.877, 1012.228, -19.0000, 2401.877, 946.228, -19.0000, 0, 0, 255
L 2401.877, 946.228, -19.0000, 2388.877, 879.228, -19.0000, 0, 0, 255
L 2388.877, 879.228, -19.0000, 2378.877, 834.228, -20.0000, 0, 0, 255
L 2378.877, 834.228, -20.0000, 2347.877, 749.228, -19.0000, 0, 0, 255
L 2347.877, 749.228, -19.0000, 2346.877, 678.228, -19.0000, 0, 0, 255
L 2346.877, 678.228, -19.0000, 2372.877, 571.228, -19.0000, 0, 0, 255
L 2372.877, 571.228, -19.0000, 2379.877, 540.228, -19.0000, 0, 0, 255
L 2379.877, 540.228, -19.0000, 2390.877, 516.228, -19.0000, 0, 0, 255
L 2390.877, 516.228, -19.0000, 2415.877, 495.228, -20.0000, 0, 0, 255
L 2415.877, 495.228, -20.0000, 2476.877, 514.228, -19.0000, 0, 0, 255
L 2476.877, 514.228, -19.0000, 2510.877, 464.228, -19.0000, 0, 0, 255
L 2510.877, 464.228, -19.0000, 2522.877, 564.228, -19.0000, 0, 0, 255
L 2522.877, 564.228, -19.0000, 2532.877, 647.228, -19.0000, 0, 0, 255
L 2532.877, 647.228, -19.0000, 2548.877, 683.228, -19.0000, 0, 0, 255
L 2548.877, 683.228, -19.0000, 2507.877, 740.228, -19.0000, 0, 0, 255
L 2507.877, 740.228, -19.0000, 2544.877, 845.228, -19.0000, 0, 0, 255
L 2544.877, 845.228, -19.0000, 2533.877, 869.228, -19.0000, 0, 0, 255
L 2533.877, 869.228, -19.0000, 2532.877, 950.228, -19.0000, 0, 0, 255
L 2532.877, 950.228, -19.0000, 2523.877, 1016.228, -19.0000, 0, 0, 255
L 2523.877, 1016.228, -19.0000, 2518.877, 1047.228, -19.0000, 0, 0, 255
L 2518.877, 1047.228, -19.0000, 2527.877, 1143.228, -19.0000, 0, 0, 255
L 2527.877, 1143.228, -19.0000, 2567.877, 1247.228, -20.0000, 0, 0, 255
L 2567.877, 1247.228, -20.0000, 2558.877, 1347.228, -20.0000, 0, 0, 255
L 2558.877, 1347.228, -20.0000, 2540.877, 1382.228, -19.0000, 0, 0, 255
L 2540.877, 1382.228, -19.0000, 2510.877, 1451.228, -19.0000, 0, 0, 255
L 2510.877, 1451.228, -19.0000, 2521.877, 1549.228, -19.0000, 0, 0, 255
L 2521.877, 1549.228, -19.0000, 2526.877, 1563.228, -19.0000, 0, 0, 255
L 2526.877, 1563.228, -19.0000, 2567.877, 1655.228, -19.0000, 0, 0, 255
L 2567.877, 1655.228, -19.0000, 2596.877, 1733.228, -20.0000, 0, 0, 255
L 2596.877, 1733.228, -20.0000, 2581.877, 1818.228, -20.0000, 0, 0, 255
L 2581.877, 1818.228, -20.0000, 2559.877, 1849.228, -19.0000, 0, 0, 255
L 2559.877, 1849.228, -19.0000, 2531.877, 1862.228, -19.0000, 0, 0, 255
L 2531.877, 1862.228, -19.0000, 2510.877, 1882.228, -20.0000, 0, 0, 255
L 2510.877, 1882.228, -20.0000, 2474.877, 1909.228, -20.0000, 0, 0, 255
L 2474.877, 1909.228, -20.0000, 2471.877, 1928.228, -20.0000, 0, 0, 255
L 2471.877, 1928.228, -20.0000, 2467.877, 1951.228, -20.0000, 0, 0, 255
L 2467.877, 1951.228, -20.0000, 2447.877, 1988.228, -20.0000, 0, 0, 255
L 2447.877, 1988.228, -20.0000, 2413.877, 2011.228, -20.0000, 0, 0, 255
L 2413.877, 2011.228, -20.0000, 2376.877, 2014.228, -20.0000, 0, 0, 255
L 2376.877, 2014.228, -20.0000, 2311.877, 2033.228, -20.0000, 0, 0, 255
L 2311.877, 2033.228, -20.0000, 2261.877, 2001.228, -19.0000, 0, 0, 255
L 2261.877, 2001.228, -19.0000, 2212.877, 1978.228, -19.0000, 0, 0, 255
L 2212.877, 1978.228, -19.0000, 2131.877, 1968.228, -19.0000, 0, 0, 255
L 2131.877, 1968.228, -19.0000, 2109.877, 1985.228, -19.0000, 0, 0, 255
L 2109.877, 1985.228, -19.0000, 2079.877, 2019.228, -19.0000, 0, 0, 255
L 2079.877, 2019.228, -19.0000, 2011.877, 2007.228, -19.0000, 0, 0, 255
L 2011.877, 2007.228, -19.0000, 1974.877, 2012.228, -19.0000, 0, 0, 255
L 1974.877, 2012.228, -19.0000, 1915.877, 1982.228, -21.0000, 0, 0, 255
L 1915.877, 1982.228, -21.0000, 1865.877, 2006.228, -20.0000, 0, 0, 255
L 1865.877, 2006.228, -20.0000, 1812.877, 2024.228, -20.0000, 0, 0, 255
L 1812.877, 2024.228, -20.0000, 1780.877, 2015.228, -20.0000, 0, 0, 255
L 1780.877, 2015.228, -20.0000, 1761.877, 2048.228, -20.0000, 0, 0, 255
L 1761.877, 2048.228, -20.0000, 1729.877, 2067.228, -19.0000, 0, 0, 255
L 1729.877, 2067.228, -19.0000, 1711.877, 2109.228, -19.0000, 0, 0, 255
L 1711.877, 2109.228, -19.0000, 1607.877, 2109.228, -19.0000, 0, 0, 255
L 1607.877, 2109.228, -19.0000, 1532.877, 2070.228, -19.0000, 0, 0, 255
L 1532.877, 2070.228, -19.0000, 1468.877, 2045.228, -19.0000, 0, 0, 255
L 1468.877, 2045.228, -19.0000, 1410.877, 2017.228, -19.0000, 0, 0, 255
L 1410.877, 2017.228, -19.0000, 1396.877, 2033.228, -19.0000, 0, 0, 255
L 1396.877, 2033.228, -19.0000, 1403.877, 2047.228, -19.0000, 0, 0, 255
L 1403.877, 2047.228, -19.0000, 1385.877, 2123.228, -19.0000, 0, 0, 255
L 1385.877, 2123.228, -19.0000, 1328.877, 2147.228, -19.0000, 0, 0, 255
L 1328.877, 2147.228, -19.0000, 1323.877, 2165.228, -19.0000, 0, 0, 255
L 1323.877, 2165.228, -19.0000, 1309.877, 2169.228, -19.0000, 0, 0, 255
L 1309.877, 2169.228, -19.0000, 1274.877, 2210.228, -20.0000, 0, 0, 255
L 1274.877, 2210.228, -20.0000, 1211.877, 2232.228, -19.0000, 0, 0, 255
L 1211.877, 2232.228, -19.0000, 1114.877, 2232.228, -19.0000, 0, 0, 255
L 1114.877, 2232.228, -19.0000, 1055.877, 2194.228, -19.0000, 0, 0, 255
L 1055.877, 2194.228, -19.0000, 979.877, 2149.228, -19.0000, 0, 0, 255
L 979.877, 2149.228, -19.0000, 913.877, 2123.228, -19.0000, 0, 0, 255
L 913.877, 2123.228, -19.0000, 893.877, 2128.228, -19.0000, 0, 0, 255
L 893.877, 2128.228, -19.0000, 820.877, 2139.228, -19.0000, 0, 0, 255
L 820.877, 2139.228, -19.0000, 710.877, 2081.228, -19.0000, 0, 0, 255
L 710.877, 2081.228, -19.0000, 645.877, 2047.228, -19.0000, 0, 0, 255
L 645.877, 2047.228, -19.0000, 608.877, 1984.228, -19.0000, 0, 0, 255
L 608.877, 1984.228, -19.0000, 560.877, 1946.228, -19.0000, 0, 0, 255
L 560.877, 1946.228, -19.0000, 513.877, 1932.228, -19.0000, 0, 0, 255
L 513.877, 1932.228, -19.0000, 485.877, 1921.228, -19.0000, 0, 0, 255
L 485.877, 1921.228, -19.0000, 497.877, 1948.228, -19.0000, 0, 0, 255
L 497.877, 1948.228, -19.0000, 486.877, 2025.228, -19.0000, 0, 0, 255
L 486.877, 2025.228, -19.0000, 478.877, 2052.228, -19.0000, 0, 0, 255
L 478.877, 2052.228, -19.0000, 451.877, 2094.228, -19.0000, 0, 0, 255
L 451.877, 2094.228, -19.0000, 451.877, 2146.228, -19.0000, 0, 0, 255
L 451.877, 2146.228, -19.0000, 432.877, 2183.228, -19.0000, 0, 0, 255
L 432.877, 2183.228, -19.0000, 404.877, 2209.228, -18.0000, 0, 0, 255
L 404.877, 2209.228, -18.0000, 377.877, 2211.228, -19.0000, 0, 0, 255
L 377.877, 2211.228, -19.0000, 316.877, 2236.228, -19.0000, 0, 0, 255
L 316.877, 2236.228, -19.0000, 290.877, 2226.228, -19.0000, 0, 0, 255
L 290.877, 2226.228, -19.0000, 282.877, 2250.228, -19.0000, 0, 0, 255
L 282.877, 2250.228, -19.0000, 259.877, 2292.228, -19.0000, 0, 0, 255
L 259.877, 2292.228, -19.0000, 258.877, 2347.228, -19.0000, 0, 0, 255
L 258.877, 2347.228, -19.0000, 250.877, 2384.228, -19.0000, 0, 0, 255
L 250.877, 2384.228, -19.0000, 265.877, 2448.228, -19.0000, 0, 0, 255
L 265.877, 2448.228, -19.0000, 264.877, 2502.228, -19.0000, 0, 0, 255
L 264.877, 2502.228, -19.0000, 257.877, 2546.228, -19.0000, 0, 0, 255
L 257.877, 2546.228, -19.0000, 256.877, 2592.228, -20.0000, 0, 0, 255
L 256.877, 2592.228, -20.0000, 212.877, 2621.228, -19.0000, 0, 0, 255
L 212.877, 2621.228, -19.0000, 198.877, 2638.228, -20.0000, 0, 0, 255
L 198.877, 2638.228, -20.0000, 182.877, 2653.228, -20.0000, 0, 0, 255
L 182.877, 2653.228, -20.0000, 168.877, 2682.228, -19.0000, 0, 0, 255
L 168.877, 2682.228, -19.0000, 112.877, 2698.228, -19.0000, 0, 0, 255
L 112.877, 2698.228, -19.0000, 65.877, 2702.228, -19.0000, 0, 0, 255
L 65.877, 2702.228, -19.0000, 9.877, 2747.228, -19.0000, 0, 0, 255
L 9.877, 2747.228, -19.0000, 7.877, 2856.228, -18.0000, 0, 0, 255
L 7.877, 2856.228, -18.0000, 17.877, 2887.228, -19.0000, 0, 0, 255
L 17.877, 2887.228, -19.0000, 47.877, 2882.228, -19.0000, 0, 0, 255
L 47.877, 2882.228, -19.0000, 107.877, 2882.228, -19.0000, 0, 0, 255
L 107.877, 2882.228, -19.0000, 136.877, 2945.228, -19.0000, 0, 0, 255
L 136.877, 2945.228, -19.0000, 107.877, 2971.228, -19.0000, 0, 0, 255
L 107.877, 2971.228, -19.0000, 29.877, 2969.228, -19.0000, 0, 0, 255
L 29.877, 2969.228, -19.0000, 28.877, 3051.228, -19.0000, 0, 0, 255
L 28.877, 3051.228, -19.0000, 24.877, 3063.228, -19.0000, 0, 0, 255
L 24.877, 3063.228, -19.0000, 5.877, 3073.228, -20.0000, 0, 0, 255
L 5.877, 3073.228, -20.0000, -27.123, 3104.228, -19.0000, 0, 0, 255
L -27.123, 3104.228, -19.0000, -43.123, 3148.228, -19.0000, 0, 0, 255
L -43.123, 3148.228, -19.0000, -71.123, 3162.228, -19.0000, 0, 0, 255
L -71.123, 3162.228, -19.0000, -90.123, 3172.228, -19.0000, 0, 0, 255
L -90.123, 3172.228, -19.0000, -179.123, 3158.228, -19.0000, 0, 0, 255
L -179.123, 3158.228, -19.0000, -187.123, 3173.228, -19.0000, 0, 0, 255
L -187.123, 3173.228, -19.0000, -268.123, 3165.228, -19.0000, 0, 0, 255
L -268.123, 3165.228, -19.0000, -299.123, 3169.228, -19.0000, 0, 0, 255
L -299.123, 3169.228, -19.0000, -364.123, 3168.228, -19.0000, 0, 0, 255
L -364.123, 3168.228, -19.0000, -389.123, 3153.228, -18.0000, 0, 0, 255
L -389.123, 3153.228, -18.0000, -582.123, 3153.228, -19.0000, 0, 0, 255
L -582.123, 3153.228, -19.0000, -590.123, 3158.228, -19.0000, 0, 0, 255
L -590.123, 3158.228, -19.0000, -660.123, 3174.228, -20.0000, 0, 0, 255
L -660.123, 3174.228, -20.0000, -688.123, 3163.228, -18.0000, 0, 0, 255
L -688.123, 3163.228, -18.0000, -767.123, 3168.228, -17.0000, 0, 0, 255
L -767.123, 3168.228, -17.0000, -877.123, 3164.228, -19.0000, 0, 0, 255
L -877.123, 3164.228, -19.0000, -888.123, 3161.228, -19.0000, 0, 0, 255
L -888.123, 3161.228, -19.0000, -951.123, 3192.228, -19.0000, 0, 0, 255
L -951.123, 3192.228, -19.0000, -991.123, 3214.228, -19.0000, 0, 0, 255
L -991.123, 3214.228, -19.0000, -1012.123, 3223.228, -19.0000, 0, 0, 255
L -1012.123, 3223.228, -19.0000, -1008.123, 3245.228, -19.0000, 0, 0, 255
L -1008.123, 3245.228, -19.0000, -1063.123, 3271.228, -19.0000, 0, 0, 255
L -1063.123, 3271.228, -19.0000, -1088.123, 3316.228, -19.0000, 0, 0, 255
L -1088.123, 3316.228, -19.0000, -1126.123, 3311.228, -20.0000, 0, 0, 255
L -1126.123, 3311.228, -20.0000, -1188.123, 3347.228, -19.0000, 0, 0, 255
L -1188.123, 3347.228, -19.0000, -1285.123, 3314.228, -19.0000, 0, 0, 255
L -1285.123, 3314.228, -19.0000, -1344.123, 3250.228, -19.0000, 0, 0, 255
L -1344.123, 3250.228, -19.0000, -1386.123, 3160.228, -19.0000, 0, 0, 255
L -1386.123, 3160.228, -19.0000, -1405.123, 3145.228, -19.0000, 0, 0, 255
L -1405.123, 3145.228, -19.0000, -1394.123, 3133.228, -19.0000, 0, 0, 255
L -1394.123, 3133.228, -19.0000, -1384.123, 3128.228, -19.0000, 0, 0, 255
L -1384.123, 3128.228, -19.0000, -1312.123, 3117.228, -19.0000, 0, 0, 255
L -1312.123, 3117.228, -19.0000, -1286.123, 3116.228, -19.0000, 0, 0, 255
L -1286.123, 3116.228, -19.0000, -1265.123, 3069.228, -20.0000, 0, 0, 255
L -1265.123, 3069.228, -20.0000, -1163.123, 3071.228, -19.0000, 0, 0, 255
L -1163.123, 3071.228, -19.0000, -1091.123, 3051.228, -19.0000, 0, 0, 255
L -1091.123, 3051.228, -19.0000, -983.123, 3083.228, -19.0000, 0, 0, 255
L -983.123, 3083.228, -19.0000, -916.123, 3118.228, -19.0000, 0, 0, 255
L -916.123, 3118.228, -19.0000, -883.123, 3103.228, -20.0000, 0, 0, 255
L -883.123, 3103.228, -20.0000, -859.123, 3068.228, -19.0000, 0, 0, 255
L -859.123, 3068.228, -19.0000, -845.123, 3045.228, -19.0000, 0, 0, 255
L -845.123, 3045.228, -19.0000, -831.123, 3002.228, -19.0000, 0, 0, 255
L -831.123, 3002.228, -19.0000, -783.123, 2958.228, -19.0000, 0, 0, 255
L -783.123, 2958.228, -19.0000, -751.123, 3047.228, -19.0000, 0, 0, 255
L -751.123, 3047.228, -19.0000, -687.123, 3098.228, -19.0000, 0, 0, 255
L -687.123, 3098.228, -19.0000, -593.123, 3130.228, -19.0000, 0, 0, 255
L -593.123, 3130.228, -19.0000, -499.123, 3135.228, -19.0000, 0, 0, 255
L -499.123, 3135.228, -19.0000, -383.123, 3140.228, -18.0000, 0, 0, 255
L -383.123, 3140.228, -18.0000, -298.123, 3140.228, -18.0000, 0, 0, 255
L -298.123, 3140.228, -18.0000, -271.123, 3137.228, -19.0000, 0, 0, 255
L -271.123, 3137.228, -19.0000, -204.123, 3133.228, -19.0000, 0, 0, 255
L -204.123, 3133.228, -19.0000, -196.123, 3100.228, -19.0000, 0, 0, 255
L -196.123, 3100.228, -19.0000, -186.123, 3032.228, -19.0000, 0, 0, 255
L -186.123, 3032.228, -19.0000, -144.123, 2970.228, -19.0000, 0, 0, 255
L -144.123, 2970.228, -19.0000, -131.123, 2945.228, -19.0000, 0, 0, 255
L -131.123, 2945.228, -19.0000, -129.123, 2910.228, -18.0000, 0, 0, 255
L -129.123, 2910.228, -18.0000, -144.123, 2846.228, -19.0000, 0, 0, 255
L -144.123, 2846.228, -19.0000, -132.123, 2803.228, -19.0000, 0, 0, 255
L -132.123, 2803.228, -19.0000, -131.123, 2733.228, -19.0000, 0, 0, 255
L -131.123, 2733.228, -19.0000, -127.123, 2703.228, -19.0000, 0, 0, 255
L -127.123, 2703.228, -19.0000, -112.123, 2645.228, -19.0000, 0, 0, 255
L -112.123, 2645.228, -19.0000, -85.123, 2605.228, -20.0000, 0, 0, 255
L -85.123, 2605.228, -20.0000, -52.123, 2591.228, -19.0000, 0, 0, 255
L -52.123, 2591.228, -19.0000, -21.123, 2550.228, -19.0000, 0, 0, 255
L -21.123, 2550.228, -19.0000, -5.123, 2536.228, -19.0000, 0, 0, 255
L -5.123, 2536.228, -19.0000, 15.877, 2530.228, -18.0000, 0, 0, 255
L 15.877, 2530.228, -18.0000, 63.877, 2499.228, -19.0000, 0, 0, 255
L 63.877, 2499.228, -19.0000, 107.877, 2449.228, -19.0000, 0, 0, 255
L 107.877, 2449.228, -19.0000, 121.877, 2433.228, -19.0000, 0, 0, 255
L 121.877, 2433.228, -19.0000, 159.877, 2392.228, -19.0000, 0, 0, 255
L 159.877, 2392.228, -19.0000, 176.877, 2342.228, -20.0000, 0, 0, 255
L 176.877, 2342.228, -20.0000, 141.877, 2276.228, -20.0000, 0, 0, 255
L 141.877, 2276.228, -20.0000, 140.877, 2247.228, -19.0000, 0, 0, 255
L 140.877, 2247.228, -19.0000, 166.877, 2205.228, -19.0000, 0, 0, 255
L 166.877, 2205.228, -19.0000, 164.877, 2148.228, -19.0000, 0, 0, 255
L 164.877, 2148.228, -19.0000, 174.877, 2112.228, -20.0000, 0, 0, 255
L 174.877, 2112.228, -20.0000, 214.877, 2098.228, -20.0000, 0, 0, 255
L 214.877, 2098.228, -20.0000, 241.877, 2072.228, -19.0000, 0, 0, 255
L 241.877, 2072.228, -19.0000, 253.877, 1984.228, -20.0000, 0, 0, 255
L 253.877, 1984.228, -20.0000, 250.877, 1942.228, -19.0000, 0, 0, 255
L 250.877, 1942.228, -19.0000, 249.877, 1889.228, -19.0000, 0, 0, 255
L 249.877, 1889.228, -19.0000, 318.877, 1849.228, -19.0000, 0, 0, 255
L 318.877, 1849.228, -19.0000, 309.877, 1841.228, -19.0000, 0, 0, 255
L 309.877, 1841.228, -19.0000, 246.877, 1747.228, -19.0000, 0, 0, 255
L 246.877, 1747.228, -19.0000, 247.877, 1683.228, -19.0000, 0, 0, 255
L 247.877, 1683.228, -19.0000, 299.877, 1646.228, -19.0000, 0, 0, 255
L 299.877, 1646.228, -19.0000, 249.877, 1584.228, -19.0000, 0, 0, 255
L 249.877, 1584.228, -19.0000, 215.877, 1547.228, -19.0000, 0, 0, 255
L 215.877, 1547.228, -19.0000, 205.877, 1531.228, -19.0000, 0, 0, 255
L 205.877, 1531.228, -19.0000, 146.877, 1449.228, -19.0000, 0, 0, 255
L 132.877, 567.228, -19.0000, 134.877, 544.228, -19.0000, 0, 0, 255
L 134.877, 544.228, -19.0000, 115.877, 447.228, -19.0000, 0, 0, 255
L 115.877, 447.228, -19.0000, 131.877, 364.228, -19.0000, 0, 0, 255
L 131.877, 364.228, -19.0000, 142.877, 341.228, -19.0000, 0, 0, 255
L 142.877, 341.228, -19.0000, 162.877, 295.228, -19.0000, 0, 0, 255
L 162.877, 295.228, -19.0000, 208.877, 276.228, -19.0000, 0, 0, 255
L 208.877, 276.228, -19.0000, 224.877, 260.228, -19.0000, 0, 0, 255
L 224.877, 260.228, -19.0000, 248.877, 248.228, -19.0000, 0, 0, 255
L 248.877, 248.228, -19.0000, 272.877, 203.228, -19.0000, 0, 0, 255
L 272.877, 203.228, -19.0000, 296.877, 147.228, -19.0000, 0, 0, 255
L 296.877, 147.228, -19.0000, 248.877, 47.228, -19.0000, 0, 0, 255
L 248.877, 47.228, -19.0000, 206.877, 12.228, -19.0000, 0, 0, 255
L 206.877, 12.228, -19.0000, 141.877, -51.772, -20.0000, 0, 0, 255
L 141.877, -51.772, -20.0000, 111.877, -164.772, -19.0000, 0, 0, 255
L 111.877, -164.772, -19.0000, 52.877, -249.772, -19.0000, 0, 0, 255
L 52.877, -249.772, -19.0000, 12.877, -280.772, -19.0000, 0, 0, 255
L 12.877, -280.772, -19.0000, -48.123, -354.772, -19.0000, 0, 0, 255
L -48.123, -354.772, -19.0000, -89.123, -385.772, -19.0000, 0, 0, 255
L -89.123, -385.772, -19.0000, -177.123, -436.772, -19.0000, 0, 0, 255
L -177.123, -436.772, -19.0000, -205.123, -450.772, -19.0000, 0, 0, 255
L -205.123, -450.772, -19.0000, -282.123, -470.772, -19.0000, 0, 0, 255
L -282.123, -470.772, -19.0000, -386.123, -449.772, -19.0000, 0, 0, 255
L -386.123, -449.772, -19.0000, -416.123, -382.772, -19.0000, 0, 0, 255
L -416.123, -382.772, -19.0000, -418.123, -350.772, -19.0000, 0, 0, 255
L -418.123, -350.772, -19.0000, -381.123, -292.772, -20.0000, 0, 0, 255
L -381.123, -292.772, -20.0000, -330.123, -295.772, -19.0000, 0, 0, 255
L -330.123, -295.772, -19.0000, -281.123, -278.772, -19.0000, 0, 0, 255
L -281.123, -278.772, -19.0000, -241.123, -251.772, -19.0000, 0, 0, 255
L -241.123, -251.772, -19.0000, -179.123, -221.772, -19.0000, 0, 0, 255
L -179.123, -221.772, -19.0000, -147.123, -209.772, -20.0000, 0, 0, 255
L -147.123, -209.772, -20.0000, -88.123, -227.772, -20.0000, 0, 0, 255
L -88.123, -227.772, -20.0000, -9.123, -150.772, -19.0000, 0, 0, 255
L -9.123, -150.772, -19.0000, -35.123, -98.772, -19.0000, 0, 0, 255
L -35.123, -98.772, -19.0000, -89.123, -55.772, -19.0000, 0, 0, 255
L -89.123, -55.772, -19.0000, -140.123, -4.772, -19.0000, 0, 0, 255
L -140.123, -4.772, -19.0000, -159.123, 49.228, -19.0000, 0, 0, 255
L -159.123, 49.228, -19.0000, -50.123, 149.228, -20.0000, 0, 0, 255
L -50.123, 149.228, -20.0000, -26.123, 250.228, -19.0000, 0, 0, 255
L -26.123, 250.228, -19.0000, -51.123, 359.228, -19.0000, 0, 0, 255
L -51.123, 359.228, -19.0000, -53.123, 378.228, -19.0000, 0, 0, 255
L -53.123, 378.228, -19.0000, -99.123, 384.228, -19.0000, 0, 0, 255
L -99.123, 384.228, -19.0000, -147.123, 388.228, -19.0000, 0, 0, 255
L -147.123, 388.228, -19.0000, -170.123, 448.228, -19.0000, 0, 0, 255
L -170.123, 448.228, -19.0000, -171.123, 468.228, -19.0000, 0, 0, 255
L -171.123, 468.228, -19.0000, -152.123, 554.228, -19.0000, 0, 0, 255
L -152.123, 554.228, -19.0000, -145.123, 589.228, -19.0000, 0, 0, 255
L -145.123, 589.228, -19.0000, -145.123, 647.228, -19.0000, 0, 0, 255
L -145.123, 647.228, -19.0000, -150.123, 687.228, -19.0000, 0, 0, 255
L -150.123, 687.228, -19.0000, -149.123, 749.228, -19.0000, 0, 0, 255
L -149.123, 749.228, -19.0000, -155.123, 782.228, -19.0000, 0, 0, 255
L -155.123, 782.228, -19.0000, -192.123, 785.228, -19.0000, 0, 0, 255
L -192.123, 785.228, -19.0000, -246.123, 785.228, -19.0000, 0, 0, 255
L -246.123, 785.228, -19.0000, -268.123, 849.228, -19.0000, 0, 0, 255
L -268.123, 849.228, -19.0000, -266.123, 882.228, -19.0000, 0, 0, 255
L -266.123, 882.228, -19.0000, -251.123, 949.228, -19.0000, 0, 0, 255
L -251.123, 949.228, -19.0000, -250.123, 992.228, -19.0000, 0, 0, 255
L -250.123, 992.228, -19.0000, -243.123, 1046.228, -19.0000, 0, 0, 255
L -243.123, 1046.228, -19.0000, -187.123, 1127.228, -19.0000, 0, 0, 255
L -187.123, 1127.228, -19.0000, -106.123, 1130.228, -19.0000, 0, 0, 255
L -106.123, 1130.228, -19.0000, -83.123, 1119.228, -19.0000, 0, 0, 255
L -83.123, 1119.228, -19.0000, -25.123, 1100.228, -19.0000, 0, 0, 255
L -25.123, 1100.228, -19.0000, 10.877, 1095.228, -19.0000, 0, 0, 255
L 10.877, 1095.228, -19.0000, 37.877, 1071.228, -20.0000, 0, 0, 255
L 37.877, 1071.228, -20.0000, 26.877, 959.228, -19.0000, 0, 0, 255
L 26.877, 959.228, -19.0000, 37.877, 943.228, -14.0000, 0, 0, 255
L 37.877, 943.228, -14.0000, 39.877, 882.228, -19.0000, 0, 0, 255
L 39.877, 882.228, -19.0000, 67.877, 843.228, -19.0000, 0, 0, 255
L 67.877, 843.228, -19.0000, 70.877, 805.228, -19.0000, 0, 0, 255
L 70.877, 805.228, -19.0000, 113.877, 743.228, -19.0000, 0, 0, 255
L 113.877, 743.228, -19.0000, 137.877, 677.228, -19.0000, 0, 0, 255
L 137.877, 677.228, -19.0000, 133.877, 653.228, -19.0000, 0, 0, 255
L 133.877, 653.228, -19.0000, 132.877, 567.228, -19.0000, 0, 0, 255
L -200.123, 438.228, -19.0000, -225.123, 347.228, -19.0000, 0, 0, 255
L -225.123, 347.228, -19.0000, -236.123, 296.228, -19.0000, 0, 0, 255
L -236.123, 296.228, -19.0000, -257.123, 248.228, -20.0000, 0, 0, 255
L -257.123, 248.228, -20.0000, -247.123, 184.228, -20.0000, 0, 0, 255
L -247.123, 184.228, -20.0000, -227.123, 151.228, -19.0000, 0, 0, 255
L -227.123, 151.228, -19.0000, -230.123, 103.228, -19.0000, 0, 0, 255
L -230.123, 103.228, -19.0000, -218.123, 47.228, -19.0000, 0, 0, 255
L -218.123, 47.228, -19.0000, -287.123, -12.772, -19.0000, 0, 0, 255
L -287.123, -12.772, -19.0000, -325.123, -52.772, -20.0000, 0, 0, 255
L -325.123, -52.772, -20.0000, -339.123, -148.772, -19.0000, 0, 0, 255
L -339.123, -148.772, -19.0000, -388.123, -216.772, -19.0000, 0, 0, 255
L -388.123, -216.772, -19.0000, -466.123, -230.772, -19.0000, 0, 0, 255
L -466.123, -230.772, -19.0000, -489.123, -237.772, -19.0000, 0, 0, 255
L -489.123, -237.772, -19.0000, -513.123, -252.772, -17.0000, 0, 0, 255
L -513.123, -252.772, -17.0000, -543.123, -308.772, -19.0000, 0, 0, 255
L -543.123, -308.772, -19.0000, -587.123, -362.772, -19.0000, 0, 0, 255
L -587.123, -362.772, -19.0000, -602.123, -360.772, -20.0000, 0, 0, 255
L -602.123, -360.772, -20.0000, -616.123, -349.772, -19.0000, 0, 0, 255
L -616.123, -349.772, -19.0000, -643.123, -310.772, -19.0000, 0, 0, 255
L -643.123, -310.772, -19.0000, -668.123, -232.772, -19.0000, 0, 0, 255
L -668.123, -232.772, -19.0000, -665.123, -151.772, -19.0000, 0, 0, 255
L -665.123, -151.772, -19.0000, -579.123, -89.772, -19.0000, 0, 0, 255
L -579.123, -89.772, -19.0000, -526.123, -52.772, -19.0000, 0, 0, 255
L -526.123, -52.772, -19.0000, -526.123, 46.228, -19.0000, 0, 0, 255
L -526.123, 46.228, -19.0000, -548.123, 83.228, -19.0000, 0, 0, 255
L -548.123, 83.228, -19.0000, -638.123, 99.228, -19.0000, 0, 0, 255
L -638.123, 99.228, -19.0000, -693.123, 92.228, -19.0000, 0, 0, 255
L -693.123, 92.228, -19.0000, -772.123, 63.228, -19.0000, 0, 0, 255
L -772.123, 63.228, -19.0000, -771.123, 150.228, -19.0000, 0, 0, 255
L -771.123, 150.228, -19.0000, -767.123, 167.228, -19.0000, 0, 0, 255
L -767.123, 167.228, -19.0000, -767.123, 247.228, -19.0000, 0, 0, 255
L -767.123, 247.228, -19.0000, -697.123, 346.228, -19.0000, 0, 0, 255
L -697.123, 346.228, -19.0000, -687.123, 357.228, -19.0000, 0, 0, 255
L -687.123, 357.228, -19.0000, -666.123, 369.228, -19.0000, 0, 0, 255
L -666.123, 369.228, -19.0000, -663.123, 346.228, -19.0000, 0, 0, 255
L -663.123, 346.228, -19.0000, -619.123, 317.228, -19.0000, 0, 0, 255
L -619.123, 317.228, -19.0000, -617.123, 248.228, -19.0000, 0, 0, 255
L -617.123, 248.228, -19.0000, -612.123, 225.228, -19.0000, 0, 0, 255
L -612.123, 225.228, -19.0000, -586.123, 217.228, -19.0000, 0, 0, 255
L -586.123, 217.228, -19.0000, -554.123, 251.228, -19.0000, 0, 0, 255
L -554.123, 251.228, -19.0000, -537.123, 297.228, -19.0000, 0, 0, 255
L -537.123, 297.228, -19.0000, -539.123, 352.228, -19.0000, 0, 0, 255
L -539.123, 352.228, -19.0000, -555.123, 382.228, -19.0000, 0, 0, 255
L -555.123, 382.228, -19.0000, -556.123, 448.228, -19.0000, 0, 0, 255
L -556.123, 448.228, -19.0000, -562.123, 469.228, -19.0000, 0, 0, 255
L -562.123, 469.228, -19.0000, -589.123, 474.228, -19.0000, 0, 0, 255
L -589.123, 474.228, -19.0000, -647.123, 492.228, -19.0000, 0, 0, 255
L -647.123, 492.228, -19.0000, -691.123, 499.228, -19.0000, 0, 0, 255
L -691.123, 499.228, -19.0000, -722.123, 512.228, -19.0000, 0, 0, 255
L -722.123, 512.228, -19.0000, -738.123, 552.228, -20.0000, 0, 0, 255
L -738.123, 552.228, -20.0000, -745.123, 594.228, -19.0000, 0, 0, 255
L -745.123, 594.228, -19.0000, -773.123, 648.228, -20.0000, 0, 0, 255
L -773.123, 648.228, -20.0000, -771.123, 748.228, -19.0000, 0, 0, 255
L -771.123, 748.228, -19.0000, -741.123, 797.228, -19.0000, 0, 0, 255
L -741.123, 797.228, -19.0000, -718.123, 846.228, -19.0000, 0, 0, 255
L -718.123, 846.228, -19.0000, -688.123, 875.228, -19.0000, 0, 0, 255
L -688.123, 875.228, -19.0000, -663.123, 867.228, -19.0000, 0, 0, 255
L -663.123, 867.228, -19.0000, -572.123, 896.228, -19.0000, 0, 0, 255
L -572.123, 896.228, -19.0000, -505.123, 928.228, -19.0000, 0, 0, 255
L -505.123, 928.228, -19.0000, -481.123, 927.228, -19.0000, 0, 0, 255
L -481.123, 927.228, -19.0000, -432.123, 901.228, -19.0000, 0, 0, 255
L -432.123, 901.228, -19.0000, -385.123, 905.228, -19.0000, 0, 0, 255
L -385.123, 905.228, -19.0000, -319.123, 914.228, -20.0000, 0, 0, 255
L -319.123, 914.228, -20.0000, -303.123, 830.228, -19.0000, 0, 0, 255
L -303.123, 830.228, -19.0000, -321.123, 742.228, -19.0000, 0, 0, 255
L -321.123, 742.228, -19.0000, -323.123, 708.228, -19.0000, 0, 0, 255
L -323.123, 708.228, -19.0000, -322.123, 649.228, -19.0000, 0, 0, 255
L -322.123, 649.228, -19.0000, -318.123, 608.228, -18.0000, 0, 0, 255
L -318.123, 608.228, -18.0000, -284.123, 604.228, -19.0000, 0, 0, 255
L -284.123, 604.228, -19.0000, -229.123, 601.228, -20.0000, 0, 0, 255
L -229.123, 601.228, -20.0000, -230.123, 539.228, -19.0000, 0, 0, 255
L -230.123, 539.228, -19.0000, -218.123, 508.228, -19.0000, 0, 0, 255
L -218.123, 508.228, -19.0000, -200.123, 438.228, -19.0000, 0, 0, 255
L -800.123, -41.772, -19.0000, -884.123, -107.772, -19.0000, 0, 0, 255
L -884.123, -107.772, -19.0000, -942.123, -99.772, -19.0000, 0, 0, 255
L -942.123, -99.772, -19.0000, -986.123, -95.772, -20.0000, 0, 0, 255
L -986.123, -95.772, -20.0000, -1059.123, -128.772, -19.0000, 0, 0, 255
L -1059.123, -128.772, -19.0000, -1077.123, -50.772, -19.0000, 0, 0, 255
L -1077.123, -50.772, -19.0000, -1080.123, -43.772, -19.0000, 0, 0, 255
L -1080.123, -43.772, -19.0000, -1165.123, -29.772, -19.0000, 0, 0, 255
L -1165.123, -29.772, -19.0000, -1164.123, 49.228, -19.0000, 0, 0, 255
L -1164.123, 49.228, -19.0000, -1171.123, 67.228, -19.0000, 0, 0, 255
L -1171.123, 67.228, -19.0000, -1187.123, 76.228, -19.0000, 0, 0, 255
L -1187.123, 76.228, -19.0000, -1261.123, 72.228, -19.0000, 0, 0, 255
L -1261.123, 72.228, -19.0000, -1262.123, 246.228, -19.0000, 0, 0, 255
L -1262.123, 246.228, -19.0000, -1270.123, 264.228, -19.0000, 0, 0, 255
L -1270.123, 264.228, -19.0000, -1271.123, 446.228, -19.0000, 0, 0, 255
L -1271.123, 446.228, -19.0000, -1262.123, 474.228, -19.0000, 0, 0, 255
L -1262.123, 474.228, -19.0000, -1262.123, 649.228, -19.0000, 0, 0, 255
L -1262.123, 649.228, -19.0000, -1266.123, 668.228, -19.0000, 0, 0, 255
L -1266.123, 668.228, -19.0000, -1235.123, 747.228, -19.0000, 0, 0, 255
L -1235.123, 747.228, -19.0000, -1208.123, 826.228, -19.0000, 0, 0, 255
L -1208.123, 826.228, -19.0000, -1216.123, 846.228, -19.0000, 0, 0, 255
L -1216.123, 846.228, -19.0000, -1187.123, 872.228, -19.0000, 0, 0, 255
L -1187.123, 872.228, -19.0000, -1144.123, 888.228, -19.0000, 0, 0, 255
L -1144.123, 888.228, -19.0000, -1088.123, 918.228, -19.0000, 0, 0, 255
L -1088.123, 918.228, -19.0000, -1028.123, 909.228, -20.0000, 0, 0, 255
L -1028.123, 909.228, -20.0000, -909.123, 923.228, -20.0000, 0, 0, 255
L -909.123, 923.228, -20.0000, -911.123, 821.228, -19.0000, 0, 0, 255
L -911.123, 821.228, -19.0000, -879.123, 823.228, -19.0000, 0, 0, 255
L -879.123, 823.228, -19.0000, -820.123, 815.228, -19.0000, 0, 0, 255
L -820.123, 815.228, -19.0000, -800.123, 745.228, -19.0000, 0, 0, 255
L -800.123, 745.228, -19.0000, -801.123, 641.228, -20.0000, 0, 0, 255
L -801.123, 641.228, -20.0000, -806.123, 623.228, -20.0000, 0, 0, 255
L -806.123, 623.228, -20.0000, -837.123, 548.228, -19.0000, 0, 0, 255
L -837.123, 548.228, -19.0000, -919.123, 445.228, -19.0000, 0, 0, 255
L -919.123, 445.228, -19.0000, -919.123, 420.228, -19.0000, 0, 0, 255
L -919.123, 420.228, -19.0000, -886.123, 409.228, -19.0000, 0, 0, 255
L -886.123, 409.228, -19.0000, -848.123, 382.228, -20.0000, 0, 0, 255
L -848.123, 382.228, -20.0000, -834.123, 341.228, -20.0000, 0, 0, 255
L -834.123, 341.228, -20.0000, -829.123, 304.228, -19.0000, 0, 0, 255
L -829.123, 304.228, -19.0000, -801.123, 249.228, -19.0000, 0, 0, 255
L -801.123, 249.228, -19.0000, -800.123, -41.772, -19.0000, 0, 0, 255
L -944.123, -211.772, -20.0000, -948.123, -253.772, -19.0000, 0, 0, 255
L -948.123, -253.772, -19.0000, -924.123, -286.772, -19.0000, 0, 0, 255
L -924.123, -286.772, -19.0000, -881.123, -291.772, -19.0000, 0, 0, 255
L -881.123, -291.772, -19.0000, -798.123, -253.772, -19.0000, 0, 0, 255
L -798.123, -253.772, -19.0000, -762.123, -229.772, -19.0000, 0, 0, 255
L -762.123, -229.772, -19.0000, -759.123, -248.772, -19.0000, 0, 0, 255
L -759.123, -248.772, -19.0000, -702.123, -264.772, -19.0000, 0, 0, 255
L -702.123, -264.772, -19.0000, -715.123, -361.772, -19.0000, 0, 0, 255
L -715.123, -361.772, -19.0000, -715.123, -380.772, -19.0000, 0, 0, 255
L -715.123, -380.772, -19.0000, -744.123, -468.772, -20.0000, 0, 0, 255
L -744.123, -468.772, -20.0000, -757.123, -519.772, -19.0000, 0, 0, 255
L -757.123, -519.772, -19.0000, -777.123, -559.772, -20.0000, 0, 0, 255
L -777.123, -559.772, -20.0000, -800.123, -623.772, -19.0000, 0, 0, 255
L -800.123, -623.772, -19.0000, -814.123, -652.772, -19.0000, 0, 0, 255
L -814.123, -652.772, -19.0000, -891.123, -716.772, -19.0000, 0, 0, 255
L -891.123, -716.772, -19.0000, -993.123, -748.772, -19.0000, 0, 0, 255
L -993.123, -748.772, -19.0000, -1011.123, -756.772, -19.0000, 0, 0, 255
L -1011.123, -756.772, -19.0000, -1066.123, -784.772, -19.0000, 0, 0, 255
L -1066.123, -784.772, -19.0000, -1093.123, -794.772, -19.0000, 0, 0, 255
L -1093.123, -794.772, -19.0000, -1188.123, -824.772, -20.0000, 0, 0, 255
L -1188.123, -824.772, -20.0000, -1226.123, -852.772, -19.0000, 0, 0, 255
L -1226.123, -852.772, -19.0000, -1286.123, -897.772, -20.0000, 0, 0, 255
L -1286.123, -897.772, -20.0000, -1340.123, -954.772, -20.0000, 0, 0, 255
L -1340.123, -954.772, -20.0000, -1346.123, -1014.772, -17.0000, 0, 0, 255
L -1346.123, -1014.772, -17.0000, -1365.123, -1052.772, -20.0000, 0, 0, 255
L -1365.123, -1052.772, -20.0000, -1363.123, -1129.772, -21.0000, 0, 0, 255
L -1363.123, -1129.772, -21.0000, -1354.123, -1219.772, -19.0000, 0, 0, 255
L -1354.123, -1219.772, -19.0000, -1320.123, -1251.772, -19.0000, 0, 0, 255
L -1320.123, -1251.772, -19.0000, -1312.123, -1278.772, -19.0000, 0, 0, 255
L -1312.123, -1278.772, -19.0000, -1312.123, -1348.772, -19.0000, 0, 0, 255
L -1312.123, -1348.772, -19.0000, -1296.123, -1367.772, -19.0000, 0, 0, 255
L -1296.123, -1367.772, -19.0000, -1185.123, -1350.772, -19.0000, 0, 0, 255
L -1185.123, -1350.772, -19.0000, -1080.123, -1450.772, -19.0000, 0, 0, 255
L -1080.123, -1450.772, -19.0000, -1014.123, -1521.772, -20.0000, 0, 0, 255
L -1014.123, -1521.772, -20.0000, -999.123, -1553.772, -18.0000, 0, 0, 255
L -999.123, -1553.772, -18.0000, -995.123, -1570.772, -20.0000, 0, 0, 255
L -995.123, -1570.772, -20.0000, -987.123, -1592.772, -19.0000, 0, 0, 255
L -987.123, -1592.772, -19.0000, -942.123, -1605.772, -19.0000, 0, 0, 255
L -942.123, -1605.772, -19.0000, -924.123, -1649.772, -19.0000, 0, 0, 255
L -924.123, -1649.772, -19.0000, -986.123, -1730.772, -19.0000, 0, 0, 255
L -986.123, -1730.772, -19.0000, -994.123, -1751.772, -19.0000, 0, 0, 255
L -994.123, -1751.772, -19.0000, -1044.123, -1799.772, -19.0000, 0, 0, 255
L -1044.123, -1799.772, -19.0000, -1104.123, -1855.772, -19.0000, 0, 0, 255
L -1104.123, -1855.772, -19.0000, -1172.123, -1937.772, -19.0000, 0, 0, 255
L -1172.123, -1937.772, -19.0000, -1222.123, -1988.772, -19.0000, 0, 0, 255
L -1222.123, -1988.772, -19.0000, -1202.123, -1953.772, -19.0000, 0, 0, 255
L -1202.123, -1953.772, -19.0000, -1272.123, -1934.772, -19.0000, 0, 0, 255
L -1272.123, -1934.772, -19.0000, -1288.123, -1896.772, -19.0000, 0, 0, 255
L -1288.123, -1896.772, -19.0000, -1305.123, -1867.772, -19.0000, 0, 0, 255
L -1305.123, -1867.772, -19.0000, -1312.123, -1845.772, -18.0000, 0, 0, 255
L -1312.123, -1845.772, -18.0000, -1357.123, -1819.772, -19.0000, 0, 0, 255
L -1357.123, -1819.772, -19.0000, -1387.123, -1776.772, -19.0000, 0, 0, 255
L -1387.123, -1776.772, -19.0000, -1401.123, -1761.772, -19.0000, 0, 0, 255
L -1401.123, -1761.772, -19.0000, -1484.123, -1750.772, -19.0000, 0, 0, 255
L -1484.123, -1750.772, -19.0000, -1588.123, -1804.772, -19.0000, 0, 0, 255
L -1588.123, -1804.772, -19.0000, -1610.123, -1865.772, -19.0000, 0, 0, 255
L -1610.123, -1865.772, -19.0000, -1615.123, -1955.772, -19.0000, 0, 0, 255
L -1615.123, -1955.772, -19.0000, -1606.123, -1969.772, -19.0000, 0, 0, 255
L -1606.123, -1969.772, -19.0000, -1580.123, -1982.772, -20.0000, 0, 0, 255
L -1580.123, -1982.772, -20.0000, -1546.123, -2014.772, -19.0000, 0, 0, 255
L -1546.123, -2014.772, -19.0000, -1520.123, -2083.772, -19.0000, 0, 0, 255
L -1520.123, -2083.772, -19.0000, -1484.123, -2098.772, -19.0000, 0, 0, 255
L -1484.123, -2098.772, -19.0000, -1417.123, -2083.772, -19.0000, 0, 0, 255
L -1417.123, -2083.772, -19.0000, -1387.123, -2148.772, -19.0000, 0, 0, 255
L -1387.123, -2148.772, -19.0000, -1489.123, -2322.772, -20.0000, 0, 0, 255
L -1489.123, -2322.772, -20.0000, -1589.123, -2349.772, -19.0000, 0, 0, 255
L -1589.123, -2349.772, -19.0000, -1690.123, -2352.772, -19.0000, 0, 0, 255
L -1690.123, -2352.772, -19.0000, -1773.123, -2333.772, -19.0000, 0, 0, 255
L -1773.123, -2333.772, -19.0000, -1787.123, -2326.772, -20.0000, 0, 0, 255
L -1787.123, -2326.772, -20.0000, -1863.123, -2323.772, -19.0000, 0, 0, 255
L -1863.123, -2323.772, -19.0000, -1987.123, -2342.772, -19.0000, 0, 0, 255
L -1987.123, -2342.772, -19.0000, -2062.123, -2329.772, -19.0000, 0, 0, 255
L -2062.123, -2329.772, -19.0000, -2117.123, -2287.772, -20.0000, 0, 0, 255
L -2117.123, -2287.772, -20.0000, -2121.123, -2150.772, -19.0000, 0, 0, 255
L -2121.123, -2150.772, -19.0000, -2093.123, -2057.772, -19.0000, 0, 0, 255
L -2093.123, -2057.772, -19.0000, -1983.123, -1975.772, -19.0000, 0, 0, 255
L -1983.123, -1975.772, -19.0000, -1955.123, -1950.772, -20.0000, 0, 0, 255
L -1955.123, -1950.772, -20.0000, -1941.123, -1905.772, -19.0000, 0, 0, 255
L -1941.123, -1905.772, -19.0000, -1901.123, -1851.772, -19.0000, 0, 0, 255
L -1901.123, -1851.772, -19.0000, -1905.123, -1769.772, -20.0000, 0, 0, 255
L -1905.123, -1769.772, -20.0000, -1936.123, -1749.772, -19.0000, 0, 0, 255
L -1936.123, -1749.772, -19.0000, -1944.123, -1708.772, -20.0000, 0, 0, 255
L -1944.123, -1708.772, -20.0000, -1986.123, -1694.772, -19.0000, 0, 0, 255
L -1986.123, -1694.772, -19.0000, -2007.123, -1670.772, -19.0000, 0, 0, 255
L -2007.123, -1670.772, -19.0000, -2085.123, -1650.772, -19.0000, 0, 0, 255
L -2085.123, -1650.772, -19.0000, -2145.123, -1606.772, -19.0000, 0, 0, 255
L -2145.123, -1606.772, -19.0000, -2179.123, -1585.772, -20.0000, 0, 0, 255
L -2179.123, -1585.772, -20.0000, -2199.123, -1561.772, -19.0000, 0, 0, 255
L -2199.123, -1561.772, -19.0000, -2216.123, -1545.772, -20.0000, 0, 0, 255
L -2216.123, -1545.772, -20.0000, -2229.123, -1487.772, -20.0000, 0, 0, 255
L -2229.123, -1487.772, -20.0000, -2286.123, -1451.772, -20.0000, 0, 0, 255
L -2286.123, -1451.772, -20.0000, -2343.123, -1410.772, -19.0000, 0, 0, 255
L -2343.123, -1410.772, -19.0000, -2387.123, -1423.772, -19.0000, 0, 0, 255
L -2387.123, -1423.772, -19.0000, -2447.123, -1409.772, -19.0000, 0, 0, 255
L -2447.123, -1409.772, -19.0000, -2492.123, -1418.772, -19.0000, 0, 0, 255
L -2492.123, -1418.772, -19.0000, -2557.123, -1430.772, -19.0000, 0, 0, 255
L -2557.123, -1430.772, -19.0000, -2579.123, -1438.772, -19.0000, 0, 0, 255
L -2579.123, -1438.772, -19.0000, -2667.123, -1422.772, -19.0000, 0, 0, 255
L -2667.123, -1422.772, -19.0000, -2689.123, -1421.772, -20.0000, 0, 0, 255
L -2689.123, -1421.772, -20.0000, -2722.123, -1380.772, -19.0000, 0, 0, 255
L -2722.123, -1380.772, -19.0000, -2774.123, -1351.772, -19.0000, 0, 0, 255
L -2774.123, -1351.772, -19.0000, -2799.123, -1257.772, -20.0000, 0, 0, 255
L -2799.123, -1257.772, -20.0000, -2784.123, -1207.772, -19.0000, 0, 0, 255
L -2784.123, -1207.772, -19.0000, -2762.123, -1148.772, -19.0000, 0, 0, 255
L -2762.123, -1148.772, -19.0000, -2725.123, -1022.772, -19.0000, 0, 0, 255
L -2725.123, -1022.772, -19.0000, -2712.123, -974.772, -19.0000, 0, 0, 255
L -2712.123, -974.772, -19.0000, -2726.123, -949.772, -19.0000, 0, 0, 255
L -2726.123, -949.772, -19.0000, -2727.123, -849.772, -19.0000, 0, 0, 255
L -2727.123, -849.772, -19.0000, -2746.123, -796.772, -20.0000, 0, 0, 255
L -2746.123, -796.772, -20.0000, -2733.123, -747.772, -19.0000, 0, 0, 255
L -2733.123, -747.772, -19.0000, -2735.123, -695.772, -19.0000, 0, 0, 255
L -2735.123, -695.772, -19.0000, -2764.123, -650.772, -19.0000, 0, 0, 255
L -2764.123, -650.772, -19.0000, -2765.123, -627.772, -19.0000, 0, 0, 255
L -2765.123, -627.772, -19.0000, -2786.123, -626.772, -19.0000, 0, 0, 255
L -2786.123, -626.772, -19.0000, -2828.123, -589.772, -20.0000, 0, 0, 255
L -2828.123, -589.772, -20.0000, -2826.123, -549.772, -20.0000, 0, 0, 255
L -2826.123, -549.772, -20.0000, -2787.123, -490.772, -19.0000, 0, 0, 255
L -2787.123, -490.772, -19.0000, -2752.123, -449.772, -19.0000, 0, 0, 255
L -2752.123, -449.772, -19.0000, -2744.123, -409.772, -19.0000, 0, 0, 255
L -2744.123, -409.772, -19.0000, -2697.123, -257.772, -19.0000, 0, 0, 255
L -2697.123, -257.772, -19.0000, -2695.123, -241.772, -19.0000, 0, 0, 255
L -2695.123, -241.772, -19.0000, -2620.123, -142.772, -20.0000, 0, 0, 255
L -2620.123, -142.772, -20.0000, -2583.123, -68.772, -19.0000, 0, 0, 255
L -2583.123, -68.772, -19.0000, -2578.123, -67.772, -19.0000, 0, 0, 255
L -2578.123, -67.772, -19.0000, -2549.123, -80.772, -19.0000, 0, 0, 255
L -2549.123, -80.772, -19.0000, -2506.123, -97.772, -18.0000, 0, 0, 255
L -2506.123, -97.772, -18.0000, -2480.123, -80.772, -19.0000, 0, 0, 255
L -2480.123, -80.772, -19.0000, -2443.123, -107.772, -19.0000, 0, 0, 255
L -2443.123, -107.772, -19.0000, -2380.123, -143.772, -19.0000, 0, 0, 255
L -2380.123, -143.772, -19.0000, -2378.123, -161.772, -19.0000, 0, 0, 255
L -2378.123, -161.772, -19.0000, -2359.123, -235.772, -20.0000, 0, 0, 255
L -2359.123, -235.772, -20.0000, -2352.123, -260.772, -19.0000, 0, 0, 255
L -2352.123, -260.772, -19.0000, -2336.123, -301.772, -20.0000, 0, 0, 255
L -2336.123, -301.772, -20.0000, -2299.123, -347.772, -19.0000, 0, 0, 255
L -2299.123, -347.772, -19.0000, -2283.123, -386.772, -19.0000, 0, 0, 255
L -2283.123, -386.772, -19.0000, -2266.123, -454.772, -19.0000, 0, 0, 255
L -2266.123, -454.772, -19.0000, -2271.123, -538.772, -19.0000, 0, 0, 255
L -2271.123, -538.772, -19.0000, -2266.123, -569.772, -19.0000, 0, 0, 255
L -2266.123, -569.772, -19.0000, -2261.123, -627.772, -19.0000, 0, 0, 255
L -2261.123, -627.772, -19.0000, -2277.123, -745.772, -19.0000, 0, 0, 255
L -2277.123, -745.772, -19.0000, -2263.123, -871.772, -19.0000, 0, 0, 255
L -2263.123, -871.772, -19.0000, -2231.123, -951.772, -19.0000, 0, 0, 255
L -2231.123, -951.772, -19.0000, -2249.123, -1056.772, -19.0000, 0, 0, 255
L -2249.123, -1056.772, -19.0000, -2267.123, -1130.772, -19.0000, 0, 0, 255
L -2267.123, -1130.772, -19.0000, -2274.123, -1153.772, -19.0000, 0, 0, 255
L -2274.123, -1153.772, -19.0000, -2274.123, -1234.772, -19.0000, 0, 0, 255
L -2274.123, -1234.772, -19.0000, -2269.123, -1251.772, -19.0000, 0, 0, 255
L -2269.123, -1251.772, -19.0000, -2255.123, -1321.772, -19.0000, 0, 0, 255
L -2255.123, -1321.772, -19.0000, -2193.123, -1332.772, -19.0000, 0, 0, 255
L -2193.123, -1332.772, -19.0000, -2178.123, -1344.772, -19.0000, 0, 0, 255
L -2178.123, -1344.772, -19.0000, -2098.123, -1363.772, -19.0000, 0, 0, 255
L -2098.123, -1363.772, -19.0000, -2085.123, -1362.772, -19.0000, 0, 0, 255
L -2085.123, -1362.772, -19.0000, -2052.123, -1407.772, -19.0000, 0, 0, 255
L -2052.123, -1407.772, -19.0000, -1990.123, -1450.772, -19.0000, 0, 0, 255
L -1990.123, -1450.772, -19.0000, -1965.123, -1528.772, -18.0000, 0, 0, 255
L -1965.123, -1528.772, -18.0000, -1883.123, -1535.772, -20.0000, 0, 0, 255
L -1883.123, -1535.772, -20.0000, -1783.123, -1532.772, -20.0000, 0, 0, 255
L -1783.123, -1532.772, -20.0000, -1681.123, -1447.772, -19.0000, 0, 0, 255
L -1681.123, -1447.772, -19.0000, -1633.123, -1347.772, -19.0000, 0, 0, 255
L -1633.123, -1347.772, -19.0000, -1620.123, -1286.772, -19.0000, 0, 0, 255
L -1620.123, -1286.772, -19.0000, -1622.123, -1250.772, -19.0000, 0, 0, 255
L -1622.123, -1250.772, -19.0000, -1648.123, -1207.772, -19.0000, 0, 0, 255
L -1648.123, -1207.772, -19.0000, -1687.123, -1146.772, -19.0000, 0, 0, 255
L -1687.123, -1146.772, -19.0000, -1722.123, -1084.772, -19.0000, 0, 0, 255
L -1722.123, -1084.772, -19.0000, -1809.123, -1068.772, -18.0000, 0, 0, 255
L -1809.123, -1068.772, -18.0000, -1892.123, -1053.772, -18.0000, 0, 0, 255
L -1892.123, -1053.772, -18.0000, -1915.123, -1048.772, -20.0000, 0, 0, 255
L -1915.123, -1048.772, -20.0000, -1938.123, -989.772, -20.0000, 0, 0, 255
L -1938.123, -989.772, -20.0000, -1940.123, -949.772, -19.0000, 0, 0, 255
L -1940.123, -949.772, -19.0000, -1916.123, -908.772, -20.0000, 0, 0, 255
L -1916.123, -908.772, -20.0000, -1885.123, -863.772, -19.0000, 0, 0, 255
L -1885.123, -863.772, -19.0000, -1871.123, -849.772, -19.0000, 0, 0, 255
L -1871.123, -849.772, -19.0000, -1775.123, -807.772, -20.0000, 0, 0, 255
L -1775.123, -807.772, -20.0000, -1715.123, -777.772, -20.0000, 0, 0, 255
L -1715.123, -777.772, -20.0000, -1681.123, -763.772, -20.0000, 0, 0, 255
L -1681.123, -763.772, -20.0000, -1650.123, -753.772, -19.0000, 0, 0, 255
L -1650.123, -753.772, -19.0000, -1587.123, -691.772, -19.0000, 0, 0, 255
L -1587.123, -691.772, -19.0000, -1551.123, -649.772, -19.0000, 0, 0, 255
L -1551.123, -649.772, -19.0000, -1488.123, -613.772, -19.0000, 0, 0, 255
L -1488.123, -613.772, -19.0000, -1444.123, -609.772, -20.0000, 0, 0, 255
L -1444.123, -609.772, -20.0000, -1381.123, -582.772, -20.0000, 0, 0, 255
L -1381.123, -582.772, -20.0000, -1287.123, -570.772, -20.0000, 0, 0, 255
L -1287.123, -570.772, -20.0000, -1259.123, -547.772, -19.0000, 0, 0, 255
L -1259.123, -547.772, -19.0000, -1250.123, -513.772, -20.0000, 0, 0, 255
L -1250.123, -513.772, -20.0000, -1285.123, -483.772, -19.0000, 0, 0, 255
L -1285.123, -483.772, -19.0000, -1312.123, -470.772, -19.0000, 0, 0, 255
L -1312.123, -470.772, -19.0000, -1357.123, -419.772, -19.0000, 0, 0, 255
L -1357.123, -419.772, -19.0000, -1405.123, -410.772, -19.0000, 0, 0, 255
L -1405.123, -410.772, -19.0000, -1487.123, -410.772, -19.0000, 0, 0, 255
L -1487.123, -410.772, -19.0000, -1542.123, -450.772, -19.0000, 0, 0, 255
L -1542.123, -450.772, -19.0000, -1591.123, -470.772, -19.0000, 0, 0, 255
L -1591.123, -470.772, -19.0000, -1627.123, -489.772, -19.0000, 0, 0, 255
L -1627.123, -489.772, -19.0000, -1685.123, -505.772, -19.0000, 0, 0, 255
L -1685.123, -505.772, -19.0000, -1715.123, -479.772, -20.0000, 0, 0, 255
L -1715.123, -479.772, -20.0000, -1789.123, -463.772, -19.0000, 0, 0, 255
L -1789.123, -463.772, -19.0000, -1804.123, -465.772, -20.0000, 0, 0, 255
L -1804.123, -465.772, -20.0000, -1822.123, -443.772, -20.0000, 0, 0, 255
L -1822.123, -443.772, -20.0000, -1897.123, -363.772, -19.0000, 0, 0, 255
L -1897.123, -363.772, -19.0000, -1904.123, -339.772, -20.0000, 0, 0, 255
L -1904.123, -339.772, -20.0000, -1923.123, -286.772, -19.0000, 0, 0, 255
L -1923.123, -286.772, -19.0000, -1973.123, -250.772, -19.0000, 0, 0, 255
L -1973.123, -250.772, -19.0000, -1974.123, -232.772, -19.0000, 0, 0, 255
L -1974.123, -232.772, -19.0000, -1961.123, -154.772, -19.0000, 0, 0, 255
L -1961.123, -154.772, -19.0000, -1876.123, -50.772, -19.0000, 0, 0, 255
L -1876.123, -50.772, -19.0000, -1788.123, 15.228, -19.0000, 0, 0, 255
L -1788.123, 15.228, -19.0000, -1699.123, 32.228, -19.0000, 0, 0, 255
L -1699.123, 32.228, -19.0000, -1605.123, 28.228, -19.0000, 0, 0, 255
L -1605.123, 28.228, -19.0000, -1586.123, 20.228, -19.0000, 0, 0, 255
L -1586.123, 20.228, -19.0000, -1511.123, 19.228, -19.0000, 0, 0, 255
L -1511.123, 19.228, -19.0000, -1482.123, 26.228, -19.0000, 0, 0, 255
L -1482.123, 26.228, -19.0000, -1400.123, 29.228, -20.0000, 0, 0, 255
L -1400.123, 29.228, -20.0000, -1372.123, 31.228, -19.0000, 0, 0, 255
L -1372.123, 31.228, -19.0000, -1294.123, 33.228, -19.0000, 0, 0, 255
L -1294.123, 33.228, -19.0000, -1205.123, 28.228, -19.0000, 0, 0, 255
L -1205.123, 28.228, -19.0000, -1202.123, -62.772, -19.0000, 0, 0, 255
L -1202.123, -62.772, -19.0000, -1184.123, -77.772, -19.0000, 0, 0, 255
L -1184.123, -77.772, -19.0000, -1100.123, -65.772, -19.0000, 0, 0, 255
L -1100.123, -65.772, -19.0000, -1112.123, -152.772, -19.0000, 0, 0, 255
L -1112.123, -152.772, -19.0000, -1100.123, -165.772, -19.0000, 0, 0, 255
L -1100.123, -165.772, -19.0000, -1078.123, -168.772, -20.0000, 0, 0, 255
L -1078.123, -168.772, -20.0000, -986.123, -218.772, -20.0000, 0, 0, 255
L -986.123, -218.772, -20.0000, -944.123, -211.772, -19.0000, 0, 0, 255
L -2047.123, 331.228, -19.0000, -1980.123, 419.228, -19.0000, 0, 0, 255
L -1980.123, 419.228, -19.0000, -1957.123, 448.228, -19.0000, 0, 0, 255
L -1957.123, 448.228, -19.0000, -1920.123, 514.228, -19.0000, 0, 0, 255
L -1920.123, 514.228, -19.0000, -1899.123, 545.228, -20.0000, 0, 0, 255
L -1899.123, 545.228, -20.0000, -1896.123, 648.228, -19.0000, 0, 0, 255
L -1896.123, 648.228, -19.0000, -1912.123, 723.228, -19.0000, 0, 0, 255
L -1912.123, 723.228, -19.0000, -1918.123, 749.228, -19.0000, 0, 0, 255
L -1918.123, 749.228, -19.0000, -1884.123, 794.228, -19.0000, 0, 0, 255
L -1884.123, 794.228, -19.0000, -1834.123, 850.228, -19.0000, 0, 0, 255
L -1834.123, 850.228, -19.0000, -1782.123, 946.228, -19.0000, 0, 0, 255
L -1782.123, 946.228, -19.0000, -1685.123, 1023.228, -19.0000, 0, 0, 255
L -1685.123, 1023.228, -19.0000, -1612.123, 1023.228, -19.0000, 0, 0, 255
L -1612.123, 1023.228, -19.0000, -1580.123, 1012.228, -19.0000, 0, 0, 255
L -1580.123, 1012.228, -19.0000, -1533.123, 999.228, -19.0000, 0, 0, 255
L -1533.123, 999.228, -19.0000, -1482.123, 981.228, -19.0000, 0, 0, 255
L -1482.123, 981.228, -19.0000, -1461.123, 971.228, -19.0000, 0, 0, 255
L -1461.123, 971.228, -19.0000, -1431.123, 909.228, -19.0000, 0, 0, 255
L -1431.123, 909.228, -19.0000, -1405.123, 830.228, -20.0000, 0, 0, 255
L -1405.123, 830.228, -20.0000, -1329.123, 811.228, -19.0000, 0, 0, 255
L -1329.123, 811.228, -19.0000, -1344.123, 688.228, -19.0000, 0, 0, 255
L -1344.123, 688.228, -19.0000, -1309.123, 647.228, -19.0000, 0, 0, 255
L -1309.123, 647.228, -19.0000, -1310.123, 545.228, -19.0000, 0, 0, 255
L -1310.123, 545.228, -19.0000, -1301.123, 534.228, -19.0000, 0, 0, 255
L -1301.123, 534.228, -19.0000, -1301.123, 460.228, -19.0000, 0, 0, 255
L -1301.123, 460.228, -19.0000, -1302.123, 349.228, -19.0000, 0, 0, 255
L -1302.123, 349.228, -19.0000, -1310.123, 319.228, -19.0000, 0, 0, 255
L -1310.123, 319.228, -19.0000, -1311.123, 148.228, -19.0000, 0, 0, 255
L -1311.123, 148.228, -19.0000, -1387.123, 75.228, -19.0000, 0, 0, 255
L -1387.123, 75.228, -19.0000, -1471.123, 70.228, -19.0000, 0, 0, 255
L -1471.123, 70.228, -19.0000, -1486.123, 66.228, -19.0000, 0, 0, 255
L -1486.123, 66.228, -19.0000, -1565.123, 66.228, -19.0000, 0, 0, 255
L -1565.123, 66.228, -19.0000, -1588.123, 77.228, -19.0000, 0, 0, 255
L -1588.123, 77.228, -19.0000, -1660.123, 77.228, -19.0000, 0, 0, 255
L -1660.123, 77.228, -19.0000, -1688.123, 69.228, -19.0000, 0, 0, 255
L -1688.123, 69.228, -19.0000, -1753.123, 81.228, -20.0000, 0, 0, 255
L -1753.123, 81.228, -20.0000, -1790.123, 79.228, -19.0000, 0, 0, 255
L -1790.123, 79.228, -19.0000, -1820.123, 117.228, -20.0000, 0, 0, 255
L -1820.123, 117.228, -20.0000, -1877.123, 148.228, -19.0000, 0, 0, 255
L -1877.123, 148.228, -19.0000, -1919.123, 213.228, -19.0000, 0, 0, 255
L -1919.123, 213.228, -19.0000, -2047.123, 331.228, -19.0000, 0, 0, 255
L -2688.123, 730.228, -20.0000, -2584.123, 836.228, -19.0000, 0, 0, 255
L -2584.123, 836.228, -19.0000, -2576.123, 848.228, -19.0000, 0, 0, 255
L -2576.123, 848.228, -19.0000, -2573.123, 961.228, -19.0000, 0, 0, 255
L -2573.123, 961.228, -19.0000, -2557.123, 1047.228, -19.0000, 0, 0, 255
L -2557.123, 1047.228, -19.0000, -2483.123, 1109.228, -19.0000, 0, 0, 255
L -2483.123, 1109.228, -19.0000, -2470.123, 1121.228, -20.0000, 0, 0, 255
L -2470.123, 1121.228, -20.0000, -2376.123, 1143.228, -19.0000, 0, 0, 255
L -2376.123, 1143.228, -19.0000, -2286.123, 1197.228, -19.0000, 0, 0, 255
L -2286.123, 1197.228, -19.0000, -2204.123, 1148.228, -20.0000, 0, 0, 255
L -2204.123, 1148.228, -20.0000, -2204.123, 1108.228, -20.0000, 0, 0, 255
L -2204.123, 1108.228, -20.0000, -2217.123, 1048.228, -20.0000, 0, 0, 255
L -2217.123, 1048.228, -20.0000, -2235.123, 995.228, -19.0000, 0, 0, 255
L -2235.123, 995.228, -19.0000, -2258.123, 942.228, -19.0000, 0, 0, 255
L -2258.123, 942.228, -19.0000, -2268.123, 867.228, -19.0000, 0, 0, 255
L -2268.123, 867.228, -19.0000, -2267.123, 840.228, -19.0000, 0, 0, 255
L -2267.123, 840.228, -19.0000, -2272.123, 758.228, -19.0000, 0, 0, 255
L -2272.123, 758.228, -19.0000, -2284.123, 646.228, -19.0000, 0, 0, 255
L -2284.123, 646.228, -19.0000, -2278.123, 548.228, -19.0000, 0, 0, 255
L -2278.123, 548.228, -19.0000, -2271.123, 441.228, -19.0000, 0, 0, 255
L -2271.123, 441.228, -19.0000, -2388.123, 377.228, -19.0000, 0, 0, 255
L -2388.123, 377.228, -19.0000, -2419.123, 374.228, -20.0000, 0, 0, 255
L -2419.123, 374.228, -20.0000, -2450.123, 367.228, -19.0000, 0, 0, 255
L -2450.123, 367.228, -19.0000, -2533.123, 321.228, -19.0000, 0, 0, 255
L -2533.123, 321.228, -19.0000, -2586.123, 297.228, -19.0000, 0, 0, 255
L -2586.123, 297.228, -19.0000, -2618.123, 315.228, -19.0000, 0, 0, 255
L -2618.123, 315.228, -19.0000, -2621.123, 348.228, -19.0000, 0, 0, 255
L -2621.123, 348.228, -19.0000, -2635.123, 396.228, -20.0000, 0, 0, 255
L -2635.123, 396.228, -20.0000, -2730.123, 402.228, -19.0000, 0, 0, 255
L -2730.123, 402.228, -19.0000, -2734.123, 548.228, -19.0000, 0, 0, 255
L -2734.123, 548.228, -19.0000, -2725.123, 608.228, -19.0000, 0, 0, 255
L -2725.123, 608.228, -19.0000, -2725.123, 648.228, -19.0000, 0, 0, 255
L -2725.123, 648.228, -19.0000, -2688.123, 730.228, -19.0000, 0, 0, 255
L -350.123, -879.772, -19.0000, -345.123, -956.772, -19.0000, 0, 0, 255
L -345.123, -956.772, -19.0000, -331.123, -996.772, -19.0000, 0, 0, 255
L -331.123, -996.772, -19.0000, -331.123, -1050.772, -19.0000, 0, 0, 255
L -331.123, -1050.772, -19.0000, -314.123, -1077.772, -19.0000, 0, 0, 255
L -314.123, -1077.772, -19.0000, -327.123, -1147.772, -19.0000, 0, 0, 255
L -327.123, -1147.772, -19.0000, -387.123, -1216.772, -19.0000, 0, 0, 255
L -387.123, -1216.772, -19.0000, -436.123, -1252.772, -20.0000, 0, 0, 255
L -436.123, -1252.772, -20.0000, -458.123, -1317.772, -19.0000, 0, 0, 255
L -458.123, -1317.772, -19.0000, -385.123, -1287.772, -19.0000, 0, 0, 255
L -385.123, -1287.772, -19.0000, -288.123, -1276.772, -19.0000, 0, 0, 255
L -288.123, -1276.772, -19.0000, -221.123, -1280.772, -18.0000, 0, 0, 255
L -221.123, -1280.772, -18.0000, -189.123, -1312.772, -19.0000, 0, 0, 255
L -189.123, -1312.772, -19.0000, -158.123, -1330.772, -19.0000, 0, 0, 255
L -158.123, -1330.772, -19.0000, -138.123, -1352.772, -19.0000, 0, 0, 255
L -138.123, -1352.772, -19.0000, -85.123, -1459.772, -19.0000, 0, 0, 255
L -85.123, -1459.772, -19.0000, -31.123, -1491.772, -19.0000, 0, 0, 255
L -31.123, -1491.772, -19.0000, -23.123, -1589.772, -19.0000, 0, 0, 255
L -23.123, -1589.772, -19.0000, 9.877, -1610.772, -19.0000, 0, 0, 255
L 9.877, -1610.772, -19.0000, 45.877, -1616.772, -19.0000, 0, 0, 255
L 45.877, -1616.772, -19.0000, 48.877, -1757.772, -20.0000, 0, 0, 255
L 48.877, -1757.772, -20.0000, 9.877, -1783.772, -19.0000, 0, 0, 255
L 9.877, -1783.772, -19.0000, -87.123, -1789.772, -19.0000, 0, 0, 255
L -87.123, -1789.772, -19.0000, -110.123, -1777.772, -19.0000, 0, 0, 255
L -110.123, -1777.772, -19.0000, -154.123, -1725.772, -19.0000, 0, 0, 255
L -154.123, -1725.772, -19.0000, -188.123, -1711.772, -19.0000, 0, 0, 255
L -188.123, -1711.772, -19.0000, -219.123, -1687.772, -19.0000, 0, 0, 255
L -219.123, -1687.772, -19.0000, -264.123, -1628.772, -19.0000, 0, 0, 255
L -264.123, -1628.772, -19.0000, -291.123, -1640.772, -20.0000, 0, 0, 255
L -291.123, -1640.772, -20.0000, -396.123, -1633.772, -19.0000, 0, 0, 255
L -396.123, -1633.772, -19.0000, -427.123, -1652.772, -19.0000, 0, 0, 255
L -427.123, -1652.772, -19.0000, -435.123, -1703.772, -19.0000, 0, 0, 255
L -435.123, -1703.772, -19.0000, -449.123, -1753.772, -19.0000, 0, 0, 255
L -449.123, -1753.772, -19.0000, -491.123, -1804.772, -20.0000, 0, 0, 255
L -491.123, -1804.772, -20.0000, -593.123, -1818.772, -19.0000, 0, 0, 255
L -593.123, -1818.772, -19.0000, -648.123, -1810.772, -19.0000, 0, 0, 255
L -648.123, -1810.772, -19.0000, -677.123, -1796.772, -19.0000, 0, 0, 255
L -677.123, -1796.772, -19.0000, -766.123, -1830.772, -19.0000, 0, 0, 255
L -766.123, -1830.772, -19.0000, -791.123, -1791.772, -19.0000, 0, 0, 255
L -791.123, -1791.772, -19.0000, -828.123, -1746.772, -19.0000, 0, 0, 255
L -828.123, -1746.772, -19.0000, -857.123, -1720.772, -19.0000, 0, 0, 255
L -857.123, -1720.772, -19.0000, -858.123, -1623.772, -19.0000, 0, 0, 255
L -858.123, -1623.772, -19.0000, -843.123, -1555.772, -19.0000, 0, 0, 255
L -843.123, -1555.772, -19.0000, -783.123, -1503.772, -19.0000, 0, 0, 255
L -783.123, -1503.772, -19.0000, -745.123, -1447.772, -19.0000, 0, 0, 255
L -745.123, -1447.772, -19.0000, -738.123, -1406.772, -19.0000, 0, 0, 255
L -738.123, -1406.772, -19.0000, -703.123, -1347.772, -20.0000, 0, 0, 255
L -703.123, -1347.772, -20.0000, -709.123, -1275.772, -19.0000, 0, 0, 255
L -709.123, -1275.772, -19.0000, -754.123, -1247.772, -19.0000, 0, 0, 255
L -754.123, -1247.772, -19.0000, -760.123, -1220.772, -19.0000, 0, 0, 255
L -760.123, -1220.772, -19.0000, -789.123, -1192.772, -19.0000, 0, 0, 255
L -789.123, -1192.772, -19.0000, -803.123, -1174.772, -19.0000, 0, 0, 255
L -803.123, -1174.772, -19.0000, -834.123, -1148.772, -19.0000, 0, 0, 255
L -834.123, -1148.772, -19.0000, -774.123, -1051.772, -20.0000, 0, 0, 255
L -774.123, -1051.772, -20.0000, -684.123, -993.772, -19.0000, 0, 0, 255
L -684.123, -993.772, -19.0000, -579.123, -944.772, -19.0000, 0, 0, 255
L -579.123, -944.772, -19.0000, -487.123, -890.772, -19.0000, 0, 0, 255
L -487.123, -890.772, -19.0000, -451.123, -851.772, -19.0000, 0, 0, 255
L -451.123, -851.772, -19.0000, -439.123, -803.772, -20.0000, 0, 0, 255
L -439.123, -803.772, -20.0000, -408.123, -753.772, -19.0000, 0, 0, 255
L -408.123, -753.772, -19.0000, -386.123, -690.772, -19.0000, 0, 0, 255
L -386.123, -690.772, -19.0000, -276.123, -731.772, -19.0000, 0, 0, 255
L -276.123, -731.772, -19.0000, -252.123, -756.772, -20.0000, 0, 0, 255
L -252.123, -756.772, -20.0000, -350.123, -879.772, -19.0000, 0, 0, 255
L 2872.877, -1495.772, -18.0000, 2911.877, -1496.772, -7.0000, 0, 0, 255
L 2911.877, -1496.772, -7.0000, 2963.877, -1501.772, 4.0000, 0, 0, 255
L 2963.877, -1501.772, 4.0000, 3009.877, -1492.772, 15.0000, 0, 0, 255
L 3009.877, -1492.772, 15.0000, 3064.877, -1499.772, 17.0000, 0, 0, 255
L 3064.877, -1499.772, 17.0000, 3129.877, -1504.772, 21.0000, 0, 0, 255
L 3129.877, -1504.772, 21.0000, 3155.877, -1508.772, 23.0000, 0, 0, 255
L 3155.877, -1508.772, 23.0000, 3212.877, -1479.772, 27.0000, 0, 0, 255
L 3212.877, -1479.772, 27.0000, 3273.877, -1476.772, 28.0000, 0, 0, 255
L 3273.877, -1476.772, 28.0000, 3323.877, -1474.772, 31.0000, 0, 0, 255
L 3191.877, -1413.772, 35.0000, 3134.877, -1416.772, 24.0000, 0, 0, 255
L 3134.877, -1416.772, 24.0000, 3086.877, -1421.772, 19.0000, 0, 0, 255
L 3086.877, -1421.772, 19.0000, 3029.877, -1427.772, 16.0000, 0, 0, 255
L 3029.877, -1427.772, 16.0000, 3008.877, -1427.772, 15.0000, 0, 0, 255
L 3008.877, -1427.772, 15.0000, 2939.877, -1427.772, -1.0000, 0, 0, 255
L 2853.877, -1408.772, -18.0000, 2893.877, -1430.772, -12.0000, 0, 0, 255
L 2893.877, -1430.772, -12.0000, 2914.877, -1436.772, -7.0000, 0, 0, 255
L 2914.877, -1436.772, -7.0000, 2939.877, -1427.772, -2.0000, 0, 0, 255
L 2915.877, -1084.772, -19.0000, 2968.877, -1099.772, 6.0000, 0, 0, 255
L 2968.877, -1099.772, 6.0000, 3004.877, -1109.772, 23.0000, 0, 0, 255
L 3004.877, -1109.772, 23.0000, 3035.877, -1129.772, 25.0000, 0, 0, 255
L 3035.877, -1129.772, 25.0000, 3054.877, -1158.772, 25.0000, 0, 0, 255
L 3054.877, -1158.772, 25.0000, 3111.877, -1253.772, 28.0000, 0, 0, 255
L 3111.877, -1253.772, 28.0000, 3171.877, -1292.772, 28.0000, 0, 0, 255
L 3171.877, -1292.772, 28.0000, 3215.877, -1282.772, 29.0000, 0, 0, 255
L 3215.877, -1282.772, 29.0000, 3266.877, -1295.772, 27.0000, 0, 0, 255
L 3266.877, -1295.772, 27.0000, 3288.877, -1291.772, 27.0000, 0, 0, 255
L 3288.877, -1291.772, 27.0000, 3347.877, -1332.772, 138.0000, 0, 0, 255
L 3347.877, -1332.772, 138.0000, 3358.877, -1348.772, 142.0000, 0, 0, 255
L 3358.877, -1348.772, 142.0000, 3338.877, -1367.772, 137.0000, 0, 0, 255
L 3338.877, -1367.772, 137.0000, 3285.877, -1380.772, 57.0000, 0, 0, 255
L 3285.877, -1380.772, 57.0000, 3191.877, -1413.772, 35.0000, 0, 0, 255
L 3323.877, -1473.772, 30.0000, 3407.877, -1426.772, 156.0000, 0, 0, 255
L 3407.877, -1426.772, 156.0000, 3432.877, -1420.772, 166.0000, 0, 0, 255
L 3432.877, -1420.772, 166.0000, 3470.877, -1405.772, 172.0000, 0, 0, 255
L 3470.877, -1405.772, 172.0000, 3503.877, -1392.772, 169.0000, 0, 0, 255
L 3503.877, -1392.772, 169.0000, 3571.877, -1403.772, 178.0000, 0, 0, 255
L 3571.877, -1403.772, 178.0000, 3611.877, -1412.772, 177.0000, 0, 0, 255
L 3611.877, -1412.772, 177.0000, 3658.877, -1447.772, 176.0000, 0, 0, 255
L 3658.877, -1447.772, 176.0000, 3685.877, -1458.772, 176.0000, 0, 0, 255
L 3685.877, -1458.772, 176.0000, 3713.877, -1444.772, 175.0000, 0, 0, 255
L 3713.877, -1444.772, 175.0000, 3748.877, -1425.772, 177.0000, 0, 0, 255
L 3748.877, -1425.772, 177.0000, 3812.877, -1383.772, 177.0000, 0, 0, 255
L 3812.877, -1383.772, 177.0000, 3862.877, -1361.772, 178.0000, 0, 0, 255
L 3862.877, -1361.772, 178.0000, 3909.877, -1367.772, 177.0000, 0, 0, 255
L 3909.877, -1367.772, 177.0000, 3936.877, -1383.772, 176.0000, 0, 0, 255
L 3936.877, -1383.772, 176.0000, 3963.877, -1393.772, 176.0000, 0, 0, 255
L 3963.877, -1393.772, 176.0000, 3988.877, -1412.772, 176.0000, 0, 0, 255
L 3988.877, -1412.772, 176.0000, 4022.877, -1418.772, 177.0000, 0, 0, 255
L 4022.877, -1418.772, 177.0000, 4040.877, -1431.772, 178.0000, 0, 0, 255
L 4040.877, -1431.772, 178.0000, 4074.877, -1457.772, 178.0000, 0, 0, 255
L 4074.877, -1457.772, 178.0000, 4142.877, -1486.772, 178.0000, 0, 0, 255
L 4142.877, -1486.772, 178.0000, 4189.877, -1504.772, 178.0000, 0, 0, 255
L 4189.877, -1504.772, 178.0000, 4219.877, -1508.772, 179.0000, 0, 0, 255
L 4219.877, -1508.772, 179.0000, 4225.877, -1536.772, 177.0000, 0, 0, 255
L 4225.877, -1536.772, 177.0000, 4274.877, -1580.772, 179.0000, 0, 0, 255
L 4274.877, -1580.772, 179.0000, 4363.877, -1631.772, 180.0000, 0, 0, 255
L 4363.877, -1631.772, 180.0000, 4422.877, -1633.772, 175.0000, 0, 0, 255
L 4422.877, -1633.772, 175.0000, 4447.877, -1637.772, 174.0000, 0, 0, 255
L 4447.877, -1637.772, 174.0000, 4474.877, -1641.772, 176.0000, 0, 0, 255
L 4474.877, -1641.772, 176.0000, 4480.877, -1642.772, 176.0000, 0, 0, 255
L 4480.877, -1642.772, 176.0000, 4475.877, -1655.772, 178.0000, 0, 0, 255
L 4475.877, -1655.772, 178.0000, 4471.877, -1676.772, 181.0000, 0, 0, 255
L 4471.877, -1676.772, 181.0000, 4467.877, -1694.772, 184.0000, 0, 0, 255
L 4467.877, -1694.772, 184.0000, 4461.877, -1712.772, 179.0000, 0, 0, 255
L 4461.877, -1712.772, 179.0000, 4455.877, -1733.772, 170.0000, 0, 0, 255
L 4455.877, -1733.772, 170.0000, 4450.877, -1779.772, 146.0000, 0, 0, 255
L 4450.877, -1779.772, 146.0000, 4457.877, -1820.772, 124.0000, 0, 0, 255
L 4457.877, -1820.772, 124.0000, 4473.877, -1862.772, 99.0000, 0, 0, 255
L 4473.877, -1862.772, 99.0000, 4478.877, -1893.772, 100.0000, 0, 0, 255
L 4478.877, -1893.772, 100.0000, 4469.877, -1940.772, 92.0000, 0, 0, 255
L 4469.877, -1940.772, 92.0000, 4458.877, -1965.772, 82.0000, 0, 0, 255
L 4458.877, -1965.772, 82.0000, 4453.877, -2002.772, 61.0000, 0, 0, 255
L 4453.877, -2002.772, 61.0000, 4455.877, -2050.772, 37.0000, 0, 0, 255
L 4455.877, -2050.772, 37.0000, 4473.877, -2108.772, 33.0000, 0, 0, 255
L 4473.877, -2108.772, 33.0000, 4481.877, -2142.772, 33.0000, 0, 0, 255
L 4481.877, -2142.772, 33.0000, 4485.877, -2149.772, 32.0000, 0, 0, 255
L 4485.877, -2149.772, 32.0000, 4494.877, -2175.772, 31.0000, 0, 0, 255
L 4494.877, -2175.772, 31.0000, 4493.877, -2232.772, 30.0000, 0, 0, 255
L 4493.877, -2232.772, 30.0000, 4491.877, -2281.772, 30.0000, 0, 0, 255
L 4491.877, -2281.772, 30.0000, 4491.877, -2316.772, 31.0000, 0, 0, 255
L 4491.877, -2316.772, 31.0000, 4480.877, -2339.772, 28.0000, 0, 0, 255
L 4612.877, -2321.772, 31.0000, 4627.877, -2289.772, 38.0000, 0, 0, 255
L 4627.877, -2289.772, 38.0000, 4624.877, -2235.772, 38.0000, 0, 0, 255
L 4624.877, -2235.772, 38.0000, 4627.877, -2193.772, 35.0000, 0, 0, 255
L 4627.877, -2193.772, 35.0000, 4615.877, -2145.772, 36.0000, 0, 0, 255
L 4615.877, -2145.772, 36.0000, 4587.877, -2062.772, 35.0000, 0, 0, 255
L 4587.877, -2062.772, 35.0000, 4582.877, -2001.772, 60.0000, 0, 0, 255
L 4582.877, -2001.772, 60.0000, 4586.877, -1939.772, 83.0000, 0, 0, 255
L 4586.877, -1939.772, 83.0000, 4600.877, -1897.772, 98.0000, 0, 0, 255
L 4600.877, -1897.772, 98.0000, 4600.877, -1846.772, 109.0000, 0, 0, 255
L 4600.877, -1846.772, 109.0000, 4582.877, -1802.772, 135.0000, 0, 0, 255
L 4582.877, -1802.772, 135.0000, 4572.877, -1769.772, 151.0000, 0, 0, 255
L 4572.877, -1769.772, 151.0000, 4570.877, -1732.772, 164.0000, 0, 0, 255
L 4570.877, -1732.772, 164.0000, 4583.877, -1696.772, 184.0000, 0, 0, 255
L 4583.877, -1696.772, 184.0000, 4612.877, -1633.772, 182.0000, 0, 0, 255
L 4612.877, -1633.772, 182.0000, 4654.877, -1608.772, 176.0000, 0, 0, 255
L 4654.877, -1608.772, 176.0000, 4680.877, -1578.772, 184.0000, 0, 0, 255
L 4680.877, -1578.772, 184.0000, 4702.877, -1538.772, 196.0000, 0, 0, 255
L 4702.877, -1538.772, 196.0000, 4721.877, -1488.772, 190.0000, 0, 0, 255
L 4721.877, -1488.772, 190.0000, 4743.877, -1426.772, 185.0000, 0, 0, 255
L 4743.877, -1426.772, 185.0000, 4751.877, -1383.772, 178.0000, 0, 0, 255
L 4751.877, -1383.772, 178.0000, 4756.877, -1319.772, 178.0000, 0, 0, 255
L 4756.877, -1319.772, 178.0000, 4748.877, -1253.772, 177.0000, 0, 0, 255
L 4748.877, -1253.772, 177.0000, 4744.877, -1231.772, 175.0000, 0, 0, 255
L 4744.877, -1231.772, 175.0000, 4715.877, -1177.772, 175.0000, 0, 0, 255
L 4715.877, -1177.772, 175.0000, 4652.877, -1123.772, 182.0000, 0, 0, 255
L 4652.877, -1123.772, 182.0000, 4625.877, -1095.772, 180.0000, 0, 0, 255
L 4625.877, -1095.772, 180.0000, 4587.877, -1052.772, 197.0000, 0, 0, 255
L 4587.877, -1052.772, 197.0000, 4573.877, -1024.772, 206.0000, 0, 0, 255
L 4573.877, -1024.772, 206.0000, 4545.877, -1010.772, 206.0000, 0, 0, 255
L 4545.877, -1010.772, 206.0000, 4505.877, -1002.772, 208.0000, 0, 0, 255
L 4505.877, -1002.772, 208.0000, 4457.877, -996.772, 210.0000, 0, 0, 255
L 4457.877, -996.772, 210.0000, 4420.877, -1004.772, 209.0000, 0, 0, 255
L 4420.877, -1004.772, 209.0000, 4388.877, -1022.772, 204.0000, 0, 0, 255
L 4388.877, -1022.772, 204.0000, 4354.877, -1051.772, 202.0000, 0, 0, 255
L 4354.877, -1051.772, 202.0000, 4326.877, -1094.772, 193.0000, 0, 0, 255
L 4326.877, -1094.772, 193.0000, 4289.877, -1130.772, 200.0000, 0, 0, 255
L 4289.877, -1130.772, 200.0000, 4241.877, -1173.772, 196.0000, 0, 0, 255
L 4241.877, -1173.772, 196.0000, 4217.877, -1204.772, 189.0000, 0, 0, 255
L 4217.877, -1204.772, 189.0000, 4200.877, -1232.772, 185.0000, 0, 0, 255
L 4200.877, -1232.772, 185.0000, 4201.877, -1282.772, 189.0000, 0, 0, 255
L 4201.877, -1282.772, 189.0000, 4191.877, -1310.772, 186.0000, 0, 0, 255
L 4191.877, -1310.772, 186.0000, 4206.877, -1354.772, 177.0000, 0, 0, 255
L 4206.877, -1354.772, 177.0000, 4212.877, -1388.772, 172.0000, 0, 0, 255
L 4212.877, -1388.772, 172.0000, 4211.877, -1409.772, 176.0000, 0, 0, 255
L 4211.877, -1409.772, 176.0000, 4185.877, -1386.772, 178.0000, 0, 0, 255
L 4185.877, -1386.772, 178.0000, 4155.877, -1368.772, 180.0000, 0, 0, 255
L 4155.877, -1368.772, 180.0000, 4135.877, -1363.772, 180.0000, 0, 0, 255
L 4135.877, -1363.772, 180.0000, 4105.877, -1353.772, 181.0000, 0, 0, 255
L 4105.877, -1353.772, 181.0000, 4078.877, -1342.772, 181.0000, 0, 0, 255
L 4078.877, -1342.772, 181.0000, 4047.877, -1315.772, 189.0000, 0, 0, 255
L 4047.877, -1315.772, 189.0000, 3973.877, -1283.772, 179.0000, 0, 0, 255
L 3973.877, -1283.772, 179.0000, 3953.877, -1266.772, 180.0000, 0, 0, 255
L 3953.877, -1266.772, 180.0000, 3901.877, -1244.772, 179.0000, 0, 0, 255
L 3901.877, -1244.772, 179.0000, 3861.877, -1243.772, 179.0000, 0, 0, 255
L 3861.877, -1243.772, 179.0000, 3824.877, -1261.772, 179.0000, 0, 0, 255
L 3824.877, -1261.772, 179.0000, 3795.877, -1283.772, 181.0000, 0, 0, 255
L 3795.877, -1283.772, 181.0000, 3767.877, -1303.772, 181.0000, 0, 0, 255
L 3767.877, -1303.772, 181.0000, 3733.877, -1319.772, 182.0000, 0, 0, 255
L 3733.877, -1319.772, 182.0000, 3693.877, -1330.772, 181.0000, 0, 0, 255
L 3693.877, -1330.772, 181.0000, 3658.877, -1326.772, 180.0000, 0, 0, 255
L 3658.877, -1326.772, 180.0000, 3634.877, -1304.772, 180.0000, 0, 0, 255
L 3634.877, -1304.772, 180.0000, 3601.877, -1297.772, 178.0000, 0, 0, 255
L 3601.877, -1297.772, 178.0000, 3567.877, -1296.772, 179.0000, 0, 0, 255
L 3567.877, -1296.772, 179.0000, 3533.877, -1300.772, 180.0000, 0, 0, 255
L 3533.877, -1300.772, 180.0000, 3491.877, -1275.772, 164.0000, 0, 0, 255
L 3491.877, -1275.772, 164.0000, 3407.877, -1242.772, 156.0000, 0, 0, 255
L 3407.877, -1242.772, 156.0000, 3347.877, -1241.772, 153.0000, 0, 0, 255
L 3347.877, -1241.772, 153.0000, 3227.877, -1159.772, 39.0000, 0, 0, 255
L 3227.877, -1159.772, 39.0000, 3151.877, -1107.772, 26.0000, 0, 0, 255
L 3151.877, -1107.772, 26.0000, 3131.877, -1069.772, 23.0000, 0, 0, 255
L 3131.877, -1069.772, 23.0000, 3103.877, -1038.772, 29.0000, 0, 0, 255
L 3103.877, -1038.772, 29.0000, 3044.877, -1016.772, 24.0000, 0, 0, 255
L 3044.877, -1016.772, 24.0000, 2998.877, -975.772, -17.0000, 0, 0, 255
L 4011.877, -1300.772, 193.0000, 4021.877, -1233.772, 195.0000, 0, 0, 0
L 4021.877, -1233.772, 195.0000, 4038.877, -1221.772, 195.0000, 0, 0, 0
L 4038.877, -1221.772, 195.0000, 4048.877, -1201.772, 195.0000, 0, 0, 0
L 4048.877, -1201.772, 195.0000, 4055.877, -1180.772, 195.0000, 0, 0, 0
L 4055.877, -1180.772, 195.0000, 4026.877, -1115.772, 195.0000, 0, 0, 0
L 4026.877, -1115.772, 195.0000, 4000.877, -1073.772, 195.0000, 0, 0, 0
L 4000.877, -1073.772, 195.0000, 4002.877, -1045.772, 195.0000, 0, 0, 0
L 4002.877, -1045.772, 195.0000, 4024.877, -1013.772, 195.0000, 0, 0, 0
L 4024.877, -1013.772, 195.0000, 4027.877, -984.772, 195.0000, 0, 0, 0
L 4027.877, -984.772, 195.0000, 4020.877, -941.772, 195.0000, 0, 0, 0
L 4020.877, -941.772, 195.0000, 4019.877, -905.772, 195.0000, 0, 0, 0
L 4019.877, -905.772, 195.0000, 4034.877, -877.772, 195.0000, 0, 0, 0
L 4034.877, -877.772, 195.0000, 4041.877, -841.772, 195.0000, 0, 0, 0
L 4041.877, -841.772, 195.0000, 4005.877, -786.772, 195.0000, 0, 0, 0
L 4005.877, -786.772, 195.0000, 3975.877, -750.772, 195.0000, 0, 0, 0
L 3975.877, -750.772, 195.0000, 3964.877, -725.772, 195.0000, 0, 0, 0
L 3964.877, -725.772, 195.0000, 3975.877, -695.772, 195.0000, 0, 0, 0
L 3975.877, -695.772, 195.0000, 3975.877, -662.772, 195.0000, 0, 0, 0
L 3975.877, -662.772, 195.0000, 3962.877, -626.772, 195.0000, 0, 0, 0
L 3962.877, -626.772, 195.0000, 3961.877, -587.772, 195.0000, 0, 0, 0
L 3961.877, -587.772, 195.0000, 3982.877, -575.772, 196.0000, 0, 0, 0
L 3982.877, -575.772, 196.0000, 4013.877, -576.772, 195.0000, 0, 0, 0
L 4013.877, -576.772, 195.0000, 4043.877, -562.772, 195.0000, 0, 0, 0
L 4043.877, -562.772, 195.0000, 4053.877, -513.772, 195.0000, 0, 0, 0
L 4053.877, -513.772, 195.0000, 4016.877, -507.772, 195.0000, 0, 0, 0
L 4016.877, -507.772, 195.0000, 3985.877, -523.772, 195.0000, 0, 0, 0
L 3985.877, -523.772, 195.0000, 3961.877, -555.772, 195.0000, 0, 0, 0
L 3961.877, -555.772, 195.0000, 3948.877, -576.772, 195.0000, 0, 0, 0
L 3948.877, -576.772, 195.0000, 3944.877, -609.772, 195.0000, 0, 0, 0
L 3944.877, -609.772, 195.0000, 3941.877, -636.772, 195.0000, 0, 0, 0
L 3941.877, -636.772, 195.0000, 3956.877, -682.772, 195.0000, 0, 0, 0
L 3956.877, -682.772, 195.0000, 3942.877, -735.772, 195.0000, 0, 0, 0
L 3942.877, -735.772, 195.0000, 3940.877, -763.772, 195.0000, 0, 0, 0
L 3940.877, -763.772, 195.0000, 3916.877, -776.772, 195.0000, 0, 0, 0
L 3916.877, -776.772, 195.0000, 3898.877, -782.772, 195.0000, 0, 0, 0
L 3898.877, -782.772, 195.0000, 3884.877, -781.772, 195.0000, 0, 0, 0
L 3884.877, -781.772, 195.0000, 3876.877, -747.772, 195.0000, 0, 0, 0
L 3876.877, -747.772, 195.0000, 3855.877, -725.772, 195.0000, 0, 0, 0
L 3855.877, -725.772, 195.0000, 3816.877, -724.772, 195.0000, 0, 0, 0
L 3816.877, -724.772, 195.0000, 3815.877, -756.772, 195.0000, 0, 0, 0
L 3815.877, -756.772, 195.0000, 3851.877, -777.772, 195.0000, 0, 0, 0
L 3851.877, -777.772, 195.0000, 3881.877, -792.772, 195.0000, 0, 0, 0
L 3881.877, -792.772, 195.0000, 3904.877, -820.772, 195.0000, 0, 0, 0
L 3904.877, -820.772, 195.0000, 3966.877, -835.772, 195.0000, 0, 0, 0
L 3966.877, -835.772, 195.0000, 4001.877, -846.772, 195.0000, 0, 0, 0
L 4001.877, -846.772, 195.0000, 4015.877, -867.772, 195.0000, 0, 0, 0
L 4015.877, -867.772, 195.0000, 3994.877, -895.772, 195.0000, 0, 0, 0
L 3994.877, -895.772, 195.0000, 3994.877, -932.772, 195.0000, 0, 0, 0
L 3994.877, -932.772, 195.0000, 4001.877, -969.772, 195.0000, 0, 0, 0
L 4001.877, -969.772, 195.0000, 4001.877, -1008.772, 195.0000, 0, 0, 0
L 4001.877, -1008.772, 195.0000, 3978.877, -1041.772, 195.0000, 0, 0, 0
L 3978.877, -1041.772, 195.0000, 3968.877, -1069.772, 195.0000, 0, 0, 0
L 3968.877, -1069.772, 195.0000, 4023.877, -1173.772, 195.0000, 0, 0, 0
L 4023.877, -1173.772, 195.0000, 4021.877, -1205.772, 195.0000, 0, 0, 0
L 4021.877, -1205.772, 195.0000, 3999.877, -1226.772, 195.0000, 0, 0, 0
L 3999.877, -1226.772, 195.0000, 3991.877, -1261.772, 195.0000, 0, 0, 0
L 3991.877, -1261.772, 195.0000, 3983.877, -1288.772, 192.0000, 0, 0, 0
L -3518.123, -3034.772, 37.0000, -3482.123, -3027.772, 2.0000, 0, 0, 0
L -3482.123, -3027.772, 2.0000, -3208.123, -3027.772, 0.0000, 0, 0, 0
L -3208.123, -3027.772, 0.0000, -3157.123, -3073.772, 0.0000, 0, 0, 0
L -3107.123, -3118.772, 0.0000, -3144.123, -3151.772, 0.0000, 0, 0, 0
L -3144.123, -3151.772, 0.0000, -3209.123, -3096.772, 0.0000, 0, 0, 0
L -3209.123, -3096.772, 0.0000, -3296.123, -3096.772, 2.0000, 0, 0, 0
L -3296.123, -3096.772, 2.0000, -3334.023, -3096.772, 32.0000, 0, 0, 0
L -3339.123, -3124.772, 38.0000, -3323.923, -3125.272, 32.0000, 0, 0, 0
L -3243.123, -3127.772, 0.0000, -3068.123, -3268.772, 0.0000, 0, 0, 0
L -3068.123, -3268.772, 0.0000, -3068.123, -3324.772, 5.0000, 0, 0, 0
L -3068.123, -3324.772, 5.0000, -3068.123, -3333.772, 16.0000, 0, 0, 0
L -3040.123, -3328.772, 37.0000, -3040.123, -3316.772, 32.0000, 0, 0, 0
L -3040.123, -3239.772, 0.0000, -3106.123, -3182.772, 0.0000, 0, 0, 0
L -3106.123, -3182.772, 0.0000, -3071.123, -3150.772, 0.0000, 0, 0, 0
L -3071.123, -3150.772, 0.0000, -3063.123, -3157.772, 0.0000, 0, 0, 0
L -2973.123, -3238.772, 0.0000, -2987.123, -3376.772, 125.0000, 0, 0, 0
L -2987.123, -3376.772, 125.0000, -2987.123, -3397.772, 139.0000, 0, 0, 0
L -3133.123, -2891.772, 0.0000, -3177.123, -2892.772, 0.0000, 0, 0, 0
L -3177.123, -2892.772, 0.0000, -3192.123, -2876.772, 0.0000, 0, 0, 0
L -3192.123, -2876.772, 0.0000, -3188.123, -2874.772, 0.0000, 0, 0, 0
L -3188.123, -2874.772, 0.0000, -3175.123, -2887.772, 0.0000, 0, 0, 0
L -3175.123, -2887.772, 0.0000, -3135.123, -2888.772, 0.0000, 0, 0, 0
L -3135.123, -2888.772, 0.0000, -3128.123, -2881.772, 0.0000, 0, 0, 0
L -3128.123, -2881.772, 0.0000, -3118.123, -2891.772, 0.0000, 0, 0, 0
L -3118.123, -2891.772, 0.0000, -3126.123, -2898.772, 0.0000, 0, 0, 0
L -3126.123, -2898.772, 0.0000, -3133.123, -2891.772, 0.0000, 0, 0, 0
L -3104.123, -2862.772, 0.0000, -3104.123, -2818.772, 0.0000, 0, 0, 0
L -3104.123, -2818.772, 0.0000, -3061.123, -2776.772, 0.0000, 0, 0, 0
L -3061.123, -2776.772, 0.0000, -3008.123, -2778.772, 0.0000, 0, 0, 0
L -3008.123, -2778.772, 0.0000, -3002.123, -2784.772, 0.0000, 0, 0, 0
L -3002.123, -2784.772, 0.0000, -2997.123, -2777.772, 0.0000, 0, 0, 0
L -2997.123, -2777.772, 0.0000, -3002.123, -2772.772, 0.0000, 0, 0, 0
L -3002.123, -2772.772, 0.0000, -3005.123, -2770.772, 0.0000, 0, 0, 0
L -3005.123, -2770.772, 0.0000, -3011.123, -2775.772, 0.0000, 0, 0, 0
L -3011.123, -2775.772, 0.0000, -3063.123, -2773.772, 0.0000, 0, 0, 0
L -3063.123, -2773.772, 0.0000, -3104.123, -2815.772, 0.0000, 0, 0, 0
L -3104.123, -2815.772, 0.0000, -3117.123, -2802.772, 0.0000, 0, 0, 0
L -3117.123, -2802.772, 0.0000, -3121.123, -2806.772, 0.0000, 0, 0, 0
L -3121.123, -2806.772, 0.0000, -3107.123, -2820.772, 0.0000, 0, 0, 0
L -3107.123, -2820.772, 0.0000, -3107.123, -2860.772, 0.0000, 0, 0, 0
L -3107.123, -2860.772, 0.0000, -3114.123, -2866.772, 0.0000, 0, 0, 0
L -3114.123, -2866.772, 0.0000, -3103.123, -2877.772, 0.0000, 0, 0, 0
L -3103.123, -2877.772, 0.0000, -3097.123, -2868.772, 0.0000, 0, 0, 0
L -3097.123, -2868.772, 0.0000, -3104.123, -2862.772, 0.0000, 0, 0, 0
L -2945.123, -2654.772, 0.0000, -2985.123, -2695.772, 0.0000, 0, 0, 0
L -2985.123, -2695.772, 0.0000, -2983.123, -2749.772, 0.0000, 0, 0, 0
L -2983.123, -2749.772, 0.0000, -2990.123, -2755.772, 0.0000, 0, 0, 0
L -2990.123, -2755.772, 0.0000, -2981.123, -2763.772, 1.0000, 0, 0, 0
L -2981.123, -2763.772, 1.0000, -2975.123, -2756.772, 0.0000, 0, 0, 0
L -2975.123, -2756.772, 0.0000, -2980.123, -2750.772, 0.0000, 0, 0, 0
L -2980.123, -2750.772, 0.0000, -2983.123, -2697.772, 0.0000, 0, 0, 0
L -2983.123, -2697.772, 0.0000, -2856.123, -2570.772, 0.0000, 0, 0, 0
L -2856.123, -2570.772, 0.0000, -2853.123, -2573.772, 0.0000, 0, 0, 0
L -2853.123, -2573.772, 0.0000, -2811.123, -2532.772, 0.0000, 0, 0, 0
L -2811.123, -2532.772, 0.0000, -2767.123, -2531.772, 0.0000, 0, 0, 0
L -2767.123, -2531.772, 0.0000, -2761.123, -2524.772, 0.0000, 0, 0, 0
L -2761.123, -2524.772, 0.0000, -2766.123, -2521.772, 0.0000, 0, 0, 0
L -2766.123, -2521.772, 0.0000, -2768.123, -2525.772, 0.0000, 0, 0, 0
L -2768.123, -2525.772, 0.0000, -2813.123, -2528.772, 0.0000, 0, 0, 0
L -2813.123, -2528.772, 0.0000, -2852.123, -2567.772, 0.0000, 0, 0, 0
L -2852.123, -2567.772, 0.0000, -2868.123, -2553.772, 0.0000, 0, 0, 0
L -2868.123, -2553.772, 0.0000, -2872.123, -2558.772, 1.0000, 0, 0, 0
L -2872.123, -2558.772, 1.0000, -2860.123, -2570.772, 0.0000, 0, 0, 0
L -2860.123, -2570.772, 0.0000, -2941.123, -2650.772, 0.0000, 0, 0, 0
L -2941.123, -2650.772, 0.0000, -2952.123, -2639.772, 0.0000, 0, 0, 0
L -2952.123, -2639.772, 0.0000, -2957.123, -2643.772, 0.0000, 0, 0, 0
L -2957.123, -2643.772, 0.0000, -2945.123, -2654.772, 0.0000, 0, 0, 0
L -2746.123, -2503.772, 0.0000, -2781.123, -2467.772, 1.0000, 0, 0, 0
L -2781.123, -2467.772, 1.0000, -2779.123, -2464.772, 0.0000, 0, 0, 0
L -2779.123, -2464.772, 0.0000, -2739.123, -2502.772, 1.0000, 0, 0, 0
L -2739.123, -2502.772, 1.0000, -2746.123, -2509.772, 0.0000, 0, 0, 0
L -2746.123, -2509.772, 0.0000, -2749.123, -2506.772, 0.0000, 0, 0, 0
L -2749.123, -2506.772, 0.0000, -2746.123, -2503.772, 0.0000, 0, 0, 0
L -2792.123, -2450.772, 0.0000, -2803.123, -2461.772, 0.0000, 0, 0, 0
L -2803.123, -2461.772, 0.0000, -2829.123, -2435.772, 0.0000, 0, 0, 0
L -2829.123, -2435.772, 0.0000, -2844.123, -2450.772, 0.0000, 0, 0, 0
L -2844.123, -2450.772, 0.0000, -2843.123, -2490.772, 1.0000, 0, 0, 0
L -2853.123, -2489.772, 1.0000, -2853.223, -2483.772, 3.0000, 0, 220, 0
L -2854.123, -2441.772, 17.0000, -2851.923, -2439.572, 18.0000, 0, 220, 0
L -2836.123, -2423.772, 25.0000, -2831.123, -2418.772, 25.0000, 0, 220, 0
L -2831.123, -2418.772, 25.0000, -2823.723, -2426.172, 28.0999, 0, 220, 0
L -2795.123, -2454.772, 40.0000, -2746.123, -2503.772, 40.0000, 0, 220, 0
L -2746.123, -2503.772, 40.0000, -2768.123, -2525.772, 40.0000, 0, 220, 0
L -2768.123, -2525.772, 40.0000, -2814.123, -2528.772, 40.0000, 0, 220, 0
L -2814.123, -2528.772, 40.0000, -2852.123, -2567.772, 40.0000, 0, 220, 0
L -2852.123, -2567.772, 40.0000, -2867.123, -2552.772, 40.0000, 0, 220, 0
L -2867.123, -2552.772, 40.0000, -2872.123, -2557.772, 41.0000, 0, 220, 0
L -2872.123, -2557.772, 41.0000, -2860.123, -2570.772, 40.0000, 0, 220, 0
L -2860.123, -2570.772, 40.0000, -2941.123, -2650.772, 40.0000, 0, 220, 0
L -2941.123, -2650.772, 40.0000, -2953.123, -2638.772, 41.0000, 0, 220, 0
L -2953.123, -2638.772, 41.0000, -2957.123, -2643.772, 40.0000, 0, 220, 0
L -2957.123, -2643.772, 40.0000, -2945.123, -2654.772, 40.0000, 0, 220, 0
L -2945.123, -2654.772, 40.0000, -2985.123, -2695.772, 40.0000, 0, 220, 0
L -2985.123, -2695.772, 40.0000, -2984.123, -2749.772, 40.0000, 0, 220, 0
L -2984.123, -2749.772, 40.0000, -2989.123, -2754.772, 40.0000, 0, 220, 0
L -2989.123, -2754.772, 40.0000, -2987.123, -2757.772, 40.0000, 0, 220, 0
L -2987.123, -2757.772, 40.0000, -2979.123, -2748.772, 40.0000, 0, 220, 0
L -2979.123, -2748.772, 40.0000, -2983.123, -2700.772, 40.0000, 0, 220, 0
L -2983.123, -2700.772, 40.0000, -2968.123, -2715.772, 40.0000, 0, 220, 0
L -2968.123, -2715.772, 40.0000, -2970.123, -2764.772, 40.0000, 0, 220, 0
L -2970.123, -2764.772, 40.0000, -2997.123, -2791.772, 40.0000, 0, 220, 0
L -2997.123, -2791.772, 40.0000, -3044.123, -2790.772, 40.0000, 0, 220, 0
L -3044.123, -2790.772, 40.0000, -3058.123, -2776.772, 40.0000, 0, 220, 0
L -3058.123, -2776.772, 40.0000, -3009.123, -2778.772, 40.0000, 0, 220, 0
L -3009.123, -2778.772, 40.0000, -3001.123, -2771.772, 40.0000, 0, 220, 0
L -3001.123, -2771.772, 40.0000, -3004.123, -2769.772, 41.0000, 0, 220, 0
L -3004.123, -2769.772, 41.0000, -3011.123, -2775.772, 40.0000, 0, 220, 0
L -3011.123, -2775.772, 40.0000, -3063.123, -2773.772, 40.0000, 0, 220, 0
L -3063.123, -2773.772, 40.0000, -3104.123, -2815.772, 40.0000, 0, 220, 0
L -3104.123, -2815.772, 40.0000, -3118.123, -2802.772, 41.0000, 0, 220, 0
L -3118.123, -2802.772, 41.0000, -3121.123, -2806.772, 41.0000, 0, 220, 0
L -3121.123, -2806.772, 41.0000, -3107.123, -2821.772, 40.0000, 0, 220, 0
L -3107.123, -2821.772, 40.0000, -3108.123, -2860.772, 40.0000, 0, 220, 0
L -3108.123, -2860.772, 40.0000, -3115.123, -2867.772, 40.0000, 0, 220, 0
L -3115.123, -2867.772, 40.0000, -3111.123, -2871.772, 40.0000, 0, 220, 0
L -3111.123, -2871.772, 40.0000, -3103.123, -2862.772, 39.0000, 0, 220, 0
L -3103.123, -2862.772, 39.0000, -3103.123, -2824.772, 39.0000, 0, 220, 0
L -3103.123, -2824.772, 39.0000, -3093.123, -2835.772, 39.0000, 0, 220, 0
L -3093.123, -2835.772, 39.0000, -3094.123, -2873.772, 39.0000, 0, 220, 0
L -3094.123, -2873.772, 39.0000, -3121.123, -2901.772, 39.0000, 0, 220, 0
L -3121.123, -2901.772, 39.0000, -3160.123, -2904.772, 39.0000, 0, 220, 0
L -3160.123, -2904.772, 39.0000, -3172.123, -2892.772, 39.0000, 0, 220, 0
L -3172.123, -2892.772, 39.0000, -3134.123, -2892.772, 39.0000, 0, 220, 0
L -3134.123, -2892.772, 39.0000, -3125.123, -2883.772, 39.0000, 0, 220, 0
L -3125.123, -2883.772, 39.0000, -3129.123, -2881.772, 40.0000, 0, 220, 0
L -3129.123, -2881.772, 40.0000, -3135.123, -2888.772, 40.0000, 0, 220, 0
L -3135.123, -2888.772, 40.0000, -3175.123, -2888.772, 40.0000, 0, 220, 0
L -3175.123, -2888.772, 40.0000, -3189.123, -2874.772, 40.0000, 0, 220, 0
L -3189.123, -2874.772, 40.0000, -3215.123, -2847.772, 40.0000, 0, 220, 0
L -3215.123, -2847.772, 40.0000, -3215.123, -2809.772, 40.0000, 0, 220, 0
L -3215.123, -2809.772, 40.0000, -3210.123, -2804.772, 40.0000, 0, 220, 0
L -3210.123, -2804.772, 40.0000, -3203.123, -2811.772, 40.0000, 0, 220, 0
L -3203.123, -2811.772, 40.0000, -3183.123, -2791.772, 40.0000, 0, 220, 0
L -3183.123, -2791.772, 40.0000, -3154.123, -2792.772, 40.0000, 0, 220, 0
L -3154.123, -2792.772, 40.0000, -3157.923, -2792.672, 38.1999, 0, 220, 0
L -3184.123, -2791.772, 26.0000, -3186.723, -2794.372, 24.5999, 0, 220, 0
L -3205.123, -2812.772, 15.0000, -3205.023, -2815.772, 13.3999, 0, 220, 0
L -3215.123, -2839.772, 0.0000, -3215.123, -2836.372, 1.8999, 0, 220, 0
L -3215.123, -2812.772, 15.0000, -3214.123, -2808.772, 15.0000, 0, 220, 0
L -3214.123, -2808.772, 15.0000, -3211.123, -2805.772, 16.3999, 0, 220, 0
L -3190.123, -2784.772, 26.0000, -3186.123, -2780.772, 26.0000, 0, 220, 0
L -3186.123, -2780.772, 26.0000, -3182.023, -2780.772, 27.7999, 0, 220, 0
L -3153.123, -2780.772, 40.0000, -3147.123, -2781.772, 40.0000, 0, 220, 0
L -3147.123, -2781.772, 40.0000, -3135.123, -2793.772, 40.0000, 0, 220, 0
L -3135.123, -2793.772, 40.0000, -3131.123, -2788.772, 40.0000, 0, 220, 0
L -3131.123, -2788.772, 40.0000, -3144.123, -2776.772, 40.0000, 0, 220, 0
L -3144.123, -2776.772, 40.0000, -3102.123, -2735.772, 40.0000, 0, 220, 0
L -3102.123, -2735.772, 40.0000, -3102.323, -2728.772, 38.5999, 0, 220, 0
L -3104.123, -2679.772, 29.0000, -3100.923, -2676.572, 27.7999, 0, 220, 0
L -3078.123, -2653.772, 19.0000, -3071.323, -2654.272, 16.5999, 0, 220, 0
L -3029.123, -2667.772, 3.0000, -3034.523, -2667.372, 5.0000, 0, 220, 0
L -3072.123, -2664.772, 19.0000, -3075.123, -2667.772, 20.1999, 0, 220, 0
L -3096.123, -2688.772, 29.0000, -3095.323, -2694.572, 30.3999, 0, 220, 0
L -3090.123, -2734.772, 40.0000, -3095.123, -2686.772, 40.0000, 0, 220, 0
L -3095.123, -2686.772, 40.0000, -3072.123, -2664.772, 40.0000, 0, 220, 0
L -3072.123, -2664.772, 40.0000, -3072.123, -2654.772, 40.0000, 0, 220, 0
L -3072.123, -2654.772, 40.0000, -3025.123, -2658.772, 40.0000, 0, 220, 0
L -3025.123, -2658.772, 40.0000, -2983.123, -2616.772, 40.0000, 0, 220, 0
L -2983.123, -2616.772, 40.0000, -2971.123, -2628.772, 40.0000, 0, 220, 0
L -2971.123, -2628.772, 40.0000, -2967.123, -2624.772, 40.0000, 0, 220, 0
L -2967.123, -2624.772, 40.0000, -2979.123, -2613.772, 40.0000, 0, 220, 0
L -2979.123, -2613.772, 40.0000, -2962.123, -2589.772, 40.0000, 0, 220, 0
L -2962.123, -2589.772, 40.0000, -2972.123, -2564.772, 40.0000, 0, 220, 0
L -2972.123, -2564.772, 40.0000, -2958.123, -2550.772, 40.0000, 0, 220, 0
L -2958.123, -2550.772, 40.0000, -3000.123, -2507.772, 40.0000, 0, 220, 0
L -3000.123, -2507.772, 40.0000, -2961.123, -2468.772, 40.0000, 0, 220, 0
L -2897.123, -2551.772, 0.0000, -2901.323, -2547.672, 2.5000, 0, 220, 0
L -2964.123, -2485.772, 40.0000, -2922.123, -2526.772, 40.0000, 0, 220, 0
L -2922.123, -2526.772, 40.0000, -2914.123, -2516.772, 40.0000, 0, 220, 0
L -2914.123, -2516.772, 40.0000, -2886.123, -2543.772, 42.0000, 0, 220, 0
L -2886.123, -2543.772, 42.0000, -2882.123, -2538.772, 40.0000, 0, 220, 0
L -2882.123, -2538.772, 40.0000, -2891.123, -2529.772, 40.0000, 0, 220, 0
L -2891.123, -2529.772, 40.0000, -2854.123, -2491.772, 40.0000, 0, 220, 0
L -2854.123, -2491.772, 40.0000, -2843.123, -2491.772, 40.0000, 0, 220, 0
L -2843.123, -2491.772, 40.0000, -2844.123, -2450.772, 40.0000, 0, 220, 0
L -2844.123, -2450.772, 40.0000, -2829.123, -2435.772, 40.0000, 0, 220, 0
L -2829.123, -2435.772, 40.0000, -2802.123, -2462.772, 40.0000, 0, 220, 0
L -2802.123, -2462.772, 40.0000, -2805.523, -2459.372, 38.1999, 0, 220, 0
L -2829.123, -2435.772, 26.0000, -2831.023, -2437.772, 24.8999, 0, 220, 0
L -2844.123, -2451.772, 17.0000, -2844.023, -2456.672, 15.0000, 0, 220, 0
L -2853.123, -2489.772, 1.0000, -2891.123, -2529.772, 0.0000, 0, 0, 0
L -2891.123, -2529.772, 0.0000, -2881.123, -2539.772, 0.0000, 0, 0, 0
L -2881.123, -2539.772, 0.0000, -2886.123, -2543.772, 0.0000, 0, 0, 0
L -2944.123, -2504.772, 0.0000, -2933.123, -2493.772, 0.0000, 0, 0, 0
L -2933.123, -2493.772, 0.0000, -2896.123, -2529.772, 0.0000, 0, 0, 0
L -2896.123, -2529.772, 0.0000, -2856.123, -2488.772, 0.0000, 0, 0, 0
L -2856.123, -2488.772, 0.0000, -2857.123, -2438.772, 0.0000, 0, 0, 0
L -2857.123, -2438.772, 0.0000, -2830.123, -2412.772, 0.0000, 0, 0, 0
L -2830.123, -2412.772, 0.0000, -2792.123, -2450.772, 0.0000, 0, 0, 0
L -2946.123, -2479.772, 0.0000, -2961.123, -2464.772, 0.0000, 0, 0, 0
L -2961.123, -2464.772, 0.0000, -2976.123, -2478.772, 0.0000, 0, 0, 0
L -2976.123, -2478.772, 0.0000, -2973.123, -2480.772, 0.0000, 0, 0, 0
L -2973.123, -2480.772, 0.0000, -2971.123, -2477.772, 0.0000, 0, 0, 0
L -2971.123, -2477.772, 0.0000, -2958.123, -2490.772, 0.0000, 0, 0, 0
L -2958.123, -2490.772, 0.0000, -2946.123, -2479.772, 0.0000, 0, 0, 0
L -2990.123, -2491.772, 0.0000, -3004.123, -2506.772, 0.0000, 0, 0, 0
L -3004.123, -2506.772, 0.0000, -2962.123, -2549.772, 0.0000, 0, 0, 0
L -2962.123, -2549.772, 0.0000, -2977.123, -2563.772, 0.0000, 0, 0, 0
L -2977.123, -2563.772, 0.0000, -2966.123, -2588.772, 0.0000, 0, 0, 0
L -2966.123, -2588.772, 0.0000, -2983.123, -2611.772, 0.0000, 0, 0, 0
L -2983.123, -2611.772, 0.0000, -3026.123, -2654.772, 0.0000, 0, 0, 0
L -3026.123, -2654.772, 0.0000, -3079.123, -2651.772, 0.0000, 0, 0, 0
L -3079.123, -2651.772, 0.0000, -3087.123, -2659.772, 0.0000, 0, 0, 0
L -3087.123, -2659.772, 0.0000, -3077.123, -2669.772, 0.0000, 0, 0, 0
L -3077.123, -2669.772, 0.0000, -3072.123, -2665.772, 0.0000, 0, 0, 0
L -3090.123, -2682.772, 0.0000, -3100.123, -2672.772, 0.0000, 0, 0, 0
L -3100.123, -2672.772, 0.0000, -3108.123, -2681.772, 0.0000, 0, 0, 0
L -3108.123, -2681.772, 0.0000, -3104.123, -2733.772, 0.0000, 0, 0, 0
L -3104.123, -2733.772, 0.0000, -3147.123, -2776.772, 0.0000, 0, 0, 0
L -3147.123, -2776.772, 0.0000, -3190.123, -2777.772, 0.0000, 0, 0, 0
L -3190.123, -2777.772, 0.0000, -3219.123, -2807.772, 0.0000, 0, 0, 0
L -3219.123, -2807.772, 0.0000, -3219.123, -2850.772, 0.0000, 0, 0, 0
L -3219.123, -2850.772, 0.0000, -3206.123, -2863.772, 0.0000, 0, 0, 0
L -3206.123, -2863.772, 0.0000, -3203.123, -2859.772, 0.0000, 0, 0, 0
L -3203.123, -2859.772, 0.0000, -3215.123, -2848.772, 0.0000, 0, 0, 0
L -3215.123, -2848.772, 0.0000, -3215.123, -2839.772, 0.0000, 0, 0, 0
L -3204.123, -2812.772, 0.0000, -3183.123, -2792.772, 0.0000, 0, 0, 0
L -3183.123, -2792.772, 0.0000, -3155.123, -2792.772, 0.0000, 0, 0, 0
L -3155.123, -2792.772, 0.0000, -3151.123, -2796.772, 0.0000, 0, 0, 0
L -3151.123, -2796.772, 0.0000, -3141.123, -2787.772, 0.0000, 0, 0, 0
L -3141.123, -2787.772, 0.0000, -3133.123, -2794.772, 0.0000, 0, 0, 0
L -3133.123, -2794.772, 0.0000, -3129.123, -2789.772, 0.0000, 0, 0, 0
L -3129.123, -2789.772, 0.0000, -3144.123, -2776.772, 0.0000, 0, 0, 0
L -3144.123, -2776.772, 0.0000, -3102.123, -2733.772, 0.0000, 0, 0, 0
L -3102.123, -2733.772, 0.0000, -3090.123, -2733.772, 0.0000, 0, 0, 0
L -3090.123, -2733.772, 0.0000, -3095.123, -2687.772, 0.0000, 0, 0, 0
L -3095.123, -2687.772, 0.0000, -3090.123, -2682.772, 0.0000, 0, 0, 0
L -2989.123, -2492.772, 0.0000, -3000.123, -2507.772, 0.0000, 0, 0, 0
L -3000.123, -2507.772, 0.0000, -2958.123, -2550.772, 0.0000, 0, 0, 0
L -2958.123, -2550.772, 0.0000, -2972.123, -2564.772, 0.0000, 0, 0, 0
L -2972.123, -2564.772, 0.0000, -2962.123, -2588.772, 0.0000, 0, 0, 0
L -2962.123, -2588.772, 0.0000, -2979.123, -2612.772, 0.0000, 0, 0, 0
L -2979.123, -2612.772, 0.0000, -2967.123, -2625.772, 0.0000, 0, 0, 0
L -2967.123, -2625.772, 0.0000, -2971.123, -2628.772, 0.0000, 0, 0, 0
L -2971.123, -2628.772, 0.0000, -2983.123, -2616.772, 0.0000, 0, 0, 0
L -2983.123, -2616.772, 0.0000, -3024.123, -2657.772, 0.0000, 0, 0, 0
L -2846.123, -2842.772, 0.0000, -2835.123, -2852.772, 0.0000, 0, 0, 0
L -2835.123, -2852.772, 0.0000, -2829.123, -2845.772, 0.0000, 0, 0, 0
L -2829.123, -2845.772, 0.0000, -2789.123, -2845.772, 0.0000, 0, 0, 0
L -2789.123, -2845.772, 0.0000, -2776.123, -2858.772, 0.0000, 0, 0, 0
L -2776.123, -2858.772, 0.0000, -2771.123, -2854.772, 0.0000, 0, 0, 0
L -2771.123, -2854.772, 0.0000, -2783.123, -2842.772, 0.0000, 0, 0, 0
L -2783.123, -2842.772, 0.0000, -2756.123, -2815.772, 0.0000, 0, 0, 0
L -2756.123, -2815.772, 0.0000, -2742.123, -2801.772, 0.0000, 0, 0, 0
L -2742.123, -2801.772, 0.0000, -2744.123, -2748.772, 0.0000, 0, 0, 0
L -2744.123, -2748.772, 0.0000, -2738.123, -2741.772, 0.0000, 0, 0, 0
L -2738.123, -2741.772, 0.0000, -2741.123, -2740.772, 0.0000, 0, 0, 0
L -2741.123, -2740.772, 0.0000, -2747.123, -2746.772, 0.0000, 0, 0, 0
L -2747.123, -2746.772, 0.0000, -2745.123, -2799.772, 0.0000, 0, 0, 0
L -2745.123, -2799.772, 0.0000, -2787.123, -2841.772, 0.0000, 0, 0, 0
L -2787.123, -2841.772, 0.0000, -2791.123, -2841.772, 0.0000, 0, 0, 0
L -2791.123, -2841.772, 0.0000, -2831.123, -2841.772, 0.0000, 0, 0, 0
L -2831.123, -2841.772, 0.0000, -2837.123, -2836.772, 0.0000, 0, 0, 0
L -2837.123, -2836.772, 0.0000, -2846.123, -2842.772, 0.0000, 0, 0, 0
L -2860.123, -2857.772, 1.0000, -2867.123, -2864.772, 2.0000, 0, 0, 0
L -2867.123, -2864.772, 2.0000, -2861.123, -2871.772, 0.0000, 0, 0, 0
L -2861.123, -2871.772, 0.0000, -2860.123, -2915.772, 0.0000, 0, 0, 0
L -2860.123, -2915.772, 0.0000, -2874.123, -2929.772, 0.0000, 0, 0, 0
L -2874.123, -2929.772, 0.0000, -2869.123, -2933.772, 0.0000, 0, 0, 0
L -2869.123, -2933.772, 0.0000, -2860.123, -2922.772, 0.0000, 0, 0, 0
L -2860.123, -2922.772, 0.0000, -2848.123, -2933.772, 0.0000, 0, 0, 0
L -2848.123, -2933.772, 0.0000, -2843.123, -2926.772, 0.0000, 0, 0, 0
L -2843.123, -2926.772, 0.0000, -2857.123, -2912.772, 0.0000, 0, 0, 0
L -2857.123, -2912.772, 0.0000, -2857.123, -2873.772, 0.0000, 0, 0, 0
L -2857.123, -2873.772, 0.0000, -2850.123, -2866.772, 0.0000, 0, 0, 0
L -2850.123, -2866.772, 0.0000, -2860.123, -2857.772, 1.0000, 0, 0, 0
L -2888.123, -2943.772, 0.0000, -2901.123, -2956.772, 0.0000, 0, 0, 0
L -2901.123, -2956.772, 0.0000, -2888.123, -2970.772, 0.0000, 0, 0, 0
L -2888.123, -2970.772, 0.0000, -2879.123, -2961.772, 0.0000, 0, 0, 0
L -2879.123, -2961.772, 0.0000, -2889.123, -2951.772, 0.0000, 0, 0, 0
L -2889.123, -2951.772, 0.0000, -2884.123, -2946.772, 0.0000, 0, 0, 0
L -2884.123, -2946.772, 0.0000, -2888.123, -2943.772, 0.0000, 0, 0, 0
L -2875.123, -2984.772, 0.0000, -2860.123, -2999.772, 0.0000, 0, 0, 0
L -2860.123, -2999.772, 0.0000, -2818.123, -2957.772, 0.0000, 0, 0, 0
L -2818.123, -2957.772, 0.0000, -2776.123, -2957.772, 0.0000, 0, 0, 0
L -2776.123, -2957.772, 0.0000, -2745.123, -2927.772, 0.0000, 0, 0, 0
L -2745.123, -2927.772, 0.0000, -2745.123, -2884.772, 0.0000, 0, 0, 0
L -2745.123, -2884.772, 0.0000, -2702.123, -2842.772, 0.0000, 0, 0, 0
L -2702.123, -2842.772, 0.0000, -2649.123, -2846.772, 0.0000, 0, 0, 0
L -2649.123, -2846.772, 0.0000, -2641.123, -2838.772, 0.0000, 0, 0, 0
L -2641.123, -2838.772, 0.0000, -2651.123, -2828.772, 0.0000, 0, 0, 0
L -2651.123, -2828.772, 0.0000, -2655.123, -2832.772, 0.0000, 0, 0, 0
L -2655.123, -2832.772, 0.0000, -2702.123, -2829.772, 0.0000, 0, 0, 0
L -2626.123, -2824.772, 0.0000, -2637.123, -2815.772, 0.0000, 0, 0, 0
L -2637.123, -2815.772, 0.0000, -2633.123, -2809.772, 0.0000, 0, 0, 0
L -2633.123, -2809.772, 0.0000, -2637.123, -2763.772, 0.0000, 0, 0, 0
L -2637.123, -2763.772, 0.0000, -2626.123, -2763.772, 0.0000, 0, 0, 0
L -2626.123, -2763.772, 0.0000, -2584.123, -2721.772, 0.0000, 0, 0, 0
L -2584.123, -2721.772, 0.0000, -2595.123, -2707.772, 0.0000, 0, 0, 0
L -2595.123, -2707.772, 0.0000, -2581.123, -2720.772, 0.0000, 0, 0, 0
L -2581.123, -2720.772, 0.0000, -2623.123, -2763.772, 0.0000, 0, 0, 0
L -2623.123, -2763.772, 0.0000, -2620.123, -2817.772, 0.0000, 0, 0, 0
L -2620.123, -2817.772, 0.0000, -2626.123, -2824.772, 0.0000, 0, 0, 0
L -2609.123, -2693.772, 0.0000, -2623.123, -2678.772, 0.0000, 0, 0, 0
L -2623.123, -2678.772, 0.0000, -2666.123, -2721.772, 0.0000, 0, 0, 0
L -2666.123, -2721.772, 0.0000, -2720.123, -2718.772, 0.0000, 0, 0, 0
L -2720.123, -2718.772, 0.0000, -2726.123, -2725.772, 0.0000, 0, 0, 0
L -2726.123, -2725.772, 0.0000, -2723.123, -2727.772, 0.0000, 0, 0, 0
L -2723.123, -2727.772, 0.0000, -2717.123, -2721.772, 0.0000, 0, 0, 0
L -2717.123, -2721.772, 0.0000, -2663.123, -2723.772, 0.0000, 0, 0, 0
L -2663.123, -2723.772, 0.0000, -2623.123, -2682.772, 0.0000, 0, 0, 0
L -2623.123, -2682.772, 0.0000, -2609.123, -2692.772, 0.0000, 0, 0, 0
L -2875.123, -2984.772, 0.0000, -2864.123, -2976.772, 0.0000, 0, 0, 0
L -2864.123, -2976.772, 0.0000, -2859.123, -2980.772, 0.0000, 0, 0, 0
L -2859.123, -2980.772, 0.0000, -2834.123, -2955.772, 0.0000, 0, 0, 0
L -2824.123, -2957.772, 0.0000, -2835.123, -2946.772, 0.0000, 0, 0, 0
L -2835.123, -2946.772, 0.0000, -2829.123, -2940.772, 0.0000, 0, 0, 0
L -2829.123, -2940.772, 0.0000, -2823.123, -2946.772, 0.0000, 0, 0, 0
L -2823.123, -2946.772, 0.0000, -2813.123, -2937.772, 0.0000, 0, 0, 0
L -2813.123, -2937.772, 0.0000, -2809.123, -2941.772, 0.0000, 0, 0, 0
L -2809.123, -2941.772, 0.0000, -2781.123, -2941.772, 0.0000, 0, 0, 0
L -2781.123, -2941.772, 0.0000, -2760.123, -2921.772, 0.0000, 0, 0, 0
L -2760.123, -2921.772, 0.0000, -2761.123, -2897.772, 0.0000, 0, 0, 0
L -2749.123, -2894.772, 0.0000, -2749.123, -2885.772, 0.0000, 0, 0, 0
L -2749.123, -2885.772, 0.0000, -2762.123, -2872.772, 0.0000, 0, 0, 0
L -2762.123, -2872.772, 0.0000, -2758.123, -2868.772, 0.0000, 0, 0, 0
L -2758.123, -2868.772, 0.0000, -2745.123, -2880.772, 0.0000, 0, 0, 0
L -2745.123, -2880.772, 0.0000, -2703.123, -2839.772, 0.0000, 0, 0, 0
L -2703.123, -2839.772, 0.0000, -2699.823, -2839.972, 1.1999, 0, 220, 0
L -2650.123, -2843.772, 19.0000, -2646.723, -2840.372, 20.1999, 0, 220, 0
L -2623.123, -2816.772, 29.0000, -2623.323, -2813.472, 29.5999, 0, 220, 0
L -2626.123, -2763.772, 39.0000, -2583.123, -2720.772, 39.0000, 0, 220, 0
L -2585.123, -2720.772, 39.0000, -2623.123, -2681.772, 39.0000, 0, 220, 0
L -2623.123, -2681.772, 39.0000, -2664.123, -2723.772, 39.0000, 0, 220, 0
L -2664.123, -2723.772, 39.0000, -2717.123, -2722.772, 39.0000, 0, 220, 0
L -2717.123, -2722.772, 39.0000, -2744.123, -2749.772, 39.0000, 0, 220, 0
L -2744.123, -2749.772, 39.0000, -2742.123, -2801.772, 39.0000, 0, 220, 0
L -2742.123, -2801.772, 39.0000, -2783.123, -2842.772, 39.0000, 0, 220, 0
L -2783.123, -2842.772, 39.0000, -2771.123, -2854.772, 39.0000, 0, 220, 0
L -2745.123, -2880.772, 39.0000, -2707.123, -2843.772, 39.0000, 0, 220, 0
L -2656.123, -2843.772, 38.0000, -2707.123, -2843.772, 39.0000, 0, 220, 0
L -2656.123, -2843.772, 38.0000, -2656.123, -2832.772, 39.0000, 0, 220, 0
L -2656.123, -2832.772, 39.0000, -2633.123, -2810.772, 39.0000, 0, 220, 0
L -2633.123, -2810.772, 39.0000, -2637.123, -2763.772, 39.0000, 0, 220, 0
L -2637.123, -2763.772, 39.0000, -2636.923, -2766.672, 38.3999, 0, 220, 0
L -2633.123, -2810.772, 29.0000, -2635.923, -2813.672, 27.7999, 0, 220, 0
L -2749.123, -2894.772, 0.0000, -2749.123, -2902.572, 3.7999, 0, 220, 0
L -2749.123, -2925.772, 15.0000, -2752.623, -2929.172, 16.3999, 0, 220, 0
L -2777.123, -2952.772, 26.0000, -2781.623, -2952.772, 27.7999, 0, 220, 0
L -2813.123, -2952.772, 40.0000, -2817.123, -2952.772, 40.0000, 0, 220, 0
L -2817.123, -2952.772, 40.0000, -2828.123, -2941.772, 40.0000, 0, 220, 0
L -2828.123, -2941.772, 40.0000, -2829.123, -2940.772, 40.0000, 0, 220, 0
L -2828.123, -2941.772, 40.0000, -2857.123, -2912.772, 40.0000, 0, 220, 0
L -2857.123, -2912.772, 40.0000, -2857.123, -2873.772, 40.0000, 0, 220, 0
L -2857.123, -2873.772, 40.0000, -2850.123, -2866.772, 40.0000, 0, 220, 0
L -2850.123, -2866.772, 40.0000, -2853.123, -2863.772, 39.0000, 0, 220, 0
L -2853.123, -2863.772, 39.0000, -2861.123, -2873.772, 39.0000, 0, 220, 0
L -2861.123, -2873.772, 39.0000, -2861.123, -2909.772, 39.0000, 0, 220, 0
L -2861.123, -2909.772, 39.0000, -2870.123, -2899.772, 39.0000, 0, 220, 0
L -2870.123, -2899.772, 39.0000, -2869.123, -2857.772, 39.0000, 0, 220, 0
L -2869.123, -2857.772, 39.0000, -2842.123, -2832.772, 39.0000, 0, 220, 0
L -2842.123, -2832.772, 39.0000, -2804.123, -2828.772, 39.0000, 0, 220, 0
L -2804.123, -2828.772, 39.0000, -2792.123, -2841.772, 39.0000, 0, 220, 0
L -2792.123, -2841.772, 39.0000, -2830.123, -2841.772, 39.0000, 0, 220, 0
L -2830.123, -2841.772, 39.0000, -2838.123, -2849.772, 39.0000, 0, 220, 0
L -2838.123, -2849.772, 39.0000, -2834.123, -2851.772, 40.0000, 0, 220, 0
L -2834.123, -2851.772, 40.0000, -2829.123, -2845.772, 40.0000, 0, 220, 0
L -2829.123, -2845.772, 40.0000, -2789.123, -2845.772, 40.0000, 0, 220, 0
L -2789.123, -2845.772, 40.0000, -2776.123, -2859.772, 40.0000, 0, 220, 0
L -2776.123, -2859.772, 40.0000, -2771.123, -2854.772, 39.0000, 0, 220, 0
L -2757.123, -2868.772, 39.0000, -2745.123, -2880.772, 39.0000, 0, 220, 0
L -2757.123, -2868.772, 39.0000, -2762.123, -2873.772, 40.0000, 0, 220, 0
L -2762.123, -2873.772, 40.0000, -2749.123, -2885.772, 40.0000, 0, 220, 0
L -2749.123, -2885.772, 40.0000, -2749.123, -2925.772, 40.0000, 0, 220, 0
L -2749.123, -2925.772, 40.0000, -2753.123, -2928.772, 40.0000, 0, 220, 0
L -2753.123, -2928.772, 40.0000, -2760.123, -2922.772, 40.0000, 0, 220, 0
L -2760.123, -2922.772, 40.0000, -2781.123, -2941.772, 40.0000, 0, 220, 0
L -2781.123, -2941.772, 40.0000, -2811.123, -2941.772, 40.0000, 0, 220, 0
L -2811.123, -2941.772, 40.0000, -2807.023, -2941.872, 38.1999, 0, 220, 0
L -2778.123, -2942.772, 26.0000, -2775.723, -2940.272, 24.7999, 0, 220, 0
L -2759.123, -2922.772, 16.0000, -2759.623, -2916.572, 12.0000, 0, 220, 0
L -2865.023, -2987.872, 19.0000, -2866.523, -2986.372, 20.0000, 0, 220, 0
L -2889.123, -2963.772, 35.0000, -2895.123, -2957.772, 35.0000, 0, 220, 0
L -2895.123, -2957.772, 35.0000, -2860.123, -2921.772, 35.0000, 0, 220, 0
L -2860.123, -2921.772, 35.0000, -2824.123, -2957.772, 35.0000, 0, 220, 0
L -2824.123, -2957.772, 35.0000, -2828.123, -2960.772, 35.0000, 0, 220, 0
L -2828.123, -2960.772, 35.0000, -2833.123, -2954.772, 35.0000, 0, 220, 0
L -2833.123, -2954.772, 35.0000, -2859.123, -2981.772, 35.0000, 0, 220, 0
L -2859.123, -2981.772, 35.0000, -2884.123, -2956.772, 35.0000, 0, 220, 0
L -2884.123, -2956.772, 35.0000, -2882.523, -2958.372, 34.0000, 0, 220, 0
L -2859.123, -2981.772, 19.0000, -2857.523, -2980.172, 17.7999, 0, 220, 0
L -3063.123, -3157.772, 1.0000, -3043.123, -3139.772, 0.0000, 0, 0, 0
L -3043.123, -3139.772, 0.0000, -3004.123, -3175.772, 0.0000, 0, 0, 0
L -3004.123, -3175.772, 0.0000, -3022.123, -3194.772, 0.0000, 0, 0, 0
L -3116.123, -3109.772, 0.0000, -3098.123, -3090.772, 0.0000, 0, 0, 0
L -3098.123, -3090.772, 0.0000, -3137.123, -3053.772, 0.0000, 0, 0, 0
L -3137.123, -3053.772, 0.0000, -3157.123, -3073.772, 0.0000, 0, 0, 0
L -2720.123, -3091.772, 0.0000, -2720.123, -3076.772, 0.0000, 0, 0, 0
L -2720.123, -3076.772, 0.0000, -2714.123, -3076.772, 0.0000, 0, 0, 0
L -2714.123, -3076.772, 0.0000, -2714.123, -3061.772, 0.0000, 0, 0, 0
L -2714.123, -3061.772, 0.0000, -2721.123, -3061.772, 0.0000, 0, 0, 0
L -2721.123, -3061.772, 0.0000, -2721.123, -3071.772, 0.0000, 0, 0, 0
L -2721.123, -3071.772, 0.0000, -2734.123, -3071.772, 0.0000, 0, 0, 0
L -2734.123, -3071.772, 0.0000, -2733.123, -3091.772, 0.0000, 0, 0, 0
L -2733.123, -3091.772, 0.0000, -2720.123, -3091.772, 0.0000, 0, 0, 0
L -2694.123, -3061.772, 0.0000, -2693.123, -3076.772, 0.0000, 0, 0, 0
L -2693.123, -3076.772, 0.0000, -2679.123, -3076.772, 0.0000, 0, 0, 0
L -2679.123, -3076.772, 0.0000, -2679.123, -3092.772, 0.0000, 0, 0, 0
L -2679.123, -3092.772, 0.0000, -2672.123, -3091.772, 0.0000, 0, 0, 0
L -2672.123, -3091.772, 0.0000, -2672.123, -3023.772, 0.0000, 0, 0, 0
L -2672.123, -3023.772, 0.0000, -2675.123, -3023.772, 0.0000, 0, 0, 0
L -2675.123, -3023.772, 0.0000, -2675.123, -3071.772, 0.0000, 0, 0, 0
L -2675.123, -3071.772, 0.0000, -2687.123, -3071.772, 0.0000, 0, 0, 0
L -2687.123, -3071.772, 0.0000, -2687.123, -3061.772, 0.0000, 0, 0, 0
L -2687.123, -3061.772, 0.0000, -2687.123, -3060.772, 0.0000, 0, 0, 0
L -2687.123, -3061.772, 0.0000, -2694.123, -3061.772, 0.0000, 0, 0, 0
L -2675.123, -2981.772, 0.0000, -2655.123, -2981.772, 0.0000, 0, 0, 0
L -2672.123, -2984.772, 0.0000, -2672.123, -3003.772, 0.0000, 0, 0, 0
L -2672.123, -2984.772, 0.0000, -2655.123, -2984.772, 0.0000, 0, 0, 0
L -2655.123, -2981.772, 0.0000, -2655.123, -2984.772, 0.0000, 0, 0, 0
L -2675.123, -3003.772, 0.0000, -2672.123, -3003.772, 0.0000, 0, 0, 0
L -2675.123, -3003.772, 0.0000, -2675.123, -2981.772, 0.0000, 0, 0, 0
L -2635.123, -2981.772, 0.0000, -2614.123, -2981.772, 0.0000, 0, 0, 0
L -2614.123, -2981.772, 0.0000, -2614.123, -3041.772, 0.0000, 0, 0, 0
L -2614.123, -3041.772, 0.0000, -2594.123, -3041.772, 0.0000, 0, 0, 0
L -2594.123, -3041.772, 0.0000, -2584.123, -3066.772, 0.0000, 0, 0, 0
L -2584.123, -3066.772, 0.0000, -2554.123, -3072.772, 0.0000, 0, 0, 0
L -2554.123, -3072.772, 0.0000, -2554.123, -3092.772, 0.0000, 0, 0, 0
L -2554.123, -3092.772, 0.0000, -2551.123, -3092.772, 0.0000, 0, 0, 0
L -2551.123, -3092.772, 0.0000, -2547.123, -3113.772, 1.0000, 0, 0, 0
L -2547.123, -3113.772, 1.0000, -2554.123, -3120.772, 0.0000, 0, 0, 0
L -2554.123, -3120.772, 0.0000, -2557.123, -3131.772, 0.0000, 0, 0, 0
L -2557.123, -3131.772, 0.0000, -2675.123, -3131.772, 0.0000, 0, 0, 0
L -2675.123, -3131.772, 0.0000, -2734.123, -3129.772, 0.0000, 0, 0, 0
L -2734.123, -3129.772, 0.0000, -2733.123, -3110.772, 0.0000, 0, 0, 0
L -2733.123, -3110.772, 0.0000, -2720.123, -3111.772, 0.0000, 0, 0, 0
L -2720.123, -3111.772, 0.0000, -2720.123, -3118.772, 0.0000, 0, 0, 0
L -2720.123, -3118.772, 0.0000, -2685.123, -3118.772, 0.0000, 0, 0, 0
L -2679.123, -3110.772, 0.0000, -2672.123, -3112.772, 0.0000, 0, 0, 0
L -2672.123, -3112.772, 0.0000, -2672.123, -3128.772, 0.0000, 0, 0, 0
L -2672.123, -3128.772, 0.0000, -2558.123, -3127.772, 0.0000, 0, 0, 0
L -2558.123, -3127.772, 0.0000, -2564.123, -3127.772, 0.0000, 0, 0, 0
L -2564.123, -3127.772, 0.0000, -2581.123, -3121.772, 0.0000, 0, 0, 0
L -2581.123, -3121.772, 0.0000, -2586.123, -3102.772, 0.0000, 0, 0, 0
L -2586.123, -3102.772, 0.0000, -2571.123, -3087.772, 1.0000, 0, 0, 0
L -2571.123, -3087.772, 1.0000, -2558.123, -3091.772, 1.0000, 0, 0, 0
L -2558.123, -3091.772, 1.0000, -2558.123, -3074.772, 0.0000, 0, 0, 0
L -2558.123, -3074.772, 0.0000, -2587.123, -3069.772, 0.0000, 0, 0, 0
L -2587.123, -3069.772, 0.0000, -2596.123, -3045.772, 0.0000, 0, 0, 0
L -2596.123, -3045.772, 0.0000, -2617.123, -3044.772, 0.0000, 0, 0, 0
L -2617.123, -3044.772, 0.0000, -2617.123, -2984.772, 0.0000, 0, 0, 0
L -2617.123, -2984.772, 0.0000, -2635.123, -2984.772, 0.0000, 0, 0, 0
L -2635.123, -2984.772, 0.0000, -2635.123, -2981.772, 0.0000, 0, 0, 0
L -2618.123, -2941.772, 0.0000, -2578.123, -2980.772, 0.0000, 0, 0, 0
L -2578.123, -2980.772, 0.0000, -2551.123, -2951.772, 0.0000, 0, 0, 0
L -2551.123, -2951.772, 0.0000, -2552.123, -2905.772, 0.0000, 0, 0, 0
L -2552.123, -2905.772, 0.0000, -2541.123, -2893.772, 1.0000, 0, 0, 0
L -2541.123, -2893.772, 1.0000, -2543.123, -2910.772, 0.0000, 0, 0, 0
L -2543.123, -2910.772, 0.0000, -2525.123, -2921.772, 1.0000, 0, 0, 0
L -2525.123, -2921.772, 1.0000, -2501.123, -2909.772, 0.0000, 0, 0, 0
L -2501.123, -2909.772, 0.0000, -2503.123, -2883.772, 0.0000, 0, 0, 0
L -2503.123, -2883.772, 0.0000, -2524.123, -2876.772, 0.0000, 0, 0, 0
L -2524.123, -2876.772, 0.0000, -2513.123, -2866.772, 0.0000, 0, 0, 0
L -2513.123, -2866.772, 0.0000, -2497.123, -2882.772, 0.0000, 0, 0, 0
L -2497.123, -2882.772, 0.0000, -2475.123, -2876.772, 2.0000, 0, 0, 0
L -2475.123, -2876.772, 2.0000, -2471.123, -2853.772, 1.0000, 0, 0, 0
L -2471.123, -2853.772, 1.0000, -2483.123, -2841.772, 1.0000, 0, 0, 0
L -2483.123, -2841.772, 1.0000, -2509.123, -2845.772, 0.0000, 0, 0, 0
L -2509.123, -2845.772, 0.0000, -2513.123, -2862.772, 0.0000, 0, 0, 0
L -2513.123, -2862.772, 0.0000, -2526.123, -2849.772, 0.0000, 0, 0, 0
L -2526.123, -2849.772, 0.0000, -2529.123, -2853.772, 0.0000, 0, 0, 0
L -2529.123, -2853.772, 0.0000, -2519.123, -2863.772, 0.0000, 0, 0, 0
L -2519.123, -2863.772, 0.0000, -2552.123, -2896.772, 0.0000, 0, 0, 0
L -2552.123, -2896.772, 0.0000, -2562.123, -2886.772, 0.0000, 0, 0, 0
L -2562.123, -2886.772, 0.0000, -2566.123, -2890.772, 0.0000, 0, 0, 0
L -2566.123, -2890.772, 0.0000, -2556.123, -2901.772, 0.0000, 0, 0, 0
L -2556.123, -2901.772, 0.0000, -2556.123, -2950.772, 0.0000, 0, 0, 0
L -2556.123, -2950.772, 0.0000, -2579.123, -2973.772, 0.0000, 0, 0, 0
L -2579.123, -2973.772, 0.0000, -2615.123, -2938.772, 0.0000, 0, 0, 0
L -2618.123, -2941.772, 0.0000, -2615.123, -2938.772, 0.0000, 0, 0, 0
L -2630.123, -2926.772, 1.0000, -2629.123, -2930.772, 1.0000, 0, 0, 0
L -2629.123, -2930.772, 1.0000, -2640.123, -2945.772, 0.0000, 0, 0, 0
L -2640.123, -2945.772, 0.0000, -2658.123, -2943.772, 0.0000, 0, 0, 0
L -2658.123, -2943.772, 0.0000, -2667.123, -2921.772, 0.0000, 0, 0, 0
L -2667.123, -2921.772, 0.0000, -2652.123, -2907.772, 0.0000, 0, 0, 0
L -2652.123, -2907.772, 0.0000, -2669.123, -2887.772, 0.0000, 0, 0, 0
L -2669.123, -2887.772, 0.0000, -2664.123, -2882.772, 0.0000, 0, 0, 0
L -2664.123, -2882.772, 0.0000, -2661.123, -2886.772, 0.0000, 0, 0, 0
L -2661.123, -2886.772, 0.0000, -2664.123, -2889.772, 0.0000, 0, 0, 0
L -2664.123, -2889.772, 0.0000, -2641.123, -2911.772, 0.0000, 0, 0, 0
L -2641.123, -2911.772, 0.0000, -2635.123, -2913.772, 0.0000, 0, 0, 0
L -2635.123, -2913.772, 0.0000, -2632.123, -2921.772, 0.0000, 0, 0, 0
L -2632.123, -2921.772, 0.0000, -2630.123, -2926.772, 0.0000, 0, 0, 0
L -2650.123, -2868.772, 0.0000, -2643.123, -2861.772, 0.0000, 0, 0, 0
L -2643.123, -2861.772, 0.0000, -2599.123, -2860.772, 0.0000, 0, 0, 0
L -2599.123, -2860.772, 0.0000, -2557.123, -2818.772, 0.0000, 0, 0, 0
L -2557.123, -2818.772, 0.0000, -2545.123, -2831.772, 1.0000, 0, 0, 0
L -2545.123, -2831.772, 1.0000, -2541.123, -2830.772, 0.0000, 0, 0, 0
L -2541.123, -2830.772, 0.0000, -2536.123, -2838.772, 0.0000, 0, 0, 0
L -2536.123, -2838.772, 0.0000, -2540.123, -2847.772, 1.0000, 0, 0, 0
L -2540.123, -2847.772, 1.0000, -2551.123, -2847.772, 0.0000, 0, 0, 0
L -2551.123, -2847.772, 0.0000, -2555.123, -2840.772, 2.0000, 0, 0, 0
L -2555.123, -2840.772, 2.0000, -2551.123, -2831.772, 1.0000, 0, 0, 0
L -2551.123, -2831.772, 1.0000, -2558.123, -2824.772, 0.0000, 0, 0, 0
L -2558.123, -2824.772, 0.0000, -2590.123, -2857.772, 0.0000, 0, 0, 0
L -2590.123, -2857.772, 0.0000, -2576.123, -2871.772, 0.0000, 0, 0, 0
L -2576.123, -2871.772, 0.0000, -2581.123, -2875.772, 0.0000, 0, 0, 0
L -2581.123, -2875.772, 0.0000, -2597.123, -2864.772, 0.0000, 0, 0, 0
L -2597.123, -2864.772, 0.0000, -2642.123, -2867.772, 0.0000, 0, 0, 0
L -2642.123, -2867.772, 0.0000, -2647.123, -2871.772, 0.0000, 0, 0, 0
L -2647.123, -2871.772, 0.0000, -2650.123, -2868.772, 0.0000, 0, 0, 0
L -3031.123, -2541.772, 0.0000, -3017.123, -2527.772, 0.0000, 0, 0, 0
L -3017.123, -2527.772, 0.0000, -3033.123, -2512.772, 0.0000, 0, 0, 0
L -3033.123, -2512.772, 0.0000, -3044.123, -2524.772, 0.0000, 0, 0, 0
L -3044.123, -2524.772, 0.0000, -3031.123, -2536.772, 0.0000, 0, 0, 0
L -3031.123, -2536.772, 0.0000, -3034.123, -2539.772, 0.0000, 0, 0, 0
L -3034.123, -2539.772, 0.0000, -3031.123, -2541.772, 0.0000, 0, 0, 0
L -3046.123, -2498.772, 0.0000, -3058.123, -2509.772, 0.0000, 0, 0, 0
L -3058.123, -2509.772, 0.0000, -3105.123, -2461.772, 0.0000, 0, 0, 0
L -3022.123, -2527.772, 40.0000, -3030.123, -2536.772, 40.0000, 0, 220, 0
L -3030.123, -2536.772, 40.0000, -3060.123, -2566.772, 40.0000, 0, 220, 0
L -3060.123, -2566.772, 40.0000, -3103.123, -2523.772, 40.0000, 0, 220, 0
L -3103.123, -2523.772, 40.0000, -3118.123, -2537.772, 40.0000, 0, 220, 0
L -3118.123, -2537.772, 40.0000, -3144.123, -2527.772, 40.0000, 0, 220, 0
L -3144.123, -2527.772, 40.0000, -3166.123, -2544.772, 40.0000, 0, 220, 0
L -3166.123, -2544.772, 40.0000, -3204.123, -2506.772, 40.0000, 0, 220, 0
L -3204.123, -2506.772, 40.0000, -3126.123, -2428.772, 40.0000, 0, 220, 0
L -3126.123, -2428.772, 40.0000, -3123.123, -2425.772, 40.0000, 0, 220, 0
L -3123.123, -2425.772, 40.0000, -3088.123, -2460.772, 40.0000, 0, 220, 0
L -3070.123, -2478.772, 40.0000, -3080.123, -2488.772, 40.0000, 0, 220, 0
L -3080.123, -2488.772, 40.0000, -3041.123, -2525.772, 40.0000, 0, 220, 0
L -3094.123, -2450.772, 0.0000, -3046.123, -2498.772, 0.0000, 0, 0, 0
L -3110.123, -2434.772, 0.0000, -3124.123, -2421.772, 0.0000, 0, 0, 0
L -3124.123, -2421.772, 0.0000, -3209.123, -2506.772, 0.0000, 0, 0, 0
L -3209.123, -2506.772, 0.0000, -3194.123, -2521.772, 0.0000, 0, 0, 0
L -3194.123, -2521.772, 0.0000, -3192.123, -2518.772, 0.0000, 0, 0, 0
L -3192.123, -2518.772, 0.0000, -3204.123, -2506.772, 0.0000, 0, 0, 0
L -3204.123, -2506.772, 0.0000, -3124.123, -2426.772, 0.0000, 0, 0, 0
L -3178.123, -2532.772, 0.0000, -3166.123, -2544.772, 0.0000, 0, 0, 0
L -3166.123, -2544.772, 0.0000, -3141.123, -2527.772, 0.0000, 0, 0, 0
L -3141.123, -2527.772, 0.0000, -3118.123, -2537.772, 0.0000, 0, 0, 0
L -3118.123, -2537.772, 0.0000, -3103.123, -2523.772, 0.0000, 0, 0, 0
L -3103.123, -2523.772, 0.0000, -3060.123, -2566.772, 0.0000, 0, 0, 0
L -3060.123, -2566.772, 0.0000, -3048.123, -2553.772, 0.0000, 0, 0, 0
L -3048.123, -2553.772, 0.0000, -3046.123, -2556.772, 0.0000, 0, 0, 0
L -3046.123, -2556.772, 0.0000, -3060.123, -2570.772, 0.0000, 0, 0, 0
L -3060.123, -2570.772, 0.0000, -3102.123, -2528.772, 0.0000, 0, 0, 0
L -3102.123, -2528.772, 0.0000, -3116.123, -2542.772, 0.0000, 0, 0, 0
L -3116.123, -2542.772, 0.0000, -3142.123, -2531.772, 0.0000, 0, 0, 0
L -3142.123, -2531.772, 0.0000, -3166.123, -2549.772, 0.0000, 0, 0, 0
L -3166.123, -2549.772, 0.0000, -3181.123, -2534.772, 0.0000, 0, 0, 0
L -3181.123, -2534.772, 0.0000, -3178.123, -2532.772, 0.0000, 0, 0, 0
L -2679.123, -3118.772, 0.0000, -2679.123, -3110.772, 0.0000, 0, 0, 0
L -2685.123, -3118.772, 0.0000, -2679.123, -3118.772, 0.0000, 0, 0, 0
L 3634.877, -895.772, 513.0000, 3658.877, -1326.772, 180.0000, 0, 0, 0
L 3581.877, -2275.772, 416.0000, 3611.877, -1412.772, 177.0000, 0, 0, 0
L 2705.877, 4339.228, 0.0000, 2619.877, 4336.228, 0.0000, 199, 21, 133
L 2208.877, 4331.228, -7.0000, 2120.877, 4326.228, -7.0000, 199, 21, 133
L 2120.877, 4326.228, -7.0000, 2120.877, 4385.328, -7.0000, 0, 0, 0
L 2208.877, 4331.228, -7.0000, 2208.877, 4385.328, -7.0000, 0, 0, 0
L 2619.877, 4336.228, 0.0000, 2619.877, 4385.328, 0.0000, 0, 0, 0
L 2705.877, 4339.228, 0.0000, 2705.877, 4385.328, 0.0000, 0, 0, 0
L -2493.123, 4358.228, 4.0000, -2777.123, 4375.228, 2.0000, 199, 21, 133
L -2498.123, 4375.228, 5.0000, -2498.123, 4659.428, 5.0000, 0, 0, 0
L -2777.123, 4375.228, 2.0000, -2777.123, 4659.428, 2.0000, 0, 0, 0
L -880.123, -5522.772, 45.0000, -1351.123, -5634.772, 32.0000, 199, 21, 133
L -3334.023, -3096.772, 32.0000, -3339.123, -3096.772, 36.0000, 0, 0, 0
L -3323.923, -3125.272, 32.0000, -3243.123, -3127.772, 0.0000, 0, 0, 0
L -3334.023, -3096.772, 32.0000, -3323.923, -3125.272, 32.0000, 199, 21, 133
L -3040.123, -3316.772, 32.0000, -3040.123, -3239.772, 0.0000, 0, 0, 0
L -3040.123, -3316.772, 32.0000, -3068.123, -3324.772, 5.0000, 199, 21, 133
L 4627.877, -2289.772, 38.0000, 4491.877, -2281.772, 30.0000, 199, 21, 133
L 1991.877, 1033.228, 24.0000, 1994.877, 1082.228, 24.0000, 150, 150, 150
L 2041.877, 1033.228, 15.5000, 2029.377, 1033.228, 17.5999, 139, 69, 19
L 2051.877, 1082.228, 13.0000, 2066.077, 1082.228, 10.1999, 139, 69, 19
L 2041.877, 1033.228, 15.5000, 2051.877, 1082.228, 13.0000, 150, 150, 150
L 2016.877, 1033.228, 19.7999, 2004.377, 1033.228, 21.8999, 139, 69, 19
L 2023.377, 1082.228, 18.5000, 2037.677, 1082.228, 15.7999, 139, 69, 19
L 2016.877, 1033.228, 19.7999, 2023.377, 1082.228, 18.5000, 150, 150, 150
L 2004.377, 1033.228, 21.8999, 1991.877, 1033.228, 24.0000, 139, 69, 19
L 2009.077, 1082.228, 21.1999, 2023.377, 1082.228, 18.5000, 139, 69, 19
L 2004.377, 1033.228, 21.8999, 2009.077, 1082.228, 21.1999, 150, 150, 150
L 2029.377, 1033.228, 17.5999, 2016.877, 1033.228, 19.7999, 139, 69, 19
L 2037.677, 1082.228, 15.7999, 2051.877, 1082.228, 13.0000, 139, 69, 19
L 2029.377, 1033.228, 17.5999, 2037.677, 1082.228, 15.7999, 150, 150, 150
L 2066.877, 1033.228, 11.1999, 2054.377, 1033.228, 13.3999, 139, 69, 19
L 2080.377, 1082.228, 7.5000, 2094.676, 1082.228, 4.7999, 139, 69, 19
L 2066.877, 1033.228, 11.1999, 2080.377, 1082.228, 7.5000, 150, 150, 150
L 2054.377, 1033.228, 13.3999, 2041.877, 1033.228, 15.5000, 139, 69, 19
L 2066.077, 1082.228, 10.1999, 2080.377, 1082.228, 7.5000, 139, 69, 19
L 2054.377, 1033.228, 13.3999, 2066.077, 1082.228, 10.1999, 150, 150, 150
L 2079.377, 1033.228, 9.0999, 2066.877, 1033.228, 11.1999, 139, 69, 19
L 2094.676, 1082.228, 4.7999, 2108.877, 1082.228, 2.0000, 139, 69, 19
L 2079.377, 1033.228, 9.0999, 2094.676, 1082.228, 4.7999, 150, 150, 150
L 1732.877, -1203.772, -8.0000, 1681.777, -1204.172, -7.5999, 0, 0, 0
L 1680.877, -1201.772, -7.0000, 1681.777, -1204.172, -7.5999, 0, 0, 0
L 1635.777, -1204.472, -7.2999, 1598.877, -1204.772, -7.0000, 0, 0, 0
L 1637.877, -1201.772, -7.0000, 1635.777, -1204.472, -7.2999, 0, 0, 0
L -3107.123, -3118.772, 0.0000, -3116.123, -3109.772, 0.0000, 0, 0, 0
L -3022.123, -3194.772, 0.0000, -2973.123, -3238.772, 0.0000, 0, 0, 0
L -2824.123, -2957.772, 0.0000, -2827.823, -2961.872, 0.0000, 0, 0, 0
L -2834.123, -2955.772, 0.0000, -2827.823, -2961.872, 0.0000, 150, 150, 150
L -2860.123, -2992.772, 19.0000, -2865.023, -2987.872, 19.0000, 0, 220, 0
L -2859.123, -2981.772, 19.0000, -2854.123, -2986.572, 19.0000, 150, 150, 150
L -2860.123, -2992.772, 19.0000, -2854.123, -2986.572, 19.0000, 0, 220, 0
L -2827.823, -2961.872, 0.0000, -2829.423, -2963.372, 1.1999, 0, 220, 0
L -2846.623, -2968.772, 9.5000, -2845.023, -2967.172, 8.2999, 0, 220, 0
L -2840.923, -2974.172, 9.5000, -2842.623, -2975.772, 10.6999, 0, 220, 0
L -2846.623, -2968.772, 9.5000, -2840.923, -2974.172, 9.5000, 150, 150, 150
L -2852.923, -2975.272, 14.1999, -2851.323, -2973.672, 13.0999, 0, 220, 0
L -2847.523, -2980.372, 14.1999, -2849.223, -2981.972, 15.3999, 0, 220, 0
L -2852.923, -2975.272, 14.1999, -2847.523, -2980.372, 14.1999, 150, 150, 150
L -2840.323, -2962.272, 4.7999, -2838.823, -2960.672, 3.5999, 0, 220, 0
L -2834.423, -2968.072, 4.7999, -2836.023, -2969.572, 5.8999, 0, 220, 0
L -2840.323, -2962.272, 4.7999, -2834.423, -2968.072, 4.7999, 150, 150, 150
L -2843.523, -2965.572, 7.0999, -2841.923, -2963.872, 5.8999, 0, 220, 0
L -2837.723, -2971.072, 7.0999, -2839.323, -2972.672, 8.2999, 0, 220, 0
L -2843.523, -2965.572, 7.0999, -2837.723, -2971.072, 7.0999, 150, 150, 150
L -2837.223, -2958.972, 2.3999, -2835.723, -2957.372, 1.1999, 0, 220, 0
L -2831.123, -2964.972, 2.3999, -2832.723, -2966.472, 3.5999, 0, 220, 0
L -2837.223, -2958.972, 2.3999, -2831.123, -2964.972, 2.3999, 150, 150, 150
L -2849.723, -2971.972, 11.8999, -2848.223, -2970.372, 10.6999, 0, 220, 0
L -2844.223, -2977.272, 11.8999, -2845.923, -2978.872, 13.0999, 0, 220, 0
L -2849.723, -2971.972, 11.8999, -2844.223, -2977.272, 11.8999, 150, 150, 150
L -2856.023, -2978.572, 16.5999, -2854.423, -2976.872, 15.3999, 0, 220, 0
L -2850.823, -2983.472, 16.5999, -2852.723, -2985.172, 18.0000, 0, 220, 0
L -2856.023, -2978.572, 16.5999, -2850.823, -2983.472, 16.5999, 150, 150, 150
L -2857.523, -2980.172, 17.7999, -2856.023, -2978.572, 16.5999, 0, 220, 0
L -2852.723, -2985.172, 18.0000, -2854.123, -2986.572, 19.0000, 0, 220, 0
L -2857.523, -2980.172, 17.7999, -2852.723, -2985.172, 18.0000, 150, 150, 150
L -2854.423, -2976.872, 15.3999, -2852.923, -2975.272, 14.1999, 0, 220, 0
L -2849.223, -2981.972, 15.3999, -2850.823, -2983.472, 16.5999, 0, 220, 0
L -2854.423, -2976.872, 15.3999, -2849.223, -2981.972, 15.3999, 150, 150, 150
L -2851.323, -2973.672, 13.0999, -2849.723, -2971.972, 11.8999, 0, 220, 0
L -2845.923, -2978.872, 13.0999, -2847.523, -2980.372, 14.1999, 0, 220, 0
L -2851.323, -2973.672, 13.0999, -2845.923, -2978.872, 13.0999, 150, 150, 150
L -2848.223, -2970.372, 10.6999, -2846.623, -2968.772, 9.5000, 0, 220, 0
L -2842.623, -2975.772, 10.6999, -2844.223, -2977.272, 11.8999, 0, 220, 0
L -2848.223, -2970.372, 10.6999, -2842.623, -2975.772, 10.6999, 150, 150, 150
L -2845.023, -2967.172, 8.2999, -2843.523, -2965.572, 7.0999, 0, 220, 0
L -2839.323, -2972.672, 8.2999, -2840.923, -2974.172, 9.5000, 0, 220, 0
L -2845.023, -2967.172, 8.2999, -2839.323, -2972.672, 8.2999, 150, 150, 150
L -2841.923, -2963.872, 5.8999, -2840.323, -2962.272, 4.7999, 0, 220, 0
L -2836.023, -2969.572, 5.8999, -2837.723, -2971.072, 7.0999, 0, 220, 0
L -2841.923, -2963.872, 5.8999, -2836.023, -2969.572, 5.8999, 150, 150, 150
L -2838.823, -2960.672, 3.5999, -2837.223, -2958.972, 2.3999, 0, 220, 0
L -2832.723, -2966.472, 3.5999, -2834.423, -2968.072, 4.7999, 0, 220, 0
L -2838.823, -2960.672, 3.5999, -2832.723, -2966.472, 3.5999, 150, 150, 150
L -2835.723, -2957.372, 1.1999, -2834.123, -2955.772, 0.0000, 0, 220, 0
L -2829.423, -2963.372, 1.1999, -2831.123, -2964.972, 2.3999, 0, 220, 0
L -2835.723, -2957.372, 1.1999, -2829.423, -2963.372, 1.1999, 150, 150, 150
L -2859.123, -2981.772, 19.0000, -2865.023, -2987.872, 19.0000, 150, 150, 150
L -3204.123, -2836.772, 2.0000, -3215.123, -2839.772, 0.0000, 150, 150, 150
L -3205.123, -2812.772, 15.0000, -3215.123, -2812.772, 15.0000, 150, 150, 150
L -3204.623, -2824.772, 8.5000, -3204.523, -2827.772, 6.8999, 0, 220, 0
L -3215.123, -2826.272, 7.5000, -3215.123, -2822.872, 9.3999, 0, 220, 0
L -3204.623, -2824.772, 8.5000, -3215.123, -2826.272, 7.5000, 150, 150, 150
L -3204.923, -2818.772, 11.7999, -3204.723, -2821.772, 10.0999, 0, 220, 0
L -3215.123, -2819.572, 11.1999, -3215.123, -2816.172, 13.0999, 0, 220, 0
L -3204.923, -2818.772, 11.7999, -3215.123, -2819.572, 11.1999, 150, 150, 150
L -3204.323, -2830.772, 5.1999, -3204.223, -2833.772, 3.5999, 0, 220, 0
L -3215.123, -2832.972, 3.7999, -3215.123, -2829.672, 5.5999, 0, 220, 0
L -3204.323, -2830.772, 5.1999, -3215.123, -2832.972, 3.7999, 150, 150, 150
L -3204.523, -2827.772, 6.8999, -3204.323, -2830.772, 5.1999, 0, 220, 0
L -3215.123, -2829.672, 5.5999, -3215.123, -2826.272, 7.5000, 0, 220, 0
L -3204.523, -2827.772, 6.8999, -3215.123, -2829.672, 5.5999, 150, 150, 150
L -3204.223, -2833.772, 3.5999, -3204.123, -2836.772, 2.0000, 0, 220, 0
L -3215.123, -2836.372, 1.8999, -3215.123, -2832.972, 3.7999, 0, 220, 0
L -3204.223, -2833.772, 3.5999, -3215.123, -2836.372, 1.8999, 150, 150, 150
L -3204.723, -2821.772, 10.0999, -3204.623, -2824.772, 8.5000, 0, 220, 0
L -3215.123, -2822.872, 9.3999, -3215.123, -2819.572, 11.1999, 0, 220, 0
L -3204.723, -2821.772, 10.0999, -3215.123, -2822.872, 9.3999, 150, 150, 150
L -3205.023, -2815.772, 13.3999, -3204.923, -2818.772, 11.7999, 0, 220, 0
L -3215.123, -2816.172, 13.0999, -3215.123, -2812.772, 15.0000, 0, 220, 0
L -3205.023, -2815.772, 13.3999, -3215.123, -2816.172, 13.0999, 150, 150, 150
L -2702.123, -2829.772, 0.0000, -2703.123, -2839.772, 0.0000, 150, 150, 150
L -2655.123, -2833.772, 19.0000, -2650.123, -2843.772, 19.0000, 150, 150, 150
L -2633.123, -2810.772, 29.0000, -2623.123, -2816.772, 29.0000, 150, 150, 150
L -2637.123, -2763.772, 39.0000, -2626.123, -2763.772, 39.0000, 150, 150, 150
L -2644.123, -2822.272, 24.0000, -2646.923, -2825.172, 22.7999, 0, 220, 0
L -2636.623, -2830.272, 24.0000, -2633.223, -2826.872, 25.1999, 0, 220, 0
L -2644.123, -2822.272, 24.0000, -2636.623, -2830.272, 24.0000, 150, 150, 150
L -2649.623, -2827.972, 21.5000, -2652.323, -2830.872, 20.1999, 0, 220, 0
L -2643.323, -2836.972, 21.5000, -2640.023, -2833.672, 22.7999, 0, 220, 0
L -2649.623, -2827.972, 21.5000, -2643.323, -2836.972, 21.5000, 150, 150, 150
L -2638.623, -2816.572, 26.5000, -2641.323, -2819.372, 25.1999, 0, 220, 0
L -2629.923, -2823.572, 26.5000, -2626.523, -2820.172, 27.7999, 0, 220, 0
L -2638.623, -2816.572, 26.5000, -2629.923, -2823.572, 26.5000, 150, 150, 150
L -2641.323, -2819.372, 25.1999, -2644.123, -2822.272, 24.0000, 0, 220, 0
L -2633.223, -2826.872, 25.1999, -2629.923, -2823.572, 26.5000, 0, 220, 0
L -2641.323, -2819.372, 25.1999, -2633.223, -2826.872, 25.1999, 150, 150, 150
L -2635.923, -2813.672, 27.7999, -2638.623, -2816.572, 26.5000, 0, 220, 0
L -2626.523, -2820.172, 27.7999, -2623.123, -2816.772, 29.0000, 0, 220, 0
L -2635.923, -2813.672, 27.7999, -2626.523, -2820.172, 27.7999, 150, 150, 150
L -2646.923, -2825.172, 22.7999, -2649.623, -2827.972, 21.5000, 0, 220, 0
L -2640.023, -2833.672, 22.7999, -2636.623, -2830.272, 24.0000, 0, 220, 0
L -2646.923, -2825.172, 22.7999, -2640.023, -2833.672, 22.7999, 150, 150, 150
L -2652.323, -2830.872, 20.1999, -2655.123, -2833.772, 19.0000, 0, 220, 0
L -2646.723, -2840.372, 20.1999, -2643.323, -2836.972, 21.5000, 0, 220, 0
L -2652.323, -2830.872, 20.1999, -2646.723, -2840.372, 20.1999, 150, 150, 150
L -2655.123, -2833.772, 19.0000, -2658.023, -2833.572, 17.7999, 0, 220, 0
L -2678.623, -2831.772, 9.5000, -2681.523, -2831.572, 8.2999, 0, 220, 0
L -2676.623, -2841.772, 9.5000, -2673.323, -2841.972, 10.6999, 0, 220, 0
L -2678.623, -2831.772, 9.5000, -2676.623, -2841.772, 9.5000, 150, 150, 150
L -2690.323, -2830.772, 4.7999, -2693.323, -2830.572, 3.5999, 0, 220, 0
L -2689.923, -2840.772, 4.7999, -2686.523, -2840.972, 5.8999, 0, 220, 0
L -2690.323, -2830.772, 4.7999, -2689.923, -2840.772, 4.7999, 150, 150, 150
L -2696.223, -2830.272, 2.3999, -2699.223, -2829.972, 1.1999, 0, 220, 0
L -2696.523, -2840.272, 2.3999, -2693.223, -2840.572, 3.5999, 0, 220, 0
L -2696.223, -2830.272, 2.3999, -2696.523, -2840.272, 2.3999, 150, 150, 150
L -2684.523, -2831.272, 7.0999, -2687.423, -2830.972, 5.8999, 0, 220, 0
L -2683.223, -2841.272, 7.0999, -2679.923, -2841.572, 8.2999, 0, 220, 0
L -2684.523, -2831.272, 7.0999, -2683.223, -2841.272, 7.0999, 150, 150, 150
L -2666.923, -2832.772, 14.1999, -2669.823, -2832.572, 13.0999, 0, 220, 0
L -2663.323, -2842.772, 14.1999, -2660.023, -2842.972, 15.3999, 0, 220, 0
L -2666.923, -2832.772, 14.1999, -2663.323, -2842.772, 14.1999, 150, 150, 150
L -2672.723, -2832.272, 11.8999, -2675.723, -2831.972, 10.6999, 0, 220, 0
L -2670.023, -2842.272, 11.8999, -2666.723, -2842.572, 13.0999, 0, 220, 0
L -2672.723, -2832.272, 11.8999, -2670.023, -2842.272, 11.8999, 150, 150, 150
L -2661.023, -2833.272, 16.5999, -2663.923, -2832.972, 15.3999, 0, 220, 0
L -2656.723, -2843.272, 16.5999, -2653.423, -2843.572, 17.7999, 0, 220, 0
L -2661.023, -2833.272, 16.5999, -2656.723, -2843.272, 16.5999, 150, 150, 150
L -2658.023, -2833.572, 17.7999, -2661.023, -2833.272, 16.5999, 0, 220, 0
L -2653.423, -2843.572, 17.7999, -2650.123, -2843.772, 19.0000, 0, 220, 0
L -2658.023, -2833.572, 17.7999, -2653.423, -2843.572, 17.7999, 150, 150, 150
L -2663.923, -2832.972, 15.3999, -2666.923, -2832.772, 14.1999, 0, 220, 0
L -2660.023, -2842.972, 15.3999, -2656.723, -2843.272, 16.5999, 0, 220, 0
L -2663.923, -2832.972, 15.3999, -2660.023, -2842.972, 15.3999, 150, 150, 150
L -2669.823, -2832.572, 13.0999, -2672.723, -2832.272, 11.8999, 0, 220, 0
L -2666.723, -2842.572, 13.0999, -2663.323, -2842.772, 14.1999, 0, 220, 0
L -2669.823, -2832.572, 13.0999, -2666.723, -2842.572, 13.0999, 150, 150, 150
L -2675.723, -2831.972, 10.6999, -2678.623, -2831.772, 9.5000, 0, 220, 0
L -2673.323, -2841.972, 10.6999, -2670.023, -2842.272, 11.8999, 0, 220, 0
L -2675.723, -2831.972, 10.6999, -2673.323, -2841.972, 10.6999, 150, 150, 150
L -2681.523, -2831.572, 8.2999, -2684.523, -2831.272, 7.0999, 0, 220, 0
L -2679.923, -2841.572, 8.2999, -2676.623, -2841.772, 9.5000, 0, 220, 0
L -2681.523, -2831.572, 8.2999, -2679.923, -2841.572, 8.2999, 150, 150, 150
L -2687.423, -2830.972, 5.8999, -2690.323, -2830.772, 4.7999, 0, 220, 0
L -2686.523, -2840.972, 5.8999, -2683.223, -2841.272, 7.0999, 0, 220, 0
L -2687.423, -2830.972, 5.8999, -2686.523, -2840.972, 5.8999, 150, 150, 150
L -2693.323, -2830.572, 3.5999, -2696.223, -2830.272, 2.3999, 0, 220, 0
L -2693.223, -2840.572, 3.5999, -2689.923, -2840.772, 4.7999, 0, 220, 0
L -2693.323, -2830.572, 3.5999, -2693.223, -2840.572, 3.5999, 150, 150, 150
L -2699.223, -2829.972, 1.1999, -2702.123, -2829.772, 0.0000, 0, 220, 0
L -2699.823, -2839.972, 1.1999, -2696.523, -2840.272, 2.3999, 0, 220, 0
L -2699.223, -2829.972, 1.1999, -2699.823, -2839.972, 1.1999, 150, 150, 150
L -2624.623, -2790.272, 34.0000, -2624.823, -2786.972, 34.5999, 0, 220, 0
L -2635.123, -2787.272, 34.0000, -2634.923, -2790.172, 33.3999, 0, 220, 0
L -2624.623, -2790.272, 34.0000, -2635.123, -2787.272, 34.0000, 150, 150, 150
L -2634.123, -2798.972, 31.5000, -2633.923, -2801.972, 30.8999, 0, 220, 0
L -2623.923, -2803.572, 31.5000, -2624.023, -2800.172, 32.0999, 0, 220, 0
L -2634.123, -2798.972, 31.5000, -2623.923, -2803.572, 31.5000, 150, 150, 150
L -2633.623, -2804.872, 30.1999, -2633.323, -2807.872, 29.5999, 0, 220, 0
L -2623.523, -2810.172, 30.1999, -2623.723, -2806.872, 30.8999, 0, 220, 0
L -2633.623, -2804.872, 30.1999, -2623.523, -2810.172, 30.1999, 150, 150, 150
L -2634.623, -2793.172, 32.7999, -2634.323, -2796.072, 32.0999, 0, 220, 0
L -2624.223, -2796.872, 32.7999, -2624.423, -2793.572, 33.3999, 0, 220, 0
L -2634.623, -2793.172, 32.7999, -2624.223, -2796.872, 32.7999, 150, 150, 150
L -2636.123, -2775.572, 36.5000, -2635.923, -2778.472, 35.8999, 0, 220, 0
L -2625.323, -2776.972, 36.5000, -2625.523, -2773.672, 37.0999, 0, 220, 0
L -2636.123, -2775.572, 36.5000, -2625.323, -2776.972, 36.5000, 150, 150, 150
L -2635.623, -2781.372, 35.1999, -2635.323, -2784.372, 34.5999, 0, 220, 0
L -2625.023, -2783.672, 35.1999, -2625.223, -2780.372, 35.8999, 0, 220, 0
L -2635.623, -2781.372, 35.1999, -2625.023, -2783.672, 35.1999, 150, 150, 150
L -2636.623, -2769.672, 37.7999, -2636.323, -2772.572, 37.0999, 0, 220, 0
L -2625.723, -2770.372, 37.7999, -2625.923, -2767.072, 38.3999, 0, 220, 0
L -2636.623, -2769.672, 37.7999, -2625.723, -2770.372, 37.7999, 150, 150, 150
L -2633.323, -2807.872, 29.5999, -2633.123, -2810.772, 29.0000, 0, 220, 0
L -2623.323, -2813.472, 29.5999, -2623.523, -2810.172, 30.1999, 0, 220, 0
L -2633.323, -2807.872, 29.5999, -2623.323, -2813.472, 29.5999, 150, 150, 150
L -2633.923, -2801.972, 30.8999, -2633.623, -2804.872, 30.1999, 0, 220, 0
L -2623.723, -2806.872, 30.8999, -2623.923, -2803.572, 31.5000, 0, 220, 0
L -2633.923, -2801.972, 30.8999, -2623.723, -2806.872, 30.8999, 150, 150, 150
L -2634.323, -2796.072, 32.0999, -2634.123, -2798.972, 31.5000, 0, 220, 0
L -2624.023, -2800.172, 32.0999, -2624.223, -2796.872, 32.7999, 0, 220, 0
L -2634.323, -2796.072, 32.0999, -2624.023, -2800.172, 32.0999, 150, 150, 150
L -2634.923, -2790.172, 33.3999, -2634.623, -2793.172, 32.7999, 0, 220, 0
L -2624.423, -2793.572, 33.3999, -2624.623, -2790.272, 34.0000, 0, 220, 0
L -2634.923, -2790.172, 33.3999, -2624.423, -2793.572, 33.3999, 150, 150, 150
L -2635.323, -2784.372, 34.5999, -2635.123, -2787.272, 34.0000, 0, 220, 0
L -2624.823, -2786.972, 34.5999, -2625.023, -2783.672, 35.1999, 0, 220, 0
L -2635.323, -2784.372, 34.5999, -2624.823, -2786.972, 34.5999, 150, 150, 150
L -2635.923, -2778.472, 35.8999, -2635.623, -2781.372, 35.1999, 0, 220, 0
L -2625.223, -2780.372, 35.8999, -2625.323, -2776.972, 36.5000, 0, 220, 0
L -2635.923, -2778.472, 35.8999, -2625.223, -2780.372, 35.8999, 150, 150, 150
L -2636.323, -2772.572, 37.0999, -2636.123, -2775.572, 36.5000, 0, 220, 0
L -2625.523, -2773.672, 37.0999, -2625.723, -2770.372, 37.7999, 0, 220, 0
L -2636.323, -2772.572, 37.0999, -2625.523, -2773.672, 37.0999, 150, 150, 150
L -2625.923, -2767.072, 38.3999, -2626.123, -2763.772, 39.0000, 0, 220, 0
L -2636.923, -2766.672, 38.3999, -2636.623, -2769.672, 37.7999, 0, 220, 0
L -2625.923, -2767.072, 38.3999, -2636.923, -2766.672, 38.3999, 150, 150, 150
L -2759.123, -2922.772, 16.0000, -2749.123, -2925.772, 15.0000, 150, 150, 150
L -2761.123, -2897.772, 0.0000, -2749.123, -2894.772, 0.0000, 150, 150, 150
L -2778.123, -2942.772, 26.0000, -2777.123, -2952.772, 26.0000, 150, 150, 150
L -2811.123, -2941.772, 40.0000, -2817.123, -2952.772, 40.0000, 150, 150, 150
L -2768.623, -2932.772, 21.0000, -2766.223, -2930.272, 19.7999, 0, 220, 0
L -2763.123, -2939.272, 20.5000, -2766.623, -2942.672, 21.8999, 0, 220, 0
L -2768.623, -2932.772, 21.0000, -2763.123, -2939.272, 20.5000, 150, 150, 150
L -2773.323, -2937.772, 23.5000, -2771.023, -2935.272, 22.1999, 0, 220, 0
L -2770.123, -2945.972, 23.1999, -2773.623, -2949.372, 24.5999, 0, 220, 0
L -2773.323, -2937.772, 23.5000, -2770.123, -2945.972, 23.1999, 150, 150, 150
L -2775.723, -2940.272, 24.7999, -2773.323, -2937.772, 23.5000, 0, 220, 0
L -2773.623, -2949.372, 24.5999, -2777.123, -2952.772, 26.0000, 0, 220, 0
L -2775.723, -2940.272, 24.7999, -2773.623, -2949.372, 24.5999, 150, 150, 150
L -2771.023, -2935.272, 22.1999, -2768.623, -2932.772, 21.0000, 0, 220, 0
L -2766.623, -2942.672, 21.8999, -2770.123, -2945.972, 23.1999, 0, 220, 0
L -2771.023, -2935.272, 22.1999, -2766.623, -2942.672, 21.8999, 150, 150, 150
L -2763.923, -2927.772, 18.5000, -2761.523, -2925.272, 17.1999, 0, 220, 0
L -2756.123, -2932.572, 17.7999, -2759.623, -2935.872, 19.0999, 0, 220, 0
L -2763.923, -2927.772, 18.5000, -2756.123, -2932.572, 17.7999, 150, 150, 150
L -2766.223, -2930.272, 19.7999, -2763.923, -2927.772, 18.5000, 0, 220, 0
L -2759.623, -2935.872, 19.0999, -2763.123, -2939.272, 20.5000, 0, 220, 0
L -2766.223, -2930.272, 19.7999, -2759.623, -2935.872, 19.0999, 150, 150, 150
L -2761.523, -2925.272, 17.1999, -2759.123, -2922.772, 16.0000, 0, 220, 0
L -2752.623, -2929.172, 16.3999, -2756.123, -2932.572, 17.7999, 0, 220, 0
L -2761.523, -2925.272, 17.1999, -2752.623, -2929.172, 16.3999, 150, 150, 150
L -2760.123, -2910.272, 8.0000, -2760.623, -2903.972, 4.0000, 0, 220, 0
L -2749.123, -2910.272, 7.5000, -2749.123, -2917.972, 11.1999, 0, 220, 0
L -2760.123, -2910.272, 8.0000, -2749.123, -2910.272, 7.5000, 150, 150, 150
L -2759.623, -2916.572, 12.0000, -2760.123, -2910.272, 8.0000, 0, 220, 0
L -2749.123, -2917.972, 11.1999, -2749.123, -2925.772, 15.0000, 0, 220, 0
L -2759.623, -2916.572, 12.0000, -2749.123, -2917.972, 11.1999, 150, 150, 150
L -2760.623, -2903.972, 4.0000, -2761.123, -2897.772, 0.0000, 0, 220, 0
L -2749.123, -2902.572, 3.7999, -2749.123, -2910.272, 7.5000, 0, 220, 0
L -2760.623, -2903.972, 4.0000, -2749.123, -2902.572, 3.7999, 150, 150, 150
L -2794.623, -2942.272, 33.0000, -2790.523, -2942.372, 31.1999, 0, 220, 0
L -2795.123, -2952.772, 33.0000, -2799.623, -2952.772, 34.7999, 0, 220, 0
L -2794.623, -2942.272, 33.0000, -2795.123, -2952.772, 33.0000, 150, 150, 150
L -2786.323, -2942.572, 29.5000, -2782.223, -2942.672, 27.7999, 0, 220, 0
L -2786.123, -2952.772, 29.5000, -2790.623, -2952.772, 31.1999, 0, 220, 0
L -2786.323, -2942.572, 29.5000, -2786.123, -2952.772, 29.5000, 150, 150, 150
L -2790.523, -2942.372, 31.1999, -2786.323, -2942.572, 29.5000, 0, 220, 0
L -2790.623, -2952.772, 31.1999, -2795.123, -2952.772, 33.0000, 0, 220, 0
L -2790.523, -2942.372, 31.1999, -2790.623, -2952.772, 31.1999, 150, 150, 150
L -2782.223, -2942.672, 27.7999, -2778.123, -2942.772, 26.0000, 0, 220, 0
L -2781.623, -2952.772, 27.7999, -2786.123, -2952.772, 29.5000, 0, 220, 0
L -2782.223, -2942.672, 27.7999, -2781.623, -2952.772, 27.7999, 150, 150, 150
L -2802.923, -2941.972, 36.5000, -2798.723, -2942.172, 34.7999, 0, 220, 0
L -2804.123, -2952.772, 36.5000, -2808.623, -2952.772, 38.1999, 0, 220, 0
L -2802.923, -2941.972, 36.5000, -2804.123, -2952.772, 36.5000, 150, 150, 150
L -2798.723, -2942.172, 34.7999, -2794.623, -2942.272, 33.0000, 0, 220, 0
L -2799.623, -2952.772, 34.7999, -2804.123, -2952.772, 36.5000, 0, 220, 0
L -2798.723, -2942.172, 34.7999, -2799.623, -2952.772, 34.7999, 150, 150, 150
L -2807.023, -2941.872, 38.1999, -2802.923, -2941.972, 36.5000, 0, 220, 0
L -2808.623, -2952.772, 38.1999, -2813.123, -2952.772, 40.0000, 0, 220, 0
L -2807.023, -2941.872, 38.1999, -2808.623, -2952.772, 38.1999, 150, 150, 150
L -2884.123, -2956.772, 35.0000, -2889.123, -2963.772, 35.0000, 150, 150, 150
L -2871.623, -2969.272, 27.0000, -2870.023, -2970.872, 26.0000, 0, 220, 0
L -2877.023, -2975.872, 27.0000, -2878.623, -2974.272, 28.0000, 0, 220, 0
L -2871.623, -2969.272, 27.0000, -2877.023, -2975.872, 27.0000, 150, 150, 150
L -2877.923, -2962.972, 31.0000, -2876.323, -2964.572, 30.0000, 0, 220, 0
L -2883.123, -2969.772, 31.0000, -2884.623, -2968.272, 32.0000, 0, 220, 0
L -2877.923, -2962.972, 31.0000, -2883.123, -2969.772, 31.0000, 150, 150, 150
L -2881.023, -2959.872, 33.0000, -2879.423, -2961.472, 32.0000, 0, 220, 0
L -2886.123, -2966.772, 33.0000, -2887.623, -2965.272, 34.0000, 0, 220, 0
L -2881.023, -2959.872, 33.0000, -2886.123, -2966.772, 33.0000, 150, 150, 150
L -2874.723, -2966.172, 29.0000, -2873.223, -2967.672, 28.0000, 0, 220, 0
L -2880.123, -2972.772, 29.0000, -2881.623, -2971.272, 30.0000, 0, 220, 0
L -2874.723, -2966.172, 29.0000, -2880.123, -2972.772, 29.0000, 150, 150, 150
L -2865.323, -2975.572, 23.0000, -2863.823, -2977.072, 22.0000, 0, 220, 0
L -2871.023, -2981.872, 23.0000, -2872.523, -2980.372, 24.0000, 0, 220, 0
L -2865.323, -2975.572, 23.0000, -2871.023, -2981.872, 23.0000, 150, 150, 150
L -2868.523, -2972.372, 25.0000, -2866.923, -2973.972, 24.0000, 0, 220, 0
L -2874.023, -2978.872, 25.0000, -2875.523, -2977.372, 26.0000, 0, 220, 0
L -2868.523, -2972.372, 25.0000, -2874.023, -2978.872, 25.0000, 150, 150, 150
L -2862.223, -2978.672, 21.0000, -2860.723, -2980.172, 20.0000, 0, 220, 0
L -2868.023, -2984.872, 21.0000, -2869.523, -2983.372, 22.0000, 0, 220, 0
L -2862.223, -2978.672, 21.0000, -2868.023, -2984.872, 21.0000, 150, 150, 150
L -2860.723, -2980.172, 20.0000, -2859.123, -2981.772, 19.0000, 0, 220, 0
L -2866.523, -2986.372, 20.0000, -2868.023, -2984.872, 21.0000, 0, 220, 0
L -2860.723, -2980.172, 20.0000, -2866.523, -2986.372, 20.0000, 150, 150, 150
L -2863.823, -2977.072, 22.0000, -2862.223, -2978.672, 21.0000, 0, 220, 0
L -2869.523, -2983.372, 22.0000, -2871.023, -2981.872, 23.0000, 0, 220, 0
L -2863.823, -2977.072, 22.0000, -2869.523, -2983.372, 22.0000, 150, 150, 150
L -2866.923, -2973.972, 24.0000, -2865.323, -2975.572, 23.0000, 0, 220, 0
L -2872.523, -2980.372, 24.0000, -2874.023, -2978.872, 25.0000, 0, 220, 0
L -2866.923, -2973.972, 24.0000, -2872.523, -2980.372, 24.0000, 150, 150, 150
L -2870.023, -2970.872, 26.0000, -2868.523, -2972.372, 25.0000, 0, 220, 0
L -2875.523, -2977.372, 26.0000, -2877.023, -2975.872, 27.0000, 0, 220, 0
L -2870.023, -2970.872, 26.0000, -2875.523, -2977.372, 26.0000, 150, 150, 150
L -2873.223, -2967.672, 28.0000, -2871.623, -2969.272, 27.0000, 0, 220, 0
L -2878.623, -2974.272, 28.0000, -2880.123, -2972.772, 29.0000, 0, 220, 0
L -2873.223, -2967.672, 28.0000, -2878.623, -2974.272, 28.0000, 150, 150, 150
L -2876.323, -2964.572, 30.0000, -2874.723, -2966.172, 29.0000, 0, 220, 0
L -2881.623, -2971.272, 30.0000, -2883.123, -2969.772, 31.0000, 0, 220, 0
L -2876.323, -2964.572, 30.0000, -2881.623, -2971.272, 30.0000, 150, 150, 150
L -2879.423, -2961.472, 32.0000, -2877.923, -2962.972, 31.0000, 0, 220, 0
L -2884.623, -2968.272, 32.0000, -2886.123, -2966.772, 33.0000, 0, 220, 0
L -2879.423, -2961.472, 32.0000, -2884.623, -2968.272, 32.0000, 150, 150, 150
L -2882.523, -2958.372, 34.0000, -2881.023, -2959.872, 33.0000, 0, 220, 0
L -2887.623, -2965.272, 34.0000, -2889.123, -2963.772, 35.0000, 0, 220, 0
L -2882.523, -2958.372, 34.0000, -2887.623, -2965.272, 34.0000, 150, 150, 150
L -3072.123, -2665.772, 0.0000, -3029.123, -2667.772, 3.0000, 0, 0, 0
L -3029.123, -2667.772, 3.0000, -3024.123, -2657.772, 0.0000, 150, 150, 150
L -3078.123, -2653.772, 19.0000, -3072.123, -2664.772, 19.0000, 150, 150, 150
L -3096.123, -2688.772, 29.0000, -3104.123, -2679.772, 29.0000, 150, 150, 150
L -3090.123, -2734.772, 40.0000, -3102.123, -2735.772, 40.0000, 150, 150, 150
L -3050.623, -2666.272, 11.0000, -3056.023, -2665.872, 13.0000, 0, 220, 0
L -3051.123, -2655.772, 9.5000, -3044.323, -2656.272, 7.0999, 0, 220, 0
L -3050.623, -2666.272, 11.0000, -3051.123, -2655.772, 9.5000, 150, 150, 150
L -3039.923, -2666.972, 7.0000, -3045.223, -2666.672, 9.0000, 0, 220, 0
L -3037.623, -2656.772, 4.7999, -3030.923, -2657.272, 2.3999, 0, 220, 0
L -3039.923, -2666.972, 7.0000, -3037.623, -2656.772, 4.7999, 150, 150, 150
L -3061.323, -2665.572, 15.0000, -3066.723, -2665.172, 17.0000, 0, 220, 0
L -3064.623, -2654.772, 14.1999, -3057.923, -2655.272, 11.8999, 0, 220, 0
L -3061.323, -2665.572, 15.0000, -3064.623, -2654.772, 14.1999, 150, 150, 150
L -3066.723, -2665.172, 17.0000, -3072.123, -2664.772, 19.0000, 0, 220, 0
L -3071.323, -2654.272, 16.5999, -3064.623, -2654.772, 14.1999, 0, 220, 0
L -3066.723, -2665.172, 17.0000, -3071.323, -2654.272, 16.5999, 150, 150, 150
L -3056.023, -2665.872, 13.0000, -3061.323, -2665.572, 15.0000, 0, 220, 0
L -3057.923, -2655.272, 11.8999, -3051.123, -2655.772, 9.5000, 0, 220, 0
L -3056.023, -2665.872, 13.0000, -3057.923, -2655.272, 11.8999, 150, 150, 150
L -3045.223, -2666.672, 9.0000, -3050.623, -2666.272, 11.0000, 0, 220, 0
L -3044.323, -2656.272, 7.0999, -3037.623, -2656.772, 4.7999, 0, 220, 0
L -3045.223, -2666.672, 9.0000, -3044.323, -2656.272, 7.0999, 150, 150, 150
L -3034.523, -2667.372, 5.0000, -3039.923, -2666.972, 7.0000, 0, 220, 0
L -3030.923, -2657.272, 2.3999, -3024.123, -2657.772, 0.0000, 0, 220, 0
L -3034.523, -2667.372, 5.0000, -3030.923, -2657.272, 2.3999, 150, 150, 150
L -3084.123, -2676.772, 24.0000, -3087.123, -2679.772, 25.1999, 0, 220, 0
L -3091.123, -2666.772, 24.0000, -3087.923, -2663.572, 22.7999, 0, 220, 0
L -3084.123, -2676.772, 24.0000, -3091.123, -2666.772, 24.0000, 150, 150, 150
L -3078.123, -2670.772, 21.5000, -3081.123, -2673.772, 22.7999, 0, 220, 0
L -3084.623, -2660.272, 21.5000, -3081.323, -2656.972, 20.1999, 0, 220, 0
L -3078.123, -2670.772, 21.5000, -3084.623, -2660.272, 21.5000, 150, 150, 150
L -3075.123, -2667.772, 20.1999, -3078.123, -2670.772, 21.5000, 0, 220, 0
L -3081.323, -2656.972, 20.1999, -3078.123, -2653.772, 19.0000, 0, 220, 0
L -3075.123, -2667.772, 20.1999, -3081.323, -2656.972, 20.1999, 150, 150, 150
L -3081.123, -2673.772, 22.7999, -3084.123, -2676.772, 24.0000, 0, 220, 0
L -3087.923, -2663.572, 22.7999, -3084.623, -2660.272, 21.5000, 0, 220, 0
L -3081.123, -2673.772, 22.7999, -3087.923, -2663.572, 22.7999, 150, 150, 150
L -3090.123, -2682.772, 26.5000, -3093.123, -2685.772, 27.7999, 0, 220, 0
L -3097.623, -2673.272, 26.5000, -3094.323, -2669.972, 25.1999, 0, 220, 0
L -3090.123, -2682.772, 26.5000, -3097.623, -2673.272, 26.5000, 150, 150, 150
L -3087.123, -2679.772, 25.1999, -3090.123, -2682.772, 26.5000, 0, 220, 0
L -3094.323, -2669.972, 25.1999, -3091.123, -2666.772, 24.0000, 0, 220, 0
L -3087.123, -2679.772, 25.1999, -3094.323, -2669.972, 25.1999, 150, 150, 150
L -3093.123, -2685.772, 27.7999, -3096.123, -2688.772, 29.0000, 0, 220, 0
L -3100.923, -2676.572, 27.7999, -3097.623, -2673.272, 26.5000, 0, 220, 0
L -3093.123, -2685.772, 27.7999, -3100.923, -2676.572, 27.7999, 150, 150, 150
L -3093.123, -2711.772, 34.5000, -3092.323, -2717.572, 35.8999, 0, 220, 0
L -3103.123, -2707.772, 34.5000, -3103.323, -2700.772, 33.0999, 0, 220, 0
L -3093.123, -2711.772, 34.5000, -3103.123, -2707.772, 34.5000, 150, 150, 150
L -3094.623, -2700.272, 31.7999, -3093.923, -2705.972, 33.0999, 0, 220, 0
L -3103.623, -2693.772, 31.7999, -3103.923, -2686.772, 30.3999, 0, 220, 0
L -3094.623, -2700.272, 31.7999, -3103.623, -2693.772, 31.7999, 150, 150, 150
L -3095.323, -2694.572, 30.3999, -3094.623, -2700.272, 31.7999, 0, 220, 0
L -3103.923, -2686.772, 30.3999, -3104.123, -2679.772, 29.0000, 0, 220, 0
L -3095.323, -2694.572, 30.3999, -3103.923, -2686.772, 30.3999, 150, 150, 150
L -3093.923, -2705.972, 33.0999, -3093.123, -2711.772, 34.5000, 0, 220, 0
L -3103.323, -2700.772, 33.0999, -3103.623, -2693.772, 31.7999, 0, 220, 0
L -3093.923, -2705.972, 33.0999, -3103.323, -2700.772, 33.0999, 150, 150, 150
L -3091.623, -2723.272, 37.1999, -3090.923, -2728.972, 38.5999, 0, 220, 0
L -3102.623, -2721.772, 37.1999, -3102.923, -2714.772, 35.8999, 0, 220, 0
L -3091.623, -2723.272, 37.1999, -3102.623, -2721.772, 37.1999, 150, 150, 150
L -3092.323, -2717.572, 35.8999, -3091.623, -2723.272, 37.1999, 0, 220, 0
L -3102.923, -2714.772, 35.8999, -3103.123, -2707.772, 34.5000, 0, 220, 0
L -3092.323, -2717.572, 35.8999, -3102.923, -2714.772, 35.8999, 150, 150, 150
L -3090.923, -2728.972, 38.5999, -3090.123, -2734.772, 40.0000, 0, 220, 0
L -3102.323, -2728.772, 38.5999, -3102.623, -2721.772, 37.1999, 0, 220, 0
L -3090.923, -2728.972, 38.5999, -3102.323, -2728.772, 38.5999, 150, 150, 150
L -3205.123, -2812.772, 15.0000, -3214.123, -2808.772, 15.0000, 150, 150, 150
L -3184.123, -2791.772, 26.0000, -3190.123, -2784.772, 26.0000, 150, 150, 150
L -3194.623, -2802.272, 20.5000, -3197.223, -2804.872, 19.0999, 0, 220, 0
L -3202.123, -2796.772, 20.5000, -3199.123, -2793.772, 21.8999, 0, 220, 0
L -3194.623, -2802.272, 20.5000, -3202.123, -2796.772, 20.5000, 150, 150, 150
L -3189.323, -2796.972, 23.1999, -3192.023, -2799.672, 21.8999, 0, 220, 0
L -3196.123, -2790.772, 23.1999, -3193.123, -2787.772, 24.5999, 0, 220, 0
L -3189.323, -2796.972, 23.1999, -3196.123, -2790.772, 23.1999, 150, 150, 150
L -3186.723, -2794.372, 24.5999, -3189.323, -2796.972, 23.1999, 0, 220, 0
L -3193.123, -2787.772, 24.5999, -3190.123, -2784.772, 26.0000, 0, 220, 0
L -3186.723, -2794.372, 24.5999, -3193.123, -2787.772, 24.5999, 150, 150, 150
L -3192.023, -2799.672, 21.8999, -3194.623, -2802.272, 20.5000, 0, 220, 0
L -3199.123, -2793.772, 21.8999, -3196.123, -2790.772, 23.1999, 0, 220, 0
L -3192.023, -2799.672, 21.8999, -3199.123, -2793.772, 21.8999, 150, 150, 150
L -3199.923, -2807.572, 17.7999, -3202.523, -2810.172, 16.3999, 0, 220, 0
L -3208.123, -2802.772, 17.7999, -3205.123, -2799.772, 19.0999, 0, 220, 0
L -3199.923, -2807.572, 17.7999, -3208.123, -2802.772, 17.7999, 150, 150, 150
L -3197.223, -2804.872, 19.0999, -3199.923, -2807.572, 17.7999, 0, 220, 0
L -3205.123, -2799.772, 19.0999, -3202.123, -2796.772, 20.5000, 0, 220, 0
L -3197.223, -2804.872, 19.0999, -3205.123, -2799.772, 19.0999, 150, 150, 150
L -3202.523, -2810.172, 16.3999, -3205.123, -2812.772, 15.0000, 0, 220, 0
L -3211.123, -2805.772, 16.3999, -3208.123, -2802.772, 17.7999, 0, 220, 0
L -3202.523, -2810.172, 16.3999, -3211.123, -2805.772, 16.3999, 150, 150, 150
L -3153.123, -2780.772, 40.0000, -3154.123, -2792.772, 40.0000, 150, 150, 150
L -3184.123, -2791.772, 26.0000, -3186.123, -2780.772, 26.0000, 150, 150, 150
L -3169.123, -2792.272, 33.0000, -3172.923, -2792.172, 31.1999, 0, 220, 0
L -3169.623, -2780.772, 33.0000, -3165.523, -2780.772, 34.7999, 0, 220, 0
L -3169.123, -2792.272, 33.0000, -3169.623, -2780.772, 33.0000, 150, 150, 150
L -3161.623, -2792.572, 36.5000, -3165.323, -2792.372, 34.7999, 0, 220, 0
L -3161.323, -2780.772, 36.5000, -3157.223, -2780.772, 38.1999, 0, 220, 0
L -3161.623, -2792.572, 36.5000, -3161.323, -2780.772, 36.5000, 150, 150, 150
L -3176.623, -2791.972, 29.5000, -3180.323, -2791.872, 27.7999, 0, 220, 0
L -3177.923, -2780.772, 29.5000, -3173.723, -2780.772, 31.1999, 0, 220, 0
L -3176.623, -2791.972, 29.5000, -3177.923, -2780.772, 29.5000, 150, 150, 150
L -3172.923, -2792.172, 31.1999, -3176.623, -2791.972, 29.5000, 0, 220, 0
L -3173.723, -2780.772, 31.1999, -3169.623, -2780.772, 33.0000, 0, 220, 0
L -3172.923, -2792.172, 31.1999, -3173.723, -2780.772, 31.1999, 150, 150, 150
L -3180.323, -2791.872, 27.7999, -3184.123, -2791.772, 26.0000, 0, 220, 0
L -3182.023, -2780.772, 27.7999, -3177.923, -2780.772, 29.5000, 0, 220, 0
L -3180.323, -2791.872, 27.7999, -3182.023, -2780.772, 27.7999, 150, 150, 150
L -3165.323, -2792.372, 34.7999, -3169.123, -2792.272, 33.0000, 0, 220, 0
L -3165.523, -2780.772, 34.7999, -3161.323, -2780.772, 36.5000, 0, 220, 0
L -3165.323, -2792.372, 34.7999, -3165.523, -2780.772, 34.7999, 150, 150, 150
L -3157.923, -2792.672, 38.1999, -3161.623, -2792.572, 36.5000, 0, 220, 0
L -3157.223, -2780.772, 38.1999, -3153.123, -2780.772, 40.0000, 0, 220, 0
L -3157.923, -2792.672, 38.1999, -3157.223, -2780.772, 38.1999, 150, 150, 150
L -2964.123, -2485.772, 40.0000, -2954.223, -2475.672, 40.0000, 150, 150, 150
L -2954.223, -2475.672, 40.0000, -2950.023, -2479.872, 37.5000, 0, 220, 0
L -2961.123, -2468.772, 40.0000, -2954.223, -2475.672, 40.0000, 0, 220, 0
L -2990.123, -2491.772, 0.0000, -2989.123, -2492.772, 0.0000, 0, 0, 0
L -2897.123, -2551.772, 0.0000, -2886.123, -2543.772, 0.0000, 150, 150, 150
L -2930.623, -2518.772, 20.0000, -2934.823, -2514.672, 22.5000, 0, 220, 0
L -2920.223, -2509.672, 20.0000, -2915.923, -2513.972, 17.5000, 0, 220, 0
L -2930.623, -2518.772, 20.0000, -2920.223, -2509.672, 20.0000, 150, 150, 150
L -2913.923, -2535.272, 10.0000, -2918.023, -2531.172, 12.5000, 0, 220, 0
L -2903.123, -2526.772, 10.0000, -2898.923, -2530.972, 7.5000, 0, 220, 0
L -2913.923, -2535.272, 10.0000, -2903.123, -2526.772, 10.0000, 150, 150, 150
L -2947.323, -2502.272, 30.0000, -2951.523, -2498.172, 32.5000, 0, 220, 0
L -2937.223, -2492.672, 30.0000, -2932.923, -2496.972, 27.5000, 0, 220, 0
L -2947.323, -2502.272, 30.0000, -2937.223, -2492.672, 30.0000, 150, 150, 150
L -2955.723, -2493.972, 35.0000, -2959.923, -2489.872, 37.5000, 0, 220, 0
L -2945.723, -2484.172, 35.0000, -2941.423, -2488.472, 32.5000, 0, 220, 0
L -2955.723, -2493.972, 35.0000, -2945.723, -2484.172, 35.0000, 150, 150, 150
L -2951.523, -2498.172, 32.5000, -2955.723, -2493.972, 35.0000, 0, 220, 0
L -2941.423, -2488.472, 32.5000, -2937.223, -2492.672, 30.0000, 0, 220, 0
L -2951.523, -2498.172, 32.5000, -2941.423, -2488.472, 32.5000, 150, 150, 150
L -2959.923, -2489.872, 37.5000, -2964.123, -2485.772, 40.0000, 0, 220, 0
L -2950.023, -2479.872, 37.5000, -2945.723, -2484.172, 35.0000, 0, 220, 0
L -2959.923, -2489.872, 37.5000, -2950.023, -2479.872, 37.5000, 150, 150, 150
L -2939.023, -2510.572, 25.0000, -2943.223, -2506.372, 27.5000, 0, 220, 0
L -2928.723, -2501.172, 25.0000, -2924.423, -2505.472, 22.5000, 0, 220, 0
L -2939.023, -2510.572, 25.0000, -2928.723, -2501.172, 25.0000, 150, 150, 150
L -2934.823, -2514.672, 22.5000, -2939.023, -2510.572, 25.0000, 0, 220, 0
L -2924.423, -2505.472, 22.5000, -2920.223, -2509.672, 20.0000, 0, 220, 0
L -2934.823, -2514.672, 22.5000, -2924.423, -2505.472, 22.5000, 150, 150, 150
L -2943.223, -2506.372, 27.5000, -2947.323, -2502.272, 30.0000, 0, 220, 0
L -2932.923, -2496.972, 27.5000, -2928.723, -2501.172, 25.0000, 0, 220, 0
L -2943.223, -2506.372, 27.5000, -2932.923, -2496.972, 27.5000, 150, 150, 150
L -2922.223, -2526.972, 15.0000, -2926.423, -2522.872, 17.5000, 0, 220, 0
L -2911.623, -2518.272, 15.0000, -2907.423, -2522.472, 12.5000, 0, 220, 0
L -2922.223, -2526.972, 15.0000, -2911.623, -2518.272, 15.0000, 150, 150, 150
L -2918.023, -2531.172, 12.5000, -2922.223, -2526.972, 15.0000, 0, 220, 0
L -2907.423, -2522.472, 12.5000, -2903.123, -2526.772, 10.0000, 0, 220, 0
L -2918.023, -2531.172, 12.5000, -2907.423, -2522.472, 12.5000, 150, 150, 150
L -2926.423, -2522.872, 17.5000, -2930.623, -2518.772, 20.0000, 0, 220, 0
L -2915.923, -2513.972, 17.5000, -2911.623, -2518.272, 15.0000, 0, 220, 0
L -2926.423, -2522.872, 17.5000, -2915.923, -2513.972, 17.5000, 150, 150, 150
L -2905.523, -2543.572, 5.0000, -2909.723, -2539.372, 7.5000, 0, 220, 0
L -2894.623, -2535.272, 5.0000, -2890.423, -2539.472, 2.5000, 0, 220, 0
L -2905.523, -2543.572, 5.0000, -2894.623, -2535.272, 5.0000, 150, 150, 150
L -2898.923, -2530.972, 7.5000, -2894.623, -2535.272, 5.0000, 0, 220, 0
L -2909.723, -2539.372, 7.5000, -2913.923, -2535.272, 10.0000, 0, 220, 0
L -2898.923, -2530.972, 7.5000, -2909.723, -2539.372, 7.5000, 150, 150, 150
L -2890.423, -2539.472, 2.5000, -2886.123, -2543.772, 0.0000, 0, 220, 0
L -2901.323, -2547.672, 2.5000, -2905.523, -2543.572, 5.0000, 0, 220, 0
L -2890.423, -2539.472, 2.5000, -2901.323, -2547.672, 2.5000, 150, 150, 150
L -2897.123, -2551.772, 0.0000, -2944.123, -2504.772, 0.0000, 0, 0, 0
L -3110.123, -2434.772, 0.0000, -3112.623, -2437.472, 0.0000, 0, 0, 0
L -3124.123, -2426.772, 0.0000, -3112.623, -2437.472, 0.0000, 0, 0, 0
L -3070.123, -2478.772, 40.0000, -3088.123, -2460.772, 40.0000, 0, 220, 0
L -3041.123, -2525.772, 40.0000, -3033.123, -2517.372, 40.0000, 150, 150, 150
L -3022.123, -2527.772, 40.0000, -3033.123, -2517.372, 40.0000, 0, 220, 0
L -3033.123, -2517.372, 40.0000, -3036.923, -2513.172, 37.5000, 0, 220, 0
L -3041.123, -2525.772, 40.0000, -3045.123, -2521.772, 37.5000, 0, 220, 0
L -3094.123, -2450.772, 0.0000, -3105.123, -2461.772, 0.0000, 150, 150, 150
L -3073.123, -2493.772, 20.0000, -3077.123, -2489.772, 17.5000, 0, 220, 0
L -3063.623, -2484.072, 20.0000, -3067.423, -2479.872, 17.5000, 0, 220, 0
L -3073.123, -2493.772, 20.0000, -3063.623, -2484.072, 20.0000, 150, 150, 150
L -3057.123, -2509.772, 30.0000, -3061.123, -2505.772, 27.5000, 0, 220, 0
L -3048.323, -2500.672, 30.0000, -3052.223, -2496.572, 27.5000, 0, 220, 0
L -3057.123, -2509.772, 30.0000, -3048.323, -2500.672, 30.0000, 150, 150, 150
L -3049.123, -2517.772, 35.0000, -3053.123, -2513.772, 32.5000, 0, 220, 0
L -3040.723, -2508.972, 35.0000, -3044.523, -2504.872, 32.5000, 0, 220, 0
L -3049.123, -2517.772, 35.0000, -3040.723, -2508.972, 35.0000, 150, 150, 150
L -3045.123, -2521.772, 37.5000, -3049.123, -2517.772, 35.0000, 0, 220, 0
L -3036.923, -2513.172, 37.5000, -3040.723, -2508.972, 35.0000, 0, 220, 0
L -3045.123, -2521.772, 37.5000, -3036.923, -2513.172, 37.5000, 150, 150, 150
L -3053.123, -2513.772, 32.5000, -3057.123, -2509.772, 30.0000, 0, 220, 0
L -3044.523, -2504.872, 32.5000, -3048.323, -2500.672, 30.0000, 0, 220, 0
L -3053.123, -2513.772, 32.5000, -3044.523, -2504.872, 32.5000, 150, 150, 150
L -3065.123, -2501.772, 25.0000, -3069.123, -2497.772, 22.5000, 0, 220, 0
L -3056.023, -2492.372, 25.0000, -3059.823, -2488.172, 22.5000, 0, 220, 0
L -3065.123, -2501.772, 25.0000, -3056.023, -2492.372, 25.0000, 150, 150, 150
L -3061.123, -2505.772, 27.5000, -3065.123, -2501.772, 25.0000, 0, 220, 0
L -3052.223, -2496.572, 27.5000, -3056.023, -2492.372, 25.0000, 0, 220, 0
L -3061.123, -2505.772, 27.5000, -3052.223, -2496.572, 27.5000, 150, 150, 150
L -3069.123, -2497.772, 22.5000, -3073.123, -2493.772, 20.0000, 0, 220, 0
L -3059.823, -2488.172, 22.5000, -3063.623, -2484.072, 20.0000, 0, 220, 0
L -3069.123, -2497.772, 22.5000, -3059.823, -2488.172, 22.5000, 150, 150, 150
L -3089.123, -2477.772, 10.0000, -3093.123, -2473.772, 7.5000, 0, 220, 0
L -3078.823, -2467.372, 10.0000, -3082.723, -2463.272, 7.5000, 0, 220, 0
L -3089.123, -2477.772, 10.0000, -3078.823, -2467.372, 10.0000, 150, 150, 150
L -3081.123, -2485.772, 15.0000, -3085.123, -2481.772, 12.5000, 0, 220, 0
L -3071.223, -2475.772, 15.0000, -3075.023, -2471.572, 12.5000, 0, 220, 0
L -3081.123, -2485.772, 15.0000, -3071.223, -2475.772, 15.0000, 150, 150, 150
L -3077.123, -2489.772, 17.5000, -3081.123, -2485.772, 15.0000, 0, 220, 0
L -3067.423, -2479.872, 17.5000, -3071.223, -2475.772, 15.0000, 0, 220, 0
L -3077.123, -2489.772, 17.5000, -3067.423, -2479.872, 17.5000, 150, 150, 150
L -3085.123, -2481.772, 12.5000, -3089.123, -2477.772, 10.0000, 0, 220, 0
L -3075.023, -2471.572, 12.5000, -3078.823, -2467.372, 10.0000, 0, 220, 0
L -3085.123, -2481.772, 12.5000, -3075.023, -2471.572, 12.5000, 150, 150, 150
L -3097.123, -2469.772, 5.0000, -3101.123, -2465.772, 2.5000, 0, 220, 0
L -3086.523, -2459.072, 5.0000, -3090.323, -2454.972, 2.5000, 0, 220, 0
L -3097.123, -2469.772, 5.0000, -3086.523, -2459.072, 5.0000, 150, 150, 150
L -3093.123, -2473.772, 7.5000, -3097.123, -2469.772, 5.0000, 0, 220, 0
L -3082.723, -2463.272, 7.5000, -3086.523, -2459.072, 5.0000, 0, 220, 0
L -3093.123, -2473.772, 7.5000, -3082.723, -2463.272, 7.5000, 150, 150, 150
L -3101.123, -2465.772, 2.5000, -3105.123, -2461.772, 0.0000, 0, 220, 0
L -3090.323, -2454.972, 2.5000, -3094.123, -2450.772, 0.0000, 0, 220, 0
L -3101.123, -2465.772, 2.5000, -3090.323, -2454.972, 2.5000, 150, 150, 150
L -2843.123, -2490.772, 1.0000, -2853.123, -2489.772, 1.0000, 150, 150, 150
L -2844.123, -2451.772, 17.0000, -2854.123, -2441.772, 17.0000, 150, 150, 150
L -2829.123, -2435.772, 26.0000, -2836.123, -2423.772, 25.0000, 150, 150, 150
L -2802.123, -2462.772, 40.0000, -2795.123, -2454.772, 40.0000, 150, 150, 150
L -2815.623, -2449.272, 33.0000, -2819.023, -2445.872, 31.1999, 0, 220, 0
L -2809.223, -2440.672, 34.0999, -2805.623, -2444.272, 35.5999, 0, 220, 0
L -2815.623, -2449.272, 33.0000, -2809.223, -2440.672, 34.0999, 150, 150, 150
L -2808.923, -2455.972, 36.5000, -2812.223, -2452.672, 34.7999, 0, 220, 0
L -2802.123, -2447.772, 37.0999, -2798.623, -2451.272, 38.5000, 0, 220, 0
L -2808.923, -2455.972, 36.5000, -2802.123, -2447.772, 37.0999, 150, 150, 150
L -2805.523, -2459.372, 38.1999, -2808.923, -2455.972, 36.5000, 0, 220, 0
L -2798.623, -2451.272, 38.5000, -2795.123, -2454.772, 40.0000, 0, 220, 0
L -2805.523, -2459.372, 38.1999, -2798.623, -2451.272, 38.5000, 150, 150, 150
L -2812.223, -2452.672, 34.7999, -2815.623, -2449.272, 33.0000, 0, 220, 0
L -2805.623, -2444.272, 35.5999, -2802.123, -2447.772, 37.0999, 0, 220, 0
L -2812.223, -2452.672, 34.7999, -2805.623, -2444.272, 35.5999, 150, 150, 150
L -2823.723, -2426.172, 28.0999, -2820.123, -2429.772, 29.5999, 0, 220, 0
L -2829.123, -2435.772, 26.0000, -2823.723, -2426.172, 28.0999, 150, 150, 150
L -2822.323, -2442.572, 29.5000, -2825.723, -2439.172, 27.7999, 0, 220, 0
L -2816.423, -2433.472, 31.0999, -2812.823, -2437.072, 32.5999, 0, 220, 0
L -2822.323, -2442.572, 29.5000, -2816.423, -2433.472, 31.0999, 150, 150, 150
L -2819.023, -2445.872, 31.1999, -2822.323, -2442.572, 29.5000, 0, 220, 0
L -2812.823, -2437.072, 32.5999, -2809.223, -2440.672, 34.0999, 0, 220, 0
L -2819.023, -2445.872, 31.1999, -2812.823, -2437.072, 32.5999, 150, 150, 150
L -2825.723, -2439.172, 27.7999, -2829.123, -2435.772, 26.0000, 0, 220, 0
L -2820.123, -2429.772, 29.5999, -2816.423, -2433.472, 31.0999, 0, 220, 0
L -2825.723, -2439.172, 27.7999, -2820.123, -2429.772, 29.5999, 150, 150, 150
L -2836.623, -2443.772, 21.5000, -2838.523, -2445.772, 20.3999, 0, 220, 0
L -2845.123, -2432.772, 21.0000, -2842.923, -2430.572, 22.0000, 0, 220, 0
L -2836.623, -2443.772, 21.5000, -2845.123, -2432.772, 21.0000, 150, 150, 150
L -2832.923, -2439.772, 23.7999, -2834.723, -2441.772, 22.5999, 0, 220, 0
L -2840.623, -2428.272, 23.0000, -2838.323, -2425.972, 24.0000, 0, 220, 0
L -2832.923, -2439.772, 23.7999, -2840.623, -2428.272, 23.0000, 150, 150, 150
L -2840.323, -2447.772, 19.1999, -2842.223, -2449.772, 18.0999, 0, 220, 0
L -2849.623, -2437.272, 19.0000, -2847.323, -2434.972, 20.0000, 0, 220, 0
L -2840.323, -2447.772, 19.1999, -2849.623, -2437.272, 19.0000, 150, 150, 150
L -2831.023, -2437.772, 24.8999, -2832.923, -2439.772, 23.7999, 0, 220, 0
L -2838.323, -2425.972, 24.0000, -2836.123, -2423.772, 25.0000, 0, 220, 0
L -2831.023, -2437.772, 24.8999, -2838.323, -2425.972, 24.0000, 150, 150, 150
L -2834.723, -2441.772, 22.5999, -2836.623, -2443.772, 21.5000, 0, 220, 0
L -2842.923, -2430.572, 22.0000, -2840.623, -2428.272, 23.0000, 0, 220, 0
L -2834.723, -2441.772, 22.5999, -2842.923, -2430.572, 22.0000, 150, 150, 150
L -2838.523, -2445.772, 20.3999, -2840.323, -2447.772, 19.1999, 0, 220, 0
L -2847.323, -2434.972, 20.0000, -2845.123, -2432.772, 21.0000, 0, 220, 0
L -2838.523, -2445.772, 20.3999, -2847.323, -2434.972, 20.0000, 150, 150, 150
L -2842.223, -2449.772, 18.0999, -2844.123, -2451.772, 17.0000, 0, 220, 0
L -2851.923, -2439.572, 18.0000, -2849.623, -2437.272, 19.0000, 0, 220, 0
L -2842.223, -2449.772, 18.0999, -2851.923, -2439.572, 18.0000, 150, 150, 150
L -2843.623, -2471.272, 9.0000, -2843.523, -2476.172, 7.0000, 0, 220, 0
L -2853.623, -2465.772, 9.0000, -2853.723, -2459.772, 11.0000, 0, 220, 0
L -2843.623, -2471.272, 9.0000, -2853.623, -2465.772, 9.0000, 150, 150, 150
L -2843.923, -2461.572, 13.0000, -2843.723, -2466.372, 11.0000, 0, 220, 0
L -2853.923, -2453.772, 13.0000, -2854.023, -2447.772, 15.0000, 0, 220, 0
L -2843.923, -2461.572, 13.0000, -2853.923, -2453.772, 13.0000, 150, 150, 150
L -2844.023, -2456.672, 15.0000, -2843.923, -2461.572, 13.0000, 0, 220, 0
L -2854.023, -2447.772, 15.0000, -2854.123, -2441.772, 17.0000, 0, 220, 0
L -2844.023, -2456.672, 15.0000, -2854.023, -2447.772, 15.0000, 150, 150, 150
L -2843.723, -2466.372, 11.0000, -2843.623, -2471.272, 9.0000, 0, 220, 0
L -2853.723, -2459.772, 11.0000, -2853.923, -2453.772, 13.0000, 0, 220, 0
L -2843.723, -2466.372, 11.0000, -2853.723, -2459.772, 11.0000, 150, 150, 150
L -2843.323, -2480.972, 5.0000, -2843.223, -2485.872, 3.0000, 0, 220, 0
L -2853.323, -2477.772, 5.0000, -2853.523, -2471.772, 7.0000, 0, 220, 0
L -2843.323, -2480.972, 5.0000, -2853.323, -2477.772, 5.0000, 150, 150, 150
L -2843.523, -2476.172, 7.0000, -2843.323, -2480.972, 5.0000, 0, 220, 0
L -2853.523, -2471.772, 7.0000, -2853.623, -2465.772, 9.0000, 0, 220, 0
L -2843.523, -2476.172, 7.0000, -2853.523, -2471.772, 7.0000, 150, 150, 150
L -2843.223, -2485.872, 3.0000, -2843.123, -2490.772, 1.0000, 0, 220, 0
L -2853.223, -2483.772, 3.0000, -2853.323, -2477.772, 5.0000, 0, 220, 0
L -2843.223, -2485.872, 3.0000, -2853.223, -2483.772, 3.0000, 150, 150, 150
L -1598.623, -4048.672, 78.8999, -1597.623, -4061.772, 78.8999, 150, 150, 150
L -1597.623, -4061.772, 78.8999, -1660.023, -4060.172, 68.8999, 150, 150, 150
L -1660.023, -4060.172, 68.8999, -1674.823, -4057.572, 68.7999, 150, 150, 150
L -1674.823, -4057.572, 68.7999, -1675.023, -4052.672, 68.7999, 150, 150, 150
L -1675.023, -4052.672, 68.7999, -1659.823, -4049.972, 68.7999, 150, 150, 150
L -1659.823, -4049.972, 68.7999, -1598.623, -4048.672, 78.8999, 150, 150, 150
L -1547.923, -4026.672, 68.7999, -1558.923, -4026.772, 68.7999, 0, 0, 0
L -1523.723, -3937.272, 68.7999, -1551.423, -3910.072, 68.7999, 0, 0, 0
L -1617.723, -3938.472, 68.7999, -1617.523, -3955.572, 68.7999, 0, 0, 0
L -1623.123, -3936.272, 68.7999, -1592.823, -3905.172, 68.7999, 0, 0, 0
L -1522.923, -3993.472, 68.7999, -1523.223, -3975.572, 68.7999, 0, 0, 0
L -1518.323, -3934.972, 68.7999, -1518.123, -3955.572, 68.7999, 0, 0, 0
L -1549.423, -3904.672, 68.7999, -1518.323, -3934.972, 68.7999, 0, 0, 0
L -1592.823, -3905.172, 68.7999, -1549.423, -3904.672, 68.7999, 0, 0, 0
L -1617.023, -3994.572, 68.7999, -1589.223, -4021.772, 68.7999, 0, 0, 0
L -1550.223, -4021.372, 68.7999, -1522.923, -3993.472, 68.7999, 0, 0, 0
L -1590.523, -3910.572, 68.7999, -1617.723, -3938.472, 68.7999, 0, 0, 0
L -1551.423, -3910.072, 68.7999, -1551.523, -3910.072, 68.7999, 0, 0, 0
L -1551.423, -3910.072, 68.7999, -1590.523, -3910.572, 68.7999, 0, 0, 0
L -1523.423, -3955.572, 68.7999, -1523.723, -3937.272, 68.7999, 0, 0, 0
L -1617.223, -3975.472, 68.7999, -1617.223, -3975.572, 68.7999, 0, 0, 0
L -1558.923, -4021.472, 68.7999, -1550.223, -4021.372, 68.7999, 0, 0, 0
L -1517.623, -3995.972, 68.7999, -1547.923, -4026.672, 68.7999, 0, 0, 0
L -1579.823, -4027.072, 68.7999, -1591.323, -4027.172, 68.7999, 0, 0, 0
L -1591.323, -4027.172, 68.7999, -1622.523, -3996.772, 68.7999, 0, 0, 0
L -1622.523, -3996.772, 68.7999, -1622.623, -3975.572, 68.7999, 0, 0, 0
L -1622.623, -3975.572, 68.7999, -1617.223, -3975.472, 68.7999, 0, 0, 0
L -1622.623, -3975.572, 68.7999, -1617.223, -3975.572, 68.7999, 0, 0, 0
L -1517.823, -3975.572, 68.7999, -1517.623, -3995.972, 68.7999, 0, 0, 0
L -1617.223, -3975.572, 68.7999, -1617.023, -3994.572, 68.7999, 0, 0, 0
L -1523.223, -3975.572, 68.7999, -1517.823, -3975.572, 68.7999, 0, 0, 0
L -1518.123, -3955.572, 68.7999, -1523.423, -3955.572, 68.7999, 0, 0, 0
L -1622.823, -3955.572, 68.7999, -1623.123, -3936.272, 68.7999, 0, 0, 0
L -1617.523, -3955.572, 68.7999, -1622.823, -3955.572, 68.7999, 0, 0, 0
L -1558.923, -4021.472, 68.7999, -1558.923, -4026.772, 68.7999, 0, 0, 0
L -1579.823, -4027.072, 68.7999, -1579.823, -4021.772, 68.7999, 0, 0, 0
L -1589.223, -4021.772, 68.7999, -1579.823, -4021.772, 68.7999, 0, 0, 0
L -1589.223, -4065.572, 69.0000, -1608.323, -4065.572, 69.0000, 150, 150, 150
L -1608.323, -4065.572, 69.0000, -1608.223, -4044.872, 69.0000, 150, 150, 150
L -1608.223, -4044.872, 69.0000, -1589.223, -4044.872, 69.0000, 150, 150, 150
L -1589.223, -4065.572, 69.0000, -1589.223, -4044.872, 69.0000, 150, 150, 150
L 1376.877, 1211.228, -19.0000, 1315.877, 1228.228, -20.0000, 0, 0, 255
L 1493.877, 1156.228, 39.0000, 1477.877, 1155.228, 39.0000, 150, 150, 150
L 1492.877, 1192.228, 70.0000, 1478.877, 1192.228, 69.0000, 150, 150, 150
L 1493.377, 1174.228, 54.5000, 1493.477, 1169.728, 50.5999, 0, 220, 0
L 1478.377, 1173.728, 54.0000, 1478.477, 1178.328, 57.7999, 0, 220, 0
L 1493.377, 1174.228, 54.5000, 1478.377, 1173.728, 54.0000, 150, 150, 150
L 1493.077, 1183.228, 62.1999, 1493.277, 1178.728, 58.3999, 0, 220, 0
L 1478.677, 1183.028, 61.5000, 1478.777, 1187.628, 65.1999, 0, 220, 0
L 1493.077, 1183.228, 62.1999, 1478.677, 1183.028, 61.5000, 150, 150, 150
L 1493.677, 1165.228, 46.7999, 1493.777, 1160.728, 42.8999, 0, 220, 0
L 1478.077, 1164.428, 46.5000, 1478.277, 1169.128, 50.1999, 0, 220, 0
L 1493.677, 1165.228, 46.7999, 1478.077, 1164.428, 46.5000, 150, 150, 150
L 1493.777, 1160.728, 42.8999, 1493.877, 1156.228, 39.0000, 0, 220, 0
L 1477.977, 1159.828, 42.7999, 1478.077, 1164.428, 46.5000, 0, 220, 0
L 1493.777, 1160.728, 42.8999, 1477.977, 1159.828, 42.7999, 150, 150, 150
L 1493.477, 1169.728, 50.5999, 1493.677, 1165.228, 46.7999, 0, 220, 0
L 1478.277, 1169.128, 50.1999, 1478.377, 1173.728, 54.0000, 0, 220, 0
L 1493.477, 1169.728, 50.5999, 1478.277, 1169.128, 50.1999, 150, 150, 150
L 1493.277, 1178.728, 58.3999, 1493.377, 1174.228, 54.5000, 0, 220, 0
L 1478.477, 1178.328, 57.7999, 1478.677, 1183.028, 61.5000, 0, 220, 0
L 1493.277, 1178.728, 58.3999, 1478.477, 1178.328, 57.7999, 150, 150, 150
L 1492.977, 1187.728, 66.0999, 1493.077, 1183.228, 62.1999, 0, 220, 0
L 1478.777, 1187.628, 65.1999, 1478.877, 1192.228, 69.0000, 0, 220, 0
L 1492.977, 1187.728, 66.0999, 1478.777, 1187.628, 65.1999, 150, 150, 150
L -1535.723, -4065.572, 69.0000, -1535.523, -4046.572, 69.0000, 150, 150, 150
L -1556.323, -4065.372, 69.0000, -1535.723, -4065.572, 69.0000, 150, 150, 150
L -1549.423, -4062.072, 69.0000, -1542.423, -4062.072, 69.0000, 0, 0, 0
L -1542.423, -4050.072, 69.0000, -1549.423, -4050.072, 69.0000, 0, 0, 0
L -1556.123, -4046.272, 69.0000, -1556.323, -4065.372, 69.0000, 150, 150, 150
L -1542.423, -4062.072, 69.0000, -1539.023, -4056.072, 69.0000, 0, 0, 0
L -1539.023, -4056.072, 69.0000, -1542.423, -4050.072, 69.0000, 0, 0, 0
L -1552.923, -4056.072, 69.0000, -1549.423, -4062.072, 69.0000, 0, 0, 0
L -1549.423, -4050.072, 69.0000, -1552.923, -4056.072, 69.0000, 0, 0, 0
L -1535.523, -4046.572, 69.0000, -1556.123, -4046.272, 69.0000, 150, 150, 150
L -2605.723, -2442.572, -7.0000, -2585.123, -2442.772, -7.0000, 150, 150, 150
L -2605.523, -2423.472, -7.0000, -2605.723, -2442.572, -7.0000, 150, 150, 150
L -2598.823, -2439.272, -7.0000, -2591.823, -2439.272, -7.0000, 0, 0, 0
L -2584.923, -2423.772, -7.0000, -2605.523, -2423.472, -7.0000, 150, 150, 150
L -2591.823, -2427.272, -7.0000, -2598.823, -2427.272, -7.0000, 0, 0, 0
L -2585.123, -2442.772, -7.0000, -2584.923, -2423.772, -7.0000, 150, 150, 150
L -2588.423, -2433.272, -7.0000, -2591.823, -2427.272, -7.0000, 0, 0, 0
L -2598.823, -2427.272, -7.0000, -2602.323, -2433.272, -7.0000, 0, 0, 0
L -2602.323, -2433.272, -7.0000, -2598.823, -2439.272, -7.0000, 0, 0, 0
L -2591.823, -2439.272, -7.0000, -2588.423, -2433.272, -7.0000, 0, 0, 0
L -2579.923, -2322.772, -7.0000, -2600.523, -2322.472, -7.0000, 150, 150, 150
L -2593.823, -2338.272, -7.0000, -2586.823, -2338.272, -7.0000, 0, 0, 0
L -2583.423, -2332.272, -7.0000, -2586.823, -2326.272, -7.0000, 0, 0, 0
L -2586.823, -2338.272, -7.0000, -2583.423, -2332.272, -7.0000, 0, 0, 0
L -2586.823, -2326.272, -7.0000, -2593.823, -2326.272, -7.0000, 0, 0, 0
L -2597.323, -2332.272, -7.0000, -2593.823, -2338.272, -7.0000, 0, 0, 0
L -2600.723, -2341.572, -7.0000, -2580.123, -2341.772, -7.0000, 150, 150, 150
L -2600.523, -2322.472, -7.0000, -2600.723, -2341.572, -7.0000, 150, 150, 150
L -2593.823, -2326.272, -7.0000, -2597.323, -2332.272, -7.0000, 0, 0, 0
L -2580.123, -2341.772, -7.0000, -2579.923, -2322.772, -7.0000, 150, 150, 150
L -2586.823, -2225.272, -7.0000, -2593.823, -2225.272, -7.0000, 0, 0, 0
L -2593.823, -2237.272, -7.0000, -2586.823, -2237.272, -7.0000, 0, 0, 0
L -2580.123, -2240.772, -7.0000, -2579.923, -2221.772, -7.0000, 150, 150, 150
L -2583.423, -2231.272, -7.0000, -2586.823, -2225.272, -7.0000, 0, 0, 0
L -2579.923, -2221.772, -7.0000, -2600.523, -2221.472, -7.0000, 150, 150, 150
L -2600.723, -2240.572, -7.0000, -2580.123, -2240.772, -7.0000, 150, 150, 150
L -2586.823, -2237.272, -7.0000, -2583.423, -2231.272, -7.0000, 0, 0, 0
L -2593.823, -2225.272, -7.0000, -2597.323, -2231.272, -7.0000, 0, 0, 0
L -2600.523, -2221.472, -7.0000, -2600.723, -2240.572, -7.0000, 150, 150, 150
L -2597.323, -2231.272, -7.0000, -2593.823, -2237.272, -7.0000, 0, 0, 0
L -2597.323, -2131.272, -8.0000, -2593.823, -2137.272, -8.0000, 0, 0, 0
L -2600.723, -2140.572, -8.0000, -2580.123, -2140.772, -8.0000, 150, 150, 150
L -2593.823, -2125.272, -8.0000, -2597.323, -2131.272, -8.0000, 0, 0, 0
L -2586.823, -2137.272, -8.0000, -2583.423, -2131.272, -8.0000, 0, 0, 0
L -2586.823, -2125.272, -8.0000, -2593.823, -2125.272, -8.0000, 0, 0, 0
L -2583.423, -2131.272, -8.0000, -2586.823, -2125.272, -8.0000, 0, 0, 0
L -2600.523, -2121.472, -8.0000, -2600.723, -2140.572, -8.0000, 150, 150, 150
L -2579.923, -2121.772, -8.0000, -2600.523, -2121.472, -8.0000, 150, 150, 150
L -2580.123, -2140.772, -8.0000, -2579.923, -2121.772, -8.0000, 150, 150, 150
L -2593.823, -2137.272, -8.0000, -2586.823, -2137.272, -8.0000, 0, 0, 0
L -2580.923, -2021.772, -8.0000, -2601.523, -2021.472, -8.0000, 150, 150, 150
L -2598.323, -2031.272, -8.0000, -2594.823, -2037.272, -8.0000, 0, 0, 0
L -2601.723, -2040.572, -8.0000, -2581.123, -2040.772, -8.0000, 150, 150, 150
L -2601.523, -2021.472, -8.0000, -2601.723, -2040.572, -8.0000, 150, 150, 150
L -2587.823, -2025.272, -8.0000, -2594.823, -2025.272, -8.0000, 0, 0, 0
L -2587.823, -2037.272, -8.0000, -2584.423, -2031.272, -8.0000, 0, 0, 0
L -2584.423, -2031.272, -8.0000, -2587.823, -2025.272, -8.0000, 0, 0, 0
L -2594.823, -2037.272, -8.0000, -2587.823, -2037.272, -8.0000, 0, 0, 0
L -2581.123, -2040.772, -8.0000, -2580.923, -2021.772, -8.0000, 150, 150, 150
L -2594.823, -2025.272, -8.0000, -2598.323, -2031.272, -8.0000, 0, 0, 0
L -2581.123, -1940.772, -7.0000, -2580.923, -1921.772, -7.0000, 150, 150, 150
L -2601.523, -1921.472, -7.0000, -2601.723, -1940.572, -7.0000, 150, 150, 150
L -2584.423, -1931.272, -7.0000, -2587.823, -1925.272, -7.0000, 0, 0, 0
L -2587.823, -1925.272, -7.0000, -2594.823, -1925.272, -7.0000, 0, 0, 0
L -2598.323, -1931.272, -7.0000, -2594.823, -1937.272, -7.0000, 0, 0, 0
L -2587.823, -1937.272, -7.0000, -2584.423, -1931.272, -7.0000, 0, 0, 0
L -2601.723, -1940.572, -7.0000, -2581.123, -1940.772, -7.0000, 150, 150, 150
L -2594.823, -1937.272, -7.0000, -2587.823, -1937.272, -7.0000, 0, 0, 0
L -2580.923, -1921.772, -7.0000, -2601.523, -1921.472, -7.0000, 150, 150, 150
L -2594.823, -1925.272, -7.0000, -2598.323, -1931.272, -7.0000, 0, 0, 0
L 1431.277, -1263.472, -10.0000, 1434.777, -1269.472, -10.0000, 0, 0, 0
L 1428.077, -1253.672, -10.0000, 1427.877, -1272.772, -10.0000, 150, 150, 150
L 1434.777, -1269.472, -10.0000, 1441.777, -1269.472, -10.0000, 0, 0, 0
L 1434.777, -1257.472, -10.0000, 1431.277, -1263.472, -10.0000, 0, 0, 0
L 1427.877, -1272.772, -10.0000, 1448.477, -1272.972, -10.0000, 150, 150, 150
L 1445.177, -1263.472, -10.0000, 1441.777, -1257.472, -10.0000, 0, 0, 0
L 1441.777, -1269.472, -10.0000, 1445.177, -1263.472, -10.0000, 0, 0, 0
L 1441.777, -1257.472, -10.0000, 1434.777, -1257.472, -10.0000, 0, 0, 0
L 1448.677, -1253.972, -10.0000, 1428.077, -1253.672, -10.0000, 150, 150, 150
L 1448.477, -1272.972, -10.0000, 1448.677, -1253.972, -10.0000, 150, 150, 150
L 1430.777, -1208.472, -7.0000, 1437.777, -1208.472, -7.0000, 0, 0, 0
L 1423.877, -1211.772, -7.0000, 1444.477, -1211.972, -7.0000, 150, 150, 150
L 1444.677, -1192.972, -7.0000, 1424.077, -1192.672, -7.0000, 150, 150, 150
L 1430.777, -1196.472, -7.0000, 1427.277, -1202.472, -7.0000, 0, 0, 0
L 1441.177, -1202.472, -7.0000, 1437.777, -1196.472, -7.0000, 0, 0, 0
L 1437.777, -1208.472, -7.0000, 1441.177, -1202.472, -7.0000, 0, 0, 0
L 1437.777, -1196.472, -7.0000, 1430.777, -1196.472, -7.0000, 0, 0, 0
L 1427.277, -1202.472, -7.0000, 1430.777, -1208.472, -7.0000, 0, 0, 0
L 1444.477, -1211.972, -7.0000, 1444.677, -1192.972, -7.0000, 150, 150, 150
L 1424.077, -1192.672, -7.0000, 1423.877, -1211.772, -7.0000, 150, 150, 150
L 1573.277, -1254.972, 0.0000, 1593.877, -1255.172, 0.0000, 150, 150, 150
L 1587.177, -1251.672, 0.0000, 1590.577, -1245.672, 0.0000, 0, 0, 0
L 1594.077, -1236.172, 0.0000, 1573.477, -1235.872, 0.0000, 150, 150, 150
L 1587.177, -1239.672, 0.0000, 1580.177, -1239.672, 0.0000, 0, 0, 0
L 1580.177, -1251.672, 0.0000, 1587.177, -1251.672, 0.0000, 0, 0, 0
L 1580.177, -1239.672, 0.0000, 1576.677, -1245.672, 0.0000, 0, 0, 0
L 1593.877, -1255.172, 0.0000, 1594.077, -1236.172, 0.0000, 150, 150, 150
L 1573.477, -1235.872, 0.0000, 1573.277, -1254.972, 0.0000, 150, 150, 150
L 1590.577, -1245.672, 0.0000, 1587.177, -1239.672, 0.0000, 0, 0, 0
L 1576.677, -1245.672, 0.0000, 1580.177, -1251.672, 0.0000, 0, 0, 0
L 1593.977, -1188.672, 0.0000, 1573.377, -1188.372, 0.0000, 150, 150, 150
L 1593.777, -1207.672, 0.0000, 1593.977, -1188.672, 0.0000, 150, 150, 150
L 1580.077, -1204.172, 0.0000, 1587.077, -1204.172, 0.0000, 0, 0, 0
L 1573.177, -1207.472, 0.0000, 1593.777, -1207.672, 0.0000, 150, 150, 150
L 1576.577, -1198.172, 0.0000, 1580.077, -1204.172, 0.0000, 0, 0, 0
L 1580.077, -1192.172, 0.0000, 1576.577, -1198.172, 0.0000, 0, 0, 0
L 1587.077, -1204.172, 0.0000, 1590.477, -1198.172, 0.0000, 0, 0, 0
L 1573.377, -1188.372, 0.0000, 1573.177, -1207.472, 0.0000, 150, 150, 150
L 1587.077, -1192.172, 0.0000, 1580.077, -1192.172, 0.0000, 0, 0, 0
L 1590.477, -1198.172, 0.0000, 1587.077, -1192.172, 0.0000, 0, 0, 0
L 1596.877, -1212.772, -7.0000, 1566.877, -1211.772, -7.0000, 150, 150, 150
L 1596.877, -1201.772, -7.0000, 1596.877, -1212.772, -7.0000, 0, 0, 0
L 1596.877, -1231.772, -7.0000, 1598.877, -1231.772, -7.0000, 0, 0, 0
L 1596.877, -1242.772, -7.0000, 1596.877, -1231.772, -7.0000, 0, 0, 0
L -596.923, 2354.728, -2.5999, -635.923, 2389.628, -2.5999, 0, 0, 0
L -635.923, 2389.628, -2.5999, -636.023, 2450.128, -1.5000, 0, 0, 0
L -636.023, 2450.128, -1.5000, -658.223, 2450.128, -1.5000, 0, 0, 0
L -658.223, 2450.128, -6.0999, -658.223, 2446.128, -6.1999, 0, 0, 0
L -658.223, 2446.128, -6.0999, -640.823, 2446.128, -6.0999, 0, 0, 0
L -640.823, 2446.128, -6.0999, -640.523, 2393.328, -6.0999, 0, 0, 0
L -640.523, 2393.328, -6.0999, -658.223, 2393.328, -6.0999, 0, 0, 0
L -658.223, 2393.328, -6.0999, -658.223, 2387.928, -6.0999, 0, 0, 0
L -658.223, 2387.928, -6.0999, -639.723, 2387.928, -6.0999, 0, 0, 0
L -639.723, 2387.928, -6.0999, -601.423, 2352.528, -6.0999, 0, 0, 0
L -601.423, 2352.528, -6.0999, -601.423, 2342.328, -6.0999, 0, 0, 0
L -601.423, 2342.328, -6.0999, -596.923, 2342.328, -6.0999, 0, 0, 0
L -596.923, 2342.328, -6.1999, -596.923, 2354.728, -6.1999, 0, 0, 0
L -601.623, 2324.528, -7.1999, -596.923, 2324.628, -6.0999, 0, 0, 0
L -596.923, 2324.628, -6.0999, -596.923, 2313.328, -6.0999, 0, 0, 0
L -596.923, 2313.328, -6.0999, -635.923, 2277.828, -6.0999, 0, 0, 0
L -635.923, 2277.828, -6.0999, -636.023, 2217.328, -6.0999, 0, 0, 0
L -636.023, 2217.328, -6.0999, -657.823, 2217.328, -6.0999, 0, 0, 0
L -657.823, 2217.328, -6.0999, -657.823, 2220.828, -6.0999, 0, 0, 0
L -657.823, 2220.828, -6.0999, -640.123, 2220.828, -6.0999, 0, 0, 0
L -640.123, 2220.828, -6.0999, -640.423, 2272.928, -5.6999, 0, 0, 0
L -640.423, 2272.928, -5.6999, -657.323, 2272.928, -0.8999, 0, 0, 0
L -657.323, 2272.928, -7.6999, -657.323, 2278.228, -7.6999, 0, 0, 0
L -657.323, 2278.228, -7.6999, -641.623, 2278.228, -7.6999, 0, 0, 0
L -641.623, 2278.228, -7.6999, -601.723, 2314.528, -7.6999, 0, 0, 0
L -601.723, 2314.528, -7.6999, -601.623, 2324.528, -7.6999, 0, 0, 0
L -693.723, 2393.328, -7.6999, -693.623, 2414.028, -7.6999, 0, 0, 0
L -693.623, 2414.028, -7.6999, -697.723, 2414.028, -7.6999, 0, 0, 0
L -697.723, 2414.028, -7.6999, -697.723, 2389.728, -7.6999, 0, 0, 0
L -697.723, 2389.728, -7.6999, -714.823, 2374.628, -7.6999, 0, 0, 0
L -714.823, 2374.628, -7.6999, -712.723, 2371.928, -7.6999, 0, 0, 0
L -712.723, 2371.928, -7.6999, -693.323, 2387.928, -7.6999, 0, 0, 0
L -693.423, 2446.128, -7.7999, -676.023, 2446.128, -7.6999, 0, 0, 0
L -693.423, 2446.128, -7.7999, -693.823, 2428.928, -7.6999, 0, 0, 0
L -693.823, 2428.928, -7.6999, -697.723, 2429.028, -7.6999, 0, 0, 0
L -697.723, 2429.028, -7.6999, -697.723, 2450.128, -8.0000, 0, 0, 0
L -697.723, 2450.128, -8.0999, -676.023, 2450.128, -7.6999, 0, 0, 0
L -676.023, 2450.128, -7.6999, -676.023, 2446.128, -7.6999, 0, 0, 0
L -693.723, 2393.328, -7.6999, -676.023, 2393.328, -7.6999, 0, 0, 0
L -676.023, 2393.328, -7.6999, -676.023, 2387.928, -7.6999, 0, 0, 0
L -676.023, 2387.928, -7.6999, -693.323, 2387.928, -7.6999, 0, 0, 0
L -722.623, 2363.628, -7.6999, -725.223, 2366.628, -7.6999, 0, 0, 0
L -725.223, 2366.628, -7.6999, -738.223, 2354.828, -7.6999, 0, 0, 0
L -738.223, 2354.828, -7.6999, -738.223, 2342.828, -7.6999, 0, 0, 0
L -738.223, 2342.828, -7.6999, -734.523, 2342.828, -7.6999, 0, 0, 0
L -734.523, 2342.828, -7.6999, -734.523, 2353.228, -7.6999, 0, 0, 0
L -734.523, 2353.228, -7.6999, -722.623, 2363.628, -7.6999, 0, 0, 0
L -734.323, 2324.628, -7.6999, -738.223, 2324.628, -7.6999, 0, 0, 0
L -738.223, 2324.628, -7.6999, -738.223, 2313.328, -7.6999, 0, 0, 0
L -738.223, 2313.328, -7.6999, -697.723, 2277.728, -7.6999, 0, 0, 0
L -697.723, 2277.728, -7.6999, -697.723, 2266.728, -7.5000, 0, 0, 0
L -697.723, 2266.728, -7.5000, -694.723, 2266.728, -6.5999, 0, 0, 0
L -694.723, 2266.728, -6.5999, -694.123, 2272.928, -7.6999, 0, 0, 0
L -694.123, 2272.928, -7.6999, -675.523, 2272.928, -7.6999, 0, 0, 0
L -675.523, 2272.928, -7.6999, -675.523, 2278.228, -7.6999, 0, 0, 0
L -675.523, 2278.228, -7.6999, -692.923, 2278.228, -7.6999, 0, 0, 0
L -692.923, 2278.228, -7.6999, -734.223, 2314.828, -7.6999, 0, 0, 0
L -734.223, 2314.828, -7.6999, -734.323, 2324.628, -7.6999, 0, 0, 0
L -694.323, 2237.528, -7.8999, -697.323, 2237.128, -8.0000, 0, 0, 0
L -697.323, 2237.128, -8.0000, -697.823, 2217.328, -8.0000, 0, 0, 0
L -697.823, 2217.328, -7.8999, -676.023, 2217.328, -7.5999, 0, 0, 0
L -676.023, 2217.328, -7.5999, -676.023, 2220.828, -7.5999, 0, 0, 0
L -676.023, 2220.828, -7.5999, -694.423, 2220.828, -7.8999, 0, 0, 0
L -694.423, 2220.828, -7.8999, -694.323, 2237.528, -7.8999, 0, 0, 0
L -623.123, 2248.128, -7.6999, -623.123, 2278.228, -7.6999, 150, 150, 150
L -623.123, 2278.228, -7.6999, -592.623, 2278.228, -7.6999, 150, 150, 150
L -592.623, 2278.228, -7.6999, -592.623, 2248.128, -7.6999, 150, 150, 150
L -592.623, 2248.128, -7.6999, -623.123, 2248.128, -7.6999, 150, 150, 150
L -617.023, 2252.928, -0.8999, -597.923, 2253.028, -0.8999, 150, 150, 150
L -597.923, 2253.028, -0.8999, -598.023, 2273.628, -0.8999, 150, 150, 150
L -598.023, 2273.628, -0.8999, -617.023, 2273.728, -0.8999, 150, 150, 150
L -617.023, 2273.728, -0.8999, -617.023, 2252.928, -0.8999, 150, 150, 150
L -608.323, 2268.628, 17.0999, -697.723, 2266.828, -7.6999, 150, 150, 150
L -697.723, 2266.828, -7.6999, -705.323, 2265.528, -7.6999, 150, 150, 150
L -705.323, 2265.528, -7.6999, -704.923, 2261.328, -7.5000, 150, 150, 150
L -704.923, 2261.328, -7.5000, -686.523, 2259.428, -5.0000, 150, 150, 150
L -686.523, 2259.428, -5.0000, -608.123, 2257.628, 16.5000, 150, 150, 150
L -608.123, 2257.628, 16.5000, -608.323, 2268.628, 17.0999, 150, 150, 150
L -604.923, 2377.228, -7.3999, -622.823, 2383.628, -7.3999, 150, 150, 150
L -622.823, 2383.628, -7.3999, -615.923, 2403.028, -7.3999, 150, 150, 150
L -615.923, 2403.028, -7.3999, -598.023, 2396.628, -7.3999, 150, 150, 150
L -598.023, 2396.628, -7.3999, -604.923, 2377.228, -7.3999, 150, 150, 150
L -606.223, 2384.928, 2.5000, -613.123, 2383.628, 2.5000, 0, 0, 0
L -613.123, 2383.628, 2.5000, -617.623, 2389.028, 2.5000, 0, 0, 0
L -617.623, 2389.028, 2.5000, -615.223, 2395.528, 2.5000, 0, 0, 0
L -615.223, 2395.528, 2.5000, -608.423, 2396.828, 2.5000, 0, 0, 0
L -608.423, 2396.828, 2.5000, -603.823, 2391.528, 2.5000, 0, 0, 0
L -603.823, 2391.528, 2.5000, -606.223, 2384.928, 2.5000, 0, 0, 0
L -711.723, 2432.928, -4.7999, -711.723, 2412.328, -4.7999, 150, 150, 150
L -711.723, 2412.328, -4.7999, -730.823, 2412.328, -4.7999, 150, 150, 150
L -730.823, 2412.328, -4.7999, -730.823, 2432.928, -4.7999, 150, 150, 150
L -730.823, 2432.928, -4.7999, -711.723, 2432.928, -4.7999, 150, 150, 150
L -722.523, 2427.928, 13.0000, -818.323, 2426.628, -14.2999, 150, 150, 150
L -818.323, 2426.628, -14.2999, -818.723, 2418.828, -14.0999, 150, 150, 150
L -818.723, 2418.828, -14.0999, -721.723, 2417.128, 12.6999, 150, 150, 150
L -721.723, 2417.128, 12.6999, -722.523, 2427.928, 13.0000, 150, 150, 150
L -706.423, 2407.428, -7.6999, -706.423, 2437.528, -7.7999, 150, 150, 150
L -706.423, 2437.528, -7.8999, -736.923, 2437.528, -8.5999, 150, 150, 150
L -736.923, 2437.528, -8.5000, -737.323, 2407.428, -7.8999, 150, 150, 150
L -737.323, 2407.428, -7.7999, -706.423, 2407.428, -7.6999, 150, 150, 150
L -2402.223, 1050.428, -6.5999, -2402.523, 1080.528, -6.5999, 150, 150, 150
L -2402.523, 1080.528, -6.5999, -2369.523, 1080.528, -6.5999, 150, 150, 150
L -2369.523, 1080.528, -6.5999, -2369.523, 1050.428, -6.5999, 150, 150, 150
L -2369.523, 1050.428, -6.5999, -2402.223, 1050.428, -6.5999, 150, 150, 150
L -2349.623, 1074.628, -9.0999, -2357.323, 1057.028, -8.5999, 150, 150, 150
L -2357.323, 1057.028, -8.5999, -2264.423, 1016.828, -14.5999, 150, 150, 150
L -2264.423, 1016.828, -14.5999, -2258.623, 1029.228, -14.8999, 150, 150, 150
L -2258.623, 1029.228, -14.8999, -2349.623, 1074.628, -9.0999, 150, 150, 150
L -2491.223, -344.572, -8.2999, -2489.223, -312.372, -8.2999, 150, 150, 150
L -2489.223, -312.372, -8.1999, -2459.223, -313.172, -8.5999, 150, 150, 150
L -2459.223, -313.172, -8.5999, -2460.923, -346.672, -8.5999, 150, 150, 150
L -2460.923, -346.672, -8.5999, -2491.223, -344.572, -8.1999, 150, 150, 150
L -2566.623, -254.572, 9.0999, -2504.923, -261.672, -8.5000, 150, 150, 150
L -2504.923, -261.672, -8.5000, -2493.123, -265.372, -8.3999, 150, 150, 150
L -2493.123, -265.372, -8.3999, -2493.823, -269.772, -8.5000, 150, 150, 150
L -2493.823, -269.772, -8.5000, -2509.723, -270.872, -8.5999, 150, 150, 150
L -2509.723, -270.872, -8.5999, -2567.923, -265.872, 8.6999, 150, 150, 150
L -2567.923, -265.872, 8.6999, -2566.823, -254.572, 9.1999, 150, 150, 150
L -2557.623, -250.672, -8.3999, -2576.523, -248.772, -8.3999, 150, 150, 150
L -2576.523, -248.772, -8.3999, -2578.523, -269.372, -8.3999, 150, 150, 150
L -2578.523, -269.372, -8.3999, -2559.623, -271.172, -8.3999, 150, 150, 150
L -2559.623, -271.172, -8.3999, -2557.623, -250.672, -8.3999, 150, 150, 150
L -2520.723, -273.472, -6.7999, -2513.823, -276.872, -8.1999, 150, 150, 150
L -2513.823, -276.872, -8.1999, -2466.023, -188.272, -13.1999, 150, 150, 150
L -2466.023, -188.272, -13.1999, -2484.223, -179.472, -12.8999, 150, 150, 150
L -2484.223, -179.472, -12.8999, -2521.223, -273.472, -7.5999, 150, 150, 150
L -2460.923, -167.772, -9.1999, -2491.023, -167.772, -9.1999, 150, 150, 150
L -2491.023, -167.772, -9.1999, -2491.023, -135.072, -9.1999, 150, 150, 150
L -2491.023, -135.072, -9.1999, -2461.923, -134.772, -9.1999, 150, 150, 150
L -2461.923, -134.772, -9.1999, -2460.923, -167.772, -9.1999, 150, 150, 150
L -2813.123, 3764.928, 13.7999, -2612.123, 3678.228, 53.0000, 0, 0, 0
L -2813.123, 3764.928, 13.7999, -2597.123, 3883.128, 17.5999, 0, 0, 0
L -2597.123, 3883.128, 17.5999, -2375.423, 3957.428, -0.6999, 0, 0, 0
L -2507.823, -1413.372, -13.1999, -2487.223, -1413.572, -13.1999, 150, 150, 150
L -2500.923, -1410.072, -13.1999, -2493.923, -1410.072, -13.1999, 0, 0, 0
L -2487.223, -1413.572, -13.1999, -2487.023, -1394.572, -13.1999, 150, 150, 150
L -2493.923, -1398.072, -13.1999, -2500.923, -1398.072, -13.1999, 0, 0, 0
L -2490.523, -1404.072, -13.1999, -2493.923, -1398.072, -13.1999, 0, 0, 0
L -2493.923, -1410.072, -13.1999, -2490.523, -1404.072, -13.1999, 0, 0, 0
L -2507.623, -1394.272, -13.1999, -2507.823, -1413.372, -13.1999, 150, 150, 150
L -2487.023, -1394.572, -13.1999, -2507.623, -1394.272, -13.1999, 150, 150, 150
L -2500.923, -1398.072, -13.1999, -2504.423, -1404.072, -13.1999, 0, 0, 0
L -2504.423, -1404.072, -13.1999, -2500.923, -1410.072, -13.1999, 0, 0, 0
L -2577.623, -942.372, -8.0999, -2577.823, -961.472, -8.0999, 150, 150, 150
L -2563.923, -946.172, -8.0999, -2570.923, -946.172, -8.0999, 0, 0, 0
L -2577.823, -961.472, -8.0999, -2557.223, -961.672, -8.0999, 150, 150, 150
L -2557.223, -961.672, -8.0999, -2557.023, -942.672, -8.0999, 150, 150, 150
L -2570.923, -958.172, -8.0999, -2563.923, -958.172, -8.0999, 0, 0, 0
L -2557.023, -942.672, -8.0999, -2577.623, -942.372, -8.0999, 150, 150, 150
L -2560.523, -952.172, -8.0999, -2563.923, -946.172, -8.0999, 0, 0, 0
L -2574.423, -952.172, -8.0999, -2570.923, -958.172, -8.0999, 0, 0, 0
L -2570.923, -946.172, -8.0999, -2574.423, -952.172, -8.0999, 0, 0, 0
L -2563.923, -958.172, -8.0999, -2560.523, -952.172, -8.0999, 0, 0, 0
L -2478.023, -323.072, -8.3999, -2481.523, -329.072, -8.3999, 0, 0, 0
L -2464.323, -338.572, -8.3999, -2464.123, -319.572, -8.3999, 150, 150, 150
L -2471.023, -323.072, -8.3999, -2478.023, -323.072, -8.3999, 0, 0, 0
L -2471.023, -335.072, -8.3999, -2467.623, -329.072, -8.3999, 0, 0, 0
L -2484.723, -319.272, -8.3999, -2484.923, -338.372, -8.3999, 150, 150, 150
L -2478.023, -335.072, -8.3999, -2471.023, -335.072, -8.3999, 0, 0, 0
L -2467.623, -329.072, -8.3999, -2471.023, -323.072, -8.3999, 0, 0, 0
L -2464.123, -319.572, -8.3999, -2484.723, -319.272, -8.3999, 150, 150, 150
L -2484.923, -338.372, -8.3999, -2464.323, -338.572, -8.3999, 150, 150, 150
L -2481.523, -329.072, -8.3999, -2478.023, -335.072, -8.3999, 0, 0, 0
L -2699.923, 2193.928, -7.8999, -2700.123, 2174.828, -7.8999, 150, 150, 150
L -2679.523, 2174.628, -7.8999, -2679.323, 2193.628, -7.8999, 150, 150, 150
L -2696.723, 2184.128, -7.8999, -2693.223, 2178.128, -7.8999, 0, 0, 0
L -2693.223, 2190.128, -7.8999, -2696.723, 2184.128, -7.8999, 0, 0, 0
L -2693.223, 2178.128, -7.8999, -2686.223, 2178.128, -7.8999, 0, 0, 0
L -2686.223, 2178.128, -7.8999, -2682.823, 2184.128, -7.8999, 0, 0, 0
L -2686.223, 2190.128, -7.8999, -2693.223, 2190.128, -7.8999, 0, 0, 0
L -2679.323, 2193.628, -7.8999, -2699.923, 2193.928, -7.8999, 150, 150, 150
L -2682.823, 2184.128, -7.8999, -2686.223, 2190.128, -7.8999, 0, 0, 0
L -2700.123, 2174.828, -7.8999, -2679.523, 2174.628, -7.8999, 150, 150, 150
L -2696.423, 2291.028, -7.5999, -2703.223, 2292.328, -7.5999, 0, 0, 0
L -2713.023, 2278.628, -7.5999, -2692.823, 2274.528, -7.5999, 150, 150, 150
L -2703.223, 2292.328, -7.5999, -2707.823, 2287.128, -7.5999, 0, 0, 0
L -2694.223, 2284.428, -7.5999, -2696.423, 2291.028, -7.5999, 0, 0, 0
L -2698.723, 2279.228, -7.5999, -2694.223, 2284.428, -7.5999, 0, 0, 0
L -2692.823, 2274.528, -7.5999, -2688.923, 2293.128, -7.5999, 150, 150, 150
L -2705.623, 2280.628, -7.5999, -2698.723, 2279.228, -7.5999, 0, 0, 0
L -2709.123, 2297.428, -7.5999, -2713.023, 2278.628, -7.5999, 150, 150, 150
L -2688.923, 2293.128, -7.5999, -2709.123, 2297.428, -7.5999, 150, 150, 150
L -2707.823, 2287.128, -7.5999, -2705.623, 2280.628, -7.5999, 0, 0, 0
L -2684.623, 2395.028, -7.5999, -2688.523, 2376.328, -7.5999, 150, 150, 150
L -2664.523, 2390.728, -7.5999, -2684.623, 2395.028, -7.5999, 150, 150, 150
L -2683.423, 2384.728, -7.5999, -2681.123, 2378.228, -7.5999, 0, 0, 0
L -2681.123, 2378.228, -7.5999, -2674.223, 2376.828, -7.5999, 0, 0, 0
L -2669.723, 2382.128, -7.5999, -2671.923, 2388.628, -7.5999, 0, 0, 0
L -2674.223, 2376.828, -7.5999, -2669.723, 2382.128, -7.5999, 0, 0, 0
L -2668.323, 2372.128, -7.5999, -2664.523, 2390.728, -7.5999, 150, 150, 150
L -2671.923, 2388.628, -7.5999, -2678.823, 2389.928, -7.5999, 0, 0, 0
L -2688.523, 2376.328, -7.5999, -2668.323, 2372.128, -7.5999, 150, 150, 150
L -2678.823, 2389.928, -7.5999, -2683.423, 2384.728, -7.5999, 0, 0, 0
L -731.223, 2258.828, -7.5000, -737.323, 2255.428, -7.5000, 0, 0, 0
L -731.423, 2244.928, -7.5000, -725.323, 2248.428, -7.5000, 0, 0, 0
L -735.823, 2238.728, -7.5000, -717.823, 2248.628, -7.5000, 150, 150, 150
L -745.023, 2255.428, -7.5000, -735.823, 2238.728, -7.5000, 150, 150, 150
L -725.323, 2248.428, -7.5000, -725.323, 2255.328, -7.5000, 0, 0, 0
L -725.323, 2255.328, -7.5000, -731.223, 2258.828, -7.5000, 0, 0, 0
L -717.823, 2248.628, -7.5000, -726.923, 2265.328, -7.5000, 150, 150, 150
L -726.923, 2265.328, -7.5000, -745.023, 2255.428, -7.5000, 150, 150, 150
L -737.423, 2248.428, -7.5000, -731.423, 2244.928, -7.5000, 0, 0, 0
L -737.323, 2255.428, -7.5000, -737.423, 2248.428, -7.5000, 0, 0, 0
L -2614.123, 2394.228, -16.0000, -2615.123, 2387.228, -14.0000, 205, 133, 63
L -2615.123, 2387.228, -14.0000, -2616.123, 2375.228, -10.0000, 205, 133, 63
L -2616.123, 2375.228, -10.0000, -2625.123, 2344.228, -7.0000, 205, 133, 63
L -2625.123, 2344.228, -7.0000, -2617.123, 2313.228, -6.0000, 205, 133, 63
L -2617.123, 2313.228, -6.0000, -2617.123, 2297.228, -6.0000, 205, 133, 63
L -2617.123, 2297.228, -6.0000, -2616.123, 2284.228, -6.0000, 205, 133, 63
L -2616.123, 2284.228, -6.0000, -2617.123, 2274.228, -6.0000, 205, 133, 63
L -2617.123, 2274.228, -6.0000, -2619.123, 2264.228, -6.0000, 205, 133, 63
L -2619.123, 2264.228, -6.0000, -2618.123, 2249.228, -6.0000, 205, 133, 63
L -2618.123, 2249.228, -6.0000, -2618.123, 2247.228, -6.0000, 205, 133, 63
L -2618.123, 2247.228, -6.0000, -2617.123, 2240.228, -6.0000, 205, 133, 63
L -2617.123, 2240.228, -6.0000, -2616.123, 2236.228, -6.0000, 205, 133, 63
L -2616.123, 2236.228, -6.0000, -2616.123, 2231.228, -6.0000, 205, 133, 63
L -2616.123, 2231.228, -6.0000, -2615.123, 2227.228, -6.0000, 205, 133, 63
L -2615.123, 2227.228, -6.0000, -2614.123, 2222.228, -6.0000, 205, 133, 63
L -2614.123, 2222.228, -6.0000, -2614.123, 2220.228, -6.0000, 205, 133, 63
L -2614.123, 2220.228, -6.0000, -2613.123, 2212.228, -6.0000, 205, 133, 63
L -2613.123, 2212.228, -6.0000, -2613.123, 2211.228, -6.0000, 205, 133, 63
L -2613.123, 2211.228, -6.0000, -2614.123, 2183.228, -6.0000, 205, 133, 63
L -2614.123, 2183.228, -6.0000, -2623.123, 2151.228, -6.0000, 205, 133, 63
L -2623.123, 2151.228, -6.0000, -2623.123, 2147.228, -6.0000, 205, 133, 63
L -2623.123, 2147.228, -6.0000, -2612.123, 2105.228, -6.0000, 205, 133, 63
L -2612.123, 2105.228, -6.0000, -2612.123, 2104.228, -6.0000, 205, 133, 63
L -2612.123, 2104.228, -6.0000, -2612.123, 2088.228, -6.0000, 205, 133, 63
L -2612.123, 2088.228, -6.0000, -2618.123, 2068.228, -6.0000, 205, 133, 63
L -2618.123, 2068.228, -6.0000, -2619.123, 2065.228, -6.0000, 205, 133, 63
L -2619.123, 2065.228, -6.0000, -2618.123, 2045.228, -6.0000, 205, 133, 63
L -2618.123, 2045.228, -6.0000, -2617.123, 2039.228, -6.0000, 205, 133, 63
L -2617.123, 2039.228, -6.0000, -2617.123, 2033.228, -6.0000, 205, 133, 63
L -2617.123, 2033.228, -6.0000, -2616.123, 2030.228, -6.0000, 205, 133, 63
L -2616.123, 2030.228, -6.0000, -2608.123, 2011.228, -6.0000, 205, 133, 63
L -2608.123, 2011.228, -6.0000, -2608.123, 1997.228, -6.0000, 205, 133, 63
L -2608.123, 1997.228, -6.0000, -2622.123, 1964.228, -6.0000, 205, 133, 63
L -2622.123, 1964.228, -6.0000, -2622.123, 1958.228, -6.0000, 205, 133, 63
L -2622.123, 1958.228, -6.0000, -2620.123, 1952.228, -7.0000, 205, 133, 63
L -2620.123, 1952.228, -7.0000, -2619.123, 1948.228, -7.0000, 205, 133, 63
L -2619.123, 1948.228, -7.0000, -2619.123, 1944.228, -7.0000, 205, 133, 63
L -2619.123, 1944.228, -7.0000, -2617.123, 1937.228, -7.0000, 205, 133, 63
L -2617.123, 1937.228, -7.0000, -2616.123, 1931.228, -7.0000, 205, 133, 63
L -2616.123, 1931.228, -7.0000, -2615.123, 1928.228, -7.0000, 205, 133, 63
L -2615.123, 1928.228, -7.0000, -2606.123, 1910.228, -7.0000, 205, 133, 63
L -2606.123, 1910.228, -7.0000, -2604.123, 1905.228, -7.0000, 205, 133, 63
L -2604.123, 1905.228, -7.0000, -2603.123, 1902.228, -7.0000, 205, 133, 63
L -2603.123, 1902.228, -7.0000, -2604.123, 1893.228, -7.0000, 205, 133, 63
L -2604.123, 1893.228, -7.0000, -2621.123, 1858.228, -7.0000, 205, 133, 63
L -2621.123, 1858.228, -7.0000, -2621.123, 1857.228, -7.0000, 205, 133, 63
L -2621.123, 1857.228, -7.0000, -2622.123, 1839.228, -6.0000, 205, 133, 63
L -2622.123, 1839.228, -6.0000, -2621.123, 1828.228, -6.0000, 205, 133, 63
L -2621.123, 1828.228, -6.0000, -2612.123, 1810.228, -6.0000, 205, 133, 63
L -2612.123, 1810.228, -6.0000, -2612.123, 1807.228, -6.0000, 205, 133, 63
L -2612.123, 1807.228, -6.0000, -2613.123, 1790.228, -6.0000, 205, 133, 63
L -2613.123, 1790.228, -6.0000, -2613.123, 1788.228, -6.0000, 205, 133, 63
L -2613.123, 1788.228, -6.0000, -2626.123, 1759.228, -6.0000, 205, 133, 63
L -2626.123, 1759.228, -6.0000, -2630.123, 1744.228, -5.0000, 205, 133, 63
L -2630.123, 1744.228, -5.0000, -2620.123, 1720.228, -9.0000, 205, 133, 63
L -2620.123, 1720.228, -9.0000, -2620.123, 1715.228, -11.0000, 205, 133, 63
L -2620.123, 1715.228, -11.0000, -2620.123, 1713.228, -11.0000, 205, 133, 63
L -2620.123, 1713.228, -11.0000, -2621.123, 1704.228, -13.0000, 205, 133, 63
L -2621.123, 1704.228, -13.0000, -2622.123, 1702.228, -14.0000, 205, 133, 63
L -2622.123, 1702.228, -14.0000, -2622.123, 1696.228, -15.0000, 205, 133, 63
L -2622.123, 1696.228, -15.0000, -2623.123, 1686.228, -17.0000, 205, 133, 63
L -2623.123, 1686.228, -17.0000, -2624.123, 1683.228, -18.0000, 205, 133, 63
L -2624.123, 1683.228, -18.0000, -2644.123, 1678.228, -17.0000, 205, 133, 63
L -2644.123, 1678.228, -17.0000, -2657.123, 1683.228, -16.0000, 205, 133, 63
L -2657.123, 1683.228, -16.0000, -2663.123, 1700.228, -12.0000, 205, 133, 63
L -2663.123, 1700.228, -12.0000, -2656.123, 1719.228, -10.0000, 205, 133, 63
L -2656.123, 1719.228, -10.0000, -2653.123, 1733.228, -7.0000, 205, 133, 63
L -2653.123, 1733.228, -7.0000, -2653.123, 1734.228, -7.0000, 205, 133, 63
L -2653.123, 1734.228, -7.0000, -2653.123, 1759.228, -7.0000, 205, 133, 63
L -2653.123, 1759.228, -7.0000, -2652.123, 1763.228, -7.0000, 205, 133, 63
L -2652.123, 1763.228, -7.0000, -2652.123, 1769.228, -7.0000, 205, 133, 63
L -2652.123, 1769.228, -7.0000, -2651.123, 1773.228, -7.0000, 205, 133, 63
L -2651.123, 1773.228, -7.0000, -2647.123, 1787.228, -6.0000, 205, 133, 63
L -2647.123, 1787.228, -6.0000, -2646.123, 1802.228, -6.0000, 205, 133, 63
L -2646.123, 1802.228, -6.0000, -2645.123, 1808.228, -6.0000, 205, 133, 63
L -2645.123, 1808.228, -6.0000, -2645.123, 1818.228, -6.0000, 205, 133, 63
L -2645.123, 1818.228, -6.0000, -2646.123, 1832.228, -6.0000, 205, 133, 63
L -2646.123, 1832.228, -6.0000, -2646.123, 1835.228, -6.0000, 205, 133, 63
L -2646.123, 1835.228, -6.0000, -2652.123, 1850.228, -6.0000, 205, 133, 63
L -2652.123, 1850.228, -6.0000, -2653.123, 1853.228, -6.0000, 205, 133, 63
L -2653.123, 1853.228, -6.0000, -2653.123, 1856.228, -6.0000, 205, 133, 63
L -2653.123, 1856.228, -6.0000, -2652.123, 1873.228, -6.0000, 205, 133, 63
L -2652.123, 1873.228, -6.0000, -2651.123, 1880.228, -5.0000, 205, 133, 63
L -2651.123, 1880.228, -5.0000, -2650.123, 1884.228, -5.0000, 205, 133, 63
L -2650.123, 1884.228, -5.0000, -2650.123, 1889.228, -5.0000, 205, 133, 63
L -2650.123, 1889.228, -5.0000, -2649.123, 1893.228, -5.0000, 205, 133, 63
L -2649.123, 1893.228, -5.0000, -2648.123, 1897.228, -5.0000, 205, 133, 63
L -2648.123, 1897.228, -5.0000, -2648.123, 1899.228, -5.0000, 205, 133, 63
L -2648.123, 1899.228, -5.0000, -2648.123, 1919.228, -5.0000, 205, 133, 63
L -2648.123, 1919.228, -5.0000, -2648.123, 1920.228, -5.0000, 205, 133, 63
L -2648.123, 1920.228, -5.0000, -2651.123, 1933.228, -5.0000, 205, 133, 63
L -2651.123, 1933.228, -5.0000, -2653.123, 1942.228, -5.0000, 205, 133, 63
L -2653.123, 1942.228, -5.0000, -2653.123, 1959.228, -5.0000, 205, 133, 63
L -2653.123, 1959.228, -5.0000, -2652.123, 1964.228, -5.0000, 205, 133, 63
L -2652.123, 1964.228, -5.0000, -2652.123, 1966.228, -5.0000, 205, 133, 63
L -2652.123, 1966.228, -5.0000, -2651.123, 1974.228, -5.0000, 205, 133, 63
L -2651.123, 1974.228, -5.0000, -2650.123, 1975.228, -5.0000, 205, 133, 63
L -2650.123, 1975.228, -5.0000, -2649.123, 1982.228, -5.0000, 205, 133, 63
L -2649.123, 1982.228, -5.0000, -2649.123, 1987.228, -5.0000, 205, 133, 63
L -2649.123, 1987.228, -5.0000, -2648.123, 1991.228, -5.0000, 205, 133, 63
L -2648.123, 1991.228, -5.0000, -2647.123, 1996.228, -5.0000, 205, 133, 63
L -2647.123, 1996.228, -5.0000, -2647.123, 2001.228, -5.0000, 205, 133, 63
L -2647.123, 2001.228, -5.0000, -2648.123, 2023.228, -5.0000, 205, 133, 63
L -2648.123, 2023.228, -5.0000, -2649.123, 2030.228, -5.0000, 205, 133, 63
L -2649.123, 2030.228, -5.0000, -2650.123, 2037.228, -5.0000, 205, 133, 63
L -2650.123, 2037.228, -5.0000, -2650.123, 2042.228, -5.0000, 205, 133, 63
L -2650.123, 2042.228, -5.0000, -2652.123, 2050.228, -5.0000, 205, 133, 63
L -2652.123, 2050.228, -5.0000, -2652.123, 2055.228, -5.0000, 205, 133, 63
L -2652.123, 2055.228, -5.0000, -2653.123, 2056.228, -5.0000, 205, 133, 63
L -2653.123, 2056.228, -5.0000, -2651.123, 2077.228, -5.0000, 205, 133, 63
L -2651.123, 2077.228, -5.0000, -2649.123, 2081.228, -5.0000, 205, 133, 63
L -2649.123, 2081.228, -5.0000, -2649.123, 2083.228, -5.0000, 205, 133, 63
L -2649.123, 2083.228, -5.0000, -2648.123, 2089.228, -5.0000, 205, 133, 63
L -2648.123, 2089.228, -5.0000, -2648.123, 2091.228, -5.0000, 205, 133, 63
L -2648.123, 2091.228, -5.0000, -2647.123, 2096.228, -5.0000, 205, 133, 63
L -2647.123, 2096.228, -5.0000, -2648.123, 2125.228, -5.0000, 205, 133, 63
L -2648.123, 2125.228, -5.0000, -2648.123, 2129.228, -5.0000, 205, 133, 63
L -2648.123, 2129.228, -5.0000, -2649.123, 2133.228, -5.0000, 205, 133, 63
L -2649.123, 2133.228, -5.0000, -2649.123, 2135.228, -5.0000, 205, 133, 63
L -2649.123, 2135.228, -5.0000, -2650.123, 2143.228, -5.0000, 205, 133, 63
L -2650.123, 2143.228, -5.0000, -2651.123, 2144.228, -5.0000, 205, 133, 63
L -2651.123, 2144.228, -5.0000, -2652.123, 2151.228, -5.0000, 205, 133, 63
L -2652.123, 2151.228, -5.0000, -2653.123, 2156.228, -5.0000, 205, 133, 63
L -2653.123, 2156.228, -5.0000, -2653.123, 2158.228, -5.0000, 205, 133, 63
L -2653.123, 2158.228, -5.0000, -2652.123, 2179.228, -5.0000, 205, 133, 63
L -2652.123, 2179.228, -5.0000, -2652.123, 2180.228, -5.0000, 205, 133, 63
L -2652.123, 2180.228, -5.0000, -2649.123, 2190.228, -5.0000, 205, 133, 63
L -2649.123, 2190.228, -5.0000, -2644.123, 2208.228, -5.0000, 205, 133, 63
L -2644.123, 2208.228, -5.0000, -2655.123, 2259.228, -5.0000, 205, 133, 63
L -2655.123, 2259.228, -5.0000, -2656.123, 2269.228, -5.0000, 205, 133, 63
L -2656.123, 2269.228, -5.0000, -2654.123, 2280.228, -5.0000, 205, 133, 63
L -2654.123, 2280.228, -5.0000, -2654.123, 2282.228, -5.0000, 205, 133, 63
L -2654.123, 2282.228, -5.0000, -2648.123, 2295.228, -6.0000, 205, 133, 63
L -2648.123, 2295.228, -6.0000, -2647.123, 2301.228, -6.0000, 205, 133, 63
L -2647.123, 2301.228, -6.0000, -2648.123, 2306.228, -6.0000, 205, 133, 63
L -2648.123, 2306.228, -6.0000, -2659.123, 2344.228, -8.0000, 205, 133, 63
L -2659.123, 2344.228, -8.0000, -2660.123, 2347.228, -8.0000, 205, 133, 63
L -2660.123, 2347.228, -8.0000, -2660.123, 2365.228, -8.0000, 205, 133, 63
L -2660.123, 2365.228, -8.0000, -2655.123, 2377.228, -10.0000, 205, 133, 63
L -2655.123, 2377.228, -10.0000, -2648.123, 2402.228, -18.0000, 205, 133, 63
L -2648.123, 2402.228, -18.0000, -2647.123, 2405.228, -19.0000, 205, 133, 63
L -2647.123, 2405.228, -19.0000, -2635.123, 2406.228, -19.0000, 205, 133, 63
L -2635.123, 2406.228, -19.0000, -2626.123, 2403.228, -18.0000, 205, 133, 63
L -2626.123, 2403.228, -18.0000, -2615.123, 2395.228, -17.0000, 205, 133, 63
L -2424.123, 1082.228, -6.0000, -2419.123, 1074.228, -8.0000, 205, 133, 63
L -2419.123, 1074.228, -8.0000, -2419.123, 1071.228, -8.0000, 205, 133, 63
L -2419.123, 1071.228, -8.0000, -2421.123, 1053.228, -7.0000, 205, 133, 63
L -2421.123, 1053.228, -7.0000, -2420.123, 1036.228, -7.0000, 205, 133, 63
L -2420.123, 1036.228, -7.0000, -2419.123, 1034.228, -7.0000, 205, 133, 63
L -2419.123, 1034.228, -7.0000, -2418.123, 1027.228, -7.0000, 205, 133, 63
L -2418.123, 1027.228, -7.0000, -2417.123, 1023.228, -7.0000, 205, 133, 63
L -2417.123, 1023.228, -7.0000, -2417.123, 1019.228, -7.0000, 205, 133, 63
L -2417.123, 1019.228, -7.0000, -2416.123, 1018.228, -7.0000, 205, 133, 63
L -2416.123, 1018.228, -7.0000, -2416.123, 1014.228, -6.0000, 205, 133, 63
L -2416.123, 1014.228, -6.0000, -2412.123, 995.228, -6.0000, 205, 133, 63
L -2412.123, 995.228, -6.0000, -2413.123, 994.228, -6.0000, 205, 133, 63
L -2413.123, 994.228, -6.0000, -2420.123, 970.228, -6.0000, 205, 133, 63
L -2420.123, 970.228, -6.0000, -2421.123, 967.228, -6.0000, 205, 133, 63
L -2421.123, 967.228, -6.0000, -2421.123, 965.228, -6.0000, 205, 133, 63
L -2421.123, 965.228, -6.0000, -2421.123, 950.228, -6.0000, 205, 133, 63
L -2421.123, 950.228, -6.0000, -2420.123, 939.228, -6.0000, 205, 133, 63
L -2420.123, 939.228, -6.0000, -2419.123, 931.228, -6.0000, 205, 133, 63
L -2419.123, 931.228, -6.0000, -2419.123, 920.228, -6.0000, 205, 133, 63
L -2419.123, 920.228, -6.0000, -2418.123, 913.228, -5.0000, 205, 133, 63
L -2418.123, 913.228, -5.0000, -2418.123, 903.228, -5.0000, 205, 133, 63
L -2418.123, 903.228, -5.0000, -2417.123, 889.228, -5.0000, 205, 133, 63
L -2417.123, 889.228, -5.0000, -2416.123, 878.228, -6.0000, 205, 133, 63
L -2416.123, 878.228, -6.0000, -2407.123, 856.228, -6.0000, 205, 133, 63
L -2407.123, 856.228, -6.0000, -2408.123, 854.228, -6.0000, 205, 133, 63
L -2408.123, 854.228, -6.0000, -2409.123, 835.228, -6.0000, 205, 133, 63
L -2409.123, 835.228, -6.0000, -2410.123, 821.228, -6.0000, 205, 133, 63
L -2410.123, 821.228, -6.0000, -2411.123, 805.228, -6.0000, 205, 133, 63
L -2411.123, 805.228, -6.0000, -2412.123, 798.228, -6.0000, 205, 133, 63
L -2412.123, 798.228, -6.0000, -2418.123, 777.228, -6.0000, 205, 133, 63
L -2418.123, 777.228, -6.0000, -2419.123, 775.228, -6.0000, 205, 133, 63
L -2419.123, 775.228, -6.0000, -2418.123, 758.228, -6.0000, 205, 133, 63
L -2418.123, 758.228, -6.0000, -2417.123, 755.228, -6.0000, 205, 133, 63
L -2417.123, 755.228, -6.0000, -2411.123, 728.228, -6.0000, 205, 133, 63
L -2411.123, 728.228, -6.0000, -2410.123, 722.228, -6.0000, 205, 133, 63
L -2410.123, 722.228, -6.0000, -2411.123, 696.228, -6.0000, 205, 133, 63
L -2411.123, 696.228, -6.0000, -2411.123, 695.228, -6.0000, 205, 133, 63
L -2411.123, 695.228, -6.0000, -2415.123, 686.228, -6.0000, 205, 133, 63
L -2415.123, 686.228, -6.0000, -2419.123, 677.228, -6.0000, 205, 133, 63
L -2419.123, 677.228, -6.0000, -2421.123, 668.228, -6.0000, 205, 133, 63
L -2421.123, 668.228, -6.0000, -2423.123, 627.228, -5.0000, 205, 133, 63
L -2423.123, 627.228, -5.0000, -2422.123, 622.228, -5.0000, 205, 133, 63
L -2422.123, 622.228, -5.0000, -2421.123, 615.228, -4.0000, 205, 133, 63
L -2421.123, 615.228, -4.0000, -2421.123, 613.228, -4.0000, 205, 133, 63
L -2421.123, 613.228, -4.0000, -2418.123, 600.228, -5.0000, 205, 133, 63
L -2418.123, 600.228, -5.0000, -2417.123, 594.228, -6.0000, 205, 133, 63
L -2417.123, 594.228, -6.0000, -2416.123, 592.228, -6.0000, 205, 133, 63
L -2416.123, 592.228, -6.0000, -2417.123, 587.228, -6.0000, 205, 133, 63
L -2417.123, 587.228, -6.0000, -2419.123, 582.228, -7.0000, 205, 133, 63
L -2419.123, 582.228, -7.0000, -2419.123, 580.228, -7.0000, 205, 133, 63
L -2419.123, 580.228, -7.0000, -2420.123, 567.228, -7.0000, 205, 133, 63
L -2420.123, 567.228, -7.0000, -2420.123, 563.228, -7.0000, 205, 133, 63
L -2420.123, 563.228, -7.0000, -2419.123, 559.228, -7.0000, 205, 133, 63
L -2419.123, 559.228, -7.0000, -2418.123, 555.228, -7.0000, 205, 133, 63
L -2418.123, 555.228, -7.0000, -2418.123, 553.228, -7.0000, 205, 133, 63
L -2418.123, 553.228, -7.0000, -2417.123, 546.228, -7.0000, 205, 133, 63
L -2417.123, 546.228, -7.0000, -2415.123, 539.228, -7.0000, 205, 133, 63
L -2415.123, 539.228, -7.0000, -2414.123, 533.228, -7.0000, 205, 133, 63
L -2414.123, 533.228, -7.0000, -2413.123, 526.228, -7.0000, 205, 133, 63
L -2413.123, 526.228, -7.0000, -2409.123, 513.228, -7.0000, 205, 133, 63
L -2409.123, 513.228, -7.0000, -2409.123, 512.228, -7.0000, 205, 133, 63
L -2409.123, 512.228, -7.0000, -2409.123, 497.228, -7.0000, 205, 133, 63
L -2409.123, 497.228, -7.0000, -2417.123, 475.228, -8.0000, 205, 133, 63
L -2417.123, 475.228, -8.0000, -2418.123, 472.228, -8.0000, 205, 133, 63
L -2418.123, 472.228, -8.0000, -2418.123, 469.228, -8.0000, 205, 133, 63
L -2418.123, 469.228, -8.0000, -2417.123, 453.228, -8.0000, 205, 133, 63
L -2417.123, 453.228, -8.0000, -2416.123, 447.228, -8.0000, 205, 133, 63
L -2416.123, 447.228, -8.0000, -2415.123, 443.228, -9.0000, 205, 133, 63
L -2415.123, 443.228, -9.0000, -2414.123, 437.228, -10.0000, 205, 133, 63
L -2414.123, 437.228, -10.0000, -2414.123, 433.228, -10.0000, 205, 133, 63
L -2414.123, 433.228, -10.0000, -2414.123, 418.228, -11.0000, 205, 133, 63
L -2414.123, 418.228, -11.0000, -2416.123, 414.228, -11.0000, 205, 133, 63
L -2416.123, 414.228, -11.0000, -2423.123, 400.228, -12.0000, 205, 133, 63
L -2423.123, 400.228, -12.0000, -2424.123, 397.228, -13.0000, 205, 133, 63
L -2424.123, 397.228, -13.0000, -2426.123, 375.228, -18.0000, 205, 133, 63
L -2426.123, 375.228, -18.0000, -2446.123, 362.228, -18.0000, 205, 133, 63
L -2446.123, 362.228, -18.0000, -2451.123, 360.228, -18.0000, 205, 133, 63
L -2451.123, 360.228, -18.0000, -2452.123, 362.228, -18.0000, 205, 133, 63
L -2452.123, 362.228, -18.0000, -2457.123, 369.228, -18.0000, 205, 133, 63
L -2457.123, 369.228, -18.0000, -2457.123, 371.228, -18.0000, 205, 133, 63
L -2457.123, 371.228, -18.0000, -2458.123, 374.228, -18.0000, 205, 133, 63
L -2458.123, 374.228, -18.0000, -2461.123, 385.228, -16.0000, 205, 133, 63
L -2461.123, 385.228, -16.0000, -2464.123, 401.228, -12.0000, 205, 133, 63
L -2464.123, 401.228, -12.0000, -2464.123, 403.228, -12.0000, 205, 133, 63
L -2464.123, 403.228, -12.0000, -2454.123, 424.228, -8.0000, 205, 133, 63
L -2454.123, 424.228, -8.0000, -2455.123, 435.228, -7.0000, 205, 133, 63
L -2455.123, 435.228, -7.0000, -2455.123, 444.228, -7.0000, 205, 133, 63
L -2455.123, 444.228, -7.0000, -2456.123, 452.228, -7.0000, 205, 133, 63
L -2456.123, 452.228, -7.0000, -2455.123, 468.228, -7.0000, 205, 133, 63
L -2455.123, 468.228, -7.0000, -2452.123, 481.228, -7.0000, 205, 133, 63
L -2452.123, 481.228, -7.0000, -2451.123, 510.228, -7.0000, 205, 133, 63
L -2451.123, 510.228, -7.0000, -2450.123, 514.228, -6.0000, 205, 133, 63
L -2450.123, 514.228, -6.0000, -2449.123, 518.228, -6.0000, 205, 133, 63
L -2449.123, 518.228, -6.0000, -2448.123, 522.228, -6.0000, 205, 133, 63
L -2448.123, 522.228, -6.0000, -2448.123, 524.228, -6.0000, 205, 133, 63
L -2448.123, 524.228, -6.0000, -2450.123, 536.228, -6.0000, 205, 133, 63
L -2450.123, 536.228, -6.0000, -2451.123, 540.228, -6.0000, 205, 133, 63
L -2451.123, 540.228, -6.0000, -2452.123, 546.228, -6.0000, 205, 133, 63
L -2452.123, 546.228, -6.0000, -2453.123, 553.228, -6.0000, 205, 133, 63
L -2453.123, 553.228, -6.0000, -2454.123, 558.228, -6.0000, 205, 133, 63
L -2454.123, 558.228, -6.0000, -2454.123, 563.228, -6.0000, 205, 133, 63
L -2454.123, 563.228, -6.0000, -2453.123, 576.228, -6.0000, 205, 133, 63
L -2453.123, 576.228, -6.0000, -2449.123, 589.228, -6.0000, 205, 133, 63
L -2449.123, 589.228, -6.0000, -2445.123, 602.228, -6.0000, 205, 133, 63
L -2445.123, 602.228, -6.0000, -2446.123, 619.228, -6.0000, 205, 133, 63
L -2446.123, 619.228, -6.0000, -2447.123, 624.228, -6.0000, 205, 133, 63
L -2447.123, 624.228, -6.0000, -2448.123, 629.228, -6.0000, 205, 133, 63
L -2448.123, 629.228, -6.0000, -2448.123, 631.228, -6.0000, 205, 133, 63
L -2448.123, 631.228, -6.0000, -2449.123, 639.228, -6.0000, 205, 133, 63
L -2449.123, 639.228, -6.0000, -2450.123, 644.228, -6.0000, 205, 133, 63
L -2450.123, 644.228, -6.0000, -2450.123, 649.228, -6.0000, 205, 133, 63
L -2450.123, 649.228, -6.0000, -2451.123, 654.228, -6.0000, 205, 133, 63
L -2451.123, 654.228, -6.0000, -2452.123, 659.228, -6.0000, 205, 133, 63
L -2452.123, 659.228, -6.0000, -2452.123, 664.228, -6.0000, 205, 133, 63
L -2452.123, 664.228, -6.0000, -2451.123, 679.228, -6.0000, 205, 133, 63
L -2451.123, 679.228, -6.0000, -2448.123, 688.228, -6.0000, 205, 133, 63
L -2448.123, 688.228, -6.0000, -2444.123, 703.228, -6.0000, 205, 133, 63
L -2444.123, 703.228, -6.0000, -2445.123, 714.228, -6.0000, 205, 133, 63
L -2445.123, 714.228, -6.0000, -2446.123, 717.228, -6.0000, 205, 133, 63
L -2446.123, 717.228, -6.0000, -2447.123, 718.228, -6.0000, 205, 133, 63
L -2447.123, 718.228, -6.0000, -2456.123, 734.228, -6.0000, 205, 133, 63
L -2456.123, 734.228, -6.0000, -2455.123, 741.228, -6.0000, 205, 133, 63
L -2455.123, 741.228, -6.0000, -2454.123, 749.228, -6.0000, 205, 133, 63
L -2454.123, 749.228, -6.0000, -2453.123, 758.228, -6.0000, 205, 133, 63
L -2453.123, 758.228, -6.0000, -2452.123, 762.228, -6.0000, 205, 133, 63
L -2452.123, 762.228, -6.0000, -2451.123, 772.228, -6.0000, 205, 133, 63
L -2451.123, 772.228, -6.0000, -2451.123, 774.228, -6.0000, 205, 133, 63
L -2451.123, 774.228, -6.0000, -2449.123, 782.228, -5.0000, 205, 133, 63
L -2449.123, 782.228, -5.0000, -2448.123, 787.228, -5.0000, 205, 133, 63
L -2448.123, 787.228, -5.0000, -2447.123, 790.228, -5.0000, 205, 133, 63
L -2447.123, 790.228, -5.0000, -2446.123, 791.228, -5.0000, 205, 133, 63
L -2446.123, 791.228, -5.0000, -2438.123, 806.228, -5.0000, 205, 133, 63
L -2438.123, 806.228, -5.0000, -2439.123, 813.228, -3.0000, 205, 133, 63
L -2439.123, 813.228, -3.0000, -2439.123, 815.228, -2.0000, 205, 133, 63
L -2439.123, 815.228, -2.0000, -2452.123, 835.228, -6.0000, 205, 133, 63
L -2452.123, 835.228, -6.0000, -2453.123, 836.228, -6.0000, 205, 133, 63
L -2453.123, 836.228, -6.0000, -2454.123, 854.228, -7.0000, 205, 133, 63
L -2454.123, 854.228, -7.0000, -2457.123, 869.228, -7.0000, 205, 133, 63
L -2457.123, 869.228, -7.0000, -2466.123, 879.228, -6.0000, 205, 133, 63
L -2466.123, 879.228, -6.0000, -2467.123, 880.228, -6.0000, 205, 133, 63
L -2467.123, 880.228, -6.0000, -2469.123, 899.228, -6.0000, 205, 133, 63
L -2469.123, 899.228, -6.0000, -2468.123, 902.228, -6.0000, 205, 133, 63
L -2468.123, 902.228, -6.0000, -2464.123, 913.228, -6.0000, 205, 133, 63
L -2464.123, 913.228, -6.0000, -2459.123, 926.228, -6.0000, 205, 133, 63
L -2459.123, 926.228, -6.0000, -2458.123, 932.228, -6.0000, 205, 133, 63
L -2458.123, 932.228, -6.0000, -2457.123, 936.228, -6.0000, 205, 133, 63
L -2457.123, 936.228, -6.0000, -2457.123, 940.228, -6.0000, 205, 133, 63
L -2457.123, 940.228, -6.0000, -2455.123, 959.228, -5.0000, 205, 133, 63
L -2455.123, 959.228, -5.0000, -2454.123, 974.228, -5.0000, 205, 133, 63
L -2454.123, 974.228, -5.0000, -2454.123, 978.228, -5.0000, 205, 133, 63
L -2454.123, 978.228, -5.0000, -2450.123, 989.228, -5.0000, 205, 133, 63
L -2450.123, 989.228, -5.0000, -2447.123, 1001.228, -5.0000, 205, 133, 63
L -2447.123, 1001.228, -5.0000, -2449.123, 1021.228, -5.0000, 205, 133, 63
L -2449.123, 1021.228, -5.0000, -2450.123, 1022.228, -6.0000, 205, 133, 63
L -2450.123, 1022.228, -6.0000, -2450.123, 1028.228, -6.0000, 205, 133, 63
L -2450.123, 1028.228, -6.0000, -2451.123, 1037.228, -7.0000, 205, 133, 63
L -2451.123, 1037.228, -7.0000, -2452.123, 1039.228, -7.0000, 205, 133, 63
L -2452.123, 1039.228, -7.0000, -2453.123, 1048.228, -7.0000, 205, 133, 63
L -2453.123, 1048.228, -7.0000, -2453.123, 1050.228, -7.0000, 205, 133, 63
L -2453.123, 1050.228, -7.0000, -2454.123, 1055.228, -7.0000, 205, 133, 63
L -2454.123, 1055.228, -7.0000, -2458.123, 1082.228, -9.0000, 205, 133, 63
L -2458.123, 1082.228, -9.0000, -2457.123, 1081.228, -10.0000, 205, 133, 63
L -2457.123, 1081.228, -10.0000, -2441.123, 1072.228, -6.0000, 205, 133, 63
L -2441.123, 1072.228, -6.0000, -2427.123, 1079.228, -7.0000, 205, 133, 63
L -2427.123, 1079.228, -7.0000, -2424.123, 1082.228, -6.0000, 205, 133, 63
L -2508.123, -99.772, -16.0000, -2517.123, -126.772, -11.0000, 205, 133, 63
L -2517.123, -126.772, -11.0000, -2521.123, -139.772, -9.0000, 205, 133, 63
L -2521.123, -139.772, -9.0000, -2522.123, -143.772, -8.0000, 205, 133, 63
L -2522.123, -143.772, -8.0000, -2522.123, -155.772, -7.0000, 205, 133, 63
L -2522.123, -155.772, -7.0000, -2522.123, -166.772, -7.0000, 205, 133, 63
L -2522.123, -166.772, -7.0000, -2521.123, -179.772, -7.0000, 205, 133, 63
L -2521.123, -179.772, -7.0000, -2520.123, -189.772, -6.0000, 205, 133, 63
L -2520.123, -189.772, -6.0000, -2520.123, -202.772, -6.0000, 205, 133, 63
L -2520.123, -202.772, -6.0000, -2521.123, -218.772, -6.0000, 205, 133, 63
L -2521.123, -218.772, -6.0000, -2521.123, -220.772, -6.0000, 205, 133, 63
L -2521.123, -220.772, -6.0000, -2522.123, -226.772, -6.0000, 205, 133, 63
L -2522.123, -226.772, -6.0000, -2521.123, -243.772, -6.0000, 205, 133, 63
L -2521.123, -243.772, -6.0000, -2521.123, -245.772, -6.0000, 205, 133, 63
L -2521.123, -245.772, -6.0000, -2516.123, -258.772, -6.0000, 205, 133, 63
L -2516.123, -258.772, -6.0000, -2514.123, -269.772, -1.0000, 205, 133, 63
L -2514.123, -269.772, -1.0000, -2514.123, -270.772, -1.0000, 205, 133, 63
L -2514.123, -270.772, -1.0000, -2514.123, -291.772, -4.0000, 205, 133, 63
L -2514.123, -291.772, -4.0000, -2515.123, -305.772, -6.0000, 205, 133, 63
L -2515.123, -305.772, -6.0000, -2515.123, -321.772, -7.0000, 205, 133, 63
L -2515.123, -321.772, -7.0000, -2516.123, -335.772, -7.0000, 205, 133, 63
L -2516.123, -335.772, -7.0000, -2514.123, -364.772, -7.0000, 205, 133, 63
L -2514.123, -364.772, -7.0000, -2513.123, -375.772, -7.0000, 205, 133, 63
L -2513.123, -375.772, -7.0000, -2512.123, -381.772, -7.0000, 205, 133, 63
L -2512.123, -381.772, -7.0000, -2512.123, -383.772, -7.0000, 205, 133, 63
L -2512.123, -383.772, -7.0000, -2513.123, -404.772, -7.0000, 205, 133, 63
L -2513.123, -404.772, -7.0000, -2518.123, -430.772, -7.0000, 205, 133, 63
L -2518.123, -430.772, -7.0000, -2518.123, -433.772, -7.0000, 205, 133, 63
L -2518.123, -433.772, -7.0000, -2518.123, -434.772, -7.0000, 205, 133, 63
L -2518.123, -434.772, -7.0000, -2518.123, -448.772, -7.0000, 205, 133, 63
L -2518.123, -448.772, -7.0000, -2518.123, -450.772, -7.0000, 205, 133, 63
L -2518.123, -450.772, -7.0000, -2515.123, -468.772, -7.0000, 205, 133, 63
L -2515.123, -468.772, -7.0000, -2512.123, -482.772, -6.0000, 205, 133, 63
L -2512.123, -482.772, -6.0000, -2513.123, -499.772, -6.0000, 205, 133, 63
L -2513.123, -499.772, -6.0000, -2513.123, -500.772, -6.0000, 205, 133, 63
L -2513.123, -500.772, -6.0000, -2516.123, -512.772, -6.0000, 205, 133, 63
L -2516.123, -512.772, -6.0000, -2521.123, -530.772, -6.0000, 205, 133, 63
L -2521.123, -530.772, -6.0000, -2521.123, -533.772, -6.0000, 205, 133, 63
L -2521.123, -533.772, -6.0000, -2521.123, -549.772, -6.0000, 205, 133, 63
L -2521.123, -549.772, -6.0000, -2520.123, -554.772, -6.0000, 205, 133, 63
L -2520.123, -554.772, -6.0000, -2519.123, -558.772, -6.0000, 205, 133, 63
L -2519.123, -558.772, -6.0000, -2518.123, -567.772, -6.0000, 205, 133, 63
L -2518.123, -567.772, -6.0000, -2517.123, -572.772, -6.0000, 205, 133, 63
L -2517.123, -572.772, -6.0000, -2514.123, -585.772, -6.0000, 205, 133, 63
L -2514.123, -585.772, -6.0000, -2514.123, -588.772, -6.0000, 205, 133, 63
L -2514.123, -588.772, -6.0000, -2515.123, -603.772, -6.0000, 205, 133, 63
L -2515.123, -603.772, -6.0000, -2515.123, -604.772, -6.0000, 205, 133, 63
L -2515.123, -604.772, -6.0000, -2518.123, -617.772, -6.0000, 205, 133, 63
L -2518.123, -617.772, -6.0000, -2521.123, -631.772, -6.0000, 205, 133, 63
L -2521.123, -631.772, -6.0000, -2521.123, -644.772, -6.0000, 205, 133, 63
L -2521.123, -644.772, -6.0000, -2522.123, -657.772, -6.0000, 205, 133, 63
L -2522.123, -657.772, -6.0000, -2513.123, -696.772, -5.0000, 205, 133, 63
L -2513.123, -696.772, -5.0000, -2512.123, -706.772, -5.0000, 205, 133, 63
L -2512.123, -706.772, -5.0000, -2512.123, -708.772, -5.0000, 205, 133, 63
L -2512.123, -708.772, -5.0000, -2516.123, -736.772, -5.0000, 205, 133, 63
L -2516.123, -736.772, -5.0000, -2517.123, -760.772, -5.0000, 205, 133, 63
L -2517.123, -760.772, -5.0000, -2516.123, -785.772, -5.0000, 205, 133, 63
L -2516.123, -785.772, -5.0000, -2517.123, -803.772, -5.0000, 205, 133, 63
L -2517.123, -803.772, -5.0000, -2517.123, -805.772, -5.0000, 205, 133, 63
L -2517.123, -805.772, -5.0000, -2518.123, -816.772, -5.0000, 205, 133, 63
L -2518.123, -816.772, -5.0000, -2519.123, -822.772, -5.0000, 205, 133, 63
L -2519.123, -822.772, -5.0000, -2519.123, -824.772, -5.0000, 205, 133, 63
L -2519.123, -824.772, -5.0000, -2519.123, -850.772, -5.0000, 205, 133, 63
L -2519.123, -850.772, -5.0000, -2518.123, -862.772, -5.0000, 205, 133, 63
L -2518.123, -862.772, -5.0000, -2517.123, -867.772, -5.0000, 205, 133, 63
L -2517.123, -867.772, -5.0000, -2514.123, -885.772, -5.0000, 205, 133, 63
L -2514.123, -885.772, -5.0000, -2515.123, -902.772, -5.0000, 205, 133, 63
L -2515.123, -902.772, -5.0000, -2515.123, -904.772, -5.0000, 205, 133, 63
L -2515.123, -904.772, -5.0000, -2516.123, -910.772, -5.0000, 205, 133, 63
L -2516.123, -910.772, -5.0000, -2517.123, -914.772, -5.0000, 205, 133, 63
L -2517.123, -914.772, -5.0000, -2519.123, -925.772, -5.0000, 205, 133, 63
L -2519.123, -925.772, -5.0000, -2519.123, -967.772, -5.0000, 205, 133, 63
L -2519.123, -967.772, -5.0000, -2515.123, -987.772, -5.0000, 205, 133, 63
L -2515.123, -987.772, -5.0000, -2517.123, -1010.772, -5.0000, 205, 133, 63
L -2517.123, -1010.772, -5.0000, -2520.123, -1030.772, -5.0000, 205, 133, 63
L -2520.123, -1030.772, -5.0000, -2520.123, -1037.772, -5.0000, 205, 133, 63
L -2518.123, -1043.772, -5.0000, -2520.123, -1037.772, -5.0000, 205, 133, 63
L -2520.123, -1037.772, -5.0000, -2514.123, -1057.772, -5.0000, 205, 133, 63
L -2514.123, -1057.772, -5.0000, -2510.123, -1077.772, -5.0000, 205, 133, 63
L -2510.123, -1077.772, -5.0000, -2510.123, -1083.772, -5.0000, 205, 133, 63
L -2510.123, -1083.772, -5.0000, -2511.123, -1088.772, -5.0000, 205, 133, 63
L -2511.123, -1088.772, -5.0000, -2514.123, -1099.772, -5.0000, 205, 133, 63
L -2514.123, -1099.772, -5.0000, -2521.123, -1125.772, -5.0000, 205, 133, 63
L -2521.123, -1125.772, -5.0000, -2523.123, -1140.772, -5.0000, 205, 133, 63
L -2523.123, -1140.772, -5.0000, -2523.123, -1153.772, -5.0000, 205, 133, 63
L -2523.123, -1153.772, -5.0000, -2522.123, -1169.772, -5.0000, 205, 133, 63
L -2522.123, -1169.772, -5.0000, -2517.123, -1183.772, -5.0000, 205, 133, 63
L -2517.123, -1183.772, -5.0000, -2517.123, -1186.772, -5.0000, 205, 133, 63
L -2517.123, -1186.772, -5.0000, -2517.123, -1201.772, -5.0000, 205, 133, 63
L -2517.123, -1201.772, -5.0000, -2517.123, -1204.772, -5.0000, 205, 133, 63
L -2517.123, -1204.772, -5.0000, -2521.123, -1218.772, -5.0000, 205, 133, 63
L -2521.123, -1218.772, -5.0000, -2520.123, -1250.772, -5.0000, 205, 133, 63
L -2520.123, -1250.772, -5.0000, -2519.123, -1256.772, -5.0000, 205, 133, 63
L -2519.123, -1256.772, -5.0000, -2517.123, -1261.772, -5.0000, 205, 133, 63
L -2517.123, -1261.772, -5.0000, -2515.123, -1272.772, -6.0000, 205, 133, 63
L -2515.123, -1272.772, -6.0000, -2514.123, -1278.772, -6.0000, 205, 133, 63
L -2514.123, -1278.772, -6.0000, -2515.123, -1286.772, -7.0000, 205, 133, 63
L -2515.123, -1286.772, -7.0000, -2515.123, -1288.772, -7.0000, 205, 133, 63
L -2515.123, -1288.772, -7.0000, -2516.123, -1296.772, -7.0000, 205, 133, 63
L -2516.123, -1296.772, -7.0000, -2517.123, -1301.772, -7.0000, 205, 133, 63
L -2517.123, -1301.772, -7.0000, -2518.123, -1305.772, -7.0000, 205, 133, 63
L -2518.123, -1305.772, -7.0000, -2518.123, -1306.772, -8.0000, 205, 133, 63
L -2518.123, -1306.772, -8.0000, -2521.123, -1318.772, -8.0000, 205, 133, 63
L -2521.123, -1318.772, -8.0000, -2521.123, -1319.772, -8.0000, 205, 133, 63
L -2521.123, -1319.772, -8.0000, -2525.123, -1334.772, -7.0000, 205, 133, 63
L -2525.123, -1334.772, -7.0000, -2526.123, -1344.772, -5.0000, 205, 133, 63
L -2526.123, -1344.772, -5.0000, -2519.123, -1356.772, -7.0000, 205, 133, 63
L -2519.123, -1356.772, -7.0000, -2517.123, -1360.772, -8.0000, 205, 133, 63
L -2517.123, -1360.772, -8.0000, -2516.123, -1363.772, -8.0000, 205, 133, 63
L -2516.123, -1363.772, -8.0000, -2515.123, -1371.772, -9.0000, 205, 133, 63
L -2515.123, -1371.772, -9.0000, -2515.123, -1373.772, -10.0000, 205, 133, 63
L -2515.123, -1373.772, -10.0000, -2516.123, -1383.772, -11.0000, 205, 133, 63
L -2516.123, -1383.772, -11.0000, -2517.123, -1389.772, -11.0000, 205, 133, 63
L -2517.123, -1389.772, -11.0000, -2518.123, -1395.772, -12.0000, 205, 133, 63
L -2518.123, -1395.772, -12.0000, -2518.123, -1397.772, -13.0000, 205, 133, 63
L -2518.123, -1397.772, -13.0000, -2519.123, -1405.772, -14.0000, 205, 133, 63
L -2519.123, -1405.772, -14.0000, -2520.123, -1408.772, -14.0000, 205, 133, 63
L -2520.123, -1408.772, -14.0000, -2521.123, -1411.772, -15.0000, 205, 133, 63
L -2521.123, -1411.772, -15.0000, -2524.123, -1416.772, -16.0000, 205, 133, 63
L -2524.123, -1416.772, -16.0000, -2526.123, -1419.772, -16.0000, 205, 133, 63
L -2526.123, -1419.772, -16.0000, -2528.123, -1421.772, -17.0000, 205, 133, 63
L -2528.123, -1421.772, -17.0000, -2529.123, -1422.772, -17.0000, 205, 133, 63
L -2529.123, -1422.772, -17.0000, -2540.123, -1424.772, -18.0000, 205, 133, 63
L -2540.123, -1424.772, -18.0000, -2560.123, -1416.772, -17.0000, 205, 133, 63
L -2560.123, -1416.772, -17.0000, -2560.123, -1399.772, -15.0000, 205, 133, 63
L -2560.123, -1399.772, -15.0000, -2550.123, -1375.772, -11.0000, 205, 133, 63
L -2550.123, -1375.772, -11.0000, -2550.123, -1374.772, -11.0000, 205, 133, 63
L -2550.123, -1374.772, -11.0000, -2550.123, -1362.772, -9.0000, 205, 133, 63
L -2550.123, -1362.772, -9.0000, -2553.123, -1351.772, -9.0000, 205, 133, 63
L -2553.123, -1351.772, -9.0000, -2554.123, -1347.772, -9.0000, 205, 133, 63
L -2554.123, -1347.772, -9.0000, -2553.123, -1334.772, -9.0000, 205, 133, 63
L -2553.123, -1334.772, -9.0000, -2548.123, -1304.772, -8.0000, 205, 133, 63
L -2548.123, -1304.772, -8.0000, -2547.123, -1298.772, -8.0000, 205, 133, 63
L -2547.123, -1298.772, -8.0000, -2547.123, -1295.772, -8.0000, 205, 133, 63
L -2547.123, -1295.772, -8.0000, -2547.123, -1294.772, -8.0000, 205, 133, 63
L -2547.123, -1294.772, -8.0000, -2547.123, -1275.772, -7.0000, 205, 133, 63
L -2547.123, -1275.772, -7.0000, -2547.123, -1274.772, -7.0000, 205, 133, 63
L -2547.123, -1274.772, -7.0000, -2550.123, -1263.772, -7.0000, 205, 133, 63
L -2550.123, -1263.772, -7.0000, -2554.123, -1247.772, -7.0000, 205, 133, 63
L -2554.123, -1247.772, -7.0000, -2554.123, -1243.772, -7.0000, 205, 133, 63
L -2554.123, -1243.772, -7.0000, -2554.123, -1227.772, -6.0000, 205, 133, 63
L -2554.123, -1227.772, -6.0000, -2550.123, -1207.772, -6.0000, 205, 133, 63
L -2550.123, -1207.772, -6.0000, -2546.123, -1188.772, -6.0000, 205, 133, 63
L -2546.123, -1188.772, -6.0000, -2546.123, -1154.772, -6.0000, 205, 133, 63
L -2546.123, -1154.772, -6.0000, -2547.123, -1141.772, -6.0000, 205, 133, 63
L -2547.123, -1141.772, -6.0000, -2548.123, -1126.772, -6.0000, 205, 133, 63
L -2548.123, -1126.772, -6.0000, -2548.123, -1104.772, -6.0000, 205, 133, 63
L -2548.123, -1104.772, -6.0000, -2547.123, -1094.772, -6.0000, 205, 133, 63
L -2547.123, -1094.772, -6.0000, -2548.123, -1082.772, -6.0000, 205, 133, 63
L -2548.123, -1082.772, -6.0000, -2548.123, -1080.772, -6.0000, 205, 133, 63
L -2548.123, -1080.772, -6.0000, -2551.123, -1067.772, -6.0000, 205, 133, 63
L -2551.123, -1067.772, -6.0000, -2554.123, -1057.772, -6.0000, 205, 133, 63
L -2554.123, -1057.772, -6.0000, -2554.123, -1056.772, -6.0000, 205, 133, 63
L -2554.123, -1056.772, -6.0000, -2554.123, -1030.772, -6.0000, 205, 133, 63
L -2554.123, -1030.772, -6.0000, -2553.123, -1012.772, -6.0000, 205, 133, 63
L -2553.123, -1012.772, -6.0000, -2552.123, -1004.772, -6.0000, 205, 133, 63
L -2552.123, -1004.772, -6.0000, -2550.123, -994.772, -6.0000, 205, 133, 63
L -2550.123, -994.772, -6.0000, -2550.123, -977.772, -6.0000, 205, 133, 63
L -2550.123, -977.772, -6.0000, -2550.123, -967.772, -6.0000, 205, 133, 63
L -2550.123, -967.772, -6.0000, -2551.123, -960.772, -6.0000, 205, 133, 63
L -2551.123, -960.772, -6.0000, -2552.123, -950.772, -6.0000, 205, 133, 63
L -2552.123, -950.772, -6.0000, -2553.123, -937.772, -6.0000, 205, 133, 63
L -2553.123, -937.772, -6.0000, -2553.123, -935.772, -6.0000, 205, 133, 63
L -2553.123, -935.772, -6.0000, -2554.123, -928.772, -6.0000, 205, 133, 63
L -2554.123, -928.772, -6.0000, -2555.123, -924.772, -6.0000, 205, 133, 63
L -2555.123, -924.772, -6.0000, -2555.123, -923.772, -6.0000, 205, 133, 63
L -2555.123, -923.772, -6.0000, -2555.123, -905.772, -3.0000, 205, 133, 63
L -2555.123, -905.772, -3.0000, -2550.123, -891.772, -5.0000, 205, 133, 63
L -2550.123, -891.772, -5.0000, -2550.123, -882.772, -6.0000, 205, 133, 63
L -2550.123, -882.772, -6.0000, -2550.123, -877.772, -6.0000, 205, 133, 63
L -2550.123, -877.772, -6.0000, -2551.123, -872.772, -7.0000, 205, 133, 63
L -2551.123, -872.772, -7.0000, -2551.123, -870.772, -7.0000, 205, 133, 63
L -2551.123, -870.772, -7.0000, -2552.123, -861.772, -8.0000, 205, 133, 63
L -2552.123, -861.772, -8.0000, -2552.123, -859.772, -8.0000, 205, 133, 63
L -2552.123, -859.772, -8.0000, -2550.123, -833.772, -7.0000, 205, 133, 63
L -2550.123, -833.772, -7.0000, -2545.123, -819.772, -7.0000, 205, 133, 63
L -2545.123, -819.772, -7.0000, -2545.123, -818.772, -7.0000, 205, 133, 63
L -2545.123, -818.772, -7.0000, -2544.123, -802.772, -6.0000, 205, 133, 63
L -2544.123, -802.772, -6.0000, -2544.123, -789.772, -6.0000, 205, 133, 63
L -2544.123, -789.772, -6.0000, -2545.123, -779.772, -6.0000, 205, 133, 63
L -2545.123, -779.772, -6.0000, -2546.123, -767.772, -6.0000, 205, 133, 63
L -2546.123, -767.772, -6.0000, -2546.123, -755.772, -6.0000, 205, 133, 63
L -2546.123, -755.772, -6.0000, -2547.123, -745.772, -6.0000, 205, 133, 63
L -2547.123, -745.772, -6.0000, -2547.123, -732.772, -6.0000, 205, 133, 63
L -2547.123, -732.772, -6.0000, -2547.123, -699.772, -6.0000, 205, 133, 63
L -2547.123, -699.772, -6.0000, -2548.123, -669.772, -6.0000, 205, 133, 63
L -2548.123, -669.772, -6.0000, -2550.123, -659.772, -6.0000, 205, 133, 63
L -2550.123, -659.772, -6.0000, -2551.123, -653.772, -6.0000, 205, 133, 63
L -2551.123, -653.772, -6.0000, -2552.123, -647.772, -6.0000, 205, 133, 63
L -2552.123, -647.772, -6.0000, -2552.123, -645.772, -6.0000, 205, 133, 63
L -2552.123, -645.772, -6.0000, -2552.123, -625.772, -6.0000, 205, 133, 63
L -2552.123, -625.772, -6.0000, -2548.123, -610.772, -6.0000, 205, 133, 63
L -2548.123, -610.772, -6.0000, -2545.123, -597.772, -6.0000, 205, 133, 63
L -2545.123, -597.772, -6.0000, -2545.123, -595.772, -6.0000, 205, 133, 63
L -2545.123, -595.772, -6.0000, -2545.123, -577.772, -6.0000, 205, 133, 63
L -2545.123, -577.772, -6.0000, -2546.123, -572.772, -6.0000, 205, 133, 63
L -2546.123, -572.772, -6.0000, -2546.123, -570.772, -6.0000, 205, 133, 63
L -2546.123, -570.772, -6.0000, -2547.123, -561.772, -6.0000, 205, 133, 63
L -2547.123, -561.772, -6.0000, -2547.123, -560.772, -6.0000, 205, 133, 63
L -2547.123, -560.772, -6.0000, -2547.123, -537.772, -6.0000, 205, 133, 63
L -2547.123, -537.772, -6.0000, -2547.123, -535.772, -6.0000, 205, 133, 63
L -2547.123, -535.772, -6.0000, -2546.123, -528.772, -6.0000, 205, 133, 63
L -2546.123, -528.772, -6.0000, -2545.123, -525.772, -6.0000, 205, 133, 63
L -2545.123, -525.772, -6.0000, -2539.123, -491.772, -6.0000, 205, 133, 63
L -2539.123, -491.772, -6.0000, -2538.123, -485.772, -6.0000, 205, 133, 63
L -2538.123, -485.772, -6.0000, -2538.123, -483.772, -5.0000, 205, 133, 63
L -2538.123, -483.772, -5.0000, -2539.123, -462.772, -4.0000, 205, 133, 63
L -2539.123, -462.772, -4.0000, -2547.123, -449.772, -4.0000, 205, 133, 63
L -2547.123, -449.772, -4.0000, -2548.123, -446.772, -4.0000, 205, 133, 63
L -2548.123, -446.772, -4.0000, -2550.123, -441.772, -4.0000, 205, 133, 63
L -2550.123, -441.772, -4.0000, -2550.123, -439.772, -4.0000, 205, 133, 63
L -2550.123, -439.772, -4.0000, -2549.123, -416.772, -4.0000, 205, 133, 63
L -2549.123, -416.772, -4.0000, -2548.123, -407.772, -5.0000, 205, 133, 63
L -2548.123, -407.772, -5.0000, -2545.123, -393.772, -5.0000, 205, 133, 63
L -2545.123, -393.772, -5.0000, -2546.123, -371.772, -6.0000, 205, 133, 63
L -2546.123, -371.772, -6.0000, -2547.123, -364.772, -6.0000, 205, 133, 63
L -2547.123, -364.772, -6.0000, -2547.123, -357.772, -6.0000, 205, 133, 63
L -2547.123, -357.772, -6.0000, -2548.123, -350.772, -6.0000, 205, 133, 63
L -2548.123, -350.772, -6.0000, -2549.123, -336.772, -7.0000, 205, 133, 63
L -2549.123, -336.772, -7.0000, -2549.123, -334.772, -7.0000, 205, 133, 63
L -2549.123, -334.772, -7.0000, -2550.123, -319.772, -7.0000, 205, 133, 63
L -2550.123, -319.772, -7.0000, -2549.123, -308.772, -7.0000, 205, 133, 63
L -2549.123, -308.772, -7.0000, -2549.123, -306.772, -7.0000, 205, 133, 63
L -2549.123, -306.772, -7.0000, -2544.123, -289.772, -7.0000, 205, 133, 63
L -2544.123, -289.772, -7.0000, -2545.123, -266.772, -8.0000, 205, 133, 63
L -2545.123, -266.772, -8.0000, -2546.123, -261.772, -8.0000, 205, 133, 63
L -2546.123, -261.772, -8.0000, -2546.123, -260.772, -8.0000, 205, 133, 63
L -2546.123, -260.772, -8.0000, -2552.123, -244.772, -8.0000, 205, 133, 63
L -2552.123, -244.772, -8.0000, -2551.123, -241.772, -7.0000, 205, 133, 63
L -2551.123, -241.772, -7.0000, -2550.123, -236.772, -7.0000, 205, 133, 63
L -2550.123, -236.772, -7.0000, -2548.123, -225.772, -6.0000, 205, 133, 63
L -2548.123, -225.772, -6.0000, -2543.123, -204.772, -7.0000, 205, 133, 63
L -2543.123, -204.772, -7.0000, -2543.123, -203.772, -7.0000, 205, 133, 63
L -2543.123, -204.772, -7.0000, -2544.123, -166.772, -8.0000, 205, 133, 63
L -2544.123, -166.772, -8.0000, -2545.123, -160.772, -8.0000, 205, 133, 63
L -2545.123, -160.772, -8.0000, -2546.123, -156.772, -7.0000, 205, 133, 63
L -2546.123, -156.772, -7.0000, -2549.123, -141.772, -10.0000, 205, 133, 63
L -2549.123, -141.772, -10.0000, -2549.123, -127.772, -12.0000, 205, 133, 63
L -2549.123, -127.772, -12.0000, -2548.123, -116.772, -13.0000, 205, 133, 63
L -2548.123, -116.772, -13.0000, -2547.123, -102.772, -15.0000, 205, 133, 63
L -2547.123, -102.772, -15.0000, -2546.123, -98.772, -16.0000, 205, 133, 63
L -2546.123, -98.772, -16.0000, -2544.123, -94.772, -17.0000, 205, 133, 63
L -2544.123, -94.772, -17.0000, -2526.123, -84.772, -19.0000, 205, 133, 63
L -2526.123, -84.772, -19.0000, -2508.123, -99.772, -16.0000, 205, 133, 63
L -2616.123, -1870.772, -14.0000, -2615.123, -1879.772, -14.0000, 205, 133, 63
L -2615.123, -1879.772, -14.0000, -2614.123, -1884.772, -14.0000, 205, 133, 63
L -2614.123, -1884.772, -14.0000, -2614.123, -1885.772, -14.0000, 205, 133, 63
L -2614.123, -1885.772, -14.0000, -2614.123, -1909.772, -14.0000, 205, 133, 63
L -2614.123, -1909.772, -14.0000, -2616.123, -1919.772, -11.0000, 205, 133, 63
L -2616.123, -1919.772, -11.0000, -2618.123, -1930.772, -9.0000, 205, 133, 63
L -2618.123, -1930.772, -9.0000, -2619.123, -1934.772, -8.0000, 205, 133, 63
L -2619.123, -1934.772, -8.0000, -2621.123, -1943.772, -8.0000, 205, 133, 63
L -2621.123, -1943.772, -8.0000, -2620.123, -1964.772, -8.0000, 205, 133, 63
L -2620.123, -1964.772, -8.0000, -2620.123, -1966.772, -7.0000, 205, 133, 63
L -2620.123, -1966.772, -7.0000, -2619.123, -1972.772, -7.0000, 205, 133, 63
L -2619.123, -1972.772, -7.0000, -2618.123, -1982.772, -7.0000, 205, 133, 63
L -2618.123, -1982.772, -7.0000, -2618.123, -1987.772, -7.0000, 205, 133, 63
L -2618.123, -1987.772, -7.0000, -2617.123, -1992.772, -7.0000, 205, 133, 63
L -2617.123, -1992.772, -7.0000, -2616.123, -1996.772, -7.0000, 205, 133, 63
L -2616.123, -1996.772, -7.0000, -2616.123, -1998.772, -7.0000, 205, 133, 63
L -2616.123, -1998.772, -7.0000, -2619.123, -2022.772, -6.0000, 205, 133, 63
L -2619.123, -2022.772, -6.0000, -2622.123, -2035.772, -6.0000, 205, 133, 63
L -2622.123, -2035.772, -6.0000, -2621.123, -2053.772, -6.0000, 205, 133, 63
L -2621.123, -2053.772, -6.0000, -2620.123, -2062.772, -6.0000, 205, 133, 63
L -2620.123, -2062.772, -6.0000, -2618.123, -2074.772, -6.0000, 205, 133, 63
L -2618.123, -2074.772, -6.0000, -2617.123, -2078.772, -6.0000, 205, 133, 63
L -2617.123, -2078.772, -6.0000, -2616.123, -2084.772, -6.0000, 205, 133, 63
L -2616.123, -2084.772, -6.0000, -2614.123, -2096.772, -6.0000, 205, 133, 63
L -2614.123, -2096.772, -6.0000, -2614.123, -2117.772, -6.0000, 205, 133, 63
L -2614.123, -2117.772, -6.0000, -2615.123, -2128.772, -6.0000, 205, 133, 63
L -2615.123, -2128.772, -6.0000, -2615.123, -2137.772, -6.0000, 205, 133, 63
L -2615.123, -2137.772, -6.0000, -2616.123, -2147.772, -6.0000, 205, 133, 63
L -2616.123, -2147.772, -6.0000, -2617.123, -2155.772, -6.0000, 205, 133, 63
L -2617.123, -2155.772, -6.0000, -2615.123, -2174.772, -6.0000, 205, 133, 63
L -2615.123, -2174.772, -6.0000, -2613.123, -2186.772, -6.0000, 205, 133, 63
L -2613.123, -2186.772, -6.0000, -2614.123, -2206.772, -6.0000, 205, 133, 63
L -2614.123, -2206.772, -6.0000, -2617.123, -2222.772, -6.0000, 205, 133, 63
L -2617.123, -2222.772, -6.0000, -2618.123, -2228.772, -6.0000, 205, 133, 63
L -2618.123, -2228.772, -6.0000, -2618.123, -2229.772, -6.0000, 205, 133, 63
L -2618.123, -2229.772, -6.0000, -2618.123, -2244.772, -6.0000, 205, 133, 63
L -2618.123, -2244.772, -6.0000, -2618.123, -2246.772, -6.0000, 205, 133, 63
L -2618.123, -2246.772, -6.0000, -2617.123, -2252.772, -6.0000, 205, 133, 63
L -2617.123, -2252.772, -6.0000, -2616.123, -2256.772, -6.0000, 205, 133, 63
L -2616.123, -2256.772, -6.0000, -2615.123, -2260.772, -6.0000, 205, 133, 63
L -2615.123, -2260.772, -6.0000, -2614.123, -2264.772, -6.0000, 205, 133, 63
L -2614.123, -2264.772, -6.0000, -2613.123, -2270.772, -6.0000, 205, 133, 63
L -2613.123, -2270.772, -6.0000, -2613.123, -2274.772, -6.0000, 205, 133, 63
L -2613.123, -2274.772, -6.0000, -2612.123, -2298.772, -6.0000, 205, 133, 63
L -2612.123, -2298.772, -6.0000, -2612.123, -2302.772, -6.0000, 205, 133, 63
L -2612.123, -2302.772, -6.0000, -2614.123, -2313.772, -6.0000, 205, 133, 63
L -2614.123, -2313.772, -6.0000, -2616.123, -2320.772, -6.0000, 205, 133, 63
L -2616.123, -2320.772, -6.0000, -2617.123, -2326.772, -6.0000, 205, 133, 63
L -2617.123, -2326.772, -6.0000, -2616.123, -2347.772, -6.0000, 205, 133, 63
L -2616.123, -2347.772, -6.0000, -2615.123, -2354.772, -6.0000, 205, 133, 63
L -2615.123, -2354.772, -6.0000, -2613.123, -2363.772, -6.0000, 205, 133, 63
L -2613.123, -2363.772, -6.0000, -2610.123, -2379.772, -6.0000, 205, 133, 63
L -2610.123, -2379.772, -6.0000, -2611.123, -2394.772, -6.0000, 205, 133, 63
L -2611.123, -2394.772, -6.0000, -2611.123, -2398.772, -6.0000, 205, 133, 63
L -2611.123, -2398.772, -6.0000, -2614.123, -2409.772, -6.0000, 205, 133, 63
L -2614.123, -2409.772, -6.0000, -2617.123, -2424.772, -6.0000, 205, 133, 63
L -2617.123, -2424.772, -6.0000, -2616.123, -2448.772, -6.0000, 205, 133, 63
L -2616.123, -2448.772, -6.0000, -2615.123, -2453.772, -6.0000, 205, 133, 63
L -2615.123, -2453.772, -6.0000, -2614.123, -2461.772, -6.0000, 205, 133, 63
L -2614.123, -2461.772, -6.0000, -2613.123, -2465.772, -6.0000, 205, 133, 63
L -2613.123, -2465.772, -6.0000, -2612.123, -2472.772, -6.0000, 205, 133, 63
L -2612.123, -2472.772, -6.0000, -2611.123, -2479.772, -6.0000, 205, 133, 63
L -2611.123, -2479.772, -6.0000, -2611.123, -2481.772, -6.0000, 205, 133, 63
L -2611.123, -2481.772, -6.0000, -2612.123, -2499.772, -6.0000, 205, 133, 63
L -2612.123, -2499.772, -6.0000, -2613.123, -2504.772, -6.0000, 205, 133, 63
L -2613.123, -2504.772, -6.0000, -2614.123, -2513.772, -6.0000, 205, 133, 63
L -2614.123, -2513.772, -6.0000, -2617.123, -2525.772, -6.0000, 205, 133, 63
L -2617.123, -2525.772, -6.0000, -2617.123, -2527.772, -6.0000, 205, 133, 63
L -2617.123, -2527.772, -6.0000, -2616.123, -2571.772, 4.0000, 205, 133, 63
L -2616.123, -2571.772, 4.0000, -2615.123, -2577.772, 4.0000, 205, 133, 63
L -2615.123, -2577.772, 4.0000, -2615.123, -2579.772, 4.0000, 205, 133, 63
L -2615.123, -2579.772, 4.0000, -2622.123, -2600.772, 6.0000, 205, 133, 63
L -2622.123, -2600.772, 6.0000, -2625.123, -2617.772, 6.0000, 205, 133, 63
L -2625.123, -2617.772, 6.0000, -2626.123, -2623.772, 6.0000, 205, 133, 63
L -2626.123, -2623.772, 6.0000, -2627.123, -2624.772, 7.0000, 205, 133, 63
L -2627.123, -2624.772, 7.0000, -2652.123, -2631.772, 6.0000, 205, 133, 63
L -2652.123, -2631.772, 6.0000, -2653.123, -2631.772, 6.0000, 205, 133, 63
L -2653.123, -2631.772, 6.0000, -2666.123, -2612.772, 4.0000, 205, 133, 63
L -2666.123, -2612.772, 4.0000, -2670.123, -2601.772, 4.0000, 205, 133, 63
L -2670.123, -2601.772, 4.0000, -2659.123, -2588.772, 3.0000, 205, 133, 63
L -2659.123, -2588.772, 3.0000, -2656.123, -2585.772, 3.0000, 205, 133, 63
L -2656.123, -2585.772, 3.0000, -2654.123, -2580.772, 4.0000, 205, 133, 63
L -2654.123, -2580.772, 4.0000, -2652.123, -2570.772, 4.0000, 205, 133, 63
L -2652.123, -2570.772, 4.0000, -2652.123, -2568.772, 4.0000, 205, 133, 63
L -2652.123, -2568.772, 4.0000, -2652.123, -2563.772, 3.0000, 205, 133, 63
L -2652.123, -2563.772, 3.0000, -2652.123, -2539.772, 0.0000, 205, 133, 63
L -2652.123, -2539.772, 0.0000, -2652.123, -2538.772, 0.0000, 205, 133, 63
L -2652.123, -2538.772, 0.0000, -2652.123, -2513.772, -4.0000, 205, 133, 63
L -2652.123, -2513.772, -4.0000, -2652.123, -2502.772, -6.0000, 205, 133, 63
L -2652.123, -2502.772, -6.0000, -2651.123, -2494.772, -5.0000, 205, 133, 63
L -2651.123, -2494.772, -5.0000, -2651.123, -2485.772, -6.0000, 205, 133, 63
L -2651.123, -2485.772, -6.0000, -2650.123, -2474.772, -6.0000, 205, 133, 63
L -2650.123, -2474.772, -6.0000, -2651.123, -2449.772, -7.0000, 205, 133, 63
L -2651.123, -2449.772, -7.0000, -2652.123, -2443.772, -7.0000, 205, 133, 63
L -2652.123, -2443.772, -7.0000, -2652.123, -2437.772, -8.0000, 205, 133, 63
L -2652.123, -2437.772, -8.0000, -2652.123, -2436.772, -7.0000, 205, 133, 63
L -2652.123, -2436.772, -7.0000, -2651.123, -2412.772, -8.0000, 205, 133, 63
L -2651.123, -2412.772, -8.0000, -2646.123, -2393.772, -6.0000, 205, 133, 63
L -2646.123, -2393.772, -6.0000, -2647.123, -2379.772, -6.0000, 205, 133, 63
L -2647.123, -2379.772, -6.0000, -2648.123, -2372.772, -6.0000, 205, 133, 63
L -2648.123, -2372.772, -6.0000, -2650.123, -2365.772, -7.0000, 205, 133, 63
L -2650.123, -2365.772, -7.0000, -2652.123, -2344.772, -7.0000, 205, 133, 63
L -2652.123, -2344.772, -7.0000, -2650.123, -2307.772, -8.0000, 205, 133, 63
L -2650.123, -2307.772, -8.0000, -2645.123, -2289.772, -8.0000, 205, 133, 63
L -2645.123, -2289.772, -8.0000, -2645.123, -2288.772, -8.0000, 205, 133, 63
L -2645.123, -2288.772, -8.0000, -2645.123, -2273.772, -8.0000, 205, 133, 63
L -2645.123, -2273.772, -8.0000, -2645.123, -2272.772, -8.0000, 205, 133, 63
L -2645.123, -2272.772, -8.0000, -2648.123, -2261.772, -8.0000, 205, 133, 63
L -2648.123, -2261.772, -8.0000, -2654.123, -2243.772, -8.0000, 205, 133, 63
L -2654.123, -2243.772, -8.0000, -2654.123, -2242.772, -8.0000, 205, 133, 63
L -2654.123, -2242.772, -8.0000, -2654.123, -2220.772, -8.0000, 205, 133, 63
L -2654.123, -2220.772, -8.0000, -2653.123, -2215.772, -8.0000, 205, 133, 63
L -2653.123, -2215.772, -8.0000, -2652.123, -2209.772, -8.0000, 205, 133, 63
L -2652.123, -2209.772, -8.0000, -2651.123, -2196.772, -8.0000, 205, 133, 63
L -2651.123, -2196.772, -8.0000, -2649.123, -2187.772, -8.0000, 205, 133, 63
L -2649.123, -2187.772, -8.0000, -2648.123, -2182.772, -8.0000, 205, 133, 63
L -2648.123, -2182.772, -8.0000, -2648.123, -2179.772, -8.0000, 205, 133, 63
L -2648.123, -2179.772, -8.0000, -2647.123, -2158.772, -7.0000, 205, 133, 63
L -2647.123, -2158.772, -7.0000, -2648.123, -2148.772, -8.0000, 205, 133, 63
L -2648.123, -2148.772, -8.0000, -2648.123, -2138.772, -8.0000, 205, 133, 63
L -2648.123, -2138.772, -8.0000, -2649.123, -2129.772, -8.0000, 205, 133, 63
L -2649.123, -2129.772, -8.0000, -2647.123, -2112.772, -8.0000, 205, 133, 63
L -2647.123, -2112.772, -8.0000, -2647.123, -2108.772, -8.0000, 205, 133, 63
L -2647.123, -2108.772, -8.0000, -2645.123, -2101.772, -8.0000, 205, 133, 63
L -2645.123, -2101.772, -8.0000, -2644.123, -2096.772, -8.0000, 205, 133, 63
L -2644.123, -2096.772, -8.0000, -2644.123, -2094.772, -8.0000, 205, 133, 63
L -2644.123, -2094.772, -8.0000, -2645.123, -2075.772, -8.0000, 205, 133, 63
L -2645.123, -2075.772, -8.0000, -2645.123, -2074.772, -8.0000, 205, 133, 63
L -2645.123, -2074.772, -8.0000, -2650.123, -2060.772, -8.0000, 205, 133, 63
L -2650.123, -2060.772, -8.0000, -2653.123, -2051.772, -8.0000, 205, 133, 63
L -2653.123, -2051.772, -8.0000, -2653.123, -2050.772, -8.0000, 205, 133, 63
L -2653.123, -2050.772, -8.0000, -2652.123, -2032.772, -7.0000, 205, 133, 63
L -2652.123, -2032.772, -7.0000, -2649.123, -2020.772, -7.0000, 205, 133, 63
L -2649.123, -2020.772, -7.0000, -2644.123, -1999.772, -8.0000, 205, 133, 63
L -2644.123, -1999.772, -8.0000, -2644.123, -1995.772, -8.0000, 205, 133, 63
L -2644.123, -1995.772, -8.0000, -2644.123, -1975.772, -8.0000, 205, 133, 63
L -2644.123, -1975.772, -8.0000, -2645.123, -1965.772, -7.0000, 205, 133, 63
L -2645.123, -1965.772, -7.0000, -2645.123, -1956.772, -7.0000, 205, 133, 63
L -2645.123, -1956.772, -7.0000, -2646.123, -1950.772, -7.0000, 205, 133, 63
L -2646.123, -1950.772, -7.0000, -2647.123, -1936.772, -8.0000, 205, 133, 63
L -2647.123, -1936.772, -8.0000, -2648.123, -1931.772, -9.0000, 205, 133, 63
L -2648.123, -1931.772, -9.0000, -2648.123, -1929.772, -9.0000, 205, 133, 63
L -2648.123, -1929.772, -9.0000, -2647.123, -1902.772, -14.0000, 205, 133, 63
L -2647.123, -1902.772, -14.0000, -2645.123, -1888.772, -18.0000, 205, 133, 63
L -2645.123, -1888.772, -18.0000, -2644.123, -1882.772, -19.0000, 205, 133, 63
L -2644.123, -1882.772, -19.0000, -2640.123, -1870.772, -20.0000, 205, 133, 63
L -2640.123, -1870.772, -20.0000, -2616.123, -1870.772, -14.0000, 205, 133, 63
L -2133.123, -2774.772, -18.0000, -2122.123, -2776.772, -19.0000, 205, 133, 63
L -2122.123, -2776.772, -19.0000, -2121.123, -2777.772, -18.0000, 205, 133, 63
L -2121.123, -2777.772, -18.0000, -2109.123, -2788.772, -14.0000, 205, 133, 63
L -2109.123, -2788.772, -14.0000, -2099.123, -2790.772, -12.0000, 205, 133, 63
L -2099.123, -2790.772, -12.0000, -2090.123, -2788.772, -12.0000, 205, 133, 63
L -2090.123, -2788.772, -12.0000, -2080.123, -2787.772, -12.0000, 205, 133, 63
L -2080.123, -2787.772, -12.0000, -2070.123, -2786.772, -12.0000, 205, 133, 63
L -2070.123, -2786.772, -12.0000, -2051.123, -2786.772, -11.0000, 205, 133, 63
L -2051.123, -2786.772, -11.0000, -2049.123, -2786.772, -11.0000, 205, 133, 63
L -2049.123, -2786.772, -11.0000, -2038.123, -2789.772, -11.0000, 205, 133, 63
L -2038.123, -2789.772, -11.0000, -2027.123, -2791.772, -10.0000, 205, 133, 63
L -2027.123, -2791.772, -10.0000, -2013.123, -2791.772, -10.0000, 205, 133, 63
L -2013.123, -2791.772, -10.0000, -2003.123, -2790.772, -9.0000, 205, 133, 63
L -2003.123, -2790.772, -9.0000, -1965.123, -2786.772, -7.0000, 205, 133, 63
L -1950.123, -2787.772, -7.0000, -1941.123, -2789.772, -7.0000, 205, 133, 63
L -1941.123, -2789.772, -7.0000, -1930.123, -2792.772, -7.0000, 205, 133, 63
L -1930.123, -2792.772, -7.0000, -1916.123, -2792.772, -7.0000, 205, 133, 63
L -1916.123, -2792.772, -7.0000, -1896.123, -2792.772, -6.0000, 205, 133, 63
L -1896.123, -2792.772, -6.0000, -1886.123, -2792.772, -6.0000, 205, 133, 63
L -1886.123, -2792.772, -6.0000, -1863.123, -2791.772, -6.0000, 205, 133, 63
L -1863.123, -2791.772, -6.0000, -1848.123, -2793.772, -6.0000, 205, 133, 63
L -1848.123, -2793.772, -6.0000, -1826.123, -2795.772, -6.0000, 205, 133, 63
L -1826.123, -2795.772, -6.0000, -1815.123, -2794.772, -6.0000, 205, 133, 63
L -1815.123, -2794.772, -6.0000, -1805.123, -2792.772, -6.0000, 205, 133, 63
L -1805.123, -2792.772, -6.0000, -1780.123, -2786.772, -6.0000, 205, 133, 63
L -1780.123, -2786.772, -6.0000, -1765.123, -2786.772, -6.0000, 205, 133, 63
L -1765.123, -2786.772, -6.0000, -1756.123, -2787.772, -6.0000, 205, 133, 63
L -1756.123, -2787.772, -6.0000, -1741.123, -2788.772, -6.0000, 205, 133, 63
L -1741.123, -2788.772, -6.0000, -1712.123, -2792.772, -6.0000, 205, 133, 63
L -1712.123, -2792.772, -6.0000, -1702.123, -2793.772, -6.0000, 205, 133, 63
L -1702.123, -2793.772, -6.0000, -1687.123, -2794.772, -6.0000, 205, 133, 63
L -1687.123, -2794.772, -6.0000, -1677.123, -2792.772, -6.0000, 205, 133, 63
L -1677.123, -2792.772, -6.0000, -1664.123, -2791.772, -6.0000, 205, 133, 63
L -1664.123, -2791.772, -6.0000, -1654.123, -2791.772, -6.0000, 205, 133, 63
L -1654.123, -2791.772, -6.0000, -1635.123, -2792.772, -6.0000, 205, 133, 63
L -1635.123, -2792.772, -6.0000, -1620.123, -2789.772, -6.0000, 205, 133, 63
L -1620.123, -2789.772, -6.0000, -1601.123, -2785.772, -6.0000, 205, 133, 63
L -1601.123, -2785.772, -6.0000, -1581.123, -2780.772, -6.0000, 205, 133, 63
L -1581.123, -2780.772, -6.0000, -1567.123, -2781.772, -6.0000, 205, 133, 63
L -1567.123, -2781.772, -6.0000, -1558.123, -2783.772, -6.0000, 205, 133, 63
L -1558.123, -2783.772, -6.0000, -1532.123, -2790.772, -6.0000, 205, 133, 63
L -1532.123, -2790.772, -6.0000, -1529.123, -2790.772, -6.0000, 205, 133, 63
L -1529.123, -2790.772, -6.0000, -1517.123, -2789.772, -6.0000, 205, 133, 63
L -1517.123, -2789.772, -6.0000, -1487.123, -2786.772, -6.0000, 205, 133, 63
L -1487.123, -2786.772, -6.0000, -1479.123, -2786.772, -6.0000, 205, 133, 63
L -1479.123, -2786.772, -6.0000, -1473.123, -2786.772, -6.0000, 205, 133, 63
L -1473.123, -2786.772, -6.0000, -1463.123, -2787.772, -6.0000, 205, 133, 63
L -1463.123, -2787.772, -6.0000, -1434.123, -2791.772, -6.0000, 205, 133, 63
L -1434.123, -2791.772, -6.0000, -1424.123, -2792.772, -6.0000, 205, 133, 63
L -1424.123, -2792.772, -6.0000, -1413.123, -2791.772, -6.0000, 205, 133, 63
L -1413.123, -2791.772, -6.0000, -1389.123, -2787.772, -6.0000, 205, 133, 63
L -1389.123, -2787.772, -6.0000, -1357.123, -2783.772, -6.0000, 205, 133, 63
L -1357.123, -2783.772, -6.0000, -1331.123, -2790.772, -6.0000, 205, 133, 63
L -1331.123, -2790.772, -6.0000, -1325.123, -2790.772, -6.0000, 205, 133, 63
L -1325.123, -2790.772, -6.0000, -1321.123, -2790.772, -6.0000, 205, 133, 63
L -1321.123, -2790.772, -6.0000, -1309.123, -2787.772, -6.0000, 205, 133, 63
L -1309.123, -2787.772, -6.0000, -1293.123, -2784.772, -6.0000, 205, 133, 63
L -1293.123, -2784.772, -6.0000, -1283.123, -2784.772, -6.0000, 205, 133, 63
L -1283.123, -2784.772, -6.0000, -1274.123, -2785.772, -6.0000, 205, 133, 63
L -1274.123, -2785.772, -6.0000, -1247.123, -2789.772, -6.0000, 205, 133, 63
L -1247.123, -2789.772, -6.0000, -1228.123, -2793.772, -6.0000, 205, 133, 63
L -1228.123, -2793.772, -6.0000, -1215.123, -2796.772, -6.0000, 205, 133, 63
L -1215.123, -2796.772, -6.0000, -1190.123, -2786.772, -6.0000, 205, 133, 63
L -1190.123, -2786.772, -6.0000, -1185.123, -2785.772, -6.0000, 205, 133, 63
L -1185.123, -2785.772, -6.0000, -1172.123, -2788.772, -5.0000, 205, 133, 63
L -1172.123, -2788.772, -5.0000, -1159.123, -2789.772, -6.0000, 205, 133, 63
L -1159.123, -2789.772, -6.0000, -1150.123, -2790.772, -8.0000, 205, 133, 63
L -1150.123, -2790.772, -8.0000, -1140.123, -2792.772, -8.0000, 205, 133, 63
L -1140.123, -2792.772, -8.0000, -1117.123, -2792.772, -10.0000, 205, 133, 63
L -1117.123, -2792.772, -10.0000, -1108.123, -2789.772, -11.0000, 205, 133, 63
L -1108.123, -2789.772, -11.0000, -1092.123, -2785.772, -12.0000, 205, 133, 63
L -1092.123, -2785.772, -12.0000, -1091.123, -2785.772, -13.0000, 205, 133, 63
L -1091.123, -2785.772, -13.0000, -1079.123, -2785.772, -13.0000, 205, 133, 63
L -1079.123, -2785.772, -13.0000, -1063.123, -2785.772, -14.0000, 205, 133, 63
L -1063.123, -2785.772, -14.0000, -1054.123, -2787.772, -14.0000, 205, 133, 63
L -1054.123, -2787.772, -14.0000, -1025.123, -2791.772, -13.0000, 205, 133, 63
L -1025.123, -2791.772, -13.0000, -995.123, -2787.772, -13.0000, 205, 133, 63
L -995.123, -2787.772, -13.0000, -976.123, -2784.772, -13.0000, 205, 133, 63
L -976.123, -2784.772, -13.0000, -963.123, -2782.772, -11.0000, 205, 133, 63
L -963.123, -2782.772, -11.0000, -954.123, -2784.772, -12.0000, 205, 133, 63
L -954.123, -2784.772, -12.0000, -935.123, -2787.772, -11.0000, 205, 133, 63
L -935.123, -2787.772, -11.0000, -920.123, -2789.772, -10.0000, 205, 133, 63
L -920.123, -2789.772, -10.0000, -911.123, -2787.772, -11.0000, 205, 133, 63
L -911.123, -2787.772, -11.0000, -882.123, -2782.772, -13.0000, 205, 133, 63
L -882.123, -2782.772, -13.0000, -871.123, -2780.772, -13.0000, 205, 133, 63
L -871.123, -2780.772, -13.0000, -861.123, -2781.772, -13.0000, 205, 133, 63
L -861.123, -2781.772, -13.0000, -852.123, -2783.772, -13.0000, 205, 133, 63
L -852.123, -2783.772, -13.0000, -832.123, -2788.772, -13.0000, 205, 133, 63
L -832.123, -2788.772, -13.0000, -812.123, -2792.772, -9.0000, 205, 133, 63
L -812.123, -2792.772, -9.0000, -811.123, -2795.772, -9.0000, 205, 133, 63
L -811.123, -2795.772, -9.0000, -811.123, -2796.772, -9.0000, 205, 133, 63
L -811.123, -2796.772, -9.0000, -809.123, -2805.772, -9.0000, 205, 133, 63
L -809.123, -2805.772, -9.0000, -809.123, -2814.772, -7.0000, 205, 133, 63
L -809.123, -2814.772, -7.0000, -826.123, -2822.772, -7.0000, 205, 133, 63
L -826.123, -2822.772, -7.0000, -831.123, -2823.772, -7.0000, 205, 133, 63
L -831.123, -2823.772, -7.0000, -862.123, -2814.772, -8.0000, 205, 133, 63
L -862.123, -2814.772, -8.0000, -871.123, -2812.772, -9.0000, 205, 133, 63
L -871.123, -2812.772, -9.0000, -880.123, -2813.772, -9.0000, 205, 133, 63
L -880.123, -2813.772, -9.0000, -889.123, -2814.772, -9.0000, 205, 133, 63
L -889.123, -2814.772, -9.0000, -918.123, -2818.772, -8.0000, 205, 133, 63
L -918.123, -2818.772, -8.0000, -948.123, -2820.772, -8.0000, 205, 133, 63
L -948.123, -2820.772, -8.0000, -963.123, -2817.772, -8.0000, 205, 133, 63
L -963.123, -2817.772, -8.0000, -978.123, -2816.772, -8.0000, 205, 133, 63
L -978.123, -2816.772, -8.0000, -987.123, -2817.772, -8.0000, 205, 133, 63
L -987.123, -2817.772, -8.0000, -996.123, -2818.772, -8.0000, 205, 133, 63
L -996.123, -2818.772, -8.0000, -1017.123, -2821.772, -9.0000, 205, 133, 63
L -1017.123, -2821.772, -9.0000, -1029.123, -2821.772, -9.0000, 205, 133, 63
L -1029.123, -2821.772, -9.0000, -1039.123, -2820.772, -9.0000, 205, 133, 63
L -1039.123, -2820.772, -9.0000, -1078.123, -2816.772, -9.0000, 205, 133, 63
L -1078.123, -2816.772, -9.0000, -1092.123, -2817.772, -9.0000, 205, 133, 63
L -1092.123, -2817.772, -9.0000, -1121.123, -2822.772, -8.0000, 205, 133, 63
L -1121.123, -2822.772, -8.0000, -1138.123, -2823.772, -8.0000, 205, 133, 63
L -1138.123, -2823.772, -8.0000, -1150.123, -2821.772, -8.0000, 205, 133, 63
L -1150.123, -2821.772, -8.0000, -1175.123, -2817.772, -8.0000, 205, 133, 63
L -1175.123, -2817.772, -8.0000, -1187.123, -2818.772, -8.0000, 205, 133, 63
L -1187.123, -2818.772, -8.0000, -1216.123, -2824.772, -8.0000, 205, 133, 63
L -1216.123, -2824.772, -8.0000, -1232.123, -2825.772, -8.0000, 205, 133, 63
L -1232.123, -2825.772, -8.0000, -1235.123, -2825.772, -8.0000, 205, 133, 63
L -1235.123, -2825.772, -8.0000, -1248.123, -2821.772, -8.0000, 205, 133, 63
L -1248.123, -2821.772, -8.0000, -1268.123, -2816.772, -8.0000, 205, 133, 63
L -1268.123, -2816.772, -8.0000, -1283.123, -2817.772, -8.0000, 205, 133, 63
L -1283.123, -2817.772, -8.0000, -1303.123, -2820.772, -8.0000, 205, 133, 63
L -1303.123, -2820.772, -8.0000, -1324.123, -2824.772, -8.0000, 205, 133, 63
L -1324.123, -2824.772, -8.0000, -1338.123, -2823.772, -8.0000, 205, 133, 63
L -1338.123, -2823.772, -8.0000, -1367.123, -2818.772, -8.0000, 205, 133, 63
L -1367.123, -2818.772, -8.0000, -1379.123, -2817.772, -8.0000, 205, 133, 63
L -1379.123, -2817.772, -8.0000, -1384.123, -2817.772, -8.0000, 205, 133, 63
L -1384.123, -2817.772, -8.0000, -1396.123, -2819.772, -8.0000, 205, 133, 63
L -1396.123, -2819.772, -8.0000, -1427.123, -2825.772, -8.0000, 205, 133, 63
L -1427.123, -2825.772, -8.0000, -1446.123, -2821.772, -8.0000, 205, 133, 63
L -1446.123, -2821.772, -8.0000, -1455.123, -2817.772, -7.0000, 205, 133, 63
L -1455.123, -2817.772, -7.0000, -1468.123, -2811.772, -7.0000, 205, 133, 63
L -1468.123, -2811.772, -7.0000, -1477.123, -2810.772, -7.0000, 205, 133, 63
L -1477.123, -2810.772, -7.0000, -1525.123, -2821.772, -7.0000, 205, 133, 63
L -1525.123, -2821.772, -7.0000, -1527.123, -2821.772, -7.0000, 205, 133, 63
L -1527.123, -2821.772, -7.0000, -1534.123, -2821.772, -7.0000, 205, 133, 63
L -1534.123, -2821.772, -7.0000, -1546.123, -2819.772, -8.0000, 205, 133, 63
L -1546.123, -2819.772, -8.0000, -1568.123, -2815.772, -8.0000, 205, 133, 63
L -1568.123, -2815.772, -8.0000, -1580.123, -2815.772, -9.0000, 205, 133, 63
L -1580.123, -2815.772, -9.0000, -1590.123, -2818.772, -9.0000, 205, 133, 63
L -1590.123, -2818.772, -9.0000, -1609.123, -2823.772, -9.0000, 205, 133, 63
L -1609.123, -2823.772, -9.0000, -1624.123, -2824.772, -9.0000, 205, 133, 63
L -1624.123, -2824.772, -9.0000, -1634.123, -2824.772, -9.0000, 205, 133, 63
L -1634.123, -2824.772, -9.0000, -1644.123, -2823.772, -9.0000, 205, 133, 63
L -1644.123, -2823.772, -9.0000, -1663.123, -2820.772, -9.0000, 205, 133, 63
L -1663.123, -2820.772, -9.0000, -1681.123, -2817.772, -9.0000, 205, 133, 63
L -1681.123, -2817.772, -9.0000, -1692.123, -2818.772, -9.0000, 205, 133, 63
L -1692.123, -2818.772, -9.0000, -1711.123, -2821.772, -9.0000, 205, 133, 63
L -1711.123, -2821.772, -9.0000, -1729.123, -2824.772, -8.0000, 205, 133, 63
L -1729.123, -2824.772, -8.0000, -1748.123, -2822.772, -8.0000, 205, 133, 63
L -1748.123, -2822.772, -8.0000, -1776.123, -2817.772, -8.0000, 205, 133, 63
L -1776.123, -2817.772, -8.0000, -1785.123, -2815.772, -8.0000, 205, 133, 63
L -1785.123, -2815.772, -8.0000, -1802.123, -2813.772, -6.0000, 205, 133, 63
L -1802.123, -2813.772, -6.0000, -1811.123, -2815.772, -7.0000, 205, 133, 63
L -1811.123, -2815.772, -7.0000, -1848.123, -2821.772, -7.0000, 205, 133, 63
L -1848.123, -2821.772, -7.0000, -1854.123, -2821.772, -7.0000, 205, 133, 63
L -1854.123, -2821.772, -7.0000, -1865.123, -2819.772, -7.0000, 205, 133, 63
L -1865.123, -2819.772, -7.0000, -1877.123, -2818.772, -8.0000, 205, 133, 63
L -1877.123, -2818.772, -8.0000, -1886.123, -2819.772, -8.0000, 205, 133, 63
L -1886.123, -2819.772, -8.0000, -1896.123, -2820.772, -8.0000, 205, 133, 63
L -1896.123, -2820.772, -8.0000, -1929.123, -2826.772, -8.0000, 205, 133, 63
L -1929.123, -2826.772, -8.0000, -1944.123, -2823.772, -8.0000, 205, 133, 63
L -1944.123, -2823.772, -8.0000, -1963.123, -2818.772, -8.0000, 205, 133, 63
L -1963.123, -2818.772, -8.0000, -1974.123, -2815.772, -8.0000, 205, 133, 63
L -1974.123, -2815.772, -8.0000, -1986.123, -2816.772, -7.0000, 205, 133, 63
L -1986.123, -2816.772, -7.0000, -2012.123, -2822.772, -8.0000, 205, 133, 63
L -2012.123, -2822.772, -8.0000, -2028.123, -2819.772, -6.0000, 205, 133, 63
L -2028.123, -2819.772, -6.0000, -2079.123, -2819.772, -9.0000, 205, 133, 63
L -2079.123, -2819.772, -9.0000, -2103.123, -2827.772, -9.0000, 205, 133, 63
L -2103.123, -2827.772, -9.0000, -2109.123, -2828.772, -10.0000, 205, 133, 63
L -2109.123, -2828.772, -10.0000, -2123.123, -2824.772, -12.0000, 205, 133, 63
L -2123.123, -2824.772, -12.0000, -2147.123, -2806.772, -16.0000, 205, 133, 63
L -2147.123, -2806.772, -16.0000, -2133.123, -2774.772, -18.0000, 205, 133, 63
L -1965.123, -2786.772, -7.0000, -1950.123, -2787.772, -7.0000, 205, 133, 63
