L 673.3437, 57.3436, 0.6260,  644.6110, 96.7593, 0.6260, 160, 160, 160
L 434.1875, 296.5000, 0.6260,  474.1659, 267.2812, 0.6260, 160, 160, 160
L 396.2807, -1376.9999, 0.6260,  435.3750, -1347.4369, 0.6260, 160, 160, 160
L -268.9003, 97.5313, 0.1000,  -272.1358, 83.6919, 1.9000, 160, 160, 160
L 0.8110, -769.3124, 0.6260,  -0.4339, -769.8062, 0.6260, 160, 160, 160
L -0.3240, -769.3134, 0.6260,  0.8110, -769.3124, 0.6260, 160, 160, 160
L 84.2072, -769.3979, 0.6260,  -0.3240, -769.3134, 0.6260, 160, 160, 160
L 84.3438, -769.8088, 0.6260,  84.2072, -769.3979, 0.6260, 160, 160, 160
L 84.2300, -811.9642, 0.6260,  84.3438, -769.8088, 0.6260, 160, 160, 160
L 83.7051, -812.6240, 0.6260,  84.2300, -811.9642, 0.6260, 160, 160, 160
L 70.3436, -812.6240, 0.6260,  83.7051, -812.6240, 0.6260, 160, 160, 160
L 70.3405, -831.7491, 0.6260,  70.3436, -812.6240, 0.6260, 160, 160, 160
L 69.8911, -832.3120, 0.6260,  70.3405, -831.7491, 0.6260, 160, 160, 160
L 64.1003, -832.3120, 0.6260,  69.8911, -832.3120, 0.6260, 160, 160, 160
L 54.1826, -839.9858, 0.6260,  64.1003, -832.3120, 0.6260, 160, 160, 160
L 42.3436, -840.1899, 0.6261,  54.1826, -839.9858, 0.6260, 160, 160, 160
L 42.2379, -853.9171, 0.6260,  42.3436, -840.1899, 0.6261, 160, 160, 160
L 41.9859, -854.3069, 0.6260,  42.2379, -853.9171, 0.6260, 160, 160, 160
L -0.1333, -854.6700, 0.6260,  41.9859, -854.3069, 0.6260, 160, 160, 160
L -0.1676, -853.9915, 0.6260,  -0.1333, -854.6700, 0.6260, 160, 160, 160
L -0.3750, -769.7324, 0.6260,  -0.1676, -853.9915, 0.6260, 160, 160, 160
L 0.1047, -769.3124, 0.6260,  -0.3750, -769.7324, 0.6260, 160, 160, 160
L 42.3466, -727.7573, 1.6259,  42.3436, -715.3437, 1.6259, 160, 160, 160
L 41.9408, -728.9370, 1.6259,  42.3466, -727.7573, 1.6259, 160, 160, 160
L 39.5938, -728.9360, 1.6259,  41.9408, -728.9370, 1.6259, 160, 160, 160
L 9.9431, -737.3437, 0.6260,  2.3748, -737.3437, 0.6260, 160, 160, 160
L 10.3264, -737.4908, 0.6260,  9.9431, -737.3437, 0.6260, 160, 160, 160
L 24.1198, -747.3125, 0.6260,  10.3264, -737.4908, 0.6260, 160, 160, 160
L 31.7464, -747.3125, 0.6260,  24.1198, -747.3125, 0.6260, 160, 160, 160
L 35.4971, -737.9650, 0.6260,  31.7464, -747.3125, 0.6260, 160, 160, 160
L 28.6452, -735.9053, 0.6260,  35.4971, -737.9650, 0.6260, 160, 160, 160
L 28.7262, -735.3537, 0.6260,  28.6452, -735.9053, 0.6260, 160, 160, 160
L 32.6263, -723.6539, 0.6260,  28.7262, -735.3537, 0.6260, 160, 160, 160
L 33.1387, -723.3701, 0.6260,  32.6263, -723.6539, 0.6260, 160, 160, 160
L 39.5938, -727.7110, 0.6260,  33.1387, -723.3701, 0.6260, 160, 160, 160
L 39.5938, -716.9280, 0.6260,  39.5938, -728.9360, 0.6260, 160, 160, 160
L 2.3750, -716.9370, 0.6260,  39.5938, -716.9280, 0.6260, 160, 160, 160
L 2.3750, -753.3125, 1.6259,  2.3750, -716.9370, 0.6260, 160, 160, 160
L 39.5936, -753.3125, 1.6259,  2.3750, -753.3125, 1.6259, 160, 160, 160
L 39.5938, -737.7748, 1.6259,  39.5936, -753.3125, 1.6259, 160, 160, 160
L 40.1081, -737.3437, 1.6259,  39.5938, -737.7748, 1.6259, 160, 160, 160
L 42.1846, -737.4120, 1.6259,  40.1081, -737.3437, 1.6259, 160, 160, 160
L 42.3438, -737.7889, 1.6259,  42.1846, -737.4120, 1.6259, 160, 160, 160
L 42.3438, -754.5020, 0.6261,  42.3438, -737.7889, 1.6259, 160, 160, 160
L 42.3438, -715.3437, 0.6260,  41.9307, -713.3437, -1.3740, 160, 160, 160
L 61.1263, -715.3730, 0.6260,  42.3436, -715.3437, 0.6260, 160, 160, 160
L 61.3438, -715.7621, 0.6260,  61.1263, -715.3730, 0.6260, 160, 160, 160
L 61.3494, -727.8365, 0.6260,  61.3438, -715.7621, 0.6260, 160, 160, 160
L 60.7308, -728.9370, 0.6260,  61.3494, -727.8365, 0.6260, 160, 160, 160
L 52.9667, -728.9370, 0.6260,  60.7308, -728.9370, 0.6260, 160, 160, 160
L 60.2954, -734.5279, 0.6260,  52.9667, -728.9370, 0.6260, 160, 160, 160
L 60.1632, -735.7549, 0.6260,  60.2954, -734.5279, 0.6260, 160, 160, 160
L 52.4718, -744.6603, 0.6260,  60.1632, -735.7549, 0.6260, 160, 160, 160
L 61.3190, -753.5538, 0.6260,  52.4718, -744.6603, 0.6260, 160, 160, 160
L 61.1745, -754.3500, 0.6260,  61.3190, -753.5538, 0.6260, 160, 160, 160
L 42.3438, -754.6240, 0.6260,  61.1745, -754.3500, 0.6260, 160, 160, 160
L 42.3438, -755.4965, 0.6260,  42.3438, -754.6240, 0.6260, 160, 160, 160
L 42.3670, -756.5620, 0.6260,  42.3438, -755.4965, 0.6260, 160, 160, 160
L 0.1049, -756.6250, 0.6260,  42.3670, -756.5620, 0.6260, 160, 160, 160
L -0.3750, -755.6144, 0.6260,  0.1049, -756.6250, 0.6260, 160, 160, 160
L -0.3750, -713.3437, 0.6260,  -0.3750, -755.6144, 0.6260, 160, 160, 160
L 55.5938, -699.9698, -1.3740,  55.7858, -699.3913, -1.3740, 160, 160, 160
L -0.3750, -713.3437, -1.3740,  55.5936, -713.3437, -1.3740, 160, 160, 160
L -84.3763, -643.7849, 0.6260,  -84.3436, -675.8356, 0.6260, 160, 160, 160
L -83.9419, -643.3750, 0.6260,  -84.3763, -643.7849, 0.6260, 160, 160, 160
L -69.5938, -643.3750, 0.6260,  -83.9419, -643.3750, 0.6260, 160, 160, 160
L -69.5938, -643.3750, 0.6260,  -69.5936, -668.2858, -13.3740, 160, 160, 160
L -42.3436, -648.1250, -1.3740,  -69.5938, -648.1235, -1.3740, 160, 160, 160
L -42.3436, -650.1250, -3.3740,  -69.5938, -650.1250, -3.3740, 160, 160, 160
L -69.5938, -652.1250, -5.3739,  -42.3436, -652.1250, -5.3739, 160, 160, 160
L -42.3436, -654.1250, -7.3739,  -69.5938, -654.1250, -7.3739, 160, 160, 160
L -69.5938, -658.1250, -11.3740,  -42.3436, -658.1250, -11.3740, 160, 160, 160
L -42.3436, -656.1250, -9.3740,  -69.5938, -656.1250, -9.3740, 160, 160, 160
L -42.3436, -658.1250, -11.3740,  -42.3436, -656.1250, -9.3740, 160, 160, 160
L -77.8134, -683.3437, -9.3740,  -71.8755, -683.3555, -9.4048, 160, 160, 160
L -79.5938, -681.5634, -9.3740,  -77.8134, -683.3437, -9.3740, 160, 160, 160
L -79.5938, -667.8727, -9.3740,  -79.5938, -681.5634, -9.3740, 160, 160, 160
L -77.8134, -666.9370, -9.3740,  -79.5938, -667.8727, -9.3740, 160, 160, 160
L -71.9663, -666.9370, -9.3740,  -77.8134, -666.9370, -9.3740, 160, 160, 160
L -69.5938, -660.1249, -13.3740,  -69.5936, -669.5309, -13.3740, 160, 160, 160
L -71.5936, -685.3437, -11.3740,  -66.1603, -685.3437, -13.3740, 160, 160, 160
L -71.5938, -664.1249, -11.3740,  -71.5936, -685.3437, -11.3740, 160, 160, 160
L -69.5936, -664.1249, -11.3740,  -71.5938, -664.1249, -11.3740, 160, 160, 160
L -40.3438, -675.4670, -11.3740,  -40.3438, -664.1249, -11.3740, 160, 160, 160
L -34.1552, -666.9370, -9.3740,  -40.3436, -666.8560, -9.3932, 160, 160, 160
L -32.3750, -667.8740, -9.3740,  -34.1552, -666.9370, -9.3740, 160, 160, 160
L -32.3748, -681.5634, -9.3740,  -32.3750, -667.8740, -9.3740, 160, 160, 160
L -34.1550, -683.3437, -9.3740,  -32.3748, -681.5634, -9.3740, 160, 160, 160
L -40.3438, -683.7396, -11.3740,  -34.1550, -683.3437, -9.3740, 160, 160, 160
L -41.9861, -664.1245, -11.3750,  -40.3438, -664.1249, -11.3740, 160, 160, 160
L -42.3436, -663.5759, -13.3740,  -42.3436, -660.1249, -13.3740, 160, 160, 160
L -42.1780, -664.1218, -11.3818,  -42.3436, -663.5759, -13.3740, 160, 160, 160
L -40.3436, -685.3437, -11.3740,  -45.5578, -685.3437, -13.3740, 160, 160, 160
L -40.3436, -666.8560, -11.3740,  -40.3436, -685.3437, -11.3740, 160, 160, 160
L -69.5938, -660.1249, -13.3740,  -42.3436, -660.1249, -13.3740, 160, 160, 160
L -69.5936, -685.3437, -13.3740,  -69.5936, -664.1249, -13.3740, 160, 160, 160
L -65.8358, -685.3465, -13.3740,  -69.5936, -685.3437, -13.3740, 160, 160, 160
L -65.5938, -685.8160, -13.3740,  -65.8358, -685.3465, -13.3740, 160, 160, 160
L -65.5938, -687.5865, -13.3740,  -65.5938, -685.8160, -13.3740, 160, 160, 160
L -66.2430, -688.9370, -13.3740,  -65.5938, -687.5865, -13.3740, 160, 160, 160
L -69.5938, -688.9370, -13.3740,  -66.2430, -688.9370, -13.3740, 160, 160, 160
L -69.5938, -702.3437, -13.3740,  -69.5938, -688.9370, -13.3740, 160, 160, 160
L -57.3436, -702.3437, -13.3740,  -69.5938, -702.3437, -13.3740, 160, 160, 160
L -57.4151, -701.6271, -13.3740,  -57.3436, -702.3437, -13.3740, 160, 160, 160
L -56.8973, -701.3437, -13.3740,  -57.4151, -701.6271, -13.3740, 160, 160, 160
L -55.7100, -701.3180, -13.3740,  -56.8973, -701.3437, -13.3740, 160, 160, 160
L -54.6026, -701.6368, -13.3740,  -55.7100, -701.3180, -13.3740, 160, 160, 160
L -54.5936, -702.3437, -13.3740,  -54.6026, -701.6368, -13.3740, 160, 160, 160
L -42.3436, -702.3437, -13.3740,  -54.5936, -702.3437, -13.3740, 160, 160, 160
L -42.3419, -701.6825, -13.3740,  -42.3436, -702.3437, -13.3740, 160, 160, 160
L -41.7610, -701.3437, -13.3740,  -42.3419, -701.6825, -13.3740, 160, 160, 160
L -39.2038, -701.3437, -13.3740,  -41.7610, -701.3437, -13.3740, 160, 160, 160
L -38.6250, -701.8011, -13.3740,  -39.2038, -701.3437, -13.3740, 160, 160, 160
L -38.6250, -704.6790, -13.3740,  -38.6250, -701.8011, -13.3740, 160, 160, 160
L -39.2660, -705.9370, -13.3740,  -38.6250, -704.6790, -13.3740, 160, 160, 160
L -69.5938, -705.9370, -13.3740,  -39.2660, -705.9370, -13.3740, 160, 160, 160
L -69.5936, -712.3437, -13.3740,  -69.5938, -705.9370, -13.3740, 160, 160, 160
L -30.3749, -712.3437, -13.3740,  -69.5936, -712.3437, -13.3740, 160, 160, 160
L -30.3750, -688.9370, -13.3740,  -30.3749, -712.3437, -13.3740, 160, 160, 160
L -45.9159, -688.9370, -13.3740,  -30.3750, -688.9370, -13.3740, 160, 160, 160
L -46.3333, -687.8064, -13.3740,  -45.9159, -688.9370, -13.3740, 160, 160, 160
L -46.3402, -685.6678, -13.3740,  -46.3333, -687.8064, -13.3740, 160, 160, 160
L -45.9615, -685.3437, -13.3740,  -46.3402, -685.6678, -13.3740, 160, 160, 160
L -42.3436, -685.3437, -13.3740,  -45.9615, -685.3437, -13.3740, 160, 160, 160
L -42.3436, -663.5760, -13.3740,  -42.3436, -685.3437, -13.3740, 160, 160, 160
L -42.3436, -643.8950, 0.6260,  -42.3436, -663.5760, -13.3740, 160, 160, 160
L -41.7299, -643.3750, 0.6260,  -42.3436, -643.8950, 0.6260, 160, 160, 160
L -28.1260, -643.3582, 0.6260,  -41.7299, -643.3750, 0.6260, 160, 160, 160
L -27.6250, -643.7960, 0.6260,  -28.1260, -643.3582, 0.6260, 160, 160, 160
L -27.6208, -713.7780, 0.6260,  -27.6250, -643.7960, 0.6260, 160, 160, 160
L -28.2552, -714.9370, 0.6260,  -27.6208, -713.7780, 0.6260, 160, 160, 160
L -83.8542, -714.9370, 0.6260,  -28.2552, -714.9370, 0.6260, 160, 160, 160
L -84.3436, -713.6498, 0.6260,  -83.8542, -714.9370, 0.6260, 160, 160, 160
L -84.3436, -671.2782, 0.6260,  -84.3436, -713.6498, 0.6260, 160, 160, 160
L -130.1450, -655.4375, 2.6259,  -127.9056, -655.3763, 2.6227, 160, 160, 160
L -130.3125, -655.9589, 2.6259,  -130.1450, -655.4375, 2.6259, 160, 160, 160
L -130.3120, -669.3437, 2.6259,  -130.3125, -655.9589, 2.6259, 160, 160, 160
L -165.5625, -669.3437, 2.6259,  -130.3120, -669.3437, 2.6259, 160, 160, 160
L -165.5625, -632.1238, 2.6259,  -165.5625, -669.3437, 2.6259, 160, 160, 160
L -130.3125, -632.1249, 2.6259,  -165.5625, -632.1238, 2.6259, 160, 160, 160
L -130.3100, -645.7930, 2.6259,  -130.3125, -632.1249, 2.6259, 160, 160, 160
L -129.8345, -646.1250, 2.6259,  -130.3100, -645.7930, 2.6259, 160, 160, 160
L -127.5747, -645.9084, 1.6259,  -129.8345, -646.1250, 2.6259, 160, 160, 160
L -127.5625, -657.3750, 1.6259,  -125.9578, -657.3750, 1.6259, 160, 160, 160
L -127.5625, -644.1249, 1.6259,  -127.5625, -657.3750, 1.6259, 160, 160, 160
L -125.5625, -643.7378, 0.6260,  -127.5625, -644.1249, 1.6259, 160, 160, 160
L -126.9790, -629.3750, 0.6260,  -133.6179, -629.3750, 0.6260, 160, 160, 160
L -125.5625, -629.8791, 0.6260,  -126.9790, -629.3750, 0.6260, 160, 160, 160
L -125.5625, -671.5607, 0.6260,  -125.5625, -629.8791, 0.6260, 160, 160, 160
L -126.2759, -672.9370, 0.6260,  -125.5625, -671.5607, 0.6260, 160, 160, 160
L -167.6767, -672.9370, 0.6260,  -126.2759, -672.9370, 0.6260, 160, 160, 160
L -168.3125, -671.5067, 0.6260,  -167.6767, -672.9370, 0.6260, 160, 160, 160
L -168.1836, -629.4670, 0.6260,  -168.3125, -671.5067, 0.6260, 160, 160, 160
L -167.8766, -629.3750, 0.6260,  -168.1836, -629.4670, 0.6260, 160, 160, 160
L -127.8075, -629.3750, 0.6260,  -167.8766, -629.3750, 0.6260, 160, 160, 160
L -129.9430, -599.3750, 2.6259,  -127.8560, -599.3839, 2.6031, 160, 160, 160
L -130.3125, -599.8329, 2.6259,  -129.9430, -599.3750, 2.6259, 160, 160, 160
L -130.3125, -613.3750, 2.6259,  -130.3125, -599.8329, 2.6259, 160, 160, 160
L -165.5625, -613.3750, 2.6259,  -130.3125, -613.3750, 2.6259, 160, 160, 160
L -165.5625, -576.1562, 2.6259,  -165.5625, -613.3750, 2.6259, 160, 160, 160
L -130.3125, -576.1562, 2.6259,  -165.5625, -576.1562, 2.6259, 160, 160, 160
L -130.3125, -589.6724, 2.6259,  -130.3125, -576.1562, 2.6259, 160, 160, 160
L -129.7793, -590.1250, 2.6259,  -130.3125, -589.6724, 2.6259, 160, 160, 160
L -127.5625, -589.6536, 1.6259,  -129.7793, -590.1250, 2.6259, 160, 160, 160
L -127.5626, -601.3750, 1.6259,  -125.9070, -601.3760, 1.6230, 160, 160, 160
L -127.5625, -588.1237, 1.6259,  -127.5626, -601.3750, 1.6259, 160, 160, 160
L -125.5625, -587.7527, 0.6260,  -127.5625, -588.1237, 1.6259, 160, 160, 160
L -126.1524, -573.4062, 0.6260,  -132.5319, -573.4062, 0.6260, 160, 160, 160
L -125.5625, -574.6470, 0.6260,  -126.1524, -573.4062, 0.6260, 160, 160, 160
L -125.5983, -615.9101, 0.6260,  -125.5625, -574.6470, 0.6260, 160, 160, 160
L -126.1526, -616.1249, 0.6260,  -125.5983, -615.9101, 0.6260, 160, 160, 160
L -167.8752, -616.1249, 0.6260,  -126.1526, -616.1249, 0.6260, 160, 160, 160
L -168.3125, -615.6227, 0.6260,  -167.8752, -616.1249, 0.6260, 160, 160, 160
L -168.3125, -573.8342, 0.6260,  -168.3125, -615.6227, 0.6260, 160, 160, 160
L -167.9378, -573.4061, 0.6260,  -168.3125, -573.8342, 0.6260, 160, 160, 160
L -128.8502, -573.4062, 0.6260,  -167.9378, -573.4061, 0.6260, 160, 160, 160
L -129.9372, -543.4062, 2.6259,  -127.9360, -543.4062, 2.6259, 160, 160, 160
L -130.3125, -543.8517, 2.6259,  -129.9372, -543.4062, 2.6259, 160, 160, 160
L -130.3121, -557.4062, 2.6259,  -130.3125, -543.8517, 2.6259, 160, 160, 160
L -165.5625, -557.4062, 2.6259,  -130.3121, -557.4062, 2.6259, 160, 160, 160
L -165.5625, -520.1562, 2.6259,  -165.5625, -557.4062, 2.6259, 160, 160, 160
L -130.3125, -520.1561, 2.6259,  -165.5625, -520.1562, 2.6259, 160, 160, 160
L -130.3105, -533.8192, 2.6259,  -130.3125, -520.1561, 2.6259, 160, 160, 160
L -129.8592, -534.1562, 2.6259,  -130.3105, -533.8192, 2.6259, 160, 160, 160
L -127.5625, -533.8391, 1.6259,  -129.8592, -534.1562, 2.6259, 160, 160, 160
L -127.5625, -545.4062, 1.6259,  -125.5625, -545.7436, 0.6260, 160, 160, 160
L -127.5625, -532.1562, 1.6259,  -127.5625, -545.4062, 1.6259, 160, 160, 160
L -125.5747, -531.8826, 0.6260,  -127.5625, -532.1562, 1.6259, 160, 160, 160
L -126.2034, -517.4062, 0.6260,  -141.2697, -517.4062, 0.6260, 160, 160, 160
L -125.5625, -517.9134, 0.6260,  -126.2034, -517.4062, 0.6260, 160, 160, 160
L -125.5625, -559.5099, 0.6260,  -125.5625, -517.9134, 0.6260, 160, 160, 160
L -126.4287, -560.1562, 0.6260,  -125.5625, -559.5099, 0.6260, 160, 160, 160
L -167.9381, -560.1562, 0.6260,  -126.4287, -560.1562, 0.6260, 160, 160, 160
L -168.3125, -559.5997, 0.6260,  -167.9381, -560.1562, 0.6260, 160, 160, 160
L -168.3125, -517.8301, 0.6260,  -168.3125, -559.5997, 0.6260, 160, 160, 160
L -167.7520, -517.4062, 0.6260,  -168.3125, -517.8301, 0.6260, 160, 160, 160
L -136.8143, -517.4062, 0.6260,  -167.7520, -517.4062, 0.6260, 160, 160, 160
L 86.3436, -1007.6823, -27.3739,  86.3436, -1021.5051, -27.3739, 160, 160, 160
L 90.2481, -999.8730, -27.3739,  86.3436, -1007.6823, -27.3739, 160, 160, 160
L 98.5720, -995.9687, -27.3739,  90.2481, -999.8730, -27.3739, 160, 160, 160
L 111.8799, -995.9687, -27.3739,  98.5720, -995.9687, -27.3739, 160, 160, 160
L 119.6577, -999.8727, -27.3739,  111.8799, -995.9687, -27.3739, 160, 160, 160
L 123.5625, -1007.6821, -27.3739,  119.6577, -999.8727, -27.3739, 160, 160, 160
L 123.5625, -1021.5051, -27.3739,  123.5625, -1007.6821, -27.3739, 160, 160, 160
L 119.6577, -1029.3145, -27.3739,  123.5625, -1021.5051, -27.3739, 160, 160, 160
L 111.9641, -1033.1764, -27.3739,  119.6577, -1029.3145, -27.3739, 160, 160, 160
L 111.5938, -1033.6399, -27.3739,  111.9641, -1033.1764, -27.3739, 160, 160, 160
L 111.5936, -1035.2188, -27.3739,  111.5938, -1033.6399, -27.3739, 160, 160, 160
L 110.1930, -1035.2188, -27.3739,  111.5936, -1035.2188, -27.3739, 160, 160, 160
L 109.5938, -1035.7710, -27.3739,  110.1930, -1035.2188, -27.3739, 160, 160, 160
L 109.5938, -1037.4424, -27.3739,  109.5938, -1035.7710, -27.3739, 160, 160, 160
L 109.9632, -1037.9673, -27.3739,  109.5938, -1037.4424, -27.3739, 160, 160, 160
L 111.5938, -1037.9661, -27.3739,  109.9632, -1037.9673, -27.3739, 160, 160, 160
L 111.5938, -1063.5254, -27.3739,  111.5938, -1037.9661, -27.3739, 160, 160, 160
L 112.8700, -1063.9374, -27.3739,  111.5938, -1063.5254, -27.3739, 160, 160, 160
L 123.5625, -1063.9341, -27.3739,  112.8700, -1063.9374, -27.3739, 160, 160, 160
L 123.5625, -1065.4563, -27.3739,  123.5625, -1063.9341, -27.3739, 160, 160, 160
L 124.4730, -1065.9374, -27.3739,  123.5625, -1065.4563, -27.3739, 160, 160, 160
L 125.8175, -1065.9374, -27.3739,  124.4730, -1065.9374, -27.3739, 160, 160, 160
L 126.3114, -1065.5912, -27.3739,  125.8175, -1065.9374, -27.3739, 160, 160, 160
L 126.3125, -1063.9374, -27.3739,  126.3114, -1065.5912, -27.3739, 160, 160, 160
L 139.8196, -1063.9374, -27.3739,  126.3125, -1063.9374, -27.3739, 160, 160, 160
L 140.3125, -1063.4828, -27.3739,  139.8196, -1063.9374, -27.3739, 160, 160, 160
L 140.3125, -1049.9684, -27.3739,  140.3125, -1063.4828, -27.3739, 160, 160, 160
L 181.5625, -1049.9684, -27.3739,  140.3125, -1049.9684, -27.3739, 160, 160, 160
L 181.5625, -1079.9225, -28.3739,  181.5625, -1049.9684, -27.3739, 160, 160, 160
L 162.3125, -1078.4247, -28.3739,  162.3120, -1091.1875, -28.3739, 160, 160, 160
L 170.5000, -1079.9375, -28.3739,  162.3125, -1078.4247, -28.3739, 160, 160, 160
L 181.5625, -1079.9363, -28.3737,  170.5000, -1079.9375, -28.3739, 160, 160, 160
L 181.5625, -1085.4894, -28.3739,  181.5625, -1079.9363, -28.3737, 160, 160, 160
L 181.9710, -1085.9374, -28.3739,  181.5625, -1085.4894, -28.3739, 160, 160, 160
L 184.2026, -1085.8274, -28.3739,  181.9710, -1085.9374, -28.3739, 160, 160, 160
L 184.3125, -1085.4164, -28.3739,  184.2026, -1085.8274, -28.3739, 160, 160, 160
L 184.3125, -1069.7942, -28.3739,  184.3125, -1085.4164, -28.3739, 160, 160, 160
L 188.2620, -1067.9374, -28.3739,  184.3125, -1069.7942, -28.3739, 160, 160, 160
L 197.6743, -1067.9374, -28.3739,  188.2620, -1067.9374, -28.3739, 160, 160, 160
L 207.5497, -1087.6875, -28.3739,  197.6743, -1067.9374, -28.3739, 160, 160, 160
L 207.9656, -1087.9325, -28.3739,  207.5497, -1087.6875, -28.3739, 160, 160, 160
L 213.9304, -1085.9495, -28.3739,  207.9656, -1087.9325, -28.3739, 160, 160, 160
L 223.6528, -1087.8938, -28.3739,  213.9304, -1085.9495, -28.3739, 160, 160, 160
L 225.5312, -1091.6509, -28.3739,  223.6528, -1087.8938, -28.3739, 160, 160, 160
L 225.5312, -1101.3306, -28.3739,  225.5312, -1091.6509, -28.3739, 160, 160, 160
L 217.7925, -1105.2000, -28.3739,  225.5312, -1101.3306, -28.3739, 160, 160, 160
L 217.5751, -1105.7383, -28.3739,  217.7925, -1105.2000, -28.3739, 160, 160, 160
L 221.5312, -1111.6747, -28.3739,  217.5751, -1105.7383, -28.3739, 160, 160, 160
L 221.5312, -1127.3306, -28.3739,  221.5312, -1111.6747, -28.3739, 160, 160, 160
L 213.8177, -1131.1875, -28.3739,  221.5312, -1127.3306, -28.3739, 160, 160, 160
L 202.7200, -1131.1875, -28.3739,  213.8177, -1131.1875, -28.3739, 160, 160, 160
L 201.4859, -1131.6360, -28.3739,  202.7200, -1131.1875, -28.3739, 160, 160, 160
L 199.6030, -1137.2555, -28.3739,  201.4859, -1131.6360, -28.3739, 160, 160, 160
L 181.9098, -1145.1327, -28.3739,  199.6030, -1137.2555, -28.3739, 160, 160, 160
L 178.3266, -1145.8710, -28.3739,  181.9098, -1145.1327, -28.3739, 160, 160, 160
L 164.7155, -1146.6178, -28.3739,  178.3266, -1145.8710, -28.3739, 160, 160, 160
L 162.2033, -1145.2245, -28.3739,  164.7155, -1146.6178, -28.3739, 160, 160, 160
L 158.3303, -1137.4784, -28.3739,  162.2033, -1145.2245, -28.3739, 160, 160, 160
L 160.2875, -1127.7239, -28.3739,  158.3303, -1137.4784, -28.3739, 160, 160, 160
L 159.9704, -1127.1448, -28.3739,  160.2875, -1127.7239, -28.3739, 160, 160, 160
L 150.2632, -1121.3196, -28.3739,  159.9704, -1127.1448, -28.3739, 160, 160, 160
L 146.3277, -1105.5773, -28.3739,  150.2632, -1121.3196, -28.3739, 160, 160, 160
L 150.2076, -1093.9374, -28.3739,  146.3277, -1105.5773, -28.3739, 160, 160, 160
L 173.9133, -1093.9374, -28.3739,  150.2076, -1093.9374, -28.3739, 160, 160, 160
L 175.5625, -1096.6653, -28.3739,  173.9133, -1093.9374, -28.3739, 160, 160, 160
L 175.5625, -1100.4612, -28.3739,  175.5625, -1096.6653, -28.3739, 160, 160, 160
L 176.1391, -1100.9375, -28.3739,  175.5625, -1100.4612, -28.3739, 160, 160, 160
L 178.9424, -1100.9374, -28.3739,  176.1391, -1100.9375, -28.3739, 160, 160, 160
L 179.2021, -1100.8279, -28.3739,  178.9424, -1100.9374, -28.3739, 160, 160, 160
L 182.9280, -1097.9374, -28.3739,  179.2021, -1100.8279, -28.3739, 160, 160, 160
L 185.8805, -1097.9374, -28.3739,  182.9280, -1097.9374, -28.3739, 160, 160, 160
L 186.3125, -1097.5304, -28.3739,  185.8805, -1097.9374, -28.3739, 160, 160, 160
L 186.3125, -1088.6620, -28.3739,  186.3125, -1097.5304, -28.3739, 160, 160, 160
L 186.4480, -1088.2013, -28.3739,  186.3125, -1088.6620, -28.3739, 160, 160, 160
L 181.6120, -1086.2083, -28.3739,  186.4480, -1088.2013, -28.3739, 160, 160, 160
L 171.7698, -1086.2190, -28.3739,  181.6120, -1086.2083, -28.3739, 160, 160, 160
L 171.5771, -1086.6724, -28.3739,  171.7698, -1086.2190, -28.3739, 160, 160, 160
L 172.4804, -1091.1874, -28.3739,  171.5771, -1086.6724, -28.3739, 160, 160, 160
L 140.3125, -1091.1874, -27.3739,  172.4804, -1091.1874, -28.3739, 160, 160, 160
L 140.3125, -1077.6393, -27.3739,  140.3125, -1091.1874, -27.3739, 160, 160, 160
L 139.8240, -1077.1875, -27.3739,  140.3125, -1077.6393, -27.3739, 160, 160, 160
L 126.3125, -1077.1875, -27.3739,  139.8240, -1077.1875, -27.3739, 160, 160, 160
L 126.3125, -1075.5785, -27.3739,  126.3125, -1077.1875, -27.3739, 160, 160, 160
L 126.1380, -1075.1952, -27.3739,  126.3125, -1075.5785, -27.3739, 160, 160, 160
L 123.9470, -1075.1875, -27.3739,  126.1380, -1075.1952, -27.3739, 160, 160, 160
L 123.5625, -1075.6143, -27.3739,  123.9470, -1075.1875, -27.3739, 160, 160, 160
L 123.5625, -1077.1874, -27.3739,  123.5625, -1075.6143, -27.3739, 160, 160, 160
L 112.3910, -1077.1875, -27.3739,  123.5625, -1077.1874, -27.3739, 160, 160, 160
L 111.5938, -1077.6486, -27.3739,  112.3910, -1077.1875, -27.3739, 160, 160, 160
L 111.5936, -1089.1875, -27.3739,  111.5938, -1077.6486, -27.3739, 160, 160, 160
L 109.7753, -1089.2411, -27.3739,  111.5936, -1089.1875, -27.3739, 160, 160, 160
L 109.5938, -1089.6393, -27.3739,  109.7753, -1089.2411, -27.3739, 160, 160, 160
L 109.5938, -1091.5330, -27.3739,  109.5938, -1089.6393, -27.3739, 160, 160, 160
L 109.9592, -1091.9341, -27.3739,  109.5938, -1091.5330, -27.3739, 160, 160, 160
L 111.5938, -1091.9340, -27.3739,  109.9592, -1091.9341, -27.3739, 160, 160, 160
L 111.5938, -1105.4480, -27.3739,  111.5938, -1091.9340, -27.3739, 160, 160, 160
L 112.3270, -1105.9374, -27.3739,  111.5938, -1105.4480, -27.3739, 160, 160, 160
L 125.3028, -1106.2262, -27.9364,  112.3270, -1105.9374, -27.3739, 160, 160, 160
L 125.5625, -1147.1563, -27.3739,  125.3028, -1106.2262, -27.9364, 160, 160, 160
L 84.4619, -1147.1792, -27.9364,  125.5625, -1147.1563, -27.3739, 160, 160, 160
L 84.5855, -1105.9374, -27.3739,  84.4619, -1147.1792, -27.9364, 160, 160, 160
L 97.8811, -1105.9374, -27.3739,  84.5855, -1105.9374, -27.3739, 160, 160, 160
L 98.3436, -1105.2959, -27.3739,  97.8811, -1105.9374, -27.3739, 160, 160, 160
L 98.3436, -1091.9374, -27.3739,  98.3436, -1105.2959, -27.3739, 160, 160, 160
L 99.8937, -1091.9374, -27.3739,  98.3436, -1091.9374, -27.3739, 160, 160, 160
L 100.3436, -1091.3451, -27.3739,  99.8937, -1091.9374, -27.3739, 160, 160, 160
L 100.3436, -1089.6702, -27.3739,  100.3436, -1091.3451, -27.3739, 160, 160, 160
L 99.9992, -1089.1885, -27.3739,  100.3436, -1089.6702, -27.3739, 160, 160, 160
L 98.3436, -1089.1875, -27.3739,  99.9992, -1089.1885, -27.3739, 160, 160, 160
L 98.3549, -1077.6321, -27.3739,  98.3436, -1089.1875, -27.3739, 160, 160, 160
L 97.8958, -1077.1875, -27.3739,  98.3549, -1077.6321, -27.3739, 160, 160, 160
L 86.3436, -1077.1875, -27.3739,  97.8958, -1077.1875, -27.3739, 160, 160, 160
L 86.3436, -1075.5862, -27.3739,  86.3436, -1077.1875, -27.3739, 160, 160, 160
L 85.8686, -1075.1875, -27.3739,  86.3436, -1075.5862, -27.3739, 160, 160, 160
L 83.9714, -1075.1875, -27.3739,  85.8686, -1075.1875, -27.3739, 160, 160, 160
L 83.5938, -1075.5597, -27.3739,  83.9714, -1075.1875, -27.3739, 160, 160, 160
L 83.5938, -1077.1874, -27.3739,  83.5938, -1075.5597, -27.3739, 160, 160, 160
L 70.9720, -1077.1875, -27.3739,  83.5938, -1077.1874, -27.3739, 160, 160, 160
L 69.5938, -1077.6315, -27.3739,  70.9720, -1077.1875, -27.3739, 160, 160, 160
L 69.5936, -1091.1875, -27.3739,  69.5938, -1077.6315, -27.3739, 160, 160, 160
L 28.3750, -1091.1875, -27.3739,  69.5936, -1091.1875, -27.3739, 160, 160, 160
L 28.3993, -1050.1437, -27.9364,  28.3750, -1091.1875, -27.3739, 160, 160, 160
L 69.5938, -1049.9667, -27.3739,  28.3993, -1050.1437, -27.9364, 160, 160, 160
L 69.5938, -1063.4827, -27.3739,  69.5938, -1049.9667, -27.3739, 160, 160, 160
L 69.9658, -1063.9374, -27.3739,  69.5938, -1063.4827, -27.3739, 160, 160, 160
L 83.5938, -1063.9346, -27.3739,  69.9658, -1063.9374, -27.3739, 160, 160, 160
L 83.5938, -1065.4469, -27.3739,  83.5938, -1063.9346, -27.3739, 160, 160, 160
L 83.9979, -1065.9374, -27.3739,  83.5938, -1065.4469, -27.3739, 160, 160, 160
L 85.8506, -1065.9374, -27.3739,  83.9979, -1065.9374, -27.3739, 160, 160, 160
L 86.3436, -1065.4662, -27.3739,  85.8506, -1065.9374, -27.3739, 160, 160, 160
L 86.3436, -1063.9374, -27.3739,  86.3436, -1065.4662, -27.3739, 160, 160, 160
L 97.9140, -1063.9374, -27.3739,  86.3436, -1063.9374, -27.3739, 160, 160, 160
L 98.3436, -1063.4518, -27.3739,  97.9140, -1063.9374, -27.3739, 160, 160, 160
L 98.3436, -1037.9684, -27.3739,  98.3436, -1063.4518, -27.3739, 160, 160, 160
L 99.9125, -1037.9684, -27.3739,  98.3436, -1037.9684, -27.3739, 160, 160, 160
L 100.3436, -1037.5374, -27.3739,  99.9125, -1037.9684, -27.3739, 160, 160, 160
L 100.3434, -1035.5768, -27.3739,  100.3436, -1037.5374, -27.3739, 160, 160, 160
L 99.8810, -1035.2188, -27.3739,  100.3434, -1035.5768, -27.3739, 160, 160, 160
L 98.3436, -1035.2184, -27.3739,  99.8810, -1035.2188, -27.3739, 160, 160, 160
L 98.3436, -1033.6449, -27.3739,  98.3436, -1035.2184, -27.3739, 160, 160, 160
L 98.6360, -1033.2217, -27.3739,  98.3436, -1033.6449, -27.3739, 160, 160, 160
L 90.2483, -1029.3141, -27.3739,  98.6360, -1033.2217, -27.3739, 160, 160, 160
L 86.3436, -1021.5051, -27.3739,  90.2483, -1029.3141, -27.3739, 160, 160, 160
L 123.5625, -1021.5051, -13.3740,  123.5625, -1007.6823, -13.3740, 160, 160, 160
L 119.6577, -1029.3145, -13.3740,  123.5625, -1021.5051, -13.3740, 160, 160, 160
L 111.8799, -1033.2188, -13.3740,  119.6577, -1029.3145, -13.3740, 160, 160, 160
L 98.5710, -1033.2188, -13.3740,  111.8799, -1033.2188, -13.3740, 160, 160, 160
L 90.2463, -1029.3102, -13.3740,  98.5710, -1033.2188, -13.3740, 160, 160, 160
L 86.3436, -1021.5051, -13.3740,  90.2463, -1029.3102, -13.3740, 160, 160, 160
L 97.9903, -1021.5181, -13.3740,  86.3436, -1021.5051, -13.3740, 160, 160, 160
L 97.9393, -1007.5923, -13.3740,  97.9903, -1021.5181, -13.3740, 160, 160, 160
L 86.3436, -1007.6821, -13.3740,  97.9393, -1007.5923, -13.3740, 160, 160, 160
L 90.2483, -999.8730, -13.3740,  86.3436, -1007.6821, -13.3740, 160, 160, 160
L 98.5740, -995.9687, -13.3740,  90.2483, -999.8730, -13.3740, 160, 160, 160
L 111.8799, -995.9687, -13.3740,  98.5740, -995.9687, -13.3740, 160, 160, 160
L 119.6578, -999.8727, -13.3740,  111.8799, -995.9687, -13.3740, 160, 160, 160
L 123.5625, -1007.6814, -13.3740,  119.6578, -999.8727, -13.3740, 160, 160, 160
L 86.3436, -1007.6821, 0.6260,  86.3436, -1021.5051, 0.6260, 160, 160, 160
L 90.2481, -999.8730, 0.6260,  86.3436, -1007.6821, 0.6260, 160, 160, 160
L 98.5740, -995.9687, 0.6260,  90.2481, -999.8730, 0.6260, 160, 160, 160
L 111.8799, -995.9687, 0.6260,  98.5740, -995.9687, 0.6260, 160, 160, 160
L 119.6578, -999.8727, 0.6260,  111.8799, -995.9687, 0.6260, 160, 160, 160
L 123.5625, -1007.6812, 0.6260,  119.6578, -999.8727, 0.6260, 160, 160, 160
L 112.5010, -1007.6530, 0.6260,  123.5625, -1007.6812, 0.6260, 160, 160, 160
L 112.9950, -1021.6177, 0.6260,  112.5010, -1007.6530, 0.6260, 160, 160, 160
L 123.5625, -1021.5049, 0.6260,  112.9950, -1021.6177, 0.6260, 160, 160, 160
L 119.6577, -1029.3145, 0.6260,  123.5625, -1021.5049, 0.6260, 160, 160, 160
L 111.8799, -1033.2184, 0.6260,  119.6577, -1029.3145, 0.6260, 160, 160, 160
L 98.5720, -1033.2188, 0.6260,  111.8799, -1033.2184, 0.6260, 160, 160, 160
L 90.2479, -1029.3141, 0.6260,  98.5720, -1033.2188, 0.6260, 160, 160, 160
L 86.3436, -1021.5051, 0.6260,  90.2479, -1029.3141, 0.6260, 160, 160, 160
L 119.6577, -1029.3145, 14.6259,  123.5625, -1021.5051, 14.6259, 160, 160, 160
L 111.8799, -1033.2188, 14.6259,  119.6577, -1029.3145, 14.6259, 160, 160, 160
L 98.5710, -1033.2188, 14.6259,  111.8799, -1033.2188, 14.6259, 160, 160, 160
L 90.2483, -1029.3141, 14.6259,  98.5710, -1033.2188, 14.6259, 160, 160, 160
L 86.3436, -1021.5051, 14.6259,  90.2483, -1029.3141, 14.6259, 160, 160, 160
L 97.9146, -1021.7267, 14.6259,  86.3436, -1021.5051, 14.6259, 160, 160, 160
L 97.9702, -1007.6930, 14.6259,  97.9146, -1021.7267, 14.6259, 160, 160, 160
L 86.3436, -1007.6823, 14.6259,  97.9702, -1007.6930, 14.6259, 160, 160, 160
L 90.2483, -999.8730, 14.6259,  86.3436, -1007.6823, 14.6259, 160, 160, 160
L 98.5740, -995.9687, 14.6259,  90.2483, -999.8730, 14.6259, 160, 160, 160
L 111.8799, -995.9687, 14.6259,  98.5740, -995.9687, 14.6259, 160, 160, 160
L 119.6578, -999.8727, 14.6259,  111.8799, -995.9687, 14.6259, 160, 160, 160
L 123.5625, -1007.6810, 14.6259,  119.6578, -999.8727, 14.6259, 160, 160, 160
L 123.5625, -1017.6110, 14.6340,  123.5625, -1007.6810, 14.6259, 160, 160, 160
L 123.5625, -1021.5051, 14.6259,  123.5625, -1017.6050, 14.6259, 160, 160, 160
L 86.3436, -1007.6821, 28.6260,  86.3436, -1021.5051, 28.6260, 160, 160, 160
L 90.2483, -999.8730, 28.6260,  86.3436, -1007.6821, 28.6260, 160, 160, 160
L 98.5710, -995.9687, 28.6260,  90.2483, -999.8730, 28.6260, 160, 160, 160
L 111.8799, -995.9687, 28.6260,  98.5710, -995.9687, 28.6260, 160, 160, 160
L 119.6577, -999.8727, 28.6260,  111.8799, -995.9687, 28.6260, 160, 160, 160
L 123.5625, -1007.6821, 28.6260,  119.6577, -999.8727, 28.6260, 160, 160, 160
L 112.2640, -1007.7145, 28.6260,  123.5625, -1007.6821, 28.6260, 160, 160, 160
L 111.8872, -1021.6371, 28.6260,  112.2640, -1007.7145, 28.6260, 160, 160, 160
L 123.5625, -1021.5051, 28.6260,  111.8872, -1021.6371, 28.6260, 160, 160, 160
L 119.6578, -1029.3141, 28.6260,  123.5625, -1021.5051, 28.6260, 160, 160, 160
L 111.8799, -1033.2188, 28.6260,  119.6578, -1029.3141, 28.6260, 160, 160, 160
L 98.5720, -1033.2188, 28.6260,  111.8799, -1033.2188, 28.6260, 160, 160, 160
L 90.2483, -1029.3141, 28.6260,  98.5720, -1033.2188, 28.6260, 160, 160, 160
L 86.3436, -1021.5051, 28.6260,  90.2483, -1029.3141, 28.6260, 160, 160, 160
L 349.5000, -1021.6783, -27.3739,  349.9907, -1021.2187, -27.3739, 160, 160, 160
L 349.5000, -1037.2188, -27.3739,  349.5000, -1021.6783, -27.3739, 160, 160, 160
L 347.9662, -1037.2188, -27.3739,  349.5000, -1037.2188, -27.3739, 160, 160, 160
L 347.5000, -1037.6974, -27.3739,  347.9662, -1037.2188, -27.3739, 160, 160, 160
L 347.5000, -1039.4977, -27.3739,  347.5000, -1037.6974, -27.3739, 160, 160, 160
L 347.9089, -1039.9688, -27.3739,  347.5000, -1039.4977, -27.3739, 160, 160, 160
L 349.5000, -1039.9688, -27.3739,  347.9089, -1039.9688, -27.3739, 160, 160, 160
L 349.5000, -1041.2184, -27.3739,  349.5000, -1039.9688, -27.3739, 160, 160, 160
L 336.2495, -1041.2188, -27.3739,  349.5000, -1041.2184, -27.3739, 160, 160, 160
L 336.2500, -1039.9688, -27.3739,  336.2495, -1041.2188, -27.3739, 160, 160, 160
L 337.8308, -1039.9688, -27.3739,  336.2500, -1039.9688, -27.3739, 160, 160, 160
L 338.2500, -1039.5271, -27.3739,  337.8308, -1039.9688, -27.3739, 160, 160, 160
L 338.2500, -1037.7162, -27.3739,  338.2500, -1039.5271, -27.3739, 160, 160, 160
L 337.6802, -1037.2188, -27.3739,  338.2500, -1037.7162, -27.3739, 160, 160, 160
L 336.2500, -1037.2188, -27.3739,  337.6802, -1037.2188, -27.3739, 160, 160, 160
L 336.2500, -1021.6443, -27.3739,  336.2500, -1037.2188, -27.3739, 160, 160, 160
L 335.9685, -1021.2305, -27.3739,  336.2500, -1021.6443, -27.3739, 160, 160, 160
L 322.3600, -1021.2187, -27.3739,  335.9685, -1021.2305, -27.3739, 160, 160, 160
L 321.5000, -1021.6829, -27.3739,  322.3600, -1021.2187, -27.3739, 160, 160, 160
L 321.5000, -1077.1874, -27.3739,  321.5000, -1021.6829, -27.3739, 160, 160, 160
L 307.9318, -1077.1875, -27.3739,  321.5000, -1077.1874, -27.3739, 160, 160, 160
L 307.5000, -1077.5905, -27.3739,  307.9318, -1077.1875, -27.3739, 160, 160, 160
L 307.5000, -1105.3960, -27.3739,  307.5000, -1077.5905, -27.3739, 160, 160, 160
L 307.9508, -1105.9374, -27.3739,  307.5000, -1105.3960, -27.3739, 160, 160, 160
L 321.7196, -1105.9374, -27.3739,  307.9508, -1105.9374, -27.3739, 160, 160, 160
L 335.5000, -1119.7177, -27.3739,  321.7196, -1105.9374, -27.3739, 160, 160, 160
L 335.5000, -1133.3759, -27.3739,  335.5000, -1119.7177, -27.3739, 160, 160, 160
L 321.7196, -1147.1563, -27.3739,  335.5000, -1133.3759, -27.3739, 160, 160, 160
L 308.4370, -1147.1563, -27.3739,  321.7196, -1147.1563, -27.3739, 160, 160, 160
L 307.5000, -1147.6194, -27.3739,  308.4370, -1147.1563, -27.3739, 160, 160, 160
L 307.5000, -1161.1559, -27.3739,  307.5000, -1147.6194, -27.3739, 160, 160, 160
L 280.2500, -1161.1563, -27.3739,  307.5000, -1161.1559, -27.3739, 160, 160, 160
L 280.2500, -1147.7096, -27.3739,  280.2500, -1161.1563, -27.3739, 160, 160, 160
L 279.7989, -1147.1563, -27.3739,  280.2500, -1147.7096, -27.3739, 160, 160, 160
L 266.6130, -1147.1563, -27.3739,  279.7989, -1147.1563, -27.3739, 160, 160, 160
L 252.2812, -1133.3759, -27.3739,  266.6130, -1147.1563, -27.3739, 160, 160, 160
L 252.2812, -1119.7177, -27.3739,  252.2812, -1133.3759, -27.3739, 160, 160, 160
L 266.6160, -1105.9374, -27.3739,  252.2812, -1119.7177, -27.3739, 160, 160, 160
L 279.7393, -1105.9374, -27.3739,  266.6160, -1105.9374, -27.3739, 160, 160, 160
L 280.2500, -1105.3965, -27.3739,  279.7393, -1105.9374, -27.3739, 160, 160, 160
L 280.2244, -1077.4264, -27.3739,  280.2500, -1105.3965, -27.3739, 160, 160, 160
L 279.7984, -1077.1875, -27.3739,  280.2244, -1077.4264, -27.3739, 160, 160, 160
L 266.2807, -1077.1875, -27.3739,  279.7984, -1077.1875, -27.3739, 160, 160, 160
L 266.2812, -1037.9684, -27.3739,  266.2807, -1077.1875, -27.3739, 160, 160, 160
L 268.4930, -1037.9402, -27.3739,  266.2812, -1037.9684, -27.3739, 160, 160, 160
L 268.2812, -1037.3960, -27.3739,  268.4930, -1037.9402, -27.3739, 160, 160, 160
L 268.2812, -1035.6537, -27.3739,  268.2812, -1037.3960, -27.3739, 160, 160, 160
L 267.7210, -1035.2184, -27.3739,  268.2812, -1035.6537, -27.3739, 160, 160, 160
L 266.2812, -1035.2184, -27.3739,  267.7210, -1035.2184, -27.3739, 160, 160, 160
L 266.2812, -1033.7544, -27.3739,  266.2812, -1035.2184, -27.3739, 160, 160, 160
L 265.9968, -1033.2195, -27.3739,  266.2812, -1033.7544, -27.3739, 160, 160, 160
L 258.1854, -1029.3141, -27.3739,  265.9968, -1033.2195, -27.3739, 160, 160, 160
L 254.2812, -1021.5051, -27.3739,  258.1854, -1029.3141, -27.3739, 160, 160, 160
L 254.2812, -1007.6821, -27.3739,  254.2812, -1021.5051, -27.3739, 160, 160, 160
L 258.1857, -999.8730, -27.3739,  254.2812, -1007.6821, -27.3739, 160, 160, 160
L 265.9948, -995.9687, -27.3739,  258.1857, -999.8730, -27.3739, 160, 160, 160
L 279.7864, -995.9687, -27.3739,  265.9948, -995.9687, -27.3739, 160, 160, 160
L 287.5955, -999.8730, -27.3739,  279.7864, -995.9687, -27.3739, 160, 160, 160
L 290.3729, -1005.4280, -27.3739,  287.5955, -999.8730, -27.3739, 160, 160, 160
L 254.2812, -1021.5051, -13.3740,  254.2812, -1007.6823, -13.3740, 160, 160, 160
L 258.1856, -1029.3141, -13.3740,  254.2812, -1021.5051, -13.3740, 160, 160, 160
L 265.9943, -1033.2188, -13.3740,  258.1856, -1029.3141, -13.3740, 160, 160, 160
L 279.7866, -1033.2188, -13.3740,  265.9943, -1033.2188, -13.3740, 160, 160, 160
L 287.5955, -1029.3141, -13.3740,  279.7866, -1033.2188, -13.3740, 160, 160, 160
L 291.3811, -1021.7427, -13.3740,  287.5955, -1029.3141, -13.3740, 160, 160, 160
L 279.9979, -1021.7115, -13.3740,  291.3811, -1021.7427, -13.3740, 160, 160, 160
L 280.6800, -1007.6924, -13.3964,  279.9979, -1021.7115, -13.3740, 160, 160, 160
L 291.5000, -1007.6823, -13.4015,  280.6800, -1007.6924, -13.3964, 160, 160, 160
L 287.5980, -999.8781, -13.3740,  291.5000, -1007.6823, -13.4015, 160, 160, 160
L 279.7864, -995.9687, -13.3740,  287.5980, -999.8781, -13.3740, 160, 160, 160
L 265.9947, -995.9687, -13.3740,  279.7864, -995.9687, -13.3740, 160, 160, 160
L 258.1856, -999.8730, -13.3740,  265.9947, -995.9687, -13.3740, 160, 160, 160
L 254.2812, -1007.6823, -13.3740,  258.1856, -999.8730, -13.3740, 160, 160, 160
L 254.2812, -1009.2700, -13.3740,  254.2812, -1007.6823, -13.3740, 160, 160, 160
L 291.5000, -1007.7397, 0.6260,  291.5000, -1021.5049, 0.6260, 160, 160, 160
L 287.5955, -999.8730, 0.6260,  291.5000, -1007.7397, 0.6260, 160, 160, 160
L 279.7864, -995.9687, 0.6260,  287.5955, -999.8730, 0.6260, 160, 160, 160
L 266.1970, -995.9687, 0.6260,  279.7864, -995.9687, 0.6260, 160, 160, 160
L 258.1857, -999.8730, 0.6260,  266.1970, -995.9687, 0.6260, 160, 160, 160
L 254.2864, -1007.6716, 0.6052,  258.1857, -999.8730, 0.6260, 160, 160, 160
L 265.8419, -1007.6171, 0.6483,  254.2864, -1007.6716, 0.6052, 160, 160, 160
L 265.8319, -1021.6334, 0.6260,  265.8419, -1007.6171, 0.6483, 160, 160, 160
L 254.2812, -1021.5049, 0.6230,  265.8319, -1021.6334, 0.6260, 160, 160, 160
L 258.1845, -1029.3113, 0.6260,  254.2812, -1021.5049, 0.6230, 160, 160, 160
L 265.9945, -1033.2188, 0.6260,  258.1845, -1029.3113, 0.6260, 160, 160, 160
L 279.7864, -1033.2188, 0.6260,  265.9945, -1033.2188, 0.6260, 160, 160, 160
L 287.5933, -1029.3152, 0.6260,  279.7864, -1033.2188, 0.6260, 160, 160, 160
L 291.4762, -1021.5524, 0.6260,  287.5933, -1029.3152, 0.6260, 160, 160, 160
L 258.2379, -999.8470, 14.6259,  260.5998, -998.6662, 14.6259, 160, 160, 160
L 254.3001, -1007.6443, 14.6259,  258.2379, -999.8470, 14.6259, 160, 160, 160
L 254.2812, -1021.5051, 14.6259,  254.3001, -1007.6443, 14.6259, 160, 160, 160
L 258.1845, -1029.3118, 14.6259,  254.2812, -1021.5051, 14.6259, 160, 160, 160
L 265.9947, -1033.2188, 14.6259,  258.1845, -1029.3118, 14.6259, 160, 160, 160
L 279.7740, -1033.2188, 14.6259,  265.9947, -1033.2188, 14.6259, 160, 160, 160
L 287.5804, -1029.3217, 14.6259,  279.7740, -1033.2188, 14.6259, 160, 160, 160
L 291.5000, -1021.5049, 14.6259,  287.5804, -1029.3217, 14.6259, 160, 160, 160
L 279.9664, -1021.5081, 14.6034,  291.5000, -1021.5049, 14.6259, 160, 160, 160
L 279.9232, -1007.6580, 14.6259,  279.9664, -1021.5081, 14.6034, 160, 160, 160
L 291.5000, -1007.7068, 14.6259,  279.9232, -1007.6580, 14.6259, 160, 160, 160
L 287.5955, -999.8730, 14.6259,  291.5000, -1007.7068, 14.6259, 160, 160, 160
L 279.7864, -995.9687, 14.6259,  287.5955, -999.8730, 14.6259, 160, 160, 160
L 265.9948, -995.9687, 14.6259,  279.7864, -995.9687, 14.6259, 160, 160, 160
L 258.1884, -999.8718, 14.6259,  265.9948, -995.9687, 14.6259, 160, 160, 160
L 279.7866, -995.9687, 28.6260,  265.9948, -995.9687, 28.6260, 160, 160, 160
L 287.5953, -999.8730, 28.6260,  279.7866, -995.9687, 28.6260, 160, 160, 160
L 291.5000, -1007.6823, 28.6260,  287.5953, -999.8730, 28.6260, 160, 160, 160
L 291.5000, -1021.5051, 28.6260,  291.5000, -1007.6823, 28.6260, 160, 160, 160
L 287.5966, -1029.3113, 28.6260,  291.5000, -1021.5051, 28.6260, 160, 160, 160
L 279.7864, -1033.2188, 28.6260,  287.5966, -1029.3113, 28.6260, 160, 160, 160
L 265.9947, -1033.2188, 28.6260,  279.7864, -1033.2188, 28.6260, 160, 160, 160
L 258.1870, -1029.3147, 28.6260,  265.9947, -1033.2188, 28.6260, 160, 160, 160
L 254.3091, -1021.5608, 28.6231,  258.1870, -1029.3147, 28.6260, 160, 160, 160
L 265.8852, -1021.6194, 28.6260,  254.3091, -1021.5608, 28.6231, 160, 160, 160
L 265.8969, -1007.6977, 28.6260,  265.8852, -1021.6194, 28.6260, 160, 160, 160
L 254.3434, -1007.5579, 28.6260,  265.8969, -1007.6977, 28.6260, 160, 160, 160
L 258.1856, -999.8730, 28.6260,  254.3434, -1007.5579, 28.6260, 160, 160, 160
L 265.9948, -995.9687, 28.6260,  258.1856, -999.8730, 28.6260, 160, 160, 160
L 267.9207, -995.9687, 28.6260,  265.9948, -995.9687, 28.6260, 160, 160, 160
L 221.5312, -995.9681, 42.5947,  201.6622, -995.9687, 42.5947, 160, 160, 160
L 221.5312, -1002.4841, 42.5947,  221.5312, -995.9681, 42.5947, 160, 160, 160
L 221.9857, -1002.9687, 42.5947,  221.5312, -1002.4841, 42.5947, 160, 160, 160
L 228.5312, -1002.9677, 42.5947,  221.9857, -1002.9687, 42.5947, 160, 160, 160
L 228.5312, -1007.3912, 42.5947,  228.5312, -1002.9677, 42.5947, 160, 160, 160
L 228.8994, -1007.9686, 42.5947,  228.5312, -1007.3912, 42.5947, 160, 160, 160
L 253.7769, -1007.9687, 42.5947,  228.8994, -1007.9686, 42.5947, 160, 160, 160
L 254.3342, -1007.5764, 42.5947,  253.7769, -1007.9687, 42.5947, 160, 160, 160
L 258.1857, -999.8730, 42.5947,  254.3342, -1007.5764, 42.5947, 160, 160, 160
L 265.9948, -995.9687, 42.5947,  258.1857, -999.8730, 42.5947, 160, 160, 160
L 279.7864, -995.9687, 42.5947,  265.9948, -995.9687, 42.5947, 160, 160, 160
L 287.5964, -999.8750, 42.5947,  279.7864, -995.9687, 42.5947, 160, 160, 160
L 291.5000, -1007.7148, 42.5947,  287.5964, -999.8750, 42.5947, 160, 160, 160
L 279.9785, -1007.6647, 42.5947,  291.5000, -1007.7148, 42.5947, 160, 160, 160
L 279.9639, -1021.6548, 42.5947,  279.9785, -1007.6647, 42.5947, 160, 160, 160
L 291.4354, -1021.6340, 42.5947,  279.9639, -1021.6548, 42.5947, 160, 160, 160
L 287.5933, -1029.3152, 42.5947,  291.4354, -1021.6340, 42.5947, 160, 160, 160
L 279.7536, -1033.2188, 42.5947,  287.5933, -1029.3152, 42.5947, 160, 160, 160
L 265.9947, -1033.2188, 42.5947,  279.7536, -1033.2188, 42.5947, 160, 160, 160
L 258.1881, -1029.3152, 42.5947,  265.9947, -1033.2188, 42.5947, 160, 160, 160
L 254.3823, -1021.6504, 42.5947,  258.1881, -1029.3152, 42.5947, 160, 160, 160
L 253.7249, -1021.2187, 42.5947,  254.3823, -1021.6504, 42.5947, 160, 160, 160
L 229.6630, -1021.2187, 42.5947,  253.7249, -1021.2187, 42.5947, 160, 160, 160
L 228.5312, -1021.7585, 42.5947,  229.6630, -1021.2187, 42.5947, 160, 160, 160
L 228.5312, -1061.1875, 42.5947,  228.5312, -1021.7585, 42.5947, 160, 160, 160
L 221.8967, -1061.1875, 42.5947,  228.5312, -1061.1875, 42.5947, 160, 160, 160
L 221.5312, -1061.7217, 42.5947,  221.8967, -1061.1875, 42.5947, 160, 160, 160
L 221.5312, -1068.1875, 42.5947,  221.5312, -1061.7217, 42.5947, 160, 160, 160
L 217.2809, -1068.1875, 42.5947,  221.5312, -1068.1875, 42.5947, 160, 160, 160
L 217.2812, -1014.8740, 42.5947,  217.2809, -1068.1875, 42.5947, 160, 160, 160
L 216.8083, -1014.2187, 42.5947,  217.2812, -1014.8740, 42.5947, 160, 160, 160
L 161.5860, -1014.2187, 42.5947,  216.8083, -1014.2187, 42.5947, 160, 160, 160
L 160.5865, -1014.4618, 42.5947,  161.5860, -1014.2187, 42.5947, 160, 160, 160
L 160.5625, -1068.1874, 42.5947,  160.5865, -1014.4618, 42.5947, 160, 160, 160
L 156.3121, -1068.1875, 42.5947,  160.5625, -1068.1874, 42.5947, 160, 160, 160
L 156.3125, -1061.6757, 42.5947,  156.3121, -1068.1875, 42.5947, 160, 160, 160
L 155.8386, -1061.1873, 42.5947,  156.3125, -1061.6757, 42.5947, 160, 160, 160
L 149.3121, -1061.1875, 42.5947,  155.8386, -1061.1873, 42.5947, 160, 160, 160
L 149.3125, -1021.7241, 42.5947,  149.3121, -1061.1875, 42.5947, 160, 160, 160
L 148.6719, -1021.2187, 42.5947,  149.3125, -1021.7241, 42.5947, 160, 160, 160
L 124.8590, -1021.2187, 42.5947,  148.6719, -1021.2187, 42.5947, 160, 160, 160
L 123.6080, -1021.3170, 42.5947,  124.8590, -1021.2187, 42.5947, 160, 160, 160
L 119.6577, -1029.3145, 42.5947,  123.6080, -1021.3170, 42.5947, 160, 160, 160
L 111.8799, -1033.2188, 42.5947,  119.6577, -1029.3145, 42.5947, 160, 160, 160
L 98.5710, -1033.2188, 42.5947,  111.8799, -1033.2188, 42.5947, 160, 160, 160
L 90.2483, -1029.3141, 42.5947,  98.5710, -1033.2188, 42.5947, 160, 160, 160
L 86.3832, -1021.5839, 42.5947,  90.2483, -1029.3141, 42.5947, 160, 160, 160
L 97.8760, -1021.6153, 42.5947,  86.3832, -1021.5839, 42.5947, 160, 160, 160
L 98.6000, -1007.5291, 42.5947,  97.8760, -1021.6153, 42.5947, 160, 160, 160
L 86.3927, -1007.5842, 42.5947,  98.6000, -1007.5291, 42.5947, 160, 160, 160
L 90.2481, -999.8730, 42.5947,  86.3927, -1007.5842, 42.5947, 160, 160, 160
L 98.5740, -995.9687, 42.5947,  90.2481, -999.8730, 42.5947, 160, 160, 160
L 111.8799, -995.9687, 42.5947,  98.5740, -995.9687, 42.5947, 160, 160, 160
L 119.6577, -999.8727, 42.5947,  111.8799, -995.9687, 42.5947, 160, 160, 160
L 123.6286, -1007.8066, 42.5947,  119.6577, -999.8727, 42.5947, 160, 160, 160
L 124.2403, -1007.9687, 42.5947,  123.6286, -1007.8066, 42.5947, 160, 160, 160
L 148.8936, -1007.9687, 42.5947,  124.2403, -1007.9687, 42.5947, 160, 160, 160
L 149.3125, -1007.4529, 42.5947,  148.8936, -1007.9687, 42.5947, 160, 160, 160
L 149.3125, -1002.9687, 42.5947,  149.3125, -1007.4529, 42.5947, 160, 160, 160
L 155.7196, -1003.6870, 42.5947,  149.3125, -1002.9687, 42.5947, 160, 160, 160
L 156.3125, -1002.2969, 42.5947,  155.7196, -1003.6870, 42.5947, 160, 160, 160
L 156.3125, -995.9687, 42.5947,  156.3125, -1002.2969, 42.5947, 160, 160, 160
L 205.8900, -995.9687, 42.5947,  156.3125, -995.9687, 42.5947, 160, 160, 160
L 126.2433, -1007.3459, 14.6259,  122.6659, -998.3904, 14.6259, 160, 160, 160
L 126.3125, -1007.7975, 14.6259,  126.2433, -1007.3459, 14.6259, 160, 160, 160
L 126.3125, -1021.4607, 14.6259,  126.3125, -1007.7975, 14.6259, 160, 160, 160
L 126.1111, -1022.1689, 14.6259,  126.3125, -1021.4607, 14.6259, 160, 160, 160
L 122.3721, -1031.5170, 14.6259,  126.1111, -1022.1689, 14.6259, 160, 160, 160
L 121.7871, -1032.5790, 14.6259,  122.3721, -1031.5170, 14.6259, 160, 160, 160
L 112.3392, -1035.8490, 14.6259,  121.7871, -1032.5790, 14.6259, 160, 160, 160
L 111.8294, -1035.9684, 14.6259,  112.3392, -1035.8490, 14.6259, 160, 160, 160
L 97.8623, -1035.9529, 14.6259,  111.8294, -1035.9684, 14.6259, 160, 160, 160
L 88.1016, -1032.5070, 14.6259,  97.8623, -1035.9529, 14.6259, 160, 160, 160
L 87.5591, -1031.5790, 14.6259,  88.1016, -1032.5070, 14.6259, 160, 160, 160
L 83.8413, -1022.2848, 14.6259,  87.5591, -1031.5790, 14.6259, 160, 160, 160
L 83.5938, -1021.4402, 14.6259,  83.8413, -1022.2848, 14.6259, 160, 160, 160
L 83.5938, -1007.9479, 14.6259,  83.5938, -1021.4402, 14.6259, 160, 160, 160
L 83.7330, -1007.1733, 14.6259,  83.5938, -1007.9479, 14.6259, 160, 160, 160
L 87.5063, -997.7400, 14.6259,  83.7330, -1007.1733, 14.6259, 160, 160, 160
L 87.9946, -997.1793, 14.6259,  87.5063, -997.7400, 14.6259, 160, 160, 160
L 97.6593, -993.3135, 14.6259,  87.9946, -997.1793, 14.6259, 160, 160, 160
L 98.1745, -993.2187, 14.6259,  97.6593, -993.3135, 14.6259, 160, 160, 160
L 111.7252, -993.2187, 14.6259,  98.1745, -993.2187, 14.6259, 160, 160, 160
L 112.2834, -993.3159, 14.6259,  111.7252, -993.2187, 14.6259, 160, 160, 160
L 122.7930, -997.2464, 14.6259,  112.2834, -993.3159, 14.6259, 160, 160, 160
L 122.3264, -997.5546, 14.6259,  122.7930, -997.2464, 14.6259, 160, 160, 160
L 125.3979, -1005.2350, 14.6259,  122.3264, -997.5546, 14.6259, 160, 160, 160
L 181.9302, -1025.2188, 16.6258,  195.8773, -1025.2188, 16.6260, 160, 160, 160
L 195.9003, -1023.2187, 15.6259,  181.7866, -1023.2504, 15.6259, 160, 160, 160
L 195.5647, -1007.9687, 15.6519,  196.2807, -1028.2188, 15.6259, 160, 160, 160
L 181.5625, -1028.2184, 15.6259,  182.2599, -1007.9687, 15.6522, 160, 160, 160
L 174.9367, -1028.2188, 15.6259,  181.5625, -1028.2184, 15.6259, 160, 160, 160
L 174.5625, -1028.7284, 15.6259,  174.9367, -1028.2188, 15.6259, 160, 160, 160
L 174.5675, -1056.6238, 15.6259,  174.5625, -1028.7284, 15.6259, 160, 160, 160
L 174.9302, -1056.9374, 15.6259,  174.5675, -1056.6238, 15.6259, 160, 160, 160
L 202.8729, -1056.9374, 15.6259,  174.9302, -1056.9374, 15.6259, 160, 160, 160
L 203.2812, -1056.5398, 15.6259,  202.8729, -1056.9374, 15.6259, 160, 160, 160
L 203.2812, -1028.6902, 15.6259,  203.2812, -1056.5398, 15.6259, 160, 160, 160
L 202.8324, -1028.2188, 15.6259,  203.2812, -1028.6902, 15.6259, 160, 160, 160
L 196.2809, -1028.2188, 15.6259,  202.8324, -1028.2188, 15.6259, 160, 160, 160
L 202.8410, -1007.9687, 15.6259,  195.6870, -1007.9684, 15.6536, 160, 160, 160
L 203.2812, -1007.5193, 15.6259,  202.8410, -1007.9687, 15.6259, 160, 160, 160
L 203.2812, -1005.5251, 15.6259,  203.2812, -1007.5193, 15.6259, 160, 160, 160
L 203.2812, -1000.9687, 15.6259,  203.2812, -1005.5251, 15.6259, 160, 160, 160
L 216.5312, -1000.9672, 15.6259,  203.2812, -1000.9687, 15.6259, 160, 160, 160
L 216.5312, -1005.5964, 15.6259,  216.5312, -1000.9672, 15.6259, 160, 160, 160
L 216.5312, -1007.5635, 15.6259,  216.5312, -1005.5964, 15.6259, 160, 160, 160
L 217.1560, -1007.9687, 15.6259,  216.5312, -1007.5635, 15.6259, 160, 160, 160
L 223.5312, -1007.9687, 15.6259,  217.1560, -1007.9687, 15.6259, 160, 160, 160
L 223.5312, -1056.1874, 15.6259,  223.5312, -1007.9687, 15.6259, 160, 160, 160
L 217.6010, -1056.1875, 15.6259,  223.5312, -1056.1874, 15.6259, 160, 160, 160
L 216.5312, -1056.7415, 15.6259,  217.6010, -1056.1875, 15.6259, 160, 160, 160
L 216.5312, -1063.1875, 15.6259,  216.5312, -1056.7415, 15.6259, 160, 160, 160
L 161.3125, -1063.1875, 15.6259,  216.5312, -1063.1875, 15.6259, 160, 160, 160
L 161.3125, -1056.6232, 15.6259,  161.3125, -1063.1875, 15.6259, 160, 160, 160
L 160.8639, -1056.1875, 15.6259,  161.3125, -1056.6232, 15.6259, 160, 160, 160
L 154.3121, -1056.1875, 15.6259,  160.8639, -1056.1875, 15.6259, 160, 160, 160
L 154.3125, -1007.9687, 15.6259,  154.3121, -1056.1875, 15.6259, 160, 160, 160
L 160.8754, -1007.9845, 15.6259,  154.3125, -1007.9687, 15.6259, 160, 160, 160
L 161.3125, -1007.4941, 15.6259,  160.8754, -1007.9845, 15.6259, 160, 160, 160
L 161.3125, -1005.5943, 15.6259,  161.3125, -1007.4941, 15.6259, 160, 160, 160
L 161.3125, -1000.9687, 15.6259,  161.3125, -1005.5943, 15.6259, 160, 160, 160
L 174.5625, -1000.9670, 15.6259,  161.3125, -1000.9687, 15.6259, 160, 160, 160
L 174.5625, -1005.5021, 15.6259,  174.5625, -1000.9670, 15.6259, 160, 160, 160
L 174.5625, -1007.4332, 15.6259,  174.5625, -1005.5021, 15.6259, 160, 160, 160
L 174.9636, -1007.9687, 15.6259,  174.5625, -1007.4332, 15.6259, 160, 160, 160
L 182.2489, -1007.9687, 15.6523,  174.9636, -1007.9687, 15.6259, 160, 160, 160
L 231.2812, -1063.4109, 14.6259,  231.2812, -1023.6930, 14.6259, 160, 160, 160
L 230.7581, -1063.9374, 14.6259,  231.2812, -1063.4109, 14.6259, 160, 160, 160
L 224.2812, -1063.9373, 14.6259,  230.7581, -1063.9374, 14.6259, 160, 160, 160
L 224.2812, -1070.3976, 14.6259,  224.2812, -1063.9373, 14.6259, 160, 160, 160
L 223.7124, -1070.9374, 14.6259,  224.2812, -1070.3976, 14.6259, 160, 160, 160
L 154.2840, -1070.9374, 14.6259,  223.7124, -1070.9374, 14.6259, 160, 160, 160
L 153.5625, -1070.3877, 14.6259,  154.2840, -1070.9374, 14.6259, 160, 160, 160
L 153.5625, -1063.9374, 14.6259,  153.5625, -1070.3877, 14.6259, 160, 160, 160
L 147.1188, -1063.9374, 14.6259,  153.5625, -1063.9374, 14.6259, 160, 160, 160
L 146.5625, -1063.3687, 14.6259,  147.1188, -1063.9374, 14.6259, 160, 160, 160
L 146.5625, -1000.9664, 14.6259,  146.5625, -1063.3687, 14.6259, 160, 160, 160
L 146.9956, -1000.2187, 14.6259,  146.5625, -1000.9664, 14.6259, 160, 160, 160
L 153.5625, -1000.2187, 14.6259,  146.9956, -1000.2187, 14.6259, 160, 160, 160
L 153.5625, -993.6783, 14.6259,  153.5625, -1000.2187, 14.6259, 160, 160, 160
L 154.6110, -993.2187, 14.6259,  153.5625, -993.6783, 14.6259, 160, 160, 160
L 157.6338, -993.2187, 14.6259,  154.6110, -993.2187, 14.6259, 160, 160, 160
L 158.3006, -993.4266, 14.6259,  157.6338, -993.2187, 14.6259, 160, 160, 160
L 160.4090, -995.1669, 14.6259,  158.3006, -993.4266, 14.6259, 160, 160, 160
L 175.7821, -995.2187, 14.6259,  160.4090, -995.1669, 14.6259, 160, 160, 160
L 177.3901, -993.6106, 14.6259,  175.7821, -995.2187, 14.6259, 160, 160, 160
L 177.9642, -993.2187, 14.6259,  177.3901, -993.6106, 14.6259, 160, 160, 160
L 181.6701, -993.2187, 14.6259,  177.9642, -993.2187, 14.6259, 160, 160, 160
L 182.3125, -993.6023, 14.6259,  181.6701, -993.2187, 14.6259, 160, 160, 160
L 182.3125, -995.3395, 14.6259,  182.3125, -993.6023, 14.6259, 160, 160, 160
L 182.1749, -995.8840, 14.6259,  182.3125, -995.3395, 14.6259, 160, 160, 160
L 180.3125, -995.9687, 14.6259,  182.1749, -995.8840, 14.6259, 160, 160, 160
L 180.3115, -997.2187, 14.6259,  180.3125, -995.9687, 14.6259, 160, 160, 160
L 181.7172, -997.1073, 14.6259,  180.3115, -997.2187, 14.6259, 160, 160, 160
L 182.3040, -997.5141, 14.6259,  181.7172, -997.1073, 14.6259, 160, 160, 160
L 182.3125, -1007.2187, 14.6259,  182.3040, -997.5141, 14.6259, 160, 160, 160
L 195.5312, -1007.2187, 14.6259,  182.3125, -1007.2187, 14.6259, 160, 160, 160
L 195.5312, -997.7957, 14.6259,  195.5312, -1007.2187, 14.6259, 160, 160, 160
L 195.8874, -997.2192, 14.6259,  195.5312, -997.7957, 14.6259, 160, 160, 160
L 197.5312, -997.2187, 14.6259,  195.8874, -997.2192, 14.6259, 160, 160, 160
L 197.5312, -995.9687, 14.6259,  197.5312, -997.2187, 14.6259, 160, 160, 160
L 196.3172, -995.9687, 14.6259,  197.5312, -995.9687, 14.6259, 160, 160, 160
L 195.5312, -995.5221, 14.6259,  196.3172, -995.9687, 14.6259, 160, 160, 160
L 195.5312, -993.7462, 14.6259,  195.5312, -995.5221, 14.6259, 160, 160, 160
L 196.2137, -993.2187, 14.6259,  195.5312, -993.7462, 14.6259, 160, 160, 160
L 199.7279, -993.2187, 14.6259,  196.2137, -993.2187, 14.6259, 160, 160, 160
L 200.2175, -993.3745, 14.6259,  199.7279, -993.2187, 14.6259, 160, 160, 160
L 202.6150, -995.2187, 14.6259,  200.2175, -993.3745, 14.6259, 160, 160, 160
L 217.7512, -995.2187, 14.6259,  202.6150, -995.2187, 14.6259, 160, 160, 160
L 219.5678, -993.4017, 14.6259,  217.7512, -995.2187, 14.6259, 160, 160, 160
L 220.5170, -993.2187, 14.6259,  219.5678, -993.4017, 14.6259, 160, 160, 160
L 223.6503, -993.2187, 14.6259,  220.5170, -993.2187, 14.6259, 160, 160, 160
L 224.2812, -993.7840, 14.6259,  223.6503, -993.2187, 14.6259, 160, 160, 160
L 224.2812, -1000.2187, 14.6259,  224.2812, -993.7840, 14.6259, 160, 160, 160
L 230.7792, -1000.2187, 14.6259,  224.2812, -1000.2187, 14.6259, 160, 160, 160
L 231.2812, -1000.7350, 14.6259,  230.7792, -1000.2187, 14.6259, 160, 160, 160
L 231.2812, -1031.6227, 14.6259,  231.2812, -1000.7350, 14.6259, 160, 160, 160
L 265.4587, -993.3687, 14.6259,  266.1822, -993.2187, 14.6259, 160, 160, 160
L 255.9641, -997.1666, 14.6259,  265.8340, -993.2187, 14.6259, 160, 160, 160
L 255.4334, -997.7661, 14.6259,  255.9641, -997.1666, 14.6259, 160, 160, 160
L 251.6599, -1007.1992, 14.6259,  255.4334, -997.7661, 14.6259, 160, 160, 160
L 251.5312, -1007.8708, 14.6259,  251.6599, -1007.1992, 14.6259, 160, 160, 160
L 251.5312, -1021.4139, 14.6259,  251.5312, -1007.8708, 14.6259, 160, 160, 160
L 251.6263, -1021.9039, 14.6259,  251.5312, -1021.4139, 14.6259, 160, 160, 160
L 255.4961, -1031.5806, 14.6259,  251.6263, -1021.9039, 14.6259, 160, 160, 160
L 256.3660, -1032.4977, 14.6259,  255.4961, -1031.5806, 14.6259, 160, 160, 160
L 265.4852, -1035.8290, 14.6259,  256.3660, -1032.4977, 14.6259, 160, 160, 160
L 266.1838, -1035.9684, 14.6259,  265.4852, -1035.8290, 14.6259, 160, 160, 160
L 279.5839, -1035.9684, 14.6259,  266.1838, -1035.9684, 14.6259, 160, 160, 160
L 280.2590, -1035.8439, 14.6259,  279.5839, -1035.9684, 14.6259, 160, 160, 160
L 289.8236, -1032.1808, 14.6259,  280.2590, -1035.8439, 14.6259, 160, 160, 160
L 290.3512, -1031.4126, 14.6259,  289.8236, -1032.1808, 14.6259, 160, 160, 160
L 294.1342, -1021.9551, 14.6259,  290.3512, -1031.4126, 14.6259, 160, 160, 160
L 294.2500, -1021.2794, 14.6259,  294.1342, -1021.9551, 14.6259, 160, 160, 160
L 294.2500, -1007.7772, 14.6259,  294.2500, -1021.2794, 14.6259, 160, 160, 160
L 294.1132, -1007.1797, 14.6259,  294.2500, -1007.7772, 14.6259, 160, 160, 160
L 290.3201, -997.6970, 14.6259,  294.1132, -1007.1797, 14.6259, 160, 160, 160
L 289.6077, -997.8279, 14.6259,  290.3201, -997.6970, 14.6259, 160, 160, 160
L 280.1145, -993.2826, 14.6259,  289.6077, -997.8279, 14.6259, 160, 160, 160
L 279.5187, -993.2187, 14.6259,  280.1145, -993.2826, 14.6259, 160, 160, 160
L 265.8340, -993.2187, 14.6259,  279.5187, -993.2187, 14.6259, 160, 160, 160
L 321.9587, -1007.9810, 0.6260,  317.8827, -1002.3100, 0.6260, 160, 160, 160
L 322.2500, -1007.6620, 0.6260,  321.9587, -1007.9810, 0.6260, 160, 160, 160
L 322.2500, -1021.4574, 0.6260,  322.2500, -1007.6620, 0.6260, 160, 160, 160
L 322.1066, -1021.9044, 0.6260,  322.2500, -1021.4574, 0.6260, 160, 160, 160
L 314.3487, -1031.6017, 0.6260,  322.1066, -1021.9044, 0.6260, 160, 160, 160
L 313.8903, -1032.3418, 0.6260,  314.3487, -1031.6017, 0.6260, 160, 160, 160
L 280.1197, -1049.8904, 0.6260,  313.8903, -1032.3418, 0.6260, 160, 160, 160
L 279.6804, -1049.9684, 0.6260,  280.1197, -1049.8904, 0.6260, 160, 160, 160
L 252.1377, -1049.9684, 0.6260,  279.6804, -1049.9684, 0.6260, 160, 160, 160
L 238.3190, -1077.5752, 0.6260,  252.1377, -1049.9684, 0.6260, 160, 160, 160
L 237.2821, -1077.9374, 0.6260,  238.3190, -1077.5752, 0.6260, 160, 160, 160
L 140.1535, -1077.9374, 0.6260,  237.2821, -1077.9374, 0.6260, 160, 160, 160
L 139.5817, -1077.6895, 0.6260,  140.1535, -1077.9374, 0.6260, 160, 160, 160
L 125.7057, -1049.9684, 0.6260,  139.5817, -1077.6895, 0.6260, 160, 160, 160
L 98.1675, -1049.9684, 0.6260,  125.7057, -1049.9684, 0.6260, 160, 160, 160
L 97.7360, -1049.8965, 0.6260,  98.1675, -1049.9684, 0.6260, 160, 160, 160
L 69.5404, -1035.7588, 0.6260,  97.7360, -1049.8965, 0.6260, 160, 160, 160
L 64.6440, -1032.1083, 0.6260,  69.5404, -1035.7588, 0.6260, 160, 160, 160
L 63.5979, -1031.7300, 0.6260,  64.6440, -1032.1083, 0.6260, 160, 160, 160
L 55.7974, -1021.9799, 0.6260,  63.5979, -1031.7300, 0.6260, 160, 160, 160
L 55.5936, -1021.4247, 0.6260,  55.7974, -1021.9799, 0.6260, 160, 160, 160
L 55.5938, -1007.8016, 0.6260,  55.5936, -1021.4247, 0.6260, 160, 160, 160
L 55.7310, -1007.2903, 0.6260,  55.5938, -1007.8016, 0.6260, 160, 160, 160
L 63.6387, -997.4059, 0.6260,  55.7310, -1007.2903, 0.6260, 160, 160, 160
L 70.4860, -993.1345, 0.6260,  63.6387, -997.4059, 0.6260, 160, 160, 160
L 97.6727, -979.3224, 0.6260,  70.4860, -993.1345, 0.6260, 160, 160, 160
L 98.2207, -979.2187, 0.6260,  97.6727, -979.3224, 0.6260, 160, 160, 160
L 153.7059, -979.2187, 0.6260,  98.2207, -979.2187, 0.6260, 160, 160, 160
L 165.9250, -955.3890, 0.8028,  153.7059, -979.2187, 0.6260, 160, 160, 160
L 166.2872, -955.1287, 0.6875,  165.9250, -955.3890, 0.8028, 160, 160, 160
L 211.4365, -955.2300, 0.7453,  166.2872, -955.1287, 0.6875, 160, 160, 160
L 224.1381, -979.2187, 0.6260,  211.4365, -955.2300, 0.7453, 160, 160, 160
L 279.9615, -979.2287, 0.6260,  224.1381, -979.2187, 0.6260, 160, 160, 160
L 308.2380, -993.3849, 0.6260,  279.9615, -979.2287, 0.6260, 160, 160, 160
L 314.1915, -997.3890, 0.6260,  308.2380, -993.3849, 0.6260, 160, 160, 160
L 320.3430, -1005.7859, 0.6260,  314.1915, -997.3890, 0.6260, 160, 160, 160
L 392.8350, -868.3120, 0.6260,  395.2366, -868.3120, 0.6260, 160, 160, 160
L 364.2187, -868.3120, 13.6259,  364.2187, -879.6100, 13.6259, 160, 160, 160
L 365.2187, -868.3120, 12.6259,  364.2187, -868.3120, 13.6259, 160, 160, 160
L 365.2076, -879.6411, 12.6259,  365.2187, -868.3120, 12.6259, 160, 160, 160
L 366.2185, -879.6661, 11.6257,  365.2076, -879.6411, 12.6259, 160, 160, 160
L 366.2040, -868.3120, 11.6259,  366.2185, -879.6661, 11.6257, 160, 160, 160
L 367.2187, -868.3120, 10.6259,  366.2040, -868.3120, 11.6259, 160, 160, 160
L 367.2187, -879.5560, 10.6259,  367.2187, -868.3120, 10.6259, 160, 160, 160
L 368.2187, -879.5846, 9.6259,  367.2187, -879.5560, 10.6259, 160, 160, 160
L 368.2024, -868.3120, 9.6259,  368.2187, -879.5846, 9.6259, 160, 160, 160
L 369.2187, -868.3120, 8.6259,  368.2024, -868.3120, 9.6259, 160, 160, 160
L 369.2056, -868.3120, 8.6259,  369.2187, -868.3120, 8.6259, 160, 160, 160
L 369.2187, -868.3120, 8.6259,  369.2056, -868.3120, 8.6259, 160, 160, 160
L 369.2169, -879.6921, 8.6218,  369.2187, -868.3120, 8.6259, 160, 160, 160
L 370.2187, -879.5457, 7.6260,  369.2169, -879.6921, 8.6218, 160, 160, 160
L 370.1818, -868.3120, 7.6933,  370.2187, -879.5457, 7.6260, 160, 160, 160
L 371.2187, -868.3120, 6.6260,  370.1818, -868.3120, 7.6933, 160, 160, 160
L 371.2090, -879.7404, 6.6013,  371.2187, -868.3120, 6.6260, 160, 160, 160
L 372.2187, -868.3120, 5.6260,  372.2183, -879.6717, 5.6252, 160, 160, 160
L 373.2187, -868.3120, 4.6260,  373.2019, -879.7670, 4.5800, 160, 160, 160
L 374.2187, -868.3120, 3.6259,  374.2187, -879.5597, 3.6259, 160, 160, 160
L 375.2187, -868.3120, 2.6259,  375.1967, -880.3120, 0.6260, 160, 160, 160
L 353.9902, -874.5342, 14.6259,  355.8647, -880.3110, 0.6260, 160, 160, 160
L 351.8403, -874.3772, 14.6259,  353.9902, -874.5342, 14.6259, 160, 160, 160
L 352.2187, -865.6518, 14.6259,  351.8403, -874.3772, 14.6259, 160, 160, 160
L 351.6936, -865.2812, 14.6259,  352.2187, -865.6518, 14.6259, 160, 160, 160
L 324.2493, -865.2812, 14.6259,  351.6936, -865.2812, 14.6259, 160, 160, 160
L 324.2500, -814.6240, 14.6259,  324.2493, -865.2812, 14.6259, 160, 160, 160
L 375.4687, -814.6240, 14.6259,  324.2500, -814.6240, 14.6259, 160, 160, 160
L 375.4687, -865.2812, 14.6259,  375.4687, -814.6240, 14.6259, 160, 160, 160
L 361.9714, -865.2812, 14.6259,  375.4687, -865.2812, 14.6259, 160, 160, 160
L 361.4710, -865.6149, 14.6259,  361.9714, -865.2812, 14.6259, 160, 160, 160
L 361.4687, -867.6319, 14.6259,  361.4710, -865.6149, 14.6259, 160, 160, 160
L 361.8722, -868.3120, 14.6259,  361.4687, -867.6319, 14.6259, 160, 160, 160
L 376.1884, -868.3120, 1.6789,  361.8722, -868.3120, 14.6259, 160, 160, 160
L 376.1947, -868.3120, 1.6259,  376.2429, -880.3120, 0.6260, 160, 160, 160
L 323.8426, -834.2980, 1.6226,  323.5000, -833.6517, 0.6260, 160, 160, 160
L 325.7529, -834.3120, 1.6259,  323.8426, -834.2980, 1.6226, 160, 160, 160
L 326.2500, -833.5067, 1.6259,  325.7529, -834.3120, 1.6259, 160, 160, 160
L 326.2500, -832.3120, 1.6259,  326.2500, -833.5067, 1.6259, 160, 160, 160
L 327.9300, -832.2710, 1.6259,  326.2500, -832.3120, 1.6259, 160, 160, 160
L 328.2500, -831.5724, 1.6259,  327.9300, -832.2710, 1.6259, 160, 160, 160
L 328.2500, -814.6240, 1.6259,  328.2500, -831.5724, 1.6259, 160, 160, 160
L 375.4687, -814.6240, 1.6259,  328.2500, -814.6240, 1.6259, 160, 160, 160
L 375.4687, -865.2812, 1.6259,  375.4687, -814.6240, 1.6259, 160, 160, 160
L 363.4809, -865.2812, 0.6260,  375.4687, -865.2812, 1.6259, 160, 160, 160
L 363.4687, -865.2812, 0.6260,  342.2500, -865.2812, 0.6260, 160, 160, 160
L 363.4687, -838.5612, 0.6260,  363.4687, -865.2812, 0.6260, 160, 160, 160
L 350.2791, -851.7820, 0.6260,  363.4687, -838.5612, 0.6260, 160, 160, 160
L 349.8158, -852.3120, 0.6260,  350.2791, -851.7820, 0.6260, 160, 160, 160
L 342.2500, -852.3110, 0.6260,  349.8158, -852.3120, 0.6260, 160, 160, 160
L 342.2495, -865.2812, 0.6260,  342.2500, -852.3110, 0.6260, 160, 160, 160
L 328.2500, -865.2812, 1.6259,  342.2495, -865.2812, 0.6260, 160, 160, 160
L 328.2522, -845.7473, 1.6259,  328.2500, -865.2812, 1.6259, 160, 160, 160
L 327.6578, -845.2812, 1.6259,  328.2522, -845.7473, 1.6259, 160, 160, 160
L 326.2500, -845.2812, 1.6259,  327.6578, -845.2812, 1.6259, 160, 160, 160
L 326.2500, -843.6733, 1.6259,  326.2500, -845.2812, 1.6259, 160, 160, 160
L 325.7302, -843.2812, 1.6259,  326.2500, -843.6733, 1.6259, 160, 160, 160
L 323.5006, -843.6343, 0.6260,  325.7302, -843.2812, 1.6259, 160, 160, 160
L 378.2187, -879.4434, 0.6260,  378.2187, -858.7643, 0.6260, 160, 160, 160
L 377.9164, -880.2400, 0.6260,  378.2187, -879.4434, 0.6260, 160, 160, 160
L 351.9449, -880.3120, 0.6260,  377.9164, -880.2400, 0.6260, 160, 160, 160
L 351.4687, -879.5698, 0.6260,  351.9449, -880.3120, 0.6260, 160, 160, 160
L 351.4687, -868.3120, 0.6260,  351.4687, -879.5698, 0.6260, 160, 160, 160
L 322.7510, -868.3120, 0.6260,  351.4687, -868.3120, 0.6260, 160, 160, 160
L 321.5000, -867.4698, 0.6260,  322.7510, -868.3120, 0.6260, 160, 160, 160
L 321.5613, -845.7156, 0.6260,  321.5000, -867.4698, 0.6260, 160, 160, 160
L 321.7959, -845.4224, 0.6260,  321.5613, -845.7156, 0.6260, 160, 160, 160
L 323.4999, -845.4092, 0.6260,  321.7959, -845.4224, 0.6260, 160, 160, 160
L 323.5000, -832.3120, 0.6260,  323.4999, -845.4092, 0.6260, 160, 160, 160
L 321.9123, -832.3120, 0.6260,  323.5000, -832.3120, 0.6260, 160, 160, 160
L 321.5000, -831.6479, 0.6260,  321.9123, -832.3120, 0.6260, 160, 160, 160
L 321.5000, -811.8387, 0.6260,  321.5000, -831.6479, 0.6260, 160, 160, 160
L 322.7270, -811.3125, 0.6260,  321.5000, -811.8387, 0.6260, 160, 160, 160
L 377.7405, -811.3125, 0.6260,  322.7270, -811.3125, 0.6260, 160, 160, 160
L 378.2187, -811.9908, 0.6260,  377.7405, -811.3125, 0.6260, 160, 160, 160
L 378.2187, -864.7557, 0.6260,  378.2187, -811.9908, 0.6260, 160, 160, 160
L 418.1790, -824.1219, 5.9943,  412.2658, -829.7643, 4.8259, 160, 160, 160
L 432.9064, -822.1462, 6.3733,  418.1790, -824.1219, 5.9943, 160, 160, 160
L 421.4970, -814.6250, 7.1417,  394.2187, -814.6240, 3.2143, 160, 160, 160
L 399.8870, -823.6454, 6.1688,  394.2187, -814.6240, 3.2143, 160, 160, 160
L 412.1490, -829.5811, 9.6105,  399.8870, -823.6454, 6.1688, 160, 160, 160
L 417.7472, -823.7250, 9.6248,  412.1490, -829.5811, 9.6105, 160, 160, 160
L 418.2187, -814.6250, 7.2810,  417.7472, -823.7250, 9.6248, 160, 160, 160
L 445.4375, -814.6030, 7.8719,  418.2187, -814.6250, 7.2810, 160, 160, 160
L 433.9637, -821.5818, 4.4036,  433.9189, -821.6304, 4.4059, 160, 160, 160
L 432.9073, -822.1453, 6.3734,  433.9637, -821.5818, 4.4036, 160, 160, 160
L 421.5878, -835.3785, 3.6267,  432.9073, -822.1453, 6.3734, 160, 160, 160
L 421.4932, -835.7898, 3.5465,  415.4379, -835.6656, 3.2534, 160, 160, 160
L 415.5887, -835.6678, 3.3134,  399.6541, -841.9796, 1.6259, 160, 160, 160
L 401.5796, -824.5660, 2.8946,  399.4687, -823.7581, 1.6259, 160, 160, 160
L 411.8179, -829.6852, 2.6530,  401.5796, -824.5660, 2.8946, 160, 160, 160
L 415.7228, -835.5424, 2.6530,  411.8179, -829.6852, 2.6530, 160, 160, 160
L 425.8724, -839.6937, 2.8111,  421.8165, -835.6819, 2.9992, 160, 160, 160
L 421.8951, -835.7607, 2.9992,  425.8724, -839.6937, 2.8111, 160, 160, 160
L 434.2176, -821.8369, 4.9786,  435.3727, -831.2812, 5.4245, 160, 160, 160
L 445.4375, -814.3819, 4.6273,  434.2176, -821.8369, 4.9786, 160, 160, 160
L 445.4375, -836.3030, 2.6259,  445.4375, -814.3819, 4.6273, 160, 160, 160
L 393.8811, -861.6186, 1.6340,  419.7540, -861.6186, 1.6340, 160, 160, 160
L 393.8811, -813.8224, 1.6340,  393.8811, -861.6186, 1.6340, 160, 160, 160
L 399.4687, -823.7603, 1.6259,  393.8811, -813.8224, 1.6340, 160, 160, 160
L 399.4687, -841.5469, 1.6259,  399.4687, -823.7603, 1.6259, 160, 160, 160
L 399.6770, -842.1990, 1.6259,  399.4687, -841.5469, 1.6259, 160, 160, 160
L 418.9384, -861.2812, 1.6259,  399.6770, -842.1990, 1.6259, 160, 160, 160
L 419.8811, -861.6774, 1.6340,  418.9384, -861.2812, 1.6259, 160, 160, 160
L 425.8724, -839.6937, 2.8111,  419.8811, -861.6774, 1.6340, 160, 160, 160
L 432.1653, -839.8337, 2.6354,  425.8724, -839.6937, 2.8111, 160, 160, 160
L 430.6860, -855.9474, 1.6259,  420.2187, -861.8682, 1.6259, 160, 160, 160
L 432.1664, -839.8324, 2.6259,  429.7320, -856.7350, 1.6259, 160, 160, 160
L 435.9678, -836.3120, 2.6259,  432.1664, -839.8324, 2.6259, 160, 160, 160
L 445.4375, -836.2990, 2.6259,  435.9678, -836.3120, 2.6259, 160, 160, 160
L 445.4375, -848.2612, 1.6259,  445.4375, -836.2990, 2.6259, 160, 160, 160
L 422.2187, -863.7571, 1.6259,  421.9268, -866.3120, 0.6260, 160, 160, 160
L 421.7855, -863.2812, 1.6259,  422.2187, -863.7571, 1.6259, 160, 160, 160
L 420.2182, -863.2812, 1.6259,  421.7855, -863.2812, 1.6259, 160, 160, 160
L 420.2187, -861.8682, 1.6259,  420.2182, -863.2812, 1.6259, 160, 160, 160
L 445.4375, -848.2612, 1.6259,  429.7320, -856.7350, 1.6259, 160, 160, 160
L 445.4375, -861.2812, 1.6259,  445.4375, -848.2612, 1.6259, 160, 160, 160
L 433.8326, -861.2812, 1.6259,  445.4375, -861.2812, 1.6259, 160, 160, 160
L 433.4375, -861.7430, 1.6259,  433.8326, -861.2812, 1.6259, 160, 160, 160
L 433.4375, -863.2812, 1.6259,  433.4375, -861.7430, 1.6259, 160, 160, 160
L 430.8912, -866.3120, 0.6260,  433.4375, -866.3120, 0.6260, 160, 160, 160
L 431.8715, -863.2812, 1.6259,  433.4375, -863.2812, 1.6259, 160, 160, 160
L 431.4375, -863.7961, 1.6259,  431.8715, -863.2812, 1.6259, 160, 160, 160
L 431.4375, -866.2990, 1.6259,  431.4375, -863.7961, 1.6259, 160, 160, 160
L 448.1714, -811.5788, 0.6260,  448.1875, -831.2913, 0.6260, 160, 160, 160
L 447.7221, -811.3125, 0.6260,  448.1714, -811.5788, 0.6260, 160, 160, 160
L 391.9585, -811.3124, 0.6260,  447.7221, -811.3125, 0.6260, 160, 160, 160
L 391.4687, -811.8357, 0.6260,  391.9585, -811.3124, 0.6260, 160, 160, 160
L 391.4893, -867.7784, 0.6260,  391.4687, -811.8357, 0.6260, 160, 160, 160
L 392.1580, -868.3120, 0.6260,  391.4893, -867.7784, 0.6260, 160, 160, 160
L 419.8469, -868.3120, 0.6260,  392.1580, -868.3120, 0.6260, 160, 160, 160
L 420.2187, -867.6531, 0.6260,  419.8469, -868.3120, 0.6260, 160, 160, 160
L 420.2187, -866.3120, 0.6260,  420.2187, -867.6531, 0.6260, 160, 160, 160
L 431.4375, -866.2990, 0.6260,  420.2187, -866.3120, 0.6260, 160, 160, 160
L 433.4375, -867.5976, 0.6260,  433.4375, -866.2980, 0.6260, 160, 160, 160
L 433.9936, -868.3120, 0.6260,  433.4375, -867.5976, 0.6260, 160, 160, 160
L 447.6007, -868.3120, 0.6260,  433.9936, -868.3120, 0.6260, 160, 160, 160
L 448.1875, -867.6341, 0.6260,  447.6007, -868.3120, 0.6260, 160, 160, 160
L 448.1875, -828.7920, 0.6260,  448.1875, -867.6341, 0.6260, 160, 160, 160
L 443.9338, -781.3125, 1.6259,  445.7712, -781.3125, 1.6259, 160, 160, 160
L 443.4375, -781.9059, 1.6259,  443.9338, -781.3125, 1.6259, 160, 160, 160
L 443.4375, -783.3125, 1.6259,  443.4375, -781.9059, 1.6259, 160, 160, 160
L 441.8754, -783.3125, 1.6259,  443.4375, -783.3125, 1.6259, 160, 160, 160
L 441.4375, -783.8429, 1.6259,  441.8754, -783.3125, 1.6259, 160, 160, 160
L 441.4375, -795.3125, 1.6259,  441.4375, -783.8429, 1.6259, 160, 160, 160
L 394.2187, -795.3125, 1.6259,  441.4375, -795.3125, 1.6259, 160, 160, 160
L 394.2187, -758.6240, 1.6259,  394.2187, -795.3125, 1.6259, 160, 160, 160
L 441.4375, -758.6110, 1.6259,  394.2187, -758.6240, 1.6259, 160, 160, 160
L 441.4375, -769.5965, 1.6259,  441.4375, -758.6110, 1.6259, 160, 160, 160
L 442.3800, -770.6240, 1.6259,  441.4375, -769.5965, 1.6259, 160, 160, 160
L 443.4375, -770.6240, 1.6259,  442.3800, -770.6240, 1.6259, 160, 160, 160
L 443.4375, -771.6722, 1.6259,  443.4375, -770.6240, 1.6259, 160, 160, 160
L 444.2400, -772.6250, 1.6259,  443.4375, -771.6722, 1.6259, 160, 160, 160
L 445.8414, -772.6120, 1.6233,  444.2400, -772.6250, 1.6259, 160, 160, 160
L 391.9377, -755.3125, 0.6260,  399.1114, -755.3125, 0.6260, 160, 160, 160
L 391.4687, -755.8808, 0.6260,  391.9377, -755.3125, 0.6260, 160, 160, 160
L 391.4687, -797.4332, 0.6260,  391.4687, -755.8808, 0.6260, 160, 160, 160
L 392.2441, -798.6250, 0.6260,  391.4687, -797.4332, 0.6260, 160, 160, 160
L 447.5803, -798.6240, 0.6260,  392.2441, -798.6250, 0.6260, 160, 160, 160
L 448.1875, -797.5634, 0.6260,  447.5803, -798.6240, 0.6260, 160, 160, 160
L 448.1875, -783.7648, 0.6260,  448.1875, -797.5634, 0.6260, 160, 160, 160
L 447.7280, -783.3125, 0.6260,  448.1875, -783.7648, 0.6260, 160, 160, 160
L 446.1875, -783.3125, 0.6260,  447.7280, -783.3125, 0.6260, 160, 160, 160
L 446.1875, -770.6240, 0.6260,  446.1875, -783.3125, 0.6260, 160, 160, 160
L 447.8061, -770.6240, 0.6260,  446.1875, -770.6240, 0.6260, 160, 160, 160
L 448.1875, -769.4946, 0.6260,  447.8061, -770.6240, 0.6260, 160, 160, 160
L 448.1875, -755.8671, 0.6260,  448.1875, -769.4946, 0.6260, 160, 160, 160
L 447.5851, -755.3125, 0.6260,  448.1875, -755.8671, 0.6260, 160, 160, 160
L 416.2187, -755.3125, 0.6260,  447.5851, -755.3125, 0.6260, 160, 160, 160
L 416.3892, -753.7242, 0.6260,  416.2187, -755.3125, 0.6260, 160, 160, 160
L 415.6326, -753.3125, 0.6260,  416.3892, -753.7242, 0.6260, 160, 160, 160
L 414.1650, -753.2947, 0.6260,  415.6326, -753.3125, 0.6260, 160, 160, 160
L 413.3969, -753.6038, 0.6260,  414.1650, -753.2947, 0.6260, 160, 160, 160
L 411.6884, -755.3125, 0.6260,  413.3969, -753.6038, 0.6260, 160, 160, 160
L 397.9420, -755.3125, 0.6260,  411.6884, -755.3125, 0.6260, 160, 160, 160
L 363.4687, -742.6730, 13.6259,  363.4687, -755.3125, 13.6259, 160, 160, 160
L 362.4796, -755.3125, 12.6259,  362.4687, -742.1082, 12.6259, 160, 160, 160
L 361.4687, -755.3125, 11.6259,  362.4796, -755.3125, 12.6259, 160, 160, 160
L 361.4798, -742.9020, 11.6259,  361.4687, -755.3125, 11.6259, 160, 160, 160
L 360.4730, -755.3125, 10.6259,  360.4687, -742.1142, 10.6259, 160, 160, 160
L 359.4802, -755.3125, 9.6259,  359.4687, -742.2560, 9.6259, 160, 160, 160
L 358.4687, -755.3125, 8.6259,  359.4802, -755.3125, 9.6259, 160, 160, 160
L 358.4687, -742.8300, 8.6259,  358.4687, -755.3125, 8.6259, 160, 160, 160
L 357.4687, -755.3125, 7.6260,  357.4687, -742.3100, 7.6260, 160, 160, 160
L 356.4687, -755.3125, 6.6260,  357.4687, -755.3125, 7.6260, 160, 160, 160
L 356.4787, -742.2250, 6.6260,  356.4687, -755.3125, 6.6260, 160, 160, 160
L 355.4687, -742.1498, 5.6260,  356.4787, -742.2250, 6.6260, 160, 160, 160
L 355.4687, -755.3124, 5.6260,  355.4687, -742.1498, 5.6260, 160, 160, 160
L 354.4687, -755.3125, 4.6260,  354.4687, -742.1940, 4.6260, 160, 160, 160
L 353.4687, -755.3125, 3.6259,  353.4687, -742.6190, 3.6259, 160, 160, 160
L 352.4687, -755.3125, 2.6259,  353.4687, -755.3125, 3.6259, 160, 160, 160
L 352.4687, -742.1639, 2.6259,  352.4687, -755.3125, 2.6259, 160, 160, 160
L 351.4687, -755.3125, 1.6259,  351.4687, -741.8857, 1.6259, 160, 160, 160
L 375.3971, -742.3481, 14.6259,  350.5000, -742.2444, 0.6260, 160, 160, 160
L 375.4714, -755.6425, 14.6259,  375.3971, -742.3481, 14.6259, 160, 160, 160
L 375.4687, -795.3125, 14.6259,  375.4687, -755.8917, 14.6259, 160, 160, 160
L 349.2139, -795.3124, 14.6259,  375.4687, -795.3125, 14.6259, 160, 160, 160
L 338.2500, -785.9116, 13.6259,  338.2500, -795.3124, 13.6259, 160, 160, 160
L 338.1537, -785.4065, 13.6259,  338.2500, -785.9116, 13.6259, 160, 160, 160
L 332.2500, -773.5988, 13.6259,  338.1537, -785.4065, 13.6259, 160, 160, 160
L 332.2500, -768.6250, 13.6259,  332.2500, -773.5988, 13.6259, 160, 160, 160
L 337.7898, -768.6410, 13.6259,  332.2500, -768.6250, 13.6259, 160, 160, 160
L 349.3718, -773.8550, 13.6259,  337.7898, -768.6410, 13.6259, 160, 160, 160
L 343.6200, -785.3585, 13.6259,  349.3718, -773.8550, 13.6259, 160, 160, 160
L 343.6104, -785.9752, 13.6259,  343.6200, -785.3585, 13.6259, 160, 160, 160
L 349.2139, -795.3124, 13.6259,  343.6104, -785.9752, 13.6259, 160, 160, 160
L 338.2490, -795.3124, 13.6259,  349.2139, -795.3124, 13.6259, 160, 160, 160
L 337.8509, -795.3124, 14.6259,  338.2490, -795.3124, 13.6259, 160, 160, 160
L 324.2495, -795.3125, 14.6259,  337.8509, -795.3124, 14.6259, 160, 160, 160
L 324.2500, -795.4384, 14.6260,  324.2495, -795.3125, 14.6259, 160, 160, 160
L 324.2500, -758.6250, 14.6259,  324.2500, -795.4384, 14.6260, 160, 160, 160
L 365.7995, -758.6240, 14.6259,  324.2500, -758.6250, 14.6259, 160, 160, 160
L 366.2187, -757.5800, 14.6259,  365.7995, -758.6240, 14.6259, 160, 160, 160
L 366.2187, -755.7729, 14.6259,  366.2187, -757.5800, 14.6259, 160, 160, 160
L 365.7966, -755.3125, 14.6259,  366.2187, -755.7729, 14.6259, 160, 160, 160
L 350.5120, -755.3125, 0.6260,  365.7966, -755.3125, 14.6259, 160, 160, 160
L 326.2500, -771.6227, 1.6259,  325.5754, -772.6250, 0.6260, 160, 160, 160
L 326.2500, -770.6240, 1.6259,  326.2500, -771.6227, 1.6259, 160, 160, 160
L 323.5000, -783.3125, 0.6260,  323.5131, -780.9170, 0.6260, 160, 160, 160
L 323.5000, -770.6240, 0.6260,  321.9522, -770.6240, 0.6260, 160, 160, 160
L 323.5124, -772.4012, 0.6260,  323.5000, -770.6240, 0.6260, 160, 160, 160
L 326.2497, -783.3125, 1.6259,  326.8100, -781.2278, 1.6259, 160, 160, 160
L 327.6823, -783.3125, 1.6259,  326.2497, -783.3125, 1.6259, 160, 160, 160
L 328.2500, -783.6938, 1.6259,  327.6823, -783.3125, 1.6259, 160, 160, 160
L 328.2493, -795.3125, 1.6259,  328.2500, -783.6938, 1.6259, 160, 160, 160
L 375.4687, -795.3125, 1.6259,  328.2493, -795.3125, 1.6259, 160, 160, 160
L 375.4687, -758.6240, 1.6259,  375.4687, -795.3125, 1.6259, 160, 160, 160
L 328.2500, -758.6250, 1.6259,  375.4687, -758.6240, 1.6259, 160, 160, 160
L 328.2500, -769.3102, 1.6259,  328.2500, -758.6250, 1.6259, 160, 160, 160
L 327.7289, -770.6240, 1.6259,  328.2500, -769.3102, 1.6259, 160, 160, 160
L 326.2500, -770.6240, 1.6259,  327.7289, -770.6240, 1.6259, 160, 160, 160
L 326.2499, -771.6935, 1.6259,  326.2500, -770.6240, 1.6259, 160, 160, 160
L 325.6546, -772.6250, 0.6260,  323.5000, -772.6150, 0.6260, 160, 160, 160
L 325.5695, -781.2486, 0.6260,  325.6546, -772.6250, 0.6260, 160, 160, 160
L 323.5000, -781.3333, 0.6260,  326.8100, -781.2278, 0.6260, 160, 160, 160
L 350.5000, -755.3125, 0.6260,  321.5002, -755.3129, 0.6260, 160, 160, 160
L 350.5000, -741.8859, 0.6260,  350.5000, -755.3125, 0.6260, 160, 160, 160
L 350.9350, -741.3437, 0.6260,  350.5000, -741.8859, 0.6260, 160, 160, 160
L 375.6983, -741.3437, 0.6260,  350.9350, -741.3437, 0.6260, 160, 160, 160
L 376.2187, -741.7408, 0.6260,  375.6983, -741.3437, 0.6260, 160, 160, 160
L 376.2180, -755.3125, 0.6260,  376.2187, -741.7408, 0.6260, 160, 160, 160
L 377.7375, -755.3125, 0.6260,  376.2180, -755.3125, 0.6260, 160, 160, 160
L 378.2187, -755.8290, 0.6260,  377.7375, -755.3125, 0.6260, 160, 160, 160
L 378.2187, -797.5851, 0.6260,  378.2187, -755.8290, 0.6260, 160, 160, 160
L 377.5545, -798.6250, 0.6260,  378.2187, -797.5851, 0.6260, 160, 160, 160
L 322.1802, -798.6250, 0.6260,  377.5545, -798.6250, 0.6260, 160, 160, 160
L 321.5000, -797.4365, 0.6260,  322.1802, -798.6250, 0.6260, 160, 160, 160
L 321.5000, -783.8658, 0.6260,  321.5000, -797.4365, 0.6260, 160, 160, 160
L 322.9210, -783.3125, 0.6260,  321.5000, -783.8658, 0.6260, 160, 160, 160
L 323.5000, -783.3125, 0.6260,  322.9210, -783.3125, 0.6260, 160, 160, 160
L 323.5000, -772.6150, 0.6260,  323.5000, -781.3333, 0.6260, 160, 160, 160
L 322.5680, -770.6240, 0.6260,  323.5000, -770.6240, 0.6260, 160, 160, 160
L 321.5000, -769.4633, 0.6260,  322.5680, -770.6240, 0.6260, 160, 160, 160
L 321.5002, -755.3129, 0.6260,  321.5000, -769.4633, 0.6260, 160, 160, 160
L 296.8822, -772.6240, 0.6260,  294.9730, -772.6240, 0.6260, 160, 160, 160
L 297.2500, -771.4831, 0.6260,  296.8822, -772.6240, 0.6260, 160, 160, 160
L 297.2500, -769.9977, 0.6260,  297.2500, -771.4831, 0.6260, 160, 160, 160
L 296.9062, -769.3137, 0.6260,  297.2500, -769.9977, 0.6260, 160, 160, 160
L 208.7810, -769.3125, 14.6259,  296.9062, -769.3137, 0.6260, 160, 160, 160
L 207.5312, -769.7699, 14.6259,  208.7810, -769.3125, 14.6259, 160, 160, 160
L 207.5312, -783.5983, 14.6259,  207.5312, -769.7699, 14.6259, 160, 160, 160
L 207.9867, -784.6250, 14.6259,  207.5312, -783.5983, 14.6259, 160, 160, 160
L 209.5124, -784.6250, 14.6259,  207.9867, -784.6250, 14.6259, 160, 160, 160
L 205.6547, -789.5113, 14.6259,  209.5124, -784.6250, 14.6259, 160, 160, 160
L 197.8594, -793.5439, 14.6259,  205.6547, -789.5113, 14.6259, 160, 160, 160
L 193.9267, -793.3724, 14.6259,  197.8594, -793.5439, 14.6259, 160, 160, 160
L 185.8023, -789.6407, 14.5998,  193.9267, -793.3724, 14.6259, 160, 160, 160
L 182.3000, -784.6250, 14.6259,  185.8023, -789.6407, 14.5998, 160, 160, 160
L 183.9538, -784.6200, 14.6259,  182.3000, -784.6250, 14.6259, 160, 160, 160
L 184.3125, -783.3301, 14.6259,  183.9538, -784.6200, 14.6259, 160, 160, 160
L 184.3125, -769.9781, 14.6259,  184.3125, -783.3301, 14.6259, 160, 160, 160
L 183.7692, -769.3125, 14.6259,  184.3125, -769.9781, 14.6259, 160, 160, 160
L 95.1607, -769.3125, 0.6260,  183.7692, -769.3125, 14.6259, 160, 160, 160
L 94.5938, -769.8113, 0.6260,  95.1607, -769.3125, 0.6260, 160, 160, 160
L 94.5938, -771.5710, 0.6260,  94.5938, -769.8113, 0.6260, 160, 160, 160
L 95.2676, -772.6240, 0.6260,  94.5938, -771.5710, 0.6260, 160, 160, 160
L 97.9796, -772.6240, 0.6256,  95.2676, -772.6240, 0.6260, 160, 160, 160
L 94.9564, -739.3438, 0.6260,  97.7250, -739.3437, 0.6260, 160, 160, 160
L 94.5938, -739.7368, 0.6260,  94.9564, -739.3438, 0.6260, 160, 160, 160
L 94.5938, -741.6194, 0.6260,  94.5938, -739.7368, 0.6260, 160, 160, 160
L 94.9711, -742.9370, 0.6260,  94.5938, -741.6194, 0.6260, 160, 160, 160
L 183.6054, -742.9370, 14.6259,  94.9711, -742.9370, 0.6260, 160, 160, 160
L 184.3125, -741.3618, 14.6259,  183.6054, -742.9370, 14.6259, 160, 160, 160
L 184.3125, -727.9292, 14.6259,  184.3125, -741.3618, 14.6259, 160, 160, 160
L 183.7766, -727.3437, 14.6259,  184.3125, -727.9292, 14.6259, 160, 160, 160
L 182.2537, -727.3437, 14.6259,  183.7766, -727.3437, 14.6259, 160, 160, 160
L 185.9004, -721.8365, 14.6259,  182.2537, -727.3437, 14.6259, 160, 160, 160
L 193.8265, -717.9301, 14.6259,  185.9004, -721.8365, 14.6259, 160, 160, 160
L 198.2699, -717.8926, 14.6257,  193.8265, -717.9301, 14.6259, 160, 160, 160
L 205.7587, -721.9809, 14.6259,  198.2699, -717.8926, 14.6257, 160, 160, 160
L 209.5623, -727.3437, 14.6259,  205.7587, -721.9809, 14.6259, 160, 160, 160
L 207.9602, -727.3437, 14.6259,  209.5623, -727.3437, 14.6259, 160, 160, 160
L 207.5312, -728.7419, 14.6259,  207.9602, -727.3437, 14.6259, 160, 160, 160
L 207.5312, -741.5143, 14.6259,  207.5312, -728.7419, 14.6259, 160, 160, 160
L 208.8610, -742.9370, 14.6259,  207.5312, -741.5143, 14.6259, 160, 160, 160
L 296.7432, -742.2192, 0.6260,  208.8610, -742.9370, 14.6259, 160, 160, 160
L 297.2500, -741.5448, 0.6260,  296.7432, -742.2192, 0.6260, 160, 160, 160
L 297.2721, -739.7590, 0.6260,  297.2500, -741.5448, 0.6260, 160, 160, 160
L 296.6614, -739.3437, 0.6260,  297.2721, -739.7590, 0.6260, 160, 160, 160
L 293.9157, -739.3437, 0.6260,  296.6614, -739.3437, 0.6260, 160, 160, 160
L 139.5825, -490.1875, -27.3739,  -97.8134, -490.1875, -27.3739, 160, 160, 160
L 140.4269, -489.8532, -27.3739,  139.5825, -490.1875, -27.3739, 160, 160, 160
L 154.8000, -476.2001, -27.3739,  140.4269, -489.8532, -27.3739, 160, 160, 160
L 154.3125, -475.8086, -27.3739,  154.8000, -476.2001, -27.3739, 160, 160, 160
L 154.3125, -447.9678, -27.3739,  154.3125, -475.8086, -27.3739, 160, 160, 160
L 168.9280, -434.1875, -27.3739,  154.3125, -447.9678, -27.3739, 160, 160, 160
L 251.8060, -434.1875, -27.3739,  168.9280, -434.1875, -27.3739, 160, 160, 160
L 252.2812, -433.6453, -27.3739,  251.8060, -434.1875, -27.3739, 160, 160, 160
L 252.2812, -350.4390, -27.3739,  252.2812, -433.6453, -27.3739, 160, 160, 160
L 265.7506, -308.2499, -32.1649,  265.6118, -308.2500, -40.9324, 160, 160, 160
L 279.5000, -322.3010, -30.2419,  265.7506, -308.2499, -32.1649, 160, 160, 160
L 279.5000, -433.5242, -27.3739,  279.5000, -322.3010, -30.2419, 160, 160, 160
L 280.2314, -434.1875, -27.3739,  279.5000, -433.5242, -27.3739, 160, 160, 160
L 391.6883, -434.1874, -27.3739,  280.2314, -434.1875, -27.3739, 160, 160, 160
L 405.4687, -447.9678, -27.3739,  391.6883, -434.1874, -27.3739, 160, 160, 160
L 405.4687, -475.7919, -27.3739,  405.4687, -447.9678, -27.3739, 160, 160, 160
L 406.2550, -476.1875, -27.3739,  405.4687, -475.7919, -27.3739, 160, 160, 160
L 433.4375, -476.1875, -26.1134,  406.2550, -476.1875, -27.3739, 160, 160, 160
L 154.3125, 434.1899, -2.3740,  154.3125, 475.4375, -2.3740, 160, 160, 160
L 153.7672, 433.4375, -2.3740,  154.3125, 434.1899, -2.3740, 160, 160, 160
L 154.3098, 475.4375, -2.3740,  167.8245, 475.4375, -2.3740, 160, 160, 160
L 98.3435, 489.4375, 0.6260,  98.3417, 475.7731, 0.6260, 160, 160, 160
L 111.7934, 489.4375, 0.6260,  98.3435, 489.4375, 0.6260, 160, 160, 160
L 112.3436, 489.9950, 0.6260,  111.7934, 489.4375, 0.6260, 160, 160, 160
L 112.3436, 503.6489, 0.6260,  112.3436, 489.9950, 0.6260, 160, 160, 160
L 111.7959, 504.1875, 0.6260,  112.3436, 503.6489, 0.6260, 160, 160, 160
L 98.3436, 504.1874, 0.6260,  111.7959, 504.1875, 0.6260, 160, 160, 160
L 98.3435, 517.4062, 0.6260,  98.3436, 504.1874, 0.6260, 160, 160, 160
L 111.7793, 517.4062, 0.6260,  98.3435, 517.4062, 0.6260, 160, 160, 160
L 112.3436, 518.1340, 0.6260,  111.7793, 517.4062, 0.6260, 160, 160, 160
L 112.3436, 521.6586, 0.6260,  112.3436, 518.1340, 0.6260, 160, 160, 160
L 111.9857, 522.2299, 0.6260,  112.3436, 521.6586, 0.6260, 160, 160, 160
L 110.1389, 523.5490, 0.6260,  111.9857, 522.2299, 0.6260, 160, 160, 160
L -304.6130, 52.3408, 0.6260,  -303.8967, 51.4602, 0.6260, 160, 160, 160
L -276.2744, 88.6610, 0.6260,  -304.6130, 52.3408, 0.6260, 160, 160, 160
L -275.4415, 88.6430, 0.6260,  -276.2744, 88.6610, 0.6260, 160, 160, 160
L -271.6662, 84.2592, 0.6260,  -275.4415, 88.6430, 0.6260, 160, 160, 160
L -299.5081, 47.8295, 0.6260,  -271.6662, 84.2592, 0.6260, 160, 160, 160
L -300.2588, 47.8222, 0.6260,  -299.5081, 47.8295, 0.6260, 160, 160, 160
L -303.9107, 51.4742, 0.6260,  -300.2588, 47.8222, 0.6260, 160, 160, 160
L 98.4068, 531.9292, 0.6260,  111.8815, 522.3043, 0.6260, 160, 160, 160
L 97.9692, 532.1562, 0.6260,  98.4068, 531.9292, 0.6260, 160, 160, 160
L 56.3436, 532.1561, 0.6260,  97.9692, 532.1562, 0.6260, 160, 160, 160
L 56.3436, 559.6627, 0.6260,  56.3436, 532.1561, 0.6260, 160, 160, 160
L 55.8361, 560.1562, 0.6260,  56.3436, 559.6627, 0.6260, 160, 160, 160
L 42.3436, 560.1561, 0.6260,  55.8361, 560.1562, 0.6260, 160, 160, 160
L 42.3436, 601.3750, 0.6260,  42.3436, 560.1561, 0.6260, 160, 160, 160
L 55.6687, 601.3749, 0.6260,  42.3436, 601.3750, 0.6260, 160, 160, 160
L 56.3436, 602.8010, 0.6260,  55.6687, 601.3749, 0.6260, 160, 160, 160
L 56.3436, 629.6669, 0.6260,  56.3436, 602.8010, 0.6260, 160, 160, 160
L 55.5861, 630.1249, 0.6260,  56.3436, 629.6669, 0.6260, 160, 160, 160
L 42.1212, 630.1249, 0.6260,  55.5861, 630.1249, 0.6260, 160, 160, 160
L 41.5936, 629.4733, 0.6260,  42.1212, 630.1249, 0.6260, 160, 160, 160
L 41.5938, 616.1233, 0.6260,  41.5936, 629.4733, 0.6260, 160, 160, 160
L 0.3750, 616.1249, 0.6260,  41.5938, 616.1233, 0.6260, 160, 160, 160
L 0.3750, 657.3750, 0.6260,  0.3750, 616.1249, 0.6260, 160, 160, 160
L 41.5936, 657.3750, 0.6260,  0.3750, 657.3750, 0.6260, 160, 160, 160
L 41.5938, 643.9845, 0.6260,  41.5936, 657.3750, 0.6260, 160, 160, 160
L 42.1903, 643.3749, 0.6260,  41.5938, 643.9845, 0.6260, 160, 160, 160
L 55.7396, 643.3750, 0.6260,  42.1903, 643.3749, 0.6260, 160, 160, 160
L 56.3436, 644.3270, 0.6260,  55.7396, 643.3750, 0.6260, 160, 160, 160
L 56.3436, 671.5647, 0.6260,  56.3436, 644.3270, 0.6260, 160, 160, 160
L 55.7948, 672.9370, 0.6260,  56.3436, 671.5647, 0.6260, 160, 160, 160
L 28.3750, 672.9360, 0.6260,  55.7948, 672.9370, 0.6260, 160, 160, 160
L 28.3750, 695.3437, 0.6260,  28.3750, 672.9360, 0.6260, 160, 160, 160
L 29.8713, 695.3437, 0.6260,  28.3750, 695.3437, 0.6260, 160, 160, 160
L 30.3750, 695.8821, 0.6260,  29.8713, 695.3437, 0.6260, 160, 160, 160
L 30.3750, 697.5771, 0.6260,  30.3750, 695.8821, 0.6260, 160, 160, 160
L 29.7408, 698.9370, 0.6260,  30.3750, 697.5771, 0.6260, 160, 160, 160
L 28.3750, 698.9370, 0.6260,  29.7408, 698.9370, 0.6260, 160, 160, 160
L 28.3750, 699.6885, 0.6260,  28.3750, 698.9370, 0.6260, 160, 160, 160
L 27.7787, 700.9370, 0.6260,  28.3750, 699.6885, 0.6260, 160, 160, 160
L 0.1554, 700.9370, 0.6260,  27.7787, 700.9370, 0.6260, 160, 160, 160
L -13.6250, 713.8740, 0.6260,  0.1554, 700.9370, 0.6260, 160, 160, 160
L -13.6250, 727.5634, 0.6260,  -13.6250, 713.8740, 0.6260, 160, 160, 160
L 0.1553, 741.3437, 0.6260,  -13.6250, 727.5634, 0.6260, 160, 160, 160
L 69.5936, 741.3437, 0.6260,  0.1553, 741.3437, 0.6260, 160, 160, 160
L 69.5938, 700.9370, 0.6260,  69.5936, 741.3437, 0.6260, 160, 160, 160
L 42.4410, 700.9370, 0.6260,  69.5938, 700.9370, 0.6260, 160, 160, 160
L 41.5938, 699.6103, 0.6260,  42.4410, 700.9370, 0.6260, 160, 160, 160
L 41.5938, 698.9250, 0.6260,  41.5938, 699.6103, 0.6260, 160, 160, 160
L 39.8318, 698.6780, 0.6260,  41.5938, 698.9250, 0.6260, 160, 160, 160
L 39.5938, 697.4525, 0.6260,  39.8318, 698.6780, 0.6260, 160, 160, 160
L 39.5938, 695.9265, 0.6260,  39.5938, 697.4525, 0.6260, 160, 160, 160
L 40.2507, 695.3437, 0.6260,  39.5938, 695.9265, 0.6260, 160, 160, 160
L 41.5936, 695.3437, 0.6260,  40.2507, 695.3437, 0.6260, 160, 160, 160
L 41.5938, 686.9000, 0.6260,  41.5936, 695.3437, 0.6260, 160, 160, 160
L 42.1728, 685.3437, 0.6260,  41.5938, 686.9000, 0.6260, 160, 160, 160
L 69.5936, 685.3437, 0.6260,  42.1728, 685.3437, 0.6260, 160, 160, 160
L 69.5938, 601.8672, 0.6260,  69.5936, 685.3437, 0.6260, 160, 160, 160
L 70.4810, 601.3749, 0.6260,  69.5938, 601.8672, 0.6260, 160, 160, 160
L 83.5938, 601.3750, 0.6260,  70.4810, 601.3749, 0.6260, 160, 160, 160
L 83.5938, 560.1562, 0.6260,  83.5938, 601.3750, 0.6260, 160, 160, 160
L 70.8650, 560.1562, 0.6260,  83.5938, 560.1562, 0.6260, 160, 160, 160
L 69.5938, 559.4207, 0.6260,  70.8650, 560.1562, 0.6260, 160, 160, 160
L 69.5938, 545.8514, 0.6260,  69.5938, 559.4207, 0.6260, 160, 160, 160
L 70.1440, 545.4062, 0.6260,  69.5938, 545.8514, 0.6260, 160, 160, 160
L 97.8288, 545.4062, 0.6260,  70.1440, 545.4062, 0.6260, 160, 160, 160
L 98.3355, 545.6177, 0.6260,  97.8288, 545.4062, 0.6260, 160, 160, 160
L 111.9634, 559.2455, 0.6260,  98.3355, 545.6177, 0.6260, 160, 160, 160
L 112.3436, 559.9679, 0.7220,  111.9634, 559.2455, 0.6260, 160, 160, 160
L 112.3436, 573.4062, 6.6012,  112.3436, 559.9679, 0.7220, 160, 160, 160
L 139.5625, 573.4062, 6.6012,  112.3436, 573.4062, 6.6012, 160, 160, 160
L 139.5720, 559.6970, 0.6260,  139.5625, 573.4062, 6.6012, 160, 160, 160
L 139.9393, 559.2490, 0.6260,  139.5720, 559.6970, 0.6260, 160, 160, 160
L 153.4595, 545.7287, 0.6260,  139.9393, 559.2490, 0.6260, 160, 160, 160
L 154.1935, 545.4062, 0.6260,  153.4595, 545.7287, 0.6260, 160, 160, 160
L 167.7735, 545.4062, 0.6260,  154.1935, 545.4062, 0.6260, 160, 160, 160
L 168.3125, 545.8840, 0.6260,  167.7735, 545.4062, 0.6260, 160, 160, 160
L 168.3125, 547.4062, 0.6260,  168.3125, 545.8840, 0.6260, 160, 160, 160
L 181.5625, 547.4062, 0.6260,  168.3125, 547.4062, 0.6260, 160, 160, 160
L 181.5625, 545.9592, 0.6260,  181.5625, 547.4062, 0.6260, 160, 160, 160
L 182.2408, 545.4062, 0.6260,  181.5625, 545.9592, 0.6260, 160, 160, 160
L 211.5312, 545.4062, 0.6260,  182.2408, 545.4062, 0.6260, 160, 160, 160
L 211.5312, 543.9600, 0.6260,  211.5312, 545.4062, 0.6260, 160, 160, 160
L 212.5490, 543.4062, 0.6260,  211.5312, 543.9600, 0.6260, 160, 160, 160
L 213.8036, 543.4062, 0.6260,  212.5490, 543.4062, 0.6260, 160, 160, 160
L 214.2812, 543.8718, 0.6260,  213.8036, 543.4062, 0.6260, 160, 160, 160
L 214.2812, 545.4062, 0.6260,  214.2812, 543.8718, 0.6260, 160, 160, 160
L 237.5312, 545.4062, 0.6260,  214.2812, 545.4062, 0.6260, 160, 160, 160
L 237.5312, 532.5309, 0.6260,  237.5312, 545.4062, 0.6260, 160, 160, 160
L 238.8030, 531.4062, 0.6260,  237.5312, 532.5309, 0.6260, 160, 160, 160
L 245.5312, 531.4062, 0.6260,  238.8030, 531.4062, 0.6260, 160, 160, 160
L 245.5312, 518.1562, 0.6260,  245.5312, 531.4062, 0.6260, 160, 160, 160
L 224.2812, 518.1561, 0.6260,  245.5312, 518.1562, 0.6260, 160, 160, 160
L 224.2812, 531.6684, 0.6260,  224.2812, 518.1561, 0.6260, 160, 160, 160
L 223.6420, 532.1562, 0.6260,  224.2812, 531.6684, 0.6260, 160, 160, 160
L 214.2812, 532.1562, 0.6260,  223.6420, 532.1562, 0.6260, 160, 160, 160
L 214.2812, 533.5507, 0.6260,  214.2812, 532.1562, 0.6260, 160, 160, 160
L 213.8298, 534.1562, 0.6260,  214.2812, 533.5507, 0.6260, 160, 160, 160
L 212.1863, 534.1562, 0.6260,  213.8298, 534.1562, 0.6260, 160, 160, 160
L 211.5312, 533.5869, 0.6260,  212.1863, 534.1562, 0.6260, 160, 160, 160
L 211.5312, 532.1562, 0.6260,  211.5312, 533.5869, 0.6260, 160, 160, 160
L 154.1350, 532.1562, 0.6260,  211.5312, 532.1562, 0.6260, 160, 160, 160
L 153.4274, 531.8777, 0.6260,  154.1350, 532.1562, 0.6260, 160, 160, 160
L 139.7792, 522.1290, 0.6260,  153.4274, 531.8777, 0.6260, 160, 160, 160
L 139.5625, 521.6299, 0.6260,  139.7792, 522.1290, 0.6260, 160, 160, 160
L 139.5625, 518.1150, 0.6260,  139.5625, 521.6299, 0.6260, 160, 160, 160
L 140.1021, 517.4062, 0.6260,  139.5625, 518.1150, 0.6260, 160, 160, 160
L 153.5625, 517.4062, 0.6260,  140.1021, 517.4062, 0.6260, 160, 160, 160
L 153.5625, 504.1875, 0.6260,  153.5625, 517.4062, 0.6260, 160, 160, 160
L 140.1467, 504.1875, 0.6260,  153.5625, 504.1875, 0.6260, 160, 160, 160
L 139.5625, 503.5063, 0.6260,  140.1467, 504.1875, 0.6260, 160, 160, 160
L 139.5625, 489.9417, 0.6260,  139.5625, 503.5063, 0.6260, 160, 160, 160
L 140.1610, 489.4375, 0.6260,  139.5625, 489.9417, 0.6260, 160, 160, 160
L 153.5625, 489.4375, 0.6260,  140.1610, 489.4375, 0.6260, 160, 160, 160
L 153.5634, 475.7855, 0.6260,  153.5625, 489.4375, 0.6260, 160, 160, 160
L 98.3366, 417.9162, 3.6259,  100.1709, 438.1875, 0.6260, 160, 160, 160
L 98.3436, 380.2300, 3.6259,  98.3366, 417.9162, 3.6259, 160, 160, 160
L 100.2365, 359.8405, 2.6259,  98.3436, 380.2300, 3.6259, 160, 160, 160
L 99.5938, 359.9116, 0.6260,  100.2365, 359.8405, 2.6259, 160, 160, 160
L 100.1448, 359.4687, 0.6260,  99.5938, 359.9116, 0.6260, 160, 160, 160
L 109.9856, 359.4691, 0.6260,  100.1448, 359.4687, 0.6260, 160, 160, 160
L 109.9442, 359.7812, 2.6130,  109.9856, 359.4691, 0.6260, 160, 160, 160
L 111.8118, 379.4986, 3.6259,  109.9442, 359.7812, 2.6130, 160, 160, 160
L 111.5938, 417.7520, 3.6259,  111.8118, 379.4986, 3.6259, 160, 160, 160
L 109.8940, 437.9386, 2.5621,  111.5938, 417.7520, 3.6259, 160, 160, 160
L 110.2266, 438.9240, 0.6260,  109.8940, 437.9386, 2.5621, 160, 160, 160
L 100.5710, 438.1875, 0.6260,  110.2266, 438.9240, 0.6260, 160, 160, 160
L 56.1234, 321.4995, -31.9606,  131.4600, 321.5000, -39.7436, 160, 160, 160
L 41.9022, 447.4375, 0.6260,  41.8162, 447.4375, 0.6260, 160, 160, 160
L 28.3750, 447.4375, 0.6260,  41.9022, 447.4375, 0.6260, 160, 160, 160
L 28.3750, 350.2500, 0.6260,  28.3750, 447.4375, 0.6260, 160, 160, 160
L 223.5622, -13.6250, -41.3427,  89.1158, -13.6250, -41.3427, 160, 160, 160
L 224.3628, -13.9262, -41.3427,  223.5622, -13.6250, -41.3427, 160, 160, 160
L 237.8434, -27.4068, -41.3427,  224.3628, -13.9262, -41.3427, 160, 160, 160
L 238.2812, -28.3323, -41.3427,  237.8434, -27.4068, -41.3427, 160, 160, 160
L 238.2812, -167.6326, -41.3427,  238.2812, -28.3323, -41.3427, 160, 160, 160
L 238.2410, -168.3498, -41.3427,  238.2812, -167.6326, -41.3427, 160, 160, 160
L 224.4896, -181.8843, -41.3427,  238.2410, -168.3498, -41.3427, 160, 160, 160
L 223.7920, -182.3125, -41.3427,  224.4896, -181.8843, -41.3427, 160, 160, 160
L -13.7761, -182.3125, -41.3427,  223.7920, -182.3125, -41.3427, 160, 160, 160
L -14.4779, -181.9899, -41.3427,  -13.7761, -182.3125, -41.3427, 160, 160, 160
L -27.8612, -168.6066, -41.3427,  -14.4779, -181.9899, -41.3427, 160, 160, 160
L -28.3750, -167.7144, -41.3427,  -27.8612, -168.6066, -41.3427, 160, 160, 160
L -28.3750, -28.4578, -41.3427,  -28.3750, -167.7144, -41.3427, 160, 160, 160
L -28.9860, -27.5683, -41.3427,  -28.3750, -28.4578, -41.3427, 160, 160, 160
L -14.5379, -14.7600, -41.3427,  -28.9860, -27.5683, -41.3427, 160, 160, 160
L -13.5448, -13.6250, -41.3427,  -14.5379, -14.7600, -41.3427, 160, 160, 160
L 99.1380, -13.6250, -41.3427,  -13.5448, -13.6250, -41.3427, 160, 160, 160
L 195.7509, 321.5000, -41.3427,  200.2032, 317.4770, -41.3427, 160, 160, 160
L 56.1238, 321.5000, -41.3427,  195.7509, 321.5000, -41.3427, 160, 160, 160
L 42.3436, 307.7196, -41.3427,  56.1238, 321.5000, -41.3427, 160, 160, 160
L 42.3436, 266.6150, -41.3427,  42.3436, 307.7196, -41.3427, 160, 160, 160
L 56.1240, 252.2812, -41.3427,  42.3436, 266.6150, -41.3427, 160, 160, 160
L 97.5294, 252.2812, -41.3427,  56.1240, 252.2812, -41.3427, 160, 160, 160
L 98.3868, 252.1840, -41.3427,  97.5294, 252.2812, -41.3427, 160, 160, 160
L 111.8966, 238.5086, -41.3427,  98.3868, 252.1840, -41.3427, 160, 160, 160
L 112.3436, 237.4288, -41.3427,  111.8966, 238.5086, -41.3427, 160, 160, 160
L 112.3436, 196.3488, -41.3427,  112.3436, 237.4288, -41.3427, 160, 160, 160
L 111.9309, 195.3387, -41.3427,  112.3436, 196.3488, -41.3427, 160, 160, 160
L 98.4249, 181.8629, -41.3427,  111.9309, 195.3387, -41.3427, 160, 160, 160
L 97.6835, 181.5625, -41.3427,  98.4249, 181.8629, -41.3427, 160, 160, 160
L -41.8134, 181.5625, -41.3427,  97.6835, 181.5625, -41.3427, 160, 160, 160
L -55.5938, 167.7821, -41.3427,  -41.8134, 181.5625, -41.3427, 160, 160, 160
L -55.5936, 28.2442, -41.3427,  -55.5938, 167.7821, -41.3427, 160, 160, 160
L -55.9814, 27.4569, -41.3427,  -55.5936, 28.2442, -41.3427, 160, 160, 160
L -69.5079, 13.9304, -41.3427,  -55.9814, 27.4569, -41.3427, 160, 160, 160
L -70.1291, 13.6250, -41.3427,  -69.5079, 13.9304, -41.3427, 160, 160, 160
L -223.4028, 13.6250, -41.3427,  -70.1291, 13.6250, -41.3427, 160, 160, 160
L -224.2710, 13.8346, -41.3427,  -223.4028, 13.6250, -41.3427, 160, 160, 160
L -237.8462, 27.4096, -41.3427,  -224.2710, 13.8346, -41.3427, 160, 160, 160
L -238.2812, 28.2955, -41.3427,  -237.8462, 27.4096, -41.3427, 160, 160, 160
L -238.2812, 69.8134, -41.3427,  -238.2812, 28.2955, -41.3427, 160, 160, 160
L -252.6150, 83.5938, -41.3427,  -238.2812, 69.8134, -41.3427, 160, 160, 160
L -335.7196, 83.5936, -41.3427,  -252.6150, 83.5938, -41.3427, 160, 160, 160
L -349.5000, 69.8134, -41.3427,  -335.7196, 83.5936, -41.3427, 160, 160, 160
L -349.5000, 14.5182, -41.3427,  -349.5000, 69.8134, -41.3427, 160, 160, 160
L -349.7846, 13.5594, -41.3427,  -349.5000, 14.5182, -41.3427, 160, 160, 160
L -363.3731, -0.5940, -41.3427,  -349.7846, 13.5594, -41.3427, 160, 160, 160
L -363.9694, -0.3750, -41.3427,  -363.3731, -0.5940, -41.3427, 160, 160, 160
L -405.4687, -0.3750, -41.3427,  -363.9694, -0.3750, -41.3427, 160, 160, 160
L -405.4687, -27.6250, -41.3427,  -405.4687, -0.3750, -41.3427, 160, 160, 160
L -336.2870, -27.6250, -41.3427,  -405.4687, -27.6250, -41.3427, 160, 160, 160
L -322.2500, -13.8446, -41.3427,  -336.2870, -27.6250, -41.3427, 160, 160, 160
L -322.2500, 41.4851, -41.3427,  -322.2500, -13.8446, -41.3427, 160, 160, 160
L -321.9207, 42.4534, -41.3427,  -322.2500, 41.4851, -41.3427, 160, 160, 160
L -308.5355, 55.8385, -41.3427,  -321.9207, 42.4534, -41.3427, 160, 160, 160
L -307.8310, 56.3436, -41.3427,  -308.5355, 55.8385, -41.3427, 160, 160, 160
L -280.1610, 56.3436, -41.3427,  -307.8310, 56.3436, -41.3427, 160, 160, 160
L -279.4556, 56.7950, -41.3427,  -280.1610, 56.3436, -41.3427, 160, 160, 160
L -265.7658, 42.3588, -41.3427,  -279.4556, 56.7950, -41.3427, 160, 160, 160
L -265.5312, 41.5302, -41.3427,  -265.7658, 42.3588, -41.3427, 160, 160, 160
L -265.5312, 0.1553, -41.3427,  -265.5312, 41.5302, -41.3427, 160, 160, 160
L -251.7509, -13.6250, -41.3427,  -265.5312, 0.1553, -41.3427, 160, 160, 160
L -70.1387, -13.6250, -41.3427,  -251.7509, -13.6250, -41.3427, 160, 160, 160
L -69.6645, -13.7738, -41.3427,  -70.1387, -13.6250, -41.3427, 160, 160, 160
L -55.9095, -27.5289, -41.3427,  -69.6645, -13.7738, -41.3427, 160, 160, 160
L -55.5936, -28.1493, -41.3427,  -55.9095, -27.5289, -41.3427, 160, 160, 160
L -55.5936, -195.7509, -41.3427,  -55.5936, -28.1493, -41.3427, 160, 160, 160
L -41.8134, -209.5312, -41.3427,  -55.5936, -195.7509, -41.3427, 160, 160, 160
L 83.8704, -209.5312, -41.3427,  -41.8134, -209.5312, -41.3427, 160, 160, 160
L 84.3970, -209.8042, -41.3427,  83.8704, -209.5312, -41.3427, 160, 160, 160
L 98.2115, -223.6185, -41.3427,  84.3970, -209.8042, -41.3427, 160, 160, 160
L 98.3436, -224.1808, -41.3427,  98.2115, -223.6185, -41.3427, 160, 160, 160
L 98.3436, -321.7196, -41.3427,  98.3436, -224.1808, -41.3427, 160, 160, 160
L 112.1240, -335.5000, -41.3427,  98.3436, -321.7196, -41.3427, 160, 160, 160
L 237.6713, -335.5000, -41.3427,  112.1240, -335.5000, -41.3427, 160, 160, 160
L 238.3188, -335.7572, -41.3427,  237.6713, -335.5000, -41.3427, 160, 160, 160
L 252.6150, -349.5000, -41.3427,  238.3188, -335.7572, -41.3427, 160, 160, 160
L 279.5000, -349.5000, -41.3427,  252.6150, -349.5000, -41.3427, 160, 160, 160
L 279.5000, -322.2820, -41.3427,  279.5000, -349.5000, -41.3427, 160, 160, 160
L 265.7506, -308.2500, -41.3427,  279.5000, -322.2820, -41.3427, 160, 160, 160
L 140.1666, -308.2500, -41.3427,  265.7506, -308.2500, -41.3427, 160, 160, 160
L 139.5010, -307.9687, -41.3427,  140.1666, -308.2500, -41.3427, 160, 160, 160
L 125.8298, -294.2977, -41.3427,  139.5010, -307.9687, -41.3427, 160, 160, 160
L 125.5625, -293.5855, -41.3427,  125.8298, -294.2977, -41.3427, 160, 160, 160
L 125.5625, -224.1787, -41.3427,  125.5625, -293.5855, -41.3427, 160, 160, 160
L 125.7039, -223.6093, -41.3427,  125.5625, -224.1787, -41.3427, 160, 160, 160
L 139.3697, -209.9436, -41.3427,  125.7039, -223.6093, -41.3427, 160, 160, 160
L 139.8968, -209.5330, -41.3427,  139.3697, -209.9436, -41.3427, 160, 160, 160
L 251.7509, -209.5312, -41.3427,  139.8968, -209.5330, -41.3427, 160, 160, 160
L 265.5312, -195.7509, -41.3427,  251.7509, -209.5312, -41.3427, 160, 160, 160
L 265.5312, -0.1553, -41.3427,  265.5312, -195.7509, -41.3427, 160, 160, 160
L 251.7509, 13.6250, -41.3427,  265.5312, -0.1553, -41.3427, 160, 160, 160
L -13.8719, 13.6250, -41.3427,  251.7509, 13.6250, -41.3427, 160, 160, 160
L -14.2551, 13.7250, -41.3427,  -13.8719, 13.6250, -41.3427, 160, 160, 160
L -28.1284, 27.5980, -41.3427,  -14.2551, 13.7250, -41.3427, 160, 160, 160
L -28.3750, 28.1205, -41.3427,  -28.1284, 27.5980, -41.3427, 160, 160, 160
L -28.3750, 139.7179, -41.3427,  -28.3750, 28.1205, -41.3427, 160, 160, 160
L -28.2300, 140.2377, -41.3427,  -28.3750, 139.7179, -41.3427, 160, 160, 160
L -14.3435, 154.1243, -41.3427,  -28.2300, 140.2377, -41.3427, 160, 160, 160
L -13.8056, 154.3125, -41.3427,  -14.3435, 154.1243, -41.3427, 160, 160, 160
L 125.7822, 154.3125, -41.3427,  -13.8056, 154.3125, -41.3427, 160, 160, 160
L 139.5625, 168.9280, -41.3427,  125.7822, 154.3125, -41.3427, 160, 160, 160
L 139.5625, 237.7918, -41.3427,  139.5625, 168.9280, -41.3427, 160, 160, 160
L 139.7520, 238.2511, -41.3427,  139.5625, 237.7918, -41.3427, 160, 160, 160
L 153.6031, 252.1022, -41.3427,  139.7520, 238.2511, -41.3427, 160, 160, 160
L 154.1517, 252.2812, -41.3427,  153.6031, 252.1022, -41.3427, 160, 160, 160
L 195.7509, 252.2812, -41.3427,  154.1517, 252.2812, -41.3427, 160, 160, 160
L 209.5312, 266.6150, -41.3427,  195.7509, 252.2812, -41.3427, 160, 160, 160
L 209.5312, 307.6483, -41.3427,  209.5312, 266.6150, -41.3427, 160, 160, 160
L 195.7509, 321.5000, -29.4558,  209.5312, 307.6483, -41.3427, 160, 160, 160
L 195.5312, 335.5000, -12.3740,  195.5523, 321.7461, -12.4418, 160, 160, 160
L 98.2871, 335.7440, 0.2453,  195.5312, 335.5000, -12.3740, 160, 160, 160
L 223.5312, 238.2806, 28.6260,  223.5312, 318.9510, 21.5596, 160, 160, 160
L 223.5312, 238.2807, 28.6260,  223.5312, 256.4195, 28.6260, 160, 160, 160
L 28.3750, 238.2812, 28.6260,  223.5312, 238.2807, 28.6260, 160, 160, 160
L 28.3750, 349.6757, 1.8767,  28.3750, 238.2812, 28.6260, 160, 160, 160
L 28.3750, 350.2500, 0.6260,  28.3750, 349.6757, 1.8767, 160, 160, 160
L 37.6250, 350.2500, 0.6260,  28.3750, 350.2500, 0.6260, 160, 160, 160
L 38.2680, 349.5000, 1.9893,  37.6250, 350.2500, 0.6260, 160, 160, 160
L 38.6250, 349.5000, 1.9893,  38.2680, 349.5000, 1.9893, 160, 160, 160
L 38.6250, 308.2493, 28.4155,  38.6250, 349.5000, 1.9893, 160, 160, 160
L 38.1296, 308.2500, 28.4150,  38.6250, 308.2493, 28.4155, 160, 160, 160
L 37.6250, 307.6700, 28.6260,  38.1296, 308.2500, 28.4150, 160, 160, 160
L 37.6250, 305.9918, 28.6260,  37.6250, 307.6700, 28.6260, 160, 160, 160
L 38.1349, 305.5000, 28.6260,  37.6250, 305.9918, 28.6260, 160, 160, 160
L 38.6250, 305.5000, 28.6260,  38.1349, 305.5000, 28.6260, 160, 160, 160
L 38.6250, 268.2812, 28.6260,  38.6250, 305.5000, 28.6260, 160, 160, 160
L 38.1452, 268.2812, 28.6260,  38.6250, 268.2812, 28.6260, 160, 160, 160
L 37.6250, 267.7239, 28.6260,  38.1452, 268.2812, 28.6260, 160, 160, 160
L 37.6250, 266.3530, 28.6260,  37.6250, 267.7239, 28.6260, 160, 160, 160
L 38.1495, 265.5312, 28.6260,  37.6250, 266.3530, 28.6260, 160, 160, 160
L 38.6250, 265.5312, 28.6260,  38.1495, 265.5312, 28.6260, 160, 160, 160
L 38.6250, 250.2812, 28.6260,  38.6250, 265.5312, 28.6260, 160, 160, 160
L 38.5140, 250.2812, 28.6260,  38.6250, 250.2812, 28.6260, 160, 160, 160
L 37.6250, 249.7398, 28.6260,  38.5140, 250.2812, 28.6260, 160, 160, 160
L 37.6250, 248.4820, 28.6260,  37.6250, 249.7398, 28.6260, 160, 160, 160
L 38.2329, 247.5312, 28.6260,  37.6250, 248.4820, 28.6260, 160, 160, 160
L 40.1330, 247.5338, 28.6260,  38.2329, 247.5312, 28.6260, 160, 160, 160
L 40.3438, 247.9771, 28.6260,  40.1330, 247.5338, 28.6260, 160, 160, 160
L 40.3436, 248.5312, 28.6260,  40.3438, 247.9771, 28.6260, 160, 160, 160
L 55.5938, 248.5312, 28.6260,  40.3436, 248.5312, 28.6260, 160, 160, 160
L 55.5938, 247.9730, 28.6260,  55.5938, 248.5312, 28.6260, 160, 160, 160
L 55.9585, 247.5313, 28.6260,  55.5938, 247.9730, 28.6260, 160, 160, 160
L 57.8558, 247.5312, 28.6260,  55.9585, 247.5313, 28.6260, 160, 160, 160
L 58.3436, 247.9697, 28.6260,  57.8558, 247.5312, 28.6260, 160, 160, 160
L 58.3436, 248.5312, 28.6260,  58.3436, 247.9697, 28.6260, 160, 160, 160
L 95.5938, 248.5312, 28.6260,  58.3436, 248.5312, 28.6260, 160, 160, 160
L 95.5726, 247.9598, 28.6260,  95.5938, 248.5312, 28.6260, 160, 160, 160
L 96.6350, 247.5312, 28.6260,  95.5726, 247.9598, 28.6260, 160, 160, 160
L 98.1274, 247.5664, 28.6260,  96.6350, 247.5312, 28.6260, 160, 160, 160
L 98.3429, 247.8815, 28.6260,  98.1274, 247.5664, 28.6260, 160, 160, 160
L 98.3436, 248.5312, 28.6260,  98.3429, 247.8815, 28.6260, 160, 160, 160
L 112.9411, 248.5312, 28.6260,  98.3436, 248.5312, 28.6260, 160, 160, 160
L 113.2075, 248.6065, 28.6260,  112.9411, 248.5312, 28.6260, 160, 160, 160
L 119.2630, 251.5312, 28.6260,  113.2075, 248.6065, 28.6260, 160, 160, 160
L 132.8489, 251.5312, 28.6260,  119.2630, 251.5312, 28.6260, 160, 160, 160
L 138.6103, 248.6504, 28.6260,  132.8489, 251.5312, 28.6260, 160, 160, 160
L 139.1100, 248.5312, 28.6260,  138.6103, 248.6504, 28.6260, 160, 160, 160
L 153.5625, 248.5312, 28.6260,  139.1100, 248.5312, 28.6260, 160, 160, 160
L 153.5625, 247.9913, 28.6260,  153.5625, 248.5312, 28.6260, 160, 160, 160
L 153.8067, 247.5548, 28.6260,  153.5625, 247.9913, 28.6260, 160, 160, 160
L 155.6851, 247.5312, 28.6260,  153.8067, 247.5548, 28.6260, 160, 160, 160
L 156.3123, 248.1023, 28.6260,  155.6851, 247.5312, 28.6260, 160, 160, 160
L 156.3120, 248.5312, 28.6260,  156.3123, 248.1023, 28.6260, 160, 160, 160
L 193.5625, 248.5312, 28.6260,  156.3120, 248.5312, 28.6260, 160, 160, 160
L 193.5734, 247.7949, 28.6260,  193.5625, 248.5312, 28.6260, 160, 160, 160
L 194.2041, 247.5312, 28.6260,  193.5734, 247.7949, 28.6260, 160, 160, 160
L 195.7889, 247.5312, 28.6260,  194.2041, 247.5312, 28.6260, 160, 160, 160
L 196.2811, 248.1494, 28.6260,  195.7889, 247.5312, 28.6260, 160, 160, 160
L 196.2809, 248.5312, 28.6260,  196.2811, 248.1494, 28.6260, 160, 160, 160
L 211.5312, 248.5312, 28.6260,  196.2809, 248.5312, 28.6260, 160, 160, 160
L 211.5490, 247.7921, 28.6260,  211.5312, 248.5312, 28.6260, 160, 160, 160
L 211.6531, 247.6295, 28.6260,  211.5490, 247.7921, 28.6260, 160, 160, 160
L 213.9752, 247.5375, 28.6260,  211.6531, 247.6295, 28.6260, 160, 160, 160
L 214.2812, 248.1273, 28.6260,  213.9752, 247.5375, 28.6260, 160, 160, 160
L 214.2524, 250.5010, 28.6260,  214.2812, 248.1273, 28.6260, 160, 160, 160
L 213.5887, 250.2812, 28.6260,  214.2524, 250.5010, 28.6260, 160, 160, 160
L 213.2812, 250.2812, 28.6260,  213.5887, 250.2812, 28.6260, 160, 160, 160
L 213.2810, 265.5312, 28.6260,  213.2812, 250.2812, 28.6260, 160, 160, 160
L 213.9766, 265.5378, 28.6260,  213.2810, 265.5312, 28.6260, 160, 160, 160
L 214.2614, 265.7857, 28.6260,  213.9766, 265.5378, 28.6260, 160, 160, 160
L 214.2812, 267.7393, 28.6260,  214.2614, 265.7857, 28.6260, 160, 160, 160
L 213.9110, 268.2812, 28.6260,  214.2812, 267.7393, 28.6260, 160, 160, 160
L 213.2812, 268.2812, 28.6260,  213.9110, 268.2812, 28.6260, 160, 160, 160
L 213.2812, 305.5000, 28.6260,  213.2812, 268.2812, 28.6260, 160, 160, 160
L 213.2809, 305.5000, 28.6260,  213.2812, 304.7051, 28.6260, 160, 160, 160
L 213.7677, 305.5000, 28.6260,  213.2809, 305.5000, 28.6260, 160, 160, 160
L 214.2812, 306.9600, 28.6260,  213.7677, 305.5000, 28.6260, 160, 160, 160
L 214.2566, 308.8300, 28.5699,  214.2812, 306.9600, 28.6260, 160, 160, 160
L 213.8699, 308.2500, 28.4150,  214.2566, 308.8300, 28.5699, 160, 160, 160
L 213.2812, 308.2500, 28.4150,  213.8699, 308.2500, 28.4150, 160, 160, 160
L 213.2812, 349.2377, 2.1573,  213.2812, 308.2499, 28.4150, 160, 160, 160
L 223.5312, 307.8297, 28.6260,  223.5312, 350.2500, 0.6260, 160, 160, 160
L 195.9054, 448.1875, -2.3740,  209.5312, 448.1875, -2.3740, 160, 160, 160
L 195.5312, 447.6680, -2.3740,  195.9054, 448.1875, -2.3740, 160, 160, 160
L 195.5312, 350.2481, -2.3740,  195.5312, 447.6680, -2.3740, 160, 160, 160
L 154.3125, 350.2500, -2.3740,  195.5312, 350.2481, -2.3740, 160, 160, 160
L 154.3036, 363.9243, -2.3740,  154.3125, 350.2500, -2.3740, 160, 160, 160
L 153.6835, 364.2187, -2.3740,  154.3036, 363.9243, -2.3740, 160, 160, 160
L 140.3125, 364.2187, -2.3740,  153.6835, 364.2187, -2.3740, 160, 160, 160
L 140.3125, 377.5615, -2.3740,  140.3125, 364.2187, -2.3740, 160, 160, 160
L 139.6389, 378.2187, -2.3740,  140.3125, 377.5615, -2.3740, 160, 160, 160
L 112.2246, 378.2187, -2.3740,  139.6389, 378.2187, -2.3740, 160, 160, 160
L 111.5936, 377.7214, -2.3740,  112.2246, 378.2187, -2.3740, 160, 160, 160
L 111.5938, 364.2187, -2.3740,  111.5936, 377.7214, -2.3740, 160, 160, 160
L 98.1114, 364.2187, -2.3740,  111.5938, 364.2187, -2.3740, 160, 160, 160
L 97.5936, 363.4094, -2.3740,  98.1114, 364.2187, -2.3740, 160, 160, 160
L 97.5938, 350.2484, -2.3740,  97.5936, 363.4094, -2.3740, 160, 160, 160
L 56.3436, 350.2500, -2.3740,  97.5938, 350.2484, -2.3740, 160, 160, 160
L 56.3436, 447.7318, -2.3740,  56.3436, 350.2500, -2.3740, 160, 160, 160
L 55.9114, 448.1875, -2.3740,  56.3436, 447.7318, -2.3740, 160, 160, 160
L 42.3436, 448.1875, -2.3740,  55.9114, 448.1875, -2.3740, 160, 160, 160
L 42.3436, 475.4375, -2.3740,  42.3436, 448.1875, -2.3740, 160, 160, 160
L 69.8098, 475.4375, -2.3740,  42.3436, 475.4375, -2.3740, 160, 160, 160
L 70.3436, 476.1455, -2.3740,  69.8098, 475.4375, -2.3740, 160, 160, 160
L 70.3431, 489.4375, -2.3740,  70.3436, 476.1455, -2.3740, 160, 160, 160
L 83.5936, 489.4375, -2.3740,  70.3431, 489.4375, -2.3740, 160, 160, 160
L 83.5936, 475.9560, -2.3740,  83.5936, 489.4375, -2.3740, 160, 160, 160
L 84.1505, 475.4375, -2.3740,  83.5936, 475.9560, -2.3740, 160, 160, 160
L 97.5938, 475.4375, -2.3740,  84.1505, 475.4375, -2.3740, 160, 160, 160
L 97.4912, 433.8428, -2.3740,  97.5938, 475.4375, -2.3740, 160, 160, 160
L 98.3489, 433.4375, -2.3740,  97.4912, 433.8428, -2.3740, 160, 160, 160
L 111.5936, 433.4375, -2.3740,  98.3489, 433.4375, -2.3740, 160, 160, 160
L 111.5936, 420.1315, -2.3740,  111.5936, 433.4375, -2.3740, 160, 160, 160
L 112.3350, 419.4687, -2.3740,  111.5936, 420.1315, -2.3740, 160, 160, 160
L 139.8757, 419.4687, -2.3740,  112.3350, 419.4687, -2.3740, 160, 160, 160
L 140.3125, 420.4637, -2.3740,  139.8757, 419.4687, -2.3740, 160, 160, 160
L 140.3103, 433.4375, -2.3740,  140.3125, 420.4637, -2.3740, 160, 160, 160
L 153.7177, 433.4375, -2.3740,  140.3103, 433.4375, -2.3740, 160, 160, 160
L 154.3125, 434.9927, -2.3740,  153.7177, 433.4375, -2.3740, 160, 160, 160
L 168.3125, 475.9537, -2.3740,  167.8307, 475.4375, -2.3740, 160, 160, 160
L 168.3125, 489.4375, -2.3740,  168.3125, 475.9537, -2.3740, 160, 160, 160
L 181.5625, 489.4375, -2.3740,  168.3125, 489.4375, -2.3740, 160, 160, 160
L 181.5625, 475.9352, -2.3740,  181.5625, 489.4375, -2.3740, 160, 160, 160
L 182.2384, 475.4375, -2.3740,  181.5625, 475.9352, -2.3740, 160, 160, 160
L 209.5312, 475.4375, -2.3740,  182.2384, 475.4375, -2.3740, 160, 160, 160
L 209.5312, 448.1875, -2.3740,  209.5312, 475.4375, -2.3740, 160, 160, 160
L 223.5312, 447.4375, 0.6260,  210.3592, 447.4375, 0.6260, 160, 160, 160
L 223.5312, 350.2491, 0.6260,  223.5312, 447.4375, 0.6260, 160, 160, 160
L 214.2812, 350.2499, 0.6260,  223.5312, 350.2491, 0.6260, 160, 160, 160
L 214.2812, 351.5720, 0.6260,  214.2812, 350.2499, 0.6260, 160, 160, 160
L 213.8172, 352.2187, 0.6260,  214.2812, 351.5720, 0.6260, 160, 160, 160
L 211.8026, 352.2042, 0.6260,  213.8172, 352.2187, 0.6260, 160, 160, 160
L 211.5312, 351.4766, 0.6260,  211.8026, 352.2042, 0.6260, 160, 160, 160
L 211.5312, 344.3102, 0.6260,  211.5312, 351.4766, 0.6260, 160, 160, 160
L 211.9265, 343.4687, 0.6260,  211.5312, 344.3102, 0.6260, 160, 160, 160
L 212.6760, 342.6030, 0.6260,  211.9265, 343.4687, 0.6260, 160, 160, 160
L 213.2812, 343.7375, 0.6260,  212.6760, 342.6030, 0.6260, 160, 160, 160
L 213.2812, 345.8978, 0.6260,  213.2812, 343.7375, 0.6260, 160, 160, 160
L 223.5312, 346.5407, 0.6260,  213.2812, 345.8978, 0.6260, 160, 160, 160
L 223.5312, 238.2812, 0.6260,  223.5312, 346.5197, 0.6260, 160, 160, 160
L 164.6190, 238.2812, 0.6260,  223.5312, 238.2812, 0.6260, 160, 160, 160
L 163.5625, 237.7159, 0.6260,  164.6190, 238.2812, 0.6260, 160, 160, 160
L 163.5625, 233.9415, 0.6260,  163.5625, 237.7159, 0.6260, 160, 160, 160
L 164.1987, 233.5312, 0.6260,  163.5625, 233.9415, 0.6260, 160, 160, 160
L 167.5625, 233.5312, 0.6260,  164.1987, 233.5312, 0.6260, 160, 160, 160
L 167.5625, 210.2812, 0.6260,  167.5625, 233.5312, 0.6260, 160, 160, 160
L 154.8620, 210.2812, 0.6260,  167.5625, 210.2812, 0.6260, 160, 160, 160
L 153.5625, 209.7436, 0.6260,  154.8620, 210.2812, 0.6260, 160, 160, 160
L 153.5625, 154.9220, 0.6260,  153.5625, 209.7436, 0.6260, 160, 160, 160
L 139.7821, 140.3125, 0.6260,  153.5625, 154.9220, 0.6260, 160, 160, 160
L 0.2123, 140.3125, 0.6260,  139.7821, 140.3125, 0.6260, 160, 160, 160
L -0.4955, 139.9723, 0.6260,  0.2123, 140.3125, 0.6260, 160, 160, 160
L -14.1018, 126.3661, 0.6260,  -0.4955, 139.9723, 0.6260, 160, 160, 160
L -14.3750, 125.6935, 0.6260,  -14.1018, 126.3661, 0.6260, 160, 160, 160
L -14.3750, 42.4136, 0.6260,  -14.3750, 125.6935, 0.6260, 160, 160, 160
L -13.6179, 41.5760, 0.6260,  -14.3750, 42.4136, 0.6260, 160, 160, 160
L -0.7325, 28.2011, 0.6260,  -13.6179, 41.5760, 0.6260, 160, 160, 160
L 0.6891, 27.6250, 0.6260,  -0.7325, 28.2011, 0.6260, 160, 160, 160
L 265.5609, 27.6250, 0.6260,  0.6891, 27.6250, 0.6260, 160, 160, 160
L 279.4673, 13.8775, 0.6260,  265.5609, 27.6250, 0.6260, 160, 160, 160
L 279.4936, 12.1920, 0.6260,  279.4673, 13.8775, 0.6260, 160, 160, 160
L 280.6358, 11.6250, 0.6260,  279.4936, 12.1920, 0.6260, 160, 160, 160
L 283.4218, 11.6250, 0.6260,  280.6358, 11.6250, 0.6260, 160, 160, 160
L 284.2500, 12.5715, 0.6260,  283.4218, 11.6250, 0.6260, 160, 160, 160
L 284.2500, 13.6250, 0.6260,  284.2500, 12.5715, 0.6260, 160, 160, 160
L 307.2504, 13.6250, 0.6260,  284.2500, 13.6250, 0.6260, 160, 160, 160
L 308.6671, 13.9768, 0.6260,  307.2504, 13.6250, 0.6260, 160, 160, 160
L 335.2835, 27.2850, 0.6260,  308.6671, 13.9768, 0.6260, 160, 160, 160
L 363.6372, 27.6250, 0.6260,  335.2835, 27.2850, 0.6260, 160, 160, 160
L 405.8310, -13.7697, 0.6260,  363.6372, 27.6250, 0.6260, 160, 160, 160
L 406.2187, -13.1768, 0.6260,  405.8310, -13.7697, 0.6260, 160, 160, 160
L 406.2187, 55.5380, 0.6260,  406.2187, -13.1768, 0.6260, 160, 160, 160
L 434.1875, 121.7287, 0.6260,  434.1865, 296.5000, 0.6260, 160, 160, 160
L 438.5201, 119.9598, 0.6260,  434.1875, 121.7287, 0.6260, 160, 160, 160
L 440.3383, 116.5936, 0.6260,  438.5201, 119.9598, 0.6260, 160, 160, 160
L 473.4375, 265.9531, 0.6260,  474.1478, 267.2812, 0.6260, 160, 160, 160
L 473.4375, 131.8600, 0.6260,  473.4375, 265.9531, 0.6260, 160, 160, 160
L 469.6177, 134.9320, 0.6260,  473.4375, 131.8600, 0.6260, 160, 160, 160
L 466.3349, 129.2855, 0.6260,  469.6177, 134.9320, 0.6260, 160, 160, 160
L 465.9621, 127.1493, 0.6260,  466.3349, 129.2855, 0.6260, 160, 160, 160
L 467.4112, 117.4300, 0.6260,  465.9621, 127.1493, 0.6260, 160, 160, 160
L 504.2563, 96.5938, 0.6260,  492.8339, 97.4171, -1.3740, 160, 160, 160
L 643.7961, 96.5965, 0.6260,  504.2563, 96.5938, 0.6260, 160, 160, 160
L 644.1150, 96.8833, 0.6260,  643.7961, 96.5965, 0.6260, 160, 160, 160
L 493.4375, 60.4052, -1.3740,  475.6766, 42.3436, -1.3740, 160, 160, 160
L 493.4375, 94.5656, -1.3740,  493.4375, 60.4052, -1.3740, 160, 160, 160
L 488.5758, 101.6751, -1.3740,  493.4375, 94.5656, -1.3740, 160, 160, 160
L 474.1795, 116.7120, -1.3740,  488.5758, 101.6751, -1.3740, 160, 160, 160
L 469.4418, 116.5931, -1.3740,  474.1795, 116.7120, -1.3740, 160, 160, 160
L 435.1954, 116.5938, -1.3740,  469.4418, 116.5931, -1.3740, 160, 160, 160
L 425.6605, 110.9775, -1.3740,  435.1954, 116.5938, -1.3740, 160, 160, 160
L 406.2259, 97.7750, -1.3740,  425.6605, 110.9775, -1.3740, 160, 160, 160
L 406.2187, 56.1677, -1.3740,  406.2259, 97.7750, -1.3740, 160, 160, 160
L 419.9932, 42.3494, -1.3740,  406.2187, 56.1677, -1.3740, 160, 160, 160
L 475.6374, 42.3436, -1.3740,  419.9932, 42.3494, -1.3740, 160, 160, 160
L 499.2000, 57.3620, 0.6260,  475.6374, 42.3436, -1.3740, 160, 160, 160
L 673.3437, 57.3436, 0.6260,  497.5543, 57.3447, 0.6260, 160, 160, 160
L 59.8068, -28.3750, -1.3740,  153.5625, -28.3750, -1.3740, 160, 160, 160
L 153.5625, -28.3750, -1.3740,  153.5625, -83.5938, -1.3740, 160, 160, 160
L 153.5625, -83.5938, -1.3740,  111.9758, -83.5936, -1.3740, 160, 160, 160
L 111.9758, -83.5936, -1.3740,  111.5527, -84.4180, -1.3740, 160, 160, 160
L 111.5527, -84.4180, -1.3740,  111.5936, -97.6436, -1.3740, 160, 160, 160
L 111.5936, -97.6436, -1.3740,  112.2708, -98.3436, -1.3740, 160, 160, 160
L 112.2708, -98.3436, -1.3740,  153.5625, -98.3435, -1.3740, 160, 160, 160
L 153.5625, -98.3435, -1.3740,  153.5625, -167.5625, -1.3740, 160, 160, 160
L 153.5625, -167.5625, -1.3740,  70.3436, -167.5625, -1.3740, 160, 160, 160
L 70.3436, -167.5625, -1.3740,  70.3436, -126.1282, -1.3740, 160, 160, 160
L 70.3436, -126.1282, -1.3740,  69.8358, -125.5625, -1.3740, 160, 160, 160
L 69.8358, -125.5625, -1.3740,  55.9410, -125.5635, -1.3740, 160, 160, 160
L 55.9410, -125.5635, -1.3740,  55.5938, -126.2416, -1.3740, 160, 160, 160
L 55.5938, -126.2416, -1.3740,  55.5938, -167.5625, -1.3740, 160, 160, 160
L 55.5938, -167.5625, -1.3740,  -13.6250, -167.5625, -1.3740, 160, 160, 160
L -13.6250, -167.5625, -1.3740,  -13.6250, -112.3435, -1.3740, 160, 160, 160
L -13.6250, -112.3435, -1.3740,  41.7404, -112.3436, -1.3740, 160, 160, 160
L 41.7404, -112.3436, -1.3740,  42.3436, -111.8983, -1.3740, 160, 160, 160
L 42.3436, -111.8983, -1.3740,  42.3406, -97.9211, -1.3740, 160, 160, 160
L 42.3406, -97.9211, -1.3740,  41.5855, -97.5938, -1.3740, 160, 160, 160
L 41.5855, -97.5938, -1.3740,  -13.6250, -97.5938, -1.3740, 160, 160, 160
L -13.6250, -97.5938, -1.3740,  -13.6250, -28.3750, -1.3740, 160, 160, 160
L -13.6250, -28.3750, -1.3740,  63.1229, -28.3750, -1.3740, 160, 160, 160
L 168.3125, -98.3436, -1.3740,  223.5312, -98.3435, -1.3740, 160, 160, 160
L 223.5312, -98.3435, -1.3740,  223.5312, -167.5625, -1.3740, 160, 160, 160
L 223.5312, -167.5625, -1.3740,  168.3120, -167.5625, -1.3740, 160, 160, 160
L 168.3120, -167.5625, -1.3740,  168.3125, -98.3436, -1.3740, 160, 160, 160
L 168.3121, -83.5938, -1.3740,  168.3125, -28.3750, -1.3740, 160, 160, 160
L 168.3125, -28.3750, -1.3740,  223.5312, -28.3749, -1.3740, 160, 160, 160
L 223.5312, -28.3749, -1.3740,  223.5312, -83.5938, -1.3740, 160, 160, 160
L 223.5312, -83.5938, -1.3740,  168.3125, -83.5938, -1.3740, 160, 160, 160
L 81.5587, -20.1203, 0.6260,  77.8956, -16.4572, 0.6260, 160, 160, 160
L 77.8956, -16.4572, 0.6260,  77.7780, -15.6234, 0.6260, 160, 160, 160
L 77.7780, -15.6234, 0.6260,  103.5347, 20.3980, 0.6260, 160, 160, 160
L 103.5347, 20.3980, 0.6260,  104.4300, 20.2284, 0.6260, 160, 160, 160
L 104.4300, 20.2284, 0.6260,  108.8080, 16.4181, 0.6260, 160, 160, 160
L 108.8080, 16.4181, 0.6260,  108.1847, 15.6585, 0.6260, 160, 160, 160
L 108.1847, 15.6585, 0.6260,  82.8700, -20.8080, 1.5972, 160, 160, 160
L 82.8700, -20.8080, 1.5972,  81.5478, -20.9230, 0.6260, 160, 160, 160
L -23.6372, 35.8969, 0.6260,  -23.6371, 31.9566, 0.6260, 160, 160, 160
L -23.6371, 31.9566, 0.6260,  -24.1725, 31.6250, 0.6260, 160, 160, 160
L -24.1725, 31.6250, 0.6260,  -57.6642, 31.6250, 0.6260, 160, 160, 160
L -57.6642, 31.6250, 0.6260,  -58.3438, 32.1602, 0.6260, 160, 160, 160
L -58.3438, 32.1602, 0.6260,  -58.3438, 35.8526, 0.6260, 160, 160, 160
L -58.3438, 35.8526, 0.6260,  -57.8725, 36.3750, 0.6260, 160, 160, 160
L -57.8725, 36.3750, 0.6260,  -24.9030, 36.3750, 0.6260, 160, 160, 160
L -24.9030, 36.3750, 0.6260,  -23.6250, 35.8853, 0.6260, 160, 160, 160
L -74.4209, 37.1740, 0.6260,  -69.8811, 41.5275, 0.6260, 160, 160, 160
L -69.8811, 41.5275, 0.6260,  -69.5938, 42.2862, 0.6260, 160, 160, 160
L -69.5938, 42.2862, 0.6260,  -69.5938, 181.7819, 0.6260, 160, 160, 160
L -69.5938, 181.7819, 0.6260,  -55.8136, 195.5312, 0.6260, 160, 160, 160
L -55.8136, 195.5312, 0.6260,  83.5602, 195.5312, 0.6260, 160, 160, 160
L 83.5602, 195.5312, 0.6260,  84.3276, 195.7348, 0.6260, 160, 160, 160
L 84.3276, 195.7348, 0.6260,  97.8885, 209.2958, 0.6260, 160, 160, 160
L 97.8885, 209.2958, 0.6260,  98.3436, 210.1502, 0.6260, 160, 160, 160
L 98.3436, 210.1502, 0.6260,  98.3436, 223.6608, 0.6260, 160, 160, 160
L 98.3436, 223.6608, 0.6260,  97.6903, 224.2812, 0.6260, 160, 160, 160
L 97.6903, 224.2812, 0.6260,  84.3436, 224.2812, 0.6260, 160, 160, 160
L 84.3436, 224.2812, 0.6260,  84.3436, 233.5312, 0.6260, 160, 160, 160
L 84.3436, 233.5312, 0.6260,  87.8040, 233.5312, 0.6260, 160, 160, 160
L 87.8040, 233.5312, 0.6260,  88.3438, 234.1180, 0.6260, 160, 160, 160
L 88.3438, 234.1180, 0.6260,  88.3436, 237.6401, 0.6260, 160, 160, 160
L 88.3436, 237.6401, 0.6260,  87.6325, 238.2812, 0.6260, 160, 160, 160
L 87.6325, 238.2812, 0.6260,  28.3750, 238.2812, 0.6260, 160, 160, 160
L 142.1289, 359.4687, 0.6260,  151.7483, 359.4687, 0.6260, 160, 160, 160
L 151.7483, 359.4687, 0.6260,  152.3125, 360.5450, 0.6260, 160, 160, 160
L 152.3125, 360.5450, 0.6260,  153.5625, 379.9248, 3.6259, 160, 160, 160
L 153.5625, 379.9248, 3.6259,  153.5625, 417.7860, 3.6259, 160, 160, 160
L 153.5625, 417.7860, 3.6259,  152.3125, 437.7423, 0.6260, 160, 160, 160
L 152.3125, 437.7423, 0.6260,  151.7470, 438.1875, 0.6260, 160, 160, 160
L 151.7470, 438.1875, 0.6260,  142.1594, 438.1875, 0.6260, 160, 160, 160
L 142.1594, 438.1875, 0.6260,  141.5625, 437.5461, 0.6260, 160, 160, 160
L 141.5625, 437.5461, 0.6260,  142.1457, 436.1875, 2.6259, 160, 160, 160
L 142.1457, 436.1875, 2.6259,  151.8603, 436.1875, 2.6259, 160, 160, 160
L 141.8222, 436.1711, 2.5752,  140.3125, 417.8072, 3.6259, 160, 160, 160
L 140.3125, 417.8072, 3.6259,  140.3125, 380.2500, 3.6259, 160, 160, 160
L 140.3125, 380.2500, 3.6259,  142.9850, 361.4687, 2.6259, 160, 160, 160
L 142.9850, 361.4687, 2.6259,  151.9375, 361.4687, 2.6259, 160, 160, 160
L 151.9375, 361.4687, 2.6259,  152.3125, 361.6114, 0.6260, 160, 160, 160
L 152.3125, 361.6114, 0.6260,  152.3125, 359.8922, 0.6260, 160, 160, 160
L 152.3125, 359.8922, 0.6260,  151.7424, 359.4721, 0.6260, 160, 160, 160
L 151.7424, 359.4721, 0.6260,  142.1750, 359.4687, 0.6260, 160, 160, 160
L 142.1750, 359.4687, 0.6260,  141.5625, 360.2190, 0.6260, 160, 160, 160
L 141.5625, 360.2190, 0.6260,  141.5526, 361.9128, 0.6260, 160, 160, 160
L -71.9468, 39.4778, 0.6260,  -83.4851, 27.9532, 0.6260, 160, 160, 160
L -83.4851, 27.9532, 0.6260,  -84.9650, 27.6250, 0.6260, 160, 160, 160
L -84.9650, 27.6250, 0.6260,  -209.6408, 27.6250, 0.6260, 160, 160, 160
L -209.6408, 27.6250, 0.6260,  -210.2955, 27.8585, 0.6260, 160, 160, 160
L -210.2955, 27.8585, 0.6260,  -224.4300, 41.5369, 0.6260, 160, 160, 160
L -224.4300, 41.5369, 0.6260,  -224.2812, 42.1109, 0.6260, 160, 160, 160
L -224.2812, 42.1109, 0.6260,  -224.2812, 83.8134, 0.6260, 160, 160, 160
L -224.2812, 83.8134, 0.6260,  -238.6150, 97.5938, 0.6260, 160, 160, 160
L -238.6150, 97.5938, 0.6260,  -349.7194, 97.5938, 0.6260, 160, 160, 160
L -349.7194, 97.5938, 0.6260,  -363.4687, 83.8136, 0.6260, 160, 160, 160
L -363.4687, 83.8136, 0.6260,  -363.4687, 28.1643, 0.6260, 160, 160, 160
L -363.4687, 28.1643, 0.6260,  -363.6843, 27.6291, 0.6260, 160, 160, 160
L -363.6843, 27.6291, 0.6260,  -377.5097, 13.8035, 0.6260, 160, 160, 160
L -377.5097, 13.8035, 0.6260,  -378.6290, 13.6250, 0.6260, 160, 160, 160
L -378.6290, 13.6250, 0.6260,  -468.6600, 13.6250, 0.6260, 160, 160, 160
L -419.1388, -41.5938, 0.6260,  -322.2990, -41.5938, 0.6260, 160, 160, 160
L -322.2990, -41.5938, 0.6260,  -308.2499, -27.8445, 0.6260, 160, 160, 160
L -308.2499, -27.8445, 0.6260,  -308.2500, 28.1559, 0.6260, 160, 160, 160
L -279.5000, 28.1555, 0.6260,  -279.5000, -13.8450, 0.6260, 160, 160, 160
L -279.5000, -13.8450, 0.6260,  -265.7506, -27.6250, 0.6260, 160, 160, 160
L -265.7506, -27.6250, 0.6260,  -84.1898, -27.6250, 0.6260, 160, 160, 160
L -84.1898, -27.6250, 0.6260,  -83.6205, -27.8176, 0.6260, 160, 160, 160
L -83.6205, -27.8176, 0.6260,  -69.8177, -41.5897, 0.6260, 160, 160, 160
L -69.8177, -41.5897, 0.6260,  -69.5938, -42.1034, 0.6260, 160, 160, 160
L -69.5938, -42.1034, 0.6260,  -69.5938, -209.7509, 0.6260, 160, 160, 160
L -69.5938, -209.7509, 0.6260,  -55.8134, -223.5312, 0.6260, 160, 160, 160
L -55.8134, -223.5312, 0.6260,  -0.1772, -223.5312, 0.6260, 160, 160, 160
L -0.1772, -223.5312, 0.6260,  0.3750, -224.1243, 0.6260, 160, 160, 160
L 0.3750, -224.1243, 0.6260,  0.3750, -321.7769, 0.6260, 160, 160, 160
L 0.3750, -321.7769, 0.6260,  -0.5860, -322.2500, 0.6260, 160, 160, 160
L -0.5860, -322.2500, 0.6260,  -181.5625, -322.2500, 0.6260, 160, 160, 160
L -181.5625, -322.2500, 0.6260,  -181.5625, -685.3437, 0.6260, 160, 160, 160
L -181.5625, -685.3437, 0.6260,  -98.2335, -685.3437, 0.6260, 160, 160, 160
L -98.2335, -685.3437, 0.6260,  -97.5938, -685.9626, 0.6260, 160, 160, 160
L -97.5938, -685.9626, 0.6260,  -97.5938, -727.3437, 0.6260, 160, 160, 160
L -97.5938, -727.3437, 0.6260,  -14.1818, -727.3437, 0.6260, 160, 160, 160
L -14.1818, -727.3437, 0.6260,  -13.6250, -728.1299, 0.6260, 160, 160, 160
L -13.6250, -728.1299, 0.6260,  -13.6250, -867.2812, 0.6260, 160, 160, 160
L -13.6250, -867.2812, 0.6260,  41.7608, -867.2812, 0.6260, 160, 160, 160
L 41.7608, -867.2812, 0.6260,  42.3436, -867.7979, 0.6260, 160, 160, 160
L 42.3436, -867.7979, 0.6260,  42.3436, -1063.1875, 0.6260, 160, 160, 160
L 42.3436, -1063.1875, 0.6260,  111.7561, -1063.1875, 0.6260, 160, 160, 160
L 111.7561, -1063.1875, 0.6260,  112.3436, -1063.6366, 0.6260, 160, 160, 160
L 112.3436, -1063.6366, 0.6260,  112.3436, -1091.1875, 0.6260, 160, 160, 160
L 112.3436, -1091.1875, 0.6260,  251.5312, -1091.1875, 0.6260, 160, 160, 160
L 251.5312, -1091.1875, 0.6260,  251.5312, -1063.6825, 0.6260, 160, 160, 160
L 251.5312, -1063.6825, 0.6260,  252.2242, -1063.1875, 0.6260, 160, 160, 160
L 252.2242, -1063.1875, 0.6260,  302.8931, -1063.1875, 0.6260, 160, 160, 160
L 302.8931, -1063.1875, 0.6260,  303.2500, -1063.7986, 0.6260, 160, 160, 160
L 303.2500, -1063.7986, 0.6260,  303.2500, -1067.4269, 0.6260, 160, 160, 160
L 303.2500, -1067.4269, 0.6260,  302.7968, -1067.9374, 0.6260, 160, 160, 160
L 302.7968, -1067.9374, 0.6260,  294.2500, -1067.9374, 0.6260, 160, 160, 160
L 294.2500, -1067.9374, 0.6260,  294.2500, -1077.4507, 0.6260, 160, 160, 160
L 294.2500, -1077.4507, 0.6260,  294.1650, -1077.8782, 0.6260, 160, 160, 160
L 294.1650, -1077.8782, 0.6260,  280.2500, -1119.6233, 0.6260, 160, 160, 160
L 280.2500, -1119.6233, 0.6260,  280.2500, -1161.1563, 0.6260, 160, 160, 160
L 280.2500, -1161.1563, 0.6260,  349.7862, -1161.1563, 0.6260, 160, 160, 160
L 349.7862, -1161.1563, 0.6260,  376.2407, -1147.9141, 0.6260, 160, 160, 160
L 376.2407, -1147.9141, 0.6260,  379.7194, -1147.1537, 0.6260, 160, 160, 160
L 379.7194, -1147.1537, 0.6260,  391.7262, -1147.1563, 0.6260, 160, 160, 160
L 391.7262, -1147.1563, 0.6260,  392.2312, -1147.6736, -1.3740, 160, 160, 160
L 392.2312, -1147.6736, -1.3740,  396.2187, -1197.5392, -1.3740, 160, 160, 160
L 396.2187, -1197.1563, -1.3740,  430.5192, -1197.1563, -1.3740, 160, 160, 160
L 430.5192, -1197.1563, -1.3740,  442.6777, -1190.1355, -1.3740, 160, 160, 160
L 442.6777, -1190.1355, -1.3740,  451.1399, -1181.6735, -1.3740, 160, 160, 160
L 451.1399, -1181.6735, -1.3740,  455.4375, -1170.7465, -1.3740, 160, 160, 160
L 455.4375, -1170.7465, -1.3740,  455.4375, -1137.8727, -1.3740, 160, 160, 160
L 455.4375, -1137.8727, -1.3740,  405.9864, -1133.9186, -1.3740, 160, 160, 160
L 405.9864, -1133.9186, -1.3740,  392.2312, -1147.6736, -1.3740, 160, 160, 160
L 405.9864, -1133.9186, -1.3740,  378.4664, -1133.9059, 0.6260, 160, 160, 160
L 378.4664, -1133.9059, 0.6260,  377.4687, -1133.3335, 0.6260, 160, 160, 160
L 377.4687, -1133.3335, 0.6260,  377.4687, -1105.9341, 0.6260, 160, 160, 160
L 377.4687, -1105.9341, 0.6260,  349.9687, -1105.9374, 0.6260, 160, 160, 160
L 349.9687, -1105.9374, 0.6260,  349.3894, -1105.4297, 0.6260, 160, 160, 160
L 349.3894, -1105.4297, 0.6260,  335.6936, -1078.3849, 0.6260, 160, 160, 160
L 335.6936, -1078.3849, 0.6260,  335.5000, -1077.2980, 0.6260, 160, 160, 160
L 335.5000, -1077.2980, 0.6260,  335.5000, -1067.9336, 0.6260, 160, 160, 160
L 335.5000, -1067.9336, 0.6260,  327.3100, -1067.9357, 0.6260, 160, 160, 160
L 327.3100, -1067.9357, 0.6260,  326.5000, -1067.4015, 0.6260, 160, 160, 160
L 326.5000, -1067.4015, 0.6260,  326.5000, -1063.7244, 0.6260, 160, 160, 160
L 326.5000, -1063.7244, 0.6260,  326.9952, -1063.1875, 0.6260, 160, 160, 160
L 326.9952, -1063.1875, 0.6260,  335.5000, -1063.1875, 0.6260, 160, 160, 160
L 335.5000, -1063.1875, 0.6260,  335.5000, -923.8821, 0.6260, 160, 160, 160
L 335.5000, -923.8821, 0.6260,  335.9947, -923.2500, 0.6260, 160, 160, 160
L 335.9947, -923.2500, 0.6260,  405.4687, -923.2500, 0.6260, 160, 160, 160
L 405.4687, -923.2500, 0.6260,  405.4687, -881.8614, 0.6260, 160, 160, 160
L 405.4687, -881.8614, 0.6260,  405.9073, -881.2812, 0.6260, 160, 160, 160
L 405.9073, -881.2812, 0.6260,  461.4375, -881.2812, 0.6260, 160, 160, 160
L 461.4375, -881.2812, 0.6260,  461.4375, -700.5080, 0.6260, 160, 160, 160
L 461.4375, -700.5080, 0.6260,  461.6571, -699.3437, -1.3740, 160, 160, 160
L 461.6571, -699.3437, -1.3740,  420.3627, -699.3437, -1.3740, 160, 160, 160
L 420.3627, -699.3437, -1.3740,  434.8280, -658.1249, -1.3740, 160, 160, 160
L 434.8280, -658.1249, -1.3740,  447.5878, -658.1249, -1.3740, 160, 160, 160
L 447.5878, -658.1249, -1.3740,  448.1875, -657.5778, -1.3740, 160, 160, 160
L 448.1875, -657.5778, -1.3740,  448.1875, -644.1249, -1.3740, 160, 160, 160
L 448.1875, -644.1249, -1.3740,  473.5541, -644.1249, -1.3740, 160, 160, 160
L 473.5541, -644.1249, -1.3740,  489.2683, -685.3437, -1.3740, 160, 160, 160
L 489.2683, -685.3437, -1.3740,  475.9612, -685.3437, -1.3740, 160, 160, 160
L 475.9612, -685.3437, -1.3740,  475.4918, -685.5090, -1.3740, 160, 160, 160
L 475.4918, -685.5090, -1.3740,  461.6571, -699.3437, -1.3740, 160, 160, 160
L 461.6571, -699.3437, -1.3740,  503.4375, -699.3437, 0.6260, 160, 160, 160
L 503.4375, -699.3437, 0.6260,  503.4375, -308.2500, -0.3740, 160, 160, 160
L 503.4375, -308.2500, -0.3740,  429.9528, -308.2500, -0.3740, 160, 160, 160
L 429.9528, -308.2500, -0.3740,  429.5375, -308.1562, -0.3740, 160, 160, 160
L 429.5375, -308.1562, -0.3740,  425.7013, -306.2232, -0.3740, 160, 160, 160
L 425.7013, -306.2232, -0.3740,  425.9078, -305.5000, -0.3740, 160, 160, 160
L 425.9078, -305.5000, -0.3740,  487.2438, -305.5000, -0.3740, 160, 160, 160
L 487.2438, -305.5000, -0.3740,  481.5652, -292.2500, -0.3740, 160, 160, 160
L 481.5652, -292.2500, -0.3740,  428.1690, -293.3254, -0.3740, 160, 160, 160
L 428.1690, -293.3254, -0.3740,  408.1155, -291.9105, -0.3740, 160, 160, 160
L 408.1155, -291.9105, -0.3740,  385.4261, -286.4041, -0.3740, 160, 160, 160
L 385.4261, -286.4041, -0.3740,  392.1098, -305.5000, -0.3740, 160, 160, 160
L 392.1098, -305.5000, -0.3740,  412.9229, -305.5000, -0.3740, 160, 160, 160
L 412.9229, -305.5000, -0.3740,  415.4116, -304.2943, -0.3740, 160, 160, 160
L 415.4116, -304.2943, -0.3740,  408.1906, -291.9286, -0.3740, 160, 160, 160
L 408.1906, -291.9286, -0.3740,  412.8170, -293.4640, -0.3740, 160, 160, 160
L 421.5101, -312.6120, -0.3740,  420.2825, -313.8741, -0.3740, 160, 160, 160
L 420.2825, -313.8741, -0.3740,  447.7570, -335.3564, -0.3740, 160, 160, 160
L 447.7570, -335.3564, -0.3740,  448.7810, -336.1820, -0.3740, 160, 160, 160
L 448.7810, -336.1820, -0.3740,  434.2545, -363.8894, -0.3740, 160, 160, 160
L 434.2545, -363.8894, -0.3740,  448.6110, -391.5024, -0.3740, 160, 160, 160
L 448.6110, -391.5024, -0.3740,  461.2058, -392.2180, -3.5535, 160, 160, 160
L 461.2058, -392.2180, -3.5535,  433.5033, -447.4375, -10.8964, 160, 160, 160
L 433.5033, -447.4375, -10.8964,  414.2411, -447.6564, -12.6050, 160, 160, 160
L 414.2411, -447.6564, -12.6050,  416.1906, -432.6020, -11.5160, 160, 160, 160
L 416.1906, -432.6020, -11.5160,  415.7687, -431.3752, -11.2840, 160, 160, 160
L 415.7687, -431.3752, -11.2840,  392.2187, -421.5933, -12.2551, 160, 160, 160
L 392.2187, -421.5933, -12.2551,  392.2187, -392.2187, -9.6542, 160, 160, 160
L 392.2187, -392.2187, -9.6542,  448.6943, -392.2187, -4.6707, 160, 160, 160
L 411.1159, -308.2500, 0.6260,  336.4750, -308.2500, 0.6260, 160, 160, 160
L 336.4750, -308.2500, 0.6260,  335.5000, -307.5520, 0.6260, 160, 160, 160
L 335.5000, -307.5520, 0.6260,  335.5000, -42.3436, 0.6260, 160, 160, 160
L 335.5000, -42.3436, 0.6260,  280.8240, -42.3436, 0.6260, 160, 160, 160
L 280.8240, -42.3436, 0.6260,  279.5059, -41.9354, 0.6260, 160, 160, 160
L 279.5059, -41.9354, 0.6260,  279.5000, -26.1544, 0.6260, 160, 160, 160
L 279.5000, -26.1544, 0.6260,  280.3170, -25.6250, 0.6260, 160, 160, 160
L 280.3170, -25.6250, 0.6260,  283.7703, -25.6250, 0.6260, 160, 160, 160
L 283.7703, -25.6250, 0.6260,  284.2500, -26.6100, 0.6260, 160, 160, 160
L 284.2500, -26.6100, 0.6260,  284.2500, -27.6250, 0.6260, 160, 160, 160
L 284.2500, -27.6250, 0.6260,  307.5905, -27.6250, 0.6260, 160, 160, 160
L 307.5905, -27.6250, 0.6260,  308.1619, -27.7002, 0.6260, 160, 160, 160
L 308.1619, -27.7002, 0.6260,  349.9356, -41.5938, 0.6260, 160, 160, 160
L 349.9356, -41.5938, 0.6260,  363.6868, -41.5938, 0.6260, 160, 160, 160
L 363.6868, -41.5938, 0.6260,  364.2490, -42.4390, 0.6260, 160, 160, 160
L 364.2490, -42.4390, 0.6260,  378.1365, -97.5938, 0.6260, 160, 160, 160
L 378.1365, -97.5938, 0.6260,  391.6884, -97.5938, 0.6260, 160, 160, 160
L 391.6884, -97.5938, 0.6260,  405.5183, -83.7638, 0.6260, 160, 160, 160
L 405.5183, -83.7638, 0.6260,  406.5900, -83.5938, 0.6260, 160, 160, 160
L 406.5900, -83.5938, 0.6260,  433.6118, -83.5938, 0.6260, 160, 160, 160
L 433.6118, -83.5938, 0.6260,  461.2921, -42.7300, 0.6260, 160, 160, 160
L 461.2921, -42.7300, 0.6260,  424.6177, -17.6383, 0.6260, 160, 160, 160
L 424.6177, -17.6383, 0.6260,  423.9420, -17.1871, 1.7044, 160, 160, 160
L 423.9420, -17.1871, 1.7044,  419.7040, -14.3576, 0.6260, 160, 160, 160
L 419.7040, -14.3576, 0.6260,  419.7744, -13.6152, 0.6260, 160, 160, 160
L 419.7744, -13.6152, 0.6260,  440.5323, -3.2248, 0.6260, 160, 160, 160
L 440.5323, -3.2248, 0.6260,  439.5803, 7.7107, 0.6260, 160, 160, 160
L 439.5803, 7.7107, 0.6260,  419.6265, 27.6866, 0.6260, 160, 160, 160
L 419.6265, 27.6866, 0.6260,  419.4687, 28.1625, 0.6260, 160, 160, 160
L 419.4687, 28.1625, 0.6260,  419.4687, 41.8994, 0.6260, 160, 160, 160
L 419.4687, 41.8994, 0.6260,  419.9990, 42.3436, -1.3740, 160, 160, 160
L 280.2499, -56.3436, -1.3740,  280.2493, -111.5938, -1.3740, 160, 160, 160
L 280.2493, -111.5938, -1.3740,  307.7196, -111.5938, -1.3740, 160, 160, 160
L 307.7196, -111.5938, -1.3740,  321.5000, -97.8134, -1.3740, 160, 160, 160
L 321.5000, -97.8134, -1.3740,  321.5000, -56.3436, -1.3740, 160, 160, 160
L 321.5000, -56.3436, -1.3740,  280.2499, -56.3436, -1.3740, 160, 160, 160
L 307.5000, -126.3125, -1.3740,  280.2500, -126.3125, -1.3740, 160, 160, 160
L 280.2500, -126.3125, -1.3740,  280.2500, -195.8602, -1.3740, 160, 160, 160
L 280.2500, -195.8602, -1.3740,  280.1687, -196.1573, -1.3740, 160, 160, 160
L 280.1687, -196.1573, -1.3740,  266.2833, -223.9902, -1.3740, 160, 160, 160
L 266.2833, -223.9902, -1.3740,  265.8600, -224.2812, -1.3740, 160, 160, 160
L 265.8600, -224.2812, -1.3740,  252.2812, -224.2812, -1.3740, 160, 160, 160
L 252.2812, -224.2812, -1.3740,  252.2812, -279.5000, -1.3740, 160, 160, 160
L 252.2812, -279.5000, -1.3740,  265.8177, -279.5000, -1.3740, 160, 160, 160
L 265.8177, -279.5000, -1.3740,  293.6514, -265.5987, -1.3740, 160, 160, 160
L 293.6514, -265.5987, -1.3740,  307.4612, -251.7897, -1.3740, 160, 160, 160
L 307.4612, -251.7897, -1.3740,  308.3690, -251.5312, -1.3740, 160, 160, 160
L 308.3690, -251.5312, -1.3740,  321.5000, -251.5312, -1.3740, 160, 160, 160
L 321.5000, -251.5312, -1.3740,  321.5000, -168.9280, -1.3740, 160, 160, 160
L 321.5000, -168.9280, -1.3740,  307.6605, -154.2535, -1.3740, 160, 160, 160
L 307.6605, -154.2535, -1.3740,  307.5000, -153.6098, -1.3740, 160, 160, 160
L 307.5000, -153.6098, -1.3740,  307.5000, -126.3122, -1.3740, 160, 160, 160
L 293.5000, -379.2950, 0.6260,  293.5000, -377.9495, 0.6260, 160, 160, 160
L 293.5000, -377.9495, 0.6260,  293.6490, -377.5393, 0.6260, 160, 160, 160
L 293.6490, -377.5393, 0.6260,  307.5149, -363.6734, 0.6260, 160, 160, 160
L 307.5149, -363.6734, 0.6260,  307.5000, -364.2420, 1.6259, 160, 160, 160
L 307.5000, -364.2420, 1.6259,  307.5000, -365.6884, 1.6259, 160, 160, 160
L 307.5000, -365.6884, 1.6259,  295.7196, -377.4687, 1.6259, 160, 160, 160
L 295.7196, -377.4687, 1.6259,  294.3660, -377.4687, 1.5104, 160, 160, 160
L 296.4180, -377.4687, 2.5224,  321.6211, -377.4687, 2.6259, 160, 160, 160
L 321.6211, -377.4687, 2.6259,  322.1707, -377.6093, 2.6259, 160, 160, 160
L 322.1707, -377.6093, 2.6259,  324.2490, -379.4633, 2.6259, 160, 160, 160
L 324.2490, -379.4633, 2.6259,  324.2500, -380.1383, 2.6259, 160, 160, 160
L 324.2500, -380.1383, 2.6259,  324.2500, -381.6995, 2.6259, 160, 160, 160
L 324.2500, -381.6995, 2.6259,  323.8183, -382.2187, 2.6259, 160, 160, 160
L 323.8183, -382.2187, 2.6259,  319.4438, -382.2187, 2.6259, 160, 160, 160
L 319.4438, -382.2187, 2.6259,  319.4438, -384.1646, 2.6259, 160, 160, 160
L 319.4438, -384.1646, 2.6259,  318.9139, -384.5405, 2.6259, 160, 160, 160
L 318.9139, -384.5405, 2.6259,  310.7816, -384.5405, 2.6259, 160, 160, 160
L 310.7816, -384.5405, 2.6259,  310.2189, -384.1363, 2.6259, 160, 160, 160
L 310.2189, -384.1363, 2.6259,  310.2189, -382.2180, 2.6259, 160, 160, 160
L 310.2189, -382.2180, 2.6259,  296.2500, -382.2187, 2.6259, 160, 160, 160
L 296.2500, -382.2187, 2.6259,  296.2500, -417.4687, 2.6259, 160, 160, 160
L 296.2500, -417.4687, 2.6259,  323.5000, -417.4687, 2.6259, 160, 160, 160
L 323.5000, -417.4687, 2.6259,  323.5000, -408.2170, 2.6259, 160, 160, 160
L 323.5000, -408.2170, 2.6259,  323.9909, -407.4687, 2.6259, 160, 160, 160
L 323.9909, -407.4687, 2.6259,  350.8030, -407.4687, 2.6259, 160, 160, 160
L 350.8030, -407.4687, 2.6259,  350.7085, -407.4687, 3.6950, 160, 160, 160
L 350.7085, -407.4687, 3.6950,  358.4988, -407.4687, 2.6259, 160, 160, 160
L 358.4988, -407.4687, 2.6259,  356.5294, -403.5140, 2.7238, 160, 160, 160
L 356.5294, -403.5140, 2.7238,  357.6474, -401.8229, 3.6950, 160, 160, 160
L 357.6474, -401.8229, 3.6950,  361.4687, -399.5523, 2.6259, 160, 160, 160
L 361.4687, -399.5523, 2.6259,  361.4687, -382.2187, 2.6259, 160, 160, 160
L 361.4687, -382.2187, 2.6259,  334.5250, -382.2187, 2.6259, 160, 160, 160
L 334.5250, -382.2187, 2.6259,  333.5000, -381.7656, 2.6259, 160, 160, 160
L 333.5000, -381.7656, 2.6259,  333.5000, -380.5200, 2.6259, 160, 160, 160
L 333.5000, -380.5200, 2.6259,  333.7149, -379.4735, 2.6259, 160, 160, 160
L 333.7149, -379.4735, 2.6259,  335.5726, -377.6157, 2.8176, 160, 160, 160
L 335.5726, -377.6157, 2.8176,  336.3620, -377.4687, 2.6259, 160, 160, 160
L 336.3620, -377.4687, 2.6259,  363.9968, -377.4836, 0.6260, 160, 160, 160
L 363.9968, -377.4836, 0.6260,  350.2176, -363.6562, 0.6260, 160, 160, 160
L 350.2176, -363.6562, 0.6260,  350.2500, -364.8650, 1.5947, 160, 160, 160
L 350.2500, -364.8650, 1.5947,  350.2500, -365.7058, 1.6259, 160, 160, 160
L 350.2500, -365.7058, 1.6259,  361.9988, -377.4687, 1.6259, 160, 160, 160
L 350.2479, -363.7042, 0.6260,  349.6263, -363.4687, 0.6260, 160, 160, 160
L 349.6263, -363.4687, 0.6260,  308.2190, -363.4687, 0.6260, 160, 160, 160
L 310.2257, -363.7112, 1.5527,  310.2500, -365.4687, 1.6259, 160, 160, 160
L 310.2500, -365.4687, 1.6259,  347.5000, -365.4687, 1.6259, 160, 160, 160
L 347.5000, -365.4687, 1.6259,  347.5000, -363.9189, 1.6259, 160, 160, 160
L 347.5000, -363.9189, 1.6259,  348.9000, -363.4687, 0.6260, 160, 160, 160
L 348.9000, -363.4687, 0.6260,  348.5996, -363.4687, 0.6260, 160, 160, 160
L 324.3070, -417.4687, 3.6259,  333.5111, -417.4687, 3.6259, 160, 160, 160
L 333.5111, -417.4687, 3.6259,  333.5000, -407.9576, 3.6259, 160, 160, 160
L 333.5000, -407.9576, 3.6259,  335.5120, -407.9150, 4.6260, 160, 160, 160
L 335.5120, -407.9150, 4.6260,  335.5000, -417.4687, 4.6260, 160, 160, 160
L 335.5000, -417.4687, 4.6260,  332.1110, -417.4687, 3.6259, 160, 160, 160
L 334.2386, -417.4687, 4.6260,  337.5120, -417.4687, 5.6260, 160, 160, 160
L 337.5120, -417.4687, 5.6260,  337.5000, -407.9850, 5.6260, 160, 160, 160
L 337.5000, -407.9850, 5.6260,  339.5108, -407.9816, 6.6260, 160, 160, 160
L 339.5108, -407.9816, 6.6260,  339.5110, -407.8874, 6.6260, 160, 160, 160
L 339.5110, -407.8874, 6.6260,  339.5000, -417.4687, 6.6260, 160, 160, 160
L 339.5000, -417.4687, 6.6260,  336.9825, -417.4687, 5.6260, 160, 160, 160
L 339.5113, -417.4687, 6.6260,  351.4687, -417.4687, 12.6259, 160, 160, 160
L 341.5120, -417.4687, 7.6260,  341.5000, -407.9504, 7.6260, 160, 160, 160
L 343.5090, -417.4687, 8.6259,  343.5450, -407.4456, 2.6259, 160, 160, 160
L 343.5070, -417.4687, 8.6259,  343.5000, -408.2560, 8.6259, 160, 160, 160
L 345.5070, -417.4687, 9.6259,  345.5000, -407.9504, 9.6259, 160, 160, 160
L 347.5074, -417.4687, 10.6259,  347.5000, -407.9615, 10.6259, 160, 160, 160
L 349.5120, -417.4687, 11.6259,  349.5000, -407.9212, 11.6259, 160, 160, 160
L 351.4687, -417.4687, 12.6259,  351.4687, -408.2173, 12.6259, 160, 160, 160
L 351.4687, -408.2173, 12.6259,  323.8476, -407.4809, 2.6259, 160, 160, 160
L 293.5000, -378.4395, 0.6260,  293.5000, -419.6693, 0.6260, 160, 160, 160
L 293.5000, -419.6693, 0.6260,  294.5680, -420.2187, 0.6260, 160, 160, 160
L 294.5680, -420.2187, 0.6260,  363.6825, -420.2187, 0.6260, 160, 160, 160
L 363.6825, -420.2187, 0.6260,  364.2187, -419.7595, 0.6260, 160, 160, 160
L 364.2187, -419.7595, 0.6260,  364.2187, -377.9855, 0.6260, 160, 160, 160
L 364.2187, -377.9855, 0.6260,  363.7436, -377.2126, 0.6260, 160, 160, 160
L 351.9220, -417.4687, 14.6259,  361.4687, -417.4687, 14.6259, 160, 160, 160
L 361.4687, -417.4687, 14.6259,  361.4687, -398.2180, 14.6259, 160, 160, 160
L 361.4687, -398.2180, 14.6259,  348.3800, -398.2187, 14.6259, 160, 160, 160
L 348.3800, -398.2187, 14.6259,  347.5000, -397.7124, 14.6259, 160, 160, 160
L 347.5000, -397.7124, 14.6259,  347.5000, -395.9547, 14.6259, 160, 160, 160
L 347.5000, -395.9547, 14.6259,  348.1400, -395.4687, 14.6259, 160, 160, 160
L 348.1400, -395.4687, 14.6259,  361.4687, -395.4687, 14.6259, 160, 160, 160
L 361.4687, -395.4687, 14.6259,  361.4687, -380.2180, 14.6259, 160, 160, 160
L 361.4687, -380.2180, 14.6259,  336.4550, -380.2187, 14.6259, 160, 160, 160
L 336.4550, -380.2187, 14.6259,  335.4997, -379.8244, 14.6259, 160, 160, 160
L 335.4997, -379.8244, 14.6259,  335.5000, -377.9537, 14.6259, 160, 160, 160
L 335.5000, -377.9537, 14.6259,  335.9184, -377.4687, 14.6259, 160, 160, 160
L 335.9184, -377.4687, 14.6259,  362.9049, -377.4687, 14.6259, 160, 160, 160
L 362.9049, -377.4687, 14.6259,  350.2500, -364.7574, 14.6259, 160, 160, 160
L 350.2500, -364.7574, 14.6259,  350.2481, -365.8813, 14.6259, 160, 160, 160
L 350.2481, -365.8813, 14.6259,  349.8090, -366.2187, 14.6259, 160, 160, 160
L 349.8090, -366.2187, 14.6259,  347.9664, -366.2187, 14.6259, 160, 160, 160
L 347.9664, -366.2187, 14.6259,  347.5000, -365.6141, 14.6259, 160, 160, 160
L 347.5000, -365.6141, 14.6259,  347.5000, -364.4980, 14.6259, 160, 160, 160
L 347.5000, -364.4980, 14.6259,  310.2500, -363.8942, 14.6259, 160, 160, 160
L 310.2500, -363.8942, 14.6259,  310.2500, -365.6711, 14.6259, 160, 160, 160
L 310.2500, -365.6711, 14.6259,  309.8208, -366.2187, 14.6259, 160, 160, 160
L 309.8208, -366.2187, 14.6259,  308.2240, -366.2187, 14.6259, 160, 160, 160
L 308.2240, -366.2187, 14.6259,  307.5004, -365.8605, 14.6259, 160, 160, 160
L 307.5004, -365.8605, 14.6259,  307.5000, -364.8940, 14.5965, 160, 160, 160
L 307.5000, -364.8940, 14.5965,  294.3163, -377.4687, 14.6259, 160, 160, 160
L 294.3163, -377.4687, 14.6259,  309.6068, -377.4687, 14.6259, 160, 160, 160
L 309.6068, -377.4687, 14.6259,  310.2500, -377.9180, 14.6259, 160, 160, 160
L 310.2500, -377.9180, 14.6259,  310.2500, -379.7076, 14.6259, 160, 160, 160
L 310.2500, -379.7076, 14.6259,  309.7635, -380.2187, 14.6259, 160, 160, 160
L 309.7635, -380.2187, 14.6259,  249.9730, -380.2187, 14.6259, 160, 160, 160
L 249.9730, -380.2187, 14.6259,  249.5312, -379.7325, 14.6259, 160, 160, 160
L 249.5312, -379.7325, 14.6259,  249.5312, -369.5410, 14.6259, 160, 160, 160
L 249.5312, -369.5410, 14.6259,  241.4396, -366.2187, 14.6259, 160, 160, 160
L 241.4396, -366.2187, 14.6259,  213.2187, -366.2187, 14.6259, 160, 160, 160
L 213.2187, -366.2187, 14.6259,  210.2812, -369.1594, 14.6259, 160, 160, 160
L 210.2812, -369.1594, 14.6259,  210.2812, -379.6675, 14.6259, 160, 160, 160
L 210.2812, -379.6675, 14.6259,  209.6847, -380.2187, 14.6259, 160, 160, 160
L 209.6847, -380.2187, 14.6259,  208.9270, -380.2187, 14.6259, 160, 160, 160
L 208.9270, -380.2187, 14.6259,  207.5312, -379.7287, 14.6259, 160, 160, 160
L 207.5312, -379.7287, 14.6259,  207.5312, -378.2178, 14.6259, 160, 160, 160
L 207.5312, -378.2178, 14.6259,  205.5312, -377.6152, 14.6259, 160, 160, 160
L 205.5312, -377.6152, 14.6259,  205.5312, -376.3283, 14.6259, 160, 160, 160
L 205.5312, -376.3283, 14.6259,  184.3125, -376.3283, 14.6259, 160, 160, 160
L 184.3125, -376.3283, 14.6259,  184.2533, -378.4570, 14.6259, 160, 160, 160
L 184.2533, -378.4570, 14.6259,  183.7572, -378.2187, 14.6259, 160, 160, 160
L 183.7572, -378.2187, 14.6259,  182.7810, -378.2187, 14.6259, 160, 160, 160
L 182.7810, -378.2187, 14.6259,  181.5641, -377.8795, 14.6259, 160, 160, 160
L 181.5641, -377.8795, 14.6259,  181.5625, -375.8985, 14.6259, 160, 160, 160
L 181.5625, -375.8985, 14.6259,  182.1331, -375.4687, 14.6259, 160, 160, 160
L 182.1331, -375.4687, 14.6259,  183.7155, -375.4687, 14.6259, 160, 160, 160
L 183.7155, -375.4687, 14.6259,  183.7231, -364.2187, 14.6259, 160, 160, 160
L 183.7231, -364.2187, 14.6259,  182.2350, -364.2187, 14.6259, 160, 160, 160
L 182.2350, -364.2187, 14.6259,  181.5625, -363.7909, 14.6259, 160, 160, 160
L 181.5625, -363.7909, 14.6259,  181.5625, -362.1400, 14.6259, 160, 160, 160
L 181.5625, -362.1400, 14.6259,  182.1233, -361.4687, 14.6259, 160, 160, 160
L 182.1233, -361.4687, 14.6259,  183.7444, -361.4687, 14.6259, 160, 160, 160
L 183.7444, -361.4687, 14.6259,  184.3125, -361.6249, 13.6259, 160, 160, 160
L 184.3125, -361.6249, 13.6259,  184.3125, -352.2187, 13.6259, 160, 160, 160
L 184.3125, -352.2187, 13.6259,  183.5877, -352.2187, 14.6259, 160, 160, 160
L 183.5877, -352.2187, 14.6259,  170.3125, -352.2187, 14.6259, 160, 160, 160
L 170.3125, -352.2187, 14.6259,  170.3125, -395.4687, 14.6259, 160, 160, 160
L 170.3125, -395.4687, 14.6259,  171.8372, -395.4687, 14.6259, 160, 160, 160
L 171.8372, -395.4687, 14.6259,  172.3125, -395.9891, 14.6259, 160, 160, 160
L 172.3125, -395.9891, 14.6259,  172.3125, -397.7619, 14.6259, 160, 160, 160
L 172.3125, -397.7619, 14.6259,  171.8151, -398.2187, 14.6259, 160, 160, 160
L 171.8151, -398.2187, 14.6259,  170.3125, -398.2187, 14.6259, 160, 160, 160
L 170.3125, -398.2187, 14.6259,  170.3120, -417.4687, 14.6259, 160, 160, 160
L 170.3120, -417.4687, 14.6259,  187.5625, -417.4687, 14.6259, 160, 160, 160
L 187.5625, -417.4687, 14.6259,  187.5625, -398.2180, 14.6259, 160, 160, 160
L 187.5625, -398.2180, 14.6259,  182.5350, -398.2187, 14.6259, 160, 160, 160
L 182.5350, -398.2187, 14.6259,  181.5625, -397.6811, 14.6259, 160, 160, 160
L 181.5625, -397.6811, 14.6259,  181.5625, -395.9576, 14.6259, 160, 160, 160
L 181.5625, -395.9576, 14.6259,  182.9020, -395.4687, 14.6259, 160, 160, 160
L 182.9020, -395.4687, 14.6259,  195.7492, -395.4687, 14.6259, 160, 160, 160
L 195.7492, -395.4687, 14.6259,  196.2812, -395.9800, 14.6259, 160, 160, 160
L 196.2812, -395.9800, 14.6259,  196.2812, -397.7708, 14.6259, 160, 160, 160
L 196.2812, -397.7708, 14.6259,  195.9102, -398.2187, 15.6940, 160, 160, 160
L 195.9102, -398.2187, 15.6940,  190.3125, -398.2187, 14.6259, 160, 160, 160
L 190.3125, -398.2187, 14.6259,  190.3125, -417.4687, 14.6259, 160, 160, 160
L 190.3125, -417.4687, 14.6259,  207.5312, -417.4687, 14.6259, 160, 160, 160
L 207.5312, -417.4687, 14.6259,  207.5312, -398.2187, 14.6259, 160, 160, 160
L 207.5312, -398.2187, 14.6259,  206.1910, -398.2187, 14.6259, 160, 160, 160
L 206.1910, -398.2187, 14.6259,  205.5312, -397.7653, 14.6259, 160, 160, 160
L 205.5312, -397.7653, 14.6259,  205.5312, -395.9094, 14.6259, 160, 160, 160
L 205.5312, -395.9094, 14.6259,  206.6120, -395.4687, 14.6259, 160, 160, 160
L 206.6120, -395.4687, 14.6259,  223.6691, -395.4687, 14.6259, 160, 160, 160
L 223.6691, -395.4687, 14.6259,  224.2812, -395.8928, 14.6259, 160, 160, 160
L 224.2812, -395.8928, 14.6259,  224.2812, -397.7003, 14.6259, 160, 160, 160
L 224.2812, -397.7003, 14.6259,  223.6998, -398.2187, 14.6259, 160, 160, 160
L 223.6998, -398.2187, 14.6259,  209.9437, -397.8811, 14.6340, 160, 160, 160
L 209.9437, -397.8811, 14.6340,  209.9429, -431.7749, 14.6259, 160, 160, 160
L 209.9429, -431.7749, 14.6259,  249.8686, -431.7749, 14.6340, 160, 160, 160
L 249.8686, -431.7749, 14.6340,  249.8686, -397.8802, 14.6340, 160, 160, 160
L 249.8686, -397.8802, 14.6340,  234.1331, -398.2187, 14.6259, 160, 160, 160
L 234.1331, -398.2187, 14.6259,  233.5312, -397.7610, 14.6259, 160, 160, 160
L 233.5312, -397.7610, 14.6259,  233.5312, -396.4520, 14.6259, 160, 160, 160
L 233.5312, -396.4520, 14.6259,  234.2320, -395.4687, 14.6259, 160, 160, 160
L 234.2320, -395.4687, 14.6259,  295.5941, -395.4687, 14.6259, 160, 160, 160
L 295.5941, -395.4687, 14.6259,  296.2500, -395.8777, 14.6259, 160, 160, 160
L 296.2500, -395.8777, 14.6259,  296.2490, -417.4687, 14.6259, 160, 160, 160
L 296.2490, -417.4687, 14.6259,  321.5000, -417.4687, 14.6259, 160, 160, 160
L 321.5000, -417.4687, 14.6259,  321.5000, -408.1397, 14.6259, 160, 160, 160
L 321.5000, -408.1397, 14.6259,  322.9400, -407.4687, 14.6259, 160, 160, 160
L 322.9400, -407.4687, 14.6259,  324.2984, -407.7860, 14.6259, 160, 160, 160
L 183.8006, -352.2187, 14.6259,  207.5312, -352.2187, 7.6260, 160, 160, 160
L 207.5312, -352.2187, 7.6260,  207.5312, -403.4769, 2.6259, 160, 160, 160
L 207.5312, -403.4769, 2.6259,  208.6610, -404.2187, 2.6259, 160, 160, 160
L 208.6610, -404.2187, 2.6259,  209.8814, -404.2187, 2.6259, 160, 160, 160
L 209.8814, -404.2187, 2.6259,  210.2812, -403.7966, 2.6259, 160, 160, 160
L 210.2812, -403.7966, 2.6259,  210.2812, -394.2187, 2.6259, 160, 160, 160
L 210.2812, -394.2187, 2.6259,  211.9158, -394.2185, 2.6259, 160, 160, 160
L 211.9158, -394.2185, 2.6259,  212.2812, -393.6793, 2.6259, 160, 160, 160
L 212.2812, -393.6793, 2.6259,  212.2812, -392.7330, 2.6259, 160, 160, 160
L 212.2812, -392.7330, 2.6259,  211.8240, -391.4687, 2.6259, 160, 160, 160
L 211.8240, -391.4687, 2.6259,  210.2809, -391.4687, 2.6259, 160, 160, 160
L 210.2809, -391.4687, 2.6259,  210.2812, -380.2187, 2.6259, 160, 160, 160
L 210.2812, -380.2187, 2.6259,  217.7330, -380.2187, 2.6259, 160, 160, 160
L 217.7330, -380.2187, 2.6259,  221.8687, -379.8811, 2.6340, 160, 160, 160
L 221.8687, -379.8811, 2.6340,  221.8686, -393.7907, 2.6340, 160, 160, 160
L 221.8686, -393.7907, 2.6340,  222.3630, -394.2187, 2.6259, 160, 160, 160
L 222.3630, -394.2187, 2.6259,  235.5312, -394.2187, 2.6259, 160, 160, 160
L 235.5312, -394.2187, 2.6259,  235.5312, -417.4687, 2.6259, 160, 160, 160
L 235.5312, -417.4687, 2.6259,  210.2812, -417.4687, 2.6259, 160, 160, 160
L 210.2812, -417.4687, 2.6259,  210.2812, -414.1721, 2.6259, 160, 160, 160
L 210.2812, -414.1721, 2.6259,  209.8797, -413.4687, 2.6259, 160, 160, 160
L 209.8797, -413.4687, 2.6259,  208.8880, -413.4687, 2.6259, 160, 160, 160
L 208.8880, -413.4687, 2.6259,  207.5312, -413.9520, 2.6259, 160, 160, 160
L 207.5312, -413.9520, 2.6259,  207.5312, -417.4687, 2.6259, 160, 160, 160
L 207.5312, -417.4687, 2.6259,  170.3120, -417.4687, 2.6259, 160, 160, 160
L 170.3120, -417.4687, 2.6259,  170.3125, -394.2187, 2.6259, 160, 160, 160
L 170.3125, -394.2187, 2.6259,  183.8115, -394.2187, 2.6259, 160, 160, 160
L 183.8115, -394.2187, 2.6259,  184.3125, -393.7260, 2.6259, 160, 160, 160
L 184.3125, -393.7260, 2.6259,  184.3125, -389.9626, 2.6259, 160, 160, 160
L 184.3125, -389.9626, 2.6259,  183.8770, -389.4687, 2.6259, 160, 160, 160
L 183.8770, -389.4687, 2.6259,  182.6360, -389.4687, 2.6259, 160, 160, 160
L 182.6360, -389.4687, 2.6259,  181.5625, -389.9683, 1.6259, 160, 160, 160
L 181.5625, -389.9683, 1.6259,  181.5625, -391.4687, 1.6259, 160, 160, 160
L 181.5625, -391.4687, 1.6259,  181.5625, -378.2187, 1.6259, 160, 160, 160
L 181.5625, -378.2187, 1.6259,  181.5625, -391.4687, 1.6259, 160, 160, 160
L 181.5625, -391.4687, 1.6259,  168.1242, -391.4687, 1.6259, 160, 160, 160
L 168.1242, -391.4687, 1.6259,  167.5625, -392.1537, 0.6260, 160, 160, 160
L 167.5625, -392.1537, 0.6260,  167.5625, -419.5665, 0.6260, 160, 160, 160
L 167.5625, -419.5665, 0.6260,  168.2283, -420.2187, 0.6260, 160, 160, 160
L 168.2283, -420.2187, 0.6260,  237.7673, -420.2187, 0.6260, 160, 160, 160
L 237.7673, -420.2187, 0.6260,  238.2812, -419.7277, 0.6260, 160, 160, 160
L 238.2812, -419.7277, 0.6260,  238.2812, -392.4180, 0.6260, 160, 160, 160
L 238.2812, -392.4180, 0.6260,  237.7053, -391.4687, 0.6260, 160, 160, 160
L 237.7053, -391.4687, 0.6260,  224.2809, -391.4687, 0.6260, 160, 160, 160
L 224.2809, -391.4687, 0.6260,  224.2812, -377.9132, 0.6260, 160, 160, 160
L 224.2812, -377.9132, 0.6260,  223.8292, -377.4687, 0.6260, 160, 160, 160
L 223.8292, -377.4687, 0.6260,  210.2809, -377.4687, 0.6260, 160, 160, 160
L 210.2809, -377.4687, 0.6260,  210.2812, -349.9857, 0.6260, 160, 160, 160
L 210.2812, -349.9857, 0.6260,  209.6297, -349.5000, 0.6260, 160, 160, 160
L 209.6297, -349.5000, 0.6260,  168.1003, -349.5000, 0.6260, 160, 160, 160
L 168.1003, -349.5000, 0.6260,  167.5625, -350.2198, 0.6260, 160, 160, 160
L 167.5625, -350.2198, 0.6260,  167.5625, -395.2092, 0.6260, 160, 160, 160
L 168.9500, -378.2187, 1.6259,  181.5625, -378.2187, 1.6259, 160, 160, 160
L 181.5625, -378.2187, 1.6259,  182.4380, -380.2187, 2.6259, 160, 160, 160
L 182.4380, -380.2187, 2.6259,  183.8173, -380.2187, 2.6259, 160, 160, 160
L 183.8173, -380.2187, 2.6259,  184.3125, -379.6718, 2.6259, 160, 160, 160
L 184.3125, -379.6718, 2.6259,  184.3125, -375.9481, 2.6259, 160, 160, 160
L 184.3125, -375.9481, 2.6259,  183.7389, -375.4687, 2.6259, 160, 160, 160
L 183.7389, -375.4687, 2.6259,  170.3120, -375.4687, 2.6259, 160, 160, 160
L 170.3120, -375.4687, 2.6259,  170.2927, -352.2187, 2.6259, 160, 160, 160
L 170.2927, -352.2187, 2.6259,  183.5625, -352.2180, 2.6259, 160, 160, 160
L 183.5625, -352.2182, 2.6259,  183.6731, -362.1096, 2.6259, 160, 160, 160
L 183.6731, -362.1096, 2.6259,  184.1115, -362.2187, 2.6259, 160, 160, 160
L 184.1115, -362.2187, 2.6259,  197.5312, -362.2187, 2.6259, 160, 160, 160
L 197.5312, -362.2187, 2.6259,  197.5643, -369.9639, 2.6259, 160, 160, 160
L 197.5643, -369.9639, 2.6259,  198.7340, -370.2187, 2.6259, 160, 160, 160
L 198.7340, -370.2187, 2.6259,  207.5312, -370.2176, 2.6259, 160, 160, 160
L 207.5312, -368.2076, 3.6259,  197.9264, -368.2187, 3.6259, 160, 160, 160
L 207.5312, -364.2178, 5.6260,  197.5312, -363.9347, 2.6259, 160, 160, 160
L 207.5312, -366.2069, 4.6260,  198.0000, -366.2187, 4.6260, 160, 160, 160
L 207.5312, -366.2183, 4.6260,  198.3180, -366.2187, 4.6260, 160, 160, 160
L 207.5312, -364.2182, 5.6260,  200.2790, -364.2187, 5.6260, 160, 160, 160
L 207.5312, -362.2187, 6.6260,  197.9819, -362.2187, 6.6260, 160, 160, 160
L 197.9819, -362.2187, 6.6260,  198.2812, -361.8036, 7.6260, 160, 160, 160
L 198.2812, -361.8036, 7.6260,  198.2812, -352.2187, 7.6260, 160, 160, 160
L 198.2812, -352.2187, 7.6260,  196.2598, -352.2187, 8.6562, 160, 160, 160
L 196.2598, -352.2187, 8.6562,  196.2812, -352.2187, 8.6259, 160, 160, 160
L 196.2812, -352.2187, 8.6259,  196.2812, -361.8093, 8.6259, 160, 160, 160
L 196.2812, -361.8093, 8.6259,  194.2998, -361.8593, 9.6251, 160, 160, 160
L 194.2998, -361.8593, 9.6251,  194.3125, -352.2187, 9.6259, 160, 160, 160
L 194.3125, -352.2187, 9.6259,  192.2588, -352.2187, 10.7246, 160, 160, 160
L 192.2588, -352.2187, 10.7246,  192.3125, -361.8093, 10.6259, 160, 160, 160
L 192.3125, -361.8093, 10.6259,  198.2802, -361.8718, 7.6234, 160, 160, 160
L 198.2802, -361.8718, 7.6234,  190.3125, -361.8335, 11.6259, 160, 160, 160
L 190.3125, -361.8335, 11.6259,  190.3125, -352.2187, 11.6259, 160, 160, 160
L 190.3125, -352.2187, 11.6259,  188.3017, -352.2187, 12.6259, 160, 160, 160
L 188.3017, -352.2187, 12.6259,  188.3125, -361.8460, 12.6259, 160, 160, 160
L 188.3125, -361.8460, 12.6259,  190.3115, -361.8702, 11.6236, 160, 160, 160
L 128.2999, -405.9750, 0.6277,  128.3125, -447.7457, 0.6260, 160, 160, 160
L 128.3125, -447.7457, 0.6260,  127.7378, -448.1875, 0.6260, 160, 160, 160
L 127.7378, -448.1875, 0.6260,  84.3436, -448.1875, 0.6260, 160, 160, 160
L 84.3436, -448.1875, 0.6260,  84.3436, -475.6668, 0.6260, 160, 160, 160
L 84.3436, -475.6668, 0.6260,  83.9231, -476.1875, 0.6260, 160, 160, 160
L 83.9231, -476.1875, 0.6260,  -167.7355, -476.1875, 0.6260, 160, 160, 160
L -167.7355, -476.1875, 0.6260,  -168.3125, -475.6913, 0.6260, 160, 160, 160
L -168.3125, -475.6913, 0.6260,  -168.3125, -336.1614, 0.6260, 160, 160, 160
L -168.3125, -336.1614, 0.6260,  -167.7235, -335.5000, 0.6260, 160, 160, 160
L -167.7235, -335.5000, 0.6260,  13.6250, -335.5000, 0.6260, 160, 160, 160
L 13.6250, -335.5000, 0.6260,  13.6250, -237.9327, 0.6260, 160, 160, 160
L 13.6250, -237.9327, 0.6260,  14.9980, -237.5312, 0.6260, 160, 160, 160
L 14.9980, -237.5312, 0.6260,  83.8226, -237.5312, 0.6260, 160, 160, 160
L 83.8226, -237.5312, 0.6260,  84.3436, -238.2589, 0.6260, 160, 160, 160
L 84.3436, -238.2589, 0.6260,  84.3436, -405.4687, 0.6260, 160, 160, 160
L 84.3436, -405.4687, 0.6260,  127.7604, -405.4809, 0.6260, 160, 160, 160
L 127.7604, -405.4809, 0.6260,  128.3125, -406.3300, 0.6260, 160, 160, 160
L 126.3125, -405.9361, 1.6259,  126.1230, -448.1875, 0.6260, 160, 160, 160
L 126.1010, -443.4445, 2.6080,  121.8029, -443.4624, 2.5493, 160, 160, 160
L 121.8029, -443.4624, 2.5493,  121.5625, -444.1141, 2.6259, 160, 160, 160
L 121.5625, -444.1141, 2.6259,  121.5625, -447.7853, 2.6259, 160, 160, 160
L 121.5625, -443.4375, 1.6259,  121.5625, -410.2182, 1.6259, 160, 160, 160
L 121.5625, -410.2182, 1.6259,  80.3010, -410.2187, 1.6259, 160, 160, 160
L 80.3010, -410.2187, 1.6259,  79.5938, -409.7006, 1.6259, 160, 160, 160
L 79.5938, -409.7006, 1.6259,  79.5938, -242.2807, 1.6259, 160, 160, 160
L 79.5938, -242.2807, 1.6259,  18.3750, -242.2812, 1.6259, 160, 160, 160
L 18.3750, -242.2812, 1.6259,  18.3750, -339.7656, 1.6259, 160, 160, 160
L 18.3750, -339.7656, 1.6259,  17.9659, -340.2500, 1.6259, 160, 160, 160
L 17.9659, -340.2500, 1.6259,  -163.5625, -340.2493, 1.6259, 160, 160, 160
L -163.5625, -340.2493, 1.6259,  -163.5625, -471.4375, 1.6259, 160, 160, 160
L -163.5625, -471.4375, 1.6259,  79.5938, -471.4375, 1.6259, 160, 160, 160
L 79.5938, -471.4375, 1.6259,  79.5938, -443.9114, 1.6259, 160, 160, 160
L 79.5938, -443.9114, 1.6259,  80.7420, -443.4375, 1.6259, 160, 160, 160
L 80.7420, -443.4375, 1.6259,  84.3436, -443.9030, 2.6259, 160, 160, 160
L 84.3436, -443.9030, 2.6259,  84.3436, -448.1874, 0.6260, 160, 160, 160
L 84.3436, -448.1874, 0.6260,  84.3208, -443.6834, 2.5579, 160, 160, 160
L 84.3208, -443.6834, 2.5579,  121.5625, -443.4375, 1.6259, 160, 160, 160
L 126.3700, -410.2053, 2.5901,  121.9835, -410.2187, 2.6259, 160, 160, 160
L 121.9835, -410.2187, 2.6259,  121.5625, -409.7350, 2.6259, 160, 160, 160
L 121.5625, -409.7350, 2.6259,  121.6183, -405.4232, 0.6260, 160, 160, 160
L 121.6183, -405.4232, 0.6260,  126.4428, -405.4687, 0.6260, 160, 160, 160
L 56.4840, -405.3929, 1.6259,  42.3823, -391.7271, 1.6259, 160, 160, 160
L 42.3823, -391.7271, 1.6259,  41.8913, -391.4687, 1.6259, 160, 160, 160
L 41.8913, -391.4687, 1.6259,  14.1536, -391.4687, 1.6259, 160, 160, 160
L 14.1536, -391.4687, 1.6259,  13.5023, -391.8109, 1.6259, 160, 160, 160
L 13.5023, -391.8109, 1.6259,  -0.2085, -405.5219, 1.6259, 160, 160, 160
L -0.2085, -405.5219, 1.6259,  -0.3750, -405.9592, 1.6259, 160, 160, 160
L -0.3750, -405.9592, 1.6259,  -0.3750, -433.6879, 1.6259, 160, 160, 160
L -0.3750, -433.6879, 1.6259,  -0.5500, -434.2878, 1.6259, 160, 160, 160
L -0.5500, -434.2878, 1.6259,  13.6125, -447.9553, 1.6259, 160, 160, 160
L 13.6125, -447.9553, 1.6259,  14.2187, -448.1875, 1.6259, 160, 160, 160
L 14.2187, -448.1875, 1.6259,  41.8303, -448.1875, 1.6259, 160, 160, 160
L 41.8303, -448.1875, 1.6259,  42.3994, -447.9121, 1.6259, 160, 160, 160
L 42.3994, -447.9121, 1.6259,  56.1680, -434.2946, 1.6259, 160, 160, 160
L 56.1680, -434.2946, 1.6259,  56.3438, -433.7028, 1.6259, 160, 160, 160
L 56.3438, -433.7028, 1.6259,  56.3438, -406.1360, 1.6259, 160, 160, 160
L 56.3438, -406.1360, 1.6259,  55.9513, -406.2187, 2.6259, 160, 160, 160
L 55.9513, -406.2187, 2.6259,  54.3436, -406.2187, 2.6259, 160, 160, 160
L 54.3436, -406.2187, 2.6259,  54.3436, -433.4375, 2.6259, 160, 160, 160
L 54.3436, -433.4375, 2.6259,  55.9924, -433.4381, 2.6242, 160, 160, 160
L 53.6323, -433.6186, 3.6259,  41.7389, -445.5119, 3.6259, 160, 160, 160
L 41.7389, -445.5119, 3.6259,  41.5938, -446.1870, 2.6259, 160, 160, 160
L 41.5938, -446.1870, 2.6259,  41.7989, -448.1875, 1.6259, 160, 160, 160
L 41.7989, -448.1875, 1.6259,  41.5938, -446.1723, 2.6259, 160, 160, 160
L 41.5938, -446.1723, 2.6259,  14.3750, -446.1875, 2.6259, 160, 160, 160
L 14.3750, -446.1875, 2.6259,  14.1083, -448.1875, 1.6259, 160, 160, 160
L 14.1083, -448.1875, 1.6259,  14.3750, -446.1875, 2.6259, 160, 160, 160
L 14.3750, -446.1875, 2.6259,  14.2637, -445.5459, 3.6259, 160, 160, 160
L 14.2637, -445.5459, 3.6259,  2.1977, -433.4938, 3.6259, 160, 160, 160
L 2.1977, -433.4938, 3.6259,  1.6250, -433.4375, 2.6259, 160, 160, 160
L 1.6250, -433.4375, 2.6259,  -0.1007, -433.4513, 2.5891, 160, 160, 160
L -0.1007, -433.4513, 2.5891,  1.6250, -433.4375, 2.6259, 160, 160, 160
L 1.6250, -433.4375, 2.6259,  1.6250, -406.2180, 2.6259, 160, 160, 160
L 1.6250, -406.2180, 2.6259,  0.4830, -406.2187, 2.6259, 160, 160, 160
L 0.4830, -406.2187, 2.6259,  1.6250, -406.2182, 2.6259, 160, 160, 160
L 1.6250, -406.2182, 2.6259,  2.3565, -406.1740, 3.6259, 160, 160, 160
L 2.3565, -406.1740, 3.6259,  14.1999, -394.1741, 3.6259, 160, 160, 160
L 14.1999, -394.1741, 3.6259,  14.3750, -393.4687, 2.6259, 160, 160, 160
L 14.3750, -393.4687, 2.6259,  14.3733, -391.8081, 2.6219, 160, 160, 160
L 14.3733, -391.8081, 2.6219,  14.3750, -393.4687, 2.6259, 160, 160, 160
L 14.3750, -393.4687, 2.6259,  41.5936, -393.4687, 2.6259, 160, 160, 160
L 41.5936, -393.4687, 2.6259,  41.5942, -391.8235, 2.6246, 160, 160, 160
L 41.5942, -391.8235, 2.6246,  41.5938, -393.4687, 2.6259, 160, 160, 160
L 41.5938, -393.4687, 2.6259,  41.7325, -394.1379, 3.6259, 160, 160, 160
L 41.7325, -394.1379, 3.6259,  53.8821, -406.2085, 3.6259, 160, 160, 160
L -117.7376, -451.3129, 1.6259,  -107.5759, -451.2869, 1.6297, 160, 160, 160
L -107.5759, -451.2869, 1.6297,  -106.6628, -452.9207, 1.6259, 160, 160, 160
L -106.6628, -452.9207, 1.6259,  -106.2977, -452.4828, 1.6259, 160, 160, 160
L -106.2977, -452.4828, 1.6259,  -92.9545, -420.1240, 1.6322, 160, 160, 160
L -92.9545, -420.1240, 1.6322,  -92.4322, -419.3387, 1.6259, 160, 160, 160
L -92.4322, -419.3387, 1.6259,  -97.4116, -353.6915, 1.6259, 160, 160, 160
L -97.4116, -353.6915, 1.6259,  -95.9492, -350.6820, 1.6493, 160, 160, 160
L -95.9492, -350.6820, 1.6493,  -96.3012, -350.7921, 1.6298, 160, 160, 160
L -96.3012, -350.7921, 1.6298,  -145.6744, -375.3546, 1.6259, 160, 160, 160
L -145.6744, -375.3546, 1.6259,  -147.9399, -374.1077, 1.6259, 160, 160, 160
L -147.9399, -374.1077, 1.6259,  -140.4233, -451.9030, 1.6259, 160, 160, 160
L -140.4233, -451.9030, 1.6259,  -140.3070, -451.8269, 1.6715, 160, 160, 160
L -140.3070, -451.8269, 1.6715,  -138.9233, -450.9467, 1.6435, 160, 160, 160
L -138.9233, -450.9467, 1.6435,  -113.4467, -451.3523, 1.6259, 160, 160, 160
L 18.2707, -490.1875, -27.3739,  -97.8134, -490.1874, -27.3739, 160, 160, 160
L -97.8134, -490.1874, -27.3739,  -111.5938, -503.9655, -27.3739, 160, 160, 160
L -111.5938, -503.9655, -27.3739,  -111.5938, -615.5945, -27.3739, 160, 160, 160
L -111.5938, -615.5945, -27.3739,  -97.8134, -629.3750, -27.3739, 160, 160, 160
L -97.8134, -629.3750, -27.3739,  83.8429, -629.3749, -27.3739, 160, 160, 160
L 83.8429, -629.3749, -27.3739,  84.3376, -629.5886, -27.3739, 160, 160, 160
L 84.3376, -629.5886, -27.3739,  98.2340, -643.4850, -27.3739, 160, 160, 160
L 98.2340, -643.4850, -27.3739,  98.3436, -643.8000, -27.3739, 160, 160, 160
L 98.3436, -643.8000, -27.3739,  98.3436, -923.4695, -27.3739, 160, 160, 160
L 98.3436, -923.4695, -27.3739,  112.1230, -937.2500, -27.3739, 160, 160, 160
L 112.1230, -937.2500, -27.3739,  279.7196, -937.2500, -27.3739, 160, 160, 160
L 279.7196, -937.2500, -27.3739,  293.5000, -923.4695, -27.3739, 160, 160, 160
L 293.5000, -923.4695, -27.3739,  293.5000, -727.9528, -27.3739, 160, 160, 160
L 293.5000, -727.9528, -27.3739,  293.6779, -727.3854, -27.3739, 160, 160, 160
L 293.6779, -727.3854, -27.3739,  307.2975, -713.7657, -27.3739, 160, 160, 160
L 307.2975, -713.7657, -27.3739,  307.9848, -713.3437, -27.3739, 160, 160, 160
L 307.9848, -713.3437, -27.3739,  391.6884, -713.3437, -27.3739, 160, 160, 160
L 391.6884, -713.3437, -27.3739,  405.4687, -699.5634, -27.3739, 160, 160, 160
L 405.4687, -699.5634, -27.3739,  405.4687, -643.7599, -27.3739, 160, 160, 160
L 405.4687, -643.7599, -27.3739,  405.9107, -643.3749, -27.3739, 160, 160, 160
L 405.9107, -643.3749, -27.3739,  433.4375, -643.3750, -27.3739, 160, 160, 160
L 433.4375, -643.3750, -27.3739,  433.4443, -601.6780, -27.3739, 160, 160, 160
L 433.4443, -601.6780, -27.3739,  433.8799, -601.3749, -27.3739, 160, 160, 160
L 433.8799, -601.3749, -27.3739,  545.4062, -601.3749, -27.3739, 160, 160, 160
L 545.4062, -601.3749, -27.3739,  545.4062, -545.9996, -27.3739, 160, 160, 160
L 545.4062, -545.9996, -27.3739,  545.9319, -545.4062, -27.3739, 160, 160, 160
L 545.9319, -545.4062, -27.3739,  615.3750, -545.4062, -27.3739, 160, 160, 160
L 615.3750, -545.4062, -27.3739,  615.3749, -434.1043, -27.3739, 160, 160, 160
L 615.3749, -434.1043, -27.3739,  616.3970, -433.4375, -27.3739, 160, 160, 160
L 616.3970, -433.4375, -27.3739,  783.5759, -433.4375, -27.3739, 160, 160, 160
L 783.5759, -433.4375, -27.3739,  784.6240, -433.8102, -27.3739, 160, 160, 160
L 784.6240, -433.8102, -27.3739,  784.6240, -475.4375, -27.3739, 160, 160, 160
L 784.6240, -475.4375, -27.3739,  965.5358, -475.4375, -27.3739, 160, 160, 160
L 965.5358, -475.4375, -27.3739,  965.9999, -476.6000, -27.3739, 160, 160, 160
L 965.9999, -476.6000, -27.3739,  965.9965, -601.3750, -27.3739, 160, 160, 160
L 965.9965, -601.3750, -27.3739,  993.2187, -601.3750, -27.3739, 160, 160, 160
L 993.2187, -601.3750, -27.3739,  993.2187, -448.1875, -27.3739, 160, 160, 160
L 993.2187, -448.1875, -27.3739,  811.8759, -448.1875, -27.3739, 160, 160, 160
L 811.8759, -448.1875, -27.3739,  811.3125, -447.5975, -27.3739, 160, 160, 160
L 811.3125, -447.5975, -27.3739,  811.3125, -406.2169, -27.3739, 160, 160, 160
L 811.3125, -406.2169, -27.3739,  588.1249, -406.2187, -27.3739, 160, 160, 160
L 588.1249, -406.2187, -27.3739,  588.1249, -517.5771, -27.3739, 160, 160, 160
L 588.1249, -517.5771, -27.3739,  587.6757, -518.1562, -27.3739, 160, 160, 160
L 587.6757, -518.1562, -27.3739,  518.1562, -518.1562, -27.3739, 160, 160, 160
L 518.1562, -518.1562, -27.3739,  518.1562, -573.4474, -27.3739, 160, 160, 160
L 518.1562, -573.4474, -27.3739,  517.5022, -574.1562, -27.3739, 160, 160, 160
L 517.5022, -574.1562, -27.3739,  434.3030, -574.1562, -27.3739, 160, 160, 160
L 434.3030, -574.1562, -27.3739,  433.4375, -573.6563, -27.3739, 160, 160, 160
L 433.4375, -573.6563, -27.3739,  433.4375, -476.1875, -27.3739, 160, 160, 160
L 182.1240, -177.5715, 0.6260,  185.8752, -177.5634, 0.6260, 160, 160, 160
L 185.8752, -177.5634, 0.6260,  186.3125, -178.1630, 0.6260, 160, 160, 160
L 186.3125, -178.1630, 0.6260,  186.3125, -213.8268, 0.6260, 160, 160, 160
L 186.3125, -213.8268, 0.6260,  185.9639, -214.2803, 0.6260, 160, 160, 160
L 185.9639, -214.2803, 0.6260,  181.9713, -214.2812, 0.6260, 160, 160, 160
L 181.9713, -214.2812, 0.6260,  181.5625, -213.7545, 0.6260, 160, 160, 160
L 181.5625, -213.7545, 0.6260,  181.5625, -178.1080, 0.6260, 160, 160, 160
L 181.5625, -178.1080, 0.6260,  182.4810, -177.5625, 0.6260, 160, 160, 160
L 291.4442, -1007.5709, -27.3739,  292.1064, -1007.9687, -27.3739, 160, 160, 160
L 292.1064, -1007.9687, -27.3739,  293.5000, -1007.9687, -27.3739, 160, 160, 160
L 293.5000, -1007.9687, -27.3739,  293.5000, -1009.4491, -27.3739, 160, 160, 160
L 293.5000, -1009.4491, -27.3739,  294.4820, -1009.9687, -27.3739, 160, 160, 160
L 294.4820, -1009.9687, -27.3739,  295.7916, -1009.9687, -27.3739, 160, 160, 160
L 295.7916, -1009.9687, -27.3739,  296.2500, -1009.4315, -27.3739, 160, 160, 160
L 296.2500, -1009.4315, -27.3739,  296.2500, -1007.9687, -27.3739, 160, 160, 160
L 296.2500, -1007.9687, -27.3739,  307.7414, -1007.9687, -27.3739, 160, 160, 160
L 307.7414, -1007.9687, -27.3739,  308.2500, -1007.4108, -27.3739, 160, 160, 160
L 308.2500, -1007.4108, -27.3739,  308.2500, -965.9999, -27.3739, 160, 160, 160
L 308.2500, -965.9999, -27.3739,  363.8453, -965.9999, -27.3739, 160, 160, 160
L 363.8453, -965.9999, -27.3739,  364.2187, -965.4044, -27.3739, 160, 160, 160
L 364.2187, -965.4044, -27.3739,  364.2187, -937.9999, -27.3739, 160, 160, 160
L 364.2187, -937.9999, -27.3739,  447.7384, -937.9999, -27.3739, 160, 160, 160
L 447.7384, -937.9999, -27.3739,  448.1875, -937.3826, -27.3739, 160, 160, 160
L 448.1875, -937.3826, -27.3739,  448.1875, -909.9999, -27.3739, 160, 160, 160
L 448.1875, -909.9999, -27.3739,  517.5608, -909.9999, -27.3739, 160, 160, 160
L 517.5608, -909.9999, -27.3739,  518.1562, -909.3713, -27.3739, 160, 160, 160
L 518.1562, -909.3713, -27.3739,  518.1562, -895.6508, -27.3739, 160, 160, 160
L 518.1562, -895.6508, -27.3739,  517.4062, -894.8636, -32.2759, 160, 160, 160
L 517.4062, -894.8636, -32.2759,  496.9910, -877.4063, -34.1240, 160, 160, 160
L 496.9910, -877.4063, -34.1240,  474.2182, -841.6011, -27.5308, 160, 160, 160
L 474.2182, -841.6011, -27.5308,  482.1413, -813.9016, -27.1708, 160, 160, 160
L 482.1413, -813.9016, -27.1708,  517.9319, -784.5020, -28.3738, 160, 160, 160
L 517.9319, -784.5020, -28.3738,  518.1562, -783.6037, -27.3739, 160, 160, 160
L 518.1562, -783.6037, -27.3739,  518.1562, -772.1707, -20.4185, 160, 160, 160
L 518.1562, -772.1707, -20.4185,  519.7021, -779.8740, -27.3739, 160, 160, 160
L 519.7021, -779.8740, -27.3739,  520.5930, -779.5577, -27.2449, 160, 160, 160
L 520.5930, -779.5577, -27.2449,  523.8469, -777.6757, -27.1421, 160, 160, 160
L 523.8469, -777.6757, -27.1421,  525.6982, -779.7665, -27.3739, 160, 160, 160
L 525.6982, -779.7665, -27.3739,  531.4062, -777.6495, -26.9782, 160, 160, 160
L 531.4062, -777.6495, -26.9782,  531.4062, -783.5842, -27.3739, 160, 160, 160
L 531.4062, -783.5842, -27.3739,  531.5027, -784.1198, -28.3739, 160, 160, 160
L 531.5027, -784.1198, -28.3739,  535.3397, -799.4681, -29.3584, 160, 160, 160
L 535.3397, -799.4681, -29.3584,  535.6548, -800.1837, -31.6808, 160, 160, 160
L 535.6548, -800.1837, -31.6808,  559.3926, -827.7789, -36.4690, 160, 160, 160
L 559.3926, -827.7789, -36.4690,  555.1699, -869.7653, -42.5210, 160, 160, 160
L 555.1699, -869.7653, -42.5210,  532.1562, -894.6953, -31.2299, 160, 160, 160
L 532.1562, -894.6953, -31.2299,  531.4062, -895.7336, -27.3739, 160, 160, 160
L 531.4062, -895.7336, -27.3739,  531.4062, -923.2500, -27.3739, 160, 160, 160
L 531.4062, -923.2500, -27.3739,  461.8849, -923.2499, -27.3739, 160, 160, 160
L 461.8849, -923.2499, -27.3739,  461.4375, -923.7983, -27.3739, 160, 160, 160
L 461.4375, -923.7983, -27.3739,  461.4375, -951.2500, -27.3739, 160, 160, 160
L 461.4375, -951.2500, -27.3739,  433.9676, -951.2500, -27.3739, 160, 160, 160
L 433.9676, -951.2500, -27.3739,  433.4375, -951.7844, -27.3739, 160, 160, 160
L 433.4375, -951.7844, -27.3739,  433.4375, -975.2500, -27.3739, 160, 160, 160
L 433.4375, -975.2500, -27.3739,  431.8944, -975.2500, -27.3739, 160, 160, 160
L 431.8944, -975.2500, -27.3739,  431.4375, -975.8176, -27.3739, 160, 160, 160
L 431.4375, -975.8176, -27.3739,  431.4375, -977.3668, -27.3739, 160, 160, 160
L 431.4375, -977.3668, -27.3739,  432.6000, -977.9687, -27.3739, 160, 160, 160
L 432.6000, -977.9687, -27.3739,  433.4375, -977.9673, -27.3739, 160, 160, 160
L 433.4375, -977.9673, -27.3739,  433.4375, -979.5313, -27.3739, 160, 160, 160
L 433.4375, -979.5313, -27.3739,  433.9116, -979.9687, -27.3739, 160, 160, 160
L 433.9116, -979.9687, -27.3739,  447.4375, -979.9679, -27.3739, 160, 160, 160
L 447.4375, -979.9679, -27.3739,  447.4375, -1049.2184, -27.3739, 160, 160, 160
L 447.4375, -1049.2184, -27.3739,  406.2187, -1049.2188, -27.3739, 160, 160, 160
L 406.2187, -1049.2188, -27.3739,  406.2187, -1021.6752, -27.3739, 160, 160, 160
L 406.2187, -1021.6752, -27.3739,  405.6818, -1021.2187, -27.3739, 160, 160, 160
L 405.6818, -1021.2187, -27.3739,  368.2178, -1021.2187, -27.3739, 160, 160, 160
L 368.2178, -1021.2187, -27.3739,  368.2187, -1019.7101, -27.3739, 160, 160, 160
L 368.2187, -1019.7101, -27.3739,  367.6818, -1019.2187, -27.3739, 160, 160, 160
L 367.6818, -1019.2187, -27.3739,  365.9723, -1019.2187, -27.3739, 160, 160, 160
L 365.9723, -1019.2187, -27.3739,  365.4687, -1019.6534, -27.3739, 160, 160, 160
L 365.4687, -1019.6534, -27.3739,  365.4687, -1021.2187, -27.3739, 160, 160, 160
L 365.4687, -1021.2187, -27.3739,  350.4590, -1021.2187, -27.3739, 160, 160, 160
L 350.4590, -1021.2187, -27.3739,  349.5000, -1021.7534, -27.3739, 160, 160, 160
L 349.5000, -1021.7534, -27.3739,  349.5000, -1024.7864, -27.3739, 160, 160, 160
L 289.8350, -1002.8491, -27.3739,  291.4554, -1007.5931, -27.3739, 160, 160, 160
L 291.4554, -1007.5931, -27.3739,  292.4160, -1007.9687, -27.3739, 160, 160, 160
L 292.4160, -1007.9687, -27.3739,  293.5000, -1007.9687, -27.3739, 160, 160, 160
L 321.5000, -1006.1140, -27.3739,  321.5000, -979.8422, -27.3739, 160, 160, 160
L 321.5000, -979.8422, -27.3739,  321.9420, -979.2187, -27.3739, 160, 160, 160
L 321.9420, -979.2187, -27.3739,  377.4687, -979.2187, -27.3739, 160, 160, 160
L 377.4687, -979.2187, -27.3739,  377.4687, -951.9180, -27.3739, 160, 160, 160
L 377.4687, -951.9180, -27.3739,  377.9370, -951.2500, -27.3739, 160, 160, 160
L 377.9370, -951.2500, -27.3739,  419.6385, -951.2500, -27.3739, 160, 160, 160
L 419.6385, -951.2500, -27.3739,  420.2187, -951.6724, -27.3739, 160, 160, 160
L 420.2187, -951.6724, -27.3739,  420.2187, -975.2500, -27.3739, 160, 160, 160
L 420.2187, -975.2500, -27.3739,  421.6850, -975.2500, -27.3739, 160, 160, 160
L 421.6850, -975.2500, -27.3739,  422.2187, -975.7436, -27.3739, 160, 160, 160
L 422.2187, -975.7436, -27.3739,  422.2187, -977.4443, -27.3739, 160, 160, 160
L 422.2187, -977.4443, -27.3739,  421.8444, -977.9687, -27.3739, 160, 160, 160
L 421.8444, -977.9687, -27.3739,  420.2187, -977.9687, -27.3739, 160, 160, 160
L 420.2187, -977.9687, -27.3739,  420.2187, -979.4948, -27.3739, 160, 160, 160
L 420.2187, -979.4948, -27.3739,  419.7259, -979.9687, -27.3739, 160, 160, 160
L 419.7259, -979.9687, -27.3739,  406.2187, -979.9687, -27.3739, 160, 160, 160
L 406.2187, -979.9687, -27.3739,  406.2187, -1007.5240, -27.3739, 160, 160, 160
L 406.2187, -1007.5240, -27.3739,  405.6589, -1007.9687, -27.3739, 160, 160, 160
L 405.6589, -1007.9687, -27.3739,  368.2187, -1007.9687, -27.3739, 160, 160, 160
L 368.2187, -1007.9687, -27.3739,  368.2187, -1009.5833, -27.3739, 160, 160, 160
L 368.2187, -1009.5833, -27.3739,  367.7393, -1009.9687, -27.3739, 160, 160, 160
L 367.7393, -1009.9687, -27.3739,  365.9279, -1009.9687, -27.3739, 160, 160, 160
L 365.9279, -1009.9687, -27.3739,  365.4687, -1009.5837, -27.3739, 160, 160, 160
L 365.4687, -1009.5837, -27.3739,  365.4687, -1007.9673, -27.3739, 160, 160, 160
L 365.4687, -1007.9673, -27.3739,  321.9961, -1007.9687, -27.3739, 160, 160, 160
L 321.9961, -1007.9687, -27.3739,  321.5000, -1007.4803, -27.3739, 160, 160, 160
L 321.5000, -1007.4803, -27.3739,  321.5000, -1001.3265, -27.3739, 160, 160, 160
L 517.6815, -895.8960, -28.1572,  518.4858, -890.7468, -28.3739, 160, 160, 160
L 518.4858, -890.7468, -28.3739,  519.1700, -890.3672, -28.3739, 160, 160, 160
L 519.1700, -890.3672, -28.3739,  521.4728, -891.1630, -28.3739, 160, 160, 160
L 521.4728, -891.1630, -28.3739,  522.3940, -884.7137, -28.3739, 160, 160, 160
L 522.3940, -884.7137, -28.3739,  523.2530, -884.2245, -28.3739, 160, 160, 160
L 523.2530, -884.2245, -28.3739,  529.6393, -883.2975, -28.3739, 160, 160, 160
L 529.6393, -883.2975, -28.3739,  530.1526, -883.6041, -28.3739, 160, 160, 160
L 530.1526, -883.6041, -28.3739,  532.1044, -894.7516, -28.8164, 160, 160, 160
L 518.1089, -895.3596, -27.3739,  517.9515, -858.7450, -28.3739, 160, 160, 160
L 517.9515, -858.7450, -28.3739,  518.2744, -858.6776, -28.3739, 160, 160, 160
L 518.2744, -858.6776, -28.3739,  523.9442, -852.7852, -28.3739, 160, 160, 160
L 523.9442, -852.7852, -28.3739,  531.4990, -850.9296, -28.3739, 160, 160, 160
L 531.4990, -850.9296, -28.3739,  532.2400, -894.8387, -28.3739, 160, 160, 160
L 517.8080, -784.1920, -28.3739,  517.6292, -821.8378, -28.3739, 160, 160, 160
L 517.6292, -821.8378, -28.3739,  523.6140, -821.3539, -28.3739, 160, 160, 160
L 523.6140, -821.3539, -28.3739,  523.9922, -821.1739, -28.3739, 160, 160, 160
L 523.9922, -821.1739, -28.3739,  525.6625, -819.7482, -28.3739, 160, 160, 160
L 525.6625, -819.7482, -28.3739,  529.6343, -819.3238, -28.3739, 160, 160, 160
L 529.6343, -819.3238, -28.3739,  531.5928, -817.7223, -28.3739, 160, 160, 160
L 531.5928, -817.7223, -28.3739,  531.4883, -784.6240, -28.3739, 160, 160, 160
L 525.3256, -802.7870, -106.3462,  482.8419, -813.8077, -113.5785, 160, 160, 160
L 482.8419, -813.8077, -113.5785,  483.6157, -815.6721, -101.7218, 160, 160, 160
L 483.6157, -815.6721, -101.7218,  474.3165, -841.2545, -103.6659, 160, 160, 160
L 474.3165, -841.2545, -103.6659,  495.8566, -877.9399, -111.8626, 160, 160, 160
L 495.8566, -877.9399, -111.8626,  517.4478, -894.8984, -105.1984, 160, 160, 160
L 517.4478, -894.8984, -105.1984,  531.7238, -895.1035, -104.1860, 160, 160, 160
L 531.7238, -895.1035, -104.1860,  555.1675, -869.7681, -114.9633, 160, 160, 160
L 555.1675, -869.7681, -114.9633,  558.3491, -838.7294, -114.2728, 160, 160, 160
L 558.3491, -838.7294, -114.2728,  536.4810, -800.5751, -111.6447, 160, 160, 160
L 536.4810, -800.5751, -111.6447,  515.7789, -805.2635, -107.9715, 160, 160, 160
L 512.6479, -838.7613, -128.2269,  516.1280, -832.3120, -129.3114, 160, 160, 160
L 516.1280, -832.3120, -129.3114,  531.5804, -832.3110, -129.3114, 160, 160, 160
L 531.5804, -832.3110, -129.3114,  539.3400, -843.8750, -129.3114, 160, 160, 160
L 539.3400, -843.8750, -129.3114,  539.3772, -843.7261, -129.3114, 160, 160, 160
L 539.3772, -843.7261, -129.3114,  535.4673, -859.3654, -129.3114, 160, 160, 160
L 535.4673, -859.3654, -129.3114,  529.7571, -861.2690, -129.3114, 160, 160, 160
L 529.7571, -861.2690, -129.3114,  519.9274, -859.3029, -129.3114, 160, 160, 160
L 519.9274, -859.3029, -129.3114,  514.1319, -855.4393, -129.3114, 160, 160, 160
L 514.1319, -855.4393, -129.3114,  512.1674, -839.7223, -129.3114, 160, 160, 160
L 512.1674, -839.7223, -129.3114,  516.1299, -832.3120, -129.3114, 160, 160, 160
L 555.5629, -869.1816, -111.1835,  556.1393, -869.5452, -111.3426, 160, 160, 160
L 556.1393, -869.5452, -111.3426,  560.5020, -881.2812, -111.3426, 160, 160, 160
L 560.5020, -881.2812, -111.3426,  573.6926, -881.2812, -111.3426, 160, 160, 160
L 573.6926, -881.2812, -111.3426,  601.5276, -867.3481, -111.3426, 160, 160, 160
L 601.5276, -867.3481, -111.3426,  615.3946, -853.4810, -111.3426, 160, 160, 160
L 615.3946, -853.4810, -111.3426,  616.5240, -853.4283, -111.3426, 160, 160, 160
L 616.5240, -853.4283, -111.3426,  629.9053, -868.3120, -111.3426, 160, 160, 160
L 629.9053, -868.3120, -111.3426,  616.1249, -881.8115, -111.3426, 160, 160, 160
L 616.1249, -881.8115, -111.3426,  616.1249, -909.4695, -111.3426, 160, 160, 160
L 616.1249, -909.4695, -111.3426,  629.9048, -923.2500, -111.3426, 160, 160, 160
L 629.9048, -923.2500, -111.3426,  657.5945, -923.2500, -111.3426, 160, 160, 160
L 657.5945, -923.2500, -111.3426,  671.3671, -909.4464, -111.3426, 160, 160, 160
L 671.3671, -909.4464, -111.3426,  671.9944, -909.3436, -111.3426, 160, 160, 160
L 671.9944, -909.3436, -111.3426,  699.8066, -923.2500, -111.3426, 160, 160, 160
L 699.8066, -923.2500, -111.3426,  713.4871, -923.2500, -111.3426, 160, 160, 160
L 713.4871, -923.2500, -111.3426,  727.3536, -895.5478, -111.3426, 160, 160, 160
L 727.3536, -895.5478, -111.3426,  727.9203, -895.2812, -111.3426, 160, 160, 160
L 727.9203, -895.2812, -111.3426,  741.6268, -895.2812, -111.3426, 160, 160, 160
L 741.6268, -895.2812, -111.3426,  742.1409, -895.5481, -111.3426, 160, 160, 160
L 742.1409, -895.5481, -111.3426,  753.8979, -907.3051, -111.3426, 160, 160, 160
L 753.8979, -907.3051, -111.3426,  761.7759, -911.2500, -111.3426, 160, 160, 160
L 761.7759, -911.2500, -111.3426,  781.5624, -911.2500, -111.3426, 160, 160, 160
L 781.5624, -911.2500, -111.3426,  789.3845, -905.3835, -111.3426, 160, 160, 160
L 789.3845, -905.3835, -111.3426,  797.3237, -887.5513, -111.3426, 160, 160, 160
L 797.3237, -887.5513, -111.3426,  799.3025, -877.6684, -111.3426, 160, 160, 160
L 799.3025, -877.6684, -111.3426,  799.9441, -877.2812, -104.7689, 160, 160, 160
L 799.9441, -877.2812, -104.7689,  805.5320, -877.2812, -103.4591, 160, 160, 160
L 805.5320, -877.2812, -103.4591,  813.2856, -869.5275, -103.4596, 160, 160, 160
L 813.2856, -869.5275, -103.4596,  811.3615, -857.9820, -106.6465, 160, 160, 160
L 811.3615, -857.9820, -106.6465,  799.3125, -855.7653, -111.3426, 160, 160, 160
L 799.3125, -855.7653, -111.3426,  799.3125, -877.6187, -111.3426, 160, 160, 160
L 799.3125, -877.6187, -111.3426,  799.2953, -855.7386, -111.3426, 160, 160, 160
L 799.2953, -855.7386, -111.3426,  785.4335, -833.9556, -111.3426, 160, 160, 160
L 785.4335, -833.9556, -111.3426,  771.6829, -828.6280, -111.3426, 160, 160, 160
L 771.6829, -828.6280, -111.3426,  761.9247, -831.9651, -111.3426, 160, 160, 160
L 761.9247, -831.9651, -111.3426,  756.6250, -839.8010, -109.3158, 160, 160, 160
L 756.6250, -839.8010, -109.3158,  756.6240, -850.4178, -107.9886, 160, 160, 160
L 756.6240, -850.4178, -107.9886,  756.6240, -855.2812, -104.2032, 160, 160, 160
L 756.6240, -855.2812, -104.2032,  785.5821, -855.2812, -111.3426, 160, 160, 160
L 785.5821, -855.2812, -111.3426,  786.6530, -855.6508, -111.3426, 160, 160, 160
L 786.6530, -855.6508, -111.3426,  786.6240, -867.5734, -111.3426, 160, 160, 160
L 786.6240, -867.5734, -111.3426,  785.5857, -868.3120, -111.3426, 160, 160, 160
L 785.5857, -868.3120, -111.3426,  768.3487, -868.3120, -111.3426, 160, 160, 160
L 768.3487, -868.3120, -111.3426,  773.8984, -877.2812, -111.3426, 160, 160, 160
L 773.8984, -877.2812, -111.3426,  777.5539, -877.2812, -111.3426, 160, 160, 160
L 777.5539, -877.2812, -111.3426,  777.9557, -877.9950, -111.3426, 160, 160, 160
L 777.9557, -877.9950, -111.3426,  774.1047, -887.6227, -111.3426, 160, 160, 160
L 774.1047, -887.6227, -111.3426,  773.4954, -887.9872, -111.3426, 160, 160, 160
L 773.4954, -887.9872, -111.3426,  756.9100, -882.1584, -111.3426, 160, 160, 160
L 756.9100, -882.1584, -111.3426,  755.2226, -881.7211, -111.3426, 160, 160, 160
L 755.2226, -881.7211, -111.3426,  746.8810, -872.8830, -111.9051, 160, 160, 160
L 746.8810, -872.8830, -111.9051,  741.7032, -867.6937, -111.9051, 160, 160, 160
L 741.7032, -867.6937, -111.9051,  724.9148, -870.5131, -111.7443, 160, 160, 160
L 724.9148, -870.5131, -111.7443,  714.1227, -881.7823, -111.3426, 160, 160, 160
L 714.1227, -881.7823, -111.3426,  713.5400, -882.1108, -111.3426, 160, 160, 160
L 713.5400, -882.1108, -111.3426,  672.1819, -895.9515, -111.3426, 160, 160, 160
L 672.1819, -895.9515, -111.3426,  671.3437, -895.5995, -111.3426, 160, 160, 160
L 671.3437, -895.5995, -111.3426,  671.3437, -881.8875, -111.3426, 160, 160, 160
L 671.3437, -881.8875, -111.3426,  643.6613, -868.3120, -111.3426, 160, 160, 160
L 643.6613, -868.3120, -111.3426,  629.9052, -868.3120, -111.3426, 160, 160, 160
L 784.5740, -855.5837, -109.3426,  784.6240, -867.6575, -109.3426, 160, 160, 160
L 782.4520, -855.5436, -107.3426,  782.6070, -867.6913, -107.3426, 160, 160, 160
L 780.6250, -855.7399, -105.3426,  780.5290, -867.7399, -105.3426, 160, 160, 160
L 778.4130, -855.5323, -103.3426,  778.6210, -867.6700, -103.3426, 160, 160, 160
L 776.5580, -855.5865, -101.3426,  776.6250, -867.6490, -101.3426, 160, 160, 160
L 774.4340, -855.5384, -99.3426,  774.6250, -867.5443, -99.3426, 160, 160, 160
L 772.6240, -855.6506, -97.3426,  772.5480, -867.7314, -97.3426, 160, 160, 160
L 770.5460, -855.5800, -95.3426,  770.6250, -867.6091, -95.3426, 160, 160, 160
L 768.6250, -855.7725, -93.3426,  768.6240, -867.5525, -93.3426, 160, 160, 160
L 766.6250, -867.2812, -91.3426,  768.6250, -867.5526, -93.3426, 160, 160, 160
L 766.5318, -867.2812, -89.3426,  764.6110, -867.2812, -89.3426, 160, 160, 160
L 764.6110, -867.2812, -89.3426,  764.6250, -855.8057, -89.3426, 160, 160, 160
L 764.6250, -867.2812, -89.3426,  762.6250, -867.2812, -87.3426, 160, 160, 160
L 762.6250, -867.2812, -87.3426,  762.6250, -855.6720, -87.3426, 160, 160, 160
L 762.6140, -867.2812, -87.3426,  756.6060, -867.2812, -85.3426, 160, 160, 160
L 756.6060, -867.2812, -85.3426,  756.7330, -783.7967, -85.3443, 160, 160, 160
L 755.8006, -867.2812, -83.3911,  728.9370, -867.6462, -83.3426, 160, 160, 160
L 728.9370, -867.6462, -83.3426,  728.9370, -838.3120, -83.3426, 160, 160, 160
L 728.9370, -838.3120, -83.3426,  729.5766, -838.3120, -83.3426, 160, 160, 160
L 729.5766, -838.3120, -83.3426,  730.9370, -837.4939, -83.3426, 160, 160, 160
L 730.9370, -837.4939, -83.3426,  730.9370, -835.7581, -83.3426, 160, 160, 160
L 730.9370, -835.7581, -83.3426,  729.6518, -835.2812, -83.3426, 160, 160, 160
L 729.6518, -835.2812, -83.3426,  728.9189, -835.2812, -83.3426, 160, 160, 160
L 728.9189, -835.2812, -83.3426,  728.9370, -700.9370, -29.1845, 160, 160, 160
L 728.9370, -700.9370, -29.1845,  741.3437, -700.9370, -29.1845, 160, 160, 160
L 741.3437, -700.9370, -29.1845,  741.3437, -835.2812, -83.3426, 160, 160, 160
L 741.3437, -835.2812, -83.3426,  739.7794, -835.2812, -83.3426, 160, 160, 160
L 739.7794, -835.2812, -83.3426,  739.3437, -835.7123, -83.3426, 160, 160, 160
L 739.3437, -835.7123, -83.3426,  739.3437, -837.6014, -83.3426, 160, 160, 160
L 739.3437, -837.6014, -83.3426,  739.8559, -838.3120, -83.3426, 160, 160, 160
L 739.8559, -838.3120, -83.3426,  741.3437, -838.3120, -83.3426, 160, 160, 160
L 741.3437, -838.3120, -83.3426,  741.3437, -839.4601, -83.3426, 160, 160, 160
L 741.3437, -839.4601, -83.3426,  741.9672, -840.3120, -83.3426, 160, 160, 160
L 741.9672, -840.3120, -83.3426,  755.7204, -839.6789, -83.3426, 160, 160, 160
L 756.7330, -783.7967, -83.3426,  755.6191, -855.6816, -83.3426, 160, 160, 160
L 741.3437, -699.8061, -27.4008,  741.7377, -699.3437, -27.3739, 160, 160, 160
L 741.7377, -699.3437, -27.3739,  743.3125, -699.3437, -27.3739, 160, 160, 160
L 743.3125, -699.3437, -27.3739,  743.3124, -697.8559, -27.3739, 160, 160, 160
L 743.3124, -697.8559, -27.3739,  743.8608, -697.3437, -27.3739, 160, 160, 160
L 743.8608, -697.3437, -27.3739,  745.6485, -697.3437, -27.3739, 160, 160, 160
L 745.6485, -697.3437, -27.3739,  746.6240, -697.8611, -27.3739, 160, 160, 160
L 746.6240, -697.8611, -27.3739,  746.6240, -699.3437, -27.3739, 160, 160, 160
L 770.6240, -699.5782, -111.3426,  769.5824, -700.9370, -111.3426, 160, 160, 160
L 769.5824, -700.9370, -111.3426,  741.9039, -700.9370, -111.3426, 160, 160, 160
L 741.9039, -700.9370, -111.3426,  741.3437, -699.5875, -111.3426, 160, 160, 160
L 741.3437, -699.5875, -111.3426,  741.3437, -644.1241, -111.3426, 160, 160, 160
L 741.3437, -644.1241, -111.3426,  728.9370, -644.1249, -111.3426, 160, 160, 160
L 728.9370, -644.1249, -111.3426,  728.9370, -699.6653, -111.3426, 160, 160, 160
L 728.9370, -699.6653, -111.3426,  727.5579, -700.9370, -111.3426, 160, 160, 160
L 727.5579, -700.9370, -111.3426,  699.7603, -700.9370, -111.3426, 160, 160, 160
L 699.7603, -700.9370, -111.3426,  699.3437, -699.6930, -111.3426, 160, 160, 160
L 699.3437, -699.6930, -111.3426,  699.3437, -686.9230, -111.3426, 160, 160, 160
L 699.3437, -686.9230, -111.3426,  672.9370, -686.9370, -111.3426, 160, 160, 160
L 672.9370, -686.9370, -111.3426,  672.9370, -713.3437, -111.3426, 160, 160, 160
L 672.9370, -713.3437, -111.3426,  699.6168, -713.3437, -111.3426, 160, 160, 160
L 699.6168, -713.3437, -111.3426,  700.9370, -713.8105, -111.3426, 160, 160, 160
L 700.9370, -713.8105, -111.3426,  700.9370, -727.3437, -111.3426, 160, 160, 160
L 700.9370, -727.3437, -111.3426,  727.5842, -727.3437, -111.3426, 160, 160, 160
L 727.5842, -727.3437, -111.3426,  728.9370, -727.8582, -111.3426, 160, 160, 160
L 728.9370, -727.8582, -111.3426,  728.9370, -755.6037, -111.3426, 160, 160, 160
L 728.9370, -755.6037, -111.3426,  727.5709, -756.6240, -111.3426, 160, 160, 160
L 727.5709, -756.6240, -111.3426,  672.9370, -756.6240, -111.3426, 160, 160, 160
L 672.9370, -756.6240, -111.3426,  672.8780, -769.7540, -111.3426, 160, 160, 160
L 672.8780, -769.7540, -111.3426,  671.6924, -770.6240, -111.3426, 160, 160, 160
L 671.6924, -770.6240, -111.3426,  629.8433, -770.6240, -111.3426, 160, 160, 160
L 629.8433, -770.6240, -111.3426,  629.3750, -769.5958, -111.2918, 160, 160, 160
L 629.3750, -769.5958, -111.2918,  629.3750, -672.9100, -70.9214, 160, 160, 160
L 629.3750, -672.9100, -70.9214,  616.1249, -672.9370, -70.9226, 160, 160, 160
L 616.1249, -672.9370, -70.9226,  616.1249, -783.3125, -111.3426, 160, 160, 160
L 616.1249, -783.3125, -111.3426,  685.3437, -783.3124, -111.3426, 160, 160, 160
L 685.3437, -783.3124, -111.3426,  685.3556, -769.5933, -111.3426, 160, 160, 160
L 685.3556, -769.5933, -111.3426,  685.8307, -769.3125, -111.3426, 160, 160, 160
L 685.8307, -769.3125, -111.3426,  741.3437, -769.3125, -111.3426, 160, 160, 160
L 741.3437, -769.3125, -111.3426,  741.3437, -727.8282, -111.3426, 160, 160, 160
L 741.3437, -727.8282, -111.3426,  741.8224, -727.3437, -111.3426, 160, 160, 160
L 741.8224, -727.3437, -111.3426,  769.3125, -727.3437, -111.3426, 160, 160, 160
L 769.3125, -727.3437, -111.3426,  769.3125, -713.8003, -111.3426, 160, 160, 160
L 769.3125, -713.8003, -111.3426,  769.8119, -713.3437, -111.3426, 160, 160, 160
L 769.8119, -713.3437, -111.3426,  797.3125, -713.3437, -111.3426, 160, 160, 160
L 797.3125, -713.3437, -111.3426,  797.3125, -686.9220, -111.3426, 160, 160, 160
L 797.3125, -686.9220, -111.3426,  770.6240, -686.9370, -111.3426, 160, 160, 160
L 770.6240, -686.9370, -111.3426,  770.6240, -699.6165, -111.3426, 160, 160, 160
L 770.6240, -699.6165, -111.3426,  769.5901, -700.9370, -111.3426, 160, 160, 160
L 769.5901, -700.9370, -111.3426,  741.5298, -700.4280, -111.3426, 160, 160, 160
L 629.3750, -672.9230, -70.9219,  629.3750, -658.1233, -69.3426, 160, 160, 160
L 629.3750, -658.1233, -69.3426,  574.1562, -658.1249, -69.3426, 160, 160, 160
L 574.1562, -658.1249, -69.3426,  574.1562, -769.6684, -27.3751, 160, 160, 160
L 574.1562, -769.6684, -27.3751,  573.8950, -770.4480, -27.3739, 160, 160, 160
L 573.8950, -770.4480, -27.3739,  543.4518, -770.6250, -27.3277, 160, 160, 160
L 543.4518, -770.6250, -27.3277,  539.8821, -773.6863, -27.3725, 160, 160, 160
L 539.8821, -773.6863, -27.3725,  531.7419, -777.6624, -27.1715, 160, 160, 160
L 531.7419, -777.6624, -27.1715,  531.4062, -777.8605, -27.3053, 160, 160, 160
L 553.6331, -833.5640, -118.1701,  601.5665, -812.1584, -101.8554, 160, 160, 160
L 601.5665, -812.1584, -101.8554,  615.3160, -839.6276, -111.3426, 160, 160, 160
L 615.3160, -839.6276, -111.3426,  616.4839, -839.9261, -111.3426, 160, 160, 160
L 616.4839, -839.9261, -111.3426,  643.5821, -826.1592, -111.3426, 160, 160, 160
L 643.5821, -826.1592, -111.3426,  657.2936, -853.5821, -111.3426, 160, 160, 160
L 657.2936, -853.5821, -111.3426,  643.6615, -868.3120, -111.3426, 160, 160, 160
L 813.3124, -699.3437, -27.3739,  746.6240, -699.3437, -27.3739, 160, 160, 160
L 813.3125, -699.3437, -27.3739,  813.3124, -697.7535, -27.3739, 160, 160, 160
L 813.3124, -697.7535, -27.3739,  813.7798, -697.3437, -27.3739, 160, 160, 160
L 813.7798, -697.3437, -27.3739,  815.7554, -697.3499, -27.3739, 160, 160, 160
L 815.7554, -697.3499, -27.3739,  816.6240, -697.8342, -27.3739, 160, 160, 160
L 816.6240, -697.8342, -27.3739,  816.6240, -699.3437, -27.3739, 160, 160, 160
L 816.6240, -699.3437, -27.3739,  867.4349, -699.3437, -27.3739, 160, 160, 160
L 867.4349, -699.3437, -27.3739,  868.3950, -699.5718, -27.3739, 160, 160, 160
L 868.3950, -699.5718, -27.3739,  881.8151, -713.3473, -27.3739, 160, 160, 160
L 881.8151, -713.3473, -27.3739,  882.3120, -713.8677, -27.3739, 160, 160, 160
L 882.3120, -713.8677, -27.3739,  882.3120, -783.3125, 0.6260, 160, 160, 160
L 882.3120, -783.3125, 0.6260,  937.2500, -783.3125, 0.6260, 160, 160, 160
L 937.2500, -783.3125, 0.6260,  937.2500, -781.7812, 0.6260, 160, 160, 160
L 937.2500, -781.7812, 0.6260,  937.7064, -781.3125, 0.6260, 160, 160, 160
L 937.7064, -781.3125, 0.6260,  939.6005, -781.3125, 0.6260, 160, 160, 160
L 939.6005, -781.3125, 0.6260,  939.9999, -781.8214, 0.6260, 160, 160, 160
L 939.9999, -781.8214, 0.6260,  939.9999, -783.3125, 0.6260, 160, 160, 160
L 939.9999, -783.3125, 0.6260,  993.2187, -783.3124, 0.6260, 160, 160, 160
L 993.2187, -783.3124, 0.6260,  993.2187, -713.7921, 0.6260, 160, 160, 160
L 993.2187, -713.7921, 0.6260,  993.4401, -713.3419, 0.6260, 160, 160, 160
L 993.4401, -713.3419, 0.6260,  1007.2187, -699.5634, 0.6260, 160, 160, 160
L 1007.2187, -699.5634, 0.6260,  1007.2187, -685.8730, 0.6260, 160, 160, 160
L 1007.2187, -685.8730, 0.6260,  993.3419, -671.9972, 0.6260, 160, 160, 160
L 993.3419, -671.9972, 0.6260,  993.2187, -671.6132, 0.6260, 160, 160, 160
L 993.2187, -671.6132, 0.6260,  993.2187, -643.7693, 0.6260, 160, 160, 160
L 993.2187, -643.7693, 0.6260,  993.8536, -643.3750, 0.6260, 160, 160, 160
L 993.8536, -643.3750, 0.6260,  1007.2187, -643.3750, 0.6260, 160, 160, 160
L 1007.2187, -643.3750, 0.6260,  1007.2187, -602.5020, 0.6260, 160, 160, 160
L 1007.2187, -602.5020, 0.6260,  1007.7324, -601.3750, 0.6260, 160, 160, 160
L 1007.7324, -601.3750, 0.6260,  1021.2187, -601.3749, 0.6260, 160, 160, 160
L 1021.2187, -601.3749, 0.6260,  1021.2187, -587.9148, 0.6260, 160, 160, 160
L 1021.2187, -587.9148, 0.6260,  1021.7036, -587.3750, 0.6260, 160, 160, 160
L 1021.7036, -587.3750, 0.6260,  1027.2188, -587.3749, 0.6260, 160, 160, 160
L 1027.2188, -587.3749, 0.6260,  1027.2188, -585.8290, 0.6260, 160, 160, 160
L 1027.2188, -585.8290, 0.6260,  1027.6725, -585.4062, 0.6260, 160, 160, 160
L 1027.6725, -585.4062, 0.6260,  1029.4751, -585.4062, 0.6260, 160, 160, 160
L 1029.4751, -585.4062, 0.6260,  1029.9684, -585.8668, 0.6260, 160, 160, 160
L 1029.9684, -585.8668, 0.6260,  1029.9684, -587.3750, 0.6260, 160, 160, 160
L 1029.9684, -587.3750, 0.6260,  1035.6227, -587.3759, 0.6260, 160, 160, 160
L 1035.6227, -587.3759, 0.6260,  1035.9611, -587.7129, 0.6260, 160, 160, 160
L 1035.9611, -587.7129, 0.6260,  1035.9684, -601.5945, 0.6260, 160, 160, 160
L 1035.9684, -601.5945, 0.6260,  1049.7488, -615.3750, 0.6260, 160, 160, 160
L 1049.7488, -615.3750, 0.6260,  1063.3738, -615.3750, 0.6260, 160, 160, 160
L 1063.3738, -615.3750, 0.6260,  1064.8949, -615.7465, 0.6260, 160, 160, 160
L 1064.8949, -615.7465, 0.6260,  1077.7157, -629.3750, 0.6260, 160, 160, 160
L 1077.7157, -629.3750, 0.6260,  1091.4070, -629.3750, 0.6260, 160, 160, 160
L 1091.4070, -629.3750, 0.6260,  1105.1875, -615.5945, 0.6260, 160, 160, 160
L 1105.1875, -615.5945, 0.6260,  1105.1875, -588.1236, 0.6260, 160, 160, 160
L 1105.1875, -588.1236, 0.6260,  1049.4496, -588.9630, 0.6260, 160, 160, 160
L 1049.4496, -588.9630, 0.6260,  1049.2959, -587.9781, 0.6260, 160, 160, 160
L 1049.2959, -587.9781, 0.6260,  1049.2188, -573.7744, 0.6260, 160, 160, 160
L 1049.2188, -573.7744, 0.6260,  1049.5027, -573.4174, 0.6260, 160, 160, 160
L 1049.5027, -573.4174, 0.6260,  1105.1875, -573.4062, 0.6260, 160, 160, 160
L 1105.1875, -573.4062, 0.6260,  1105.1875, -545.9365, 0.6260, 160, 160, 160
L 1105.1875, -545.9365, 0.6260,  1091.4070, -532.1561, 0.6260, 160, 160, 160
L 1091.4070, -532.1561, 0.6260,  1077.7177, -532.1562, 0.6260, 160, 160, 160
L 1077.7177, -532.1562, 0.6260,  1063.9727, -545.9012, 0.6260, 160, 160, 160
L 1063.9727, -545.9012, 0.6260,  1063.3687, -546.1562, 0.6260, 160, 160, 160
L 1063.3687, -546.1562, 0.6260,  1049.7488, -546.1562, 0.6260, 160, 160, 160
L 1049.7488, -546.1562, 0.6260,  1035.9684, -559.9365, 0.6260, 160, 160, 160
L 1035.9684, -559.9365, 0.6260,  1035.9684, -573.6968, 0.6260, 160, 160, 160
L 1035.9684, -573.6968, 0.6260,  1035.5220, -574.1562, 0.6260, 160, 160, 160
L 1035.5220, -574.1562, 0.6260,  1029.9684, -574.1562, 0.6260, 160, 160, 160
L 1029.9684, -574.1562, 0.6260,  1029.9684, -575.7250, 0.6260, 160, 160, 160
L 1029.9684, -575.7250, 0.6260,  1029.5951, -576.1562, 0.6260, 160, 160, 160
L 1029.5951, -576.1562, 0.6260,  1027.7045, -576.1562, 0.6260, 160, 160, 160
L 1027.7045, -576.1562, 0.6260,  1027.2188, -575.6901, 0.6260, 160, 160, 160
L 1027.2188, -575.6901, 0.6260,  1027.2188, -574.1550, 0.6260, 160, 160, 160
L 1027.2188, -574.1550, 0.6260,  1021.6249, -574.1556, 0.6260, 160, 160, 160
L 1021.6249, -574.1556, 0.6260,  1021.2187, -573.6073, 0.6260, 160, 160, 160
L 1021.2187, -573.6073, 0.6260,  1021.2187, -560.1548, 0.6260, 160, 160, 160
L 1021.2187, -560.1548, 0.6260,  1007.7549, -560.1562, 0.6260, 160, 160, 160
L 1007.7549, -560.1562, 0.6260,  1007.3574, -560.7250, 0.6260, 160, 160, 160
L 1007.3574, -560.7250, 0.6260,  1007.2187, -546.1562, 0.6260, 160, 160, 160
L 1007.2187, -546.1562, 0.6260,  951.9999, -546.1562, 0.6260, 160, 160, 160
L 951.9999, -546.1562, 0.6260,  951.9999, -559.7209, 0.6260, 160, 160, 160
L 951.9999, -559.7209, 0.6260,  951.7215, -560.2148, 0.6260, 160, 160, 160
L 951.7215, -560.2148, 0.6260,  937.9333, -574.3100, 0.6260, 160, 160, 160
L 937.9333, -574.3100, 0.6260,  937.5035, -574.1562, 0.6260, 160, 160, 160
L 937.5035, -574.1562, 0.6260,  923.9999, -574.1562, 0.6260, 160, 160, 160
L 923.9999, -574.1562, 0.6260,  923.9999, -587.3750, 0.6260, 160, 160, 160
L 937.4733, -587.3750, 0.6260,  937.9892, -587.5839, 0.6260, 160, 160, 160
L 937.9892, -587.5839, 0.6260,  951.9225, -601.5217, 0.6260, 160, 160, 160
L 951.9225, -601.5217, 0.6260,  951.9999, -601.8418, 0.6260, 160, 160, 160
L 951.9999, -601.8418, 0.6260,  951.9999, -615.3750, 0.6260, 160, 160, 160
L 951.9999, -615.3750, 0.6260,  1007.2187, -615.3749, 0.6260, 160, 160, 160
L 993.2217, -601.3777, 0.4720,  993.3271, -559.9397, 0.6260, 160, 160, 160
L 993.3271, -559.9397, 0.6260,  965.5342, -559.8644, 0.6260, 160, 160, 160
L 965.5342, -559.8644, 0.6260,  965.6964, -601.6158, 0.6260, 160, 160, 160
L 965.6964, -601.6158, 0.6260,  993.4128, -601.6534, 0.6260, 160, 160, 160
L 993.4128, -601.6534, 0.6260,  993.5284, -601.7200, 0.6260, 160, 160, 160
L 1105.5596, -615.3750, 2.6259,  1119.4069, -615.3750, 2.6259, 160, 160, 160
L 1119.4069, -615.3750, 2.6259,  1133.1563, -601.5945, 2.6259, 160, 160, 160
L 1133.1563, -601.5945, 2.6259,  1133.1563, -559.9355, 2.6259, 160, 160, 160
L 1133.1563, -559.9355, 2.6259,  1119.4069, -546.1561, 2.6259, 160, 160, 160
L 1119.4069, -546.1561, 2.6259,  1105.4335, -546.1334, 2.5579, 160, 160, 160
L 1133.1563, -601.5948, 2.6259,  1161.1563, -587.5945, 14.6259, 160, 160, 160
L 1161.1563, -587.5945, 14.6259,  1161.1563, -573.9357, 14.6259, 160, 160, 160
L 1161.1563, -573.9357, 14.6259,  1147.3759, -560.1561, 14.6259, 160, 160, 160
L 1147.3759, -560.1561, 14.6259,  1133.1563, -559.9348, 2.6259, 160, 160, 160
L 826.3120, -474.3229, 0.6260,  826.3120, -434.1875, 0.6260, 160, 160, 160
L 826.3120, -434.1875, 0.6260,  895.2812, -434.1868, 0.6260, 160, 160, 160
L 895.2812, -434.1868, 0.6260,  895.2812, -489.4375, 0.6260, 160, 160, 160
L 895.2812, -489.4375, 0.6260,  881.8194, -489.4375, 0.6260, 160, 160, 160
L 881.8194, -489.4375, 0.6260,  881.2939, -489.6444, 0.6260, 160, 160, 160
L 881.2939, -489.6444, 0.6260,  867.5481, -503.3901, 0.6260, 160, 160, 160
L 867.5481, -503.3901, 0.6260,  867.2812, -503.8688, 0.6260, 160, 160, 160
L 867.2812, -503.8688, 0.6260,  867.2812, -517.6888, 0.6260, 160, 160, 160
L 867.2812, -517.6888, 0.6260,  867.8210, -518.1562, 0.6260, 160, 160, 160
L 867.8210, -518.1562, 0.6260,  895.2812, -518.1562, 0.6260, 160, 160, 160
L 895.2812, -518.1562, 0.6260,  895.2812, -559.6548, 0.6260, 160, 160, 160
L 895.2812, -559.6548, 0.6260,  895.6276, -560.2834, 0.6260, 160, 160, 160
L 895.6276, -560.2834, 0.6260,  909.2690, -573.9554, 0.6260, 160, 160, 160
L 909.2690, -573.9554, 0.6260,  909.8220, -574.1562, 0.6260, 160, 160, 160
L 909.8220, -574.1562, 0.6260,  913.2500, -574.1562, 0.6260, 160, 160, 160
L 913.2500, -574.1562, 0.6260,  913.2500, -575.7087, 0.6260, 160, 160, 160
L 913.2500, -575.7087, 0.6260,  913.8282, -576.1562, 0.6260, 160, 160, 160
L 913.8282, -576.1562, 0.6260,  915.4832, -576.1562, 0.6260, 160, 160, 160
L 915.4832, -576.1562, 0.6260,  916.0000, -575.6407, 0.6260, 160, 160, 160
L 916.0000, -575.6407, 0.6260,  916.0000, -574.1562, 0.6260, 160, 160, 160
L 916.0000, -574.1562, 0.6260,  923.9999, -574.1562, 0.6260, 160, 160, 160
L 826.3120, -457.2422, 0.6260,  826.3120, -489.4375, 0.6260, 160, 160, 160
L 826.3120, -489.4375, 0.6260,  839.5909, -489.4375, 0.6260, 160, 160, 160
L 839.5909, -489.4375, 0.6260,  840.6890, -489.6949, 0.6260, 160, 160, 160
L 840.6890, -489.6949, 0.6260,  853.7468, -503.3729, 0.6260, 160, 160, 160
L 853.7468, -503.3729, 0.6260,  854.3120, -503.9313, 0.6260, 160, 160, 160
L 854.3120, -503.9313, 0.6260,  854.3120, -517.7599, 0.6260, 160, 160, 160
L 854.3120, -517.7599, 0.6260,  853.6956, -518.1541, 0.6260, 160, 160, 160
L 853.6956, -518.1541, 0.6260,  826.3120, -518.1562, 0.6260, 160, 160, 160
L 826.3120, -518.1562, 0.6260,  826.3120, -545.4062, 0.6260, 160, 160, 160
L 826.3120, -545.4062, 0.6260,  839.2812, -545.4062, 0.6260, 160, 160, 160
L 839.2812, -545.4062, 0.6260,  839.2812, -532.3270, 0.6260, 160, 160, 160
L 839.2812, -532.3270, 0.6260,  839.8206, -531.4062, 0.6260, 160, 160, 160
L 839.8206, -531.4062, 0.6260,  881.5551, -531.4062, 0.6260, 160, 160, 160
L 881.5551, -531.4062, 0.6260,  882.3090, -531.7693, 0.6260, 160, 160, 160
L 882.3090, -531.7693, 0.6260,  882.3019, -559.8088, 0.6260, 160, 160, 160
L 882.3019, -559.8088, 0.6260,  881.7888, -560.1789, 0.6260, 160, 160, 160
L 881.7888, -560.1789, 0.6260,  868.3120, -573.9365, 0.6260, 160, 160, 160
L 868.3120, -573.9365, 0.6260,  868.3110, -587.5945, 0.6260, 160, 160, 160
L 868.3110, -587.5945, 0.6260,  881.8115, -601.3750, 0.6260, 160, 160, 160
L 881.8115, -601.3750, 0.6260,  895.5007, -601.3750, 0.6260, 160, 160, 160
L 895.5007, -601.3750, 0.6260,  909.3052, -587.5394, 0.6260, 160, 160, 160
L 909.3052, -587.5394, 0.6260,  909.7441, -587.3750, 0.6260, 160, 160, 160
L 909.7441, -587.3750, 0.6260,  913.2500, -587.3750, 0.6260, 160, 160, 160
L 913.2500, -587.3750, 0.6260,  913.2500, -585.8500, 0.6260, 160, 160, 160
L 913.2500, -585.8500, 0.6260,  913.7435, -585.4062, 0.6260, 160, 160, 160
L 913.7435, -585.4062, 0.6260,  915.5334, -585.4062, 0.6260, 160, 160, 160
L 915.5334, -585.4062, 0.6260,  916.0000, -585.9276, 0.6260, 160, 160, 160
L 916.0000, -585.9276, 0.6260,  916.0000, -587.3750, 0.6260, 160, 160, 160
L 916.0000, -587.3750, 0.6260,  937.4733, -587.3750, 0.6260, 160, 160, 160
L 881.2812, -448.1861, -4.1234,  840.3120, -448.1875, -4.1234, 160, 160, 160
L 840.3120, -448.1875, -4.1234,  840.3120, -475.4375, -4.1234, 160, 160, 160
L 840.3120, -475.4375, -4.1234,  881.2812, -475.4375, -4.1234, 160, 160, 160
L 881.2812, -475.4375, -4.1234,  881.2812, -448.1868, -4.1234, 160, 160, 160
L 881.2812, -448.1868, -4.1234,  840.3120, -448.1875, -4.1234, 160, 160, 160
L 755.3124, -433.4375, -3.4912,  755.3125, -406.2180, -3.4912, 160, 160, 160
L 755.3125, -406.2180, -3.4912,  714.9360, -406.2187, -3.4912, 160, 160, 160
L 714.9360, -406.2187, -3.4912,  714.9269, -433.4375, -3.4912, 160, 160, 160
L 714.9269, -433.4375, -3.4912,  755.3125, -433.4375, -3.4912, 160, 160, 160
L 769.3125, -447.4375, 0.6260,  769.3125, -392.2182, 0.6260, 160, 160, 160
L 769.3125, -392.2182, 0.6260,  700.9360, -392.2187, 0.6260, 160, 160, 160
L 700.9360, -392.2187, 0.6260,  700.9370, -447.4375, 0.6260, 160, 160, 160
L 700.9370, -447.4375, 0.6260,  713.4162, -447.4375, 0.6260, 160, 160, 160
L 713.4162, -447.4375, 0.6260,  714.1979, -447.7613, 0.6260, 160, 160, 160
L 714.1979, -447.7613, 0.6260,  727.9781, -461.5418, 0.6260, 160, 160, 160
L 727.9781, -461.5418, 0.6260,  727.7948, -462.1795, 0.6260, 160, 160, 160
L 727.7948, -462.1795, 0.6260,  644.1249, -462.1875, 0.6260, 160, 160, 160
L 644.1249, -462.1875, 0.6260,  644.1249, -489.4375, 0.6260, 160, 160, 160
L 644.1249, -489.4375, 0.6260,  657.3750, -489.4375, 0.6260, 160, 160, 160
L 657.3750, -475.9388, 0.6260,  657.8463, -475.4375, 0.6260, 160, 160, 160
L 657.8463, -475.4375, 0.6260,  727.6827, -475.4375, 0.6260, 160, 160, 160
L 727.6827, -475.4375, 0.6260,  728.9370, -475.9578, 0.6260, 160, 160, 160
L 728.9370, -475.9578, 0.6260,  728.9370, -517.6757, 0.6260, 160, 160, 160
L 728.9370, -517.6757, 0.6260,  727.6761, -518.1562, 0.6260, 160, 160, 160
L 727.6761, -518.1562, 0.6260,  714.9360, -518.1562, 0.6260, 160, 160, 160
L 714.9360, -518.1562, 0.6260,  714.9370, -531.4062, 0.6260, 160, 160, 160
L 713.3437, -531.4062, 0.6260,  755.6091, -531.4062, 0.6260, 160, 160, 160
L 755.6091, -531.4062, 0.6260,  756.6240, -531.9221, 0.6260, 160, 160, 160
L 756.6240, -531.9221, 0.6260,  756.6240, -559.7563, 0.6260, 160, 160, 160
L 756.6240, -559.7563, 0.6260,  755.8115, -560.1877, 0.6260, 160, 160, 160
L 755.8115, -560.1877, 0.6260,  742.9370, -573.9361, 0.6260, 160, 160, 160
L 742.9370, -573.9361, 0.6260,  742.9370, -587.5947, 0.6260, 160, 160, 160
L 742.9370, -587.5947, 0.6260,  755.8605, -601.3923, 0.6260, 160, 160, 160
L 755.8605, -601.3923, 0.6260,  756.6240, -601.9604, 0.6260, 160, 160, 160
L 756.6240, -601.9604, 0.6260,  756.6240, -615.3750, 0.6260, 160, 160, 160
L 756.6240, -615.3750, 0.6260,  757.6385, -615.3750, 0.6260, 160, 160, 160
L 757.6385, -615.3750, 0.6260,  758.6240, -615.8144, 0.6260, 160, 160, 160
L 758.6240, -615.8144, 0.6260,  758.6240, -617.7448, 0.6260, 160, 160, 160
L 758.6240, -617.7448, 0.6260,  757.6674, -618.1249, 0.6260, 160, 160, 160
L 757.6674, -618.1249, 0.6260,  756.6240, -618.1249, 0.6260, 160, 160, 160
L 756.6240, -618.1249, 0.6260,  756.6240, -657.3750, 0.6260, 160, 160, 160
L 756.6240, -657.3750, 0.6260,  783.4474, -657.3750, 0.6260, 160, 160, 160
L 783.4474, -657.3750, 0.6260,  784.8520, -657.6172, 0.6260, 160, 160, 160
L 784.8520, -657.6172, 0.6260,  797.9041, -671.4052, 0.6260, 160, 160, 160
L 797.9041, -671.4052, 0.6260,  798.6240, -671.8922, 0.6260, 160, 160, 160
L 798.6240, -671.8922, 0.6260,  798.6240, -685.6208, 0.6260, 160, 160, 160
L 798.6240, -685.6208, 0.6260,  811.3125, -685.7133, 0.6260, 160, 160, 160
L 811.3125, -685.7133, 0.6260,  811.3125, -671.8676, 0.6260, 160, 160, 160
L 811.3125, -671.8676, 0.6260,  811.5067, -671.3690, 0.6260, 160, 160, 160
L 811.5067, -671.3690, 0.6260,  825.2812, -657.5945, 0.6260, 160, 160, 160
L 825.2812, -657.5945, 0.6260,  825.2812, -643.9048, 0.6260, 160, 160, 160
L 825.2812, -643.9048, 0.6260,  811.5318, -630.1249, 0.6260, 160, 160, 160
L 811.5318, -630.1249, 0.6260,  797.8428, -630.1249, 0.6260, 160, 160, 160
L 797.8428, -630.1249, 0.6260,  783.9908, -643.9769, 0.6260, 160, 160, 160
L 783.9908, -643.9769, 0.6260,  783.6108, -644.1249, 0.6260, 160, 160, 160
L 783.6108, -644.1249, 0.6260,  769.6920, -644.1249, 0.6260, 160, 160, 160
L 769.6920, -644.1249, 0.6260,  769.3125, -643.5624, 0.6260, 160, 160, 160
L 769.3125, -643.5624, 0.6260,  769.3125, -618.1237, 0.6260, 160, 160, 160
L 769.3125, -618.1237, 0.6260,  767.7563, -618.1238, 0.6260, 160, 160, 160
L 767.7563, -618.1238, 0.6260,  767.3125, -617.5842, 0.6260, 160, 160, 160
L 767.3125, -617.5842, 0.6260,  767.3125, -615.8134, 0.6260, 160, 160, 160
L 767.3125, -615.8134, 0.6260,  767.8627, -615.3750, 0.6260, 160, 160, 160
L 767.8627, -615.3750, 0.6260,  769.3125, -615.3750, 0.6260, 160, 160, 160
L 769.3125, -615.3750, 0.6260,  769.3125, -601.8422, 0.6260, 160, 160, 160
L 769.3125, -601.8422, 0.6260,  769.5024, -601.4045, 0.6260, 160, 160, 160
L 769.5024, -601.4045, 0.6260,  783.3441, -587.5629, 0.6260, 160, 160, 160
L 783.3441, -587.5629, 0.6260,  783.8821, -587.3750, 0.6260, 160, 160, 160
L 783.8821, -587.3750, 0.6260,  787.3125, -587.3749, 0.6260, 160, 160, 160
L 787.3125, -587.3749, 0.6260,  787.3125, -585.9116, 0.6260, 160, 160, 160
L 787.3125, -585.9116, 0.6260,  787.8179, -585.4062, 0.6260, 160, 160, 160
L 787.8179, -585.4062, 0.6260,  789.4995, -585.4062, 0.6260, 160, 160, 160
L 789.4995, -585.4062, 0.6260,  790.6250, -585.8522, 0.6260, 160, 160, 160
L 790.6250, -585.8522, 0.6260,  790.6250, -587.3750, 0.6260, 160, 160, 160
L 790.6250, -587.3750, 0.6260,  811.6869, -587.3750, 0.6260, 160, 160, 160
L 811.6869, -587.3750, 0.6260,  812.1182, -587.6508, 0.6260, 160, 160, 160
L 812.1182, -587.6508, 0.6260,  825.8108, -601.3750, 0.6260, 160, 160, 160
L 825.8108, -601.3750, 0.6260,  839.5009, -601.3750, 0.6260, 160, 160, 160
L 839.5009, -601.3750, 0.6260,  853.2812, -587.5945, 0.6260, 160, 160, 160
L 853.2812, -587.5945, 0.6260,  853.2812, -573.9365, 0.6260, 160, 160, 160
L 853.2812, -573.9365, 0.6260,  839.3899, -560.4520, 0.6260, 160, 160, 160
L 839.3899, -560.4520, 0.6260,  839.2812, -559.6241, 0.6260, 160, 160, 160
L 839.2812, -559.6241, 0.6260,  839.2812, -556.1548, 0.6260, 160, 160, 160
L 839.2812, -556.1548, 0.6260,  837.6443, -556.1559, 0.6260, 160, 160, 160
L 837.6443, -556.1559, 0.6260,  837.2812, -555.6391, 0.6260, 160, 160, 160
L 837.2812, -555.6391, 0.6260,  837.2812, -553.8606, 0.6260, 160, 160, 160
L 837.2812, -553.8606, 0.6260,  837.7358, -553.4062, 0.6260, 160, 160, 160
L 837.7358, -553.4062, 0.6260,  839.2812, -553.4062, 0.6260, 160, 160, 160
L 839.2812, -553.4062, 0.6260,  839.2812, -545.4527, 0.6260, 160, 160, 160
L 769.3125, -447.4375, 0.6260,  755.7924, -447.4375, 0.6260, 160, 160, 160
L 755.7924, -447.4375, 0.6260,  755.3632, -447.6064, 0.6260, 160, 160, 160
L 755.3632, -447.6064, 0.6260,  741.4510, -461.5495, 0.6260, 160, 160, 160
L 741.4510, -461.5495, 0.6260,  741.3437, -462.1682, 0.6260, 160, 160, 160
L 741.3437, -462.1682, 0.6260,  741.3437, -517.6255, 0.6260, 160, 160, 160
L 741.3437, -517.6255, 0.6260,  741.5555, -518.1189, 0.6260, 160, 160, 160
L 741.5555, -518.1189, 0.6260,  769.3125, -518.1547, 0.6260, 160, 160, 160
L 769.3125, -518.1547, 0.6260,  769.3125, -559.5999, 0.6260, 160, 160, 160
L 769.3125, -559.5999, 0.6260,  769.7123, -560.3365, 0.6260, 160, 160, 160
L 769.7123, -560.3365, 0.6260,  783.2314, -573.8556, 0.6260, 160, 160, 160
L 783.2314, -573.8556, 0.6260,  783.8895, -574.1506, 0.6260, 160, 160, 160
L 783.8895, -574.1506, 0.6260,  787.3125, -574.1532, 0.6260, 160, 160, 160
L 787.3125, -574.1532, 0.6260,  787.3125, -575.7000, 0.6260, 160, 160, 160
L 787.3125, -575.7000, 0.6260,  787.7826, -576.1562, 0.6260, 160, 160, 160
L 787.7826, -576.1562, 0.6260,  789.5608, -576.1562, 0.6260, 160, 160, 160
L 789.5608, -576.1562, 0.6260,  790.6250, -575.6292, 0.6260, 160, 160, 160
L 790.6250, -575.6292, 0.6260,  790.6250, -574.1562, 0.6260, 160, 160, 160
L 790.6250, -574.1562, 0.6260,  811.3147, -574.1562, 0.6260, 160, 160, 160
L 811.3147, -574.1562, 0.6260,  812.1783, -573.8202, 0.6260, 160, 160, 160
L 812.1783, -573.8202, 0.6260,  825.6897, -560.2784, 0.6260, 160, 160, 160
L 825.6897, -560.2784, 0.6260,  826.3120, -559.6848, 0.6260, 160, 160, 160
L 826.3120, -559.6848, 0.6260,  826.3120, -556.1562, 0.6260, 160, 160, 160
L 826.3120, -556.1562, 0.6260,  827.4936, -556.1562, 0.6260, 160, 160, 160
L 827.4936, -556.1562, 0.6260,  828.3019, -555.8097, 0.6260, 160, 160, 160
L 828.3019, -555.8097, 0.6260,  828.3120, -553.9261, 0.6260, 160, 160, 160
L 828.3120, -553.9261, 0.6260,  827.7699, -553.4238, 0.6260, 160, 160, 160
L 827.7699, -553.4238, 0.6260,  826.3000, -553.4062, 0.6260, 160, 160, 160
L 826.3000, -553.4062, 0.6260,  826.3120, -543.7251, 0.6260, 160, 160, 160
L 811.5480, -686.9370, -27.3739,  813.3125, -686.9370, -27.3739, 160, 160, 160
L 813.3125, -686.9370, -27.3739,  813.3124, -687.5538, -27.3739, 160, 160, 160
L 813.3124, -687.5538, -27.3739,  813.8926, -688.9370, -27.3739, 160, 160, 160
L 813.8926, -688.9370, -27.3739,  815.5593, -688.9370, -27.3739, 160, 160, 160
L 815.5593, -688.9370, -27.3739,  816.6240, -687.5067, -27.3739, 160, 160, 160
L 816.6240, -687.5067, -27.3739,  816.6240, -686.9370, -27.3739, 160, 160, 160
L 816.6240, -686.9370, -27.3739,  867.4615, -686.9370, -27.3739, 160, 160, 160
L 867.4615, -686.9370, -27.3739,  868.1957, -685.7095, -27.3739, 160, 160, 160
L 868.1957, -685.7095, -27.3739,  881.8115, -672.9370, -27.3739, 160, 160, 160
L 881.8115, -672.9370, -27.3739,  895.5005, -672.9360, -27.3739, 160, 160, 160
L 895.5005, -672.9360, -27.3739,  909.2500, -685.9647, -27.3739, 160, 160, 160
L 909.2500, -685.9647, -27.3739,  909.2500, -685.8730, -27.3739, 160, 160, 160
L 909.2500, -685.8730, -27.3739,  909.2500, -699.5634, -27.3739, 160, 160, 160
L 909.2500, -699.5634, -27.3739,  895.5774, -713.2667, -27.3739, 160, 160, 160
L 895.5774, -713.2667, -27.3739,  895.2812, -714.2440, -27.3739, 160, 160, 160
L 895.2812, -714.2440, -27.3739,  895.2812, -769.3428, 0.4678, 160, 160, 160
L 895.2812, -769.3428, 0.4678,  895.7739, -770.6240, 0.6260, 160, 160, 160
L 895.7739, -770.6240, 0.6260,  923.4018, -770.6240, 0.6260, 160, 160, 160
L 923.4018, -770.6240, 0.6260,  924.1800, -769.7159, 0.6260, 160, 160, 160
L 924.1800, -769.7159, 0.6260,  923.9999, -755.7147, 0.6260, 160, 160, 160
L 923.9999, -755.7147, 0.6260,  923.8196, -755.3522, 0.6260, 160, 160, 160
L 923.8196, -755.3522, 0.6260,  909.9999, -741.5630, 0.6260, 160, 160, 160
L 909.9999, -741.5630, 0.6260,  909.9999, -727.8740, 0.6260, 160, 160, 160
L 909.9999, -727.8740, 0.6260,  923.7802, -714.9370, 0.6260, 160, 160, 160
L 923.7802, -714.9370, 0.6260,  937.4695, -714.9360, 0.6260, 160, 160, 160
L 937.4695, -714.9360, 0.6260,  951.2500, -727.8733, 0.6260, 160, 160, 160
L 951.2500, -727.8733, 0.6260,  951.2500, -741.5629, 0.6260, 160, 160, 160
L 951.2500, -741.5629, 0.6260,  937.5013, -755.2811, 0.6260, 160, 160, 160
L 937.5013, -755.2811, 0.6260,  937.2495, -755.7128, 0.6260, 160, 160, 160
L 937.2495, -755.7128, 0.6260,  937.2499, -771.6349, 0.6260, 160, 160, 160
L 937.2499, -771.6349, 0.6260,  937.7487, -772.6240, 0.6260, 160, 160, 160
L 937.7487, -772.6240, 0.6260,  939.5048, -772.6250, 0.6260, 160, 160, 160
L 939.5048, -772.6250, 0.6260,  939.9999, -771.5214, 0.6260, 160, 160, 160
L 939.9999, -771.5214, 0.6260,  939.9999, -770.6240, 0.6260, 160, 160, 160
L 939.9999, -770.6240, 0.6260,  979.5081, -770.6240, 0.6260, 160, 160, 160
L 979.5081, -770.6240, 0.6260,  979.9524, -769.7967, 0.6260, 160, 160, 160
L 979.9524, -769.7967, 0.6260,  979.9687, -713.7804, 0.6260, 160, 160, 160
L 979.9687, -713.7804, 0.6260,  979.6486, -713.2428, 0.6260, 160, 160, 160
L 979.6486, -713.2428, 0.6260,  965.9999, -699.5635, 0.6260, 160, 160, 160
L 965.9999, -699.5635, 0.6260,  965.9999, -685.8737, 0.6260, 160, 160, 160
L 965.9999, -685.8737, 0.6260,  979.6699, -672.1731, 0.6260, 160, 160, 160
L 979.6699, -672.1731, 0.6260,  979.9687, -671.4796, 0.6260, 160, 160, 160
L 979.9687, -671.4796, 0.6260,  979.9687, -630.1249, 0.6260, 160, 160, 160
L 979.9687, -630.1249, 0.6260,  993.3727, -630.1249, 0.6260, 160, 160, 160
L 993.3727, -630.1249, 0.6260,  993.9687, -629.6086, 0.6260, 160, 160, 160
L 993.9687, -629.6086, 0.6260,  1007.2187, -629.3749, 0.6260, 160, 160, 160
L 993.9687, -629.3750, 0.6260,  993.9687, -615.8785, 0.6260, 160, 160, 160
L 993.9687, -615.8785, 0.6260,  993.7618, -615.4148, 0.6260, 160, 160, 160
L 826.3120, -699.3437, -27.3739,  826.3120, -686.9360, -27.3739, 160, 160, 160
L 813.3125, -686.9360, -27.3739,  746.6240, -686.9370, -27.3739, 160, 160, 160
L 746.6240, -686.9370, -27.3739,  746.6240, -687.6556, -27.3739, 160, 160, 160
L 746.6240, -687.6556, -27.3739,  745.5234, -688.9370, -27.3739, 160, 160, 160
L 745.5234, -688.9370, -27.3739,  743.7839, -688.9370, -27.3739, 160, 160, 160
L 743.7839, -688.9370, -27.3739,  743.3193, -687.7906, -27.3739, 160, 160, 160
L 743.3193, -687.7906, -27.3739,  743.3125, -686.9360, -27.3739, 160, 160, 160
L 743.3125, -686.9360, -27.3739,  741.9063, -686.9370, -27.3739, 160, 160, 160
L 741.9063, -686.9370, -27.3739,  741.3437, -685.6739, -27.3739, 160, 160, 160
L 741.3437, -685.6739, -27.3739,  741.3437, -684.9250, -27.3736, 160, 160, 160
L 741.3437, -684.9250, -27.3736,  739.9001, -684.9280, -27.3736, 160, 160, 160
L 739.9001, -684.9280, -27.3736,  739.3437, -683.6307, -27.3736, 160, 160, 160
L 739.3437, -683.6307, -27.3736,  739.3437, -681.7469, -27.3736, 160, 160, 160
L 739.3437, -681.7469, -27.3736,  739.8351, -681.3437, -27.3736, 160, 160, 160
L 739.8351, -681.3437, -27.3736,  741.3437, -681.3437, -27.3736, 160, 160, 160
L 741.3437, -681.3437, -27.3736,  741.3437, -614.1238, -27.3734, 160, 160, 160
L 741.3437, -614.1238, -27.3734,  739.7567, -614.1240, -27.3734, 160, 160, 160
L 739.7567, -614.1240, -27.3734,  739.3546, -613.8398, -27.3734, 160, 160, 160
L 739.3546, -613.8398, -27.3734,  739.3437, -612.1237, -27.3734, 160, 160, 160
L 739.3437, -612.1237, -27.3734,  730.9370, -612.1250, -27.3637, 160, 160, 160
L 730.9370, -612.1250, -27.3637,  730.9370, -613.6237, -27.3637, 160, 160, 160
L 730.9370, -613.6237, -27.3637,  729.6429, -614.1249, -27.3637, 160, 160, 160
L 729.6429, -614.1249, -27.3637,  728.9370, -614.1249, -27.3637, 160, 160, 160
L 728.9370, -614.1249, -27.3637,  728.9370, -681.3437, -27.3627, 160, 160, 160
L 728.9370, -681.3437, -27.3627,  729.6898, -681.3437, -27.3627, 160, 160, 160
L 729.6898, -681.3437, -27.3627,  730.8970, -681.6645, -27.3627, 160, 160, 160
L 730.8970, -681.6645, -27.3627,  730.9370, -683.7104, -27.3627, 160, 160, 160
L 730.9370, -683.7104, -27.3627,  729.6132, -684.9370, -27.3627, 160, 160, 160
L 729.6132, -684.9370, -27.3627,  728.9370, -684.9370, -27.3627, 160, 160, 160
L 728.9370, -684.9370, -27.3627,  728.9370, -685.6412, -27.3627, 160, 160, 160
L 728.9370, -685.6412, -27.3627,  727.6891, -686.9370, -27.3627, 160, 160, 160
L 727.6891, -686.9370, -27.3627,  726.9370, -686.9370, -27.3623, 160, 160, 160
L 726.9370, -686.9370, -27.3623,  726.9370, -687.6046, -27.3623, 160, 160, 160
L 726.9370, -687.6046, -27.3623,  725.8509, -688.6960, -27.3623, 160, 160, 160
L 725.8509, -688.6960, -27.3623,  723.8414, -688.9370, -27.3625, 160, 160, 160
L 723.8414, -688.9370, -27.3625,  723.3655, -687.8454, -27.3625, 160, 160, 160
L 723.3655, -687.8454, -27.3625,  723.3437, -686.9240, -27.3625, 160, 160, 160
L 723.3437, -686.9240, -27.3625,  714.4130, -686.9370, -27.3584, 160, 160, 160
L 714.4130, -686.9370, -27.3584,  713.3437, -685.6775, -27.3584, 160, 160, 160
L 713.3437, -685.6775, -27.3584,  713.3437, -658.1249, -27.3584, 160, 160, 160
L 713.3437, -658.1249, -27.3584,  658.1249, -658.1249, -27.3584, 160, 160, 160
L 658.1249, -658.1249, -27.3584,  658.1249, -685.6353, -27.3584, 160, 160, 160
L 658.1249, -685.6353, -27.3584,  658.5030, -685.9430, -27.3584, 160, 160, 160
L 658.5030, -685.9430, -27.3584,  656.1249, -686.9370, -27.3584, 160, 160, 160
L 656.1249, -686.9370, -27.3584,  656.1249, -687.4986, -27.3584, 160, 160, 160
L 656.1249, -687.4986, -27.3584,  655.6028, -688.9370, -27.3584, 160, 160, 160
L 655.6028, -688.9370, -27.3584,  653.9532, -688.9370, -27.3584, 160, 160, 160
L 653.9532, -688.9370, -27.3584,  653.3750, -687.6362, -27.3584, 160, 160, 160
L 653.3750, -687.6362, -27.3584,  653.3750, -686.9250, -27.3584, 160, 160, 160
L 653.3750, -686.9250, -27.3584,  629.9596, -686.9370, -27.3584, 160, 160, 160
L 629.9596, -686.9370, -27.3584,  629.3750, -685.6393, -27.3324, 160, 160, 160
L 629.3750, -685.6393, -27.3324,  629.3750, -616.1222, -0.6931, 160, 160, 160
L 629.3750, -616.1222, -0.6931,  616.1249, -616.1249, -0.6936, 160, 160, 160
L 616.1249, -616.1249, -0.6941,  616.1249, -699.3437, -27.3739, 160, 160, 160
L 616.1249, -699.3437, -27.3739,  653.3750, -699.3437, -27.3739, 160, 160, 160
L 653.3750, -699.3437, -27.3739,  653.3750, -697.8891, -27.3739, 160, 160, 160
L 653.3750, -697.8891, -27.3739,  653.7875, -697.3437, -27.3739, 160, 160, 160
L 653.7875, -697.3437, -27.3739,  655.6833, -697.3437, -27.3739, 160, 160, 160
L 655.6833, -697.3437, -27.3739,  656.1249, -697.7979, -27.3739, 160, 160, 160
L 656.1249, -697.7979, -27.3739,  656.1249, -699.3437, -27.3739, 160, 160, 160
L 656.1249, -699.3437, -27.3739,  723.3437, -699.3437, -27.3739, 160, 160, 160
L 723.3437, -699.3437, -27.3739,  723.3437, -697.7762, -27.3739, 160, 160, 160
L 723.3437, -697.7762, -27.3739,  723.7463, -697.3437, -27.3739, 160, 160, 160
L 723.7463, -697.3437, -27.3739,  725.4814, -697.3437, -27.3739, 160, 160, 160
L 725.4814, -697.3437, -27.3739,  726.9370, -697.8337, -27.3739, 160, 160, 160
L 726.9370, -697.8337, -27.3739,  726.9370, -699.3437, -27.3739, 160, 160, 160
L 726.9370, -699.3437, -27.3739,  727.9609, -699.4323, -27.3739, 160, 160, 160
L 700.9370, -685.6324, -27.3739,  700.9370, -671.7291, -27.3739, 160, 160, 160
L 700.9370, -671.7291, -27.3739,  699.8817, -671.3809, -27.3739, 160, 160, 160
L 699.8817, -671.3809, -27.3739,  671.8094, -671.3437, -27.3739, 160, 160, 160
L 671.8094, -671.3437, -27.3739,  671.3437, -671.9307, -27.3739, 160, 160, 160
L 671.3437, -671.9307, -27.3739,  671.3495, -685.7853, -27.3739, 160, 160, 160
L 671.3495, -685.7853, -27.3739,  671.6865, -686.9230, -27.3738, 160, 160, 160
L 671.6865, -686.9230, -27.3738,  699.6933, -686.9370, -27.3738, 160, 160, 160
L 629.3750, -616.1237, -0.6937,  629.3750, -601.7698, 0.6260, 160, 160, 160
L 629.3750, -601.7698, 0.6260,  629.6612, -601.3855, 0.6260, 160, 160, 160
L 629.6612, -601.3855, 0.6260,  643.3750, -601.3750, 0.6260, 160, 160, 160
L 643.3750, -601.3750, 0.6260,  643.3750, -587.8093, 0.6260, 160, 160, 160
L 643.3750, -587.8093, 0.6260,  643.9568, -587.3749, 0.6260, 160, 160, 160
L 643.9568, -587.3749, 0.6260,  645.3749, -587.3749, 0.6260, 160, 160, 160
L 645.3749, -587.3749, 0.6260,  645.3749, -585.8997, 0.6260, 160, 160, 160
L 645.3749, -585.8997, 0.6260,  645.8694, -585.4062, 0.6260, 160, 160, 160
L 645.8694, -585.4062, 0.6260,  647.5778, -585.4062, 0.6260, 160, 160, 160
L 647.5778, -585.4062, 0.6260,  648.1249, -585.8826, 0.6260, 160, 160, 160
L 648.1249, -585.8826, 0.6260,  648.1249, -587.3750, 0.6260, 160, 160, 160
L 648.1249, -587.3750, 0.6260,  685.6580, -587.3750, 0.6260, 160, 160, 160
L 685.6580, -587.3750, 0.6260,  686.5389, -587.5547, 0.6260, 160, 160, 160
L 686.5389, -587.5547, 0.6260,  699.8740, -601.3750, 0.6260, 160, 160, 160
L 699.8740, -601.3750, 0.6260,  713.5633, -601.3750, 0.6260, 160, 160, 160
L 713.5633, -601.3750, 0.6260,  727.3437, -587.5945, 0.6260, 160, 160, 160
L 727.3437, -587.5945, 0.6260,  727.3437, -573.9347, 0.6260, 160, 160, 160
L 727.3437, -573.9347, 0.6260,  713.5298, -560.1227, 0.6260, 160, 160, 160
L 713.5298, -560.1227, 0.6260,  713.3437, -559.7545, 0.6260, 160, 160, 160
L 713.3437, -559.7545, 0.6260,  713.3437, -546.1550, 0.6260, 160, 160, 160
L 713.3437, -546.1550, 0.6260,  711.7016, -546.1548, 0.6260, 160, 160, 160
L 711.7016, -546.1548, 0.6260,  711.3610, -545.8943, 0.6260, 160, 160, 160
L 711.3610, -545.8943, 0.6260,  711.3441, -543.7626, 0.6260, 160, 160, 160
L 711.3441, -543.7626, 0.6260,  711.4659, -543.5040, 0.6260, 160, 160, 160
L 711.4659, -543.5040, 0.6260,  713.3437, -543.4062, 0.6260, 160, 160, 160
L 713.3437, -543.4062, 0.6260,  713.3437, -531.4062, 0.6260, 160, 160, 160
L 713.3437, -532.3069, 0.6260,  713.3455, -531.7390, 0.6260, 160, 160, 160
L 713.3455, -531.7390, 0.6260,  713.8248, -531.4062, 0.6260, 160, 160, 160
L 629.3750, -616.1237, -0.6937,  629.3750, -601.8668, 0.6260, 160, 160, 160
L 616.1249, -616.1249, -0.6941,  616.1249, -601.8464, 0.6260, 160, 160, 160
L 616.1249, -601.8464, 0.6260,  615.5157, -601.3750, 0.6260, 160, 160, 160
L 615.5157, -601.3750, 0.6260,  602.1236, -601.3750, 0.6260, 160, 160, 160
L 602.1236, -601.3750, 0.6260,  602.1249, -560.1562, 0.6260, 160, 160, 160
L 602.1249, -560.1562, 0.6260,  643.3750, -560.1562, 0.6260, 160, 160, 160
L 643.3750, -560.1562, 0.6260,  643.3750, -573.6724, 0.6260, 160, 160, 160
L 643.3750, -573.6724, 0.6260,  643.8333, -574.1562, 0.6260, 160, 160, 160
L 643.8333, -574.1562, 0.6260,  645.3750, -574.1562, 0.6260, 160, 160, 160
L 645.3750, -574.1562, 0.6260,  645.3749, -575.5826, 0.6260, 160, 160, 160
L 645.3749, -575.5826, 0.6260,  645.4583, -576.1680, 0.6260, 160, 160, 160
L 645.4583, -576.1680, 0.6260,  647.6992, -576.1562, 0.6260, 160, 160, 160
L 647.6992, -576.1562, 0.6260,  648.1249, -575.7457, 0.6260, 160, 160, 160
L 648.1249, -575.7457, 0.6260,  648.1249, -574.1562, 0.6260, 160, 160, 160
L 648.1249, -574.1562, 0.6260,  685.6708, -574.1562, 0.6260, 160, 160, 160
L 685.6708, -574.1562, 0.6260,  686.1624, -573.8678, 0.6260, 160, 160, 160
L 686.1624, -573.8678, 0.6260,  699.7598, -560.2704, 0.6260, 160, 160, 160
L 699.7598, -560.2704, 0.6260,  700.9370, -559.6327, 0.6260, 160, 160, 160
L 700.9370, -559.6327, 0.6260,  700.9370, -546.1562, 0.6260, 160, 160, 160
L 700.9370, -546.1562, 0.6260,  701.6497, -546.1562, 0.6260, 160, 160, 160
L 701.6497, -546.1562, 0.6260,  701.9583, -546.6970, 0.6260, 160, 160, 160
L 701.9583, -546.6970, 0.6260,  702.8420, -543.6974, 0.6260, 160, 160, 160
L 702.8420, -543.6974, 0.6260,  701.6127, -543.4062, 0.6260, 160, 160, 160
L 701.6127, -543.4062, 0.6260,  700.9240, -543.4062, 0.6260, 160, 160, 160
L 700.9240, -543.4062, 0.6260,  700.9370, -531.4062, 0.6260, 160, 160, 160
L 700.9370, -531.8071, 0.6260,  699.7051, -531.4062, 0.6260, 160, 160, 160
L 699.7051, -531.4062, 0.6260,  699.6888, -518.1562, 0.6260, 160, 160, 160
L 699.6891, -518.3763, 0.6260,  671.8451, -518.1562, 0.6260, 160, 160, 160
L 671.8451, -518.1562, 0.6260,  671.3573, -517.9502, 0.6260, 160, 160, 160
L 671.3573, -517.9502, 0.6260,  657.4709, -504.6310, 0.6260, 160, 160, 160
L 657.4709, -504.6310, 0.6260,  657.3750, -503.7862, 0.6260, 160, 160, 160
L 657.3750, -503.7862, 0.6260,  657.3750, -498.1868, 0.6260, 160, 160, 160
L 657.3750, -498.1868, 0.6260,  656.1031, -498.1875, 0.6260, 160, 160, 160
L 656.1031, -498.1875, 0.6260,  655.4017, -497.9517, 0.6260, 160, 160, 160
L 655.4017, -497.9517, 0.6260,  655.3749, -496.1100, 0.6260, 160, 160, 160
L 655.3749, -496.1100, 0.6260,  655.8896, -495.4375, 0.6260, 160, 160, 160
L 655.8896, -495.4375, 0.6260,  657.3750, -495.4375, 0.6260, 160, 160, 160
L 644.1249, -495.4375, 0.6260,  645.7314, -495.4375, 0.6260, 160, 160, 160
L 645.7314, -495.4375, 0.6260,  646.1249, -495.9390, 0.6260, 160, 160, 160
L 646.1249, -495.9390, 0.6260,  646.1227, -497.8523, 0.6260, 160, 160, 160
L 646.1227, -497.8523, 0.6260,  645.5851, -498.1875, 0.6260, 160, 160, 160
L 645.5851, -498.1875, 0.6260,  644.1249, -498.1875, 0.6260, 160, 160, 160
L 644.1249, -498.1875, 0.6260,  644.1249, -503.5475, 0.6260, 160, 160, 160
L 644.1249, -503.5475, 0.6260,  643.8595, -504.2330, 0.6260, 160, 160, 160
L 643.8595, -504.2330, 0.6260,  630.1747, -517.8871, 0.6260, 160, 160, 160
L 630.1747, -517.8871, 0.6260,  629.5978, -518.1562, 0.6260, 160, 160, 160
L 629.5978, -518.1562, 0.6260,  616.1249, -518.1562, 0.6260, 160, 160, 160
L 616.1249, -518.1562, 0.6260,  616.1249, -519.7112, 0.6260, 160, 160, 160
L 616.1249, -519.7112, 0.6260,  615.6118, -520.1562, 0.6260, 160, 160, 160
L 615.6118, -520.1562, 0.6260,  613.8196, -520.1562, 0.6260, 160, 160, 160
L 613.8196, -520.1562, 0.6260,  613.4076, -519.9340, 0.6260, 160, 160, 160
L 613.4076, -519.9340, 0.6260,  613.3750, -518.1548, 0.6260, 160, 160, 160
L 613.3750, -518.1548, 0.6260,  601.8664, -518.1562, 0.6260, 160, 160, 160
L 601.8664, -518.1562, 0.6260,  601.4197, -517.9814, 0.6260, 160, 160, 160
L 601.4197, -517.9814, 0.6260,  587.5774, -504.1700, 0.6260, 160, 160, 160
L 587.5774, -504.1700, 0.6260,  587.3750, -503.6700, 0.6260, 160, 160, 160
L 587.3750, -503.6700, 0.6260,  587.3750, -490.1870, 0.6260, 160, 160, 160
L 587.3750, -490.1870, 0.6260,  585.8501, -490.1875, 0.6260, 160, 160, 160
L 585.8501, -490.1875, 0.6260,  585.4062, -489.6840, 0.6260, 160, 160, 160
L 585.4062, -489.6840, 0.6260,  585.4067, -487.7916, 0.6260, 160, 160, 160
L 585.4067, -487.7916, 0.6260,  585.6331, -487.4680, 0.6260, 160, 160, 160
L 585.6331, -487.4680, 0.6260,  587.3750, -487.4375, 0.6260, 160, 160, 160
L 587.3750, -487.4375, 0.6260,  587.3749, -476.1299, 0.6260, 160, 160, 160
L 587.3749, -476.1299, 0.6260,  587.4963, -475.5357, 0.6260, 160, 160, 160
L 587.4963, -475.5357, 0.6260,  601.3750, -461.6571, 0.6260, 160, 160, 160
L 601.3750, -461.6571, 0.6260,  601.3750, -447.9673, 0.6260, 160, 160, 160
L 601.3750, -447.9673, 0.6260,  587.5945, -434.1875, 0.6260, 160, 160, 160
L 587.5945, -434.1875, 0.6260,  573.9365, -434.1875, 0.6260, 160, 160, 160
L 573.9365, -434.1875, 0.6260,  560.1562, -447.9676, 0.6260, 160, 160, 160
L 560.1562, -447.9676, 0.6260,  560.1562, -461.6571, 0.6260, 160, 160, 160
L 560.1562, -461.6571, 0.6260,  574.5250, -475.5536, 0.6260, 160, 160, 160
L 574.5250, -475.5536, 0.6260,  574.1562, -476.1280, 0.6260, 160, 160, 160
L 574.1562, -476.1280, 0.6260,  574.1562, -487.4375, 0.6260, 160, 160, 160
L 574.1562, -487.4375, 0.6260,  575.7042, -487.4375, 0.6260, 160, 160, 160
L 575.7042, -487.4375, 0.6260,  576.1562, -487.9585, 0.6260, 160, 160, 160
L 576.1562, -487.9585, 0.6260,  576.1562, -489.6897, 0.6260, 160, 160, 160
L 576.1562, -489.6897, 0.6260,  575.6807, -490.1875, 0.6260, 160, 160, 160
L 575.6807, -490.1875, 0.6260,  574.1561, -490.1875, 0.6260, 160, 160, 160
L 574.1561, -490.1875, 0.6260,  574.1562, -503.8136, 0.6260, 160, 160, 160
L 574.1562, -503.8136, 0.6260,  573.8578, -504.2656, 0.6260, 160, 160, 160
L 573.8578, -504.2656, 0.6260,  560.1562, -517.9366, 0.6260, 160, 160, 160
L 560.1562, -517.9366, 0.6260,  560.1561, -531.6259, 0.6260, 160, 160, 160
L 560.1561, -531.6259, 0.6260,  573.9365, -545.4062, 0.6260, 160, 160, 160
L 573.9365, -545.4062, 0.6260,  587.5945, -545.4062, 0.6260, 160, 160, 160
L 587.5945, -545.4062, 0.6260,  601.4518, -531.5489, 0.6260, 160, 160, 160
L 601.4518, -531.5489, 0.6260,  601.9056, -531.4062, 0.6260, 160, 160, 160
L 601.9056, -531.4062, 0.6260,  613.3750, -531.4062, 0.6260, 160, 160, 160
L 613.3750, -531.4062, 0.6260,  613.3750, -529.9672, 0.6260, 160, 160, 160
L 613.3750, -529.9672, 0.6260,  613.6201, -529.4293, 0.6260, 160, 160, 160
L 613.6201, -529.4293, 0.6260,  615.6772, -529.4062, 0.6260, 160, 160, 160
L 615.6772, -529.4062, 0.6260,  616.1249, -529.8102, 0.6260, 160, 160, 160
L 616.1249, -529.8102, 0.6260,  616.1237, -531.4062, 0.6260, 160, 160, 160
L 616.1237, -531.4062, 0.6260,  629.6363, -531.4062, 0.6260, 160, 160, 160
L 629.6363, -531.4062, 0.6260,  630.1083, -531.6094, 0.6260, 160, 160, 160
L 630.1083, -531.6094, 0.6260,  643.9053, -545.4062, 0.6260, 160, 160, 160
L 643.9053, -545.4062, 0.6260,  657.5942, -545.4062, 0.6260, 160, 160, 160
L 657.5942, -545.4062, 0.6260,  671.4933, -531.4814, 0.6260, 160, 160, 160
L 671.4933, -531.4814, 0.6260,  671.9097, -531.4062, 0.6260, 160, 160, 160
L 671.9097, -531.4062, 0.6260,  700.9370, -531.4062, 0.6260, 160, 160, 160
L 657.3750, -495.4375, 0.6260,  657.3750, -475.9388, 0.6260, 160, 160, 160
L 644.1249, -495.4375, 0.6260,  644.1249, -489.7375, 0.6260, 160, 160, 160
L 699.6888, -518.1562, 3.7509,  714.9360, -518.1562, 3.7509, 160, 160, 160
L 616.1249, -671.8502, -69.4146,  615.7322, -671.3437, -69.3426, 160, 160, 160
L 615.7322, -671.3437, -69.3426,  587.7269, -671.3443, -69.3426, 160, 160, 160
L 587.7269, -671.3443, -69.3426,  587.3750, -672.9250, -70.8177, 160, 160, 160
L 587.3750, -672.9250, -70.8177,  574.1562, -672.9370, -70.8171, 160, 160, 160
L 574.1562, -672.9370, -70.8171,  587.3749, -672.9240, -70.8178, 160, 160, 160
L 587.3749, -672.9240, -70.8178,  587.3750, -783.3125, -27.3739, 160, 160, 160
L 587.3750, -783.3125, -27.3739,  532.1479, -783.3124, -27.3739, 160, 160, 160
L 70.7951, -867.2812, 0.6260,  56.9190, -867.2812, 0.6260, 160, 160, 160
L 56.9190, -867.2812, 0.6260,  55.5938, -867.9102, 0.6260, 160, 160, 160
L 55.5938, -867.9102, 0.6260,  55.5936, -923.3254, 0.6260, 160, 160, 160
L 55.5936, -923.3254, 0.6260,  55.8945, -923.9926, 0.6260, 160, 160, 160
L 55.8945, -923.9926, 0.6260,  83.8970, -923.9999, 0.6260, 160, 160, 160
L 83.8970, -923.9999, 0.6260,  84.3222, -923.7500, 0.6260, 160, 160, 160
L 84.3222, -923.7500, 0.6260,  84.3436, -893.7272, 0.6260, 160, 160, 160
L 84.3436, -893.7272, 0.6260,  84.9700, -893.3038, 0.6260, 160, 160, 160
L 84.9700, -893.3038, 0.6260,  82.1661, -893.2812, 0.6260, 160, 160, 160
L 82.1661, -893.2812, 0.6260,  81.6209, -893.4646, 0.6260, 160, 160, 160
L 81.6209, -893.4646, 0.6260,  81.5938, -895.2812, 0.6260, 160, 160, 160
L 81.5938, -895.2812, 0.6260,  80.2490, -895.2812, 0.6260, 160, 160, 160
L 80.2490, -895.2812, 0.6260,  79.5938, -895.7449, 0.6260, 160, 160, 160
L 79.5938, -895.7449, 0.6260,  79.5938, -897.6060, 0.6260, 160, 160, 160
L 79.5938, -897.6060, 0.6260,  80.9950, -898.3120, 0.6260, 160, 160, 160
L 80.9950, -898.3120, 0.6260,  81.5938, -898.2980, 0.6260, 160, 160, 160
L 81.5938, -898.2980, 0.6260,  81.5936, -921.2500, 0.6260, 160, 160, 160
L 58.3436, -898.3120, 0.6260,  69.8799, -898.3120, 0.6260, 160, 160, 160
L 69.8799, -898.3120, 0.6260,  70.3436, -897.5331, 0.6260, 160, 160, 160
L 70.3436, -897.5331, 0.6260,  70.3436, -895.7997, 0.6260, 160, 160, 160
L 70.3436, -895.7997, 0.6260,  69.8132, -895.2812, 0.6260, 160, 160, 160
L 69.8132, -895.2812, 0.6260,  68.3427, -895.2812, 0.6260, 160, 160, 160
L 68.3427, -895.2812, 0.6260,  68.2969, -881.4747, 0.6260, 160, 160, 160
L 68.2969, -881.4747, 0.6260,  67.8233, -881.2812, 0.6260, 160, 160, 160
L 67.8233, -881.2812, 0.6260,  58.3436, -881.2812, 0.6260, 160, 160, 160
L 58.3436, -881.2812, 0.6260,  58.3436, -870.3120, 0.6260, 160, 160, 160
L 58.3436, -870.3120, 0.6260,  81.5938, -870.3019, 0.6260, 160, 160, 160
L 81.5938, -870.3019, 0.6260,  81.6119, -883.7714, 0.6260, 160, 160, 160
L 81.6119, -883.7714, 0.6260,  82.1160, -884.3120, 0.6260, 160, 160, 160
L 82.1160, -884.3120, 0.6260,  84.1690, -884.2800, 0.6260, 160, 160, 160
L 84.1690, -884.2800, 0.6260,  84.3436, -883.5330, 0.6260, 160, 160, 160
L 84.3436, -883.5330, 0.6260,  84.3436, -867.8220, 0.6260, 160, 160, 160
L 84.3436, -867.8220, 0.6260,  83.8977, -867.2812, 0.6260, 160, 160, 160
L 83.8977, -867.2812, 0.6260,  68.1872, -867.2812, 0.6260, 160, 160, 160
L 58.3436, -895.2812, 12.6259,  58.3436, -870.3120, 0.6260, 160, 160, 160
L 67.9373, -882.6186, 1.6340,  58.5800, -882.6186, 1.6340, 160, 160, 160
L 58.6100, -883.6186, 2.6340,  67.9553, -883.6186, 2.6340, 160, 160, 160
L 58.6100, -884.6186, 3.6340,  67.9418, -884.6186, 3.6340, 160, 160, 160
L 58.5600, -885.6186, 4.6350,  67.9344, -885.6186, 4.6350, 160, 160, 160
L 67.9578, -886.6186, 5.6350,  58.6100, -886.6186, 5.6350, 160, 160, 160
L 58.1221, -887.2936, 6.6271,  58.1221, -887.2936, 6.6350, 160, 160, 160
L 58.5800, -887.6186, 6.6350,  67.9052, -887.6186, 6.6350, 160, 160, 160
L 67.9052, -887.6186, 6.6350,  58.5800, -887.6186, 6.6350, 160, 160, 160
L 58.6100, -888.6186, 7.6258,  67.9398, -888.6186, 7.6257, 160, 160, 160
L 58.6100, -889.6186, 8.7677,  67.9378, -889.6186, 8.7670, 160, 160, 160
L 58.6100, -890.6186, 9.7487,  67.9955, -890.6298, 9.7479, 160, 160, 160
L 58.6100, -891.6186, 10.6340,  67.9395, -891.6186, 10.6340, 160, 160, 160
L 58.6100, -892.6186, 11.6259,  67.8945, -892.6186, 11.6259, 160, 160, 160
L 58.3436, -895.2812, 12.6259,  67.9397, -895.2812, 12.6260, 160, 160, 160
L 58.3436, -895.4335, 17.7510,  58.3436, -900.5788, 17.7510, 160, 160, 160
L 58.3436, -896.6534, 17.7510,  58.3436, -921.2500, 18.2530, 160, 160, 160
L 58.3436, -921.2500, 18.2530,  95.5938, -921.2500, 18.4341, 160, 160, 160
L 95.5938, -921.2500, 18.4341,  95.5938, -898.3040, 18.5136, 160, 160, 160
L 95.5938, -898.3040, 18.5136,  82.7750, -898.3120, 18.5136, 160, 160, 160
L 82.7750, -898.3120, 18.5136,  81.5938, -897.6479, 18.5136, 160, 160, 160
L 81.5938, -897.6479, 18.5136,  81.5938, -889.8558, 18.5136, 160, 160, 160
L 81.5938, -889.8558, 18.5136,  81.7533, -889.3491, 18.5136, 160, 160, 160
L 81.7533, -889.3491, 18.5136,  83.8405, -889.2812, 18.5136, 160, 160, 160
L 83.8405, -889.2812, 18.5136,  84.3436, -889.6811, 18.5136, 160, 160, 160
L 84.3436, -889.6811, 18.5136,  84.3436, -895.2812, 18.5136, 160, 160, 160
L 84.3436, -895.2812, 18.5136,  95.5936, -895.2812, 18.6260, 160, 160, 160
L 95.5936, -895.2812, 14.6259,  95.5938, -870.2980, 14.6259, 160, 160, 160
L 95.5938, -870.2980, 14.6259,  84.3436, -870.3120, 14.6259, 160, 160, 160
L 84.3436, -870.3120, 14.6259,  84.3436, -879.5226, 14.6259, 160, 160, 160
L 84.3436, -879.5226, 14.6259,  83.8903, -880.3120, 14.6259, 160, 160, 160
L 83.8903, -880.3120, 14.6259,  82.4900, -880.3120, 14.6259, 160, 160, 160
L 82.4900, -880.3120, 14.6259,  81.5938, -879.6647, 14.6259, 160, 160, 160
L 81.5938, -879.6647, 14.6259,  81.5938, -870.3120, 14.6259, 160, 160, 160
L 81.5938, -870.3120, 14.6259,  67.9819, -870.3120, 14.9509, 160, 160, 160
L 67.9819, -870.3120, 14.9509,  67.9153, -895.8640, 14.6259, 160, 160, 160
L 58.3436, -898.3120, 0.6260,  58.2402, -921.4012, 0.6350, 160, 160, 160
L 58.2402, -921.4012, 0.6350,  81.8509, -921.5212, 0.6350, 160, 160, 160
L 283.3620, -401.6997, 0.3135,  283.7579, -401.9904, 0.3135, 160, 160, 160
L 283.7579, -401.9904, 0.3135,  284.1227, -401.8611, 0.3135, 160, 160, 160
L 284.1227, -401.8611, 0.3135,  287.9712, -398.1260, 0.3135, 160, 160, 160
L 287.9712, -398.1260, 0.3135,  287.9975, -397.7017, 0.3135, 160, 160, 160
L 287.9975, -397.7017, 0.3135,  250.1617, -369.5661, 0.6260, 160, 160, 160
L 250.1617, -369.5661, 0.6260,  249.5458, -369.6738, 0.6260, 160, 160, 160
L 249.5458, -369.6738, 0.6260,  245.6094, -373.6143, 0.6260, 160, 160, 160
L 245.6094, -373.6143, 0.6260,  245.7793, -374.2160, 0.6260, 160, 160, 160
L 245.7793, -374.2160, 0.6260,  283.4990, -402.3280, 0.6260, 160, 160, 160
L 237.5312, -257.3922, -1.3740,  237.5312, -279.7196, -1.3740, 160, 160, 160
L 237.5312, -279.7196, -1.3740,  223.7509, -293.5000, -1.3740, 160, 160, 160
L 223.7509, -293.5000, -1.3740,  168.3121, -293.5000, -1.3740, 160, 160, 160
L 168.3121, -293.5000, -1.3740,  168.3125, -279.9941, -1.3740, 160, 160, 160
L 168.3125, -279.9941, -1.3740,  168.4520, -279.4526, -1.3740, 160, 160, 160
L 168.4520, -279.4526, -1.3740,  140.3125, -251.7507, -1.3740, 160, 160, 160
L 140.3125, -251.7507, -1.3740,  140.3125, -224.2812, -1.3740, 160, 160, 160
L 140.3125, -224.2812, -1.3740,  237.5312, -224.2812, -1.3740, 160, 160, 160
L 237.5312, -224.2812, -1.3740,  237.5312, -266.8335, -1.3740, 160, 160, 160
L 139.5625, 573.4134, 6.6044,  139.5625, 629.3750, 13.6727, 160, 160, 160
L 139.5625, 629.3750, 13.6727,  112.3436, 629.3750, 13.6727, 160, 160, 160
L 112.3436, 629.3750, 13.6727,  112.3438, 570.7264, 5.4287, 160, 160, 160
L 139.5625, 625.8564, 12.9030,  139.5625, 629.4054, 13.6792, 160, 160, 160
L 139.5625, 629.4054, 13.6792,  153.5625, 643.9052, 14.6259, 160, 160, 160
L 153.5625, 643.9052, 14.6259,  153.5625, 671.5634, 14.6259, 160, 160, 160
L 153.5625, 671.5634, 14.6259,  139.6387, 685.4921, 14.6259, 160, 160, 160
L 139.6387, 685.4921, 14.6259,  139.5629, 699.7354, 14.6259, 160, 160, 160
L 139.5629, 699.7354, 14.6259,  153.9316, 700.9370, 14.6259, 160, 160, 160
L 153.9316, 700.9370, 14.6259,  154.3125, 699.6616, 14.6259, 160, 160, 160
L 154.3125, 699.6616, 14.6259,  154.3125, 686.9360, 14.6259, 160, 160, 160
L 154.3125, 686.9360, 14.6259,  195.5312, 686.9370, 14.6259, 160, 160, 160
L 195.5312, 686.9370, 14.6259,  195.5312, 727.3437, 14.6259, 160, 160, 160
L 195.5312, 727.3437, 14.6259,  154.3121, 727.3437, 14.6259, 160, 160, 160
L 154.3121, 727.3437, 14.6259,  154.3125, 713.8097, 14.6259, 160, 160, 160
L 154.3125, 713.8097, 14.6259,  154.7200, 713.3501, 14.6259, 160, 160, 160
L 154.7200, 713.3501, 14.6259,  139.9091, 713.3445, 14.6259, 160, 160, 160
L 139.9091, 713.3445, 14.6259,  139.5625, 713.7853, 14.6259, 160, 160, 160
L 139.5625, 713.7853, 14.6259,  139.5625, 727.3437, 14.6259, 160, 160, 160
L 139.5625, 727.3437, 14.6259,  112.3435, 727.3437, 14.6259, 160, 160, 160
L 112.3435, 727.3437, 14.6259,  112.3436, 685.8653, 14.6259, 160, 160, 160
L 112.3436, 685.8653, 14.6259,  112.1389, 685.3586, 14.6259, 160, 160, 160
L 112.1389, 685.3586, 14.6259,  98.3436, 671.5634, 14.6259, 160, 160, 160
L 98.3436, 671.5634, 14.6259,  98.3436, 643.9053, 14.6259, 160, 160, 160
L 98.3436, 643.9053, 14.6259,  112.1345, 630.1144, 14.6259, 160, 160, 160
L 112.1345, 630.1144, 14.6259,  112.3436, 629.3750, 13.6727, 160, 160, 160
L 181.5625, 550.1562, 0.6260,  168.3125, 550.1562, 0.6260, 160, 160, 160
L 168.3125, 550.1562, 0.6260,  168.3120, 559.7983, 0.6260, 160, 160, 160
L 168.3120, 559.7983, 0.6260,  168.9590, 560.1212, 0.6260, 160, 160, 160
L 168.9590, 560.1212, 0.6260,  154.3125, 560.1562, 0.6260, 160, 160, 160
L 154.3125, 560.1562, 0.6260,  154.3120, 629.3750, 0.6260, 160, 160, 160
L 154.3120, 629.3750, 0.6260,  195.5312, 629.3750, 0.6260, 160, 160, 160
L 195.5312, 629.3750, 0.6260,  195.5355, 601.6933, 0.6260, 160, 160, 160
L 195.5355, 601.6933, 0.6260,  196.2610, 601.3750, 0.6260, 160, 160, 160
L 196.2610, 601.3750, 0.6260,  199.5312, 601.3750, 0.6260, 160, 160, 160
L 199.5312, 601.3750, 0.6260,  199.5312, 588.1233, 0.6260, 160, 160, 160
L 199.5312, 588.1233, 0.6260,  195.9028, 588.1249, 0.6260, 160, 160, 160
L 195.9028, 588.1249, 0.6260,  195.5896, 587.9510, 0.6260, 160, 160, 160
L 195.5896, 587.9510, 0.6260,  195.5312, 560.1548, 0.6260, 160, 160, 160
L 195.5312, 560.1548, 0.6260,  182.5880, 560.1562, 0.6260, 160, 160, 160
L 182.5880, 560.1562, 0.6260,  181.7287, 560.9269, 0.6260, 160, 160, 160
L 181.7287, 560.9269, 0.6260,  181.5625, 550.1562, 0.6260, 160, 160, 160
L 181.5625, 550.1562, 0.6260,  180.5710, 550.1562, 0.6260, 160, 160, 160
L 180.5710, 550.1562, 0.6260,  179.9336, 547.4062, 0.6260, 160, 160, 160
L 169.9662, 547.4062, 0.6260,  169.9727, 550.1562, 0.6260, 160, 160, 160
L 199.5312, 599.7767, 0.6260,  202.2812, 599.7852, 0.6260, 160, 160, 160
L 202.2812, 599.7852, 0.6260,  202.2809, 601.3750, 0.6260, 160, 160, 160
L 202.2809, 601.3750, 0.6260,  202.2812, 588.1249, 0.6260, 160, 160, 160
L 202.2812, 588.1249, 0.6260,  209.9645, 588.2129, 0.6260, 160, 160, 160
L 209.9645, 588.2129, 0.6260,  210.2812, 587.7577, 0.6260, 160, 160, 160
L 210.2812, 587.7577, 0.6260,  210.2812, 574.1561, 0.6260, 160, 160, 160
L 210.2812, 574.1561, 0.6260,  251.5312, 574.1562, 0.6260, 160, 160, 160
L 251.5312, 574.1562, 0.6260,  251.5312, 615.3750, 0.6260, 160, 160, 160
L 251.5312, 615.3750, 0.6260,  210.2809, 615.3750, 0.6260, 160, 160, 160
L 210.2809, 615.3750, 0.6260,  210.2812, 601.8297, 0.6260, 160, 160, 160
L 210.2812, 601.8297, 0.6260,  209.8380, 601.3750, 0.6260, 160, 160, 160
L 209.8380, 601.3750, 0.6260,  202.2812, 601.3750, 0.6260, 160, 160, 160
L 202.2812, 601.3750, 0.6260,  202.2812, 589.8163, 0.6260, 160, 160, 160
L 202.2812, 589.8163, 0.6260,  199.5312, 589.6249, 0.6260, 160, 160, 160
L 228.2809, 475.4375, 56.5947,  252.2812, 475.5928, 40.5947, 160, 160, 160
L 252.2812, 475.5928, 40.5947,  252.2812, 517.7594, 10.6259, 160, 160, 160
L 252.2812, 517.7594, 10.6259,  251.5312, 518.1548, 6.6260, 160, 160, 160
L 251.5312, 518.1548, 6.6260,  224.2812, 518.1562, 0.6260, 160, 160, 160
L 228.2812, 462.1875, 56.5947,  265.5312, 462.1868, 40.5947, 160, 160, 160
L 265.5312, 462.1868, 40.5947,  265.5312, 531.4062, 8.6259, 160, 160, 160
L 265.5312, 531.4062, 8.6259,  237.9490, 531.4062, 0.6260, 160, 160, 160
L 237.9490, 531.4062, 0.6260,  237.5312, 531.9393, 0.6260, 160, 160, 160
L 237.5312, 531.9393, 0.6260,  237.5312, 534.8627, 0.6260, 160, 160, 160
L 238.2811, 475.4375, 54.5947,  238.2812, 462.1874, 54.5947, 160, 160, 160
L 240.2812, 462.1875, 52.5947,  240.2809, 475.4375, 52.5947, 160, 160, 160
L 242.2809, 475.4375, 50.5947,  242.2812, 462.1875, 50.5947, 160, 160, 160
L 244.2812, 462.1875, 48.5947,  244.2809, 475.4375, 48.5947, 160, 160, 160
L 246.2810, 475.4375, 46.5947,  246.2812, 462.1874, 46.5947, 160, 160, 160
L 248.2812, 475.4375, 44.5947,  248.2812, 462.1874, 44.5947, 160, 160, 160
L 250.2812, 462.1875, 42.5947,  250.2809, 475.4375, 42.5947, 160, 160, 160
L 252.2812, 462.1875, 40.5947,  252.2812, 475.8201, 40.5945, 160, 160, 160
L 252.2812, 476.1299, 40.1683,  265.5312, 476.1870, 38.6259, 160, 160, 160
L 265.5312, 478.1875, 36.6259,  252.2812, 478.1875, 36.6259, 160, 160, 160
L 252.2812, 480.1875, 34.6259,  265.5312, 480.1875, 34.6259, 160, 160, 160
L 265.5312, 482.1875, 32.6259,  252.2812, 482.1875, 32.6259, 160, 160, 160
L 252.2812, 484.1875, 30.6260,  265.5312, 484.1875, 30.6260, 160, 160, 160
L 265.5312, 486.1875, 28.6260,  252.2812, 486.1875, 28.6260, 160, 160, 160
L 252.2812, 488.1875, 26.6260,  265.5312, 488.1875, 26.6260, 160, 160, 160
L 265.5312, 490.1870, 24.6260,  252.2812, 490.1875, 24.6260, 160, 160, 160
L 265.5312, 490.1865, 24.6260,  265.5312, 503.8410, 24.6234, 160, 160, 160
L 265.5312, 504.1868, 22.6260,  252.2812, 504.1875, 22.6260, 160, 160, 160
L 252.2812, 506.1875, 20.6260,  265.5312, 506.1875, 20.6260, 160, 160, 160
L 265.5312, 508.1875, 18.6260,  252.2812, 508.1875, 18.6260, 160, 160, 160
L 252.2812, 510.1562, 16.6260,  265.5312, 510.1562, 16.6260, 160, 160, 160
L 265.5312, 512.1562, 14.6259,  252.2812, 512.1562, 14.6259, 160, 160, 160
L 252.2812, 514.1263, 14.1465,  265.5312, 514.1548, 12.6259, 160, 160, 160
L 265.5312, 516.1562, 10.6259,  252.2812, 516.1562, 10.6259, 160, 160, 160
L 251.9080, 518.1562, 8.6259,  265.5312, 518.1562, 8.6259, 160, 160, 160
L 251.5312, 531.4062, 6.6260,  251.5312, 518.1548, 6.6260, 160, 160, 160
L 249.5312, 518.1562, 4.6260,  249.5312, 531.4062, 4.6260, 160, 160, 160
L 247.5312, 531.4062, 2.6259,  247.5312, 518.1562, 2.6259, 160, 160, 160
L 245.5312, 518.1562, 0.6260,  245.5312, 531.4062, 0.6260, 160, 160, 160
L 265.5312, 490.1875, 24.6260,  267.5312, 490.1870, 26.6260, 160, 160, 160
L 267.5312, 490.1870, 26.6260,  267.5312, 503.4375, 26.6260, 160, 160, 160
L 267.5312, 503.4375, 26.6260,  265.5312, 503.6009, 24.6260, 160, 160, 160
L 265.5312, 503.6009, 24.6260,  265.5312, 504.1875, 22.6260, 160, 160, 160
L 267.9042, 492.1875, 28.6260,  269.8634, 492.1875, 28.6260, 160, 160, 160
L 269.8634, 492.1875, 28.6260,  270.1951, 492.5160, 28.6260, 160, 160, 160
L 270.1951, 492.5160, 28.6260,  270.2812, 490.1875, 28.6260, 160, 160, 160
L 270.2812, 490.1875, 28.6260,  279.9927, 490.1684, 28.6260, 160, 160, 160
L 279.9927, 490.1684, 28.6260,  280.2500, 489.7228, 28.6260, 160, 160, 160
L 280.2500, 489.7228, 28.6260,  280.2500, 476.1874, 28.6260, 160, 160, 160
L 280.2500, 476.1874, 28.6260,  307.8107, 476.1875, 28.6260, 160, 160, 160
L 307.8107, 476.1875, 28.6260,  308.2500, 475.7570, 28.6260, 160, 160, 160
L 308.2500, 475.7570, 28.6260,  308.2500, 461.8487, 28.6260, 160, 160, 160
L 308.2500, 461.8487, 28.6260,  307.7758, 461.4375, 28.6260, 160, 160, 160
L 307.7758, 461.4375, 28.6260,  294.2495, 461.4375, 28.6260, 160, 160, 160
L 294.2495, 461.4375, 28.6260,  294.2500, 420.2187, 28.6260, 160, 160, 160
L 294.2500, 420.2187, 28.6260,  335.5000, 420.2187, 28.6260, 160, 160, 160
L 335.5000, 420.2187, 28.6260,  335.5000, 461.4375, 28.6260, 160, 160, 160
L 335.5000, 461.4375, 28.6260,  321.7733, 461.4515, 28.6260, 160, 160, 160
L 321.7733, 461.4515, 28.6260,  321.5002, 461.7988, 28.6260, 160, 160, 160
L 321.5002, 461.7988, 28.6260,  321.5000, 517.4062, 28.6260, 160, 160, 160
L 321.5000, 517.4062, 28.6260,  280.2495, 517.4062, 28.6260, 160, 160, 160
L 280.2495, 517.4062, 28.6260,  280.2500, 503.9483, 28.6260, 160, 160, 160
L 280.2500, 503.9483, 28.6260,  279.7456, 503.4375, 28.6260, 160, 160, 160
L 279.7456, 503.4375, 28.6260,  270.2807, 503.4375, 28.6260, 160, 160, 160
L 270.2807, 503.4375, 28.6260,  270.2803, 501.7871, 28.6260, 160, 160, 160
L 270.2803, 501.7871, 28.6260,  269.9560, 501.4408, 28.6260, 160, 160, 160
L 269.9560, 501.4408, 28.6260,  267.8795, 501.4384, 28.6236, 160, 160, 160
L 228.2812, 462.1875, 56.5947,  228.2811, 463.8224, 56.5947, 160, 160, 160
L 228.2811, 463.8224, 56.5947,  227.7464, 464.1875, 56.5947, 160, 160, 160
L 227.7464, 464.1875, 56.5947,  225.8740, 464.1861, 56.5947, 160, 160, 160
L 225.8740, 464.1861, 56.5947,  225.5312, 463.6904, 56.5947, 160, 160, 160
L 225.5312, 463.6904, 56.5947,  225.5312, 462.1868, 56.5947, 160, 160, 160
L 225.5312, 462.1868, 56.5947,  209.5175, 461.9320, 56.5947, 160, 160, 160
L 209.5175, 461.9320, 56.5947,  209.6348, 475.5536, 56.5947, 160, 160, 160
L 209.6348, 475.5536, 56.5947,  196.2691, 475.7178, 56.5947, 160, 160, 160
L 196.2691, 475.7178, 56.5947,  196.2812, 491.4375, 56.5947, 160, 160, 160
L 196.2812, 491.4375, 56.5947,  197.7468, 491.4375, 56.5947, 160, 160, 160
L 197.7468, 491.4375, 56.5947,  198.3106, 491.7429, 56.5947, 160, 160, 160
L 198.3106, 491.7429, 56.5947,  198.2812, 493.7962, 56.5947, 160, 160, 160
L 198.2812, 493.7962, 56.5947,  197.8230, 494.1875, 56.5947, 160, 160, 160
L 197.8230, 494.1875, 56.5947,  196.2812, 494.1875, 56.5949, 160, 160, 160
L 196.2812, 494.1875, 56.5949,  196.2806, 503.8317, 56.5949, 160, 160, 160
L 196.2806, 503.8317, 56.5949,  195.8489, 504.1875, 56.5949, 160, 160, 160
L 195.8489, 504.1875, 56.5949,  55.9684, 504.1875, 56.5949, 160, 160, 160
L 55.9684, 504.1875, 56.5949,  55.5938, 503.5917, 56.5949, 160, 160, 160
L 55.5938, 503.5917, 56.5949,  55.5938, 494.1870, 56.5949, 160, 160, 160
L 55.5938, 494.1870, 56.5949,  53.8620, 494.1720, 56.5949, 160, 160, 160
L 53.8620, 494.1720, 56.5949,  53.5763, 493.8090, 56.5949, 160, 160, 160
L 53.5763, 493.8090, 56.5949,  53.5960, 491.7708, 56.5949, 160, 160, 160
L 53.5960, 491.7708, 56.5949,  54.1075, 491.4375, 56.5949, 160, 160, 160
L 54.1075, 491.4375, 56.5949,  55.5942, 491.4375, 56.5949, 160, 160, 160
L 55.5942, 491.4375, 56.5949,  55.5938, 475.8657, 56.5949, 160, 160, 160
L 55.5938, 475.8657, 56.5949,  42.2053, 475.5215, 56.5947, 160, 160, 160
L 42.2053, 475.5215, 56.5947,  42.1400, 462.1847, 56.5947, 160, 160, 160
L 42.1400, 462.1847, 56.5947,  26.3750, 462.1875, 56.5947, 160, 160, 160
L 26.3750, 462.1875, 56.5947,  26.3750, 463.7581, 56.5947, 160, 160, 160
L 26.3750, 463.7581, 56.5947,  25.9387, 464.1875, 56.5947, 160, 160, 160
L 25.9387, 464.1875, 56.5947,  24.6730, 464.1875, 56.5947, 160, 160, 160
L 24.6730, 464.1875, 56.5947,  23.6574, 463.9651, 56.5947, 160, 160, 160
L 23.6574, 463.9651, 56.5947,  23.6250, 462.1868, 56.5947, 160, 160, 160
L 23.6250, 462.1868, 56.5947,  0.9810, 462.1875, 56.5953, 160, 160, 160
L 0.9810, 462.1875, 56.5953,  -0.4567, 461.8219, 56.5953, 160, 160, 160
L -0.4567, 461.8219, 56.5953,  -0.3750, 448.1870, 56.5953, 160, 160, 160
L -0.3750, 448.1870, 56.5953,  -41.5938, 448.1875, 56.5953, 160, 160, 160
L -41.5938, 448.1875, 56.5953,  -41.5936, 489.4375, 56.5953, 160, 160, 160
L -41.5936, 489.4375, 56.5953,  -27.9857, 489.4377, 56.5953, 160, 160, 160
L -27.9857, 489.4377, 56.5953,  -27.6255, 489.7918, 56.5953, 160, 160, 160
L -27.6255, 489.7918, 56.5953,  -27.6250, 503.7504, 56.5953, 160, 160, 160
L -27.6250, 503.7504, 56.5953,  -28.1480, 504.1875, 56.5953, 160, 160, 160
L -28.1480, 504.1875, 56.5953,  -41.5938, 504.1875, 56.5953, 160, 160, 160
L -41.5938, 504.1875, 56.5953,  -41.5936, 545.4062, 56.5953, 160, 160, 160
L -41.5936, 545.4062, 56.5953,  27.6250, 545.4062, 56.5953, 160, 160, 160
L 27.6250, 545.4062, 56.5953,  27.6250, 518.1550, 56.5953, 160, 160, 160
L 27.6250, 518.1550, 56.5953,  0.2720, 518.1562, 56.5953, 160, 160, 160
L 0.2720, 518.1562, 56.5953,  -0.3750, 517.7137, 56.5953, 160, 160, 160
L -0.3750, 517.7137, 56.5953,  -0.3750, 504.1865, 56.5953, 160, 160, 160
L -0.3750, 504.1865, 56.5953,  -14.8010, 504.1788, 56.5953, 160, 160, 160
L -14.8010, 504.1788, 56.5953,  -14.3750, 503.6857, 56.5953, 160, 160, 160
L -14.3750, 503.6857, 56.5953,  -14.3750, 489.9062, 56.5953, 160, 160, 160
L -14.3750, 489.9062, 56.5953,  -14.1835, 489.4854, 56.5953, 160, 160, 160
L -14.1835, 489.4854, 56.5953,  -0.3750, 489.4375, 56.5953, 160, 160, 160
L -0.3750, 489.4375, 56.5953,  -0.3750, 475.9277, 56.5953, 160, 160, 160
L -0.3750, 475.9277, 56.5953,  0.6910, 475.4375, 56.5953, 160, 160, 160
L 0.6910, 475.4375, 56.5953,  23.6250, 475.4375, 56.5953, 160, 160, 160
L 23.6250, 475.4375, 56.5953,  23.6250, 473.8224, 56.5953, 160, 160, 160
L 23.6250, 473.8224, 56.5953,  23.8176, 473.4846, 56.5953, 160, 160, 160
L 23.8176, 473.4846, 56.5953,  25.9718, 473.4375, 56.5953, 160, 160, 160
L 25.9718, 473.4375, 56.5953,  26.3707, 473.8159, 56.5953, 160, 160, 160
L 26.3707, 473.8159, 56.5953,  26.3723, 475.4375, 56.5953, 160, 160, 160
L 26.3723, 475.4375, 56.5953,  28.3200, 475.4388, 56.5953, 160, 160, 160
L 28.3200, 475.4388, 56.5953,  28.4412, 475.8534, 56.5953, 160, 160, 160
L 28.4412, 475.8534, 56.5953,  28.3750, 489.4375, 56.5953, 160, 160, 160
L 28.3750, 489.4375, 56.5953,  41.8391, 489.4375, 56.5953, 160, 160, 160
L 41.8391, 489.4375, 56.5953,  42.2811, 489.6050, 56.5953, 160, 160, 160
L 42.2811, 489.6050, 56.5953,  42.3436, 491.4375, 56.5953, 160, 160, 160
L 42.3436, 491.4375, 56.5953,  43.9968, 491.4384, 56.5953, 160, 160, 160
L 43.9968, 491.4384, 56.5953,  44.3436, 491.9603, 56.5953, 160, 160, 160
L 44.3436, 491.9603, 56.5953,  44.2989, 493.9900, 56.5953, 160, 160, 160
L 44.2989, 493.9900, 56.5953,  44.9640, 494.1650, 56.5951, 160, 160, 160
L 44.9640, 494.1650, 56.5951,  42.3436, 494.1875, 56.5951, 160, 160, 160
L 42.3436, 494.1875, 56.5951,  42.3436, 517.4062, 56.5951, 160, 160, 160
L 42.3436, 517.4062, 56.5951,  209.5312, 517.4062, 56.5951, 160, 160, 160
L 209.5312, 517.4062, 56.5951,  209.5312, 494.1875, 56.5951, 160, 160, 160
L 209.5312, 494.1875, 56.5951,  207.9008, 494.1874, 56.5951, 160, 160, 160
L 207.9008, 494.1874, 56.5951,  207.5312, 493.7803, 56.5951, 160, 160, 160
L 207.5312, 493.7803, 56.5951,  207.5466, 491.7058, 56.5951, 160, 160, 160
L 207.5466, 491.7058, 56.5951,  207.9884, 491.4375, 56.5951, 160, 160, 160
L 207.9884, 491.4375, 56.5951,  209.5312, 491.4375, 56.5953, 160, 160, 160
L 209.5312, 491.4375, 56.5953,  209.5312, 489.8482, 56.5953, 160, 160, 160
L 209.5312, 489.8482, 56.5953,  210.4340, 489.4375, 56.5953, 160, 160, 160
L 210.4340, 489.4375, 56.5953,  223.5312, 489.4375, 56.5953, 160, 160, 160
L 223.5312, 489.4375, 56.5953,  223.5312, 475.9298, 56.5953, 160, 160, 160
L 223.5312, 475.9298, 56.5953,  223.6228, 475.5668, 56.5953, 160, 160, 160
L 223.6228, 475.5668, 56.5953,  225.5312, 475.4375, 56.5953, 160, 160, 160
L 225.5312, 475.4375, 56.5953,  225.5312, 473.8503, 56.5953, 160, 160, 160
L 225.5312, 473.8503, 56.5953,  226.5260, 473.4375, 56.5953, 160, 160, 160
L 226.5260, 473.4375, 56.5953,  227.7676, 473.4375, 56.5953, 160, 160, 160
L 226.1201, 473.4375, 56.5953,  227.8473, 473.4375, 56.5953, 160, 160, 160
L 227.8473, 473.4375, 56.5953,  228.2812, 474.2910, 56.5953, 160, 160, 160
L 228.2812, 474.2910, 56.5953,  228.2812, 475.4375, 56.5953, 160, 160, 160
L 228.2812, 475.4375, 56.5953,  235.9952, 475.4375, 56.5953, 160, 160, 160
L 195.8449, -1052.2238, 56.5947,  196.9275, -1052.2190, 56.5947, 160, 160, 160
L 196.9275, -1052.2190, 56.5947,  197.2812, -1052.7001, 56.5947, 160, 160, 160
L 197.2812, -1052.7001, 56.5947,  197.2812, -1061.1875, 56.5947, 160, 160, 160
L 197.2812, -1061.1875, 56.5947,  202.7090, -1061.1875, 56.5947, 160, 160, 160
L 202.7090, -1061.1875, 56.5947,  205.5312, -1058.5386, 63.3397, 160, 160, 160
L 205.5312, -1055.4834, 56.5947,  205.5312, -1058.5386, 56.5947, 160, 160, 160
L 205.5312, -1056.4375, 56.5947,  205.5312, -1052.6089, 56.5947, 160, 160, 160
L 205.5312, -1052.6089, 56.5947,  205.9944, -1052.2184, 56.5947, 160, 160, 160
L 205.9944, -1052.2184, 56.5947,  206.7055, -1052.2188, 56.5947, 160, 160, 160
L 206.7055, -1052.2188, 56.5947,  208.7674, -1049.7007, 56.3220, 160, 160, 160
L 208.7674, -1049.7007, 56.7787,  208.5312, -1035.6730, 56.5947, 160, 160, 160
L 208.5312, -1035.6730, 56.5947,  205.7392, -1029.3914, 56.5947, 160, 160, 160
L 205.7392, -1029.3914, 56.5947,  204.6493, -1029.2150, 56.5947, 160, 160, 160
L 204.6493, -1029.2150, 56.5947,  203.8779, -1028.6211, 56.5947, 160, 160, 160
L 203.8779, -1028.6211, 56.5947,  202.4686, -1027.3318, 56.5947, 160, 160, 160
L 202.4686, -1027.3318, 56.5947,  202.6286, -1025.9917, 56.5947, 160, 160, 160
L 202.6286, -1025.9917, 56.5947,  195.8265, -1022.9686, 56.5947, 160, 160, 160
L 195.8265, -1022.9686, 56.5947,  182.1720, -1022.9687, 56.5947, 160, 160, 160
L 182.1720, -1022.9687, 56.5947,  174.9533, -1026.1078, 56.5947, 160, 160, 160
L 174.9533, -1026.1078, 56.5947,  174.9952, -1026.5313, 56.5947, 160, 160, 160
L 174.9952, -1026.5313, 56.5947,  174.5995, -1027.1740, 56.5947, 160, 160, 160
L 174.5995, -1027.1740, 56.5947,  173.5679, -1028.4290, 56.5947, 160, 160, 160
L 173.5679, -1028.4290, 56.5947,  172.8557, -1029.6680, 56.5947, 160, 160, 160
L 172.8557, -1029.6680, 56.5947,  172.2469, -1029.7068, 56.5947, 160, 160, 160
L 172.2469, -1029.7068, 56.5947,  169.3125, -1035.6731, 56.5947, 160, 160, 160
L 169.3125, -1035.6731, 56.5947,  169.3123, -1049.4800, 56.5947, 160, 160, 160
L 169.3123, -1049.4800, 56.5947,  171.1379, -1052.2188, 56.5947, 160, 160, 160
L 171.1379, -1052.2188, 56.5947,  171.7701, -1052.2188, 56.5947, 160, 160, 160
L 171.7701, -1052.2188, 56.5947,  172.3089, -1052.5424, 56.5947, 160, 160, 160
L 172.3089, -1052.5424, 56.5947,  172.3125, -1057.5115, 56.5947, 160, 160, 160
L 172.3125, -1057.5115, 56.5947,  173.7685, -1058.1128, 56.5947, 160, 160, 160
L 173.7685, -1058.1128, 56.5947,  174.2084, -1058.3921, 56.5947, 160, 160, 160
L 174.2084, -1058.3921, 56.5947,  175.2305, -1061.1875, 56.5947, 160, 160, 160
L 175.2305, -1061.1875, 56.5947,  180.5625, -1061.1875, 56.5947, 160, 160, 160
L 180.5625, -1061.1875, 56.5947,  180.5637, -1052.5630, 56.5962, 160, 160, 160
L 180.5637, -1052.5630, 56.5962,  180.9978, -1052.2188, 56.5962, 160, 160, 160
L 180.9978, -1052.2188, 56.5962,  196.7740, -1052.2188, 56.5962, 160, 160, 160
L 208.5312, -1041.5956, 70.5947,  208.5312, -1035.6731, 70.5947, 160, 160, 160
L 208.5312, -1035.6731, 70.5947,  205.7392, -1029.3914, 70.5947, 160, 160, 160
L 205.7392, -1029.3914, 70.5947,  204.6745, -1029.2190, 70.5947, 160, 160, 160
L 204.6745, -1029.2190, 70.5947,  203.7733, -1028.6714, 70.5947, 160, 160, 160
L 203.7733, -1028.6714, 70.5947,  202.8721, -1027.2317, 70.5947, 160, 160, 160
L 202.8721, -1027.2317, 70.5947,  202.5652, -1026.3838, 70.5947, 160, 160, 160
L 202.5652, -1026.3838, 70.5947,  202.6286, -1025.9917, 70.5947, 160, 160, 160
L 202.6286, -1025.9917, 70.5947,  195.8280, -1022.9692, 70.5947, 160, 160, 160
L 195.8280, -1022.9692, 70.5947,  195.5238, -1022.5881, 70.5947, 160, 160, 160
L 195.5238, -1022.5881, 70.5947,  195.5312, -1021.6099, 70.5947, 160, 160, 160
L 195.5312, -1021.6099, 70.5947,  196.7060, -1021.2562, 70.5947, 160, 160, 160
L 196.7060, -1021.2562, 70.5947,  202.9198, -1024.1913, 70.5947, 160, 160, 160
L 202.9198, -1024.1913, 70.5947,  203.7840, -1023.7151, 70.5947, 160, 160, 160
L 203.7840, -1023.7151, 70.5947,  203.5289, -1023.3857, 70.5947, 160, 160, 160
L 203.5289, -1023.3857, 70.5947,  203.5312, -1016.7635, 70.5947, 160, 160, 160
L 203.5312, -1016.7635, 70.5947,  195.7658, -1009.9687, 70.5947, 160, 160, 160
L 195.7658, -1009.9687, 70.5947,  182.7780, -1009.9687, 70.5947, 160, 160, 160
L 182.7780, -1009.9687, 70.5947,  174.3125, -1016.7635, 70.5947, 160, 160, 160
L 174.3125, -1016.7635, 70.5947,  174.3125, -1023.3691, 70.5947, 160, 160, 160
L 174.3125, -1023.3691, 70.5947,  174.5773, -1023.5868, 70.5947, 160, 160, 160
L 174.5773, -1023.5868, 70.5947,  174.7657, -1024.2188, 70.5947, 160, 160, 160
L 174.7657, -1024.2188, 70.5947,  174.9613, -1024.1753, 70.5947, 160, 160, 160
L 174.9613, -1024.1753, 70.5947,  181.6591, -1021.3049, 70.5947, 160, 160, 160
L 181.6591, -1021.3049, 70.5947,  182.3125, -1021.6127, 70.5947, 160, 160, 160
L 182.3125, -1021.6127, 70.5947,  182.3125, -1022.4504, 70.5947, 160, 160, 160
L 182.3125, -1022.4504, 70.5947,  182.3480, -1022.9607, 70.5947, 160, 160, 160
L 182.3480, -1022.9607, 70.5947,  174.9533, -1026.1078, 70.5947, 160, 160, 160
L 174.9533, -1026.1078, 70.5947,  174.9729, -1026.3042, 70.5947, 160, 160, 160
L 174.9729, -1026.3042, 70.5947,  174.7327, -1027.1167, 70.5947, 160, 160, 160
L 174.7327, -1027.1167, 70.5947,  173.1650, -1029.8689, 70.5947, 160, 160, 160
L 173.1650, -1029.8689, 70.5947,  172.2469, -1029.7068, 70.5947, 160, 160, 160
L 172.2469, -1029.7068, 70.5947,  169.3125, -1035.6731, 70.5947, 160, 160, 160
L 169.3125, -1035.6731, 70.5947,  169.3123, -1049.4800, 70.5947, 160, 160, 160
L 169.3123, -1049.4800, 70.5947,  171.1380, -1052.2188, 70.5947, 160, 160, 160
L 171.1380, -1052.2188, 70.5947,  181.7543, -1052.2188, 70.5947, 160, 160, 160
L 181.7543, -1052.2188, 70.5947,  181.9619, -1035.5590, 70.5947, 160, 160, 160
L 181.9619, -1035.5590, 70.5947,  195.8623, -1035.5143, 70.6392, 160, 160, 160
L 195.8623, -1035.5143, 70.6392,  195.8126, -1052.2306, 70.9548, 160, 160, 160
L 195.8126, -1052.2306, 70.9548,  206.7055, -1052.2188, 70.9548, 160, 160, 160
L 206.7055, -1052.2188, 70.9548,  208.5312, -1049.4800, 70.9548, 160, 160, 160
L 208.5312, -1049.4800, 70.9548,  208.5312, -1035.6731, 70.9548, 160, 160, 160
L 440.5328, -433.5330, -9.2920,  433.5806, -447.4375, -10.8900, 160, 160, 160
L 433.5806, -447.4375, -10.8900,  414.2398, -447.6671, -12.4231, 160, 160, 160
L 414.2398, -447.6671, -12.4231,  416.2058, -431.9381, -11.3950, 160, 160, 160
L 416.2058, -431.9381, -11.3950,  415.8048, -431.3901, -11.2660, 160, 160, 160
L 415.8048, -431.3901, -11.2660,  392.2187, -421.5933, -12.2551, 160, 160, 160
L 413.7046, -448.1875, -12.3902,  405.9653, -448.1875, -13.3575, 160, 160, 160
L 405.9653, -448.1875, -13.3575,  405.7454, -465.4506, -13.5100, 160, 160, 160
L 405.7454, -465.4506, -13.5100,  415.7683, -465.4375, -12.1321, 160, 160, 160
L 415.7683, -465.4375, -12.1321,  416.2187, -465.8410, -12.7110, 160, 160, 160
L 416.2187, -465.8410, -12.7110,  416.2187, -475.4375, -12.7110, 160, 160, 160
L 416.2187, -475.4375, -12.7110,  433.4375, -475.4375, -9.9197, 160, 160, 160
L 433.4375, -475.4375, -9.9197,  433.4375, -447.9203, -9.9183, 160, 160, 160
L 433.4375, -447.9203, -9.9183,  433.5921, -447.4146, -9.9183, 160, 160, 160
L 433.5921, -447.4146, -9.9183,  437.6501, -439.2988, -9.8015, 160, 160, 160
L 452.7724, -1177.5226, -1.9365,  606.1248, -1177.1592, 0.6260, 160, 160, 160
L 436.3640, -1347.8434, 0.6260,  435.4375, -1347.2902, 0.6260, 160, 160, 160
L 435.4375, -1347.2902, 0.6260,  435.4374, -1194.3162, 0.6260, 160, 160, 160
L 396.2187, -1197.5392, 0.6260,  396.2187, -1377.6250, 0.6260, 160, 160, 160
L 635.3750, -1137.9059, 0.6260,  455.4375, -1137.9059, 0.6260, 160, 160, 160
L 294.5720, -1019.2187, -27.3739,  295.6999, -1019.2187, -27.3739, 160, 160, 160
L 295.6999, -1019.2187, -27.3739,  296.2443, -1019.5284, -27.3739, 160, 160, 160
L 296.2443, -1019.5284, -27.3739,  296.2500, -1021.2187, -27.3739, 160, 160, 160
L 296.2500, -1021.2187, -27.3739,  307.7817, -1021.2187, -27.3739, 160, 160, 160
L 307.7817, -1021.2187, -27.3739,  308.2500, -1021.7527, -27.3739, 160, 160, 160
L 308.2500, -1021.7527, -27.3739,  308.2500, -1063.4734, -27.3739, 160, 160, 160
L 308.2500, -1063.4734, -27.3739,  307.8756, -1063.9374, -27.3739, 160, 160, 160
L 307.8756, -1063.9374, -27.3739,  279.9596, -1063.9374, -27.3739, 160, 160, 160
L 279.9596, -1063.9374, -27.3739,  279.5000, -1063.5160, -27.3739, 160, 160, 160
L 279.5000, -1063.5160, -27.3739,  279.5000, -1037.9684, -27.3739, 160, 160, 160
L 279.5000, -1037.9684, -27.3739,  277.9146, -1037.9684, -27.3739, 160, 160, 160
L 277.9146, -1037.9684, -27.3739,  277.6229, -1037.8711, -27.3739, 160, 160, 160
L 277.6229, -1037.8711, -27.3739,  277.5000, -1035.7510, -27.3739, 160, 160, 160
L 277.5000, -1035.7510, -27.3739,  277.9716, -1035.2188, -27.3739, 160, 160, 160
L 277.9716, -1035.2188, -27.3739,  279.5000, -1035.2188, -27.3739, 160, 160, 160
L 279.5000, -1035.2188, -27.3739,  279.5000, -1033.6812, -27.3739, 160, 160, 160
L 279.5000, -1033.6812, -27.3739,  279.7984, -1033.2123, -27.3739, 160, 160, 160
L 279.7984, -1033.2123, -27.3739,  287.5955, -1029.3141, -27.3739, 160, 160, 160
L 287.5955, -1029.3141, -27.3739,  291.4397, -1021.6254, -27.3739, 160, 160, 160
L 291.4397, -1021.6254, -27.3739,  291.7812, -1021.2305, -27.3739, 160, 160, 160
L 291.7812, -1021.2305, -27.3739,  293.5000, -1021.2187, -27.3739, 160, 160, 160
L 293.5000, -1021.2187, -27.3739,  293.5000, -1019.7001, -27.3739, 160, 160, 160
L 293.5000, -1019.7001, -27.3739,  293.9248, -1019.2187, -27.3739, 160, 160, 160
L 293.9248, -1019.2187, -27.3739,  293.9553, -1019.2187, -27.3739, 160, 160, 160
L -293.3829, 42.7500, 0.1000,  -293.3942, 55.5929, 0.1000, 160, 160, 160
L 635.3125, -1137.9667, 0.6260,  605.6789, -1177.9380, 0.6260, 160, 160, 160
L -308.2500, 28.1559, 0.6260,  -293.3836, 42.9515, 0.6260, 160, 160, 160
L -294.2640, 42.3119, 0.6260,  -293.6286, 42.2528, 0.6260, 160, 160, 160
L -293.3829, 42.7500, 0.6260,  -279.5000, 28.1555, 0.6260, 160, 160, 160
P 444.8118, 261.3371, 0.1000, 204, 0, 204, 3, to_Swamp_of_No_Hope
P 641.2230, 73.6603, 0.1000, 204, 0, 204, 3, to_Swamp_of_No_Hope
P -286.7510, 69.2839, 1.9000, 204, 0, 204, 3, to_Western_Cabilis
P 414.9793, -1355.2511, 0.1000, 204, 0, 204, 3, to_Field_of_Bone
P 610.1489, -1164.6454, 0.1000, 204, 0, 204, 3, to_Field_of_Bone
P 360.0000, -792.0000, 14.9000, 255, 255, 255, 3, Priest_of_Discord
P 219.5, -1025.5, 0, 255, 255, 0, 2, Arch_Duke_Xog
P 96.0, -876.0, 0, 255, 255, 0, 2, Clerk_Doval
P 419, -1155, 0, 255, 255, 0, 2, Crusader_Cotat
P -17, -176, 0, 255, 255, 0, 2, Crusader_Daehod
P 412, -555, 0, 255, 255, 0, 2, Crusader_Golia
P 49, 509, 0, 255, 255, 0, 2, Crusader_Hitol
P 97, -942, 0, 255, 255, 0, 2, Crusader_Olos
P 239, -348, 0, 255, 255, 0, 2, Crusader_Reidak
P 334, -310, 0, 255, 255, 0, 2, Crusader_Wonku
P 34, 437, 0, 255, 255, 0, 2, Crusader_Zixo
P 124, 248, 0, 255, 255, 0, 2, Drill_Master_Dal
P 317, 425, 0, 255, 255, 0, 2, Drill_Master_Kyg
P -30, 455, 0, 255, 255, 0, 2, Drill_Master_Vygan
P 223, -1055, 0, 255, 255, 0, 2, Elder_Patriarch_Ixthal
P 403, -749, 0, 255, 255, 0, 2, Exterminator_Sahizz
P 286, -976, 0, 255, 255, 0, 2, Fireworks_Engineer_Fabdabus
P 5, -656, 0, 255, 255, 0, 2, Frizazz
P 401, -602, 0, 255, 255, 0, 2, Gondola
P 30, -420, 0, 255, 255, 0, 2, Grand_Master_Glox
P 52.0, -876.0, 0, 255, 255, 0, 2, Grype
P 355, -385, 0, 255, 255, 0, 2, Haggle_Baron_Klok
P 239, -418, 0, 255, 255, 0, 2, Half_Elf_Maiden
P 287, -938, 0, 255, 255, 0, 2, Hargar_the_Velium_Chef
P 47, -1081, 0, 255, 255, 0, 2, Hierophant_Dexl
P 195, -783, 0, 255, 255, 0, 2, Hierophant_Granix
P 197.0, -1058.0, 0, 255, 255, 0, 2, Hierophant_Oxyn
P 47, -975, 0, 255, 255, 0, 2, Hierophant_Vjen
P 216.5, -1049.5, 0, 255, 255, 0, 2, Hierophant_Zand
P 436, -1039, 0, 255, 255, 0, 2, Himart_Kichith
P 23, -650, 0, 255, 255, 0, 2, Jozter
P 175.5, -1025.5, 0, 255, 255, 0, 2, Librarian_Zimor
P 165, -1034, 0, 255, 255, 0, 2, Lord_Gikzic
P 153.0, -1058.0, 0, 255, 255, 0, 2, Lord_Korzin
P 151, -1005, 0, 255, 255, 0, 2, Lord_Qyzar
P 51, -285, 0, 255, 255, 0, 2, Master_Bain
P 212, -1121, 0, 255, 255, 0, 2, Master_Glox
P -37, -458, 0, 255, 255, 0, 2, Master_Niska
P -122, -387, 0, 255, 255, 0, 2, Master_Raska
P 360, -792, 0, 255, 255, 0, 2, Priest_of_Discord
P 172.5, -1049.5, 0, 255, 255, 0, 2, Prime_Hierophant_Vek
P 330, -925, 0, 255, 255, 0, 2, Santug_Claugg
P 257, -1013, 0, 255, 255, 0, 2, Sarth_Scarscale
P 367, -834, 0, 255, 255, 0, 2, Shezlie_Furscale
P 274, -999, 0, 255, 255, 0, 2, Sirtha_Scarscale
P 27, -720, 0, 255, 255, 0, 2, Soulbinder_Shakar
P -37, -677, 0, 255, 255, 0, 2, Trooper_Azalin
P 428, -1211, 0, 255, 255, 0, 2, Trooper_Begzei
P 470, -1143, 0, 255, 255, 0, 2, Trooper_Byzin
P 289, -22, 0, 255, 255, 0, 2, Trooper_Feglesh
P 88, 227, 0, 255, 255, 0, 2, Trooper_Fryp
P 472, -1169, 0, 255, 255, 0, 2, Trooper_Googin
P 147.3, 651.7, 0, 255, 255, 0, 2, Trooper_Iggmin
P 471.0, 78.5, 0, 255, 255, 0, 2, Trooper_Ishlin
P 427.0, 78.5, 0, 255, 255, 0, 2, Trooper_Keplar
P 114.3, 670.7, 0, 255, 255, 0, 2, Trooper_Nagraz
P 480, 103, 0, 255, 255, 0, 2, Trooper_Nishnish
P 288, 11, 0, 255, 255, 0, 2, Trooper_Rofylin
P 399, -1213, 0, 255, 255, 0, 2, Trooper_Shestar
P -75, -674, 0, 255, 255, 0, 2, Trooper_Zishrin
P 833, -532, 0, 255, 128, 0, 2, Vessel_Drozlin
P 114.3, 632.6, 0, 255, 255, 0, 2, War_Baron_Eator
P 268, -259, 0, 255, 255, 0, 2, Zauz_Malgorne
P 332, -826, 0, 255, 255, 0, 2, Zazlan_Furscale
P 191, -1067, 0, 255, 255, 0, 2, betabstgmspawner
P 346, 801, 0, 0, 200, 255, 1, Spiken's_Maps_-_github.com/spik3n/EQL_Map_pack
P 205, -1059, 0, 255, 255, 0, 2, Prime_Patriarch_Vuzx
