L -4020.3018, -2931.2588, -56.2479,  -4083.2720, -2929.7261, -56.2479, 160, 160, 160
L -4083.2720, -2929.7261, -56.2479,  -4082.9097, -2914.9878, -56.2479, 160, 160, 160
L -4082.1211, -2883.3848, -56.2479,  -4081.7288, -2866.7737, -56.2479, 160, 160, 160
L -4081.7288, -2866.7737, -56.2479,  -4068.3140, -2867.7898, -56.2479, 160, 160, 160
L -4032.8650, -2867.9573, -56.2479,  -4018.7725, -2868.3064, -56.2479, 160, 160, 160
L -4018.7725, -2868.3064, -56.2479,  -4019.1597, -2884.6265, -56.2479, 160, 160, 160
L -4019.8262, -2911.4712, -56.2479,  -4020.3018, -2931.2588, -56.2479, 160, 160, 160
L 2268.3958, 1019.7100, -340.9006,  2263.9871, 1023.6422, -340.9259, 160, 160, 160
L 2277.4080, 1009.6262, -340.9295,  2284.1189, 1003.8262, -341.1120, 160, 160, 160
L 2273.4424, 1009.5281, -340.8990,  2277.4080, 1009.6262, -340.8990, 160, 160, 160
L 2268.3958, 1019.7100, -340.8990,  2268.3372, 1013.4122, -340.8990, 160, 160, 160
L 2250.1033, 1004.6055, -340.8317,  2263.1167, 1017.6168, -340.8281, 160, 160, 160
L 2264.2615, 990.4543, -340.8360,  2250.1033, 1004.6055, -340.8530, 160, 160, 160
L 2277.2725, 1003.4607, -340.8987,  2264.2615, 990.4543, -340.8881, 160, 160, 160
L 2437.3992, 938.2178, -343.5908,  2437.3899, 921.3033, -343.5561, 160, 160, 160
L 2463.3367, 919.7299, -343.5937,  2464.4695, 938.9109, -343.5760, 160, 160, 160
L 2484.4341, 936.8678, -343.4918,  2483.3230, 918.4933, -343.5301, 160, 160, 160
L 2464.4695, 938.9109, -343.5321,  2484.4341, 936.8678, -343.5398, 160, 160, 160
L 2417.3721, 939.7047, -343.5876,  2435.3333, 939.6960, -343.5516, 160, 160, 160
L 2417.3594, 921.3052, -343.5912,  2417.3721, 939.7047, -343.5579, 160, 160, 160
L 2437.3899, 921.3033, -343.5391,  2417.3594, 921.3052, -343.5342, 160, 160, 160
L 2483.3230, 918.4933, -343.5937,  2463.3367, 919.7299, -343.5586, 160, 160, 160
L 2267.6111, 806.1462, -340.9184,  2267.7959, 799.9578, -340.7219, 160, 160, 160
L 2267.7959, 799.9578, -340.6931,  2272.6392, 795.2270, -340.6976, 160, 160, 160
L 2290.2383, 777.4052, -340.6954,  2286.1282, 781.6136, -340.6976, 160, 160, 160
L 2296.7842, 777.4878, -340.9110,  2290.2383, 777.4052, -340.7013, 160, 160, 160
L 2296.9275, 806.2482, -342.1601,  2296.7842, 777.4878, -341.7420, 160, 160, 160
L 2267.6111, 806.1462, -341.1100,  2296.9275, 806.2482, -342.1609, 160, 160, 160
L 2272.7405, 781.7527, -340.2676,  2272.5916, 801.6381, -340.6709, 160, 160, 160
L 2291.1558, 781.5627, -340.6974,  2272.7405, 781.7527, -340.1610, 160, 160, 160
L 2291.1487, 801.6238, -340.6329,  2291.1558, 781.5627, -340.6349, 160, 160, 160
L 2272.5916, 801.6381, -340.6974,  2291.1487, 801.6238, -340.6533, 160, 160, 160
L 2161.7815, 903.1471, -343.5899,  2172.5640, 918.5110, -343.5658, 160, 160, 160
L 2178.1001, 891.4275, -343.4931,  2161.7815, 903.1471, -343.5179, 160, 160, 160
L 2188.7747, 906.3315, -343.4952,  2178.1001, 891.4275, -343.5115, 160, 160, 160
L 2172.5640, 918.5110, -343.5722,  2188.7747, 906.3315, -343.5622, 160, 160, 160
L 2148.4766, 990.1902, -343.5822,  2168.4871, 990.1725, -343.5188, 160, 160, 160
L 2148.4751, 971.7870, -343.5013,  2148.4766, 990.1902, -343.4977, 160, 160, 160
L 2168.4834, 971.7811, -343.5783,  2148.4751, 971.7870, -343.5607, 160, 160, 160
L 2168.4871, 990.1725, -343.5749,  2168.4834, 971.7811, -343.5615, 160, 160, 160
L 2223.8926, 1045.2820, -342.9918,  2209.8875, 1027.7815, -343.3104, 160, 160, 160
L 2223.8926, 1045.2820, -342.3095,  2217.7786, 1046.9065, -342.3407, 160, 160, 160
L 2208.5811, 1059.9170, -342.3183,  2208.5789, 1064.9021, -342.3444, 160, 160, 160
L 2193.5647, 1046.2953, -342.3600,  2206.9961, 1061.9469, -342.3419, 160, 160, 160
L 2207.9297, 1034.7892, -342.3602,  2193.5647, 1046.2953, -342.3349, 160, 160, 160
L 2220.3042, 1050.2697, -342.2601,  2207.9297, 1034.7892, -342.2939, 160, 160, 160
L 2206.9961, 1061.9469, -342.2504,  2220.3042, 1050.2697, -341.6086, 160, 160, 160
L 2205.3777, 1068.7726, -342.8439,  2208.5789, 1064.9021, -342.3654, 160, 160, 160
L 2186.9341, 1046.1521, -343.8426,  2205.3777, 1068.7726, -343.4094, 160, 160, 160
L 2209.8875, 1027.7815, -343.5919,  2186.9341, 1046.1521, -343.8426, 160, 160, 160
L 2263.3511, 983.1080, -341.9107,  2242.9031, 1003.4583, -341.8174, 160, 160, 160
L 2284.1189, 1003.8262, -341.4252,  2263.3511, 983.1080, -341.8700, 160, 160, 160
L 2242.9031, 1003.4583, -341.9682,  2263.9871, 1023.6422, -340.8990, 160, 160, 160
L 2263.1167, 1017.6168, -340.8826,  2277.2725, 1003.4607, -340.8822, 160, 160, 160
L 2469.5640, 897.7584, -343.8426,  2469.5564, 880.3206, -343.8426, 160, 160, 160
L 2415.5474, 898.7110, -343.8426,  2469.5640, 897.7584, -343.8426, 160, 160, 160
L 2415.5486, 880.3329, -343.8426,  2415.5474, 898.7110, -343.8426, 160, 160, 160
L 2411.3450, 880.3329, -343.8426,  2415.5486, 880.3329, -343.8426, 160, 160, 160
L 2411.3455, 898.9540, -343.8426,  2411.3450, 880.3329, -343.8426, 160, 160, 160
L 2410.7068, 898.1005, -343.8426,  2411.3455, 898.9540, -343.8426, 160, 160, 160
L 2376.3230, 938.9106, -343.8410,  2410.7068, 898.1005, -343.8426, 160, 160, 160
L 2366.2107, 938.8946, -343.8426,  2376.3230, 938.9106, -343.8410, 160, 160, 160
L 2366.2107, 941.3889, -343.8426,  2366.2107, 938.8946, -343.8426, 160, 160, 160
L 2377.4607, 941.4053, -343.8263,  2366.2107, 941.3889, -343.8274, 160, 160, 160
L 2412.2017, 900.9343, -343.8426,  2377.4607, 941.4053, -343.8426, 160, 160, 160
L 2472.3997, 900.9520, -343.8426,  2412.2017, 900.9343, -343.8426, 160, 160, 160
L 2472.4004, 880.3206, -343.8426,  2472.3997, 900.9520, -343.8426, 160, 160, 160
L 2469.5564, 880.3206, -343.8426,  2472.4004, 880.3206, -343.8426, 160, 160, 160
L 2346.8350, 804.1511, -342.2407,  2346.8350, 802.2119, -342.1657, 160, 160, 160
L 2337.8660, 804.9116, -342.2851,  2346.8350, 804.8242, -342.2792, 160, 160, 160
L 2301.8970, 843.6479, -343.8426,  2337.8660, 804.9116, -342.2851, 160, 160, 160
L 2300.4939, 843.6400, -343.8426,  2301.8970, 843.6479, -343.8426, 160, 160, 160
L 2300.4939, 860.4690, -343.8426,  2300.4939, 843.6400, -343.8426, 160, 160, 160
L 2296.2981, 860.4691, -343.8426,  2300.4939, 860.4690, -343.8426, 160, 160, 160
L 2296.2986, 843.6154, -343.8426,  2296.2981, 860.4691, -343.8426, 160, 160, 160
L 2243.8008, 843.2972, -343.8426,  2296.2986, 843.6154, -343.8426, 160, 160, 160
L 2243.7969, 860.9456, -343.8426,  2243.8008, 843.2972, -343.8426, 160, 160, 160
L 2240.6968, 860.9456, -343.8426,  2243.7969, 860.9456, -343.8426, 160, 160, 160
L 2240.6973, 840.3268, -343.8426,  2240.6968, 860.9456, -343.8426, 160, 160, 160
L 2300.8721, 840.3268, -343.8041,  2240.6973, 840.3268, -343.7654, 160, 160, 160
L 2336.4419, 801.3110, -342.1637,  2300.8721, 840.3268, -342.8874, 160, 160, 160
L 2346.8345, 801.3192, -342.1272,  2336.4419, 801.3110, -342.1340, 160, 160, 160
L 2346.8350, 804.8242, -342.2490,  2346.8345, 801.3192, -342.1535, 160, 160, 160
L 2366.2095, 801.3188, -342.1822,  2366.2100, 804.6420, -342.2379, 160, 160, 160
L 2377.3367, 801.3188, -342.1272,  2366.2095, 801.3188, -342.1272, 160, 160, 160
L 2389.4441, 814.8546, -342.6718,  2377.3367, 801.3188, -342.1628, 160, 160, 160
L 2391.3025, 809.2023, -342.4961,  2387.4202, 821.8600, -342.6718, 160, 160, 160
L 2403.4268, 806.6485, -342.3693,  2391.3025, 809.2023, -342.4499, 160, 160, 160
L 2411.7439, 815.8528, -342.7241,  2403.4268, 806.6485, -342.3754, 160, 160, 160
L 2407.9280, 827.7001, -343.2219,  2411.7439, 815.8528, -342.7635, 160, 160, 160
L 2395.7227, 830.2945, -343.3150,  2407.9280, 827.7001, -343.2644, 160, 160, 160
L 2412.2249, 840.3268, -343.8041,  2402.5071, 828.9493, -343.3150, 160, 160, 160
L 2472.4004, 840.3266, -343.8041,  2412.2249, 840.3268, -343.8041, 160, 160, 160
L 2472.3997, 860.9456, -343.8426,  2472.4004, 840.3266, -343.8426, 160, 160, 160
L 2469.5481, 860.9456, -343.8426,  2472.3997, 860.9456, -343.8426, 160, 160, 160
L 2469.5486, 844.4000, -343.8426,  2469.5481, 860.9456, -343.8426, 160, 160, 160
L 2415.5486, 843.6703, -343.8426,  2469.5486, 844.4000, -343.8426, 160, 160, 160
L 2415.5486, 860.9579, -343.8426,  2415.5486, 843.6703, -343.8426, 160, 160, 160
L 2411.3450, 860.9579, -343.8424,  2415.5486, 860.9579, -343.8424, 160, 160, 160
L 2411.3455, 843.1616, -343.8426,  2411.3450, 860.9579, -343.8426, 160, 160, 160
L 2398.8018, 829.6398, -343.3444,  2411.3455, 843.1616, -343.8426, 160, 160, 160
L 2387.4202, 821.8600, -342.9839,  2395.7227, 830.2945, -343.3655, 160, 160, 160
L 2375.5459, 804.5620, -342.2667,  2388.3003, 818.3146, -342.8573, 160, 160, 160
L 2366.2100, 804.6420, -342.2697,  2375.5459, 804.5620, -342.2667, 160, 160, 160
L 2319.5745, 876.5406, -343.8426,  2315.7815, 879.6534, -343.8426, 160, 160, 160
L 2308.6099, 863.1805, -343.8426,  2319.5745, 876.5406, -343.8426, 160, 160, 160
L 2349.7151, 829.8708, -343.3546,  2308.6099, 863.1805, -343.8426, 160, 160, 160
L 2360.4622, 842.9662, -343.8426,  2349.7151, 829.8708, -343.3546, 160, 160, 160
L 2362.6602, 841.1620, -343.8426,  2360.4622, 842.9662, -343.8426, 160, 160, 160
L 2349.5850, 825.2299, -343.1936,  2362.6602, 841.1620, -343.8050, 160, 160, 160
L 2303.7129, 863.4031, -343.8426,  2349.5850, 825.2299, -343.2420, 160, 160, 160
L 2251.3611, 855.3680, -343.8426,  2303.7129, 863.4031, -343.8426, 160, 160, 160
L 2242.7610, 862.4260, -343.8426,  2251.3611, 855.3680, -343.8426, 160, 160, 160
L 2244.8748, 865.1200, -343.8426,  2242.7610, 862.4260, -343.8426, 160, 160, 160
L 2252.2969, 859.5400, -343.8426,  2244.8748, 865.1200, -343.8426, 160, 160, 160
L 2304.7515, 866.2125, -343.8426,  2252.2969, 859.5400, -343.8426, 160, 160, 160
L 2315.7815, 879.6534, -343.8426,  2304.7515, 866.2125, -343.8426, 160, 160, 160
L 2337.8411, 962.4727, -342.1830,  2330.3311, 968.7772, -341.5889, 160, 160, 160
L 2338.1265, 941.3827, -343.8281,  2337.8411, 962.4727, -342.1830, 160, 160, 160
L 2338.1265, 941.3827, -343.8281,  2336.4148, 941.3813, -343.8281, 160, 160, 160
L 2300.8677, 900.9518, -343.8426,  2240.6968, 900.9518, -343.8426, 160, 160, 160
L 2300.8677, 900.9518, -343.8426,  2336.4148, 941.3813, -343.8426, 160, 160, 160
L 2240.6968, 880.3206, -343.8426,  2240.6968, 900.9518, -343.8426, 160, 160, 160
L 2243.7969, 880.3206, -343.8426,  2240.6968, 880.3206, -343.8426, 160, 160, 160
L 2243.8008, 898.8174, -343.8426,  2243.7969, 880.3206, -343.8426, 160, 160, 160
L 2296.2986, 898.5000, -343.8426,  2243.8008, 898.8174, -343.8426, 160, 160, 160
L 2296.2986, 879.8438, -343.8426,  2296.2986, 898.5000, -343.8426, 160, 160, 160
L 2300.4944, 879.8441, -343.8424,  2296.2986, 879.8438, -343.8426, 160, 160, 160
L 2300.4922, 898.4745, -343.8426,  2300.4944, 879.8441, -343.8426, 160, 160, 160
L 2301.8997, 898.4666, -343.8426,  2300.4922, 898.4745, -343.8426, 160, 160, 160
L 2337.4390, 938.6250, -343.8426,  2301.8997, 898.4666, -343.8426, 160, 160, 160
L 2338.1641, 938.6317, -343.8426,  2337.4390, 938.6250, -343.8426, 160, 160, 160
L 2338.5647, 909.2390, -343.8426,  2338.1641, 938.6317, -343.8426, 160, 160, 160
L 2339.3501, 908.3713, -343.8426,  2338.5647, 909.2390, -343.8426, 160, 160, 160
L 2328.8975, 894.6508, -343.8426,  2339.3501, 908.3713, -343.8426, 160, 160, 160
L 2331.8628, 891.5140, -343.8426,  2328.8975, 894.6508, -343.8426, 160, 160, 160
L 2343.1238, 905.2358, -343.8426,  2331.8628, 891.5140, -343.8426, 160, 160, 160
L 2383.8284, 871.4133, -343.8426,  2343.1238, 905.2358, -343.8426, 160, 160, 160
L 2372.7659, 857.9333, -343.8426,  2383.8284, 871.4133, -343.8426, 160, 160, 160
L 2374.9517, 856.1390, -343.8423,  2372.7659, 857.9333, -343.8426, 160, 160, 160
L 2388.4529, 872.9380, -343.8426,  2374.9517, 856.1390, -343.8426, 160, 160, 160
L 2341.5337, 910.2649, -343.8426,  2388.4529, 872.9380, -343.8426, 160, 160, 160
L 2340.8262, 938.6566, -343.8426,  2341.5337, 910.2649, -343.8426, 160, 160, 160
L 2346.8357, 938.7125, -343.8426,  2338.1641, 938.6317, -343.8426, 160, 160, 160
L 2346.8362, 941.3895, -343.8426,  2346.8357, 938.7125, -343.8424, 160, 160, 160
L 2338.1265, 941.3827, -343.8082,  2346.8362, 941.3895, -343.8276, 160, 160, 160
L 2340.2039, 963.6675, -342.6180,  2340.7588, 941.3849, -343.8082, 160, 160, 160
L 2331.6294, 970.7047, -341.3675,  2340.2039, 963.6675, -341.8349, 160, 160, 160
L 2330.3311, 968.7772, -341.4361,  2331.6294, 970.7047, -341.3279, 160, 160, 160
L 2253.5188, 979.2735, -342.1970,  2242.1541, 965.2560, -342.7411, 160, 160, 160
L 2253.5188, 979.2735, -342.1970,  2254.6724, 978.3151, -342.2343, 160, 160, 160
L 2307.6255, 986.8279, -341.5373,  2254.6724, 978.3151, -342.2217, 160, 160, 160
L 2314.9424, 980.9260, -341.4916,  2307.6255, 986.8279, -341.5373, 160, 160, 160
L 2316.6360, 982.9896, -341.3706,  2314.9424, 980.9260, -341.4572, 160, 160, 160
L 2308.5828, 989.5984, -341.3607,  2316.6360, 982.9896, -341.3292, 160, 160, 160
L 2255.4612, 980.9026, -342.1231,  2308.5828, 989.5984, -341.5468, 160, 160, 160
L 2208.9485, 1019.7480, -343.3960,  2255.4612, 980.9026, -342.1231, 160, 160, 160
L 2195.8594, 1003.1254, -343.8426,  2208.9485, 1019.7480, -343.5240, 160, 160, 160
L 2197.6897, 1001.6121, -343.8426,  2195.8594, 1003.1254, -343.8426, 160, 160, 160
L 2209.4253, 1015.9120, -343.4015,  2197.6897, 1001.6121, -343.8426, 160, 160, 160
L 2249.7454, 982.4089, -342.6130,  2209.4253, 1015.9120, -343.4015, 160, 160, 160
L 2238.2227, 968.3687, -342.6327,  2249.7454, 982.4089, -342.6130, 160, 160, 160
L 2242.1541, 965.2560, -342.7724,  2238.2227, 968.3687, -342.6931, 160, 160, 160
L 2229.7239, 950.2793, -343.4796,  2218.7361, 936.8903, -343.8426, 160, 160, 160
L 2225.9312, 953.3917, -343.3464,  2229.7239, 950.2793, -343.4141, 160, 160, 160
L 2214.9253, 939.9806, -343.8426,  2225.9312, 953.3917, -343.3544, 160, 160, 160
L 2174.2090, 973.7000, -343.8426,  2214.9253, 939.9806, -343.8426, 160, 160, 160
L 2185.3997, 986.6366, -343.8426,  2174.2090, 973.7000, -343.8426, 160, 160, 160
L 2183.5635, 988.1435, -343.8426,  2185.3997, 986.6366, -343.8426, 160, 160, 160
L 2170.4883, 972.2110, -343.5912,  2183.5635, 988.1435, -343.8426, 160, 160, 160
L 2217.4097, 934.3630, -343.8426,  2170.4883, 972.2110, -343.5912, 160, 160, 160
L 2216.9861, 934.5129, -343.8426,  2219.7417, 881.3174, -343.8426, 160, 160, 160
L 2227.7837, 874.7172, -343.8426,  2219.7417, 881.3174, -343.8426, 160, 160, 160
L 2230.1270, 877.4329, -343.8426,  2227.7837, 874.7172, -343.8426, 160, 160, 160
L 2222.5264, 883.6801, -343.8426,  2230.1270, 877.4329, -343.7167, 160, 160, 160
L 2219.8987, 935.9407, -343.8426,  2222.5264, 883.6801, -343.8426, 160, 160, 160
L 2218.7361, 936.8903, -343.8426,  2219.8987, 935.9407, -343.8426, 160, 160, 160
L -2519.8997, -1906.1957, -268.3147,  -2523.5481, -1906.1720, -268.3204, 160, 160, 160
L -2520.1038, -1889.9948, -268.3740,  -2519.8997, -1906.1957, -268.3929, 160, 160, 160
L -2514.8721, -1890.2327, -268.3756,  -2520.1038, -1889.9948, -268.3740, 160, 160, 160
L -2515.6189, -1880.4910, -268.3740,  -2514.8721, -1890.2327, -268.4098, 160, 160, 160
L -2520.1177, -1880.1260, -268.3740,  -2515.6189, -1880.4910, -268.3740, 160, 160, 160
L -2520.1165, -1846.6874, -268.3740,  -2520.1177, -1880.1260, -268.3740, 160, 160, 160
L -2520.3440, -1714.6869, -337.5040,  -2520.1399, -1848.4866, -271.4406, 160, 160, 160
L -2619.9397, -1860.1001, -268.3740,  -2619.9993, -1714.6874, -338.1222, 160, 160, 160
L -2999.9893, -1860.1841, -78.3743,  -2619.6875, -1860.1001, -262.9635, 160, 160, 160
L -3009.6487, -1892.6073, -80.6230,  -3038.7046, -1892.6073, -75.3453, 160, 160, 160
L -3008.5579, -1867.5225, -81.1140,  -3000.2571, -1867.2177, -81.3739, 160, 160, 160
L -3009.6487, -1892.6073, -81.8240,  -3009.6492, -1863.3472, -80.4983, 160, 160, 160
L -3009.4788, -1859.8119, -79.8580,  -3002.8816, -1859.5762, -82.6220, 160, 160, 160
L -3009.9241, -1863.2190, -79.2890,  -3010.2388, -1860.5524, -78.8337, 160, 160, 160
L -3037.9075, -1863.8219, -68.1115,  -3009.6492, -1863.3472, -72.6877, 160, 160, 160
L -3038.7046, -1892.6073, -70.2725,  -3037.9075, -1863.8219, -66.5207, 160, 160, 160
L -3009.6487, -1942.8350, -79.1954,  -3038.5552, -1942.8344, -74.3570, 160, 160, 160
L -3009.6482, -1913.4430, -81.3739,  -3009.6487, -1942.8350, -81.3739, 160, 160, 160
L -3038.5552, -1913.4430, -74.1582,  -3009.6482, -1913.4430, -80.9202, 160, 160, 160
L -3038.5552, -1942.8344, -73.8949,  -3038.5552, -1913.4430, -73.1912, 160, 160, 160
L -3061.8157, -1921.8617, -66.4617,  -3062.6570, -1942.7505, -66.5207, 160, 160, 160
L -3059.5364, -1915.6702, -66.4903,  -3061.8157, -1921.8617, -66.4617, 160, 160, 160
L -3059.5308, -1942.7023, -67.5546,  -3062.6570, -1942.7505, -66.7999, 160, 160, 160
L -3059.5364, -1915.6702, -67.9990,  -3059.5308, -1942.7023, -67.4449, 160, 160, 160
L -3082.1221, -1936.4700, -59.4260,  -3081.5972, -1921.4950, -57.8004, 160, 160, 160
L -3063.8887, -1937.6847, -65.3713,  -3082.1221, -1936.4700, -62.8720, 160, 160, 160
L -3063.9744, -1919.6703, -65.8135,  -3063.8887, -1937.6847, -66.5230, 160, 160, 160
L -3081.5972, -1921.4950, -60.2254,  -3063.9744, -1919.6703, -64.4830, 160, 160, 160
L -3077.1619, -1872.9469, -52.3074,  -3080.6460, -1877.9860, -52.1983, 160, 160, 160
L -3070.8135, -1872.4965, -54.4258,  -3077.1619, -1872.9469, -52.3132, 160, 160, 160
L -3067.4612, -1877.9679, -56.2815,  -3070.8135, -1872.4965, -54.6090, 160, 160, 160
L -3070.6470, -1883.4717, -56.2214,  -3067.4612, -1877.9679, -56.5523, 160, 160, 160
L -3076.9551, -1883.4329, -54.9598,  -3070.6470, -1883.4717, -56.1257, 160, 160, 160
L -3080.6460, -1877.9860, -52.3295,  -3076.9551, -1883.4329, -53.5375, 160, 160, 160
L -3125.3428, -1865.2356, -55.9365,  -3134.5000, -1865.2360, -55.9365, 160, 160, 160
L -3125.3416, -1853.3097, -55.5775,  -3125.3428, -1865.2356, -55.9365, 160, 160, 160
L -3134.4988, -1853.3107, -55.1358,  -3125.3416, -1853.3097, -55.1356, 160, 160, 160
L -3134.5000, -1865.2360, -55.9360,  -3134.4988, -1853.3107, -55.5170, 160, 160, 160
L -3142.8809, -1921.8499, -55.9365,  -3142.8816, -1933.7758, -55.9365, 160, 160, 160
L -3133.7249, -1921.8501, -55.9365,  -3142.8809, -1921.8499, -55.9365, 160, 160, 160
L -3133.7251, -1933.7754, -55.9354,  -3133.7249, -1921.8501, -55.9356, 160, 160, 160
L -3142.8816, -1933.7758, -55.9365,  -3133.7251, -1933.7754, -55.9365, 160, 160, 160
L -3176.7117, -1930.6880, -55.6311,  -3196.6956, -1931.2959, -55.6321, 160, 160, 160
L -3175.5850, -1948.4257, -55.6445,  -3176.7117, -1930.6880, -55.6480, 160, 160, 160
L -3195.5679, -1949.6509, -55.6321,  -3175.5850, -1948.4257, -55.6388, 160, 160, 160
L -3196.6956, -1931.2959, -55.6533,  -3195.5679, -1949.6509, -55.6535, 160, 160, 160
L -3205.1797, -1871.7107, -55.8641,  -3205.1890, -1853.3539, -55.8913, 160, 160, 160
L -3185.2549, -1871.7101, -55.8873,  -3205.1797, -1871.7107, -55.8887, 160, 160, 160
L -3185.2527, -1853.4706, -55.9164,  -3185.2549, -1871.7101, -55.9110, 160, 160, 160
L -3205.1890, -1853.3539, -55.9234,  -3185.2527, -1853.4706, -55.5767, 160, 160, 160
L -3286.8235, -1857.2771, -55.6118,  -3306.8367, -1857.2842, -55.6326, 160, 160, 160
L -3286.8279, -1838.8921, -55.6126,  -3286.8235, -1857.2771, -55.6227, 160, 160, 160
L -3306.8357, -1838.8915, -55.6120,  -3286.8279, -1838.8921, -55.6101, 160, 160, 160
L -3306.8367, -1857.2842, -55.6430,  -3306.8357, -1838.8915, -55.6422, 160, 160, 160
L -3306.3650, -1923.5868, -55.3530,  -3305.2715, -1941.2802, -55.4228, 160, 160, 160
L -3286.6409, -1921.7968, -55.8808,  -3306.3650, -1923.5868, -55.7289, 160, 160, 160
L -3285.5115, -1940.6580, -55.9341,  -3286.6409, -1921.7968, -55.9117, 160, 160, 160
L -3305.2715, -1941.2802, -55.9132,  -3285.5115, -1940.6580, -55.9125, 160, 160, 160
L -3421.3340, -1948.4159, -49.3492,  -3421.7156, -1928.9666, -50.5456, 160, 160, 160
L -3404.3406, -1947.8484, -48.6477,  -3421.3340, -1948.4159, -49.1970, 160, 160, 160
L -3403.9810, -1929.1603, -49.6086,  -3404.3406, -1947.8484, -48.6762, 160, 160, 160
L -3421.7156, -1928.9666, -50.5694,  -3403.9810, -1929.1603, -50.7540, 160, 160, 160
L -3430.3643, -1854.6370, -55.3342,  -3450.2493, -1857.8560, -55.3466, 160, 160, 160
L -3428.1226, -1872.8770, -55.3492,  -3430.3643, -1854.6370, -55.3669, 160, 160, 160
L -3447.9788, -1875.3047, -55.2445,  -3428.1226, -1872.8770, -55.3061, 160, 160, 160
L -3450.2493, -1857.8560, -55.4020,  -3447.9788, -1875.3047, -55.3372, 160, 160, 160
L -3441.2759, -1648.1366, -55.9365,  -3441.2759, -1644.7533, -55.9365, 160, 160, 160
L -3460.6509, -1644.7533, -55.9365,  -3460.6509, -1648.1364, -55.9365, 160, 160, 160
L -3330.6448, -1765.3798, -55.9365,  -3352.4551, -1765.3783, -55.9365, 160, 160, 160
L -3330.6448, -1745.3528, -55.9365,  -3330.6448, -1765.3798, -55.9365, 160, 160, 160
L -3334.2771, -1745.3528, -55.9365,  -3330.6448, -1745.3528, -55.9365, 160, 160, 160
L -3334.2771, -1762.6210, -55.9365,  -3334.2771, -1745.3528, -55.9365, 160, 160, 160
L -3352.4556, -1762.6205, -55.9365,  -3334.2771, -1762.6210, -55.9365, 160, 160, 160
L -3352.4551, -1765.3783, -55.9365,  -3352.4556, -1762.6205, -55.9363, 160, 160, 160
L -3441.2759, -1764.7427, -55.9363,  -3441.2759, -1762.9972, -55.9363, 160, 160, 160
L -3371.8301, -1765.3783, -55.9365,  -3438.3831, -1765.3787, -55.9365, 160, 160, 160
L -3371.8301, -1762.6205, -55.9365,  -3371.8301, -1765.3783, -55.9365, 160, 160, 160
L -3439.4607, -1762.6205, -55.9365,  -3371.8301, -1762.6205, -55.9365, 160, 160, 160
L -3423.6675, -1648.1366, -55.9365,  -3441.2759, -1648.1366, -55.9365, 160, 160, 160
L -3418.8860, -1676.8185, -55.9365,  -3423.6675, -1648.1366, -55.9365, 160, 160, 160
L -3394.9292, -1686.8849, -55.9365,  -3418.8860, -1676.8185, -55.9365, 160, 160, 160
L -3394.4507, -1707.6050, -55.9365,  -3394.9292, -1686.8849, -55.9365, 160, 160, 160
L -3334.2771, -1707.6050, -55.9365,  -3394.4507, -1707.6050, -55.9365, 160, 160, 160
L -3334.2747, -1725.9783, -55.9365,  -3334.2771, -1707.6050, -55.9365, 160, 160, 160
L -3330.6448, -1725.9783, -55.9365,  -3334.2747, -1725.9783, -55.9365, 160, 160, 160
L -3330.6448, -1704.7533, -55.9365,  -3330.6448, -1725.9783, -55.9365, 160, 160, 160
L -3390.6448, -1704.7533, -55.9365,  -3330.6448, -1704.7533, -55.9365, 160, 160, 160
L -3390.6443, -1684.8567, -55.9365,  -3390.6448, -1704.7533, -55.9365, 160, 160, 160
L -3415.9268, -1674.4607, -55.9365,  -3390.6443, -1684.8567, -55.9365, 160, 160, 160
L -3420.6902, -1644.7533, -55.9365,  -3415.9268, -1674.4607, -55.9365, 160, 160, 160
L -3441.2759, -1644.7533, -55.9365,  -3420.6902, -1644.7533, -55.9365, 160, 160, 160
L -3481.2698, -1644.7533, -55.9365,  -3460.6509, -1644.7533, -55.9365, 160, 160, 160
L -3481.2698, -1763.3416, -55.9365,  -3481.2698, -1644.7533, -55.9365, 160, 160, 160
L -3461.6199, -1765.3787, -55.9365,  -3478.6414, -1765.3787, -55.9365, 160, 160, 160
L -3460.6509, -1763.1626, -55.9365,  -3460.6814, -1765.2007, -55.9365, 160, 160, 160
L -3478.2439, -1762.6205, -55.9365,  -3464.5220, -1762.6205, -55.9365, 160, 160, 160
L -3477.2881, -1648.1366, -55.9365,  -3478.2439, -1762.6205, -55.9365, 160, 160, 160
L -3460.6509, -1648.1364, -55.9365,  -3477.2881, -1648.1366, -55.9365, 160, 160, 160
L -3430.7903, -1499.1154, -55.9365,  -3432.3357, -1492.6010, -55.9365, 160, 160, 160
L -3452.7510, -1539.6071, -55.9365,  -3430.7903, -1499.1154, -55.9365, 160, 160, 160
L -3452.1060, -1541.8384, -55.9365,  -3452.7510, -1539.6071, -55.9365, 160, 160, 160
L -3472.2029, -1546.3512, -55.9365,  -3452.1060, -1541.8384, -55.9365, 160, 160, 160
L -3470.8467, -1552.3887, -55.9365,  -3472.2029, -1546.3512, -55.9365, 160, 160, 160
L -3450.7063, -1547.8660, -55.9365,  -3470.8467, -1552.3887, -55.9365, 160, 160, 160
L -3440.1719, -1593.2306, -55.9365,  -3450.7063, -1547.8660, -55.9365, 160, 160, 160
L -3460.6426, -1597.8268, -55.9365,  -3440.1719, -1593.2306, -55.9365, 160, 160, 160
L -3459.6602, -1602.2028, -55.9363,  -3460.6426, -1597.8268, -55.9360, 160, 160, 160
L -3435.6321, -1596.6792, -55.9365,  -3459.6602, -1602.2028, -55.9365, 160, 160, 160
L -3447.9871, -1539.1261, -55.9365,  -3435.6321, -1596.6792, -55.9365, 160, 160, 160
L -3425.7349, -1501.1890, -55.9365,  -3447.9871, -1539.1261, -55.9365, 160, 160, 160
L -3427.8877, -1491.6023, -55.9365,  -3425.7349, -1501.1890, -55.9365, 160, 160, 160
L -3432.3357, -1492.6010, -55.9365,  -3427.8877, -1491.6023, -55.9365, 160, 160, 160
L -3438.5271, -1399.8611, -55.9365,  -3441.9468, -1400.6288, -55.9365, 160, 160, 160
L -3436.2422, -1410.6000, -55.9365,  -3438.5271, -1399.8611, -55.9365, 160, 160, 160
L -3465.8306, -1452.2759, -55.9365,  -3436.2422, -1410.6000, -55.9365, 160, 160, 160
L -3462.7808, -1469.8903, -55.9365,  -3465.8306, -1452.2759, -55.9365, 160, 160, 160
L -3434.2039, -1463.4733, -55.9365,  -3462.7808, -1469.8903, -55.9365, 160, 160, 160
L -3432.1331, -1472.6980, -55.9365,  -3434.2039, -1463.4733, -55.9365, 160, 160, 160
L -3436.7952, -1473.7433, -55.9365,  -3432.1331, -1472.6980, -55.9365, 160, 160, 160
L -3437.9883, -1468.6792, -55.9365,  -3436.7952, -1473.7433, -55.9365, 160, 160, 160
L -3461.8396, -1474.8196, -55.9365,  -3437.9883, -1468.6792, -55.9365, 160, 160, 160
L -3453.3313, -1511.9706, -55.9365,  -3461.8396, -1474.8196, -55.9365, 160, 160, 160
L -3473.4500, -1516.4850, -55.9365,  -3453.3313, -1511.9706, -55.9365, 160, 160, 160
L -3473.9722, -1514.1603, -55.9365,  -3473.4500, -1516.4850, -55.9365, 160, 160, 160
L -3456.7520, -1510.2935, -55.9365,  -3473.9722, -1514.1603, -55.9365, 160, 160, 160
L -3464.9495, -1474.7864, -55.9365,  -3456.7520, -1510.2935, -55.9365, 160, 160, 160
L -3487.1436, -1479.8135, -55.9365,  -3464.9495, -1474.7864, -55.9365, 160, 160, 160
L -3488.9561, -1475.5750, -55.9365,  -3487.1436, -1479.8135, -55.9363, 160, 160, 160
L -3465.9170, -1470.5945, -55.9365,  -3488.9561, -1475.5750, -55.9365, 160, 160, 160
L -3468.7234, -1458.4375, -55.9365,  -3465.9170, -1470.5945, -55.9365, 160, 160, 160
L -3485.1675, -1462.1299, -55.9365,  -3468.7234, -1458.4375, -55.9365, 160, 160, 160
L -3486.8638, -1458.3689, -55.9365,  -3485.1675, -1462.1299, -55.9365, 160, 160, 160
L -3469.6663, -1454.3495, -55.9365,  -3486.8638, -1458.3689, -55.9365, 160, 160, 160
L -3469.9810, -1452.9822, -55.9365,  -3469.6663, -1454.3495, -55.9365, 160, 160, 160
L -3439.8960, -1410.1603, -55.9365,  -3469.9810, -1452.9822, -55.9365, 160, 160, 160
L -3441.9468, -1400.6288, -55.9365,  -3439.8960, -1410.1603, -55.9365, 160, 160, 160
L -3572.9026, -1440.7168, -55.9365,  -3575.1946, -1430.5507, -55.9365, 160, 160, 160
L -3525.6675, -1466.5414, -55.9365,  -3572.9026, -1440.7168, -55.9365, 160, 160, 160
L -3521.9324, -1483.1731, -55.9365,  -3525.6675, -1466.5414, -55.9365, 160, 160, 160
L -3560.3218, -1491.7278, -55.9365,  -3521.9324, -1483.1731, -55.9365, 160, 160, 160
L -3551.4871, -1529.7804, -55.9365,  -3560.3218, -1491.7278, -55.9365, 160, 160, 160
L -3511.3091, -1554.3405, -55.9365,  -3551.4871, -1529.7804, -55.9365, 160, 160, 160
L -3498.4751, -1610.9192, -55.2436,  -3511.3091, -1554.3405, -55.9365, 160, 160, 160
L -3478.5645, -1606.4478, -55.9365,  -3498.4751, -1610.9192, -55.9365, 160, 160, 160
L -3479.5469, -1602.7240, -55.9365,  -3478.5645, -1606.4478, -55.9365, 160, 160, 160
L -3494.1851, -1605.3595, -55.9365,  -3479.5469, -1602.7240, -55.9365, 160, 160, 160
L -3504.5330, -1559.9529, -55.7847,  -3494.1851, -1605.3595, -55.9365, 160, 160, 160
L -3489.7510, -1556.6338, -55.9365,  -3504.5330, -1559.9529, -55.7847, 160, 160, 160
L -3491.1067, -1550.5967, -55.9365,  -3489.7510, -1556.6338, -55.9365, 160, 160, 160
L -3505.9080, -1553.9203, -55.9365,  -3491.1067, -1550.5967, -55.9365, 160, 160, 160
L -3506.1382, -1552.9080, -55.9365,  -3505.9080, -1553.9203, -55.9365, 160, 160, 160
L -3547.3821, -1527.5950, -55.9365,  -3506.1382, -1552.9080, -55.9365, 160, 160, 160
L -3554.6758, -1495.1133, -55.9365,  -3547.3821, -1527.5950, -55.9365, 160, 160, 160
L -3520.9661, -1487.4772, -55.9365,  -3554.6758, -1495.1133, -55.9365, 160, 160, 160
L -3512.4839, -1525.2505, -55.9365,  -3520.9661, -1487.4772, -55.9365, 160, 160, 160
L -3492.3538, -1520.7300, -55.9365,  -3512.4839, -1525.2505, -55.9365, 160, 160, 160
L -3492.8760, -1518.4054, -55.9365,  -3492.3538, -1520.7300, -55.9365, 160, 160, 160
L -3510.9236, -1522.4583, -55.9365,  -3492.8760, -1518.4054, -55.9365, 160, 160, 160
L -3518.6736, -1486.9574, -55.9365,  -3510.9236, -1522.4583, -55.9365, 160, 160, 160
L -3506.3960, -1484.9568, -55.9365,  -3518.6736, -1486.9574, -55.9365, 160, 160, 160
L -3506.9993, -1479.8196, -55.9365,  -3506.3960, -1484.9568, -55.9365, 160, 160, 160
L -3519.6133, -1482.6525, -55.9363,  -3506.9993, -1479.8196, -55.9365, 160, 160, 160
L -3522.2742, -1470.4629, -55.9365,  -3519.6133, -1482.6525, -55.9363, 160, 160, 160
L -3504.9690, -1466.3810, -55.9365,  -3522.2742, -1470.4629, -55.9365, 160, 160, 160
L -3504.9827, -1462.2802, -55.9365,  -3504.9690, -1466.3810, -55.9365, 160, 160, 160
L -3523.1685, -1466.3639, -55.9365,  -3504.9827, -1462.2802, -55.9365, 160, 160, 160
L -3523.4412, -1465.1187, -55.9365,  -3523.1685, -1466.3639, -55.9365, 160, 160, 160
L -3570.4385, -1439.1122, -55.9365,  -3524.3689, -1464.6769, -55.9365, 160, 160, 160
L -3572.5823, -1429.9639, -55.9365,  -3570.4385, -1439.1122, -55.9365, 160, 160, 160
L -3575.1946, -1430.5507, -55.9365,  -3572.5823, -1429.9639, -55.9365, 160, 160, 160
L -3493.4878, -1346.8689, -55.9365,  -3510.8511, -1349.9860, -55.9365, 160, 160, 160
L -3447.9822, -1372.5591, -55.9365,  -3493.4878, -1346.8689, -55.9365, 160, 160, 160
L -3446.1448, -1381.6847, -55.9365,  -3447.9822, -1372.5591, -55.9365, 160, 160, 160
L -3442.7725, -1380.9567, -55.9365,  -3446.1448, -1381.6847, -55.9365, 160, 160, 160
L -3445.2100, -1370.1012, -55.9365,  -3442.7725, -1380.9567, -55.9365, 160, 160, 160
L -3490.9148, -1344.6050, -55.9365,  -3445.2100, -1370.1012, -55.9365, 160, 160, 160
L -3504.9788, -1285.8942, -55.9365,  -3490.9148, -1344.6050, -55.9365, 160, 160, 160
L -3524.2161, -1290.4120, -55.9365,  -3504.9788, -1285.8942, -55.9365, 160, 160, 160
L -3523.5916, -1293.1941, -55.9365,  -3524.2161, -1290.4120, -55.9365, 160, 160, 160
L -3507.6189, -1289.4823, -55.9365,  -3523.5916, -1293.1941, -55.9365, 160, 160, 160
L -3494.9041, -1342.9706, -55.9365,  -3507.6189, -1289.4823, -55.9365, 160, 160, 160
L -3511.7720, -1345.8849, -55.9365,  -3494.9041, -1342.9706, -55.9365, 160, 160, 160
L -3510.8511, -1349.9860, -55.9363,  -3511.7720, -1345.8849, -55.9363, 160, 160, 160
L -3530.6980, -1350.1349, -55.9365,  -3529.7500, -1354.2295, -55.9365, 160, 160, 160
L -3547.9832, -1354.1630, -55.9365,  -3530.6980, -1350.1349, -55.9365, 160, 160, 160
L -3559.5132, -1301.2448, -55.9365,  -3547.9832, -1354.1630, -55.9365, 160, 160, 160
L -3542.4976, -1297.4319, -55.9365,  -3559.5132, -1301.2448, -55.9365, 160, 160, 160
L -3543.1204, -1294.6569, -55.9365,  -3542.4976, -1297.4319, -55.9365, 160, 160, 160
L -3563.2505, -1299.1774, -55.9365,  -3543.1204, -1294.6569, -55.9365, 160, 160, 160
L -3550.4390, -1357.9081, -55.9365,  -3563.2505, -1299.1774, -55.9365, 160, 160, 160
L -3581.9336, -1400.6122, -55.9365,  -3550.4390, -1357.9081, -55.9365, 160, 160, 160
L -3579.4429, -1411.6283, -55.9365,  -3581.9336, -1400.6122, -55.9365, 160, 160, 160
L -3577.1399, -1411.1050, -55.9365,  -3579.4429, -1411.6283, -55.9365, 160, 160, 160
L -3579.2371, -1401.2378, -55.9352,  -3577.1399, -1411.1050, -55.9365, 160, 160, 160
L -3546.9502, -1358.7444, -55.9365,  -3579.2371, -1401.2378, -55.9352, 160, 160, 160
L -3547.8621, -1358.1226, -55.9365,  -3546.9502, -1358.7444, -55.9365, 160, 160, 160
L -3529.7500, -1354.2295, -55.9365,  -3547.8621, -1358.1226, -55.9365, 160, 160, 160
L -3238.2454, -3424.8672, -52.5945,  -3238.9126, -3406.5872, -52.5758, 160, 160, 160
L -3218.3865, -3424.1680, -53.1681,  -3238.2454, -3424.8672, -53.8310, 160, 160, 160
L -3219.6531, -3405.7654, -53.1841,  -3218.3865, -3424.1680, -53.1863, 160, 160, 160
L -3238.9126, -3406.5872, -52.9247,  -3219.6531, -3405.7654, -53.1976, 160, 160, 160
L -3206.2161, -3319.4539, -55.6013,  -3186.6907, -3323.5784, -55.6278, 160, 160, 160
L -3209.9302, -3337.3772, -55.1306,  -3206.2161, -3319.4539, -55.3427, 160, 160, 160
L -3190.5054, -3341.5950, -55.6463,  -3209.9302, -3337.3772, -55.3318, 160, 160, 160
L -3186.6907, -3323.5784, -55.6876,  -3190.5054, -3341.5950, -55.6852, 160, 160, 160
L -3155.6880, -3363.8035, -55.9365,  -3161.6829, -3380.5586, -55.9365, 160, 160, 160
L -3109.4297, -3339.5342, -55.9365,  -3155.6880, -3363.8035, -55.9365, 160, 160, 160
L -3100.2122, -3342.7339, -55.9365,  -3109.4297, -3339.5342, -55.9365, 160, 160, 160
L -3099.9109, -3339.6001, -55.9365,  -3100.2122, -3342.7339, -55.9365, 160, 160, 160
L -3109.5811, -3335.8689, -55.9365,  -3099.9109, -3339.6001, -55.9365, 160, 160, 160
L -3155.5625, -3360.8367, -55.9365,  -3109.5811, -3335.8689, -55.9365, 160, 160, 160
L -3212.2178, -3340.5647, -55.1465,  -3155.5625, -3360.8367, -55.9365, 160, 160, 160
L -3219.1648, -3359.9795, -54.3314,  -3212.2178, -3340.5647, -54.8474, 160, 160, 160
L -3216.4795, -3360.9397, -54.4436,  -3219.1648, -3359.9795, -54.3496, 160, 160, 160
L -3210.7720, -3344.9878, -55.2360,  -3216.4795, -3360.9397, -54.5861, 160, 160, 160
L -3159.8162, -3362.8655, -55.9365,  -3210.7720, -3344.9878, -55.2360, 160, 160, 160
L -3165.6399, -3379.1431, -55.9365,  -3159.8162, -3362.8655, -55.9365, 160, 160, 160
L -3161.6829, -3380.5586, -55.9361,  -3165.6399, -3379.1431, -55.9358, 160, 160, 160
L -3154.8538, -3465.7942, -55.9363,  -3145.4429, -3469.1448, -55.9365, 160, 160, 160
L -3173.5994, -3415.7417, -55.9365,  -3154.8538, -3465.7942, -55.9363, 160, 160, 160
L -3174.1941, -3415.5254, -55.9365,  -3173.5994, -3415.7417, -55.9365, 160, 160, 160
L -3168.2100, -3398.8013, -55.9365,  -3174.1941, -3415.5254, -55.9365, 160, 160, 160
L -3172.1709, -3397.3838, -55.9365,  -3168.2100, -3398.8013, -55.9365, 160, 160, 160
L -3178.1431, -3414.8638, -55.9365,  -3172.1709, -3397.3838, -55.9365, 160, 160, 160
L -3228.8960, -3395.5945, -53.4660,  -3178.1431, -3414.8638, -55.9365, 160, 160, 160
L -3223.1438, -3379.1797, -53.9260,  -3228.8960, -3395.5945, -53.4660, 160, 160, 160
L -3225.6919, -3378.2222, -53.8136,  -3223.1438, -3379.1797, -53.9418, 160, 160, 160
L -3232.6414, -3397.6453, -53.1732,  -3225.6919, -3378.2222, -53.6651, 160, 160, 160
L -3175.9573, -3417.9097, -55.9365,  -3232.6414, -3397.6453, -53.5382, 160, 160, 160
L -3156.8743, -3467.7195, -55.9365,  -3175.9573, -3417.9097, -55.9365, 160, 160, 160
L -3146.2830, -3471.4927, -55.9365,  -3156.8743, -3467.7195, -55.9365, 160, 160, 160
L -3145.4429, -3469.1448, -55.9365,  -3146.2830, -3471.4927, -55.9365, 160, 160, 160
L -3050.7166, -3398.3511, -55.9365,  -2994.5918, -3418.6226, -55.7980, 160, 160, 160
L -3071.6658, -3349.6238, -55.9365,  -3050.7166, -3398.3511, -55.9365, 160, 160, 160
L -3080.8528, -3346.1392, -55.9365,  -3071.6658, -3349.6238, -55.9365, 160, 160, 160
L -3082.3328, -3349.4385, -55.9363,  -3080.8528, -3346.1392, -55.9365, 160, 160, 160
L -3072.8831, -3352.8057, -55.9365,  -3082.3328, -3349.4385, -55.9365, 160, 160, 160
L -3052.8008, -3401.1326, -55.9365,  -3072.8831, -3352.8057, -55.9365, 160, 160, 160
L -3051.4771, -3401.5977, -55.9365,  -3052.8008, -3401.1326, -55.9365, 160, 160, 160
L -3057.1465, -3417.4434, -55.9365,  -3051.4771, -3401.5977, -55.9365, 160, 160, 160
L -3053.1963, -3418.8560, -55.9365,  -3057.1465, -3417.4434, -55.9365, 160, 160, 160
L -3047.5186, -3402.9871, -55.9365,  -3053.1963, -3418.8560, -55.9365, 160, 160, 160
L -2997.3035, -3420.6172, -55.8145,  -3047.5186, -3402.9871, -55.9365, 160, 160, 160
L -3003.2488, -3437.2339, -55.9365,  -2997.3035, -3420.6172, -55.8145, 160, 160, 160
L -3001.4800, -3438.3711, -55.9365,  -3003.2488, -3437.2339, -55.9365, 160, 160, 160
L -3009.7764, -3455.4761, -55.9365,  -3007.5320, -3456.2793, -55.9365, 160, 160, 160
L -3016.7698, -3472.8921, -55.3322,  -3009.7764, -3455.4761, -55.9365, 160, 160, 160
L -3066.8799, -3454.6646, -55.9365,  -3016.7698, -3472.8921, -55.3322, 160, 160, 160
L -3059.7234, -3437.9900, -55.9365,  -3066.8799, -3454.6646, -55.9365, 160, 160, 160
L -3063.6736, -3435.6851, -55.9365,  -3059.7234, -3437.9900, -55.9365, 160, 160, 160
L -3069.9502, -3453.2273, -55.9365,  -3063.6736, -3435.6851, -55.9365, 160, 160, 160
L -3069.9502, -3453.2273, -55.9365,  -3071.2703, -3452.7454, -55.9365, 160, 160, 160
L -3118.8621, -3478.4861, -55.8607,  -3071.2703, -3452.7454, -55.9365, 160, 160, 160
L -3127.1475, -3475.5237, -55.9365,  -3118.8621, -3478.4861, -55.8607, 160, 160, 160
L -3128.4097, -3478.2100, -55.9365,  -3127.1475, -3475.5237, -55.9365, 160, 160, 160
L -3118.2278, -3481.5264, -55.9365,  -3128.4097, -3478.2100, -55.9365, 160, 160, 160
L -3071.1370, -3455.4336, -55.9365,  -3118.2278, -3481.5264, -55.5805, 160, 160, 160
L -3014.4827, -3475.7051, -55.2706,  -3071.1370, -3455.4336, -55.9365, 160, 160, 160
L -3007.5320, -3456.2793, -55.7802,  -3014.4827, -3475.7051, -55.3778, 160, 160, 160
L -2994.5918, -3418.6226, -55.6867,  -3001.4800, -3438.3711, -55.9112, 160, 160, 160
L -2985.8152, -3485.5850, -55.9365,  -2985.9644, -3505.2908, -55.9365, 160, 160, 160
L -2967.2356, -3464.5835, -55.9365,  -2985.8152, -3485.5850, -55.9365, 160, 160, 160
L -2967.2361, -3447.7703, -55.4660,  -2967.2356, -3464.5835, -55.9365, 160, 160, 160
L -2958.6143, -3447.7703, -55.4660,  -2967.2361, -3447.7703, -55.4660, 160, 160, 160
L -2958.6133, -3444.8401, -55.3903,  -2958.6143, -3447.7703, -55.4324, 160, 160, 160
L -2969.8843, -3444.8401, -55.3410,  -2958.6133, -3444.8401, -55.3410, 160, 160, 160
L -2969.8843, -3464.8013, -55.9365,  -2969.8843, -3444.8401, -55.4027, 160, 160, 160
L -2989.1980, -3485.2881, -55.9365,  -2969.8843, -3464.8013, -55.9365, 160, 160, 160
L -2989.4607, -3505.2913, -55.9365,  -2989.1980, -3485.2881, -55.9365, 160, 160, 160
L -2985.9644, -3505.2908, -55.9363,  -2989.4607, -3505.2913, -55.9361, 160, 160, 160
L -2958.6165, -3584.7625, -51.5827,  -2958.6160, -3581.8406, -51.8746, 160, 160, 160
L -2968.9700, -3584.7625, -51.4686,  -2958.6165, -3584.7625, -51.4686, 160, 160, 160
L -2968.9705, -3565.8953, -54.7113,  -2968.9700, -3584.7625, -51.7239, 160, 160, 160
L -2988.7361, -3545.3545, -55.9365,  -2968.9705, -3565.8953, -54.7113, 160, 160, 160
L -2988.8943, -3524.6658, -55.9365,  -2988.7361, -3545.3545, -55.9365, 160, 160, 160
L -2986.1238, -3524.6658, -55.9365,  -2988.8943, -3524.6658, -55.9365, 160, 160, 160
L -2986.2715, -3543.6299, -55.9365,  -2986.1238, -3524.6658, -55.9365, 160, 160, 160
L -2966.5015, -3563.6658, -55.4440,  -2986.2715, -3543.6299, -55.9365, 160, 160, 160
L -2966.5015, -3581.8406, -51.9709,  -2966.5015, -3563.6658, -54.8530, 160, 160, 160
L -2958.6160, -3581.8406, -51.9709,  -2966.5015, -3581.8406, -51.9709, 160, 160, 160
L -2939.2410, -3581.8401, -51.9709,  -2931.1177, -3581.8406, -51.9709, 160, 160, 160
L -2939.2417, -3584.7620, -51.6313,  -2939.2410, -3581.8401, -51.8706, 160, 160, 160
L -2928.8047, -3584.7625, -51.4686,  -2939.2417, -3584.7620, -51.4686, 160, 160, 160
L -2928.8062, -3444.8401, -55.4652,  -2928.8047, -3584.7625, -52.1974, 160, 160, 160
L -2939.2388, -3444.8401, -55.3410,  -2928.8062, -3444.8401, -55.3410, 160, 160, 160
L -2939.2383, -3447.7703, -55.4405,  -2939.2388, -3444.8401, -55.3562, 160, 160, 160
L -2931.2747, -3447.7703, -55.4660,  -2939.2383, -3447.7703, -55.4660, 160, 160, 160
L -2931.1497, -3556.2222, -55.9365,  -2931.2747, -3447.7703, -55.4660, 160, 160, 160
L -2931.1133, -3581.8406, -51.9709,  -2931.1497, -3556.2222, -55.9365, 160, 160, 160
L -3493.5977, -3988.1697, -55.6176,  -3502.2825, -3971.9502, -55.6495, 160, 160, 160
L -3475.9517, -3978.7371, -55.6336,  -3493.5977, -3988.1697, -55.6353, 160, 160, 160
L -3484.6243, -3962.5115, -55.6507,  -3475.9517, -3978.7371, -55.6486, 160, 160, 160
L -3502.2825, -3971.9502, -55.6644,  -3484.6243, -3962.5115, -55.6668, 160, 160, 160
L -3556.7476, -4021.9292, -55.6242,  -3565.4351, -4005.6956, -55.6454, 160, 160, 160
L -3539.1038, -4012.4893, -55.6302,  -3556.7476, -4021.9292, -55.6478, 160, 160, 160
L -3547.7693, -3996.2566, -55.6875,  -3539.1038, -4012.4893, -55.6606, 160, 160, 160
L -3565.4351, -4005.6956, -55.6876,  -3547.7693, -3996.2566, -55.6762, 160, 160, 160
L -3709.2732, -3969.4253, -55.9365,  -3691.7771, -3972.6824, -55.9365, 160, 160, 160
L -3708.5037, -3965.2925, -55.9361,  -3709.2732, -3969.4253, -55.9365, 160, 160, 160
L -3691.5066, -3968.4578, -55.9365,  -3708.5037, -3965.2925, -55.9365, 160, 160, 160
L -3681.9517, -3915.3086, -50.6349,  -3691.5066, -3968.4578, -55.9365, 160, 160, 160
L -3698.6084, -3912.2073, -51.6841,  -3681.9517, -3915.3086, -50.6349, 160, 160, 160
L -3698.8677, -3909.4036, -51.6019,  -3698.6084, -3912.2073, -51.7515, 160, 160, 160
L -3677.8135, -3913.1785, -50.1674,  -3698.8677, -3909.4036, -51.4284, 160, 160, 160
L -3688.7693, -3972.1829, -55.9365,  -3677.8135, -3913.1785, -50.3847, 160, 160, 160
L -3656.8689, -4013.7920, -55.9365,  -3688.7693, -3972.1829, -55.9365, 160, 160, 160
L -3658.9019, -4024.7122, -55.9365,  -3656.8689, -4013.7920, -55.9365, 160, 160, 160
L -3662.1685, -4024.1045, -55.9365,  -3658.9019, -4024.7122, -55.9365, 160, 160, 160
L -3660.3821, -4014.9424, -55.9365,  -3662.1685, -4024.1045, -55.9365, 160, 160, 160
L -3691.7771, -3972.6824, -55.9365,  -3660.3821, -4014.9424, -55.9365, 160, 160, 160
L -3792.3196, -3989.6138, -55.9365,  -3794.1497, -3999.5315, -55.9363, 160, 160, 160
L -3745.4048, -3962.7664, -55.9365,  -3792.3196, -3989.6138, -55.9365, 160, 160, 160
L -3728.3206, -3965.8782, -55.9365,  -3745.4048, -3962.7664, -55.9365, 160, 160, 160
L -3727.5508, -3961.7439, -55.9365,  -3728.3206, -3965.8782, -55.9365, 160, 160, 160
L -3744.9900, -3958.5000, -55.8684,  -3727.5508, -3961.7439, -55.9365, 160, 160, 160
L -3734.7947, -3905.4539, -51.3530,  -3744.9900, -3958.5000, -55.8684, 160, 160, 160
L -3717.6548, -3908.6531, -51.6097,  -3734.7947, -3905.4539, -51.3530, 160, 160, 160
L -3717.1343, -3905.8577, -51.4677,  -3717.6548, -3908.6531, -51.5782, 160, 160, 160
L -3737.4158, -3902.8101, -51.1197,  -3717.1343, -3905.8577, -51.3573, 160, 160, 160
L -3748.4180, -3961.2681, -55.9363,  -3737.4158, -3902.8101, -51.4269, 160, 160, 160
L -3794.5657, -3988.2930, -55.9365,  -3748.4180, -3961.2681, -55.9363, 160, 160, 160
L -3796.6055, -3999.7417, -55.9365,  -3794.5657, -3988.2930, -55.9365, 160, 160, 160
L -3794.1497, -3999.5315, -55.9365,  -3796.6055, -3999.7417, -55.9365, 160, 160, 160
L -3759.4683, -4133.6602, -55.9365,  -3759.4214, -4131.2227, -55.9365, 160, 160, 160
L -3779.8257, -4129.8687, -55.9365,  -3759.4683, -4133.6602, -55.9365, 160, 160, 160
L -3768.8123, -4070.7156, -55.9365,  -3779.8257, -4129.8687, -55.9365, 160, 160, 160
L -3802.5220, -4028.3689, -55.9365,  -3768.8123, -4070.7156, -55.9365, 160, 160, 160
L -3802.5220, -4028.3689, -55.7798,  -3800.1521, -4018.1216, -55.8823, 160, 160, 160
L -3797.5203, -4018.6116, -55.9365,  -3800.1521, -4018.1216, -55.9365, 160, 160, 160
L -3799.1548, -4027.8655, -55.9365,  -3797.5203, -4018.6116, -55.9365, 160, 160, 160
L -3766.1797, -4070.1565, -55.9365,  -3799.1548, -4027.8655, -55.9365, 160, 160, 160
L -3766.4456, -4071.5369, -55.9365,  -3766.1797, -4070.1565, -55.9365, 160, 160, 160
L -3748.1282, -4074.9473, -55.9365,  -3766.4456, -4071.5369, -55.9365, 160, 160, 160
L -3748.8965, -4079.7200, -55.9365,  -3748.1282, -4074.9473, -55.9365, 160, 160, 160
L -3767.2383, -4075.6558, -55.9365,  -3748.8965, -4079.7200, -55.9365, 160, 160, 160
L -3777.2913, -4127.9185, -55.9365,  -3767.2383, -4075.6558, -55.9365, 160, 160, 160
L -3759.1697, -4131.4683, -55.9365,  -3777.2913, -4127.9185, -55.9365, 160, 160, 160
L -3665.8943, -4043.1182, -55.9365,  -3662.4485, -4043.7603, -55.9365, 160, 160, 160
L -3667.7649, -4052.6885, -55.9365,  -3665.8943, -4043.1182, -55.9365, 160, 160, 160
L -3712.2881, -4080.1934, -55.9365,  -3667.7649, -4052.6885, -55.9365, 160, 160, 160
L -3712.5369, -4081.5740, -55.9365,  -3712.2881, -4080.1934, -55.9365, 160, 160, 160
L -3729.9219, -4078.4915, -55.9365,  -3712.5369, -4081.5740, -55.9365, 160, 160, 160
L -3729.8140, -4082.6243, -55.9365,  -3729.9219, -4078.4915, -55.9365, 160, 160, 160
L -3713.2803, -4085.7029, -55.9365,  -3729.8140, -4082.6243, -55.9365, 160, 160, 160
L -3722.7090, -4138.8062, -55.9365,  -3713.2803, -4085.7029, -55.9365, 160, 160, 160
L -3740.5828, -4134.8477, -55.9365,  -3722.7090, -4138.8062, -55.9365, 160, 160, 160
L -3740.4944, -4137.1929, -55.9365,  -3740.5828, -4134.8477, -55.9365, 160, 160, 160
L -3720.2249, -4140.9668, -55.9365,  -3740.4944, -4137.1929, -55.9365, 160, 160, 160
L -3709.2122, -4081.8184, -55.9365,  -3720.2249, -4140.9668, -55.9365, 160, 160, 160
L -3664.3428, -4053.9800, -55.9365,  -3709.2122, -4081.8184, -55.9365, 160, 160, 160
L -3662.4485, -4043.7603, -55.9365,  -3664.3428, -4053.9800, -55.9365, 160, 160, 160
L -3627.9253, -4053.3821, -55.9365,  -3627.7466, -4058.2466, -55.9365, 160, 160, 160
L -3648.8528, -4054.1250, -55.9365,  -3627.9253, -4053.3821, -55.9365, 160, 160, 160
L -3647.3423, -4074.2974, -55.9365,  -3648.8528, -4054.1250, -55.9365, 160, 160, 160
L -3642.4822, -4074.1182, -55.9363,  -3647.3423, -4074.2974, -55.9365, 160, 160, 160
L -3643.4639, -4058.8101, -55.9365,  -3642.4822, -4074.1182, -55.9365, 160, 160, 160
L -3627.7466, -4058.2466, -55.9365,  -3643.4639, -4058.8101, -55.9365, 160, 160, 160
L -3588.3909, -4051.9263, -55.9365,  -3587.6431, -4072.2461, -55.9365, 160, 160, 160
L -3608.5635, -4052.6692, -55.9365,  -3588.3909, -4051.9263, -55.9365, 160, 160, 160
L -3608.3848, -4057.5330, -55.9365,  -3608.5635, -4052.6692, -55.9365, 160, 160, 160
L -3593.7627, -4056.9695, -55.9365,  -3608.3848, -4057.5330, -55.9365, 160, 160, 160
L -3592.5071, -4072.4258, -55.9365,  -3593.7627, -4056.9695, -55.9365, 160, 160, 160
L -3587.6431, -4072.2461, -55.9365,  -3592.5071, -4072.4258, -55.9365, 160, 160, 160
L -3645.8865, -4113.8184, -55.9365,  -3586.1924, -4111.6187, -55.9365, 160, 160, 160
L -3646.6294, -4093.6592, -55.9365,  -3645.8865, -4113.8184, -55.9365, 160, 160, 160
L -3641.7688, -4093.4805, -55.9365,  -3646.6294, -4093.6592, -55.9365, 160, 160, 160
L -3641.2056, -4108.7803, -55.9365,  -3641.7688, -4093.4805, -55.9365, 160, 160, 160
L -3591.2344, -4106.9395, -55.9365,  -3641.2056, -4108.7803, -55.9365, 160, 160, 160
L -3591.7935, -4091.7876, -55.9365,  -3591.2344, -4106.9395, -55.9365, 160, 160, 160
L -3586.9297, -4091.6082, -55.9365,  -3591.7935, -4091.7876, -55.9365, 160, 160, 160
L -3586.1924, -4111.6187, -55.9365,  -3586.9297, -4091.6082, -55.9365, 160, 160, 160
L -3510.2129, -4099.1309, -55.6689,  -3501.5359, -4115.3643, -55.6676, 160, 160, 160
L -3527.8721, -4108.5684, -55.6574,  -3510.2129, -4099.1309, -55.6578, 160, 160, 160
L -3519.1907, -4124.8018, -55.6349,  -3527.8721, -4108.5684, -55.6467, 160, 160, 160
L -3501.5359, -4115.3643, -55.6666,  -3519.1907, -4124.8018, -55.6668, 160, 160, 160
L -3430.7034, -4081.4358, -53.2000,  -3449.8660, -4081.4363, -53.2020, 160, 160, 160
L -3430.7100, -4061.4397, -52.9078,  -3430.7034, -4081.4358, -52.9299, 160, 160, 160
L -3449.8677, -4061.4163, -53.5660,  -3430.7100, -4061.4397, -52.9887, 160, 160, 160
L -3449.8660, -4081.4363, -53.8070,  -3449.8677, -4061.4163, -53.8050, 160, 160, 160
L -3494.5901, -4071.2422, -55.6469,  -3492.3787, -4073.8257, -55.6150, 160, 160, 160
L -3477.7322, -4060.8108, -54.9587,  -3476.2212, -4063.1331, -54.9275, 160, 160, 160
L -3444.8101, -4006.5713, -55.7929,  -3442.3584, -4004.9766, -55.7704, 160, 160, 160
L -3440.5076, -4013.1841, -55.3346,  -3444.8101, -4006.5713, -55.7248, 160, 160, 160
L -3455.7703, -4023.1128, -55.5227,  -3440.5076, -4013.1841, -55.3346, 160, 160, 160
L -3461.5220, -4050.4434, -54.6390,  -3455.7703, -4023.1128, -55.4756, 160, 160, 160
L -3477.7322, -4060.8108, -54.8389,  -3461.5220, -4050.4434, -54.6390, 160, 160, 160
L -3510.6597, -4081.8638, -55.9365,  -3494.5901, -4071.2422, -55.7950, 160, 160, 160
L -3538.3943, -4077.7427, -55.9365,  -3510.6597, -4081.8638, -55.9365, 160, 160, 160
L -3552.4883, -4086.9119, -55.9365,  -3538.3943, -4077.7427, -55.9365, 160, 160, 160
L -3557.1907, -4079.6829, -55.9365,  -3552.4883, -4086.9119, -55.9365, 160, 160, 160
L -3559.6470, -4081.2808, -55.9361,  -3557.1907, -4079.6829, -55.9365, 160, 160, 160
L -3553.4998, -4090.7288, -55.9365,  -3559.6470, -4081.2808, -55.9365, 160, 160, 160
L -3536.7686, -4079.8440, -55.9365,  -3553.4998, -4090.7288, -55.9365, 160, 160, 160
L -3509.2825, -4085.2798, -55.9365,  -3536.7686, -4079.8440, -55.9365, 160, 160, 160
L -3492.3787, -4073.8257, -55.8301,  -3509.2825, -4085.2798, -55.9365, 160, 160, 160
L -3458.8428, -4051.6360, -54.5080,  -3476.2212, -4063.1331, -54.8171, 160, 160, 160
L -3453.4751, -4024.2869, -55.3909,  -3458.8428, -4051.6360, -54.5859, 160, 160, 160
L -3436.7122, -4013.6597, -55.1672,  -3453.4751, -4024.2869, -55.3909, 160, 160, 160
L -3442.3584, -4004.9766, -55.3793,  -3436.7122, -4013.6597, -55.1908, 160, 160, 160
L -3458.6155, -3979.9932, -55.9365,  -3452.9258, -3988.7371, -55.9365, 160, 160, 160
L -3575.9014, -4056.2959, -55.9365,  -3458.6155, -3979.9932, -55.9365, 160, 160, 160
L -3570.2122, -4065.4048, -55.9365,  -3575.9014, -4056.2959, -55.9365, 160, 160, 160
L -3567.7566, -4063.4424, -55.9365,  -3570.2122, -4065.4048, -55.9365, 160, 160, 160
L -3572.9939, -4056.7676, -55.9365,  -3567.7566, -4063.4424, -55.9365, 160, 160, 160
L -3459.8030, -3983.5254, -55.9365,  -3572.9939, -4056.7676, -55.9365, 160, 160, 160
L -3455.3755, -3990.3306, -55.9365,  -3459.8030, -3983.5254, -55.9365, 160, 160, 160
L -3452.9258, -3988.7371, -55.9365,  -3455.3755, -3990.3306, -55.9365, 160, 160, 160
L -2838.4351, -3829.3772, -55.6614,  -2856.8184, -3830.2793, -55.6595, 160, 160, 160
L -2853.8101, -3867.8726, -55.6336,  -2835.3953, -3867.8704, -55.6388, 160, 160, 160
L -2835.3948, -3887.8865, -55.6403,  -2853.8101, -3887.8860, -55.6392, 160, 160, 160
L -2851.9380, -3929.5635, -55.6229,  -2833.5486, -3928.6536, -55.6403, 160, 160, 160
L -2832.5662, -3948.6404, -55.6270,  -2850.9561, -3949.5464, -55.6349, 160, 160, 160
L -2848.1465, -4006.7139, -55.6234,  -2829.7549, -4005.8008, -55.6492, 160, 160, 160
L -2828.7732, -4025.7852, -55.6105,  -2847.1648, -4026.7012, -55.6433, 160, 160, 160
L -2844.2725, -4085.6724, -55.6173,  -2825.8826, -4084.7432, -55.6824, 160, 160, 160
L -2824.8997, -4104.7466, -55.6494,  -2843.2913, -4105.6519, -55.6561, 160, 160, 160
L -2841.1204, -4149.7339, -55.6822,  -2822.7354, -4148.8423, -55.6477, 160, 160, 160
L -2821.7537, -4168.8350, -55.6441,  -2840.1399, -4169.7383, -55.6413, 160, 160, 160
L -2822.7354, -4148.8423, -55.6647,  -2821.7537, -4168.8350, -55.6634, 160, 160, 160
L -2825.8826, -4084.7432, -55.6679,  -2824.8997, -4104.7466, -55.6681, 160, 160, 160
L -2829.7549, -4005.8008, -55.6687,  -2828.7732, -4025.7852, -55.6685, 160, 160, 160
L -2833.5486, -3928.6536, -55.6696,  -2832.5662, -3948.6404, -55.6704, 160, 160, 160
L -2835.3953, -3867.8704, -55.6692,  -2835.3948, -3887.8865, -55.6702, 160, 160, 160
L -2839.4180, -3809.3733, -55.6646,  -2838.4351, -3829.3772, -55.6657, 160, 160, 160
L -2857.8013, -3810.2725, -55.6822,  -2839.4180, -3809.3733, -55.6683, 160, 160, 160
L -2856.8184, -3830.2793, -55.6659,  -2857.8013, -3810.2725, -55.6655, 160, 160, 160
L -2853.8101, -3887.8860, -55.6777,  -2853.8101, -3867.8726, -55.6771, 160, 160, 160
L -2850.9561, -3949.5464, -55.6734,  -2851.9380, -3929.5635, -55.6728, 160, 160, 160
L -2847.1648, -4026.7012, -55.6766,  -2848.1465, -4006.7139, -55.6764, 160, 160, 160
L -2843.2913, -4105.6519, -55.6813,  -2844.2725, -4085.6724, -55.6801, 160, 160, 160
L -2840.1399, -4169.7383, -55.6820,  -2841.1204, -4149.7339, -55.6726, 160, 160, 160
L -1656.7654, -4206.9937, -55.9365,  -1657.3029, -4211.8384, -55.9365, 160, 160, 160
L -1626.6603, -4250.2896, -55.9365,  -1621.8228, -4250.8267, -55.9365, 160, 160, 160
L -1628.3318, -4265.3604, -55.9365,  -1626.6603, -4250.2896, -55.9365, 160, 160, 160
L -1678.2980, -4259.8506, -55.9365,  -1628.3318, -4265.3604, -55.9365, 160, 160, 160
L -1676.3434, -4244.6338, -55.9365,  -1678.2980, -4259.8506, -55.9365, 160, 160, 160
L -1681.1774, -4244.9771, -55.9365,  -1676.3434, -4244.6338, -55.9365, 160, 160, 160
L -1683.4008, -4264.1475, -55.9365,  -1681.1774, -4244.9771, -55.9365, 160, 160, 160
L -1624.3040, -4270.7310, -55.9365,  -1683.4008, -4264.1475, -55.9365, 160, 160, 160
L -1621.8228, -4250.8267, -55.9365,  -1624.3040, -4270.7310, -55.9365, 160, 160, 160
L -1676.8202, -4204.7769, -55.9365,  -1656.7654, -4206.9937, -55.9365, 160, 160, 160
L -1679.4130, -4224.8394, -55.9365,  -1676.8202, -4204.7769, -55.9365, 160, 160, 160
L -1674.2079, -4225.3770, -55.9365,  -1679.4130, -4224.8394, -55.9356, 160, 160, 160
L -1672.5198, -4210.1519, -55.9365,  -1674.2079, -4225.3770, -55.9365, 160, 160, 160
L -1657.3029, -4211.8384, -55.9365,  -1672.5198, -4210.1519, -55.9365, 160, 160, 160
L -1622.8202, -4215.6631, -55.9365,  -1638.4590, -4213.9727, -55.9365, 160, 160, 160
L -1624.5248, -4231.3472, -55.9365,  -1622.8202, -4215.6631, -55.9365, 160, 160, 160
L -1619.6792, -4231.5723, -55.9365,  -1624.5248, -4231.3472, -55.9365, 160, 160, 160
L -1617.4496, -4211.3604, -55.9365,  -1619.6792, -4231.5723, -55.9365, 160, 160, 160
L -1637.5094, -4209.1353, -55.9365,  -1617.4496, -4211.3604, -55.9365, 160, 160, 160
L -1638.4590, -4213.9727, -55.9365,  -1637.5094, -4209.1353, -55.9365, 160, 160, 160
L -1697.5536, -4197.5728, -55.5360,  -1717.3538, -4196.2310, -54.7832, 160, 160, 160
L -1696.4263, -4179.1685, -54.9923,  -1697.5536, -4197.5728, -54.9996, 160, 160, 160
L -1716.2526, -4177.9517, -55.3810,  -1696.4263, -4179.1685, -55.3970, 160, 160, 160
L -1717.3538, -4196.2310, -54.4436,  -1716.2526, -4177.9517, -54.4906, 160, 160, 160
L -1693.7510, -4279.4063, -55.5878,  -1694.4291, -4297.7520, -55.5861, 160, 160, 160
L -1713.2880, -4277.9351, -55.6328,  -1693.7510, -4279.4063, -55.6325, 160, 160, 160
L -1714.3871, -4296.2769, -55.6730,  -1713.2880, -4277.9351, -55.6599, 160, 160, 160
L -1694.4291, -4297.7520, -55.6441,  -1714.3871, -4296.2769, -55.6422, 160, 160, 160
L -1621.3140, -4293.3643, -55.5878,  -1602.8008, -4296.6680, -55.5940, 160, 160, 160
L -1623.9535, -4313.4771, -55.6843,  -1621.3140, -4293.3643, -55.6758, 160, 160, 160
L -1605.7616, -4315.9146, -55.6661,  -1623.9535, -4313.4771, -55.6456, 160, 160, 160
L -1602.8008, -4296.6680, -55.6876,  -1605.7616, -4315.9146, -55.6760, 160, 160, 160
L -1589.9302, -4185.8438, -55.6796,  -1598.9390, -4203.7437, -55.6839, 160, 160, 160
L -1606.3799, -4177.5645, -55.6876,  -1589.9302, -4185.8438, -55.6865, 160, 160, 160
L -1615.3860, -4195.4561, -55.6876,  -1606.3799, -4177.5645, -55.6856, 160, 160, 160
L -1598.9390, -4203.7437, -55.6777,  -1615.3860, -4195.4561, -55.6636, 160, 160, 160
L -1055.3921, -4269.2842, 1.4300,  -980.6622, -4208.3462, -7.6802, 160, 160, 160
L -1093.2228, -4300.1563, 37.2941,  -1055.3921, -4269.2842, 1.4300, 160, 160, 160
L -1185.5929, -4363.6802, -10.6755,  -1093.2228, -4300.1563, 37.2941, 160, 160, 160
L -1471.2721, -4352.4561, -53.4365,  -1185.5929, -4363.6802, -10.6755, 160, 160, 160
L -1634.4292, -4346.3643, -53.4365,  -1471.2721, -4352.4561, -53.4365, 160, 160, 160
L -1906.5990, -4332.8975, -30.6090,  -1634.4292, -4346.3643, -53.4365, 160, 160, 160
L -2139.5757, -4305.5313, -19.8264,  -1906.5990, -4332.8975, -30.6090, 160, 160, 160
L -2291.7869, -4287.6470, -47.3798,  -2139.5757, -4305.5313, -19.8264, 160, 160, 160
L -2601.9026, -4251.2017, 43.5531,  -2291.7869, -4287.6470, -47.3798, 160, 160, 160
L -2877.2605, -4251.8560, -53.4365,  -2601.9026, -4251.2017, 43.5531, 160, 160, 160
L -3083.1104, -4265.4688, -32.6360,  -2877.2605, -4251.8560, -53.4365, 160, 160, 160
L -3236.7378, -4275.1646, -39.5529,  -3083.1104, -4265.4688, -32.6360, 160, 160, 160
L -3338.1663, -4281.5640, -36.9461,  -3236.7378, -4275.1646, -39.5529, 160, 160, 160
L -3440.5054, -4288.2021, -31.3136,  -3338.1663, -4281.5640, -36.9461, 160, 160, 160
L -3501.2112, -4279.2471, -35.5016,  -3440.5054, -4288.2021, -31.3136, 160, 160, 160
L -3624.1309, -4299.6099, -52.7201,  -3501.2112, -4279.2471, -35.5016, 160, 160, 160
L -3711.9402, -4288.3379, -53.4365,  -3624.1309, -4299.6099, -52.7201, 160, 160, 160
L -3883.6746, -4172.6377, -52.2443,  -3711.9402, -4288.3379, -53.4365, 160, 160, 160
L -4054.8582, -4054.9561, -5.7564,  -3883.6746, -4172.6377, -52.2443, 160, 160, 160
L -4104.4976, -3972.2195, 31.5370,  -4054.8582, -4054.9561, -5.7564, 160, 160, 160
L -4157.9395, -3884.7178, 24.3387,  -4104.4976, -3972.2195, 31.5370, 160, 160, 160
L -4195.3125, -3770.9949, -40.7931,  -4157.9395, -3884.7178, 24.3387, 160, 160, 160
L -4223.2476, -3640.7974, -7.4832,  -4195.3125, -3770.9949, -40.7931, 160, 160, 160
L -4236.7520, -3558.2808, 3.1814,  -4223.2476, -3640.7974, -7.4832, 160, 160, 160
L -4247.4253, -3423.6614, 7.2430,  -4236.7520, -3558.2808, 3.1814, 160, 160, 160
L -4262.2559, -3247.5137, -13.1917,  -4247.4253, -3423.6614, 7.2430, 160, 160, 160
L -4274.6470, -3100.2981, -49.8656,  -4262.2559, -3247.5137, -13.1917, 160, 160, 160
L -4289.2813, -2910.3638, -53.4365,  -4274.6470, -3100.2981, -49.8656, 160, 160, 160
L -4293.4604, -2705.5562, -25.5390,  -4289.2813, -2910.3638, -53.4365, 160, 160, 160
L -4296.2603, -2568.7703, 27.6844,  -4293.4604, -2705.5562, -25.5390, 160, 160, 160
L -4298.8062, -2444.9827, 31.4482,  -4296.2603, -2568.7703, 27.6844, 160, 160, 160
L -4301.1963, -2370.5801, -18.5214,  -4298.8062, -2444.9827, 31.4482, 160, 160, 160
L -4306.1968, -2306.4727, -30.3267,  -4301.1963, -2370.5801, -18.5214, 160, 160, 160
L -4313.2300, -2216.3125, -37.5416,  -4306.1968, -2306.4727, -30.3267, 160, 160, 160
L -4325.4019, -2060.5037, -25.3520,  -4313.2300, -2216.3125, -37.5416, 160, 160, 160
L -4336.4502, -1828.5026, -23.7616,  -4325.4019, -2060.5037, -25.3520, 160, 160, 160
L -4316.7300, -1374.4301, -48.6505,  -4336.4502, -1828.5026, -23.7616, 160, 160, 160
L -4308.7388, -1212.3855, -47.7622,  -4316.7300, -1374.4301, -48.6505, 160, 160, 160
L -4302.8770, -1082.5868, -41.3721,  -4308.7388, -1212.3855, -47.7622, 160, 160, 160
L -4295.8892, -961.8813, 16.3072,  -4302.8770, -1082.5868, -41.3721, 160, 160, 160
L -4280.5059, -744.8640, -50.1530,  -4295.8892, -961.8813, 16.3072, 160, 160, 160
L -4272.5850, -641.4637, -53.4365,  -4280.5059, -744.8640, -50.1530, 160, 160, 160
L -4259.7061, -464.2099, -53.4365,  -4272.5850, -641.4637, -53.4365, 160, 160, 160
L -4251.6138, -345.2173, -13.3458,  -4259.7061, -464.2099, -53.4365, 160, 160, 160
L -4252.7559, -126.1257, 22.5872,  -4251.6138, -345.2173, -13.3458, 160, 160, 160
L -4267.5376, 95.4916, 21.8963,  -4252.7559, -126.1257, 22.5872, 160, 160, 160
L -4275.7222, 239.4445, 22.3850,  -4267.5376, 95.4916, 21.8963, 160, 160, 160
L -4326.8687, 417.1915, 41.3076,  -4275.7222, 239.4445, 22.3850, 160, 160, 160
L -4361.4937, 469.7600, 25.9978,  -4326.8687, 417.1915, 41.3076, 160, 160, 160
L -4389.2437, 543.7934, 42.9046,  -4361.4937, 469.7600, 25.9978, 160, 160, 160
L -4421.6021, 568.1800, 60.3596,  -4389.2437, 543.7934, 42.9046, 160, 160, 160
L -4583.8931, 682.1308, 13.2933,  -4421.6021, 568.1800, 60.3596, 160, 160, 160
L -5293.2642, 2170.8538, 47.7434,  -5317.8882, 2160.6309, 32.8798, 160, 160, 160
L -5272.7144, 2179.3848, 55.8920,  -5293.2642, 2170.8538, 47.7434, 160, 160, 160
L -5248.4688, 2174.9341, 52.1069,  -5272.7144, 2179.3848, 55.8920, 160, 160, 160
L -5225.4268, 2165.1006, 43.6028,  -5248.4688, 2174.9341, 52.1069, 160, 160, 160
L -5207.5313, 2159.1211, 41.7451,  -5225.4268, 2165.1006, 43.6028, 160, 160, 160
L -5182.9390, 2155.7581, 38.5533,  -5207.5313, 2159.1211, 41.7451, 160, 160, 160
L -5150.3389, 2150.9629, 44.9472,  -5182.9390, 2155.7581, 38.5533, 160, 160, 160
L -5102.5972, 2135.8357, 46.8911,  -5150.3389, 2150.9629, 44.9472, 160, 160, 160
L -5061.6802, 2132.2769, 46.8780,  -5102.5972, 2135.8357, 46.8911, 160, 160, 160
L -5030.9312, 2125.2217, 48.5159,  -5061.6802, 2132.2769, 46.8780, 160, 160, 160
L -5010.5210, 2089.1077, 33.1570,  -5030.9312, 2125.2217, 48.5159, 160, 160, 160
L -4984.7227, 2063.9312, 34.8862,  -5010.5210, 2089.1077, 33.1570, 160, 160, 160
L -4974.4351, 2018.6746, 41.2719,  -4984.7227, 2063.9312, 34.8862, 160, 160, 160
L -4998.2051, 1919.7101, 31.8074,  -4974.4351, 2018.6746, 41.2719, 160, 160, 160
L -4995.9463, 1846.6498, 35.5011,  -4998.2051, 1919.7101, 31.8074, 160, 160, 160
L -4995.6729, 1822.5916, 36.2492,  -4995.9463, 1846.6498, 35.5011, 160, 160, 160
L -4987.3604, 1780.9745, 40.3584,  -4995.6729, 1822.5916, 36.2492, 160, 160, 160
L -4989.7642, 1739.6775, 30.9303,  -4987.3604, 1780.9745, 40.3584, 160, 160, 160
L -4985.9434, 1662.5768, 23.6464,  -4989.7642, 1739.6775, 30.9303, 160, 160, 160
L -4986.6304, 1625.7372, 23.2680,  -4985.9434, 1662.5768, 23.6464, 160, 160, 160
L -4989.8521, 1551.9241, 38.5696,  -4986.6304, 1625.7372, 23.2680, 160, 160, 160
L -4982.2847, 1525.3495, 43.2841,  -4989.8521, 1551.9241, 38.5696, 160, 160, 160
L -4970.8091, 1505.4446, 52.5720,  -4982.2847, 1525.3495, 43.2841, 160, 160, 160
L -4940.6895, 1473.1841, 39.6392,  -4970.8091, 1505.4446, 52.5720, 160, 160, 160
L -4929.7188, 1459.9351, 32.3018,  -4940.6895, 1473.1841, 39.6392, 160, 160, 160
L -4905.6685, 1457.2753, 49.7409,  -4929.7188, 1459.9351, 32.3018, 160, 160, 160
L -4875.6304, 1485.2405, 52.7182,  -4905.6685, 1457.2753, 49.7409, 160, 160, 160
L -4847.2681, 1511.2051, 60.1631,  -4875.6304, 1485.2405, 52.7182, 160, 160, 160
L -4829.9854, 1540.9911, 55.4945,  -4847.2681, 1511.2051, 60.1631, 160, 160, 160
L -4831.9502, 1582.2228, 51.3902,  -4829.9854, 1540.9911, 55.4945, 160, 160, 160
L -4831.9351, 1617.4950, 52.8910,  -4831.9502, 1582.2228, 51.3902, 160, 160, 160
L -4848.3018, 1667.9240, 74.9252,  -4831.9351, 1617.4950, 52.8910, 160, 160, 160
L -4857.4268, 1721.6012, 83.9839,  -4848.3018, 1667.9240, 74.9252, 160, 160, 160
L -4851.1504, 1765.3584, 79.7296,  -4857.4268, 1721.6012, 83.9839, 160, 160, 160
L -4839.8350, 1814.3771, 53.1569,  -4851.1504, 1765.3584, 79.7296, 160, 160, 160
L -4826.5474, 1919.2173, 51.2984,  -4839.8350, 1814.3771, 53.1569, 160, 160, 160
L -4817.5557, 1974.6973, 42.5499,  -4826.5474, 1919.2173, 51.2984, 160, 160, 160
L -4802.6021, 2028.2627, 34.4712,  -4817.5557, 1974.6973, 42.5499, 160, 160, 160
L -4747.2271, 2119.2056, 2.6850,  -4802.6021, 2028.2627, 34.4712, 160, 160, 160
L -4727.5645, 2142.2708, -6.7187,  -4747.2271, 2119.2056, 2.6850, 160, 160, 160
L -4703.7139, 2168.6990, -16.9248,  -4727.5645, 2142.2708, -6.7187, 160, 160, 160
L -4662.7354, 2229.9170, -24.5627,  -4703.7139, 2168.6990, -16.9248, 160, 160, 160
L -4636.6226, 2242.9185, -28.6691,  -4662.7354, 2229.9170, -24.5627, 160, 160, 160
L -4577.6558, 2276.5164, -15.4832,  -4636.6226, 2242.9185, -28.6691, 160, 160, 160
L -4525.5811, 2307.1299, 3.4000,  -4577.6558, 2276.5164, -15.4832, 160, 160, 160
L -4494.7725, 2335.5867, 16.3227,  -4525.5811, 2307.1299, 3.4000, 160, 160, 160
L -4458.8228, 2384.2217, 4.2987,  -4494.7725, 2335.5867, 16.3227, 160, 160, 160
L -4416.4561, 2441.5413, -13.2376,  -4458.8228, 2384.2217, 4.2987, 160, 160, 160
L -4388.6636, 2476.2688, -15.7096,  -4416.4561, 2441.5413, -13.2376, 160, 160, 160
L -4346.9854, 2535.5320, -22.7611,  -4388.6636, 2476.2688, -15.7096, 160, 160, 160
L -4304.5762, 2587.2771, -52.5495,  -4346.9854, 2535.5320, -22.7611, 160, 160, 160
L -4054.5718, 2819.5962, -91.4009,  -4304.5762, 2587.2771, -52.5495, 160, 160, 160
L 547.8278, 2561.5977, -343.8426,  548.7830, 2564.1055, -343.8426, 160, 160, 160
L 511.5086, 2550.4336, -343.8426,  508.5975, 2550.1829, -343.8426, 160, 160, 160
L 510.2597, 2530.8794, -343.8426,  513.1710, 2531.1299, -343.8426, 160, 160, 160
L 572.8359, 2508.8064, -343.8426,  573.9960, 2505.7437, -343.8426, 160, 160, 160
L 592.3900, 2507.5579, -343.8426,  592.1526, 2510.3179, -343.8426, 160, 160, 160
L 647.4324, 2534.7642, -343.8426,  646.7545, 2542.6338, -343.8426, 160, 160, 160
L 629.2919, 2533.2039, -343.8426,  647.4324, 2534.7642, -343.8426, 160, 160, 160
L 611.3346, 2511.8196, -343.8426,  629.2919, 2533.2039, -343.8426, 160, 160, 160
L 592.1526, 2510.3179, -343.8426,  611.3346, 2511.8196, -343.8426, 160, 160, 160
L 553.1879, 2507.2725, -343.8426,  572.8359, 2508.8064, -343.8426, 160, 160, 160
L 530.6702, 2523.9817, -343.8426,  553.1879, 2507.2725, -343.8426, 160, 160, 160
L 513.9106, 2522.5381, -343.8426,  530.6702, 2523.9817, -343.8426, 160, 160, 160
L 513.1710, 2531.1299, -343.8426,  513.9106, 2522.5381, -343.8426, 160, 160, 160
L 510.8253, 2558.3672, -343.8426,  511.5086, 2550.4336, -343.8426, 160, 160, 160
L 547.8278, 2561.5977, -343.8426,  510.8253, 2558.3672, -343.8426, 160, 160, 160
L 507.7031, 2560.5679, -343.8426,  548.7830, 2564.1055, -343.8426, 160, 160, 160
L 508.5975, 2550.1829, -343.8426,  507.7031, 2560.5679, -343.8426, 160, 160, 160
L 511.2144, 2519.7935, -343.8426,  510.2597, 2530.8794, -343.8426, 160, 160, 160
L 531.1072, 2521.3533, -343.8426,  511.2144, 2519.7935, -343.8426, 160, 160, 160
L 552.9247, 2503.8538, -343.8426,  531.1072, 2521.3533, -343.8426, 160, 160, 160
L 573.9960, 2505.7437, -343.8426,  552.9247, 2503.8538, -343.8426, 160, 160, 160
L 613.1341, 2509.5037, -343.8426,  592.3900, 2507.5579, -343.8426, 160, 160, 160
L 631.1308, 2530.8921, -343.8426,  613.1341, 2509.5037, -343.8426, 160, 160, 160
L 650.5546, 2532.5640, -343.8426,  631.1308, 2530.8921, -343.8426, 160, 160, 160
L 649.6656, 2542.8838, -343.8426,  650.5546, 2532.5640, -343.8426, 160, 160, 160
L 646.7545, 2542.6338, -343.8426,  649.6656, 2542.8838, -343.8426, 160, 160, 160
L 592.1695, 2565.4688, -343.8281,  593.2917, 2567.9358, -343.8426, 160, 160, 160
L 648.3400, 2562.1875, -343.8426,  647.1103, 2572.5730, -343.8426, 160, 160, 160
L 645.9230, 2561.9373, -343.8426,  648.3400, 2562.1875, -343.8426, 160, 160, 160
L 644.3964, 2570.1780, -343.8426,  645.9230, 2561.9373, -343.8426, 160, 160, 160
L 592.1695, 2565.4688, -343.8426,  644.3964, 2570.1780, -343.8426, 160, 160, 160
L 647.1103, 2572.5730, -343.8426,  593.2933, 2567.9363, -343.8426, 160, 160, 160
L 1986.8893, 2695.2476, -343.8426,  1967.4749, 2694.7710, -343.8426, 160, 160, 160
L 1905.6283, 2568.3755, -341.5373,  1924.9966, 2568.2410, -342.4050, 160, 160, 160
L 1837.9657, 2568.3689, -341.5615,  1862.5066, 2568.3765, -341.5344, 160, 160, 160
L 1862.6709, 2528.2876, -341.5380,  1837.8112, 2528.2864, -341.5364, 160, 160, 160
L 1924.7865, 2528.2898, -341.5522,  1900.2499, 2528.2913, -341.5561, 160, 160, 160
L 2025.9905, 2692.2659, -342.6691,  2006.3611, 2691.5442, -343.4123, 160, 160, 160
L 2054.5613, 2664.8240, -342.7826,  2025.9905, 2692.2659, -342.6691, 160, 160, 160
L 2054.8069, 2654.7991, -343.1754,  2054.5613, 2664.8240, -342.7826, 160, 160, 160
L 2058.9856, 2654.9014, -343.2320,  2054.8069, 2654.7991, -343.2352, 160, 160, 160
L 2058.6973, 2666.6619, -342.8759,  2058.9856, 2654.9014, -343.1594, 160, 160, 160
L 2027.6222, 2696.2476, -342.5135,  2058.6973, 2666.6619, -342.6105, 160, 160, 160
L 2006.2587, 2695.7234, -343.4272,  2027.6222, 2696.2476, -342.6947, 160, 160, 160
L 2006.3611, 2691.5442, -343.5461,  2006.2587, 2695.7234, -343.5491, 160, 160, 160
L 2008.6984, 2596.3311, -343.8426,  2008.8014, 2592.1370, -343.8426, 160, 160, 160
L 2028.3268, 2596.8206, -343.8426,  2008.6984, 2596.3311, -343.8426, 160, 160, 160
L 2055.5271, 2625.3892, -343.8426,  2028.3268, 2596.8206, -343.8426, 160, 160, 160
L 2055.2847, 2635.3655, -343.8426,  2055.5271, 2625.3892, -343.8426, 160, 160, 160
L 2059.4688, 2635.5469, -343.8426,  2055.2847, 2635.3655, -343.8426, 160, 160, 160
L 2059.7581, 2623.7598, -343.8426,  2059.4688, 2635.5469, -343.8426, 160, 160, 160
L 2030.1675, 2592.6792, -343.8426,  2059.7581, 2623.7598, -343.8426, 160, 160, 160
L 2008.8014, 2592.1370, -343.8426,  2030.1675, 2592.6792, -343.8426, 160, 160, 160
L 1970.1830, 2591.2002, -343.8426,  1989.4319, 2591.6768, -343.8426, 160, 160, 160
L 1938.9429, 2620.7935, -343.8426,  1970.1830, 2591.2002, -343.8426, 160, 160, 160
L 1937.8821, 2663.6880, -343.8426,  1938.9429, 2620.7935, -343.8426, 160, 160, 160
L 1967.4749, 2694.7710, -343.8426,  1937.8821, 2663.6880, -343.8426, 160, 160, 160
L 1986.9917, 2691.6907, -343.8426,  1986.8893, 2695.2476, -343.8426, 160, 160, 160
L 1969.3130, 2690.6353, -343.8426,  1986.9917, 2691.6907, -343.8426, 160, 160, 160
L 1942.1106, 2662.6387, -343.8426,  1969.3130, 2690.6353, -343.8426, 160, 160, 160
L 1943.7909, 2622.6238, -343.8426,  1942.1106, 2662.6387, -343.8426, 160, 160, 160
L 1971.6503, 2595.4219, -343.8426,  1943.7909, 2622.6238, -343.8426, 160, 160, 160
L 1989.3290, 2595.8555, -343.8426,  1971.6503, 2595.4219, -343.8426, 160, 160, 160
L 1989.4319, 2591.6768, -343.8426,  1989.3290, 2595.8555, -343.8426, 160, 160, 160
L 2025.5597, 2470.9529, -343.8426,  2025.8499, 2474.3235, -343.8426, 160, 160, 160
L 2006.2560, 2472.6150, -343.8426,  2006.5468, 2475.9861, -343.8426, 160, 160, 160
L 1983.6128, 2436.6697, -343.8426,  1985.8173, 2436.4324, -343.8426, 160, 160, 160
L 1987.4794, 2455.7356, -343.8426,  1984.7238, 2455.9734, -343.8426, 160, 160, 160
L 1979.8589, 2367.2432, -343.8426,  1985.8173, 2436.4324, -343.8426, 160, 160, 160
L 2095.4241, 2374.9651, -343.8426,  2093.9131, 2357.4214, -343.8426, 160, 160, 160
L 2067.2576, 2382.1890, -343.8426,  2095.4241, 2374.9651, -343.8426, 160, 160, 160
L 2059.3030, 2406.8855, -343.8426,  2067.2576, 2382.1890, -343.8426, 160, 160, 160
L 2038.6819, 2409.1841, -343.8426,  2059.3030, 2406.8855, -343.8426, 160, 160, 160
L 2043.8655, 2469.3770, -343.8426,  2038.6819, 2409.1841, -343.8426, 160, 160, 160
L 2025.5597, 2470.9529, -343.8426,  2043.8655, 2469.3770, -343.8426, 160, 160, 160
L 1989.6028, 2474.9629, -343.8426,  2006.2560, 2472.6150, -343.8426, 160, 160, 160
L 1987.4794, 2455.7356, -343.8426,  1989.6028, 2474.9629, -343.8426, 160, 160, 160
L 1975.4406, 2348.1768, -343.8426,  1978.1967, 2347.9397, -343.8426, 160, 160, 160
L 1979.8589, 2367.2432, -343.8426,  1977.1028, 2367.4805, -343.8426, 160, 160, 160
L 1976.6873, 2330.4119, -343.8426,  1978.1967, 2347.9397, -343.8426, 160, 160, 160
L 2090.8235, 2321.5408, -343.8426,  1976.6873, 2330.4119, -343.8426, 160, 160, 160
L 2092.2505, 2338.1177, -343.8426,  2090.8235, 2321.5408, -343.8426, 160, 160, 160
L 2095.6204, 2337.8279, -343.8426,  2092.2505, 2338.1177, -343.8426, 160, 160, 160
L 2097.2891, 2357.1309, -343.8426,  2093.9131, 2357.4214, -343.8426, 160, 160, 160
L 2095.6204, 2337.8279, -343.8426,  2093.8545, 2317.2837, -343.8426, 160, 160, 160
L 2099.4878, 2377.6404, -343.8426,  2097.2891, 2357.1309, -343.8426, 160, 160, 160
L 2069.8687, 2384.9351, -343.8426,  2099.4878, 2377.6404, -343.8426, 160, 160, 160
L 2061.6724, 2411.1670, -343.8426,  2069.8687, 2384.9351, -343.8426, 160, 160, 160
L 2041.8490, 2412.7239, -343.8426,  2061.6724, 2411.1670, -343.8426, 160, 160, 160
L 2046.9972, 2472.5027, -343.8426,  2041.8490, 2412.7239, -343.8426, 160, 160, 160
L 2025.8499, 2474.3235, -343.8426,  2046.9972, 2472.5027, -343.8426, 160, 160, 160
L 1986.5950, 2477.7039, -343.8426,  2006.5468, 2475.9861, -343.8426, 160, 160, 160
L 1984.7238, 2455.9734, -343.8426,  1986.5950, 2477.7039, -343.8426, 160, 160, 160
L 1977.1028, 2367.4805, -343.8426,  1983.6128, 2436.6697, -343.8426, 160, 160, 160
L 1973.6724, 2327.6338, -343.8426,  1975.4406, 2348.1768, -343.8426, 160, 160, 160
L 2093.8545, 2317.2837, -343.8426,  1973.6724, 2327.6338, -343.8426, 160, 160, 160
L 2132.8533, 2261.8262, -343.8426,  2136.3848, 2290.5491, -343.8426, 160, 160, 160
L 2103.6326, 2265.6680, -343.8426,  2132.8533, 2261.8262, -343.8426, 160, 160, 160
L 2106.8184, 2293.7903, -343.8426,  2103.6326, 2265.6680, -343.8426, 160, 160, 160
L 2136.3848, 2290.5491, -343.8426,  2106.8184, 2293.7903, -343.8426, 160, 160, 160
L 2586.2400, 2321.2266, -343.5905,  2573.4324, 2321.7039, -343.5640, 160, 160, 160
L 2590.8909, 2336.8191, -343.4105,  2590.3250, 2320.7974, -343.3967, 160, 160, 160
L 2576.9102, 2341.6150, -343.5740,  2590.3438, 2341.1167, -343.5611, 160, 160, 160
L 2572.4456, 2323.6189, -343.5926,  2572.6387, 2339.5850, -343.5631, 160, 160, 160
L 2409.7227, 2363.5730, -343.8426,  2409.7227, 2368.4407, -343.8426, 160, 160, 160
L 2425.4639, 2363.5730, -343.8426,  2409.7227, 2363.5730, -343.8426, 160, 160, 160
L 2425.4590, 2348.4866, -343.8426,  2425.4639, 2363.5730, -343.8426, 160, 160, 160
L 2429.9102, 2348.2251, -343.8426,  2425.4590, 2348.4866, -343.8426, 160, 160, 160
L 2429.9092, 2368.4402, -343.8426,  2429.9102, 2348.2251, -343.8426, 160, 160, 160
L 2409.7227, 2368.4407, -343.8426,  2429.9092, 2368.4402, -343.8426, 160, 160, 160
L 2370.1741, 2355.4441, -343.8426,  2370.1741, 2363.8313, -343.8426, 160, 160, 160
L 2370.1753, 2309.5425, -343.8426,  2370.1746, 2328.8787, -343.8426, 160, 160, 160
L 2428.2793, 2308.7061, -343.8426,  2371.6521, 2308.7061, -343.8426, 160, 160, 160
L 2429.9097, 2328.7327, -343.8426,  2429.9097, 2309.9048, -343.8426, 160, 160, 160
L 2425.4590, 2328.7322, -343.8426,  2429.9097, 2328.7327, -343.8423, 160, 160, 160
L 2425.4639, 2313.5696, -343.8426,  2425.4590, 2328.7322, -343.8426, 160, 160, 160
L 2375.4246, 2313.5696, -343.8426,  2425.4639, 2313.5696, -343.8426, 160, 160, 160
L 2375.4209, 2328.8792, -343.8426,  2375.4246, 2313.5696, -343.8426, 160, 160, 160
L 2370.1746, 2328.8787, -343.8426,  2375.4209, 2328.8792, -343.8426, 160, 160, 160
L 2370.1753, 2368.4407, -343.8426,  2370.1746, 2348.2537, -343.8426, 160, 160, 160
L 2390.3477, 2368.4407, -343.8426,  2370.1753, 2368.4407, -343.8426, 160, 160, 160
L 2390.3477, 2363.5735, -343.8426,  2390.3477, 2368.4407, -343.8426, 160, 160, 160
L 2375.4097, 2363.5735, -343.8426,  2390.3477, 2363.5735, -343.8426, 160, 160, 160
L 2375.4258, 2348.2537, -343.8426,  2375.4097, 2363.5735, -343.8426, 160, 160, 160
L 2370.1746, 2348.2537, -343.8426,  2375.4258, 2348.2537, -343.8426, 160, 160, 160
L 2164.3079, 2285.6641, -343.8426,  2169.6355, 2339.1592, -343.8426, 160, 160, 160
L 2203.1250, 2281.2449, -343.8426,  2164.3079, 2285.6641, -343.8426, 160, 160, 160
L 2239.2310, 2313.5276, -343.8426,  2203.1250, 2281.2449, -343.8426, 160, 160, 160
L 2297.6077, 2308.7996, -343.8426,  2239.2310, 2313.5276, -343.8426, 160, 160, 160
L 2298.7920, 2326.4385, -343.8426,  2297.6077, 2308.7996, -343.8426, 160, 160, 160
L 2294.3296, 2326.8760, -343.8426,  2298.7920, 2326.4385, -343.8426, 160, 160, 160
L 2292.9397, 2312.7664, -343.8426,  2294.3296, 2326.8760, -343.8426, 160, 160, 160
L 2239.3018, 2317.4861, -343.8426,  2292.9397, 2312.7664, -343.8426, 160, 160, 160
L 2202.3318, 2285.8206, -343.8426,  2239.3018, 2317.4861, -343.8426, 160, 160, 160
L 2169.2017, 2289.8411, -343.8426,  2202.3318, 2285.8206, -343.8426, 160, 160, 160
L 2173.9971, 2338.7295, -343.8426,  2169.2017, 2289.8411, -343.8426, 160, 160, 160
L 2169.6355, 2339.1592, -343.8426,  2173.9971, 2338.7295, -343.8426, 160, 160, 160
L 2211.8604, 2405.4622, -343.8426,  2205.1929, 2406.4590, -343.8426, 160, 160, 160
L 2242.9031, 2372.7898, -343.8426,  2211.8604, 2405.4622, -343.8426, 160, 160, 160
L 2298.2842, 2367.3147, -343.8426,  2242.9031, 2372.7898, -343.8426, 160, 160, 160
L 2296.2288, 2346.1592, -343.8426,  2298.2842, 2367.3147, -343.8426, 160, 160, 160
L 2300.6912, 2345.7200, -343.8426,  2296.2288, 2346.1592, -343.8426, 160, 160, 160
L 2303.1626, 2370.8108, -343.8426,  2300.6912, 2345.7200, -343.8426, 160, 160, 160
L 2244.4600, 2376.5901, -343.8426,  2303.1626, 2370.8108, -343.8426, 160, 160, 160
L 2215.4158, 2409.6204, -343.8426,  2244.4600, 2376.5901, -343.8426, 160, 160, 160
L 2205.6392, 2410.5818, -343.8426,  2215.4158, 2409.6204, -343.8426, 160, 160, 160
L 2205.1929, 2406.4590, -343.8426,  2205.6392, 2410.5818, -343.8426, 160, 160, 160
L 2185.8877, 2407.7271, -343.8426,  2186.3577, 2412.4810, -343.8426, 160, 160, 160
L 2180.7046, 2408.1746, -343.8426,  2185.8877, 2407.7271, -343.8426, 160, 160, 160
L 2175.8584, 2358.1487, -343.8426,  2180.7046, 2408.1746, -343.8426, 160, 160, 160
L 2171.5352, 2358.4407, -343.8426,  2175.8584, 2358.1487, -343.8426, 160, 160, 160
L 2176.9485, 2413.4080, -343.8426,  2171.5352, 2358.4407, -343.8426, 160, 160, 160
L 2186.3577, 2412.4810, -343.8426,  2176.9485, 2413.4080, -343.8426, 160, 160, 160
L 2153.5049, 2438.6167, -343.8426,  2153.5044, 2468.7500, -343.8426, 160, 160, 160
L 2124.6060, 2438.6160, -343.8426,  2153.5049, 2438.6167, -343.8426, 160, 160, 160
L 2124.6055, 2468.7500, -343.8426,  2124.6060, 2438.6160, -343.8426, 160, 160, 160
L 2153.5044, 2468.7500, -343.8426,  2124.6055, 2468.7500, -343.8426, 160, 160, 160
L 2429.5752, 2472.1519, -340.6890,  2433.4810, 2522.9500, -340.6893, 160, 160, 160
L 2384.3882, 2525.6343, -340.9950,  2433.4810, 2522.9500, -340.7910, 160, 160, 160
L 2322.2771, 2530.7920, -341.5095,  2359.4861, 2528.1558, -341.3014, 160, 160, 160
L 2165.4517, 2544.4700, -341.5615,  2297.7305, 2533.2942, -341.5615, 160, 160, 160
L 2122.5730, 2548.7256, -341.6503,  2165.4517, 2544.4700, -341.5615, 160, 160, 160
L 1919.5575, 2566.1133, -341.6530,  2122.5730, 2548.7256, -341.6503, 160, 160, 160
L 1862.6709, 2520.1143, -341.7753,  1900.1377, 2517.5845, -341.5615, 160, 160, 160
L 1801.4717, 2526.3943, -341.5615,  1838.2759, 2522.7378, -339.9621, 160, 160, 160
L 1762.1138, 2529.9319, -341.5615,  1801.4717, 2526.3943, -341.5615, 160, 160, 160
L 1663.2742, 2518.3777, -341.7549,  1762.1138, 2529.9319, -341.5615, 160, 160, 160
L 1564.3008, 2509.6194, -341.5615,  1663.2742, 2518.3777, -341.7549, 160, 160, 160
L 1445.4762, 2500.3997, -341.7359,  1564.3008, 2509.6194, -341.5615, 160, 160, 160
L 1410.7643, 2495.6956, -341.9325,  1445.4762, 2500.3997, -341.7359, 160, 160, 160
L 1353.8710, 2486.9507, -342.6524,  1410.7643, 2495.6956, -341.9325, 160, 160, 160
L 1267.1431, 2474.8582, -343.4823,  1353.8710, 2486.9507, -342.6524, 160, 160, 160
L 1125.1143, 2472.1670, -341.6247,  1267.1431, 2474.8582, -343.4823, 160, 160, 160
L 1024.7166, 2487.6460, -341.5615,  1125.1143, 2472.1670, -341.6247, 160, 160, 160
L 900.3382, 2486.5452, -341.5615,  1024.7166, 2487.6460, -341.5615, 160, 160, 160
L 885.5807, 2487.4358, -341.5615,  900.3382, 2486.5452, -341.5615, 160, 160, 160
L 887.8207, 2516.8816, -341.5831,  885.5807, 2487.4358, -341.5615, 160, 160, 160
L 889.1700, 2541.2188, -341.7522,  887.8207, 2516.8816, -341.5831, 160, 160, 160
L 893.3478, 2548.8389, -341.6745,  889.1700, 2541.2188, -341.7522, 160, 160, 160
L 1023.5395, 2542.8809, -341.5615,  893.3478, 2548.8389, -341.6745, 160, 160, 160
L 1103.9799, 2527.6641, -341.5615,  1023.5395, 2542.8809, -341.5615, 160, 160, 160
L 1153.5790, 2523.8230, -341.7764,  1103.9799, 2527.6641, -341.5615, 160, 160, 160
L 1226.4701, 2533.4878, -342.8215,  1153.5790, 2523.8230, -341.7764, 160, 160, 160
L 1384.9655, 2554.4639, -342.4096,  1226.4701, 2533.4878, -342.8215, 160, 160, 160
L 1404.1082, 2555.8506, -342.1614,  1384.9655, 2554.4639, -342.4096, 160, 160, 160
L 1447.3848, 2560.9739, -341.7504,  1404.1082, 2555.8506, -342.1614, 160, 160, 160
L 1658.3632, 2579.9888, -341.5615,  1447.3848, 2560.9739, -341.7504, 160, 160, 160
L 1689.3792, 2582.4043, -341.5615,  1658.3632, 2579.9888, -341.5615, 160, 160, 160
L 1775.6155, 2590.6060, -341.5615,  1689.3792, 2582.4043, -341.5615, 160, 160, 160
L 1837.8324, 2579.2820, -341.5615,  1775.6155, 2590.6060, -341.5615, 160, 160, 160
L 1919.5575, 2566.1133, -341.5615,  1862.5492, 2576.5469, -341.5713, 160, 160, 160
L 1930.7477, 2597.5171, -343.8426,  1930.7483, 2565.1548, -343.8426, 160, 160, 160
L 1894.7804, 2597.5164, -343.8426,  1930.7477, 2597.5171, -343.8426, 160, 160, 160
L 1894.7804, 2570.3660, -343.8426,  1894.7804, 2597.5164, -343.8426, 160, 160, 160
L 1868.4037, 2597.5164, -343.8426,  1868.4037, 2575.1648, -343.8192, 160, 160, 160
L 1832.4368, 2597.5159, -343.8426,  1868.4037, 2597.5164, -343.8426, 160, 160, 160
L 1832.4363, 2580.3240, -343.8426,  1832.4368, 2597.5159, -343.8426, 160, 160, 160
L 1837.8112, 2528.2864, -341.5615,  1837.9098, 2505.4727, -342.6490, 160, 160, 160
L 1837.6803, 2591.1868, -342.6490,  1837.9657, 2568.3689, -341.5215, 160, 160, 160
L 1862.6941, 2591.1897, -342.6160,  1837.6803, 2591.1868, -342.5200, 160, 160, 160
L 1862.5066, 2568.3765, -341.5360,  1862.6941, 2591.1897, -342.3930, 160, 160, 160
L 1862.6709, 2505.4722, -342.6150,  1862.6709, 2528.2876, -342.6110, 160, 160, 160
L 1837.9098, 2505.4727, -342.6450,  1862.6709, 2505.4722, -342.6490, 160, 160, 160
L 1832.4368, 2498.1392, -343.8426,  1832.4358, 2523.3179, -343.8426, 160, 160, 160
L 1868.4048, 2498.1404, -343.8426,  1832.4368, 2498.1392, -343.8426, 160, 160, 160
L 1868.4036, 2519.7273, -343.2608,  1868.4048, 2498.1404, -343.8426, 160, 160, 160
L 1894.7802, 2498.1409, -343.8426,  1894.7804, 2517.9463, -343.8426, 160, 160, 160
L 1930.7476, 2498.1409, -343.8426,  1894.7802, 2498.1409, -343.8426, 160, 160, 160
L 1930.7476, 2498.1409, -343.8426,  1930.7476, 2514.8711, -343.8426, 160, 160, 160
L 1924.8810, 2520.8047, -341.5126,  1925.5398, 2506.2146, -342.1580, 160, 160, 160
L 1924.9921, 2591.1868, -341.9691,  1924.9966, 2568.2410, -341.9805, 160, 160, 160
L 1900.6530, 2591.1890, -342.5840,  1924.9921, 2591.1868, -342.4840, 160, 160, 160
L 1900.6509, 2569.4871, -342.5230,  1900.6530, 2591.1890, -342.5180, 160, 160, 160
L 1900.1167, 2505.5000, -342.6490,  1900.2499, 2528.2913, -341.5176, 160, 160, 160
L 1925.3628, 2505.4717, -342.5230,  1900.1167, 2505.5000, -341.9384, 160, 160, 160
L 1924.7865, 2528.2898, -341.5613,  1925.3628, 2505.4717, -342.4890, 160, 160, 160
L 2015.9126, 2507.4087, -341.5840,  1924.4146, 2515.4263, -339.8140, 160, 160, 160
L 2294.5608, 2483.6636, -341.5615,  2015.9126, 2507.4087, -341.5840, 160, 160, 160
L 2356.9043, 2478.1746, -341.3697,  2319.2288, 2481.3489, -341.4743, 160, 160, 160
L 2351.4224, 2478.6365, -343.8426,  2349.7952, 2452.1470, -343.8426, 160, 160, 160
L 2355.8892, 2551.3372, -343.8426,  2354.4871, 2528.5098, -343.3362, 160, 160, 160
L 2328.1746, 2530.3738, -343.8426,  2329.5635, 2552.9551, -343.8426, 160, 160, 160
L 2323.4688, 2453.7654, -343.8426,  2325.1331, 2480.8516, -343.8426, 160, 160, 160
L 2318.9856, 2474.4087, -342.2049,  2318.3633, 2464.3201, -342.1961, 160, 160, 160
L 2323.5691, 2546.9749, -342.1218,  2321.7576, 2524.2771, -341.4372, 160, 160, 160
L 2298.4214, 2548.5308, -342.2448,  2323.5691, 2546.9749, -342.2124, 160, 160, 160
L 2297.3892, 2525.7747, -341.5475,  2298.4214, 2548.5308, -342.2305, 160, 160, 160
L 2293.2820, 2462.9893, -342.2447,  2294.6858, 2485.6851, -342.2205, 160, 160, 160
L 2318.1924, 2461.4556, -342.1451,  2293.2820, 2462.9893, -342.1379, 160, 160, 160
L 2319.6016, 2484.1570, -342.2448,  2318.1924, 2461.4556, -342.2260, 160, 160, 160
L 2380.4280, 2457.6265, -342.2441,  2381.8013, 2480.2476, -342.2065, 160, 160, 160
L 2355.4966, 2459.4800, -342.2448,  2380.4280, 2457.6265, -342.2212, 160, 160, 160
L 2356.9949, 2481.8206, -341.9861,  2355.4966, 2459.4800, -342.2278, 160, 160, 160
L 2360.7715, 2544.6941, -342.2445,  2359.3948, 2522.2659, -341.9075, 160, 160, 160
L 2385.7090, 2543.1626, -342.2228,  2360.7715, 2544.6941, -342.2210, 160, 160, 160
L 2384.5901, 2520.5586, -341.4717,  2385.7090, 2543.1626, -342.2409, 160, 160, 160
L 2359.3948, 2522.2659, -341.2425,  2384.5901, 2520.5586, -341.1064, 160, 160, 160
L 2297.3892, 2525.7747, -341.5425,  2321.7576, 2524.2771, -341.5432, 160, 160, 160
L 2319.6016, 2484.1570, -341.4909,  2294.6858, 2485.6851, -341.4845, 160, 160, 160
L 2381.8013, 2480.2476, -341.1306,  2356.9949, 2481.8206, -341.3079, 160, 160, 160
L 2391.7891, 2549.1326, -343.8426,  2390.3213, 2525.1956, -343.8426, 160, 160, 160
L 2355.8892, 2551.3372, -343.8426,  2391.7891, 2549.1326, -343.8426, 160, 160, 160
L 2293.6631, 2555.1602, -343.8426,  2329.5635, 2552.9551, -343.8426, 160, 160, 160
L 2292.3477, 2533.7488, -343.8426,  2293.6631, 2555.1602, -343.8426, 160, 160, 160
L 2287.5696, 2455.9688, -343.8426,  2289.2969, 2484.1121, -343.8426, 160, 160, 160
L 2323.4688, 2453.7654, -343.8426,  2287.5696, 2455.9688, -343.8426, 160, 160, 160
L 2385.6956, 2449.9424, -343.8426,  2349.7952, 2452.1470, -343.8426, 160, 160, 160
L 2387.2754, 2475.6653, -343.7151,  2385.6956, 2449.9424, -343.8426, 160, 160, 160
L 2429.5906, 2471.5481, -340.9499,  2381.5569, 2476.2217, -341.1211, 160, 160, 160
L 2591.9771, 2407.7625, -343.5937,  2576.5889, 2408.3340, -343.5720, 160, 160, 160
L 2594.9468, 2422.1182, -343.5647,  2593.6509, 2410.1199, -343.5754, 160, 160, 160
L 2578.5059, 2428.3047, -343.5790,  2592.2776, 2427.7913, -343.5514, 160, 160, 160
L 2575.2964, 2412.1934, -343.5937,  2575.7913, 2425.4788, -343.5937, 160, 160, 160
L 2465.3611, 2478.2996, -343.8426,  2465.4341, 2471.6050, -343.8426, 160, 160, 160
L 2495.5403, 2512.4634, -343.8426,  2465.3611, 2478.2996, -343.8426, 160, 160, 160
L 2495.1343, 2568.7288, -343.8426,  2495.5403, 2512.4634, -343.8426, 160, 160, 160
L 2516.1089, 2568.7251, -343.8426,  2495.1343, 2568.7288, -343.8426, 160, 160, 160
L 2516.1084, 2572.5574, -343.8423,  2516.1089, 2568.7251, -343.8423, 160, 160, 160
L 2490.8987, 2572.5574, -343.8426,  2516.1084, 2572.5574, -343.8426, 160, 160, 160
L 2490.8992, 2513.5706, -343.8426,  2490.8987, 2572.5574, -343.8426, 160, 160, 160
L 2460.8755, 2481.4297, -343.8426,  2490.8992, 2513.5706, -343.8426, 160, 160, 160
L 2460.8755, 2471.6050, -343.8426,  2460.8755, 2481.4297, -343.8426, 160, 160, 160
L 2465.4341, 2471.6050, -343.8426,  2460.8755, 2471.6050, -343.8426, 160, 160, 160
L 2460.8755, 2442.7754, -343.8426,  2518.3975, 2442.7759, -343.8426, 160, 160, 160
L 2460.8755, 2452.2300, -343.8426,  2460.8755, 2442.7754, -343.8426, 160, 160, 160
L 2465.6531, 2452.2288, -343.8426,  2460.8755, 2452.2300, -343.8426, 160, 160, 160
L 2465.7156, 2447.2659, -343.8426,  2465.6531, 2452.2288, -343.8426, 160, 160, 160
L 2515.8147, 2447.1194, -343.8426,  2465.7156, 2447.2659, -343.8426, 160, 160, 160
L 2518.3975, 2442.7759, -343.8179,  2515.8147, 2447.1194, -343.8426, 160, 160, 160
L 2585.3599, 2480.5425, -343.8426,  2585.3599, 2480.5420, -343.8426, 160, 160, 160
L 2585.3599, 2447.2520, -343.8426,  2585.3599, 2480.5425, -343.8426, 160, 160, 160
L 2535.4834, 2447.1580, -343.8426,  2585.3599, 2447.2520, -343.8426, 160, 160, 160
L 2535.4834, 2442.7759, -343.8426,  2535.4834, 2447.1580, -343.8426, 160, 160, 160
L 2589.8362, 2442.7759, -343.8426,  2535.4834, 2442.7759, -343.8426, 160, 160, 160
L 2589.8367, 2481.7803, -343.8426,  2589.8362, 2442.7759, -343.8426, 160, 160, 160
L 2554.1702, 2514.5481, -343.8426,  2589.8367, 2481.7803, -343.8426, 160, 160, 160
L 2553.2063, 2572.5569, -343.8426,  2554.1702, 2514.5481, -343.8426, 160, 160, 160
L 2535.4839, 2572.5574, -343.8426,  2553.2063, 2572.5569, -343.8426, 160, 160, 160
L 2535.4854, 2568.7271, -343.8426,  2535.4839, 2572.5574, -343.8426, 160, 160, 160
L 2549.6626, 2568.7271, -343.8426,  2535.4854, 2568.7271, -343.8426, 160, 160, 160
L 2550.6580, 2514.2747, -343.8426,  2549.6626, 2568.7271, -343.8426, 160, 160, 160
L 2585.3599, 2480.5425, -343.8426,  2550.6580, 2514.2747, -343.8426, 160, 160, 160
L -3906.1868, 2433.7891, -343.5937,  -3907.1470, 2452.1536, -343.5937, 160, 160, 160
L -3926.2500, 2432.5591, -343.5937,  -3906.1868, 2433.7891, -343.5905, 160, 160, 160
L -3927.1509, 2450.9490, -343.5937,  -3926.2500, 2432.5591, -343.5937, 160, 160, 160
L -3907.1470, 2452.1536, -343.5937,  -3927.1509, 2450.9490, -343.5937, 160, 160, 160
L -3821.9590, 2457.4021, -343.5822,  -3801.9607, 2458.6287, -343.5774, 160, 160, 160
L -3820.8306, 2439.2637, -343.5924,  -3821.9590, 2457.4021, -343.5914, 160, 160, 160
L -3800.8318, 2440.2522, -343.5923,  -3820.8306, 2439.2637, -343.5821, 160, 160, 160
L -3801.9607, 2458.6287, -343.5926,  -3800.8318, 2440.2522, -343.5923, 160, 160, 160
L -3800.1143, 2630.3223, -343.8278,  -3804.5220, 2630.4053, -343.8426, 160, 160, 160
L -3798.1460, 2628.7942, -343.6365,  -3800.1143, 2630.3223, -343.8278, 160, 160, 160
L -3798.1436, 2629.1409, -343.4825,  -3780.1707, 2628.9126, -342.1496, 160, 160, 160
L -3798.2852, 2609.3184, -341.5049,  -3798.1436, 2629.1409, -343.4442, 160, 160, 160
L -3779.7139, 2609.3914, -340.8813,  -3798.2852, 2609.3184, -341.2280, 160, 160, 160
L -3780.1707, 2628.9126, -341.7413,  -3779.7139, 2609.3914, -341.3818, 160, 160, 160
L -3775.8931, 2608.9712, -341.3285,  -3779.7991, 2613.3831, -341.6861, 160, 160, 160
L -3774.5098, 2604.6211, -341.1533,  -3775.8931, 2608.9712, -341.2780, 160, 160, 160
L -3804.5198, 2604.2388, -343.7810,  -3774.5098, 2604.6211, -341.6163, 160, 160, 160
L -3804.5220, 2630.4053, -343.8426,  -3804.5198, 2604.2388, -343.8426, 160, 160, 160
L -3879.5972, 2612.3008, -343.5912,  -3859.6353, 2610.5828, -343.5860, 160, 160, 160
L -3878.1758, 2630.6443, -343.5892,  -3879.5972, 2612.3008, -343.5890, 160, 160, 160
L -3858.5540, 2628.9258, -343.5912,  -3878.1758, 2630.6443, -343.5905, 160, 160, 160
L -3859.6353, 2610.5828, -343.5912,  -3858.5540, 2628.9258, -343.5912, 160, 160, 160
L -3887.4097, 2523.8853, -343.8426,  -3886.9983, 2526.3350, -343.6786, 160, 160, 160
L -3903.3296, 2470.6023, -343.8426,  -3834.5823, 2474.8230, -343.8426, 160, 160, 160
L -3794.4961, 2474.5176, -343.8426,  -3815.7581, 2473.2532, -343.8426, 160, 160, 160
L -3795.6863, 2493.8936, -343.8426,  -3794.4961, 2474.5176, -343.8426, 160, 160, 160
L -3796.1912, 2503.8296, -343.8426,  -3795.3755, 2494.3611, -343.8426, 160, 160, 160
L -3801.8926, 2594.9158, -343.8426,  -3796.3167, 2504.1497, -343.8426, 160, 160, 160
L -3822.4727, 2593.6514, -343.8426,  -3801.8926, 2594.9158, -343.8426, 160, 160, 160
L -3822.2654, 2590.2747, -343.8426,  -3822.4727, 2593.6514, -343.8426, 160, 160, 160
L -3805.6597, 2591.2952, -343.8426,  -3822.2654, 2590.2747, -343.8426, 160, 160, 160
L -3801.6377, 2533.6858, -343.8426,  -3805.6597, 2591.2952, -343.8426, 160, 160, 160
L -3853.3816, 2526.8538, -343.8426,  -3853.8755, 2529.4368, -343.8426, 160, 160, 160
L -3801.6377, 2533.6858, -343.8426,  -3854.2139, 2529.1360, -343.8202, 160, 160, 160
L -3934.3838, 2511.7925, -343.6768,  -3937.2952, 2511.5420, -343.6252, 160, 160, 160
L -3935.6731, 2519.7261, -343.5520,  -3934.3838, 2511.7925, -343.6487, 160, 160, 160
L -3887.4097, 2523.8853, -343.8426,  -3935.6731, 2519.7261, -343.5520, 160, 160, 160
L -3938.1895, 2521.9268, -343.5319,  -3886.9983, 2526.3350, -343.8423, 160, 160, 160
L -3937.2952, 2511.5420, -343.5686,  -3938.1895, 2521.9268, -343.5282, 160, 160, 160
L -3945.3899, 2523.1536, -343.5507,  -3943.8770, 2504.8101, -343.5432, 160, 160, 160
L -3884.6946, 2526.8584, -343.8426,  -3945.3899, 2523.1536, -343.5507, 160, 160, 160
L -3885.4883, 2547.5767, -343.8426,  -3884.6946, 2526.8584, -343.8426, 160, 160, 160
L -3862.1907, 2559.8638, -343.8426,  -3885.4883, 2547.5767, -343.8426, 160, 160, 160
L -3859.1792, 2588.7000, -343.8426,  -3862.1907, 2559.8638, -343.8426, 160, 160, 160
L -3841.6038, 2589.8660, -343.8426,  -3859.1792, 2588.7000, -343.8426, 160, 160, 160
L -3841.8113, 2592.4634, -343.8426,  -3841.6038, 2589.8660, -343.8426, 160, 160, 160
L -3862.3577, 2591.2007, -343.8426,  -3841.8113, 2592.4634, -343.8426, 160, 160, 160
L -3865.2920, 2561.2654, -343.8426,  -3862.3577, 2591.2007, -343.8426, 160, 160, 160
L -3889.8877, 2549.3306, -343.8426,  -3865.2920, 2561.2654, -343.8426, 160, 160, 160
L -3888.6680, 2529.4712, -343.8426,  -3889.8877, 2549.3306, -343.8426, 160, 160, 160
L -3948.5552, 2525.7920, -343.6052,  -3888.6680, 2529.4712, -343.8426, 160, 160, 160
L -3947.2549, 2504.6282, -343.4739,  -3948.5552, 2525.7920, -343.5550, 160, 160, 160
L -3943.8770, 2504.8101, -343.5939,  -3947.2549, 2504.6282, -343.5185, 160, 160, 160
L -3941.6309, 2468.2471, -343.8426,  -3923.2371, 2469.3794, -343.8426, 160, 160, 160
L -3942.6890, 2485.4761, -343.8426,  -3941.6309, 2468.2471, -343.8426, 160, 160, 160
L -3946.6531, 2485.2681, -343.8426,  -3942.6890, 2485.4761, -343.8426, 160, 160, 160
L -3944.8372, 2465.2813, -343.8426,  -3946.6531, 2485.2681, -343.8426, 160, 160, 160
L -3923.6746, 2466.6182, -343.8426,  -3944.8372, 2465.2813, -343.8426, 160, 160, 160
L -3923.2371, 2469.3794, -343.8426,  -3923.6746, 2466.6182, -343.8426, 160, 160, 160
L -3853.5022, 2468.9163, -343.8426,  -3853.6709, 2470.8821, -343.8426, 160, 160, 160
L -3832.7576, 2470.8633, -343.8426,  -3853.5022, 2468.9163, -343.8426, 160, 160, 160
L -3814.7620, 2492.2505, -343.8426,  -3832.7576, 2470.8633, -343.8426, 160, 160, 160
L -3798.8401, 2493.6221, -343.8423,  -3814.7620, 2492.2505, -343.8426, 160, 160, 160
L -3797.6858, 2477.9246, -343.8426,  -3798.8401, 2493.6221, -343.8423, 160, 160, 160
L -3815.2454, 2476.1377, -343.8426,  -3797.6858, 2477.9246, -343.8426, 160, 160, 160
L -3815.7581, 2473.2532, -343.8426,  -3815.2454, 2476.1377, -343.8426, 160, 160, 160
L -3801.4949, 2531.3770, -343.8426,  -3853.3816, 2526.8538, -343.8426, 160, 160, 160
L -3799.1199, 2496.7737, -343.8426,  -3801.4949, 2531.3770, -343.8426, 160, 160, 160
L -3816.6011, 2494.5623, -343.8426,  -3799.1199, 2496.7737, -343.8426, 160, 160, 160
L -3834.4878, 2473.2603, -343.8426,  -3816.6011, 2494.5623, -343.8426, 160, 160, 160
L -3834.5823, 2474.8230, -343.8426,  -3834.4153, 2472.6521, -343.8426, 160, 160, 160
L -3915.2305, 2485.3396, -343.8426,  -3895.8433, 2471.6226, -343.8426, 160, 160, 160
L -3931.9817, 2483.8965, -343.8426,  -3915.2305, 2485.3396, -343.8426, 160, 160, 160
L -3932.7212, 2492.4888, -343.8426,  -3931.9817, 2483.8965, -343.8426, 160, 160, 160
L -3935.6326, 2492.2383, -343.8426,  -3932.7212, 2492.4888, -343.8426, 160, 160, 160
L -3934.6648, 2481.1001, -343.8426,  -3935.6326, 2492.2383, -343.8426, 160, 160, 160
L -3914.7852, 2482.7122, -343.8426,  -3934.6648, 2481.1001, -343.8426, 160, 160, 160
L -3899.9456, 2470.8101, -343.8426,  -3914.7852, 2482.7122, -343.8426, 160, 160, 160
L -3903.7305, 2467.8064, -343.8426,  -3903.8960, 2470.5674, -343.8426, 160, 160, 160
L -3896.7356, 2468.2366, -343.8426,  -3903.7305, 2467.8064, -343.8426, 160, 160, 160
L -3892.9688, 2465.2134, -343.8426,  -3896.7356, 2468.2366, -343.8426, 160, 160, 160
L -3872.7925, 2467.1033, -343.8426,  -3892.9688, 2465.2134, -343.8426, 160, 160, 160
L -3873.1580, 2469.6934, -343.8426,  -3872.7925, 2467.1033, -343.8426, 160, 160, 160
L -3834.4153, 2472.6521, -343.8426,  -3896.7356, 2468.2366, -343.8426, 160, 160, 160
L -3291.7554, 1319.4866, -343.5722,  -3292.2410, 1299.4679, -343.5894, 160, 160, 160
L -3310.1487, 1319.9507, -343.5815,  -3291.7554, 1319.4866, -343.5407, 160, 160, 160
L -3310.6404, 1299.9225, -343.5480,  -3310.1487, 1319.9507, -343.5432, 160, 160, 160
L -3292.2410, 1299.4679, -343.5926,  -3310.6404, 1299.9225, -343.5871, 160, 160, 160
L -3272.1985, 1298.5011, -343.5928,  -3253.7881, 1298.5490, -343.5751, 160, 160, 160
L -3271.7085, 1318.5326, -343.5874,  -3272.1985, 1298.5011, -343.5826, 160, 160, 160
L -3253.2964, 1318.7748, -343.5833,  -3271.7085, 1318.5326, -343.5937, 160, 160, 160
L -3253.7881, 1298.5490, -343.5937,  -3253.2964, 1318.7748, -343.5933, 160, 160, 160
L -3321.4849, 1292.1563, -343.8426,  -3252.3921, 1292.1565, -343.8426, 160, 160, 160
L -3321.4856, 1289.3904, -343.8426,  -3321.4849, 1292.1563, -343.8426, 160, 160, 160
L -3252.3921, 1289.3904, -343.8426,  -3321.4856, 1289.3904, -343.8426, 160, 160, 160
L -3252.3921, 1292.1565, -343.8426,  -3252.3921, 1289.3904, -343.8426, 160, 160, 160
L -3214.2366, 1289.3904, -343.8426,  -3232.6646, 1289.3904, -343.8426, 160, 160, 160
L -3214.2366, 1272.1310, -343.8426,  -3214.2366, 1289.3904, -343.8426, 160, 160, 160
L -3210.8533, 1272.1310, -343.8426,  -3214.2366, 1272.1310, -343.8426, 160, 160, 160
L -3210.8538, 1292.1564, -343.8426,  -3210.8533, 1272.1310, -343.8426, 160, 160, 160
L -3232.6646, 1292.1564, -343.8426,  -3210.8538, 1292.1564, -343.8426, 160, 160, 160
L -3232.6646, 1289.3904, -343.8426,  -3232.6646, 1292.1564, -343.8426, 160, 160, 160
L -3300.8997, 1171.5314, -343.8426,  -3321.4854, 1171.5309, -343.8426, 160, 160, 160
L -3296.1360, 1201.2266, -343.8426,  -3300.8997, 1171.5314, -343.8426, 160, 160, 160
L -3270.8533, 1211.6349, -343.8426,  -3296.1360, 1201.2266, -343.8426, 160, 160, 160
L -3270.8533, 1231.5314, -343.8426,  -3270.8533, 1211.6349, -343.8426, 160, 160, 160
L -3210.8533, 1231.5309, -343.8426,  -3270.8533, 1231.5314, -343.8426, 160, 160, 160
L -3210.8533, 1252.7560, -343.8426,  -3210.8533, 1231.5309, -343.8426, 160, 160, 160
L -3214.2361, 1252.7560, -343.8426,  -3210.8533, 1252.7560, -343.8426, 160, 160, 160
L -3214.2366, 1234.3827, -343.8426,  -3214.2361, 1252.7560, -343.8426, 160, 160, 160
L -3274.6587, 1234.3827, -343.8426,  -3214.2366, 1234.3827, -343.8426, 160, 160, 160
L -3275.1382, 1213.6552, -343.8426,  -3274.6587, 1234.3827, -343.8426, 160, 160, 160
L -3299.9451, 1203.5962, -343.8426,  -3275.1382, 1213.6552, -343.8426, 160, 160, 160
L -3303.8765, 1174.9141, -343.8426,  -3299.9451, 1203.5962, -343.8426, 160, 160, 160
L -3321.4844, 1174.9141, -343.8426,  -3303.8765, 1174.9141, -343.8426, 160, 160, 160
L -3321.4854, 1171.5309, -343.8426,  -3321.4844, 1174.9141, -343.8426, 160, 160, 160
L -3340.8594, 1171.5314, -343.8426,  -3361.4788, 1171.5309, -343.8426, 160, 160, 160
L -3340.8594, 1174.9137, -343.8426,  -3340.8594, 1171.5314, -343.8426, 160, 160, 160
L -3357.4971, 1174.9141, -343.8426,  -3340.8594, 1174.9137, -343.8426, 160, 160, 160
L -3358.4529, 1289.3904, -343.8426,  -3357.4971, 1174.9141, -343.8426, 160, 160, 160
L -3340.8594, 1289.3904, -343.8426,  -3358.4529, 1289.3904, -343.8426, 160, 160, 160
L -3340.8594, 1292.1537, -343.8426,  -3340.8594, 1289.3904, -343.8426, 160, 160, 160
L -3361.4795, 1292.1880, -343.8426,  -3340.8594, 1292.1537, -343.8426, 160, 160, 160
L -3361.4788, 1171.5309, -343.8426,  -3361.4795, 1292.1880, -343.8426, 160, 160, 160
L -3367.9004, 1221.9507, -343.5844,  -3387.8926, 1220.9717, -343.5722, 160, 160, 160
L -3368.8035, 1240.3416, -343.4771,  -3367.9004, 1221.9507, -343.4757, 160, 160, 160
L -3388.7859, 1239.3589, -343.5851,  -3368.8035, 1240.3416, -343.5880, 160, 160, 160
L -3375.6519, 1269.1515, -343.5937,  -3395.5149, 1272.1060, -343.5788, 160, 160, 160
L -3372.9429, 1287.3705, -343.5937,  -3375.6519, 1269.1515, -343.5889, 160, 160, 160
L -3392.7610, 1290.3174, -343.5937,  -3372.9429, 1287.3705, -343.5806, 160, 160, 160
L -3395.5149, 1272.1060, -343.5937,  -3392.7610, 1290.3174, -343.5865, 160, 160, 160
L -3387.8926, 1220.9717, -343.5926,  -3388.7859, 1239.3589, -343.5907, 160, 160, 160
L -3523.6929, 1301.5033, -348.8081,  -3518.8335, 1301.2156, -348.7846, 160, 160, 160
L -3494.3052, 1296.4926, -347.9408,  -3499.4661, 1300.5790, -348.5672, 160, 160, 160
L -3494.3052, 1284.4070, -347.1200,  -3494.3052, 1296.4926, -347.3326, 160, 160, 160
L -3499.3584, 1289.7240, -345.8951,  -3517.8101, 1289.6890, -345.9001, 160, 160, 160
L -3499.5403, 1308.5000, -349.1173,  -3499.3584, 1289.7240, -346.9859, 160, 160, 160
L -3517.7903, 1308.5010, -349.3792,  -3499.5403, 1308.5000, -349.3618, 160, 160, 160
L -3517.8101, 1289.6890, -346.9499,  -3517.7903, 1308.5010, -348.7361, 160, 160, 160
L -3523.7012, 1283.9955, -347.6413,  -3523.6929, 1301.5033, -348.2912, 160, 160, 160
L -3494.3052, 1284.4070, -347.1360,  -3523.7012, 1283.9955, -347.3296, 160, 160, 160
L -3486.2217, 1216.1377, -343.5656,  -3487.1348, 1234.5320, -343.5924, 160, 160, 160
L -3466.2178, 1217.1183, -343.5930,  -3486.2217, 1216.1377, -343.5858, 160, 160, 160
L -3467.1243, 1235.5132, -343.5812,  -3466.2178, 1217.1183, -343.5901, 160, 160, 160
L -3487.1348, 1234.5320, -343.5932,  -3467.1243, 1235.5132, -343.5865, 160, 160, 160
L -1464.2200, 2376.5596, -340.1259,  -1460.9760, 2452.7886, -340.2989, 160, 160, 160
L -1467.2394, 2773.9617, -340.5340,  -1455.5508, 2771.3760, -340.1240, 160, 160, 160
L -1493.3290, 2763.1543, -340.2210,  -1467.2394, 2773.9617, -340.5340, 160, 160, 160
L -1495.2471, 2760.9290, -340.1240,  -1493.3290, 2763.1543, -340.2210, 160, 160, 160
L -1495.5829, 2476.8914, -340.3340,  -1495.2471, 2760.9290, -340.1240, 160, 160, 160
L -1494.9683, 2400.3379, -340.1240,  -1495.5829, 2476.8914, -340.3340, 160, 160, 160
L -1496.3600, 2376.5596, -340.1301,  -1494.9683, 2400.3379, -340.1240, 160, 160, 160
L -1495.1648, 2426.3328, -346.2479,  -1511.6641, 2425.9297, -345.8104, 160, 160, 160
L -1520.5873, 2446.6924, -345.3213,  -1495.3368, 2447.3123, -346.3149, 160, 160, 160
L -1521.2964, 2475.5818, -344.5966,  -1520.5873, 2446.6924, -345.6330, 160, 160, 160
L -1495.5890, 2476.2183, -345.9952,  -1521.2964, 2475.5818, -344.6576, 160, 160, 160
L -1441.6946, 2477.5359, -343.1603,  -1460.4634, 2477.7688, -343.9771, 160, 160, 160
L -1440.9856, 2448.6460, -342.1064,  -1441.6946, 2477.5359, -342.8353, 160, 160, 160
L -1461.1731, 2448.1509, -343.3967,  -1440.9856, 2448.6460, -342.6000, 160, 160, 160
L -1440.3357, 2427.6792, -341.4277,  -1462.6698, 2427.1492, -342.6820, 160, 160, 160
L -1440.2168, 2398.8118, -340.6369,  -1440.3357, 2427.6792, -341.2585, 160, 160, 160
L -1463.2990, 2398.2012, -342.5160,  -1440.2168, 2398.8118, -341.1406, 160, 160, 160
L -1519.3633, 2396.8323, -344.7590,  -1495.9889, 2397.4280, -345.3446, 160, 160, 160
L -1520.7278, 2425.7422, -345.3113,  -1519.3633, 2396.8323, -344.6772, 160, 160, 160
L -1506.5962, 2426.5308, -346.3100,  -1520.7278, 2425.7422, -345.3928, 160, 160, 160
L -1444.9706, 2403.2769, -340.6155,  -1463.1017, 2402.8306, -340.6181, 160, 160, 160
L -1445.4546, 2423.2925, -340.6154,  -1444.9706, 2403.2769, -340.5840, 160, 160, 160
L -1462.2483, 2422.8860, -340.6263,  -1445.4546, 2423.2925, -340.6028, 160, 160, 160
L -1514.7129, 2421.6150, -340.6236,  -1495.6740, 2422.5127, -340.5751, 160, 160, 160
L -1513.5868, 2401.6128, -340.6258,  -1514.7129, 2421.6150, -340.5998, 160, 160, 160
L -1495.4043, 2402.3069, -340.6263,  -1513.5868, 2401.6128, -340.5299, 160, 160, 160
L -1495.6740, 2422.5127, -340.3675,  -1495.4043, 2402.3069, -340.1309, 160, 160, 160
L -1515.2990, 2471.4783, -340.6181,  -1496.8882, 2471.9319, -340.6224, 160, 160, 160
L -1514.8079, 2451.4524, -340.6168,  -1515.2990, 2471.4783, -340.6148, 160, 160, 160
L -1496.3981, 2451.9021, -340.6265,  -1514.8079, 2451.4524, -340.6173, 160, 160, 160
L -1496.8882, 2471.9319, -340.6265,  -1496.3981, 2451.9021, -340.6206, 160, 160, 160
L -1464.4845, 2452.7073, -340.1236,  -1464.9756, 2472.7168, -340.1229, 160, 160, 160
L -1446.1852, 2453.1316, -340.6265,  -1464.4845, 2452.7073, -340.1252, 160, 160, 160
L -1446.6769, 2473.1636, -340.6265,  -1446.1852, 2453.1316, -340.6261, 160, 160, 160
L -1464.9756, 2472.7168, -340.6259,  -1446.6769, 2473.1636, -340.6202, 160, 160, 160
L -1455.8158, 2626.3379, -340.1240,  -1460.5829, 2473.2532, -340.1240, 160, 160, 160
L -1455.7483, 2740.3477, -340.3116,  -1455.8158, 2626.3379, -340.1240, 160, 160, 160
L -1455.5508, 2771.3760, -340.1784,  -1455.7483, 2740.3477, -340.3116, 160, 160, 160
L -85.5906, 2948.8682, -343.5926,  -105.5549, 2947.1492, -343.5921, 160, 160, 160
L -85.5906, 2948.8682, -343.5937,  -87.1784, 2967.2117, -343.5708, 160, 160, 160
L -107.1261, 2965.4983, -343.5828,  -87.1784, 2967.2117, -343.5656, 160, 160, 160
L -105.5549, 2947.1492, -343.5937,  -107.1261, 2965.4983, -343.5613, 160, 160, 160
L -164.1449, 2944.1331, -343.5756,  -165.4710, 2962.5066, -343.5747, 160, 160, 160
L -144.1522, 2945.1023, -343.5926,  -164.1449, 2944.1331, -343.5480, 160, 160, 160
L -145.3660, 2963.4861, -343.5921,  -144.1522, 2945.1023, -343.5217, 160, 160, 160
L -165.4710, 2962.5066, -343.5498,  -145.3660, 2963.4861, -343.5355, 160, 160, 160
L -171.5687, 3010.9502, -343.5489,  -153.1417, 3010.9412, -343.5262, 160, 160, 160
L -171.5752, 2990.9468, -343.5910,  -171.5687, 3010.9502, -343.5667, 160, 160, 160
L -153.2150, 2990.9180, -343.5912,  -171.5752, 2990.9468, -343.5047, 160, 160, 160
L -153.1417, 3010.9412, -343.5824,  -153.2150, 2990.9180, -343.5912, 160, 160, 160
L -75.2900, 3012.7146, -343.5926,  -74.3945, 2994.3257, -343.5667, 160, 160, 160
L -95.2991, 3011.7371, -343.5926,  -75.2900, 3012.7146, -343.5706, 160, 160, 160
L -94.4014, 2993.3438, -343.5924,  -95.2991, 3011.7371, -343.5735, 160, 160, 160
L -74.3945, 2994.3257, -343.5926,  -94.4014, 2993.3438, -343.5896, 160, 160, 160
L 81.2300, 2922.2356, -343.2640,  71.5537, 2921.8877, -343.1400, 160, 160, 160
L 78.9693, 2977.4314, -343.8426,  81.2300, 2922.2356, -343.1170, 160, 160, 160
L 74.6278, 2977.2715, -343.8426,  78.9693, 2977.4314, -343.8426, 160, 160, 160
L 76.5765, 2926.9126, -343.2273,  74.6278, 2977.2715, -343.8426, 160, 160, 160
L 71.3799, 2926.6631, -343.2196,  76.5765, 2926.9126, -343.2273, 160, 160, 160
L 71.5537, 2921.8877, -343.4500,  71.3799, 2926.6631, -343.1956, 160, 160, 160
L -49.7959, 2947.4617, -343.8426,  -50.7239, 2972.6548, -343.8426, 160, 160, 160
L 9.1503, 2949.6331, -343.8426,  -49.7959, 2947.4617, -343.8426, 160, 160, 160
L 42.3738, 2920.8130, -342.9861,  9.1503, 2949.6331, -343.8426, 160, 160, 160
L 52.1918, 2921.1746, -342.9802,  42.3738, 2920.8130, -342.9673, 160, 160, 160
L 52.2400, 2925.7295, -343.1356,  52.1918, 2921.1746, -343.1200, 160, 160, 160
L 45.3823, 2925.4131, -343.1643,  52.2400, 2925.7295, -343.1738, 160, 160, 160
L 10.8240, 2954.3125, -343.8426,  45.3823, 2925.4131, -343.1643, 160, 160, 160
L -45.4784, 2951.8606, -343.8426,  10.8240, 2954.3125, -343.8426, 160, 160, 160
L -46.2503, 2972.8196, -343.8426,  -45.4784, 2951.8606, -343.8426, 160, 160, 160
L -50.7239, 2972.6548, -343.8426,  -46.2503, 2972.8196, -343.8426, 160, 160, 160
L 39.6995, 3046.3699, -343.8426,  6.3216, 3009.4258, -343.8426, 160, 160, 160
L 5.8369, 3012.8333, -343.8426,  37.2777, 3049.6741, -343.8426, 160, 160, 160
L 72.2613, 3047.4297, -343.8426,  39.6995, 3046.3699, -343.8426, 160, 160, 160
L 73.8744, 2996.6321, -343.8426,  72.2613, 3047.4297, -343.8426, 160, 160, 160
L 78.2562, 2996.7935, -343.8426,  73.8744, 2996.6321, -343.8426, 160, 160, 160
L 76.2840, 3050.3384, -343.8426,  78.2562, 2996.7935, -343.8426, 160, 160, 160
L 37.2777, 3049.6741, -343.8426,  75.1324, 3051.6841, -343.8426, 160, 160, 160
L -52.8930, 3009.7271, -343.8426,  5.8369, 3012.8333, -343.8426, 160, 160, 160
L -52.6830, 3009.1536, -343.8426,  -52.6880, 3009.1670, -343.8426, 160, 160, 160
L -51.4371, 2992.1648, -343.8426,  -52.8930, 3009.7271, -343.8426, 160, 160, 160
L -46.9635, 2992.1814, -343.8426,  -51.4371, 2992.1648, -343.8426, 160, 160, 160
L -47.4855, 3006.3506, -343.8426,  6.2416, 3009.3345, -343.8426, 160, 160, 160
L -46.9635, 2992.1814, -343.8426,  -47.4855, 3006.3506, -343.8426, 160, 160, 160
L -113.8319, 766.5085, -341.4805,  -113.3978, 741.3672, -341.5543, 160, 160, 160
L -114.9712, 770.5800, -341.2887,  -113.8319, 766.5085, -341.4805, 160, 160, 160
L -110.9660, 771.9009, -342.4250,  -114.9712, 770.5800, -341.2887, 160, 160, 160
L -83.3785, 770.8333, -343.7010,  -110.9660, 771.9009, -342.4250, 160, 160, 160
L -46.9639, 766.9432, -343.8426,  -83.3785, 770.8333, -343.7010, 160, 160, 160
L 2.7362, 766.6169, -343.7112,  -46.9639, 766.9432, -343.8426, 160, 160, 160
L 67.5482, 763.7975, -342.7982,  2.7362, 766.6169, -343.7112, 160, 160, 160
L 98.7866, 764.5602, -342.8433,  67.5482, 763.7975, -342.7982, 160, 160, 160
L 100.8528, 744.7358, -343.3908,  98.7866, 764.5602, -342.8433, 160, 160, 160
L 100.1586, 725.5833, -343.8177,  100.8528, 744.7358, -343.3908, 160, 160, 160
L 95.4573, 690.3762, -343.4630,  100.1586, 725.5833, -343.8177, 160, 160, 160
L 73.2022, 698.9932, -341.5529,  95.4573, 690.3762, -343.4630, 160, 160, 160
L 74.6861, 714.5447, -341.5615,  73.2022, 698.9932, -341.5529, 160, 160, 160
L 19.3268, 714.4532, -341.5419,  74.6861, 714.5447, -341.5615, 160, 160, 160
L -1.5706, 718.8146, -341.5615,  19.3268, 714.4532, -341.5419, 160, 160, 160
L -7.8212, 732.5430, -341.5615,  -1.5706, 718.8146, -341.5615, 160, 160, 160
L -99.5438, 732.4890, -341.4735,  -7.8212, 732.5430, -341.5615, 160, 160, 160
L -102.5831, 735.9437, -341.5615,  -99.5438, 732.4890, -341.4735, 160, 160, 160
L -113.3978, 741.3672, -341.5471,  -102.5831, 735.9437, -341.5615, 160, 160, 160
L -1208.5984, -3277.8101, -343.5883,  -1227.4800, -3277.8096, -343.5856, 160, 160, 160
L -1208.5923, -3257.8184, -343.5912,  -1208.5984, -3277.8101, -343.5704, 160, 160, 160
L -1227.5099, -3257.8140, -343.4135,  -1208.5923, -3257.8184, -343.4153, 160, 160, 160
L -1227.4800, -3277.8096, -343.5912,  -1227.5099, -3257.8140, -343.5912, 160, 160, 160
L -1311.5481, -3277.5347, -343.5933,  -1331.5707, -3278.2703, -343.5874, 160, 160, 160
L -1312.2262, -3259.1282, -343.5937,  -1311.5481, -3277.5347, -343.5937, 160, 160, 160
L -1332.2488, -3259.8660, -343.5937,  -1312.2262, -3259.1282, -343.5933, 160, 160, 160
L -1331.5707, -3278.2703, -343.5937,  -1332.2488, -3259.8660, -343.5935, 160, 160, 160
L -1402.8285, -3499.7310, -343.5937,  -1400.8544, -3479.8008, -343.5926, 160, 160, 160
L -1384.5027, -3501.5928, -343.5937,  -1402.8285, -3499.7310, -343.5932, 160, 160, 160
L -1382.4240, -3481.5977, -343.5937,  -1384.5027, -3501.5928, -343.5935, 160, 160, 160
L -1400.8544, -3479.8008, -343.5937,  -1382.4240, -3481.5977, -343.5937, 160, 160, 160
L -1392.2909, -3409.4080, -343.5926,  -1372.2538, -3409.8982, -343.5926, 160, 160, 160
L -1392.7417, -3427.8184, -343.5926,  -1392.2909, -3409.4080, -343.5926, 160, 160, 160
L -1372.7063, -3428.3108, -343.5881,  -1392.7417, -3427.8184, -343.5865, 160, 160, 160
L -1372.2538, -3409.8982, -343.5926,  -1372.7063, -3428.3108, -343.5926, 160, 160, 160
L -1311.1897, -3347.7332, -343.8426,  -1291.4827, -3347.8821, -343.8426, 160, 160, 160
L -1332.1908, -3329.1541, -343.8426,  -1311.1897, -3347.7332, -343.8426, 160, 160, 160
L -1349.4500, -3329.1541, -343.8426,  -1332.1908, -3329.1541, -343.8426, 160, 160, 160
L -1349.4500, -3320.5308, -343.8426,  -1349.4500, -3329.1541, -343.8426, 160, 160, 160
L -1351.9341, -3320.5308, -343.8426,  -1349.4500, -3320.5308, -343.8426, 160, 160, 160
L -1351.9341, -3331.8025, -343.8426,  -1351.9341, -3320.5308, -343.8426, 160, 160, 160
L -1331.9734, -3331.8025, -343.8426,  -1351.9341, -3331.8025, -343.8426, 160, 160, 160
L -1311.7461, -3351.1155, -343.8426,  -1331.9734, -3331.8025, -343.8426, 160, 160, 160
L -1291.4827, -3350.9644, -343.8426,  -1311.7461, -3351.1155, -343.8426, 160, 160, 160
L -1291.4827, -3347.8821, -343.8426,  -1291.4827, -3350.9644, -343.8426, 160, 160, 160
L -1212.1227, -3330.8887, -343.8426,  -1212.1227, -3320.5308, -343.8426, 160, 160, 160
L -1231.5000, -3330.8887, -343.8426,  -1212.1227, -3330.8887, -343.8426, 160, 160, 160
L -1251.2726, -3350.6531, -343.8426,  -1231.5000, -3330.8887, -343.8426, 160, 160, 160
L -1272.1078, -3350.8125, -343.8426,  -1251.2726, -3350.6531, -343.8426, 160, 160, 160
L -1272.1077, -3348.4185, -343.8426,  -1272.1078, -3350.8125, -343.8426, 160, 160, 160
L -1252.8661, -3348.1924, -343.8426,  -1272.1077, -3348.4185, -343.8426, 160, 160, 160
L -1233.1420, -3328.4192, -343.8426,  -1252.8661, -3348.1924, -343.8426, 160, 160, 160
L -1214.9341, -3328.4197, -343.8426,  -1233.1420, -3328.4192, -343.8426, 160, 160, 160
L -1214.9341, -3320.5308, -343.8426,  -1214.9341, -3328.4197, -343.8426, 160, 160, 160
L -1212.1227, -3320.5308, -343.8426,  -1214.9341, -3320.5308, -343.8426, 160, 160, 160
L -1212.1227, -3290.7234, -343.8426,  -1212.1227, -3301.1558, -343.8426, 160, 160, 160
L -1351.9341, -3290.7244, -343.8426,  -1212.1227, -3290.7234, -343.8426, 160, 160, 160
L -1351.9341, -3301.1558, -343.8426,  -1351.9341, -3290.7244, -343.8426, 160, 160, 160
L -1349.4500, -3301.1558, -343.8426,  -1351.9341, -3301.1558, -343.8426, 160, 160, 160
L -1349.4500, -3293.1907, -343.8426,  -1349.4500, -3301.1558, -343.8426, 160, 160, 160
L -1214.9341, -3293.3711, -343.8426,  -1349.4500, -3293.1907, -343.8426, 160, 160, 160
L -1214.9341, -3301.1558, -343.8426,  -1214.9341, -3293.3711, -343.8426, 160, 160, 160
L -1212.1227, -3301.1558, -343.8426,  -1214.9341, -3301.1558, -343.8426, 160, 160, 160
L -1129.4706, -3555.8953, -343.5937,  -1111.2870, -3547.2957, -343.5914, 160, 160, 160
L -1121.5945, -3572.5447, -343.5876,  -1129.4706, -3555.8953, -343.5914, 160, 160, 160
L -1103.4893, -3563.9810, -343.5923,  -1121.5945, -3572.5447, -343.5921, 160, 160, 160
L -1111.2870, -3547.2957, -343.5937,  -1103.4893, -3563.9810, -343.5919, 160, 160, 160
L -1172.9668, -3437.4136, -343.8426,  -1177.4346, -3437.8008, -343.8426, 160, 160, 160
L -1041.7306, -3500.9983, -343.8426,  -1051.1508, -3501.8096, -343.8426, 160, 160, 160
L -1046.4694, -3445.9695, -343.8426,  -1041.7306, -3500.9983, -343.8426, 160, 160, 160
L -1050.7979, -3446.3423, -343.8426,  -1046.4694, -3445.9695, -343.8426, 160, 160, 160
L -1046.3798, -3496.5408, -343.8426,  -1050.7979, -3446.3423, -343.8426, 160, 160, 160
L -1051.5585, -3497.4927, -343.8426,  -1046.3798, -3496.5408, -343.8426, 160, 160, 160
L -1051.1508, -3501.8096, -343.8426,  -1051.5585, -3497.4927, -343.8426, 160, 160, 160
L -1114.8405, -3477.1597, -343.8426,  -1173.6093, -3482.2205, -343.8426, 160, 160, 160
L -1080.2427, -3504.3147, -343.8426,  -1114.8405, -3477.1597, -343.8426, 160, 160, 160
L -1070.4540, -3503.4717, -343.8426,  -1080.2427, -3504.3147, -343.8426, 160, 160, 160
L -1070.8451, -3498.9307, -343.8426,  -1070.4540, -3503.4717, -343.8426, 160, 160, 160
L -1077.5082, -3499.5774, -343.8426,  -1070.8451, -3498.9307, -343.8426, 160, 160, 160
L -1114.1349, -3472.4402, -343.8426,  -1077.5082, -3499.5774, -343.8426, 160, 160, 160
L -1169.5049, -3477.6150, -343.8426,  -1114.1349, -3472.4402, -343.8426, 160, 160, 160
L -1171.3041, -3456.7205, -343.8426,  -1169.5049, -3477.6150, -343.8426, 160, 160, 160
L -1175.7721, -3457.1038, -343.8426,  -1171.3041, -3456.7205, -343.8426, 160, 160, 160
L -1174.1830, -3423.2891, -343.8426,  -1172.9668, -3437.4136, -343.8426, 160, 160, 160
L -1120.6685, -3417.6802, -343.8426,  -1174.1830, -3423.2891, -343.8426, 160, 160, 160
L -1090.3820, -3380.2134, -343.8426,  -1120.6685, -3417.6802, -343.8426, 160, 160, 160
L -1056.8705, -3377.3572, -343.8426,  -1090.3820, -3380.2134, -343.8426, 160, 160, 160
L -1052.4977, -3427.4209, -343.8426,  -1056.8705, -3377.3572, -343.8426, 160, 160, 160
L -1048.1316, -3426.6663, -343.8426,  -1052.4977, -3427.4209, -343.8426, 160, 160, 160
L -1052.7948, -3372.5132, -343.8426,  -1048.1316, -3426.6663, -343.8426, 160, 160, 160
L -1091.6554, -3375.8589, -343.8426,  -1052.7948, -3372.5132, -343.8426, 160, 160, 160
L -1121.2426, -3414.2056, -343.8426,  -1091.6554, -3375.8589, -343.8426, 160, 160, 160
L -1178.9550, -3420.1426, -343.8426,  -1121.2426, -3414.2056, -343.8426, 160, 160, 160
L -1177.4346, -3437.8008, -343.8426,  -1178.9550, -3420.1426, -343.8426, 160, 160, 160
L -1173.6093, -3482.2205, -343.8426,  -1175.7721, -3457.1038, -343.8426, 160, 160, 160
L -1338.5304, -3471.1890, -343.8426,  -1338.5287, -3451.7703, -343.8426, 160, 160, 160
L -1308.1814, -3501.5376, -343.8426,  -1338.5304, -3471.1890, -343.8426, 160, 160, 160
L -1265.2743, -3501.5298, -343.8426,  -1308.1814, -3501.5376, -343.8426, 160, 160, 160
L -1257.3705, -3493.6282, -343.5937,  -1265.2743, -3501.5298, -343.8426, 160, 160, 160
L -1245.6659, -3505.5088, -343.5910,  -1257.3705, -3493.6282, -343.5874, 160, 160, 160
L -1232.8036, -3491.8677, -343.5916,  -1245.6659, -3505.5088, -343.5935, 160, 160, 160
L -1244.3451, -3480.6060, -343.5937,  -1232.8036, -3491.8677, -343.5933, 160, 160, 160
L -1234.9269, -3471.1907, -343.8426,  -1257.3705, -3493.6277, -343.5937, 160, 160, 160
L -1234.9269, -3451.7703, -343.8426,  -1234.9269, -3471.1907, -343.8426, 160, 160, 160
L -1239.1071, -3451.7703, -343.8426,  -1234.9269, -3451.7703, -343.8426, 160, 160, 160
L -1239.1071, -3469.4551, -343.8426,  -1239.1071, -3451.7703, -343.8426, 160, 160, 160
L -1267.2100, -3497.3501, -343.8426,  -1239.1071, -3469.4551, -343.8426, 160, 160, 160
L -1306.4539, -3497.3501, -343.8426,  -1267.2100, -3497.3501, -343.8426, 160, 160, 160
L -1334.3494, -3469.4551, -343.8426,  -1306.4539, -3497.3501, -343.8426, 160, 160, 160
L -1334.3490, -3451.7703, -343.8426,  -1334.3494, -3469.4551, -343.8426, 160, 160, 160
L -1338.5287, -3451.7703, -343.8426,  -1334.3490, -3451.7703, -343.8426, 160, 160, 160
L -1239.1149, -3412.7610, -343.8426,  -1247.6714, -3404.2039, -343.5937, 160, 160, 160
L -1260.4224, -3390.8440, -343.5937,  -1247.7206, -3404.2444, -343.5919, 160, 160, 160
L -1267.9800, -3384.8660, -343.8426,  -1277.5070, -3384.8660, -343.8426, 160, 160, 160
L -1249.3456, -3402.5293, -343.8426,  -1267.9800, -3384.8660, -343.8426, 160, 160, 160
L -1239.1067, -3432.3953, -343.8426,  -1239.1149, -3412.7605, -343.8426, 160, 160, 160
L -1234.9269, -3432.3958, -343.8426,  -1239.1067, -3432.3953, -343.8426, 160, 160, 160
L -1234.9269, -3411.2549, -343.8426,  -1234.9269, -3432.3958, -343.8426, 160, 160, 160
L -1244.4181, -3401.5347, -343.5880,  -1234.9269, -3411.2549, -343.8426, 160, 160, 160
L -1232.2626, -3391.5608, -343.5921,  -1247.7206, -3404.2444, -343.5880, 160, 160, 160
L -1243.9473, -3377.3230, -343.5937,  -1232.2626, -3391.5608, -343.5937, 160, 160, 160
L -1260.4224, -3390.8440, -343.5937,  -1243.9473, -3377.3230, -343.5935, 160, 160, 160
L -1265.2743, -3380.6780, -343.8426,  -1257.5038, -3388.4490, -343.5937, 160, 160, 160
L -1277.5081, -3380.6780, -343.8426,  -1265.2743, -3380.6780, -343.8426, 160, 160, 160
L -1277.5070, -3384.8660, -343.8426,  -1277.5081, -3380.6780, -343.8426, 160, 160, 160
L -1296.4257, -3380.6858, -343.8426,  -1296.4257, -3384.8655, -343.8426, 160, 160, 160
L -1308.1895, -3380.6858, -343.8426,  -1296.4257, -3380.6858, -343.8426, 160, 160, 160
L -1338.5291, -3411.2549, -343.8426,  -1308.1895, -3380.6858, -343.8426, 160, 160, 160
L -1338.5287, -3432.3958, -343.8426,  -1338.5291, -3411.2549, -343.8426, 160, 160, 160
L -1334.3494, -3432.3958, -343.8426,  -1338.5287, -3432.3958, -343.8426, 160, 160, 160
L -1334.3494, -3412.7576, -343.8426,  -1334.3494, -3432.3958, -343.8426, 160, 160, 160
L -1306.4540, -3384.8660, -343.8426,  -1334.3494, -3412.7576, -343.8426, 160, 160, 160
L -1296.4257, -3384.8655, -343.8426,  -1306.4540, -3384.8660, -343.8426, 160, 160, 160
L -328.5779, -4001.2698, -343.5889,  -333.5772, -3971.3677, -343.5889, 160, 160, 160
L -361.2074, -4005.9285, -343.3641,  -328.5779, -4001.2698, -343.5889, 160, 160, 160
L -365.7497, -3976.4297, -343.5889,  -361.2074, -4005.9285, -343.5889, 160, 160, 160
L -333.5772, -3971.3677, -343.5889,  -365.7497, -3976.4297, -343.5889, 160, 160, 160
L -280.4125, -3902.7349, -343.5928,  -281.3022, -3870.2046, -343.5928, 160, 160, 160
L -250.3346, -3901.9573, -343.5928,  -280.4125, -3902.7349, -343.5928, 160, 160, 160
L -250.8909, -3869.1558, -343.5928,  -250.3346, -3901.9573, -343.5928, 160, 160, 160
L -281.3022, -3870.2046, -343.4868,  -250.8909, -3869.1558, -343.5928, 160, 160, 160
L -315.3629, -3784.8235, -343.5004,  -347.8505, -3789.4434, -343.5889, 160, 160, 160
L -319.5871, -3755.8455, -343.5889,  -315.3629, -3784.8235, -343.5889, 160, 160, 160
L -352.1739, -3759.4717, -343.5889,  -319.5871, -3755.8455, -343.5889, 160, 160, 160
L -347.8505, -3789.4434, -343.5889,  -352.1739, -3759.4717, -343.5889, 160, 160, 160
L -404.6299, -3766.3660, -343.5917,  -400.8770, -3796.5896, -343.5917, 160, 160, 160
L -437.4010, -3771.1475, -343.5917,  -404.6299, -3766.3660, -343.5917, 160, 160, 160
L -433.1095, -3800.9141, -343.5400,  -437.4010, -3771.1475, -343.5917, 160, 160, 160
L -400.8770, -3796.5896, -343.5917,  -433.1095, -3800.9141, -343.5917, 160, 160, 160
L -354.8770, -3945.1072, -343.8426,  -354.6179, -3940.9336, -343.8426, 160, 160, 160
L -373.9587, -3939.7432, -343.8426,  -374.2151, -3943.9170, -343.8426, 160, 160, 160
L -417.2697, -3869.6182, -343.8426,  -417.8854, -3879.6409, -343.8426, 160, 160, 160
L -387.7169, -3843.4866, -343.8426,  -417.2697, -3869.6182, -343.8426, 160, 160, 160
L -368.1184, -3844.6824, -343.8426,  -387.7169, -3843.4866, -343.8426, 160, 160, 160
L -367.8620, -3840.5081, -343.8426,  -368.1184, -3844.6824, -343.8426, 160, 160, 160
L -348.7801, -3845.8738, -343.8426,  -348.5174, -3841.5967, -343.8426, 160, 160, 160
L -331.1286, -3846.9556, -343.8426,  -348.7801, -3845.8738, -343.8426, 160, 160, 160
L -304.9966, -3876.5081, -343.8426,  -331.1286, -3846.9556, -343.8426, 160, 160, 160
L -307.4157, -3915.8865, -343.8426,  -304.9966, -3876.5081, -343.8426, 160, 160, 160
L -336.9689, -3942.1851, -343.8426,  -307.4157, -3915.8865, -343.8426, 160, 160, 160
L -354.6179, -3940.9336, -343.8426,  -336.9689, -3942.1851, -343.8426, 160, 160, 160
L -393.5566, -3938.5413, -343.8426,  -373.9587, -3939.7432, -343.8426, 160, 160, 160
L -419.6886, -3908.9888, -343.8426,  -393.5566, -3938.5413, -343.8426, 160, 160, 160
L -419.7350, -3898.9788, -343.8426,  -419.6886, -3908.9888, -343.8426, 160, 160, 160
L -423.2468, -3898.7227, -343.8426,  -419.7350, -3898.9788, -343.8426, 160, 160, 160
L -423.9660, -3910.4668, -343.8426,  -423.2468, -3898.7227, -343.8426, 160, 160, 160
L -395.5445, -3942.6084, -343.8426,  -423.9660, -3910.4668, -343.8426, 160, 160, 160
L -374.2151, -3943.9170, -343.8426,  -395.5445, -3942.6084, -343.8426, 160, 160, 160
L -335.4923, -3946.2969, -343.8426,  -354.8770, -3945.1072, -343.8426, 160, 160, 160
L -303.3419, -3917.8682, -343.8426,  -335.4923, -3946.2969, -343.8426, 160, 160, 160
L -300.7178, -3875.4031, -343.8426,  -303.3419, -3917.8682, -343.8426, 160, 160, 160
L -329.1272, -3842.9031, -343.8426,  -300.7178, -3875.4031, -343.8426, 160, 160, 160
L -348.5174, -3841.5967, -343.8426,  -329.1272, -3842.9031, -343.8426, 160, 160, 160
L -389.1924, -3839.2007, -343.8426,  -367.8620, -3840.5081, -343.8426, 160, 160, 160
L -421.3430, -3867.6294, -343.8426,  -389.1924, -3839.2007, -343.8426, 160, 160, 160
L -422.6520, -3879.3838, -343.8426,  -421.3430, -3867.6294, -343.8426, 160, 160, 160
L -417.8854, -3879.6409, -343.8426,  -422.6520, -3879.3838, -343.8426, 160, 160, 160
L 2024.2627, -3741.5579, -343.5889,  2056.4573, -3736.7454, -343.5889, 160, 160, 160
L 2019.6493, -3711.9395, -343.5889,  2024.2627, -3741.5579, -343.4619, 160, 160, 160
L 2052.1001, -3707.1973, -343.5889,  2019.6493, -3711.9395, -343.5889, 160, 160, 160
L 2056.4573, -3736.7454, -343.5889,  2052.1001, -3707.1973, -343.5889, 160, 160, 160
L 2016.9856, -3890.4905, -343.8426,  2007.5313, -3890.4905, -343.8426, 160, 160, 160
L 2016.9856, -3835.2576, -343.8426,  2016.9856, -3890.4905, -343.8426, 160, 160, 160
L 2012.6414, -3835.2576, -343.8426,  2016.9856, -3835.2576, -343.8426, 160, 160, 160
L 2012.7350, -3885.6504, -343.8426,  2012.6414, -3835.2576, -343.8426, 160, 160, 160
L 2007.5326, -3885.7129, -343.8426,  2012.7350, -3885.6504, -343.8426, 160, 160, 160
L 2007.5313, -3890.4905, -343.8426,  2007.5326, -3885.7129, -343.8426, 160, 160, 160
L 1974.7111, -3941.9954, -343.8426,  1969.8439, -3941.9954, -343.8426, 160, 160, 160
L 1974.7112, -3957.3025, -343.8426,  1974.7111, -3941.9954, -343.8426, 160, 160, 160
L 1990.2980, -3957.3018, -343.8426,  1974.7112, -3957.3025, -343.8426, 160, 160, 160
L 1990.2980, -3962.1697, -343.8423,  1990.2980, -3957.3018, -343.8423, 160, 160, 160
L 1969.8440, -3962.1697, -343.8426,  1990.2980, -3962.1697, -343.8426, 160, 160, 160
L 1969.8439, -3941.9954, -343.8426,  1969.8440, -3962.1697, -343.8426, 160, 160, 160
L 1969.8439, -3902.4351, -343.8426,  1990.1775, -3902.4351, -343.8426, 160, 160, 160
L 1969.8440, -3922.6211, -343.8426,  1969.8439, -3902.4351, -343.8426, 160, 160, 160
L 1974.7112, -3922.6204, -343.8423,  1969.8440, -3922.6211, -343.8423, 160, 160, 160
L 1974.7112, -3907.2986, -343.8426,  1974.7112, -3922.6204, -343.8426, 160, 160, 160
L 1990.1779, -3907.2986, -343.8426,  1974.7112, -3907.2986, -343.8426, 160, 160, 160
L 1990.1775, -3902.4351, -343.8426,  1990.1779, -3907.2986, -343.8426, 160, 160, 160
L 2009.4048, -3962.1692, -343.8426,  2029.5785, -3962.1697, -343.8426, 160, 160, 160
L 2009.4048, -3957.3018, -343.8426,  2009.4048, -3962.1692, -343.8426, 160, 160, 160
L 2024.7151, -3957.3018, -343.8426,  2009.4048, -3957.3018, -343.8426, 160, 160, 160
L 2024.7151, -3907.2964, -343.8426,  2024.7151, -3957.3018, -343.8426, 160, 160, 160
L 2009.5525, -3907.2986, -343.8426,  2024.7151, -3907.2964, -343.8426, 160, 160, 160
L 2009.5525, -3902.4351, -343.8426,  2009.5525, -3907.2986, -343.8426, 160, 160, 160
L 2029.5785, -3902.4351, -343.8426,  2009.5525, -3902.4351, -343.8426, 160, 160, 160
L 2029.5785, -3962.1697, -343.8426,  2029.5785, -3902.4351, -343.8426, 160, 160, 160
L 2048.2837, -3973.9146, -343.5917,  2080.8938, -3974.4390, -343.5917, 160, 160, 160
L 2047.8915, -4004.5359, -343.5917,  2048.2837, -3973.9146, -343.5917, 160, 160, 160
L 2080.5540, -4004.4949, -343.5917,  2047.8915, -4004.5359, -343.5917, 160, 160, 160
L 2080.8938, -3974.4390, -343.5917,  2080.5540, -4004.4949, -343.5917, 160, 160, 160
L 2117.4817, -3946.2969, -343.5917,  2115.9834, -3913.7930, -343.5917, 160, 160, 160
L 2147.3125, -3944.8052, -343.5917,  2117.4817, -3946.2969, -343.5917, 160, 160, 160
L 2145.8682, -3912.2117, -343.5917,  2147.3125, -3944.8052, -343.4757, 160, 160, 160
L 2115.9834, -3913.7930, -343.4121,  2145.8682, -3912.2117, -343.5917, 160, 160, 160
L 2142.7439, -3850.1956, -343.5928,  2112.9949, -3851.3643, -343.5928, 160, 160, 160
L 2141.2725, -3817.3345, -343.5928,  2142.7439, -3850.1956, -343.5928, 160, 160, 160
L 2111.3406, -3818.7112, -343.5928,  2141.2725, -3817.3345, -343.5928, 160, 160, 160
L 2112.9949, -3851.3643, -343.3702,  2111.3406, -3818.7112, -343.4886, 160, 160, 160
L 2087.4756, -3845.9673, -343.8426,  2087.4756, -3850.8350, -343.8426, 160, 160, 160
L 2107.6619, -3845.9678, -343.5928,  2087.4756, -3845.9673, -343.8426, 160, 160, 160
L 2107.6619, -3866.3018, -343.8426,  2107.6619, -3845.9678, -343.5928, 160, 160, 160
L 2102.7986, -3866.3018, -343.8426,  2107.6619, -3866.3018, -343.8426, 160, 160, 160
L 2102.7986, -3850.8350, -343.8426,  2102.7986, -3866.3018, -343.8426, 160, 160, 160
L 2087.4756, -3850.8350, -343.8426,  2102.7986, -3850.8350, -343.8426, 160, 160, 160
L 2052.7947, -3850.8350, -343.8426,  2052.7947, -3866.1536, -343.8426, 160, 160, 160
L 2068.1006, -3850.8350, -343.8426,  2052.7947, -3850.8350, -343.8426, 160, 160, 160
L 2068.1011, -3845.9673, -343.8426,  2068.1006, -3850.8350, -343.8426, 160, 160, 160
L 2047.9275, -3845.9678, -343.8426,  2068.1011, -3845.9673, -343.8426, 160, 160, 160
L 2047.9275, -3866.1541, -343.8426,  2047.9275, -3845.9678, -343.8426, 160, 160, 160
L 2052.7947, -3866.1536, -343.8426,  2047.9275, -3866.1541, -343.8426, 160, 160, 160
L 2047.9275, -3885.5459, -343.8426,  2047.9275, -3905.7024, -343.8426, 160, 160, 160
L 2052.7947, -3885.5247, -343.8426,  2047.9275, -3885.5459, -343.8426, 160, 160, 160
L 2052.7947, -3900.8389, -343.8426,  2052.7947, -3885.5247, -343.8426, 160, 160, 160
L 2102.7981, -3900.8389, -343.8426,  2052.7947, -3900.8389, -343.8426, 160, 160, 160
L 2102.7986, -3885.6775, -343.8426,  2102.7981, -3900.8389, -343.8426, 160, 160, 160
L 2107.6619, -3885.6763, -343.8426,  2102.7986, -3885.6775, -343.8426, 160, 160, 160
L 2107.6619, -3905.7017, -343.8426,  2107.6619, -3885.6763, -343.8426, 160, 160, 160
L 2047.9275, -3905.7024, -343.8426,  2107.6619, -3905.7017, -343.8426, 160, 160, 160
L 1891.6890, -3801.7034, -343.8426,  1891.6890, -3813.6189, -343.8426, 160, 160, 160
L 1900.6880, -3801.5359, -343.8426,  1891.6890, -3801.7034, -343.8426, 160, 160, 160
L 1900.6880, -3813.1138, -343.8426,  1900.6880, -3797.9351, -343.8426, 160, 160, 160
L 1891.6890, -3813.6189, -343.8426,  1900.6880, -3813.1138, -343.8426, 160, 160, 160
L 1945.4872, -3800.7068, -343.8426,  1904.8914, -3801.4590, -343.8426, 160, 160, 160
L 1979.2194, -3766.6299, -343.8426,  1945.4872, -3800.7068, -343.8426, 160, 160, 160
L 2012.5099, -3766.6299, -343.8426,  1979.2194, -3766.6299, -343.8426, 160, 160, 160
L 2012.6028, -3815.4695, -343.8426,  2012.5099, -3766.6299, -343.8426, 160, 160, 160
L 1978.9839, -3853.4561, -343.8426,  2012.6028, -3815.4695, -343.8426, 160, 160, 160
L 1969.4009, -3853.8350, -343.8426,  1978.9839, -3853.4561, -343.8426, 160, 160, 160
L 1969.4009, -3856.4329, -343.8426,  1969.4009, -3853.8350, -343.8426, 160, 160, 160
L 1979.8217, -3856.4246, -343.8426,  1969.4009, -3856.4329, -343.8426, 160, 160, 160
L 2015.3687, -3815.9949, -343.8426,  1979.8217, -3856.4246, -343.8426, 160, 160, 160
L 2075.5398, -3815.9949, -343.8426,  2015.3687, -3815.9949, -343.8426, 160, 160, 160
L 2075.5396, -3795.3638, -343.8426,  2075.5398, -3815.9949, -343.8426, 160, 160, 160
L 2073.1565, -3795.3638, -343.8426,  2075.5396, -3795.3638, -343.8426, 160, 160, 160
L 2073.1565, -3813.8606, -343.8424,  2073.1565, -3795.3638, -343.8426, 160, 160, 160
L 2019.9363, -3813.5435, -343.8426,  2073.1565, -3813.8606, -343.8424, 160, 160, 160
L 2019.9380, -3794.8870, -343.8426,  2019.9363, -3813.5435, -343.8426, 160, 160, 160
L 2016.9856, -3794.8877, -343.8426,  2019.9380, -3794.8870, -343.8426, 160, 160, 160
L 2016.9856, -3775.5127, -343.8426,  2016.9856, -3794.8877, -343.8426, 160, 160, 160
L 2019.9380, -3775.5127, -343.8426,  2016.9856, -3775.5127, -343.8426, 160, 160, 160
L 2019.9380, -3758.6587, -343.8426,  2019.9380, -3775.5127, -343.8426, 160, 160, 160
L 2073.1570, -3758.3389, -343.8426,  2019.9380, -3758.6587, -343.8426, 160, 160, 160
L 2073.1565, -3775.9893, -343.8426,  2073.1570, -3758.3389, -343.8426, 160, 160, 160
L 2075.5398, -3775.9893, -343.8426,  2073.1565, -3775.9893, -343.8426, 160, 160, 160
L 2075.5396, -3755.3699, -343.8426,  2075.5398, -3775.9893, -343.8426, 160, 160, 160
L 2015.3650, -3755.3699, -343.8426,  2075.5396, -3755.3699, -343.8426, 160, 160, 160
L 1979.7948, -3716.3538, -343.8426,  2015.3650, -3755.3699, -343.8426, 160, 160, 160
L 1969.4009, -3716.3621, -343.8426,  1979.7948, -3716.3538, -343.8426, 160, 160, 160
L 1969.4009, -3719.8672, -343.8426,  1969.4009, -3716.3621, -343.8426, 160, 160, 160
L 1979.1503, -3719.9546, -343.8426,  1969.4009, -3719.8672, -343.8426, 160, 160, 160
L 2014.3361, -3758.6868, -343.8426,  1979.1503, -3719.9546, -343.8426, 160, 160, 160
L 2015.7428, -3758.6797, -343.8426,  2014.3361, -3758.6868, -343.8426, 160, 160, 160
L 2015.7427, -3761.5298, -343.8426,  2015.7428, -3758.6797, -343.8426, 160, 160, 160
L 1977.9811, -3761.5298, -343.8426,  2015.7427, -3761.5298, -343.8426, 160, 160, 160
L 1945.2134, -3797.1963, -343.8426,  1977.9811, -3761.5298, -343.8426, 160, 160, 160
L 1904.8914, -3797.8660, -343.8426,  1945.2134, -3797.1963, -343.8426, 160, 160, 160
L 1900.6880, -3795.3755, -343.8426,  1904.8910, -3795.3755, -343.8426, 160, 160, 160
L 1900.6880, -3797.9358, -343.8426,  1900.6880, -3795.3755, -343.8426, 160, 160, 160
L 1887.2045, -3798.1597, -343.8426,  1900.6880, -3797.9351, -343.8426, 160, 160, 160
L 1887.2045, -3813.3511, -343.8426,  1887.2045, -3798.1597, -343.8426, 160, 160, 160
L 1846.6718, -3812.8018, -343.8426,  1891.6886, -3813.6077, -343.8426, 160, 160, 160
L 1846.6471, -3795.5364, -343.8208,  1846.6718, -3812.8018, -343.8426, 160, 160, 160
L 1852.4551, -3785.7559, -343.8229,  1845.7389, -3797.6531, -343.8208, 160, 160, 160
L 1846.1969, -3774.2864, -343.8426,  1852.4551, -3785.7559, -343.8426, 160, 160, 160
L 1846.6880, -3759.4751, -343.8426,  1846.6880, -3775.4783, -343.8426, 160, 160, 160
L 1900.6880, -3758.7112, -343.8423,  1846.6880, -3759.4751, -343.8426, 160, 160, 160
L 1900.6880, -3776.7000, -343.8426,  1900.6880, -3758.7112, -343.8423, 160, 160, 160
L 1904.8910, -3776.1001, -343.8426,  1900.6880, -3776.7000, -343.8426, 160, 160, 160
L 1904.8914, -3758.2056, -343.8426,  1904.8910, -3776.1001, -343.8426, 160, 160, 160
L 1940.6908, -3719.6055, -343.8426,  1904.8914, -3758.2056, -343.8426, 160, 160, 160
L 1950.2610, -3719.6851, -343.8426,  1940.6908, -3719.6055, -343.8426, 160, 160, 160
L 1950.2599, -3716.3621, -343.8426,  1950.2610, -3719.6851, -343.8426, 160, 160, 160
L 1938.8998, -3716.3621, -343.8426,  1950.2599, -3716.3621, -343.8426, 160, 160, 160
L 1904.9600, -3755.3699, -343.8426,  1938.8998, -3716.3621, -343.8426, 160, 160, 160
L 1843.8362, -3755.3699, -343.8426,  1904.9600, -3755.3699, -343.8426, 160, 160, 160
L 1843.8362, -3774.2603, -343.8426,  1843.8362, -3755.3699, -343.8426, 160, 160, 160
L 1832.8671, -3774.1250, -343.8426,  1846.1969, -3774.2864, -343.8426, 160, 160, 160
L 1826.1509, -3785.4346, -343.8426,  1832.8671, -3774.1250, -343.8421, 160, 160, 160
L 1832.5878, -3796.9070, -343.8426,  1826.1509, -3785.4346, -343.8396, 160, 160, 160
L 1845.7389, -3797.6531, -343.8419,  1832.5878, -3796.9070, -343.8426, 160, 160, 160
L 1843.8362, -3815.9944, -343.8426,  1843.8367, -3797.4258, -343.8419, 160, 160, 160
L 1904.3340, -3815.9771, -343.8426,  1843.8362, -3815.9944, -343.8426, 160, 160, 160
L 1938.3384, -3855.8909, -343.8426,  1904.3340, -3815.9771, -343.8426, 160, 160, 160
L 1891.6880, -3856.2305, -343.8426,  1938.3384, -3855.8909, -343.8426, 160, 160, 160
L 1891.6890, -3835.2576, -343.8426,  1891.6880, -3856.2305, -343.8426, 160, 160, 160
L 1887.2045, -3835.2576, -343.8426,  1891.6890, -3835.2576, -343.8426, 160, 160, 160
L 1887.2045, -3860.4668, -343.8426,  1887.2045, -3835.2576, -343.8426, 160, 160, 160
L 1946.1908, -3860.4673, -343.8426,  1887.2045, -3860.4668, -343.8426, 160, 160, 160
L 1978.3313, -3890.4905, -343.8426,  1946.1908, -3860.4673, -343.8426, 160, 160, 160
L 1988.1946, -3890.4905, -343.8426,  1978.3313, -3890.4905, -343.8426, 160, 160, 160
L 1988.1946, -3890.4905, -343.8426,  1987.6437, -3885.9380, -343.8426, 160, 160, 160
L 1981.4611, -3886.5000, -343.8426,  1987.6437, -3885.9380, -343.8426, 160, 160, 160
L 1947.9882, -3856.4351, -343.8426,  1981.4611, -3886.5000, -343.8426, 160, 160, 160
L 1950.2610, -3856.4319, -343.8426,  1947.9882, -3856.4351, -343.8426, 160, 160, 160
L 1950.2599, -3853.9363, -343.8426,  1950.2610, -3856.4319, -343.8426, 160, 160, 160
L 1939.9153, -3853.9551, -343.8426,  1950.2599, -3853.9363, -343.8426, 160, 160, 160
L 1905.5313, -3813.1414, -343.8426,  1939.9153, -3853.9551, -343.8426, 160, 160, 160
L 1904.8914, -3813.1382, -343.8426,  1905.5313, -3813.1414, -343.8426, 160, 160, 160
L 1904.8910, -3795.3755, -343.8426,  1904.8914, -3813.1382, -343.8426, 160, 160, 160
L 302.4637, -3473.5271, -343.5928,  329.2550, -3488.7234, -343.3564, 160, 160, 160
L 287.7561, -3499.4993, -343.5928,  302.4637, -3473.5271, -343.5928, 160, 160, 160
L 316.1810, -3515.5225, -343.5749,  287.7561, -3499.4993, -343.5507, 160, 160, 160
L 320.7567, -3507.3772, -343.5928,  316.1810, -3515.5225, -343.4932, 160, 160, 160
L 357.3432, -3540.7771, -343.3568,  364.7083, -3514.7339, -343.5928, 160, 160, 160
L 388.5378, -3549.7212, -343.5255,  357.3432, -3540.7771, -343.5928, 160, 160, 160
L 396.8935, -3520.9944, -343.5928,  388.5378, -3549.7212, -343.5928, 160, 160, 160
L 368.9497, -3512.9839, -343.5928,  396.8935, -3520.9944, -343.5928, 160, 160, 160
L 384.9058, -3503.3389, -343.8426,  393.2800, -3485.3838, -343.8426, 160, 160, 160
L 359.4096, -3515.9700, -343.5928,  384.9058, -3503.3389, -343.8426, 160, 160, 160
L 352.5958, -3530.3809, -343.8426,  359.4096, -3515.9700, -343.5928, 160, 160, 160
L 344.7124, -3526.8865, -343.8426,  352.5958, -3530.3809, -343.8426, 160, 160, 160
L 343.5251, -3529.5652, -343.8426,  344.7124, -3526.8865, -343.8426, 160, 160, 160
L 352.9780, -3533.7554, -343.5928,  343.5251, -3529.5652, -343.8426, 160, 160, 160
L 361.9187, -3515.8848, -343.5928,  354.2817, -3533.1138, -343.5928, 160, 160, 160
L 387.7721, -3505.2190, -343.8426,  361.9187, -3515.8848, -343.5928, 160, 160, 160
L 395.8451, -3486.6326, -343.8426,  387.7721, -3505.2190, -343.8426, 160, 160, 160
L 393.2800, -3485.3838, -343.8426,  395.8451, -3486.6326, -343.8426, 160, 160, 160
L 406.2558, -3407.5142, -341.9250,  399.4450, -3404.3196, -341.5998, 160, 160, 160
L 398.8768, -3424.1609, -342.2368,  406.2558, -3407.5142, -341.9250, 160, 160, 160
L 408.9594, -3450.2068, -343.8426,  398.8768, -3424.1609, -342.3937, 160, 160, 160
L 408.9594, -3450.2068, -343.8426,  401.2530, -3467.7356, -343.8426, 160, 160, 160
L 403.5581, -3468.8589, -343.8426,  401.2530, -3467.7356, -343.8426, 160, 160, 160
L 411.8555, -3449.7461, -343.8426,  403.5581, -3468.8589, -343.8426, 160, 160, 160
L 401.7991, -3423.6602, -342.4166,  411.8555, -3449.7461, -343.8426, 160, 160, 160
L 409.6965, -3405.8440, -342.3460,  401.7991, -3423.6602, -342.4166, 160, 160, 160
L 400.2291, -3401.6475, -341.5145,  409.6965, -3405.8440, -341.9735, 160, 160, 160
L 399.4450, -3404.3196, -341.4993,  400.2291, -3401.6475, -341.4300, 160, 160, 160
L 381.3322, -3396.4678, -341.1689,  373.9083, -3393.1768, -341.3930, 160, 160, 160
L 382.5163, -3393.7964, -341.9480,  381.3322, -3396.4678, -341.1659, 160, 160, 160
L 372.9778, -3389.5679, -340.9304,  382.5163, -3393.7964, -341.4730, 160, 160, 160
L 316.2758, -3517.4866, -343.5928,  372.9778, -3389.5679, -340.9091, 160, 160, 160
L 325.8122, -3521.7134, -343.8426,  316.2758, -3517.4866, -343.5928, 160, 160, 160
L 326.9997, -3519.3511, -343.8426,  325.8122, -3521.7134, -343.8426, 160, 160, 160
L 319.7192, -3515.8079, -343.5928,  326.9997, -3519.3511, -343.8426, 160, 160, 160
L 373.9085, -3393.1768, -341.3930,  319.7192, -3515.8079, -343.5928, 160, 160, 160
L 1047.6559, -3263.3267, -343.5928,  1048.7443, -3295.5330, -343.5928, 160, 160, 160
L 1017.7590, -3264.1758, -343.5928,  1047.6559, -3263.3267, -343.5928, 160, 160, 160
L 1018.8428, -3296.7803, -343.5928,  1017.7590, -3264.1758, -343.5416, 160, 160, 160
L 1048.7443, -3295.5330, -343.5283,  1018.8428, -3296.7803, -343.5928, 160, 160, 160
L 1305.2118, -3275.2146, -357.1997,  1305.1648, -3275.5198, -357.6700, 160, 160, 160
L 1099.4966, -3383.8252, -364.2221,  1198.9662, -3285.7361, -363.5713, 160, 160, 160
L 975.4319, -3381.7576, -363.7320,  1099.4966, -3383.8252, -364.2221, 160, 160, 160
L 968.9998, -3282.6006, -362.9845,  975.4319, -3381.7576, -363.7320, 160, 160, 160
L 903.5981, -3281.6282, -362.4304,  968.9998, -3282.6006, -362.9845, 160, 160, 160
L 800.3066, -3382.6392, -363.5701,  903.5981, -3281.6282, -362.4304, 160, 160, 160
L 702.2834, -3382.1758, -362.7479,  800.3066, -3382.6392, -363.5701, 160, 160, 160
L 499.6374, -3565.3650, -363.8942,  702.2834, -3382.1758, -362.7479, 160, 160, 160
L 402.4202, -3585.3311, -364.6700,  499.6374, -3565.3650, -363.8942, 160, 160, 160
L 381.5803, -3582.3831, -363.9438,  402.4202, -3585.3311, -364.6700, 160, 160, 160
L 302.4990, -3579.9192, -362.6111,  381.5803, -3582.3831, -363.9438, 160, 160, 160
L 123.1159, -3757.7493, -363.4959,  302.4990, -3579.9192, -362.6111, 160, 160, 160
L 123.4170, -3810.7310, -364.7243,  123.1159, -3757.7493, -363.4959, 160, 160, 160
L 125.2772, -3836.5630, -364.2420,  123.4170, -3810.7310, -364.7243, 160, 160, 160
L 290.1521, -3836.4385, -363.5916,  125.2772, -3836.5630, -364.2420, 160, 160, 160
L 322.1406, -3837.2544, -363.9420,  290.1521, -3836.4385, -363.5916, 160, 160, 160
L 386.8965, -3836.4568, -364.6458,  322.1406, -3837.2544, -363.9420, 160, 160, 160
L 424.6471, -3834.3855, -364.5200,  386.8965, -3836.4568, -364.6458, 160, 160, 160
L 426.8860, -3934.6460, -363.4897,  424.6471, -3834.3855, -364.5200, 160, 160, 160
L 521.3884, -3933.6182, -364.3192,  426.8860, -3934.6460, -363.4897, 160, 160, 160
L 524.4669, -4031.9297, -363.8535,  521.3884, -3933.6182, -364.3192, 160, 160, 160
L 531.6797, -4034.3572, -363.7164,  524.4669, -4031.9297, -363.8535, 160, 160, 160
L 699.5134, -4033.5862, -364.3453,  531.6797, -4034.3572, -363.7164, 160, 160, 160
L 702.8578, -4030.5313, -364.3670,  699.5134, -4033.5862, -364.3453, 160, 160, 160
L 792.5220, -3935.1941, -365.5661,  702.8578, -4030.5313, -364.3670, 160, 160, 160
L 825.9397, -3934.3567, -363.9922,  792.5220, -3935.1941, -365.5661, 160, 160, 160
L 896.6780, -3950.9402, -364.4298,  825.9397, -3934.3567, -363.9922, 160, 160, 160
L 909.5456, -3951.9368, -363.7083,  896.6780, -3950.9402, -364.4298, 160, 160, 160
L 1001.1653, -3933.9136, -364.7830,  909.5456, -3951.9368, -363.7083, 160, 160, 160
L 1026.6698, -3934.9419, -364.1800,  1001.1653, -3933.9136, -364.7830, 160, 160, 160
L 1024.8196, -3934.8125, -363.3808,  1026.6698, -3934.9419, -364.1800, 160, 160, 160
L 1092.7549, -3951.8284, -363.2198,  1024.8196, -3934.8125, -363.3808, 160, 160, 160
L 1105.1537, -3951.9976, -364.2493,  1092.7549, -3951.8284, -363.2198, 160, 160, 160
L 1198.2383, -3933.8550, -364.3652,  1105.1537, -3951.9976, -364.2493, 160, 160, 160
L 1295.8606, -3934.9397, -363.2413,  1198.2383, -3933.8550, -364.3652, 160, 160, 160
L 1399.9950, -3852.3777, -364.7056,  1295.8606, -3934.9397, -363.2413, 160, 160, 160
L 1405.9430, -3852.2566, -364.7940,  1399.9950, -3852.3777, -364.7056, 160, 160, 160
L 1501.1724, -3834.2559, -363.7993,  1405.9430, -3852.2566, -364.7940, 160, 160, 160
L 1599.3030, -3833.7322, -364.2264,  1501.1724, -3834.2559, -363.7993, 160, 160, 160
L 1699.3445, -3734.2305, -364.2151,  1599.3030, -3833.7322, -364.2264, 160, 160, 160
L 1789.4512, -3661.5159, -364.3858,  1699.3445, -3734.2305, -364.2151, 160, 160, 160
L 1795.1940, -3656.4004, -364.4198,  1789.4512, -3661.5159, -364.3858, 160, 160, 160
L 1874.8196, -3559.9097, -364.7690,  1795.1940, -3656.4004, -364.4198, 160, 160, 160
L 1872.4966, -3483.7068, -364.1256,  1874.8196, -3559.9097, -364.7690, 160, 160, 160
L 1759.8400, -3483.5381, -363.9879,  1872.4966, -3483.7068, -364.1256, 160, 160, 160
L 1678.2660, -3485.4119, -364.8484,  1759.8400, -3483.5381, -363.9879, 160, 160, 160
L 1626.3539, -3458.8389, -364.1120,  1678.2660, -3485.4119, -364.8484, 160, 160, 160
L 1628.1178, -3432.3018, -363.6256,  1626.3539, -3458.8389, -364.1120, 160, 160, 160
L 1500.8389, -3433.4363, -364.5844,  1628.1178, -3432.3018, -363.6256, 160, 160, 160
L 1479.3230, -3384.2139, -363.5851,  1500.8389, -3433.4363, -364.5844, 160, 160, 160
L 1399.6980, -3358.2781, -364.2506,  1479.3230, -3384.2139, -363.5851, 160, 160, 160
L 1374.8855, -3282.9419, -363.5020,  1399.6980, -3358.2781, -364.2506, 160, 160, 160
L 1198.9662, -3285.7361, -364.1755,  1374.8855, -3282.9419, -363.5020, 160, 160, 160
L 1119.3960, -3077.8787, -343.8426,  1175.1819, -3099.5347, -343.8426, 160, 160, 160
L 1099.8914, -3028.6824, -343.7767,  1119.3960, -3077.8787, -343.8426, 160, 160, 160
L 1090.1935, -3024.9419, -343.8426,  1099.8914, -3028.6824, -343.8426, 160, 160, 160
L 1088.9323, -3028.2122, -343.8426,  1090.1935, -3024.9419, -343.8426, 160, 160, 160
L 1097.9943, -3031.8101, -343.8426,  1088.9323, -3028.2122, -343.8426, 160, 160, 160
L 1116.8776, -3080.6128, -343.8426,  1097.9943, -3031.8101, -343.8426, 160, 160, 160
L 1118.2699, -3081.1399, -343.8426,  1116.8776, -3080.6128, -343.8426, 160, 160, 160
L 1112.3970, -3097.2913, -343.8426,  1118.2699, -3081.1399, -343.8426, 160, 160, 160
L 1116.6244, -3099.6011, -343.8426,  1112.3970, -3097.2913, -343.8423, 160, 160, 160
L 1122.8655, -3082.8804, -343.8426,  1116.6244, -3099.6011, -343.8426, 160, 160, 160
L 1171.8893, -3101.4490, -343.8426,  1122.8655, -3082.8804, -343.8426, 160, 160, 160
L 1165.5380, -3117.9148, -343.8426,  1171.8893, -3101.4490, -343.8426, 160, 160, 160
L 1167.7615, -3118.7720, -343.8426,  1165.5380, -3117.9148, -343.8426, 160, 160, 160
L 1175.1819, -3099.5347, -343.8426,  1167.7615, -3118.7720, -343.8426, 160, 160, 160
L 1283.2771, -3084.5115, -343.5928,  1273.4651, -3113.8726, -343.5928, 160, 160, 160
L 1252.4015, -3074.1626, -343.5928,  1283.2771, -3084.5115, -343.5928, 160, 160, 160
L 1242.5685, -3102.5330, -343.5928,  1252.4015, -3074.1626, -343.5697, 160, 160, 160
L 1273.4651, -3113.8726, -343.5928,  1242.5685, -3102.5330, -343.5928, 160, 160, 160
L 1330.9054, -3141.2808, -343.7600,  1301.4446, -3135.8743, -343.4141, 160, 160, 160
L 1324.9020, -3173.5149, -343.4141,  1330.9054, -3141.2808, -343.2149, 160, 160, 160
L 1295.4622, -3167.8279, -343.2660,  1324.9020, -3173.5149, -343.4141, 160, 160, 160
L 1301.4446, -3135.8743, -343.4141,  1295.4622, -3167.8279, -343.4141, 160, 160, 160
L 1264.8910, -3190.7107, -343.8426,  1246.3495, -3182.7632, -343.8426, 160, 160, 160
L 1272.8444, -3172.1575, -343.8426,  1264.8910, -3190.7107, -343.8426, 160, 160, 160
L 1268.3705, -3170.2393, -343.8426,  1272.8444, -3172.1575, -343.8426, 160, 160, 160
L 1262.3351, -3184.3201, -343.8426,  1268.3705, -3170.2393, -343.8426, 160, 160, 160
L 1248.2671, -3178.2896, -343.8426,  1262.3351, -3184.3201, -343.8426, 160, 160, 160
L 1246.3495, -3182.7632, -343.8426,  1248.2671, -3178.2896, -343.8426, 160, 160, 160
L 1209.9882, -3167.1763, -343.8426,  1218.1498, -3148.4832, -343.8426, 160, 160, 160
L 1228.5420, -3175.1294, -343.8426,  1209.9882, -3167.1763, -343.8426, 160, 160, 160
L 1230.4596, -3170.6558, -343.8426,  1228.5420, -3175.1294, -343.8421, 160, 160, 160
L 1216.3755, -3164.6189, -343.8426,  1230.4596, -3170.6558, -343.8426, 160, 160, 160
L 1222.4646, -3150.4141, -343.8426,  1216.3755, -3164.6189, -343.8426, 160, 160, 160
L 1218.1498, -3148.4832, -343.8426,  1222.4646, -3150.4141, -343.8426, 160, 160, 160
L 1230.1028, -3132.5955, -343.8426,  1225.6331, -3130.6797, -343.8426, 160, 160, 160
L 1236.7688, -3118.6597, -343.8426,  1230.1028, -3132.5955, -343.8426, 160, 160, 160
L 1282.3639, -3138.3606, -343.8426,  1236.7688, -3118.6597, -343.8426, 160, 160, 160
L 1276.4397, -3152.4319, -343.8426,  1282.3639, -3138.3606, -343.8426, 160, 160, 160
L 1280.4833, -3154.3521, -343.8426,  1276.4397, -3152.4319, -343.8426, 160, 160, 160
L 1288.4247, -3135.8074, -343.8426,  1280.4833, -3154.3521, -343.8426, 160, 160, 160
L 1233.5232, -3112.2732, -343.8426,  1288.4247, -3135.8074, -343.8426, 160, 160, 160
L 1225.6331, -3130.6797, -343.8426,  1233.5232, -3112.2732, -343.8426, 160, 160, 160
L 1159.4535, -3226.4778, -343.8426,  1160.4446, -3219.8582, -343.8426, 160, 160, 160
L 1124.2245, -3255.4185, -343.8426,  1159.4535, -3226.4778, -343.8426, 160, 160, 160
L 1115.7959, -3310.3809, -343.8426,  1124.2245, -3255.4185, -343.8426, 160, 160, 160
L 1095.8899, -3307.5020, -343.8426,  1115.7959, -3310.3809, -343.8426, 160, 160, 160
L 1094.3766, -3311.4778, -343.8426,  1095.8899, -3307.5020, -343.8426, 160, 160, 160
L 1119.2660, -3315.4827, -343.8426,  1094.3766, -3311.4778, -343.8426, 160, 160, 160
L 1128.6366, -3257.2454, -343.8426,  1119.2660, -3315.4827, -343.8426, 160, 160, 160
L 1163.3844, -3230.2830, -343.8426,  1128.6366, -3257.2454, -343.8426, 160, 160, 160
L 1164.9452, -3220.5823, -343.8426,  1163.3844, -3230.2830, -343.8426, 160, 160, 160
L 1160.4446, -3219.8582, -343.8426,  1164.9452, -3220.5823, -343.8426, 160, 160, 160
L 1164.7150, -3195.5464, -343.8426,  1114.3030, -3187.6338, -343.8426, 160, 160, 160
L 1163.3064, -3200.6929, -343.8426,  1164.7150, -3195.5464, -343.8426, 160, 160, 160
L 1168.2321, -3201.4534, -343.8426,  1163.3064, -3200.6929, -343.8426, 160, 160, 160
L 1169.5253, -3192.1189, -343.8426,  1168.2321, -3201.4534, -343.8426, 160, 160, 160
L 1114.9933, -3183.3445, -343.8426,  1169.5253, -3192.1189, -343.8426, 160, 160, 160
L 1114.3030, -3187.6338, -343.8426,  1114.9933, -3183.3445, -343.8426, 160, 160, 160
L 1095.1685, -3184.5933, -343.8426,  1095.8644, -3180.2664, -343.8426, 160, 160, 160
L 1045.9103, -3176.7627, -343.8426,  1095.1685, -3184.5933, -343.8426, 160, 160, 160
L 1040.6221, -3209.6304, -343.8426,  1045.9103, -3176.7627, -343.8426, 160, 160, 160
L 1069.5236, -3248.4463, -343.8426,  1040.6221, -3209.6304, -343.8426, 160, 160, 160
L 1061.9611, -3301.7205, -343.8426,  1069.5236, -3248.4463, -343.8426, 160, 160, 160
L 1075.9585, -3303.9722, -343.8426,  1061.9611, -3301.7205, -343.8426, 160, 160, 160
L 1075.2472, -3308.3997, -343.8426,  1075.9585, -3303.9722, -343.8426, 160, 160, 160
L 1057.7500, -3305.5845, -343.8426,  1075.2472, -3308.3997, -343.8426, 160, 160, 160
L 1066.1370, -3248.1587, -343.8426,  1057.7500, -3305.5845, -343.8426, 160, 160, 160
L 1036.5601, -3210.1414, -343.8426,  1066.1370, -3248.1587, -343.8426, 160, 160, 160
L 1042.2018, -3171.6326, -343.8426,  1036.5601, -3210.1414, -343.8426, 160, 160, 160
L 1095.8644, -3180.2664, -343.8426,  1042.2018, -3171.6326, -343.8426, 160, 160, 160
L 2335.6299, -745.5041, -340.2228,  2333.9397, -614.6310, -340.1177, 160, 160, 160
L 2350.1226, -923.1330, -340.1240,  2335.6299, -745.5041, -340.2228, 160, 160, 160
L 2342.2205, -1103.5381, -340.1240,  2350.1226, -923.1330, -340.1240, 160, 160, 160
L 2350.9402, -1240.9052, -340.3158,  2342.2205, -1103.5381, -340.1240, 160, 160, 160
L 2348.2190, -1378.6774, -340.1240,  2350.9402, -1240.9052, -340.3158, 160, 160, 160
L 2120.4561, -1378.6978, -340.1240,  2348.2190, -1378.6774, -340.1240, 160, 160, 160
L 2002.9286, -1380.9329, -340.1240,  2120.4561, -1378.6978, -340.1240, 160, 160, 160
L 1848.2876, -1386.4351, -340.1421,  2002.9286, -1380.9329, -340.1240, 160, 160, 160
L 1742.1742, -1386.6432, -340.1240,  1848.2876, -1386.4351, -340.1421, 160, 160, 160
L 1595.7249, -1385.2365, -340.1240,  1742.1742, -1386.6432, -340.1240, 160, 160, 160
L 1377.6093, -1378.7488, -340.1240,  1595.7249, -1385.2365, -340.1240, 160, 160, 160
L 1234.6554, -1378.6438, -340.1240,  1377.6093, -1378.7488, -340.1240, 160, 160, 160
L 1191.5271, -1376.6587, -340.1240,  1234.6554, -1378.6438, -340.1240, 160, 160, 160
L 973.2197, -1373.3539, -340.1644,  1191.5271, -1376.6587, -340.1240, 160, 160, 160
L 655.5135, -1387.6946, -340.1240,  973.2197, -1373.3539, -340.1644, 160, 160, 160
L 355.1068, -1387.3234, -340.2864,  655.5135, -1387.6946, -340.1240, 160, 160, 160
L 211.6350, -1385.6521, -340.1438,  355.1068, -1387.3234, -340.2864, 160, 160, 160
L 148.4157, -1383.4856, -340.1240,  211.6350, -1385.6521, -340.1438, 160, 160, 160
L 119.3003, -1381.8954, -340.1446,  148.4157, -1383.4856, -340.1240, 160, 160, 160
L 138.6297, -1406.4280, -340.1240,  119.3003, -1381.8954, -340.1446, 160, 160, 160
L 244.7276, -1410.4789, -340.1240,  138.6297, -1406.4280, -340.1240, 160, 160, 160
L 444.5844, -1411.8749, -340.2887,  244.7276, -1410.4789, -340.1240, 160, 160, 160
L 631.4593, -1419.2162, -340.1240,  444.5844, -1411.8749, -340.2887, 160, 160, 160
L 648.3369, -1419.5459, -340.1632,  631.4593, -1419.2162, -340.1240, 160, 160, 160
L 1033.6487, -1404.4563, -340.3369,  697.6403, -1417.5188, -340.1240, 160, 160, 160
L 1221.1261, -1412.4623, -340.1806,  1033.6487, -1404.4563, -340.3369, 160, 160, 160
L 1822.6912, -1420.5602, -340.1240,  1221.1261, -1412.4623, -340.1806, 160, 160, 160
L 2051.7222, -1412.3158, -340.1240,  1822.6912, -1420.5602, -340.1240, 160, 160, 160
L 2364.6150, -1411.6310, -340.1363,  2051.7222, -1412.3158, -340.1240, 160, 160, 160
L 2372.5752, -1296.2566, -340.1240,  2364.6150, -1411.6310, -340.1363, 160, 160, 160
L 2364.4119, -1121.7499, -340.1240,  2372.5752, -1296.2566, -340.1240, 160, 160, 160
L 2372.4319, -935.1291, -340.1240,  2364.4119, -1121.7499, -340.1240, 160, 160, 160
L 2362.8860, -818.1128, -340.1240,  2372.4319, -935.1291, -340.1240, 160, 160, 160
L 2351.3765, -806.1576, -340.1240,  2362.8860, -818.1128, -340.1240, 160, 160, 160
L 2351.3218, -658.4918, -340.1240,  2351.3765, -806.1576, -340.1240, 160, 160, 160
L 2333.9397, -614.6310, -340.1240,  2351.3218, -658.4918, -340.1240, 160, 160, 160
L 2336.2781, -621.3594, -340.1240,  2334.4043, -619.7129, -340.1152, 160, 160, 160
L 2300.5330, -716.1766, -345.6763,  2301.6050, -709.5738, -345.5987, 160, 160, 160
L 2265.3047, -744.4039, -345.8990,  2300.5330, -716.1766, -345.6763, 160, 160, 160
L 2264.4883, -747.5040, -345.6540,  2264.9241, -744.8777, -345.8260, 160, 160, 160
L 2244.2017, -743.9838, -344.7085,  2264.4883, -747.5040, -345.6540, 160, 160, 160
L 2243.1438, -750.8019, -344.6698,  2244.2017, -743.9838, -344.6856, 160, 160, 160
L 2263.4751, -753.6078, -345.5470,  2243.1438, -750.8019, -344.6965, 160, 160, 160
L 2255.8467, -799.5507, -344.8960,  2263.4751, -753.6078, -345.5470, 160, 160, 160
L 2235.1829, -795.9651, -344.5516,  2255.8467, -799.5507, -344.8960, 160, 160, 160
L 2234.4175, -800.3808, -344.5036,  2235.1829, -795.9651, -344.5126, 160, 160, 160
L 2259.2559, -804.6852, -344.9322,  2234.4175, -800.3808, -344.5557, 160, 160, 160
L 2269.3384, -746.5756, -345.1666,  2259.2559, -804.6852, -344.9814, 160, 160, 160
L 2304.4163, -720.3329, -345.3729,  2269.3384, -746.5756, -345.1666, 160, 160, 160
L 2306.9578, -710.3533, -345.1345,  2304.4163, -720.3329, -345.2409, 160, 160, 160
L 2301.6050, -709.5738, -345.4920,  2306.9578, -710.3533, -345.2708, 160, 160, 160
L 2305.5369, -685.3097, -345.1306,  2255.8545, -676.7939, -344.9739, 160, 160, 160
L 2304.7000, -690.4496, -345.1995,  2305.5369, -685.3097, -345.1306, 160, 160, 160
L 2309.4080, -691.2640, -344.8036,  2304.7000, -690.4496, -345.1401, 160, 160, 160
L 2311.2476, -681.9478, -344.5538,  2309.4080, -691.2640, -344.6798, 160, 160, 160
L 2256.6504, -672.5129, -344.9449,  2311.2476, -681.9478, -344.6451, 160, 160, 160
L 2255.8545, -676.7939, -344.9118,  2256.6504, -672.5129, -344.9243, 160, 160, 160
L 2177.2952, -698.3259, -343.8426,  2183.9578, -659.8998, -343.8426, 160, 160, 160
L 2205.7000, -736.3975, -343.9404,  2177.2952, -698.3259, -343.8426, 160, 160, 160
L 2195.2134, -793.5730, -343.8426,  2205.7000, -736.3975, -343.9404, 160, 160, 160
L 2215.3289, -797.6340, -344.1172,  2195.2134, -793.5730, -343.8426, 160, 160, 160
L 2216.9397, -792.6526, -344.1460,  2215.3289, -797.6340, -344.1399, 160, 160, 160
L 2201.3040, -790.8650, -343.8698,  2216.9397, -792.6526, -344.1216, 160, 160, 160
L 2209.1260, -744.1775, -344.1900,  2201.3040, -790.8650, -343.8698, 160, 160, 160
L 2224.5430, -746.7679, -344.2665,  2209.1260, -744.1775, -344.1900, 160, 160, 160
L 2225.1121, -740.6713, -344.3220,  2224.5430, -746.7679, -344.3059, 160, 160, 160
L 2210.1653, -738.7790, -344.3870,  2225.1121, -740.6713, -344.2980, 160, 160, 160
L 2181.9153, -697.8839, -343.8426,  2210.1653, -738.7790, -344.3870, 160, 160, 160
L 2187.6067, -665.8370, -343.8426,  2181.9153, -697.8839, -343.8426, 160, 160, 160
L 2236.7654, -673.5182, -344.5196,  2187.6067, -665.8370, -343.8426, 160, 160, 160
L 2237.5176, -669.1848, -344.5586,  2236.7654, -673.5182, -344.5473, 160, 160, 160
L 2183.9578, -659.8998, -343.8426,  2237.5176, -669.1848, -344.5081, 160, 160, 160
L 1962.8732, -283.0000, -334.3740,  1962.8888, -279.9227, -334.3738, 160, 160, 160
L 1910.1249, -319.1875, -334.3426,  1962.8783, -319.1875, -334.3426, 160, 160, 160
L 1910.1249, -336.6252, -334.3426,  1910.1249, -319.1875, -334.3426, 160, 160, 160
L 1822.2023, -336.6750, -334.3426,  1910.1249, -336.6252, -334.3426, 160, 160, 160
L 1892.6249, -318.2500, -334.3426,  1819.6299, -318.2500, -334.3426, 160, 160, 160
L 1892.6250, -281.6250, -334.3426,  1892.6249, -318.2500, -334.3426, 160, 160, 160
L 1812.6532, -281.6250, -334.3426,  1892.6250, -281.6250, -334.3426, 160, 160, 160
L 1912.6238, -263.6250, -334.3426,  1809.5309, -263.6250, -334.3426, 160, 160, 160
L 1912.6238, -283.0000, -334.3426,  1912.6238, -263.6250, -334.3426, 160, 160, 160
L 1962.8732, -283.0000, -334.3722,  1912.6238, -283.0000, -334.3432, 160, 160, 160
L 1998.9374, -293.3364, -338.3740,  1989.4026, -280.1467, -338.3740, 160, 160, 160
L 1998.9375, -306.5072, -338.3740,  1998.9374, -293.3364, -338.3740, 160, 160, 160
L 1989.4092, -319.6875, -338.3740,  1998.9375, -306.5072, -338.3740, 160, 160, 160
L 1996.9375, -306.5074, -336.3740,  1987.4092, -319.6875, -336.3740, 160, 160, 160
L 1996.9375, -293.3362, -336.3740,  1996.9375, -306.5074, -336.3740, 160, 160, 160
L 1987.3903, -280.1297, -336.3740,  1996.9375, -293.3362, -336.3740, 160, 160, 160
L 2295.6399, -287.7860, -342.2608,  2294.9539, -269.1603, -342.2608, 160, 160, 160
L 2279.2571, -288.3224, -341.8613,  2259.2349, -289.5990, -341.8611, 160, 160, 160
L 2278.5669, -269.5745, -341.8607,  2279.2571, -288.3224, -341.8593, 160, 160, 160
L 2259.2349, -289.5990, -341.8614,  2258.5586, -270.7004, -341.8611, 160, 160, 160
L 2138.5767, -285.4177, -340.3759,  2138.5735, -266.9972, -340.3657, 160, 160, 160
L 2118.5481, -285.4177, -340.3765,  2138.5767, -285.4177, -340.3765, 160, 160, 160
L 2118.4612, -267.2640, -340.3317,  2118.5481, -285.4177, -340.3765, 160, 160, 160
L 2138.5735, -266.9972, -340.3765,  2118.4612, -267.2640, -340.2617, 160, 160, 160
L 2183.6050, -292.6109, -340.3756,  2183.4998, -278.4689, -339.8050, 160, 160, 160
L 2183.3816, -330.1089, -340.1240,  2183.2859, -315.6818, -340.1240, 160, 160, 160
L 2161.3826, -316.8060, -340.1240,  2160.9507, -329.9606, -340.1240, 160, 160, 160
L 2160.8677, -277.9873, -340.3756,  2161.2334, -292.1954, -340.3756, 160, 160, 160
L 2138.5352, -335.3609, -340.6130,  2118.4883, -335.5815, -340.2049, 160, 160, 160
L 2118.6194, -317.2975, -340.1240,  2118.4883, -335.5815, -340.3765, 160, 160, 160
L 2088.8489, -336.5800, -340.3765,  2068.5679, -335.7980, -340.3765, 160, 160, 160
L 2088.5735, -317.4289, -340.1240,  2088.8489, -336.5800, -340.3765, 160, 160, 160
L 2068.7898, -317.2821, -340.1240,  2088.5735, -317.4289, -339.8356, 160, 160, 160
L 2068.5679, -335.7980, -340.3765,  2068.7898, -317.2821, -340.1240, 160, 160, 160
L 2059.4329, -343.3589, -340.1899,  2033.6630, -343.4633, -340.1899, 160, 160, 160
L 2059.1719, -319.8634, -340.1899,  2059.4329, -343.3589, -340.1899, 160, 160, 160
L 2033.8456, -320.6200, -340.1240,  2059.1719, -319.8634, -340.1240, 160, 160, 160
L 2033.6630, -343.4633, -340.1899,  2033.8456, -320.6200, -340.1240, 160, 160, 160
L 1972.1438, -343.1544, -339.9144,  1971.5480, -319.7730, -339.9365, 160, 160, 160
L 1996.7699, -342.9900, -339.9365,  1972.1438, -343.1544, -339.9365, 160, 160, 160
L 1996.8860, -319.7586, -339.4599,  1996.7699, -342.9900, -339.9365, 160, 160, 160
L 1971.5480, -319.7730, -339.9365,  1996.8860, -319.7586, -339.9365, 160, 160, 160
L 2161.2334, -292.1954, -340.2948,  2145.4097, -292.5498, -340.2633, 160, 160, 160
L 2198.5186, -292.3231, -340.3756,  2183.6050, -292.6109, -340.3756, 160, 160, 160
L 2315.8726, -286.8426, -342.1007,  2295.6399, -287.7860, -342.2608, 160, 160, 160
L 2382.2996, -349.5083, -337.4803,  2382.4478, -369.4272, -337.2669, 160, 160, 160
L 2363.9302, -349.8451, -338.2606,  2382.2996, -349.5083, -338.1007, 160, 160, 160
L 2364.7488, -369.7610, -338.2606,  2363.9302, -349.8451, -338.2606, 160, 160, 160
L 2382.4478, -369.4272, -337.1290,  2364.7488, -369.7610, -338.2606, 160, 160, 160
L 2314.9832, -268.6682, -341.8675,  2315.8726, -286.8426, -342.2608, 160, 160, 160
L 2294.9539, -269.1603, -342.1847,  2314.9832, -268.6682, -341.8072, 160, 160, 160
L 2258.5586, -270.7004, -341.8614,  2278.5669, -269.5745, -341.8614, 160, 160, 160
L 2183.4998, -278.4689, -340.3756,  2198.4175, -278.6160, -340.3756, 160, 160, 160
L 2145.6675, -278.2629, -340.3756,  2160.8677, -277.9873, -340.3756, 160, 160, 160
L 2145.4097, -292.5498, -340.3756,  2145.6675, -278.2629, -340.3756, 160, 160, 160
L 2145.9065, -330.1028, -340.1240,  2145.7273, -315.8310, -340.1240, 160, 160, 160
L 2160.9507, -329.9606, -340.1240,  2145.9065, -330.1028, -340.1240, 160, 160, 160
L 2198.4092, -330.2275, -340.1240,  2183.3816, -330.1089, -340.1240, 160, 160, 160
L 2198.6624, -316.3827, -340.1240,  2198.4092, -330.2275, -340.1240, 160, 160, 160
L 2198.4175, -278.6160, -340.3756,  2198.5186, -292.3231, -340.3756, 160, 160, 160
L 2183.2859, -315.6818, -340.1240,  2198.6624, -316.3827, -339.6068, 160, 160, 160
L 2145.7273, -315.8310, -340.1240,  2161.3826, -316.8060, -340.1240, 160, 160, 160
L 2118.6194, -317.2975, -340.1240,  2138.6338, -317.2631, -340.1240, 160, 160, 160
L 2138.5352, -335.3609, -340.1240,  2138.6338, -317.2631, -340.1240, 160, 160, 160
L 2033.8765, -280.4209, -340.1899,  2034.2880, -257.3004, -340.1899, 160, 160, 160
L 2058.8765, -280.1741, -340.1899,  2033.8765, -280.4209, -340.1899, 160, 160, 160
L 2059.1331, -257.1224, -340.1899,  2058.8765, -280.1741, -340.1059, 160, 160, 160
L 2034.2880, -257.3004, -340.1899,  2059.1331, -257.1224, -340.1899, 160, 160, 160
L 1736.8456, 40.5063, -339.6850,  1738.4159, 21.5471, -339.6850, 160, 160, 160
L 1716.3219, 39.2227, -339.6850,  1736.8456, 40.5063, -339.6850, 160, 160, 160
L 1717.6497, 20.2315, -339.6850,  1716.3219, 39.2227, -339.6850, 160, 160, 160
L 1738.4159, 21.5471, -339.6850,  1717.6497, 20.2315, -339.6850, 160, 160, 160
L 1874.3062, 49.2170, -339.6875,  1875.7145, 30.3799, -339.6875, 160, 160, 160
L 1874.3062, 49.2170, -339.6875,  1853.9369, 47.6951, -339.6875, 160, 160, 160
L 1855.6648, 28.7116, -339.6875,  1853.9369, 47.6951, -339.6875, 160, 160, 160
L 1875.7145, 30.3799, -339.6875,  1855.6648, 28.7116, -339.6875, 160, 160, 160
L 1865.4722, -46.1210, -339.9365,  1925.3567, -52.1910, -339.9365, 160, 160, 160
L 1833.8971, -3.8067, -339.9365,  1865.4722, -46.1210, -339.9365, 160, 160, 160
L 1823.5518, -2.7959, -339.9365,  1833.8971, -3.8067, -339.9365, 160, 160, 160
L 1823.2079, -6.2838, -339.9363,  1823.5518, -2.7959, -339.9365, 160, 160, 160
L 1832.9030, -7.3266, -339.9365,  1823.2079, -6.2838, -339.9365, 160, 160, 160
L 1864.1259, -49.3256, -339.9365,  1832.9030, -7.3266, -339.9365, 160, 160, 160
L 1865.5221, -49.4551, -339.9365,  1864.1259, -49.3256, -339.9365, 160, 160, 160
L 1863.8738, -66.2026, -339.9365,  1865.5221, -49.4551, -339.9365, 160, 160, 160
L 1868.4889, -66.6139, -339.9365,  1863.8738, -66.2026, -339.9365, 160, 160, 160
L 1869.7007, -49.8417, -339.9365,  1868.4889, -66.6139, -339.9365, 160, 160, 160
L 1922.6946, -54.7417, -339.9365,  1869.7007, -49.8417, -339.9365, 160, 160, 160
L 1920.9646, -72.3045, -339.9365,  1922.6946, -54.7417, -339.9365, 160, 160, 160
L 1923.3361, -72.5381, -339.9365,  1920.9646, -72.3045, -339.9365, 160, 160, 160
L 1925.3567, -52.1910, -339.9365,  1923.3361, -72.5381, -339.9365, 160, 160, 160
L 2014.2300, 61.7922, -340.3856,  2013.6436, 13.9893, -339.9365, 160, 160, 160
L 1967.2321, 62.3689, -342.1705,  2014.2300, 61.7922, -342.6090, 160, 160, 160
L 1966.6454, 14.5660, -339.9365,  1967.2321, 62.3689, -339.9365, 160, 160, 160
L 2013.6436, 13.9893, -339.9365,  1966.6454, 14.5660, -339.9365, 160, 160, 160
L 2013.3228, -35.6903, -339.9365,  2013.3223, -82.6907, -339.9365, 160, 160, 160
L 1965.5088, -35.6899, -339.9365,  2013.3228, -35.6903, -339.9365, 160, 160, 160
L 1965.5082, -82.6907, -339.9365,  1965.5088, -35.6899, -339.9365, 160, 160, 160
L 2013.3223, -82.6907, -339.9365,  1965.5082, -82.6907, -339.9365, 160, 160, 160
L 1962.2549, -237.3678, -339.9365,  1964.6001, -189.6129, -339.9365, 160, 160, 160
L 2009.1991, -239.6748, -339.9365,  1962.2549, -237.3678, -339.9365, 160, 160, 160
L 2011.5459, -191.9191, -339.9365,  2009.1991, -239.6748, -339.9363, 160, 160, 160
L 1964.6001, -189.6129, -339.9365,  2011.5459, -191.9191, -339.9365, 160, 160, 160
L 1960.7133, -174.6014, -339.9365,  1955.8499, -174.6014, -339.9365, 160, 160, 160
L 1960.7133, -154.2684, -339.9365,  1960.7133, -174.6014, -339.9365, 160, 160, 160
L 1940.5265, -154.2684, -339.9365,  1960.7133, -154.2684, -339.9365, 160, 160, 160
L 1940.5265, -159.1356, -339.9365,  1940.5265, -154.2684, -339.9365, 160, 160, 160
L 1955.8499, -159.1356, -339.9365,  1940.5265, -159.1356, -339.9365, 160, 160, 160
L 1955.8499, -174.6014, -339.9365,  1955.8499, -159.1356, -339.9365, 160, 160, 160
L 1905.8456, -159.1357, -339.9365,  1905.8456, -174.4550, -339.9365, 160, 160, 160
L 1921.1515, -159.1356, -339.9365,  1905.8456, -159.1357, -339.9365, 160, 160, 160
L 1921.1515, -154.2684, -339.9365,  1921.1515, -159.1356, -339.9365, 160, 160, 160
L 1900.9789, -154.2684, -339.9365,  1921.1515, -154.2684, -339.9365, 160, 160, 160
L 1900.9789, -174.4550, -339.9365,  1900.9789, -154.2684, -339.9365, 160, 160, 160
L 1905.8456, -174.4550, -339.9365,  1900.9789, -174.4550, -339.9365, 160, 160, 160
L 1900.9788, -214.2900, -339.9365,  1900.9788, -193.8300, -339.9365, 160, 160, 160
L 1960.7133, -214.2800, -339.9365,  1900.9788, -214.2900, -339.9365, 160, 160, 160
L 1960.7129, -193.9764, -339.9365,  1960.7133, -214.2800, -339.9365, 160, 160, 160
L 1955.8499, -193.9764, -339.9365,  1960.7129, -193.9764, -339.9365, 160, 160, 160
L 1955.8499, -209.1394, -339.9365,  1955.8499, -193.9764, -339.9365, 160, 160, 160
L 1905.8451, -209.1396, -339.9365,  1955.8499, -209.1394, -339.9365, 160, 160, 160
L 1905.8461, -193.8300, -339.9365,  1905.8451, -209.1396, -339.9365, 160, 160, 160
L 1900.9788, -193.8300, -339.9365,  1905.8461, -193.8300, -339.9365, 160, 160, 160
L 1820.1946, -143.2051, -339.9365,  1809.8224, -142.1918, -339.9365, 160, 160, 160
L 1859.5331, -106.4544, -339.9365,  1820.1946, -143.2051, -339.9365, 160, 160, 160
L 1919.4147, -112.3522, -339.9365,  1859.5331, -106.4544, -339.9365, 160, 160, 160
L 1921.4368, -91.8198, -339.9365,  1919.4147, -112.3522, -339.9365, 160, 160, 160
L 1919.6548, -91.5862, -339.9365,  1921.4368, -91.8198, -339.9365, 160, 160, 160
L 1917.2526, -109.9947, -339.9363,  1919.6548, -91.5862, -339.9365, 160, 160, 160
L 1864.3212, -104.4625, -339.9365,  1917.2526, -109.9947, -339.9363, 160, 160, 160
L 1866.1497, -85.8956, -339.9365,  1864.3212, -104.4625, -339.9365, 160, 160, 160
L 1861.9745, -85.4843, -339.9365,  1866.1497, -85.8956, -339.9365, 160, 160, 160
L 1860.1486, -104.2600, -339.9365,  1861.9745, -85.4843, -339.9365, 160, 160, 160
L 1858.7505, -103.8800, -339.9365,  1860.1486, -104.2600, -339.9365, 160, 160, 160
L 1819.4445, -140.3616, -339.9365,  1858.7505, -103.8800, -339.9365, 160, 160, 160
L 1810.8500, -139.5277, -339.9365,  1819.4445, -140.3616, -339.9365, 160, 160, 160
L 1809.8224, -142.1918, -339.9365,  1810.8500, -139.5277, -339.9365, 160, 160, 160
L 1693.6796, -69.3876, -339.9365,  1690.8494, -69.1089, -339.9365, 160, 160, 160
L 1691.9634, -86.7413, -339.9365,  1693.6796, -69.3876, -339.9365, 160, 160, 160
L 1745.6874, -92.3481, -339.9365,  1691.9634, -86.7413, -339.9365, 160, 160, 160
L 1747.4258, -74.6949, -339.9365,  1745.6874, -92.3481, -339.9365, 160, 160, 160
L 1751.2599, -75.4940, -339.9365,  1747.4258, -74.6949, -339.9365, 160, 160, 160
L 1749.9257, -92.1958, -339.9365,  1751.5741, -75.4577, -339.9365, 160, 160, 160
L 1780.7190, -136.8324, -339.9365,  1749.9257, -92.1958, -339.9365, 160, 160, 160
L 1790.7853, -137.8063, -339.9365,  1780.7190, -136.8324, -339.9365, 160, 160, 160
L 1790.5408, -140.2921, -339.9365,  1790.7853, -137.8063, -339.9365, 160, 160, 160
L 1779.3628, -139.2075, -339.9365,  1790.5408, -140.2921, -339.9365, 160, 160, 160
L 1748.7388, -95.5251, -339.9365,  1779.3628, -139.2075, -339.9365, 160, 160, 160
L 1688.8268, -89.6410, -339.9365,  1748.7388, -95.5251, -339.9365, 160, 160, 160
L 1690.8494, -69.1089, -339.9365,  1688.8268, -89.6410, -339.9365, 160, 160, 160
L 1692.7483, -49.8271, -339.9365,  1695.5896, -50.1071, -339.9365, 160, 160, 160
L 1697.2466, -33.2477, -339.9363,  1695.5896, -50.1071, -339.9365, 160, 160, 160
L 1751.1969, -38.2079, -339.9365,  1697.2466, -33.2477, -339.9363, 160, 160, 160
L 1749.3250, -55.4132, -339.9365,  1751.1969, -38.2079, -339.9365, 160, 160, 160
L 1753.5077, -55.8252, -339.9365,  1749.3250, -55.4132, -339.9365, 160, 160, 160
L 1755.2522, -38.1146, -339.9365,  1753.5077, -55.8252, -339.9365, 160, 160, 160
L 1794.6626, -3.2094, -339.9365,  1755.2522, -38.1146, -339.9365, 160, 160, 160
L 1803.9441, -4.2035, -339.9365,  1794.6626, -3.2094, -339.9365, 160, 160, 160
L 1804.2699, -0.8966, -339.9365,  1803.9441, -4.2035, -339.9365, 160, 160, 160
L 1793.1984, 0.1938, -339.9365,  1804.2699, -0.8966, -339.9365, 160, 160, 160
L 1754.6526, -35.2062, -339.9365,  1793.1984, 0.1938, -339.9365, 160, 160, 160
L 1695.3257, -29.3630, -339.9365,  1754.6526, -35.2062, -339.9365, 160, 160, 160
L 1692.7483, -49.8271, -339.9365,  1694.7156, -29.8553, -339.9365, 160, 160, 160
L 1582.6812, 42.8442, -339.5509,  1581.4535, 24.4361, -339.6865, 160, 160, 160
L 1603.7726, 41.1054, -339.6155,  1582.6812, 42.8442, -339.6865, 160, 160, 160
L 1603.7726, 41.1054, -339.6865,  1601.5486, 22.8425, -339.5683, 160, 160, 160
L 1581.4535, 24.4361, -339.6129,  1601.5486, 22.8425, -339.6865, 160, 160, 160
L 1308.8566, 42.3355, -339.6865,  1288.3766, 42.2573, -339.6865, 160, 160, 160
L 1308.8766, 23.7235, -339.6865,  1308.8566, 42.3355, -339.6865, 160, 160, 160
L 1288.5486, 23.6304, -339.4520,  1308.8766, 23.7235, -339.6865, 160, 160, 160
L 1288.3766, 42.2573, -339.6865,  1288.5486, 23.6304, -339.6865, 160, 160, 160
L 1106.9257, -35.3200, -339.9365,  1208.6565, -35.6552, -339.9365, 160, 160, 160
L 1079.1122, -2.5625, -339.9365,  1106.9257, -35.3200, -339.9365, 160, 160, 160
L 1020.8185, -2.5625, -336.7850,  1079.1122, -2.5625, -339.9365, 160, 160, 160
L 1002.2562, -35.3130, -339.1739,  1020.8185, -2.5625, -336.5491, 160, 160, 160
L 902.9202, -35.3110, -311.5590,  1002.2562, -35.3130, -339.1739, 160, 160, 160
L 882.4540, -2.5625, -294.1010,  902.9202, -35.3110, -311.5590, 160, 160, 160
L 855.6938, -2.5615, -283.6288,  882.4540, -2.5625, -292.6110, 160, 160, 160
L 833.2820, -2.5625, -282.7336,  855.6938, -2.5615, -283.6288, 160, 160, 160
L 805.2625, -30.4710, -282.6793,  833.2820, -2.5625, -282.6924, 160, 160, 160
L 728.3863, -32.1420, -294.8222,  805.2625, -30.4710, -282.6793, 160, 160, 160
L 708.9310, -32.6831, -302.1336,  728.3863, -32.1420, -294.8222, 160, 160, 160
L 684.9102, -0.7200, -315.7251,  708.9310, -32.6831, -302.1336, 160, 160, 160
L 619.6577, -0.2173, -336.1886,  684.9102, -0.7200, -317.2667, 160, 160, 160
L 603.4084, -30.3721, -339.8614,  619.6577, -0.2173, -337.7970, 160, 160, 160
L 525.9070, -30.5947, -339.9365,  603.4084, -30.3721, -339.8614, 160, 160, 160
L 526.6233, -197.4807, -339.9365,  525.9070, -30.5947, -339.9365, 160, 160, 160
L 491.9999, -218.3531, -339.9365,  526.6233, -197.4807, -339.9365, 160, 160, 160
L 492.0000, -385.6456, -339.9365,  491.9999, -218.3531, -339.9365, 160, 160, 160
L 526.7812, -406.5206, -339.9365,  492.0000, -385.6456, -339.9365, 160, 160, 160
L 526.7811, -581.5931, -339.9365,  526.7812, -406.5206, -339.9365, 160, 160, 160
L 605.7596, -581.8120, -337.6506,  526.7811, -581.5931, -339.9365, 160, 160, 160
L 624.2853, -612.8437, -329.4406,  605.7596, -581.8120, -337.6506, 160, 160, 160
L 677.9482, -612.8437, -325.2427,  624.2853, -612.8437, -328.7982, 160, 160, 160
L 703.4479, -585.6250, -331.4549,  677.9482, -612.8437, -325.2914, 160, 160, 160
L 798.1612, -585.6250, -332.5480,  703.4479, -585.6250, -331.4549, 160, 160, 160
L 821.4456, -612.8437, -322.5378,  798.1612, -585.6250, -332.5480, 160, 160, 160
L 884.3533, -612.8437, -320.9890,  821.4456, -612.8437, -320.7028, 160, 160, 160
L 902.9094, -587.2808, -319.8530,  884.3533, -612.8437, -320.7087, 160, 160, 160
L 970.4500, -587.1409, -305.2576,  902.9094, -587.2808, -319.8530, 160, 160, 160
L 997.5380, -587.8360, -306.1945,  970.4500, -587.1409, -305.2576, 160, 160, 160
L 1006.9211, -587.6280, -308.7330,  997.5380, -587.8360, -306.1945, 160, 160, 160
L 1023.1281, -612.8437, -318.8342,  1006.9211, -587.6280, -308.7330, 160, 160, 160
L 1083.7394, -612.8437, -327.1760,  1023.1281, -612.8437, -321.8285, 160, 160, 160
L 1104.6111, -588.7812, -325.9633,  1083.7394, -612.8437, -326.7966, 160, 160, 160
L 1208.6636, -588.7812, -337.3967,  1104.6111, -588.7812, -325.9633, 160, 160, 160
L 1231.8628, -617.5000, -332.5794,  1208.6636, -588.7812, -337.3967, 160, 160, 160
L 1273.8958, -617.4999, -332.4664,  1231.8628, -617.5000, -331.2243, 160, 160, 160
L 1299.3949, -587.2812, -338.9234,  1273.8958, -617.4999, -332.8414, 160, 160, 160
L 1401.1426, -587.2812, -339.9365,  1299.3949, -587.2812, -338.9234, 160, 160, 160
L 1424.3324, -612.8437, -339.4349,  1401.1426, -587.2812, -339.9365, 160, 160, 160
L 1487.2675, -612.8437, -339.9365,  1424.3324, -612.8437, -339.1979, 160, 160, 160
L 1503.4849, -587.6250, -339.9365,  1487.2675, -612.8437, -339.9365, 160, 160, 160
L 1630.7548, -587.6250, -339.9365,  1503.4849, -587.6250, -339.9365, 160, 160, 160
L 1630.2599, -538.2654, -339.9365,  1630.7548, -587.6250, -339.9365, 160, 160, 160
L 1651.4672, -524.8931, -339.9365,  1630.2599, -538.2654, -339.9365, 160, 160, 160
L 1651.9695, -464.1777, -339.9365,  1651.4672, -524.8931, -339.9365, 160, 160, 160
L 1629.5938, -443.3016, -339.9365,  1651.9695, -464.1777, -339.9365, 160, 160, 160
L 1629.6072, -420.5246, -339.9365,  1629.5938, -443.3016, -339.9365, 160, 160, 160
L 1675.2261, -354.6875, -339.9365,  1629.6072, -420.5246, -339.9365, 160, 160, 160
L 1962.4900, -354.6875, -339.9365,  1675.2261, -354.6875, -339.9365, 160, 160, 160
L 1954.3853, -399.9605, -339.9365,  1956.6095, -354.6875, -339.9365, 160, 160, 160
L 2002.1321, -402.3061, -339.9365,  1954.3853, -399.9605, -339.9365, 160, 160, 160
L 2004.4385, -355.3629, -339.9365,  2002.1321, -402.3061, -339.9365, 160, 160, 160
L 1962.5054, -353.3029, -339.9365,  2004.4385, -355.3629, -339.9365, 160, 160, 160
L 1962.8727, -319.6875, -339.9365,  1962.4900, -354.6875, -339.9365, 160, 160, 160
L 1991.4092, -319.6875, -339.9365,  1962.8727, -319.6875, -339.9365, 160, 160, 160
L 2000.9374, -306.5072, -339.9365,  1991.4092, -319.6875, -339.9365, 160, 160, 160
L 2000.9375, -293.3365, -339.9365,  2000.9374, -306.5072, -339.9365, 160, 160, 160
L 1991.4148, -280.1637, -339.9365,  2000.9375, -293.3365, -339.9365, 160, 160, 160
L 1963.1128, -279.9246, -339.9365,  1991.4148, -280.1637, -339.9365, 160, 160, 160
L 1963.5800, -245.5627, -339.9365,  1963.1128, -279.9246, -339.9365, 160, 160, 160
L 1676.1868, -245.3751, -339.9365,  1963.5800, -245.5627, -339.9365, 160, 160, 160
L 1629.7782, -182.7940, -339.9365,  1676.1868, -245.3751, -339.9365, 160, 160, 160
L 1629.7809, -180.3140, -339.9365,  1629.7782, -182.7940, -339.9365, 160, 160, 160
L 1651.4690, -148.9000, -339.9365,  1629.7809, -180.3140, -339.9365, 160, 160, 160
L 1651.2488, -95.4592, -339.9365,  1651.4690, -148.9000, -339.9365, 160, 160, 160
L 1630.8438, -81.5536, -339.9365,  1651.2488, -95.4592, -339.9365, 160, 160, 160
L 1630.8438, -35.3110, -339.9365,  1630.8438, -81.5536, -339.9365, 160, 160, 160
L 1508.1038, -35.3110, -339.8310,  1630.8438, -35.3110, -339.9365, 160, 160, 160
L 1484.9170, -0.2188, -328.9456,  1508.1038, -35.3110, -339.8310, 160, 160, 160
L 1461.8090, -0.2179, -328.7391,  1484.9170, -0.2188, -328.7395, 160, 160, 160
L 1424.2914, -0.2188, -330.8350,  1461.8090, -0.2179, -328.7391, 160, 160, 160
L 1403.4164, -35.3110, -338.5498,  1424.2914, -0.2188, -330.5851, 160, 160, 160
L 1306.3799, -35.3110, -339.9365,  1403.4164, -35.3110, -338.5498, 160, 160, 160
L 1283.1952, -1.4686, -339.9365,  1306.3799, -35.3110, -339.9365, 160, 160, 160
L 1234.1869, -1.4688, -339.9365,  1283.1952, -1.4686, -339.9365, 160, 160, 160
L 1208.6565, -35.6552, -339.9365,  1234.1869, -1.4688, -339.9365, 160, 160, 160
L 3135.1216, 705.1915, -261.7049,  3121.7654, 676.2339, -297.1628, 160, 160, 160
L 3133.8057, 731.5384, -259.7368,  3135.1216, 705.1915, -261.7049, 160, 160, 160
L 3133.9063, 801.6019, -257.5719,  3133.8057, 731.5384, -259.7368, 160, 160, 160
L 3134.9568, 854.3726, -254.6325,  3133.9063, 801.6019, -257.5719, 160, 160, 160
L 3134.7078, 1076.8938, -256.7250,  3134.9568, 854.3726, -254.6325, 160, 160, 160
L 3134.6636, 1120.4833, -258.1209,  3134.7078, 1076.8938, -256.7250, 160, 160, 160
L 3132.2544, 1182.8301, -267.3213,  3134.6636, 1120.4833, -258.1209, 160, 160, 160
L 3134.4202, 1344.8396, -256.7063,  3132.2544, 1182.8301, -267.3213, 160, 160, 160
L 3129.1321, 1518.5751, -277.2826,  3134.4202, 1344.8396, -256.7063, 160, 160, 160
L 3128.3118, 1609.1808, -281.6040,  3129.1321, 1518.5751, -277.2826, 160, 160, 160
L 3124.2632, 1668.7300, -288.9585,  3128.3118, 1609.1808, -281.6040, 160, 160, 160
L 3124.8545, 1747.5005, -288.5441,  3124.2632, 1668.7300, -288.9585, 160, 160, 160
L 3119.7129, 1810.3700, -298.4053,  3124.8545, 1747.5005, -288.5441, 160, 160, 160
L 3118.4114, 1858.6188, -299.2490,  3119.7129, 1810.3700, -298.4053, 160, 160, 160
L 3123.9163, 1921.1681, -288.3251,  3118.4114, 1858.6188, -299.2490, 160, 160, 160
L 3126.8865, 1983.8960, -281.4318,  3123.9163, 1921.1681, -288.3251, 160, 160, 160
L 3126.4639, 2047.2898, -287.1999,  3126.8865, 1983.8960, -281.4318, 160, 160, 160
L 3129.4856, 2121.9502, -281.9866,  3126.4639, 2047.2898, -287.1999, 160, 160, 160
L 3134.3667, 2250.6426, -266.1270,  3129.4856, 2121.9502, -281.9866, 160, 160, 160
L 3131.9336, 2325.3870, -272.8582,  3134.3667, 2250.6426, -266.1270, 160, 160, 160
L 3142.1631, 2461.8074, -231.1836,  3131.9336, 2325.3870, -272.8582, 160, 160, 160
L 3145.7952, 2599.8289, -216.4815,  3142.1631, 2461.8074, -231.1836, 160, 160, 160
L 3145.8997, 2668.3816, -217.5886,  3145.7952, 2599.8289, -216.4815, 160, 160, 160
L 3144.8140, 2743.3555, -232.8949,  3145.8997, 2668.3816, -217.5886, 160, 160, 160
L 3145.5916, 2796.8792, -243.7781,  3144.8140, 2743.3555, -232.8949, 160, 160, 160
L 3152.2251, 2859.4551, -259.4843,  3145.5916, 2796.8792, -243.7781, 160, 160, 160
L 3164.2366, 2907.7947, -264.6040,  3152.2251, 2859.4551, -259.4843, 160, 160, 160
L 3185.2793, 2968.5867, -286.5570,  3164.2366, 2907.7947, -264.6040, 160, 160, 160
L 3212.2195, 3040.8738, -306.7047,  3185.2793, 2968.5867, -286.5570, 160, 160, 160
L 3212.5728, 3092.5232, -317.2524,  3212.2195, 3040.8738, -306.7047, 160, 160, 160
L 3213.2322, 3141.9048, -319.8392,  3212.5728, 3092.5232, -317.2524, 160, 160, 160
L 3225.8418, 3191.8047, -315.2991,  3213.2322, 3141.9048, -319.8392, 160, 160, 160
L 3226.9202, 3222.3362, -298.8994,  3225.8418, 3191.8047, -315.2991, 160, 160, 160
L 3204.4268, 3275.7256, -294.6195,  3226.9202, 3222.3362, -298.8994, 160, 160, 160
L 3190.2903, 3310.1719, -312.6501,  3204.4268, 3275.7256, -294.6195, 160, 160, 160
L 3145.1531, 3310.9292, -324.3530,  3190.2903, 3310.1719, -312.6501, 160, 160, 160
L 3090.8235, 3309.6382, -337.4012,  3145.1531, 3310.9292, -324.3530, 160, 160, 160
L 3051.2830, 3308.6973, -286.2480,  3090.8235, 3309.6382, -337.4012, 160, 160, 160
L 3017.7449, 3289.5298, -277.9270,  3051.2830, 3308.6973, -286.2480, 160, 160, 160
L 2952.3450, 3255.9341, -295.5215,  3017.7449, 3289.5298, -277.9270, 160, 160, 160
L 2872.5867, 3242.1155, -311.8516,  2952.3450, 3255.9341, -295.5215, 160, 160, 160
L 2805.6985, 3243.1824, -324.4341,  2872.5867, 3242.1155, -311.8516, 160, 160, 160
L 2738.5818, 3282.2085, -227.2324,  2805.6985, 3243.1824, -324.4341, 160, 160, 160
L 2675.8584, 3295.1409, -232.6373,  2738.5818, 3282.2085, -227.2324, 160, 160, 160
L 2612.3667, 3315.7273, -250.3232,  2675.8584, 3295.1409, -232.6373, 160, 160, 160
L 2583.9468, 3313.3245, -260.3860,  2612.3667, 3315.7273, -250.3232, 160, 160, 160
L 2515.6897, 3311.6482, -288.4488,  2583.9468, 3313.3245, -260.3860, 160, 160, 160
L 2449.1331, 3308.8401, -296.1231,  2515.6897, 3311.6482, -288.4488, 160, 160, 160
L 2357.3987, 3304.9683, -297.4157,  2449.1331, 3308.8401, -296.1231, 160, 160, 160
L 2305.9380, 3302.7952, -292.3668,  2357.3987, 3304.9683, -297.4157, 160, 160, 160
L 2232.2190, 3299.6802, -253.4679,  2305.9380, 3302.7952, -292.3668, 160, 160, 160
L 2196.6995, 3296.7339, -238.6960,  2232.2190, 3299.6802, -253.4679, 160, 160, 160
L 2151.6375, 3279.7725, -268.7583,  2196.6995, 3296.7339, -238.6960, 160, 160, 160
L 2087.4109, 3263.8965, -253.8626,  2151.6375, 3279.7725, -268.7583, 160, 160, 160
L 2021.7112, 3254.4834, -261.7742,  2087.4109, 3263.8965, -253.8626, 160, 160, 160
L 1968.6143, 3257.1819, -266.9744,  2021.7112, 3254.4834, -261.7742, 160, 160, 160
L 1923.9065, 3256.8096, -269.9270,  1968.6143, 3257.1819, -266.9744, 160, 160, 160
L 1868.5243, 3254.1331, -269.1245,  1923.9065, 3256.8096, -269.9270, 160, 160, 160
L 1829.5138, 3271.7449, -272.2445,  1868.5243, 3254.1331, -269.1245, 160, 160, 160
L 1802.4196, 3290.7781, -305.7916,  1829.5138, 3271.7449, -272.2445, 160, 160, 160
L 1771.4041, 3297.8958, -332.2604,  1802.4196, 3290.7781, -305.7916, 160, 160, 160
L 1730.5824, 3297.6736, -345.7980,  1771.4041, 3297.8958, -332.2604, 160, 160, 160
L 1649.6327, 3297.2361, -353.2395,  1730.5824, 3297.6736, -345.7980, 160, 160, 160
L 1597.9435, 3296.9590, -347.5790,  1649.6327, 3297.2361, -353.2395, 160, 160, 160
L 1481.8158, 3296.3350, -344.4076,  1597.9435, 3296.9590, -347.5790, 160, 160, 160
L 1375.1521, 3295.7627, -340.5493,  1481.8158, 3296.3350, -344.4076, 160, 160, 160
L 1297.6023, 3295.3472, -335.3498,  1375.1521, 3295.7627, -340.5493, 160, 160, 160
L 1241.3804, 3295.4351, -338.2943,  1297.6023, 3295.3472, -335.3498, 160, 160, 160
L 1164.1023, 3294.6287, -352.9530,  1241.3804, 3295.4351, -338.2943, 160, 160, 160
L 1076.5719, 3294.1597, -347.7268,  1164.1023, 3294.6287, -352.9530, 160, 160, 160
L 986.2676, 3293.6741, -338.8405,  1076.5719, 3294.1597, -347.7268, 160, 160, 160
L 916.8823, 3293.2969, -328.4910,  986.2676, 3293.6741, -338.8405, 160, 160, 160
L 851.7289, 3292.9502, -322.4592,  916.8823, 3293.2969, -328.4910, 160, 160, 160
L 802.6200, 3261.9119, -309.8120,  851.7289, 3292.9502, -322.4592, 160, 160, 160
L 724.6056, 3279.7681, -282.5504,  802.6200, 3261.9119, -309.8120, 160, 160, 160
L 659.3614, 3297.1387, -299.8201,  724.6056, 3279.7681, -282.5504, 160, 160, 160
L 580.8887, 3302.8118, -346.5181,  659.3614, 3297.1387, -299.8201, 160, 160, 160
L 515.1479, 3307.5735, -353.9103,  580.8887, 3302.8118, -346.5181, 160, 160, 160
L 486.7240, 3309.6658, -352.5896,  515.1479, 3307.5735, -353.9103, 160, 160, 160
L 433.5948, 3313.4573, -300.4490,  486.7240, 3309.6658, -352.5896, 160, 160, 160
L 386.2454, 3292.1436, -293.2212,  433.5948, 3313.4573, -300.4490, 160, 160, 160
L 324.6524, 3263.8206, -310.5086,  386.2454, 3292.1436, -293.2212, 160, 160, 160
L 248.3457, 3278.4778, -274.9952,  324.6524, 3263.8206, -310.5086, 160, 160, 160
L 221.7357, 3311.2532, -306.3299,  248.3457, 3278.4778, -274.9952, 160, 160, 160
L 198.1354, 3330.1980, -335.7089,  221.7357, 3311.2532, -306.3299, 160, 160, 160
L 144.7786, 3334.3279, -326.1182,  198.1354, 3330.1980, -335.7089, 160, 160, 160
L 77.7326, 3335.5901, -319.7638,  144.7786, 3334.3279, -326.1182, 160, 160, 160
L 42.6203, 3335.5911, -323.3543,  77.7326, 3335.5901, -319.7638, 160, 160, 160
L -27.4744, 3335.5906, -327.8661,  42.6203, 3335.5911, -323.3543, 160, 160, 160
L -103.2497, 3335.5901, -339.7742,  -27.4744, 3335.5906, -327.8661, 160, 160, 160
L -140.5904, 3335.5906, -338.1308,  -103.2497, 3335.5901, -339.7742, 160, 160, 160
L -274.3660, 3335.5906, -340.6786,  -140.5904, 3335.5906, -338.1308, 160, 160, 160
L -368.9497, 3335.5906, -333.2076,  -274.3660, 3335.5906, -340.6786, 160, 160, 160
L -421.3863, 3335.5933, -330.7798,  -368.9497, 3335.5906, -333.2076, 160, 160, 160
L -475.8559, 3331.1216, -338.8557,  -421.3863, 3335.5933, -330.7798, 160, 160, 160
L -630.5425, 3318.4180, -348.7495,  -475.8559, 3331.1216, -338.8557, 160, 160, 160
L -687.8556, 3313.7112, -346.8566,  -630.5425, 3318.4180, -348.7495, 160, 160, 160
L -750.3313, 3304.3987, -338.8426,  -687.8556, 3313.7112, -346.8566, 160, 160, 160
L -805.9680, 3300.4263, -347.4979,  -750.3313, 3304.3987, -338.8426, 160, 160, 160
L -840.4426, 3295.3406, -356.6277,  -805.9680, 3300.4263, -347.4979, 160, 160, 160
L -890.1521, 3288.1880, -331.9092,  -840.4426, 3295.3406, -356.6277, 160, 160, 160
L -926.1625, 3279.7217, -314.3013,  -890.1521, 3288.1880, -331.9092, 160, 160, 160
L -969.6001, 3249.3655, -330.7200,  -926.1625, 3279.7217, -314.3013, 160, 160, 160
L -1014.9932, 3249.1370, -318.4891,  -969.6001, 3249.3655, -330.7200, 160, 160, 160
L -1075.9430, 3258.3245, -301.4592,  -1014.9932, 3249.1370, -318.4891, 160, 160, 160
L -1126.5154, 3254.1768, -312.5514,  -1075.9430, 3258.3245, -301.4592, 160, 160, 160
L -1250.4054, 3269.8130, -305.1609,  -1126.5154, 3254.1768, -312.5514, 160, 160, 160
L -1280.4928, 3294.4590, -317.9452,  -1250.4054, 3269.8130, -305.1609, 160, 160, 160
L -1317.3838, 3303.1675, -342.6451,  -1280.4928, 3294.4590, -317.9452, 160, 160, 160
L -1341.6895, 3332.4080, -344.4322,  -1317.3838, 3303.1675, -342.6451, 160, 160, 160
L -1361.3318, 3361.6790, -326.7812,  -1341.6895, 3332.4080, -344.4322, 160, 160, 160
L -1378.9872, 3389.1951, -315.3242,  -1361.3318, 3361.6790, -326.7812, 160, 160, 160
L -1396.2062, 3404.3069, -324.5846,  -1378.9872, 3389.1951, -315.3242, 160, 160, 160
L -1414.3058, 3404.7002, -328.9409,  -1396.2062, 3404.3069, -324.5846, 160, 160, 160
L -1433.5580, 3404.7183, -341.3575,  -1414.3058, 3404.7002, -328.9409, 160, 160, 160
L -1463.2592, 3404.7183, -343.8426,  -1433.5580, 3404.7183, -341.3575, 160, 160, 160
L -1465.6250, 3407.8604, -343.8426,  -1465.6250, 3405.9197, -343.8426, 160, 160, 160
L -1596.6874, 3408.4275, -343.8426,  -1465.6250, 3407.8604, -343.8426, 160, 160, 160
L -1596.6874, 3408.5669, -343.8426,  -1596.6874, 3404.7212, -343.8426, 160, 160, 160
L -1649.6775, 3404.7173, -349.1614,  -1596.6874, 3404.7212, -344.1367, 160, 160, 160
L -1698.2195, 3367.9297, -354.3688,  -1649.6775, 3404.7173, -349.1614, 160, 160, 160
L -1774.8766, 3345.6990, -337.2986,  -1698.2195, 3367.9297, -354.3688, 160, 160, 160
L -1870.4480, 3327.7559, -327.2529,  -1774.8766, 3345.6990, -337.2986, 160, 160, 160
L -1955.5529, 3323.9539, -343.6311,  -1870.4480, 3327.7559, -327.2529, 160, 160, 160
L -2030.6731, 3338.1226, -337.3158,  -1955.5529, 3323.9539, -343.6311, 160, 160, 160
L -2084.6260, 3343.3367, -331.7205,  -2030.6731, 3338.1226, -337.3158, 160, 160, 160
L -2231.7205, 3357.5530, -307.1807,  -2084.6260, 3343.3367, -331.7205, 160, 160, 160
L -2362.9136, 3347.8943, -318.4470,  -2231.7205, 3357.5530, -307.1807, 160, 160, 160
L -2452.1758, 3347.8987, -319.9909,  -2362.9136, 3347.8943, -318.4470, 160, 160, 160
L -2555.8284, 3328.3997, -329.4619,  -2452.1758, 3347.8987, -319.9909, 160, 160, 160
L -2644.7051, 3316.6077, -313.4620,  -2555.8284, 3328.3997, -329.4619, 160, 160, 160
L -2771.3633, 3270.4595, -213.6250,  -2644.7051, 3316.6077, -313.4620, 160, 160, 160
L -2826.6121, 3256.2527, -188.5133,  -2771.3633, 3270.4595, -213.6250, 160, 160, 160
L -2882.4773, 3239.1016, -199.6407,  -2826.6121, 3256.2527, -188.5133, 160, 160, 160
L -2967.2798, 3236.7769, -238.3803,  -2882.4773, 3239.1016, -199.6407, 160, 160, 160
L -3011.9668, 3241.9124, -258.5720,  -2967.2798, 3236.7769, -238.3803, 160, 160, 160
L -3132.8230, 3255.5640, -336.8303,  -3011.9668, 3241.9124, -258.5720, 160, 160, 160
L -3218.4595, 3260.7542, -285.8756,  -3132.8230, 3255.5640, -336.8303, 160, 160, 160
L -3288.4092, 3264.9976, -295.3048,  -3218.4595, 3260.7542, -285.8756, 160, 160, 160
L -3361.7776, 3266.6282, -316.8931,  -3288.4092, 3264.9976, -295.3048, 160, 160, 160
L -3424.2349, 3268.3721, -315.9109,  -3361.7776, 3266.6282, -316.8931, 160, 160, 160
L -3518.2068, 3268.3711, -347.3398,  -3424.2349, 3268.3721, -315.9109, 160, 160, 160
L -3764.7898, 3268.3721, -305.1850,  -3518.2068, 3268.3711, -347.3398, 160, 160, 160
L -3821.6553, 3252.7632, -306.7309,  -3764.7898, 3268.3721, -305.1850, 160, 160, 160
L -3888.1233, 3238.8113, -338.6870,  -3821.6553, 3252.7632, -306.7309, 160, 160, 160
L -3954.4756, 3187.5779, -343.8419,  -3888.1233, 3238.8113, -338.6870, 160, 160, 160
L -4017.2627, 3164.3040, -340.1093,  -3954.4756, 3187.5779, -343.8419, 160, 160, 160
L -4049.8130, 3143.5369, -285.3543,  -4017.2627, 3164.3040, -340.1093, 160, 160, 160
L -4050.3948, 3073.5972, -254.9112,  -4049.8130, 3143.5369, -285.3543, 160, 160, 160
L -4046.1060, 3001.6631, -270.1236,  -4050.3948, 3073.5972, -254.9112, 160, 160, 160
L -4054.8926, 2874.7271, -236.4060,  -4046.1060, 3001.6631, -270.1236, 160, 160, 160
L -4053.7554, 2679.3511, -257.9334,  -4054.8926, 2874.7271, -236.4060, 160, 160, 160
L -4061.9761, 2605.7837, -240.5672,  -4053.7554, 2679.3511, -257.9334, 160, 160, 160
L -4061.5547, 2524.2649, -235.2990,  -4061.9761, 2605.7837, -240.5672, 160, 160, 160
L -4057.1448, 2388.4297, -228.4600,  -4061.5547, 2524.2649, -235.2990, 160, 160, 160
L -4057.9678, 2300.5962, -222.4011,  -4057.1448, 2388.4297, -228.4600, 160, 160, 160
L -4050.8975, 2217.2068, -241.7254,  -4057.9678, 2300.5962, -222.4011, 160, 160, 160
L -4048.7588, 2143.4397, -247.7333,  -4050.8975, 2217.2068, -241.7254, 160, 160, 160
L -4045.4778, 2066.3965, -257.7870,  -4048.7588, 2143.4397, -247.7333, 160, 160, 160
L -4038.4246, 1999.2682, -276.9306,  -4045.4778, 2066.3965, -257.7870, 160, 160, 160
L -4023.1133, 1963.8528, -301.1394,  -4038.4246, 1999.2682, -276.9306, 160, 160, 160
L -4011.8113, 1895.8938, -335.3845,  -4023.1133, 1963.8528, -301.1394, 160, 160, 160
L -3987.1033, 1849.1536, -338.5658,  -4011.8113, 1895.8938, -335.3845, 160, 160, 160
L -3966.9102, 1813.6847, -265.8710,  -3987.1033, 1849.1536, -338.5658, 160, 160, 160
L -3964.1980, 1763.4491, -212.5826,  -3966.9102, 1813.6847, -265.8710, 160, 160, 160
L -3963.8584, 1699.2560, -219.3851,  -3964.1980, 1763.4491, -212.5826, 160, 160, 160
L -3968.3975, 1631.9684, -205.5400,  -3963.8584, 1699.2560, -219.3851, 160, 160, 160
L -3963.9622, 1579.7609, -215.7501,  -3968.3975, 1631.9684, -205.5400, 160, 160, 160
L -3959.4148, 1531.9557, -227.4489,  -3963.9622, 1579.7609, -215.7501, 160, 160, 160
L -3957.7117, 1482.9225, -235.1385,  -3959.4148, 1531.9557, -227.4489, 160, 160, 160
L -3957.9778, 1438.1541, -243.1880,  -3957.7117, 1482.9225, -235.1385, 160, 160, 160
L -3935.4634, 1407.4756, -249.5101,  -3957.9778, 1438.1541, -243.1880, 160, 160, 160
L -3893.1792, 1386.9762, -251.1101,  -3935.4634, 1407.4756, -249.5101, 160, 160, 160
L -3860.2598, 1355.4070, -230.2401,  -3893.1792, 1386.9762, -251.1101, 160, 160, 160
L -3854.3638, 1303.7068, -241.4304,  -3860.2598, 1355.4070, -230.2401, 160, 160, 160
L -3847.4412, 1253.2909, -254.1156,  -3854.3638, 1303.7068, -241.4304, 160, 160, 160
L -3842.8250, 1209.5613, -265.3806,  -3847.4412, 1253.2909, -254.1156, 160, 160, 160
L -3841.9197, 1151.2444, -277.7461,  -3842.8250, 1209.5613, -265.3806, 160, 160, 160
L -3820.2017, 1114.2710, -279.4590,  -3841.9197, 1151.2444, -277.7461, 160, 160, 160
L -3785.4683, 1107.9939, -291.2749,  -3820.2017, 1114.2710, -279.4590, 160, 160, 160
L -3747.9102, 1084.9628, -280.3176,  -3785.4683, 1107.9939, -291.2749, 160, 160, 160
L -3738.5630, 1044.9485, -260.1028,  -3747.9102, 1084.9628, -280.3176, 160, 160, 160
L -3742.2720, 999.5453, -235.8885,  -3738.5630, 1044.9485, -260.1028, 160, 160, 160
L -3712.2251, 959.5268, -216.7170,  -3742.2720, 999.5453, -235.8885, 160, 160, 160
L -3672.1702, 884.9781, -214.1283,  -3712.2251, 959.5268, -216.7170, 160, 160, 160
L -3673.9290, 638.9964, -181.6804,  -3672.1702, 884.9781, -214.1283, 160, 160, 160
L -3672.1558, 581.1439, -185.9673,  -3673.9290, 638.9964, -181.6804, 160, 160, 160
L -3671.2310, 476.1281, -192.1989,  -3672.1558, 581.1439, -185.9673, 160, 160, 160
L -3670.5308, 409.7284, -200.4625,  -3671.2310, 476.1281, -192.1989, 160, 160, 160
L -3669.6316, 364.8842, -210.6826,  -3670.5308, 409.7284, -200.4625, 160, 160, 160
L -3669.6338, 346.4556, -217.6564,  -3669.6316, 364.8842, -210.6826, 160, 160, 160
L -3660.6016, 322.1134, -229.4480,  -3669.6338, 346.4556, -217.6564, 160, 160, 160
L -3603.6541, 298.1166, -248.1679,  -3660.6016, 322.1134, -229.4480, 160, 160, 160
L -3563.8079, 287.1220, -258.8553,  -3603.6541, 298.1166, -248.1679, 160, 160, 160
L -3541.6282, 262.4950, -269.3562,  -3563.8079, 287.1220, -258.8553, 160, 160, 160
L -3524.9568, 232.7740, -292.1628,  -3541.6282, 262.4950, -269.3562, 160, 160, 160
L -3498.4114, 213.4723, -291.7010,  -3524.9568, 232.7740, -292.1628, 160, 160, 160
L -3476.1392, 170.3533, -196.4976,  -3498.4114, 213.4723, -291.7010, 160, 160, 160
L -3472.4124, 129.7038, -193.3601,  -3476.1392, 170.3533, -196.4976, 160, 160, 160
L -3472.8245, 86.5322, -201.4875,  -3472.4124, 129.7038, -193.3601, 160, 160, 160
L -3472.5806, 42.4800, -201.6698,  -3472.8245, 86.5322, -201.4875, 160, 160, 160
L -3468.4827, 5.2361, -212.2307,  -3472.5806, 42.4800, -201.6698, 160, 160, 160
L -3469.5767, -46.4160, -222.7789,  -3468.4827, 5.2361, -212.2307, 160, 160, 160
L -3450.4524, -78.5414, -250.6084,  -3469.5767, -46.4160, -222.7789, 160, 160, 160
L -3412.1204, -100.8195, -268.9943,  -3450.4524, -78.5414, -250.6084, 160, 160, 160
L -3368.1116, -109.7930, -263.2536,  -3412.1204, -100.8195, -268.9943, 160, 160, 160
L -3373.8672, -164.6664, -198.5020,  -3368.1116, -109.7930, -263.2536, 160, 160, 160
L -3376.3821, -230.8283, -204.7901,  -3373.8672, -164.6664, -198.5020, 160, 160, 160
L -3376.3506, -288.1578, -205.1844,  -3376.3821, -230.8283, -204.7901, 160, 160, 160
L -3376.4031, -339.7389, -204.4036,  -3376.3506, -288.1578, -205.1844, 160, 160, 160
L -3376.3899, -408.6902, -200.9112,  -3376.4031, -339.7389, -204.4036, 160, 160, 160
L -3376.3555, -465.3471, -199.6808,  -3376.3899, -408.6902, -200.9112, 160, 160, 160
L -3376.3599, -581.8149, -199.9808,  -3376.3555, -465.3471, -199.6808, 160, 160, 160
L -3375.3777, -621.3777, -202.3739,  -3376.3599, -581.8149, -199.9808, 160, 160, 160
L -3368.8643, -670.4985, -218.7487,  -3375.3777, -621.3777, -202.3739, 160, 160, 160
L -3363.2107, -722.5358, -233.2316,  -3368.8643, -670.4985, -218.7487, 160, 160, 160
L -3359.5469, -757.3791, -244.9559,  -3363.2107, -722.5358, -233.2316, 160, 160, 160
L -3349.2344, -808.9891, -262.2185,  -3359.5469, -757.3791, -244.9559, 160, 160, 160
L -3353.3130, -850.9578, -284.7293,  -3349.2344, -808.9891, -262.2185, 160, 160, 160
L -3366.2820, -894.9347, -326.9196,  -3353.3130, -850.9578, -284.7293, 160, 160, 160
L -3388.7227, -926.8898, -339.7264,  -3366.2820, -894.9347, -326.9196, 160, 160, 160
L -3404.9546, -966.3777, -332.3673,  -3388.7227, -926.8898, -339.7264, 160, 160, 160
L -3419.9456, -1038.7278, -313.3519,  -3404.9546, -966.3777, -332.3673, 160, 160, 160
L -3362.5364, -1083.4900, -296.9840,  -3419.9456, -1038.7278, -313.3519, 160, 160, 160
L -3330.8716, -1107.4131, -290.6689,  -3362.5364, -1083.4900, -296.9840, 160, 160, 160
L -3320.1265, -1140.3008, -299.7212,  -3330.8716, -1107.4131, -290.6689, 160, 160, 160
L -3318.9988, -1167.2477, -305.4692,  -3320.1265, -1140.3008, -299.7212, 160, 160, 160
L -3263.3899, -1200.5735, -284.1010,  -3318.9988, -1167.2477, -305.4692, 160, 160, 160
L -3231.5291, -1216.6039, -295.4630,  -3263.3899, -1200.5735, -284.1010, 160, 160, 160
L -3202.8567, -1255.5204, -337.5421,  -3231.5291, -1216.6039, -295.4630, 160, 160, 160
L -3155.8667, -1285.5436, -302.9302,  -3202.8567, -1255.5204, -337.5421, 160, 160, 160
L -3133.8274, -1340.6675, -283.5149,  -3155.8667, -1285.5436, -302.9302, 160, 160, 160
L -3130.6680, -1401.3699, -297.1435,  -3133.8274, -1340.6675, -283.5149, 160, 160, 160
L -3121.1814, -1463.1537, -310.8245,  -3130.6680, -1401.3699, -297.1435, 160, 160, 160
L -3117.5442, -1538.8411, -316.7670,  -3121.1814, -1463.1537, -310.8245, 160, 160, 160
L -3099.8196, -1582.9828, -309.5680,  -3117.5442, -1538.8411, -316.7670, 160, 160, 160
L -3072.8821, -1656.1403, -217.2821,  -3099.8196, -1582.9828, -309.5680, 160, 160, 160
L -3051.2444, -1707.3219, -217.1562,  -3072.8821, -1656.1403, -217.2821, 160, 160, 160
L -3002.6492, -1733.9728, -208.9927,  -3051.2444, -1707.3219, -217.1562, 160, 160, 160
L -2967.6392, -1764.9391, -203.6431,  -3002.6492, -1733.9728, -208.9927, 160, 160, 160
L -2967.2305, -1816.8418, -218.6012,  -2967.6392, -1764.9391, -203.6431, 160, 160, 160
L -2952.5657, -1865.3125, -225.1188,  -2967.2305, -1816.8418, -218.6012, 160, 160, 160
L -2609.6873, -1865.3125, -273.3740,  -2619.6875, -1865.3125, -273.3740, 160, 160, 160
L -2609.6873, -1854.6874, -273.3740,  -2609.6873, -1865.3125, -273.3740, 160, 160, 160
L -2609.6873, -1854.6874, -273.3740,  -2614.6873, -1854.6874, -273.3740, 160, 160, 160
L -2614.6873, -1846.6874, -273.3740,  -2614.6873, -1854.6874, -273.3740, 160, 160, 160
L -2525.3125, -1854.6874, -273.3740,  -2525.3125, -1846.6874, -273.3811, 160, 160, 160
L -2530.3123, -1854.6874, -273.3740,  -2524.3125, -1854.6874, -273.3740, 160, 160, 160
L -2530.3125, -1870.3125, -273.3740,  -2530.3123, -1854.6874, -273.3740, 160, 160, 160
L -2524.3125, -1870.3125, -273.3740,  -2530.3125, -1870.3125, -273.3740, 160, 160, 160
L -2524.3125, -1890.3124, -273.3740,  -2524.3125, -1854.6874, -273.3740, 160, 160, 160
L -2528.3118, -1879.6874, -273.3740,  -2524.3125, -1879.6874, -273.3740, 160, 160, 160
L -2528.3125, -1890.3125, -273.3740,  -2528.3118, -1879.6874, -273.3740, 160, 160, 160
L -2528.3125, -1890.3125, -273.3740,  -2524.3125, -1890.3125, -273.3740, 160, 160, 160
L -2524.3125, -1904.1648, -273.1422,  -2524.3125, -1890.3125, -273.3740, 160, 160, 160
L -2606.4524, -1903.9336, -273.3740,  -2524.3125, -1904.1648, -273.1422, 160, 160, 160
L -2619.6873, -1909.9767, -273.3740,  -2606.4524, -1903.9336, -273.3740, 160, 160, 160
L -2623.6873, -1865.3125, -271.3740,  -2623.6868, -1911.2616, -271.3740, 160, 160, 160
L -2631.6873, -1865.3125, -267.3740,  -2631.6868, -1913.7566, -267.3740, 160, 160, 160
L -2639.6873, -1865.3125, -263.3740,  -2639.6868, -1915.5313, -263.3740, 160, 160, 160
L -2647.6873, -1865.3125, -259.3740,  -2647.6863, -1916.9126, -259.3740, 160, 160, 160
L -2655.6873, -1865.3125, -255.3739,  -2655.6868, -1918.2946, -255.3739, 160, 160, 160
L -2663.6873, -1865.3125, -251.3739,  -2663.6868, -1919.2975, -251.3739, 160, 160, 160
L -2671.6875, -1865.3125, -247.3739,  -2671.6858, -1920.1857, -247.3739, 160, 160, 160
L -2679.6873, -1865.3125, -243.3739,  -2679.6863, -1921.1646, -243.3739, 160, 160, 160
L -2687.6873, -1865.3125, -239.3739,  -2687.6863, -1922.2090, -239.3739, 160, 160, 160
L -2695.6873, -1865.3125, -235.3739,  -2695.6858, -1923.2538, -235.3739, 160, 160, 160
L -2703.6873, -1865.3125, -231.3739,  -2703.6858, -1924.6298, -231.3739, 160, 160, 160
L -2711.6873, -1865.3125, -227.3739,  -2711.6858, -1927.8510, -227.3739, 160, 160, 160
L -2719.6873, -1865.3125, -223.3739,  -2719.6863, -1929.5408, -223.3739, 160, 160, 160
L -2727.6875, -1865.3125, -219.3739,  -2727.6863, -1931.7201, -219.3739, 160, 160, 160
L -2735.6873, -1865.3125, -215.3739,  -2735.6858, -1932.8943, -215.3739, 160, 160, 160
L -2743.6873, -1865.3125, -211.3739,  -2743.6868, -1934.6869, -211.3739, 160, 160, 160
L -2751.6873, -1865.3125, -207.3739,  -2751.6858, -1935.2427, -207.3739, 160, 160, 160
L -2759.6873, -1865.3125, -203.3739,  -2759.6858, -1935.9269, -203.3739, 160, 160, 160
L -2767.6873, -1865.3125, -199.3739,  -2767.6863, -1936.6664, -199.3739, 160, 160, 160
L -2775.6875, -1865.3125, -195.3739,  -2775.6858, -1937.4058, -195.3739, 160, 160, 160
L -2783.6873, -1865.3125, -191.3739,  -2783.6863, -1938.1449, -191.3739, 160, 160, 160
L -2791.6873, -1865.3125, -187.3739,  -2791.6868, -1939.2118, -187.3657, 160, 160, 160
L -2799.6873, -1865.3125, -183.3739,  -2799.6863, -1939.6238, -183.3739, 160, 160, 160
L -2807.6873, -1865.3125, -179.3739,  -2807.6863, -1940.1204, -179.3739, 160, 160, 160
L -2815.6873, -1865.3125, -175.3739,  -2815.6863, -1940.5647, -175.3739, 160, 160, 160
L -2823.6873, -1865.3125, -171.3739,  -2823.6863, -1941.9098, -171.3739, 160, 160, 160
L -2831.6873, -1865.3125, -167.3739,  -2831.6858, -1941.4535, -167.3739, 160, 160, 160
L -2839.6873, -1865.3125, -163.3739,  -2839.6863, -1941.8976, -163.3739, 160, 160, 160
L -2847.6873, -1865.3125, -159.3739,  -2847.6851, -1942.3418, -159.3739, 160, 160, 160
L -2855.6873, -1865.3125, -155.3739,  -2855.6863, -1942.7864, -155.3739, 160, 160, 160
L -2863.6875, -1865.3125, -151.3739,  -2863.6863, -1943.2306, -151.3739, 160, 160, 160
L -2871.6873, -1865.3125, -147.3739,  -2871.6863, -1943.6747, -147.3739, 160, 160, 160
L -2879.6873, -1865.3125, -143.3739,  -2879.6858, -1944.5658, -143.3739, 160, 160, 160
L -2887.6873, -1865.3125, -139.3739,  -2887.6863, -1946.5580, -139.3739, 160, 160, 160
L -2895.6873, -1865.3125, -135.3739,  -2895.6858, -1947.5453, -135.3739, 160, 160, 160
L -2903.6873, -1865.3125, -131.3739,  -2903.6873, -1949.2708, -131.3739, 160, 160, 160
L -2911.6873, -1865.3125, -127.3739,  -2911.6851, -1951.5630, -127.3739, 160, 160, 160
L -2919.6875, -1865.3125, -123.3739,  -2919.6846, -1952.8418, -123.3739, 160, 160, 160
L -2927.6873, -1865.3125, -119.3739,  -2927.6863, -1954.6283, -119.3739, 160, 160, 160
L -2935.6873, -1865.3125, -115.3739,  -2935.6858, -1954.6521, -115.3739, 160, 160, 160
L -2943.6873, -1865.3125, -111.3739,  -2943.6863, -1954.3716, -111.3739, 160, 160, 160
L -2951.6873, -1865.3125, -107.3739,  -2951.6863, -1955.4042, -107.3739, 160, 160, 160
L -2959.6873, -1865.3125, -103.3739,  -2959.6863, -1957.4878, -103.3739, 160, 160, 160
L -2967.6873, -1865.3125, -99.3739,  -2967.6863, -1959.6884, -99.3739, 160, 160, 160
L -2975.6873, -1865.3633, -95.3739,  -2975.6863, -1955.6615, -95.3739, 160, 160, 160
L -2983.6873, -1865.3125, -91.3739,  -2983.6829, -1956.6637, -91.3739, 160, 160, 160
L -2991.6873, -1865.3125, -87.3739,  -2991.6858, -1957.6670, -87.3739, 160, 160, 160
L -2999.6873, -1865.3125, -83.3739,  -2999.6858, -1958.6698, -83.3739, 160, 160, 160
L -2634.5081, -1914.6366, -264.2180,  -2619.6873, -1910.1426, -273.3740, 160, 160, 160
L -2657.5535, -1918.6167, -253.2838,  -2634.5081, -1914.6366, -264.2180, 160, 160, 160
L -2675.5828, -1920.5601, -242.9904,  -2657.5535, -1918.6167, -253.2838, 160, 160, 160
L -2701.8091, -1924.5348, -231.3739,  -2675.5828, -1920.5601, -242.9904, 160, 160, 160
L -2725.9622, -1931.4672, -218.6390,  -2701.8091, -1924.5348, -231.3739, 160, 160, 160
L -2750.6758, -1935.9446, -205.3739,  -2725.9622, -1931.4672, -218.6390, 160, 160, 160
L -2801.1067, -1939.7549, -181.3739,  -2750.6758, -1935.9446, -205.3739, 160, 160, 160
L -2876.2681, -1943.9296, -143.3739,  -2801.1067, -1939.7549, -181.3739, 160, 160, 160
L -2897.3279, -1947.8512, -133.3739,  -2876.2681, -1943.9296, -143.3739, 160, 160, 160
L -2928.8650, -1954.8914, -117.3739,  -2897.3279, -1947.8512, -133.3739, 160, 160, 160
L -2947.2439, -1954.2472, -109.3739,  -2928.8650, -1954.8914, -117.3739, 160, 160, 160
L -2967.8179, -1959.6060, -97.8663,  -2947.2439, -1954.2472, -109.3739, 160, 160, 160
L -2974.3743, -1955.4972, -94.7035,  -2967.8179, -1959.6060, -97.8663, 160, 160, 160
L -2999.6858, -1958.6698, -87.3739,  -2974.3743, -1955.4972, -94.7035, 160, 160, 160
L -2999.6875, -1865.3125, -83.3739,  -2619.6875, -1865.3125, -273.3740, 160, 160, 160
L -2619.6875, -1865.3125, -273.3740,  -2619.6873, -1910.1426, -273.3740, 160, 160, 160
L -2614.6873, -1850.6873, -275.3740,  -2614.6873, -1714.6874, -341.3679, 160, 160, 160
L -2525.3125, -1714.6869, -341.3740,  -2525.3125, -1850.6874, -275.3740, 160, 160, 160
L -2614.6873, -1718.6873, -341.3740,  -2525.3125, -1718.6874, -341.3740, 160, 160, 160
L -2525.3125, -1726.6874, -337.3740,  -2614.6875, -1726.6875, -337.3740, 160, 160, 160
L -2614.6873, -1734.6873, -333.3738,  -2525.3125, -1734.6874, -333.3740, 160, 160, 160
L -2525.3125, -1742.6874, -329.3740,  -2614.6873, -1742.6874, -329.3740, 160, 160, 160
L -2614.6875, -1750.6875, -325.3740,  -2525.3125, -1750.6874, -325.3740, 160, 160, 160
L -2525.3125, -1758.6874, -321.3740,  -2614.6873, -1758.6874, -321.3740, 160, 160, 160
L -5348.3799, 1671.5564, 62.2344,  -5375.6934, 1733.1703, 42.7300, 160, 160, 160
L -5316.1377, 1585.2627, 43.7280,  -5350.1187, 1677.1847, 62.2344, 160, 160, 160
L -5314.2979, 1511.4783, 43.8102,  -5316.1377, 1585.2627, 43.7280, 160, 160, 160
L -5311.8008, 1411.3467, 37.3586,  -5314.2979, 1511.4783, 43.8102, 160, 160, 160
L -5309.5723, 1321.2664, 40.7616,  -5311.8008, 1411.3467, 37.3586, 160, 160, 160
L -5310.8770, 1241.4380, 40.3312,  -5309.5723, 1321.2664, 40.7616, 160, 160, 160
L -5312.4424, 1169.7365, 37.2608,  -5310.8770, 1241.4380, 40.3312, 160, 160, 160
L -5313.7935, 1108.4540, 43.5033,  -5312.4424, 1169.7365, 37.2608, 160, 160, 160
L -5276.1353, 1079.5907, 37.7109,  -5313.7935, 1108.4540, 43.5033, 160, 160, 160
L -5220.3853, 1037.4568, 61.8534,  -5276.1353, 1079.5907, 37.7109, 160, 160, 160
L -5183.9019, 1009.8837, 74.3971,  -5220.3853, 1037.4568, 61.8534, 160, 160, 160
L -5139.8184, 997.5778, 70.3656,  -5183.9019, 1009.8837, 74.3971, 160, 160, 160
L -5087.3604, 991.4854, 82.4950,  -5139.8184, 997.5778, 70.3656, 160, 160, 160
L -5037.2168, 985.5815, 74.3247,  -5087.3604, 991.4854, 82.4950, 160, 160, 160
L -4966.1436, 977.2141, 76.6127,  -5037.2168, 985.5815, 74.3247, 160, 160, 160
L -4883.8438, 967.5235, 60.6758,  -4966.1436, 977.2141, 76.6127, 160, 160, 160
L -4831.6396, 940.6917, 63.6640,  -4883.8438, 967.5235, 60.6758, 160, 160, 160
L -4780.1226, 902.3329, 60.4200,  -4831.6396, 940.6917, 63.6640, 160, 160, 160
L -4689.3506, 808.9022, 25.8130,  -4780.1226, 902.3329, 60.4200, 160, 160, 160
L -4612.9600, 713.9850, 25.3350,  -4689.3506, 808.9022, 25.8130, 160, 160, 160
L -4578.8057, 679.1019, 11.7500,  -4612.9600, 713.9850, 25.3350, 160, 160, 160
L 3121.7654, 676.2339, -336.1241,  3046.8147, 590.8003, -326.6437, 160, 160, 160
L 3046.8147, 590.8003, -326.6437,  3007.3511, 542.4578, -332.6462, 160, 160, 160
L 3007.3511, 542.4578, -332.6462,  2989.2632, 481.6182, -327.6705, 160, 160, 160
L 2989.2632, 481.6182, -327.6705,  2998.3418, 383.5040, -342.4660, 160, 160, 160
L 2998.3418, 383.5040, -342.4660,  3001.8567, 335.8296, -336.5958, 160, 160, 160
L 3001.8567, 335.8296, -336.5958,  3003.8367, 326.1918, -327.6485, 160, 160, 160
L 3003.8367, 326.1918, -327.6485,  2996.8914, 218.9350, -339.8424, 160, 160, 160
L 2996.8914, 218.9350, -339.8424,  3001.8245, 152.5530, -335.1326, 160, 160, 160
L 3001.8245, 152.5530, -335.1326,  3008.5540, 79.6008, -323.8657, 160, 160, 160
L 3008.5540, 79.6008, -323.8657,  3001.5291, 32.9187, -321.1798, 160, 160, 160
L 3001.5291, 32.9187, -321.1798,  2949.6536, -18.4347, -310.8962, 160, 160, 160
L 2949.6536, -18.4347, -310.8962,  2913.7776, -64.6060, -318.9744, 160, 160, 160
L 2913.7776, -64.6060, -318.9744,  2886.7852, -184.4233, -344.1324, 160, 160, 160
L 2886.7852, -184.4233, -344.1324,  2900.5232, -254.2670, -339.5144, 160, 160, 160
L 2900.5232, -254.2670, -339.5144,  2899.7681, -326.3319, -333.9680, 160, 160, 160
L 2899.7681, -326.3319, -333.9680,  2902.2244, -393.2219, -330.1374, 160, 160, 160
L 2902.2244, -393.2219, -330.1374,  2905.1509, -450.9284, -329.6173, 160, 160, 160
L 2905.1509, -450.9284, -329.6173,  2907.6526, -508.7518, -324.8045, 160, 160, 160
L 2907.6526, -508.7518, -324.8045,  2908.9380, -585.2847, -315.2080, 160, 160, 160
L 2908.9380, -585.2847, -315.2080,  2914.8794, -651.9319, -310.7864, 160, 160, 160
L 2914.8794, -651.9319, -310.7864,  2917.9600, -733.8259, -300.1243, 160, 160, 160
L 2917.9600, -733.8259, -300.1243,  2920.8650, -824.6884, -293.7785, 160, 160, 160
L 2920.8650, -824.6884, -293.7785,  2920.1365, -841.5118, -289.9350, 160, 160, 160
L 2920.1365, -841.5118, -289.9350,  2904.7715, -963.6230, -320.1852, 160, 160, 160
L 2904.7715, -963.6230, -320.1852,  2871.9485, -1016.2473, -298.2191, 160, 160, 160
L 2871.9485, -1016.2473, -298.2191,  2837.8279, -1072.1425, -289.9979, 160, 160, 160
L 2837.8279, -1072.1425, -289.9979,  2816.8594, -1184.9789, -312.3211, 160, 160, 160
L 2816.8594, -1184.9789, -312.3211,  2822.8240, -1254.7494, -300.7644, 160, 160, 160
L 2822.8240, -1254.7494, -300.7644,  2825.8555, -1314.3179, -292.9140, 160, 160, 160
L 2825.8555, -1314.3179, -292.9140,  2826.1548, -1397.5978, -288.4576, 160, 160, 160
L 2826.1548, -1397.5978, -288.4576,  2826.5540, -1508.5896, -286.7937, 160, 160, 160
L 2826.5540, -1508.5896, -286.7937,  2826.8694, -1595.6875, -286.3442, 160, 160, 160
L 2826.8694, -1595.6875, -286.3442,  2827.7720, -1844.1803, -289.5849, 160, 160, 160
L 2827.7720, -1844.1803, -289.5849,  2828.1121, -1934.5995, -286.7221, 160, 160, 160
L 2828.1121, -1934.5995, -286.7221,  2826.3262, -2012.9915, -285.8652, 160, 160, 160
L 2826.3262, -2012.9915, -285.8652,  2888.9585, -2070.5691, -342.6782, 160, 160, 160
L 2888.9585, -2070.5691, -342.6782,  2899.4751, -2091.9900, -337.9900, 160, 160, 160
L 2899.4751, -2091.9900, -337.9900,  2905.4717, -2166.5503, -320.4250, 160, 160, 160
L 2905.4717, -2166.5503, -320.4250,  2995.9939, -2342.7896, -342.9861, 160, 160, 160
L 2995.9939, -2342.7896, -342.9861,  3011.4666, -2492.5364, -300.2040, 160, 160, 160
L 3011.4666, -2492.5364, -300.2040,  3065.9341, -2553.2454, -314.2873, 160, 160, 160
L 3065.9341, -2553.2454, -314.2873,  3087.1038, -2617.2510, -343.9961, 160, 160, 160
L 3087.1038, -2617.2510, -343.9961,  3103.3599, -2664.9893, -332.8539, 160, 160, 160
L 3103.3599, -2664.9893, -332.8539,  3110.3926, -2753.2493, -318.3147, 160, 160, 160
L 3110.3926, -2753.2493, -318.3147,  3146.6338, -2849.3267, -302.8330, 160, 160, 160
L 3146.6338, -2849.3267, -302.8330,  3203.5076, -2908.4839, -335.7665, 160, 160, 160
L 3203.5076, -2908.4839, -335.7665,  3206.8982, -2972.8318, -322.3158, 160, 160, 160
L 3206.8982, -2972.8318, -322.3158,  3213.8394, -3033.3511, -308.3390, 160, 160, 160
L 3213.8394, -3033.3511, -308.3390,  3204.9827, -3160.4258, -322.6000, 160, 160, 160
L 3204.9827, -3160.4258, -322.6000,  3174.3511, -3204.6968, -290.2330, 160, 160, 160
L 3174.3511, -3204.6968, -290.2330,  3127.8826, -3304.8213, -269.1032, 160, 160, 160
L 3127.8826, -3304.8213, -269.1032,  3133.4939, -3360.2771, -259.5763, 160, 160, 160
L 3133.4939, -3360.2771, -259.5763,  3140.1199, -3455.6438, -235.5951, 160, 160, 160
L 3140.1199, -3455.6438, -235.5951,  3143.6553, -3515.7559, -221.4090, 160, 160, 160
L 3143.6553, -3515.7559, -221.4090,  3136.9656, -3704.1736, -246.7527, 160, 160, 160
L 3136.9656, -3704.1736, -246.7527,  3132.4429, -3831.9285, -270.7271, 160, 160, 160
L 3132.4429, -3831.9285, -270.7271,  3104.6558, -3885.6050, -262.3817, 160, 160, 160
L 3104.6558, -3885.6050, -262.3817,  3050.4910, -3949.5740, -252.4028, 160, 160, 160
L 3050.4910, -3949.5740, -252.4028,  2983.9275, -4060.7454, -347.4386, 160, 160, 160
L 2983.9275, -4060.7454, -347.4386,  2914.1316, -4068.2112, -327.4003, 160, 160, 160
L 2914.1316, -4068.2112, -327.4003,  2826.1111, -4140.9854, -309.2710, 160, 160, 160
L 2826.1111, -4140.9854, -309.2710,  2784.5359, -4173.1055, -316.8313, 160, 160, 160
L 2784.5359, -4173.1055, -316.8313,  2705.8711, -4184.3604, -285.3546, 160, 160, 160
L 2705.8711, -4184.3604, -285.3546,  2544.7815, -4192.2393, -262.2545, 160, 160, 160
L 2544.7815, -4192.2393, -262.2545,  2400.9395, -4196.9097, -243.1659, 160, 160, 160
L 2400.9395, -4196.9097, -243.1659,  2295.1177, -4201.2676, -227.8581, 160, 160, 160
L 2295.1177, -4201.2676, -227.8581,  2225.4917, -4198.5767, -239.1605, 160, 160, 160
L 2225.4917, -4198.5767, -239.1605,  2100.7742, -4196.7271, -246.2660, 160, 160, 160
L 2100.7742, -4196.7271, -246.2660,  2011.8080, -4198.3521, -238.9490, 160, 160, 160
L 2011.8080, -4198.3521, -238.9490,  1893.1177, -4198.1724, -238.9869, 160, 160, 160
L 1893.1177, -4198.1724, -238.9869,  1768.2959, -4208.7002, -264.2146, 160, 160, 160
L 1768.2959, -4208.7002, -264.2146,  1564.5730, -4283.2222, -288.8161, 160, 160, 160
L 1564.5730, -4283.2222, -288.8161,  1458.1498, -4290.6812, -266.5160, 160, 160, 160
L 1458.1498, -4290.6812, -266.5160,  1395.9408, -4289.8643, -265.3292, 160, 160, 160
L 1395.9408, -4289.8643, -265.3292,  1310.5099, -4282.5049, -288.3831, 160, 160, 160
L 1310.5099, -4282.5049, -288.3831,  1228.5696, -4275.5229, -304.6300, 160, 160, 160
L 1228.5696, -4275.5229, -304.6300,  1106.4396, -4265.5938, -325.6840, 160, 160, 160
L 1106.4396, -4265.5938, -325.6840,  1082.3333, -4226.4517, -297.2432, 160, 160, 160
L 1082.3333, -4226.4517, -297.2432,  909.6122, -4188.9634, -296.6372, 160, 160, 160
L 909.6122, -4188.9634, -296.6372,  767.4806, -4213.6504, -250.8368, 160, 160, 160
L 767.4806, -4213.6504, -250.8368,  648.2662, -4217.9844, -240.2598, 160, 160, 160
L 648.2662, -4217.9844, -240.2598,  523.6960, -4223.1187, -227.7275, 160, 160, 160
L 523.6960, -4223.1187, -227.7275,  398.2946, -4223.1177, -228.9260, 160, 160, 160
L 398.2946, -4223.1177, -228.9260,  342.5063, -4223.1226, -229.6175, 160, 160, 160
L 342.5063, -4223.1226, -229.6175,  204.4301, -4219.9927, -235.1075, 160, 160, 160
L 204.4301, -4219.9927, -235.1075,  117.8160, -4224.5142, -224.3232, 160, 160, 160
L 117.8160, -4224.5142, -224.3232,  -56.2944, -4225.4478, -222.4480, 160, 160, 160
L -56.2944, -4225.4478, -222.4480,  -154.5560, -4229.4771, -212.2127, 160, 160, 160
L -154.5560, -4229.4771, -212.2127,  -272.6555, -4231.6309, -206.9565, 160, 160, 160
L -272.6555, -4231.6309, -206.9565,  -451.6111, -4195.7017, -289.2321, 160, 160, 160
L -451.6111, -4195.7017, -289.2321,  -562.3075, -4206.3062, -268.7465, 160, 160, 160
L -562.3075, -4206.3062, -268.7465,  -667.4684, -4225.6812, -221.4728, 160, 160, 160
L -667.4684, -4225.6812, -221.4728,  -783.5262, -4219.4854, -235.1425, 160, 160, 160
L -783.5262, -4219.4854, -235.1425,  -889.2862, -4207.6104, -266.3140, 160, 160, 160
L -889.2862, -4207.6104, -266.3140,  -940.6130, -4206.7476, -265.2260, 160, 160, 160
L -940.6130, -4206.7476, -265.2260,  -1010.2924, -4209.5293, -248.8618, 160, 160, 160
L -1010.2924, -4209.5293, -248.8618,  -1039.7161, -4179.8267, -210.6347, 160, 160, 160
L -1039.7161, -4179.8267, -210.6347,  -1085.4789, -4124.9063, -206.6787, 160, 160, 160
L -1085.4789, -4124.9063, -206.6787,  -1265.9507, -4108.9922, -265.7423, 160, 160, 160
L -1265.9507, -4108.9922, -265.7423,  -1344.3748, -4122.8018, -234.1560, 160, 160, 160
L -1344.3748, -4122.8018, -234.1560,  -1419.9274, -4133.4419, -212.9329, 160, 160, 160
L -1419.9274, -4133.4419, -212.9329,  -1454.1017, -4099.8354, -192.8370, 160, 160, 160
L -1454.1017, -4099.8354, -192.8370,  -1461.3976, -4061.8982, -159.3788, 160, 160, 160
L -1461.3976, -4061.8982, -159.3788,  -1504.1803, -4037.9153, -147.5680, 160, 160, 160
L -1504.1803, -4037.9153, -147.5680,  -1556.4944, -4039.9998, -145.2302, 160, 160, 160
L -1556.4944, -4039.9998, -145.2302,  -1608.6039, -4032.1741, -136.9806, 160, 160, 160
L -1608.6039, -4032.1741, -136.9806,  -1662.7531, -4029.2188, -122.7197, 160, 160, 160
L -1662.7531, -4029.2188, -122.7197,  -1710.6465, -4041.6736, -75.8094, 160, 160, 160
L -1710.6465, -4041.6736, -75.8094,  -1663.6823, -3951.8970, -111.9711, 160, 160, 160
L -1663.6823, -3951.8970, -111.9711,  -1525.2909, -3869.5430, -333.7601, 160, 160, 160
L -1525.2909, -3869.5430, -333.7601,  -1490.2986, -3796.2190, -327.5715, 160, 160, 160
L -1490.2986, -3796.2190, -327.5715,  -1503.5867, -3699.5723, -334.8990, 160, 160, 160
L -1503.5867, -3699.5723, -334.8990,  -1511.3748, -3626.1851, -317.9646, 160, 160, 160
L -1511.3748, -3626.1851, -317.9646,  -1531.3141, -3560.2500, -299.3767, 160, 160, 160
L -1531.3141, -3560.2500, -299.3767,  -1574.5911, -3436.4285, -332.8573, 160, 160, 160
L -1574.5911, -3436.4285, -332.8573,  -1735.3794, -3461.9009, -318.8666, 160, 160, 160
L -1735.3794, -3461.9009, -318.8666,  -1795.9762, -3433.1548, -287.7656, 160, 160, 160
L -1795.9762, -3433.1548, -287.7656,  -1883.2488, -3398.2349, -285.8883, 160, 160, 160
L -1883.2488, -3398.2349, -285.8883,  -1973.3677, -3391.8909, -293.3043, 160, 160, 160
L -1973.3677, -3391.8909, -293.3043,  -2083.6624, -3401.4209, -276.3516, 160, 160, 160
L -2083.6624, -3401.4209, -276.3516,  -2175.4419, -3409.4268, -263.3740, 160, 160, 160
L -2175.4419, -3409.4268, -263.3740,  -2247.6355, -3365.3162, -256.7919, 160, 160, 160
L -2247.6355, -3365.3162, -256.7919,  -2245.8140, -3307.5220, -250.7694, 160, 160, 160
L -2245.8140, -3307.5220, -250.7694,  -2251.3921, -3228.4119, -238.6949, 160, 160, 160
L -2251.3921, -3228.4119, -238.6949,  -2249.7068, -3149.5867, -230.3599, 160, 160, 160
L -2249.7068, -3149.5867, -230.3599,  -2275.3738, -3028.3521, -340.2837, 160, 160, 160
L -2275.3738, -3028.3521, -340.2837,  -2307.8335, -2960.5435, -328.9410, 160, 160, 160
L -2307.8335, -2960.5435, -328.9410,  -2444.5420, -2797.9778, -300.6669, 160, 160, 160
L -2444.5420, -2797.9778, -300.6669,  -2527.3267, -2726.6919, -335.1417, 160, 160, 160
L -2527.3267, -2726.6919, -335.1417,  -2517.5750, -2652.6851, -319.7524, 160, 160, 160
L -2517.5750, -2652.6851, -319.7524,  -2439.6438, -2625.5198, -306.8920, 160, 160, 160
L -2439.6438, -2625.5198, -306.8920,  -2353.4424, -2632.6724, -287.8251, 160, 160, 160
L -2353.4424, -2632.6724, -287.8251,  -2269.6277, -2585.8245, -280.7345, 160, 160, 160
L -2269.6277, -2585.8245, -280.7345,  -2221.6343, -2485.9126, -289.6096, 160, 160, 160
L -2221.6343, -2485.9126, -289.6096,  -2168.1365, -2409.2327, -295.6730, 160, 160, 160
L -2168.1365, -2409.2327, -295.6730,  -2125.2791, -2337.3567, -282.1575, 160, 160, 160
L -2125.2791, -2337.3567, -282.1575,  -2124.5315, -2234.7156, -290.4334, 160, 160, 160
L -2124.5315, -2234.7156, -290.4334,  -2181.1421, -2146.1399, -338.9685, 160, 160, 160
L -2181.1421, -2146.1399, -338.9685,  -2223.3699, -2140.6482, -333.2835, 160, 160, 160
L -2223.3699, -2140.6482, -333.2835,  -2200.3738, -2096.1519, -324.6390, 160, 160, 160
L -2200.3738, -2096.1519, -324.6390,  -2314.9690, -2055.8567, -323.1080, 160, 160, 160
L -2314.9690, -2055.8567, -323.1080,  -2314.1084, -1963.2294, -320.5122, 160, 160, 160
L -2314.1084, -1963.2294, -320.5122,  -2334.6001, -1906.9485, -302.7817, 160, 160, 160
L -2334.6001, -1906.9485, -302.7817,  -2389.8372, -1893.7654, -284.5376, 160, 160, 160
L -2389.8372, -1893.7654, -284.5376,  -2478.1421, -1907.7024, -266.6500, 160, 160, 160
L -2478.1421, -1907.7024, -266.6500,  -2519.6851, -1884.5905, -303.1216, 160, 160, 160
L -2519.6851, -1884.5905, -303.1216,  -2511.2781, -1850.8976, -343.5625, 160, 160, 160
L -2511.2781, -1850.8976, -343.5625,  -2514.8472, -1851.1873, -343.4737, 160, 160, 160
L -2514.8472, -1851.1873, -343.4737,  -2628.8125, -1851.1868, -342.6086, 160, 160, 160
L -2628.8125, -1851.1868, -342.5851,  -2628.8125, -1853.4091, -342.5720, 160, 160, 160
L -2628.8125, -1853.4091, -342.5720,  -2628.8125, -1866.4762, -328.1600, 160, 160, 160
L -2628.8125, -1866.4762, -328.1600,  -2624.9429, -1875.5143, -318.4261, 160, 160, 160
L -2624.9429, -1875.5143, -318.4261,  -2620.3125, -1888.8378, -305.8716, 160, 160, 160
L -2620.3125, -1888.8378, -305.8716,  -2620.3125, -1901.1659, -292.7271, 160, 160, 160
L -2620.3125, -1901.1659, -292.7271,  -2620.5647, -1908.3300, -281.9078, 160, 160, 160
L -2619.9993, -1714.6874, -343.8426,  -2520.3440, -1714.6869, -343.8426, 160, 160, 160
L -2525.4717, -1846.6874, -277.3740,  -2614.6873, -1846.6874, -277.3740, 160, 160, 160
L -2525.3125, -1838.6874, -281.3740,  -2614.6875, -1838.6875, -281.3740, 160, 160, 160
L -2614.6873, -1830.6873, -285.3738,  -2525.3125, -1830.6874, -285.3740, 160, 160, 160
L -2525.3125, -1822.6875, -289.3740,  -2614.6873, -1822.6874, -289.3740, 160, 160, 160
L -2614.6875, -1814.6873, -293.3740,  -2525.3125, -1814.6874, -293.3740, 160, 160, 160
L -2525.3125, -1806.6874, -297.3740,  -2614.6873, -1806.6873, -297.3740, 160, 160, 160
L -2614.6873, -1798.6873, -301.3738,  -2525.3125, -1798.6874, -301.3740, 160, 160, 160
L -2525.3125, -1790.6874, -305.3740,  -2614.6875, -1790.6875, -305.3740, 160, 160, 160
L -2614.6875, -1782.6875, -309.3740,  -2525.3125, -1782.6874, -309.3740, 160, 160, 160
L -2525.3125, -1774.6874, -313.3740,  -2614.6873, -1774.6873, -313.3740, 160, 160, 160
L -2614.6873, -1766.6873, -317.3740,  -2525.3125, -1766.6874, -317.3740, 160, 160, 160
L 1874.9341, -318.2500, -331.8426,  1874.7881, -336.6451, -331.8426, 160, 160, 160
L 1873.6692, -281.6250, -331.8426,  1873.6753, -263.6250, -331.8426, 160, 160, 160
L 1941.1803, -382.1895, -339.9365,  1881.4457, -382.1895, -339.9365, 160, 160, 160
L 1881.4457, -382.1895, -339.9365,  1881.4457, -402.2160, -339.9365, 160, 160, 160
L 1881.4457, -402.2160, -339.9359,  1886.3091, -402.2160, -339.9365, 160, 160, 160
L 1886.3091, -402.2160, -339.9365,  1886.3091, -387.5290, -339.9365, 160, 160, 160
L 1886.3091, -387.5290, -339.9365,  1936.3134, -387.5270, -339.9365, 160, 160, 160
L 1936.3134, -387.5270, -339.9365,  1936.3134, -402.3625, -339.9365, 160, 160, 160
L 1936.3134, -402.3625, -339.9365,  1941.1803, -402.3625, -339.9365, 160, 160, 160
L 1941.1803, -382.1895, -339.9365,  1941.1803, -402.3625, -339.9365, 160, 160, 160
L 1881.4457, -421.5910, -339.9365,  1886.3096, -421.5910, -339.9365, 160, 160, 160
L 1886.3096, -421.5910, -339.9365,  1886.3086, -437.5680, -339.9365, 160, 160, 160
L 1886.3086, -437.5680, -339.9365,  1901.6327, -437.5680, -339.9365, 160, 160, 160
L 1901.6327, -437.5680, -339.9359,  1901.6321, -441.9239, -339.9359, 160, 160, 160
L 1901.6321, -441.9239, -339.9365,  1881.4462, -441.9239, -339.9365, 160, 160, 160
L 1881.4462, -441.9239, -339.9365,  1881.4457, -421.5910, -339.9365, 160, 160, 160
L 1921.7500, -441.9239, -339.9365,  1921.7500, -437.5680, -339.9365, 160, 160, 160
L 1921.7500, -437.5680, -339.9365,  1936.3134, -437.5680, -339.9365, 160, 160, 160
L 1936.3134, -437.5680, -339.9365,  1936.3130, -421.7375, -339.9365, 160, 160, 160
L 1936.3130, -421.7375, -339.9365,  1941.1803, -421.7375, -339.9365, 160, 160, 160
L 1941.1803, -421.7375, -339.9365,  1941.1803, -441.9239, -339.9365, 160, 160, 160
L 1941.1803, -441.9239, -339.9365,  1921.7500, -441.9239, -339.9365, 160, 160, 160
L 1869.2437, -473.5337, -339.9363,  1929.4030, -475.7307, -339.9365, 160, 160, 160
L 1929.4030, -475.7307, -339.9365,  1928.6465, -496.3507, -339.9365, 160, 160, 160
L 1928.6465, -496.3507, -339.9365,  1925.8014, -496.2459, -339.9365, 160, 160, 160
L 1925.8014, -496.2459, -339.9365,  1926.4517, -478.8197, -339.9365, 160, 160, 160
L 1926.4517, -478.8197, -339.9365,  1872.4844, -476.5183, -339.9365, 160, 160, 160
L 1872.4844, -476.5183, -339.9365,  1871.8318, -494.2443, -339.9365, 160, 160, 160
L 1871.8318, -494.2443, -339.9365,  1867.6310, -494.8960, -339.9365, 160, 160, 160
L 1867.6310, -494.8960, -339.9365,  1868.2848, -476.3392, -339.9365, 160, 160, 160
L 1868.2848, -476.3392, -339.9365,  1867.4507, -476.7420, -339.9365, 160, 160, 160
L 1867.4507, -476.7420, -339.9365,  1834.7903, -434.2654, -339.9361, 160, 160, 160
L 1834.7903, -434.2654, -339.9361,  1824.6830, -433.9103, -339.9365, 160, 160, 160
L 1824.6830, -433.9103, -339.9365,  1824.7748, -431.4146, -339.9365, 160, 160, 160
L 1824.7748, -431.4146, -339.9365,  1835.9899, -431.8113, -339.9365, 160, 160, 160
L 1835.9899, -431.8113, -339.9365,  1869.2437, -473.5337, -339.9365, 160, 160, 160
L 1957.3008, -514.3219, -339.9365,  1957.8865, -466.5113, -339.9365, 160, 160, 160
L 1957.8865, -466.5113, -339.9365,  2004.8848, -467.8780, -339.9365, 160, 160, 160
L 2004.8848, -467.8780, -339.9365,  2004.2985, -514.8982, -339.9365, 160, 160, 160
L 2004.2985, -514.8982, -339.9365,  1957.3008, -514.3219, -339.9365, 160, 160, 160
L 1927.9308, -515.7123, -339.9365,  1927.1720, -536.3166, -339.9365, 160, 160, 160
L 1867.3976, -534.1019, -339.9365,  1830.7355, -571.8008, -339.9365, 160, 160, 160
L 1830.7355, -571.8008, -339.9365,  1819.9751, -571.4034, -339.9365, 160, 160, 160
L 1819.6364, -570.9347, -339.9365,  1819.7417, -568.6840, -339.9365, 160, 160, 160
L 1819.7417, -568.6840, -339.9365,  1829.6698, -568.4919, -339.9365, 160, 160, 160
L 1829.6698, -568.4919, -339.9365,  1866.2627, -531.2358, -339.9365, 160, 160, 160
L 1866.2627, -531.2358, -339.9365,  1866.9175, -513.4515, -339.9365, 160, 160, 160
L 1866.9175, -513.4515, -339.9365,  1871.1183, -513.6063, -339.9365, 160, 160, 160
L 1871.1183, -513.6063, -339.9365,  1870.4810, -530.8831, -339.9365, 160, 160, 160
L 1870.4810, -530.8831, -339.9365,  1924.4574, -532.5366, -339.9363, 160, 160, 160
L 1924.4574, -532.5366, -339.9363,  1925.8040, -515.6073, -339.9365, 160, 160, 160
L 1925.8040, -515.6073, -339.9365,  1927.9308, -515.7123, -339.9365, 160, 160, 160
L 1927.1720, -536.3166, -339.9363,  1867.3976, -534.1019, -339.9365, 160, 160, 160
L 1800.3866, -567.1736, -339.9365,  1800.2577, -570.6761, -339.9365, 160, 160, 160
L 1800.2577, -570.6761, -339.9365,  1789.8694, -570.3016, -339.9365, 160, 160, 160
L 1789.8694, -570.3016, -339.9365,  1755.7594, -530.3100, -339.9365, 160, 160, 160
L 1755.7594, -530.3100, -339.9365,  1695.6255, -527.7883, -339.9365, 160, 160, 160
L 1695.6255, -527.7883, -339.9365,  1696.3855, -507.1571, -339.9365, 160, 160, 160
L 1696.3855, -507.1571, -339.9365,  1698.7649, -507.3799, -339.9365, 160, 160, 160
L 1698.7649, -507.3799, -339.9365,  1698.1155, -524.9076, -339.9365, 160, 160, 160
L 1698.1155, -524.9076, -339.9365,  1751.3107, -526.5489, -339.9365, 160, 160, 160
L 1751.3107, -526.5489, -339.9365,  1751.9297, -509.7067, -339.9365, 160, 160, 160
L 1751.9297, -509.7067, -339.9365,  1756.1233, -509.8613, -339.9365, 160, 160, 160
L 1756.1233, -509.8613, -339.9365,  1755.5033, -526.6783, -339.9365, 160, 160, 160
L 1755.5033, -526.6783, -339.9365,  1756.9065, -526.7220, -339.9365, 160, 160, 160
L 1756.9065, -526.7220, -339.9365,  1790.6460, -566.7274, -339.9365, 160, 160, 160
L 1790.6460, -566.7274, -339.9365,  1800.3866, -567.1736, -339.9365, 160, 160, 160
L 1800.3584, -567.9401, -339.9363,  1800.2754, -570.1969, -339.9363, 160, 160, 160
L 1755.7577, -490.4596, -339.9365,  1752.6438, -490.3450, -339.9363, 160, 160, 160
L 1752.6438, -490.3450, -339.9365,  1753.3307, -471.7010, -339.9363, 160, 160, 160
L 1753.3307, -471.7010, -339.9363,  1700.1598, -469.4250, -339.9365, 160, 160, 160
L 1700.1598, -469.4250, -339.9365,  1699.4789, -487.9100, -339.9365, 160, 160, 160
L 1699.4789, -487.9100, -339.9365,  1697.9778, -487.8222, -339.9363, 160, 160, 160
L 1697.9778, -487.8222, -339.9365,  1697.8561, -467.2042, -339.9365, 160, 160, 160
L 1697.8561, -467.2042, -339.9365,  1757.9872, -469.4191, -339.9365, 160, 160, 160
L 1757.9872, -469.4191, -339.9365,  1794.9977, -430.3258, -339.9365, 160, 160, 160
L 1794.9977, -430.3258, -339.9365,  1805.4131, -430.6994, -339.9365, 160, 160, 160
L 1805.4131, -430.6994, -339.9365,  1805.3147, -433.3759, -339.9365, 160, 160, 160
L 1805.3147, -433.3759, -339.9365,  1795.9219, -433.1175, -339.9365, 160, 160, 160
L 1795.9219, -433.1175, -339.9365,  1759.4180, -471.8199, -339.9365, 160, 160, 160
L 1758.7018, -471.9311, -339.9365,  1757.5225, -471.8806, -339.9365, 160, 160, 160
L 1757.5225, -471.8806, -339.9365,  1756.8998, -488.8181, -339.9365, 160, 160, 160
L 2049.7627, -355.3339, -343.7003,  2050.3694, -359.2835, -343.8426, 160, 160, 160
L 1395.3771, -631.5394, -337.3370,  1395.6128, -650.6843, -335.7237, 160, 160, 160
L 1378.1764, -650.5569, -334.2377,  1395.6128, -650.6843, -335.4454, 160, 160, 160
L 1378.1764, -650.5569, -334.2749,  1378.4280, -631.6761, -335.5443, 160, 160, 160
L 1395.3771, -631.5394, -337.1005,  1378.4280, -631.6761, -336.1760, 160, 160, 160
L 1251.4340, -630.3795, -329.2950,  1251.5088, -648.2074, -326.7090, 160, 160, 160
L 1251.5088, -648.2074, -326.3290,  1234.8396, -647.7177, -325.8448, 160, 160, 160
L 1234.8396, -647.7177, -326.1990,  1235.3213, -630.3535, -328.5479, 160, 160, 160
L 1235.3213, -630.3535, -328.9189,  1251.4340, -630.3795, -329.3745, 160, 160, 160
L 1115.4850, -627.1213, -331.9565,  1115.3600, -652.5215, -331.8974, 160, 160, 160
L 1115.4850, -627.1213, -331.3888,  1112.6393, -627.3474, -331.9870, 160, 160, 160
L 1112.6393, -627.3474, -330.9936,  1110.1056, -633.1517, -330.9560, 160, 160, 160
L 1110.8748, -633.1575, -330.9934,  1111.1006, -651.5825, -330.9934, 160, 160, 160
L 1111.1006, -651.5825, -330.9936,  1091.1851, -651.6439, -330.3532, 160, 160, 160
L 1091.1851, -651.6439, -330.1852,  1091.3755, -633.8514, -329.2200, 160, 160, 160
L 1091.3755, -633.8514, -328.8215,  1110.8748, -633.1575, -330.6798, 160, 160, 160
L 1115.3600, -652.5215, -330.9778,  1104.9098, -656.4813, -331.1490, 160, 160, 160
L 1101.3689, -656.4124, -330.9936,  1105.1626, -656.3854, -330.9049, 160, 160, 160
L 1101.3689, -656.4124, -330.9936,  1102.6227, -651.8057, -330.9537, 160, 160, 160
L 1010.1235, -642.1988, -329.4221,  1010.3159, -657.8759, -330.7599, 160, 160, 160
L 1010.3159, -657.8759, -330.8906,  981.4112, -658.2305, -330.2440, 160, 160, 160
L 981.4112, -658.2305, -329.5176,  981.3749, -652.1144, -328.4433, 160, 160, 160
L 981.3749, -652.1144, -327.9064,  985.9465, -651.9247, -327.9572, 160, 160, 160
L 985.8624, -653.8719, -327.9554,  1006.6410, -652.8441, -327.9572, 160, 160, 160
L 1006.6410, -652.8441, -327.9572,  1005.9188, -645.5886, -327.9572, 160, 160, 160
L 1005.9188, -645.5886, -327.9572,  1004.8678, -635.4120, -324.4178, 160, 160, 160
L 1004.8678, -635.4120, -323.3989,  987.1064, -635.8845, -322.5425, 160, 160, 160
L 987.1064, -635.8845, -323.6514,  985.8624, -653.8719, -327.4615, 160, 160, 160
L 1005.9171, -645.5954, -327.9563,  1010.1235, -642.1988, -327.9123, 160, 160, 160
L 860.4998, -636.8929, -319.8824,  861.1073, -654.2952, -321.2115, 160, 160, 160
L 861.1073, -654.2952, -321.1104,  842.3868, -653.9700, -318.9531, 160, 160, 160
L 842.3868, -653.9700, -318.7062,  842.5303, -637.6262, -317.5876, 160, 160, 160
L 842.5303, -637.6262, -317.8018,  860.4998, -636.8929, -319.2518, 160, 160, 160
L 740.3772, -639.1398, -316.1541,  724.2811, -639.4117, -315.5547, 160, 160, 160
L 724.2811, -639.4117, -315.6610,  724.7589, -642.6200, -314.8027, 160, 160, 160
L 724.7589, -642.6200, -314.7128,  729.7684, -642.9723, -314.7783, 160, 160, 160
L 726.6652, -644.7480, -314.7278,  732.6697, -641.3124, -314.6227, 160, 160, 160
L 732.6697, -641.3124, -314.6267,  738.6829, -644.7531, -314.8403, 160, 160, 160
L 738.6829, -644.7531, -314.3750,  738.6355, -652.5980, -313.2400, 160, 160, 160
L 738.6355, -652.5980, -312.6618,  732.5533, -655.5688, -311.8383, 160, 160, 160
L 732.5533, -655.5688, -312.2280,  726.7125, -652.9900, -312.2753, 160, 160, 160
L 726.7125, -652.9900, -313.1800,  726.6652, -644.7480, -314.2760, 160, 160, 160
L 737.3277, -643.9842, -314.8824,  739.9930, -644.1711, -314.9298, 160, 160, 160
L 739.9930, -644.1711, -315.5283,  740.3772, -639.1398, -316.1995, 160, 160, 160
L 639.5063, -626.3650, -324.6639,  623.5940, -625.7885, -325.5199, 160, 160, 160
L 623.5940, -625.7885, -324.9750,  624.6553, -642.2339, -321.6500, 160, 160, 160
L 624.6553, -642.2339, -320.6933,  628.6005, -641.9969, -320.6302, 160, 160, 160
L 628.6005, -641.9969, -320.6302,  638.7269, -639.2079, -320.6530, 160, 160, 160
L 638.7269, -639.2079, -321.4135,  639.5063, -626.3650, -324.2900, 160, 160, 160
L 472.6963, -614.8288, -335.8607,  474.2460, -595.2997, -336.2364, 160, 160, 160
L 474.2460, -595.2997, -335.6413,  455.8360, -595.5308, -334.3831, 160, 160, 160
L 455.8360, -595.5308, -333.7943,  456.5049, -614.1414, -332.2108, 160, 160, 160
L 456.5049, -614.1414, -332.5215,  472.6963, -614.8288, -335.6430, 160, 160, 160
L 550.1288, 23.5421, -339.9365,  521.2325, 23.1874, -339.9365, 160, 160, 160
L 521.2325, 23.1874, -339.9365,  520.8712, 52.5762, -339.9365, 160, 160, 160
L 520.8712, 52.5762, -339.9365,  549.7686, 52.9307, -339.9365, 160, 160, 160
L 549.7686, 52.9307, -339.9365,  550.1288, 23.5421, -339.9365, 160, 160, 160
L 663.6929, 49.7552, -329.9146,  663.7509, 57.1062, -330.6836, 160, 160, 160
L 663.7509, 57.1062, -330.5792,  669.2729, 61.4138, -330.4495, 160, 160, 160
L 669.2729, 61.4138, -329.7937,  674.2884, 58.9138, -328.7699, 160, 160, 160
L 674.2884, 58.9138, -327.8550,  674.3411, 52.2147, -327.2946, 160, 160, 160
L 674.3411, 52.2147, -327.8010,  669.2892, 47.7601, -327.3009, 160, 160, 160
L 669.2892, 47.7601, -327.9150,  663.6929, 49.7552, -328.8543, 160, 160, 160
L 976.5466, 27.5006, -317.3210,  973.3713, 33.4365, -315.5695, 160, 160, 160
L 973.3713, 33.4365, -314.7835,  977.2509, 37.7687, -314.7873, 160, 160, 160
L 982.7516, 37.6694, -316.8328,  977.1812, 37.7700, -314.7601, 160, 160, 160
L 982.7516, 37.6694, -317.4825,  985.6544, 32.4470, -319.5833, 160, 160, 160
L 985.6544, 32.4470, -320.1741,  982.5302, 27.3151, -320.3193, 160, 160, 160
L 982.5302, 27.3151, -319.5706,  976.5466, 27.5006, -318.1383, 160, 160, 160
L 2354.3101, -680.1111, -339.7259,  2371.6653, -680.1111, -339.1960, 160, 160, 160
L 2371.6653, -680.1111, -337.9209,  2371.2476, -686.7750, -337.9540, 160, 160, 160
L 2354.3101, -680.1111, -339.8111,  2354.3101, -709.5118, -339.8111, 160, 160, 160
L 2354.3101, -709.5118, -339.6734,  2371.3262, -709.3759, -338.8684, 160, 160, 160
L 2358.9170, -704.4728, -337.9585,  2378.7488, -704.2722, -337.4067, 160, 160, 160
L 2378.7488, -704.2722, -337.1379,  2378.7515, -686.1384, -337.1455, 160, 160, 160
L 2378.7515, -686.1384, -337.4671,  2358.9170, -685.9778, -337.9585, 160, 160, 160
L 2358.9170, -685.9778, -337.9585,  2358.9170, -704.4728, -337.9585, 160, 160, 160
L 2371.3262, -709.3759, -337.9578,  2371.2273, -704.3483, -337.9585, 160, 160, 160
L 2370.2476, -857.7898, -341.1082,  2388.5525, -857.5862, -341.1290, 160, 160, 160
L 2388.5525, -857.5862, -341.3300,  2388.6331, -877.5709, -340.9354, 160, 160, 160
L 2388.6331, -877.5709, -340.9913,  2370.2708, -877.8333, -341.1082, 160, 160, 160
L 2370.2708, -877.8333, -341.1082,  2370.2476, -857.7898, -341.1082, 160, 160, 160
L 2372.3938, -1050.6812, -343.8122,  2390.8025, -1050.4551, -343.8120, 160, 160, 160
L 2390.8025, -1050.4551, -343.7524,  2390.9419, -1070.3622, -343.3679, 160, 160, 160
L 2390.9419, -1070.3622, -343.3469,  2372.6399, -1070.7195, -343.7984, 160, 160, 160
L 2372.6399, -1070.7195, -343.8122,  2372.3938, -1050.6812, -343.8116, 160, 160, 160
L 2375.1128, -1276.5562, -343.3679,  2393.7173, -1276.3279, -343.3677, 160, 160, 160
L 2393.7173, -1276.3279, -343.3679,  2393.7217, -1296.3644, -343.3675, 160, 160, 160
L 2393.7217, -1296.3644, -343.3634,  2375.3567, -1296.5912, -343.3677, 160, 160, 160
L 2375.3567, -1296.5912, -343.3679,  2375.1128, -1276.5562, -343.3596, 160, 160, 160
L 2368.8179, -1439.9253, -343.5926,  2368.7942, -1459.9584, -343.5924, 160, 160, 160
L 2368.7942, -1459.9584, -343.5835,  2350.3794, -1459.9601, -343.5887, 160, 160, 160
L 2350.3794, -1459.9601, -343.5926,  2350.3855, -1439.9246, -343.5699, 160, 160, 160
L 2350.3855, -1439.9246, -343.5926,  2368.8179, -1439.9253, -343.5892, 160, 160, 160
L 2140.7427, -1427.2400, -344.1062,  2141.4197, -1445.6282, -344.1057, 160, 160, 160
L 2141.4197, -1445.6282, -344.9640,  2121.3987, -1446.3687, -344.1059, 160, 160, 160
L 2121.3987, -1446.3687, -344.1007,  2120.7200, -1427.9795, -344.1062, 160, 160, 160
L 2120.7200, -1427.9795, -344.6040,  2140.7427, -1427.2400, -344.6540, 160, 160, 160
L 1953.2228, -1431.3777, -341.6716,  1952.9955, -1449.7942, -341.6684, 160, 160, 160
L 1952.9955, -1449.7942, -341.6673,  1932.9617, -1449.5486, -341.6682, 160, 160, 160
L 1932.9617, -1449.5486, -341.6677,  1933.1940, -1431.1382, -341.6478, 160, 160, 160
L 1933.1940, -1431.1382, -341.6481,  1953.2228, -1431.3777, -341.6677, 160, 160, 160
L 1711.6980, -1427.8251, -343.9411,  1711.6980, -1447.8416, -343.9413, 160, 160, 160
L 1711.6980, -1447.8416, -343.9304,  1693.2780, -1447.8418, -343.9309, 160, 160, 160
L 1693.2780, -1447.8418, -343.9413,  1693.3434, -1427.8987, -343.7196, 160, 160, 160
L 1693.3434, -1427.8987, -343.6465,  1711.6980, -1427.8251, -343.8288, 160, 160, 160
L 697.6403, -1417.5188, -340.9782,  697.4352, -1868.3418, -341.5615, 160, 160, 160
L 697.4352, -1868.3418, -341.5615,  698.2004, -1928.2721, -341.7669, 160, 160, 160
L 698.2004, -1928.2721, -341.7669,  697.2625, -1999.7200, -341.5615, 160, 160, 160
L 697.2625, -1999.7200, -341.5615,  697.7803, -2086.1995, -341.5615, 160, 160, 160
L 697.7803, -2086.1995, -341.5615,  721.6924, -2214.3633, -341.5615, 160, 160, 160
L 721.6924, -2214.3633, -341.5615,  745.6371, -2352.1299, -341.5615, 160, 160, 160
L 745.6371, -2352.1299, -341.5615,  778.6174, -2508.5938, -342.7687, 160, 160, 160
L 778.6174, -2508.5938, -342.7687,  794.2213, -2571.7063, -343.5910, 160, 160, 160
L 794.2213, -2571.7063, -343.5910,  805.6932, -2684.7532, -342.5110, 160, 160, 160
L 805.6932, -2684.7532, -342.5110,  805.9629, -2772.4546, -341.5615, 160, 160, 160
L 805.9629, -2772.4546, -341.5615,  803.3176, -2820.6077, -341.6374, 160, 160, 160
L 803.3176, -2820.6077, -341.6374,  810.4258, -2906.3101, -341.5615, 160, 160, 160
L 810.4258, -2906.3101, -341.5615,  810.3631, -2947.2559, -341.5615, 160, 160, 160
L 810.3631, -2947.2559, -341.5615,  813.6461, -2947.6670, -341.4486, 160, 160, 160
L 813.6461, -2947.6670, -341.4486,  814.7654, -2949.6536, -341.5615, 160, 160, 160
L 814.7654, -2949.6536, -341.5615,  815.3964, -2957.8401, -341.5754, 160, 160, 160
L 815.3964, -2957.8401, -341.5754,  818.7577, -2964.1543, -342.9843, 160, 160, 160
L 818.7577, -2964.1543, -342.9843,  800.2388, -2964.5193, -343.6160, 160, 160, 160
L 800.2388, -2964.5193, -343.6160,  797.1375, -2961.8533, -342.4721, 160, 160, 160
L 797.1375, -2961.8533, -342.4721,  776.2947, -2958.5320, -341.7375, 160, 160, 160
L 776.2947, -2958.5320, -341.7375,  774.2408, -2957.7393, -341.5629, 160, 160, 160
L 774.2408, -2957.7393, -341.5629,  773.2531, -2949.5945, -341.5543, 160, 160, 160
L 937.1860, -3072.7090, -343.8426,  944.6111, -3053.4595, -343.6413, 160, 160, 160
L 944.6111, -3053.4595, -343.6268,  947.2567, -3054.4817, -343.6526, 160, 160, 160
L 947.2567, -3054.4817, -343.6918,  940.9738, -3070.7476, -343.8426, 160, 160, 160
L 940.9738, -3070.7476, -343.8426,  990.2336, -3090.9451, -343.8426, 160, 160, 160
L 990.2336, -3090.9451, -343.8426,  996.6208, -3073.5359, -343.8426, 160, 160, 160
L 996.6208, -3073.5359, -343.8426,  1001.2057, -3075.3042, -343.8426, 160, 160, 160
L 1001.2057, -3075.3042, -343.8426,  995.2374, -3090.7754, -343.8426, 160, 160, 160
L 995.2374, -3090.7754, -343.8426,  1013.2083, -3142.7952, -343.8426, 160, 160, 160
L 1013.2083, -3142.7952, -343.8426,  1022.6073, -3146.3184, -343.8426, 160, 160, 160
L 1022.6073, -3146.3184, -343.8426,  1021.7037, -3148.6609, -343.8426, 160, 160, 160
L 1021.7037, -3148.6609, -343.8426,  1011.3348, -3144.6614, -343.8426, 160, 160, 160
L 1011.3348, -3144.6614, -343.8426,  993.3237, -3094.3633, -343.8426, 160, 160, 160
L 993.3237, -3094.3633, -343.8426,  937.1860, -3072.7090, -343.8426, 160, 160, 160
L 954.2369, -3036.4075, -342.8698,  951.5837, -3035.3838, -342.8435, 160, 160, 160
L 951.5837, -3035.3838, -342.7900,  959.4500, -3016.1460, -342.3350, 160, 160, 160
L 959.4500, -3016.1460, -342.2830,  1015.1453, -3037.8018, -343.5964, 160, 160, 160
L 1015.1453, -3037.8018, -343.5964,  1061.7262, -3013.9695, -343.8426, 160, 160, 160
L 1061.7262, -3013.9695, -343.8426,  1072.1167, -3017.9688, -343.8426, 160, 160, 160
L 1072.1167, -3017.9688, -343.8426,  1070.9181, -3021.7698, -343.8426, 160, 160, 160
L 1070.9181, -3021.7698, -343.8426,  1062.2400, -3017.6355, -343.8426, 160, 160, 160
L 1062.2400, -3017.6355, -343.8426,  1014.4305, -3041.2029, -343.7042, 160, 160, 160
L 1014.4305, -3041.2029, -343.7042,  1008.1786, -3057.2278, -343.8426, 160, 160, 160
L 1008.1786, -3057.2278, -343.8426,  1003.5938, -3055.4590, -343.8426, 160, 160, 160
L 1003.5938, -3055.4590, -343.8213,  1009.8110, -3039.3423, -343.4329, 160, 160, 160
L 1009.8110, -3039.3423, -343.4329,  960.3414, -3020.6038, -342.1976, 160, 160, 160
L 960.3414, -3020.6038, -342.1976,  954.2369, -3036.4075, -342.7977, 160, 160, 160
L 1039.7808, -3155.6260, -343.8426,  1040.7520, -3153.1309, -343.8426, 160, 160, 160
L 1040.7520, -3153.1309, -343.8426,  1049.5365, -3156.4258, -343.8426, 160, 160, 160
L 1099.1471, -3130.7139, -343.8426,  1105.6670, -3115.3677, -343.8426, 160, 160, 160
L 1105.6670, -3115.3677, -343.8426,  1109.6514, -3117.1365, -343.8426, 160, 160, 160
L 1109.6514, -3117.1365, -343.8426,  1103.1106, -3134.9158, -343.8426, 160, 160, 160
L 1103.1106, -3134.9158, -343.8426,  1151.9054, -3153.2559, -343.8426, 160, 160, 160
L 1151.9054, -3153.2559, -343.8426,  1158.5652, -3135.9910, -343.8426, 160, 160, 160
L 1158.5652, -3135.9910, -343.8426,  1160.7886, -3136.8484, -343.8426, 160, 160, 160
L 1160.7886, -3136.8484, -343.8426,  1153.3633, -3156.9761, -343.8426, 160, 160, 160
L 1153.3633, -3156.9761, -343.8426,  1097.2240, -3134.4424, -343.8426, 160, 160, 160
L 1097.2240, -3134.4424, -343.8426,  1049.4983, -3159.3743, -343.8426, 160, 160, 160
L 1049.4983, -3159.3743, -343.8426,  1039.7808, -3155.6260, -343.8426, 160, 160, 160
L 1049.5365, -3156.4258, -343.8426,  1099.1471, -3130.7139, -343.8426, 160, 160, 160
L 773.3336, -2949.8997, -341.5611,  773.7332, -2887.2200, -341.5615, 160, 160, 160
L 773.7332, -2887.2200, -341.5615,  750.4474, -2885.5254, -341.5437, 160, 160, 160
L 750.4474, -2885.5254, -341.5437,  748.2856, -2856.5679, -341.5754, 160, 160, 160
L 748.2856, -2856.5679, -341.5754,  747.6108, -2822.3716, -341.5615, 160, 160, 160
L 747.6108, -2822.3716, -341.5615,  753.7712, -2766.5962, -341.5615, 160, 160, 160
L 753.7712, -2766.5962, -341.5615,  756.8287, -2728.8667, -341.6739, 160, 160, 160
L 756.8287, -2728.8667, -341.6739,  759.9900, -2710.9241, -341.5908, 160, 160, 160
L 759.9900, -2710.9241, -341.5908,  750.7010, -2669.2100, -342.1331, 160, 160, 160
L 750.7010, -2669.2100, -342.1331,  762.9460, -2659.9688, -342.2676, 160, 160, 160
L 762.9460, -2659.9688, -342.2676,  786.7888, -2590.5352, -343.2807, 160, 160, 160
L 786.7888, -2590.5352, -343.2807,  791.9366, -2574.6509, -343.5040, 160, 160, 160
L 791.9366, -2574.6509, -343.5040,  791.1476, -2568.7532, -343.4703, 160, 160, 160
L 791.1476, -2568.7532, -343.4703,  723.6393, -2567.2815, -343.4800, 160, 160, 160
L 723.6393, -2567.2815, -343.4800,  720.1688, -2559.6250, -343.8023, 160, 160, 160
L 720.1688, -2559.6250, -343.8023,  706.8940, -2472.5420, -342.4384, 160, 160, 160
L 706.8940, -2472.5420, -342.4384,  662.5488, -2233.5923, -341.6397, 160, 160, 160
L 662.5488, -2233.5923, -341.6397,  640.3194, -2104.3621, -341.5615, 160, 160, 160
L 640.3194, -2104.3621, -341.5615,  639.1710, -2032.5746, -341.5826, 160, 160, 160
L 639.1710, -2032.5746, -341.5826,  645.8723, -1952.7018, -341.5615, 160, 160, 160
L 645.8723, -1952.7018, -341.5615,  647.7441, -1784.9832, -341.5953, 160, 160, 160
L 647.7441, -1784.9832, -341.5953,  648.1807, -1628.7477, -341.5615, 160, 160, 160
L 648.1807, -1628.7477, -341.5615,  647.4221, -1524.8158, -341.6555, 160, 160, 160
L 647.4221, -1524.8158, -341.6555,  647.9108, -1419.6790, -340.6995, 160, 160, 160
L 57.6604, -1403.2699, -340.1240,  43.9249, -1403.2710, -340.1240, 160, 160, 160
L 43.9249, -1403.2710, -340.1240,  -65.5472, -1406.7195, -340.1240, 160, 160, 160
L -65.5472, -1406.7195, -340.1240,  -127.7925, -1409.9137, -340.3317, 160, 160, 160
L -127.7925, -1409.9137, -340.3317,  -201.9424, -1408.9242, -340.1240, 160, 160, 160
L -201.9424, -1408.9242, -340.1240,  -378.8251, -1394.5248, -340.1240, 160, 160, 160
L -378.8251, -1394.5248, -340.1240,  -482.8842, -1398.9109, -340.1240, 160, 160, 160
L -482.8842, -1398.9109, -340.1240,  -631.8473, -1403.5348, -340.1256, 160, 160, 160
L -631.8473, -1403.5348, -340.1256,  -783.6041, -1402.6353, -340.1240, 160, 160, 160
L -783.6041, -1402.6353, -340.1240,  -965.9489, -1395.6487, -340.1915, 160, 160, 160
L -965.9489, -1395.6487, -340.1915,  -1106.8340, -1400.7649, -340.1240, 160, 160, 160
L -1106.8340, -1400.7649, -340.1240,  -1111.3158, -1368.2847, -340.4168, 160, 160, 160
L -1111.3158, -1368.2847, -340.4168,  -1080.1321, -1368.8782, -340.1240, 160, 160, 160
L -1080.1321, -1368.8782, -340.1240,  -960.1680, -1364.4059, -340.1240, 160, 160, 160
L -960.1680, -1364.4059, -340.1240,  -736.9983, -1374.5248, -340.1240, 160, 160, 160
L -736.9983, -1374.5248, -340.1240,  -553.5154, -1378.8810, -340.1240, 160, 160, 160
L -553.5154, -1378.8810, -340.1240,  -351.2413, -1362.6602, -340.3711, 160, 160, 160
L -351.2413, -1362.6602, -340.3711,  -136.5503, -1388.6259, -340.1240, 160, 160, 160
L -136.5503, -1388.6259, -340.1240,  74.9771, -1381.3350, -340.1240, 160, 160, 160
L 74.9771, -1381.3350, -340.1240,  77.8187, -1380.9821, -340.1123, 160, 160, 160
L 77.8187, -1380.9821, -340.1123,  57.9373, -1402.9076, -340.1240, 160, 160, 160
L -300.4112, -1284.1298, -343.8426,  -318.4770, -1282.8289, -343.8426, 160, 160, 160
L -303.1822, -1283.9220, -343.8426,  -318.4770, -1282.8289, -343.8426, 160, 160, 160
L -318.4770, -1282.8289, -343.8426,  -343.8152, -1252.9574, -343.8426, 160, 160, 160
L -343.8152, -1252.9574, -343.8426,  -340.9130, -1213.6117, -343.8426, 160, 160, 160
L -340.9130, -1213.6117, -343.8426,  -311.4140, -1187.8445, -343.8426, 160, 160, 160
L -311.4140, -1187.8445, -343.8426,  -293.4046, -1189.1458, -343.8426, 160, 160, 160
L -293.4046, -1189.1458, -343.8426,  -293.9730, -1184.9773, -343.8426, 160, 160, 160
L -293.9730, -1184.9773, -343.8426,  -312.4646, -1183.5486, -343.8426, 160, 160, 160
L -312.4646, -1183.5486, -343.8426,  -344.9621, -1211.5812, -343.8426, 160, 160, 160
L -344.9621, -1211.5812, -343.8426,  -348.1107, -1254.3727, -343.8426, 160, 160, 160
L -348.1107, -1254.3727, -343.8426,  -320.8600, -1286.8694, -343.8426, 160, 160, 160
L -320.8600, -1286.8694, -343.8426,  -300.7187, -1288.2981, -343.8426, 160, 160, 160
L -300.7187, -1288.2981, -343.8426,  -300.4112, -1284.1298, -343.8426, 160, 160, 160
L -281.3962, -1289.7251, -343.8426,  -281.8870, -1285.5552, -343.8426, 160, 160, 160
L -281.8870, -1285.5552, -343.8426,  -261.5067, -1286.9917, -343.8426, 160, 160, 160
L -261.5067, -1286.9917, -343.8426,  -231.6350, -1261.2234, -343.8426, 160, 160, 160
L -231.6350, -1261.2234, -343.8426,  -230.8965, -1251.2106, -343.8426, 160, 160, 160
L -230.8965, -1251.2106, -343.8426,  -226.7207, -1251.5187, -343.8426, 160, 160, 160
L -226.7207, -1251.5187, -343.8426,  -227.5824, -1263.2594, -343.8426, 160, 160, 160
L -227.5824, -1263.2594, -343.8426,  -260.8370, -1291.2953, -343.8426, 160, 160, 160
L -260.8370, -1291.2953, -343.8426,  -281.3962, -1289.7251, -343.8426, 160, 160, 160
L -293.1564, -1185.7791, -343.8426,  -293.3702, -1188.6775, -343.8426, 160, 160, 160
L -274.8220, -1190.5707, -343.8426,  -273.7748, -1186.4025, -343.8426, 160, 160, 160
L -273.7748, -1186.4025, -343.8426,  -252.4626, -1187.9745, -343.8426, 160, 160, 160
L -224.4373, -1220.4634, -343.8426,  -252.4626, -1187.9745, -343.8426, 160, 160, 160
L -224.4373, -1220.4634, -343.8426,  -225.3026, -1232.1956, -343.8426, 160, 160, 160
L -225.3026, -1232.1956, -343.8426,  -229.4712, -1231.8882, -343.8426, 160, 160, 160
L -229.4712, -1231.8882, -343.8426,  -228.7333, -1221.8870, -343.8426, 160, 160, 160
L -228.7333, -1221.8870, -343.8426,  -254.5009, -1192.1541, -343.8426, 160, 160, 160
L -254.5009, -1192.1541, -343.8426,  -274.8220, -1190.5707, -343.8426, 160, 160, 160
L -640.9175, -1558.1780, -343.8426,  -660.8383, -1562.9384, -343.8426, 160, 160, 160
L -640.9708, -1558.1906, -343.8426,  -645.6068, -1538.6272, -343.8426, 160, 160, 160
L -645.6068, -1538.6272, -343.8426,  -668.2444, -1543.9175, -343.8426, 160, 160, 160
L -740.6937, -1567.9905, -343.8426,  -742.9429, -1577.8772, -343.8426, 160, 160, 160
L -742.9429, -1577.8772, -343.8426,  -736.8979, -1587.2925, -343.8426, 160, 160, 160
L -736.8979, -1587.2925, -343.8426,  -720.5716, -1589.8384, -343.8426, 160, 160, 160
L -720.5716, -1589.8384, -343.8426,  -712.4084, -1584.2808, -343.8426, 160, 160, 160
L -712.4084, -1584.2808, -343.8426,  -709.5271, -1571.5226, -343.8426, 160, 160, 160
L -718.5266, -1567.8877, -343.8426,  -732.1205, -1564.7719, -343.8426, 160, 160, 160
L -1394.8578, -1339.9480, -340.1240,  -1430.1454, -1321.3820, -340.1532, 160, 160, 160
L -1430.1454, -1321.3820, -340.1532,  -1440.3523, -1248.8141, -340.1240, 160, 160, 160
L -1440.3523, -1248.8141, -340.1240,  -1447.4153, -1185.7791, -340.2450, 160, 160, 160
L -1447.4153, -1185.7791, -340.2450,  -1442.1167, -1074.2079, -340.1410, 160, 160, 160
L -1442.1167, -1074.2079, -340.1410,  -1443.4358, -931.6017, -340.1240, 160, 160, 160
L -1443.4358, -931.6017, -340.1240,  -1448.1431, -823.6334, -340.1240, 160, 160, 160
L -1448.1431, -823.6334, -340.1240,  -1453.3445, -667.8614, -340.1521, 160, 160, 160
L -1453.3445, -667.8614, -340.1521,  -1454.7748, -569.7661, -340.1240, 160, 160, 160
L -1454.7748, -569.7661, -340.1240,  -1450.7477, -489.8854, -340.2255, 160, 160, 160
L -1450.7477, -489.8854, -340.2255,  -1447.6692, -413.5369, -340.2028, 160, 160, 160
L -1447.6692, -413.5369, -340.2028,  -1448.2061, -354.3120, -340.1182, 160, 160, 160
L -1448.2061, -354.3120, -340.1182,  -1473.3273, -330.9216, -340.1240, 160, 160, 160
L -1473.3273, -330.9216, -340.1240,  -1483.3561, -308.5319, -340.1290, 160, 160, 160
L -1483.3561, -308.5319, -340.1290,  -1483.8698, -331.7010, -340.3444, 160, 160, 160
L -1483.8698, -331.7010, -340.3444,  -1483.8683, -348.4411, -340.1240, 160, 160, 160
L -1483.8683, -348.4411, -340.1240,  -1494.6985, -590.9900, -340.1240, 160, 160, 160
L -1494.6985, -590.9900, -340.1240,  -1487.7670, -815.1993, -340.1240, 160, 160, 160
L -1487.7670, -815.1993, -340.1240,  -1486.9734, -1385.7981, -340.1240, 160, 160, 160
L -1486.6509, -902.1053, -340.1240,  -1486.9734, -1385.7981, -340.1240, 160, 160, 160
L -1486.9734, -1385.7981, -340.1240,  -1483.9623, -1386.9905, -340.2434, 160, 160, 160
L -1483.9623, -1386.9905, -340.2434,  -1452.1814, -1389.2095, -340.2927, 160, 160, 160
L -1452.1814, -1389.2095, -340.2927,  -1421.8655, -1390.9124, -340.3690, 160, 160, 160
L -1421.8655, -1390.9124, -340.3690,  -1413.9126, -1372.6194, -340.1240, 160, 160, 160
L -1413.9126, -1372.6194, -340.1240,  -1412.9950, -1359.2759, -340.1121, 160, 160, 160
L -1412.9950, -1359.2759, -340.1121,  -1394.8578, -1339.9480, -340.1240, 160, 160, 160
L -1480.4612, -155.8010, -340.1240,  -1487.1249, 3.1438, -340.1270, 160, 160, 160
L -1487.1249, 3.1438, -340.1270,  -1486.9021, 33.6677, -340.4710, 160, 160, 160
L -1486.9021, 33.6677, -340.4710,  -1477.6698, 32.2847, -340.1240, 160, 160, 160
L -1477.6698, 32.2847, -340.1240,  -1454.3521, 32.5910, -340.1508, 160, 160, 160
L -1454.3521, 32.5910, -340.1508,  -1456.2345, -6.5598, -340.1240, 160, 160, 160
L -1456.2345, -6.5598, -340.1240,  -1454.8180, -32.7423, -340.2194, 160, 160, 160
L -1454.8180, -32.7423, -340.2194,  -1453.3073, -93.3601, -340.1240, 160, 160, 160
L -1453.3073, -93.3601, -340.1240,  -1452.3019, -118.1265, -340.1240, 160, 160, 160
L -1452.3019, -118.1265, -340.1240,  -1480.4612, -155.8010, -340.1225, 160, 160, 160
L -1486.8324, 69.8940, -340.1240,  -1487.2549, 190.4621, -340.1240, 160, 160, 160
L -1487.2549, 190.4621, -340.1240,  -1491.9988, 297.6510, -340.1240, 160, 160, 160
L -1491.9988, 297.6510, -340.1240,  -1493.7327, 353.8844, -340.1240, 160, 160, 160
L -1493.7327, 353.8844, -340.1240,  -1509.4363, 787.6319, -340.1240, 160, 160, 160
L -1509.4363, 787.6319, -340.1240,  -1509.8523, 1009.4202, -340.1241, 160, 160, 160
L -1509.8523, 1009.4202, -340.1241,  -1505.6570, 1094.9646, -340.1240, 160, 160, 160
L -1505.6570, 1094.9646, -340.1240,  -1501.4386, 1217.6580, -340.1240, 160, 160, 160
L -1501.4386, 1217.6580, -340.1240,  -1501.6620, 1417.1215, -340.1283, 160, 160, 160
L -1501.6620, 1417.1215, -340.1283,  -1502.2725, 1466.1132, -340.6157, 160, 160, 160
L -1502.2725, 1466.1132, -340.6157,  -1501.2588, 1536.1167, -340.1240, 160, 160, 160
L -1501.2588, 1536.1167, -340.1240,  -1502.1050, 1810.3494, -340.1451, 160, 160, 160
L -1502.1050, 1810.3494, -340.1451,  -1495.9130, 1997.8936, -340.1240, 160, 160, 160
L -1495.9130, 1997.8936, -340.1240,  -1501.1875, 2137.9644, -340.1240, 160, 160, 160
L -1502.2831, 2164.2703, -340.1240,  -1503.5624, 2194.2012, -340.1281, 160, 160, 160
L -1501.1875, 2137.9644, -340.1281,  -1501.2554, 2143.4949, -340.1240, 160, 160, 160
L -1503.6598, 2214.1670, -340.1240,  -1495.8926, 2366.8914, -340.1240, 160, 160, 160
L -1495.8926, 2366.8914, -340.1240,  -1495.7605, 2373.3333, -340.1240, 160, 160, 160
L -1498.8561, 2327.8318, -340.6557,  -1498.9059, 2373.6375, -342.2169, 160, 160, 160
L -1498.9059, 2373.6375, -342.2169,  -1490.7925, 2373.6375, -340.1240, 160, 160, 160
L -1490.7925, 2373.6375, -340.1240,  -1490.7925, 2376.5596, -340.1240, 160, 160, 160
L -1490.7925, 2376.5596, -340.1240,  -1501.2188, 2376.5596, -343.3496, 160, 160, 160
L -1501.2188, 2376.5596, -344.5924,  -1501.2189, 2324.3882, -342.2472, 160, 160, 160
L -1498.8561, 2326.7500, -340.6458,  -1501.2189, 2324.8140, -342.2380, 160, 160, 160
L -1471.4181, 2373.6377, -340.1236,  -1471.4181, 2376.5596, -340.1236, 160, 160, 160
L -1471.4181, 2376.5596, -340.1240,  -1461.6238, 2376.5596, -341.8910, 160, 160, 160
L -1461.6238, 2376.5596, -342.2730,  -1461.6250, 2357.6387, -342.9950, 160, 160, 160
L -1461.6250, 2357.6387, -342.9950,  -1441.2979, 2337.2996, -343.9143, 160, 160, 160
L -1441.2979, 2337.2996, -343.9162,  -1441.1382, 2316.4646, -343.9164, 160, 160, 160
L -1441.1382, 2316.4646, -343.9157,  -1443.9087, 2316.4646, -343.9139, 160, 160, 160
L -1443.9087, 2316.4646, -343.9126,  -1443.7588, 2335.7039, -343.9132, 160, 160, 160
L -1463.5232, 2355.4297, -343.2142,  -1443.7588, 2335.7039, -343.9030, 160, 160, 160
L -1463.5232, 2355.4297, -340.1240,  -1463.5236, 2373.6377, -341.2515, 160, 160, 160
L -1463.5236, 2373.6377, -341.2515,  -1471.4181, 2373.6377, -340.1240, 160, 160, 160
L -1444.6039, 2297.8975, -343.9123,  -1440.9867, 2297.8975, -343.9125, 160, 160, 160
L -1440.9867, 2297.8975, -343.9114,  -1440.8351, 2276.8257, -343.8883, 160, 160, 160
L -1440.8351, 2276.8257, -343.8847,  -1456.7997, 2260.9197, -343.8663, 160, 160, 160
L -1456.7997, 2260.9197, -343.8663,  -1458.8152, 2257.9800, -340.1240, 160, 160, 160
L -1458.8152, 2257.9800, -340.1240,  -1460.1404, 2256.5906, -340.1240, 160, 160, 160
L -1460.1404, 2256.5906, -340.1240,  -1460.1404, 2236.6377, -340.1240, 160, 160, 160
L -1460.1404, 2236.6377, -340.1240,  -1471.4181, 2236.6377, -340.1240, 160, 160, 160
L -1471.4181, 2236.6377, -340.1236,  -1471.4175, 2239.5596, -340.1234, 160, 160, 160
L -1471.4175, 2239.5596, -340.1240,  -1462.7970, 2239.5596, -340.1240, 160, 160, 160
L -1462.7969, 2256.3809, -340.1240,  -1459.1548, 2260.4983, -340.1240, 160, 160, 160
L -1459.1548, 2260.4983, -340.1240,  -1457.5398, 2262.8726, -343.8697, 160, 160, 160
L -1457.5398, 2262.8726, -343.8697,  -1444.2179, 2277.3821, -343.8876, 160, 160, 160
L -1444.2179, 2277.3821, -343.8876,  -1444.6039, 2297.8975, -343.9112, 160, 160, 160
L -1462.7970, 2239.5596, -340.1240,  -1462.7969, 2256.3809, -340.1240, 160, 160, 160
L -1494.5459, 2214.9539, -340.1238,  -1512.9030, 2214.2498, -340.3729, 160, 160, 160
L -1512.9030, 2214.2498, -340.3620,  -1512.9086, 2194.1504, -340.3765, 160, 160, 160
L -1512.9086, 2194.1504, -340.3765,  -1494.5459, 2194.2500, -340.1240, 160, 160, 160
L -1494.5459, 2194.2500, -340.1240,  -1494.5459, 2214.9539, -340.1240, 160, 160, 160
L -1490.7931, 2236.6377, -340.1240,  -1501.2959, 2236.6370, -340.1240, 160, 160, 160
L -1501.2959, 2236.6370, -340.1240,  -1501.2189, 2274.3921, -340.7714, 160, 160, 160
L -1498.7997, 2275.8560, -340.1240,  -1498.7582, 2239.5596, -340.1240, 160, 160, 160
L -1498.7582, 2239.5596, -340.1240,  -1490.7931, 2239.5596, -340.1240, 160, 160, 160
L -1490.7931, 2239.5596, -340.1240,  -1490.7931, 2236.6377, -340.1240, 160, 160, 160
L -1501.2189, 2274.1448, -340.7660,  -1498.7997, 2275.8560, -340.1240, 160, 160, 160
L -1502.8650, 2218.4468, -343.5477,  -1518.7992, 2218.4468, -343.2074, 160, 160, 160
L -1518.7992, 2218.4468, -343.1345,  -1518.7996, 2189.5481, -343.1345, 160, 160, 160
L -1518.7996, 2189.5481, -343.2330,  -1503.3633, 2189.5481, -343.5287, 160, 160, 160
L -1502.4668, 2168.5718, -343.5484,  -1518.7992, 2168.5718, -343.1926, 160, 160, 160
L -1518.7992, 2168.5718, -343.1345,  -1518.7996, 2139.6731, -343.1345, 160, 160, 160
L -1518.7996, 2139.6731, -343.2814,  -1501.2317, 2139.6731, -343.6032, 160, 160, 160
L -1494.5492, 2144.3672, -340.1240,  -1512.9054, 2144.2671, -340.3765, 160, 160, 160
L -1512.9054, 2144.2671, -340.3700,  -1512.9043, 2164.3262, -340.3650, 160, 160, 160
L -1512.9043, 2164.3262, -340.3765,  -1494.5463, 2164.2300, -340.1234, 160, 160, 160
L -1494.5463, 2164.2300, -340.1191,  -1494.5492, 2144.3672, -340.1109, 160, 160, 160
L -1462.6226, 2144.3628, -340.1184,  -1462.6111, 2164.2410, -340.7670, 160, 160, 160
L -1462.6178, 2194.2542, -340.9570,  -1462.6165, 2214.1187, -340.9190, 160, 160, 160
L -1462.6165, 2214.1187, -340.9260,  -1444.2615, 2214.2002, -340.3713, 160, 160, 160
L -1444.2615, 2214.2002, -340.3765,  -1444.2699, 2194.1392, -340.3374, 160, 160, 160
L -1454.6685, 2168.5713, -342.5652,  -1439.1742, 2168.5723, -342.4708, 160, 160, 160
L -1439.1742, 2168.5723, -342.2719,  -1439.1736, 2139.6731, -341.2511, 160, 160, 160
L -1439.1736, 2139.6731, -341.3344,  -1451.1183, 2139.6724, -341.7169, 160, 160, 160
L -1462.6226, 2144.3628, -340.1240,  -1444.2605, 2144.2649, -340.3686, 160, 160, 160
L -1444.2605, 2144.2649, -340.3765,  -1444.2719, 2164.3184, -340.3387, 160, 160, 160
L -1444.2719, 2164.3184, -340.3498,  -1462.6111, 2164.2410, -340.1102, 160, 160, 160
L -1455.3418, 2189.5481, -343.7830,  -1439.1740, 2189.5474, -343.3639, 160, 160, 160
L -1439.1740, 2189.5474, -343.4311,  -1439.1736, 2218.4463, -343.8426, 160, 160, 160
L -1439.1736, 2218.4463, -343.8426,  -1451.4170, 2218.4468, -343.8426, 160, 160, 160
L -1444.2699, 2194.1392, -340.3765,  -1462.6178, 2194.2542, -340.5110, 160, 160, 160
L -1455.4915, 2194.2095, -340.1854,  -1454.5304, 2164.2747, -340.1240, 160, 160, 160
L -1453.5286, 2142.1387, -340.1240,  -1450.7660, 2071.5308, -340.1240, 160, 160, 160
L -1450.7660, 2071.5308, -340.1240,  -1449.1609, 2043.5165, -340.2457, 160, 160, 160
L -1449.1609, 2043.5165, -340.2457,  -1447.7179, 2006.7848, -340.1967, 160, 160, 160
L -1447.7179, 2006.7848, -340.1967,  -1456.2699, 1794.8125, -340.1358, 160, 160, 160
L -1456.2699, 1794.8125, -340.1358,  -1456.3213, 1386.1487, -340.1263, 160, 160, 160
L -1456.3213, 1386.1487, -340.1263,  -1469.8467, 1189.2970, -340.1240, 160, 160, 160
L -1469.8467, 1189.2970, -340.1240,  -1464.6288, 1001.8290, -340.1240, 160, 160, 160
L -1464.6288, 1001.8290, -340.1240,  -1464.1260, 789.4484, -340.1256, 160, 160, 160
L -1464.1260, 789.4484, -340.1256,  -1456.2272, 600.7032, -340.1240, 160, 160, 160
L -1456.2272, 600.7032, -340.1240,  -1463.6919, 386.4868, -340.2085, 160, 160, 160
L -1463.6919, 386.4868, -340.2085,  -1448.5558, 180.2432, -340.1240, 160, 160, 160
L -1448.5558, 180.2432, -340.1240,  -1450.7455, 105.8482, -339.9671, 160, 160, 160
L -1450.7455, 105.8482, -339.9671,  -1487.7510, 69.2742, -340.1240, 160, 160, 160
L -1456.3545, 727.7682, -340.8138,  -1451.3257, 777.6937, -340.6884, 160, 160, 160
L -1451.3257, 777.6937, -340.8654,  -1397.4065, 772.5806, -341.1827, 160, 160, 160
L -1397.4065, 772.5806, -341.1827,  -1316.8771, 766.2501, -341.8174, 160, 160, 160
L -1316.8771, 766.2501, -341.8174,  -914.7209, 730.4954, -341.5615, 160, 160, 160
L -914.7209, 730.4954, -341.5615,  -784.2463, 719.7452, -341.5873, 160, 160, 160
L -784.2463, 719.7452, -341.5873,  -747.7545, 723.2181, -341.5615, 160, 160, 160
L -747.7545, 723.2181, -341.5615,  -746.9752, 694.2408, -341.5615, 160, 160, 160
L -746.9752, 694.2408, -341.5615,  -700.6064, 694.3170, -341.5615, 160, 160, 160
L -700.6064, 694.3170, -341.5615,  -664.4100, 730.7404, -341.5547, 160, 160, 160
L -664.4100, 730.7404, -341.5547,  -626.5684, 735.3495, -341.5715, 160, 160, 160
L -626.5684, 735.3495, -341.5715,  -487.5905, 746.1136, -341.7273, 160, 160, 160
L -487.5905, 746.1136, -341.7273,  -491.3013, 741.2400, -341.5423, 160, 160, 160
L -491.3013, 741.2400, -341.5423,  -491.7803, 684.9828, -341.6655, 160, 160, 160
L -491.7803, 684.9828, -341.6655,  -637.7798, 671.3431, -341.7389, 160, 160, 160
L -637.7798, 671.3431, -341.7389,  -791.7993, 658.6271, -341.5615, 160, 160, 160
L -791.7993, 658.6271, -341.5615,  -813.8903, 659.8600, -341.7409, 160, 160, 160
L -813.8903, 659.8600, -341.7409,  -940.8759, 681.9410, -341.6557, 160, 160, 160
L -940.8759, 681.9410, -341.6557,  -1350.6072, 718.3564, -341.5788, 160, 160, 160
L -1238.9052, 708.9760, -341.5615,  -1350.6072, 718.3564, -341.5788, 160, 160, 160
L -1350.6072, 718.3564, -341.5788,  -1424.4419, 725.3871, -340.9336, 160, 160, 160
L -1424.4419, 725.3871, -340.9336,  -1456.3545, 727.7682, -340.7131, 160, 160, 160
L -2791.6106, -975.8813, -343.8426,  -2722.4480, -975.2759, -343.8426, 160, 160, 160
L -2722.4480, -975.2759, -343.8426,  -2722.8008, -972.1371, -343.8426, 160, 160, 160
L -2722.8008, -972.1371, -343.8426,  -2791.6453, -972.9900, -343.8426, 160, 160, 160
L -2791.6453, -972.9900, -343.8424,  -2791.6106, -975.8813, -343.8426, 160, 160, 160
L -2810.8938, -973.2272, -343.8426,  -2810.8584, -976.1176, -343.8426, 160, 160, 160
L -2810.8584, -976.1176, -343.8426,  -2828.4490, -976.3324, -343.8426, 160, 160, 160
L -2828.4490, -976.3324, -343.8426,  -2826.9109, -1090.6647, -343.8426, 160, 160, 160
L -2826.9109, -1090.6647, -343.8426,  -2809.4551, -1090.4606, -343.8426, 160, 160, 160
L -2809.4551, -1090.4606, -343.8426,  -2809.4119, -1093.9679, -343.8426, 160, 160, 160
L -2809.4119, -1093.9679, -343.8426,  -2830.1541, -1094.2227, -343.8426, 160, 160, 160
L -2830.1541, -1094.2227, -343.8426,  -2831.6360, -973.4817, -343.8426, 160, 160, 160
L -2831.6360, -973.4817, -343.8426,  -2810.8938, -973.2272, -343.8426, 160, 160, 160
L -2776.5398, -968.4659, -343.5880,  -2775.1797, -949.9775, -343.5937, 160, 160, 160
L -2775.1797, -949.9775, -343.5937,  -2755.7090, -951.4625, -343.5937, 160, 160, 160
L -2755.7090, -951.4625, -343.5822,  -2756.4302, -969.9464, -343.5937, 160, 160, 160
L -2756.4302, -969.9464, -343.5230,  -2776.5398, -968.4659, -343.5319, 160, 160, 160
L -2749.5149, -970.4723, -343.5851,  -2729.4043, -971.9460, -343.5516, 160, 160, 160
L -2729.4043, -971.9460, -343.5926,  -2728.4368, -953.4623, -343.5817, 160, 160, 160
L -2728.4368, -953.4623, -343.5926,  -2748.1458, -951.9796, -343.5921, 160, 160, 160
L -2748.1458, -951.9796, -343.5715,  -2749.5149, -970.4723, -343.5869, 160, 160, 160
L -2702.7964, -974.7913, -343.8423,  -2702.8313, -971.9008, -343.8426, 160, 160, 160
L -2702.8313, -971.9008, -343.8426,  -2680.8970, -971.6317, -343.8426, 160, 160, 160
L -2680.8970, -971.6317, -343.8426,  -2680.6497, -991.7798, -343.8426, 160, 160, 160
L -2680.6497, -991.7798, -343.8426,  -2684.1575, -991.8230, -343.8426, 160, 160, 160
L -2684.1575, -991.8230, -343.8426,  -2684.3694, -974.5652, -343.8426, 160, 160, 160
L -2684.3694, -974.5652, -343.8426,  -2702.7964, -974.7913, -343.8426, 160, 160, 160
L -2683.9219, -1011.7159, -343.8426,  -2680.4131, -1011.2850, -343.8426, 160, 160, 160
L -2680.4131, -1011.2850, -343.8426,  -2680.1519, -1032.3770, -343.8426, 160, 160, 160
L -2680.1519, -1032.3770, -343.8426,  -2740.1470, -1033.1133, -343.8426, 160, 160, 160
L -2740.1470, -1033.1133, -343.8426,  -2739.9031, -1052.9878, -343.8426, 160, 160, 160
L -2739.9031, -1052.9878, -343.8426,  -2765.6167, -1063.7039, -343.8426, 160, 160, 160
L -2765.6167, -1063.7039, -343.8426,  -2769.4639, -1093.4773, -343.8426, 160, 160, 160
L -2768.6851, -1088.2101, -343.8426,  -2763.9827, -1083.2426, -343.8426, 160, 160, 160
L -2763.9827, -1083.2426, -343.8426,  -2753.4778, -1083.6211, -343.8426, 160, 160, 160
L -2753.4778, -1083.6211, -343.8426,  -2753.5806, -1086.4208, -343.8426, 160, 160, 160
L -2753.5806, -1086.4208, -343.8426,  -2763.7698, -1086.1614, -343.8426, 160, 160, 160
L -2763.7698, -1086.1614, -343.8426,  -2769.3694, -1092.8384, -343.8426, 160, 160, 160
L -2769.3694, -1092.8384, -343.8426,  -2769.4075, -1093.9568, -343.8426, 160, 160, 160
L -2769.8069, -1093.4821, -343.8426,  -2769.9856, -1093.4839, -343.8426, 160, 160, 160
L -2769.9856, -1093.4839, -343.8426,  -2800.3699, -1124.9855, -343.8426, 160, 160, 160
L -2800.3699, -1124.9855, -343.8426,  -2801.3726, -1124.9253, -343.8426, 160, 160, 160
L -2801.3726, -1124.9253, -343.8426,  -2802.5757, -1143.5442, -343.8426, 160, 160, 160
L -2802.5757, -1143.5442, -343.8426,  -2806.3760, -1143.3853, -343.8423, 160, 160, 160
L -2806.3760, -1143.3853, -343.8426,  -2805.6895, -1124.7415, -343.8426, 160, 160, 160
L -2805.6895, -1124.7415, -343.8426,  -2830.5176, -1123.6774, -343.8426, 160, 160, 160
L -2828.6404, -1125.5547, -343.8426,  -2828.4800, -1146.4778, -343.8426, 160, 160, 160
L -2828.4800, -1146.4778, -343.8426,  -2831.3733, -1146.4778, -343.8426, 160, 160, 160
L -2831.3733, -1146.4778, -343.8426,  -2831.2698, -1127.1548, -343.8426, 160, 160, 160
L -2834.9456, -1123.4889, -343.8426,  -2858.7356, -1122.4695, -343.8426, 160, 160, 160
L -2858.7356, -1122.4695, -343.8426,  -2859.4163, -1140.9546, -343.8426, 160, 160, 160
L -2859.4163, -1140.9546, -343.8426,  -2861.9224, -1140.8622, -343.8423, 160, 160, 160
L -2861.9224, -1140.8622, -343.8426,  -2861.1580, -1120.1200, -343.8426, 160, 160, 160
L -2861.1580, -1120.1200, -343.8426,  -2837.4441, -1120.9937, -343.8426, 160, 160, 160
L -2831.2698, -1127.1548, -343.8426,  -2850.9910, -1107.4762, -343.8426, 160, 160, 160
L -2850.9910, -1107.4762, -343.8426,  -2850.9910, -1089.3051, -343.8426, 160, 160, 160
L -2850.9910, -1089.3051, -343.8426,  -2858.8877, -1089.3047, -343.8426, 160, 160, 160
L -2858.8877, -1089.3047, -343.8423,  -2858.8877, -1086.2581, -343.8423, 160, 160, 160
L -2858.8877, -1086.2581, -343.8426,  -2848.4043, -1086.2581, -343.8426, 160, 160, 160
L -2848.4043, -1086.2581, -343.8426,  -2848.4048, -1105.7898, -343.8426, 160, 160, 160
L -2848.4048, -1105.7898, -343.8426,  -2828.6404, -1125.5547, -343.8426, 160, 160, 160
L -2833.3921, -1121.1559, -343.8426,  -2800.9939, -1122.3362, -343.8426, 160, 160, 160
L -2800.9939, -1122.3362, -343.8426,  -2773.7222, -1093.5298, -343.8426, 160, 160, 160
L -2769.4639, -1093.4773, -343.8426,  -2790.1631, -1093.7317, -343.8426, 160, 160, 160
L -2790.1631, -1093.7317, -343.8426,  -2790.2063, -1090.2240, -343.8426, 160, 160, 160
L -2790.2063, -1090.2240, -343.8426,  -2772.5894, -1090.8101, -343.8426, 160, 160, 160
L -2772.5894, -1090.8101, -343.8426,  -2768.2725, -1061.9744, -343.8426, 160, 160, 160
L -2767.4617, -1060.9828, -343.8426,  -2744.3372, -1050.9380, -343.8426, 160, 160, 160
L -2744.3372, -1050.9380, -343.8426,  -2744.1121, -1030.1852, -343.8426, 160, 160, 160
L -2744.1121, -1030.1852, -343.8426,  -2683.6934, -1029.4435, -343.8426, 160, 160, 160
L -2683.6934, -1029.4435, -343.8426,  -2683.9219, -1011.7159, -343.8426, 160, 160, 160
L -2839.3938, -979.8083, -343.5926,  -2857.9329, -979.5818, -343.5899, 160, 160, 160
L -2857.9329, -979.5818, -343.5822,  -2858.1797, -999.7437, -343.5790, 160, 160, 160
L -2858.1797, -999.7437, -343.5894,  -2839.6414, -999.9723, -343.5924, 160, 160, 160
L -2839.6414, -999.9723, -343.5926,  -2839.3938, -979.8083, -343.5926, 160, 160, 160
L -2858.6648, -1039.1764, -343.5937,  -2840.1221, -1039.4052, -343.5896, 160, 160, 160
L -2840.1221, -1039.4052, -343.5937,  -2840.3772, -1059.5652, -343.5658, 160, 160, 160
L -2840.3772, -1059.5652, -343.5856,  -2858.9192, -1059.3379, -343.5858, 160, 160, 160
L -2858.9192, -1059.3379, -343.5937,  -2858.6648, -1039.1764, -343.5821, 160, 160, 160
L -2878.1377, -1086.2581, -343.8426,  -2878.1377, -1089.3051, -343.8426, 160, 160, 160
L -2878.1377, -1089.3051, -343.8426,  -2886.2483, -1089.3051, -343.8426, 160, 160, 160
L -2886.2483, -1089.3051, -343.8426,  -2886.1917, -1143.5536, -343.8426, 160, 160, 160
L -2888.6858, -1143.1940, -343.8426,  -2886.1917, -1143.5536, -343.8426, 160, 160, 160
L -2888.6858, -1143.1940, -343.8426,  -2888.6863, -1086.2581, -343.8426, 160, 160, 160
L -2888.6863, -1086.2581, -343.8426,  -2878.1377, -1086.2581, -343.8426, 160, 160, 160
L -2886.1470, -1184.3440, -343.8426,  -2886.1006, -1223.2581, -343.8426, 160, 160, 160
L -2886.1006, -1223.2581, -343.8426,  -2878.1377, -1223.2581, -343.8426, 160, 160, 160
L -2878.1377, -1223.2581, -343.8426,  -2878.1377, -1226.3051, -343.8426, 160, 160, 160
L -2878.1377, -1226.3051, -343.8426,  -2888.6858, -1226.3051, -343.8426, 160, 160, 160
L -2888.6858, -1226.3051, -343.8426,  -2888.6863, -1184.2190, -343.8426, 160, 160, 160
L -2888.6863, -1184.5907, -343.8426,  -2886.1470, -1184.3440, -343.8426, 160, 160, 160
L -2858.8877, -1226.3047, -343.8426,  -2858.8877, -1223.2577, -343.8423, 160, 160, 160
L -2858.8877, -1223.2577, -343.8426,  -2850.2642, -1223.2581, -343.8426, 160, 160, 160
L -2850.2642, -1223.2581, -343.8426,  -2850.2642, -1206.4755, -343.8426, 160, 160, 160
L -2850.2642, -1206.4755, -343.8426,  -2831.6851, -1185.4740, -343.8426, 160, 160, 160
L -2831.6851, -1185.4740, -343.8426,  -2831.6570, -1181.9977, -343.8426, 160, 160, 160
L -2831.6570, -1181.9977, -343.8426,  -2863.3943, -1180.8296, -343.8426, 160, 160, 160
L -2863.3943, -1180.8296, -343.8426,  -2862.6321, -1160.9939, -343.8426, 160, 160, 160
L -2862.6321, -1160.9939, -343.8426,  -2860.1248, -1160.1919, -343.8426, 160, 160, 160
L -2860.1248, -1160.1919, -343.8426,  -2860.7742, -1177.8278, -343.8426, 160, 160, 160
L -2860.7742, -1177.8278, -343.8426,  -2831.6309, -1178.7262, -343.8426, 160, 160, 160
L -2831.6309, -1178.7262, -343.8426,  -2831.5269, -1165.7278, -343.8426, 160, 160, 160
L -2831.5269, -1165.7278, -343.8426,  -2828.3296, -1165.7278, -343.8426, 160, 160, 160
L -2828.3296, -1165.7278, -343.8426,  -2828.2310, -1178.8313, -343.8426, 160, 160, 160
L -2828.2310, -1178.8313, -343.8426,  -2807.7051, -1179.4646, -343.8426, 160, 160, 160
L -2807.7051, -1179.4646, -343.8426,  -2807.8501, -1162.6222, -343.8426, 160, 160, 160
L -2807.8501, -1162.6222, -343.8426,  -2802.7671, -1162.7813, -343.8426, 160, 160, 160
L -2802.7671, -1162.7813, -343.8426,  -2803.3860, -1179.5984, -343.8426, 160, 160, 160
L -2803.3860, -1179.5984, -343.8426,  -2802.1868, -1179.6410, -343.8426, 160, 160, 160
L -2802.1868, -1179.6410, -343.8426,  -2768.2764, -1219.6470, -343.8426, 160, 160, 160
L -2768.2764, -1219.6470, -343.8426,  -2758.5044, -1220.9397, -343.8426, 160, 160, 160
L -2758.5044, -1220.9397, -343.8426,  -2758.6382, -1223.7216, -343.8426, 160, 160, 160
L -2758.6382, -1223.7216, -343.8426,  -2769.1150, -1223.3439, -343.8426, 160, 160, 160
L -2769.1150, -1223.3439, -343.8426,  -2803.2256, -1183.4529, -343.8426, 160, 160, 160
L -2803.2256, -1183.4529, -343.8426,  -2828.2068, -1182.1238, -343.8426, 160, 160, 160
L -2828.2068, -1182.1238, -343.8426,  -2828.1775, -1186.5259, -343.8426, 160, 160, 160
L -2828.1775, -1186.5259, -343.8426,  -2847.4827, -1207.1266, -343.8426, 160, 160, 160
L -2847.4827, -1207.1266, -343.8426,  -2847.4827, -1226.3051, -343.8426, 160, 160, 160
L -2847.4827, -1226.3051, -343.8426,  -2858.8877, -1226.3047, -343.8426, 160, 160, 160
L -2739.4009, -1224.4303, -343.8426,  -2739.2742, -1220.9839, -343.8426, 160, 160, 160
L -2739.2742, -1220.9839, -343.8426,  -2729.9131, -1221.4091, -343.8426, 160, 160, 160
L -2729.9131, -1221.4091, -343.8426,  -2692.7542, -1184.1896, -343.8426, 160, 160, 160
L -2692.7542, -1184.1896, -343.8426,  -2692.9849, -1166.3678, -343.8426, 160, 160, 160
L -2692.9849, -1166.3678, -343.8426,  -2687.7725, -1166.5271, -343.8426, 160, 160, 160
L -2687.7725, -1166.5271, -343.8426,  -2688.4087, -1183.8030, -343.8426, 160, 160, 160
L -2688.4087, -1183.8030, -343.8426,  -2634.5579, -1185.4529, -343.8426, 160, 160, 160
L -2634.5579, -1185.4529, -343.8426,  -2633.9341, -1168.5219, -343.8426, 160, 160, 160
L -2633.9341, -1168.5219, -343.8426,  -2630.9600, -1168.6349, -343.8426, 160, 160, 160
L -2630.9600, -1168.6349, -343.8426,  -2631.7227, -1189.3622, -343.8426, 160, 160, 160
L -2631.7227, -1189.3622, -343.8426,  -2691.8899, -1187.1458, -343.8426, 160, 160, 160
L -2691.8899, -1187.1458, -343.8426,  -2728.1924, -1224.8429, -343.8426, 160, 160, 160
L -2728.1924, -1224.8429, -343.8426,  -2739.4009, -1224.4303, -343.8426, 160, 160, 160
L -2687.6348, -1147.2903, -343.8426,  -2691.3887, -1147.1310, -343.8426, 160, 160, 160
L -2691.3887, -1147.1310, -343.8426,  -2690.7354, -1129.3804, -343.8426, 160, 160, 160
L -2690.7354, -1129.3804, -343.8426,  -2691.1370, -1129.3633, -343.8426, 160, 160, 160
L -2691.8831, -1128.6548, -343.8426,  -2724.1978, -1087.3053, -343.8426, 160, 160, 160
L -2724.1978, -1087.3053, -343.8426,  -2734.3372, -1086.9484, -343.8426, 160, 160, 160
L -2734.3372, -1086.9484, -343.8426,  -2734.2410, -1084.3301, -343.8426, 160, 160, 160
L -2734.2410, -1084.3301, -343.8426,  -2723.1387, -1084.7234, -343.8424, 160, 160, 160
L -2723.1387, -1084.7234, -343.8424,  -2720.4390, -1087.8029, -343.8426, 160, 160, 160
L -2720.4390, -1087.8029, -343.8426,  -2689.6792, -1126.4539, -343.8424, 160, 160, 160
L -2689.6792, -1126.4539, -343.8424,  -2629.4871, -1128.6525, -343.8426, 160, 160, 160
L -2629.4871, -1128.6525, -343.8426,  -2630.2510, -1149.3954, -343.8426, 160, 160, 160
L -2630.2510, -1149.3954, -343.8426,  -2633.2183, -1149.2863, -343.8421, 160, 160, 160
L -2633.2183, -1149.2863, -343.8426,  -2632.5684, -1131.8600, -343.8426, 160, 160, 160
L -2632.5684, -1131.8600, -343.8426,  -2686.4109, -1129.5641, -343.8426, 160, 160, 160
L -2686.4109, -1129.5641, -343.8426,  -2687.6348, -1147.2903, -343.8426, 160, 160, 160
L -2636.9146, -1123.8805, -343.5806,  -2656.9402, -1121.6537, -343.5584, 160, 160, 160
L -2656.9402, -1121.6537, -343.5652,  -2654.8975, -1103.2476, -343.5597, 160, 160, 160
L -2654.8975, -1103.2476, -343.5246,  -2634.8809, -1105.4596, -343.5462, 160, 160, 160
L -2634.8809, -1105.4596, -343.5240,  -2636.9146, -1123.8805, -343.5448, 160, 160, 160
L -2719.5850, -1232.3600, -343.5937,  -2699.4861, -1231.1565, -343.5102, 160, 160, 160
L -2628.9839, -1226.7023, -343.5633,  -2608.9009, -1225.4690, -343.5620, 160, 160, 160
L -2608.9009, -1225.4690, -343.5020,  -2607.7505, -1243.9495, -343.5385, 160, 160, 160
L -2607.7505, -1243.9495, -343.5067,  -2627.8484, -1245.2007, -343.5514, 160, 160, 160
L -2627.8484, -1245.2007, -343.5253,  -2628.9839, -1226.7023, -343.5233, 160, 160, 160
L -2698.3589, -1249.5291, -343.5446,  -2718.4473, -1250.7616, -343.5409, 160, 160, 160
L -2718.4473, -1250.7616, -343.5043,  -2719.5850, -1232.3600, -343.5197, 160, 160, 160
L -2699.4861, -1231.1565, -343.5375,  -2698.3589, -1249.5291, -343.5335, 160, 160, 160
L -2821.4314, -1257.1398, -343.5937,  -2841.5298, -1258.3169, -343.5756, 160, 160, 160
L -2841.5298, -1258.3169, -343.5230,  -2842.6714, -1239.8368, -343.5362, 160, 160, 160
L -2842.6714, -1239.8368, -343.5296,  -2822.5757, -1238.6028, -343.5269, 160, 160, 160
L -2822.5757, -1238.6028, -343.5239,  -2821.4314, -1257.1398, -343.5360, 160, 160, 160
L -2939.6709, -1185.2029, -343.5625,  -2959.8047, -1185.2035, -343.5638, 160, 160, 160
L -2959.8047, -1185.2035, -343.5319,  -2959.8123, -1166.6764, -343.5516, 160, 160, 160
L -2959.8123, -1166.6764, -343.5600,  -2939.6536, -1166.6757, -343.5622, 160, 160, 160
L -2939.6536, -1166.6757, -343.5912,  -2939.6709, -1185.2029, -343.5346, 160, 160, 160
P -4648.0000, 1223.0000, 0.0000, 255, 255, 255, 1, Succor
P -5212.6812, 1918.2660, -9.6240, 204, 0, 204, 3, to_Field_of_Bone
P -1510.3761, 3382.8428, -344.4676, 204, 0, 204, 3, to_Trakanon's_Teeth
P 1912.2233, -301.1009, -334.9676, 204, 0, 204, 3, to_The_City_of_Mist
P 80, 1519, 0, 255, 255, 0, 2, Disease-Ridden_Gorilla
P -4049, 681, 0, 255, 128, 0, 2, Lativ
P -4214, -240, 0, 255, 128, 0, 2, Scout_Vyrak
P -3999, -2902, 0, 255, 255, 0, 2, Several_large
P -2377, -3398, 0, 255, 0, 0, 2, Severilous
P -283, -1235, 0, 255, 128, 0, 2, Spirit_Sentinel
P 640, -3680, 0, 255, 128, 0, 2, Spirit_Sentinel
P -2787, -1901, 0, 255, 255, 0, 2, engorged_soulsipper
P -2881, -1474, 0, 255, 255, 0, 2, greater_charbone
P -2836, -3930, 0, 255, 255, 0, 2, spurbone_skeleton
P -2959, -1952, 0, 255, 255, 0, 2, tainted_gorilla
P -1074, 3469, 0, 0, 200, 255, 1, Spiken's_Maps_-_github.com/spik3n/EQL_Map_pack
