L 31.0300, 670.4400, -2.0300, 21.5900, 661.4700, -2.0300, 0, 0, 0
L 89.3800, 608.9400, -2.0300, 31.0300, 670.4400, -2.0300, 0, 0, 0
L -40.9400, 602.1600, -2.0300, 21.5900, 661.4700, -2.0300, 0, 0, 0
L -1052.3400, 562.9400, -2.0300, -1050.9400, 561.5900, -2.0300, 0, 0, 0
L 39.5000, 561.5900, -2.0300, 89.3800, 608.9400, -2.0300, 0, 0, 0
L 39.5000, 561.5900, -2.0300, 21.5900, 544.6200, -2.0300, 0, 0, 0
L -2.4700, 561.5900, -2.0300, -40.9400, 602.1600, -2.0300, 0, 0, 0
L -1053.5900, 561.5900, -2.0300, -1052.3400, 562.9400, -2.0300, 0, 0, 0
L -1053.5900, 561.5900, -2.0300, -1109.5300, 501.7200, -2.0300, 0, 0, 0
L 21.5900, 544.6200, -2.0300, 17.4100, 540.6600, -2.0300, 0, 0, 0
L 17.4100, 540.6600, -2.0300, -2.4700, 561.5900, -2.0300, 0, 0, 0
L -496.2500, 503.4700, -2.0300, -411.5000, 503.4100, -2.0300, 0, 0, 0
L -411.5000, 503.4100, -2.0300, -411.5600, 404.2200, -2.0300, 0, 0, 0
L -1110.2200, 501, -2.0300, -1109.5300, 501.7200, -2.0300, 0, 0, 0
L -1109.5300, 500.3400, -2.0300, -1110.2200, 501, -2.0300, 0, 0, 0
L -1109.5300, 500.3400, -2.0300, -1037.7200, 433.2500, -2.0300, 0, 0, 0
L -979.8400, 495.1900, -2.0300, -1050.9400, 561.5900, -2.0300, 0, 0, 0
L -1037.7200, 433.2500, -2.0300, -979.8400, 495.1900, -2.0300, 0, 0, 0
L -496.3100, 404.2500, -2.0300, -496.2500, 503.4700, -2.0300, 0, 0, 0
L -411.5600, 404.2200, -2.0300, -496.3100, 404.2500, -2.0300, 0, 0, 0
L -826.7500, 231.0900, -2.0300, -867.5000, 250.5900, -2.0300, 0, 0, 0
L -778, 207.7800, -2.0300, -826.7500, 231.0900, -2.0300, 0, 0, 0
L -904.0600, 174.1200, -2.0300, -867.5000, 250.5900, -2.0300, 0, 0, 0
L -826.7500, 137.1200, -2.0300, -814.5600, 131.3100, -2.0300, 0, 0, 0
L -826.7500, 137.1200, -2.0300, -904.0600, 174.1200, -2.0300, 0, 0, 0
L -814.5600, 131.3100, -2.0300, -778, 207.7800, -2.0300, 0, 0, 0
L 16.6200, 67.0300, -2.0300, 16.6600, 11.5900, -2.0300, 0, 0, 0
L -82.5900, 67, -2.0300, 16.6200, 67.0300, -2.0300, 0, 0, 0
L -82.5600, 11.5900, -2.0300, -82.5900, 67, -2.0300, 0, 0, 0
L -82.5600, 11.5900, -2.0300, -82.5600, -17.7500, -2.0300, 0, 0, 0
L 16.6600, -17.7200, -2.0300, 16.6600, 11.5900, -2.0300, 0, 0, 0
L -82.5600, -17.7500, -2.0300, 16.6600, -17.7200, -2.0300, 0, 0, 0
L -821.0900, -83.3400, -2.0300, -775.6600, -154.9100, -2.0300, 0, 0, 0
L -826.7500, -86.9400, -2.0300, -821.0900, -83.3400, -2.0300, 0, 0, 0
L -904.8400, -136.5300, -2.0300, -826.7500, -86.9400, -2.0300, 0, 0, 0
L -775.6600, -154.9100, -2.0300, -826.7500, -187.3400, -2.0300, 0, 0, 0
L -826.7500, -187.3400, -2.0300, -859.4100, -208.0900, -2.0300, 0, 0, 0
L -859.4100, -208.0900, -2.0300, -904.8400, -136.5300, -2.0300, 0, 0, 0
L -488.4100, -332.4400, -2.0300, -403.6600, -333.0600, -2.0300, 0, 0, 0
L -403.6600, -333.0600, -2.0300, -404.4100, -432.2800, -2.0300, 0, 0, 0
L -489.1600, -431.6200, -2.0300, -488.4100, -332.4400, -2.0300, 0, 0, 0
L -404.4100, -432.2800, -2.0300, -489.1600, -431.6200, -2.0300, 0, 0, 0
L -997.3800, -446.0600, -2.0300, -1064.2800, -519.3100, -2.0300, 0, 0, 0
L -934.7800, -503.2200, -2.0300, -997.3800, -446.0600, -2.0300, 0, 0, 0
L -1064.2800, -519.3100, -2.0300, -1043.4100, -538.4100, -2.0300, 0, 0, 0
L 19.7200, -529.6200, -2.0300, 10, -538.4100, -2.0300, 0, 0, 0
L 21.5900, -531.7200, -2.0300, 27.6200, -538.4100, -2.0300, 0, 0, 0
L 21.5900, -531.7200, -2.0300, 19.7200, -529.6200, -2.0300, 0, 0, 0
L 27.6200, -538.4100, -2.0300, 86.1600, -603.3100, -2.0300, 0, 0, 0
L -966.9100, -538.4100, -2.0300, -934.7800, -503.2200, -2.0300, 0, 0, 0
L -1001.7200, -576.4700, -2.0300, -966.9100, -538.4100, -2.0300, 0, 0, 0
L -1001.7200, -576.4700, -2.0300, -1043.4100, -538.4100, -2.0300, 0, 0, 0
L -43.2500, -586.3800, -2.0300, 10, -538.4100, -2.0300, 0, 0, 0
L 21.5900, -658.2800, -2.0300, 23.1900, -660.0600, -2.0300, 0, 0, 0
L 21.5900, -658.2800, -2.0300, -43.2500, -586.3800, -2.0300, 0, 0, 0
L 23.1900, -660.0600, -2.0300, 86.1600, -603.3100, -2.0300, 0, 0, 0
L -980.2200, -16.7200, -1.2200, -955.3100, -120.4700, -0.3400, 0, 0, 0
L -968.4100, 83.3800, -1.1200, -958.3100, 83.3800, -1.1200, 0, 0, 0
L -977.5900, 83.3800, -1.1200, -968.4100, 83.3800, -1.1200, 0, 0, 0
L -960.3100, 6.8800, -1.1200, -968.4100, 6.8800, -1.1200, 0, 0, 0
L -977.9700, 6.8800, -1.1200, -979.5900, 6.8800, -1.1200, 0, 0, 0
L -977.9700, 6.8800, -1.1200, -968.4100, 6.8800, -1.1200, 0, 0, 0
L -968.4100, 146.7800, -0.9700, -976.6600, 118.9100, -1.2200, 0, 0, 0
L -968.4100, 146.7800, -0.9700, -938.1200, 248.9700, -0.0900, 0, 0, 0
L -335.9100, 165.9700, -0.9400, -543.9700, 165.9700, -0.9400, 0, 0, 0
L -543.9700, 165.9700, -0.9400, -586.4100, 165.9700, -0.9400, 0, 0, 0
L -335.9100, 11.5900, -0.9400, -335.9100, 165.9700, -0.9400, 0, 0, 0
L -335.9100, 11.5900, -0.9400, -335.9100, -84.5300, -0.9400, 0, 0, 0
L -586.4100, 11.5900, -0.9400, -586.4100, 165.9700, -0.9400, 0, 0, 0
L -335.9100, -84.5300, -0.9400, -543.9700, -84.5300, -0.9400, 0, 0, 0
L -543.9700, -84.5300, -0.9400, -586.4100, -84.5300, -0.9400, 0, 0, 0
L -586.4100, -84.5300, -0.9400, -586.4100, 11.5900, -0.9400, 0, 0, 0
L -955.3100, -120.4700, -0.3400, -948.5600, -148.6200, -0.0900, 0, 0, 0
L -331.0600, 884.7800, -0.0900, -543.9700, 884.7500, -0.0900, 0, 0, 0
L -561.4400, 884.7500, -0.0900, -543.9700, 884.7500, -0.0900, 0, 0, 0
L -261.1900, 866.0300, -0.0900, -331.0600, 884.7800, -0.0900, 0, 0, 0
L -335.3400, 852.2500, -0.0900, -276.9400, 836.5900, -0.0900, 0, 0, 0
L -543.9700, 852.2500, -0.0900, -335.3400, 852.2500, -0.0900, 0, 0, 0
L -543.9700, 852.2500, -0.0900, -557.1600, 852.2500, -0.0900, 0, 0, 0
L -151.3100, 836.5900, -0.0900, -261.1900, 866.0300, -0.0900, 0, 0, 0
L -615.5300, 836.5900, -0.0900, -557.1600, 852.2500, -0.0900, 0, 0, 0
L -741.1200, 836.5900, -0.0900, -561.4400, 884.7500, -0.0900, 0, 0, 0
L -261.1900, 832.3800, -0.0900, -121.0900, 794.8400, -0.0900, 0, 0, 0
L -261.1900, 832.3800, -0.0900, -276.9400, 836.5900, -0.0900, 0, 0, 0
L -108.5600, 825.1600, -0.0900, -151.3100, 836.5900, -0.0900, 0, 0, 0
L -783.9400, 825.1200, -0.0900, -741.1200, 836.5900, -0.0900, 0, 0, 0
L -783.9400, 825.1200, -0.0900, -826.7500, 800.4100, -0.0900, 0, 0, 0
L -771.3800, 794.8400, -0.0900, -826.7500, 762.8800, -0.0900, 0, 0, 0
L -771.3800, 794.8400, -0.0900, -615.5300, 836.5900, -0.0900, 0, 0, 0
L 21.5900, 750.0300, -0.0900, 90.9400, 709.9700, -0.0900, 0, 0, 0
L 21.5900, 750.0300, -0.0900, -108.5600, 825.1600, -0.0900, 0, 0, 0
L 21.5900, 712.4700, -0.0900, 71, 683.9700, -0.0900, 0, 0, 0
L 21.5900, 712.4700, -0.0900, -121.0900, 794.8400, -0.0900, 0, 0, 0
L -983.4400, 709.9400, -0.0900, -826.7500, 800.4100, -0.0900, 0, 0, 0
L -983.4400, 709.9400, -0.0900, -1109.5300, 583.8400, -0.0900, 0, 0, 0
L 71, 683.9700, -0.0900, 193.3400, 561.5900, -0.0900, 0, 0, 0
L -963.4700, 683.9400, -0.0900, -826.7500, 762.8800, -0.0900, 0, 0, 0
L -1109.5300, 583.8400, -0.0900, -1131.7800, 561.5900, -0.0900, 0, 0, 0
L 239.3100, 561.5900, -0.0900, 90.9400, 709.9700, -0.0900, 0, 0, 0
L -1085.7800, 561.5900, -0.0900, -963.4700, 683.9400, -0.0900, 0, 0, 0
L -1085.7800, 561.5900, -0.0900, -1109.5300, 537.8800, -0.0900, 0, 0, 0
L -517.6900, 554.4400, -0.0900, -491.5900, 553.7500, -0.0900, 0, 0, 0
L -517.6900, 554.4400, -0.0900, -543.9700, 548.1200, -0.0900, 0, 0, 0
L -491.5900, 553.7500, -0.0900, -382.0900, 550.8800, -0.0900, 0, 0, 0
L -382.0900, 550.8800, -0.0900, -357.8400, 543.7200, -0.0900, 0, 0, 0
L -543.9700, 548.1200, -0.0900, -623.4100, 529.0600, -0.0900, 0, 0, 0
L 253.8400, 547.0900, -0.0900, 239.3100, 561.5900, -0.0900, 0, 0, 0
L -1146.3100, 547.0600, -0.0900, -1131.7800, 561.5900, -0.0900, 0, 0, 0
L -515.6600, 535.0900, -0.0900, -543.9700, 528.3100, -0.0900, 0, 0, 0
L -385.1200, 531.6900, -0.0900, -261.1900, 494.9700, -0.0900, 0, 0, 0
L -385.1200, 531.6900, -0.0900, -515.6600, 535.0900, -0.0900, 0, 0, 0
L -543.9700, 528.3100, -0.0900, -642.6600, 504.6200, -0.0900, 0, 0, 0
L 227.8100, 527.1200, -0.0900, 193.3400, 561.5900, -0.0900, 0, 0, 0
L -1120.3100, 527.0900, -0.0900, -1231.1900, 335, -0.0900, 0, 0, 0
L -1120.3100, 527.0900, -0.0900, -1109.5300, 537.8800, -0.0900, 0, 0, 0
L -649.6200, 522.7800, -0.0900, -623.4100, 529.0600, -0.0900, 0, 0, 0
L -649.6200, 522.7800, -0.0900, -744.5000, 471.2500, -0.0900, 0, 0, 0
L -261.1900, 515.0600, -0.0900, -252, 512.3400, -0.0900, 0, 0, 0
L -261.1900, 515.0600, -0.0900, -357.8400, 543.7200, -0.0900, 0, 0, 0
L -642.6600, 504.6200, -0.0900, -757.4100, 442.3100, -0.0900, 0, 0, 0
L -261.1900, 494.9700, -0.0900, -259.9100, 494.5900, -0.0900, 0, 0, 0
L 304.3800, 459.5600, -0.0900, 253.8400, 547.0900, -0.0900, 0, 0, 0
L -768.8400, 458.0300, -0.0900, -744.5000, 471.2500, -0.0900, 0, 0, 0
L -768.8400, 458.0300, -0.0900, -826.7500, 403.0900, -0.0900, 0, 0, 0
L -757.4100, 442.3100, -0.0900, -826.7500, 376.5000, -0.0900, 0, 0, 0
L -136.3400, 441.4700, -0.0900, -252, 512.3400, -0.0900, 0, 0, 0
L -136.3400, 441.4700, -0.0900, -119.9700, 424.2200, -0.0900, 0, 0, 0
L -148.5600, 426.3400, -0.0900, -259.9100, 494.5900, -0.0900, 0, 0, 0
L -148.5600, 426.3400, -0.0900, -58.6900, 331.6200, -0.0900, 0, 0, 0
L -826.7500, 403.0900, -0.0900, -846.6900, 384.1600, -0.0900, 0, 0, 0
L 304.3800, 394.5600, -0.0900, 338.7200, 335.0300, -0.0900, 0, 0, 0
L 304.3800, 394.5600, -0.0900, 227.8100, 527.1200, -0.0900, 0, 0, 0
L -846.6900, 384.1600, -0.0900, -867.2500, 364.6600, -0.0900, 0, 0, 0
L -826.7500, 376.5000, -0.0900, -852.1200, 352.4100, -0.0900, 0, 0, 0
L -867.2500, 364.6600, -0.0900, -915.0600, 286.5900, -0.0900, 0, 0, 0
L -852.1200, 352.4100, -0.0900, -892.4700, 286.5900, -0.0900, 0, 0, 0
L 369.0300, 347.5900, -0.0900, 304.3800, 459.5600, -0.0900, 0, 0, 0
L -1261.5000, 347.5600, -0.0900, -1146.3100, 547.0600, -0.0900, 0, 0, 0
L -42.9400, 343.0600, -0.0900, -119.9700, 424.2200, -0.0900, 0, 0, 0
L -42.9400, 343.0600, -0.0900, -31.8800, 322.6600, -0.0900, 0, 0, 0
L -1231.1900, 335, -0.0900, -1244.1600, 286.5900, -0.0900, 0, 0, 0
L -58.6900, 331.6200, -0.0900, -34.2200, 286.5900, -0.0900, 0, 0, 0
L 385.3800, 286.5900, -0.0900, 369.0300, 347.5900, -0.0900, 0, 0, 0
L 351.7200, 286.5900, -0.0900, 338.7200, 335.0300, -0.0900, 0, 0, 0
L 351.7200, 286.5900, -0.0900, 396.1600, 120.8100, -0.0900, 0, 0, 0
L -12.2800, 286.5900, -0.0900, -31.8800, 322.6600, -0.0900, 0, 0, 0
L -34.2200, 286.5900, -0.0900, 3.6200, 216.8800, -0.0900, 0, 0, 0
L -892.4700, 286.5900, -0.0900, -920.3800, 241.0600, -0.0900, 0, 0, 0
L -1277.8400, 286.5900, -0.0900, -1261.5000, 347.5600, -0.0900, 0, 0, 0
L -923.0900, 273.5600, -0.0900, -915.0600, 286.5900, -0.0900, 0, 0, 0
L -938.1200, 248.9700, -0.0900, -923.0900, 273.5600, -0.0900, 0, 0, 0
L -920.3800, 241.0600, -0.0900, -957.4700, 115.8400, -1.2200, 0, 0, 0
L 21.5900, 224.1900, -0.0900, -12.2800, 286.5900, -0.0900, 0, 0, 0
L 21.7800, 223.8400, -0.0900, 21.5900, 224.1900, -0.0900, 0, 0, 0
L 21.5900, 142.0600, -0.0900, 3.6200, 216.8800, -0.0900, 0, 0, 0
L 428.6600, 125.0900, -0.0900, 385.3800, 286.5900, -0.0900, 0, 0, 0
L -1321.1200, 125.0300, -0.0900, -1321.1200, 11.5900, -0.0900, 0, 0, 0
L -1321.1200, 125.0300, -0.0900, -1277.8400, 286.5900, -0.0900, 0, 0, 0
L -1288.5900, 120.7500, -0.0900, -1244.1600, 286.5900, -0.0900, 0, 0, 0
L 53.4700, 91.9100, -0.0900, 21.7800, 223.8400, -0.0900, 0, 0, 0
L 53.4700, 91.9100, -0.0900, 52.8800, 69.2500, -0.0900, 0, 0, 0
L 34.1200, 89.8800, -0.0900, 21.5900, 142.0600, -0.0900, 0, 0, 0
L 51.3400, 11.5900, -0.0900, 52.8800, 69.2500, -0.0900, 0, 0, 0
L 32.0600, 11.5900, -0.0900, 34.1200, 89.8800, -0.0900, 0, 0, 0
L -1288.5900, 11.5900, -0.0900, -1288.5900, 120.7500, -0.0900, 0, 0, 0
L 30.6900, -40.6600, -0.0900, 32.0600, 11.5900, -0.0900, 0, 0, 0
L 30.6900, -40.6600, -0.0900, 21.5900, -71.4100, -0.0900, 0, 0, 0
L 49.9100, -43.6900, -0.0900, 43.4700, -65.4700, -0.0900, 0, 0, 0
L 49.9100, -43.6900, -0.0900, 51.3400, 11.5900, -0.0900, 0, 0, 0
L 43.4700, -65.4700, -0.0900, 21.5900, -139.2800, -0.0900, 0, 0, 0
L -1288.5900, -101.0300, -0.0900, -1288.5900, 11.5900, -0.0900, 0, 0, 0
L 428.6600, -105.2800, -0.0900, 429.5000, -27.8400, 0.2500, 0, 0, 0
L -1321.1200, -105.3100, -0.0900, -1321.1200, 11.5900, -0.0900, 0, 0, 0
L -930.4100, -141.6600, -0.0900, -960.8800, -14.6900, -1.2200, 0, 0, 0
L -930.4100, -141.6600, -0.0900, -868.0900, -256.4400, -0.0900, 0, 0, 0
L -948.5600, -148.6200, -0.0900, -886.2500, -263.4100, -0.0900, 0, 0, 0
L -6.3800, -165.8800, -0.0900, 21.5900, -71.4100, -0.0900, 0, 0, 0
L 11.3800, -173.7800, -0.0900, 21.5900, -139.2800, -0.0900, 0, 0, 0
L -0.6200, -193.3800, -0.0900, 11.3800, -173.7800, -0.0900, 0, 0, 0
L -0.6200, -193.3800, -0.0900, -43.5300, -263.4100, -0.0900, 0, 0, 0
L -868.0900, -256.4400, -0.0900, -861.5000, -263.4100, -0.0900, 0, 0, 0
L 386.3100, -263.4100, -0.0900, 428.6600, -105.2800, -0.0900, 0, 0, 0
L 352.6200, -263.4100, -0.0900, 396.1600, -101, -0.0900, 0, 0, 0
L -66.1600, -263.4100, -0.0900, -6.3800, -165.8800, -0.0900, 0, 0, 0
L -861.5000, -263.4100, -0.0900, -826.7500, -300, -0.0900, 0, 0, 0
L -1245.0900, -263.4100, -0.0900, -1288.5900, -101.0300, -0.0900, 0, 0, 0
L -1278.7500, -263.4100, -0.0900, -1321.1200, -105.3100, -0.0900, 0, 0, 0
L -883.8100, -267.8800, -0.0900, -826.7500, -328, -0.0900, 0, 0, 0
L -883.8100, -267.8800, -0.0900, -886.2500, -263.4100, -0.0900, 0, 0, 0
L -74.6200, -277.2200, -0.0900, -66.1600, -263.4100, -0.0900, 0, 0, 0
L -59.5000, -289.4700, -0.0900, -43.5300, -263.4100, -0.0900, 0, 0, 0
L -826.7500, -300, -0.0900, -778.1900, -351.1600, -0.0900, 0, 0, 0
L -76.5300, -305.5900, -0.0900, -59.5000, -289.4700, -0.0900, 0, 0, 0
L 338.7500, -315.2500, -0.0900, 352.6200, -263.4100, -0.0900, 0, 0, 0
L -1231.1900, -315.2800, -0.0900, -1120.2800, -507.3800, -0.0900, 0, 0, 0
L -1231.1900, -315.2800, -0.0900, -1245.0900, -263.4100, -0.0900, 0, 0, 0
L 369.0300, -327.7800, -0.0900, 386.3100, -263.4100, -0.0900, 0, 0, 0
L -1261.5000, -327.8400, -0.0900, -1278.7500, -263.4100, -0.0900, 0, 0, 0
L -826.7500, -328, -0.0900, -809.7200, -345.9400, -0.0900, 0, 0, 0
L -809.7200, -345.9400, -0.0900, -790.4400, -366.2800, -0.0900, 0, 0, 0
L -778.1900, -351.1600, -0.0900, -666.8400, -419.4100, -0.0900, 0, 0, 0
L -169.3400, -367.0900, -0.0900, -261.1900, -416.9700, -0.0900, 0, 0, 0
L -169.3400, -367.0900, -0.0900, -74.6200, -277.2200, -0.0900, 0, 0, 0
L 304.3800, -374.7800, -0.0900, 338.7500, -315.2500, -0.0900, 0, 0, 0
L -157.9100, -382.8400, -0.0900, -179.0900, -394.3400, -0.0900, 0, 0, 0
L -157.9100, -382.8400, -0.0900, -76.5300, -305.5900, -0.0900, 0, 0, 0
L -666.8400, -419.4100, -0.0900, -543.9700, -455.7800, -0.0900, 0, 0, 0
L -698.0600, -422.8800, -0.0900, -674.7500, -437.1600, -0.0900, 0, 0, 0
L -698.0600, -422.8800, -0.0900, -790.4400, -366.2800, -0.0900, 0, 0, 0
L -284.1200, -429.4100, -0.0900, -261.1900, -416.9700, -0.0900, 0, 0, 0
L -674.7500, -437.1600, -0.0900, -544.6900, -475.6900, -0.0900, 0, 0, 0
L -261.1900, -438.9100, -0.0900, -179.0900, -394.3400, -0.0900, 0, 0, 0
L 304.3800, -439.8100, -0.0900, 369.0300, -327.7800, -0.0900, 0, 0, 0
L -277.1600, -447.5600, -0.0900, -301.3100, -453.3800, -0.0900, 0, 0, 0
L -277.1600, -447.5600, -0.0900, -261.1900, -438.9100, -0.0900, 0, 0, 0
L -541.6600, -456.4700, -0.0900, -543.9700, -455.7800, -0.0900, 0, 0, 0
L -411.0900, -459.9100, -0.0900, -541.6600, -456.4700, -0.0900, 0, 0, 0
L -411.0900, -459.9100, -0.0900, -284.1200, -429.4100, -0.0900, 0, 0, 0
L -362.9700, -468.1900, -0.0900, -301.3100, -453.3800, -0.0900, 0, 0, 0
L -544.6900, -475.6900, -0.0900, -543.9700, -475.7200, -0.0900, 0, 0, 0
L -409.0600, -479.2500, -0.0900, -543.9700, -475.7200, -0.0900, 0, 0, 0
L -409.0600, -479.2500, -0.0900, -362.9700, -468.1900, -0.0900, 0, 0, 0
L 227.8400, -507.3400, -0.0900, 196.7800, -538.4100, -0.0900, 0, 0, 0
L 227.8400, -507.3400, -0.0900, 304.3800, -374.7800, -0.0900, 0, 0, 0
L -1120.2800, -507.3800, -0.0900, -1109.5300, -518.1200, -0.0900, 0, 0, 0
L 253.8800, -527.3100, -0.0900, 242.7800, -538.4100, -0.0900, 0, 0, 0
L 253.8800, -527.3100, -0.0900, 304.3800, -439.8100, -0.0900, 0, 0, 0
L -1146.3100, -527.3400, -0.0900, -1261.5000, -327.8400, -0.0900, 0, 0, 0
L -1146.3100, -527.3400, -0.0900, -1135.2500, -538.4100, -0.0900, 0, 0, 0
L -1089.2500, -538.4100, -0.0900, -963.4400, -664.1900, -0.0900, 0, 0, 0
L -1089.2500, -538.4100, -0.0900, -1109.5300, -518.1200, -0.0900, 0, 0, 0
L -1135.2500, -538.4100, -0.0900, -1109.5300, -564.0900, -0.0900, 0, 0, 0
L -1109.5300, -564.0900, -0.0900, -983.4100, -690.2200, -0.0900, 0, 0, 0
L 71.0300, -664.1900, -0.0900, 196.7800, -538.4100, -0.0900, 0, 0, 0
L 90.9700, -690.1900, -0.0900, 21.5900, -730.2500, -0.0900, 0, 0, 0
L 90.9700, -690.1900, -0.0900, 242.7800, -538.4100, -0.0900, 0, 0, 0
L -983.4100, -690.2200, -0.0900, -826.7500, -780.6600, -0.0900, 0, 0, 0
L 21.5900, -692.7200, -0.0900, 71.0300, -664.1900, -0.0900, 0, 0, 0
L 21.5900, -692.7200, -0.0900, -121.0600, -775.0900, -0.0900, 0, 0, 0
L -826.7500, -743.1200, -0.0900, -963.4400, -664.1900, -0.0900, 0, 0, 0
L -121.0600, -775.0900, -0.0900, -261.1900, -812.6200, -0.0900, 0, 0, 0
L -771.3400, -775.0900, -0.0900, -628.4100, -813.4100, -0.0900, 0, 0, 0
L -771.3400, -775.0900, -0.0900, -826.7500, -743.1200, -0.0900, 0, 0, 0
L -108.5300, -805.3800, -0.0900, 21.5900, -730.2500, -0.0900, 0, 0, 0
L -108.5300, -805.3800, -0.0900, -138.4400, -813.4100, -0.0900, 0, 0, 0
L -783.9100, -805.4100, -0.0900, -826.7500, -780.6600, -0.0900, 0, 0, 0
L -783.9100, -805.4100, -0.0900, -754.0300, -813.4100, -0.0900, 0, 0, 0
L -264.0300, -813.4100, -0.0900, -261.1900, -812.6200, -0.0900, 0, 0, 0
L -335.3100, -832.5000, -0.0900, -264.0300, -813.4100, -0.0900, 0, 0, 0
L -543.9700, -832.5000, -0.0900, -335.3100, -832.5000, -0.0900, 0, 0, 0
L -557.1200, -832.5000, -0.0900, -543.9700, -832.5000, -0.0900, 0, 0, 0
L -557.1200, -832.5000, -0.0900, -628.4100, -813.4100, -0.0900, 0, 0, 0
L -261.1900, -846.2800, -0.0900, -138.4400, -813.4100, -0.0900, 0, 0, 0
L -261.1900, -846.2800, -0.0900, -331.0300, -865, -0.0900, 0, 0, 0
L -331.0300, -865, -0.0900, -543.9700, -865, -0.0900, 0, 0, 0
L -561.3800, -865, -0.0900, -754.0300, -813.4100, -0.0900, 0, 0, 0
L -561.3800, -865, -0.0900, -543.9700, -865, -0.0900, 0, 0, 0
L -9.3300, 165.1200, -0.0600, -9.3300, 165.5700, -0.0600, 0, 0, 0
L -9.3300, 165.1200, -0.0600, -15.0700, 165.1200, 1.0500, 0, 0, 0
L -9.3300, 159.6200, -0.0600, -9.3300, 160.0800, -0.0600, 0, 0, 0
L -9.3300, 159.6200, -0.0600, -15.0700, 159.6200, 1.0500, 0, 0, 0
L -18.6100, 166.1100, -0.0200, -19.9900, 165.6800, -0.0200, 0, 0, 0
L -19.9900, 166.1100, -0.0200, -20.9700, 165.6800, 0.9600, 0, 0, 0
L -18.6100, 159.5500, -0.0200, -19.9900, 159.1200, -0.0200, 0, 0, 0
L -19.9900, 159.5500, -0.0200, -20.9700, 159.1200, 0.9600, 0, 0, 0
L -331.0600, 884.7800, 0, -561.4200, 884.7500, 0, 0, 0, 0
L -561.4200, 884.7500, 0, -783.9400, 825.1200, 0, 0, 0, 0
L -335.3400, 852.2500, 0, -335.2900, 852.2400, 0, 0, 0, 0
L -557.1400, 852.2500, 0, -771.3800, 794.8400, 0, 0, 0, 0
L -557.1600, 852.2500, 0, -557.1400, 852.2500, 0, 0, 0, 0
L -335.2900, 852.2400, 0, -557.1400, 852.2500, 0, 0, 0, 0
L -151.3100, 836.5900, 0, -151.2800, 836.5800, 0, 0, 0, 0
L -615.5300, 836.5900, 0, -615.6700, 836.5600, 0, 0, 0, 0
L -108.5600, 825.1600, 0, -331.0600, 884.7800, 0, 0, 0, 0
L -783.9400, 825.1200, 0, -983.3000, 710.0200, 0, 0, 0, 0
L -121.0900, 794.8400, 0, -335.2900, 852.2400, 0, 0, 0, 0
L -771.3800, 794.8400, 0, -963.5700, 683.8300, 0, 0, 0, 0
L 21.5900, 750.0300, 0, 21.6500, 750, 0, 0, 0, 0
L 21.5900, 712.4700, 0, 21.4700, 712.5400, 0, 0, 0, 0
L -983.3000, 710.0200, 0, -1146.3100, 547.0600, 0, 0, 0, 0
L 90.9400, 709.9700, 0, -108.5600, 825.1600, 0, 0, 0, 0
L 71.1100, 683.8600, 0, -121.0900, 794.8400, 0, 0, 0, 0
L -963.5700, 683.8300, 0, -1120.3000, 527.1000, 0, 0, 0, 0
L 30.8700, 670.0200, 0, 88.9900, 608.8400, 0, 0, 0, 0
L 21.5900, 661.2000, 0, 30.8700, 670.0200, 0, 0, 0, 0
L 88.9900, 608.8400, 0, 17.6100, 541.2100, 0, 0, 0, 0
L -40.3700, 602.3300, 0, 21.5900, 661.2000, 0, 0, 0, 0
L -1052.2300, 562.5500, 0, -980.4100, 495.3500, 0, 0, 0, 0
L 239.3100, 561.5900, 0, 239.3300, 561.5800, 0, 0, 0, 0
L 193.3400, 561.5900, 0, 71.1100, 683.8600, 0, 0, 0, 0
L -1051.2800, 561.5500, 0, -1051.3200, 561.5900, 0, 0, 0, 0
L -517.6700, 554.4400, 0, -382.0700, 550.8700, 0, 0, 0, 0
L -382.0700, 550.8700, 0, -252.0100, 512.3500, 0, 0, 0, 0
L 253.8400, 547.0900, 0, 90.9400, 709.9700, 0, 0, 0, 0
L -1146.3100, 547.0600, 0, -1261.4000, 347.7400, 0, 0, 0, 0
L 17.6100, 541.2100, 0, -40.3700, 602.3300, 0, 0, 0, 0
L -515.5500, 535.0900, 0, -642.5800, 504.6400, 0, 0, 0, 0
L -385.0300, 531.6600, 0, -515.5500, 535.0900, 0, 0, 0, 0
L -623.4100, 529.0600, 0, -623.3400, 529.0800, 0, 0, 0, 0
L -1120.3000, 527.1000, 0, -1231.1900, 335, 0, 0, 0, 0
L -1120.3100, 527.0900, 0, -1120.4100, 526.9300, 0, 0, 0, 0
L 227.8800, 527.0100, 0, 193.3400, 561.5900, 0, 0, 0, 0
L -649.6200, 522.7800, 0, -517.6700, 554.4400, 0, 0, 0, 0
L -252, 512.3400, 0, -136.3300, 441.4600, 0, 0, 0, 0
L -642.5800, 504.6400, 0, -757.4100, 442.3100, 0, 0, 0, 0
L -496.0600, 503.1200, 0, -496.0500, 404.7800, 0, 0, 0, 0
L -411.7700, 501.7000, 0, -496.0600, 503.1200, 0, 0, 0, 0
L -1109.8400, 500.9000, 0, -1052.2300, 562.5500, 0, 0, 0, 0
L -980.4100, 495.3500, 0, -1037.9300, 433.8100, 0, 0, 0, 0
L -259.9100, 494.5900, 0, -385.0300, 531.6600, 0, 0, 0, 0
L 304.3800, 459.5600, 0, 304.3300, 459.6400, 0, 0, 0, 0
L -768.8400, 458.0300, 0, -649.6200, 522.7800, 0, 0, 0, 0
L -757.4100, 442.3100, 0, -852.1200, 352.4100, 0, 0, 0, 0
L -136.3300, 441.4600, 0, -43, 343.1300, 0, 0, 0, 0
L -1037.9300, 433.8100, 0, -1109.8400, 500.9000, 0, 0, 0, 0
L -148.5600, 426.3400, 0, -148.4900, 426.2700, 0, 0, 0, 0
L -148.4900, 426.2700, 0, -259.9100, 494.5900, 0, 0, 0, 0
L -496.0500, 404.7800, 0, -411.8300, 404.7500, 0, 0, 0, 0
L -411.8300, 404.7500, 0, -411.7700, 501.7000, 0, 0, 0, 0
L -826.7500, 376.5000, 0, -826.7700, 376.4800, 0, 0, 0, 0
L -867.2500, 364.6600, 0, -768.8400, 458.0300, 0, 0, 0, 0
L -852.1200, 352.4100, 0, -920.3500, 241.1000, 0, 0, 0, 0
L -1261.4000, 347.7400, 0, -1277.8300, 286.6500, 0, 0, 0, 0
L 368.9800, 347.6900, 0, 253.8400, 547.0900, 0, 0, 0, 0
L 369.0300, 347.5900, 0, 368.9800, 347.6900, 0, 0, 0, 0
L -43, 343.1300, 0, 21.7800, 223.8400, 0, 0, 0, 0
L 338.7200, 335.0300, 0, 227.8800, 527.0100, 0, 0, 0, 0
L -1231.1900, 335, 0, -1288.5900, 120.6600, 0, 0, 0, 0
L -58.6900, 331.6200, 0, -58.6700, 331.5900, 0, 0, 0, 0
L -58.6700, 331.5900, 0, -148.4900, 426.2700, 0, 0, 0, 0
L -1277.8300, 286.6500, 0, -1321.0900, 125.1700, 0, 0, 0, 0
L 385.3800, 286.5900, 0, 385.4100, 286.4500, 0, 0, 0, 0
L 351.7200, 286.5900, 0, 351.7100, 286.6400, 0, 0, 0, 0
L -34.2200, 286.5900, 0, -34.1900, 286.5400, 0, 0, 0, 0
L -867.2700, 250.2700, 0, -778.5900, 207.7700, 0, 0, 0, 0
L -938.1200, 248.9700, 0, -867.2500, 364.6600, 0, 0, 0, 0
L -920.3500, 241.1000, 0, -957.4700, 115.8400, 0, 0, 0, 0
L -920.3800, 241.0600, 0, -920.3500, 241.1000, 0, 0, 0, 0
L 21.7800, 223.8400, 0, 53.4400, 92.0100, 0, 0, 0, 0
L 3.6200, 216.8800, 0, 3.6400, 216.8200, 0, 0, 0, 0
L 3.6400, 216.8200, 0, -58.6700, 331.5900, 0, 0, 0, 0
L -778.5900, 207.7700, 0, -814.9300, 131.7800, 0, 0, 0, 0
L -903.6700, 174.1500, 0, -867.2700, 250.2700, 0, 0, 0, 0
L -584.0500, 163.6200, 0, -584.0500, -82.1800, 0, 0, 0, 0
L -338.2600, 163.6100, 0, -584.0500, 163.6200, 0, 0, 0, 0
L -968.4100, 146.7800, 0, -938.1200, 248.9700, 0, 0, 0, 0
L -814.9300, 131.7800, 0, -903.6700, 174.1500, 0, 0, 0, 0
L -1321.0900, 125.1700, 0, -1321.1200, -105.3100, 0, 0, 0, 0
L 428.6600, 125.0900, 0, 368.9800, 347.6900, 0, 0, 0, 0
L -1321.1200, 125.0300, 0, -1321.0900, 125.1700, 0, 0, 0, 0
L 396.1600, 120.8100, 0, 338.7200, 335.0300, 0, 0, 0, 0
L -1288.5900, 120.7500, 0, -1288.5600, 120.8900, 0, 0, 0, 0
L -1288.5900, 120.6600, 0, -1288.5900, -101.0300, 0, 0, 0, 0
L -976.6600, 118.9100, 0, -968.4100, 146.7800, 0, 0, 0, 0
L -957.4700, 115.8400, 0, -958.3000, 83.6800, 0, 0, 0, 0
L 53.4400, 92.0100, 0, 49.9100, -43.6900, 0, 0, 0, 0
L 34.1200, 89.8800, 0, 34.1200, 89.8100, 0, 0, 0, 0
L 34.1200, 89.8100, 0, 3.6400, 216.8200, 0, 0, 0, 0
L -958.3000, 83.6800, 0, -977.5900, 83.3800, 0, 0, 0, 0
L -958.3100, 83.3800, 0, -958.3000, 83.6800, 0, 0, 0, 0
L -968.4100, 83.3800, 0, -968.5800, 83.3800, 0, 0, 0, 0
L -977.5900, 83.3800, 0, -976.6600, 118.9100, 0, 0, 0, 0
L 16.2800, 66.8400, 0, 16.3100, -17.5200, 0, 0, 0, 0
L -82.0600, 66.7400, 0, 16.2800, 66.8400, 0, 0, 0, 0
L 16.2800, 65.8300, 0, 16.2800, 66.1200, 0, 0, 0, 0
L 51.3400, 11.5900, 0, 51.3400, 11.5500, 0, 0, 0, 0
L 32.0600, 11.5900, 0, 32.0600, 11.5500, 0, 0, 0, 0
L -82.0300, 11.5900, 0, -82.0600, 66.7400, 0, 0, 0, 0
L -338.2600, 11.5900, 0, -338.2600, 163.6100, 0, 0, 0, 0
L -1288.5900, 11.5900, 0, -1288.5900, 11.5000, 0, 0, 0, 0
L -960.3100, 6.8800, 0, -960.4600, 6.8800, 0, 0, 0, 0
L -960.4600, 6.8800, 0, -960.8800, -14.6900, 0, 0, 0, 0
L -979.5900, 6.8800, 0, -960.4600, 6.8800, 0, 0, 0, 0
L -960.8800, -14.6900, 0, -930.4300, -141.5600, 0, 0, 0, 0
L -980.2200, -16.7200, 0, -979.5900, 6.8800, 0, 0, 0, 0
L -82.0300, -17.4800, 0, -82.0300, 11.5900, 0, 0, 0, 0
L 16.3100, -17.5200, 0, -82.0300, -17.4800, 0, 0, 0, 0
L 30.6900, -40.6600, 0, 30.6800, -40.6800, 0, 0, 0, 0
L 30.6800, -40.6800, 0, 34.1200, 89.8100, 0, 0, 0, 0
L 49.9100, -43.6900, 0, 43.4500, -65.5300, 0, 0, 0, 0
L 43.4500, -65.5300, 0, 11.3800, -173.7800, 0, 0, 0, 0
L -338.2600, -82.1800, 0, -338.2600, 11.5900, 0, 0, 0, 0
L -584.0500, -82.1800, 0, -338.2600, -82.1800, 0, 0, 0, 0
L -821.4000, -83.8500, 0, -904.4400, -136.5100, 0, 0, 0, 0
L -1288.5900, -101.0300, 0, -1245.0900, -263.4100, 0, 0, 0, 0
L 428.6600, -105.2800, 0, 428.8900, -84.1600, 0, 0, 0, 0
L -1321.1200, -105.3100, 0, -1261.5100, -327.7900, 0, 0, 0, 0
L -904.4400, -136.5100, 0, -859.2200, -207.7500, 0, 0, 0, 0
L 21.5900, -139.2800, 0, 21.5900, -139.3100, 0, 0, 0, 0
L -930.4300, -141.5600, 0, -868.0900, -256.4400, 0, 0, 0, 0
L -948.5600, -148.6200, 0, -980.2200, -16.7200, 0, 0, 0, 0
L -776.2500, -154.9700, 0, -821.4000, -83.8500, 0, 0, 0, 0
L -6.3800, -165.8800, 0, 30.6800, -40.6800, 0, 0, 0, 0
L 11.3800, -173.7800, 0, -59.4900, -289.4500, 0, 0, 0, 0
L -859.2200, -207.7500, 0, -776.2500, -154.9700, 0, 0, 0, 0
L -868.0900, -256.4400, 0, -778.1000, -351.2100, 0, 0, 0, 0
L 352.6200, -263.4100, 0, 352.6100, -263.4500, 0, 0, 0, 0
L -66.1600, -263.4100, 0, -66.1100, -263.3300, 0, 0, 0, 0
L -861.5000, -263.4100, 0, -861.4700, -263.4300, 0, 0, 0, 0
L -1245.0900, -263.4100, 0, -1231.1900, -315.2800, 0, 0, 0, 0
L -1245.0900, -263.4100, 0, -1245.0800, -263.4500, 0, 0, 0, 0
L -883.8100, -267.8800, 0, -948.5600, -148.6200, 0, 0, 0, 0
L -74.6200, -277.2200, 0, -6.3800, -165.8800, 0, 0, 0, 0
L -59.4900, -289.4500, 0, -157.8400, -382.7800, 0, 0, 0, 0
L -59.5000, -289.4700, 0, -59.4900, -289.4500, 0, 0, 0, 0
L 338.7500, -315.2500, 0, 396.1600, -101, 0, 0, 0, 0
L -1231.1900, -315.2800, 0, -1120.2800, -507.3800, 0, 0, 0, 0
L 369.0300, -327.7800, 0, 428.6600, -105.2800, 0, 0, 0, 0
L -1261.5100, -327.7900, 0, -1146.3100, -527.3400, 0, 0, 0, 0
L -826.7500, -328, 0, -826.7900, -327.9500, 0, 0, 0, 0
L -488.1400, -332.9700, 0, -403.9200, -333.5900, 0, 0, 0, 0
L -403.9200, -333.5900, 0, -404.5900, -431.9300, 0, 0, 0, 0
L -778.1000, -351.2100, 0, -666.8400, -419.4100, 0, 0, 0, 0
L -790.4400, -366.2800, 0, -883.8100, -267.8800, 0, 0, 0, 0
L -169.3400, -367.0900, 0, -74.6200, -277.2200, 0, 0, 0, 0
L -157.8400, -382.7800, 0, -277.1600, -447.5600, 0, 0, 0, 0
L -179.0900, -394.3400, 0, -179.1600, -394.3800, 0, 0, 0, 0
L -261.1900, -416.9700, 0, -261.2100, -416.9800, 0, 0, 0, 0
L -666.8400, -419.4100, 0, -541.6600, -456.4700, 0, 0, 0, 0
L -698.0600, -422.8800, 0, -698.1300, -422.8300, 0, 0, 0, 0
L -284.1200, -429.4100, 0, -284.2200, -429.4300, 0, 0, 0, 0
L -284.2200, -429.4300, 0, -169.3400, -367.0900, 0, 0, 0, 0
L -488.9500, -431.2800, 0, -488.1400, -332.9700, 0, 0, 0, 0
L -404.5900, -431.9300, 0, -488.9500, -431.2800, 0, 0, 0, 0
L -674.7500, -437.1600, 0, -790.4400, -366.2800, 0, 0, 0, 0
L -261.1900, -438.9100, 0, -261.2000, -438.9100, 0, 0, 0, 0
L 304.3800, -439.8100, 0, 304.3300, -439.8900, 0, 0, 0, 0
L -997.5300, -446.6300, 0, -935.3400, -503.4400, 0, 0, 0, 0
L -277.1600, -447.5600, 0, -362.9200, -468.1800, 0, 0, 0, 0
L -543.9700, -455.7800, 0, -544.0700, -455.7500, 0, 0, 0, 0
L -541.6600, -456.4700, 0, -411.2000, -459.9000, 0, 0, 0, 0
L -411.2000, -459.9000, 0, -284.2200, -429.4300, 0, 0, 0, 0
L -362.9200, -468.1800, 0, -409.0600, -479.2500, 0, 0, 0, 0
L -362.9700, -468.1900, 0, -362.9200, -468.1800, 0, 0, 0, 0
L -544.6900, -475.6900, 0, -674.7500, -437.1600, 0, 0, 0, 0
L -409.0600, -479.2500, 0, -544.6900, -475.6900, 0, 0, 0, 0
L -935.3400, -503.4400, 0, -967.1700, -538.4100, 0, 0, 0, 0
L 227.8400, -507.3400, 0, 338.7500, -315.2500, 0, 0, 0, 0
L -1120.2800, -507.3800, 0, -963.5500, -664.0800, 0, 0, 0, 0
L -1063.9000, -519.1900, 0, -997.5300, -446.6300, 0, 0, 0, 0
L 253.8800, -527.3100, 0, 369.0300, -327.7800, 0, 0, 0, 0
L -1146.3100, -527.3400, 0, -983.4100, -690.2200, 0, 0, 0, 0
L 21.5900, -532, 0, 85.7800, -603.1800, 0, 0, 0, 0
L -967.1700, -538.4100, 0, -1001.6300, -576.0800, 0, 0, 0, 0
L -1109.5300, -564.0900, 0, -1109.5500, -564.0700, 0, 0, 0, 0
L -1001.6300, -576.0800, 0, -1063.9000, -519.1900, 0, 0, 0, 0
L -42.7000, -586.5900, 0, 21.5900, -532, 0, 0, 0, 0
L 85.7800, -603.1800, 0, 23.1000, -659.6700, 0, 0, 0, 0
L 85.0300, -603.8600, 0, 85.0900, -603.8000, 0, 0, 0, 0
L 23.1000, -659.6700, 0, -42.7000, -586.5900, 0, 0, 0, 0
L -963.5500, -664.0800, 0, -826.7500, -743.1200, 0, 0, 0, 0
L -963.4400, -664.1900, 0, -963.5500, -664.0800, 0, 0, 0, 0
L 70.9900, -664.2100, 0, 227.8400, -507.3400, 0, 0, 0, 0
L 90.9700, -690.1900, 0, 253.8800, -527.3100, 0, 0, 0, 0
L -983.4100, -690.2200, 0, -783.9100, -805.4100, 0, 0, 0, 0
L -826.7500, -743.1200, 0, -771.3400, -775.0900, 0, 0, 0, 0
L -121.0600, -775.0900, 0, 70.9900, -664.2100, 0, 0, 0, 0
L -771.3400, -775.0900, 0, -557.1900, -832.4800, 0, 0, 0, 0
L -826.7500, -780.6600, 0, -826.8900, -780.5800, 0, 0, 0, 0
L -108.5300, -805.3800, 0, 90.9700, -690.1900, 0, 0, 0, 0
L -783.9100, -805.4100, 0, -561.5400, -864.9600, 0, 0, 0, 0
L -261.1900, -812.6200, 0, -261.0700, -812.5900, 0, 0, 0, 0
L -264.0300, -813.4100, 0, -121.0600, -775.0900, 0, 0, 0, 0
L -557.1900, -832.4800, 0, -335.4900, -832.5000, 0, 0, 0, 0
L -335.4900, -832.5000, 0, -264.0300, -813.4100, 0, 0, 0, 0
L -543.9700, -832.5000, 0, -543.9800, -832.5000, 0, 0, 0, 0
L -261.1900, -846.2800, 0, -261.2500, -846.3000, 0, 0, 0, 0
L -561.5400, -864.9600, 0, -331.2200, -865, 0, 0, 0, 0
L -331.2200, -865, 0, -108.5300, -805.3800, 0, 0, 0, 0
L -543.9700, -865, 0, -543.9800, -865, 0, 0, 0, 0
L -14.7600, 567.1700, 0.0300, -13.9400, 564.9800, 1.6200, 0, 0, 0
L -14.7600, 567.1700, 0.0300, -13.2800, 566.3100, 3.2100, 0, 0, 0
L -7.3900, 561.0100, 0.0300, -9.7000, 561.3800, 1.6200, 0, 0, 0
L -7.3900, 561.0100, 0.0300, -8.8700, 560.1500, 3.2100, 0, 0, 0
L -16.2400, 557.8600, 0.0300, -14.7600, 559.6800, 1.6200, 0, 0, 0
L -16.2400, 557.8600, 0.0300, -16.2300, 559.5800, 3.2100, 0, 0, 0
L -995.0500, 477.8600, 0.0300, -995.0700, 475.5200, 1.6200, 0, 0, 0
L -995.0500, 477.8600, 0.0300, -993.9800, 476.5200, 3.2100, 0, 0, 0
L -1000.0600, 469.6600, 0.0300, -998.0100, 470.7900, 1.6200, 0, 0, 0
L -1000.0600, 469.6600, 0.0300, -999.4200, 471.2500, 3.2100, 0, 0, 0
L -990.6400, 469.5700, 0.0300, -992.6500, 470.7700, 1.6200, 0, 0, 0
L -990.6400, 469.5700, 0.0300, -992.3400, 469.3200, 3.2100, 0, 0, 0
L -444.1100, 398.9700, 0.0300, -446.0100, 397.5900, 1.6200, 0, 0, 0
L -444.1100, 398.9700, 0.0300, -444.5500, 397.3100, 3.2100, 0, 0, 0
L -453.6800, 398.1100, 0.0300, -451.5500, 397.1400, 1.6200, 0, 0, 0
L -453.6800, 398.1100, 0.0300, -452.0200, 398.5400, 3.2100, 0, 0, 0
L -448.1500, 390.4800, 0.0300, -448.3800, 392.8100, 1.6200, 0, 0, 0
L -448.1500, 390.4800, 0.0300, -449.3600, 391.7000, 3.2100, 0, 0, 0
L -792.9100, 171.8100, 0.0300, -792.8000, 169.4700, 1.6200, 0, 0, 0
L -792.9100, 171.8100, 0.0300, -791.7600, 170.5300, 3.2100, 0, 0, 0
L -788, 163.8000, 0.0300, -790.0800, 164.8800, 1.6200, 0, 0, 0
L -788, 163.8000, 0.0300, -789.6800, 163.4500, 3.2100, 0, 0, 0
L -797.4200, 163.3100, 0.0300, -795.4400, 164.5700, 1.6200, 0, 0, 0
L -797.4200, 163.3100, 0.0300, -796.8800, 164.9400, 3.2100, 0, 0, 0
L 391.6100, 63.3100, 0.0300, 390.4100, 61.2900, 1.6200, 0, 0, 0
L 391.6100, 63.3100, 0.0300, 391.8600, 61.6100, 3.2100, 0, 0, 0
L 383.4200, 58.6400, 0.0300, 385.7600, 58.6100, 1.6200, 0, 0, 0
L 383.4200, 58.6400, 0.0300, 384.7700, 59.7100, 3.2100, 0, 0, 0
L 391.4100, 53.7000, 0.0300, 390.2500, 55.7300, 1.6200, 0, 0, 0
L 391.4100, 53.7000, 0.0300, 389.8100, 54.3200, 3.2100, 0, 0, 0
L -85.6800, 27.5400, 0.0300, -87.1600, 25.7300, 1.6200, 0, 0, 0
L -85.6800, 27.5400, 0.0300, -85.6800, 25.8300, 3.2100, 0, 0, 0
L -94.4600, 24.1300, 0.0300, -92.1500, 23.7600, 1.6200, 0, 0, 0
L -94.4600, 24.1300, 0.0300, -92.9800, 24.9900, 3.2100, 0, 0, 0
L -87.2900, 18.0700, 0.0300, -88.1300, 20.2500, 1.6200, 0, 0, 0
L -87.2900, 18.0700, 0.0300, -88.7800, 18.9100, 3.2100, 0, 0, 0
L 391.7600, -39.7700, 0.0300, 390.4900, -41.7400, 1.6200, 0, 0, 0
L 391.7600, -39.7700, 0.0300, 391.9500, -41.4700, 3.2100, 0, 0, 0
L 383.4000, -44.1300, 0.0300, 385.7400, -44.2400, 1.6200, 0, 0, 0
L 383.4000, -44.1300, 0.0300, 384.7900, -43.1100, 3.2100, 0, 0, 0
L 391.2000, -49.3700, 0.0300, 390.1200, -47.2900, 1.6200, 0, 0, 0
L 391.2000, -49.3700, 0.0300, 389.6300, -48.6900, 3.2100, 0, 0, 0
L -793.7800, -118.3600, 0.0300, -791.7800, -119.5900, 1.6200, 0, 0, 0
L -793.7800, -118.3600, 0.0300, -792.0700, -118.1300, 3.2100, 0, 0, 0
L -784.4000, -118.8400, 0.0300, -786.4600, -119.9500, 1.6200, 0, 0, 0
L -784.4000, -118.8400, 0.0300, -785.0600, -120.4300, 3.2100, 0, 0, 0
L -789.3200, -126.8800, 0.0300, -789.2400, -124.5400, 1.6200, 0, 0, 0
L -789.3200, -126.8800, 0.0300, -790.3600, -125.5100, 3.2100, 0, 0, 0
L -443.1000, -295.5300, 0.0300, -443.2400, -297.8600, 1.6200, 0, 0, 0
L -443.1000, -295.5300, 0.0300, -442.0900, -296.9200, 3.2100, 0, 0, 0
L -448.4300, -303.2600, 0.0300, -446.3400, -302.2100, 1.6200, 0, 0, 0
L -448.4300, -303.2600, 0.0300, -447.7300, -301.6900, 3.2100, 0, 0, 0
L -438.8400, -303.9400, 0.0300, -440.7900, -302.6400, 1.6200, 0, 0, 0
L -438.8400, -303.9400, 0.0300, -440.5500, -304.1000, 3.2100, 0, 0, 0
L -964.7900, -457.2000, 0.0300, -966.0400, -459.1800, 1.6200, 0, 0, 0
L -964.7900, -457.2000, 0.0300, -964.5900, -458.9100, 3.2100, 0, 0, 0
L -973.1900, -461.4100, 0.0300, -970.8500, -461.4900, 1.6200, 0, 0, 0
L -973.1900, -461.4100, 0.0300, -971.8200, -460.3700, 3.2100, 0, 0, 0
L -965.1200, -466.6200, 0.0300, -966.2000, -464.5500, 1.6200, 0, 0, 0
L -965.1200, -466.6200, 0.0300, -966.6900, -465.9500, 3.2100, 0, 0, 0
L -23.1000, -549.2100, 0.0300, -21.5300, -550.9500, 1.6200, 0, 0, 0
L -23.1000, -549.2100, 0.0300, -21.4000, -549.4700, 3.2100, 0, 0, 0
L -14.1100, -552.0400, 0.0300, -16.4000, -552.5300, 1.6200, 0, 0, 0
L -14.1100, -552.0400, 0.0300, -15.1800, -553.3800, 3.2100, 0, 0, 0
L -21.2900, -558.4300, 0.0300, -20.5800, -556.2000, 1.6200, 0, 0, 0
L -21.2900, -558.4300, 0.0300, -21.9200, -556.8300, 3.2100, 0, 0, 0
L 429.2200, 48.3800, 0.2500, 587.1600, 36.8100, 4.0300, 0, 0, 0
L 429.5000, -27.8400, 0.2500, 396.1600, -27.9700, 0.5300, 0, 0, 0
L 429.5000, -27.8400, 0.2500, 587.1600, -17.1900, 3.9700, 0, 0, 0
L -9.2600, 165.5700, 0.3400, -14.9900, 165.5700, 1.4600, 0, 0, 0
L -9.2600, 165.1200, 0.3400, -14.9900, 165.1200, 1.4600, 0, 0, 0
L -9.2600, 160.0800, 0.3400, -14.9900, 160.0800, 1.4600, 0, 0, 0
L -9.2600, 159.6200, 0.3400, -14.9900, 159.6200, 1.4600, 0, 0, 0
L 396.1600, 48.3400, 0.5300, 429.2200, 48.3800, 0.2500, 0, 0, 0
L -17.6300, 166.1100, 0.9600, -18.6100, 165.6800, -0.0200, 0, 0, 0
L -17.6300, 166.1100, 0.9600, -19.3000, 166.1100, 1.6500, 0, 0, 0
L -17.6300, 159.5500, 0.9600, -18.6100, 159.1200, -0.0200, 0, 0, 0
L -17.6300, 159.5500, 0.9600, -19.3000, 159.5500, 1.6500, 0, 0, 0
L -14.8500, 165.5900, 0.9800, -14.2700, 159.6100, 3.9700, 0, 0, 0
L -14.8400, 165.5700, 0.9800, -23.5600, 159.6600, 2.6700, 0, 0, 0
L -14.8400, 165.5700, 0.9800, -14.8400, 159.6600, 0.9800, 0, 0, 0
L -14.8400, 165.1700, 0.9800, -23.0200, 165.1700, 5.6700, 0, 0, 0
L -14.8400, 165.1700, 0.9800, -14.2500, 165.1700, 3.9700, 0, 0, 0
L -14.8400, 160.0400, 0.9800, -23.6000, 160.0400, 2.6800, 0, 0, 0
L -14.8400, 159.6600, 0.9800, -23.5600, 159.6600, 2.6700, 0, 0, 0
L -14.8400, 159.6100, 0.9800, -23.0200, 159.6100, 5.6700, 0, 0, 0
L -14.8400, 159.6100, 0.9800, -14.2500, 159.6100, 3.9700, 0, 0, 0
L -14.8500, 159.6100, 0.9800, -14.8500, 165.5900, 0.9800, 0, 0, 0
L -15.0700, 165.5900, 1.0200, -15.0700, 159.6100, 1.0200, 0, 0, 0
L -15.0700, 159.6100, 1.0200, -14.4900, 165.5900, 4.0100, 0, 0, 0
L -15.0700, 159.6100, 1.0200, -14.4900, 159.6100, 4.0100, 0, 0, 0
L -15.0700, 165.5700, 1.0500, -9.3300, 165.1200, -0.0600, 0, 0, 0
L -15.0700, 165.5700, 1.0500, -9.3300, 165.5700, -0.0600, 0, 0, 0
L -15.0700, 165.5700, 1.0500, -14.9900, 165.5700, 1.4600, 0, 0, 0
L -15.0700, 165.1200, 1.0500, -15.0700, 165.5700, 1.0500, 0, 0, 0
L -15.0700, 160.0800, 1.0500, -9.3300, 159.6200, -0.0600, 0, 0, 0
L -15.0700, 160.0800, 1.0500, -9.3300, 160.0800, -0.0600, 0, 0, 0
L -15.0700, 160.0800, 1.0500, -14.9900, 160.0800, 1.4600, 0, 0, 0
L -15.0700, 159.6200, 1.0500, -15.0700, 160.0800, 1.0500, 0, 0, 0
L -14.7900, 165.5700, 1.2200, -23.5100, 159.6600, 2.9100, 0, 0, 0
L -14.7900, 165.5700, 1.2200, -23.5100, 165.5700, 2.9100, 0, 0, 0
L -19.0800, 166.4000, 1.3700, -19.4800, 166.4000, 1.3700, 0, 0, 0
L -19.0800, 166.4000, 1.3700, -19.0800, 158.8100, 1.3700, 0, 0, 0
L -19.4800, 158.8100, 1.3700, -19.0800, 166.4000, 1.3700, 0, 0, 0
L -19.4800, 158.8100, 1.3700, -19.4800, 166.4000, 1.3700, 0, 0, 0
L -14.9900, 165.5700, 1.4600, -14.9900, 165.1200, 1.4600, 0, 0, 0
L -14.9900, 165.1200, 1.4600, -15.0700, 165.1200, 1.0500, 0, 0, 0
L -14.9900, 165.1200, 1.4600, -9.2600, 165.5700, 0.3400, 0, 0, 0
L -14.9900, 160.0800, 1.4600, -14.9900, 159.6200, 1.4600, 0, 0, 0
L -14.9900, 159.6200, 1.4600, -15.0700, 159.6200, 1.0500, 0, 0, 0
L -14.9900, 159.6200, 1.4600, -9.2600, 160.0800, 0.3400, 0, 0, 0
L -12.1800, 565.6200, 1.4700, -12.7600, 562.1000, 1.4700, 0, 0, 0
L -12.1800, 565.6200, 1.4700, -9.4200, 563.3600, 1.4700, 0, 0, 0
L -15.5200, 564.3700, 1.4700, -12.1800, 565.6200, 1.4700, 0, 0, 0
L -15.5200, 564.3700, 1.4700, -16.5900, 565.2500, 3.3800, 0, 0, 0
L -9.4200, 563.3600, 1.4700, -12.7600, 562.1000, 1.4700, 0, 0, 0
L -9.4200, 563.3600, 1.4700, -10, 559.8400, 1.4700, 0, 0, 0
L -12.7600, 562.1000, 1.4700, -15.5200, 564.3700, 1.4700, 0, 0, 0
L -16.1000, 560.8500, 1.4700, -12.7600, 562.1000, 1.4700, 0, 0, 0
L -16.1000, 560.8500, 1.4700, -15.5200, 564.3700, 1.4700, 0, 0, 0
L -10, 559.8400, 1.4700, -12.7600, 562.1000, 1.4700, 0, 0, 0
L -10, 559.8400, 1.4700, -13.3400, 558.5800, 1.4700, 0, 0, 0
L -13.3400, 558.5800, 1.4700, -12.7600, 562.1000, 1.4700, 0, 0, 0
L -13.3400, 558.5800, 1.4700, -16.1000, 560.8500, 1.4700, 0, 0, 0
L -997.0700, 475.5000, 1.4700, -995.3400, 472.3900, 1.4700, 0, 0, 0
L -997.0700, 475.5000, 1.4700, -993.5100, 475.4400, 1.4700, 0, 0, 0
L -993.5100, 475.4400, 1.4700, -995.3400, 472.3900, 1.4700, 0, 0, 0
L -993.5100, 475.4400, 1.4700, -991.7800, 472.3300, 1.4700, 0, 0, 0
L -998.9100, 472.4400, 1.4700, -995.3400, 472.3900, 1.4700, 0, 0, 0
L -998.9100, 472.4400, 1.4700, -997.0700, 475.5000, 1.4700, 0, 0, 0
L -995.3400, 472.3900, 1.4700, -997.1700, 469.3300, 1.4700, 0, 0, 0
L -991.7800, 472.3300, 1.4700, -995.3400, 472.3900, 1.4700, 0, 0, 0
L -991.7800, 472.3300, 1.4700, -993.6100, 469.2700, 1.4700, 0, 0, 0
L -997.1700, 469.3300, 1.4700, -998.9100, 472.4400, 1.4700, 0, 0, 0
L -997.1700, 469.3300, 1.4700, -997.8900, 468.1300, 3.3800, 0, 0, 0
L -993.6100, 469.2700, 1.4700, -995.3400, 472.3900, 1.4700, 0, 0, 0
L -993.6100, 469.2700, 1.4700, -997.1700, 469.3300, 1.4700, 0, 0, 0
L -447.2100, 399.1900, 1.4700, -448.6800, 395.9400, 1.4700, 0, 0, 0
L -447.2100, 399.1900, 1.4700, -445.1300, 396.2900, 1.4700, 0, 0, 0
L -450.7600, 398.8400, 1.4700, -448.6800, 395.9400, 1.4700, 0, 0, 0
L -450.7600, 398.8400, 1.4700, -447.2100, 399.1900, 1.4700, 0, 0, 0
L -445.1300, 396.2900, 1.4700, -448.6800, 395.9400, 1.4700, 0, 0, 0
L -445.1300, 396.2900, 1.4700, -446.6100, 393.0400, 1.4700, 0, 0, 0
L -448.6800, 395.9400, 1.4700, -452.2300, 395.5900, 1.4700, 0, 0, 0
L -452.2300, 395.5900, 1.4700, -450.7600, 398.8400, 1.4700, 0, 0, 0
L -452.2300, 395.5900, 1.4700, -453.6200, 395.4500, 3.3800, 0, 0, 0
L -446.6100, 393.0400, 1.4700, -448.6800, 395.9400, 1.4700, 0, 0, 0
L -446.6100, 393.0400, 1.4700, -450.1500, 392.6900, 1.4700, 0, 0, 0
L -450.1500, 392.6900, 1.4700, -448.6800, 395.9400, 1.4700, 0, 0, 0
L -450.1500, 392.6900, 1.4700, -452.2300, 395.5900, 1.4700, 0, 0, 0
L -791.2300, 169.4900, 1.4700, -792.8700, 166.3300, 1.4700, 0, 0, 0
L -791.2300, 169.4900, 1.4700, -789.3100, 166.4900, 1.4700, 0, 0, 0
L -794.7900, 169.3300, 1.4700, -792.8700, 166.3300, 1.4700, 0, 0, 0
L -794.7900, 169.3300, 1.4700, -791.2300, 169.4900, 1.4700, 0, 0, 0
L -789.3100, 166.4900, 1.4700, -792.8700, 166.3300, 1.4700, 0, 0, 0
L -789.3100, 166.4900, 1.4700, -790.9500, 163.3200, 1.4700, 0, 0, 0
L -792.8700, 166.3300, 1.4700, -794.5200, 163.1600, 1.4700, 0, 0, 0
L -796.4400, 166.1700, 1.4700, -792.8700, 166.3300, 1.4700, 0, 0, 0
L -796.4400, 166.1700, 1.4700, -794.7900, 169.3300, 1.4700, 0, 0, 0
L -790.9500, 163.3200, 1.4700, -792.8700, 166.3300, 1.4700, 0, 0, 0
L -790.9500, 163.3200, 1.4700, -794.5200, 163.1600, 1.4700, 0, 0, 0
L -794.5200, 163.1600, 1.4700, -796.4400, 166.1700, 1.4700, 0, 0, 0
L -794.5200, 163.1600, 1.4700, -795.1600, 161.9200, 3.3800, 0, 0, 0
L 388.9500, 62.1400, 1.4700, 392.0200, 60.3200, 1.4700, 0, 0, 0
L 388.9500, 62.1400, 1.4700, 388.9700, 63.5300, 3.3800, 0, 0, 0
L 385.8400, 60.3900, 1.4700, 388.9100, 58.5700, 1.4700, 0, 0, 0
L 385.8400, 60.3900, 1.4700, 388.9500, 62.1400, 1.4700, 0, 0, 0
L 392.0200, 60.3200, 1.4700, 388.9100, 58.5700, 1.4700, 0, 0, 0
L 392.0200, 60.3200, 1.4700, 391.9700, 56.7500, 1.4700, 0, 0, 0
L 388.9100, 58.5700, 1.4700, 388.9500, 62.1400, 1.4700, 0, 0, 0
L 385.8000, 56.8300, 1.4700, 388.9100, 58.5700, 1.4700, 0, 0, 0
L 385.8000, 56.8300, 1.4700, 385.8400, 60.3900, 1.4700, 0, 0, 0
L 391.9700, 56.7500, 1.4700, 388.9100, 58.5700, 1.4700, 0, 0, 0
L 391.9700, 56.7500, 1.4700, 388.8600, 55.0100, 1.4700, 0, 0, 0
L 388.8600, 55.0100, 1.4700, 388.9100, 58.5700, 1.4700, 0, 0, 0
L 388.8600, 55.0100, 1.4700, 385.8000, 56.8300, 1.4700, 0, 0, 0
L -88.4800, 26.7800, 1.4700, -85.7100, 24.5300, 1.4700, 0, 0, 0
L -88.4800, 26.7800, 1.4700, -88.2600, 28.1500, 3.3800, 0, 0, 0
L -91.8100, 25.5100, 1.4700, -89.0500, 23.2600, 1.4700, 0, 0, 0
L -91.8100, 25.5100, 1.4700, -88.4800, 26.7800, 1.4700, 0, 0, 0
L -85.7100, 24.5300, 1.4700, -89.0500, 23.2600, 1.4700, 0, 0, 0
L -85.7100, 24.5300, 1.4700, -86.2800, 21.0100, 1.4700, 0, 0, 0
L -89.0500, 23.2600, 1.4700, -88.4800, 26.7800, 1.4700, 0, 0, 0
L -92.3800, 21.9900, 1.4700, -89.0500, 23.2600, 1.4700, 0, 0, 0
L -92.3800, 21.9900, 1.4700, -91.8100, 25.5100, 1.4700, 0, 0, 0
L -86.2800, 21.0100, 1.4700, -89.0500, 23.2600, 1.4700, 0, 0, 0
L -86.2800, 21.0100, 1.4700, -89.6100, 19.7400, 1.4700, 0, 0, 0
L -89.6100, 19.7400, 1.4700, -89.0500, 23.2600, 1.4700, 0, 0, 0
L -89.6100, 19.7400, 1.4700, -92.3800, 21.9900, 1.4700, 0, 0, 0
L 389.0600, -40.8400, 1.4700, 392.0500, -42.7700, 1.4700, 0, 0, 0
L 389.0600, -40.8400, 1.4700, 389.1200, -39.4500, 3.3800, 0, 0, 0
L 385.8800, -42.4700, 1.4700, 388.8800, -44.4000, 1.4700, 0, 0, 0
L 385.8800, -42.4700, 1.4700, 389.0600, -40.8400, 1.4700, 0, 0, 0
L 392.0500, -42.7700, 1.4700, 388.8800, -44.4000, 1.4700, 0, 0, 0
L 392.0500, -42.7700, 1.4700, 391.8800, -46.3300, 1.4700, 0, 0, 0
L 388.8800, -44.4000, 1.4700, 389.0600, -40.8400, 1.4700, 0, 0, 0
L 385.7100, -46.0300, 1.4700, 388.8800, -44.4000, 1.4700, 0, 0, 0
L 385.7100, -46.0300, 1.4700, 385.8800, -42.4700, 1.4700, 0, 0, 0
L 391.8800, -46.3300, 1.4700, 388.8800, -44.4000, 1.4700, 0, 0, 0
L 391.8800, -46.3300, 1.4700, 388.7100, -47.9600, 1.4700, 0, 0, 0
L 388.7100, -47.9600, 1.4700, 388.8800, -44.4000, 1.4700, 0, 0, 0
L 388.7100, -47.9600, 1.4700, 385.7100, -46.0300, 1.4700, 0, 0, 0
L -790.9100, -118.2800, 1.4700, -789.2300, -121.4300, 1.4700, 0, 0, 0
L -790.9100, -118.2800, 1.4700, -787.3500, -118.4000, 1.4700, 0, 0, 0
L -787.3500, -118.4000, 1.4700, -789.2300, -121.4300, 1.4700, 0, 0, 0
L -787.3500, -118.4000, 1.4700, -785.6700, -121.5400, 1.4700, 0, 0, 0
L -792.8000, -121.3100, 1.4700, -789.2300, -121.4300, 1.4700, 0, 0, 0
L -792.8000, -121.3100, 1.4700, -790.9100, -118.2800, 1.4700, 0, 0, 0
L -789.2300, -121.4300, 1.4700, -787.5500, -124.5700, 1.4700, 0, 0, 0
L -785.6700, -121.5400, 1.4700, -789.2300, -121.4300, 1.4700, 0, 0, 0
L -785.6700, -121.5400, 1.4700, -787.5500, -124.5700, 1.4700, 0, 0, 0
L -791.1200, -124.4600, 1.4700, -789.2300, -121.4300, 1.4700, 0, 0, 0
L -791.1200, -124.4600, 1.4700, -792.8000, -121.3100, 1.4700, 0, 0, 0
L -787.5500, -124.5700, 1.4700, -791.1200, -124.4600, 1.4700, 0, 0, 0
L -787.5500, -124.5700, 1.4700, -786.8900, -125.8000, 3.3800, 0, 0, 0
L -445.0200, -297.8100, 1.4700, -443.4300, -301, 1.4700, 0, 0, 0
L -445.0200, -297.8100, 1.4700, -441.4600, -298.0300, 1.4700, 0, 0, 0
L -441.4600, -298.0300, 1.4700, -443.4300, -301, 1.4700, 0, 0, 0
L -441.4600, -298.0300, 1.4700, -439.8700, -301.2200, 1.4700, 0, 0, 0
L -446.9900, -300.7800, 1.4700, -443.4300, -301, 1.4700, 0, 0, 0
L -446.9900, -300.7800, 1.4700, -445.0200, -297.8100, 1.4700, 0, 0, 0
L -443.4300, -301, 1.4700, -439.8700, -301.2200, 1.4700, 0, 0, 0
L -439.8700, -301.2200, 1.4700, -441.8400, -304.1900, 1.4700, 0, 0, 0
L -439.8700, -301.2200, 1.4700, -438.4800, -301.3100, 3.3800, 0, 0, 0
L -445.4000, -303.9700, 1.4700, -443.4300, -301, 1.4700, 0, 0, 0
L -445.4000, -303.9700, 1.4700, -446.9900, -300.7800, 1.4700, 0, 0, 0
L -441.8400, -304.1900, 1.4700, -443.4300, -301, 1.4700, 0, 0, 0
L -441.8400, -304.1900, 1.4700, -445.4000, -303.9700, 1.4700, 0, 0, 0
L -967.5800, -458.2700, 1.4700, -967.7300, -461.8400, 1.4700, 0, 0, 0
L -967.5800, -458.2700, 1.4700, -964.5700, -460.1800, 1.4700, 0, 0, 0
L -970.7400, -459.9300, 1.4700, -967.7300, -461.8400, 1.4700, 0, 0, 0
L -970.7400, -459.9300, 1.4700, -967.5800, -458.2700, 1.4700, 0, 0, 0
L -964.5700, -460.1800, 1.4700, -967.7300, -461.8400, 1.4700, 0, 0, 0
L -964.5700, -460.1800, 1.4700, -964.7100, -463.7500, 1.4700, 0, 0, 0
L -967.7300, -461.8400, 1.4700, -964.7100, -463.7500, 1.4700, 0, 0, 0
L -970.8900, -463.4900, 1.4700, -967.7300, -461.8400, 1.4700, 0, 0, 0
L -970.8900, -463.4900, 1.4700, -970.7400, -459.9300, 1.4700, 0, 0, 0
L -964.7100, -463.7500, 1.4700, -967.8700, -465.4000, 1.4700, 0, 0, 0
L -964.7100, -463.7500, 1.4700, -963.5400, -464.4900, 3.3800, 0, 0, 0
L -967.8700, -465.4000, 1.4700, -967.7300, -461.8400, 1.4700, 0, 0, 0
L -967.8700, -465.4000, 1.4700, -970.8900, -463.4900, 1.4700, 0, 0, 0
L -20.1700, -549.7900, 1.4700, -19.4200, -553.2800, 1.4700, 0, 0, 0
L -20.1700, -549.7900, 1.4700, -16.7800, -550.8800, 1.4700, 0, 0, 0
L -16.7800, -550.8800, 1.4700, -16.0200, -554.3700, 1.4700, 0, 0, 0
L -16.7800, -550.8800, 1.4700, -15.7400, -549.9500, 3.3800, 0, 0, 0
L -22.8100, -552.1900, 1.4700, -19.4200, -553.2800, 1.4700, 0, 0, 0
L -22.8100, -552.1900, 1.4700, -20.1700, -549.7900, 1.4700, 0, 0, 0
L -19.4200, -553.2800, 1.4700, -16.7800, -550.8800, 1.4700, 0, 0, 0
L -16.0200, -554.3700, 1.4700, -19.4200, -553.2800, 1.4700, 0, 0, 0
L -16.0200, -554.3700, 1.4700, -18.6600, -556.7600, 1.4700, 0, 0, 0
L -22.0600, -555.6700, 1.4700, -19.4200, -553.2800, 1.4700, 0, 0, 0
L -22.0600, -555.6700, 1.4700, -22.8100, -552.1900, 1.4700, 0, 0, 0
L -18.6600, -556.7600, 1.4700, -19.4200, -553.2800, 1.4700, 0, 0, 0
L -18.6600, -556.7600, 1.4700, -22.0600, -555.6700, 1.4700, 0, 0, 0
L -13.9400, 564.9800, 1.6200, -15.3200, 565.5400, 3.2100, 0, 0, 0
L -9.7000, 561.3800, 1.6200, -8.5300, 562.2900, 3.2100, 0, 0, 0
L -14.7600, 559.6800, 1.6200, -14.5500, 558.2000, 3.2100, 0, 0, 0
L -995.0700, 475.5200, 1.6200, -996.1500, 476.5400, 3.2100, 0, 0, 0
L -998.0100, 470.7900, 1.6200, -998.3700, 469.3500, 3.2100, 0, 0, 0
L -992.6500, 470.7700, 1.6200, -991.2200, 471.1800, 3.2100, 0, 0, 0
L -446.0100, 397.5900, 1.6200, -445.8300, 399.0700, 3.2100, 0, 0, 0
L -451.5500, 397.1400, 1.6200, -452.9200, 396.5700, 3.2100, 0, 0, 0
L -448.3800, 392.8100, 1.6200, -447.1900, 391.9200, 3.2100, 0, 0, 0
L -792.8000, 169.4700, 1.6200, -793.9300, 170.4200, 3.2100, 0, 0, 0
L -790.0800, 164.8800, 1.6200, -788.6900, 165.3800, 3.2100, 0, 0, 0
L -795.4400, 164.5700, 1.6200, -795.7100, 163.1100, 3.2100, 0, 0, 0
L 390.4100, 61.2900, 1.6200, 390, 62.7200, 3.2100, 0, 0, 0
L 385.7600, 58.6100, 1.6200, 384.7400, 57.5400, 3.2100, 0, 0, 0
L 390.2500, 55.7300, 1.6200, 391.7000, 55.3900, 3.2100, 0, 0, 0
L -87.1600, 25.7300, 1.6200, -87.3600, 27.2000, 3.2100, 0, 0, 0
L -92.1500, 23.7600, 1.6200, -93.3200, 22.8400, 3.2100, 0, 0, 0
L -88.1300, 20.2500, 1.6200, -86.7500, 19.7000, 3.2100, 0, 0, 0
L 390.4900, -41.7400, 1.6200, 390.1200, -40.3000, 3.2100, 0, 0, 0
L 385.7400, -44.2400, 1.6200, 384.6800, -45.2800, 3.2100, 0, 0, 0
L 390.1200, -47.2900, 1.6200, 391.5500, -47.6800, 3.2100, 0, 0, 0
L -791.7800, -119.5900, 1.6200, -793.2100, -119.9800, 3.2100, 0, 0, 0
L -786.4600, -119.9500, 1.6200, -786.0800, -118.5100, 3.2100, 0, 0, 0
L -789.2400, -124.5400, 1.6200, -788.1900, -125.5800, 3.2100, 0, 0, 0
L -443.2400, -297.8600, 1.6200, -444.2600, -296.7900, 3.2100, 0, 0, 0
L -446.3400, -302.2100, 1.6200, -446.7500, -303.6300, 3.2100, 0, 0, 0
L -440.7900, -302.6400, 1.6200, -439.3400, -302.2900, 3.2100, 0, 0, 0
L -966.0400, -459.1800, 1.6200, -966.4300, -457.7500, 3.2100, 0, 0, 0
L -970.8500, -461.4900, 1.6200, -971.9000, -462.5400, 3.2100, 0, 0, 0
L -966.2000, -464.5500, 1.6200, -964.7700, -464.9400, 3.2100, 0, 0, 0
L -21.5300, -550.9500, 1.6200, -23.0100, -550.9300, 3.2100, 0, 0, 0
L -16.4000, -552.5300, 1.6200, -15.6400, -551.2500, 3.2100, 0, 0, 0
L -20.5800, -556.2000, 1.6200, -19.8500, -557.4900, 3.2100, 0, 0, 0
L -19.3000, 166.1100, 1.6500, -18.6100, 166.1100, 3.3100, 0, 0, 0
L -19.3000, 166.1100, 1.6500, -19.9900, 166.1100, 3.3100, 0, 0, 0
L -19.3000, 166.1100, 1.6500, -20.9700, 166.1100, 2.3400, 0, 0, 0
L -19.3000, 159.5500, 1.6500, -18.6100, 159.5500, 3.3100, 0, 0, 0
L -19.3000, 159.5500, 1.6500, -19.9900, 159.5500, 3.3100, 0, 0, 0
L -19.3000, 159.5500, 1.6500, -20.9700, 159.5500, 2.3400, 0, 0, 0
L -19.0800, 158.8100, 1.8500, -19.4800, 158.8100, 1.8500, 0, 0, 0
L -19.0800, 158.8100, 1.8500, -19.4800, 166.4000, 1.8500, 0, 0, 0
L -17.6300, 166.1100, 2.3400, -17.6300, 165.6800, 0.9600, 0, 0, 0
L -17.6300, 166.1100, 2.3400, -18.6100, 166.1100, 3.3100, 0, 0, 0
L -20.9700, 166.1100, 2.3400, -19.9900, 165.6800, 3.3100, 0, 0, 0
L -20.9700, 166.1100, 2.3400, -20.9700, 165.6800, 2.3400, 0, 0, 0
L -17.6300, 165.6800, 2.3400, -19.3000, 165.6800, 1.6500, 0, 0, 0
L -17.6300, 165.6800, 2.3400, -18.6100, 165.6800, 3.3100, 0, 0, 0
L -20.9700, 165.6800, 2.3400, -19.3000, 165.6800, 1.6500, 0, 0, 0
L -17.6300, 159.5500, 2.3400, -17.6300, 159.1200, 0.9600, 0, 0, 0
L -17.6300, 159.5500, 2.3400, -18.6100, 159.5500, 3.3100, 0, 0, 0
L -20.9700, 159.5500, 2.3400, -19.9900, 159.1200, 3.3100, 0, 0, 0
L -20.9700, 159.5500, 2.3400, -20.9700, 159.1200, 2.3400, 0, 0, 0
L -17.6300, 159.1200, 2.3400, -19.3000, 159.1200, 1.6500, 0, 0, 0
L -17.6300, 159.1200, 2.3400, -18.6100, 159.1200, 3.3100, 0, 0, 0
L -20.9700, 159.1200, 2.3400, -19.3000, 159.1200, 1.6500, 0, 0, 0
L -23.5600, 165.5700, 2.6700, -14.8400, 165.5700, 0.9800, 0, 0, 0
L -23.5600, 159.6600, 2.6700, -23.5600, 165.5700, 2.6700, 0, 0, 0
L -23.5600, 159.6600, 2.6700, -23.5100, 165.5700, 2.9100, 0, 0, 0
L -23.5600, 159.6600, 2.6700, -23.5100, 159.6600, 2.9100, 0, 0, 0
L -23.6000, 165.5900, 2.6800, -23.6000, 165.1700, 2.6800, 0, 0, 0
L -23.6000, 165.5900, 2.6800, -14.2500, 165.5900, 3.9700, 0, 0, 0
L -23.6000, 165.1700, 2.6800, -14.8400, 165.1700, 0.9800, 0, 0, 0
L -23.6000, 165.1700, 2.6800, -23.0200, 165.5900, 5.6700, 0, 0, 0
L -23.6000, 160.0400, 2.6800, -23.6000, 159.6100, 2.6800, 0, 0, 0
L -23.6000, 160.0400, 2.6800, -14.2500, 160.0400, 3.9700, 0, 0, 0
L -23.6000, 159.6100, 2.6800, -14.8400, 159.6100, 0.9800, 0, 0, 0
L -23.6000, 159.6100, 2.6800, -23.0200, 160.0400, 5.6700, 0, 0, 0
L -23.5100, 165.5700, 2.9100, -23.5100, 159.6600, 2.9100, 0, 0, 0
L -23.5100, 165.5700, 2.9100, -23.5600, 165.5700, 2.6700, 0, 0, 0
L -23.5100, 159.6600, 2.9100, -14.7900, 159.6600, 1.2200, 0, 0, 0
L -13.2800, 566.3100, 3.2100, -13.9400, 564.9800, 1.6200, 0, 0, 0
L -15.3200, 565.5400, 3.2100, -14.7600, 567.1700, 0.0300, 0, 0, 0
L -15.3200, 565.5400, 3.2100, -13.2800, 566.3100, 3.2100, 0, 0, 0
L -8.5300, 562.2900, 3.2100, -7.3900, 561.0100, 0.0300, 0, 0, 0
L -8.5300, 562.2900, 3.2100, -8.8700, 560.1500, 3.2100, 0, 0, 0
L -8.8700, 560.1500, 3.2100, -9.7000, 561.3800, 1.6200, 0, 0, 0
L -16.2300, 559.5800, 3.2100, -14.7600, 559.6800, 1.6200, 0, 0, 0
L -14.5500, 558.2000, 3.2100, -16.2400, 557.8600, 0.0300, 0, 0, 0
L -14.5500, 558.2000, 3.2100, -16.2300, 559.5800, 3.2100, 0, 0, 0
L -996.1500, 476.5400, 3.2100, -995.0500, 477.8600, 0.0300, 0, 0, 0
L -996.1500, 476.5400, 3.2100, -993.9800, 476.5200, 3.2100, 0, 0, 0
L -993.9800, 476.5200, 3.2100, -995.0700, 475.5200, 1.6200, 0, 0, 0
L -999.4200, 471.2500, 3.2100, -998.0100, 470.7900, 1.6200, 0, 0, 0
L -991.2200, 471.1800, 3.2100, -990.6400, 469.5700, 0.0300, 0, 0, 0
L -991.2200, 471.1800, 3.2100, -992.3400, 469.3200, 3.2100, 0, 0, 0
L -998.3700, 469.3500, 3.2100, -1000.0600, 469.6600, 0.0300, 0, 0, 0
L -998.3700, 469.3500, 3.2100, -999.4200, 471.2500, 3.2100, 0, 0, 0
L -992.3400, 469.3200, 3.2100, -992.6500, 470.7700, 1.6200, 0, 0, 0
L -445.8300, 399.0700, 3.2100, -444.1100, 398.9700, 0.0300, 0, 0, 0
L -445.8300, 399.0700, 3.2100, -444.5500, 397.3100, 3.2100, 0, 0, 0
L -452.0200, 398.5400, 3.2100, -451.5500, 397.1400, 1.6200, 0, 0, 0
L -444.5500, 397.3100, 3.2100, -446.0100, 397.5900, 1.6200, 0, 0, 0
L -452.9200, 396.5700, 3.2100, -453.6800, 398.1100, 0.0300, 0, 0, 0
L -452.9200, 396.5700, 3.2100, -452.0200, 398.5400, 3.2100, 0, 0, 0
L -447.1900, 391.9200, 3.2100, -448.1500, 390.4800, 0.0300, 0, 0, 0
L -447.1900, 391.9200, 3.2100, -449.3600, 391.7000, 3.2100, 0, 0, 0
L -449.3600, 391.7000, 3.2100, -448.3800, 392.8100, 1.6200, 0, 0, 0
L -791.7600, 170.5300, 3.2100, -792.8000, 169.4700, 1.6200, 0, 0, 0
L -793.9300, 170.4200, 3.2100, -792.9100, 171.8100, 0.0300, 0, 0, 0
L -793.9300, 170.4200, 3.2100, -791.7600, 170.5300, 3.2100, 0, 0, 0
L -788.6900, 165.3800, 3.2100, -788, 163.8000, 0.0300, 0, 0, 0
L -788.6900, 165.3800, 3.2100, -789.6800, 163.4500, 3.2100, 0, 0, 0
L -796.8800, 164.9400, 3.2100, -795.4400, 164.5700, 1.6200, 0, 0, 0
L -789.6800, 163.4500, 3.2100, -790.0800, 164.8800, 1.6200, 0, 0, 0
L -795.7100, 163.1100, 3.2100, -797.4200, 163.3100, 0.0300, 0, 0, 0
L -795.7100, 163.1100, 3.2100, -796.8800, 164.9400, 3.2100, 0, 0, 0
L 390, 62.7200, 3.2100, 391.6100, 63.3100, 0.0300, 0, 0, 0
L 390, 62.7200, 3.2100, 391.8600, 61.6100, 3.2100, 0, 0, 0
L 391.8600, 61.6100, 3.2100, 390.4100, 61.2900, 1.6200, 0, 0, 0
L 384.7700, 59.7100, 3.2100, 385.7600, 58.6100, 1.6200, 0, 0, 0
L 384.7400, 57.5400, 3.2100, 383.4200, 58.6400, 0.0300, 0, 0, 0
L 384.7400, 57.5400, 3.2100, 384.7700, 59.7100, 3.2100, 0, 0, 0
L 391.7000, 55.3900, 3.2100, 391.4100, 53.7000, 0.0300, 0, 0, 0
L 391.7000, 55.3900, 3.2100, 389.8100, 54.3200, 3.2100, 0, 0, 0
L 389.8100, 54.3200, 3.2100, 390.2500, 55.7300, 1.6200, 0, 0, 0
L -87.3600, 27.2000, 3.2100, -85.6800, 27.5400, 0.0300, 0, 0, 0
L -87.3600, 27.2000, 3.2100, -85.6800, 25.8300, 3.2100, 0, 0, 0
L -85.6800, 25.8300, 3.2100, -87.1600, 25.7300, 1.6200, 0, 0, 0
L -92.9800, 24.9900, 3.2100, -92.1500, 23.7600, 1.6200, 0, 0, 0
L -93.3200, 22.8400, 3.2100, -94.4600, 24.1300, 0.0300, 0, 0, 0
L -93.3200, 22.8400, 3.2100, -92.9800, 24.9900, 3.2100, 0, 0, 0
L -86.7500, 19.7000, 3.2100, -87.2900, 18.0700, 0.0300, 0, 0, 0
L -86.7500, 19.7000, 3.2100, -88.7800, 18.9100, 3.2100, 0, 0, 0
L -88.7800, 18.9100, 3.2100, -88.1300, 20.2500, 1.6200, 0, 0, 0
L 390.1200, -40.3000, 3.2100, 391.7600, -39.7700, 0.0300, 0, 0, 0
L 390.1200, -40.3000, 3.2100, 391.9500, -41.4700, 3.2100, 0, 0, 0
L 391.9500, -41.4700, 3.2100, 390.4900, -41.7400, 1.6200, 0, 0, 0
L 384.7900, -43.1100, 3.2100, 385.7400, -44.2400, 1.6200, 0, 0, 0
L 384.6800, -45.2800, 3.2100, 383.4000, -44.1300, 0.0300, 0, 0, 0
L 384.6800, -45.2800, 3.2100, 384.7900, -43.1100, 3.2100, 0, 0, 0
L 391.5500, -47.6800, 3.2100, 391.2000, -49.3700, 0.0300, 0, 0, 0
L 391.5500, -47.6800, 3.2100, 389.6300, -48.6900, 3.2100, 0, 0, 0
L 389.6300, -48.6900, 3.2100, 390.1200, -47.2900, 1.6200, 0, 0, 0
L -792.0700, -118.1300, 3.2100, -791.7800, -119.5900, 1.6200, 0, 0, 0
L -786.0800, -118.5100, 3.2100, -784.4000, -118.8400, 0.0300, 0, 0, 0
L -786.0800, -118.5100, 3.2100, -785.0600, -120.4300, 3.2100, 0, 0, 0
L -793.2100, -119.9800, 3.2100, -793.7800, -118.3600, 0.0300, 0, 0, 0
L -793.2100, -119.9800, 3.2100, -792.0700, -118.1300, 3.2100, 0, 0, 0
L -785.0600, -120.4300, 3.2100, -786.4600, -119.9500, 1.6200, 0, 0, 0
L -790.3600, -125.5100, 3.2100, -789.2400, -124.5400, 1.6200, 0, 0, 0
L -788.1900, -125.5800, 3.2100, -789.3200, -126.8800, 0.0300, 0, 0, 0
L -788.1900, -125.5800, 3.2100, -790.3600, -125.5100, 3.2100, 0, 0, 0
L -444.2600, -296.7900, 3.2100, -443.1000, -295.5300, 0.0300, 0, 0, 0
L -444.2600, -296.7900, 3.2100, -442.0900, -296.9200, 3.2100, 0, 0, 0
L -442.0900, -296.9200, 3.2100, -443.2400, -297.8600, 1.6200, 0, 0, 0
L -447.7300, -301.6900, 3.2100, -446.3400, -302.2100, 1.6200, 0, 0, 0
L -439.3400, -302.2900, 3.2100, -438.8400, -303.9400, 0.0300, 0, 0, 0
L -439.3400, -302.2900, 3.2100, -440.5500, -304.1000, 3.2100, 0, 0, 0
L -446.7500, -303.6300, 3.2100, -448.4300, -303.2600, 0.0300, 0, 0, 0
L -446.7500, -303.6300, 3.2100, -447.7300, -301.6900, 3.2100, 0, 0, 0
L -440.5500, -304.1000, 3.2100, -440.7900, -302.6400, 1.6200, 0, 0, 0
L -966.4300, -457.7500, 3.2100, -964.7900, -457.2000, 0.0300, 0, 0, 0
L -966.4300, -457.7500, 3.2100, -964.5900, -458.9100, 3.2100, 0, 0, 0
L -964.5900, -458.9100, 3.2100, -966.0400, -459.1800, 1.6200, 0, 0, 0
L -971.8200, -460.3700, 3.2100, -970.8500, -461.4900, 1.6200, 0, 0, 0
L -971.9000, -462.5400, 3.2100, -973.1900, -461.4100, 0.0300, 0, 0, 0
L -971.9000, -462.5400, 3.2100, -971.8200, -460.3700, 3.2100, 0, 0, 0
L -964.7700, -464.9400, 3.2100, -965.1200, -466.6200, 0.0300, 0, 0, 0
L -964.7700, -464.9400, 3.2100, -966.6900, -465.9500, 3.2100, 0, 0, 0
L -966.6900, -465.9500, 3.2100, -966.2000, -464.5500, 1.6200, 0, 0, 0
L -21.4000, -549.4700, 3.2100, -21.5300, -550.9500, 1.6200, 0, 0, 0
L -23.0100, -550.9300, 3.2100, -23.1000, -549.2100, 0.0300, 0, 0, 0
L -23.0100, -550.9300, 3.2100, -21.4000, -549.4700, 3.2100, 0, 0, 0
L -15.6400, -551.2500, 3.2100, -14.1100, -552.0400, 0.0300, 0, 0, 0
L -15.6400, -551.2500, 3.2100, -15.1800, -553.3800, 3.2100, 0, 0, 0
L -15.1800, -553.3800, 3.2100, -16.4000, -552.5300, 1.6200, 0, 0, 0
L -21.9200, -556.8300, 3.2100, -20.5800, -556.2000, 1.6200, 0, 0, 0
L -19.8500, -557.4900, 3.2100, -21.2900, -558.4300, 0.0300, 0, 0, 0
L -19.8500, -557.4900, 3.2100, -21.9200, -556.8300, 3.2100, 0, 0, 0
L -18.6100, 166.1100, 3.3100, -17.6300, 165.6800, 2.3400, 0, 0, 0
L -18.6100, 166.1100, 3.3100, -18.6100, 165.6800, 3.3100, 0, 0, 0
L -18.6100, 166.1100, 3.3100, -19.9900, 166.1100, 3.3100, 0, 0, 0
L -19.9900, 166.1100, 3.3100, -18.6100, 165.6800, 3.3100, 0, 0, 0
L -19.9900, 166.1100, 3.3100, -19.9900, 165.6800, 3.3100, 0, 0, 0
L -19.9900, 166.1100, 3.3100, -20.9700, 166.1100, 2.3400, 0, 0, 0
L -18.6100, 165.6800, 3.3100, -19.3000, 165.6800, 1.6500, 0, 0, 0
L -18.6100, 165.6800, 3.3100, -19.9900, 165.6800, 3.3100, 0, 0, 0
L -19.9900, 165.6800, 3.3100, -19.3000, 165.6800, 1.6500, 0, 0, 0
L -19.9900, 165.6800, 3.3100, -20.9700, 165.6800, 2.3400, 0, 0, 0
L -18.6100, 159.5500, 3.3100, -17.6300, 159.1200, 2.3400, 0, 0, 0
L -18.6100, 159.5500, 3.3100, -18.6100, 159.1200, 3.3100, 0, 0, 0
L -18.6100, 159.5500, 3.3100, -19.9900, 159.5500, 3.3100, 0, 0, 0
L -19.9900, 159.5500, 3.3100, -18.6100, 159.1200, 3.3100, 0, 0, 0
L -19.9900, 159.5500, 3.3100, -19.9900, 159.1200, 3.3100, 0, 0, 0
L -19.9900, 159.5500, 3.3100, -20.9700, 159.5500, 2.3400, 0, 0, 0
L -18.6100, 159.1200, 3.3100, -19.3000, 159.1200, 1.6500, 0, 0, 0
L -18.6100, 159.1200, 3.3100, -19.9900, 159.1200, 3.3100, 0, 0, 0
L -19.9900, 159.1200, 3.3100, -19.3000, 159.1200, 1.6500, 0, 0, 0
L -19.9900, 159.1200, 3.3100, -20.9700, 159.1200, 2.3400, 0, 0, 0
L -11.9500, 567, 3.3800, -15.5200, 564.3700, 1.4700, 0, 0, 0
L -11.9500, 567, 3.3800, -12.1800, 565.6200, 1.4700, 0, 0, 0
L -11.9500, 567, 3.3800, -8.1200, 563.8500, 3.3800, 0, 0, 0
L -16.5900, 565.2500, 3.3800, -11.9500, 567, 3.3800, 0, 0, 0
L -16.5900, 565.2500, 3.3800, -16.1000, 560.8500, 1.4700, 0, 0, 0
L -8.1200, 563.8500, 3.3800, -12.1800, 565.6200, 1.4700, 0, 0, 0
L -8.1200, 563.8500, 3.3800, -9.4200, 563.3600, 1.4700, 0, 0, 0
L -8.1200, 563.8500, 3.3800, -8.9300, 558.9600, 3.3800, 0, 0, 0
L -17.4000, 560.3600, 3.3800, -13.3400, 558.5800, 1.4700, 0, 0, 0
L -17.4000, 560.3600, 3.3800, -16.1000, 560.8500, 1.4700, 0, 0, 0
L -17.4000, 560.3600, 3.3800, -16.5900, 565.2500, 3.3800, 0, 0, 0
L -8.9300, 558.9600, 3.3800, -9.4200, 563.3600, 1.4700, 0, 0, 0
L -8.9300, 558.9600, 3.3800, -10, 559.8400, 1.4700, 0, 0, 0
L -8.9300, 558.9600, 3.3800, -13.5700, 557.2100, 3.3800, 0, 0, 0
L -13.5700, 557.2100, 3.3800, -10, 559.8400, 1.4700, 0, 0, 0
L -13.5700, 557.2100, 3.3800, -13.3400, 558.5800, 1.4700, 0, 0, 0
L -13.5700, 557.2100, 3.3800, -17.4000, 560.3600, 3.3800, 0, 0, 0
L -997.7500, 476.7200, 3.3800, -998.9100, 472.4400, 1.4700, 0, 0, 0
L -997.7500, 476.7200, 3.3800, -997.0700, 475.5000, 1.4700, 0, 0, 0
L -997.7500, 476.7200, 3.3800, -992.7900, 476.6400, 3.3800, 0, 0, 0
L -992.7900, 476.6400, 3.3800, -997.0700, 475.5000, 1.4700, 0, 0, 0
L -992.7900, 476.6400, 3.3800, -993.5100, 475.4400, 1.4700, 0, 0, 0
L -992.7900, 476.6400, 3.3800, -990.3800, 472.3000, 3.3800, 0, 0, 0
L -1000.3000, 472.4700, 3.3800, -997.1700, 469.3300, 1.4700, 0, 0, 0
L -1000.3000, 472.4700, 3.3800, -998.9100, 472.4400, 1.4700, 0, 0, 0
L -1000.3000, 472.4700, 3.3800, -997.7500, 476.7200, 3.3800, 0, 0, 0
L -990.3800, 472.3000, 3.3800, -993.5100, 475.4400, 1.4700, 0, 0, 0
L -990.3800, 472.3000, 3.3800, -991.7800, 472.3300, 1.4700, 0, 0, 0
L -990.3800, 472.3000, 3.3800, -992.9300, 468.0500, 3.3800, 0, 0, 0
L -997.8900, 468.1300, 3.3800, -1000.3000, 472.4700, 3.3800, 0, 0, 0
L -997.8900, 468.1300, 3.3800, -993.6100, 469.2700, 1.4700, 0, 0, 0
L -992.9300, 468.0500, 3.3800, -991.7800, 472.3300, 1.4700, 0, 0, 0
L -992.9300, 468.0500, 3.3800, -993.6100, 469.2700, 1.4700, 0, 0, 0
L -992.9300, 468.0500, 3.3800, -997.8900, 468.1300, 3.3800, 0, 0, 0
L -446.6400, 400.4600, 3.3800, -450.7600, 398.8400, 1.4700, 0, 0, 0
L -446.6400, 400.4600, 3.3800, -447.2100, 399.1900, 1.4700, 0, 0, 0
L -446.6400, 400.4600, 3.3800, -443.7500, 396.4300, 3.3800, 0, 0, 0
L -451.5700, 399.9700, 3.3800, -452.2300, 395.5900, 1.4700, 0, 0, 0
L -451.5700, 399.9700, 3.3800, -450.7600, 398.8400, 1.4700, 0, 0, 0
L -451.5700, 399.9700, 3.3800, -446.6400, 400.4600, 3.3800, 0, 0, 0
L -443.7500, 396.4300, 3.3800, -447.2100, 399.1900, 1.4700, 0, 0, 0
L -443.7500, 396.4300, 3.3800, -445.1300, 396.2900, 1.4700, 0, 0, 0
L -443.7500, 396.4300, 3.3800, -445.7900, 391.9100, 3.3800, 0, 0, 0
L -453.6200, 395.4500, 3.3800, -451.5700, 399.9700, 3.3800, 0, 0, 0
L -453.6200, 395.4500, 3.3800, -450.1500, 392.6900, 1.4700, 0, 0, 0
L -445.7900, 391.9100, 3.3800, -445.1300, 396.2900, 1.4700, 0, 0, 0
L -445.7900, 391.9100, 3.3800, -446.6100, 393.0400, 1.4700, 0, 0, 0
L -445.7900, 391.9100, 3.3800, -450.7300, 391.4200, 3.3800, 0, 0, 0
L -450.7300, 391.4200, 3.3800, -446.6100, 393.0400, 1.4700, 0, 0, 0
L -450.7300, 391.4200, 3.3800, -450.1500, 392.6900, 1.4700, 0, 0, 0
L -450.7300, 391.4200, 3.3800, -453.6200, 395.4500, 3.3800, 0, 0, 0
L -790.5900, 170.7300, 3.3800, -794.7900, 169.3300, 1.4700, 0, 0, 0
L -790.5900, 170.7300, 3.3800, -791.2300, 169.4900, 1.4700, 0, 0, 0
L -790.5900, 170.7300, 3.3800, -787.9200, 166.5500, 3.3800, 0, 0, 0
L -795.5400, 170.5000, 3.3800, -796.4400, 166.1700, 1.4700, 0, 0, 0
L -795.5400, 170.5000, 3.3800, -794.7900, 169.3300, 1.4700, 0, 0, 0
L -795.5400, 170.5000, 3.3800, -790.5900, 170.7300, 3.3800, 0, 0, 0
L -787.9200, 166.5500, 3.3800, -791.2300, 169.4900, 1.4700, 0, 0, 0
L -787.9200, 166.5500, 3.3800, -789.3100, 166.4900, 1.4700, 0, 0, 0
L -787.9200, 166.5500, 3.3800, -790.2000, 162.1500, 3.3800, 0, 0, 0
L -797.8300, 166.1000, 3.3800, -794.5200, 163.1600, 1.4700, 0, 0, 0
L -797.8300, 166.1000, 3.3800, -796.4400, 166.1700, 1.4700, 0, 0, 0
L -797.8300, 166.1000, 3.3800, -795.5400, 170.5000, 3.3800, 0, 0, 0
L -790.2000, 162.1500, 3.3800, -789.3100, 166.4900, 1.4700, 0, 0, 0
L -790.2000, 162.1500, 3.3800, -790.9500, 163.3200, 1.4700, 0, 0, 0
L -790.2000, 162.1500, 3.3800, -795.1600, 161.9200, 3.3800, 0, 0, 0
L -795.1600, 161.9200, 3.3800, -797.8300, 166.1000, 3.3800, 0, 0, 0
L -795.1600, 161.9200, 3.3800, -790.9500, 163.3200, 1.4700, 0, 0, 0
L 388.9700, 63.5300, 3.3800, 393.2300, 61, 3.3800, 0, 0, 0
L 388.9700, 63.5300, 3.3800, 385.8400, 60.3900, 1.4700, 0, 0, 0
L 384.6400, 61.1100, 3.3800, 385.8000, 56.8300, 1.4700, 0, 0, 0
L 384.6400, 61.1100, 3.3800, 385.8400, 60.3900, 1.4700, 0, 0, 0
L 384.6400, 61.1100, 3.3800, 388.9700, 63.5300, 3.3800, 0, 0, 0
L 393.2300, 61, 3.3800, 388.9500, 62.1400, 1.4700, 0, 0, 0
L 393.2300, 61, 3.3800, 392.0200, 60.3200, 1.4700, 0, 0, 0
L 393.2300, 61, 3.3800, 393.1700, 56.0400, 3.3800, 0, 0, 0
L 384.5800, 56.1500, 3.3800, 388.8600, 55.0100, 1.4700, 0, 0, 0
L 384.5800, 56.1500, 3.3800, 385.8000, 56.8300, 1.4700, 0, 0, 0
L 384.5800, 56.1500, 3.3800, 384.6400, 61.1100, 3.3800, 0, 0, 0
L 393.1700, 56.0400, 3.3800, 392.0200, 60.3200, 1.4700, 0, 0, 0
L 393.1700, 56.0400, 3.3800, 391.9700, 56.7500, 1.4700, 0, 0, 0
L 393.1700, 56.0400, 3.3800, 388.8500, 53.6200, 3.3800, 0, 0, 0
L 388.8500, 53.6200, 3.3800, 391.9700, 56.7500, 1.4700, 0, 0, 0
L 388.8500, 53.6200, 3.3800, 388.8600, 55.0100, 1.4700, 0, 0, 0
L 388.8500, 53.6200, 3.3800, 384.5800, 56.1500, 3.3800, 0, 0, 0
L -88.2600, 28.1500, 3.3800, -84.4100, 25.0200, 3.3800, 0, 0, 0
L -88.2600, 28.1500, 3.3800, -91.8100, 25.5100, 1.4700, 0, 0, 0
L -92.8900, 26.3900, 3.3800, -92.3800, 21.9900, 1.4700, 0, 0, 0
L -92.8900, 26.3900, 3.3800, -91.8100, 25.5100, 1.4700, 0, 0, 0
L -92.8900, 26.3900, 3.3800, -88.2600, 28.1500, 3.3800, 0, 0, 0
L -84.4100, 25.0200, 3.3800, -88.4800, 26.7800, 1.4700, 0, 0, 0
L -84.4100, 25.0200, 3.3800, -85.7100, 24.5300, 1.4700, 0, 0, 0
L -84.4100, 25.0200, 3.3800, -85.2000, 20.1300, 3.3800, 0, 0, 0
L -93.6800, 21.4900, 3.3800, -89.6100, 19.7400, 1.4700, 0, 0, 0
L -93.6800, 21.4900, 3.3800, -92.3800, 21.9900, 1.4700, 0, 0, 0
L -93.6800, 21.4900, 3.3800, -92.8900, 26.3900, 3.3800, 0, 0, 0
L -85.2000, 20.1300, 3.3800, -85.7100, 24.5300, 1.4700, 0, 0, 0
L -85.2000, 20.1300, 3.3800, -86.2800, 21.0100, 1.4700, 0, 0, 0
L -85.2000, 20.1300, 3.3800, -89.8400, 18.3600, 3.3800, 0, 0, 0
L -89.8400, 18.3600, 3.3800, -86.2800, 21.0100, 1.4700, 0, 0, 0
L -89.8400, 18.3600, 3.3800, -89.6100, 19.7400, 1.4700, 0, 0, 0
L -89.8400, 18.3600, 3.3800, -93.6800, 21.4900, 3.3800, 0, 0, 0
L 389.1200, -39.4500, 3.3800, 393.2900, -42.1300, 3.3800, 0, 0, 0
L 389.1200, -39.4500, 3.3800, 385.8800, -42.4700, 1.4700, 0, 0, 0
L 384.7100, -41.7100, 3.3800, 385.7100, -46.0300, 1.4700, 0, 0, 0
L 384.7100, -41.7100, 3.3800, 385.8800, -42.4700, 1.4700, 0, 0, 0
L 384.7100, -41.7100, 3.3800, 389.1200, -39.4500, 3.3800, 0, 0, 0
L 393.2900, -42.1300, 3.3800, 389.0600, -40.8400, 1.4700, 0, 0, 0
L 393.2900, -42.1300, 3.3800, 392.0500, -42.7700, 1.4700, 0, 0, 0
L 393.2900, -42.1300, 3.3800, 393.0500, -47.0900, 3.3800, 0, 0, 0
L 384.4700, -46.6600, 3.3800, 388.7100, -47.9600, 1.4700, 0, 0, 0
L 384.4700, -46.6600, 3.3800, 385.7100, -46.0300, 1.4700, 0, 0, 0
L 384.4700, -46.6600, 3.3800, 384.7100, -41.7100, 3.3800, 0, 0, 0
L 393.0500, -47.0900, 3.3800, 392.0500, -42.7700, 1.4700, 0, 0, 0
L 393.0500, -47.0900, 3.3800, 391.8800, -46.3300, 1.4700, 0, 0, 0
L 393.0500, -47.0900, 3.3800, 388.6400, -49.3500, 3.3800, 0, 0, 0
L 388.6400, -49.3500, 3.3800, 391.8800, -46.3300, 1.4700, 0, 0, 0
L 388.6400, -49.3500, 3.3800, 388.7100, -47.9600, 1.4700, 0, 0, 0
L 388.6400, -49.3500, 3.3800, 384.4700, -46.6600, 3.3800, 0, 0, 0
L -791.5700, -117.0500, 3.3800, -792.8000, -121.3100, 1.4700, 0, 0, 0
L -791.5700, -117.0500, 3.3800, -790.9100, -118.2800, 1.4700, 0, 0, 0
L -791.5700, -117.0500, 3.3800, -786.6100, -117.2200, 3.3800, 0, 0, 0
L -786.6100, -117.2200, 3.3800, -790.9100, -118.2800, 1.4700, 0, 0, 0
L -786.6100, -117.2200, 3.3800, -787.3500, -118.4000, 1.4700, 0, 0, 0
L -786.6100, -117.2200, 3.3800, -784.2800, -121.5900, 3.3800, 0, 0, 0
L -794.1900, -121.2600, 3.3800, -791.1200, -124.4600, 1.4700, 0, 0, 0
L -794.1900, -121.2600, 3.3800, -792.8000, -121.3100, 1.4700, 0, 0, 0
L -794.1900, -121.2600, 3.3800, -791.5700, -117.0500, 3.3800, 0, 0, 0
L -784.2800, -121.5900, 3.3800, -787.3500, -118.4000, 1.4700, 0, 0, 0
L -784.2800, -121.5900, 3.3800, -785.6700, -121.5400, 1.4700, 0, 0, 0
L -784.2800, -121.5900, 3.3800, -786.8900, -125.8000, 3.3800, 0, 0, 0
L -791.8500, -125.6400, 3.3800, -787.5500, -124.5700, 1.4700, 0, 0, 0
L -791.8500, -125.6400, 3.3800, -791.1200, -124.4600, 1.4700, 0, 0, 0
L -791.8500, -125.6400, 3.3800, -794.1900, -121.2600, 3.3800, 0, 0, 0
L -786.8900, -125.8000, 3.3800, -791.8500, -125.6400, 3.3800, 0, 0, 0
L -786.8900, -125.8000, 3.3800, -785.6700, -121.5400, 1.4700, 0, 0, 0
L -445.6400, -296.5600, 3.3800, -446.9900, -300.7800, 1.4700, 0, 0, 0
L -445.6400, -296.5600, 3.3800, -445.0200, -297.8100, 1.4700, 0, 0, 0
L -445.6400, -296.5600, 3.3800, -440.6900, -296.8700, 3.3800, 0, 0, 0
L -440.6900, -296.8700, 3.3800, -445.0200, -297.8100, 1.4700, 0, 0, 0
L -440.6900, -296.8700, 3.3800, -441.4600, -298.0300, 1.4700, 0, 0, 0
L -440.6900, -296.8700, 3.3800, -438.4800, -301.3100, 3.3800, 0, 0, 0
L -448.3800, -300.7000, 3.3800, -445.4000, -303.9700, 1.4700, 0, 0, 0
L -448.3800, -300.7000, 3.3800, -446.9900, -300.7800, 1.4700, 0, 0, 0
L -448.3800, -300.7000, 3.3800, -445.6400, -296.5600, 3.3800, 0, 0, 0
L -438.4800, -301.3100, 3.3800, -441.2200, -305.4400, 3.3800, 0, 0, 0
L -438.4800, -301.3100, 3.3800, -441.4600, -298.0300, 1.4700, 0, 0, 0
L -446.1700, -305.1400, 3.3800, -441.8400, -304.1900, 1.4700, 0, 0, 0
L -446.1700, -305.1400, 3.3800, -445.4000, -303.9700, 1.4700, 0, 0, 0
L -446.1700, -305.1400, 3.3800, -448.3800, -300.7000, 3.3800, 0, 0, 0
L -441.2200, -305.4400, 3.3800, -439.8700, -301.2200, 1.4700, 0, 0, 0
L -441.2200, -305.4400, 3.3800, -441.8400, -304.1900, 1.4700, 0, 0, 0
L -441.2200, -305.4400, 3.3800, -446.1700, -305.1400, 3.3800, 0, 0, 0
L -967.5200, -456.8800, 3.3800, -970.7400, -459.9300, 1.4700, 0, 0, 0
L -967.5200, -456.8800, 3.3800, -967.5800, -458.2700, 1.4700, 0, 0, 0
L -967.5200, -456.8800, 3.3800, -963.3300, -459.5400, 3.3800, 0, 0, 0
L -971.9200, -459.1800, 3.3800, -970.8900, -463.4900, 1.4700, 0, 0, 0
L -971.9200, -459.1800, 3.3800, -970.7400, -459.9300, 1.4700, 0, 0, 0
L -971.9200, -459.1800, 3.3800, -967.5200, -456.8800, 3.3800, 0, 0, 0
L -963.3300, -459.5400, 3.3800, -967.5800, -458.2700, 1.4700, 0, 0, 0
L -963.3300, -459.5400, 3.3800, -964.5700, -460.1800, 1.4700, 0, 0, 0
L -963.3300, -459.5400, 3.3800, -963.5400, -464.4900, 3.3800, 0, 0, 0
L -972.1200, -464.1400, 3.3800, -967.8700, -465.4000, 1.4700, 0, 0, 0
L -972.1200, -464.1400, 3.3800, -970.8900, -463.4900, 1.4700, 0, 0, 0
L -972.1200, -464.1400, 3.3800, -971.9200, -459.1800, 3.3800, 0, 0, 0
L -963.5400, -464.4900, 3.3800, -967.9300, -466.7900, 3.3800, 0, 0, 0
L -963.5400, -464.4900, 3.3800, -964.5700, -460.1800, 1.4700, 0, 0, 0
L -967.9300, -466.7900, 3.3800, -964.7100, -463.7500, 1.4700, 0, 0, 0
L -967.9300, -466.7900, 3.3800, -967.8700, -465.4000, 1.4700, 0, 0, 0
L -967.9300, -466.7900, 3.3800, -972.1200, -464.1400, 3.3800, 0, 0, 0
L -20.4600, -548.4300, 3.3800, -22.8100, -552.1900, 1.4700, 0, 0, 0
L -20.4600, -548.4300, 3.3800, -20.1700, -549.7900, 1.4700, 0, 0, 0
L -20.4600, -548.4300, 3.3800, -15.7400, -549.9500, 3.3800, 0, 0, 0
L -15.7400, -549.9500, 3.3800, -14.7000, -554.7900, 3.3800, 0, 0, 0
L -15.7400, -549.9500, 3.3800, -20.1700, -549.7900, 1.4700, 0, 0, 0
L -24.1400, -551.7600, 3.3800, -22.0600, -555.6700, 1.4700, 0, 0, 0
L -24.1400, -551.7600, 3.3800, -22.8100, -552.1900, 1.4700, 0, 0, 0
L -24.1400, -551.7600, 3.3800, -20.4600, -548.4300, 3.3800, 0, 0, 0
L -14.7000, -554.7900, 3.3800, -16.7800, -550.8800, 1.4700, 0, 0, 0
L -14.7000, -554.7900, 3.3800, -16.0200, -554.3700, 1.4700, 0, 0, 0
L -14.7000, -554.7900, 3.3800, -18.3700, -558.1200, 3.3800, 0, 0, 0
L -23.0900, -556.6100, 3.3800, -18.6600, -556.7600, 1.4700, 0, 0, 0
L -23.0900, -556.6100, 3.3800, -22.0600, -555.6700, 1.4700, 0, 0, 0
L -23.0900, -556.6100, 3.3800, -24.1400, -551.7600, 3.3800, 0, 0, 0
L -18.3700, -558.1200, 3.3800, -16.0200, -554.3700, 1.4700, 0, 0, 0
L -18.3700, -558.1200, 3.3800, -18.6600, -556.7600, 1.4700, 0, 0, 0
L -18.3700, -558.1200, 3.3800, -23.0900, -556.6100, 3.3800, 0, 0, 0
L -13.2800, 565.8200, 3.4100, -12.5500, 558.4400, 3.4100, 0, 0, 0
L -10.5400, 565.0500, 3.4100, -15.2500, 559.3200, 3.4100, 0, 0, 0
L -15.7500, 564.5000, 3.4100, -10.0200, 559.7900, 3.4100, 0, 0, 0
L -9.2000, 562.5200, 3.4100, -16.5800, 561.7900, 3.4100, 0, 0, 0
L -16.5700, 561.7300, 3.4100, -9.1900, 562.4600, 3.4100, 0, 0, 0
L -9.9800, 559.8400, 3.4100, -15.7100, 564.5400, 3.4100, 0, 0, 0
L -15.2000, 559.2800, 3.4100, -10.4900, 565.0100, 3.4100, 0, 0, 0
L -12.4900, 558.4400, 3.4100, -13.2100, 565.8200, 3.4100, 0, 0, 0
L -996.2800, 475.8400, 3.4100, -994.4800, 468.6500, 3.4100, 0, 0, 0
L -993.5100, 475.4700, 3.4100, -997.3200, 469.1100, 3.4100, 0, 0, 0
L -998.5800, 474.1500, 3.4100, -992.2200, 470.3300, 3.4100, 0, 0, 0
L -991.7600, 473.1900, 3.4100, -998.9500, 471.3900, 3.4100, 0, 0, 0
L -998.9400, 471.3300, 3.4100, -991.7500, 473.1300, 3.4100, 0, 0, 0
L -992.1900, 470.3900, 3.4100, -998.5500, 474.2000, 3.4100, 0, 0, 0
L -997.2700, 469.0800, 3.4100, -993.4600, 475.4300, 3.4100, 0, 0, 0
L -994.4100, 468.6700, 3.4100, -996.2200, 475.8600, 3.4100, 0, 0, 0
L -449.2000, 399.5900, 3.4100, -448.4700, 392.2200, 3.4100, 0, 0, 0
L -446.4600, 398.7500, 3.4100, -451.1600, 393.0200, 3.4100, 0, 0, 0
L -451.6700, 398.2000, 3.4100, -445.9400, 393.5000, 3.4100, 0, 0, 0
L -445.1200, 396.3100, 3.4100, -452.4900, 395.5800, 3.4100, 0, 0, 0
L -452.4900, 395.5200, 3.4100, -445.1100, 396.2400, 3.4100, 0, 0, 0
L -445.9000, 393.5500, 3.4100, -451.6300, 398.2500, 3.4100, 0, 0, 0
L -451.1200, 392.9800, 3.4100, -446.4100, 398.7100, 3.4100, 0, 0, 0
L -448.4100, 392.2200, 3.4100, -449.1400, 399.6000, 3.4100, 0, 0, 0
L -794.0200, 169.7200, 3.4100, -791.7800, 162.6500, 3.4100, 0, 0, 0
L -791.2300, 169.5100, 3.4100, -794.6500, 162.9300, 3.4100, 0, 0, 0
L -796.2200, 167.8800, 3.4100, -789.6400, 164.4700, 3.4100, 0, 0, 0
L -789.3500, 167.3500, 3.4100, -796.4200, 165.1100, 3.4100, 0, 0, 0
L -796.4000, 165.0500, 3.4100, -789.3300, 167.2900, 3.4100, 0, 0, 0
L -791.7200, 162.6700, 3.4100, -793.9600, 169.7400, 3.4100, 0, 0, 0
L 388.9100, 62.4000, 3.4100, 388.8100, 54.9900, 3.4100, 0, 0, 0
L 386.2300, 61.3200, 3.4100, 391.4100, 56.0100, 3.4100, 0, 0, 0
L 385.1800, 58.7100, 3.4100, 392.5900, 58.6200, 3.4100, 0, 0, 0
L 392.5900, 58.6900, 3.4100, 385.1800, 58.7800, 3.4100, 0, 0, 0
L 386.2200, 56.0800, 3.4100, 391.5300, 61.2500, 3.4100, 0, 0, 0
L 391.4600, 56.0600, 3.4100, 386.2800, 61.3600, 3.4100, 0, 0, 0
L 388.8800, 54.9900, 3.4100, 388.9700, 62.4000, 3.4100, 0, 0, 0
L -88.4900, 27.0500, 3.4100, -89.6600, 19.7300, 3.4100, 0, 0, 0
L -91.2900, 26.3600, 3.4100, -86.9500, 20.3600, 3.4100, 0, 0, 0
L -86.1000, 25.5800, 3.4100, -92.1100, 21.2300, 3.4100, 0, 0, 0
L -92.7100, 23.9400, 3.4100, -85.3900, 22.7700, 3.4100, 0, 0, 0
L -85.3800, 22.8300, 3.4100, -92.7000, 24.0100, 3.4100, 0, 0, 0
L -92.0700, 21.1800, 3.4100, -86.0600, 25.5200, 3.4100, 0, 0, 0
L -86.8900, 20.3900, 3.4100, -91.2400, 26.4000, 3.4100, 0, 0, 0
L -89.6000, 19.7200, 3.4100, -88.4300, 27.0400, 3.4100, 0, 0, 0
L 389.0200, -40.5700, 3.4100, 388.6600, -47.9800, 3.4100, 0, 0, 0
L 386.3100, -41.5600, 3.4100, 391.2900, -47.0500, 3.4100, 0, 0, 0
L 391.5500, -41.7700, 3.4100, 386.0600, -46.7500, 3.4100, 0, 0, 0
L 385.1600, -44.1200, 3.4100, 392.5700, -44.4800, 3.4100, 0, 0, 0
L 392.5700, -44.4200, 3.4100, 385.1700, -44.0600, 3.4100, 0, 0, 0
L 386.1000, -46.8000, 3.4100, 391.6000, -41.8200, 3.4100, 0, 0, 0
L 391.3400, -47.0100, 3.4100, 386.3600, -41.5200, 3.4100, 0, 0, 0
L 388.7200, -47.9800, 3.4100, 389.0800, -40.5700, 3.4100, 0, 0, 0
L -788.0800, -117.9400, 3.4100, -790.2300, -125.0400, 3.4100, 0, 0, 0
L -790.9300, -118.2700, 3.4100, -787.4400, -124.8100, 3.4100, 0, 0, 0
L -785.9000, -119.7500, 3.4100, -792.4400, -123.2500, 3.4100, 0, 0, 0
L -792.6800, -120.4500, 3.4100, -785.5900, -122.6000, 3.4100, 0, 0, 0
L -785.5700, -122.5400, 3.4100, -792.6600, -120.3900, 3.4100, 0, 0, 0
L -792.4100, -123.3000, 3.4100, -785.8700, -119.8100, 3.4100, 0, 0, 0
L -787.3800, -124.7800, 3.4100, -790.8800, -118.2400, 3.4100, 0, 0, 0
L -790.1700, -125.0600, 3.4100, -788.0200, -117.9600, 3.4100, 0, 0, 0
L -443.1100, -297.2900, 3.4100, -443.5600, -304.6900, 3.4100, 0, 0, 0
L -445.7900, -298.1900, 3.4100, -440.8800, -303.7500, 3.4100, 0, 0, 0
L -440.5600, -298.4700, 3.4100, -446.1100, -303.3800, 3.4100, 0, 0, 0
L -447.0100, -300.8000, 3.4100, -439.6100, -301.2500, 3.4100, 0, 0, 0
L -439.6100, -301.1900, 3.4100, -447.0100, -300.7300, 3.4100, 0, 0, 0
L -446.0700, -303.4200, 3.4100, -440.5200, -298.5100, 3.4100, 0, 0, 0
L -440.8400, -303.7100, 3.4100, -445.7500, -298.1500, 3.4100, 0, 0, 0
L -443.5000, -304.6900, 3.4100, -443.0500, -297.2900, 3.4100, 0, 0, 0
L -968.4400, -458.2400, 3.4100, -966.8200, -465.4700, 3.4100, 0, 0, 0
L -965.6500, -458.7400, 3.4100, -969.6200, -465, 3.4100, 0, 0, 0
L -970.7600, -459.9300, 3.4100, -964.5000, -463.9000, 3.4100, 0, 0, 0
L -963.9900, -461, 3.4100, -971.2200, -462.6300, 3.4100, 0, 0, 0
L -971.2100, -462.6900, 3.4100, -963.9800, -461.0600, 3.4100, 0, 0, 0
L -964.4700, -463.8500, 3.4100, -970.7300, -459.8800, 3.4100, 0, 0, 0
L -969.5700, -465.0400, 3.4100, -965.6000, -458.7700, 3.4100, 0, 0, 0
L -19.2300, -549.4500, 3.4100, -19.5900, -556.8600, 3.4100, 0, 0, 0
L -21.8500, -550.4500, 3.4100, -16.8700, -555.9400, 3.4100, 0, 0, 0
L -16.6100, -550.6700, 3.4100, -22.1100, -555.6500, 3.4100, 0, 0, 0
L -23.0800, -553.0100, 3.4100, -15.6700, -553.3700, 3.4100, 0, 0, 0
L -15.6700, -553.3100, 3.4100, -23.0700, -552.9500, 3.4100, 0, 0, 0
L -22.0600, -555.6900, 3.4100, -16.5700, -550.7200, 3.4100, 0, 0, 0
L -16.8300, -555.9000, 3.4100, -21.8000, -550.4100, 3.4100, 0, 0, 0
L -19.5300, -556.8600, 3.4100, -19.1600, -549.4500, 3.4100, 0, 0, 0
L -15.8500, 564.6400, 3.4400, -12.7600, 562.1000, 4.3600, 0, 0, 0
L -997.4000, 468.9500, 3.4400, -995.3400, 472.3900, 4.3600, 0, 0, 0
L -452.6700, 395.5500, 3.4400, -448.6800, 395.9400, 4.3600, 0, 0, 0
L -794.7200, 162.7700, 3.4400, -792.8700, 166.3300, 4.3600, 0, 0, 0
L 388.9600, 62.5800, 3.4400, 388.9100, 58.5700, 4.3600, 0, 0, 0
L -88.4100, 27.2100, 3.4400, -89.0500, 23.2600, 4.3600, 0, 0, 0
L 389.0800, -40.4000, 3.4400, 388.8800, -44.4000, 4.3600, 0, 0, 0
L -787.3500, -124.9600, 3.4400, -789.2300, -121.4300, 4.3600, 0, 0, 0
L -439.4400, -301.2500, 3.4400, -443.4300, -301, 4.3600, 0, 0, 0
L -964.3500, -463.9800, 3.4400, -967.7300, -461.8400, 4.3600, 0, 0, 0
L -16.4500, -550.5900, 3.4400, -19.4200, -553.2800, 4.3600, 0, 0, 0
L -14.2500, 165.5900, 3.9700, -23.0200, 165.1700, 5.6700, 0, 0, 0
L -14.2500, 165.5900, 3.9700, -23.0200, 165.5900, 5.6700, 0, 0, 0
L -14.2500, 165.5900, 3.9700, -14.8400, 165.5900, 0.9800, 0, 0, 0
L -14.2700, 165.5900, 3.9700, -14.2700, 159.6100, 3.9700, 0, 0, 0
L -14.2700, 165.5900, 3.9700, -14.4900, 159.6100, 4.0100, 0, 0, 0
L -14.2700, 165.5900, 3.9700, -14.4900, 165.5900, 4.0100, 0, 0, 0
L -14.2500, 165.1700, 3.9700, -14.2500, 165.5900, 3.9700, 0, 0, 0
L -14.2500, 160.0400, 3.9700, -23.0200, 159.6100, 5.6700, 0, 0, 0
L -14.2500, 160.0400, 3.9700, -23.0200, 160.0400, 5.6700, 0, 0, 0
L -14.2500, 160.0400, 3.9700, -14.8400, 160.0400, 0.9800, 0, 0, 0
L -14.2500, 159.6100, 3.9700, -14.2500, 160.0400, 3.9700, 0, 0, 0
L -14.4900, 165.5900, 4.0100, -15.0700, 165.5900, 1.0200, 0, 0, 0
L -14.4900, 159.6100, 4.0100, -14.4900, 165.5900, 4.0100, 0, 0, 0
L -14.4900, 159.6100, 4.0100, -14.2700, 159.6100, 3.9700, 0, 0, 0
L 587.1600, 36.8100, 4.0300, 648.6200, 32.3100, 5.4700, 0, 0, 0
L -12.7600, 562.1000, 4.3600, -12.1100, 566.0500, 3.4400, 0, 0, 0
L -12.7600, 562.1000, 4.3600, -9.0100, 563.5100, 3.4400, 0, 0, 0
L -12.7600, 562.1000, 4.3600, -9.6700, 559.5600, 3.4400, 0, 0, 0
L -12.7600, 562.1000, 4.3600, -13.4100, 558.1600, 3.4400, 0, 0, 0
L -12.7600, 562.1000, 4.3600, -16.5000, 560.6900, 3.4400, 0, 0, 0
L -995.3400, 472.3900, 4.3600, -999.3400, 472.4500, 3.4400, 0, 0, 0
L -995.3400, 472.3900, 4.3600, -997.2900, 475.8800, 3.4400, 0, 0, 0
L -995.3400, 472.3900, 4.3600, -993.2800, 475.8200, 3.4400, 0, 0, 0
L -995.3400, 472.3900, 4.3600, -991.3400, 472.3200, 3.4400, 0, 0, 0
L -995.3400, 472.3900, 4.3600, -993.4000, 468.8900, 3.4400, 0, 0, 0
L -448.6800, 395.9400, 4.3600, -451.0100, 399.1900, 3.4400, 0, 0, 0
L -448.6800, 395.9400, 4.3600, -447.0300, 399.5900, 3.4400, 0, 0, 0
L -448.6800, 395.9400, 4.3600, -444.7000, 396.3300, 3.4400, 0, 0, 0
L -448.6800, 395.9400, 4.3600, -446.3500, 392.6900, 3.4400, 0, 0, 0
L -448.6800, 395.9400, 4.3600, -450.3300, 392.3000, 3.4400, 0, 0, 0
L -792.8700, 166.3300, 4.3600, -796.8700, 166.1500, 3.4400, 0, 0, 0
L -792.8700, 166.3300, 4.3600, -795.0300, 169.7000, 3.4400, 0, 0, 0
L -792.8700, 166.3300, 4.3600, -791.0300, 169.8800, 3.4400, 0, 0, 0
L -792.8700, 166.3300, 4.3600, -788.8800, 166.5100, 3.4400, 0, 0, 0
L -792.8700, 166.3300, 4.3600, -790.7200, 162.9500, 3.4400, 0, 0, 0
L 388.9100, 58.5700, 4.3600, 392.4000, 60.5300, 3.4400, 0, 0, 0
L 388.9100, 58.5700, 4.3600, 392.3500, 56.5300, 3.4400, 0, 0, 0
L 388.9100, 58.5700, 4.3600, 388.8600, 54.5700, 3.4400, 0, 0, 0
L 388.9100, 58.5700, 4.3600, 385.4200, 56.6200, 3.4400, 0, 0, 0
L 388.9100, 58.5700, 4.3600, 385.4700, 60.6200, 3.4400, 0, 0, 0
L -89.0500, 23.2600, 4.3600, -85.3100, 24.6800, 3.4400, 0, 0, 0
L -89.0500, 23.2600, 4.3600, -85.9400, 20.7300, 3.4400, 0, 0, 0
L -89.0500, 23.2600, 4.3600, -89.6800, 19.3100, 3.4400, 0, 0, 0
L -89.0500, 23.2600, 4.3600, -92.7900, 21.8300, 3.4400, 0, 0, 0
L -89.0500, 23.2600, 4.3600, -92.1500, 25.7800, 3.4400, 0, 0, 0
L 388.8800, -44.4000, 4.3600, 392.4400, -42.5700, 3.4400, 0, 0, 0
L 388.8800, -44.4000, 4.3600, 392.2400, -46.5700, 3.4400, 0, 0, 0
L 388.8800, -44.4000, 4.3600, 388.6800, -48.3900, 3.4400, 0, 0, 0
L 388.8800, -44.4000, 4.3600, 385.3200, -46.2300, 3.4400, 0, 0, 0
L 388.8800, -44.4000, 4.3600, 385.5200, -42.2300, 3.4400, 0, 0, 0
L -789.2300, -121.4300, 4.3600, -791.3500, -124.8300, 3.4400, 0, 0, 0
L -789.2300, -121.4300, 4.3600, -793.2300, -121.3000, 3.4400, 0, 0, 0
L -789.2300, -121.4300, 4.3600, -791.1200, -117.9000, 3.4400, 0, 0, 0
L -789.2300, -121.4300, 4.3600, -787.1200, -118.0300, 3.4400, 0, 0, 0
L -789.2300, -121.4300, 4.3600, -785.2300, -121.5600, 3.4400, 0, 0, 0
L -443.4300, -301, 4.3600, -441.6500, -304.5800, 3.4400, 0, 0, 0
L -443.4300, -301, 4.3600, -445.6400, -304.3400, 3.4400, 0, 0, 0
L -443.4300, -301, 4.3600, -447.4300, -300.7600, 3.4400, 0, 0, 0
L -443.4300, -301, 4.3600, -445.2200, -297.4200, 3.4400, 0, 0, 0
L -443.4300, -301, 4.3600, -441.2200, -297.6700, 3.4400, 0, 0, 0
L -967.7300, -461.8400, 4.3600, -967.8900, -465.8400, 3.4400, 0, 0, 0
L -967.7300, -461.8400, 4.3600, -971.2700, -463.7000, 3.4400, 0, 0, 0
L -967.7300, -461.8400, 4.3600, -971.1100, -459.7000, 3.4400, 0, 0, 0
L -967.7300, -461.8400, 4.3600, -967.5600, -457.8400, 3.4400, 0, 0, 0
L -967.7300, -461.8400, 4.3600, -964.1800, -459.9800, 3.4400, 0, 0, 0
L -19.4200, -553.2800, 4.3600, -15.6100, -554.5000, 3.4400, 0, 0, 0
L -19.4200, -553.2800, 4.3600, -18.5700, -557.1900, 3.4400, 0, 0, 0
L -19.4200, -553.2800, 4.3600, -22.3800, -555.9600, 3.4400, 0, 0, 0
L -19.4200, -553.2800, 4.3600, -23.2300, -552.0500, 3.4400, 0, 0, 0
L -19.4200, -553.2800, 4.3600, -20.2600, -549.3700, 3.4400, 0, 0, 0
L 648.6200, 32.3100, 5.4700, 755.4400, 24.5000, 8.0300, 0, 0, 0
L -23.0200, 165.5900, 5.6700, -23.0200, 165.1700, 5.6700, 0, 0, 0
L -23.0200, 165.5900, 5.6700, -23.6000, 165.5900, 2.6800, 0, 0, 0
L -23.0200, 165.1700, 5.6700, -14.2500, 165.1700, 3.9700, 0, 0, 0
L -23.0200, 165.1700, 5.6700, -23.6000, 165.1700, 2.6800, 0, 0, 0
L -23.0200, 160.0400, 5.6700, -23.0200, 159.6100, 5.6700, 0, 0, 0
L -23.0200, 160.0400, 5.6700, -23.6000, 160.0400, 2.6800, 0, 0, 0
L -23.0200, 159.6100, 5.6700, -14.2500, 159.6100, 3.9700, 0, 0, 0
L -23.0200, 159.6100, 5.6700, -23.6000, 159.6100, 2.6800, 0, 0, 0
L -16.5900, 565.2500, 5.7300, -17.2000, 565.7500, 6.6900, 0, 0, 0
L -997.8900, 468.1300, 5.7300, -998.2900, 467.4600, 6.6900, 0, 0, 0
L -453.6200, 395.4500, 5.7300, -454.4000, 395.3800, 6.6900, 0, 0, 0
L -795.1600, 161.9200, 5.7300, -795.5200, 161.2300, 6.6900, 0, 0, 0
L 388.9700, 63.5300, 5.7300, 388.9800, 64.3100, 6.6900, 0, 0, 0
L -88.2600, 28.1500, 5.7300, -88.1400, 28.9300, 6.6900, 0, 0, 0
L 389.1200, -39.4500, 5.7300, 389.1600, -38.6600, 6.6900, 0, 0, 0
L -786.8900, -125.8000, 5.7300, -786.5300, -126.4900, 6.6900, 0, 0, 0
L -438.4800, -301.3100, 5.7300, -437.7000, -301.3500, 6.6900, 0, 0, 0
L -963.5400, -464.4900, 5.7300, -962.8800, -464.9100, 6.6900, 0, 0, 0
L -15.7400, -549.9500, 5.7300, -15.1600, -549.4200, 6.6900, 0, 0, 0
L -12.1100, 566.0500, 5.8200, -17.2000, 565.7500, 6.6900, 0, 0, 0
L -12.1100, 566.0500, 5.8200, -11.8200, 567.7700, 6.6900, 0, 0, 0
L -12.1100, 566.0500, 5.8200, -9.0100, 563.5100, 5.8200, 0, 0, 0
L -15.8500, 564.6400, 5.8200, -12.1100, 566.0500, 5.8200, 0, 0, 0
L -15.8500, 564.6400, 5.8200, -18.1300, 560.0800, 6.6900, 0, 0, 0
L -9.0100, 563.5100, 5.8200, -11.8200, 567.7700, 6.6900, 0, 0, 0
L -9.0100, 563.5100, 5.8200, -7.3900, 564.1300, 6.6900, 0, 0, 0
L -9.0100, 563.5100, 5.8200, -9.6700, 559.5600, 5.8200, 0, 0, 0
L -16.5000, 560.6900, 5.8200, -13.6900, 556.4400, 6.6900, 0, 0, 0
L -16.5000, 560.6900, 5.8200, -18.1300, 560.0800, 6.6900, 0, 0, 0
L -16.5000, 560.6900, 5.8200, -15.8500, 564.6400, 5.8200, 0, 0, 0
L -9.6700, 559.5600, 5.8200, -7.3900, 564.1300, 6.6900, 0, 0, 0
L -9.6700, 559.5600, 5.8200, -8.3200, 558.4600, 6.6900, 0, 0, 0
L -9.6700, 559.5600, 5.8200, -13.4100, 558.1600, 5.8200, 0, 0, 0
L -13.4100, 558.1600, 5.8200, -8.3200, 558.4600, 6.6900, 0, 0, 0
L -13.4100, 558.1600, 5.8200, -13.6900, 556.4400, 6.6900, 0, 0, 0
L -13.4100, 558.1600, 5.8200, -16.5000, 560.6900, 5.8200, 0, 0, 0
L -997.2900, 475.8800, 5.8200, -1001.0800, 472.4800, 6.6900, 0, 0, 0
L -997.2900, 475.8800, 5.8200, -998.1300, 477.4000, 6.6900, 0, 0, 0
L -997.2900, 475.8800, 5.8200, -993.2800, 475.8200, 5.8200, 0, 0, 0
L -993.2800, 475.8200, 5.8200, -998.1300, 477.4000, 6.6900, 0, 0, 0
L -993.2800, 475.8200, 5.8200, -992.3900, 477.3100, 6.6900, 0, 0, 0
L -993.2800, 475.8200, 5.8200, -991.3400, 472.3200, 5.8200, 0, 0, 0
L -999.3400, 472.4500, 5.8200, -998.2900, 467.4600, 6.6900, 0, 0, 0
L -999.3400, 472.4500, 5.8200, -1001.0800, 472.4800, 6.6900, 0, 0, 0
L -999.3400, 472.4500, 5.8200, -997.2900, 475.8800, 5.8200, 0, 0, 0
L -991.3400, 472.3200, 5.8200, -992.3900, 477.3100, 6.6900, 0, 0, 0
L -991.3400, 472.3200, 5.8200, -989.6000, 472.2900, 6.6900, 0, 0, 0
L -991.3400, 472.3200, 5.8200, -993.4000, 468.8900, 5.8200, 0, 0, 0
L -997.4000, 468.9500, 5.8200, -999.3400, 472.4500, 5.8200, 0, 0, 0
L -997.4000, 468.9500, 5.8200, -992.5500, 467.3700, 6.6900, 0, 0, 0
L -993.4000, 468.8900, 5.8200, -989.6000, 472.2900, 6.6900, 0, 0, 0
L -993.4000, 468.8900, 5.8200, -992.5500, 467.3700, 6.6900, 0, 0, 0
L -993.4000, 468.8900, 5.8200, -997.4000, 468.9500, 5.8200, 0, 0, 0
L -447.0300, 399.5900, 5.8200, -452.0300, 400.6100, 6.6900, 0, 0, 0
L -447.0300, 399.5900, 5.8200, -446.3100, 401.1700, 6.6900, 0, 0, 0
L -447.0300, 399.5900, 5.8200, -444.7000, 396.3300, 5.8200, 0, 0, 0
L -451.0100, 399.1900, 5.8200, -454.4000, 395.3800, 6.6900, 0, 0, 0
L -451.0100, 399.1900, 5.8200, -452.0300, 400.6100, 6.6900, 0, 0, 0
L -451.0100, 399.1900, 5.8200, -447.0300, 399.5900, 5.8200, 0, 0, 0
L -444.7000, 396.3300, 5.8200, -446.3100, 401.1700, 6.6900, 0, 0, 0
L -444.7000, 396.3300, 5.8200, -442.9700, 396.5000, 6.6900, 0, 0, 0
L -444.7000, 396.3300, 5.8200, -446.3500, 392.6900, 5.8200, 0, 0, 0
L -452.6700, 395.5500, 5.8200, -451.0100, 399.1900, 5.8200, 0, 0, 0
L -452.6700, 395.5500, 5.8200, -451.0500, 390.7100, 6.6900, 0, 0, 0
L -446.3500, 392.6900, 5.8200, -442.9700, 396.5000, 6.6900, 0, 0, 0
L -446.3500, 392.6900, 5.8200, -445.3400, 391.2700, 6.6900, 0, 0, 0
L -446.3500, 392.6900, 5.8200, -450.3300, 392.3000, 5.8200, 0, 0, 0
L -450.3300, 392.3000, 5.8200, -445.3400, 391.2700, 6.6900, 0, 0, 0
L -450.3300, 392.3000, 5.8200, -451.0500, 390.7100, 6.6900, 0, 0, 0
L -450.3300, 392.3000, 5.8200, -452.6700, 395.5500, 5.8200, 0, 0, 0
L -791.0300, 169.8800, 5.8200, -795.9600, 171.1600, 6.6900, 0, 0, 0
L -791.0300, 169.8800, 5.8200, -790.2300, 171.4200, 6.6900, 0, 0, 0
L -791.0300, 169.8800, 5.8200, -788.8800, 166.5100, 5.8200, 0, 0, 0
L -795.0300, 169.7000, 5.8200, -798.6100, 166.0700, 6.6900, 0, 0, 0
L -795.0300, 169.7000, 5.8200, -795.9600, 171.1600, 6.6900, 0, 0, 0
L -795.0300, 169.7000, 5.8200, -791.0300, 169.8800, 5.8200, 0, 0, 0
L -788.8800, 166.5100, 5.8200, -790.2300, 171.4200, 6.6900, 0, 0, 0
L -788.8800, 166.5100, 5.8200, -787.1400, 166.5800, 6.6900, 0, 0, 0
L -788.8800, 166.5100, 5.8200, -790.7200, 162.9500, 5.8200, 0, 0, 0
L -796.8700, 166.1500, 5.8200, -795.5200, 161.2300, 6.6900, 0, 0, 0
L -796.8700, 166.1500, 5.8200, -798.6100, 166.0700, 6.6900, 0, 0, 0
L -796.8700, 166.1500, 5.8200, -795.0300, 169.7000, 5.8200, 0, 0, 0
L -790.7200, 162.9500, 5.8200, -787.1400, 166.5800, 6.6900, 0, 0, 0
L -790.7200, 162.9500, 5.8200, -789.7800, 161.4900, 6.6900, 0, 0, 0
L -790.7200, 162.9500, 5.8200, -794.7200, 162.7700, 5.8200, 0, 0, 0
L -794.7200, 162.7700, 5.8200, -796.8700, 166.1500, 5.8200, 0, 0, 0
L -794.7200, 162.7700, 5.8200, -789.7800, 161.4900, 6.6900, 0, 0, 0
L 388.9600, 62.5800, 5.8200, 392.4000, 60.5300, 5.8200, 0, 0, 0
L 388.9600, 62.5800, 5.8200, 383.9700, 61.5000, 6.6900, 0, 0, 0
L 385.4700, 60.6200, 5.8200, 383.9000, 55.7600, 6.6900, 0, 0, 0
L 385.4700, 60.6200, 5.8200, 383.9700, 61.5000, 6.6900, 0, 0, 0
L 385.4700, 60.6200, 5.8200, 388.9600, 62.5800, 5.8200, 0, 0, 0
L 392.4000, 60.5300, 5.8200, 388.9800, 64.3100, 6.6900, 0, 0, 0
L 392.4000, 60.5300, 5.8200, 393.9100, 61.3800, 6.6900, 0, 0, 0
L 392.4000, 60.5300, 5.8200, 392.3500, 56.5300, 5.8200, 0, 0, 0
L 385.4200, 56.6200, 5.8200, 388.8400, 52.8300, 6.6900, 0, 0, 0
L 385.4200, 56.6200, 5.8200, 383.9000, 55.7600, 6.6900, 0, 0, 0
L 385.4200, 56.6200, 5.8200, 385.4700, 60.6200, 5.8200, 0, 0, 0
L 392.3500, 56.5300, 5.8200, 393.9100, 61.3800, 6.6900, 0, 0, 0
L 392.3500, 56.5300, 5.8200, 393.8400, 55.6400, 6.6900, 0, 0, 0
L 392.3500, 56.5300, 5.8200, 388.8600, 54.5700, 5.8200, 0, 0, 0
L 388.8600, 54.5700, 5.8200, 393.8400, 55.6400, 6.6900, 0, 0, 0
L 388.8600, 54.5700, 5.8200, 388.8400, 52.8300, 6.6900, 0, 0, 0
L 388.8600, 54.5700, 5.8200, 385.4200, 56.6200, 5.8200, 0, 0, 0
L -88.4100, 27.2100, 5.8200, -85.3100, 24.6800, 5.8200, 0, 0, 0
L -88.4100, 27.2100, 5.8200, -93.5000, 26.8800, 6.6900, 0, 0, 0
L -92.1500, 25.7800, 5.8200, -94.4100, 21.2100, 6.6900, 0, 0, 0
L -92.1500, 25.7800, 5.8200, -93.5000, 26.8800, 6.6900, 0, 0, 0
L -92.1500, 25.7800, 5.8200, -88.4100, 27.2100, 5.8200, 0, 0, 0
L -85.3100, 24.6800, 5.8200, -88.1400, 28.9300, 6.6900, 0, 0, 0
L -85.3100, 24.6800, 5.8200, -83.6800, 25.3000, 6.6900, 0, 0, 0
L -85.3100, 24.6800, 5.8200, -85.9400, 20.7300, 5.8200, 0, 0, 0
L -92.7900, 21.8300, 5.8200, -89.9600, 17.5900, 6.6900, 0, 0, 0
L -92.7900, 21.8300, 5.8200, -94.4100, 21.2100, 6.6900, 0, 0, 0
L -92.7900, 21.8300, 5.8200, -92.1500, 25.7800, 5.8200, 0, 0, 0
L -85.9400, 20.7300, 5.8200, -83.6800, 25.3000, 6.6900, 0, 0, 0
L -85.9400, 20.7300, 5.8200, -84.5900, 19.6300, 6.6900, 0, 0, 0
L -85.9400, 20.7300, 5.8200, -89.6800, 19.3100, 5.8200, 0, 0, 0
L -89.6800, 19.3100, 5.8200, -84.5900, 19.6300, 6.6900, 0, 0, 0
L -89.6800, 19.3100, 5.8200, -89.9600, 17.5900, 6.6900, 0, 0, 0
L -89.6800, 19.3100, 5.8200, -92.7900, 21.8300, 5.8200, 0, 0, 0
L 389.0800, -40.4000, 5.8200, 392.4400, -42.5700, 5.8200, 0, 0, 0
L 389.0800, -40.4000, 5.8200, 384.0600, -41.2900, 6.6900, 0, 0, 0
L 385.5200, -42.2300, 5.8200, 383.7700, -47.0200, 6.6900, 0, 0, 0
L 385.5200, -42.2300, 5.8200, 384.0600, -41.2900, 6.6900, 0, 0, 0
L 385.5200, -42.2300, 5.8200, 389.0800, -40.4000, 5.8200, 0, 0, 0
L 392.4400, -42.5700, 5.8200, 389.1600, -38.6600, 6.6900, 0, 0, 0
L 392.4400, -42.5700, 5.8200, 393.9900, -41.7800, 6.6900, 0, 0, 0
L 392.4400, -42.5700, 5.8200, 392.2400, -46.5700, 5.8200, 0, 0, 0
L 385.3200, -46.2300, 5.8200, 388.6000, -50.1300, 6.6900, 0, 0, 0
L 385.3200, -46.2300, 5.8200, 383.7700, -47.0200, 6.6900, 0, 0, 0
L 385.3200, -46.2300, 5.8200, 385.5200, -42.2300, 5.8200, 0, 0, 0
L 392.2400, -46.5700, 5.8200, 393.9900, -41.7800, 6.6900, 0, 0, 0
L 392.2400, -46.5700, 5.8200, 393.7100, -47.5100, 6.6900, 0, 0, 0
L 392.2400, -46.5700, 5.8200, 388.6800, -48.3900, 5.8200, 0, 0, 0
L 388.6800, -48.3900, 5.8200, 393.7100, -47.5100, 6.6900, 0, 0, 0
L 388.6800, -48.3900, 5.8200, 388.6000, -50.1300, 6.6900, 0, 0, 0
L 388.6800, -48.3900, 5.8200, 385.3200, -46.2300, 5.8200, 0, 0, 0
L -791.1200, -117.9000, 5.8200, -794.9700, -121.2400, 6.6900, 0, 0, 0
L -791.1200, -117.9000, 5.8200, -791.9400, -116.3600, 6.6900, 0, 0, 0
L -791.1200, -117.9000, 5.8200, -787.1200, -118.0300, 5.8200, 0, 0, 0
L -787.1200, -118.0300, 5.8200, -791.9400, -116.3600, 6.6900, 0, 0, 0
L -787.1200, -118.0300, 5.8200, -786.2000, -116.5500, 6.6900, 0, 0, 0
L -787.1200, -118.0300, 5.8200, -785.2300, -121.5600, 5.8200, 0, 0, 0
L -793.2300, -121.3000, 5.8200, -792.2600, -126.3000, 6.6900, 0, 0, 0
L -793.2300, -121.3000, 5.8200, -794.9700, -121.2400, 6.6900, 0, 0, 0
L -793.2300, -121.3000, 5.8200, -791.1200, -117.9000, 5.8200, 0, 0, 0
L -785.2300, -121.5600, 5.8200, -786.2000, -116.5500, 6.6900, 0, 0, 0
L -785.2300, -121.5600, 5.8200, -783.4900, -121.6100, 6.6900, 0, 0, 0
L -785.2300, -121.5600, 5.8200, -787.3500, -124.9600, 5.8200, 0, 0, 0
L -791.3500, -124.8300, 5.8200, -786.5300, -126.4900, 6.6900, 0, 0, 0
L -791.3500, -124.8300, 5.8200, -792.2600, -126.3000, 6.6900, 0, 0, 0
L -791.3500, -124.8300, 5.8200, -793.2300, -121.3000, 5.8200, 0, 0, 0
L -787.3500, -124.9600, 5.8200, -791.3500, -124.8300, 5.8200, 0, 0, 0
L -787.3500, -124.9600, 5.8200, -783.4900, -121.6100, 6.6900, 0, 0, 0
L -445.2200, -297.4200, 5.8200, -449.1600, -300.6500, 6.6900, 0, 0, 0
L -445.2200, -297.4200, 5.8200, -445.9900, -295.8600, 6.6900, 0, 0, 0
L -445.2200, -297.4200, 5.8200, -441.2200, -297.6700, 5.8200, 0, 0, 0
L -441.2200, -297.6700, 5.8200, -445.9900, -295.8600, 6.6900, 0, 0, 0
L -441.2200, -297.6700, 5.8200, -440.2600, -296.2100, 6.6900, 0, 0, 0
L -441.2200, -297.6700, 5.8200, -439.4400, -301.2500, 5.8200, 0, 0, 0
L -447.4300, -300.7600, 5.8200, -446.6000, -305.7900, 6.6900, 0, 0, 0
L -447.4300, -300.7600, 5.8200, -449.1600, -300.6500, 6.6900, 0, 0, 0
L -447.4300, -300.7600, 5.8200, -445.2200, -297.4200, 5.8200, 0, 0, 0
L -439.4400, -301.2500, 5.8200, -441.6500, -304.5800, 5.8200, 0, 0, 0
L -439.4400, -301.2500, 5.8200, -440.2600, -296.2100, 6.6900, 0, 0, 0
L -445.6400, -304.3400, 5.8200, -440.8700, -306.1400, 6.6900, 0, 0, 0
L -445.6400, -304.3400, 5.8200, -446.6000, -305.7900, 6.6900, 0, 0, 0
L -445.6400, -304.3400, 5.8200, -447.4300, -300.7600, 5.8200, 0, 0, 0
L -441.6500, -304.5800, 5.8200, -437.7000, -301.3500, 6.6900, 0, 0, 0
L -441.6500, -304.5800, 5.8200, -440.8700, -306.1400, 6.6900, 0, 0, 0
L -441.6500, -304.5800, 5.8200, -445.6400, -304.3400, 5.8200, 0, 0, 0
L -967.5600, -457.8400, 5.8200, -972.5800, -458.7700, 6.6900, 0, 0, 0
L -967.5600, -457.8400, 5.8200, -967.4900, -456.1000, 6.6900, 0, 0, 0
L -967.5600, -457.8400, 5.8200, -964.1800, -459.9800, 5.8200, 0, 0, 0
L -971.1100, -459.7000, 5.8200, -972.8100, -464.5000, 6.6900, 0, 0, 0
L -971.1100, -459.7000, 5.8200, -972.5800, -458.7700, 6.6900, 0, 0, 0
L -971.1100, -459.7000, 5.8200, -967.5600, -457.8400, 5.8200, 0, 0, 0
L -964.1800, -459.9800, 5.8200, -967.4900, -456.1000, 6.6900, 0, 0, 0
L -964.1800, -459.9800, 5.8200, -962.6400, -459.1700, 6.6900, 0, 0, 0
L -964.1800, -459.9800, 5.8200, -964.3500, -463.9800, 5.8200, 0, 0, 0
L -971.2700, -463.7000, 5.8200, -967.9600, -467.5700, 6.6900, 0, 0, 0
L -971.2700, -463.7000, 5.8200, -972.8100, -464.5000, 6.6900, 0, 0, 0
L -971.2700, -463.7000, 5.8200, -971.1100, -459.7000, 5.8200, 0, 0, 0
L -964.3500, -463.9800, 5.8200, -967.8900, -465.8400, 5.8200, 0, 0, 0
L -964.3500, -463.9800, 5.8200, -962.6400, -459.1700, 6.6900, 0, 0, 0
L -967.8900, -465.8400, 5.8200, -962.8800, -464.9100, 6.6900, 0, 0, 0
L -967.8900, -465.8400, 5.8200, -967.9600, -467.5700, 6.6900, 0, 0, 0
L -967.8900, -465.8400, 5.8200, -971.2700, -463.7000, 5.8200, 0, 0, 0
L -20.2600, -549.3700, 5.8200, -24.8800, -551.5200, 6.6900, 0, 0, 0
L -20.2600, -549.3700, 5.8200, -20.6300, -547.6600, 6.6900, 0, 0, 0
L -20.2600, -549.3700, 5.8200, -16.4500, -550.5900, 5.8200, 0, 0, 0
L -16.4500, -550.5900, 5.8200, -15.6100, -554.5000, 5.8200, 0, 0, 0
L -16.4500, -550.5900, 5.8200, -20.6300, -547.6600, 6.6900, 0, 0, 0
L -23.2300, -552.0500, 5.8200, -23.6700, -557.1300, 6.6900, 0, 0, 0
L -23.2300, -552.0500, 5.8200, -24.8800, -551.5200, 6.6900, 0, 0, 0
L -23.2300, -552.0500, 5.8200, -20.2600, -549.3700, 5.8200, 0, 0, 0
L -15.6100, -554.5000, 5.8200, -15.1600, -549.4200, 6.6900, 0, 0, 0
L -15.6100, -554.5000, 5.8200, -13.9500, -555.0300, 6.6900, 0, 0, 0
L -15.6100, -554.5000, 5.8200, -18.5700, -557.1900, 5.8200, 0, 0, 0
L -22.3800, -555.9600, 5.8200, -18.2100, -558.8900, 6.6900, 0, 0, 0
L -22.3800, -555.9600, 5.8200, -23.6700, -557.1300, 6.6900, 0, 0, 0
L -22.3800, -555.9600, 5.8200, -23.2300, -552.0500, 5.8200, 0, 0, 0
L -18.5700, -557.1900, 5.8200, -13.9500, -555.0300, 6.6900, 0, 0, 0
L -18.5700, -557.1900, 5.8200, -18.2100, -558.8900, 6.6900, 0, 0, 0
L -18.5700, -557.1900, 5.8200, -22.3800, -555.9600, 5.8200, 0, 0, 0
L -11.8200, 567.7700, 6.6900, -16.5900, 565.2500, 5.7300, 0, 0, 0
L -11.8200, 567.7700, 6.6900, -11.9500, 567, 5.7300, 0, 0, 0
L -11.8200, 567.7700, 6.6900, -7.3900, 564.1300, 6.6900, 0, 0, 0
L -17.2000, 565.7500, 6.6900, -11.8200, 567.7700, 6.6900, 0, 0, 0
L -17.2000, 565.7500, 6.6900, -17.4000, 560.3600, 5.7300, 0, 0, 0
L -17.2000, 565.7500, 6.6900, -15.8500, 564.6400, 5.8200, 0, 0, 0
L -7.3900, 564.1300, 6.6900, -11.9500, 567, 5.7300, 0, 0, 0
L -7.3900, 564.1300, 6.6900, -8.1200, 563.8500, 5.7300, 0, 0, 0
L -7.3900, 564.1300, 6.6900, -8.3200, 558.4600, 6.6900, 0, 0, 0
L -18.1300, 560.0800, 6.6900, -13.5700, 557.2100, 5.7300, 0, 0, 0
L -18.1300, 560.0800, 6.6900, -17.4000, 560.3600, 5.7300, 0, 0, 0
L -18.1300, 560.0800, 6.6900, -17.2000, 565.7500, 6.6900, 0, 0, 0
L -8.3200, 558.4600, 6.6900, -8.1200, 563.8500, 5.7300, 0, 0, 0
L -8.3200, 558.4600, 6.6900, -8.9300, 558.9600, 5.7300, 0, 0, 0
L -8.3200, 558.4600, 6.6900, -13.6900, 556.4400, 6.6900, 0, 0, 0
L -13.6900, 556.4400, 6.6900, -8.9300, 558.9600, 5.7300, 0, 0, 0
L -13.6900, 556.4400, 6.6900, -13.5700, 557.2100, 5.7300, 0, 0, 0
L -13.6900, 556.4400, 6.6900, -18.1300, 560.0800, 6.6900, 0, 0, 0
L -998.1300, 477.4000, 6.6900, -1000.3000, 472.4700, 5.7300, 0, 0, 0
L -998.1300, 477.4000, 6.6900, -997.7500, 476.7200, 5.7300, 0, 0, 0
L -998.1300, 477.4000, 6.6900, -992.3900, 477.3100, 6.6900, 0, 0, 0
L -992.3900, 477.3100, 6.6900, -997.7500, 476.7200, 5.7300, 0, 0, 0
L -992.3900, 477.3100, 6.6900, -992.7900, 476.6400, 5.7300, 0, 0, 0
L -992.3900, 477.3100, 6.6900, -989.6000, 472.2900, 6.6900, 0, 0, 0
L -1001.0800, 472.4800, 6.6900, -997.8900, 468.1300, 5.7300, 0, 0, 0
L -1001.0800, 472.4800, 6.6900, -1000.3000, 472.4700, 5.7300, 0, 0, 0
L -1001.0800, 472.4800, 6.6900, -998.1300, 477.4000, 6.6900, 0, 0, 0
L -989.6000, 472.2900, 6.6900, -992.7900, 476.6400, 5.7300, 0, 0, 0
L -989.6000, 472.2900, 6.6900, -990.3800, 472.3000, 5.7300, 0, 0, 0
L -989.6000, 472.2900, 6.6900, -992.5500, 467.3700, 6.6900, 0, 0, 0
L -998.2900, 467.4600, 6.6900, -1001.0800, 472.4800, 6.6900, 0, 0, 0
L -998.2900, 467.4600, 6.6900, -992.9300, 468.0500, 5.7300, 0, 0, 0
L -998.2900, 467.4600, 6.6900, -997.4000, 468.9500, 5.8200, 0, 0, 0
L -992.5500, 467.3700, 6.6900, -990.3800, 472.3000, 5.7300, 0, 0, 0
L -992.5500, 467.3700, 6.6900, -992.9300, 468.0500, 5.7300, 0, 0, 0
L -992.5500, 467.3700, 6.6900, -998.2900, 467.4600, 6.6900, 0, 0, 0
L -446.3100, 401.1700, 6.6900, -451.5700, 399.9700, 5.7300, 0, 0, 0
L -446.3100, 401.1700, 6.6900, -446.6400, 400.4600, 5.7300, 0, 0, 0
L -446.3100, 401.1700, 6.6900, -442.9700, 396.5000, 6.6900, 0, 0, 0
L -452.0300, 400.6100, 6.6900, -453.6200, 395.4500, 5.7300, 0, 0, 0
L -452.0300, 400.6100, 6.6900, -451.5700, 399.9700, 5.7300, 0, 0, 0
L -452.0300, 400.6100, 6.6900, -446.3100, 401.1700, 6.6900, 0, 0, 0
L -442.9700, 396.5000, 6.6900, -446.6400, 400.4600, 5.7300, 0, 0, 0
L -442.9700, 396.5000, 6.6900, -443.7500, 396.4300, 5.7300, 0, 0, 0
L -442.9700, 396.5000, 6.6900, -445.3400, 391.2700, 6.6900, 0, 0, 0
L -454.4000, 395.3800, 6.6900, -452.0300, 400.6100, 6.6900, 0, 0, 0
L -454.4000, 395.3800, 6.6900, -450.7300, 391.4200, 5.7300, 0, 0, 0
L -454.4000, 395.3800, 6.6900, -452.6700, 395.5500, 5.8200, 0, 0, 0
L -445.3400, 391.2700, 6.6900, -443.7500, 396.4300, 5.7300, 0, 0, 0
L -445.3400, 391.2700, 6.6900, -445.7900, 391.9100, 5.7300, 0, 0, 0
L -445.3400, 391.2700, 6.6900, -451.0500, 390.7100, 6.6900, 0, 0, 0
L -451.0500, 390.7100, 6.6900, -445.7900, 391.9100, 5.7300, 0, 0, 0
L -451.0500, 390.7100, 6.6900, -450.7300, 391.4200, 5.7300, 0, 0, 0
L -451.0500, 390.7100, 6.6900, -454.4000, 395.3800, 6.6900, 0, 0, 0
L -790.2300, 171.4200, 6.6900, -795.5400, 170.5000, 5.7300, 0, 0, 0
L -790.2300, 171.4200, 6.6900, -790.5900, 170.7300, 5.7300, 0, 0, 0
L -790.2300, 171.4200, 6.6900, -787.1400, 166.5800, 6.6900, 0, 0, 0
L -795.9600, 171.1600, 6.6900, -797.8300, 166.1000, 5.7300, 0, 0, 0
L -795.9600, 171.1600, 6.6900, -795.5400, 170.5000, 5.7300, 0, 0, 0
L -795.9600, 171.1600, 6.6900, -790.2300, 171.4200, 6.6900, 0, 0, 0
L -787.1400, 166.5800, 6.6900, -790.5900, 170.7300, 5.7300, 0, 0, 0
L -787.1400, 166.5800, 6.6900, -787.9200, 166.5500, 5.7300, 0, 0, 0
L -787.1400, 166.5800, 6.6900, -789.7800, 161.4900, 6.6900, 0, 0, 0
L -798.6100, 166.0700, 6.6900, -795.1600, 161.9200, 5.7300, 0, 0, 0
L -798.6100, 166.0700, 6.6900, -797.8300, 166.1000, 5.7300, 0, 0, 0
L -798.6100, 166.0700, 6.6900, -795.9600, 171.1600, 6.6900, 0, 0, 0
L -789.7800, 161.4900, 6.6900, -787.9200, 166.5500, 5.7300, 0, 0, 0
L -789.7800, 161.4900, 6.6900, -790.2000, 162.1500, 5.7300, 0, 0, 0
L -789.7800, 161.4900, 6.6900, -795.5200, 161.2300, 6.6900, 0, 0, 0
L -795.5200, 161.2300, 6.6900, -798.6100, 166.0700, 6.6900, 0, 0, 0
L -795.5200, 161.2300, 6.6900, -790.2000, 162.1500, 5.7300, 0, 0, 0
L -795.5200, 161.2300, 6.6900, -794.7200, 162.7700, 5.8200, 0, 0, 0
L 388.9800, 64.3100, 6.6900, 393.9100, 61.3800, 6.6900, 0, 0, 0
L 388.9800, 64.3100, 6.6900, 384.6400, 61.1100, 5.7300, 0, 0, 0
L 388.9800, 64.3100, 6.6900, 388.9600, 62.5800, 5.8200, 0, 0, 0
L 383.9700, 61.5000, 6.6900, 384.5800, 56.1500, 5.7300, 0, 0, 0
L 383.9700, 61.5000, 6.6900, 384.6400, 61.1100, 5.7300, 0, 0, 0
L 383.9700, 61.5000, 6.6900, 388.9800, 64.3100, 6.6900, 0, 0, 0
L 393.9100, 61.3800, 6.6900, 388.9700, 63.5300, 5.7300, 0, 0, 0
L 393.9100, 61.3800, 6.6900, 393.2300, 61, 5.7300, 0, 0, 0
L 393.9100, 61.3800, 6.6900, 393.8400, 55.6400, 6.6900, 0, 0, 0
L 383.9000, 55.7600, 6.6900, 388.8500, 53.6200, 5.7300, 0, 0, 0
L 383.9000, 55.7600, 6.6900, 384.5800, 56.1500, 5.7300, 0, 0, 0
L 383.9000, 55.7600, 6.6900, 383.9700, 61.5000, 6.6900, 0, 0, 0
L 393.8400, 55.6400, 6.6900, 393.2300, 61, 5.7300, 0, 0, 0
L 393.8400, 55.6400, 6.6900, 393.1700, 56.0400, 5.7300, 0, 0, 0
L 393.8400, 55.6400, 6.6900, 388.8400, 52.8300, 6.6900, 0, 0, 0
L 388.8400, 52.8300, 6.6900, 393.1700, 56.0400, 5.7300, 0, 0, 0
L 388.8400, 52.8300, 6.6900, 388.8500, 53.6200, 5.7300, 0, 0, 0
L 388.8400, 52.8300, 6.6900, 383.9000, 55.7600, 6.6900, 0, 0, 0
L -88.1400, 28.9300, 6.6900, -83.6800, 25.3000, 6.6900, 0, 0, 0
L -88.1400, 28.9300, 6.6900, -92.8900, 26.3900, 5.7300, 0, 0, 0
L -88.1400, 28.9300, 6.6900, -88.4100, 27.2100, 5.8200, 0, 0, 0
L -93.5000, 26.8800, 6.6900, -93.6800, 21.4900, 5.7300, 0, 0, 0
L -93.5000, 26.8800, 6.6900, -92.8900, 26.3900, 5.7300, 0, 0, 0
L -93.5000, 26.8800, 6.6900, -88.1400, 28.9300, 6.6900, 0, 0, 0
L -83.6800, 25.3000, 6.6900, -88.2600, 28.1500, 5.7300, 0, 0, 0
L -83.6800, 25.3000, 6.6900, -84.4100, 25.0200, 5.7300, 0, 0, 0
L -83.6800, 25.3000, 6.6900, -84.5900, 19.6300, 6.6900, 0, 0, 0
L -94.4100, 21.2100, 6.6900, -89.8400, 18.3600, 5.7300, 0, 0, 0
L -94.4100, 21.2100, 6.6900, -93.6800, 21.4900, 5.7300, 0, 0, 0
L -94.4100, 21.2100, 6.6900, -93.5000, 26.8800, 6.6900, 0, 0, 0
L -84.5900, 19.6300, 6.6900, -84.4100, 25.0200, 5.7300, 0, 0, 0
L -84.5900, 19.6300, 6.6900, -85.2000, 20.1300, 5.7300, 0, 0, 0
L -84.5900, 19.6300, 6.6900, -89.9600, 17.5900, 6.6900, 0, 0, 0
L -89.9600, 17.5900, 6.6900, -85.2000, 20.1300, 5.7300, 0, 0, 0
L -89.9600, 17.5900, 6.6900, -89.8400, 18.3600, 5.7300, 0, 0, 0
L -89.9600, 17.5900, 6.6900, -94.4100, 21.2100, 6.6900, 0, 0, 0
L 389.1600, -38.6600, 6.6900, 393.9900, -41.7800, 6.6900, 0, 0, 0
L 389.1600, -38.6600, 6.6900, 384.7100, -41.7100, 5.7300, 0, 0, 0
L 389.1600, -38.6600, 6.6900, 389.0800, -40.4000, 5.8200, 0, 0, 0
L 384.0600, -41.2900, 6.6900, 384.4700, -46.6600, 5.7300, 0, 0, 0
L 384.0600, -41.2900, 6.6900, 384.7100, -41.7100, 5.7300, 0, 0, 0
L 384.0600, -41.2900, 6.6900, 389.1600, -38.6600, 6.6900, 0, 0, 0
L 393.9900, -41.7800, 6.6900, 389.1200, -39.4500, 5.7300, 0, 0, 0
L 393.9900, -41.7800, 6.6900, 393.2900, -42.1300, 5.7300, 0, 0, 0
L 393.9900, -41.7800, 6.6900, 393.7100, -47.5100, 6.6900, 0, 0, 0
L 383.7700, -47.0200, 6.6900, 388.6400, -49.3500, 5.7300, 0, 0, 0
L 383.7700, -47.0200, 6.6900, 384.4700, -46.6600, 5.7300, 0, 0, 0
L 383.7700, -47.0200, 6.6900, 384.0600, -41.2900, 6.6900, 0, 0, 0
L 393.7100, -47.5100, 6.6900, 393.2900, -42.1300, 5.7300, 0, 0, 0
L 393.7100, -47.5100, 6.6900, 393.0500, -47.0900, 5.7300, 0, 0, 0
L 393.7100, -47.5100, 6.6900, 388.6000, -50.1300, 6.6900, 0, 0, 0
L 388.6000, -50.1300, 6.6900, 393.0500, -47.0900, 5.7300, 0, 0, 0
L 388.6000, -50.1300, 6.6900, 388.6400, -49.3500, 5.7300, 0, 0, 0
L 388.6000, -50.1300, 6.6900, 383.7700, -47.0200, 6.6900, 0, 0, 0
L -791.9400, -116.3600, 6.6900, -794.1900, -121.2600, 5.7300, 0, 0, 0
L -791.9400, -116.3600, 6.6900, -791.5700, -117.0500, 5.7300, 0, 0, 0
L -791.9400, -116.3600, 6.6900, -786.2000, -116.5500, 6.6900, 0, 0, 0
L -786.2000, -116.5500, 6.6900, -791.5700, -117.0500, 5.7300, 0, 0, 0
L -786.2000, -116.5500, 6.6900, -786.6100, -117.2200, 5.7300, 0, 0, 0
L -786.2000, -116.5500, 6.6900, -783.4900, -121.6100, 6.6900, 0, 0, 0
L -794.9700, -121.2400, 6.6900, -791.8500, -125.6400, 5.7300, 0, 0, 0
L -794.9700, -121.2400, 6.6900, -794.1900, -121.2600, 5.7300, 0, 0, 0
L -794.9700, -121.2400, 6.6900, -791.9400, -116.3600, 6.6900, 0, 0, 0
L -783.4900, -121.6100, 6.6900, -786.6100, -117.2200, 5.7300, 0, 0, 0
L -783.4900, -121.6100, 6.6900, -784.2800, -121.5900, 5.7300, 0, 0, 0
L -783.4900, -121.6100, 6.6900, -786.5300, -126.4900, 6.6900, 0, 0, 0
L -792.2600, -126.3000, 6.6900, -786.8900, -125.8000, 5.7300, 0, 0, 0
L -792.2600, -126.3000, 6.6900, -791.8500, -125.6400, 5.7300, 0, 0, 0
L -792.2600, -126.3000, 6.6900, -794.9700, -121.2400, 6.6900, 0, 0, 0
L -786.5300, -126.4900, 6.6900, -792.2600, -126.3000, 6.6900, 0, 0, 0
L -786.5300, -126.4900, 6.6900, -784.2800, -121.5900, 5.7300, 0, 0, 0
L -786.5300, -126.4900, 6.6900, -787.3500, -124.9600, 5.8200, 0, 0, 0
L -445.9900, -295.8600, 6.6900, -448.3800, -300.7000, 5.7300, 0, 0, 0
L -445.9900, -295.8600, 6.6900, -445.6400, -296.5600, 5.7300, 0, 0, 0
L -445.9900, -295.8600, 6.6900, -440.2600, -296.2100, 6.6900, 0, 0, 0
L -440.2600, -296.2100, 6.6900, -445.6400, -296.5600, 5.7300, 0, 0, 0
L -440.2600, -296.2100, 6.6900, -440.6900, -296.8700, 5.7300, 0, 0, 0
L -440.2600, -296.2100, 6.6900, -437.7000, -301.3500, 6.6900, 0, 0, 0
L -449.1600, -300.6500, 6.6900, -446.1700, -305.1400, 5.7300, 0, 0, 0
L -449.1600, -300.6500, 6.6900, -448.3800, -300.7000, 5.7300, 0, 0, 0
L -449.1600, -300.6500, 6.6900, -445.9900, -295.8600, 6.6900, 0, 0, 0
L -437.7000, -301.3500, 6.6900, -440.8700, -306.1400, 6.6900, 0, 0, 0
L -437.7000, -301.3500, 6.6900, -440.6900, -296.8700, 5.7300, 0, 0, 0
L -437.7000, -301.3500, 6.6900, -439.4400, -301.2500, 5.8200, 0, 0, 0
L -446.6000, -305.7900, 6.6900, -441.2200, -305.4400, 5.7300, 0, 0, 0
L -446.6000, -305.7900, 6.6900, -446.1700, -305.1400, 5.7300, 0, 0, 0
L -446.6000, -305.7900, 6.6900, -449.1600, -300.6500, 6.6900, 0, 0, 0
L -440.8700, -306.1400, 6.6900, -438.4800, -301.3100, 5.7300, 0, 0, 0
L -440.8700, -306.1400, 6.6900, -441.2200, -305.4400, 5.7300, 0, 0, 0
L -440.8700, -306.1400, 6.6900, -446.6000, -305.7900, 6.6900, 0, 0, 0
L -967.4900, -456.1000, 6.6900, -971.9200, -459.1800, 5.7300, 0, 0, 0
L -967.4900, -456.1000, 6.6900, -967.5200, -456.8800, 5.7300, 0, 0, 0
L -967.4900, -456.1000, 6.6900, -962.6400, -459.1700, 6.6900, 0, 0, 0
L -972.5800, -458.7700, 6.6900, -972.1200, -464.1400, 5.7300, 0, 0, 0
L -972.5800, -458.7700, 6.6900, -971.9200, -459.1800, 5.7300, 0, 0, 0
L -972.5800, -458.7700, 6.6900, -967.4900, -456.1000, 6.6900, 0, 0, 0
L -962.6400, -459.1700, 6.6900, -967.5200, -456.8800, 5.7300, 0, 0, 0
L -962.6400, -459.1700, 6.6900, -963.3300, -459.5400, 5.7300, 0, 0, 0
L -962.6400, -459.1700, 6.6900, -962.8800, -464.9100, 6.6900, 0, 0, 0
L -972.8100, -464.5000, 6.6900, -967.9300, -466.7900, 5.7300, 0, 0, 0
L -972.8100, -464.5000, 6.6900, -972.1200, -464.1400, 5.7300, 0, 0, 0
L -972.8100, -464.5000, 6.6900, -972.5800, -458.7700, 6.6900, 0, 0, 0
L -962.8800, -464.9100, 6.6900, -967.9600, -467.5700, 6.6900, 0, 0, 0
L -962.8800, -464.9100, 6.6900, -963.3300, -459.5400, 5.7300, 0, 0, 0
L -962.8800, -464.9100, 6.6900, -964.3500, -463.9800, 5.8200, 0, 0, 0
L -967.9600, -467.5700, 6.6900, -963.5400, -464.4900, 5.7300, 0, 0, 0
L -967.9600, -467.5700, 6.6900, -967.9300, -466.7900, 5.7300, 0, 0, 0
L -967.9600, -467.5700, 6.6900, -972.8100, -464.5000, 6.6900, 0, 0, 0
L -20.6300, -547.6600, 6.6900, -24.1400, -551.7600, 5.7300, 0, 0, 0
L -20.6300, -547.6600, 6.6900, -20.4600, -548.4300, 5.7300, 0, 0, 0
L -20.6300, -547.6600, 6.6900, -15.1600, -549.4200, 6.6900, 0, 0, 0
L -15.1600, -549.4200, 6.6900, -13.9500, -555.0300, 6.6900, 0, 0, 0
L -15.1600, -549.4200, 6.6900, -20.4600, -548.4300, 5.7300, 0, 0, 0
L -15.1600, -549.4200, 6.6900, -16.4500, -550.5900, 5.8200, 0, 0, 0
L -24.8800, -551.5200, 6.6900, -23.0900, -556.6100, 5.7300, 0, 0, 0
L -24.8800, -551.5200, 6.6900, -24.1400, -551.7600, 5.7300, 0, 0, 0
L -24.8800, -551.5200, 6.6900, -20.6300, -547.6600, 6.6900, 0, 0, 0
L -13.9500, -555.0300, 6.6900, -15.7400, -549.9500, 5.7300, 0, 0, 0
L -13.9500, -555.0300, 6.6900, -14.7000, -554.7900, 5.7300, 0, 0, 0
L -13.9500, -555.0300, 6.6900, -18.2100, -558.8900, 6.6900, 0, 0, 0
L -23.6700, -557.1300, 6.6900, -18.3700, -558.1200, 5.7300, 0, 0, 0
L -23.6700, -557.1300, 6.6900, -23.0900, -556.6100, 5.7300, 0, 0, 0
L -23.6700, -557.1300, 6.6900, -24.8800, -551.5200, 6.6900, 0, 0, 0
L -18.2100, -558.8900, 6.6900, -14.7000, -554.7900, 5.7300, 0, 0, 0
L -18.2100, -558.8900, 6.6900, -18.3700, -558.1200, 5.7300, 0, 0, 0
L -18.2100, -558.8900, 6.6900, -23.6700, -557.1300, 6.6900, 0, 0, 0
L 885.6200, 74.4700, 7.2800, 885.6200, 14.0900, 7.2800, 0, 0, 0
L 855.5600, 40.1200, 7.3100, 855.5300, 11.5900, 7.6600, 0, 0, 0
L 855.5600, 40.1200, 7.3100, 855.5600, 44.4700, 7.2800, 0, 0, 0
L 869.9400, 74.4700, 7.5600, 885.6200, 74.4700, 7.2800, 0, 0, 0
L 805.6200, 24.4400, 7.5600, 805.5900, 40.1200, 7.9400, 0, 0, 0
L 869.9400, -16.3100, 7.6600, 895.6200, -35.5300, 7.2800, 0, 0, 0
L 869.9400, -16.3100, 7.6600, 855.5000, -5.5300, 7.8800, 0, 0, 0
L 845.1200, 44.4700, 7.7200, 835.5600, 44.4700, 8.1200, 0, 0, 0
L 845.1200, 44.4700, 7.7200, 855.5600, 44.4700, 7.2800, 0, 0, 0
L 857.1200, 74.4700, 7.8100, 869.9400, 74.4700, 7.5600, 0, 0, 0
L 857.1200, 74.4700, 7.8100, 845.1200, 74.4700, 8.0300, 0, 0, 0
L 855.5000, -5.5300, 7.8800, 855.5300, 11.5900, 7.6600, 0, 0, 0
L 755.4100, -5.7800, 7.9400, 587.1600, -17.1900, 3.9700, 0, 0, 0
L 755.4400, 24.5000, 8.0300, 805.6200, 24.4400, 7.5600, 0, 0, 0
L 835.5600, 44.4700, 8.1200, 835.5300, 40.1200, 8.1200, 0, 0, 0
L 835.5000, 11.5900, 8.1200, 835.5000, -5.5300, 8.1200, 0, 0, 0
L 835.5000, 11.5900, 8.1200, 835.5300, 40.1200, 8.1200, 0, 0, 0
L 835.5000, -5.5300, 8.1200, 755.4100, -5.7800, 7.9400, 0, 0, 0
L 805.5600, 74.4700, 8.7800, 805.5900, 40.1200, 7.9400, 0, 0, 0
L 805.5600, 74.4700, 8.7800, 845.1200, 74.4700, 8.0300, 0, 0, 0
L -386.6600, 47.1500, 19.0100, -387.6700, 46.3100, 20.4100, 0, 0, 0
L -386.6600, 47.1500, 19.0100, -403.9600, 47.1500, 19.0100, 0, 0, 0
L -403.9600, 47.1500, 19.0100, -403.9600, 30.2900, 19.0100, 0, 0, 0
L -386.6600, 30.2900, 19.0100, -387.6700, 31.1400, 20.4100, 0, 0, 0
L -386.6600, 30.2900, 19.0100, -387.6700, 46.3100, 20.4100, 0, 0, 0
L -386.6600, 30.2900, 19.0100, -386.6600, 47.1500, 19.0100, 0, 0, 0
L -403.9600, 30.2900, 19.0100, -386.6600, 30.2900, 19.0100, 0, 0, 0
L -386.1600, 115.7200, 19.0600, -386.1600, 11.5900, 19.0600, 0, 0, 0
L -536.1600, 115.7200, 19.0600, -386.1600, 115.7200, 19.0600, 0, 0, 0
L -386.1600, 11.5900, 19.0600, -386.1600, -34.2800, 19.0600, 0, 0, 0
L -536.1600, 11.5900, 19.0600, -536.1600, 115.7200, 19.0600, 0, 0, 0
L -386.1600, -34.2800, 19.0600, -536.1600, -34.2800, 19.0600, 0, 0, 0
L -536.1600, -34.2800, 19.0600, -536.1600, 11.5900, 19.0600, 0, 0, 0
L -526.8400, 113.0500, 19.1200, -527.2300, 111.2900, 20.3500, 0, 0, 0
L -526.8400, 113.0500, 19.1200, -526.2400, 111.8700, 21.5700, 0, 0, 0
L -393.1500, 110.1400, 19.1200, -392.7900, 108.3700, 20.3500, 0, 0, 0
L -393.1500, 110.1400, 19.1200, -392.1200, 109.3000, 21.5700, 0, 0, 0
L -531.9300, 107.6700, 19.1200, -530.2000, 108.2000, 20.3500, 0, 0, 0
L -531.9300, 107.6700, 19.1200, -531.1900, 108.7700, 21.5700, 0, 0, 0
L -524.8300, 106.1000, 19.1200, -526.1600, 107.3200, 20.3500, 0, 0, 0
L -524.8300, 106.1000, 19.1200, -526.1600, 106.1800, 21.5700, 0, 0, 0
L -388.2900, 104.5500, 19.1200, -390, 105.1100, 20.3500, 0, 0, 0
L -388.2900, 104.5500, 19.1200, -389.5200, 104.0800, 21.5700, 0, 0, 0
L -395.4100, 103.2400, 19.1200, -394.0600, 104.4400, 20.3500, 0, 0, 0
L -395.4100, 103.2400, 19.1200, -395.2000, 104.5500, 21.5700, 0, 0, 0
L -523.7000, -21.2000, 19.1200, -524.9400, -22.5100, 20.3500, 0, 0, 0
L -523.7000, -21.2000, 19.1200, -523.8000, -22.5200, 21.5700, 0, 0, 0
L -399.7300, -21.5300, 19.1200, -398.3900, -22.7400, 20.3500, 0, 0, 0
L -399.7300, -21.5300, 19.1200, -398.4100, -21.6000, 21.5700, 0, 0, 0
L -392.6200, -23.0200, 19.1200, -394.3400, -23.5700, 20.3500, 0, 0, 0
L -392.6200, -23.0200, 19.1200, -393.3400, -24.1300, 21.5700, 0, 0, 0
L -530.6800, -23.1100, 19.1200, -528.9300, -23.5300, 20.3500, 0, 0, 0
L -530.6800, -23.1100, 19.1200, -529.4900, -22.5400, 21.5700, 0, 0, 0
L -525.3600, -28.2700, 19.1200, -525.8700, -26.5400, 20.3500, 0, 0, 0
L -525.3600, -28.2700, 19.1200, -526.4500, -27.5200, 21.5700, 0, 0, 0
L -397.6500, -28.4700, 19.1200, -397.2700, -26.7000, 20.3500, 0, 0, 0
L -397.6500, -28.4700, 19.1200, -398.2500, -27.2900, 21.5700, 0, 0, 0
L -331.0600, 884.7800, 20, -108.5600, 825.1600, 20, 0, 0, 0
L -561.4400, 884.7500, 20, -331.0600, 884.7800, 20, 0, 0, 0
L -335.3400, 852.2500, 20, -557.1600, 852.2500, 20, 0, 0, 0
L -557.1600, 852.2500, 20, -771.3800, 794.8400, 20, 0, 0, 0
L -108.5600, 825.1600, 20, 90.9400, 709.9700, 20, 0, 0, 0
L -783.9400, 825.1200, 20, -561.4400, 884.7500, 20, 0, 0, 0
L -121.0900, 794.8400, 20, -335.3400, 852.2500, 20, 0, 0, 0
L -771.3800, 794.8400, 20, -963.4700, 683.9400, 20, 0, 0, 0
L 90.9400, 709.9700, 20, 253.8400, 547.0900, 20, 0, 0, 0
L -983.4400, 709.9400, 20, -783.9400, 825.1200, 20, 0, 0, 0
L 71, 683.9700, 20, -121.0900, 794.8400, 20, 0, 0, 0
L -963.4700, 683.9400, 20, -1120.3100, 527.0900, 20, 0, 0, 0
L 29.7200, 666.3400, 20, 85.1800, 607.8900, 20, 0, 0, 0
L 21.5900, 658.6100, 20, 29.7200, 666.3400, 20, 0, 0, 0
L 85.1800, 607.8900, 20, 19.5700, 546.7000, 20, 0, 0, 0
L -34.7700, 604.0600, 20, 21.5900, 658.6100, 20, 0, 0, 0
L -1051.0600, 558.7900, 20, -1106.0500, 499.9300, 20, 0, 0, 0
L -517.6900, 554.4400, 20, -382.0900, 550.8800, 20, 0, 0, 0
L -382.0900, 550.8800, 20, -252, 512.3400, 20, 0, 0, 0
L 253.8400, 547.0900, 20, 369.0300, 347.5900, 20, 0, 0, 0
L -1146.3100, 547.0600, 20, -983.4400, 709.9400, 20, 0, 0, 0
L 19.5700, 546.7000, 20, -34.7700, 604.0600, 20, 0, 0, 0
L -515.6600, 535.0900, 20, -642.6600, 504.6200, 20, 0, 0, 0
L -385.1200, 531.6900, 20, -515.6600, 535.0900, 20, 0, 0, 0
L 227.8100, 527.1200, 20, 71, 683.9700, 20, 0, 0, 0
L -1120.3100, 527.0900, 20, -1231.1900, 335, 20, 0, 0, 0
L -649.6200, 522.7800, 20, -517.6900, 554.4400, 20, 0, 0, 0
L -252, 512.3400, 20, -136.3400, 441.4700, 20, 0, 0, 0
L -642.6600, 504.6200, 20, -757.4100, 442.3100, 20, 0, 0, 0
L -1106.0500, 499.9300, 20, -1040, 439.2900, 20, 0, 0, 0
L -483.2400, 499.7000, 20, -483.2000, 499.7000, 20, 0, 0, 0
L -494.1800, 499.6900, 20, -413.6300, 499.6400, 20, 0, 0, 0
L -413.6300, 499.6400, 20, -414.4500, 409.9500, 20, 0, 0, 0
L -986.0200, 496.9900, 20, -1051.0600, 558.7900, 20, 0, 0, 0
L -259.9100, 494.5900, 20, -385.1200, 531.6900, 20, 0, 0, 0
L -768.8400, 458.0300, 20, -649.6200, 522.7800, 20, 0, 0, 0
L -757.4100, 442.3100, 20, -852.1200, 352.4100, 20, 0, 0, 0
L -136.3400, 441.4700, 20, -42.9400, 343.0600, 20, 0, 0, 0
L -1040, 439.2900, 20, -986.0200, 496.9900, 20, 0, 0, 0
L -148.5600, 426.3400, 20, -259.9100, 494.5900, 20, 0, 0, 0
L -493.4500, 410.0300, 20, -494.1800, 499.6900, 20, 0, 0, 0
L -414.4500, 409.9500, 20, -493.4500, 410.0300, 20, 0, 0, 0
L -867.2500, 364.6600, 20, -768.8400, 458.0300, 20, 0, 0, 0
L -852.1200, 352.4100, 20, -920.3800, 241.0600, 20, 0, 0, 0
L 369.0300, 347.5900, 20, 428.6600, 125.0900, 20, 0, 0, 0
L -1261.5000, 347.5600, 20, -1146.3100, 547.0600, 20, 0, 0, 0
L -42.9400, 343.0600, 20, 21.7800, 223.8400, 20, 0, 0, 0
L 338.7200, 335.0300, 20, 227.8100, 527.1200, 20, 0, 0, 0
L -1231.1900, 335, 20, -1288.5900, 120.7500, 20, 0, 0, 0
L -58.6900, 331.6200, 20, -148.5600, 426.3400, 20, 0, 0, 0
L -1277.8400, 286.5900, 20, -1261.5000, 347.5600, 20, 0, 0, 0
L -938.1200, 248.9700, 20, -867.2500, 364.6600, 20, 0, 0, 0
L -865.0200, 247.0500, 20, -784.4200, 207.6400, 20, 0, 0, 0
L -920.3800, 241.0600, 20, -957.4700, 115.8400, 20, 0, 0, 0
L 21.5900, 224.1900, 20, 21.6300, 224.1300, 20, 0, 0, 0
L 21.7800, 223.8400, 20, 53.4700, 91.9100, 20, 0, 0, 0
L 3.6200, 216.8800, 20, -58.6900, 331.6200, 20, 0, 0, 0
L -784.4200, 207.6400, 20, -818.5500, 136.3900, 20, 0, 0, 0
L -899.7700, 174.3700, 20, -865.0200, 247.0500, 20, 0, 0, 0
L -818.5500, 136.3900, 20, -899.7700, 174.3700, 20, 0, 0, 0
L 428.6600, 125.0900, 20, 429.2200, 48.3800, 20, 0, 0, 0
L -1321.1200, 125.0300, 20, -1277.8400, 286.5900, 20, 0, 0, 0
L 396.1600, 120.8100, 20, 338.7200, 335.0300, 20, 0, 0, 0
L -1288.5900, 120.7500, 20, -1288.5900, -101.0300, 20, 0, 0, 0
L -976.6600, 118.9100, 20, -938.1200, 248.9700, 20, 0, 0, 0
L -957.4700, 115.8400, 20, -958.3100, 83.3800, 20, 0, 0, 0
L 53.4700, 91.9100, 20, 49.9100, -43.6900, 20, 0, 0, 0
L 34.1200, 89.8800, 20, 3.6200, 216.8800, 20, 0, 0, 0
L -958.3100, 83.3800, 20, -977.5900, 83.3800, 20, 0, 0, 0
L -977.5900, 83.3800, 20, -976.6600, 118.9100, 20, 0, 0, 0
L 885.6200, 74.4700, 20, 805.5600, 74.4700, 20, 0, 0, 0
L 805.5600, 74.4700, 20, 805.6200, 24.4400, 20, 0, 0, 0
L 12.8500, 64.9600, 20, 12.8900, -15.5600, 20, 0, 0, 0
L -76.8000, 64.1400, 20, 12.8500, 64.9600, 20, 0, 0, 0
L 396.1600, 48.3400, 20, 396.1600, 120.8100, 20, 0, 0, 0
L 855.5600, 44.4700, 20, 855.5000, -5.5300, 20, 0, 0, 0
L 835.5600, 44.4700, 20, 855.5600, 44.4700, 20, 0, 0, 0
L 805.6200, 24.4400, 20, 396.1600, 48.3400, 20, 0, 0, 0
L 885.6200, 14.0900, 20, 885.6200, 74.4700, 20, 0, 0, 0
L -76.7900, 11.5900, 20, -76.8000, 64.1400, 20, 0, 0, 0
L -960.3100, 6.8800, 20, -960.8800, -14.6900, 20, 0, 0, 0
L -979.5900, 6.8800, 20, -960.3100, 6.8800, 20, 0, 0, 0
L 855.5000, -5.5300, 20, 895.6200, -35.5300, 20, 0, 0, 0
L 835.5000, -5.5300, 20, 835.5600, 44.4700, 20, 0, 0, 0
L 755.4100, -5.7800, 20, 835.5000, -5.5300, 20, 0, 0, 0
L -960.8800, -14.6900, 20, -930.4100, -141.6600, 20, 0, 0, 0
L -76.8300, -14.8500, 20, -76.7900, 11.5900, 20, 0, 0, 0
L 12.8900, -15.5600, 20, -76.8300, -14.8500, 20, 0, 0, 0
L -980.2200, -16.7200, 20, -979.5900, 6.8800, 20, 0, 0, 0
L 429.5000, -27.8400, 20, 428.6600, -105.2800, 20, 0, 0, 0
L 429.5000, -27.8400, 20, 755.4100, -5.7800, 20, 0, 0, 0
L 396.1600, -27.9700, 20, 429.5000, -27.8400, 20, 0, 0, 0
L 30.6900, -40.6600, 20, 34.1200, 89.8800, 20, 0, 0, 0
L 49.9100, -43.6900, 20, 11.3800, -173.7800, 20, 0, 0, 0
L -824.3800, -88.8800, 20, -900.4400, -136.2600, 20, 0, 0, 0
L 396.1600, -101, 20, 396.1600, -27.9700, 20, 0, 0, 0
L -1288.5900, -101.0300, 20, -1231.1900, -315.2800, 20, 0, 0, 0
L 428.6600, -105.2800, 20, 369.0300, -327.7800, 20, 0, 0, 0
L -1321.1200, -105.3100, 20, -1321.1200, 125.0300, 20, 0, 0, 0
L -900.4400, -136.2600, 20, -857.3400, -204.3200, 20, 0, 0, 0
L -900.5300, -136.3100, 20, -900.5100, -136.3400, 20, 0, 0, 0
L -930.4100, -141.6600, 20, -868.0900, -256.4400, 20, 0, 0, 0
L -948.5600, -148.6200, 20, -980.2200, -16.7200, 20, 0, 0, 0
L -782.0700, -155.6000, 20, -824.3800, -88.8800, 20, 0, 0, 0
L -6.3800, -165.8800, 20, 30.6900, -40.6600, 20, 0, 0, 0
L 11.3800, -173.7800, 20, -59.5000, -289.4700, 20, 0, 0, 0
L -857.3400, -204.3200, 20, -782.0700, -155.6000, 20, 0, 0, 0
L -868.0900, -256.4400, 20, -778.1900, -351.1600, 20, 0, 0, 0
L -883.8100, -267.8800, 20, -948.5600, -148.6200, 20, 0, 0, 0
L -74.6200, -277.2200, 20, -6.3800, -165.8800, 20, 0, 0, 0
L -59.5000, -289.4700, 20, -157.9100, -382.8400, 20, 0, 0, 0
L 338.7500, -315.2500, 20, 396.1600, -101, 20, 0, 0, 0
L -1231.1900, -315.2800, 20, -1120.2800, -507.3800, 20, 0, 0, 0
L 369.0300, -327.7800, 20, 253.8800, -527.3100, 20, 0, 0, 0
L -1261.5000, -327.8400, 20, -1321.1200, -105.3100, 20, 0, 0, 0
L -485.5500, -338.1900, 20, -406.5600, -338.8300, 20, 0, 0, 0
L -406.5600, -338.8300, 20, -406.4500, -428.4900, 20, 0, 0, 0
L -778.1900, -351.1600, 20, -666.8400, -419.4100, 20, 0, 0, 0
L -790.4400, -366.2800, 20, -883.8100, -267.8800, 20, 0, 0, 0
L -169.3400, -367.0900, 20, -74.6200, -277.2200, 20, 0, 0, 0
L -157.9100, -382.8400, 20, -277.1600, -447.5600, 20, 0, 0, 0
L -666.8400, -419.4100, 20, -541.6600, -456.4700, 20, 0, 0, 0
L -486.9600, -427.8800, 20, -485.5500, -338.1900, 20, 0, 0, 0
L -406.4500, -428.4900, 20, -486.9600, -427.8800, 20, 0, 0, 0
L -284.1200, -429.4100, 20, -169.3400, -367.0900, 20, 0, 0, 0
L -674.7500, -437.1600, 20, -790.4400, -366.2800, 20, 0, 0, 0
L -277.1600, -447.5600, 20, -409.0600, -479.2500, 20, 0, 0, 0
L -999.1000, -452.2500, 20, -940.8000, -505.5700, 20, 0, 0, 0
L -541.6600, -456.4700, 20, -411.0900, -459.9100, 20, 0, 0, 0
L -411.0900, -459.9100, 20, -284.1200, -429.4100, 20, 0, 0, 0
L -544.6900, -475.6900, 20, -674.7500, -437.1600, 20, 0, 0, 0
L -543.9700, -475.7200, 20, -544.0900, -475.7100, 20, 0, 0, 0
L -409.0600, -479.2500, 20, -544.6900, -475.6900, 20, 0, 0, 0
L -940.8000, -505.5700, 20, -969.7200, -538.4100, 20, 0, 0, 0
L 227.8400, -507.3400, 20, 338.7500, -315.2500, 20, 0, 0, 0
L -1120.2800, -507.3800, 20, -963.4400, -664.1900, 20, 0, 0, 0
L -1060.1700, -517.9700, 20, -999.1000, -452.2500, 20, 0, 0, 0
L 253.8800, -527.3100, 20, 90.9700, -690.1900, 20, 0, 0, 0
L -1146.3100, -527.3400, 20, -1261.5000, -327.8400, 20, 0, 0, 0
L 21.4700, -535.8300, 20, 21.5900, -535.9500, 20, 0, 0, 0
L 20.8100, -536.4200, 20, -37.2500, -588.6900, 20, 0, 0, 0
L 24.2400, -538.4100, 20, 20.8100, -536.4200, 20, 0, 0, 0
L -969.7200, -538.4100, 20, -1000.7000, -572.2900, 20, 0, 0, 0
L -1000.7000, -572.2900, 20, -1060.1700, -517.9700, 20, 0, 0, 0
L -37.2500, -588.6900, 20, 22.2600, -655.8400, 20, 0, 0, 0
L 82.0900, -601.9000, 20, 24.2400, -538.4100, 20, 0, 0, 0
L 22.2600, -655.8400, 20, 82.0900, -601.9000, 20, 0, 0, 0
L 71.0300, -664.1900, 20, 227.8400, -507.3400, 20, 0, 0, 0
L -963.4400, -664.1900, 20, -771.3400, -775.0900, 20, 0, 0, 0
L 90.9700, -690.1900, 20, -108.5300, -805.3800, 20, 0, 0, 0
L -983.4100, -690.2200, 20, -1146.3100, -527.3400, 20, 0, 0, 0
L -121.0600, -775.0900, 20, 71.0300, -664.1900, 20, 0, 0, 0
L -771.3400, -775.0900, 20, -557.1200, -832.5000, 20, 0, 0, 0
L -108.5300, -805.3800, 20, -138.4400, -813.4100, 20, 0, 0, 0
L -783.9100, -805.4100, 20, -983.4100, -690.2200, 20, 0, 0, 0
L -138.4400, -813.4100, 20, -331.0300, -865, 20, 0, 0, 0
L -335.3100, -832.5000, 20, -121.0600, -775.0900, 20, 0, 0, 0
L -557.1200, -832.5000, 20, -335.3100, -832.5000, 20, 0, 0, 0
L -331.0300, -865, 20, -561.3800, -865, 20, 0, 0, 0
L -561.3800, -865, 20, -783.9100, -805.4100, 20, 0, 0, 0
L -528.7400, 111.6000, 20.2300, -527.9300, 108.9700, 20.2300, 0, 0, 0
L -528.7400, 111.6000, 20.2300, -526.0600, 110.9900, 20.2300, 0, 0, 0
L -526.0600, 110.9900, 20.2300, -527.9300, 108.9700, 20.2300, 0, 0, 0
L -526.0600, 110.9900, 20.2300, -525.2500, 108.3600, 20.2300, 0, 0, 0
L -530.6100, 109.5900, 20.2300, -527.9300, 108.9700, 20.2300, 0, 0, 0
L -530.6100, 109.5900, 20.2300, -528.7400, 111.6000, 20.2300, 0, 0, 0
L -527.9300, 108.9700, 20.2300, -529.8000, 106.9600, 20.2300, 0, 0, 0
L -391.3700, 108.6500, 20.2300, -392.2400, 106.0400, 20.2300, 0, 0, 0
L -391.3700, 108.6500, 20.2300, -389.5500, 106.5900, 20.2300, 0, 0, 0
L -525.2500, 108.3600, 20.2300, -527.9300, 108.9700, 20.2300, 0, 0, 0
L -525.2500, 108.3600, 20.2300, -527.1200, 106.3400, 20.2300, 0, 0, 0
L -394.0600, 108.1000, 20.2300, -391.3700, 108.6500, 20.2300, 0, 0, 0
L -394.0600, 108.1000, 20.2300, -394.7700, 108.9000, 21.7100, 0, 0, 0
L -529.8000, 106.9600, 20.2300, -530.6100, 109.5900, 20.2300, 0, 0, 0
L -529.8000, 106.9600, 20.2300, -530.5300, 106.1700, 21.7100, 0, 0, 0
L -389.5500, 106.5900, 20.2300, -392.2400, 106.0400, 20.2300, 0, 0, 0
L -389.5500, 106.5900, 20.2300, -390.4200, 103.9800, 20.2300, 0, 0, 0
L -527.1200, 106.3400, 20.2300, -527.9300, 108.9700, 20.2300, 0, 0, 0
L -527.1200, 106.3400, 20.2300, -529.8000, 106.9600, 20.2300, 0, 0, 0
L -392.2400, 106.0400, 20.2300, -394.0600, 108.1000, 20.2300, 0, 0, 0
L -394.9400, 105.4900, 20.2300, -392.2400, 106.0400, 20.2300, 0, 0, 0
L -394.9400, 105.4900, 20.2300, -394.0600, 108.1000, 20.2300, 0, 0, 0
L -390.4200, 103.9800, 20.2300, -392.2400, 106.0400, 20.2300, 0, 0, 0
L -390.4200, 103.9800, 20.2300, -393.1200, 103.4300, 20.2300, 0, 0, 0
L -393.1200, 103.4300, 20.2300, -392.2400, 106.0400, 20.2300, 0, 0, 0
L -393.1200, 103.4300, 20.2300, -394.9400, 105.4900, 20.2300, 0, 0, 0
L -525.9700, -21.5900, 20.2300, -526.6100, -24.2600, 20.2300, 0, 0, 0
L -525.9700, -21.5900, 20.2300, -523.9800, -23.4800, 20.2300, 0, 0, 0
L -397.4400, -21.7500, 20.2300, -396.6000, -24.3700, 20.2300, 0, 0, 0
L -397.4400, -21.7500, 20.2300, -394.7500, -22.3300, 20.2300, 0, 0, 0
L -394.7500, -22.3300, 20.2300, -393.9100, -24.9500, 20.2300, 0, 0, 0
L -394.7500, -22.3300, 20.2300, -394.0300, -21.5400, 21.7100, 0, 0, 0
L -528.6100, -22.3700, 20.2300, -526.6100, -24.2600, 20.2300, 0, 0, 0
L -528.6100, -22.3700, 20.2300, -525.9700, -21.5900, 20.2300, 0, 0, 0
L -523.9800, -23.4800, 20.2300, -526.6100, -24.2600, 20.2300, 0, 0, 0
L -523.9800, -23.4800, 20.2300, -524.6200, -26.1600, 20.2300, 0, 0, 0
L -399.2900, -23.7900, 20.2300, -396.6000, -24.3700, 20.2300, 0, 0, 0
L -399.2900, -23.7900, 20.2300, -397.4400, -21.7500, 20.2300, 0, 0, 0
L -526.6100, -24.2600, 20.2300, -524.6200, -26.1600, 20.2300, 0, 0, 0
L -396.6000, -24.3700, 20.2300, -394.7500, -22.3300, 20.2300, 0, 0, 0
L -393.9100, -24.9500, 20.2300, -396.6000, -24.3700, 20.2300, 0, 0, 0
L -393.9100, -24.9500, 20.2300, -395.7600, -26.9900, 20.2300, 0, 0, 0
L -529.2500, -25.0400, 20.2300, -526.6100, -24.2600, 20.2300, 0, 0, 0
L -529.2500, -25.0400, 20.2300, -528.6100, -22.3700, 20.2300, 0, 0, 0
L -524.6200, -26.1600, 20.2300, -527.2600, -26.9300, 20.2300, 0, 0, 0
L -524.6200, -26.1600, 20.2300, -523.8500, -26.9000, 21.7100, 0, 0, 0
L -398.4500, -26.4100, 20.2300, -396.6000, -24.3700, 20.2300, 0, 0, 0
L -398.4500, -26.4100, 20.2300, -399.2900, -23.7900, 20.2300, 0, 0, 0
L -527.2600, -26.9300, 20.2300, -526.6100, -24.2600, 20.2300, 0, 0, 0
L -527.2600, -26.9300, 20.2300, -529.2500, -25.0400, 20.2300, 0, 0, 0
L -395.7600, -26.9900, 20.2300, -396.6000, -24.3700, 20.2300, 0, 0, 0
L -395.7600, -26.9900, 20.2300, -398.4500, -26.4100, 20.2300, 0, 0, 0
L -527.2300, 111.2900, 20.3500, -527.8800, 112.2400, 21.5700, 0, 0, 0
L -392.7900, 108.3700, 20.3500, -393.7700, 108.9700, 21.5700, 0, 0, 0
L -530.2000, 108.2000, 20.3500, -530.7000, 107.1700, 21.5700, 0, 0, 0
L -526.1600, 107.3200, 20.3500, -525.0200, 107.4100, 21.5700, 0, 0, 0
L -390, 105.1100, 20.3500, -389, 105.6700, 21.5700, 0, 0, 0
L -394.0600, 104.4400, 20.3500, -394.0800, 103.2900, 21.5700, 0, 0, 0
L -524.9400, -22.5100, 20.3500, -525.0200, -21.3600, 21.5700, 0, 0, 0
L -398.3900, -22.7400, 20.3500, -399.5400, -22.8400, 21.5700, 0, 0, 0
L -528.9300, -23.5300, 20.3500, -529.8800, -24.1700, 21.5700, 0, 0, 0
L -394.3400, -23.5700, 20.3500, -393.8500, -22.5300, 21.5700, 0, 0, 0
L -525.8700, -26.5400, 20.3500, -524.8400, -27.0500, 21.5700, 0, 0, 0
L -397.2700, -26.7000, 20.3500, -396.6100, -27.6300, 21.5700, 0, 0, 0
L -387.6700, 46.3100, 20.4100, -403.9600, 47.1500, 19.0100, 0, 0, 0
L -403.1200, 46.3100, 20.4100, -403.9600, 47.1500, 19.0100, 0, 0, 0
L -389.6400, 44.3400, 20.4100, -389.6400, 46.3100, 31.6500, 0, 0, 0
L -401.1500, 44.3400, 20.4100, -401.1500, 46.3100, 31.6500, 0, 0, 0
L -389.7900, 41.2000, 20.4100, -394.9100, 41.2000, 23.3700, 0, 0, 0
L -394.9100, 41.2000, 20.4100, -394.9100, 36.1800, 20.4100, 0, 0, 0
L -389.7900, 36.1800, 20.4100, -394.9100, 36.1800, 23.3700, 0, 0, 0
L -389.6400, 33.1000, 20.4100, -389.6400, 31.1400, 31.6500, 0, 0, 0
L -401.1500, 33.1000, 20.4100, -401.1500, 31.1400, 31.6500, 0, 0, 0
L -387.6700, 31.1400, 20.4100, -403.9600, 30.2900, 19.0100, 0, 0, 0
L -387.6700, 31.1400, 20.4100, -403.1200, 46.3100, 20.4100, 0, 0, 0
L -403.1200, 31.1400, 20.4100, -403.9600, 30.2900, 19.0100, 0, 0, 0
L -403.1200, 31.1400, 20.4100, -403.9600, 47.1500, 19.0100, 0, 0, 0
L -527.8800, 112.2400, 21.5700, -526.8400, 113.0500, 19.1200, 0, 0, 0
L -527.8800, 112.2400, 21.5700, -526.2400, 111.8700, 21.5700, 0, 0, 0
L -526.2400, 111.8700, 21.5700, -527.2300, 111.2900, 20.3500, 0, 0, 0
L -392.1200, 109.3000, 21.5700, -392.7900, 108.3700, 20.3500, 0, 0, 0
L -393.7700, 108.9700, 21.5700, -393.1500, 110.1400, 19.1200, 0, 0, 0
L -393.7700, 108.9700, 21.5700, -392.1200, 109.3000, 21.5700, 0, 0, 0
L -531.1900, 108.7700, 21.5700, -530.2000, 108.2000, 20.3500, 0, 0, 0
L -525.0200, 107.4100, 21.5700, -524.8300, 106.1000, 19.1200, 0, 0, 0
L -525.0200, 107.4100, 21.5700, -526.1600, 106.1800, 21.5700, 0, 0, 0
L -530.7000, 107.1700, 21.5700, -531.9300, 107.6700, 19.1200, 0, 0, 0
L -530.7000, 107.1700, 21.5700, -531.1900, 108.7700, 21.5700, 0, 0, 0
L -526.1600, 106.1800, 21.5700, -526.1600, 107.3200, 20.3500, 0, 0, 0
L -389, 105.6700, 21.5700, -388.2900, 104.5500, 19.1200, 0, 0, 0
L -389, 105.6700, 21.5700, -389.5200, 104.0800, 21.5700, 0, 0, 0
L -395.2000, 104.5500, 21.5700, -394.0600, 104.4400, 20.3500, 0, 0, 0
L -389.5200, 104.0800, 21.5700, -390, 105.1100, 20.3500, 0, 0, 0
L -394.0800, 103.2900, 21.5700, -395.4100, 103.2400, 19.1200, 0, 0, 0
L -394.0800, 103.2900, 21.5700, -395.2000, 104.5500, 21.5700, 0, 0, 0
L -525.0200, -21.3600, 21.5700, -523.7000, -21.2000, 19.1200, 0, 0, 0
L -525.0200, -21.3600, 21.5700, -523.8000, -22.5200, 21.5700, 0, 0, 0
L -398.4100, -21.6000, 21.5700, -398.3900, -22.7400, 20.3500, 0, 0, 0
L -523.8000, -22.5200, 21.5700, -524.9400, -22.5100, 20.3500, 0, 0, 0
L -393.8500, -22.5300, 21.5700, -392.6200, -23.0200, 19.1200, 0, 0, 0
L -393.8500, -22.5300, 21.5700, -393.3400, -24.1300, 21.5700, 0, 0, 0
L -529.4900, -22.5400, 21.5700, -528.9300, -23.5300, 20.3500, 0, 0, 0
L -399.5400, -22.8400, 21.5700, -399.7300, -21.5300, 19.1200, 0, 0, 0
L -399.5400, -22.8400, 21.5700, -398.4100, -21.6000, 21.5700, 0, 0, 0
L -393.3400, -24.1300, 21.5700, -394.3400, -23.5700, 20.3500, 0, 0, 0
L -529.8800, -24.1700, 21.5700, -530.6800, -23.1100, 19.1200, 0, 0, 0
L -529.8800, -24.1700, 21.5700, -529.4900, -22.5400, 21.5700, 0, 0, 0
L -524.8400, -27.0500, 21.5700, -525.3600, -28.2700, 19.1200, 0, 0, 0
L -524.8400, -27.0500, 21.5700, -526.4500, -27.5200, 21.5700, 0, 0, 0
L -398.2500, -27.2900, 21.5700, -397.2700, -26.7000, 20.3500, 0, 0, 0
L -526.4500, -27.5200, 21.5700, -525.8700, -26.5400, 20.3500, 0, 0, 0
L -396.6100, -27.6300, 21.5700, -397.6500, -28.4700, 19.1200, 0, 0, 0
L -396.6100, -27.6300, 21.5700, -398.2500, -27.2900, 21.5700, 0, 0, 0
L -529.0600, 112.6300, 21.7100, -530.6100, 109.5900, 20.2300, 0, 0, 0
L -529.0600, 112.6300, 21.7100, -528.7400, 111.6000, 20.2300, 0, 0, 0
L -529.0600, 112.6300, 21.7100, -525.3300, 111.7700, 21.7100, 0, 0, 0
L -525.3300, 111.7700, 21.7100, -528.7400, 111.6000, 20.2300, 0, 0, 0
L -525.3300, 111.7700, 21.7100, -526.0600, 110.9900, 20.2300, 0, 0, 0
L -531.6600, 109.8300, 21.7100, -529.8000, 106.9600, 20.2300, 0, 0, 0
L -531.6600, 109.8300, 21.7100, -530.6100, 109.5900, 20.2300, 0, 0, 0
L -391.0300, 109.6600, 21.7100, -394.0600, 108.1000, 20.2300, 0, 0, 0
L -391.0300, 109.6600, 21.7100, -391.3700, 108.6500, 20.2300, 0, 0, 0
L -394.7700, 108.9000, 21.7100, -391.0300, 109.6600, 21.7100, 0, 0, 0
L -394.7700, 108.9000, 21.7100, -394.9400, 105.4900, 20.2300, 0, 0, 0
L -524.2100, 108.1200, 21.7100, -526.0600, 110.9900, 20.2300, 0, 0, 0
L -524.2100, 108.1200, 21.7100, -525.2500, 108.3600, 20.2300, 0, 0, 0
L -524.2100, 108.1200, 21.7100, -526.8100, 105.3200, 21.7100, 0, 0, 0
L -388.5000, 106.8000, 21.7100, -391.3700, 108.6500, 20.2300, 0, 0, 0
L -388.5000, 106.8000, 21.7100, -389.5500, 106.5900, 20.2300, 0, 0, 0
L -388.5000, 106.8000, 21.7100, -389.7100, 103.1800, 21.7100, 0, 0, 0
L -530.5300, 106.1700, 21.7100, -531.6600, 109.8300, 21.7100, 0, 0, 0
L -530.5300, 106.1700, 21.7100, -527.1200, 106.3400, 20.2300, 0, 0, 0
L -526.8100, 105.3200, 21.7100, -525.2500, 108.3600, 20.2300, 0, 0, 0
L -526.8100, 105.3200, 21.7100, -527.1200, 106.3400, 20.2300, 0, 0, 0
L -395.9900, 105.2800, 21.7100, -393.1200, 103.4300, 20.2300, 0, 0, 0
L -395.9900, 105.2800, 21.7100, -394.9400, 105.4900, 20.2300, 0, 0, 0
L -389.7100, 103.1800, 21.7100, -389.5500, 106.5900, 20.2300, 0, 0, 0
L -389.7100, 103.1800, 21.7100, -390.4200, 103.9800, 20.2300, 0, 0, 0
L -393.4600, 102.4100, 21.7100, -390.4200, 103.9800, 20.2300, 0, 0, 0
L -393.4600, 102.4100, 21.7100, -393.1200, 103.4300, 20.2300, 0, 0, 0
L -393.4600, 102.4100, 21.7100, -395.9900, 105.2800, 21.7100, 0, 0, 0
L -525.7200, -20.5500, 21.7100, -528.6100, -22.3700, 20.2300, 0, 0, 0
L -525.7200, -20.5500, 21.7100, -525.9700, -21.5900, 20.2300, 0, 0, 0
L -525.7200, -20.5500, 21.7100, -522.9500, -23.1800, 21.7100, 0, 0, 0
L -397.7700, -20.7300, 21.7100, -399.2900, -23.7900, 20.2300, 0, 0, 0
L -397.7700, -20.7300, 21.7100, -397.4400, -21.7500, 20.2300, 0, 0, 0
L -394.0300, -21.5400, 21.7100, -392.8600, -25.1800, 21.7100, 0, 0, 0
L -394.0300, -21.5400, 21.7100, -397.4400, -21.7500, 20.2300, 0, 0, 0
L -529.3800, -21.6300, 21.7100, -529.2500, -25.0400, 20.2300, 0, 0, 0
L -529.3800, -21.6300, 21.7100, -528.6100, -22.3700, 20.2300, 0, 0, 0
L -522.9500, -23.1800, 21.7100, -525.9700, -21.5900, 20.2300, 0, 0, 0
L -522.9500, -23.1800, 21.7100, -523.9800, -23.4800, 20.2300, 0, 0, 0
L -400.3400, -23.5600, 21.7100, -398.4500, -26.4100, 20.2300, 0, 0, 0
L -400.3400, -23.5600, 21.7100, -399.2900, -23.7900, 20.2300, 0, 0, 0
L -400.3400, -23.5600, 21.7100, -397.7700, -20.7300, 21.7100, 0, 0, 0
L -392.8600, -25.1800, 21.7100, -394.7500, -22.3300, 20.2300, 0, 0, 0
L -392.8600, -25.1800, 21.7100, -393.9100, -24.9500, 20.2300, 0, 0, 0
L -530.2800, -25.3400, 21.7100, -527.2600, -26.9300, 20.2300, 0, 0, 0
L -530.2800, -25.3400, 21.7100, -529.2500, -25.0400, 20.2300, 0, 0, 0
L -530.2800, -25.3400, 21.7100, -529.3800, -21.6300, 21.7100, 0, 0, 0
L -523.8500, -26.9000, 21.7100, -527.5100, -27.9800, 21.7100, 0, 0, 0
L -523.8500, -26.9000, 21.7100, -523.9800, -23.4800, 20.2300, 0, 0, 0
L -399.1700, -27.2000, 21.7100, -395.7600, -26.9900, 20.2300, 0, 0, 0
L -399.1700, -27.2000, 21.7100, -398.4500, -26.4100, 20.2300, 0, 0, 0
L -527.5100, -27.9800, 21.7100, -524.6200, -26.1600, 20.2300, 0, 0, 0
L -527.5100, -27.9800, 21.7100, -527.2600, -26.9300, 20.2300, 0, 0, 0
L -395.4300, -28.0100, 21.7100, -393.9100, -24.9500, 20.2300, 0, 0, 0
L -395.4300, -28.0100, 21.7100, -395.7600, -26.9900, 20.2300, 0, 0, 0
L -395.4300, -28.0100, 21.7100, -399.1700, -27.2000, 21.7100, 0, 0, 0
L -528.0900, 111.7300, 21.7200, -527.8700, 106.0200, 21.7200, 0, 0, 0
L -526.0600, 111, 21.7200, -529.9500, 106.8200, 21.7200, 0, 0, 0
L -530.1000, 110.8200, 21.7200, -525.9100, 106.9300, 21.7200, 0, 0, 0
L -525.1000, 109.0100, 21.7200, -530.8100, 108.8000, 21.7200, 0, 0, 0
L -392.1800, 108.9300, 21.7200, -392.5300, 103.2300, 21.7200, 0, 0, 0
L -394.2300, 108.2300, 21.7200, -390.4400, 103.9500, 21.7200, 0, 0, 0
L -390.1900, 108.0100, 21.7200, -394.4800, 104.2300, 21.7200, 0, 0, 0
L -525.8800, 106.9600, 21.7200, -530.0600, 110.8500, 21.7200, 0, 0, 0
L -529.9100, 106.7800, 21.7200, -526.0200, 110.9700, 21.7200, 0, 0, 0
L -395.1900, 106.2200, 21.7200, -389.4900, 105.8700, 21.7200, 0, 0, 0
L -527.8300, 106.0200, 21.7200, -528.0400, 111.7300, 21.7200, 0, 0, 0
L -389.4800, 105.9200, 21.7200, -395.1900, 106.2700, 21.7200, 0, 0, 0
L -394.4400, 104.1900, 21.7200, -390.1600, 107.9800, 21.7200, 0, 0, 0
L -390.4000, 103.9800, 21.7200, -394.1900, 108.2600, 21.7200, 0, 0, 0
L -392.4800, 103.2200, 21.7200, -392.1300, 108.9300, 21.7200, 0, 0, 0
L -396.7400, -21.4200, 21.7200, -396.4600, -27.1300, 21.7200, 0, 0, 0
L -526.6200, -21.4300, 21.7200, -526.4800, -27.1500, 21.7200, 0, 0, 0
L -394.6500, -22.1600, 21.7200, -398.4800, -26.3900, 21.7200, 0, 0, 0
L -524.5800, -22.2300, 21.7200, -528.5200, -26.3700, 21.7200, 0, 0, 0
L -528.6200, -22.3600, 21.7200, -524.4800, -26.3000, 21.7200, 0, 0, 0
L -398.6800, -22.3900, 21.7200, -394.4500, -26.2300, 21.7200, 0, 0, 0
L -393.7200, -24.1100, 21.7200, -399.4300, -24.3900, 21.7200, 0, 0, 0
L -523.6600, -24.1900, 21.7200, -529.3800, -24.3300, 21.7200, 0, 0, 0
L -529.3700, -24.3800, 21.7200, -523.6600, -24.2400, 21.7200, 0, 0, 0
L -399.4300, -24.4400, 21.7200, -393.7200, -24.1600, 21.7200, 0, 0, 0
L -394.4100, -26.1900, 21.7200, -398.6500, -22.3500, 21.7200, 0, 0, 0
L -524.4500, -26.2700, 21.7200, -528.5900, -22.3300, 21.7200, 0, 0, 0
L -528.4900, -26.4000, 21.7200, -524.5500, -22.2600, 21.7200, 0, 0, 0
L -398.4500, -26.4300, 21.7200, -394.6100, -22.1900, 21.7200, 0, 0, 0
L -396.4100, -27.1300, 21.7200, -396.6900, -21.4200, 21.7200, 0, 0, 0
L -526.4300, -27.1500, 21.7200, -526.5700, -21.4300, 21.7200, 0, 0, 0
L -528.8400, 111.9200, 21.7500, -530.9400, 109.6600, 21.7500, 0, 0, 0
L -525.8300, 111.2300, 21.7500, -528.8400, 111.9200, 21.7500, 0, 0, 0
L -530.9400, 109.6600, 21.7500, -530.0300, 106.7100, 21.7500, 0, 0, 0
L -391.2600, 108.9700, 21.7500, -394.2900, 108.3500, 21.7500, 0, 0, 0
L -394.2900, 108.3500, 21.7500, -392.2400, 106.0400, 22.4600, 0, 0, 0
L -394.2900, 108.3500, 21.7500, -395.2700, 105.4300, 21.7500, 0, 0, 0
L -524.9200, 108.2800, 21.7500, -525.8300, 111.2300, 21.7500, 0, 0, 0
L -530.0300, 106.7100, 21.7500, -527.9300, 108.9700, 22.4600, 0, 0, 0
L -530.0300, 106.7100, 21.7500, -527.0200, 106.0200, 21.7500, 0, 0, 0
L -389.2200, 106.6500, 21.7500, -391.2600, 108.9700, 21.7500, 0, 0, 0
L -527.0200, 106.0200, 21.7500, -524.9200, 108.2800, 21.7500, 0, 0, 0
L -395.2700, 105.4300, 21.7500, -393.2200, 103.1100, 21.7500, 0, 0, 0
L -390.2000, 103.7300, 21.7500, -389.2200, 106.6500, 21.7500, 0, 0, 0
L -393.2200, 103.1100, 21.7500, -390.2000, 103.7300, 21.7500, 0, 0, 0
L -525.8900, -21.2600, 21.7500, -528.8500, -22.1300, 21.7500, 0, 0, 0
L -397.5400, -21.4300, 21.7500, -399.6200, -23.7200, 21.7500, 0, 0, 0
L -394.5300, -22.0900, 21.7500, -396.6000, -24.3700, 22.4600, 0, 0, 0
L -394.5300, -22.0900, 21.7500, -397.5400, -21.4300, 21.7500, 0, 0, 0
L -528.8500, -22.1300, 21.7500, -529.5700, -25.1300, 21.7500, 0, 0, 0
L -523.6600, -23.3900, 21.7500, -525.8900, -21.2600, 21.7500, 0, 0, 0
L -399.6200, -23.7200, 21.7500, -398.6700, -26.6600, 21.7500, 0, 0, 0
L -393.5800, -25.0200, 21.7500, -394.5300, -22.0900, 21.7500, 0, 0, 0
L -529.5700, -25.1300, 21.7500, -527.3400, -27.2600, 21.7500, 0, 0, 0
L -524.3800, -26.3900, 21.7500, -526.6100, -24.2600, 22.4600, 0, 0, 0
L -524.3800, -26.3900, 21.7500, -523.6600, -23.3900, 21.7500, 0, 0, 0
L -398.6700, -26.6600, 21.7500, -395.6600, -27.3100, 21.7500, 0, 0, 0
L -527.3400, -27.2600, 21.7500, -524.3800, -26.3900, 21.7500, 0, 0, 0
L -395.6600, -27.3100, 21.7500, -393.5800, -25.0200, 21.7500, 0, 0, 0
L -394.9100, 40.5400, 22.3400, -394.9100, 36.1800, 20.4100, 0, 0, 0
L -394.9100, 40.5400, 22.3400, -391.0600, 36.8400, 22.3400, 0, 0, 0
L -394.9100, 36.8400, 22.3400, -394.9100, 40.5400, 22.3400, 0, 0, 0
L -527.9300, 108.9700, 22.4600, -530.9400, 109.6600, 21.7500, 0, 0, 0
L -527.9300, 108.9700, 22.4600, -528.8400, 111.9200, 21.7500, 0, 0, 0
L -527.9300, 108.9700, 22.4600, -525.8300, 111.2300, 21.7500, 0, 0, 0
L -527.9300, 108.9700, 22.4600, -524.9200, 108.2800, 21.7500, 0, 0, 0
L -527.9300, 108.9700, 22.4600, -527.0200, 106.0200, 21.7500, 0, 0, 0
L -392.2400, 106.0400, 22.4600, -391.2600, 108.9700, 21.7500, 0, 0, 0
L -392.2400, 106.0400, 22.4600, -389.2200, 106.6500, 21.7500, 0, 0, 0
L -392.2400, 106.0400, 22.4600, -390.2000, 103.7300, 21.7500, 0, 0, 0
L -392.2400, 106.0400, 22.4600, -393.2200, 103.1100, 21.7500, 0, 0, 0
L -392.2400, 106.0400, 22.4600, -395.2700, 105.4300, 21.7500, 0, 0, 0
L -526.6100, -24.2600, 22.4600, -527.3400, -27.2600, 21.7500, 0, 0, 0
L -526.6100, -24.2600, 22.4600, -529.5700, -25.1300, 21.7500, 0, 0, 0
L -526.6100, -24.2600, 22.4600, -528.8500, -22.1300, 21.7500, 0, 0, 0
L -526.6100, -24.2600, 22.4600, -525.8900, -21.2600, 21.7500, 0, 0, 0
L -526.6100, -24.2600, 22.4600, -523.6600, -23.3900, 21.7500, 0, 0, 0
L -396.6000, -24.3700, 22.4600, -393.5800, -25.0200, 21.7500, 0, 0, 0
L -396.6000, -24.3700, 22.4600, -395.6600, -27.3100, 21.7500, 0, 0, 0
L -396.6000, -24.3700, 22.4600, -398.6700, -26.6600, 21.7500, 0, 0, 0
L -396.6000, -24.3700, 22.4600, -399.6200, -23.7200, 21.7500, 0, 0, 0
L -396.6000, -24.3700, 22.4600, -397.5400, -21.4300, 21.7500, 0, 0, 0
L -389.7900, 42.0300, 23.3700, -394.9100, 41.2000, 23.3700, 0, 0, 0
L -394.9100, 42.0300, 23.3700, -394.9100, 41.2000, 23.3700, 0, 0, 0
L -394.9100, 42.0300, 23.3700, -389.7700, 42.0300, 24.0100, 0, 0, 0
L -389.7900, 41.2000, 23.3700, -389.7900, 36.1800, 20.4100, 0, 0, 0
L -389.7900, 41.2000, 23.3700, -389.7700, 40.5400, 24.0100, 0, 0, 0
L -389.7900, 41.2000, 23.3700, -389.7900, 42.0300, 23.3700, 0, 0, 0
L -394.9100, 41.2000, 23.3700, -394.9100, 40.5400, 24.0100, 0, 0, 0
L -389.7900, 36.1800, 23.3700, -389.7700, 36.8400, 24.0100, 0, 0, 0
L -389.7900, 36.1800, 23.3700, -389.7700, 40.5400, 24.0100, 0, 0, 0
L -389.7900, 36.1800, 23.3700, -394.9100, 35.3500, 23.3700, 0, 0, 0
L -389.7900, 35.3500, 23.3700, -394.9100, 35.3500, 24.0100, 0, 0, 0
L -389.7900, 35.3500, 23.3700, -389.7900, 36.1800, 23.3700, 0, 0, 0
L -525.3300, 111.7700, 23.5200, -524.2100, 108.1200, 23.5200, 0, 0, 0
L -531.6600, 109.8300, 23.5200, -529.0600, 112.6300, 23.5200, 0, 0, 0
L -391.0300, 109.6600, 23.5200, -388.5000, 106.8000, 23.5200, 0, 0, 0
L -394.7700, 108.9000, 23.5200, -395.1700, 109.3600, 24.2600, 0, 0, 0
L -530.5300, 106.1700, 23.5200, -530.9400, 105.7300, 24.2600, 0, 0, 0
L -526.8100, 105.3200, 23.5200, -530.5300, 106.1700, 23.5200, 0, 0, 0
L -395.9900, 105.2800, 23.5200, -394.7700, 108.9000, 23.5200, 0, 0, 0
L -389.7100, 103.1800, 23.5200, -393.4600, 102.4100, 23.5200, 0, 0, 0
L -397.7700, -20.7300, 23.5200, -394.0300, -21.5400, 23.5200, 0, 0, 0
L -394.0300, -21.5400, 23.5200, -393.6300, -21.0900, 24.2600, 0, 0, 0
L -529.3800, -21.6300, 23.5200, -525.7200, -20.5500, 23.5200, 0, 0, 0
L -522.9500, -23.1800, 23.5200, -523.8500, -26.9000, 23.5200, 0, 0, 0
L -392.8600, -25.1800, 23.5200, -395.4300, -28.0100, 23.5200, 0, 0, 0
L -523.8500, -26.9000, 23.5200, -523.4100, -27.3100, 24.2600, 0, 0, 0
L -399.1700, -27.2000, 23.5200, -400.3400, -23.5600, 23.5200, 0, 0, 0
L -527.5100, -27.9800, 23.5200, -530.2800, -25.3400, 23.5200, 0, 0, 0
L -528.8400, 111.9200, 23.5800, -532.2500, 109.9600, 24.2600, 0, 0, 0
L -528.8400, 111.9200, 23.5800, -529.2300, 113.2000, 24.2600, 0, 0, 0
L -525.8300, 111.2300, 23.5800, -529.2300, 113.2000, 24.2600, 0, 0, 0
L -525.8300, 111.2300, 23.5800, -524.9200, 112.2200, 24.2600, 0, 0, 0
L -530.9400, 109.6600, 23.5800, -530.9400, 105.7300, 24.2600, 0, 0, 0
L -530.9400, 109.6600, 23.5800, -532.2500, 109.9600, 24.2600, 0, 0, 0
L -391.2600, 108.9700, 23.5800, -395.1700, 109.3600, 24.2600, 0, 0, 0
L -391.2600, 108.9700, 23.5800, -390.8400, 110.2400, 24.2600, 0, 0, 0
L -394.2900, 108.3500, 23.5800, -396.5800, 105.1600, 24.2600, 0, 0, 0
L -524.9200, 108.2800, 23.5800, -524.9200, 112.2200, 24.2600, 0, 0, 0
L -524.9200, 108.2800, 23.5800, -523.6200, 107.9900, 24.2600, 0, 0, 0
L -530.0300, 106.7100, 23.5800, -526.6300, 104.7400, 24.2600, 0, 0, 0
L -389.2200, 106.6500, 23.5800, -390.8400, 110.2400, 24.2600, 0, 0, 0
L -389.2200, 106.6500, 23.5800, -387.9000, 106.9200, 24.2600, 0, 0, 0
L -527.0200, 106.0200, 23.5800, -523.6200, 107.9900, 24.2600, 0, 0, 0
L -527.0200, 106.0200, 23.5800, -526.6300, 104.7400, 24.2600, 0, 0, 0
L -395.2700, 105.4300, 23.5800, -393.6500, 101.8400, 24.2600, 0, 0, 0
L -395.2700, 105.4300, 23.5800, -396.5800, 105.1600, 24.2600, 0, 0, 0
L -390.2000, 103.7300, 23.5800, -387.9000, 106.9200, 24.2600, 0, 0, 0
L -390.2000, 103.7300, 23.5800, -389.3100, 102.7200, 24.2600, 0, 0, 0
L -393.2200, 103.1100, 23.5800, -389.3100, 102.7200, 24.2600, 0, 0, 0
L -393.2200, 103.1100, 23.5800, -393.6500, 101.8400, 24.2600, 0, 0, 0
L -525.8900, -21.2600, 23.5800, -529.8200, -21.2100, 24.2600, 0, 0, 0
L -525.8900, -21.2600, 23.5800, -525.5700, -19.9600, 24.2600, 0, 0, 0
L -397.5400, -21.4300, 23.5800, -400.9300, -23.4400, 24.2600, 0, 0, 0
L -397.5400, -21.4300, 23.5800, -397.9500, -20.1600, 24.2600, 0, 0, 0
L -394.5300, -22.0900, 23.5800, -397.9500, -20.1600, 24.2600, 0, 0, 0
L -528.8500, -22.1300, 23.5800, -530.8600, -25.5100, 24.2600, 0, 0, 0
L -528.8500, -22.1300, 23.5800, -529.8200, -21.2100, 24.2600, 0, 0, 0
L -523.6600, -23.3900, 23.5800, -525.5700, -19.9600, 24.2600, 0, 0, 0
L -523.6600, -23.3900, 23.5800, -522.3700, -23.0100, 24.2600, 0, 0, 0
L -399.6200, -23.7200, 23.5800, -399.5700, -27.6500, 24.2600, 0, 0, 0
L -399.6200, -23.7200, 23.5800, -400.9300, -23.4400, 24.2600, 0, 0, 0
L -393.5800, -25.0200, 23.5800, -393.6300, -21.0900, 24.2600, 0, 0, 0
L -393.5800, -25.0200, 23.5800, -392.2700, -25.3100, 24.2600, 0, 0, 0
L -529.5700, -25.1300, 23.5800, -527.6600, -28.5600, 24.2600, 0, 0, 0
L -529.5700, -25.1300, 23.5800, -530.8600, -25.5100, 24.2600, 0, 0, 0
L -524.3800, -26.3900, 23.5800, -522.3700, -23.0100, 24.2600, 0, 0, 0
L -398.6700, -26.6600, 23.5800, -395.2500, -28.5900, 24.2600, 0, 0, 0
L -398.6700, -26.6600, 23.5800, -399.5700, -27.6500, 24.2600, 0, 0, 0
L -527.3400, -27.2600, 23.5800, -523.4100, -27.3100, 24.2600, 0, 0, 0
L -527.3400, -27.2600, 23.5800, -527.6600, -28.5600, 24.2600, 0, 0, 0
L -395.6600, -27.3100, 23.5800, -392.2700, -25.3100, 24.2600, 0, 0, 0
L -395.6600, -27.3100, 23.5800, -395.2500, -28.5900, 24.2600, 0, 0, 0
L -389.7700, 42.0300, 24.0100, -391.0600, 42.0300, 24.0100, 0, 0, 0
L -391.0600, 42.0300, 24.0100, -394.9100, 42.0300, 24.0100, 0, 0, 0
L -394.9100, 42.0300, 24.0100, -394.9100, 40.5400, 24.0100, 0, 0, 0
L -389.7700, 40.5400, 24.0100, -389.7700, 42.0300, 24.0100, 0, 0, 0
L -391.0600, 40.5400, 24.0100, -391.0600, 42.0300, 24.0100, 0, 0, 0
L -391.0600, 40.5400, 24.0100, -389.7700, 42.0300, 24.0100, 0, 0, 0
L -394.9100, 40.5400, 24.0100, -391.0600, 42.0300, 24.0100, 0, 0, 0
L -394.9100, 40.5400, 24.0100, -391.0600, 40.5400, 24.0100, 0, 0, 0
L -391.0600, 36.8400, 24.0100, -394.9100, 36.8400, 24.0100, 0, 0, 0
L -394.9100, 36.8400, 24.0100, -391.0600, 35.3500, 24.0100, 0, 0, 0
L -394.9100, 36.8400, 24.0100, -394.9100, 35.3500, 24.0100, 0, 0, 0
L -394.9100, 36.8400, 24.0100, -394.9100, 36.1800, 23.3700, 0, 0, 0
L -389.7700, 35.3500, 24.0100, -389.7700, 36.8400, 24.0100, 0, 0, 0
L -391.0600, 35.3500, 24.0100, -391.0600, 36.8400, 24.0100, 0, 0, 0
L -391.0600, 35.3500, 24.0100, -389.7700, 36.8400, 24.0100, 0, 0, 0
L -391.0600, 35.3500, 24.0100, -389.7700, 35.3500, 24.0100, 0, 0, 0
L -394.9100, 35.3500, 24.0100, -391.0600, 35.3500, 24.0100, 0, 0, 0
L -394.9100, 35.3500, 24.0100, -394.9100, 36.1800, 23.3700, 0, 0, 0
L -529.2300, 113.2000, 24.2600, -531.6600, 109.8300, 23.5200, 0, 0, 0
L -529.2300, 113.2000, 24.2600, -529.0600, 112.6300, 23.5200, 0, 0, 0
L -529.2300, 113.2000, 24.2600, -524.9200, 112.2200, 24.2600, 0, 0, 0
L -524.9200, 112.2200, 24.2600, -529.0600, 112.6300, 23.5200, 0, 0, 0
L -524.9200, 112.2200, 24.2600, -525.3300, 111.7700, 23.5200, 0, 0, 0
L -524.9200, 112.2200, 24.2600, -523.6200, 107.9900, 24.2600, 0, 0, 0
L -390.8400, 110.2400, 24.2600, -394.7700, 108.9000, 23.5200, 0, 0, 0
L -390.8400, 110.2400, 24.2600, -391.0300, 109.6600, 23.5200, 0, 0, 0
L -390.8400, 110.2400, 24.2600, -387.9000, 106.9200, 24.2600, 0, 0, 0
L -532.2500, 109.9600, 24.2600, -530.5300, 106.1700, 23.5200, 0, 0, 0
L -532.2500, 109.9600, 24.2600, -531.6600, 109.8300, 23.5200, 0, 0, 0
L -532.2500, 109.9600, 24.2600, -529.2300, 113.2000, 24.2600, 0, 0, 0
L -395.1700, 109.3600, 24.2600, -390.8400, 110.2400, 24.2600, 0, 0, 0
L -395.1700, 109.3600, 24.2600, -394.2900, 108.3500, 23.5800, 0, 0, 0
L -395.1700, 109.3600, 24.2600, -395.9900, 105.2800, 23.5200, 0, 0, 0
L -523.6200, 107.9900, 24.2600, -525.3300, 111.7700, 23.5200, 0, 0, 0
L -523.6200, 107.9900, 24.2600, -524.2100, 108.1200, 23.5200, 0, 0, 0
L -523.6200, 107.9900, 24.2600, -526.6300, 104.7400, 24.2600, 0, 0, 0
L -387.9000, 106.9200, 24.2600, -391.0300, 109.6600, 23.5200, 0, 0, 0
L -387.9000, 106.9200, 24.2600, -388.5000, 106.8000, 23.5200, 0, 0, 0
L -387.9000, 106.9200, 24.2600, -389.3100, 102.7200, 24.2600, 0, 0, 0
L -530.9400, 105.7300, 24.2600, -532.2500, 109.9600, 24.2600, 0, 0, 0
L -530.9400, 105.7300, 24.2600, -530.0300, 106.7100, 23.5800, 0, 0, 0
L -530.9400, 105.7300, 24.2600, -526.8100, 105.3200, 23.5200, 0, 0, 0
L -396.5800, 105.1600, 24.2600, -393.4600, 102.4100, 23.5200, 0, 0, 0
L -396.5800, 105.1600, 24.2600, -395.9900, 105.2800, 23.5200, 0, 0, 0
L -396.5800, 105.1600, 24.2600, -395.1700, 109.3600, 24.2600, 0, 0, 0
L -526.6300, 104.7400, 24.2600, -524.2100, 108.1200, 23.5200, 0, 0, 0
L -526.6300, 104.7400, 24.2600, -526.8100, 105.3200, 23.5200, 0, 0, 0
L -526.6300, 104.7400, 24.2600, -530.9400, 105.7300, 24.2600, 0, 0, 0
L -389.3100, 102.7200, 24.2600, -388.5000, 106.8000, 23.5200, 0, 0, 0
L -389.3100, 102.7200, 24.2600, -389.7100, 103.1800, 23.5200, 0, 0, 0
L -389.3100, 102.7200, 24.2600, -393.6500, 101.8400, 24.2600, 0, 0, 0
L -393.6500, 101.8400, 24.2600, -389.7100, 103.1800, 23.5200, 0, 0, 0
L -393.6500, 101.8400, 24.2600, -393.4600, 102.4100, 23.5200, 0, 0, 0
L -393.6500, 101.8400, 24.2600, -396.5800, 105.1600, 24.2600, 0, 0, 0
L -525.5700, -19.9600, 24.2600, -529.3800, -21.6300, 23.5200, 0, 0, 0
L -525.5700, -19.9600, 24.2600, -525.7200, -20.5500, 23.5200, 0, 0, 0
L -525.5700, -19.9600, 24.2600, -522.3700, -23.0100, 24.2600, 0, 0, 0
L -397.9500, -20.1600, 24.2600, -400.3400, -23.5600, 23.5200, 0, 0, 0
L -397.9500, -20.1600, 24.2600, -397.7700, -20.7300, 23.5200, 0, 0, 0
L -397.9500, -20.1600, 24.2600, -393.6300, -21.0900, 24.2600, 0, 0, 0
L -393.6300, -21.0900, 24.2600, -392.2700, -25.3100, 24.2600, 0, 0, 0
L -393.6300, -21.0900, 24.2600, -394.5300, -22.0900, 23.5800, 0, 0, 0
L -393.6300, -21.0900, 24.2600, -397.7700, -20.7300, 23.5200, 0, 0, 0
L -529.8200, -21.2100, 24.2600, -530.2800, -25.3400, 23.5200, 0, 0, 0
L -529.8200, -21.2100, 24.2600, -529.3800, -21.6300, 23.5200, 0, 0, 0
L -529.8200, -21.2100, 24.2600, -525.5700, -19.9600, 24.2600, 0, 0, 0
L -522.3700, -23.0100, 24.2600, -525.7200, -20.5500, 23.5200, 0, 0, 0
L -522.3700, -23.0100, 24.2600, -522.9500, -23.1800, 23.5200, 0, 0, 0
L -522.3700, -23.0100, 24.2600, -523.4100, -27.3100, 24.2600, 0, 0, 0
L -400.9300, -23.4400, 24.2600, -399.1700, -27.2000, 23.5200, 0, 0, 0
L -400.9300, -23.4400, 24.2600, -400.3400, -23.5600, 23.5200, 0, 0, 0
L -400.9300, -23.4400, 24.2600, -397.9500, -20.1600, 24.2600, 0, 0, 0
L -392.2700, -25.3100, 24.2600, -394.0300, -21.5400, 23.5200, 0, 0, 0
L -392.2700, -25.3100, 24.2600, -392.8600, -25.1800, 23.5200, 0, 0, 0
L -392.2700, -25.3100, 24.2600, -395.2500, -28.5900, 24.2600, 0, 0, 0
L -530.8600, -25.5100, 24.2600, -527.5100, -27.9800, 23.5200, 0, 0, 0
L -530.8600, -25.5100, 24.2600, -530.2800, -25.3400, 23.5200, 0, 0, 0
L -530.8600, -25.5100, 24.2600, -529.8200, -21.2100, 24.2600, 0, 0, 0
L -523.4100, -27.3100, 24.2600, -527.6600, -28.5600, 24.2600, 0, 0, 0
L -523.4100, -27.3100, 24.2600, -524.3800, -26.3900, 23.5800, 0, 0, 0
L -523.4100, -27.3100, 24.2600, -522.9500, -23.1800, 23.5200, 0, 0, 0
L -399.5700, -27.6500, 24.2600, -395.4300, -28.0100, 23.5200, 0, 0, 0
L -399.5700, -27.6500, 24.2600, -399.1700, -27.2000, 23.5200, 0, 0, 0
L -399.5700, -27.6500, 24.2600, -400.9300, -23.4400, 24.2600, 0, 0, 0
L -527.6600, -28.5600, 24.2600, -523.8500, -26.9000, 23.5200, 0, 0, 0
L -527.6600, -28.5600, 24.2600, -527.5100, -27.9800, 23.5200, 0, 0, 0
L -527.6600, -28.5600, 24.2600, -530.8600, -25.5100, 24.2600, 0, 0, 0
L -395.2500, -28.5900, 24.2600, -392.8600, -25.1800, 23.5200, 0, 0, 0
L -395.2500, -28.5900, 24.2600, -395.4300, -28.0100, 23.5200, 0, 0, 0
L -395.2500, -28.5900, 24.2600, -399.5700, -27.6500, 24.2600, 0, 0, 0
L -389.7900, 40.5400, 27.4800, -391.0600, 40.5400, 27.4800, 0, 0, 0
L -391.0600, 40.5400, 27.4800, -389.7900, 36.8400, 27.4800, 0, 0, 0
L -391.0600, 40.5400, 27.4800, -391.0600, 36.8400, 27.4800, 0, 0, 0
L -389.7900, 36.8400, 27.4800, -389.7900, 40.5400, 27.4800, 0, 0, 0
L -391.0600, 36.8400, 27.4800, -389.7900, 36.8400, 27.4800, 0, 0, 0
L -387.6700, 46.3100, 31.6500, -386.6600, 47.3300, 33.3300, 0, 0, 0
L -387.6700, 46.3100, 31.6500, -403.1200, 46.3100, 31.6500, 0, 0, 0
L -389.6400, 46.3100, 31.6500, -387.6700, 46.3100, 20.4100, 0, 0, 0
L -401.1500, 46.3100, 31.6500, -403.1200, 46.3100, 20.4100, 0, 0, 0
L -403.1200, 46.3100, 31.6500, -403.1200, 31.1400, 31.6500, 0, 0, 0
L -387.6700, 44.3400, 31.6500, -387.6700, 46.3100, 20.4100, 0, 0, 0
L -389.6400, 44.3400, 31.6500, -387.6700, 44.3400, 20.4100, 0, 0, 0
L -401.1500, 44.3400, 31.6500, -403.1200, 44.3400, 20.4100, 0, 0, 0
L -403.1200, 44.3400, 31.6500, -403.1200, 46.3100, 20.4100, 0, 0, 0
L -387.6700, 33.1000, 31.6500, -387.6700, 31.1400, 20.4100, 0, 0, 0
L -389.6400, 33.1000, 31.6500, -387.6700, 33.1000, 20.4100, 0, 0, 0
L -401.1500, 33.1000, 31.6500, -403.1200, 33.1000, 20.4100, 0, 0, 0
L -403.1200, 33.1000, 31.6500, -403.1200, 31.1400, 20.4100, 0, 0, 0
L -387.6700, 31.1400, 31.6500, -386.6600, 47.3300, 33.3300, 0, 0, 0
L -387.6700, 31.1400, 31.6500, -387.6700, 46.3100, 31.6500, 0, 0, 0
L -389.6400, 31.1400, 31.6500, -387.6700, 31.1400, 20.4100, 0, 0, 0
L -401.1500, 31.1400, 31.6500, -403.1200, 31.1400, 20.4100, 0, 0, 0
L -403.1200, 31.1400, 31.6500, -387.6700, 31.1400, 31.6500, 0, 0, 0
L -403.1200, 31.1400, 31.6500, -387.6700, 46.3100, 31.6500, 0, 0, 0
L -386.6600, 47.3300, 33.3300, -386.6600, 30.0400, 33.3300, 0, 0, 0
L -386.6600, 47.3300, 33.3300, -403.1200, 46.3100, 31.6500, 0, 0, 0
L -404.1800, 47.3300, 33.3300, -403.1200, 46.3100, 31.6500, 0, 0, 0
L -404.1800, 47.3300, 33.3300, -386.6600, 47.3300, 33.3300, 0, 0, 0
L -386.6600, 30.0400, 33.3300, -387.6700, 31.1400, 31.6500, 0, 0, 0
L -386.6600, 30.0400, 33.3300, -403.1200, 31.1400, 31.6500, 0, 0, 0
L -386.6600, 30.0400, 33.3300, -404.1800, 30.0400, 33.3300, 0, 0, 0
L -386.6600, 30.0400, 33.3300, -404.1800, 47.3300, 33.3300, 0, 0, 0
L -404.1800, 30.0400, 33.3300, -403.1200, 31.1400, 31.6500, 0, 0, 0
L -404.1800, 30.0400, 33.3300, -403.1200, 46.3100, 31.6500, 0, 0, 0
L -404.1800, 30.0400, 33.3300, -404.1800, 47.3300, 33.3300, 0, 0, 0
L 396.1600, -27.9700, 39.5900, 429.5000, -27.8400, 39.8100, 0, 0, 0
L 429.2200, 48.3800, 39.8100, 396.1600, 48.3400, 39.5900, 0, 0, 0
L -331.0600, 884.7800, 40, -561.4400, 884.7500, 40, 0, 0, 0
L -561.4400, 884.7500, 40, -783.9400, 825.1200, 40, 0, 0, 0
L -335.3400, 852.2500, 40, -557.1600, 852.2500, 40, 0, 0, 0
L -557.1600, 852.2500, 40, -771.3800, 794.8400, 40, 0, 0, 0
L -151.3100, 836.5900, 40, -331.0600, 884.7800, 40, 0, 0, 0
L -108.5600, 825.1600, 40, -151.3100, 836.5900, 40, 0, 0, 0
L -783.9400, 825.1200, 40, -983.4400, 709.9400, 40, 0, 0, 0
L -121.0900, 794.8400, 40, -335.3400, 852.2500, 40, 0, 0, 0
L -771.3800, 794.8400, 40, -963.4700, 683.9400, 40, 0, 0, 0
L 90.9400, 709.9700, 40, -108.5600, 825.1600, 40, 0, 0, 0
L -983.4400, 709.9400, 40, -1062.8300, 630.5500, 40, 0, 0, 0
L 71, 683.9700, 40, -121.0900, 794.8400, 40, 0, 0, 0
L -963.4700, 683.9400, 40, -1120.3100, 527.0900, 40, 0, 0, 0
L 28.5400, 662.6100, 40, 81.3800, 606.9400, 40, 0, 0, 0
L 21.5900, 656.0100, 40, 28.5400, 662.6100, 40, 0, 0, 0
L -1062.8300, 630.5500, 40, -1146.3100, 547.0600, 40, 0, 0, 0
L 81.3800, 606.9400, 40, 21.5900, 552.2400, 40, 0, 0, 0
L -29.1700, 605.7800, 40, 21.5900, 656.0100, 40, 0, 0, 0
L 193.3400, 561.5900, 40, 71, 683.9700, 40, 0, 0, 0
L -1049.8800, 555.0500, 40, -1102.2600, 498.9700, 40, 0, 0, 0
L -517.6900, 554.4400, 40, -382.0900, 550.8800, 40, 0, 0, 0
L 21.5900, 552.2400, 40, -29.1700, 605.7800, 40, 0, 0, 0
L -382.0900, 550.8800, 40, -252, 512.3400, 40, 0, 0, 0
L 253.8400, 547.0900, 40, 90.9400, 709.9700, 40, 0, 0, 0
L -1146.3100, 547.0600, 40, -1261.5000, 347.5600, 40, 0, 0, 0
L -515.6600, 535.0900, 40, -642.6600, 504.6200, 40, 0, 0, 0
L -385.1200, 531.6900, 40, -515.6600, 535.0900, 40, 0, 0, 0
L 227.8100, 527.1200, 40, 193.3400, 561.5900, 40, 0, 0, 0
L -1120.3100, 527.0900, 40, -1231.1900, 335, 40, 0, 0, 0
L -649.6200, 522.7800, 40, -517.6900, 554.4400, 40, 0, 0, 0
L -252, 512.3400, 40, -136.3400, 441.4700, 40, 0, 0, 0
L -642.6600, 504.6200, 40, -757.4100, 442.3100, 40, 0, 0, 0
L -1102.2600, 498.9700, 40, -1042.0700, 444.7700, 40, 0, 0, 0
L -991.6200, 498.6200, 40, -1049.8800, 555.0500, 40, 0, 0, 0
L -471.4200, 496.2700, 40, -471.3500, 496.2700, 40, 0, 0, 0
L -492.3000, 496.2700, 40, -415.5600, 496.2300, 40, 0, 0, 0
L -415.5600, 496.2300, 40, -417.0800, 415.1500, 40, 0, 0, 0
L -259.9100, 494.5900, 40, -385.1200, 531.6900, 40, 0, 0, 0
L -768.8400, 458.0300, 40, -649.6200, 522.7800, 40, 0, 0, 0
L -1042.0700, 444.7700, 40, -991.6200, 498.6200, 40, 0, 0, 0
L -757.4100, 442.3100, 40, -852.1200, 352.4100, 40, 0, 0, 0
L -136.3400, 441.4700, 40, -42.9400, 343.0600, 40, 0, 0, 0
L -148.5600, 426.3400, 40, -259.9100, 494.5900, 40, 0, 0, 0
L -490.8500, 415.2800, 40, -492.3000, 496.2700, 40, 0, 0, 0
L -417.0800, 415.1500, 40, -490.8500, 415.2800, 40, 0, 0, 0
L -867.2500, 364.6600, 40, -768.8400, 458.0300, 40, 0, 0, 0
L -852.1200, 352.4100, 40, -920.3800, 241.0600, 40, 0, 0, 0
L 369.0300, 347.5900, 40, 253.8400, 547.0900, 40, 0, 0, 0
L -1261.5000, 347.5600, 40, -1321.1200, 125.0300, 40, 0, 0, 0
L -42.9400, 343.0600, 40, 21.7800, 223.8400, 40, 0, 0, 0
L 338.7200, 335.0300, 40, 227.8100, 527.1200, 40, 0, 0, 0
L -1231.1900, 335, 40, -1288.5900, 120.7500, 40, 0, 0, 0
L -58.6900, 331.6200, 40, -148.5600, 426.3400, 40, 0, 0, 0
L -938.1200, 248.9700, 40, -867.2500, 364.6600, 40, 0, 0, 0
L -862.7700, 243.8300, 40, -790.2400, 207.5000, 40, 0, 0, 0
L -920.3800, 241.0600, 40, -957.4700, 115.8400, 40, 0, 0, 0
L 21.5900, 224.1900, 40, 21.6600, 224.0700, 40, 0, 0, 0
L 21.7800, 223.8400, 40, 53.4700, 91.9100, 40, 0, 0, 0
L 3.6200, 216.8800, 40, -58.6900, 331.6200, 40, 0, 0, 0
L -790.2400, 207.5000, 40, -822.1700, 141.0100, 40, 0, 0, 0
L -886.8700, 193.4300, 40, -886.8400, 193.5000, 40, 0, 0, 0
L -895.8600, 174.5900, 40, -862.7700, 243.8300, 40, 0, 0, 0
L -822.1700, 141.0100, 40, -895.8600, 174.5900, 40, 0, 0, 0
L 428.6600, 125.0900, 40, 369.0300, 347.5900, 40, 0, 0, 0
L -1321.1200, 125.0300, 40, -1321.1200, -105.3100, 40, 0, 0, 0
L 396.1600, 120.8100, 40, 338.7200, 335.0300, 40, 0, 0, 0
L -1288.5900, 120.7500, 40, -1288.5900, -101.0300, 40, 0, 0, 0
L -976.6600, 118.9100, 40, -938.1200, 248.9700, 40, 0, 0, 0
L -957.4700, 115.8400, 40, -958.3100, 83.3800, 40, 0, 0, 0
L 53.4700, 91.9100, 40, 49.9100, -43.6900, 40, 0, 0, 0
L 34.1200, 89.8800, 40, 3.6200, 216.8800, 40, 0, 0, 0
L -958.3100, 83.3800, 40, -977.5900, 83.3800, 40, 0, 0, 0
L -977.5900, 83.3800, 40, -976.6600, 118.9100, 40, 0, 0, 0
L 885.6200, 74.4700, 40, 805.5600, 74.4700, 40, 0, 0, 0
L 805.5600, 74.4700, 40, 805.6200, 24.4400, 40, 0, 0, 0
L 9.4300, 63.0700, 40, 9.4700, -13.6000, 40, 0, 0, 0
L -71.5500, 61.5500, 40, 9.4300, 63.0700, 40, 0, 0, 0
L 855.5600, 44.4700, 40, 855.5000, -5.5300, 40, 0, 0, 0
L 835.5600, 44.4700, 40, 855.5600, 44.4700, 40, 0, 0, 0
L 755.4400, 24.5000, 40, 437.2500, 47.7900, 40, 0, 0, 0
L 805.6200, 24.4400, 40, 755.4400, 24.5000, 40, 0, 0, 0
L -71.5500, 16.6100, 40, -71.5500, 61.5500, 40, 0, 0, 0
L 885.6200, 14.0900, 40, 885.6200, 74.4700, 40, 0, 0, 0
L -960.3100, 6.8800, 40, -960.8800, -14.6900, 40, 0, 0, 0
L -979.5900, 6.8800, 40, -960.3100, 6.8800, 40, 0, 0, 0
L 855.5000, -5.5300, 40, 895.6200, -35.5300, 40, 0, 0, 0
L 835.5000, -5.5300, 40, 835.5600, 44.4700, 40, 0, 0, 0
L 755.4100, -5.7800, 40, 835.5000, -5.5300, 40, 0, 0, 0
L -71.6300, -12.2200, 40, -71.5500, 16.6100, 40, 0, 0, 0
L 9.4700, -13.6000, 40, -71.6300, -12.2200, 40, 0, 0, 0
L -960.8800, -14.6900, 40, -930.4100, -141.6600, 40, 0, 0, 0
L -980.2200, -16.7200, 40, -979.5900, 6.8800, 40, 0, 0, 0
L 437.5200, -27.3000, 40, 755.4100, -5.7800, 40, 0, 0, 0
L 30.6900, -40.6600, 40, 34.1200, 89.8800, 40, 0, 0, 0
L 49.9100, -43.6900, 40, 11.3800, -173.7800, 40, 0, 0, 0
L -827.3600, -93.9000, 40, -896.4400, -136.0100, 40, 0, 0, 0
L -1288.5900, -101.0300, 40, -1245.0900, -263.4100, 40, 0, 0, 0
L 428.6600, -105.2800, 40, 429.5000, -28.0600, 40, 0, 0, 0
L -1321.1200, -105.3100, 40, -1261.5000, -327.8400, 40, 0, 0, 0
L -896.4400, -136.0100, 40, -855.4600, -200.9000, 40, 0, 0, 0
L -896.6100, -136.1000, 40, -896.5700, -136.1700, 40, 0, 0, 0
L -930.4100, -141.6600, 40, -868.0900, -256.4400, 40, 0, 0, 0
L -948.5600, -148.6200, 40, -980.2200, -16.7200, 40, 0, 0, 0
L -787.8900, -156.2300, 40, -827.3600, -93.9000, 40, 0, 0, 0
L -6.3800, -165.8800, 40, 30.6900, -40.6600, 40, 0, 0, 0
L 11.3800, -173.7800, 40, -59.5000, -289.4700, 40, 0, 0, 0
L -855.4600, -200.9000, 40, -787.8900, -156.2300, 40, 0, 0, 0
L -868.0900, -256.4400, 40, -778.1900, -351.1600, 40, 0, 0, 0
L -1245.0900, -263.4100, 40, -1231.1900, -315.2800, 40, 0, 0, 0
L -883.8100, -267.8800, 40, -948.5600, -148.6200, 40, 0, 0, 0
L -74.6200, -277.2200, 40, -6.3800, -165.8800, 40, 0, 0, 0
L -59.5000, -289.4700, 40, -157.9100, -382.8400, 40, 0, 0, 0
L 338.7500, -315.2500, 40, 396.1600, -101, 40, 0, 0, 0
L -1231.1900, -315.2800, 40, -1120.2800, -507.3800, 40, 0, 0, 0
L 369.0300, -327.7800, 40, 428.6600, -105.2800, 40, 0, 0, 0
L -1261.5000, -327.8400, 40, -1146.3100, -527.3400, 40, 0, 0, 0
L -482.9600, -343.4100, 40, -409.1900, -344.0700, 40, 0, 0, 0
L -409.1900, -344.0700, 40, -408.3000, -425.0600, 40, 0, 0, 0
L -778.1900, -351.1600, 40, -666.8400, -419.4100, 40, 0, 0, 0
L -790.4400, -366.2800, 40, -883.8100, -267.8800, 40, 0, 0, 0
L -169.3400, -367.0900, 40, -74.6200, -277.2200, 40, 0, 0, 0
L -157.9100, -382.8400, 40, -277.1600, -447.5600, 40, 0, 0, 0
L -666.8400, -419.4100, 40, -541.6600, -456.4700, 40, 0, 0, 0
L -484.9700, -424.4800, 40, -482.9600, -343.4100, 40, 0, 0, 0
L -408.3000, -425.0600, 40, -484.9700, -424.4800, 40, 0, 0, 0
L -284.1200, -429.4100, 40, -169.3400, -367.0900, 40, 0, 0, 0
L -674.7500, -437.1600, 40, -790.4400, -366.2800, 40, 0, 0, 0
L -277.1600, -447.5600, 40, -409.0600, -479.2500, 40, 0, 0, 0
L -541.6600, -456.4700, 40, -411.0900, -459.9100, 40, 0, 0, 0
L -1000.6600, -457.8700, 40, -946.2600, -507.7000, 40, 0, 0, 0
L -411.0900, -459.9100, 40, -284.1200, -429.4100, 40, 0, 0, 0
L -544.6900, -475.6900, 40, -674.7500, -437.1600, 40, 0, 0, 0
L -543.9700, -475.7200, 40, -544.2100, -475.7100, 40, 0, 0, 0
L -409.0600, -479.2500, 40, -544.6900, -475.6900, 40, 0, 0, 0
L 227.8400, -507.3400, 40, 338.7500, -315.2500, 40, 0, 0, 0
L -1120.2800, -507.3800, 40, -963.4400, -664.1900, 40, 0, 0, 0
L -946.2600, -507.7000, 40, -972.2700, -538.4100, 40, 0, 0, 0
L -1056.4400, -516.7500, 40, -1000.6600, -457.8700, 40, 0, 0, 0
L 253.8800, -527.3100, 40, 369.0300, -327.7800, 40, 0, 0, 0
L -1146.3100, -527.3400, 40, -1135.2500, -538.4100, 40, 0, 0, 0
L -972.2700, -538.4100, 40, -999.7800, -568.4900, 40, 0, 0, 0
L -1135.2500, -538.4100, 40, -983.4100, -690.2200, 40, 0, 0, 0
L 23.0500, -541.4900, 40, 78.4000, -600.6200, 40, 0, 0, 0
L -999.7800, -568.4900, 40, -1056.4400, -516.7500, 40, 0, 0, 0
L -31.8100, -590.8000, 40, 23.0500, -541.4900, 40, 0, 0, 0
L 78.4000, -600.6200, 40, 62.9100, -614.6100, 40, 0, 0, 0
L 62.9100, -614.6100, 40, 21.5900, -651.8500, 40, 0, 0, 0
L 21.5900, -651.8500, 40, -31.8100, -590.8000, 40, 0, 0, 0
L 71.0300, -664.1900, 40, 227.8400, -507.3400, 40, 0, 0, 0
L -963.4400, -664.1900, 40, -826.7500, -743.1200, 40, 0, 0, 0
L 90.9700, -690.1900, 40, 253.8800, -527.3100, 40, 0, 0, 0
L -983.4100, -690.2200, 40, -783.9100, -805.4100, 40, 0, 0, 0
L -826.7500, -743.1200, 40, -771.3400, -775.0900, 40, 0, 0, 0
L -121.0600, -775.0900, 40, 71.0300, -664.1900, 40, 0, 0, 0
L -771.3400, -775.0900, 40, -557.1200, -832.5000, 40, 0, 0, 0
L -108.5300, -805.3800, 40, 90.9700, -690.1900, 40, 0, 0, 0
L -783.9100, -805.4100, 40, -561.3800, -865, 40, 0, 0, 0
L -264.0300, -813.4100, 40, -121.0600, -775.0900, 40, 0, 0, 0
L -335.3100, -832.5000, 40, -264.0300, -813.4100, 40, 0, 0, 0
L -557.1200, -832.5000, 40, -335.3100, -832.5000, 40, 0, 0, 0
L -331.0300, -865, 40, -108.5300, -805.3800, 40, 0, 0, 0
L -561.3800, -865, 40, -331.0300, -865, 40, 0, 0, 0
L 587.1600, 36.8100, 43.5000, 429.2200, 48.3800, 39.8100, 0, 0, 0
L 587.1600, -17.1900, 43.5000, 755.4100, -5.7800, 47.4700, 0, 0, 0
L 587.1600, -17.1900, 43.5000, 429.5000, -27.8400, 39.8100, 0, 0, 0
L 885.6200, 74.4700, 47.2800, 869.9400, 74.4700, 47.2800, 0, 0, 0
L 869.9400, 74.4700, 47.2800, 857.1200, 74.4700, 47.2800, 0, 0, 0
L 857.1200, 74.4700, 47.2800, 845.1200, 74.4700, 47.2800, 0, 0, 0
L 845.1200, 74.4700, 47.2800, 805.5600, 74.4700, 47.2800, 0, 0, 0
L 845.1200, 44.4700, 47.2800, 855.5600, 44.4700, 47.2800, 0, 0, 0
L 835.5600, 44.4700, 47.2800, 845.1200, 44.4700, 47.2800, 0, 0, 0
L 855.5600, 40.1200, 47.2800, 855.5300, 11.5900, 47.2800, 0, 0, 0
L 855.5600, 40.1200, 47.2800, 855.5600, 44.4700, 47.2800, 0, 0, 0
L 835.5300, 40.1200, 47.2800, 835.5600, 44.4700, 47.2800, 0, 0, 0
L 805.5900, 40.1200, 47.2800, 805.6200, 24.4400, 47.2800, 0, 0, 0
L 805.5900, 40.1200, 47.2800, 805.5600, 74.4700, 47.2800, 0, 0, 0
L 805.6200, 24.4400, 47.2800, 755.4400, 24.5000, 47.4700, 0, 0, 0
L 885.6200, 14.0900, 47.2800, 885.6200, 74.4700, 47.2800, 0, 0, 0
L 885.6200, 14.0900, 47.2800, 886.1200, 11.5900, 47.2800, 0, 0, 0
L 855.5300, 11.5900, 47.2800, 855.5000, -5.5300, 47.2800, 0, 0, 0
L 835.5000, 11.5900, 47.2800, 835.5300, 40.1200, 47.2800, 0, 0, 0
L 855.5000, -5.5300, 47.2800, 869.9400, -16.3100, 47.2800, 0, 0, 0
L 835.5000, -5.5300, 47.2800, 835.5000, 11.5900, 47.2800, 0, 0, 0
L 869.9400, -16.3100, 47.2800, 895.6200, -35.5300, 47.2800, 0, 0, 0
L 895.6200, -35.5300, 47.2800, 886.1200, 11.5900, 47.2800, 0, 0, 0
L 755.4400, 24.5000, 47.4700, 587.1600, 36.8100, 43.5000, 0, 0, 0
L 755.4100, -5.7800, 47.4700, 835.5000, -5.5300, 47.2800, 0, 0, 0
L -968.4100, 83.3800, 58.8400, -977.5900, 83.3800, 58.8400, 0, 0, 0
L -968.4100, 83.3800, 58.8400, -958.3100, 83.3800, 58.8400, 0, 0, 0
L -968.4100, 6.8800, 58.8400, -977.9700, 6.8800, 58.8400, 0, 0, 0
L -968.4100, 6.8800, 58.8400, -960.3100, 6.8800, 58.8400, 0, 0, 0
L -979.5900, 6.8800, 58.8400, -977.9700, 6.8800, 58.8400, 0, 0, 0
L -331.0600, 884.7800, 60, -561.4400, 884.7500, 60, 0, 0, 0
L -561.4400, 884.7500, 60, -783.9400, 825.1200, 60, 0, 0, 0
L -335.3400, 852.2500, 60, -557.1600, 852.2500, 60, 0, 0, 0
L -557.1600, 852.2500, 60, -771.3800, 794.8400, 60, 0, 0, 0
L -151.3100, 836.5900, 60, -331.0600, 884.7800, 60, 0, 0, 0
L -108.5600, 825.1600, 60, -151.3100, 836.5900, 60, 0, 0, 0
L -783.9400, 825.1200, 60, -983.4400, 709.9400, 60, 0, 0, 0
L -121.0900, 794.8400, 60, -335.3400, 852.2500, 60, 0, 0, 0
L -771.3800, 794.8400, 60, -963.4700, 683.9400, 60, 0, 0, 0
L 90.9400, 709.9700, 60, -108.5600, 825.1600, 60, 0, 0, 0
L -983.4400, 709.9400, 60, -1039.5300, 653.8400, 60, 0, 0, 0
L 71, 683.9700, 60, -121.0900, 794.8400, 60, 0, 0, 0
L -963.4700, 683.9400, 60, -1120.3100, 527.0900, 60, 0, 0, 0
L 27.3500, 658.8900, 60, 77.5700, 605.9800, 60, 0, 0, 0
L -1039.5300, 653.8400, 60, -1146.3100, 547.0600, 60, 0, 0, 0
L 21.5900, 653.4100, 60, 27.3500, 658.8900, 60, 0, 0, 0
L -23.5700, 607.5100, 60, 21.5900, 653.4100, 60, 0, 0, 0
L 77.5700, 605.9800, 60, 23.5000, 557.6800, 60, 0, 0, 0
L 193.3400, 561.5900, 60, 71, 683.9700, 60, 0, 0, 0
L 23.5000, 557.6800, 60, -23.5700, 607.5100, 60, 0, 0, 0
L -517.6900, 554.4400, 60, -382.0900, 550.8800, 60, 0, 0, 0
L -1048.7000, 551.3100, 60, -1098.4700, 498.0100, 60, 0, 0, 0
L -382.0900, 550.8800, 60, -252, 512.3400, 60, 0, 0, 0
L 253.8400, 547.0900, 60, 90.9400, 709.9700, 60, 0, 0, 0
L -1146.3100, 547.0600, 60, -1261.5000, 347.5600, 60, 0, 0, 0
L -515.6600, 535.0900, 60, -642.6600, 504.6200, 60, 0, 0, 0
L -385.1200, 531.6900, 60, -515.6600, 535.0900, 60, 0, 0, 0
L 227.8100, 527.1200, 60, 193.3400, 561.5900, 60, 0, 0, 0
L -1120.3100, 527.0900, 60, -1231.1900, 335, 60, 0, 0, 0
L -649.6200, 522.7800, 60, -517.6900, 554.4400, 60, 0, 0, 0
L -252, 512.3400, 60, -136.3400, 441.4700, 60, 0, 0, 0
L -642.6600, 504.6200, 60, -757.4100, 442.3100, 60, 0, 0, 0
L -997.2300, 500.2500, 60, -1048.7000, 551.3100, 60, 0, 0, 0
L -1098.4700, 498.0100, 60, -1044.1400, 450.2500, 60, 0, 0, 0
L -259.9100, 494.5900, 60, -385.1200, 531.6900, 60, 0, 0, 0
L -459.6100, 492.8500, 60, -459.5000, 492.8500, 60, 0, 0, 0
L -490.4200, 492.8400, 60, -417.4900, 492.8200, 60, 0, 0, 0
L -417.4900, 492.8200, 60, -419.7000, 420.3500, 60, 0, 0, 0
L -768.8400, 458.0300, 60, -649.6200, 522.7800, 60, 0, 0, 0
L -1044.1400, 450.2500, 60, -997.2300, 500.2500, 60, 0, 0, 0
L -757.4100, 442.3100, 60, -852.1200, 352.4100, 60, 0, 0, 0
L -136.3400, 441.4700, 60, -42.9400, 343.0600, 60, 0, 0, 0
L -148.5600, 426.3400, 60, -259.9100, 494.5900, 60, 0, 0, 0
L -488.2500, 420.5300, 60, -490.4200, 492.8400, 60, 0, 0, 0
L -419.7000, 420.3500, 60, -488.2500, 420.5300, 60, 0, 0, 0
L -867.2500, 364.6600, 60, -768.8400, 458.0300, 60, 0, 0, 0
L -852.1200, 352.4100, 60, -920.3800, 241.0600, 60, 0, 0, 0
L 369.0300, 347.5900, 60, 253.8400, 547.0900, 60, 0, 0, 0
L -1261.5000, 347.5600, 60, -1321.1200, 125.0300, 60, 0, 0, 0
L -42.9400, 343.0600, 60, 21.7800, 223.8400, 60, 0, 0, 0
L 338.7200, 335.0300, 60, 227.8100, 527.1200, 60, 0, 0, 0
L -1231.1900, 335, 60, -1288.5900, 120.7500, 60, 0, 0, 0
L -58.6900, 331.6200, 60, -148.5600, 426.3400, 60, 0, 0, 0
L -34.2200, 286.5900, 60, -58.6900, 331.6200, 60, 0, 0, 0
L -938.1200, 248.9700, 60, -867.2500, 364.6600, 60, 0, 0, 0
L -920.3800, 241.0600, 60, -957.4700, 115.8400, 60, 0, 0, 0
L -860.5200, 240.6200, 60, -796.0700, 207.3700, 60, 0, 0, 0
L 21.5900, 224.1900, 60, 21.6900, 224.0100, 60, 0, 0, 0
L 21.7800, 223.8400, 60, 53.4700, 91.9100, 60, 0, 0, 0
L 3.6200, 216.8800, 60, -34.2200, 286.5900, 60, 0, 0, 0
L -796.0700, 207.3700, 60, -825.7900, 145.6200, 60, 0, 0, 0
L -878.6900, 202.6200, 60, -878.6400, 202.7100, 60, 0, 0, 0
L -891.9600, 174.8000, 60, -860.5200, 240.6200, 60, 0, 0, 0
L -825.7900, 145.6200, 60, -891.9600, 174.8000, 60, 0, 0, 0
L 428.6600, 125.0900, 60, 369.0300, 347.5900, 60, 0, 0, 0
L -1321.1200, 125.0300, 60, -1321.1200, -105.3100, 60, 0, 0, 0
L 396.1600, 120.8100, 60, 338.7200, 335.0300, 60, 0, 0, 0
L -1288.5900, 120.7500, 60, -1288.5900, -101.0300, 60, 0, 0, 0
L -976.6600, 118.9100, 60, -938.1200, 248.9700, 60, 0, 0, 0
L 53.4700, 91.9100, 60, 49.9100, -43.6900, 60, 0, 0, 0
L 34.1200, 89.8800, 60, 3.6200, 216.8800, 60, 0, 0, 0
L -977.5800, 84.0500, 60, -976.6600, 118.9100, 60, 0, 0, 0
L 6.0100, 61.1900, 60, 6.0500, -11.6400, 60, 0, 0, 0
L -66.2900, 58.9600, 60, 6.0100, 61.1900, 60, 0, 0, 0
L -66.2900, 32.9900, 60, -66.2900, 58.9600, 60, 0, 0, 0
L -66.4300, -9.5900, 60, -66.2900, 32.9900, 60, 0, 0, 0
L 6.0500, -11.6400, 60, -66.4300, -9.5900, 60, 0, 0, 0
L -960.8800, -14.6900, 60, -930.4100, -141.6600, 60, 0, 0, 0
L 30.6900, -40.6600, 60, 34.1200, 89.8800, 60, 0, 0, 0
L 49.9100, -43.6900, 60, 11.3800, -173.7800, 60, 0, 0, 0
L -830.3400, -98.9100, 60, -892.4400, -135.7600, 60, 0, 0, 0
L -1288.5900, -101.0300, 60, -1245.0900, -263.4100, 60, 0, 0, 0
L 428.6600, -105.2800, 60, 429.2500, -50.7200, 60, 0, 0, 0
L -1321.1200, -105.3100, 60, -1261.5000, -327.8400, 60, 0, 0, 0
L -892.4400, -135.7600, 60, -853.5800, -197.4800, 60, 0, 0, 0
L -892.6900, -135.9000, 60, -892.6300, -136, 60, 0, 0, 0
L -930.4100, -141.6600, 60, -868.0900, -256.4400, 60, 0, 0, 0
L -948.5600, -148.6200, 60, -980.2200, -16.7200, 60, 0, 0, 0
L -793.7200, -156.8600, 60, -830.3400, -98.9100, 60, 0, 0, 0
L -6.3800, -165.8800, 60, 30.6900, -40.6600, 60, 0, 0, 0
L 11.3800, -173.7800, 60, -59.5000, -289.4700, 60, 0, 0, 0
L -853.5800, -197.4800, 60, -793.7200, -156.8600, 60, 0, 0, 0
L -868.0900, -256.4400, 60, -778.1900, -351.1600, 60, 0, 0, 0
L -1245.0900, -263.4100, 60, -1231.1900, -315.2800, 60, 0, 0, 0
L -883.8100, -267.8800, 60, -948.5600, -148.6200, 60, 0, 0, 0
L -74.6200, -277.2200, 60, -6.3800, -165.8800, 60, 0, 0, 0
L -59.5000, -289.4700, 60, -157.9100, -382.8400, 60, 0, 0, 0
L 338.7500, -315.2500, 60, 396.1600, -101, 60, 0, 0, 0
L -1231.1900, -315.2800, 60, -1120.2800, -507.3800, 60, 0, 0, 0
L 369.0300, -327.7800, 60, 428.6600, -105.2800, 60, 0, 0, 0
L -1261.5000, -327.8400, 60, -1146.3100, -527.3400, 60, 0, 0, 0
L -480.3700, -348.6300, 60, -411.8300, -349.3000, 60, 0, 0, 0
L -411.8300, -349.3000, 60, -410.1600, -421.6200, 60, 0, 0, 0
L -778.1900, -351.1600, 60, -666.8400, -419.4100, 60, 0, 0, 0
L -790.4400, -366.2800, 60, -883.8100, -267.8800, 60, 0, 0, 0
L -169.3400, -367.0900, 60, -74.6200, -277.2200, 60, 0, 0, 0
L -157.9100, -382.8400, 60, -277.1600, -447.5600, 60, 0, 0, 0
L -261.1900, -416.9700, 60, -169.3400, -367.0900, 60, 0, 0, 0
L -666.8400, -419.4100, 60, -541.6600, -456.4700, 60, 0, 0, 0
L -482.9800, -421.0800, 60, -480.3700, -348.6300, 60, 0, 0, 0
L -410.1600, -421.6200, 60, -482.9800, -421.0800, 60, 0, 0, 0
L -284.1200, -429.4100, 60, -261.1900, -416.9700, 60, 0, 0, 0
L -674.7500, -437.1600, 60, -790.4400, -366.2800, 60, 0, 0, 0
L -277.1600, -447.5600, 60, -409.0600, -479.2500, 60, 0, 0, 0
L -541.6600, -456.4700, 60, -411.0900, -459.9100, 60, 0, 0, 0
L -411.0900, -459.9100, 60, -284.1200, -429.4100, 60, 0, 0, 0
L -1002.2200, -463.4900, 60, -951.7100, -509.8300, 60, 0, 0, 0
L -544.3300, -475.7000, 60, -674.7500, -437.1600, 60, 0, 0, 0
L -409.0600, -479.2500, 60, -544.3300, -475.7000, 60, 0, 0, 0
L 227.8400, -507.3400, 60, 338.7500, -315.2500, 60, 0, 0, 0
L -1120.2800, -507.3800, 60, -963.4400, -664.1900, 60, 0, 0, 0
L -951.7100, -509.8300, 60, -974.8300, -538.4100, 60, 0, 0, 0
L -1052.7100, -515.5200, 60, -1002.2200, -463.4900, 60, 0, 0, 0
L 253.8800, -527.3100, 60, 369.0300, -327.7800, 60, 0, 0, 0
L -1146.3100, -527.3400, 60, -1135.2500, -538.4100, 60, 0, 0, 0
L -974.8300, -538.4100, 60, -998.8600, -564.7000, 60, 0, 0, 0
L -1135.2500, -538.4100, 60, -983.4100, -690.2200, 60, 0, 0, 0
L 24.6400, -547.1300, 60, 74.7000, -599.3300, 60, 0, 0, 0
L -998.8600, -564.7000, 60, -1052.7100, -515.5200, 60, 0, 0, 0
L -26.3600, -592.9000, 60, 24.6400, -547.1300, 60, 0, 0, 0
L 74.7000, -599.3300, 60, 51.8400, -619.9900, 60, 0, 0, 0
L 51.8400, -619.9900, 60, 20.5500, -648.1900, 60, 0, 0, 0
L 20.5500, -648.1900, 60, -26.3600, -592.9000, 60, 0, 0, 0
L 71.0300, -664.1900, 60, 227.8400, -507.3400, 60, 0, 0, 0
L -963.4400, -664.1900, 60, -826.7500, -743.1200, 60, 0, 0, 0
L 90.9700, -690.1900, 60, 253.8800, -527.3100, 60, 0, 0, 0
L -983.4100, -690.2200, 60, -783.9100, -805.4100, 60, 0, 0, 0
L -826.7500, -743.1200, 60, -771.3400, -775.0900, 60, 0, 0, 0
L -121.0600, -775.0900, 60, 71.0300, -664.1900, 60, 0, 0, 0
L -771.3400, -775.0900, 60, -557.1200, -832.5000, 60, 0, 0, 0
L -108.5300, -805.3800, 60, 90.9700, -690.1900, 60, 0, 0, 0
L -783.9100, -805.4100, 60, -561.3800, -865, 60, 0, 0, 0
L -264.0300, -813.4100, 60, -121.0600, -775.0900, 60, 0, 0, 0
L -335.3100, -832.5000, 60, -264.0300, -813.4100, 60, 0, 0, 0
L -557.1200, -832.5000, 60, -335.3100, -832.5000, 60, 0, 0, 0
L -331.0300, -865, 60, -108.5300, -805.3800, 60, 0, 0, 0
L -561.3800, -865, 60, -331.0300, -865, 60, 0, 0, 0
L -331.0600, 884.7800, 80, -561.4400, 884.7500, 80, 0, 0, 0
L -561.4400, 884.7500, 80, -783.9400, 825.1200, 80, 0, 0, 0
L -335.3400, 852.2500, 80, -557.1600, 852.2500, 80, 0, 0, 0
L -557.1600, 852.2500, 80, -771.3800, 794.8400, 80, 0, 0, 0
L -151.3100, 836.5900, 80, -331.0600, 884.7800, 80, 0, 0, 0
L -108.5600, 825.1600, 80, -151.3100, 836.5900, 80, 0, 0, 0
L -783.9400, 825.1200, 80, -983.4400, 709.9400, 80, 0, 0, 0
L -121.0900, 794.8400, 80, -335.3400, 852.2500, 80, 0, 0, 0
L -771.3800, 794.8400, 80, -963.4700, 683.9400, 80, 0, 0, 0
L 90.9400, 709.9700, 80, -108.5600, 825.1600, 80, 0, 0, 0
L -983.4400, 709.9400, 80, -1115.3200, 578.0600, 80, 0, 0, 0
L 71, 683.9700, 80, -121.0900, 794.8400, 80, 0, 0, 0
L -963.4700, 683.9400, 80, -1120.3100, 527.0900, 80, 0, 0, 0
L 26.1600, 655.1700, 80, 73.7700, 605.0300, 80, 0, 0, 0
L 21.5900, 650.8200, 80, 26.1600, 655.1700, 80, 0, 0, 0
L -17.9700, 609.2400, 80, 21.5900, 650.8200, 80, 0, 0, 0
L 73.7700, 605.0300, 80, 25.4700, 563.1700, 80, 0, 0, 0
L -1115.3200, 578.0600, 80, -1146.3100, 547.0600, 80, 0, 0, 0
L 25.4700, 563.1700, 80, -17.9700, 609.2400, 80, 0, 0, 0
L 193.3400, 561.5900, 80, 71, 683.9700, 80, 0, 0, 0
L -517.6900, 554.4400, 80, -382.0900, 550.8800, 80, 0, 0, 0
L -382.0900, 550.8800, 80, -252, 512.3400, 80, 0, 0, 0
L -1047.5300, 547.5700, 80, -1094.6800, 497.0500, 80, 0, 0, 0
L 253.8400, 547.0900, 80, 90.9400, 709.9700, 80, 0, 0, 0
L -1146.3100, 547.0600, 80, -1261.5000, 347.5600, 80, 0, 0, 0
L -515.6600, 535.0900, 80, -642.6600, 504.6200, 80, 0, 0, 0
L -385.1200, 531.6900, 80, -515.6600, 535.0900, 80, 0, 0, 0
L 227.8100, 527.1200, 80, 193.3400, 561.5900, 80, 0, 0, 0
L -1120.3100, 527.0900, 80, -1231.1900, 335, 80, 0, 0, 0
L -649.6200, 522.7800, 80, -517.6900, 554.4400, 80, 0, 0, 0
L -252, 512.3400, 80, -136.3400, 441.4700, 80, 0, 0, 0
L -642.6600, 504.6200, 80, -757.4100, 442.3100, 80, 0, 0, 0
L -1002.8300, 501.8800, 80, -1047.5300, 547.5700, 80, 0, 0, 0
L -1094.6800, 497.0500, 80, -1046.2100, 455.7300, 80, 0, 0, 0
L -259.9100, 494.5900, 80, -385.1200, 531.6900, 80, 0, 0, 0
L -488.5400, 489.4100, 80, -419.4200, 489.4000, 80, 0, 0, 0
L -419.4200, 489.4000, 80, -422.3300, 425.5500, 80, 0, 0, 0
L -768.8400, 458.0300, 80, -649.6200, 522.7800, 80, 0, 0, 0
L -1046.2100, 455.7300, 80, -1002.8300, 501.8800, 80, 0, 0, 0
L -757.4100, 442.3100, 80, -852.1200, 352.4100, 80, 0, 0, 0
L -136.3400, 441.4700, 80, -42.9400, 343.0600, 80, 0, 0, 0
L -148.5600, 426.3400, 80, -259.9100, 494.5900, 80, 0, 0, 0
L -485.6500, 425.7800, 80, -488.5400, 489.4100, 80, 0, 0, 0
L -422.3300, 425.5500, 80, -485.6500, 425.7800, 80, 0, 0, 0
L -867.2500, 364.6600, 80, -768.8400, 458.0300, 80, 0, 0, 0
L -852.1200, 352.4100, 80, -920.3800, 241.0600, 80, 0, 0, 0
L 369.0300, 347.5900, 80, 253.8400, 547.0900, 80, 0, 0, 0
L -1261.5000, 347.5600, 80, -1321.1200, 125.0300, 80, 0, 0, 0
L -42.9400, 343.0600, 80, 21.7800, 223.8400, 80, 0, 0, 0
L 338.7200, 335.0300, 80, 227.8100, 527.1200, 80, 0, 0, 0
L -1231.1900, 335, 80, -1288.5900, 120.7500, 80, 0, 0, 0
L -58.6900, 331.6200, 80, -148.5600, 426.3400, 80, 0, 0, 0
L -34.2200, 286.5900, 80, -58.6900, 331.6200, 80, 0, 0, 0
L -938.1200, 248.9700, 80, -867.2500, 364.6600, 80, 0, 0, 0
L -920.3800, 241.0600, 80, -957.4700, 115.8400, 80, 0, 0, 0
L -858.2700, 237.4000, 80, -888.0600, 175.0200, 80, 0, 0, 0
L 21.5900, 224.1900, 80, 21.7200, 223.9600, 80, 0, 0, 0
L 21.7800, 223.8400, 80, 53.4700, 91.9100, 80, 0, 0, 0
L 3.6200, 216.8800, 80, -34.2200, 286.5900, 80, 0, 0, 0
L -870.5100, 211.8100, 80, -870.4500, 211.9300, 80, 0, 0, 0
L -809.8200, 211.0300, 80, -858.2700, 237.4000, 80, 0, 0, 0
L -801.9000, 207.2400, 80, -809.8200, 211.0300, 80, 0, 0, 0
L -888.0600, 175.0200, 80, -829.4100, 150.2100, 80, 0, 0, 0
L -829.4100, 150.2100, 80, -801.9000, 207.2400, 80, 0, 0, 0
L 428.6600, 125.0900, 80, 369.0300, 347.5900, 80, 0, 0, 0
L -1321.1200, 125.0300, 80, -1321.1200, -105.3100, 80, 0, 0, 0
L 396.1600, 120.8100, 80, 338.7200, 335.0300, 80, 0, 0, 0
L -1288.5900, 120.7500, 80, -1288.5900, -101.0300, 80, 0, 0, 0
L -976.6600, 118.9100, 80, -938.1200, 248.9700, 80, 0, 0, 0
L -977.2700, 95.7600, 80, -976.6600, 118.9100, 80, 0, 0, 0
L 53.4700, 91.9100, 80, 49.9100, -43.6900, 80, 0, 0, 0
L 34.1200, 89.8800, 80, 3.6200, 216.8800, 80, 0, 0, 0
L 2.5900, 59.3000, 80, 2.6300, -9.8200, 80, 0, 0, 0
L -61.0300, 56.3600, 80, 2.5900, 59.3000, 80, 0, 0, 0
L -61.0300, 49.3700, 80, -61.0300, 56.3600, 80, 0, 0, 0
L -61.2300, -6.9500, 80, -61.0300, 49.3700, 80, 0, 0, 0
L 2.6300, -9.8200, 80, -61.2300, -6.9500, 80, 0, 0, 0
L -960.8800, -14.6900, 80, -930.4100, -141.6600, 80, 0, 0, 0
L 30.6900, -40.6600, 80, 34.1200, 89.8800, 80, 0, 0, 0
L 49.9100, -43.6900, 80, 11.3800, -173.7800, 80, 0, 0, 0
L -1288.5900, -101.0300, 80, -1245.0900, -263.4100, 80, 0, 0, 0
L -833.3100, -103.9100, 80, -888.7800, -135.7000, 80, 0, 0, 0
L 428.6600, -105.2800, 80, 429, -73.3800, 80, 0, 0, 0
L -1321.1200, -105.3100, 80, -1261.5000, -327.8400, 80, 0, 0, 0
L -888.7800, -135.7000, 80, -851.7000, -194.0600, 80, 0, 0, 0
L -930.4100, -141.6600, 80, -868.0900, -256.4400, 80, 0, 0, 0
L -948.5600, -148.6200, 80, -980.2200, -16.7200, 80, 0, 0, 0
L -799.5400, -157.4900, 80, -833.3100, -103.9100, 80, 0, 0, 0
L -6.3800, -165.8800, 80, 30.6900, -40.6600, 80, 0, 0, 0
L 11.3800, -173.7800, 80, -59.5000, -289.4700, 80, 0, 0, 0
L -851.7000, -194.0600, 80, -799.5400, -157.4900, 80, 0, 0, 0
L -868.0900, -256.4400, 80, -778.1900, -351.1600, 80, 0, 0, 0
L -1245.0900, -263.4100, 80, -1231.1900, -315.2800, 80, 0, 0, 0
L -883.8100, -267.8800, 80, -948.5600, -148.6200, 80, 0, 0, 0
L -74.6200, -277.2200, 80, -6.3800, -165.8800, 80, 0, 0, 0
L -59.5000, -289.4700, 80, -157.9100, -382.8400, 80, 0, 0, 0
L 338.7500, -315.2500, 80, 396.1600, -101, 80, 0, 0, 0
L -1231.1900, -315.2800, 80, -1120.2800, -507.3800, 80, 0, 0, 0
L 369.0300, -327.7800, 80, 428.6600, -105.2800, 80, 0, 0, 0
L -1261.5000, -327.8400, 80, -1146.3100, -527.3400, 80, 0, 0, 0
L -778.1900, -351.1600, 80, -666.8400, -419.4100, 80, 0, 0, 0
L -477.7800, -353.8600, 80, -414.4700, -354.5400, 80, 0, 0, 0
L -414.4700, -354.5400, 80, -412.0100, -418.1800, 80, 0, 0, 0
L -790.4400, -366.2800, 80, -883.8100, -267.8800, 80, 0, 0, 0
L -169.3400, -367.0900, 80, -74.6200, -277.2200, 80, 0, 0, 0
L -157.9100, -382.8400, 80, -277.1600, -447.5600, 80, 0, 0, 0
L -261.1900, -416.9700, 80, -169.3400, -367.0900, 80, 0, 0, 0
L -480.9900, -417.6800, 80, -477.7800, -353.8600, 80, 0, 0, 0
L -412.0100, -418.1800, 80, -480.9900, -417.6800, 80, 0, 0, 0
L -666.8400, -419.4100, 80, -541.6600, -456.4700, 80, 0, 0, 0
L -284.1200, -429.4100, 80, -261.1900, -416.9700, 80, 0, 0, 0
L -674.7500, -437.1600, 80, -790.4400, -366.2800, 80, 0, 0, 0
L -277.1600, -447.5600, 80, -409.0600, -479.2500, 80, 0, 0, 0
L -541.6600, -456.4700, 80, -411.0900, -459.9100, 80, 0, 0, 0
L -411.0900, -459.9100, 80, -284.1200, -429.4100, 80, 0, 0, 0
L -1003.7800, -469.1100, 80, -957.1700, -511.9600, 80, 0, 0, 0
L -544.4500, -475.7000, 80, -674.7500, -437.1600, 80, 0, 0, 0
L -409.0600, -479.2500, 80, -544.4500, -475.7000, 80, 0, 0, 0
L 227.8400, -507.3400, 80, 338.7500, -315.2500, 80, 0, 0, 0
L -1120.2800, -507.3800, 80, -963.4400, -664.1900, 80, 0, 0, 0
L -957.1700, -511.9600, 80, -977.3800, -538.4100, 80, 0, 0, 0
L -1048.9800, -514.3000, 80, -1003.7800, -469.1100, 80, 0, 0, 0
L 253.8800, -527.3100, 80, 369.0300, -327.7800, 80, 0, 0, 0
L -1146.3100, -527.3400, 80, -1135.2500, -538.4100, 80, 0, 0, 0
L -977.3800, -538.4100, 80, -997.9400, -560.9100, 80, 0, 0, 0
L -1135.2500, -538.4100, 80, -983.4100, -690.2200, 80, 0, 0, 0
L 26.2300, -552.7600, 80, 71.0100, -598.0500, 80, 0, 0, 0
L -997.9400, -560.9100, 80, -1048.9800, -514.3000, 80, 0, 0, 0
L -20.9200, -595.0100, 80, 26.2300, -552.7600, 80, 0, 0, 0
L 71.0100, -598.0500, 80, 40.7800, -625.3600, 80, 0, 0, 0
L 40.7800, -625.3600, 80, 19.7000, -644.3700, 80, 0, 0, 0
L 19.7000, -644.3700, 80, -20.9200, -595.0100, 80, 0, 0, 0
L 71.0300, -664.1900, 80, 227.8400, -507.3400, 80, 0, 0, 0
L -963.4400, -664.1900, 80, -826.7500, -743.1200, 80, 0, 0, 0
L 90.9700, -690.1900, 80, 253.8800, -527.3100, 80, 0, 0, 0
L -983.4100, -690.2200, 80, -783.9100, -805.4100, 80, 0, 0, 0
L -826.7500, -743.1200, 80, -771.3400, -775.0900, 80, 0, 0, 0
L -121.0600, -775.0900, 80, 71.0300, -664.1900, 80, 0, 0, 0
L -771.3400, -775.0900, 80, -557.1200, -832.5000, 80, 0, 0, 0
L -108.5300, -805.3800, 80, 90.9700, -690.1900, 80, 0, 0, 0
L -783.9100, -805.4100, 80, -561.3800, -865, 80, 0, 0, 0
L -264.0300, -813.4100, 80, -121.0600, -775.0900, 80, 0, 0, 0
L -335.3100, -832.5000, 80, -264.0300, -813.4100, 80, 0, 0, 0
L -557.1200, -832.5000, 80, -335.3100, -832.5000, 80, 0, 0, 0
L -331.0300, -865, 80, -108.5300, -805.3800, 80, 0, 0, 0
L -561.3800, -865, 80, -331.0300, -865, 80, 0, 0, 0
L -331.0600, 884.7800, 100, -561.4400, 884.7500, 100, 0, 0, 0
L -561.4400, 884.7500, 100, -783.9400, 825.1200, 100, 0, 0, 0
L -335.3400, 852.2500, 100, -557.1600, 852.2500, 100, 0, 0, 0
L -557.1600, 852.2500, 100, -771.3800, 794.8400, 100, 0, 0, 0
L -151.3100, 836.5900, 100, -331.0600, 884.7800, 100, 0, 0, 0
L -108.5600, 825.1600, 100, -151.3100, 836.5900, 100, 0, 0, 0
L -783.9400, 825.1200, 100, -983.4400, 709.9400, 100, 0, 0, 0
L -121.0900, 794.8400, 100, -335.3400, 852.2500, 100, 0, 0, 0
L -771.3800, 794.8400, 100, -963.4700, 683.9400, 100, 0, 0, 0
L 90.9400, 709.9700, 100, -108.5600, 825.1600, 100, 0, 0, 0
L -983.4400, 709.9400, 100, -1111.2100, 582.1700, 100, 0, 0, 0
L 71, 683.9700, 100, -121.0900, 794.8400, 100, 0, 0, 0
L -963.4700, 683.9400, 100, -1120.3100, 527.0900, 100, 0, 0, 0
L 24.9800, 651.4400, 100, 69.9600, 604.0800, 100, 0, 0, 0
L 21.5900, 648.2200, 100, 24.9800, 651.4400, 100, 0, 0, 0
L -15.9900, 607.4000, 100, 21.5900, 648.2200, 100, 0, 0, 0
L 69.9600, 604.0800, 100, 23.8100, 565.4900, 100, 0, 0, 0
L -1111.2100, 582.1700, 100, -1146.3100, 547.0600, 100, 0, 0, 0
L 23.8100, 565.4900, 100, -15.9900, 607.4000, 100, 0, 0, 0
L 193.3400, 561.5900, 100, 71, 683.9700, 100, 0, 0, 0
L -517.6900, 554.4400, 100, -382.0900, 550.8800, 100, 0, 0, 0
L -382.0900, 550.8800, 100, -252, 512.3400, 100, 0, 0, 0
L 253.8400, 547.0900, 100, 90.9400, 709.9700, 100, 0, 0, 0
L -1146.3100, 547.0600, 100, -1261.5000, 347.5600, 100, 0, 0, 0
L -1046.3500, 543.8300, 100, -1090.8900, 496.0900, 100, 0, 0, 0
L -515.6600, 535.0900, 100, -642.6600, 504.6200, 100, 0, 0, 0
L -1056.3500, 533.1300, 100, -1056.5700, 532.8900, 100, 0, 0, 0
L -385.1200, 531.6900, 100, -515.6600, 535.0900, 100, 0, 0, 0
L 227.8100, 527.1200, 100, 193.3400, 561.5900, 100, 0, 0, 0
L -1120.3100, 527.0900, 100, -1231.1900, 335, 100, 0, 0, 0
L -649.6200, 522.7800, 100, -517.6900, 554.4400, 100, 0, 0, 0
L -252, 512.3400, 100, -136.3400, 441.4700, 100, 0, 0, 0
L -642.6600, 504.6200, 100, -757.4100, 442.3100, 100, 0, 0, 0
L -1005.0400, 500.0900, 100, -1046.3500, 543.8300, 100, 0, 0, 0
L -1090.8900, 496.0900, 100, -1044.4900, 457.8200, 100, 0, 0, 0
L -259.9100, 494.5900, 100, -385.1200, 531.6900, 100, 0, 0, 0
L -259.9100, 494.5900, 100, -260.1200, 494.6500, 100, 0, 0, 0
L -435.9800, 486, 100, -435.8000, 486, 100, 0, 0, 0
L -421.3500, 485.9900, 100, -425.1500, 425.9400, 100, 0, 0, 0
L -486.6600, 485.9800, 100, -421.3500, 485.9900, 100, 0, 0, 0
L -768.8400, 458.0300, 100, -649.6200, 522.7800, 100, 0, 0, 0
L -1044.4900, 457.8200, 100, -1005.0400, 500.0900, 100, 0, 0, 0
L -757.4100, 442.3100, 100, -852.1200, 352.4100, 100, 0, 0, 0
L -136.3400, 441.4700, 100, -42.9400, 343.0600, 100, 0, 0, 0
L -148.5600, 426.3400, 100, -259.9100, 494.5900, 100, 0, 0, 0
L -482.9500, 425.9600, 100, -486.6600, 485.9800, 100, 0, 0, 0
L -425.1500, 425.9400, 100, -482.9500, 425.9600, 100, 0, 0, 0
L -867.2500, 364.6600, 100, -768.8400, 458.0300, 100, 0, 0, 0
L -852.1200, 352.4100, 100, -920.3800, 241.0600, 100, 0, 0, 0
L 369.0300, 347.5900, 100, 253.8400, 547.0900, 100, 0, 0, 0
L -1261.5000, 347.5600, 100, -1321.1200, 125.0300, 100, 0, 0, 0
L -42.9400, 343.0600, 100, 21.7500, 223.9000, 100, 0, 0, 0
L 338.7200, 335.0300, 100, 227.8100, 527.1200, 100, 0, 0, 0
L -1231.1900, 335, 100, -1288.5900, 120.7500, 100, 0, 0, 0
L -58.6900, 331.6200, 100, -148.5600, 426.3400, 100, 0, 0, 0
L -34.2200, 286.5900, 100, -58.6900, 331.6200, 100, 0, 0, 0
L -938.1200, 248.9700, 100, -867.2500, 364.6600, 100, 0, 0, 0
L -920.3800, 241.0600, 100, -957.4700, 115.8400, 100, 0, 0, 0
L -856.0200, 234.1800, 100, -803.4700, 204.8600, 100, 0, 0, 0
L 21.7500, 223.9000, 100, 53.4700, 91.9100, 100, 0, 0, 0
L 3.6200, 216.8800, 100, -34.2200, 286.5900, 100, 0, 0, 0
L -803.4700, 204.8600, 100, -805.8800, 199.8300, 100, 0, 0, 0
L -805.8800, 199.8300, 100, -828.4000, 152.7100, 100, 0, 0, 0
L -884.1600, 175.2400, 100, -856.0200, 234.1800, 100, 0, 0, 0
L -828.4000, 152.7100, 100, -884.1600, 175.2400, 100, 0, 0, 0
L 428.6600, 125.0900, 100, 369.0300, 347.5900, 100, 0, 0, 0
L -1321.1200, 125.0300, 100, -1321.1200, -105.3100, 100, 0, 0, 0
L 396.1600, 120.8100, 100, 338.7200, 335.0300, 100, 0, 0, 0
L -1288.5900, 120.7500, 100, -1288.5900, -101.0300, 100, 0, 0, 0
L -976.6600, 118.9100, 100, -938.1200, 248.9700, 100, 0, 0, 0
L 53.4700, 91.9100, 100, 49.9100, -43.6900, 100, 0, 0, 0
L 34.1200, 89.8800, 100, 3.6200, 216.8800, 100, 0, 0, 0
L -0.8300, 57.4200, 100, -60.8600, 53.6700, 100, 0, 0, 0
L -60.8600, 53.6700, 100, -60.8400, -4.1400, 100, 0, 0, 0
L -60.8400, -4.1400, 100, -0.7900, -7.8900, 100, 0, 0, 0
L -0.7900, -7.8900, 100, -0.8300, 57.4200, 100, 0, 0, 0
L -960.8800, -14.6900, 100, -930.4100, -141.6600, 100, 0, 0, 0
L 30.6900, -40.6600, 100, 34.1200, 89.8800, 100, 0, 0, 0
L 49.9100, -43.6900, 100, 11.3800, -173.7800, 100, 0, 0, 0
L -1288.5900, -101.0300, 100, -1245.0900, -263.4100, 100, 0, 0, 0
L -1321.1200, -105.3100, 100, -1261.5000, -327.8400, 100, 0, 0, 0
L -832.1300, -106.5000, 100, -801.1400, -155.3000, 100, 0, 0, 0
L -884.8600, -135.4900, 100, -884.7500, -135.6500, 100, 0, 0, 0
L -884.7500, -135.6500, 100, -832.1300, -106.5000, 100, 0, 0, 0
L -930.4100, -141.6600, 100, -868.0900, -256.4400, 100, 0, 0, 0
L -948.5600, -148.6200, 100, -980.2200, -16.7200, 100, 0, 0, 0
L -801.1400, -155.3000, 100, -849.8200, -190.6300, 100, 0, 0, 0
L -6.3800, -165.8800, 100, 30.6900, -40.6600, 100, 0, 0, 0
L 11.3800, -173.7800, 100, -59.5000, -289.4700, 100, 0, 0, 0
L -849.8200, -190.6300, 100, -884.7500, -135.6500, 100, 0, 0, 0
L -868.0900, -256.4400, 100, -778.1900, -351.1600, 100, 0, 0, 0
L -1245.0900, -263.4100, 100, -1231.1900, -315.2800, 100, 0, 0, 0
L -883.8100, -267.8800, 100, -948.5600, -148.6200, 100, 0, 0, 0
L -74.6200, -277.2200, 100, -6.3800, -165.8800, 100, 0, 0, 0
L -59.5000, -289.4700, 100, -157.9100, -382.8400, 100, 0, 0, 0
L 338.7500, -315.2500, 100, 396.1600, -101, 100, 0, 0, 0
L -1231.1900, -315.2800, 100, -1120.2800, -507.3800, 100, 0, 0, 0
L 369.0300, -327.7800, 100, 428.7600, -96.0400, 100, 0, 0, 0
L -1261.5000, -327.8400, 100, -1146.3100, -527.3400, 100, 0, 0, 0
L -778.1900, -351.1600, 100, -666.8400, -419.4100, 100, 0, 0, 0
L -474.9600, -354.2600, 100, -417.1500, -354.7000, 100, 0, 0, 0
L -417.1500, -354.7000, 100, -413.8600, -414.7400, 100, 0, 0, 0
L -790.4400, -366.2800, 100, -883.8100, -267.8800, 100, 0, 0, 0
L -169.3400, -367.0900, 100, -74.6200, -277.2200, 100, 0, 0, 0
L -415.5700, -377.2100, 100, -415.5900, -376.9900, 100, 0, 0, 0
L -157.9100, -382.8400, 100, -277.1600, -447.5600, 100, 0, 0, 0
L -478.9900, -414.2800, 100, -474.9600, -354.2600, 100, 0, 0, 0
L -413.8600, -414.7400, 100, -478.9900, -414.2800, 100, 0, 0, 0
L -261.1900, -416.9700, 100, -169.3400, -367.0900, 100, 0, 0, 0
L -666.8400, -419.4100, 100, -541.6600, -456.4700, 100, 0, 0, 0
L -284.1200, -429.4100, 100, -261.1900, -416.9700, 100, 0, 0, 0
L -674.7500, -437.1600, 100, -790.4400, -366.2800, 100, 0, 0, 0
L -277.1600, -447.5600, 100, -409.0600, -479.2500, 100, 0, 0, 0
L -541.6600, -456.4700, 100, -411.0900, -459.9100, 100, 0, 0, 0
L -411.0900, -459.9100, 100, -284.1200, -429.4100, 100, 0, 0, 0
L -1001.9700, -471.2900, 100, -959.2800, -510.2800, 100, 0, 0, 0
L -544.5700, -475.6900, 100, -674.7500, -437.1600, 100, 0, 0, 0
L -409.0600, -479.2500, 100, -544.5700, -475.6900, 100, 0, 0, 0
L 227.8400, -507.3400, 100, 338.7500, -315.2500, 100, 0, 0, 0
L -1120.2800, -507.3800, 100, -963.4400, -664.1900, 100, 0, 0, 0
L -959.2800, -510.2800, 100, -985.7400, -544.7700, 100, 0, 0, 0
L -1045.2600, -513.0800, 100, -1001.9700, -471.2900, 100, 0, 0, 0
L 253.8800, -527.3100, 100, 369.0300, -327.7800, 100, 0, 0, 0
L -1146.3100, -527.3400, 100, -1135.2500, -538.4100, 100, 0, 0, 0
L -1135.2500, -538.4100, 100, -983.4100, -690.2200, 100, 0, 0, 0
L -985.7400, -544.7700, 100, -997.0200, -557.1100, 100, 0, 0, 0
L 24.3500, -554.7000, 100, 67.3200, -596.7700, 100, 0, 0, 0
L -997.0200, -557.1100, 100, -1045.2600, -513.0800, 100, 0, 0, 0
L -18.5700, -593.4100, 100, 24.3500, -554.7000, 100, 0, 0, 0
L 67.3200, -596.7700, 100, 29.7200, -630.7400, 100, 0, 0, 0
L 29.7200, -630.7400, 100, 18.8500, -640.5400, 100, 0, 0, 0
L 18.8500, -640.5400, 100, -18.5700, -593.4100, 100, 0, 0, 0
L 71.0300, -664.1900, 100, 227.8400, -507.3400, 100, 0, 0, 0
L -963.4400, -664.1900, 100, -826.7500, -743.1200, 100, 0, 0, 0
L 90.9700, -690.1900, 100, 253.8800, -527.3100, 100, 0, 0, 0
L -983.4100, -690.2200, 100, -783.9100, -805.4100, 100, 0, 0, 0
L -826.7500, -743.1200, 100, -771.3400, -775.0900, 100, 0, 0, 0
L -121.0600, -775.0900, 100, 71.0300, -664.1900, 100, 0, 0, 0
L -771.3400, -775.0900, 100, -557.1200, -832.5000, 100, 0, 0, 0
L -108.5300, -805.3800, 100, 90.9700, -690.1900, 100, 0, 0, 0
L -783.9100, -805.4100, 100, -561.3800, -865, 100, 0, 0, 0
L -264.0300, -813.4100, 100, -121.0600, -775.0900, 100, 0, 0, 0
L -335.3100, -832.5000, 100, -264.0300, -813.4100, 100, 0, 0, 0
L -557.1200, -832.5000, 100, -335.3100, -832.5000, 100, 0, 0, 0
L -331.0300, -865, 100, -108.5300, -805.3800, 100, 0, 0, 0
L -561.3800, -865, 100, -331.0300, -865, 100, 0, 0, 0
L -331.0600, 884.7800, 108.1600, -261.1900, 866.0300, 108.1600, 0, 0, 0
L -543.9700, 884.7500, 108.1600, -331.0600, 884.7800, 108.1600, 0, 0, 0
L -561.4400, 884.7500, 108.1600, -741.1200, 836.5900, 108.1600, 0, 0, 0
L -561.4400, 884.7500, 108.1600, -543.9700, 884.7500, 108.1600, 0, 0, 0
L -261.1900, 866.0300, 108.1600, -151.3100, 836.5900, 108.1600, 0, 0, 0
L -335.3400, 852.2500, 108.1600, -276.9400, 836.5900, 108.1600, 0, 0, 0
L -543.9700, 852.2500, 108.1600, -335.3400, 852.2500, 108.1600, 0, 0, 0
L -557.1600, 852.2500, 108.1600, -543.9700, 852.2500, 108.1600, 0, 0, 0
L -276.9400, 836.5900, 108.1600, -261.1900, 832.3800, 108.1600, 0, 0, 0
L -615.5300, 836.5900, 108.1600, -557.1600, 852.2500, 108.1600, 0, 0, 0
L -108.5600, 825.1600, 108.1600, 21.5900, 750.0300, 108.1600, 0, 0, 0
L -108.5600, 825.1600, 108.1600, -151.3100, 836.5900, 108.1600, 0, 0, 0
L -783.9400, 825.1200, 108.1600, -826.7500, 800.4100, 108.1600, 0, 0, 0
L -783.9400, 825.1200, 108.1600, -741.1200, 836.5900, 108.1600, 0, 0, 0
L -121.0900, 794.8400, 108.1600, -261.1900, 832.3800, 108.1600, 0, 0, 0
L -771.3800, 794.8400, 108.1600, -615.5300, 836.5900, 108.1600, 0, 0, 0
L -826.7500, 762.8800, 108.1600, -771.3800, 794.8400, 108.1600, 0, 0, 0
L 21.5900, 712.4700, 108.1600, -121.0900, 794.8400, 108.1600, 0, 0, 0
L 90.9400, 709.9700, 108.1600, 239.3100, 561.5900, 108.1600, 0, 0, 0
L 90.9400, 709.9700, 108.1600, 21.5900, 750.0300, 108.1600, 0, 0, 0
L -983.4400, 709.9400, 108.1600, -826.7500, 800.4100, 108.1600, 0, 0, 0
L -983.4400, 709.9400, 108.1600, -1109.5300, 583.8400, 108.1600, 0, 0, 0
L 71, 683.9700, 108.1600, 21.5900, 712.4700, 108.1600, 0, 0, 0
L -963.4700, 683.9400, 108.1600, -826.7500, 762.8800, 108.1600, 0, 0, 0
L -1109.5300, 583.8400, 108.1600, -1131.7800, 561.5900, 108.1600, 0, 0, 0
L 193.3400, 561.5900, 108.1600, 71, 683.9700, 108.1600, 0, 0, 0
L 193.3400, 561.5900, 108.1600, 227.8100, 527.1200, 108.1600, 0, 0, 0
L -1085.7800, 561.5900, 108.1600, -963.4700, 683.9400, 108.1600, 0, 0, 0
L 253.8400, 547.0900, 108.1600, 304.3800, 459.5600, 108.1600, 0, 0, 0
L 253.8400, 547.0900, 108.1600, 239.3100, 561.5900, 108.1600, 0, 0, 0
L -1146.3100, 547.0600, 108.1600, -1261.5000, 347.5600, 108.1600, 0, 0, 0
L -1146.3100, 547.0600, 108.1600, -1131.7800, 561.5900, 108.1600, 0, 0, 0
L -1109.5300, 537.8800, 108.1600, -1085.7800, 561.5900, 108.1600, 0, 0, 0
L -1120.3100, 527.0900, 108.1600, -1109.5300, 537.8800, 108.1600, 0, 0, 0
L 304.3800, 459.5600, 108.1600, 369.0300, 347.5900, 108.1600, 0, 0, 0
L 304.3800, 394.5600, 108.1600, 338.7200, 335.0300, 108.1600, 0, 0, 0
L 304.3800, 394.5600, 108.1600, 227.8100, 527.1200, 108.1600, 0, 0, 0
L -1261.5000, 347.5600, 108.1600, -1277.8400, 286.5900, 108.1600, 0, 0, 0
L -1231.1900, 335, 108.1600, -1120.3100, 527.0900, 108.1600, 0, 0, 0
L 385.3800, 286.5900, 108.1600, 369.0300, 347.5900, 108.1600, 0, 0, 0
L 385.3800, 286.5900, 108.1600, 428.6600, 125.0900, 108.1600, 0, 0, 0
L 351.7200, 286.5900, 108.1600, 338.7200, 335.0300, 108.1600, 0, 0, 0
L 351.7200, 286.5900, 108.1600, 396.1600, 120.8100, 108.1600, 0, 0, 0
L -1244.1600, 286.5900, 108.1600, -1231.1900, 335, 108.1600, 0, 0, 0
L -1321.1200, 125.0300, 108.1600, -1277.8400, 286.5900, 108.1600, 0, 0, 0
L -1288.5900, 120.7500, 108.1600, -1244.1600, 286.5900, 108.1600, 0, 0, 0
L -1288.5900, 11.5900, 108.1600, -1288.5900, 120.7500, 108.1600, 0, 0, 0
L -1321.1200, 11.5900, 108.1600, -1321.1200, 125.0300, 108.1600, 0, 0, 0
L -1321.1200, 11.5900, 108.1600, -1321.1200, -105.3100, 108.1600, 0, 0, 0
L -1288.5900, -101.0300, 108.1600, -1245.0900, -263.4100, 108.1600, 0, 0, 0
L -1288.5900, -101.0300, 108.1600, -1288.5900, 11.5900, 108.1600, 0, 0, 0
L -1321.1200, -105.3100, 108.1600, -1278.7500, -263.4100, 108.1600, 0, 0, 0
L 386.3100, -263.4100, 108.1600, 428.6600, -105.2800, 108.1600, 0, 0, 0
L 352.6200, -263.4100, 108.1600, 396.1600, -101, 108.1600, 0, 0, 0
L 352.6200, -263.4100, 108.1600, 338.7500, -315.2500, 108.1600, 0, 0, 0
L -1231.1900, -315.2800, 108.1600, -1245.0900, -263.4100, 108.1600, 0, 0, 0
L 369.0300, -327.7800, 108.1600, 386.3100, -263.4100, 108.1600, 0, 0, 0
L -1261.5000, -327.8400, 108.1600, -1146.3100, -527.3400, 108.1600, 0, 0, 0
L -1261.5000, -327.8400, 108.1600, -1278.7500, -263.4100, 108.1600, 0, 0, 0
L 304.3800, -374.7800, 108.1600, 338.7500, -315.2500, 108.1600, 0, 0, 0
L 304.3800, -374.7800, 108.1600, 227.8400, -507.3400, 108.1600, 0, 0, 0
L 304.3800, -439.8100, 108.1600, 369.0300, -327.7800, 108.1600, 0, 0, 0
L -1120.2800, -507.3800, 108.1600, -1231.1900, -315.2800, 108.1600, 0, 0, 0
L -1109.5300, -518.1200, 108.1600, -1120.2800, -507.3800, 108.1600, 0, 0, 0
L 253.8800, -527.3100, 108.1600, 304.3800, -439.8100, 108.1600, 0, 0, 0
L -1146.3100, -527.3400, 108.1600, -1135.2500, -538.4100, 108.1600, 0, 0, 0
L 242.7800, -538.4100, 108.1600, 253.8800, -527.3100, 108.1600, 0, 0, 0
L 196.7800, -538.4100, 108.1600, 227.8400, -507.3400, 108.1600, 0, 0, 0
L 196.7800, -538.4100, 108.1600, 71.0300, -664.1900, 108.1600, 0, 0, 0
L -1089.2500, -538.4100, 108.1600, -1109.5300, -518.1200, 108.1600, 0, 0, 0
L -1135.2500, -538.4100, 108.1600, -1109.5300, -564.0900, 108.1600, 0, 0, 0
L 71.0300, -664.1900, 108.1600, 21.5900, -692.7200, 108.1600, 0, 0, 0
L -963.4400, -664.1900, 108.1600, -1089.2500, -538.4100, 108.1600, 0, 0, 0
L 90.9700, -690.1900, 108.1600, 242.7800, -538.4100, 108.1600, 0, 0, 0
L 90.9700, -690.1900, 108.1600, 21.5900, -730.2500, 108.1600, 0, 0, 0
L -983.4100, -690.2200, 108.1600, -1109.5300, -564.0900, 108.1600, 0, 0, 0
L 21.5900, -730.2500, 108.1600, -108.5300, -805.3800, 108.1600, 0, 0, 0
L -826.7500, -743.1200, 108.1600, -963.4400, -664.1900, 108.1600, 0, 0, 0
L -121.0600, -775.0900, 108.1600, 21.5900, -692.7200, 108.1600, 0, 0, 0
L -121.0600, -775.0900, 108.1600, -261.1900, -812.6200, 108.1600, 0, 0, 0
L -771.3400, -775.0900, 108.1600, -826.7500, -743.1200, 108.1600, 0, 0, 0
L -826.7500, -780.6600, 108.1600, -983.4100, -690.2200, 108.1600, 0, 0, 0
L -108.5300, -805.3800, 108.1600, -138.4400, -813.4100, 108.1600, 0, 0, 0
L -783.9100, -805.4100, 108.1600, -754.0300, -813.4100, 108.1600, 0, 0, 0
L -783.9100, -805.4100, 108.1600, -826.7500, -780.6600, 108.1600, 0, 0, 0
L -261.1900, -812.6200, 108.1600, -264.0300, -813.4100, 108.1600, 0, 0, 0
L -138.4400, -813.4100, 108.1600, -261.1900, -846.2800, 108.1600, 0, 0, 0
L -628.4100, -813.4100, 108.1600, -771.3400, -775.0900, 108.1600, 0, 0, 0
L -335.3100, -832.5000, 108.1600, -543.9700, -832.5000, 108.1600, 0, 0, 0
L -335.3100, -832.5000, 108.1600, -264.0300, -813.4100, 108.1600, 0, 0, 0
L -543.9700, -832.5000, 108.1600, -557.1200, -832.5000, 108.1600, 0, 0, 0
L -557.1200, -832.5000, 108.1600, -628.4100, -813.4100, 108.1600, 0, 0, 0
L -331.0300, -865, 108.1600, -261.1900, -846.2800, 108.1600, 0, 0, 0
L -331.0300, -865, 108.1600, -543.9700, -865, 108.1600, 0, 0, 0
L -561.3800, -865, 108.1600, -543.9700, -865, 108.1600, 0, 0, 0
L -561.3800, -865, 108.1600, -754.0300, -813.4100, 108.1600, 0, 0, 0
L -517.6900, 554.4400, 119.5300, -543.9700, 548.1200, 119.5300, 0, 0, 0
L -491.5900, 553.7500, 119.5300, -517.6900, 554.4400, 119.5300, 0, 0, 0
L -382.0900, 550.8800, 119.5300, -491.5900, 553.7500, 119.5300, 0, 0, 0
L -543.9700, 548.1200, 119.5300, -623.4100, 529.0600, 119.5300, 0, 0, 0
L -357.8400, 543.7200, 119.5300, -382.0900, 550.8800, 119.5300, 0, 0, 0
L -357.8400, 543.7200, 119.5300, -261.1900, 515.0600, 119.5300, 0, 0, 0
L -515.6600, 535.0900, 119.5300, -385.1200, 531.6900, 119.5300, 0, 0, 0
L -515.6600, 535.0900, 119.5300, -543.9700, 528.3100, 119.5300, 0, 0, 0
L -623.4100, 529.0600, 119.5300, -649.6200, 522.7800, 119.5300, 0, 0, 0
L -252, 512.3400, 119.5300, -136.3400, 441.4700, 119.5300, 0, 0, 0
L -252, 512.3400, 119.5300, -261.1900, 515.0600, 119.5300, 0, 0, 0
L -642.6600, 504.6200, 119.5300, -543.9700, 528.3100, 119.5300, 0, 0, 0
L -642.6600, 504.6200, 119.5300, -757.4100, 442.3100, 119.5300, 0, 0, 0
L -261.1900, 494.9700, 119.5300, -259.9100, 494.5900, 119.5300, 0, 0, 0
L -261.1900, 494.9700, 119.5300, -385.1200, 531.6900, 119.5300, 0, 0, 0
L -744.5000, 471.2500, 119.5300, -768.8400, 458.0300, 119.5300, 0, 0, 0
L -744.5000, 471.2500, 119.5300, -649.6200, 522.7800, 119.5300, 0, 0, 0
L -757.4100, 442.3100, 119.5300, -826.7500, 376.5000, 119.5300, 0, 0, 0
L -148.5600, 426.3400, 119.5300, -259.9100, 494.5900, 119.5300, 0, 0, 0
L -119.9700, 424.2200, 119.5300, -136.3400, 441.4700, 119.5300, 0, 0, 0
L -119.9700, 424.2200, 119.5300, -42.9400, 343.0600, 119.5300, 0, 0, 0
L -826.7500, 403.0900, 119.5300, -768.8400, 458.0300, 119.5300, 0, 0, 0
L -846.6900, 384.1600, 119.5300, -826.7500, 403.0900, 119.5300, 0, 0, 0
L -867.2500, 364.6600, 119.5300, -846.6900, 384.1600, 119.5300, 0, 0, 0
L -852.1200, 352.4100, 119.5300, -826.7500, 376.5000, 119.5300, 0, 0, 0
L -852.1200, 352.4100, 119.5300, -892.4700, 286.5900, 119.5300, 0, 0, 0
L -58.6900, 331.6200, 119.5300, -148.5600, 426.3400, 119.5300, 0, 0, 0
L -31.8800, 322.6600, 119.5300, -42.9400, 343.0600, 119.5300, 0, 0, 0
L -12.2800, 286.5900, 119.5300, -31.8800, 322.6600, 119.5300, 0, 0, 0
L -12.2800, 286.5900, 119.5300, 21.5900, 224.1900, 119.5300, 0, 0, 0
L -34.2200, 286.5900, 119.5300, -58.6900, 331.6200, 119.5300, 0, 0, 0
L -34.2200, 286.5900, 119.5300, 3.6200, 216.8800, 119.5300, 0, 0, 0
L -915.0600, 286.5900, 119.5300, -867.2500, 364.6600, 119.5300, 0, 0, 0
L -915.0600, 286.5900, 119.5300, -923.0900, 273.5300, 119.5300, 0, 0, 0
L -923.0900, 273.5300, 119.5300, -938.1200, 248.9700, 119.5300, 0, 0, 0
L -920.3800, 241.0600, 119.5300, -957.4700, 115.8400, 119.5300, 0, 0, 0
L -920.3800, 241.0600, 119.5300, -892.4700, 286.5900, 119.5300, 0, 0, 0
L 21.5900, 224.1900, 119.5300, 21.7800, 223.8400, 119.5300, 0, 0, 0
L 21.7800, 223.8400, 119.5300, 53.4700, 91.9100, 119.5300, 0, 0, 0
L 3.6200, 216.8800, 119.5300, 21.5900, 142.0600, 119.5300, 0, 0, 0
L -968.4100, 146.7800, 119.5300, -938.1200, 248.9700, 119.5300, 0, 0, 0
L -976.6600, 118.9100, 119.5300, -968.4100, 146.7800, 119.5300, 0, 0, 0
L 34.1200, 89.8800, 119.5300, 32.0600, 11.5900, 119.5300, 0, 0, 0
L 34.1200, 89.8800, 119.5300, 21.5900, 142.0600, 119.5300, 0, 0, 0
L 52.8800, 69.2500, 119.5300, 53.4700, 91.9100, 119.5300, 0, 0, 0
L 52.8800, 69.2500, 119.5300, 51.3400, 11.5900, 119.5300, 0, 0, 0
L 51.3400, 11.5900, 119.5300, 49.9100, -43.6900, 119.5300, 0, 0, 0
L -960.8800, -14.6900, 119.5300, -930.4100, -141.6600, 119.5300, 0, 0, 0
L 30.6900, -40.6600, 119.5300, 21.5900, -71.4100, 119.5300, 0, 0, 0
L 30.6900, -40.6600, 119.5300, 32.0600, 11.5900, 119.5300, 0, 0, 0
L 43.4700, -65.4700, 119.5300, 49.9100, -43.6900, 119.5300, 0, 0, 0
L -955.3100, -120.4700, 119.5300, -980.2200, -16.7200, 119.5300, 0, 0, 0
L 21.5900, -139.2800, 119.5300, 43.4700, -65.4700, 119.5300, 0, 0, 0
L 21.5900, -139.2800, 119.5300, 11.3800, -173.7800, 119.5300, 0, 0, 0
L -948.5600, -148.6200, 119.5300, -955.3100, -120.4700, 119.5300, 0, 0, 0
L -6.3800, -165.8800, 119.5300, -66.1600, -263.4100, 119.5300, 0, 0, 0
L -6.3800, -165.8800, 119.5300, 21.5900, -71.4100, 119.5300, 0, 0, 0
L 11.3800, -173.7800, 119.5300, -0.6200, -193.3800, 119.5300, 0, 0, 0
L -868.0900, -256.4400, 119.5300, -861.5000, -263.4100, 119.5300, 0, 0, 0
L -868.0900, -256.4400, 119.5300, -930.4100, -141.6600, 119.5300, 0, 0, 0
L -43.5300, -263.4100, 119.5300, -0.6200, -193.3800, 119.5300, 0, 0, 0
L -861.5000, -263.4100, 119.5300, -826.7500, -300, 119.5300, 0, 0, 0
L -886.2500, -263.4100, 119.5300, -948.5600, -148.6200, 119.5300, 0, 0, 0
L -886.2500, -263.4100, 119.5300, -883.8100, -267.8800, 119.5300, 0, 0, 0
L -74.6200, -277.2200, 119.5300, -169.3400, -367.0900, 119.5300, 0, 0, 0
L -74.6200, -277.2200, 119.5300, -66.1600, -263.4100, 119.5300, 0, 0, 0
L -59.5000, -289.4700, 119.5300, -76.5300, -305.5900, 119.5300, 0, 0, 0
L -59.5000, -289.4700, 119.5300, -43.5300, -263.4100, 119.5300, 0, 0, 0
L -826.7500, -300, 119.5300, -778.1900, -351.1600, 119.5300, 0, 0, 0
L -826.7500, -328, 119.5300, -883.8100, -267.8800, 119.5300, 0, 0, 0
L -809.7200, -345.9400, 119.5300, -826.7500, -328, 119.5300, 0, 0, 0
L -790.4400, -366.2800, 119.5300, -698.0600, -422.8800, 119.5300, 0, 0, 0
L -790.4400, -366.2800, 119.5300, -809.7200, -345.9400, 119.5300, 0, 0, 0
L -157.9100, -382.8400, 119.5300, -76.5300, -305.5900, 119.5300, 0, 0, 0
L -179.0900, -394.3400, 119.5300, -157.9100, -382.8400, 119.5300, 0, 0, 0
L -261.1900, -416.9700, 119.5300, -169.3400, -367.0900, 119.5300, 0, 0, 0
L -666.8400, -419.4100, 119.5300, -543.9700, -455.7800, 119.5300, 0, 0, 0
L -666.8400, -419.4100, 119.5300, -778.1900, -351.1600, 119.5300, 0, 0, 0
L -284.1200, -429.4100, 119.5300, -261.1900, -416.9700, 119.5300, 0, 0, 0
L -284.1200, -429.4100, 119.5300, -411.0900, -459.9100, 119.5300, 0, 0, 0
L -674.7500, -437.1600, 119.5300, -698.0600, -422.8800, 119.5300, 0, 0, 0
L -261.1900, -438.9100, 119.5300, -179.0900, -394.3400, 119.5300, 0, 0, 0
L -277.1600, -447.5600, 119.5300, -261.1900, -438.9100, 119.5300, 0, 0, 0
L -301.3100, -453.3800, 119.5300, -277.1600, -447.5600, 119.5300, 0, 0, 0
L -301.3100, -453.3800, 119.5300, -362.9700, -468.1900, 119.5300, 0, 0, 0
L -543.9700, -455.7800, 119.5300, -541.6600, -456.4700, 119.5300, 0, 0, 0
L -541.6600, -456.4700, 119.5300, -411.0900, -459.9100, 119.5300, 0, 0, 0
L -544.6900, -475.6900, 119.5300, -674.7500, -437.1600, 119.5300, 0, 0, 0
L -543.9700, -475.7200, 119.5300, -409.0600, -479.2500, 119.5300, 0, 0, 0
L -543.9700, -475.7200, 119.5300, -544.6900, -475.6900, 119.5300, 0, 0, 0
L -409.0600, -479.2500, 119.5300, -362.9700, -468.1900, 119.5300, 0, 0, 0
L 23.3900, 647.3400, 120, 66.1600, 603.1300, 120, 0, 0, 0
L -16.1200, 603.4900, 120, 23.3900, 647.3400, 120, 0, 0, 0
L 66.1600, 603.1300, 120, 19.7600, 565.6900, 120, 0, 0, 0
L 19.7600, 565.6900, 120, -16.1200, 603.4900, 120, 0, 0, 0
L -1045.1700, 540.0900, 120, -1087.1000, 495.1300, 120, 0, 0, 0
L -1045.7900, 539.4300, 120, -1045.8000, 539.4200, 120, 0, 0, 0
L -1004.9900, 496.0300, 120, -1045.1700, 540.0900, 120, 0, 0, 0
L -1087.1000, 495.1300, 120, -1040.5700, 457.9400, 120, 0, 0, 0
L -423.2800, 482.5700, 120, -428.1100, 423.1400, 120, 0, 0, 0
L -424.1700, 482.5700, 120, -423.9500, 482.5700, 120, 0, 0, 0
L -484.7800, 482.5600, 120, -423.2800, 482.5700, 120, 0, 0, 0
L -1040.5700, 457.9400, 120, -1004.9900, 496.0300, 120, 0, 0, 0
L -480.2000, 423.1700, 120, -484.7800, 482.5600, 120, 0, 0, 0
L -428.1100, 423.1400, 120, -480.2000, 423.1700, 120, 0, 0, 0
L -853.7700, 230.9700, 120, -802.2200, 201, 120, 0, 0, 0
L -802.2200, 201, 120, -808.6500, 187.5900, 120, 0, 0, 0
L -808.6500, 187.5900, 120, -824.6800, 154, 120, 0, 0, 0
L -880.2600, 175.4600, 120, -853.7700, 230.9700, 120, 0, 0, 0
L -824.6800, 154, 120, -880.2600, 175.4600, 120, 0, 0, 0
L -4.2600, 55.5300, 120, -63.6500, 50.9100, 120, 0, 0, 0
L -63.6500, 50.9100, 120, -63.6500, -1.2000, 120, 0, 0, 0
L -63.6500, -1.2000, 120, -4.2100, -5.9700, 120, 0, 0, 0
L -4.2100, -5.9700, 120, -4.2600, 55.5300, 120, 0, 0, 0
L -828.1900, -107.4800, 120, -800.2600, -151.4700, 120, 0, 0, 0
L -880.9400, -135.2900, 120, -880.8200, -135.4800, 120, 0, 0, 0
L -880.8200, -135.4800, 120, -828.1900, -107.4800, 120, 0, 0, 0
L -800.2600, -151.4700, 120, -847.9400, -187.2100, 120, 0, 0, 0
L -847.9400, -187.2100, 120, -880.8200, -135.4800, 120, 0, 0, 0
L -471.9900, -351.4800, 120, -419.8700, -351.8900, 120, 0, 0, 0
L -419.8700, -351.8900, 120, -415.7200, -411.3100, 120, 0, 0, 0
L -477, -410.8800, 120, -471.9900, -351.4800, 120, 0, 0, 0
L -415.7200, -411.3100, 120, -477, -410.8800, 120, 0, 0, 0
L -997.9200, -471.2000, 120, -959.4400, -506.3600, 120, 0, 0, 0
L -959.4400, -506.3600, 120, -995.7200, -552.9100, 120, 0, 0, 0
L -1041.3000, -512.0600, 120, -997.9200, -471.2000, 120, 0, 0, 0
L -995.7200, -552.9100, 120, -1041.3000, -512.0600, 120, 0, 0, 0
L 20.4400, -554.4600, 120, -18.2600, -589.3600, 120, 0, 0, 0
L -18.2600, -589.3600, 120, 17.9900, -636.7200, 120, 0, 0, 0
L 62.7400, -594.6000, 120, 20.4400, -554.4600, 120, 0, 0, 0
L 17.9900, -636.7200, 120, 62.7400, -594.6000, 120, 0, 0, 0
L 19.4400, 640.1000, 140, 21.5900, 637.8500, 140, 0, 0, 0
L 21.5900, 637.8500, 140, 58.3100, 599.4200, 140, 0, 0, 0
L -16.2500, 599.5700, 140, 19.4400, 640.1000, 140, 0, 0, 0
L 58.3100, 599.4200, 140, 15.7000, 565.9000, 140, 0, 0, 0
L 15.7000, 565.9000, 140, -16.2500, 599.5700, 140, 0, 0, 0
L -1041, 532.4900, 140, -1079.2400, 491.2400, 140, 0, 0, 0
L -1004.9400, 491.9700, 140, -1041, 532.4900, 140, 0, 0, 0
L -1079.2400, 491.2400, 140, -1036.6500, 458.0500, 140, 0, 0, 0
L -426, 474.3600, 140, -482.2600, 474.1600, 140, 0, 0, 0
L -474.0400, 474.1900, 140, -474.1400, 474.1900, 140, 0, 0, 0
L -482.2600, 474.1600, 140, -477.4500, 420.3700, 140, 0, 0, 0
L -1036.6500, 458.0500, 140, -1004.9400, 491.9700, 140, 0, 0, 0
L -477.4500, 420.3700, 140, -431.0400, 420.3400, 140, 0, 0, 0
L -431.0400, 420.3400, 140, -426, 474.3600, 140, 0, 0, 0
L -847.5100, 224.9600, 140, -871.6000, 174.1200, 140, 0, 0, 0
L -800.9500, 197.1500, 140, -847.5100, 224.9600, 140, 0, 0, 0
L -868.4900, 180.6700, 140, -868.5400, 180.5800, 140, 0, 0, 0
L -811.4000, 175.3700, 140, -800.9500, 197.1500, 140, 0, 0, 0
L -871.6000, 174.1200, 140, -820.9900, 155.2800, 140, 0, 0, 0
L -820.9900, 155.2800, 140, -811.4000, 175.3700, 140, 0, 0, 0
L -12.6500, 53, 140, -66.4400, 48.1600, 140, 0, 0, 0
L -66.4400, 48.1600, 140, -66.4500, 1.7400, 140, 0, 0, 0
L -12.6200, 45.9000, 140, -12.6200, 46, 140, 0, 0, 0
L -66.4500, 1.7400, 140, -12.4300, -3.2600, 140, 0, 0, 0
L -12.4300, -3.2600, 140, -12.6500, 53, 140, 0, 0, 0
L -824.2600, -108.4600, 140, -872.5400, -133.1700, 140, 0, 0, 0
L -811.3400, -128.8600, 140, -824.2600, -108.4600, 140, 0, 0, 0
L -872.5400, -133.1700, 140, -842.2000, -180.5400, 140, 0, 0, 0
L -799.3900, -147.6500, 140, -811.3400, -128.8600, 140, 0, 0, 0
L -842.2000, -180.5400, 140, -799.3900, -147.6500, 140, 0, 0, 0
L -469.0300, -348.7000, 140, -474.4500, -402.6600, 140, 0, 0, 0
L -422.6000, -349.0700, 140, -469.0300, -348.7000, 140, 0, 0, 0
L -474.4500, -402.6600, 140, -418.2100, -402.8900, 140, 0, 0, 0
L -426.4000, -402.8700, 140, -426.3300, -402.8700, 140, 0, 0, 0
L -418.2100, -402.8900, 140, -422.6000, -349.0700, 140, 0, 0, 0
L -993.8600, -471.1100, 140, -959.5900, -502.4500, 140, 0, 0, 0
L -959.5900, -502.4500, 140, -992.3000, -545.4100, 140, 0, 0, 0
L -1033.9700, -507.6000, 140, -993.8600, -471.1100, 140, 0, 0, 0
L -992.3000, -545.4100, 140, -1033.9700, -507.6000, 140, 0, 0, 0
L 16.5300, -554.2300, 140, -17.9600, -585.3200, 140, 0, 0, 0
L -17.9600, -585.3200, 140, 14.4900, -628.7800, 140, 0, 0, 0
L 56.1300, -590.9400, 140, 16.5300, -554.2300, 140, 0, 0, 0
L 14.4900, -628.7800, 140, 56.1300, -590.9400, 140, 0, 0, 0
L 14.9900, 632.3500, 160, 21.5900, 625.4400, 160, 0, 0, 0
L 21.5900, 625.4400, 160, 50.1800, 595.5200, 160, 0, 0, 0
L -16.3700, 595.6600, 160, 14.9900, 632.3500, 160, 0, 0, 0
L 50.1800, 595.5200, 160, 11.6500, 566.1100, 160, 0, 0, 0
L 21.5200, 574.0500, 160, 21.5900, 574.1000, 160, 0, 0, 0
L 11.6500, 566.1100, 160, -16.3700, 595.6600, 160, 0, 0, 0
L -1036.6200, 524.6100, 160, -1071.2400, 487.2600, 160, 0, 0, 0
L -1004.9000, 487.9100, 160, -1036.6200, 524.6100, 160, 0, 0, 0
L -1071.2400, 487.2600, 160, -1032.7200, 458.1600, 160, 0, 0, 0
L -428.7700, 465.7700, 160, -479.7000, 465.5900, 160, 0, 0, 0
L -462.9900, 465.6600, 160, -463.0600, 465.6600, 160, 0, 0, 0
L -479.7000, 465.5900, 160, -474.7100, 417.5800, 160, 0, 0, 0
L -1032.7200, 458.1600, 160, -1004.9000, 487.9100, 160, 0, 0, 0
L -474.7100, 417.5800, 160, -433.9700, 417.5500, 160, 0, 0, 0
L -433.9700, 417.5500, 160, -428.7700, 465.7700, 160, 0, 0, 0
L -840.9600, 218.7700, 160, -862.7600, 172.7300, 160, 0, 0, 0
L -799.6900, 193.3000, 160, -840.9600, 218.7700, 160, 0, 0, 0
L -856.4600, 186.0400, 160, -856.5000, 185.9700, 160, 0, 0, 0
L -862.7600, 172.7300, 160, -817.3000, 156.5600, 160, 0, 0, 0
L -814.1600, 163.1500, 160, -799.6900, 193.3000, 160, 0, 0, 0
L -817.3000, 156.5600, 160, -814.1600, 163.1500, 160, 0, 0, 0
L -21.2200, 50.4400, 160, -69.2300, 45.4100, 160, 0, 0, 0
L -69.2300, 45.4100, 160, -69.2500, 4.6800, 160, 0, 0, 0
L -21.1500, 36.0200, 160, -21.1500, 36.0900, 160, 0, 0, 0
L -69.2500, 4.6800, 160, -21.0100, -0.5000, 160, 0, 0, 0
L -21.0100, -0.5000, 160, -21.2200, 50.4400, 160, 0, 0, 0
L -820.3200, -109.4300, 160, -863.8100, -130.9100, 160, 0, 0, 0
L -863.8100, -130.9100, 160, -836.3400, -173.7900, 160, 0, 0, 0
L -802.4300, -137.6700, 160, -820.3200, -109.4300, 160, 0, 0, 0
L -798.5200, -143.8300, 160, -802.4300, -137.6700, 160, 0, 0, 0
L -836.3400, -173.7900, 160, -798.5200, -143.8300, 160, 0, 0, 0
L -466.0800, -345.9200, 160, -471.6200, -394.1100, 160, 0, 0, 0
L -425.3300, -346.2500, 160, -466.0800, -345.9200, 160, 0, 0, 0
L -471.6200, -394.1100, 160, -420.6900, -394.3000, 160, 0, 0, 0
L -437.4000, -394.2500, 160, -437.3500, -394.2500, 160, 0, 0, 0
L -420.6900, -394.3000, 160, -425.3300, -346.2500, 160, 0, 0, 0
L -989.8100, -471.0200, 160, -959.7400, -498.5300, 160, 0, 0, 0
L -959.7400, -498.5300, 160, -970.9800, -515.7200, 160, 0, 0, 0
L -1026.1500, -503.1300, 160, -989.8100, -471.0200, 160, 0, 0, 0
L -970.9800, -515.7200, 160, -988.4000, -537.3600, 160, 0, 0, 0
L -988.4000, -537.3600, 160, -1026.1500, -503.1300, 160, 0, 0, 0
L 12.6200, -553.9900, 160, -17.6600, -581.2700, 160, 0, 0, 0
L -17.6600, -581.2700, 160, 10.7900, -620.5500, 160, 0, 0, 0
L 48.4900, -586.2900, 160, 12.6200, -553.9900, 160, 0, 0, 0
L 10.7900, -620.5500, 160, 48.4900, -586.2900, 160, 0, 0, 0
L 10.5300, 624.5900, 180, 21.5900, 613.0300, 180, 0, 0, 0
L 21.5900, 613.0300, 180, 42.0500, 591.6200, 180, 0, 0, 0
L 42.0500, 591.6200, 180, 5.9200, 564.9300, 180, 0, 0, 0
L -18.1400, 590.0900, 180, 10.5300, 624.5900, 180, 0, 0, 0
L 5.9200, 564.9300, 180, -18.1400, 590.0900, 180, 0, 0, 0
L -1032.2400, 516.7400, 180, -1063.2400, 483.2700, 180, 0, 0, 0
L -1063.2400, 483.2700, 180, -1027.0600, 456.7400, 180, 0, 0, 0
L -1003.3800, 482.2500, 180, -1032.2400, 516.7400, 180, 0, 0, 0
L -431.5400, 457.1900, 180, -477.1500, 457.0200, 180, 0, 0, 0
L -451.9300, 457.1200, 180, -451.9700, 457.1200, 180, 0, 0, 0
L -477.1500, 457.0200, 180, -471.8900, 412.4700, 180, 0, 0, 0
L -1027.0600, 456.7400, 180, -1003.3800, 482.2500, 180, 0, 0, 0
L -437.0600, 412.5900, 180, -431.5400, 457.1900, 180, 0, 0, 0
L -471.8900, 412.4700, 180, -437.0600, 412.5900, 180, 0, 0, 0
L -834.4200, 212.5700, 180, -796.5400, 188.3600, 180, 0, 0, 0
L -796.5400, 188.3600, 180, -811.4700, 156.9100, 180, 0, 0, 0
L -853.9300, 171.3400, 180, -834.4200, 212.5700, 180, 0, 0, 0
L -822.2500, 160.3700, 180, -853.9300, 171.3400, 180, 0, 0, 0
L -811.4700, 156.9100, 180, -822.2500, 160.3700, 180, 0, 0, 0
L -29.7900, 47.8700, 180, -29.5900, 2.2700, 180, 0, 0, 0
L -74.3400, 42.5700, 180, -29.7900, 47.8700, 180, 0, 0, 0
L -29.6800, 26.1300, 180, -29.6800, 26.1700, 180, 0, 0, 0
L -74.2100, 11.5900, 180, -74.3400, 42.5700, 180, 0, 0, 0
L -74.2200, 7.7700, 180, -74.2100, 11.5900, 180, 0, 0, 0
L -29.5900, 2.2700, 180, -74.2200, 7.7700, 180, 0, 0, 0
L -814.4600, -109.3800, 180, -855.0900, -128.6500, 180, 0, 0, 0
L -855.0900, -128.6500, 180, -830.4800, -167.0400, 180, 0, 0, 0
L -795.7200, -138.7000, 180, -814.4600, -109.3800, 180, 0, 0, 0
L -830.4800, -167.0400, 180, -795.7200, -138.7000, 180, 0, 0, 0
L -462.9400, -340.9800, 180, -468.8000, -385.5500, 180, 0, 0, 0
L -428.1200, -341.1100, 180, -462.9400, -340.9800, 180, 0, 0, 0
L -468.8000, -385.5500, 180, -423.1800, -385.7100, 180, 0, 0, 0
L -448.4000, -385.6400, 180, -448.3700, -385.6400, 180, 0, 0, 0
L -423.1800, -385.7100, 180, -428.1200, -341.1100, 180, 0, 0, 0
L -984.1800, -469.4400, 180, -958.3800, -492.8500, 180, 0, 0, 0
L -958.3800, -492.8500, 180, -974.2300, -516.5400, 180, 0, 0, 0
L -1018.3200, -498.6600, 180, -984.1800, -469.4400, 180, 0, 0, 0
L -974.2300, -516.5400, 180, -984.5100, -529.3100, 180, 0, 0, 0
L -984.5100, -529.3100, 180, -1018.3200, -498.6600, 180, 0, 0, 0
L 7.1000, -552.0900, 180, -18.6900, -575.5100, 180, 0, 0, 0
L -18.6900, -575.5100, 180, 7.1000, -612.3200, 180, 0, 0, 0
L 40.8600, -581.6400, 180, 7.1000, -552.0900, 180, 0, 0, 0
L 7.1000, -612.3200, 180, 40.8600, -581.6400, 180, 0, 0, 0
L 6.0800, 616.8400, 200, 21.5900, 600.6200, 200, 0, 0, 0
L 21.5900, 600.6200, 200, 33.9200, 587.7300, 200, 0, 0, 0
L 33.9200, 587.7300, 200, -1.6700, 562.2300, 200, 0, 0, 0
L -21.4500, 582.9500, 200, 6.0800, 616.8400, 200, 0, 0, 0
L -1.6700, 562.2300, 200, -21.4500, 582.9500, 200, 0, 0, 0
L -1027.8600, 508.8700, 200, -1055.2300, 479.2800, 200, 0, 0, 0
L -1055.2300, 479.2800, 200, -1019.7400, 453.8600, 200, 0, 0, 0
L -1000.2500, 474.8500, 200, -1027.8600, 508.8700, 200, 0, 0, 0
L -1019.7400, 453.8600, 200, -1000.2500, 474.8500, 200, 0, 0, 0
L -434.3100, 448.6100, 200, -474.5900, 448.4500, 200, 0, 0, 0
L -440.8800, 448.5900, 200, -440.8900, 448.5900, 200, 0, 0, 0
L -474.5900, 448.4500, 200, -468.9900, 405.1500, 200, 0, 0, 0
L -440.3400, 405.2500, 200, -434.3100, 448.6100, 200, 0, 0, 0
L -468.9900, 405.1500, 200, -440.3400, 405.2500, 200, 0, 0, 0
L -827.8700, 206.3800, 200, -845.1000, 169.9500, 200, 0, 0, 0
L -832.4100, 196.7900, 200, -832.4100, 196.7700, 200, 0, 0, 0
L -791.3300, 182.2400, 200, -827.8700, 206.3800, 200, 0, 0, 0
L -845.1000, 169.9500, 200, -803.6200, 156.3700, 200, 0, 0, 0
L -803.6200, 156.3700, 200, -791.3300, 182.2400, 200, 0, 0, 0
L -38.3600, 45.3100, 200, -38.1700, 5.0300, 200, 0, 0, 0
L -81.6500, 39.6700, 200, -38.3600, 45.3100, 200, 0, 0, 0
L -81.5600, 16.6900, 200, -81.6500, 39.6700, 200, 0, 0, 0
L -81.5600, 11.0200, 200, -81.5600, 16.6900, 200, 0, 0, 0
L -38.1700, 5.0300, 200, -81.5600, 11.0200, 200, 0, 0, 0
L -806.5000, -108.2100, 200, -846.3600, -126.3900, 200, 0, 0, 0
L -846.3600, -126.3900, 200, -824.6100, -160.3000, 200, 0, 0, 0
L -791.0900, -132.3400, 200, -806.5000, -108.2100, 200, 0, 0, 0
L -824.6100, -160.3000, 200, -791.0900, -132.3400, 200, 0, 0, 0
L -459.6100, -333.6600, 200, -465.9700, -377, 200, 0, 0, 0
L -430.9600, -333.7800, 200, -459.6100, -333.6600, 200, 0, 0, 0
L -465.9700, -377, 200, -425.6600, -377.1200, 200, 0, 0, 0
L -459.4000, -377.0300, 200, -459.3900, -377.0300, 200, 0, 0, 0
L -425.6600, -377.1200, 200, -430.9600, -333.7800, 200, 0, 0, 0
L -976.8100, -466.2200, 200, -955.5900, -485.4900, 200, 0, 0, 0
L -955.5900, -485.4900, 200, -977.4800, -517.3600, 200, 0, 0, 0
L -1010.5000, -494.1900, 200, -976.8100, -466.2200, 200, 0, 0, 0
L -977.4800, -517.3600, 200, -980.6200, -521.2500, 200, 0, 0, 0
L -980.6200, -521.2500, 200, -1010.5000, -494.1900, 200, 0, 0, 0
L 0.0400, -548.6000, 200, -21.1800, -567.8600, 200, 0, 0, 0
L -21.1800, -567.8600, 200, 3.4100, -604.1000, 200, 0, 0, 0
L 33.2300, -576.9800, 200, 0.0400, -548.6000, 200, 0, 0, 0
L 3.4100, -604.1000, 200, 33.2300, -576.9800, 200, 0, 0, 0
L -1.2800, 605.3400, 220, 22.0200, 581.3700, 220, 0, 0, 0
L 22.0200, 581.3700, 220, -9.2500, 559.5500, 220, 0, 0, 0
L -24.7700, 575.8100, 220, -1.2800, 605.3400, 220, 0, 0, 0
L -9.2500, 559.5500, 220, -24.7700, 575.8100, 220, 0, 0, 0
L -1020.8000, 497.3600, 220, -1043.3000, 472.6300, 220, 0, 0, 0
L -1043.3000, 472.6300, 220, -1012.4200, 450.9800, 220, 0, 0, 0
L -997.1200, 467.4500, 220, -1020.8000, 497.3600, 220, 0, 0, 0
L -1012.4200, 450.9800, 220, -997.1200, 467.4500, 220, 0, 0, 0
L -437.9100, 435.6000, 220, -471.3200, 435.1900, 220, 0, 0, 0
L -471.3200, 435.1900, 220, -466.1000, 397.8300, 220, 0, 0, 0
L -443.6300, 397.9000, 220, -437.9100, 435.6000, 220, 0, 0, 0
L -466.1000, 397.8300, 220, -443.6300, 397.9000, 220, 0, 0, 0
L -817.6700, 197.5300, 220, -831.7200, 167.1900, 220, 0, 0, 0
L -786.1100, 176.1100, 220, -817.6700, 197.5300, 220, 0, 0, 0
L -831.7200, 167.1900, 220, -795.7700, 155.8300, 220, 0, 0, 0
L -795.7700, 155.8300, 220, -786.1100, 176.1100, 220, 0, 0, 0
L -51.6200, 42.0300, 220, -51.1800, 8.6100, 220, 0, 0, 0
L -88.9700, 36.7600, 220, -51.6200, 42.0300, 220, 0, 0, 0
L -88.9100, 23.8000, 220, -88.9700, 36.7600, 220, 0, 0, 0
L -88.9100, 14.2900, 220, -88.9100, 23.8000, 220, 0, 0, 0
L -51.1800, 8.6100, 220, -88.9100, 14.2900, 220, 0, 0, 0
L -798.5500, -107.0400, 220, -833.4500, -122.4400, 220, 0, 0, 0
L -826.8000, -119.6700, 220, -826.7500, -119.6500, 220, 0, 0, 0
L -833.4500, -122.4400, 220, -815.1700, -150.4300, 220, 0, 0, 0
L -786.4600, -125.9700, 220, -798.5500, -107.0400, 220, 0, 0, 0
L -815.1700, -150.4300, 220, -786.4600, -125.9700, 220, 0, 0, 0
L -456.2800, -326.3400, 220, -462.2800, -364.0200, 220, 0, 0, 0
L -433.8100, -326.4400, 220, -456.2800, -326.3400, 220, 0, 0, 0
L -428.8400, -363.8300, 220, -433.8100, -326.4400, 220, 0, 0, 0
L -462.2800, -364.0200, 220, -428.8400, -363.8300, 220, 0, 0, 0
L -969.4300, -463.0100, 220, -999.0700, -487, 220, 0, 0, 0
L -952.8000, -478.1300, 220, -969.4300, -463.0100, 220, 0, 0, 0
L -999.0700, -487, 220, -974.1000, -509.2500, 220, 0, 0, 0
L -974.1000, -509.2500, 220, -952.8000, -478.1300, 220, 0, 0, 0
L -7.0100, -545.1100, 220, 21.9000, -569.3400, 220, 0, 0, 0
L -23.6700, -560.2100, 220, -7.0100, -545.1100, 220, 0, 0, 0
L 21.9000, -569.3400, 220, -2.6400, -592.0300, 220, 0, 0, 0
L -2.6400, -592.0300, 220, -23.6700, -560.2100, 220, 0, 0, 0
L -10.9200, 590.8900, 240, 6.7000, 572.8000, 240, 0, 0, 0
L 6.7000, 572.8000, 240, -16.8400, 556.8700, 240, 0, 0, 0
L -28.0800, 568.6700, 240, -10.9200, 590.8900, 240, 0, 0, 0
L -21.3500, 561.5900, 240, -28.0800, 568.6700, 240, 0, 0, 0
L -16.8400, 556.8700, 240, -21.3500, 561.5900, 240, 0, 0, 0
L -1011.3200, 482.5700, 240, -1028.2900, 463.9000, 240, 0, 0, 0
L -1028.2900, 463.9000, 240, -1005.1000, 448.1000, 240, 0, 0, 0
L -993.9800, 460.0400, 240, -1011.3200, 482.5700, 240, 0, 0, 0
L -1005.1000, 448.1000, 240, -993.9800, 460.0400, 240, 0, 0, 0
L -442.2500, 418.5900, 240, -467.4800, 418.2600, 240, 0, 0, 0
L -467.4800, 418.2600, 240, -463.2000, 390.5100, 240, 0, 0, 0
L -446.9100, 390.5600, 240, -442.2500, 418.5900, 240, 0, 0, 0
L -463.2000, 390.5100, 240, -446.9100, 390.5600, 240, 0, 0, 0
L -804.1900, 186.2700, 240, -814.7900, 163.3600, 240, 0, 0, 0
L -780.8900, 169.9900, 240, -804.1900, 186.2700, 240, 0, 0, 0
L -814.7900, 163.3600, 240, -787.9100, 155.2800, 240, 0, 0, 0
L -787.9100, 155.2800, 240, -780.8900, 169.9900, 240, 0, 0, 0
L -68.5600, 38.1800, 240, -68.2100, 12.9400, 240, 0, 0, 0
L -96.2700, 30.9000, 240, -68.5600, 38.1800, 240, 0, 0, 0
L -96.2500, 17.5700, 240, -96.2700, 30.9000, 240, 0, 0, 0
L -68.2100, 12.9400, 240, -96.2500, 17.5700, 240, 0, 0, 0
L -790.5900, -105.8700, 240, -781.8400, -119.6000, 240, 0, 0, 0
L -816.7600, -116.9700, 240, -790.5900, -105.8700, 240, 0, 0, 0
L -781.8400, -119.6000, 240, -802.9500, -138.1100, 240, 0, 0, 0
L -802.9500, -138.1100, 240, -816.7600, -116.9700, 240, 0, 0, 0
L -452.9500, -319.0200, 240, -457.8200, -347.0300, 240, 0, 0, 0
L -436.6600, -319.1000, 240, -452.9500, -319.0200, 240, 0, 0, 0
L -432.5700, -346.8800, 240, -436.6600, -319.1000, 240, 0, 0, 0
L -457.8200, -347.0300, 240, -432.5700, -346.8800, 240, 0, 0, 0
L -962.0600, -459.7900, 240, -984.3900, -477.3600, 240, 0, 0, 0
L -950.0100, -470.7700, 240, -962.0600, -459.7900, 240, 0, 0, 0
L -984.3900, -477.3600, 240, -965.5300, -494.1600, 240, 0, 0, 0
L -965.5300, -494.1600, 240, -950.0100, -470.7700, 240, 0, 0, 0
L -14.0700, -541.6200, 240, 7.7000, -559.3400, 240, 0, 0, 0
L -26.1600, -552.5600, 240, -14.0700, -541.6200, 240, 0, 0, 0
L 7.7000, -559.3400, 240, -10.8200, -576.4800, 240, 0, 0, 0
L -10.8200, -576.4800, 240, -26.1600, -552.5600, 240, 0, 0, 0
L -20.5500, 576.4500, 260, -8.6300, 564.2300, 260, 0, 0, 0
L -25.2500, 570.2900, 260, -20.5500, 576.4500, 260, 0, 0, 0
L -8.6300, 564.2300, 260, -15.5100, 559.6600, 260, 0, 0, 0
L -15.5100, 559.6600, 260, -25.2500, 570.2900, 260, 0, 0, 0
L -1001.8300, 467.7700, 260, -1013.2800, 455.1700, 260, 0, 0, 0
L -996.8400, 461.2000, 260, -1001.8300, 467.7700, 260, 0, 0, 0
L -1013.2800, 455.1700, 260, -1006.8600, 450.8400, 260, 0, 0, 0
L -1006.8600, 450.8400, 260, -996.8400, 461.2000, 260, 0, 0, 0
L -446.5900, 401.5700, 260, -463.6400, 401.3200, 260, 0, 0, 0
L -463.6400, 401.3200, 260, -462.4100, 393.6700, 260, 0, 0, 0
L -462.4100, 393.6700, 260, -448, 393.4300, 260, 0, 0, 0
L -448, 393.4300, 260, -446.5900, 401.5700, 260, 0, 0, 0
L -790.7100, 175.0100, 260, -783.9700, 170.2300, 260, 0, 0, 0
L -783.9700, 170.2300, 260, -790.4200, 157.3500, 260, 0, 0, 0
L -797.8500, 159.5400, 260, -790.7100, 175.0100, 260, 0, 0, 0
L -790.4200, 157.3500, 260, -797.8500, 159.5400, 260, 0, 0, 0
L -85.4900, 34.3300, 260, -93.1300, 33.0900, 260, 0, 0, 0
L -93.1300, 33.0900, 260, -93.3800, 18.6800, 260, 0, 0, 0
L -93.3800, 18.6800, 260, -85.2300, 17.2800, 260, 0, 0, 0
L -85.2300, 17.2800, 260, -85.4900, 34.3300, 260, 0, 0, 0
L -792.4300, -108.3200, 260, -784.9300, -120.6400, 260, 0, 0, 0
L -800.0600, -111.5000, 260, -792.4300, -108.3200, 260, 0, 0, 0
L -784.9300, -120.6400, 260, -790.7300, -125.7900, 260, 0, 0, 0
L -790.7300, -125.7900, 260, -800.0600, -111.5000, 260, 0, 0, 0
L -451.8900, -321.9000, 260, -437.4800, -322.2600, 260, 0, 0, 0
L -437.4800, -322.2600, 260, -436.3000, -329.9200, 260, 0, 0, 0
L -436.3000, -329.9200, 260, -453.3500, -330.0300, 260, 0, 0, 0
L -453.3500, -330.0300, 260, -451.8900, -321.9000, 260, 0, 0, 0
L -963.1800, -462.6600, 260, -969.7100, -467.7200, 260, 0, 0, 0
L -969.7100, -467.7200, 260, -956.9600, -479.0600, 260, 0, 0, 0
L -952.7200, -472.5800, 260, -963.1800, -462.6600, 260, 0, 0, 0
L -956.9600, -479.0600, 260, -952.7200, -472.5800, 260, 0, 0, 0
L -12.5400, -544.4900, 260, -6.5000, -549.3400, 260, 0, 0, 0
L -6.5000, -549.3400, 260, -19.0100, -560.9300, 260, 0, 0, 0
L -23.4200, -553.9500, 260, -12.5400, -544.4900, 260, 0, 0, 0
L -19.0100, -560.9300, 260, -23.4200, -553.9500, 260, 0, 0, 0
L 844.6347, 44.6409, 8.3559, 844.7985, 74.2799, 8.6585, 0, 0, 0
P -15.7597, 655.7540, -18.8005,  0, 127, 0,  3,  to_Lake_Rathetear
P -147.2484, 1018.5823, 46.7939,  0, 127, 0,  3,  to_PoK
P 0, 1500., 0,  0, 0, 0,  1,  Map_by_Goodurden
