L -1567.0387, -7359.3350, 390.9312,  -1550.6736, -7359.3350, 390.9316,  255, 0, 255
L -1932.8998, 615.1689, 303.3505,  -1900.3324, 615.1915, 303.3809,  0, 0, 0
L -1900.3324, 615.1915, 303.2667,  -1900.3737, 584.3271, 302.6270,  0, 0, 0
L -1900.3737, 584.3271, 302.6157,  -1932.5409, 584.3578, 302.5423,  0, 0, 0
L -1932.5409, 584.3578, 302.5582,  -1932.8998, 615.1689, 303.6589,  0, 0, 0
L -1899.5940, 549.9636, 302.4606,  -1899.6039, 518.3766, 302.4365,  0, 0, 0
L -1899.6039, 518.3766, 302.4488,  -1930.4551, 518.4000, 302.4363,  0, 0, 0
L -1930.4551, 518.4000, 302.4347,  -1930.4800, 549.9623, 302.4809,  0, 0, 0
L -1930.4800, 549.9623, 302.4828,  -1899.5940, 549.9636, 302.4619,  0, 0, 0
L -1965.5811, 518.2237, 302.4363,  -1996.7614, 518.1757, 302.4363,  0, 0, 0
L -1996.7614, 518.1757, 302.4363,  -1996.6852, 549.2660, 302.4363,  0, 0, 0
L -1996.6852, 549.2660, 302.4363,  -1965.1349, 548.9936, 302.4363,  0, 0, 0
L -1965.1349, 548.9936, 302.4363,  -1965.5811, 518.2237, 302.4363,  0, 0, 0
L -1996.7819, 584.1222, 303.4569,  -1996.7968, 615.5892, 305.1900,  0, 0, 0
L -1996.7968, 615.5892, 304.9042,  -1966.2798, 615.5879, 303.5278,  0, 0, 0
L -1966.2798, 615.5879, 303.3254,  -1965.9717, 584.1058, 302.4923,  0, 0, 0
L -1965.9717, 584.1058, 302.4904,  -1996.7819, 584.1222, 303.3675,  0, 0, 0
L -2774.3125, -3503.4705, 111.2455,  -2778.6714, -3535.3511, 111.2453,  255, 0, 255
L -1490.1469, 2229.8423, -316.2051,  -1451.9502, 2229.8799, -316.2062,  0, 0, 0
L -1451.9502, 2229.8799, -315.7384,  -1451.9629, 2237.1626, -316.2062,  0, 0, 0
L -1451.9629, 2237.1626, -316.2062,  -1424.6913, 2264.4961, -316.2060,  0, 0, 0
L -1424.6913, 2264.4961, -316.2060,  -1413.5591, 2264.5137, -316.2062,  0, 0, 0
L -1412.8134, 2256.5413, -316.2060,  -1413.5591, 2264.5137, -316.2060,  0, 0, 0
L -1412.8134, 2256.5413, -316.2062,  -1422.5717, 2256.4629, -316.2060,  0, 0, 0
L -1422.5717, 2256.4629, -316.2060,  -1446.6991, 2232.2847, -316.2060,  0, 0, 0
L -1446.6991, 2232.2847, -316.2060,  -1446.7698, 2225.5647, -316.2062,  0, 0, 0
L -1446.7698, 2225.5647, -316.2062,  -1490.3667, 2225.1719, -316.2060,  0, 0, 0
L -1490.3667, 2225.1719, -316.2060,  -1490.1469, 2229.8423, -316.2060,  0, 0, 0
L -1490.1425, 2214.4893, -316.2058,  -1484.7417, 2214.1082, -316.2060,  0, 0, 0
L -1484.7417, 2214.1082, -316.2060,  -1484.6935, 2208.3726, -316.2060,  0, 0, 0
L -1484.6935, 2208.3726, -316.2060,  -1446.7249, 2208.4114, -316.2062,  0, 0, 0
L -1446.7249, 2208.4114, -316.2062,  -1446.7195, 2203.6299, -316.2062,  0, 0, 0
L -1446.7195, 2203.6299, -316.2062,  -1422.3655, 2178.7205, -316.2062,  0, 0, 0
L -1422.3655, 2178.7205, -316.2062,  -1412.8738, 2178.7310, -316.2062,  0, 0, 0
L -1413.6299, 2171.2869, -316.2060,  -1412.8738, 2178.7310, -316.2060,  0, 0, 0
L -1424.5950, 2171.2764, -316.2062,  -1413.6299, 2171.2869, -316.2062,  0, 0, 0
L -1424.5950, 2171.2764, -316.2062,  -1451.9229, 2198.5474, -316.2062,  0, 0, 0
L -1451.9229, 2198.5474, -316.2062,  -1451.9280, 2203.9490, -316.2062,  0, 0, 0
L -1451.9280, 2203.9490, -316.2062,  -1490.1292, 2203.9075, -316.2060,  0, 0, 0
L -1490.1292, 2203.9075, -316.2060,  -1490.1425, 2214.4893, -316.2060,  0, 0, 0
L -1388.6493, 2257.2515, -316.2062,  -1363.6460, 2232.2974, -316.2062,  0, 0, 0
L -1363.6460, 2232.2974, -316.2062,  -1326.5187, 2232.3433, -316.2062,  0, 0, 0
L -1326.5187, 2232.3433, -316.2062,  -1326.5081, 2226.7500, -316.2062,  0, 0, 0
L -1326.5081, 2226.7500, -316.2062,  -1320.5298, 2227.6980, -316.2062,  0, 0, 0
L -1320.5298, 2227.6980, -316.2062,  -1320.5370, 2237.5911, -316.2062,  0, 0, 0
L -1320.5370, 2237.5911, -316.2062,  -1358.9983, 2237.5503, -316.2062,  0, 0, 0
L -1358.9983, 2237.5503, -316.2062,  -1386.7675, 2265.2266, -316.2062,  0, 0, 0
L -3772.2415, 2619.4197, -271.3045,  -3772.2371, 2531.7251, -271.3201,  64, 64, 64
L -3772.2371, 2531.7251, -271.3045,  -3683.9048, 2531.7151, -272.8894,  64, 64, 64
L -3683.9048, 2531.7151, -271.1985,  -3683.9026, 2619.4126, -271.3285,  64, 64, 64
L -3683.9026, 2619.4126, -271.1929,  -3772.2415, 2619.4197, -271.3494,  64, 64, 64
L 1260.1122, 697.9443, -164.9873,  1262.2007, 700.3691, -164.9231,  0, 0, 0
L 1262.2007, 700.3691, -164.9231,  1262.1708, 775.8250, -165.1576,  0, 0, 0
L 1262.1708, 775.8250, -165.1576,  1260.6028, 777.1852, -165.3454,  0, 0, 0
L 1260.6028, 777.1852, -165.1842,  1266.6720, 783.7902, -165.2257,  0, 0, 0
L 1266.6720, 783.7902, -165.5054,  1268.8859, 781.6458, -164.9671,  0, 0, 0
L 1268.8859, 781.6458, -164.9671,  1343.7133, 781.6486, -164.7437,  0, 0, 0
L 1343.7133, 781.6486, -164.7437,  1345.8683, 783.8091, -165.8890,  0, 0, 0
L 1345.8683, 783.8091, -165.9959,  1352.4292, 777.2291, -165.8412,  0, 0, 0
L 1352.4292, 777.2291, -165.6134,  1350.3058, 774.8878, -165.4098,  0, 0, 0
L 1350.3058, 774.8878, -165.4098,  1350.3230, 700.1212, -165.4382,  0, 0, 0
L 1350.3230, 700.1212, -165.4382,  1352.4600, 697.9918, -165.5997,  0, 0, 0
L 1352.4600, 697.9918, -165.6827,  1345.8263, 691.4574, -165.8710,  0, 0, 0
L 1345.8263, 691.4574, -164.4185,  1343.5905, 693.5438, -164.4097,  0, 0, 0
L 1343.5905, 693.5438, -164.4097,  1321.6421, 693.5366, -164.4097,  0, 0, 0
L 1321.6421, 693.5366, -164.1014,  1321.5530, 700.1662, -163.6282,  0, 0, 0
L 1321.5530, 700.1662, -163.6282,  1339.6493, 700.1708, -163.6282,  0, 0, 0
L 1339.6493, 700.1708, -163.6282,  1341.3860, 698.7779, -163.6281,  0, 0, 0
L 1341.3860, 698.7779, -163.6281,  1345.4258, 702.7820, -163.6281,  0, 0, 0
L 1345.4258, 702.7820, -163.6281,  1343.6592, 704.1548, -163.6282,  0, 0, 0
L 1343.6592, 704.1548, -163.6282,  1343.6852, 771.4000, -163.6282,  0, 0, 0
L 1343.6852, 771.4000, -163.6282,  1345.7150, 772.3790, -163.6281,  0, 0, 0
L 1345.7150, 772.3790, -163.6281,  1341.6698, 776.3835, -163.6281,  0, 0, 0
L 1341.6698, 776.3835, -163.6281,  1339.6923, 774.9990, -163.6282,  0, 0, 0
L 1339.6923, 774.9990, -163.6282,  1272.8412, 775.2729, -163.6282,  0, 0, 0
L 1272.8412, 775.2729, -163.6282,  1271.4695, 776.4120, -163.6281,  0, 0, 0
L 1271.4695, 776.4120, -163.6281,  1267.4655, 772.4075, -163.6281,  0, 0, 0
L 1267.4655, 772.4075, -163.6281,  1268.8512, 771.2620, -163.6282,  0, 0, 0
L 1268.8512, 771.2620, -163.6282,  1268.8219, 704.1879, -163.6282,  0, 0, 0
L 1268.8219, 704.1879, -163.6282,  1267.4369, 702.8108, -163.6282,  0, 0, 0
L 1267.4369, 702.8108, -163.6282,  1271.4408, 698.8060, -163.6272,  0, 0, 0
L 1271.4408, 698.8060, -163.6272,  1272.8146, 700.1882, -163.6282,  0, 0, 0
L 1272.8146, 700.1882, -163.6282,  1290.9535, 700.1816, -163.6282,  0, 0, 0
L 1290.9535, 700.1816, -163.7501,  1290.8650, 693.5583, -164.1002,  0, 0, 0
L 1290.8650, 693.5583, -164.4097,  1268.9629, 693.5748, -164.4097,  0, 0, 0
L 1268.9629, 693.5748, -164.4097,  1266.5813, 691.5394, -164.4347,  0, 0, 0
L 1266.5813, 691.5394, -165.2200,  1260.1122, 697.9443, -164.9707,  0, 0, 0
L 2773.3440, -838.7184, -61.7239,  2774.9136, -818.6096, -61.3230,  0, 0, 0
L 2774.9136, -818.6096, -61.3230,  2768.9500, -811.6150, -62.3207,  0, 0, 0
L 2768.9500, -811.6150, -62.3207,  2756.3794, -810.7770, -62.2220,  127, 64, 0
L 2756.3794, -810.7770, -62.2220,  2734.4661, -808.3541, -63.2845,  127, 64, 0
L 2734.4661, -808.3541, -63.2845,  2724.8467, -808.3586, -63.9515,  127, 64, 0
L 2724.8467, -808.3586, -63.9515,  2711.9102, -812.7757, -65.8075,  127, 64, 0
L 2711.9102, -812.7757, -65.8075,  2691.1890, -815.2255, -72.3833,  127, 64, 0
L 2691.1890, -815.2255, -72.3833,  2666.6182, -815.7090, -70.1538,  127, 64, 0
L 2666.6182, -815.7090, -70.1538,  2657.3389, -815.8920, -68.2407,  127, 64, 0
L 2657.3389, -815.8920, -68.2407,  2640.7146, -809.5959, -60.9504,  127, 64, 0
L 2640.7146, -809.5959, -60.9504,  2636.2046, -811.2621, -58.6152,  127, 64, 0
L 2636.2046, -811.2621, -58.6152,  2620.6028, -803.1778, -51.8504,  127, 64, 0
L 2620.6028, -803.1778, -51.8504,  2618.9805, -787.2480, -50.5274,  127, 64, 0
L 2618.9805, -787.2480, -50.5274,  2633.7908, -782.9034, -57.5262,  127, 64, 0
L 2633.7908, -782.9034, -57.5262,  2667.3284, -780.3003, -72.8889,  127, 64, 0
L 2667.3284, -780.3003, -72.8889,  2676.6563, -779.5347, -75.4341,  127, 64, 0
L 2676.6563, -779.5347, -75.4341,  2701.8323, -778.8971, -69.7248,  127, 64, 0
L 2701.8323, -778.8971, -69.7248,  2711.2444, -775.6948, -65.3486,  127, 64, 0
L 2711.2444, -775.6948, -65.3486,  2761.7195, -778.7668, -59.9012,  127, 64, 0
L 2761.7195, -778.7668, -59.9012,  2769.7051, -777.4243, -62.6572,  127, 64, 0
L 2769.7051, -777.4243, -62.6572,  2775.6663, -770.1794, -63.4416,  0, 0, 0
L 2775.6663, -770.1794, -63.4416,  2781.5330, -765.1453, -63.6884,  0, 0, 0
L -1385.9130, 2171.1084, -316.4304,  -1358.7394, 2198.1658, -316.4306,  0, 0, 0
L -1358.7394, 2198.1658, -316.4306,  -1320.3113, 2198.1836, -316.4306,  0, 0, 0
L -1320.3113, 2198.1836, -316.4306,  -1320.3035, 2209.1553, -316.4306,  0, 0, 0
L -1326.6874, 2208.9646, -316.4306,  -1326.6746, 2204.4009, -316.4306,  0, 0, 0
L -1326.6874, 2208.9646, -316.4306,  -1320.3035, 2209.1553, -316.4306,  0, 0, 0
L -1326.6747, 2204.4053, -316.4306,  -1363.6957, 2204.3511, -316.4306,  0, 0, 0
L -1363.6957, 2204.3511, -316.4306,  -1388.1321, 2179.8621, -316.4306,  0, 0, 0
L -1388.1321, 2179.8621, -316.4306,  -1397.6117, 2179.7332, -316.4306,  0, 0, 0
L -1397.6117, 2179.7332, -316.4306,  -1397.5562, 2171.9761, -316.4304,  0, 0, 0
L -1385.9130, 2171.1084, -316.4306,  -1397.5562, 2171.9761, -316.4306,  0, 0, 0
L -1388.6493, 2257.2515, -316.4306,  -1386.7675, 2265.2266, -316.4306,  0, 0, 0
L -2294.2112, 1924.5033, -327.6087,  -2289.1238, 1924.4019, -327.7060,  0, 0, 0
L -2294.2112, 1924.5033, -327.6379,  -2294.1548, 1928.9843, -327.6526,  0, 0, 0
L -2294.1548, 1928.9843, -328.1689,  -2289.3406, 1929.1969, -328.2556,  0, 0, 0
L -2251.2593, 1881.9170, -327.5197,  -2250.9976, 1876.4994, -327.7121,  0, 0, 0
L -2251.2593, 1881.9170, -327.7517,  -2246.3433, 1880.9148, -327.7554,  0, 0, 0
L -2246.1768, 1876.3733, -328.2728,  -2246.3433, 1880.9148, -328.3324,  0, 0, 0
L -2246.1768, 1876.3733, -328.8470,  -2250.9976, 1876.4994, -327.9879,  0, 0, 0
L -2289.3406, 1929.1969, -328.2033,  -2289.1238, 1924.4019, -328.1960,  0, 0, 0
L -2246.5142, 1924.5060, -327.8534,  -2251.3938, 1924.6270, -327.7323,  0, 0, 0
L -2251.5242, 1929.2345, -327.7735,  -2251.3938, 1924.6270, -327.6272,  0, 0, 0
L -2246.6614, 1929.8521, -327.7065,  -2251.5242, 1929.2345, -327.5874,  0, 0, 0
L -2246.6614, 1929.8521, -328.2692,  -2246.5142, 1924.5060, -328.2490,  0, 0, 0
L -2289.2439, 1881.2278, -327.9477,  -2289.2876, 1876.6066, -327.8258,  0, 0, 0
L -2289.2876, 1876.6066, -327.6861,  -2294.1526, 1876.5507, -327.7499,  0, 0, 0
L -2294.1526, 1876.5507, -327.7950,  -2294.9939, 1881.1720, -327.9578,  0, 0, 0
L -2289.2439, 1881.2278, -328.1979,  -2294.9939, 1881.1720, -328.3419,  0, 0, 0
L -2227.1194, 1933.2891, -327.4200,  -2219.3389, 1920.7721, -326.4236,  127, 64, 0
L -2219.3389, 1920.7721, -326.4236,  -2215.2007, 1918.6753, -325.6660,  127, 64, 0
L -2215.2007, 1918.6753, -325.6660,  -2205.8323, 1917.7632, -325.4753,  127, 64, 0
L -2205.8323, 1917.7632, -325.4753,  -2184.2593, 1915.1637, -326.3734,  127, 64, 0
L -2184.2593, 1915.1637, -326.3734,  -2177.8008, 1915.3776, -325.5634,  127, 64, 0
L -2177.8008, 1915.3776, -325.5634,  -2167.5481, 1916.4026, -327.6476,  127, 64, 0
L -2167.5481, 1916.4026, -327.6476,  -2155.7549, 1920.2151, -329.1612,  127, 64, 0
L -2155.7549, 1920.2151, -329.1612,  -2143.7554, 1921.4677, -326.1578,  127, 64, 0
L -2143.7554, 1921.4677, -326.1578,  -2136.3843, 1925.1674, -327.3704,  127, 64, 0
L -2136.3843, 1925.1674, -327.3704,  -2131.7769, 1923.3429, -327.7169,  127, 64, 0
L -2131.7769, 1923.3429, -327.7169,  -2119.7146, 1922.8052, -330.5443,  127, 64, 0
L -2119.7146, 1922.8052, -330.5443,  -2110.3069, 1921.9679, -332.1711,  127, 64, 0
L -2110.3069, 1921.9679, -332.1711,  -2103.3218, 1922.5889, -331.5203,  127, 64, 0
L -2103.3218, 1922.5889, -331.5203,  -2091.9976, 1918.8976, -326.2783,  127, 64, 0
L -2091.9976, 1918.8976, -326.2783,  -2086.1282, 1916.7372, -323.8722,  127, 64, 0
L -2086.1282, 1916.7372, -323.8722,  -2082.3831, 1917.7455, -321.9791,  127, 64, 0
L -2082.3831, 1917.7455, -321.9791,  -2075.8079, 1914.6089, -319.8830,  127, 64, 0
L -2075.8079, 1914.6089, -319.8830,  -2066.4087, 1909.2179, -315.1104,  127, 64, 0
L -2066.4087, 1909.2179, -315.1104,  -2062.8267, 1904.6410, -307.9250,  127, 64, 0
L -2062.8267, 1904.6410, -307.9250,  -2062.9109, 1899.1171, -307.9070,  127, 64, 0
L -2062.9109, 1899.1171, -307.9070,  -2064.8130, 1894.4961, -313.3686,  127, 64, 0
L -2064.8130, 1894.4961, -313.3686,  -2073.5950, 1890.6652, -317.7228,  127, 64, 0
L -2073.5950, 1890.6652, -317.7228,  -2083.7139, 1889.8339, -322.4843,  127, 64, 0
L -2083.7139, 1889.8339, -322.4843,  -2091.2068, 1887.6486, -325.8725,  127, 64, 0
L -2091.2068, 1887.6486, -325.8725,  -2118.2703, 1887.7990, -338.6467,  127, 64, 0
L -2118.2703, 1887.7990, -338.6467,  -2140.9739, 1885.9351, -334.8245,  127, 64, 0
L -2140.9739, 1885.9351, -334.8245,  -2152.8992, 1884.7129, -330.9225,  127, 64, 0
L -2152.8992, 1884.7129, -330.9225,  -2159.6746, 1881.4302, -326.8025,  127, 64, 0
L -2159.6746, 1881.4302, -326.8025,  -2171.4524, 1885.7339, -327.2170,  127, 64, 0
L -2171.4524, 1885.7339, -327.2170,  -2191.5066, 1886.5253, -325.5000,  127, 64, 0
L -2191.5066, 1886.5253, -325.5000,  -2197.8860, 1885.1078, -321.6830,  127, 64, 0
L -2197.8860, 1885.1078, -321.6830,  -2210.2007, 1884.1989, -322.8564,  127, 64, 0
L -2210.2007, 1884.1989, -322.8564,  -2219.6370, 1878.8230, -323.3150,  127, 64, 0
L -2219.6370, 1878.8230, -323.3150,  -2229.8025, 1879.2233, -326.2046,  127, 64, 0
L -2218.7400, 1876.5127, -285.9427,  -2217.5635, 1885.7776, -285.9417,  127, 127, 127
L -2217.5635, 1885.7776, -285.9417,  -2218.3506, 1890.6940, -285.9427,  127, 127, 127
L -2218.3506, 1890.6940, -285.9427,  -2217.4097, 1897.6106, -285.9427,  127, 127, 127
L -2217.4097, 1897.6106, -285.9427,  -2219.5271, 1911.7781, -285.9427,  127, 127, 127
L -2219.5271, 1911.7781, -285.9427,  -2218.8755, 1919.5945, -285.9413,  127, 127, 127
L -2218.8755, 1919.5945, -285.9413,  -2217.8440, 1930.4142, -285.9427,  127, 127, 127
L -2217.8440, 1930.4142, -285.9427,  -2229.7920, 1929.6244, -285.9427,  127, 127, 127
L -2229.7920, 1929.6244, -285.9427,  -2252.2876, 1930.3727, -285.9427,  127, 127, 127
L -2252.2876, 1930.3727, -285.9427,  -2264.5906, 1931.5790, -285.9427,  127, 127, 127
L -2264.5906, 1931.5790, -285.9427,  -2289.1956, 1931.5490, -285.9427,  127, 127, 127
L -2289.1956, 1931.5490, -285.9427,  -2299.4939, 1929.3661, -285.9427,  127, 127, 127
L -2299.4939, 1929.3661, -285.9427,  -2301.6753, 1929.6327, -285.9427,  127, 127, 127
L -2301.6753, 1929.6327, -285.9427,  -2327.3704, 1903.8456, -285.9427,  127, 127, 127
L -2327.3704, 1903.8456, -285.9427,  -2327.2874, 1900.4269, -285.9427,  127, 127, 127
L -2327.2874, 1900.4269, -285.9427,  -2301.5425, 1874.1908, -285.9429,  127, 127, 127
L -2301.5425, 1874.1908, -285.9429,  -2299.4712, 1874.9917, -285.9429,  127, 127, 127
L -2299.4712, 1874.9917, -285.9429,  -2289.1011, 1875.6758, -285.9429,  127, 127, 127
L -2289.1011, 1875.6758, -285.9429,  -2277.5142, 1874.5033, -285.9429,  127, 127, 127
L -2277.5142, 1874.5033, -285.9429,  -2265.3809, 1876.1990, -285.9429,  127, 127, 127
L -2265.3809, 1876.1990, -285.9429,  -2253.5391, 1875.1740, -285.9429,  127, 127, 127
L -2253.5391, 1875.1740, -285.9429,  -2230.4695, 1874.7284, -285.9429,  127, 127, 127
L -2230.4695, 1874.7284, -285.9429,  -2218.9253, 1876.4130, -285.9427,  127, 127, 127
L -1980.5093, 582.9211, 302.3960,  -1915.4164, 582.8599, 304.6012,  0, 0, 0
L -1915.4164, 582.8599, 302.3806,  -1915.4098, 551.3950, 302.3503,  0, 0, 0
L -1915.4098, 551.3950, 302.3609,  -1980.3013, 551.2200, 302.2807,  0, 0, 0
L -1980.3013, 551.2200, 302.2807,  -1980.5093, 582.9211, 302.2982,  0, 0, 0
L 3297.6482, -3789.3584, 204.1426,  3326.2417, -3789.3267, 203.5927,  255, 0, 255
L -3881.1431, 2553.1431, -366.6431,  -3889.8650, 2557.3201, -367.6791,  127, 64, 0
L -3889.8650, 2557.3201, -367.6791,  -3894.7793, 2557.3035, -368.4320,  127, 64, 0
L -3894.7793, 2557.3035, -368.4320,  -3904.9607, 2554.7654, -369.1150,  127, 64, 0
L -3904.9607, 2554.7654, -369.1150,  -3911.8760, 2558.4131, -369.6123,  127, 64, 0
L -3911.8760, 2558.4131, -369.6123,  -3915.3296, 2558.1648, -369.9071,  127, 64, 0
L -3915.3296, 2558.1648, -369.9071,  -3918.6072, 2556.5181, -370.1924,  127, 64, 0
L -3918.6072, 2556.5181, -370.1924,  -3927.4141, 2557.4290, -370.2975,  127, 64, 0
L -3927.4141, 2557.4290, -370.2975,  -3933.7720, 2555.1919, -370.2705,  127, 64, 0
L -3933.7720, 2555.1919, -370.2705,  -3940.2217, 2548.9424, -370.3056,  127, 64, 0
L -3940.2217, 2548.9424, -370.3056,  -3941.2825, 2542.6558, -370.3056,  127, 64, 0
L -3941.2825, 2542.6558, -370.3056,  -3940.8716, 2541.2703, -370.3056,  127, 64, 0
L -3940.8716, 2541.2703, -370.3056,  -3942.7000, 2537.3877, -370.3056,  127, 64, 0
L -3942.7000, 2537.3877, -370.3056,  -3948.6951, 2523.8301, -370.3056,  127, 64, 0
L -3948.6951, 2523.8301, -370.3056,  -3948.8777, 2517.3096, -370.3056,  127, 64, 0
L -3948.8777, 2517.3096, -370.3056,  -3945.4185, 2508.3494, -370.3056,  127, 64, 0
L -3945.4185, 2508.3494, -370.3056,  -3938.7483, 2503.1963, -370.3056,  127, 64, 0
L -3938.7483, 2503.1963, -370.3056,  -3935.8667, 2502.4170, -370.3056,  127, 64, 0
L -3935.8667, 2502.4170, -370.3056,  -3932.3440, 2498.4170, -370.3056,  127, 64, 0
L -3932.3440, 2498.4170, -370.3056,  -3928.3362, 2496.5408, -370.3056,  127, 64, 0
L -3928.3362, 2496.5408, -370.3056,  -3920.9158, 2496.9490, -370.2857,  127, 64, 0
L -3920.9158, 2496.9490, -370.2857,  -3910.8501, 2490.7981, -370.2669,  127, 64, 0
L -3877.7632, 2584.9478, -365.3267,  -3885.9163, 2585.1038, -367.2517,  127, 64, 0
L -3885.9163, 2585.1038, -367.2517,  -3890.6619, 2585.6602, -367.7452,  127, 64, 0
L -3890.6619, 2585.6602, -367.7452,  -3895.4136, 2584.5181, -368.1850,  127, 64, 0
L -3895.4136, 2584.5181, -368.1850,  -3900.1194, 2585.2068, -368.5930,  127, 64, 0
L -3900.1194, 2585.2068, -368.5930,  -3905.5789, 2589.6653, -369.6670,  127, 64, 0
L -3905.5789, 2589.6653, -369.6670,  -3915.2769, 2591.2664, -369.8892,  127, 64, 0
L -3915.2769, 2591.2664, -369.8892,  -3931.8599, 2587.7288, -370.3057,  127, 64, 0
L -3931.8599, 2587.7288, -370.3057,  -3957.4185, 2577.5940, -370.3048,  127, 64, 0
L -3957.4185, 2577.5940, -370.3048,  -3963.7156, 2568.4097, -370.3048,  127, 64, 0
L -3963.7156, 2568.4097, -370.3048,  -3969.9141, 2546.1597, -370.2404,  127, 64, 0
L -3969.9141, 2546.1597, -370.2404,  -3979.2979, 2526.8521, -370.2946,  127, 64, 0
L -3979.2979, 2526.8521, -370.2946,  -3977.6951, 2508.5000, -370.3057,  127, 64, 0
L -3977.6951, 2508.5000, -370.3057,  -3964.7271, 2483.7471, -368.9024,  127, 64, 0
L -3964.7271, 2483.7471, -368.9024,  -3951.6858, 2474.4185, -370.3057,  127, 64, 0
L -3951.6858, 2474.4185, -370.3057,  -3938.6797, 2468.3533, -370.3057,  127, 64, 0
L -3938.6797, 2468.3533, -370.3057,  -3930.4756, 2469.6355, -370.2714,  127, 64, 0
L -3930.4756, 2469.6355, -370.2714,  -3924.9375, 2462.6104, -370.2862,  127, 64, 0
L -3924.9375, 2462.6104, -370.2862,  -3916.1160, 2458.4922, -370.2934,  127, 64, 0
L -3916.1160, 2458.4922, -370.2934,  -3910.6641, 2454.8477, -370.2803,  127, 64, 0
L -3910.6641, 2454.8477, -370.2907,  -3910.8501, 2490.7981, -370.2567,  255, 0, 255
L 2695.6792, 1150.5540, -213.2917,  2695.6775, 1084.6443, -213.3204,  64, 64, 64
L 2695.6775, 1084.6443, -213.2061,  2878.8616, 1084.6393, -217.8480,  64, 64, 64
L 2878.8545, 1087.6382, -216.9784,  2878.8616, 1084.6393, -217.4000,  64, 64, 64
L 2878.8545, 1087.6382, -217.2986,  2699.3289, 1087.6404, -213.2062,  64, 64, 64
L 2699.3289, 1087.6404, -213.2062,  2699.3345, 1150.9561, -213.2061,  64, 64, 64
L 2699.3345, 1150.9561, -214.9100,  2695.6792, 1150.5540, -214.3883,  64, 64, 64
L 2696.9258, 1230.1226, -207.3453,  2700.3384, 1230.1128, -207.1777,  64, 64, 64
L 2696.9258, 1230.1226, -207.6490,  2696.9231, 1376.7079, -207.3995,  64, 64, 64
L 2696.9231, 1376.7079, -207.4454,  2761.7288, 1376.7062, -207.5535,  64, 64, 64
L 2761.7344, 1372.5685, -208.1850,  2761.7288, 1376.7062, -208.1408,  64, 64, 64
L 2761.7344, 1372.5685, -207.7762,  2700.3394, 1372.5978, -206.9750,  64, 64, 64
L 2700.3394, 1372.5978, -206.9750,  2700.3384, 1230.1128, -206.7718,  64, 64, 64
L 2765.7588, 1383.6648, -208.3342,  2841.9976, 1383.5956, -209.7336,  64, 64, 64
L 2841.9673, 1387.5436, -208.4450,  2765.7610, 1387.6686, -208.5743,  64, 64, 64
L 2765.7588, 1383.6648, -208.3482,  2765.7610, 1387.6686, -208.3431,  64, 64, 64
L 2841.9673, 1387.5436, -212.7187,  2841.9976, 1383.5956, -212.7110,  64, 64, 64
L 2861.6814, 1408.4933, -213.2061,  2861.8506, 1455.1028, -213.2025,  0, 0, 0
L 2861.8506, 1455.1028, -213.2062,  2866.9119, 1457.7455, -213.2062,  0, 0, 0
L 2866.9119, 1457.7455, -213.2062,  2874.5081, 1457.3687, -213.2062,  0, 0, 0
L 2874.5081, 1457.3687, -213.2062,  2890.8604, 1458.6614, -213.2062,  0, 0, 0
L 2890.8604, 1458.6614, -213.2062,  2905.5745, 1457.7150, -213.2062,  0, 0, 0
L 2905.5745, 1457.7150, -213.2062,  2910.3599, 1452.9607, -213.2062,  0, 0, 0
L 2910.3599, 1452.9607, -213.2062,  2909.8042, 1410.3876, -213.2062,  0, 0, 0
L 2909.8042, 1410.3876, -213.2062,  2905.2771, 1405.7000, -213.2062,  0, 0, 0
L 2905.2771, 1405.7000, -213.2062,  2898.2222, 1406.5730, -213.2062,  0, 0, 0
L 2898.2222, 1406.5730, -213.2062,  2875.6001, 1406.2571, -213.1940,  0, 0, 0
L 2875.6001, 1406.2571, -213.1940,  2866.6370, 1406.4009, -213.1924,  0, 0, 0
L 2866.6370, 1406.4009, -213.1924,  2861.6814, 1408.4933, -213.2062,  0, 0, 0
L 2981.6797, 1408.7404, -213.2061,  2981.7283, 1455.3080, -213.2030,  0, 0, 0
L 2981.7283, 1455.3080, -213.2061,  2985.7310, 1457.2616, -213.1388,  0, 0, 0
L 2985.7310, 1457.2616, -213.1388,  2992.9673, 1457.4292, -213.2061,  0, 0, 0
L 2992.9673, 1457.4292, -213.2061,  3004.9126, 1458.6177, -213.2061,  0, 0, 0
L 3004.9126, 1458.6177, -213.2061,  3016.9705, 1457.5795, -213.2061,  0, 0, 0
L 3016.9705, 1457.5795, -213.2061,  3020.3345, 1453.6321, -213.2061,  0, 0, 0
L 3020.3345, 1453.6321, -213.2061,  3020.9358, 1410.4883, -213.2062,  0, 0, 0
L 3020.9358, 1410.4883, -213.2062,  3017.6353, 1406.1017, -213.2062,  0, 0, 0
L 3017.6353, 1406.1017, -213.2062,  2997.2510, 1405.5160, -213.2062,  0, 0, 0
L 2997.2410, 1405.5199, -213.2057,  2991.9031, 1406.1919, -213.2062,  0, 0, 0
L 2991.9031, 1406.1919, -213.2062,  2985.1802, 1406.1033, -213.2062,  0, 0, 0
L 2985.1802, 1406.1033, -213.2062,  2981.6797, 1408.7404, -213.2062,  0, 0, 0
L 3161.1375, 1444.8545, -213.2061,  3170.9778, 1448.2177, -213.2061,  0, 0, 0
L 3170.9778, 1448.2177, -213.2061,  3177.1187, 1445.6128, -213.2058,  0, 0, 0
L 3177.1187, 1445.6128, -213.2058,  3289.5977, 1445.2260, -212.7418,  0, 0, 0
L 3289.5977, 1445.2260, -212.7418,  3297.5220, 1447.8429, -212.5200,  0, 0, 0
L 3297.5220, 1447.8429, -212.5200,  3307.4102, 1442.6984, -212.6870,  0, 0, 0
L 3307.4102, 1442.6984, -212.6870,  3310.5916, 1432.9728, -213.1418,  0, 0, 0
L 3310.5916, 1432.9728, -213.1418,  3307.7461, 1427.1238, -213.1518,  0, 0, 0
L 3307.7461, 1427.1238, -213.1518,  3307.2361, 1312.9771, -213.1863,  0, 0, 0
L 3307.2361, 1312.9771, -213.1758,  3309.7405, 1306.9335, -213.1848,  0, 0, 0
L 3309.7405, 1306.9335, -213.1848,  3307.5037, 1299.8573, -213.1794,  0, 0, 0
L 3307.5037, 1299.8573, -213.1794,  3306.9578, 1191.8616, -213.1896,  0, 0, 0
L 3306.9578, 1191.8616, -213.1896,  3310.2388, 1182.6238, -213.2062,  0, 0, 0
L 3310.2388, 1182.6238, -213.2062,  3307.3313, 1176.1482, -213.2052,  0, 0, 0
L 3307.3313, 1176.1482, -213.2052,  3307.6680, 1099.1189, -213.1933,  0, 0, 0
L 3280.1375, 1098.5579, -213.1933,  3312.7361, 1099.2222, -213.2062,  0, 0, 0
L 3312.7361, 1099.2222, -213.2062,  3316.3350, 1094.7743, -213.2062,  0, 0, 0
L 3316.3350, 1094.7743, -213.2062,  3316.3191, 1052.3550, -213.1762,  0, 0, 0
L 3316.3191, 1052.3550, -213.1762,  3312.8633, 1047.3998, -213.2062,  0, 0, 0
L 3312.8633, 1047.3998, -213.2062,  3306.1050, 1047.5281, -213.2062,  0, 0, 0
L 3306.1050, 1047.5281, -213.2062,  3300.1404, 1046.2748, -212.9421,  0, 0, 0
L 3300.1404, 1046.2748, -212.9421,  3287.2959, 1047.8141, -213.2062,  0, 0, 0
L 3287.2959, 1047.8141, -213.2062,  3276.9810, 1051.4419, -213.2062,  0, 0, 0
L 3276.9810, 1051.4419, -213.2062,  3277.2498, 1096.6991, -213.2062,  0, 0, 0
L 3277.2498, 1096.6991, -213.2062,  3280.1375, 1098.5579, -213.2062,  0, 0, 0
L 3284.9927, 1099.1338, -212.7127,  3285.1133, 1175.9375, -213.2052,  0, 0, 0
L 3285.1133, 1175.9375, -213.2052,  3282.5413, 1184.8350, -213.2062,  0, 0, 0
L 3282.5413, 1184.8350, -213.2062,  3284.8196, 1188.9872, -213.2052,  0, 0, 0
L 3284.8196, 1188.9872, -213.2052,  3284.8140, 1299.5929, -213.1864,  0, 0, 0
L 3284.8140, 1299.5929, -213.1864,  3282.1868, 1306.9982, -213.1903,  0, 0, 0
L 3282.1868, 1306.9982, -213.1903,  3285.7183, 1315.1194, -213.1907,  0, 0, 0
L 3285.7183, 1315.1194, -213.1907,  3285.6680, 1423.3671, -213.1639,  0, 0, 0
L 3285.6680, 1423.3671, -213.1639,  3177.2371, 1423.9561, -213.2055,  0, 0, 0
L 3177.2371, 1423.9561, -213.2055,  3168.7234, 1420.4668, -213.2061,  0, 0, 0
L 3168.7234, 1420.4668, -213.2061,  3158.9292, 1425.3014, -213.2061,  0, 0, 0
L 3158.9292, 1425.3014, -213.2061,  3155.8013, 1435.6449, -213.2061,  0, 0, 0
L 3155.8013, 1435.6449, -213.2061,  3161.1375, 1444.8545, -213.2061,  0, 0, 0
L 3200.7334, 1047.6366, -212.7538,  3161.3501, 1048.2990, -213.8900,  0, 0, 0
L 3161.3501, 1048.2990, -213.8900,  3157.6797, 1051.8379, -213.2044,  0, 0, 0
L 3157.6797, 1051.8379, -213.2044,  3157.5452, 1096.9318, -213.2062,  0, 0, 0
L 3157.5452, 1096.9318, -213.2062,  3162.7322, 1099.4258, -213.2062,  0, 0, 0
L 3162.7322, 1099.4258, -213.2062,  3200.8372, 1099.2719, -213.2062,  0, 0, 0
L 3200.7334, 1047.6366, -212.8473,  3205.3538, 1051.5624, -213.2062,  0, 0, 0
L 3205.3538, 1051.5624, -213.2062,  3205.1919, 1095.6000, -213.2062,  0, 0, 0
L 3205.1919, 1095.6000, -213.2062,  3200.8372, 1099.2719, -213.2062,  0, 0, 0
L 3127.6414, 1077.8367, -213.2062,  3089.1741, 1077.9131, -213.2062,  0, 0, 0
L 3089.1741, 1077.9131, -213.2062,  3084.4771, 1073.6696, -213.2062,  0, 0, 0
L 3084.4771, 1073.6696, -213.2062,  3084.4834, 1030.3949, -213.2062,  0, 0, 0
L 3084.4834, 1030.3949, -213.2062,  3088.6497, 1026.2616, -213.2062,  0, 0, 0
L 3088.6497, 1026.2616, -213.2062,  3127.5076, 1026.2140, -213.2062,  0, 0, 0
L 3127.5076, 1026.2140, -213.2062,  3132.3938, 1029.1969, -213.1889,  0, 0, 0
L 3132.3938, 1029.1969, -213.1889,  3132.5540, 1075.2588, -213.2062,  0, 0, 0
L 3132.5540, 1075.2588, -213.2062,  3127.3125, 1078.7000, -213.2062,  0, 0, 0
L 3012.3865, 1075.9441, -213.2062,  3012.5364, 1029.1415, -213.2062,  0, 0, 0
L 3012.5364, 1029.1415, -213.2062,  3006.6155, 1026.1592, -213.2273,  0, 0, 0
L 3006.6155, 1026.1592, -213.2273,  2976.5391, 1026.3903, -213.8757,  0, 0, 0
L 2976.5391, 1026.3903, -213.8757,  2973.1177, 1031.2085, -213.9370,  0, 0, 0
L 2973.1177, 1031.2085, -213.9370,  2972.2654, 1072.8241, -213.9535,  0, 0, 0
L 2972.8787, 1042.8805, -213.9535,  2870.1753, 1042.8860, -218.5437,  0, 0, 0
L 2870.1753, 1042.8860, -218.5437,  2861.1282, 1039.6155, -218.9715,  0, 0, 0
L 2861.1282, 1039.6155, -218.9715,  2851.6426, 1045.1298, -219.1674,  0, 0, 0
L 2851.6426, 1045.1298, -219.1674,  2848.4390, 1054.9705, -219.5010,  0, 0, 0
L 2848.4390, 1054.9705, -219.5010,  2853.6077, 1064.9523, -218.5781,  0, 0, 0
L 2853.6077, 1064.9523, -218.5781,  2863.6553, 1068.3289, -218.8590,  0, 0, 0
L 2863.6553, 1068.3289, -218.8590,  2869.4739, 1065.8224, -217.9277,  0, 0, 0
L 2869.4739, 1065.8224, -214.8557,  2972.9700, 1064.9762, -213.8311,  0, 0, 0
L 2972.2654, 1072.8241, -213.7417,  2976.6558, 1078.7228, -213.6603,  0, 0, 0
L 2976.6558, 1078.7228, -213.6603,  2981.7195, 1077.8368, -213.6069,  0, 0, 0
L 2981.7195, 1077.8368, -213.6069,  2990.7100, 1079.4513, -213.4873,  0, 0, 0
L 2990.7100, 1079.4513, -213.4873,  3001.2913, 1077.7007, -213.3497,  0, 0, 0
L 3001.2913, 1077.7007, -213.3497,  3007.9141, 1079.1442, -213.2082,  0, 0, 0
L 3007.9141, 1079.1442, -213.2082,  3012.3865, 1075.9441, -213.2062,  0, 0, 0
L 3050.6670, 1184.9845, -213.2062,  3133.9668, 1192.9517, -213.2062,  64, 64, 64
L 3133.9668, 1192.9517, -213.2062,  3152.9258, 1203.8522, -213.2062,  64, 64, 64
L 3152.9258, 1203.8522, -213.2062,  3160.8799, 1219.3350, -212.2160,  64, 64, 64
L 3160.8799, 1219.3350, -212.2160,  3162.5010, 1245.7217, -212.8613,  64, 64, 64
L 3162.5010, 1245.7217, -212.8613,  3167.5186, 1254.7609, -213.2062,  64, 64, 64
L 3167.5186, 1254.7609, -213.2062,  3195.3528, 1291.5153, -213.2062,  64, 64, 64
L 3195.3528, 1291.5153, -213.2062,  3198.1460, 1301.6602, -213.2062,  64, 64, 64
L 3198.1460, 1301.6602, -213.2062,  3194.6819, 1310.5425, -213.2062,  64, 64, 64
L 3194.6819, 1310.5425, -213.2062,  3189.7200, 1319.2887, -213.2062,  64, 64, 64
L 3189.7200, 1319.2887, -213.2062,  3173.6543, 1336.9646, -213.2062,  64, 64, 64
L 3173.6543, 1336.9646, -213.2062,  3160.8096, 1355.6696, -213.2062,  64, 64, 64
L 3160.8096, 1355.6696, -213.2062,  3133.7781, 1369.8838, -213.2062,  64, 64, 64
L 3133.7781, 1369.8838, -213.2062,  3060.4910, 1393.6620, -213.2062,  64, 64, 64
L 3060.4910, 1393.6620, -213.2062,  3037.1890, 1403.7273, -213.2062,  64, 64, 64
L 3037.1890, 1403.7273, -213.2062,  3013.1399, 1391.6698, -213.2062,  64, 64, 64
L 3013.1399, 1391.6698, -213.2062,  2987.7483, 1374.6509, -212.7127,  64, 64, 64
L 2987.7483, 1374.6509, -212.7127,  2966.6924, 1371.7350, -213.1326,  64, 64, 64
L 2966.6924, 1371.7350, -213.1326,  2941.3733, 1366.7588, -213.2062,  64, 64, 64
L 2941.3733, 1366.7588, -213.2062,  2931.1045, 1352.5884, -213.2062,  64, 64, 64
L 2931.1045, 1352.5884, -213.2062,  2927.8423, 1320.5436, -213.2062,  64, 64, 64
L 2927.8423, 1320.5436, -213.2062,  2930.6851, 1312.7726, -213.2062,  64, 64, 64
L 2930.9966, 1312.7726, -213.2062,  2896.8245, 1312.7737, -213.2062,  0, 0, 0
L 2896.7505, 1287.9430, -213.2062,  2930.8899, 1286.8324, -182.9319,  0, 0, 0
L 2930.8899, 1286.8324, -182.9319,  2930.8982, 1265.4258, -182.9268,  0, 0, 0
L 2930.9661, 1265.4280, -182.9268,  2897.1160, 1264.3539, -213.2062,  0, 0, 0
L 2924.5823, 1230.3344, -213.2076,  2926.2205, 1199.8821, -213.3483,  64, 64, 64
L 2897.9561, 1239.5387, -213.2062,  2930.8521, 1239.5486, -213.4918,  0, 0, 0
L 2930.4668, 1239.5486, -213.4918,  2924.5823, 1230.3344, -213.2074,  64, 64, 64
L 2926.2205, 1199.8821, -212.8017,  2941.3699, 1179.6111, -213.1430,  64, 64, 64
L 2945.1829, 1180.2444, -213.2556,  2912.8643, 1179.5503, -213.5298,  64, 64, 64
L 2912.8643, 1179.5503, -213.5298,  2889.7393, 1177.6675, -211.5185,  64, 64, 64
L 2889.7393, 1177.6675, -211.5185,  2884.6436, 1158.3947, -214.6544,  64, 64, 64
L 2884.6436, 1158.3947, -214.6544,  2915.1121, 1150.2775, -214.8500,  64, 64, 64
L 2915.1121, 1150.2775, -214.8500,  2939.3440, 1153.4662, -213.3793,  64, 64, 64
L 2939.3440, 1153.4662, -213.3793,  2955.8389, 1114.5380, -213.5335,  64, 64, 64
L 2955.8389, 1114.5380, -213.5335,  2991.8665, 1108.1233, -213.2214,  64, 64, 64
L 2991.8665, 1108.1233, -213.2214,  3019.3975, 1114.8899, -213.1441,  64, 64, 64
L 3019.3975, 1114.8899, -213.1441,  3024.3174, 1149.3976, -213.1968,  64, 64, 64
L 3024.3174, 1149.3976, -213.1968,  3017.2239, 1185.6991, -211.9918,  64, 64, 64
L 3017.1746, 1185.9540, -211.9918,  3050.6670, 1184.9845, -213.2062,  64, 64, 64
L 3128.1543, 1333.4429, -178.2250,  3145.9744, 1332.6747, -175.9726,  0, 0, 0
L 3128.1543, 1333.4429, -177.7989,  3132.1204, 1305.4308, -177.5785,  0, 0, 0
L 3132.1204, 1305.4308, -177.5785,  3131.2476, 1254.2372, -174.2269,  0, 0, 0
L 3144.7710, 1218.4684, -179.2570,  3128.8777, 1218.6259, -178.8975,  0, 0, 0
L 3128.8777, 1218.6259, -177.6451,  3131.2476, 1254.2372, -172.9319,  0, 0, 0
L 3144.7710, 1218.4684, -179.1151,  3145.8628, 1249.7603, -179.3603,  0, 0, 0
L 3145.8628, 1249.7603, -179.3603,  3146.3816, 1270.6552, -175.7178,  0, 0, 0
L 3146.3816, 1270.6552, -175.7178,  3149.4146, 1300.2300, -171.3154,  0, 0, 0
L 3149.4146, 1300.2300, -171.3154,  3145.9744, 1332.6747, -173.5656,  0, 0, 0
L 3079.7178, 1317.2079, -177.5790,  3098.1465, 1299.9059, -177.5790,  0, 0, 0
L 3098.1465, 1299.9059, -177.5790,  3104.2881, 1275.3345, -177.5790,  0, 0, 0
L 3104.2881, 1275.3345, -177.5790,  3098.4197, 1251.5403, -177.5790,  0, 0, 0
L 3098.4197, 1251.5403, -177.5790,  3080.6570, 1233.1852, -177.5828,  0, 0, 0
L 3080.6570, 1233.1852, -177.5789,  3055.5977, 1227.4871, -177.5703,  0, 0, 0
L 3055.5977, 1227.4871, -177.5790,  3031.4810, 1233.1371, -177.5790,  0, 0, 0
L 3031.4810, 1233.1371, -177.5790,  3014.1746, 1251.5645, -177.5812,  0, 0, 0
L 3014.1746, 1251.5645, -177.6043,  3012.4751, 1257.2681, -177.6065,  0, 0, 0
L 3025.9253, 1257.2699, -177.6065,  2998.1685, 1257.2654, -177.6702,  0, 0, 0
L 2998.1685, 1257.2654, -177.6825,  2998.1736, 1265.9030, -177.5289,  0, 0, 0
L 2998.1736, 1265.9030, -176.9413,  3025.9268, 1265.9021, -174.4830,  0, 0, 0
L 3025.9268, 1265.9021, -174.4519,  3025.9253, 1257.2699, -174.4519,  0, 0, 0
L 3025.8755, 1257.5066, -174.4519,  3038.9048, 1244.5662, -174.3369,  0, 0, 0
L 3038.9048, 1244.5662, -174.3369,  3045.5564, 1256.8042, -174.4519,  0, 0, 0
L 3045.5564, 1256.8042, -174.4403,  3057.1663, 1253.9196, -174.4314,  0, 0, 0
L 3057.1663, 1253.9196, -174.4314,  3067.7002, 1256.6796, -174.4407,  0, 0, 0
L 3067.7002, 1256.6796, -174.4407,  3075.7654, 1264.7560, -174.4405,  0, 0, 0
L 3075.7654, 1264.7560, -174.4405,  3078.5481, 1275.3915, -174.4355,  0, 0, 0
L 3078.5481, 1275.3915, -174.4355,  3075.7361, 1286.3914, -174.4465,  0, 0, 0
L 3075.7361, 1286.3914, -174.4465,  3067.4866, 1294.1803, -174.4301,  0, 0, 0
L 3067.4866, 1294.1803, -174.4301,  3056.7869, 1297.1702, -174.4415,  240, 240, 240
L 3056.7869, 1297.1702, -174.4415,  3047.2117, 1294.4823, -174.4519,  240, 240, 240
L 3025.9246, 1285.2903, -174.4518,  3025.9231, 1293.9871, -174.4519,  0, 0, 0
L 3025.4861, 1293.9197, -173.9797,  3038.2632, 1306.5198, -174.4233,  0, 0, 0
L 3038.2632, 1306.5198, -174.4233,  3056.5562, 1312.1133, -167.8579,  240, 240, 240
L 3056.5562, 1312.1133, -167.8579,  3074.6731, 1308.6293, -160.9196,  240, 240, 240
L 3025.9246, 1285.2903, -174.3916,  2998.1736, 1285.2946, -177.6310,  0, 0, 0
L 2998.1736, 1285.2946, -177.4584,  2998.1731, 1293.9231, -177.5355,  0, 0, 0
L 2998.1731, 1293.9231, -177.5882,  3025.9231, 1293.9871, -177.5558,  0, 0, 0
L 3011.9292, 1293.9550, -177.5558,  3014.1299, 1300.9148, -177.5889,  0, 0, 0
L 3014.1299, 1300.9148, -177.5819,  3031.2764, 1317.2382, -177.5743,  0, 0, 0
L 3031.2764, 1317.2382, -177.5768,  3055.6792, 1324.9198, -177.6057,  0, 0, 0
L 3055.6792, 1324.9198, -177.6290,  3079.7178, 1317.2079, -177.6026,  0, 0, 0
L 3074.2576, 1308.3605, -160.7864,  3088.5503, 1294.6458, -151.9741,  240, 240, 240
L 3088.5503, 1294.6458, -151.9741,  3094.2903, 1275.9070, -145.1443,  240, 240, 240
L 3094.2903, 1275.9070, -145.1443,  3087.8770, 1256.7206, -138.2584,  240, 240, 240
L 3087.8770, 1256.7206, -138.2584,  3075.7002, 1243.2549, -129.8723,  240, 240, 240
L 3075.7002, 1243.2549, -129.8723,  3066.1814, 1240.1714, -125.5439,  240, 240, 240
L 2930.9661, 1265.4280, -178.2572,  2930.6565, 1256.6702, -178.8689,  127, 127, 127
L 2930.6565, 1256.6702, -178.8689,  2931.3372, 1245.6674, -178.7999,  127, 127, 127
L 2931.3372, 1245.6674, -178.7999,  2930.8521, 1239.5486, -178.2704,  127, 127, 127
L 2928.3887, 1239.5480, -181.4993,  2928.2017, 1265.3401, -181.1441,  127, 127, 127
L 2921.9751, 1239.5459, -187.7732,  2922.5398, 1265.1449, -187.4350,  127, 127, 127
L 2925.2444, 1265.2465, -184.1392,  2925.2754, 1239.5470, -184.1710,  127, 127, 127
L 2918.5071, 1239.5452, -191.1673,  2918.4441, 1265.3069, -191.5770,  127, 127, 127
L 2914.8953, 1239.5441, -194.5922,  2914.9646, 1264.9203, -194.4390,  127, 127, 127
L 2911.3643, 1239.5425, -198.9040,  2911.4539, 1264.8090, -197.7273,  127, 127, 127
L 2908.3550, 1264.7107, -201.4125,  2908.4778, 1239.5420, -201.6128,  127, 127, 127
L 2904.7842, 1264.5973, -204.6048,  2904.6836, 1239.5409, -204.9405,  127, 127, 127
L 2901.8887, 1264.4800, -208.1157,  2901.7288, 1239.5398, -208.4406,  127, 127, 127
L 2897.9561, 1239.5387, -213.2062,  2897.1160, 1264.3539, -213.2062,  127, 127, 127
L 3007.1724, 1257.2671, -172.3072,  3007.1736, 1265.9026, -172.3072,  0, 0, 0
L 3001.1746, 1257.2660, -175.1605,  3001.1670, 1265.9030, -175.1605,  127, 127, 127
L 3007.1692, 1285.2931, -172.3071,  3007.1758, 1293.9435, -172.3072,  0, 0, 0
L 3001.1753, 1293.9302, -175.1598,  3001.1731, 1285.2941, -175.1598,  127, 127, 127
L 2930.7610, 1286.8368, -178.3629,  2931.3274, 1293.7887, -178.7793,  127, 127, 127
L 2931.3274, 1293.7887, -178.7793,  2930.4607, 1299.4893, -178.9521,  127, 127, 127
L 2930.4607, 1299.4893, -178.9521,  2930.9966, 1312.7726, -178.3857,  127, 127, 127
L 2928.2432, 1312.7726, -181.3723,  2928.2566, 1286.9181, -181.6462,  127, 127, 127
L 2925.2979, 1287.1438, -184.4038,  2925.2793, 1312.7726, -184.3068,  127, 127, 127
L 2922.3511, 1312.7726, -187.7923,  2922.4141, 1287.1204, -187.8591,  127, 127, 127
L 2918.4231, 1287.2382, -191.2838,  2918.4915, 1312.7731, -190.8748,  127, 127, 127
L 2915.1497, 1287.3445, -194.1925,  2915.2068, 1312.7732, -194.3573,  127, 127, 127
L 2911.8799, 1312.7732, -197.9344,  2911.6924, 1287.4572, -197.6656,  127, 127, 127
L 2908.4380, 1287.5630, -201.5928,  2908.3960, 1312.7732, -201.4964,  127, 127, 127
L 2904.7161, 1312.7736, -204.6771,  2904.7444, 1287.6830, -204.8470,  127, 127, 127
L 2901.3831, 1312.7737, -208.3450,  2901.1243, 1287.8007, -208.4219,  127, 127, 127
L 2896.7505, 1287.9430, -213.2061,  2897.7371, 1300.4319, -213.2053,  127, 127, 127
L 2897.7371, 1300.4319, -213.2053,  2896.8245, 1312.7737, -213.2062,  127, 127, 127
L 2944.6426, 1176.9330, -204.4899,  2944.9529, 1176.9231, -203.4199,  64, 64, 64
L 2945.1829, 1180.2444, -203.4199,  2946.2649, 1195.8521, -187.4525,  64, 64, 64
L 2946.2649, 1195.8521, -187.4525,  2952.2100, 1196.8821, -187.4540,  64, 64, 64
L 2952.2100, 1196.8821, -187.4540,  2983.6082, 1199.2664, -191.2478,  64, 64, 64
L 2983.6082, 1199.2664, -191.2478,  3017.2239, 1185.6991, -187.6554,  64, 64, 64
L 5684.5396, 563.9043, -68.3134,  5772.3936, 563.9574, -68.3144,  0, 0, 0
L 5661.9180, 538.4991, -80.2055,  5661.8770, 524.5475, -80.2062,  0, 0, 0
L 5661.1172, 517.6780, -80.2062,  5661.1050, 502.9816, -80.2056,  0, 0, 0
L 5661.1050, 502.9816, -80.2062,  5662.4727, 499.7296, -80.2062,  0, 0, 0
L 5662.4727, 499.7296, -80.2062,  5684.9351, 477.6983, -79.3692,  0, 0, 0
L 5684.9351, 477.6983, -68.3145,  5782.3423, 477.7123, -68.3138,  0, 0, 0
L 5661.8770, 524.5475, -79.6457,  5667.8301, 524.1404, -79.6406,  0, 0, 0
L 5661.1172, 517.6780, -79.6447,  5667.8179, 517.4560, -79.6474,  0, 0, 0
L 5667.8179, 517.4560, -79.6623,  5667.8257, 505.3210, -79.7608,  0, 0, 0
L 5667.8257, 505.3210, -79.7608,  5668.6768, 503.1573, -79.8149,  0, 0, 0
L 5668.6768, 503.1573, -79.8149,  5691.5938, 482.8346, -79.4662,  0, 0, 0
L 5781.8560, 483.5697, -59.8787,  5691.5938, 482.8346, -79.1538,  0, 0, 0
L 5707.9351, 502.6736, -68.3144,  5685.2388, 502.6754, -68.5287,  0, 0, 0
L 5685.2388, 502.6754, -68.3795,  5685.2354, 538.9664, -68.5296,  0, 0, 0
L 5701.1875, 538.9700, -68.3144,  5685.2354, 538.9664, -68.3138,  0, 0, 0
L 5701.1875, 538.9700, -66.3671,  5706.6851, 558.6570, -59.8789,  127, 64, 0
L 5706.6851, 558.6570, -59.8789,  5691.3711, 558.6855, -79.6623,  0, 0, 0
L 5691.3711, 558.6855, -79.6623,  5668.7100, 538.4240, -79.6647,  0, 0, 0
L 5668.7100, 538.4240, -79.6647,  5667.7813, 536.4871, -79.7643,  0, 0, 0
L 5667.7813, 536.4871, -79.7643,  5667.8301, 524.1404, -79.6623,  0, 0, 0
L 5661.9180, 538.4991, -80.2062,  5662.3267, 541.6899, -80.2062,  0, 0, 0
L 5662.3267, 541.6899, -80.2062,  5684.5396, 563.9043, -80.2062,  0, 0, 0
L 5707.9351, 502.6736, -59.8800,  5706.6753, 483.1480, -59.8796,  127, 64, 0
L 1317.9268, 2615.6238, -367.9410,  1326.3722, 2624.4817, -367.9500,  0, 0, 0
L 1326.3722, 2624.4817, -367.9500,  1317.9296, 2632.4700, -367.9390,  0, 0, 0
L 1317.9296, 2632.4700, -367.3990,  1317.3091, 2632.3350, -366.9701,  0, 0, 0
L 1317.3091, 2632.3350, -366.9701,  1317.4009, 2631.2039, -367.9230,  0, 0, 0
L 1317.4009, 2631.2039, -367.1748,  1324.2732, 2623.9612, -367.7450,  0, 0, 0
L 1324.2732, 2623.9612, -367.7450,  1317.8600, 2616.8008, -367.1587,  0, 0, 0
L 1317.8600, 2616.8008, -367.2022,  1317.2732, 2615.9871, -367.9030,  0, 0, 0
L 1317.2732, 2615.9871, -367.9030,  1317.9268, 2615.6238, -367.4212,  0, 0, 0
L 1307.1095, 2643.2737, -367.3623,  1305.9965, 2642.2349, -367.1659,  0, 0, 0
L 1305.9965, 2642.2349, -367.1458,  1298.6172, 2649.5918, -367.7420,  0, 0, 0
L 1298.6172, 2649.5918, -367.7420,  1273.6078, 2624.9939, -367.7420,  0, 0, 0
L 1273.6078, 2624.9939, -367.7420,  1280.3257, 2616.8555, -367.1048,  0, 0, 0
L 1280.3257, 2616.8555, -367.1653,  1279.1863, 2615.7642, -367.3557,  0, 0, 0
L 1279.1863, 2615.7642, -366.1240,  1270.8777, 2624.4861, -367.9500,  0, 0, 0
L 1270.8777, 2624.4861, -367.9480,  1298.6272, 2651.7251, -367.9500,  0, 0, 0
L 1298.6272, 2651.7251, -367.9480,  1307.1095, 2643.2737, -367.9500,  0, 0, 0
L 1291.1720, 2606.3699, -367.1413,  1298.7714, 2598.5220, -367.7440,  0, 0, 0
L 1298.7714, 2598.5220, -367.7440,  1305.8240, 2605.7708, -367.1607,  0, 0, 0
L 1305.8240, 2605.7708, -367.1823,  1306.9618, 2604.6819, -367.3673,  0, 0, 0
L 1306.9618, 2604.6819, -367.9550,  1298.6238, 2596.3621, -367.9500,  0, 0, 0
L 1298.6238, 2596.3621, -367.9510,  1290.6630, 2604.8809, -367.9530,  0, 0, 0
L 1290.6630, 2604.8809, -367.7830,  1291.1720, 2606.3699, -367.1734,  0, 0, 0
L 627.1312, 2782.7776, -440.3799,  627.4116, 2788.1155, -440.4277,  0, 0, 0
L 627.4116, 2788.1155, -440.4277,  622.9044, 2800.7417, -441.1247,  0, 0, 0
L 622.9044, 2800.7417, -441.1247,  619.9960, 2796.5967, -440.2411,  0, 0, 0
L 619.9960, 2796.5967, -440.2411,  621.7056, 2776.1099, -440.4549,  127, 64, 0
L 621.7056, 2776.1099, -440.4549,  619.5095, 2768.8335, -438.1512,  127, 64, 0
L 619.5095, 2768.8335, -438.1512,  621.4684, 2751.5010, -440.5889,  127, 64, 0
L 621.4684, 2751.5010, -440.5889,  623.8149, 2749.3721, -440.7701,  127, 64, 0
L 623.8149, 2749.3721, -440.7701,  629.7820, 2742.9539, -441.4734,  127, 64, 0
L 629.7820, 2742.9539, -441.4734,  628.7993, 2739.1868, -441.9981,  127, 64, 0
L 628.7993, 2739.1868, -441.9981,  622.5317, 2724.1675, -446.6850,  127, 64, 0
L 622.5317, 2724.1675, -446.6850,  622.6866, 2716.4297, -448.1295,  127, 64, 0
L 622.6866, 2716.4297, -448.1295,  626.3520, 2708.2566, -449.5009,  127, 64, 0
L 626.3520, 2708.2566, -449.5009,  624.1576, 2703.8445, -450.2719,  127, 64, 0
L 624.1576, 2703.8445, -450.2719,  624.1579, 2697.4871, -451.2590,  127, 64, 0
L 624.1579, 2697.4871, -451.2590,  621.3841, 2687.7410, -452.6870,  127, 64, 0
L 621.3841, 2687.7410, -452.6870,  621.6204, 2680.9622, -453.6795,  127, 64, 0
L 621.6204, 2680.9622, -453.6795,  624.8021, 2670.5313, -454.4323,  127, 64, 0
L 624.8021, 2670.5313, -454.4323,  624.7057, 2663.9683, -443.5000,  127, 64, 0
L 624.7057, 2663.9683, -443.5000,  620.6362, 2657.2439, -432.7588,  127, 64, 0
L 620.6362, 2657.2439, -432.7588,  607.7950, 2654.7981, -431.9700,  127, 64, 0
L 607.7950, 2654.7981, -431.9700,  591.9040, 2644.1128, -435.7735,  127, 64, 0
L 591.9040, 2644.1128, -435.7735,  590.9969, 2663.7334, -442.7114,  127, 64, 0
L 590.9969, 2663.7334, -442.7114,  592.3553, 2670.4590, -452.1089,  127, 64, 0
L 592.3553, 2670.4590, -452.1089,  593.2184, 2678.6177, -454.1900,  127, 64, 0
L 593.2184, 2678.6177, -454.1900,  588.9948, 2700.3035, -450.8487,  127, 64, 0
L 588.9948, 2700.3035, -450.8487,  589.5153, 2721.7178, -447.4230,  127, 64, 0
L 589.5153, 2721.7178, -447.4230,  584.5490, 2732.3606, -443.6030,  127, 64, 0
L 584.5490, 2732.3606, -443.6030,  584.8520, 2744.5271, -441.5610,  127, 64, 0
L 584.8520, 2744.5271, -441.5610,  589.2083, 2749.1731, -440.6458,  127, 64, 0
L 589.2083, 2749.1731, -440.6458,  592.4695, 2759.3438, -437.9986,  127, 64, 0
L 592.4695, 2759.3438, -437.9986,  590.6426, 2774.3086, -439.8258,  127, 64, 0
L 590.6426, 2774.3086, -439.8258,  592.1938, 2803.5215, -440.8892,  127, 64, 0
L 592.1938, 2803.5215, -440.8892,  587.1171, 2798.3191, -439.9961,  0, 0, 0
L 587.1171, 2798.3191, -439.9961,  585.8351, 2785.3704, -440.3206,  0, 0, 0
L -100.6723, 3014.9004, -435.9497,  -100.6599, 3004.4253, -435.9497,  0, 0, 0
L -100.6599, 3004.4253, -435.9497,  -126.9402, 2977.9932, -435.9497,  0, 0, 0
L -126.9402, 2977.9932, -435.9497,  -137.9755, 2977.9231, -435.9497,  0, 0, 0
L -153.6105, 2977.9209, -435.9497,  -164.1998, 2977.9109, -435.9497,  0, 0, 0
L -164.1998, 2977.9109, -435.9497,  -190.5886, 3004.1963, -435.9497,  0, 0, 0
L -190.5886, 3004.1963, -435.9497,  -190.6026, 3015.2112, -435.9488,  0, 0, 0
L -190.6640, 3041.4927, -435.9497,  -164.3673, 3067.8477, -435.9497,  0, 0, 0
L -164.3673, 3067.8477, -435.9497,  -153.3737, 3067.8909, -435.9488,  0, 0, 0
L -137.9052, 3067.9021, -435.9497,  -127.8820, 3067.9126, -435.9497,  0, 0, 0
L -127.8820, 3067.9126, -435.9497,  -100.7283, 3041.6194, -435.9497,  0, 0, 0
L -100.7283, 3041.6194, -435.9497,  -100.6812, 3030.8711, -435.9488,  0, 0, 0
L -100.6812, 3030.8711, -435.9499,  -98.4090, 3030.9795, -436.5221,  0, 0, 0
L -98.3940, 3014.9246, -436.2174,  -100.6723, 3014.9004, -435.9499,  0, 0, 0
L -137.9404, 2975.6482, -436.1082,  -137.9755, 2977.9231, -435.9499,  0, 0, 0
L -153.5755, 2975.6460, -436.1793,  -153.6105, 2977.9209, -435.9499,  0, 0, 0
L -192.9137, 3015.2869, -436.7580,  -190.6026, 3015.2112, -435.9499,  0, 0, 0
L -190.6513, 3030.8462, -435.9499,  -190.6640, 3041.4927, -435.9499,  0, 0, 0
L -190.6513, 3030.8462, -435.9499,  -192.9267, 3030.8140, -436.4913,  0, 0, 0
L -153.4146, 3070.1653, -436.1247,  -153.3737, 3067.8909, -435.9499,  0, 0, 0
L -138.1716, 3070.1729, -436.2400,  -137.9052, 3067.9021, -435.9499,  0, 0, 0
L -2778.6714, -3535.3511, 110.9776,  -2771.6050, -3533.5938, 110.9776,  127, 64, 0
L -2771.6050, -3533.5938, 110.9776,  -2764.4429, -3534.1309, 110.9776,  127, 64, 0
L -2764.4429, -3534.1309, 110.9776,  -2755.8367, -3537.5867, 110.9776,  127, 64, 0
L -2755.8367, -3537.5867, 110.9776,  -2739.7483, -3542.9053, 111.2340,  127, 64, 0
L -2739.7483, -3542.9053, 111.2340,  -2734.2566, -3549.2046, 111.1520,  127, 64, 0
L -2734.2566, -3549.2046, 111.1520,  -2732.1331, -3554.8213, 110.9782,  127, 64, 0
L -2732.1331, -3554.8213, 110.9782,  -2731.5232, -3566.8008, 111.3335,  127, 64, 0
L -2731.5232, -3566.8008, 111.3335,  -2731.6768, -3572.3040, 111.7870,  127, 64, 0
L -2731.6768, -3572.3040, 111.7870,  -2735.8367, -3578.2693, 112.3425,  127, 64, 0
L -2735.8367, -3578.2693, 112.3425,  -2732.3074, -3590.8997, 113.4809,  127, 64, 0
L -2732.3074, -3590.8997, 113.4809,  -2733.2305, -3596.8943, 113.9830,  127, 64, 0
L -2733.2305, -3596.8943, 113.9830,  -2736.8484, -3601.9358, 114.6188,  127, 64, 0
L -2736.8484, -3601.9358, 114.6188,  -2733.6443, -3613.7256, 116.3452,  127, 64, 0
L -2733.6443, -3613.7256, 116.3452,  -2733.5723, -3618.2056, 117.1000,  127, 64, 0
L -2733.5723, -3618.2056, 117.1000,  -2736.1321, -3628.3572, 118.4899,  127, 64, 0
L -2736.1321, -3628.3572, 118.4899,  -2736.4546, -3636.4209, 119.7673,  127, 64, 0
L -2736.4546, -3636.4209, 119.7673,  -2734.2847, -3647.9717, 121.6568,  127, 64, 0
L -2734.2847, -3647.9717, 121.6568,  -2734.7593, -3657.3179, 123.6740,  127, 64, 0
L -2734.7593, -3657.3179, 123.6740,  -2740.6399, -3670.3594, 127.8144,  127, 64, 0
L -2740.6399, -3670.3594, 127.8144,  -2740.6797, -3674.3218, 128.3432,  127, 64, 0
L -2740.6797, -3674.3218, 128.3432,  -2734.4463, -3680.3477, 128.9345,  127, 64, 0
L -2734.4463, -3680.3477, 128.9345,  -2731.6321, -3689.5955, 131.5448,  127, 64, 0
L -2731.6321, -3689.5955, 131.5448,  -2733.8733, -3707.7947, 129.2293,  127, 64, 0
L -2733.8733, -3707.7947, 129.2293,  -2733.9756, -3730.5750, 128.6266,  127, 64, 0
L -2733.9756, -3730.5750, 128.6266,  -2737.3025, -3728.2427, 129.6026,  127, 64, 0
L -2700.3284, -3733.2161, 128.9641,  -2704.2527, -3734.5420, 128.8849,  127, 64, 0
L -2704.2527, -3734.5420, 128.8849,  -2702.9883, -3705.2393, 129.9132,  127, 64, 0
L -2702.9883, -3705.2393, 129.9132,  -2705.2637, -3700.2859, 131.6266,  127, 64, 0
L -2705.2637, -3700.2859, 131.6266,  -2704.7288, -3689.7510, 131.7228,  127, 64, 0
L -2704.7288, -3689.7510, 131.7228,  -2701.8091, -3680.9771, 129.1767,  127, 64, 0
L -2701.8091, -3680.9771, 129.1767,  -2696.3711, -3675.3201, 128.6751,  127, 64, 0
L -2696.3711, -3675.3201, 128.6751,  -2696.9390, -3662.7078, 126.2120,  127, 64, 0
L -2696.9390, -3662.7078, 126.2120,  -2702.1089, -3653.6167, 122.9021,  127, 64, 0
L -2702.1089, -3653.6167, 122.9021,  -2701.3052, -3630.9788, 118.8718,  127, 64, 0
L -2701.3052, -3630.9788, 118.8718,  -2705.4690, -3608.9236, 115.6675,  127, 64, 0
L -2705.4690, -3608.9236, 115.6675,  -2704.6243, -3590.9170, 113.4401,  127, 64, 0
L -2704.6243, -3590.9170, 113.4401,  -2705.8667, -3585.7046, 112.9731,  127, 64, 0
L -2705.8667, -3585.7046, 112.9731,  -2704.8523, -3582.4856, 112.6938,  127, 64, 0
L -2704.8523, -3582.4856, 112.6938,  -2700.3643, -3576.7886, 112.2023,  127, 64, 0
L -2700.3643, -3576.7886, 112.2023,  -2700.4502, -3573.2239, 111.9068,  127, 64, 0
L -2700.4502, -3573.2239, 111.9068,  -2699.1685, -3566.8162, 111.3932,  127, 64, 0
L -2699.1685, -3566.8162, 111.3932,  -2702.4690, -3559.3499, 111.1400,  127, 64, 0
L -2702.4690, -3559.3499, 111.1400,  -2700.7566, -3554.3174, 110.9855,  127, 64, 0
L -2700.7566, -3554.3174, 110.9855,  -2712.1885, -3528.4109, 110.9775,  127, 64, 0
L -2712.1885, -3528.4109, 110.9775,  -2720.3655, -3520.1785, 110.9775,  127, 64, 0
L -2720.3655, -3520.1785, 110.9775,  -2728.5530, -3515.4236, 110.9775,  127, 64, 0
L -2728.5530, -3515.4236, 110.9775,  -2745.5115, -3512.8997, 111.3870,  127, 64, 0
L -2745.5115, -3512.8997, 111.3870,  -2753.6492, -3509.6851, 111.7110,  127, 64, 0
L -2753.6492, -3509.6851, 111.7110,  -2763.8711, -3503.7698, 111.1000,  127, 64, 0
L -2763.8711, -3503.7698, 111.1000,  -2774.3125, -3503.4705, 110.9775,  127, 64, 0
L -3085.9976, -2445.6377, 64.4060,  -3086.2002, -2298.4148, 64.5181,  64, 64, 64
L -3086.2002, -2298.4148, 64.5181,  -3037.4966, -2298.4146, 63.5375,  64, 64, 64
L -3086.5828, -2229.2334, 64.8280,  -3038.1714, -2229.2273, 60.3731,  64, 64, 64
L -3086.5811, -2229.2332, 64.8280,  -3086.1448, -2179.3433, 62.9125,  64, 64, 64
L -3137.8643, -2179.4141, 64.2818,  -3086.1448, -2179.3433, 62.8611,  64, 64, 64
L -3137.8643, -2179.4136, 64.2818,  -3138.3772, -2104.5071, 64.7540,  64, 64, 64
L -3138.3772, -2104.5071, 64.1544,  -3369.2344, -2104.3206, 71.3200,  64, 64, 64
L -3369.3311, -2199.7605, 64.7180,  -3369.2344, -2104.3206, 70.5219,  64, 64, 64
L -153.5755, 2975.6460, -436.5099,  -165.1935, 2975.6299, -436.5101,  0, 0, 0
L -165.1935, 2975.6299, -436.5101,  -192.9016, 3003.2864, -436.5101,  0, 0, 0
L -192.9016, 3003.2864, -436.5099,  -192.9137, 3015.2869, -436.5099,  0, 0, 0
L -192.9267, 3030.8140, -436.5099,  -192.9419, 3042.4351, -436.5099,  0, 0, 0
L -192.9419, 3042.4351, -436.5099,  -165.2966, 3070.1438, -436.5099,  0, 0, 0
L -165.2966, 3070.1438, -436.5099,  -153.4146, 3070.1653, -436.5099,  0, 0, 0
L -138.1716, 3070.1729, -436.5097,  -126.1431, 3070.1934, -436.5099,  0, 0, 0
L -126.1431, 3070.1934, -436.5099,  -98.4231, 3042.5381, -436.5099,  0, 0, 0
L -98.4231, 3042.5381, -436.5099,  -98.4090, 3030.9795, -436.5101,  0, 0, 0
L -98.3940, 3014.9246, -436.5099,  -98.3820, 3003.3711, -436.5101,  0, 0, 0
L -98.3820, 3003.3711, -436.5102,  -126.3690, 2975.6775, -436.5101,  0, 0, 0
L -126.3690, 2975.6775, -436.5101,  -137.9404, 2975.6482, -436.5102,  0, 0, 0
L 575.7159, 872.7903, -156.7781,  661.6662, 872.5218, -156.6936,  0, 0, 0
L 661.5605, 848.2200, -156.6936,  661.7047, 881.3591, -162.1387,  0, 0, 0
L 661.7047, 881.3591, -162.1387,  664.6171, 886.7463, -162.4414,  0, 0, 0
L 664.6171, 886.7463, -162.4414,  686.1606, 886.6866, -162.6400,  0, 0, 0
L 686.1606, 886.6866, -162.6400,  691.4758, 883.3704, -161.1315,  0, 0, 0
L 691.4758, 883.3704, -161.1315,  690.6812, 869.9184, -156.2875,  0, 0, 0
L 690.8342, 872.5074, -156.2875,  777.2748, 872.8108, -156.4279,  0, 0, 0
L 777.4921, 884.4453, -159.6854,  780.3214, 890.2463, -161.2590,  0, 0, 0
L 780.6363, 890.4877, -161.1384,  811.4430, 890.1990, -161.7692,  0, 0, 0
L 811.4430, 890.1990, -161.7692,  814.2889, 887.5502, -160.9559,  0, 0, 0
L 815.1147, 872.8926, -156.3714,  888.8813, 872.8721, -158.6280,  0, 0, 0
L 887.2555, 850.8664, -158.6280,  889.8279, 885.6823, -161.6676,  0, 0, 0
L 889.8279, 885.6823, -161.6676,  893.1375, 890.8102, -161.3772,  0, 0, 0
L 893.1375, 890.8102, -161.3772,  931.3170, 889.6355, -160.9745,  0, 0, 0
L 931.3170, 889.6355, -160.9745,  936.9451, 886.3708, -161.8674,  0, 0, 0
L 936.9451, 886.3708, -161.8674,  934.2585, 868.1335, -156.7929,  0, 0, 0
L 934.9477, 872.8107, -156.7929,  1021.7888, 872.5388, -156.2090,  0, 0, 0
L 1020.7400, 850.9520, -156.2090,  1022.2410, 882.2187, -154.4256,  0, 0, 0
L 1022.2410, 882.2187, -154.4256,  1025.1210, 886.3232, -154.7971,  0, 0, 0
L 1025.1210, 886.3232, -154.7971,  1047.4369, 886.1224, -160.5689,  0, 0, 0
L 1047.4369, 886.1224, -160.5689,  1050.9579, 883.9839, -160.4981,  0, 0, 0
L 1050.9579, 883.9839, -160.4981,  1050.2865, 845.2119, -156.5100,  0, 0, 0
L 1050.7699, 872.4995, -156.5100,  1136.5436, 872.8627, -156.4353,  0, 0, 0
L 1136.1376, 845.5121, -156.4353,  1136.7228, 884.9221, -159.1642,  0, 0, 0
L 1136.7228, 884.9221, -159.1642,  1140.6425, 891.1479, -160.5242,  0, 0, 0
L 1140.6425, 891.1479, -160.5242,  1171.6586, 889.9493, -164.1431,  0, 0, 0
L 1171.6586, 889.9493, -164.1431,  1174.9882, 887.9510, -165.3951,  0, 0, 0
L 1174.9882, 887.9510, -165.3951,  1173.3318, 840.7800, -156.3871,  0, 0, 0
L 1174.4596, 872.8985, -156.3871,  1248.6414, 872.8174, -157.9045,  0, 0, 0
L 1249.5314, 863.3360, -157.9045,  1247.3521, 886.5535, -166.4062,  0, 0, 0
L 1247.3521, 886.5535, -166.4062,  1252.6969, 890.8339, -166.4062,  0, 0, 0
L 1252.6969, 890.8339, -166.4062,  1290.1720, 890.7950, -166.2912,  0, 0, 0
L 1290.1720, 890.7950, -166.2912,  1295.4799, 887.9347, -166.2295,  0, 0, 0
L 1295.4799, 887.9347, -166.2295,  1293.5464, 864.8931, -156.7927,  0, 0, 0
L 1294.2107, 872.8105, -156.7927,  1381.3257, 872.5507, -156.7384,  0, 0, 0
L 1380.4507, 847.9587, -156.7384,  1381.2957, 883.6702, -166.2197,  0, 0, 0
L 1381.2957, 883.6702, -166.2197,  1383.8949, 886.7607, -166.2666,  0, 0, 0
L 1383.8949, 886.7607, -166.2666,  1406.8943, 886.6747, -166.1596,  0, 0, 0
L 1406.8943, 886.6747, -166.1596,  1410.1554, 884.5294, -166.1543,  0, 0, 0
L 1410.3318, 872.5226, -156.5170,  1494.1270, 872.9886, -156.4474,  0, 0, 0
L 1495.2217, 857.1339, -156.4474,  1493.5569, 883.8430, -166.4062,  0, 0, 0
L 1493.5569, 883.8430, -166.4062,  1498.2000, 885.8763, -166.4060,  0, 0, 0
L 1498.2000, 885.8763, -166.4060,  1533.6399, 885.6241, -166.4062,  0, 0, 0
L 1533.6399, 885.6241, -166.4062,  1536.7826, 883.2770, -166.4062,  0, 0, 0
L 1536.7826, 883.2770, -166.4062,  1536.7898, 858.5367, -166.4062,  0, 0, 0
L 1536.7898, 858.5367, -166.4062,  1534.6974, 856.3943, -165.9267,  0, 0, 0
L 1534.6974, 856.3943, -165.9267,  1495.2620, 857.6460, -156.5320,  0, 0, 0
L 1522.8438, 856.5945, -156.5320,  1523.1393, 769.9297, -156.4292,  0, 0, 0
L 1493.2948, 769.6060, -156.4292,  1536.8102, 770.7820, -166.4062,  0, 0, 0
L 1536.8102, 770.7820, -166.4062,  1541.8101, 766.1968, -166.4062,  0, 0, 0
L 1541.8101, 766.1968, -166.4062,  1541.9180, 735.5981, -166.4062,  0, 0, 0
L 1541.9180, 735.5981, -166.4062,  1538.2831, 730.8781, -166.4046,  0, 0, 0
L 1538.2831, 730.8781, -166.4062,  1517.5800, 732.5481, -156.3736,  0, 0, 0
L 1523.2085, 732.9420, -156.3736,  1523.3251, 657.8337, -158.6180,  0, 0, 0
L 1514.2072, 656.9570, -158.6180,  1536.8750, 659.1364, -166.4062,  0, 0, 0
L 1536.8750, 659.1364, -166.4062,  1541.1558, 653.8647, -166.4062,  0, 0, 0
L 1541.1558, 653.8647, -166.4062,  1541.7410, 615.9302, -166.4062,  0, 0, 0
L 1541.7410, 615.9302, -166.4062,  1538.5409, 610.7500, -166.4062,  0, 0, 0
L 1538.5409, 610.7500, -166.4062,  1517.9911, 612.7804, -156.7930,  0, 0, 0
L 1523.1243, 612.2609, -156.7930,  1522.8351, 525.4691, -156.6975,  0, 0, 0
L 1497.8904, 525.9556, -156.6975,  1533.6974, 525.2571, -166.4062,  0, 0, 0
L 1533.6974, 525.2571, -166.4062,  1537.5706, 522.5562, -166.4062,  0, 0, 0
L 1537.5706, 522.5562, -166.4062,  1537.2688, 499.3390, -166.4062,  0, 0, 0
L 1537.2688, 499.3390, -166.4062,  1534.9745, 496.3901, -166.4062,  0, 0, 0
L 1534.9745, 496.3901, -166.4062,  1495.8971, 496.4085, -156.1305,  0, 0, 0
L 1522.8218, 496.3958, -156.1305,  1522.5414, 403.4954, -151.6665,  0, 0, 0
L 1497.5414, 403.6091, -151.6665,  1532.7891, 403.4488, -166.4062,  0, 0, 0
L 1532.7891, 403.4488, -166.4062,  1536.7499, 400.9965, -166.3840,  0, 0, 0
L 1536.7499, 400.9965, -166.3840,  1537.2068, 377.6485, -166.4062,  0, 0, 0
L 1537.2068, 377.6485, -166.4062,  1533.9994, 373.5271, -166.3154,  0, 0, 0
L 1495.4351, 374.1275, -166.4062,  1493.2605, 377.3287, -166.4062,  0, 0, 0
L 1493.2605, 377.3287, -166.4062,  1493.3289, 401.5695, -166.4062,  0, 0, 0
L 1493.3289, 401.5695, -166.4062,  1497.5414, 403.6091, -166.4061,  0, 0, 0
L 1508.1615, 403.2191, -151.5391,  1507.7974, 496.4089, -156.1066,  0, 0, 0
L 1495.8971, 496.4085, -165.2601,  1493.6521, 498.7289, -166.4062,  0, 0, 0
L 1493.6521, 498.7289, -166.4062,  1493.5165, 522.9355, -166.4062,  0, 0, 0
L 1493.5165, 522.9355, -166.4062,  1497.8904, 525.9556, -166.4062,  0, 0, 0
L 1507.6222, 525.4806, -156.7633,  1507.5403, 612.1254, -156.7600,  0, 0, 0
L 1517.9911, 612.7804, -156.7600,  1491.9308, 611.1468, -166.4062,  0, 0, 0
L 1491.9308, 611.1468, -166.4062,  1489.5542, 615.9139, -166.4062,  0, 0, 0
L 1489.5542, 615.9139, -166.4062,  1489.5219, 655.3270, -166.4062,  0, 0, 0
L 1489.5219, 655.3270, -166.4062,  1494.6969, 659.3248, -166.4062,  0, 0, 0
L 1494.6969, 659.3248, -166.4062,  1514.2072, 656.9570, -158.6290,  0, 0, 0
L 1507.4677, 657.7495, -158.6290,  1507.5824, 732.8110, -156.3419,  0, 0, 0
L 1517.5800, 732.5481, -156.3419,  1491.9716, 731.3520, -166.4062,  0, 0, 0
L 1491.9716, 731.3520, -166.4062,  1489.7283, 734.8792, -166.4062,  0, 0, 0
L 1489.7283, 734.8792, -166.4062,  1489.2809, 766.9420, -166.4062,  0, 0, 0
L 1489.2809, 766.9420, -166.4062,  1493.2948, 769.6060, -166.4062,  0, 0, 0
L 1507.4833, 769.9283, -156.4285,  1507.8661, 856.7270, -152.3821,  0, 0, 0
L 1495.2217, 857.1339, -156.4350,  1410.5099, 857.4787, -156.8620,  0, 0, 0
L 1410.7061, 846.4344, -163.7966,  1407.4473, 843.5632, -164.6955,  0, 0, 0
L 1407.3113, 843.4433, -164.6955,  1383.7697, 843.2850, -164.6888,  0, 0, 0
L 1383.7697, 843.2850, -164.6888,  1380.4507, 847.9587, -165.1055,  0, 0, 0
L 1410.7061, 846.4344, -165.3200,  1410.1554, 884.5294, -156.4068,  0, 0, 0
L 1381.3058, 857.4442, -156.7384,  1294.2123, 857.1797, -156.7972,  0, 0, 0
L 1293.5464, 864.8931, -156.7972,  1295.4917, 842.3596, -166.1792,  0, 0, 0
L 1295.4917, 842.3596, -166.1792,  1289.8556, 839.1653, -166.2417,  0, 0, 0
L 1289.8556, 839.1653, -166.2417,  1252.2206, 839.1776, -165.6985,  0, 0, 0
L 1252.2206, 839.1776, -165.6985,  1247.1449, 844.7370, -165.7555,  0, 0, 0
L 1247.1449, 844.7370, -165.7555,  1249.5314, 863.3360, -158.6290,  0, 0, 0
L 1248.7228, 857.1467, -158.6290,  1174.3794, 857.2155, -156.3711,  0, 0, 0
L 1173.3318, 840.7800, -165.9099,  1170.8975, 839.1471, -165.7726,  0, 0, 0
L 1170.8975, 839.1471, -165.7726,  1139.6747, 839.2365, -163.5020,  0, 0, 0
L 1139.6747, 839.2365, -163.5020,  1136.1376, 845.5121, -162.3987,  0, 0, 0
L 1136.5457, 857.1168, -156.4433,  1050.7704, 857.4632, -156.5080,  0, 0, 0
L 1050.2865, 845.2119, -163.3932,  1047.9312, 843.4479, -162.7187,  0, 0, 0
L 1047.9312, 843.4479, -162.7187,  1024.2123, 843.2245, -161.9282,  0, 0, 0
L 1024.2123, 843.2245, -161.9282,  1020.7400, 850.9520, -161.1496,  0, 0, 0
L 934.2585, 868.1335, -156.7957,  935.8903, 842.4197, -162.6795,  0, 0, 0
L 935.8903, 842.4197, -162.6795,  930.3582, 839.2899, -163.6653,  0, 0, 0
L 930.3582, 839.2899, -163.6653,  892.7996, 839.2089, -161.3180,  0, 0, 0
L 892.7996, 839.2089, -161.1720,  887.2555, 850.8664, -159.7918,  0, 0, 0
L 690.6812, 869.9184, -156.5010,  690.7206, 846.3378, -161.7000,  0, 0, 0
L 690.7206, 846.3378, -161.7000,  685.2847, 843.1172, -161.1672,  0, 0, 0
L 685.2847, 843.1172, -161.1672,  664.1357, 843.2458, -161.7092,  0, 0, 0
L 664.1357, 843.2458, -161.7092,  661.5605, 848.2200, -161.8223,  0, 0, 0
L 575.5389, 844.2038, -157.9935,  569.4972, 840.1946, -158.1858,  0, 0, 0
L 569.4972, 840.1946, -158.1858,  534.2911, 840.7876, -152.9116,  0, 0, 0
L 534.2911, 840.7876, -152.9116,  530.4221, 845.5751, -152.8923,  0, 0, 0
L 530.4221, 845.5751, -152.8923,  527.9546, 882.4702, -153.7991,  0, 0, 0
L 454.1524, 855.3373, -137.3126,  455.3350, 846.2708, -140.9575,  0, 0, 0
L 455.3350, 846.2708, -140.9575,  450.4073, 843.8008, -139.3975,  0, 0, 0
L 421.4676, 843.9373, -129.1022,  450.4073, 843.8008, -138.9650,  0, 0, 0
L 421.2527, 844.6714, -129.2492,  417.8904, 849.3828, -129.2903,  0, 0, 0
L 417.8904, 849.3828, -129.2903,  418.8018, 882.7527, -132.1213,  0, 0, 0
L 368.3229, 857.7296, -106.3391,  361.7207, 871.8721, -107.7420,  0, 0, 0
L 361.7207, 871.8721, -112.7382,  418.3419, 872.6136, -135.9747,  0, 0, 0
L 418.8018, 882.7527, -139.4389,  427.1370, 886.2273, -141.4362,  0, 0, 0
L 427.1370, 886.2273, -141.4362,  435.2755, 888.3387, -144.5747,  0, 0, 0
L 435.2755, 888.3387, -144.5747,  451.2873, 889.2360, -149.8217,  0, 0, 0
L 451.2873, 889.2360, -149.8217,  455.8870, 883.3961, -148.6204,  0, 0, 0
L 455.8870, 883.3961, -148.6204,  454.1524, 855.3373, -144.2812,  0, 0, 0
L 527.9546, 882.4702, -158.8127,  533.3129, 890.7739, -159.9990,  0, 0, 0
L 533.3129, 890.7739, -159.9990,  570.4468, 889.9778, -159.6904,  0, 0, 0
L 570.4468, 889.9778, -159.6904,  576.1050, 885.7535, -160.9340,  0, 0, 0
L 576.1050, 885.7535, -160.9340,  574.7418, 867.3491, -156.7781,  0, 0, 0
L 574.7418, 867.3491, -156.7930,  575.5389, 844.2038, -156.5324,  0, 0, 0
L 600.2861, 783.4868, -165.1689,  602.2950, 781.4669, -164.5157,  0, 0, 0
L 602.2950, 781.4669, -164.5157,  764.7975, 781.4238, -164.5747,  0, 0, 0
L 764.7975, 781.4238, -164.5747,  766.9460, 783.4944, -165.4950,  0, 0, 0
L 766.9460, 783.4944, -164.6288,  773.2652, 777.1150, -164.1854,  0, 0, 0
L 773.2652, 777.1150, -164.1854,  771.2729, 775.1340, -164.1854,  0, 0, 0
L 771.2729, 775.1340, -164.1854,  771.1739, 700.1373, -164.1854,  0, 0, 0
L 771.1739, 700.1373, -164.1854,  773.2350, 698.1039, -164.1854,  0, 0, 0
L 773.2350, 698.1039, -164.1854,  766.8476, 691.6875, -164.1854,  0, 0, 0
L 766.8476, 691.6875, -164.3990,  764.8500, 693.6988, -164.1854,  0, 0, 0
L 764.8500, 693.6988, -164.1854,  698.6407, 693.7374, -164.1818,  0, 0, 0
L 698.6407, 693.7374, -164.1854,  698.5696, 699.9741, -164.1854,  0, 0, 0
L 698.5696, 699.9741, -164.1854,  716.3998, 699.9713, -164.1854,  0, 0, 0
L 716.3998, 699.9713, -164.1854,  717.8577, 698.5051, -164.1845,  0, 0, 0
L 717.8577, 698.5051, -164.1845,  722.8658, 703.5651, -164.1854,  0, 0, 0
L 722.8658, 703.5651, -164.1854,  727.8961, 698.8492, -164.1853,  0, 0, 0
L 727.8961, 698.8492, -164.1853,  729.3655, 700.3964, -164.1854,  0, 0, 0
L 729.3655, 700.3964, -164.1854,  764.9076, 703.1860, -164.1854,  0, 0, 0
L 764.9076, 703.1860, -164.1854,  764.8125, 772.2300, -164.1854,  0, 0, 0
L 764.8125, 772.2300, -164.1854,  602.1909, 771.9844, -164.1854,  0, 0, 0
L 602.1909, 771.9844, -164.1854,  602.1503, 703.2458, -164.1854,  0, 0, 0
L 602.1503, 703.2458, -164.1854,  636.8671, 700.4374, -164.1854,  0, 0, 0
L 636.8671, 700.4374, -164.1854,  638.3126, 698.8845, -164.1853,  0, 0, 0
L 638.3126, 698.8845, -164.1853,  643.2784, 703.7540, -164.1854,  0, 0, 0
L 643.2784, 703.7540, -164.1854,  648.2540, 698.5334, -164.1845,  0, 0, 0
L 648.2540, 698.5334, -164.1845,  649.7151, 700.4000, -164.1854,  0, 0, 0
L 649.7151, 700.4000, -164.1854,  667.5692, 699.9858, -164.1854,  0, 0, 0
L 667.5692, 699.9858, -164.1854,  667.5009, 693.7527, -164.1854,  0, 0, 0
L 667.5009, 693.7527, -164.2207,  602.2679, 693.7563, -164.1854,  0, 0, 0
L 602.2679, 693.7563, -164.1854,  600.2495, 691.7323, -164.2510,  0, 0, 0
L 600.2495, 691.7323, -164.1854,  593.8536, 697.9930, -164.1854,  0, 0, 0
L 593.8536, 697.9930, -164.1854,  595.9189, 700.1930, -164.1854,  0, 0, 0
L 595.9189, 700.1930, -164.1854,  595.9200, 775.1309, -164.1854,  0, 0, 0
L 595.9358, 775.1144, -164.1854,  593.8488, 777.1937, -164.2066,  0, 0, 0
L 593.8488, 777.1937, -164.1854,  600.2861, 783.4868, -164.1854,  0, 0, 0
L 297.1023, 816.9348, -87.1843,  235.7840, 631.2371, -128.5020,  0, 0, 0
L 235.7840, 631.2371, -128.5020,  216.7675, 507.2925, -91.5320,  0, 0, 0
L 216.7675, 507.2925, -91.5320,  213.9360, 444.6872, -71.8032,  0, 0, 0
L 213.9360, 444.6872, -71.8032,  216.6936, 279.6700, -63.9403,  0, 0, 0
L 216.6936, 279.6700, -63.9403,  235.2854, 155.7259, -87.1828,  0, 0, 0
L 235.2854, 155.7259, -102.7871,  260.9322, 70.8657, -87.1817,  0, 0, 0
L 260.9322, 70.8657, -87.1817,  298.4309, -35.1257, -10.2207,  0, 0, 0
L 464.9157, -77.5893, -106.5258,  487.8523, -91.6589, -103.5285,  0, 0, 0
L 487.8523, -91.6589, -121.2694,  533.6381, -91.7163, -122.5416,  0, 0, 0
L 535.3183, -98.8427, -117.5400,  542.1208, -103.2261, -111.1179,  0, 0, 0
L 542.1208, -103.2261, -111.1179,  568.7703, -103.7686, -112.5498,  0, 0, 0
L 568.7703, -103.7686, -112.5498,  573.1906, -99.7995, -120.4528,  0, 0, 0
L 573.1906, -99.7995, -120.4528,  574.5057, -80.2274, -137.5090,  0, 0, 0
L 573.6656, -92.7279, -137.5090,  662.5560, -92.6114, -140.2133,  0, 0, 0
L 661.6468, -80.3106, -140.2133,  663.6740, -99.5317, -134.2767,  0, 0, 0
L 663.6740, -99.5317, -134.2767,  665.7209, -103.8812, -129.3419,  0, 0, 0
L 665.7209, -103.8812, -129.3419,  687.2426, -105.5542, -145.9022,  0, 0, 0
L 687.2426, -105.5542, -145.9022,  690.5768, -102.2955, -149.2190,  0, 0, 0
L 690.5768, -102.2955, -149.2190,  690.8333, -67.9451, -152.6670,  0, 0, 0
L 690.6479, -92.7797, -152.6670,  777.2703, -93.9650, -156.4287,  0, 0, 0
L 776.8455, -65.5615, -156.4287,  777.4492, -104.7040, -159.5694,  0, 0, 0
L 777.4492, -104.7040, -159.5694,  780.8342, -110.1730, -157.2675,  0, 0, 0
L 780.8342, -110.1730, -157.2675,  810.9424, -110.5890, -160.2008,  0, 0, 0
L 810.9424, -110.5890, -160.2008,  815.9406, -106.4282, -160.4418,  0, 0, 0
L 815.9406, -106.4282, -160.4418,  814.5760, -84.3264, -156.3677,  0, 0, 0
L 815.1146, -93.5060, -156.3677,  889.4601, -93.1315, -158.6270,  0, 0, 0
L 889.8691, -87.9656, -158.6270,  888.4615, -105.7357, -164.8129,  0, 0, 0
L 888.4615, -105.7357, -164.8129,  895.6517, -111.1600, -164.6839,  0, 0, 0
L 895.6517, -111.1600, -164.6839,  930.7458, -110.8680, -164.7878,  0, 0, 0
L 930.7458, -110.8680, -164.7878,  936.2435, -107.6397, -165.3959,  0, 0, 0
L 936.2435, -107.6397, -165.3959,  935.4484, -71.6783, -164.2418,  0, 0, 0
L 935.9216, -93.7690, -156.7931,  1021.7264, -92.7917, -156.6887,  0, 0, 0
L 1021.6977, -67.3400, -156.6887,  1021.7382, -103.4282, -166.4062,  0, 0, 0
L 1021.7382, -103.4282, -166.4062,  1025.1250, -107.1150, -166.3980,  0, 0, 0
L 1025.1250, -107.1150, -166.3980,  1048.8925, -106.2241, -162.8651,  0, 0, 0
L 1048.8925, -106.2241, -162.8651,  1051.9734, -103.2866, -165.7218,  0, 0, 0
L 1051.9734, -103.2866, -165.7218,  1050.4269, -89.2938, -156.1304,  0, 0, 0
L 1050.8135, -92.7901, -156.1304,  1136.5457, -93.1477, -156.4344,  0, 0, 0
L 1136.6005, -64.6398, -156.4344,  1136.5215, -105.6795, -162.7884,  0, 0, 0
L 1136.5215, -105.6795, -162.7884,  1140.1110, -111.3426, -162.4439,  0, 0, 0
L 1140.1110, -111.3426, -162.4439,  1168.9728, -110.5939, -163.4680,  0, 0, 0
L 1168.9728, -110.5939, -163.4680,  1175.6735, -106.6418, -162.6937,  0, 0, 0
L 1175.6735, -106.6418, -162.6937,  1173.8113, -87.4810, -156.3711,  0, 0, 0
L 1174.3816, -93.4900, -156.3711,  1248.7228, -93.1115, -158.6370,  0, 0, 0
L 1247.7548, -105.2381, -163.7940,  1251.8351, -110.7579, -163.1586,  0, 0, 0
L 1251.8351, -110.7579, -163.1586,  1288.4738, -111.1341, -163.7445,  0, 0, 0
L 1288.4738, -111.1341, -163.7445,  1295.7992, -106.7930, -162.5232,  0, 0, 0
L 1295.7992, -106.7930, -162.5232,  1293.4148, -86.2112, -156.7922,  0, 0, 0
L 1294.2107, -93.8020, -156.7922,  1381.3230, -92.8201, -156.7383,  0, 0, 0
L 1380.4965, -68.9668, -156.7383,  1381.2836, -104.8700, -166.4062,  0, 0, 0
L 1381.2836, -104.8700, -166.4062,  1383.9551, -107.6880, -166.4062,  0, 0, 0
L 1383.9551, -107.6880, -166.4062,  1407.6050, -106.7951, -166.4062,  0, 0, 0
L 1407.6050, -106.7951, -166.4062,  1411.1227, -103.8923, -166.4062,  0, 0, 0
L 1411.1227, -103.8923, -166.4062,  1409.4579, -86.9570, -156.5000,  0, 0, 0
L 1410.3250, -92.7991, -156.5000,  1493.4550, -93.2296, -156.3773,  0, 0, 0
L 1493.8384, -78.3627, -156.3773,  1493.1731, -104.1402, -166.4062,  0, 0, 0
L 1493.1731, -104.1402, -166.4062,  1495.7201, -108.2270, -166.4062,  0, 0, 0
L 1495.7201, -108.2270, -166.4062,  1534.7173, -108.2483, -166.4062,  0, 0, 0
L 1534.7173, -108.2483, -166.4062,  1536.9478, -104.8256, -166.4062,  0, 0, 0
L 1536.9478, -104.8256, -166.4062,  1536.8379, -81.2509, -166.4062,  0, 0, 0
L 1522.4800, -78.7241, -151.5395,  1522.8290, 14.3642, -156.5160,  0, 0, 0
L 1536.8379, -81.2509, -166.4062,  1533.1414, -78.4783, -166.4062,  0, 0, 0
L 1522.5165, -78.6865, -151.6442,  1533.1414, -78.4783, -166.4062,  0, 0, 0
L 1495.8666, 14.3200, -156.5100,  1535.8350, 14.5138, -166.4062,  0, 0, 0
L 1535.8350, 14.5138, -166.4062,  1537.2444, 17.5341, -166.4062,  0, 0, 0
L 1537.2444, 17.5341, -166.4062,  1537.6520, 39.9438, -166.4062,  0, 0, 0
L 1537.6520, 39.9438, -166.4062,  1533.8041, 43.6660, -166.4062,  0, 0, 0
L 1533.8041, 43.6660, -166.4062,  1512.7786, 43.7130, -156.6919,  0, 0, 0
L 1522.8357, 43.4037, -156.6919,  1523.1272, 130.1845, -156.7965,  0, 0, 0
L 1541.2206, 133.5520, -166.4016,  1541.2505, 172.9570, -166.4014,  0, 0, 0
L 1541.2505, 172.9570, -166.4014,  1536.6128, 177.1881, -166.4057,  0, 0, 0
L 1536.6128, 177.1881, -166.4057,  1514.8770, 174.9078, -158.6260,  0, 0, 0
L 1523.1814, 175.7789, -158.6260,  1523.1581, 249.9028, -156.3563,  0, 0, 0
L 1515.9369, 250.3995, -156.3563,  1537.6635, 248.9050, -166.4061,  0, 0, 0
L 1537.6635, 248.9050, -166.4061,  1541.2671, 253.1816, -166.4059,  0, 0, 0
L 1541.2671, 253.1816, -166.4059,  1541.1984, 284.2040, -166.4062,  0, 0, 0
L 1541.1984, 284.2040, -166.4062,  1536.6415, 288.4214, -166.4062,  0, 0, 0
L 1536.6415, 288.4214, -166.4062,  1519.1458, 287.7042, -156.4304,  0, 0, 0
L 1522.8969, 287.8580, -156.4304,  1522.8832, 306.5640, -157.9403,  0, 0, 0
L 1522.8832, 306.5640, -152.9918,  1507.2510, 306.4954, -151.6509,  0, 0, 0
L 1507.2510, 306.4954, -158.1116,  1507.2361, 287.8541, -156.4284,  0, 0, 0
L 1519.1458, 287.7042, -156.4284,  1494.4148, 288.2030, -166.4062,  0, 0, 0
L 1494.4148, 288.2030, -166.4062,  1489.8019, 284.9682, -166.4062,  0, 0, 0
L 1489.8019, 284.9682, -166.4062,  1489.5137, 253.6360, -166.4062,  0, 0, 0
L 1489.5137, 253.6360, -166.4062,  1492.9397, 249.3185, -166.4062,  0, 0, 0
L 1492.9397, 249.3185, -166.4062,  1515.9369, 250.3995, -156.3692,  0, 0, 0
L 1507.5320, 250.1840, -156.3692,  1507.4717, 175.6819, -158.6180,  0, 0, 0
L 1514.8770, 174.9078, -158.6180,  1494.1521, 177.7420, -166.4062,  0, 0, 0
L 1494.1521, 177.7420, -166.4062,  1489.2002, 172.5254, -166.4062,  0, 0, 0
L 1489.2002, 172.5254, -166.4062,  1489.4983, 134.2007, -166.4062,  0, 0, 0
L 1489.4983, 134.2007, -166.4062,  1492.3694, 128.8992, -166.4062,  0, 0, 0
L 1492.3694, 128.8992, -166.4062,  1541.2206, 133.5520, -156.7933,  0, 0, 0
L 1507.4972, 130.1862, -156.7933,  1507.7588, 43.3644, -156.7394,  0, 0, 0
L 1512.7786, 43.7130, -156.7394,  1496.1642, 42.5596, -166.4062,  0, 0, 0
L 1496.1642, 42.5596, -166.4062,  1492.9052, 40.6298, -166.4062,  0, 0, 0
L 1492.9052, 40.6298, -166.4062,  1493.4408, 17.4341, -166.4062,  0, 0, 0
L 1493.4408, 17.4341, -166.4062,  1495.8666, 14.3200, -166.4062,  0, 0, 0
L 1500.4491, 14.8840, -166.4062,  1507.7758, 14.3551, -156.6580,  0, 0, 0
L 1507.7758, 14.3551, -156.6580,  1507.7560, -78.4655, -148.6939,  0, 0, 0
L 1526.6591, -78.6054, -148.6939,  1410.3290, -77.7432, -156.5040,  0, 0, 0
L 1409.4579, -86.9570, -156.5040,  1410.7173, -66.7727, -165.8851,  0, 0, 0
L 1410.7173, -66.7727, -165.8851,  1407.1492, -63.3969, -165.7408,  0, 0, 0
L 1407.1492, -63.3969, -165.7408,  1383.4612, -63.4876, -165.7194,  0, 0, 0
L 1383.4612, -63.4876, -165.7194,  1380.4965, -68.9668, -165.4047,  0, 0, 0
L 1294.2162, -77.4449, -156.8009,  1380.9944, -77.7425, -156.6927,  0, 0, 0
L 1293.4148, -86.2112, -156.7947,  1295.4103, -64.2595, -162.1571,  0, 0, 0
L 1295.4103, -64.2595, -162.1571,  1291.2599, -60.1959, -163.1184,  0, 0, 0
L 1291.2599, -60.1959, -163.1184,  1251.3942, -59.9688, -163.2779,  0, 0, 0
L 1251.3942, -59.9688, -163.2779,  1249.7450, -62.8436, -164.7540,  0, 0, 0
L 1248.6216, -77.3992, -158.6210,  1174.4955, -77.4224, -156.3482,  0, 0, 0
L 1173.8113, -87.4810, -156.3482,  1175.4231, -64.3766, -163.9770,  0, 0, 0
L 1175.4231, -64.3766, -163.9770,  1169.5280, -59.6310, -163.6980,  0, 0, 0
L 1169.5280, -59.6310, -163.6980,  1139.9911, -59.3903, -163.3824,  0, 0, 0
L 1139.9911, -59.3903, -163.3824,  1136.6005, -64.6398, -162.7649,  0, 0, 0
L 1135.8257, -77.3457, -156.4551,  1050.7848, -77.7644, -156.7930,  0, 0, 0
L 1050.4269, -89.2938, -156.7930,  1051.1664, -65.4604, -166.1750,  0, 0, 0
L 1051.1664, -65.4604, -166.1750,  1047.9977, -63.5489, -166.4920,  0, 0, 0
L 1047.9977, -63.5489, -166.4920,  1024.6764, -63.4534, -166.3609,  0, 0, 0
L 1024.6764, -63.4534, -166.3609,  1021.6977, -67.3400, -166.3788,  0, 0, 0
L 1249.7450, -62.8436, -158.2064,  1247.7548, -105.2381, -158.6180,  0, 0, 0
L 935.1387, -77.4732, -156.7788,  1021.7476, -77.7416, -156.7084,  0, 0, 0
L 935.4484, -71.6783, -156.7781,  936.2469, -62.4677, -165.9601,  0, 0, 0
L 936.2469, -62.4677, -165.9601,  930.6924, -59.4018, -165.6516,  0, 0, 0
L 930.6924, -59.4018, -165.6516,  892.7654, -59.4423, -166.3200,  0, 0, 0
L 892.7654, -59.4423, -166.3200,  888.6335, -63.5801, -165.6639,  0, 0, 0
L 888.6335, -63.5801, -165.6639,  889.8691, -87.9656, -158.5780,  0, 0, 0
L 889.3362, -77.4471, -158.5780,  815.1150, -77.3721, -156.3701,  0, 0, 0
L 814.5760, -84.3264, -156.3701,  816.1476, -64.4380, -161.7541,  0, 0, 0
L 816.1476, -64.4380, -161.7541,  812.2700, -60.3402, -161.8283,  0, 0, 0
L 812.2700, -60.3402, -161.8283,  780.8110, -59.5174, -161.6913,  0, 0, 0
L 780.8110, -59.5174, -161.6913,  776.8455, -65.5615, -161.5431,  0, 0, 0
L 777.2794, -77.4493, -156.4284,  690.7020, -77.7379, -156.5080,  0, 0, 0
L 690.8333, -67.9451, -158.6726,  687.2394, -63.6623, -160.1020,  0, 0, 0
L 687.2394, -63.6623, -160.1020,  663.8707, -63.5994, -161.5585,  0, 0, 0
L 663.8707, -63.5994, -161.5585,  661.9564, -69.3602, -159.3152,  0, 0, 0
L 661.9564, -69.3602, -159.3152,  661.6468, -80.3106, -155.6535,  0, 0, 0
L 661.7193, -77.7466, -155.6535,  574.8868, -77.4492, -156.7976,  0, 0, 0
L 574.5057, -80.2274, -156.7976,  576.6965, -64.2609, -164.7980,  0, 0, 0
L 576.6965, -64.2609, -164.7980,  572.2092, -59.1589, -165.9230,  0, 0, 0
L 572.2092, -59.1589, -165.9230,  532.3260, -59.5750, -164.7164,  0, 0, 0
L 532.3260, -59.5750, -164.7164,  529.0000, -63.8975, -164.3295,  0, 0, 0
L 529.0000, -63.8975, -164.3295,  529.1906, -72.8555, -158.2570,  0, 0, 0
L 529.2884, -77.4470, -158.2570,  464.9157, -77.5893, -130.5890,  0, 0, 0
L 529.1906, -72.8555, -134.3161,  535.3183, -98.8427, -117.9466,  0, 0, 0
L 718.9514, 4.9940, -165.2855,  720.9036, 6.3643, -165.1402,  0, 0, 0
L 720.9036, 6.3643, -165.1402,  720.9366, 81.1281, -165.1397,  0, 0, 0
L 720.9366, 81.1281, -165.1397,  718.8535, 83.3778, -165.4416,  0, 0, 0
L 718.8535, 83.3778, -165.5781,  725.2291, 89.5596, -164.9113,  0, 0, 0
L 725.2291, 89.5596, -164.2333,  727.3713, 87.5775, -164.1854,  0, 0, 0
L 727.3713, 87.5775, -164.1854,  749.1920, 87.5747, -164.1854,  0, 0, 0
L 749.2663, 81.3354, -163.6220,  749.1920, 87.5747, -164.6030,  0, 0, 0
L 749.2663, 81.3354, -163.4038,  731.4355, 81.3341, -163.4038,  0, 0, 0
L 731.4355, 81.3341, -163.4039,  729.9772, 82.8055, -163.4029,  0, 0, 0
L 729.9772, 82.8055, -163.4029,  725.7039, 78.5314, -163.4038,  0, 0, 0
L 725.7039, 78.5314, -163.4038,  727.1692, 77.7010, -163.4038,  0, 0, 0
L 727.1692, 77.7010, -163.4038,  727.1443, 10.3926, -163.4038,  0, 0, 0
L 727.1443, 10.3926, -163.4038,  725.6749, 8.9285, -163.4029,  0, 0, 0
L 725.6749, 8.9285, -163.4029,  729.9492, 4.6546, -163.4038,  0, 0, 0
L 729.9492, 4.6546, -163.4038,  731.4101, 6.1208, -163.4038,  0, 0, 0
L 731.4101, 6.1208, -163.4038,  798.8870, 6.9590, -163.4039,  0, 0, 0
L 798.8870, 6.9590, -163.4038,  799.5522, 4.6261, -163.4038,  0, 0, 0
L 799.5522, 4.6261, -163.4038,  803.8260, 8.8999, -163.4038,  0, 0, 0
L 803.8260, 8.8999, -163.4038,  802.3614, 10.3564, -163.4038,  0, 0, 0
L 802.3614, 10.3564, -163.4029,  802.3878, 77.4260, -163.4038,  0, 0, 0
L 802.3878, 77.4260, -163.4038,  803.8549, 78.5030, -163.4038,  0, 0, 0
L 803.8549, 78.5030, -163.4038,  799.5809, 82.7775, -163.4029,  0, 0, 0
L 799.5809, 82.7775, -163.4029,  798.1191, 81.3101, -163.4039,  0, 0, 0
L 798.1191, 81.3101, -163.4038,  780.2625, 81.3204, -163.4038,  0, 0, 0
L 780.2625, 81.3204, -163.6919,  780.3393, 87.5575, -163.9936,  0, 0, 0
L 780.3393, 87.5575, -164.1854,  802.2961, 87.5708, -164.1854,  0, 0, 0
L 802.2961, 87.5708, -164.1854,  804.2825, 89.5704, -164.1930,  0, 0, 0
L 804.2825, 89.5704, -164.7533,  810.6937, 83.3152, -164.7392,  0, 0, 0
L 810.6937, 83.3152, -164.7159,  808.6268, 81.1217, -164.6858,  0, 0, 0
L 808.6268, 81.1217, -164.6858,  808.5933, 6.2981, -164.8799,  0, 0, 0
L 808.5933, 6.2981, -164.8799,  810.6422, 4.2170, -165.8600,  0, 0, 0
L 810.6422, 4.2170, -165.6690,  804.2729, -2.1937, -164.4636,  0, 0, 0
L 804.2729, -2.1937, -165.2514,  802.2758, -0.1858, -164.6116,  0, 0, 0
L 802.2758, -0.1858, -164.6116,  727.3129, -0.1138, -164.4789,  0, 0, 0
L 727.3129, -0.1138, -164.4789,  725.1599, -2.1730, -164.7952,  0, 0, 0
L 725.1599, -2.1730, -164.5175,  718.9514, 4.9940, -164.8282,  0, 0, 0
L 972.9864, 83.2861, -165.2759,  979.1616, 89.4980, -164.6649,  0, 0, 0
L 979.1616, 89.4980, -164.1904,  981.7004, 87.5781, -164.1854,  0, 0, 0
L 981.7004, 87.5781, -164.1854,  1003.3167, 87.5739, -164.1854,  0, 0, 0
L 1003.3167, 87.5739, -163.9626,  1003.3943, 81.3331, -163.5421,  0, 0, 0
L 1003.3943, 81.3331, -163.4039,  985.5684, 81.3359, -163.4039,  0, 0, 0
L 985.5684, 81.3359, -163.4038,  984.1041, 82.8053, -163.4029,  0, 0, 0
L 984.1041, 82.8053, -163.4029,  979.8309, 78.5314, -163.4038,  0, 0, 0
L 979.8309, 78.5314, -163.4038,  981.2988, 77.6700, -163.4038,  0, 0, 0
L 981.2988, 77.6700, -163.4038,  981.2698, 10.3926, -163.4038,  0, 0, 0
L 981.2698, 10.3926, -163.4038,  979.8025, 8.9282, -163.4038,  0, 0, 0
L 979.8025, 8.9282, -163.4038,  984.7599, 4.6546, -163.4038,  0, 0, 0
L 984.7599, 4.6546, -163.4038,  985.5340, 6.1211, -163.4038,  0, 0, 0
L 985.5340, 6.1211, -163.4039,  1052.2134, 6.9410, -163.4038,  0, 0, 0
L 1052.2134, 6.9410, -163.4038,  1053.6791, 4.6258, -163.4029,  0, 0, 0
L 1053.6791, 4.6258, -163.4029,  1057.9529, 8.8995, -163.4029,  0, 0, 0
L 1057.9529, 8.8995, -163.4029,  1056.4889, 10.3565, -163.4038,  0, 0, 0
L 1056.4889, 10.3565, -163.4038,  1056.5126, 77.4260, -163.4038,  0, 0, 0
L 1056.5126, 77.4260, -163.4038,  1057.9817, 78.5031, -163.4029,  0, 0, 0
L 1057.9817, 78.5031, -163.4029,  1053.7073, 82.7770, -163.4029,  0, 0, 0
L 1053.7073, 82.7770, -163.4029,  1052.2472, 81.3119, -163.4038,  0, 0, 0
L 1052.2472, 81.3119, -163.4038,  1034.3831, 81.3182, -163.4039,  0, 0, 0
L 1034.4739, 87.5614, -163.7931,  1034.3831, 81.3182, -163.6828,  0, 0, 0
L 1034.4739, 87.5614, -164.1854,  1056.2714, 87.5443, -164.1854,  0, 0, 0
L 1056.2714, 87.5443, -164.1854,  1058.5757, 89.6042, -164.2315,  0, 0, 0
L 1062.7699, 85.2302, -164.7473,  1058.5757, 89.6042, -164.7821,  0, 0, 0
L 1062.7699, 85.2302, -164.6845,  1062.7212, 6.2640, -164.8842,  0, 0, 0
L 1062.7212, 6.2640, -164.8842,  1064.8206, 4.1022, -165.1026,  0, 0, 0
L 1064.8206, 4.1022, -165.2740,  1058.4666, -2.2553, -165.1990,  0, 0, 0
L 1058.4666, -2.2553, -165.3640,  1056.3949, -0.1786, -164.6046,  0, 0, 0
L 1056.3949, -0.1786, -164.6046,  981.3541, -0.1461, -164.4767,  0, 0, 0
L 981.3541, -0.1461, -164.4767,  979.3206, -2.1882, -165.6710,  0, 0, 0
L 979.3206, -2.1882, -164.5175,  972.9503, 4.1725, -165.2326,  0, 0, 0
L 972.9503, 4.1725, -165.2721,  975.1400, 6.2157, -165.1408,  0, 0, 0
L 975.1400, 6.2157, -165.1408,  975.1479, 81.2669, -165.1572,  0, 0, 0
L 975.1479, 81.2669, -165.1572,  972.9864, 83.2861, -165.3278,  0, 0, 0
L 1003.6069, 693.7589, -164.1854,  981.6517, 693.7392, -164.1854,  0, 0, 0
L 981.6517, 693.7392, -164.1854,  979.5688, 691.6489, -164.3357,  0, 0, 0
L 979.5688, 691.6489, -164.7878,  973.2332, 698.4810, -164.7315,  0, 0, 0
L 973.2332, 698.4810, -164.6949,  975.2820, 700.8409, -164.6851,  0, 0, 0
L 975.2820, 700.8409, -164.6851,  975.3488, 775.1037, -164.8891,  0, 0, 0
L 975.3488, 775.1037, -164.8891,  973.3282, 777.1140, -165.1040,  0, 0, 0
L 973.3282, 777.1140, -164.7162,  979.5950, 783.5683, -165.1841,  0, 0, 0
L 979.5950, 783.5683, -165.3769,  981.7394, 781.4556, -164.5730,  0, 0, 0
L 981.7394, 781.4556, -164.5730,  1056.7217, 781.4583, -164.4769,  0, 0, 0
L 1056.7217, 781.4583, -164.4769,  1058.7693, 783.5200, -164.6944,  0, 0, 0
L 1058.7693, 783.5200, -164.5163,  1065.6570, 777.1426, -164.8763,  0, 0, 0
L 1065.6570, 777.1426, -165.3788,  1063.4430, 774.9888, -165.1398,  0, 0, 0
L 1063.4430, 774.9888, -165.1398,  1063.1071, 700.1321, -165.1407,  0, 0, 0
L 1063.1071, 700.1321, -165.1407,  1065.6630, 698.3700, -165.4396,  0, 0, 0
L 1065.6630, 698.3700, -165.1756,  1058.7371, 691.6965, -164.8768,  0, 0, 0
L 1058.7371, 691.6965, -164.3737,  1056.5779, 693.7328, -164.1854,  0, 0, 0
L 1034.7560, 693.7358, -164.5840,  1034.6803, 699.9731, -163.5312,  0, 0, 0
L 1034.6803, 699.9731, -163.4038,  1052.5042, 699.9728, -163.4038,  0, 0, 0
L 1034.7560, 693.7358, -164.1854,  1056.6189, 693.7335, -164.1854,  0, 0, 0
L 1052.5042, 699.9728, -163.4038,  1053.9694, 698.5054, -163.4038,  0, 0, 0
L 1053.9694, 698.5054, -163.4038,  1058.2433, 702.7789, -163.4038,  0, 0, 0
L 1058.2433, 702.7789, -163.4038,  1056.7786, 704.2350, -163.4038,  0, 0, 0
L 1056.7786, 704.2350, -163.4038,  1056.8036, 770.9203, -163.4038,  0, 0, 0
L 1056.8036, 770.9203, -163.4038,  1058.2721, 772.3818, -163.4038,  0, 0, 0
L 1058.2721, 772.3818, -163.4038,  1053.9976, 776.6563, -163.4028,  0, 0, 0
L 1053.9976, 776.6563, -163.4028,  1052.5402, 775.1919, -163.4038,  0, 0, 0
L 1052.5402, 775.1919, -163.4038,  985.8567, 775.2173, -163.4038,  0, 0, 0
L 985.8567, 775.2173, -163.4038,  984.3950, 776.6846, -163.4038,  0, 0, 0
L 984.3950, 776.6846, -163.4038,  980.1204, 772.4106, -163.4029,  0, 0, 0
L 980.1204, 772.4106, -163.4029,  981.5872, 770.9496, -163.4038,  0, 0, 0
L 981.5872, 770.9496, -163.4039,  981.5598, 704.2696, -163.4039,  0, 0, 0
L 981.5598, 704.2696, -163.4038,  980.9269, 702.8075, -163.4038,  0, 0, 0
L 980.9269, 702.8075, -163.4038,  984.3664, 698.5339, -163.4038,  0, 0, 0
L 984.3664, 698.5339, -163.4038,  985.8326, 700.9000, -163.4038,  0, 0, 0
L 985.8326, 700.9000, -163.4038,  1003.6862, 699.9882, -163.4038,  0, 0, 0
L 1003.6069, 693.7589, -163.9521,  1003.6862, 699.9882, -163.6305,  0, 0, 0
L -1957.6100, -3631.8064, 131.7935,  -1991.9153, -3619.5330, 131.7955,  0, 0, 0
L -1991.9153, -3619.5330, 131.7935,  -1986.5851, -3608.6331, 131.7935,  0, 0, 0
L -1986.5851, -3608.6331, 131.7935,  -1979.1060, -3597.1719, 131.7916,  0, 0, 0
L -1979.1060, -3597.1719, 131.7916,  -1974.6282, -3585.2178, 131.7934,  0, 0, 0
L -1967.7372, -3560.7764, 131.7708,  -1974.6282, -3585.2178, 131.7923,  0, 0, 0
L -1967.7372, -3560.7764, 131.7695,  -1936.1591, -3572.5176, 131.7767,  0, 0, 0
L -1936.1591, -3572.5176, 131.7853,  -1950.8649, -3607.3418, 131.7935,  0, 0, 0
L -1950.8649, -3607.3418, 131.7935,  -1952.8289, -3620.6841, 131.7935,  0, 0, 0
L -1952.8289, -3620.6841, 131.7935,  -1957.6100, -3631.8064, 131.7935,  0, 0, 0
L -2053.9583, -3729.3594, 142.3900,  -2052.5044, -3784.5784, 139.8668,  0, 0, 0
L -2052.5044, -3784.5784, 131.7958,  -2069.5110, -3783.3328, 131.7935,  0, 0, 0
L -2069.5110, -3783.3328, 131.7935,  -2086.9563, -3786.2725, 131.7935,  0, 0, 0
L -2086.9563, -3786.2725, 131.7935,  -2104.2737, -3784.2371, 131.7935,  0, 0, 0
L -2104.2737, -3784.2371, 131.7935,  -2105.7566, -3763.9773, 132.5600,  0, 0, 0
L -2105.7566, -3763.9773, 132.5600,  -2103.8052, -3747.5264, 131.7935,  0, 0, 0
L -2103.8052, -3747.5264, 131.7935,  -2104.2959, -3730.7566, 131.7935,  0, 0, 0
L -2104.2959, -3730.7566, 131.7935,  -2066.6919, -3728.2432, 131.7935,  0, 0, 0
L -2066.6919, -3728.2432, 131.7935,  -2053.9583, -3729.3594, 131.7935,  0, 0, 0
L -2168.9131, -3701.5662, 131.7934,  -2173.1326, -3713.8025, 131.7937,  0, 0, 0
L -2173.1326, -3713.8025, 131.7937,  -2181.1846, -3724.8101, 131.7935,  0, 0, 0
L -2181.1846, -3724.8101, 131.7935,  -2189.4854, -3717.7793, 131.7935,  0, 0, 0
L -2189.4854, -3717.7793, 131.7935,  -2196.4397, -3713.1824, 131.7935,  0, 0, 0
L -2196.4397, -3713.1824, 131.7935,  -2202.1216, -3703.4126, 131.7935,  0, 0, 0
L -2202.1216, -3703.4126, 131.7935,  -2188.6531, -3680.4192, 131.7921,  0, 0, 0
L -2188.6531, -3680.4192, 131.7921,  -2181.1309, -3687.4236, 131.7921,  0, 0, 0
L -2181.1309, -3687.4236, 131.7921,  -2174.4314, -3695.2566, 131.7923,  0, 0, 0
L -2174.4314, -3695.2566, 131.7923,  -2168.9131, -3701.5662, 131.7932,  0, 0, 0
L -2125.1509, -3655.7881, 131.7929,  -2137.4424, -3658.3682, 131.7923,  0, 0, 0
L -2137.4424, -3658.3682, 131.7923,  -2159.1934, -3660.2771, 131.8367,  0, 0, 0
L -2159.1934, -3660.2771, 131.7907,  -2165.4236, -3648.4656, 131.7894,  0, 0, 0
L -2168.3997, -3635.6355, 131.7882,  -2165.4236, -3648.4656, 131.7889,  0, 0, 0
L -2168.3997, -3635.6355, 131.7883,  -2156.7427, -3632.8335, 131.7896,  0, 0, 0
L -2156.7427, -3632.8335, 131.7896,  -2147.8472, -3629.9629, 131.7894,  0, 0, 0
L -2147.8472, -3629.9629, 131.7894,  -2134.4905, -3631.5901, 131.7906,  0, 0, 0
L -2134.4905, -3631.5901, 131.7906,  -2129.3538, -3642.6304, 131.7917,  0, 0, 0
L -2129.3538, -3642.6304, 131.7917,  -2125.1509, -3655.7881, 131.7929,  0, 0, 0
L -1961.8462, -3751.1902, 131.8215,  -1964.4434, -3738.3428, 131.8489,  0, 0, 0
L -1964.4434, -3738.3428, 131.8489,  -1966.4473, -3717.1265, 131.7935,  0, 0, 0
L -1966.4473, -3717.1265, 131.7935,  -1955.2848, -3711.3821, 131.7935,  0, 0, 0
L -1955.2848, -3711.3821, 131.7935,  -1941.7719, -3708.5220, 131.7935,  0, 0, 0
L -1941.7719, -3708.5220, 131.7935,  -1939.4358, -3719.5508, 131.7935,  0, 0, 0
L -1939.4358, -3719.5508, 131.7935,  -1935.7802, -3730.1541, 131.7935,  0, 0, 0
L -1935.7802, -3730.1541, 131.7935,  -1937.1410, -3741.8340, 131.7935,  0, 0, 0
L -1937.1410, -3741.8340, 131.7935,  -1949.5518, -3747.3572, 131.8003,  0, 0, 0
L -1949.5518, -3747.3572, 131.8003,  -1961.8462, -3751.1902, 131.7935,  0, 0, 0
L -1906.4473, -3724.1697, 131.7934,  -1892.6298, -3761.8809, 131.7935,  0, 0, 0
L -1892.6298, -3761.8809, 131.7862,  -1883.4574, -3778.8943, 131.7775,  0, 0, 0
L -1883.4574, -3778.8943, 131.7775,  -1879.2372, -3794.3042, 131.7746,  0, 0, 0
L -1879.2372, -3794.3042, 131.7746,  -1875.2588, -3805.1785, 131.7757,  0, 0, 0
L -1875.2588, -3805.1785, 131.7757,  -1886.2251, -3810.2476, 131.7794,  0, 0, 0
L -1886.2251, -3810.2476, 131.7794,  -1893.6554, -3812.7166, 131.7819,  0, 0, 0
L -1893.6554, -3812.7166, 131.7819,  -1899.5844, -3798.9214, 131.7845,  0, 0, 0
L -1899.5844, -3798.9214, 131.7845,  -1902.5425, -3785.9297, 134.5823,  0, 0, 0
L -1902.5425, -3785.9297, 134.5823,  -1920.7997, -3747.1631, 131.7935,  0, 0, 0
L -1920.7997, -3747.1631, 131.7935,  -1925.3539, -3733.4739, 131.7935,  0, 0, 0
L -1925.3539, -3733.4739, 131.7935,  -1916.1869, -3729.8350, 131.7935,  0, 0, 0
L -1916.1869, -3729.8350, 131.7935,  -1906.4473, -3724.1697, 131.7935,  0, 0, 0
L -1944.7217, -3862.8567, 131.7934,  -1935.3445, -3870.4063, 131.7946,  0, 0, 0
L -1935.3445, -3870.4063, 131.7946,  -1927.4247, -3874.6890, 131.7934,  0, 0, 0
L -1927.4247, -3874.6890, 131.7934,  -1944.9816, -3897.7671, 131.7925,  0, 0, 0
L -1944.9816, -3897.7671, 131.7925,  -1954.4612, -3908.7642, 131.7949,  0, 0, 0
L -1954.4612, -3908.7642, 131.7949,  -1961.8578, -3920.6597, 131.7946,  0, 0, 0
L -1961.8578, -3920.6597, 131.7946,  -1971.4148, -3930.7432, 131.7943,  0, 0, 0
L -1971.4148, -3930.7432, 131.7943,  -1980.1122, -3942.3633, 131.7938,  0, 0, 0
L -1980.1122, -3942.3633, 131.7938,  -1988.9572, -3936.9983, 131.7925,  0, 0, 0
L -1988.9572, -3936.9983, 131.7925,  -1996.8296, -3930.3904, 131.7935,  0, 0, 0
L -1996.8296, -3930.3904, 131.7935,  -1988.6121, -3918.7039, 131.7935,  0, 0, 0
L -1988.6121, -3918.7039, 131.7935,  -1977.8378, -3908.8362, 134.9251,  0, 0, 0
L -1977.8378, -3908.8362, 134.9251,  -1965.6438, -3890.9485, 131.7934,  0, 0, 0
L -1965.6438, -3890.9485, 131.7934,  -1950.2350, -3871.3130, 134.4721,  0, 0, 0
L -1950.2350, -3871.3130, 134.4721,  -1944.7217, -3862.8567, 131.7935,  0, 0, 0
L -2046.7177, -3940.2139, 131.7934,  -2043.7345, -3954.2864, 131.7934,  0, 0, 0
L -2043.7345, -3954.2864, 131.7934,  -2044.3512, -3969.7974, 131.7935,  0, 0, 0
L -2044.3512, -3969.7974, 131.7937,  -2056.2405, -3972.3118, 131.7935,  0, 0, 0
L -2056.2405, -3972.3118, 131.7935,  -2066.1631, -3975.2715, 131.7935,  0, 0, 0
L -2066.1631, -3975.2715, 131.7935,  -2079.6763, -3973.5337, 131.7935,  0, 0, 0
L -2079.6763, -3973.5337, 131.7935,  -2081.2632, -3959.3328, 131.7935,  0, 0, 0
L -2081.2632, -3959.3328, 131.7935,  -2081.8206, -3944.2129, 131.7935,  0, 0, 0
L -2081.8206, -3944.2129, 131.7935,  -2068.6790, -3941.1563, 131.7935,  0, 0, 0
L -2068.6790, -3941.1563, 131.7935,  -2057.1941, -3941.1797, 131.7935,  0, 0, 0
L -2057.1941, -3941.1797, 131.7935,  -2046.7177, -3940.2139, 131.7935,  0, 0, 0
L -2125.1775, -3945.6011, 131.7941,  -2125.4053, -3957.3831, 131.7935,  0, 0, 0
L -2125.4053, -3957.3831, 131.7935,  -2127.1001, -3971.3472, 131.7943,  0, 0, 0
L -2127.1001, -3971.3472, 131.7943,  -2138.9712, -3968.6614, 131.7938,  0, 0, 0
L -2138.9712, -3968.6614, 131.7938,  -2151.3704, -3964.1167, 131.7935,  0, 0, 0
L -2151.3704, -3964.1167, 131.7935,  -2160.1692, -3961.6121, 131.7935,  0, 0, 0
L -2160.1692, -3961.6121, 131.7935,  -2160.3267, -3947.2671, 131.7935,  0, 0, 0
L -2160.3267, -3947.2671, 131.7935,  -2157.7747, -3935.5735, 131.7935,  0, 0, 0
L -2157.7747, -3935.5735, 131.7935,  -2151.7305, -3936.2261, 131.7935,  0, 0, 0
L -2151.7305, -3936.2261, 131.7935,  -2136.3665, -3938.6692, 131.7935,  0, 0, 0
L -2136.3665, -3938.6692, 131.7935,  -2125.1775, -3945.6011, 131.7935,  0, 0, 0
L -2170.2073, -3843.8340, 131.7998,  -2175.8748, -3837.5774, 131.7935,  0, 0, 0
L -2175.8748, -3837.5774, 131.7935,  -2182.1226, -3827.4639, 131.7935,  0, 0, 0
L -2182.1226, -3827.4639, 131.7935,  -2190.1475, -3818.7344, 131.7935,  0, 0, 0
L -2190.1475, -3818.7344, 131.7935,  -2196.9290, -3811.5906, 131.7935,  0, 0, 0
L -2196.9290, -3811.5906, 131.7935,  -2206.6497, -3802.6575, 131.7937,  0, 0, 0
L -2206.6497, -3802.6575, 131.7935,  -2186.2288, -3785.5225, 131.7935,  0, 0, 0
L -2186.2288, -3785.5225, 131.7935,  -2171.9502, -3805.3440, 131.7882,  0, 0, 0
L -2171.9502, -3805.3440, 131.7882,  -2153.9634, -3825.5491, 131.7935,  0, 0, 0
L -2153.9634, -3825.5491, 131.7935,  -2165.7466, -3836.5962, 131.7935,  0, 0, 0
L -2165.7466, -3836.5962, 131.7935,  -2170.2073, -3843.8340, 131.7942,  0, 0, 0
L -1999.1420, -3834.2859, 131.7934,  -1994.4126, -3852.6099, 131.7935,  0, 0, 0
L -1994.4126, -3852.6099, 131.7935,  -1990.2411, -3864.6287, 131.7934,  0, 0, 0
L -1990.2411, -3864.6287, 131.7934,  -1986.8451, -3882.5596, 131.7934,  0, 0, 0
L -1986.8451, -3882.5596, 131.7934,  -1974.2034, -3878.5337, 131.7934,  0, 0, 0
L -1974.2034, -3878.5337, 131.7934,  -1960.7345, -3875.1858, 131.7934,  0, 0, 0
L -1960.7345, -3875.1858, 131.7934,  -1967.8650, -3861.4363, 134.5670,  0, 0, 0
L -1967.8650, -3861.4363, 134.5670,  -1970.7238, -3848.2356, 131.7935,  0, 0, 0
L -1970.7238, -3848.2356, 131.7935,  -1973.3147, -3841.1006, 131.7935,  0, 0, 0
L -1973.3147, -3841.1006, 131.7935,  -1973.3539, -3832.4822, 131.7935,  0, 0, 0
L -1973.3539, -3832.4822, 131.7935,  -1976.6747, -3822.2920, 131.7935,  0, 0, 0
L -1976.6747, -3822.2920, 131.7935,  -1981.3783, -3825.7190, 131.7935,  0, 0, 0
L -1981.3783, -3825.7190, 131.7935,  -1993.8870, -3830.2244, 131.7935,  0, 0, 0
L -1993.8870, -3830.2244, 131.7935,  -1999.1420, -3834.2859, 131.7935,  0, 0, 0
L -1939.8462, -3790.9524, 131.7935,  -1930.6250, -3785.3799, 131.7935,  0, 0, 0
L -1930.6250, -3785.3799, 131.7935,  -1918.8931, -3782.5955, 136.3140,  0, 0, 0
L -1918.8931, -3782.5955, 136.3140,  -1915.4502, -3793.3765, 136.3788,  0, 0, 0
L -1915.4502, -3793.3765, 136.3788,  -1913.7538, -3802.2173, 137.6216,  0, 0, 0
L -1913.7538, -3802.2173, 137.6216,  -1912.2975, -3807.6592, 137.5106,  0, 0, 0
L -1912.2975, -3807.6592, 137.5106,  -1923.6012, -3814.8484, 137.8556,  0, 0, 0
L -1923.6012, -3814.8484, 137.8556,  -1933.4330, -3818.4043, 137.7831,  0, 0, 0
L -1933.4330, -3818.4043, 137.7831,  -1936.9103, -3807.2598, 135.8931,  0, 0, 0
L -1936.9103, -3807.2598, 135.8931,  -1937.4203, -3802.8665, 136.4588,  0, 0, 0
L -1937.4203, -3802.8665, 136.4588,  -1939.8462, -3790.9524, 131.7934,  0, 0, 0
L -2105.5027, -3851.1648, 131.7935,  -2101.2251, -3860.1663, 131.7935,  0, 0, 0
L -2101.2251, -3860.1663, 131.7935,  -2096.2300, -3867.9495, 131.7935,  0, 0, 0
L -2096.2300, -3867.9495, 131.7935,  -2095.1448, -3879.8350, 131.7935,  0, 0, 0
L -2095.1448, -3879.8350, 131.7935,  -2104.5059, -3886.8809, 131.7935,  0, 0, 0
L -2104.5059, -3886.8809, 131.7935,  -2115.2891, -3894.8567, 131.7935,  0, 0, 0
L -2115.2891, -3894.8567, 131.7935,  -2120.7842, -3885.1338, 131.7935,  0, 0, 0
L -2120.7842, -3885.1338, 131.7935,  -2123.8997, -3876.9319, 131.7937,  0, 0, 0
L -2123.8997, -3876.9319, 131.7937,  -2126.7305, -3866.5586, 131.7935,  0, 0, 0
L -2126.7305, -3866.5586, 131.7935,  -2117.3323, -3858.1238, 131.7935,  0, 0, 0
L -2117.3323, -3858.1238, 131.7935,  -2105.5027, -3851.1648, 131.7935,  0, 0, 0
L -2494.1675, -3643.5442, 138.1780,  -2510.9827, -3663.8118, 142.6495,  127, 127, 127
L -2510.9827, -3663.8118, 142.6495,  -2549.8711, -3680.7334, 150.9530,  127, 127, 127
L -2549.8711, -3680.7334, 150.9530,  -2584.2876, -3697.7759, 153.9370,  127, 127, 127
L -2584.2876, -3697.7759, 153.9370,  -2621.1377, -3720.2078, 138.7625,  127, 127, 127
L -2621.1377, -3720.2078, 138.7625,  -2649.1531, -3721.4600, 140.4294,  127, 127, 127
L -2649.1531, -3721.4600, 140.4294,  -2703.5601, -3718.4971, 129.6263,  127, 127, 127
L -2494.1675, -3643.5442, 137.1310,  -2471.2864, -3602.8938, 126.4715,  127, 127, 127
L -2471.2864, -3602.8938, 126.4715,  -2457.6326, -3556.4368, 116.2150,  127, 127, 127
L -2457.6326, -3556.4368, 116.2150,  -2457.8257, -3502.2383, 116.7410,  127, 127, 127
L -2457.8257, -3502.2383, 116.7410,  -2471.3350, -3455.7500, 112.4209,  127, 127, 127
L -2471.3350, -3455.7500, 112.4209,  -2501.2046, -3417.7454, 112.2360,  127, 127, 127
L -2501.2046, -3417.7454, 112.2360,  -2511.4871, -3388.7029, 105.2824,  127, 127, 127
L -2511.4871, -3388.7029, 105.2824,  -2535.1746, -3351.1238, 102.2543,  127, 127, 127
L -2535.1746, -3351.1238, 102.2543,  -2552.8528, -3308.7117, 89.8362,  127, 127, 127
L -2552.8528, -3308.7117, 89.8362,  -2582.6636, -3276.4031, 90.3319,  127, 127, 127
L -2582.6636, -3276.4031, 90.3319,  -2588.4036, -3272.3511, 91.9633,  127, 127, 127
L -2588.4036, -3272.3511, 91.9633,  -2645.6326, -3236.4053, 95.2223,  127, 127, 127
L -2645.6326, -3236.4053, 95.2223,  -2696.1636, -3228.2581, 116.2802,  127, 127, 127
L -2696.1636, -3228.2581, 116.2802,  -2746.4595, -3205.4285, 135.6511,  127, 127, 127
L -2746.4595, -3205.4285, 135.6511,  -2793.6709, -3212.2190, 140.4918,  127, 127, 127
L -2793.6709, -3212.2190, 140.4918,  -2810.3162, -3264.2688, 151.2854,  127, 127, 127
L -2810.3162, -3264.2688, 151.2854,  -2846.8677, -3304.9480, 138.4528,  127, 127, 127
L -2846.8677, -3304.9480, 138.4528,  -2901.2886, -3348.3445, 119.9816,  127, 127, 127
L -2901.2886, -3348.3445, 119.9816,  -2961.2708, -3408.2322, 106.1307,  127, 127, 127
L -2961.2708, -3408.2322, 106.1307,  -2971.2117, -3461.1875, 123.7925,  127, 127, 127
L -2971.2117, -3461.1875, 123.7925,  -2966.3560, -3519.3743, 145.6052,  127, 127, 127
L -2966.3560, -3519.3743, 145.6052,  -2946.2903, -3547.3079, 160.1324,  127, 127, 127
L -2946.2903, -3547.3079, 160.1324,  -2938.4053, -3613.3816, 161.1670,  127, 127, 127
L -2938.4053, -3613.3816, 161.1670,  -2894.5081, -3666.9346, 162.5218,  127, 127, 127
L -2894.5081, -3666.9346, 162.5218,  -2837.5237, -3698.7605, 153.4530,  127, 127, 127
L -2837.5237, -3698.7605, 153.4530,  -2787.7793, -3706.3560, 152.3686,  127, 127, 127
L -2787.7793, -3706.3560, 152.3686,  -2733.9148, -3717.2261, 154.6080,  127, 127, 127
L -3768.4153, -3270.1702, 187.7935,  -3796.3892, -3342.3013, 187.7935,  64, 64, 64
L -3796.3892, -3342.3013, 187.7935,  -3962.7188, -3342.2964, 193.4397,  64, 64, 64
L -3768.4153, -3270.1702, 187.7935,  -3768.4246, -3155.9771, 187.7935,  64, 64, 64
L -3777.7461, -3155.9788, 187.7935,  -3768.4246, -3155.9771, 187.7935,  64, 64, 64
L -3777.7461, -3155.9788, 187.7935,  -3777.7393, -3268.3477, 187.7934,  64, 64, 64
L -3777.7393, -3268.3477, 187.7934,  -3802.7676, -3332.9888, 187.7939,  64, 64, 64
L -3802.7676, -3332.9888, 187.7935,  -3983.2510, -3332.9102, 187.7934,  64, 64, 64
L -3822.2991, -3323.6128, 187.7934,  -3824.5669, -3329.1392, 187.7935,  0, 0, 0
L -3824.5669, -3329.1392, 187.7934,  -3830.1099, -3331.4434, 187.7935,  0, 0, 0
L -3830.1099, -3331.4434, 187.7935,  -3835.6265, -3329.1619, 187.7935,  0, 0, 0
L -3835.6265, -3329.1619, 187.7934,  -3838.1377, -3323.8025, 190.2331,  0, 0, 0
L -3837.2029, -3325.6233, 190.2331,  -3883.1670, -3325.6709, 190.5166,  0, 0, 0
L -3882.3389, -3323.6658, 190.5166,  -3884.6248, -3329.1985, 187.8096,  0, 0, 0
L -3884.6248, -3329.1985, 187.8121,  -3890.1575, -3331.4927, 187.8147,  0, 0, 0
L -3890.1575, -3331.4927, 187.8156,  -3895.6885, -3329.2024, 187.8154,  0, 0, 0
L -3895.6885, -3329.2024, 187.8149,  -3898.5398, -3323.6082, 187.8148,  0, 0, 0
L -3957.7444, -3325.6194, 190.3892,  -3957.7476, -3321.6287, 190.6173,  0, 0, 0
L -3957.7444, -3325.6194, 190.4140,  -3897.1570, -3325.6592, 187.8147,  0, 0, 0
L -3957.7476, -3321.6287, 188.4896,  -3897.1636, -3321.6353, 190.3301,  0, 0, 0
L -3898.5398, -3323.6082, 190.3301,  -3895.6709, -3318.1360, 187.8111,  0, 0, 0
L -3895.6709, -3318.1360, 187.8095,  -3890.1648, -3315.8506, 187.8086,  0, 0, 0
L -3890.1648, -3315.8506, 187.8072,  -3884.6387, -3318.1326, 187.8064,  0, 0, 0
L -3884.6387, -3318.1326, 187.8063,  -3882.3389, -3323.6658, 187.8070,  0, 0, 0
L -3883.2068, -3321.5767, 187.8070,  -3837.9468, -3321.5811, 187.7934,  0, 0, 0
L -3838.1377, -3323.8025, 187.7934,  -3835.6514, -3318.9319, 187.7934,  0, 0, 0
L -3835.6514, -3318.9319, 187.7935,  -3830.1211, -3315.8018, 187.7935,  0, 0, 0
L -3830.1211, -3315.8018, 187.7935,  -3824.5918, -3318.8318, 187.7935,  0, 0, 0
L -3824.5918, -3318.8318, 187.7934,  -3822.2991, -3323.6128, 187.7934,  0, 0, 0
L -3973.1243, -3321.7725, 190.8050,  -3973.1204, -3325.7747, 190.8427,  0, 0, 0
L -3973.1204, -3325.7747, 190.6684,  -3996.6143, -3325.7615, 190.9019,  0, 0, 0
L -3996.6143, -3325.7615, 191.1890,  -3996.6160, -3321.7798, 191.2062,  0, 0, 0
L -3996.6160, -3321.7798, 190.1220,  -3973.1243, -3321.7725, 190.8080,  0, 0, 0
L -4016.2400, -3285.3052, 192.5680,  -3943.6609, -3285.3062, 192.5689,  0, 0, 0
L -3943.6609, -3285.3062, 192.5458,  -3931.6924, -3273.3877, 192.5444,  0, 0, 0
L -3931.6924, -3273.3877, 192.4730,  -3914.7710, -3233.8125, 192.4733,  0, 0, 0
L -3914.7710, -3233.8125, 192.3496,  -3914.7759, -3123.1233, 192.3523,  0, 0, 0
L -3914.7759, -3123.1233, 192.3523,  -3899.4551, -3126.4888, 190.1287,  64, 64, 64
L -3899.4551, -3126.4888, 190.1287,  -3892.9307, -3125.1548, 192.9078,  64, 64, 64
L -3892.9307, -3125.1548, 192.9078,  -3885.3257, -3129.8848, 189.7852,  64, 64, 64
L -3885.3257, -3129.8848, 189.7852,  -3872.5408, -3128.9329, 188.1682,  64, 64, 64
L -4016.2400, -3285.3052, 192.5459,  -4028.1941, -3273.3987, 192.5452,  0, 0, 0
L -4028.1941, -3273.3987, 192.4778,  -4045.1094, -3233.8384, 192.4776,  0, 0, 0
L -4045.1094, -3233.8384, 192.3532,  -4045.7371, -2971.5132, 201.7170,  0, 0, 0
L -4045.7371, -2971.5132, 198.3658,  -4028.2068, -2930.5059, 194.8925,  0, 0, 0
L -4028.2068, -2930.5059, 193.9659,  -4016.2449, -2918.5840, 192.5447,  0, 0, 0
L -4016.2449, -2918.5840, 192.5686,  -3943.6536, -2918.5818, 192.5675,  0, 0, 0
L -3943.6536, -2918.5818, 192.5426,  -3931.7129, -2930.4734, 192.5421,  0, 0, 0
L -3931.7129, -2930.4734, 192.4724,  -3914.7703, -2970.9878, 192.4733,  0, 0, 0
L -3914.7703, -2970.9878, 192.3487,  -3914.7759, -3080.7759, 192.3523,  0, 0, 0
L -3914.7759, -3080.7759, 192.3523,  -3899.5916, -3077.4358, 190.1647,  64, 64, 64
L -3899.5916, -3077.4358, 190.1647,  -3896.6011, -3078.4524, 191.6193,  64, 64, 64
L -3896.6011, -3078.4524, 191.6193,  -3884.5271, -3073.9744, 189.7184,  64, 64, 64
L -3884.5271, -3073.9744, 189.7184,  -3870.6968, -3074.3169, 187.9535,  64, 64, 64
L -3787.4834, -3072.9109, 187.7935,  -3787.4673, -3011.4827, 190.3606,  0, 0, 0
L -3785.3726, -3012.3560, 190.3606,  -3790.9661, -3010.2410, 187.7935,  0, 0, 0
L -3790.9661, -3010.2410, 187.7935,  -3793.2542, -3004.5010, 187.7935,  0, 0, 0
L -3793.2542, -3004.5010, 187.7935,  -3790.9683, -2998.9673, 187.7935,  0, 0, 0
L -3790.9683, -2998.9673, 187.7934,  -3785.5706, -2996.6238, 187.7934,  0, 0, 0
L -3787.4795, -2997.4524, 187.7934,  -3787.4788, -2951.5022, 187.7934,  0, 0, 0
L -3785.5872, -2952.3184, 187.7934,  -3791.2251, -2949.9734, 187.7934,  0, 0, 0
L -3791.2251, -2949.9734, 187.7934,  -3793.3069, -2944.4590, 187.7935,  0, 0, 0
L -3793.3069, -2944.4590, 187.7935,  -3791.1287, -2938.9224, 187.7934,  0, 0, 0
L -3791.1287, -2938.9224, 187.7935,  -3785.4834, -2936.6370, 187.7935,  0, 0, 0
L -3785.4834, -2936.6370, 187.7935,  -3779.9590, -2938.9202, 187.7934,  0, 0, 0
L -3779.9590, -2938.9202, 187.7934,  -3777.6587, -2944.4607, 187.7935,  0, 0, 0
L -3787.4834, -3072.9109, 190.5290,  -3783.4854, -3072.7698, 190.4238,  0, 0, 0
L -3783.4854, -3072.7698, 188.4555,  -3783.4883, -3011.5474, 187.7935,  0, 0, 0
L -3785.3726, -3012.3560, 187.7935,  -3779.8975, -3010.5496, 187.7935,  0, 0, 0
L -3779.8975, -3010.5496, 187.7935,  -3777.6106, -3004.4917, 187.7935,  0, 0, 0
L -3982.8831, -2888.8101, 187.8079,  -3980.6060, -2893.6072, 187.8129,  0, 0, 0
L -3981.4253, -2891.6189, 187.8129,  -3920.8240, -2891.6531, 188.8589,  0, 0, 0
L -3920.8240, -2891.6531, 190.3896,  -3920.8289, -2895.6531, 190.5891,  0, 0, 0
L -3920.8289, -2895.6531, 189.6880,  -3981.4668, -2895.7073, 190.2339,  0, 0, 0
L -3980.6060, -2893.6072, 190.2339,  -3982.8694, -2899.1304, 187.8161,  0, 0, 0
L -3982.8694, -2899.1304, 187.8181,  -3988.4124, -2901.4329, 187.8225,  0, 0, 0
L -3988.4124, -2901.4329, 187.8259,  -3993.9419, -2899.1426, 187.8251,  0, 0, 0
L -3993.9419, -2899.1426, 187.8238,  -3996.3296, -2893.8345, 187.8185,  0, 0, 0
L -3995.5110, -2895.6548, 187.8185,  -4043.7488, -2895.6553, 211.7280,  0, 0, 0
L -4041.8975, -2891.6626, 211.7280,  -4044.7073, -2897.7234, 211.3358,  0, 0, 0
L -4063.3733, -2941.2039, 211.3358,  -4086.4297, -2993.9209, 252.8660,  0, 0, 0
L -4086.4297, -2993.9209, 252.8660,  -4160.3726, -3142.4866, 189.9750,  0, 0, 0
L -4160.3726, -3142.4866, 189.9750,  -4171.4102, -3253.4756, 187.7934,  0, 0, 0
L -4171.4102, -3253.4756, 193.2040,  -4203.5977, -3292.2520, 187.7935,  0, 0, 0
L -4203.5977, -3292.2520, 196.4501,  -4245.9937, -3292.2581, 187.7966,  0, 0, 0
L -4245.9937, -3292.2581, 187.7966,  -4233.6729, -3328.1487, 188.5467,  0, 0, 0
L -4233.6729, -3328.1487, 188.5467,  -4155.4063, -3285.7122, 187.7935,  0, 0, 0
L -4155.4063, -3285.7122, 187.7935,  -4139.4844, -3215.8096, 187.7935,  0, 0, 0
L -4139.4844, -3215.8096, 187.7935,  -4129.5010, -3156.8533, 193.9680,  0, 0, 0
L -4129.5010, -3156.8533, 193.9680,  -4112.3560, -3144.5420, 197.5734,  0, 0, 0
L -3995.8069, -2977.9646, 203.5569,  -4000.8130, -2972.1001, 203.5569,  0, 0, 0
L -4000.8130, -2972.1001, 203.5569,  -4003.8357, -2963.9197, 203.5569,  0, 0, 0
L -4003.8357, -2963.9197, 203.5569,  -4003.8931, -2955.5430, 203.5569,  0, 0, 0
L -4003.8931, -2955.5430, 203.5569,  -4001.1934, -2947.7515, 203.5569,  0, 0, 0
L -4001.1934, -2947.7515, 203.5569,  -3995.7227, -2941.2417, 203.5570,  0, 0, 0
L -3995.7227, -2941.2417, 203.5570,  -3988.1404, -2936.7410, 203.5570,  0, 0, 0
L -3988.1404, -2936.7410, 203.5570,  -3980.5735, -2934.6924, 203.5570,  0, 0, 0
L -3980.5735, -2934.6924, 203.5570,  -3971.4397, -2936.2908, 203.5570,  0, 0, 0
L -3971.4397, -2936.2908, 203.5570,  -3964.6387, -2940.6194, 203.5570,  0, 0, 0
L -3964.6387, -2940.6194, 203.5570,  -3958.5818, -2947.1790, 203.5570,  0, 0, 0
L -3958.5818, -2947.1790, 203.5570,  -3955.6360, -2955.2610, 203.5570,  0, 0, 0
L -3955.6360, -2955.2610, 203.5570,  -3955.6233, -2964.2737, 203.5570,  0, 0, 0
L -3955.6233, -2964.2737, 203.5570,  -3958.8411, -2972.5955, 203.5570,  0, 0, 0
L -3958.8411, -2972.5955, 203.5570,  -3964.1443, -2978.7803, 203.5570,  0, 0, 0
L -3964.1443, -2978.7803, 203.5570,  -3971.9119, -2983.2886, 203.5570,  0, 0, 0
L -3971.9119, -2983.2886, 203.5570,  -3980.6653, -2984.6326, 203.5570,  0, 0, 0
L -3980.6653, -2984.6326, 203.5570,  -3988.9900, -2982.5845, 203.5570,  0, 0, 0
L -3988.9900, -2982.5845, 203.5570,  -3995.8069, -2977.9646, 203.5570,  0, 0, 0
L -3982.8831, -2888.8101, 187.8051,  -3988.4202, -2885.7886, 187.8041,  0, 0, 0
L -3988.4202, -2885.7886, 187.8040,  -3993.9478, -2888.8140, 187.8060,  0, 0, 0
L -3993.9478, -2888.8140, 187.8078,  -3996.3296, -2893.8345, 190.5269,  0, 0, 0
L -3995.4141, -2891.6233, 190.5269,  -4041.8975, -2891.6626, 210.1614,  0, 0, 0
L -4048.5896, -2841.4280, 249.3975,  -4063.3733, -2941.2039, 220.3857,  0, 0, 0
L -4029.6204, -2874.7129, 188.3130,  -3919.4119, -2874.7107, 187.7935,  64, 64, 64
L -3919.4119, -2874.7107, 187.7935,  -3768.4202, -2930.6531, 187.7935,  64, 64, 64
L -3768.4202, -2930.6531, 187.7934,  -3768.4148, -3046.9600, 187.7935,  64, 64, 64
L -3777.7371, -3046.9346, 187.7935,  -3768.4148, -3046.9600, 187.7935,  64, 64, 64
L -3777.7371, -3046.9346, 187.7935,  -3777.7332, -2936.9163, 187.7935,  64, 64, 64
L -3785.5706, -2996.6238, 187.7935,  -3779.9075, -2998.9639, 187.7935,  0, 0, 0
L -3779.9075, -2998.9639, 187.7935,  -3777.6106, -3004.4917, 187.7935,  0, 0, 0
L -3783.3826, -2997.5271, 190.4480,  -3783.4219, -2951.4231, 190.1468,  0, 0, 0
L -3785.5872, -2952.3184, 190.1468,  -3779.9629, -2949.9932, 187.7934,  0, 0, 0
L -3779.9629, -2949.9932, 187.7935,  -3777.6587, -2944.4607, 187.7934,  0, 0, 0
L -3921.1072, -2884.3018, 187.7934,  -3777.7332, -2936.9163, 187.7934,  64, 64, 64
L -3921.1072, -2884.3018, 187.7935,  -4029.6133, -2884.2371, 192.2119,  64, 64, 64
L -4029.6133, -2884.2371, 199.2784,  -4029.6204, -2874.7129, 199.2784,  64, 64, 64
L -3839.1001, -2920.3477, 190.3745,  -3840.5474, -2924.6067, 190.5896,  0, 0, 0
L -3839.1001, -2920.3477, 189.9933,  -3896.3086, -2899.4905, 189.8012,  0, 0, 0
L -3897.6514, -2903.1294, 190.7247,  -3896.3086, -2899.4905, 190.8094,  0, 0, 0
L -3897.6514, -2903.1294, 187.7935,  -3840.5474, -2924.6067, 187.7923,  0, 0, 0
L -3827.9280, -2929.2156, 189.1679,  -3805.8367, -2937.2129, 187.7934,  0, 0, 0
L -3804.4834, -2933.4922, 191.3540,  -3805.8367, -2937.2129, 191.1765,  0, 0, 0
L -3804.4834, -2933.4922, 190.2533,  -3826.5601, -2925.4563, 190.3374,  0, 0, 0
L -3826.5601, -2925.4563, 190.8170,  -3827.9280, -2929.2156, 190.8069,  0, 0, 0
L -3787.5137, -3153.8904, 190.7289,  -3783.4832, -3153.8997, 190.8300,  0, 0, 0
L -3783.4832, -3153.8997, 190.3625,  -3783.4810, -3214.8865, 189.5992,  0, 0, 0
L -3783.4810, -3214.8865, 190.3913,  -3787.4656, -3214.8975, 190.4259,  0, 0, 0
L -3787.4656, -3214.8975, 189.4972,  -3787.5137, -3153.8904, 187.7935,  0, 0, 0
L -3783.4871, -3237.4319, 190.8540,  -3787.4722, -3237.4324, 190.7322,  0, 0, 0
L -3783.4871, -3237.4319, 189.8726,  -3783.4817, -3260.9246, 190.7570,  0, 0, 0
L -3783.4817, -3260.9246, 191.1527,  -3787.6448, -3260.9258, 191.2252,  0, 0, 0
L -3787.4722, -3237.4324, 190.3585,  -3787.6448, -3260.9258, 189.8170,  0, 0, 0
L -3787.2073, -3271.4185, 190.8391,  -3783.4563, -3272.7852, 190.8141,  0, 0, 0
L -3783.4563, -3272.7852, 190.2324,  -3804.2771, -3330.1155, 190.1773,  0, 0, 0
L -3804.2771, -3330.1155, 190.3980,  -3808.5955, -3328.7388, 190.5070,  0, 0, 0
L -3808.5955, -3328.7388, 189.4370,  -3787.2073, -3271.4185, 187.7935,  0, 0, 0
L -3945.3650, -3113.5281, 205.9598,  -3945.3489, -3184.4788, 205.9548,  0, 0, 0
L -3945.3489, -3184.4788, 206.3941,  -3954.2273, -3190.5542, 206.4401,  0, 0, 0
L -3954.2273, -3190.5542, 206.4401,  -3960.4595, -3201.2212, 206.3691,  0, 0, 0
L -3960.4595, -3201.2212, 206.4874,  -3999.4285, -3201.2227, 206.4866,  0, 0, 0
L -3999.4285, -3201.2227, 206.3713,  -4005.8152, -3190.3589, 206.4577,  0, 0, 0
L -4005.8152, -3190.3589, 206.4577,  -4014.8628, -3184.4817, 206.4355,  0, 0, 0
L -4014.8628, -3184.4817, 205.9590,  -4014.8660, -3018.6055, 205.9535,  0, 0, 0
L -4014.8660, -3018.6055, 206.4578,  -4005.7808, -3013.4585, 206.4636,  0, 0, 0
L -4005.7808, -3013.4585, 206.4636,  -3999.4341, -3002.6250, 206.3702,  0, 0, 0
L -3999.4341, -3002.6250, 206.4860,  -3960.4612, -3002.6260, 206.4860,  0, 0, 0
L -3960.4612, -3002.6260, 206.3691,  -3954.1719, -3013.3892, 206.4471,  0, 0, 0
L -3954.1719, -3013.3892, 206.4471,  -3945.3560, -3018.6045, 206.4125,  0, 0, 0
L -3945.3560, -3018.6045, 205.9478,  -3945.3738, -3089.9036, 205.9595,  0, 0, 0
L -3952.5784, -3089.9358, 203.5570,  -3942.4119, -3089.8794, 203.5570,  0, 0, 0
L -3942.4119, -3089.8794, 203.5570,  -3942.4009, -3092.6919, 203.5570,  0, 0, 0
L -3942.4009, -3092.6919, 203.5570,  -3952.5728, -3092.6934, 204.5700,  0, 0, 0
L -3952.5728, -3092.6934, 204.5700,  -3952.5784, -3089.9358, 204.5700,  0, 0, 0
L -3949.7781, -3089.9380, 206.1013,  -3949.8152, -3024.2161, 206.3872,  0, 0, 0
L -3949.8152, -3024.2161, 206.3872,  -3957.9751, -3018.8860, 206.2413,  0, 0, 0
L -3957.9751, -3018.8860, 206.9540,  -3963.4480, -3009.2190, 206.2906,  0, 0, 0
L -3963.4480, -3009.2190, 206.2906,  -3974.1321, -3009.5000, 206.3071,  0, 0, 0
L -3974.9739, -3020.6685, 206.3071,  -3974.4097, -3051.9434, 204.5700,  240, 240, 240
L -3987.1658, -3020.4456, 204.5690,  -3987.7830, -3052.3699, 204.5690,  240, 240, 240
L -3987.1973, -3008.9998, 206.3111,  -3997.1204, -3009.3960, 206.2753,  0, 0, 0
L -3997.1204, -3009.3960, 206.2753,  -4002.5728, -3018.8748, 206.2399,  0, 0, 0
L -4002.5728, -3018.8748, 206.3006,  -4010.1116, -3024.2195, 206.3592,  0, 0, 0
L -4010.1116, -3024.2195, 206.3592,  -4010.1221, -3178.8716, 206.3317,  0, 0, 0
L -4010.1221, -3178.8716, 206.3317,  -4002.2554, -3184.2803, 206.2317,  0, 0, 0
L -4002.2554, -3184.2803, 206.8570,  -3996.7288, -3194.1709, 206.3060,  0, 0, 0
L -3996.7288, -3194.1709, 206.3060,  -3985.2083, -3194.1714, 206.3078,  0, 0, 0
L -3985.9900, -3183.4280, 206.3078,  -3985.6265, -3150.9102, 204.5700,  240, 240, 240
L -3942.3313, -3110.7356, 203.5570,  -3952.5774, -3110.7334, 204.5700,  0, 0, 0
L -3952.5767, -3113.5420, 204.5700,  -3952.5774, -3110.7334, 204.5700,  0, 0, 0
L -3952.5767, -3113.5420, 204.5700,  -3942.4688, -3113.5293, 204.5700,  0, 0, 0
L -3942.3313, -3110.7356, 203.5570,  -3942.4688, -3113.5293, 203.5570,  0, 0, 0
L -3949.7781, -3113.4944, 206.1016,  -3949.8660, -3178.9639, 206.3860,  0, 0, 0
L -3949.8660, -3178.9639, 206.3860,  -3957.6216, -3184.2664, 206.2980,  0, 0, 0
L -3957.6216, -3184.2664, 206.2433,  -3963.1934, -3194.1709, 206.3060,  0, 0, 0
L -3963.1934, -3194.1709, 206.3060,  -3974.6321, -3194.1736, 206.3094,  0, 0, 0
L -3973.4402, -3183.5635, 206.3094,  -3973.4839, -3150.7925, 204.5690,  240, 240, 240
L -3985.9900, -3183.4280, 224.5662,  -3999.1392, -3183.9761, 226.5849,  240, 240, 240
L -3999.1392, -3183.9761, 226.5849,  -3999.4358, -3020.4102, 226.5849,  240, 240, 240
L -3999.4358, -3020.4102, 226.5849,  -3987.1658, -3020.4456, 221.7212,  240, 240, 240
L -3962.6792, -3020.4788, 226.5849,  -3974.9739, -3020.6685, 221.5654,  240, 240, 240
L -3961.3689, -3021.3445, 226.5849,  -3961.7588, -3183.5696, 226.5849,  240, 240, 240
L -3961.7588, -3183.5696, 226.1885,  -3973.4402, -3183.5635, 221.7975,  240, 240, 240
L -3985.2083, -3194.1714, 221.7686,  -3985.2632, -3221.4749, 222.3040,  240, 240, 240
L -3985.2632, -3221.4749, 222.3040,  -3982.7969, -3234.3875, 224.9140,  240, 240, 240
L -3974.6321, -3194.1736, 221.9088,  -3974.4854, -3221.6143, 222.6200,  240, 240, 240
L -3974.4854, -3221.6143, 222.6200,  -3976.7107, -3234.1260, 224.8523,  240, 240, 240
L -3974.4849, -3221.6797, 230.9526,  -3965.3560, -3226.9351, 231.2610,  240, 240, 240
L -3965.3560, -3226.9351, 231.2610,  -3960.3125, -3232.9385, 231.3600,  240, 240, 240
L -3960.3125, -3232.9385, 231.3600,  -3957.6294, -3240.2776, 231.3200,  240, 240, 240
L -3957.6294, -3240.2776, 231.3200,  -3957.6260, -3248.6189, 231.5670,  240, 240, 240
L -3957.6260, -3248.6189, 231.5670,  -3960.2947, -3255.4102, 231.3100,  240, 240, 240
L -3960.2947, -3255.4102, 231.3100,  -3965.3494, -3261.4285, 231.3890,  240, 240, 240
L -3965.3494, -3261.4285, 231.3890,  -3972.1055, -3265.3201, 231.2720,  240, 240, 240
L -3972.1055, -3265.3201, 231.2720,  -3979.8118, -3266.6675, 231.3110,  240, 240, 240
L -3979.8118, -3266.6675, 231.3110,  -3987.4976, -3265.3018, 231.2950,  240, 240, 240
L -3987.4976, -3265.3018, 231.2950,  -3994.2256, -3261.4185, 231.3560,  240, 240, 240
L -3994.2256, -3261.4185, 231.3560,  -3999.2693, -3255.3936, 231.3230,  240, 240, 240
L -3999.2693, -3255.3936, 231.3230,  -4001.9275, -3248.6011, 231.2870,  240, 240, 240
L -4001.9275, -3248.6011, 231.2870,  -4001.9231, -3240.2637, 231.2900,  240, 240, 240
L -4001.9231, -3240.2637, 231.2900,  -3999.2300, -3232.9065, 231.2840,  240, 240, 240
L -3999.2300, -3232.9065, 231.2840,  -3994.2432, -3226.9622, 231.2900,  240, 240, 240
L -3994.2432, -3226.9622, 231.2900,  -3985.2100, -3221.7505, 231.2410,  240, 240, 240
L -3985.3831, -3007.4153, 221.9088,  -3985.1204, -2981.9097, 222.1329,  240, 240, 240
L -3985.1204, -2981.9097, 222.1329,  -3982.7886, -2968.8855, 225.3100,  240, 240, 240
L -3974.4380, -3001.9153, 221.7686,  -3974.4424, -2982.3438, 222.3340,  240, 240, 240
L -3974.4424, -2982.3438, 222.3340,  -3976.9856, -2968.8306, 225.4930,  240, 240, 240
L -3974.4861, -2982.1106, 231.1050,  -3965.4209, -2976.8711, 231.4700,  240, 240, 240
L -3965.4209, -2976.8711, 231.4700,  -3960.4146, -2970.9048, 231.4700,  240, 240, 240
L -3960.4146, -2970.9048, 231.4700,  -3957.7310, -2963.5459, 231.4730,  240, 240, 240
L -3957.7310, -2963.5459, 231.4730,  -3957.7371, -2955.7510, 231.5700,  240, 240, 240
L -3957.7371, -2955.7510, 231.5700,  -3960.4009, -2948.4202, 231.2930,  240, 240, 240
L -3960.4009, -2948.4202, 231.2930,  -3965.4136, -2942.4246, 231.9540,  240, 240, 240
L -3965.4136, -2942.4246, 231.9540,  -3972.2107, -2938.5115, 231.5620,  240, 240, 240
L -3972.2107, -2938.5115, 231.5620,  -3979.8855, -2937.1626, 231.2930,  240, 240, 240
L -3979.8855, -2937.1626, 231.2930,  -3987.5645, -2938.5164, 231.2900,  240, 240, 240
L -3987.5645, -2938.5164, 231.2900,  -3994.3445, -2942.4346, 231.4700,  240, 240, 240
L -3994.3445, -2942.4346, 231.4700,  -3999.3687, -2948.4307, 231.2940,  240, 240, 240
L -3999.3687, -2948.4307, 231.2940,  -4002.2820, -2955.7366, 231.2870,  240, 240, 240
L -4002.2820, -2955.7366, 231.2870,  -4002.3169, -2963.5540, 231.2540,  240, 240, 240
L -4002.3169, -2963.5540, 231.2540,  -3999.3628, -2970.8948, 231.3430,  240, 240, 240
L -3999.3628, -2970.8948, 231.3430,  -3994.3367, -2976.8838, 231.2860,  240, 240, 240
L -3994.3367, -2976.8838, 231.2860,  -3985.1663, -2982.1641, 230.9809,  240, 240, 240
L -3971.4280, -3221.3184, 203.5569,  -3964.1150, -3225.5425, 203.5569,  0, 0, 0
L -3964.1150, -3225.5425, 203.5569,  -3958.6875, -3232.2051, 203.5569,  0, 0, 0
L -3958.6875, -3232.2051, 203.5569,  -3955.8091, -3239.9473, 203.5569,  0, 0, 0
L -3955.8091, -3239.9473, 203.5569,  -3955.8052, -3248.4185, 203.5569,  0, 0, 0
L -3955.8052, -3248.4185, 203.5569,  -3958.6951, -3256.3550, 203.5569,  0, 0, 0
L -3958.6951, -3256.3550, 203.5569,  -3964.1338, -3262.8323, 203.5569,  0, 0, 0
L -3964.1338, -3262.8323, 203.5569,  -3971.4351, -3267.4590, 203.5569,  0, 0, 0
L -3979.7747, -3268.5225, 206.3800,  -3971.4351, -3267.4590, 205.7800,  0, 0, 0
L -3979.7747, -3268.5225, 205.9132,  -3988.1033, -3267.5398, 205.9133,  0, 0, 0
L -3988.1033, -3267.5398, 205.7353,  -3996.7273, -3262.7471, 205.7352,  0, 0, 0
L -3996.7273, -3262.7471, 203.5570,  -4001.9319, -3256.6167, 203.5570,  0, 0, 0
L -4004.3689, -3248.5298, 203.5570,  -4001.9319, -3256.6167, 203.5570,  0, 0, 0
L -4004.3689, -3248.5298, 203.5570,  -4004.4185, -3239.8240, 203.5570,  0, 0, 0
L -4004.4185, -3239.8240, 203.5570,  -4001.6050, -3231.6592, 203.5570,  0, 0, 0
L -4001.6050, -3231.6592, 203.5570,  -3995.4866, -3225.1580, 203.5570,  0, 0, 0
L -3995.4866, -3225.1580, 203.5570,  -3987.4136, -3220.3428, 203.5570,  0, 0, 0
L -3987.4136, -3220.3428, 203.5570,  -3978.9209, -3219.2627, 203.5570,  0, 0, 0
L -3978.9209, -3219.2627, 203.5570,  -3971.4280, -3221.3184, 203.5570,  0, 0, 0
L -3338.8721, -2445.5569, 65.1377,  -3088.9878, -2445.6365, 65.1363,  64, 64, 64
L -3338.8721, -2445.5569, 64.7934,  -3338.9744, -2366.3169, 64.9873,  64, 64, 64
L -3338.9744, -2366.3169, 65.3413,  -3414.5933, -2366.2068, 69.6123,  64, 64, 64
L -3414.5933, -2366.2068, 70.6975,  -3414.9048, -2199.5215, 71.3162,  64, 64, 64
L -3414.9048, -2199.5215, 71.2400,  -3369.3311, -2199.7605, 68.2776,  64, 64, 64
L -3311.8997, -2140.6475, 64.8208,  -3311.9180, -2155.8694, 64.7993,  0, 0, 0
L -3311.9180, -2155.8694, 64.7968,  -3309.9441, -2155.9932, 64.7963,  0, 0, 0
L -3309.9441, -2155.9932, 64.7963,  -3309.9441, -2194.7212, 64.7935,  0, 0, 0
L -3309.9441, -2194.7212, 64.7935,  -3311.9290, -2194.7310, 64.7935,  0, 0, 0
L -3311.9290, -2194.7310, 64.7935,  -3311.9290, -2210.9607, 64.7935,  0, 0, 0
L -3311.9290, -2210.9607, 64.7935,  -3298.5574, -2210.9788, 64.7935,  0, 0, 0
L -3298.5574, -2210.9788, 64.7935,  -3298.6006, -2208.9419, 64.7935,  0, 0, 0
L -3298.6006, -2208.9419, 64.7935,  -3280.9749, -2208.9419, 64.7935,  0, 0, 0
L -3280.9749, -2208.9419, 64.7935,  -3281.8101, -2210.9961, 64.7935,  0, 0, 0
L -3281.8101, -2210.9961, 64.7935,  -3268.6055, -2210.9900, 64.7935,  0, 0, 0
L -3268.6055, -2210.9900, 64.7935,  -3268.6016, -2194.7261, 64.7935,  0, 0, 0
L -3268.6016, -2194.7261, 64.7935,  -3269.7500, -2194.7234, 64.7935,  0, 0, 0
L -3269.7500, -2194.7234, 64.7935,  -3269.7515, -2181.2334, 64.7925,  0, 0, 0
L -3268.9573, -2180.8777, 64.7935,  -3270.1016, -2177.7239, 64.7935,  0, 0, 0
L -3270.1016, -2177.7239, 64.7935,  -3273.2444, -2178.8997, 64.7935,  0, 0, 0
L -3273.2444, -2178.8997, 64.8816,  -3272.1226, -2181.9849, 64.8476,  0, 0, 0
L -3272.4434, -2205.7759, 64.8469,  -3272.4473, -2181.9197, 64.8470,  0, 0, 0
L -3272.4434, -2205.7759, 64.8383,  -3307.2449, -2205.8350, 64.7935,  0, 0, 0
L -3307.2449, -2205.8350, 64.8247,  -3307.2754, -2145.6602, 64.8440,  0, 0, 0
L -3307.2754, -2145.6602, 64.8379,  -3272.4441, -2145.6663, 64.8380,  0, 0, 0
L -3272.4441, -2145.6663, 64.8469,  -3272.4478, -2169.5767, 64.8473,  0, 0, 0
L -3269.8860, -2168.9622, 64.8490,  -3273.1592, -2169.7476, 64.8770,  0, 0, 0
L -3273.1592, -2169.7476, 64.8824,  -3272.3057, -2172.9363, 64.8555,  0, 0, 0
L -3272.3057, -2172.9363, 64.7927,  -3269.6658, -2172.1143, 64.7938,  0, 0, 0
L -3269.8860, -2168.9622, 64.7938,  -3269.6658, -2172.1143, 64.7938,  0, 0, 0
L -3272.1226, -2181.9849, 64.7935,  -3268.9573, -2180.8777, 64.7935,  0, 0, 0
L -3269.7532, -2169.4744, 64.7942,  -3269.7527, -2156.3987, 64.7999,  0, 0, 0
L -3268.6055, -2156.4080, 64.8021,  -3268.6055, -2140.6487, 64.8075,  0, 0, 0
L -3268.6055, -2140.6487, 64.8067,  -3280.8716, -2140.6492, 64.8032,  0, 0, 0
L -3269.7527, -2156.3987, 64.7999,  -3268.6055, -2156.4080, 64.8007,  0, 0, 0
L -3280.8716, -2140.6492, 64.8020,  -3280.9341, -2141.7886, 64.8019,  0, 0, 0
L -3280.9341, -2141.7886, 64.8019,  -3298.6001, -2141.8008, 64.8558,  0, 0, 0
L -3298.6001, -2141.8008, 64.8558,  -3298.5469, -2140.6475, 64.8606,  0, 0, 0
L -3298.5469, -2140.6475, 64.8866,  -3311.8997, -2140.6475, 64.8893,  0, 0, 0
L -3128.1609, -2318.8069, 64.7925,  -3128.7688, -2310.5276, 64.7935,  0, 0, 0
L -3106.7537, -2310.2017, 65.3571,  -3106.7466, -2339.1448, 65.2708,  0, 0, 0
L -3106.7466, -2339.1448, 65.2708,  -3128.1968, -2339.8230, 65.3713,  0, 0, 0
L -3106.7537, -2310.2017, 64.5940,  -3128.7688, -2310.5276, 64.7935,  0, 0, 0
L -3128.1968, -2339.8230, 64.7926,  -3128.1099, -2331.9153, 64.7935,  0, 0, 0
L -3125.6084, -2374.1072, 64.7927,  -3125.5542, -2365.3433, 64.7935,  0, 0, 0
L -3125.5542, -2365.3433, 64.5746,  -3103.8726, -2365.5662, 64.7935,  0, 0, 0
L -3103.8726, -2365.5662, 64.6950,  -3104.1414, -2394.4800, 65.1817,  0, 0, 0
L -3125.6138, -2394.7288, 64.6872,  -3104.1414, -2394.4800, 64.7941,  0, 0, 0
L -3125.6138, -2394.7288, 64.8085,  -3125.5640, -2387.2107, 64.8036,  0, 0, 0
L -3350.8965, -2307.4788, 64.8097,  -3350.8975, -2320.9534, 64.7935,  0, 0, 0
L -3350.8975, -2320.9534, 64.7935,  -3349.7515, -2320.9583, 64.7935,  0, 0, 0
L -3349.7515, -2320.9583, 64.7935,  -3349.7432, -2336.3274, 64.7935,  0, 0, 0
L -3349.7432, -2336.3274, 64.8016,  -3362.1531, -2336.3318, 64.7956,  0, 0, 0
L -3362.1531, -2336.3318, 64.7935,  -3362.1199, -2335.1724, 64.7935,  0, 0, 0
L -3362.1199, -2335.1724, 64.7935,  -3379.7454, -2335.1724, 64.7935,  0, 0, 0
L -3379.7454, -2335.1724, 64.7935,  -3379.6980, -2336.3296, 64.7939,  0, 0, 0
L -3379.6980, -2336.3296, 64.7956,  -3392.2356, -2336.3306, 64.7956,  0, 0, 0
L -3392.2356, -2336.3306, 64.7935,  -3392.2422, -2320.9585, 64.7935,  0, 0, 0
L -3392.2422, -2320.9585, 64.7935,  -3391.9109, -2320.9539, 64.7935,  0, 0, 0
L -3391.9109, -2320.9539, 64.7935,  -3391.1121, -2282.2090, 64.7935,  0, 0, 0
L -3391.1121, -2282.2090, 64.7935,  -3392.2378, -2282.1121, 64.7935,  0, 0, 0
L -3392.2378, -2282.1121, 64.7935,  -3392.2371, -2266.8782, 64.7935,  0, 0, 0
L -3392.2371, -2266.8782, 64.7935,  -3379.6868, -2266.8770, 64.7935,  0, 0, 0
L -3379.6868, -2266.8770, 64.7935,  -3379.7454, -2268.3147, 64.7935,  0, 0, 0
L -3379.7454, -2268.3147, 64.7935,  -3362.7898, -2268.1851, 64.7935,  0, 0, 0
L -3362.7898, -2268.1851, 64.7935,  -3362.1558, -2266.8726, 64.7935,  0, 0, 0
L -3362.1558, -2266.8726, 64.7935,  -3349.7461, -2266.8782, 64.7935,  0, 0, 0
L -3349.7461, -2266.8782, 64.7935,  -3349.7466, -2282.5164, 64.7935,  0, 0, 0
L -3350.8975, -2282.5049, 64.7935,  -3350.8975, -2295.7212, 65.5284,  0, 0, 0
L -3351.3357, -2295.2122, 65.5284,  -3350.1963, -2298.3428, 64.7935,  0, 0, 0
L -3353.4512, -2299.1653, 64.7930,  -3350.1963, -2298.3428, 64.7935,  0, 0, 0
L -3353.4512, -2299.1653, 64.8637,  -3354.3057, -2295.9734, 64.9080,  0, 0, 0
L -3354.3057, -2295.9734, 64.8662,  -3351.3357, -2295.2122, 64.8503,  0, 0, 0
L -3353.6299, -2295.8162, 64.8503,  -3353.5574, -2271.9043, 64.8472,  0, 0, 0
L -3353.5574, -2271.9043, 64.8384,  -3388.3948, -2271.8877, 64.8379,  0, 0, 0
L -3388.3948, -2271.8877, 64.8465,  -3388.3921, -2331.3135, 64.8469,  0, 0, 0
L -3388.3921, -2331.3135, 64.8379,  -3353.5923, -2331.3052, 64.8382,  0, 0, 0
L -3353.5923, -2331.3052, 64.8469,  -3353.5894, -2307.4622, 64.8473,  0, 0, 0
L -3353.3250, -2308.2566, 64.8473,  -3354.3650, -2305.1309, 64.9017,  0, 0, 0
L -3354.3650, -2305.1309, 64.8464,  -3351.2532, -2303.9478, 64.7935,  0, 0, 0
L -3351.2532, -2303.9478, 64.7935,  -3350.1011, -2307.1016, 64.7935,  0, 0, 0
L -3353.3250, -2308.2566, 64.7935,  -3350.1011, -2307.1016, 64.7935,  0, 0, 0
L -3350.8975, -2282.5049, 64.7935,  -3349.7466, -2282.5164, 64.7935,  0, 0, 0
L -3222.1543, -2209.6294, 64.7935,  -3234.6890, -2209.6326, 64.7935,  0, 0, 0
L -3234.6890, -2209.6326, 64.7935,  -3234.6951, -2194.2593, 64.7935,  0, 0, 0
L -3233.5459, -2194.2566, 64.7935,  -3234.6951, -2194.2593, 64.7935,  0, 0, 0
L -3233.5452, -2194.2566, 64.7935,  -3233.5618, -2155.5125, 64.8025,  0, 0, 0
L -3233.5535, -2155.5132, 64.8025,  -3234.6897, -2155.5093, 64.8025,  0, 0, 0
L -3234.6897, -2155.5093, 64.8041,  -3234.6968, -2140.1746, 64.8064,  0, 0, 0
L -3234.6968, -2140.1746, 64.8071,  -3222.1558, -2140.1841, 64.8048,  0, 0, 0
L -3222.1558, -2140.1841, 64.8033,  -3222.2012, -2141.3340, 64.8033,  0, 0, 0
L -3222.2012, -2141.3340, 64.8033,  -3204.5784, -2141.3340, 64.7955,  0, 0, 0
L -3204.5784, -2141.3340, 64.7955,  -3204.3926, -2140.1797, 64.7955,  0, 0, 0
L -3204.3926, -2140.1797, 64.7947,  -3192.2063, -2140.1802, 64.7648,  0, 0, 0
L -3192.2063, -2140.1802, 64.7537,  -3192.2068, -2155.7920, 64.7537,  0, 0, 0
L -3192.2068, -2155.7920, 64.7553,  -3193.3533, -2155.7393, 64.7596,  0, 0, 0
L -3193.3533, -2155.7393, 64.7596,  -3193.3523, -2169.3738, 64.7596,  0, 0, 0
L -3193.4927, -2168.5110, 64.7596,  -3192.6565, -2171.6431, 64.7665,  0, 0, 0
L -3192.6565, -2171.6431, 64.7728,  -3195.9075, -2172.4717, 64.7935,  0, 0, 0
L -3196.7598, -2169.2769, 64.8742,  -3195.9075, -2172.4717, 64.8571,  0, 0, 0
L -3196.9380, -2169.1204, 64.8519,  -3195.9993, -2145.2439, 64.8473,  0, 0, 0
L -3195.9993, -2145.2439, 64.8379,  -3230.8523, -2145.8887, 64.8315,  0, 0, 0
L -3230.8523, -2145.8887, 64.8465,  -3230.8494, -2204.6099, 64.8466,  0, 0, 0
L -3230.8494, -2204.6099, 64.8382,  -3196.5088, -2204.6099, 64.8383,  0, 0, 0
L -3196.4639, -2181.4219, 64.8470,  -3196.5088, -2204.6099, 64.8470,  0, 0, 0
L -3195.7249, -2181.5469, 64.8470,  -3196.8418, -2178.4314, 64.8979,  0, 0, 0
L -3193.7112, -2177.2566, 64.7935,  -3196.8418, -2178.4314, 64.8273,  0, 0, 0
L -3192.5513, -2180.4009, 64.7935,  -3193.7112, -2177.2566, 64.7935,  0, 0, 0
L -3195.7249, -2181.5469, 64.7925,  -3192.5513, -2180.4009, 64.7935,  0, 0, 0
L -3196.7598, -2169.2769, 64.8777,  -3193.4927, -2168.5110, 64.8512,  0, 0, 0
L -3193.3528, -2180.8599, 64.7935,  -3193.3516, -2194.2571, 64.7935,  0, 0, 0
L -3193.3516, -2194.2571, 64.7935,  -3192.2073, -2194.2598, 64.7935,  0, 0, 0
L -3192.2073, -2194.2598, 64.7935,  -3192.2056, -2209.6309, 64.7935,  0, 0, 0
L -3192.2056, -2209.6309, 64.7935,  -3204.6587, -2209.6299, 64.7935,  0, 0, 0
L -3204.6587, -2209.6299, 64.7935,  -3204.5757, -2208.4751, 64.7935,  0, 0, 0
L -3204.5757, -2208.4751, 64.7935,  -3222.2017, -2208.4751, 64.7935,  0, 0, 0
L -3222.2017, -2208.4751, 64.7935,  -3222.1543, -2209.6294, 64.7935,  0, 0, 0
L -3243.3882, -416.5860, -3.8291,  -3244.1536, -732.6917, -1.5480,  64, 64, 64
L -3244.1536, -732.6917, -2.4079,  -3274.6670, -715.6648, -3.8184,  64, 64, 64
L -3274.6670, -715.6648, -6.6563,  -3293.6150, -715.9145, -7.4836,  64, 64, 64
L -3293.6150, -715.9145, -7.4836,  -3293.8267, -738.4339, -7.7477,  64, 64, 64
L -3293.8267, -738.4339, -7.6398,  -3471.6653, -739.5377, -7.8692,  64, 64, 64
L -3471.6653, -739.5377, -8.3420,  -3471.9087, -765.4280, -7.9680,  64, 64, 64
L -3471.9087, -765.4280, -7.7835,  -3552.5503, -766.1413, -7.7351,  64, 64, 64
L -3552.5503, -766.1413, -7.8266,  -3552.1199, -716.3337, -7.8643,  64, 64, 64
L -3552.1199, -716.3337, -7.8421,  -3603.8794, -716.6371, -7.8666,  64, 64, 64
L -3603.8794, -716.6371, -7.8746,  -3603.1719, -642.3619, -7.8689,  64, 64, 64
L -3603.1719, -642.3619, -7.8384,  -3629.7764, -642.4787, -7.8682,  64, 64, 64
L -3629.7764, -642.4787, -7.9314,  -3629.5625, -461.5455, -8.2144,  64, 64, 64
L -3629.5625, -461.5455, -7.8544,  -3548.9087, -461.9440, -7.8677,  64, 64, 64
L -3548.9087, -461.9440, -7.9214,  -3548.1265, -413.7663, -8.1153,  64, 64, 64
L -3548.1265, -413.7663, -7.9146,  -3443.7029, -413.2638, -8.2050,  64, 64, 64
L -3392.4910, -414.9352, -7.7363,  -3243.3882, -416.5860, -7.5292,  64, 64, 64
L -3512.4402, -436.6089, -8.3496,  -3519.3389, -430.2332, -8.3867,  0, 0, 0
L -3519.3389, -430.2332, -8.3867,  -3528.7896, -430.3075, -8.2104,  0, 0, 0
L -3528.7896, -430.3075, -8.2104,  -3535.9595, -437.3011, -8.4044,  0, 0, 0
L -3535.9595, -437.3011, -8.4044,  -3536.4246, -447.3799, -8.4057,  0, 0, 0
L -3536.4246, -447.3799, -8.4057,  -3528.7488, -454.6716, -8.4878,  0, 0, 0
L -3528.7488, -454.6716, -8.4878,  -3518.7676, -454.5230, -8.2077,  0, 0, 0
L -3518.7676, -454.5230, -8.2077,  -3512.9761, -447.7742, -8.2063,  0, 0, 0
L -3557.6968, -480.2466, -8.2382,  -3574.5503, -480.4327, -8.2067,  0, 0, 0
L -3574.5503, -480.4327, -8.2068,  -3573.8914, -493.1243, -8.2070,  0, 0, 0
L -3573.8914, -493.1243, -8.2071,  -3557.5828, -493.6381, -8.2068,  0, 0, 0
L -3545.5535, -525.6695, -8.2068,  -3553.3379, -518.4452, -8.3003,  0, 0, 0
L -3553.3379, -518.4452, -8.3003,  -3562.7898, -518.4886, -8.2088,  0, 0, 0
L -3562.7898, -518.4886, -8.2088,  -3569.9495, -525.6219, -8.3207,  0, 0, 0
L -3569.9495, -525.6219, -8.3207,  -3569.8960, -535.7157, -8.3262,  0, 0, 0
L -3569.8960, -535.7157, -8.3262,  -3562.8201, -542.7653, -8.3194,  0, 0, 0
L -3562.8201, -542.7653, -8.3194,  -3552.7664, -542.7848, -8.3390,  0, 0, 0
L -3552.7664, -542.7848, -8.3390,  -3545.3799, -535.3431, -8.2068,  0, 0, 0
L -3541.2461, -567.5760, -8.2081,  -3541.3018, -558.6929, -8.2066,  0, 0, 0
L -3541.3018, -558.6929, -8.2080,  -3562.9495, -558.7408, -8.2066,  0, 0, 0
L -3562.9495, -558.7408, -8.2889,  -3562.8616, -587.7571, -8.2063,  0, 0, 0
L -3562.8616, -587.7571, -8.2063,  -3541.2466, -587.6970, -8.2063,  0, 0, 0
L -3541.2466, -587.6970, -8.2063,  -3541.2959, -579.8577, -8.2063,  0, 0, 0
L -3532.4048, -626.8137, -8.2063,  -3545.7449, -626.8101, -8.2063,  0, 0, 0
L -3545.7449, -626.8101, -8.2063,  -3545.8169, -627.9645, -8.2063,  0, 0, 0
L -3545.8169, -627.9645, -8.2063,  -3562.3997, -627.9640, -8.2063,  0, 0, 0
L -3562.3997, -627.9640, -8.2063,  -3562.1980, -626.8127, -8.2063,  0, 0, 0
L -3562.1980, -626.8127, -8.2063,  -3574.8882, -626.8102, -8.2063,  0, 0, 0
L -3574.8882, -626.8102, -8.2063,  -3574.8914, -642.4092, -8.2063,  0, 0, 0
L -3574.8914, -642.4092, -8.2063,  -3573.7432, -642.4142, -8.2063,  0, 0, 0
L -3573.7432, -642.4142, -8.2063,  -3573.7439, -680.8871, -8.2063,  0, 0, 0
L -3573.7439, -680.8871, -8.2063,  -3574.8921, -680.8890, -8.2063,  0, 0, 0
L -3574.8921, -680.8890, -8.2063,  -3574.8882, -696.2599, -8.2063,  0, 0, 0
L -3574.8882, -696.2599, -8.2063,  -3562.3560, -696.2621, -8.2063,  0, 0, 0
L -3562.3560, -696.2621, -8.2063,  -3562.3997, -695.1055, -8.2063,  0, 0, 0
L -3562.3997, -695.1055, -8.2063,  -3544.7747, -695.1050, -8.2063,  0, 0, 0
L -3544.7747, -695.1050, -8.2063,  -3544.8069, -696.2613, -8.2063,  0, 0, 0
L -3544.8069, -696.2613, -8.2063,  -3532.4058, -696.2617, -8.2063,  0, 0, 0
L -3532.4058, -696.2617, -8.2063,  -3532.4026, -680.8940, -8.2063,  0, 0, 0
L -3532.4026, -680.8940, -8.2063,  -3533.5518, -680.8855, -8.2063,  0, 0, 0
L -3533.5518, -680.8855, -8.2063,  -3533.4534, -667.2780, -8.2070,  0, 0, 0
L -3535.9246, -668.1412, -8.2073,  -3532.7576, -667.4529, -8.2063,  0, 0, 0
L -3532.7576, -667.4529, -8.2063,  -3533.8997, -663.8848, -8.2063,  0, 0, 0
L -3533.8997, -663.8848, -8.2063,  -3537.4185, -665.6970, -8.1471,  0, 0, 0
L -3535.9246, -668.1412, -8.1414,  -3537.4185, -665.6970, -8.1022,  0, 0, 0
L -3536.2454, -667.7595, -8.1529,  -3536.2454, -691.2432, -8.1529,  0, 0, 0
L -3536.2454, -691.2432, -8.1618,  -3571.4568, -691.2404, -8.1617,  0, 0, 0
L -3571.4568, -691.2404, -8.1531,  -3571.5000, -631.8229, -8.1531,  0, 0, 0
L -3571.5000, -631.8229, -8.1620,  -3536.2437, -631.8296, -8.1618,  0, 0, 0
L -3536.2437, -631.8296, -8.1530,  -3536.2454, -655.7401, -8.1527,  0, 0, 0
L -3536.1038, -659.1031, -8.1376,  -3536.9612, -655.9061, -8.7820,  0, 0, 0
L -3532.8611, -658.2747, -8.2063,  -3536.1038, -659.1031, -8.2020,  0, 0, 0
L -3532.8611, -658.2747, -8.2063,  -3533.6819, -655.1458, -8.2063,  0, 0, 0
L -3533.5496, -655.6490, -8.2063,  -3533.5518, -642.2723, -8.2063,  0, 0, 0
L -3533.5518, -642.2723, -8.2063,  -3532.4048, -642.2880, -8.2063,  0, 0, 0
L -3532.4048, -642.2880, -8.2063,  -3532.4048, -626.8137, -8.2063,  0, 0, 0
L -3533.6819, -655.1458, -8.1495,  -3536.9612, -655.9061, -8.1358,  0, 0, 0
L -3342.2432, -644.2358, -8.2063,  -3357.6980, -644.4373, -8.2390,  0, 0, 0
L -3357.6980, -644.4373, -8.5950,  -3357.6985, -632.6559, -8.2063,  0, 0, 0
L -3357.6985, -632.6559, -8.2063,  -3356.5413, -632.1046, -8.2090,  0, 0, 0
L -3356.5413, -632.1046, -8.2090,  -3356.5408, -614.4832, -8.2052,  0, 0, 0
L -3356.5408, -614.4832, -8.2052,  -3357.6985, -614.5279, -8.2063,  0, 0, 0
L -3357.6985, -614.5279, -8.2063,  -3357.6956, -602.2079, -8.2063,  0, 0, 0
L -3357.6956, -602.2079, -8.2063,  -3342.3257, -601.6749, -8.2063,  0, 0, 0
L -3342.3257, -601.6749, -8.2063,  -3342.3223, -602.8499, -8.2073,  0, 0, 0
L -3342.3223, -602.8499, -8.2073,  -3331.2422, -602.3525, -8.2837,  0, 0, 0
L -3331.2422, -602.3525, -8.2837,  -3303.5735, -601.9473, -8.2063,  0, 0, 0
L -3303.5735, -601.9473, -8.2075,  -3303.4739, -600.7806, -8.2063,  0, 0, 0
L -3303.4739, -600.7806, -8.1972,  -3288.2476, -601.4659, -8.1580,  0, 0, 0
L -3288.2476, -601.4659, -8.1562,  -3288.2427, -614.2872, -8.8730,  0, 0, 0
L -3288.2427, -614.2872, -8.1844,  -3289.4004, -614.2084, -8.1432,  0, 0, 0
L -3289.4004, -614.2084, -8.1432,  -3289.3992, -631.6210, -8.1608,  0, 0, 0
L -3289.3992, -631.6210, -8.1608,  -3288.2476, -631.5511, -8.1588,  0, 0, 0
L -3288.2476, -631.5511, -8.1548,  -3288.2471, -644.2614, -8.1475,  0, 0, 0
L -3288.2471, -644.2614, -8.1254,  -3303.9800, -644.2367, -8.1675,  0, 0, 0
L -3303.4380, -640.9283, -8.1734,  -3303.9800, -644.2367, -8.1739,  0, 0, 0
L -3303.4380, -640.9283, -8.2311,  -3292.2112, -640.8306, -8.1539,  0, 0, 0
L -3292.2112, -640.8306, -8.1539,  -3292.2278, -604.4162, -7.9859,  0, 0, 0
L -3292.2278, -604.4162, -7.9859,  -3353.7339, -604.7943, -8.2052,  0, 0, 0
L -3353.7339, -604.7943, -8.2052,  -3353.7339, -641.6617, -8.2063,  0, 0, 0
L -3353.7339, -641.6617, -8.2063,  -3342.3423, -641.5683, -8.2055,  0, 0, 0
L -3342.2432, -644.2358, -8.2063,  -3342.3423, -641.5683, -8.2063,  0, 0, 0
L -3364.7056, -516.1238, -8.2063,  -3355.7056, -516.1888, -8.2063,  0, 0, 0
L -3355.7056, -516.1888, -8.2081,  -3355.8538, -537.8324, -8.2063,  0, 0, 0
L -3355.8538, -537.8324, -8.3208,  -3384.9600, -537.6796, -8.2063,  0, 0, 0
L -3384.9600, -537.6796, -8.4204,  -3384.6929, -516.7469, -8.2063,  0, 0, 0
L -3384.6929, -516.7469, -8.2077,  -3376.8091, -516.1323, -8.2063,  0, 0, 0
L -3313.2620, -503.2885, -7.9911,  -3305.9705, -496.1147, -7.7595,  0, 0, 0
L -3305.9705, -496.1147, -7.7595,  -3296.1365, -496.1005, -7.7572,  0, 0, 0
L -3296.1365, -496.1005, -7.7572,  -3289.6680, -503.1471, -7.7455,  0, 0, 0
L -3289.6680, -503.1471, -7.7455,  -3289.3401, -512.9742, -7.8818,  0, 0, 0
L -3289.3401, -512.9742, -7.8818,  -3296.2410, -520.1498, -8.4050,  0, 0, 0
L -3296.2410, -520.1498, -8.4050,  -3305.9971, -520.2155, -8.1814,  0, 0, 0
L -3305.9971, -520.2155, -8.1814,  -3313.3677, -512.7888, -8.3950,  0, 0, 0
L -3451.7959, -518.3260, -8.2279,  -3440.9080, -519.5240, -7.5202,  0, 0, 0
L -3440.9080, -519.5240, -8.3484,  -3441.1360, -540.8160, -8.2063,  0, 0, 0
L -3441.1360, -540.8160, -8.2767,  -3470.5149, -540.7193, -8.2063,  0, 0, 0
L -3470.5149, -540.7193, -8.2063,  -3470.4878, -519.4335, -8.2063,  0, 0, 0
L -3460.7698, -519.1399, -8.2063,  -3470.4878, -519.4335, -7.6138,  0, 0, 0
L -321.5595, -1459.4351, 28.7937,  -316.3901, -1449.2566, 28.7937,  0, 0, 0
L -316.3901, -1449.2566, 28.7937,  -305.8736, -1445.6481, 28.7937,  0, 0, 0
L -305.8736, -1445.6481, 28.7937,  -297.7194, -1450.6288, 28.7945,  0, 0, 0
L -300.5563, -1448.8960, 28.7945,  -194.4219, -1449.1830, 28.7946,  0, 0, 0
L -193.2943, -1446.9679, 28.7937,  -183.2622, -1443.3350, 28.7937,  0, 0, 0
L -183.2622, -1443.3350, 28.7937,  -175.7291, -1446.1421, 28.7946,  0, 0, 0
L -176.5692, -1445.7957, 28.7946,  -65.5224, -1446.7780, 28.7937,  0, 0, 0
L -65.5224, -1446.7780, 28.7937,  -65.2233, -1445.5420, 28.7937,  0, 0, 0
L -64.5657, -1444.6642, 28.8505,  -54.7366, -1441.3230, 28.7937,  0, 0, 0
L -54.7366, -1441.3230, 28.7937,  -44.8267, -1446.7134, 28.7945,  0, 0, 0
L -48.6910, -1444.6117, 28.7945,  63.3997, -1444.3915, 28.7959,  0, 0, 0
L 63.9012, -1484.1128, 28.7959,  63.3173, -1437.8583, 28.7954,  0, 0, 0
L 63.3173, -1437.8583, 28.7954,  84.2686, -1434.2273, 28.7944,  0, 0, 0
L 84.2686, -1434.2273, 28.7944,  107.5344, -1434.8145, 28.7937,  0, 0, 0
L 107.5344, -1434.8145, 28.7937,  111.4676, -1439.2455, 28.7937,  0, 0, 0
L 111.4676, -1439.2455, 28.7937,  111.4157, -1482.4164, 28.7937,  0, 0, 0
L 111.4157, -1482.4164, 28.7937,  107.1811, -1486.6216, 28.7937,  0, 0, 0
L 107.1811, -1486.6216, 28.7937,  100.8251, -1486.3838, 28.7937,  0, 0, 0
L 100.8251, -1486.3838, 28.7937,  92.1734, -1487.4557, 28.7937,  0, 0, 0
L 92.1734, -1487.4557, 28.7937,  82.6329, -1487.3278, 28.7937,  0, 0, 0
L 82.6329, -1487.3278, 28.7937,  76.3259, -1486.2018, 28.7937,  0, 0, 0
L 76.3259, -1486.2018, 28.7937,  68.5400, -1486.5625, 28.7937,  0, 0, 0
L 68.5400, -1486.5625, 28.7937,  63.9012, -1484.1128, 28.7937,  0, 0, 0
L 63.6409, -1466.4430, 28.7939,  -50.2098, -1466.6050, 28.7938,  0, 0, 0
L -50.5116, -1466.9142, 28.7938,  -58.9288, -1468.4689, 28.7941,  0, 0, 0
L -58.9288, -1468.4689, 28.7941,  -66.5302, -1464.6664, 28.7937,  0, 0, 0
L -66.5302, -1464.6664, 28.7856,  -70.6337, -1454.4146, 28.7937,  0, 0, 0
L -70.6337, -1454.4146, 28.7937,  -64.5657, -1444.6642, 28.7937,  0, 0, 0
L -44.6529, -1460.9137, 28.7937,  -50.5116, -1466.9142, 28.7937,  0, 0, 0
L -44.6529, -1460.9137, 28.7937,  -44.8267, -1446.7134, 28.7937,  0, 0, 0
L -60.1910, -1467.9235, 28.7937,  -176.1125, -1467.8145, 28.7946,  0, 0, 0
L -176.2500, -1467.7814, 28.7946,  -184.1300, -1470.8528, 28.7937,  0, 0, 0
L -184.1300, -1470.8528, 28.7937,  -193.2848, -1466.5315, 28.7937,  0, 0, 0
L -193.2848, -1466.5315, 28.7937,  -197.8380, -1456.4280, 28.7937,  0, 0, 0
L -197.8380, -1456.4280, 28.7937,  -193.2943, -1446.9679, 28.7937,  0, 0, 0
L -171.6125, -1455.9164, 28.7937,  -176.2500, -1467.7814, 28.7937,  0, 0, 0
L -171.6125, -1455.9164, 28.7937,  -175.7286, -1446.1425, 28.7937,  0, 0, 0
L -184.7910, -1470.8766, 28.7937,  -299.7688, -1470.8390, 28.7946,  0, 0, 0
L -299.5070, -1470.7697, 28.7946,  -309.2076, -1473.3383, 28.7938,  0, 0, 0
L -309.2076, -1473.3383, 28.7938,  -318.4572, -1468.8710, 28.7937,  0, 0, 0
L -318.4572, -1468.8710, 28.7937,  -321.5595, -1459.4351, 28.7937,  0, 0, 0
L -296.4140, -1462.9529, 28.7942,  -299.5070, -1470.7697, 28.7937,  0, 0, 0
L -297.7194, -1450.6288, 28.7937,  -296.4140, -1462.9529, 28.7937,  0, 0, 0
L 183.3091, -1483.6924, 28.7937,  183.4201, -1437.1747, 28.7937,  0, 0, 0
L 183.4201, -1437.1747, 28.7937,  187.7495, -1435.1021, 28.7945,  0, 0, 0
L 187.7495, -1435.1021, 28.7945,  194.5400, -1435.1581, 28.7937,  0, 0, 0
L 194.5400, -1435.1581, 28.7937,  206.4515, -1434.8560, 28.7937,  0, 0, 0
L 206.4515, -1434.8560, 28.7937,  212.9987, -1434.9401, 28.7937,  0, 0, 0
L 212.9987, -1434.9401, 28.7937,  219.4950, -1434.7859, 28.7937,  0, 0, 0
L 219.4950, -1434.7859, 28.7937,  222.6584, -1439.5380, 28.7937,  0, 0, 0
L 222.6584, -1439.5380, 28.7937,  222.6023, -1482.1901, 28.7937,  0, 0, 0
L 222.6023, -1482.1901, 28.7937,  218.8796, -1486.5542, 28.7938,  0, 0, 0
L 218.8796, -1486.5542, 28.7938,  211.5680, -1486.7217, 28.7937,  0, 0, 0
L 211.5680, -1486.7217, 28.7937,  201.1068, -1487.7234, 28.7937,  0, 0, 0
L 201.1068, -1487.7234, 28.7937,  195.4784, -1486.3169, 28.7940,  0, 0, 0
L 195.4784, -1486.3169, 28.7940,  186.4772, -1486.8550, 28.7937,  0, 0, 0
L 186.4772, -1486.8550, 28.7937,  183.3091, -1483.6924, 28.7937,  0, 0, 0
L -65.7047, -1265.8765, 64.4204,  -93.4577, -1265.8844, 64.4346,  0, 0, 0
L -79.4849, -1265.8804, 64.4436,  -81.8106, -1272.2548, 64.4120,  0, 0, 0
L -81.8106, -1272.2548, 64.4120,  -98.8276, -1289.1133, 64.4209,  0, 0, 0
L -123.2439, -1296.3190, 64.3873,  -98.8276, -1289.1133, 64.4209,  0, 0, 0
L -123.2439, -1296.3190, 64.3747,  -147.2938, -1289.1404, 64.4012,  0, 0, 0
L -147.2938, -1289.1404, 64.4120,  -165.6580, -1271.8770, 64.4209,  0, 0, 0
L -165.6580, -1271.8770, 64.4206,  -171.8382, -1247.4634, 64.4209,  0, 0, 0
L -171.8382, -1247.4634, 64.4209,  -165.8865, -1223.4170, 64.4209,  0, 0, 0
L -165.8865, -1223.4170, 64.4209,  -147.1105, -1204.6465, 64.4179,  0, 0, 0
L -147.1105, -1204.6465, 64.4209,  -123.1313, -1199.8700, 64.4209,  0, 0, 0
L -123.1313, -1199.8700, 64.4209,  -99.5320, -1205.6598, 64.4209,  0, 0, 0
L -99.5320, -1205.6598, 64.4209,  -81.7446, -1223.4666, 64.4145,  0, 0, 0
L -81.7446, -1223.4666, 64.3933,  -80.1850, -1229.2168, 64.3923,  0, 0, 0
L -93.4591, -1229.2190, 64.3923,  -65.7047, -1229.2145, 64.3250,  0, 0, 0
L -65.7047, -1229.2145, 64.3174,  -65.7008, -1237.8501, 64.4380,  0, 0, 0
L -65.7008, -1237.8501, 64.9295,  -93.4578, -1237.8738, 67.5480,  0, 0, 0
L -93.4578, -1237.8738, 67.5480,  -93.4591, -1229.2190, 67.5480,  0, 0, 0
L -93.3800, -1229.4308, 67.5489,  -105.6300, -1216.5292, 67.5482,  0, 0, 0
L -105.6300, -1216.5292, 67.5482,  -113.9470, -1228.7582, 67.5480,  0, 0, 0
L -113.9470, -1228.7582, 67.5568,  -124.6054, -1225.8456, 67.5494,  0, 0, 0
L -124.6054, -1225.8456, 67.5494,  -135.2604, -1228.6563, 67.5571,  0, 0, 0
L -135.2604, -1228.6563, 67.5571,  -143.3035, -1236.7273, 67.5537,  0, 0, 0
L -143.3035, -1236.7273, 67.5537,  -146.8000, -1247.3179, 67.5644,  0, 0, 0
L -146.8000, -1247.3179, 67.5644,  -143.2497, -1258.3584, 67.5532,  0, 0, 0
L -143.2497, -1258.3584, 67.5532,  -135.5170, -1266.1215, 67.5712,  0, 0, 0
L -135.5170, -1266.1215, 67.5712,  -124.3870, -1269.1321, 67.5480,  240, 240, 240
L -124.3870, -1269.1321, 67.5480,  -114.3675, -1266.4196, 67.5480,  240, 240, 240
L -93.4575, -1257.2382, 67.5480,  -93.4577, -1266.3257, 67.5480,  0, 0, 0
L -93.4577, -1266.3257, 68.9350,  -105.6941, -1278.4286, 67.5488,  0, 0, 0
L -105.6941, -1278.4286, 67.5488,  -123.8461, -1284.1028, 74.3280,  240, 240, 240
L -123.8461, -1284.1028, 74.3280,  -141.7943, -1280.3051, 81.2162,  240, 240, 240
L -93.4575, -1257.2382, 67.5478,  -65.7056, -1257.2439, 64.8901,  0, 0, 0
L -65.7056, -1257.2439, 64.5400,  -65.7047, -1265.8765, 64.5065,  0, 0, 0
L -74.7026, -1257.2417, 69.6925,  -74.7112, -1265.8788, 69.6925,  0, 0, 0
L -68.8491, -1257.2433, 66.8400,  -68.7630, -1265.8772, 66.8400,  0, 0, 0
L -74.7061, -1229.2157, 69.6925,  -74.7057, -1237.8578, 69.6925,  0, 0, 0
L -68.7058, -1229.2146, 66.8393,  -68.7044, -1237.8527, 66.8393,  0, 0, 0
L -79.5293, -1363.2217, 28.7938,  -56.2510, -1346.7909, 29.5020,  64, 64, 64
L -56.2510, -1346.7909, 29.5020,  -33.5084, -1343.6929, 28.7937,  64, 64, 64
L -33.5084, -1343.6929, 28.7937,  -9.3063, -1336.8545, 29.4356,  64, 64, 64
L -9.3063, -1336.8545, 29.4356,  2.3310, -1324.2970, 28.7937,  64, 64, 64
L 2.3310, -1324.2970, 28.7937,  4.8784, -1292.9384, 28.7937,  64, 64, 64
L 4.8784, -1292.9384, 28.7937,  1.5378, -1284.7339, 28.7937,  64, 64, 64
L 1.7823, -1284.7217, 28.7937,  35.2959, -1284.7245, 28.7937,  0, 0, 0
L 2.3200, -1211.4972, 28.7936,  8.4600, -1202.4695, 28.7937,  64, 64, 64
L 8.4600, -1202.4695, 28.7937,  5.6703, -1170.1830, 28.7937,  64, 64, 64
L 5.6703, -1170.1830, 28.7937,  -10.1603, -1150.2898, 28.7960,  64, 64, 64
L -10.1603, -1150.2898, 28.7960,  -34.1460, -1135.5795, 28.7937,  64, 64, 64
L -34.1460, -1135.5795, 28.7937,  -54.9435, -1140.8711, 28.7937,  64, 64, 64
L -54.9435, -1140.8711, 28.7937,  -82.1707, -1156.6934, 28.8133,  64, 64, 64
L -82.1707, -1156.6934, 28.8133,  -101.7139, -1159.6000, 29.1829,  64, 64, 64
L -101.7139, -1159.6000, 29.1829,  -99.5065, -1152.2394, 28.7937,  64, 64, 64
L -99.5065, -1152.2394, 28.7937,  -101.1770, -1129.4501, 29.4472,  64, 64, 64
L -101.1770, -1129.4501, 29.4472,  -96.5862, -1125.5724, 28.7937,  64, 64, 64
L -96.5862, -1125.5724, 28.7937,  -97.8994, -1120.8296, 28.7937,  64, 64, 64
L -97.8994, -1120.8296, 28.7937,  -98.8413, -1111.7819, 28.7937,  64, 64, 64
L -98.8413, -1111.7819, 28.7937,  -122.2880, -1099.4008, 28.7937,  64, 64, 64
L -122.2880, -1099.4008, 28.7937,  -144.3229, -1097.5282, 28.7937,  64, 64, 64
L -144.3229, -1097.5282, 28.7937,  -169.3437, -1110.9823, 28.7937,  64, 64, 64
L -169.2638, -1134.7522, 28.7937,  -174.2923, -1154.7952, 28.8439,  64, 64, 64
L -174.2923, -1154.7952, 28.8439,  -173.9466, -1161.8217, 28.7937,  64, 64, 64
L -173.9466, -1161.8217, 28.7937,  -200.2887, -1164.2709, 28.7937,  64, 64, 64
L -200.2887, -1164.2709, 28.7937,  -220.6157, -1176.2000, 28.7937,  64, 64, 64
L -220.6157, -1176.2000, 28.7937,  -228.9875, -1190.2272, 28.8777,  64, 64, 64
L -228.9875, -1190.2272, 28.8777,  -226.2096, -1242.6884, 49.3770,  64, 64, 64
L -226.2096, -1242.6884, 49.3770,  -229.7352, -1258.6720, 54.9553,  64, 64, 64
L -230.7257, -1217.6143, 28.7937,  -252.3611, -1217.3062, 28.7937,  64, 64, 64
L -252.3611, -1217.3062, 28.7937,  -299.3195, -1213.9672, 28.7937,  64, 64, 64
L -299.3195, -1213.9672, 28.7937,  -302.1365, -1238.1830, 30.1109,  64, 64, 64
L -302.1365, -1238.1830, 30.1109,  -356.5452, -1239.3772, 27.8121,  64, 64, 64
L -356.5452, -1239.3772, 27.8121,  -359.1408, -1259.3268, 28.5308,  64, 64, 64
L -359.1408, -1259.3268, 28.5308,  -304.5921, -1263.3871, 28.7951,  64, 64, 64
L -304.5921, -1263.3871, 28.7951,  -301.1594, -1303.7405, 28.7937,  64, 64, 64
L -301.1594, -1303.7405, 28.7937,  -294.7679, -1303.6449, 28.7937,  64, 64, 64
L -294.7679, -1303.6449, 28.7937,  -288.6116, -1302.9839, 28.7942,  64, 64, 64
L -288.6116, -1302.9839, 28.7942,  -282.7355, -1303.7925, 28.7937,  64, 64, 64
L -282.7355, -1303.7925, 28.7937,  -276.4814, -1303.8412, 28.7937,  64, 64, 64
L -276.4814, -1303.8412, 28.7937,  -254.6091, -1309.9351, 28.7937,  64, 64, 64
L -254.6091, -1309.9351, 28.7937,  -242.6490, -1307.4441, 29.5600,  64, 64, 64
L -242.6490, -1307.4441, 29.5600,  -233.8120, -1318.5999, 29.5467,  64, 64, 64
L -233.8120, -1318.5999, 29.5467,  -227.4575, -1328.4845, 28.7937,  64, 64, 64
L -227.4575, -1328.4845, 28.7937,  -199.1656, -1340.5138, 29.3599,  64, 64, 64
L -199.1656, -1340.5138, 29.3599,  -193.9896, -1332.3589, 37.6666,  64, 64, 64
L -193.9896, -1332.3589, 37.6666,  -187.8000, -1330.5907, 42.5341,  64, 64, 64
L -199.5883, -1339.4021, 30.1666,  -204.2522, -1356.7759, 28.7937,  64, 64, 64
L -204.2522, -1356.7759, 28.7937,  -203.5838, -1378.6581, 28.8506,  64, 64, 64
L -203.5838, -1378.6581, 28.8506,  -207.1766, -1382.9092, 28.8523,  64, 64, 64
L -207.1766, -1382.9092, 28.8523,  -203.9693, -1397.9690, 28.9131,  64, 64, 64
L -203.9693, -1397.9690, 28.9131,  -197.8489, -1401.5601, 28.9211,  64, 64, 64
L -197.8489, -1401.5601, 28.9211,  -182.3194, -1407.9849, 28.9113,  64, 64, 64
L -182.3194, -1407.9849, 28.9113,  -159.9260, -1411.3185, 28.8151,  64, 64, 64
L -159.9260, -1411.3185, 28.8151,  -134.5919, -1394.3429, 28.7941,  64, 64, 64
L -134.5919, -1394.3429, 28.7941,  -135.2158, -1385.3748, 28.7950,  127, 127, 127
L -135.2158, -1385.3748, 28.7950,  -134.4573, -1373.2310, 28.7939,  127, 127, 127
L -105.4240, -1375.7743, 28.7940,  -79.5293, -1363.2217, 28.7939,  64, 64, 64
L -105.4240, -1375.7743, 28.7940,  -130.7466, -1364.6532, 29.9550,  64, 64, 64
L -139.2216, -1373.3655, 35.1188,  -138.4532, -1391.5181, 34.5726,  127, 127, 127
L -138.4532, -1391.5181, 34.5726,  -139.2325, -1397.4528, 35.4420,  127, 127, 127
L -142.7651, -1399.8196, 38.5046,  -142.3922, -1390.5879, 37.9932,  127, 127, 127
L -142.3922, -1390.5879, 37.9932,  -143.2435, -1382.9601, 37.8644,  127, 127, 127
L -143.2435, -1382.9601, 37.8644,  -140.4485, -1358.7948, 38.9624,  127, 127, 127
L -137.6237, -1360.1946, 34.8682,  -139.2315, -1373.1685, 35.1248,  127, 127, 127
L -132.3970, -1363.7914, 28.7938,  -134.4573, -1373.2310, 28.7939,  127, 127, 127
L -148.3563, -1354.2621, 41.9926,  -142.8619, -1356.5813, 41.7036,  64, 64, 64
L -142.8619, -1356.5813, 41.7036,  -130.7466, -1364.6532, 28.7942,  64, 64, 64
L -13.4464, -1260.5070, 64.7613,  1.5693, -1260.6277, 64.6518,  0, 0, 0
L 35.5052, -1259.7195, 28.7937,  1.5692, -1258.7627, 59.7300,  0, 0, 0
L 1.5693, -1260.6277, 59.7300,  1.5688, -1235.1089, 59.7330,  0, 0, 0
L 1.5689, -1237.3643, 59.7330,  35.3898, -1236.3340, 28.7937,  0, 0, 0
L 35.3849, -1211.4889, 28.7937,  1.5250, -1211.4972, 28.7936,  0, 0, 0
L 1.5688, -1235.1089, 64.5677,  -14.6560, -1235.3030, 64.6094,  0, 0, 0
L 1.6642, -1235.9098, 63.3790,  1.5250, -1211.4972, 63.6788,  127, 127, 127
L 4.1196, -1211.4966, 60.7458,  4.2404, -1237.2830, 60.5272,  127, 127, 127
L 7.3650, -1237.1978, 57.4234,  7.9180, -1211.4960, 57.7638,  127, 127, 127
L 10.4332, -1211.4950, 54.3485,  10.3907, -1237.9561, 54.1281,  127, 127, 127
L 16.9305, -1236.8964, 47.2820,  17.1241, -1211.4933, 47.1676,  127, 127, 127
L 13.6712, -1236.9955, 50.7826,  13.8468, -1211.4944, 51.1362,  127, 127, 127
L 27.1568, -1211.4910, 37.2599,  27.4357, -1236.5763, 36.9553,  127, 127, 127
L 20.7896, -1211.4927, 44.3091,  20.6477, -1236.7831, 44.3158,  127, 127, 127
L 24.1564, -1236.6763, 40.8333,  23.9640, -1211.4917, 40.4031,  127, 127, 127
L 30.7786, -1211.4900, 33.9487,  30.9670, -1236.4689, 34.2060,  127, 127, 127
L 35.3898, -1236.3340, 28.7937,  35.3849, -1211.4889, 28.7937,  127, 127, 127
L 1.5412, -1260.7311, 63.7038,  1.5378, -1284.7339, 63.5285,  127, 127, 127
L 4.2449, -1284.7222, 60.6276,  4.8000, -1258.8335, 60.4958,  127, 127, 127
L 7.2602, -1258.9235, 57.8659,  7.4650, -1284.7223, 57.9198,  127, 127, 127
L 10.3994, -1284.7228, 54.4532,  10.3856, -1259.1160, 54.1073,  127, 127, 127
L 13.9977, -1259.1133, 50.8920,  13.7408, -1284.7228, 51.7800,  127, 127, 127
L 17.4116, -1259.2096, 47.5326,  17.5905, -1284.7233, 47.2094,  127, 127, 127
L 21.2780, -1259.3113, 44.5740,  20.7552, -1284.7234, 43.8376,  127, 127, 127
L 23.9239, -1259.3932, 40.4022,  24.1498, -1284.7238, 40.6542,  127, 127, 127
L 27.6855, -1284.7239, 37.3552,  27.9680, -1259.5071, 37.2000,  127, 127, 127
L 31.9240, -1284.7240, 34.9640,  31.3033, -1259.6012, 33.7903,  127, 127, 127
L 35.5052, -1259.7195, 28.7937,  35.2959, -1284.7245, 28.7937,  127, 127, 127
L -169.5065, -1134.9142, 28.7937,  -168.5613, -1123.4778, 28.7937,  0, 0, 0
L -168.5613, -1123.4778, 28.7937,  -169.3437, -1110.9823, 28.7937,  0, 0, 0
L -164.2229, -1108.2288, 35.5960,  -165.2401, -1117.1558, 34.5692,  127, 127, 127
L -165.2401, -1117.1558, 34.5692,  -164.3879, -1127.8860, 34.5197,  127, 127, 127
L -164.3879, -1127.8860, 34.5197,  -166.8810, -1157.4478, 34.9391,  127, 127, 127
L -173.5000, -1162.3512, 28.7937,  -167.3198, -1166.8534, 34.1380,  64, 64, 64
L -167.3198, -1166.8534, 34.1380,  -165.2376, -1169.6233, 37.1580,  64, 64, 64
L -165.2376, -1169.6233, 37.1580,  -159.8155, -1169.2045, 40.4898,  64, 64, 64
L -159.8155, -1169.2045, 40.4898,  -161.8494, -1154.9883, 41.5028,  127, 127, 127
L -161.8494, -1154.9883, 41.5028,  -158.1973, -1134.3733, 41.8121,  127, 127, 127
L -158.1973, -1134.3733, 41.8121,  -158.5165, -1117.5850, 41.3280,  127, 127, 127
L -158.5165, -1117.5850, 41.3280,  -156.7554, -1104.2134, 41.9119,  127, 127, 127
L -166.8810, -1157.4478, 34.5925,  -168.5415, -1165.8860, 33.6129,  127, 127, 127
L 2962.9500, 3605.6167, -347.6512,  2962.5706, 3611.3843, -347.4297,  127, 64, 0
L 2970.7251, 3605.6121, -347.8274,  2970.1731, 3612.2476, -347.5149,  127, 64, 0
L 2970.1731, 3612.2476, -347.2828,  2974.7681, 3622.1968, -346.8813,  127, 64, 0
L 2974.7681, 3622.1968, -346.8813,  2975.7703, 3628.9246, -347.8493,  127, 64, 0
L 2975.7703, 3628.9246, -347.8493,  2975.7688, 3634.8938, -349.4617,  127, 64, 0
L 2975.7688, 3634.8938, -349.4617,  2973.9927, 3639.9275, -351.2268,  127, 64, 0
L 2973.9927, 3639.9275, -351.2268,  2974.1060, 3649.4214, -352.8867,  127, 64, 0
L 2974.1060, 3649.4214, -352.8867,  2972.6038, 3657.2776, -354.3730,  127, 64, 0
L 2972.6038, 3657.2776, -354.3730,  2972.7310, 3666.4485, -355.2092,  127, 64, 0
L 2972.7310, 3666.4485, -355.2092,  2972.6355, 3671.6248, -355.6917,  127, 64, 0
L 2972.6355, 3671.6248, -355.6917,  2975.2190, 3677.6321, -356.1949,  127, 64, 0
L 2975.2190, 3677.6321, -356.1949,  2972.1365, 3689.5137, -356.4531,  127, 64, 0
L 2972.1365, 3689.5137, -356.4531,  2965.4351, 3699.9783, -356.4531,  127, 64, 0
L 2965.4351, 3699.9783, -356.4531,  2944.4600, 3707.2344, -356.4454,  127, 64, 0
L 2944.4600, 3707.2344, -356.4454,  2938.5540, 3706.8997, -356.4531,  127, 64, 0
L 2938.5540, 3706.8997, -356.4531,  2939.8250, 3693.3621, -356.4499,  127, 64, 0
L 2939.8250, 3693.3621, -356.4499,  2945.4148, 3693.4324, -356.4531,  127, 64, 0
L 2945.4148, 3693.4324, -356.4531,  2951.8506, 3690.4800, -356.4531,  127, 64, 0
L 2951.8506, 3690.4800, -356.4531,  2956.3174, 3689.7664, -356.4531,  127, 64, 0
L 2956.3174, 3689.7664, -356.4531,  2960.2422, 3684.4883, -356.4531,  127, 64, 0
L 2960.2422, 3684.4883, -356.4531,  2960.2310, 3675.2527, -356.6700,  127, 64, 0
L 2960.2310, 3675.2527, -356.6700,  2960.4817, 3667.5425, -355.3072,  127, 64, 0
L 2960.4817, 3667.5425, -355.3072,  2958.4700, 3662.7178, -354.7389,  127, 64, 0
L 2958.4700, 3662.7178, -354.7389,  2959.4673, 3655.9546, -353.8441,  127, 64, 0
L 2959.4673, 3655.9546, -353.8441,  2958.1045, 3646.1851, -352.3614,  127, 64, 0
L 2958.1045, 3646.1851, -352.3614,  2958.8750, 3636.1714, -350.3838,  127, 64, 0
L 2958.8750, 3636.1714, -350.3838,  2956.9163, 3629.8523, -348.4030,  127, 64, 0
L 2956.9163, 3629.8523, -348.4030,  2956.4712, 3623.1116, -347.2617,  127, 64, 0
L 2956.4712, 3623.1116, -347.2617,  2960.8953, 3615.8533, -347.1478,  127, 64, 0
L 2960.8953, 3615.8533, -347.1478,  2962.5706, 3611.3843, -347.2663,  127, 64, 0
L 3816.6536, 3143.5098, -306.7083,  3816.6824, 3139.1360, -306.7087,  0, 0, 0
L 3816.6824, 3139.1360, -306.7087,  3819.6580, 3133.9451, -306.1725,  0, 0, 0
L 3819.6580, 3133.9451, -306.9252,  3825.9380, 3133.9678, -306.9184,  0, 0, 0
L 3825.9380, 3133.9678, -306.7087,  3828.6636, 3139.3057, -306.7078,  0, 0, 0
L 3828.6675, 3143.3472, -306.7090,  3828.6636, 3139.3057, -306.7087,  0, 0, 0
L 3828.6624, 3110.9292, -306.2510,  3828.6670, 3113.7222, -306.1732,  0, 0, 0
L 3828.6670, 3113.7222, -306.1725,  3825.6829, 3118.7161, -306.4390,  0, 0, 0
L 3816.5774, 3113.4197, -306.7087,  3819.6189, 3118.7112, -306.7087,  0, 0, 0
L 3819.6189, 3118.7112, -306.7087,  3825.6829, 3118.7161, -306.7087,  0, 0, 0
L 3816.6504, 3109.9922, -306.7062,  3813.6204, 3110.5701, -310.2910,  0, 0, 0
L 3813.6204, 3110.5701, -310.2910,  3807.2134, 3104.2991, -311.3473,  0, 0, 0
L 3807.2134, 3104.2991, -311.3473,  3814.2261, 3090.7742, -293.8054,  0, 0, 0
L 3814.2261, 3090.7742, -293.8054,  3819.8875, 3081.6204, -271.3326,  0, 0, 0
L 3816.6504, 3109.9922, -306.9243,  3816.5774, 3113.4197, -306.9245,  0, 0, 0
L 3810.9424, 3145.4927, -302.9980,  3815.9290, 3161.5867, -301.6064,  0, 0, 0
L 3815.9290, 3161.5867, -301.6064,  3822.8396, 3182.6050, -256.3202,  0, 0, 0
L 3816.6587, 3143.6221, -306.9225,  3810.9424, 3145.4927, -307.3043,  0, 0, 0
L 3829.2681, 3143.2205, -306.4390,  3835.1067, 3140.9236, -308.5715,  127, 64, 0
L 3835.1067, 3140.9236, -308.5715,  3843.5154, 3140.3433, -308.4073,  127, 64, 0
L 3843.5154, 3140.3433, -308.4073,  3857.8313, 3140.6106, -308.6381,  127, 64, 0
L 3857.8313, 3140.6106, -308.6381,  3870.4351, 3145.1709, -309.8018,  127, 64, 0
L 3870.4351, 3145.1709, -309.8018,  3875.4434, 3146.3699, -310.2733,  127, 64, 0
L 3875.4434, 3146.3699, -310.2733,  3886.5176, 3145.3538, -315.1202,  127, 64, 0
L 3886.5176, 3145.3538, -315.1202,  3894.5779, 3148.9246, -316.3131,  127, 64, 0
L 3894.5779, 3148.9246, -316.3131,  3913.6890, 3143.9324, -321.3890,  127, 64, 0
L 3913.6890, 3143.9324, -321.3890,  3920.9568, 3143.8748, -322.4531,  127, 64, 0
L 3920.9568, 3143.8748, -322.4531,  3931.1121, 3147.9246, -323.9393,  127, 64, 0
L 3931.1121, 3147.9246, -323.9393,  3937.3289, 3143.3826, -324.6832,  127, 64, 0
L 3937.3289, 3143.3826, -324.6832,  3943.7100, 3142.5911, -325.2348,  127, 64, 0
L 3943.7100, 3142.5911, -325.2348,  3967.4971, 3141.6331, -327.3068,  127, 64, 0
L 3967.4971, 3141.6331, -327.3068,  3970.1216, 3143.4307, -327.5052,  127, 64, 0
L 3970.1216, 3143.4307, -327.5052,  3979.5618, 3142.3577, -327.6105,  127, 64, 0
L 3979.5618, 3142.3577, -327.6105,  3983.4080, 3144.8997, -327.6105,  127, 64, 0
L 3983.4080, 3144.8997, -327.6105,  3988.9219, 3147.8826, -327.5135,  127, 64, 0
L 3988.9219, 3147.8826, -327.5135,  3992.3621, 3154.6404, -327.6105,  127, 64, 0
L 3992.3621, 3154.6404, -327.6105,  3991.8328, 3157.4773, -327.1811,  127, 64, 0
L 3991.8328, 3157.4773, -327.1811,  3997.4915, 3176.4109, -306.7918,  127, 64, 0
L 3997.4915, 3176.4109, -306.7918,  4007.1614, 3184.5591, -294.8444,  127, 64, 0
L 4007.1614, 3184.5591, -294.8444,  4016.4944, 3184.9668, -292.9916,  127, 64, 0
L 4016.4944, 3184.9668, -292.9916,  4024.2190, 3179.9285, -300.5609,  127, 64, 0
L 4024.2190, 3179.9285, -300.5609,  4028.5022, 3169.3477, -316.4601,  127, 64, 0
L 4028.5022, 3169.3477, -316.4601,  4023.7974, 3161.7715, -324.9581,  127, 64, 0
L 4023.7974, 3161.7715, -324.9581,  4020.6377, 3151.7615, -327.6105,  127, 64, 0
L 4020.6377, 3151.7615, -327.6105,  4020.8379, 3140.7769, -326.4744,  127, 64, 0
L 4020.8379, 3140.7769, -326.4744,  4013.7615, 3132.1365, -327.6105,  127, 64, 0
L 4013.7615, 3132.1365, -327.6105,  4005.4817, 3121.6768, -327.6105,  127, 64, 0
L 4005.4817, 3121.6768, -327.6105,  3992.8738, 3115.6641, -327.6105,  127, 64, 0
L 3992.8738, 3115.6641, -327.6105,  3978.3135, 3109.9900, -326.7269,  127, 64, 0
L 3978.3135, 3109.9900, -326.7269,  3960.5806, 3111.3760, -326.6983,  127, 64, 0
L 3960.5806, 3111.3760, -326.6983,  3949.8809, 3115.1580, -325.8186,  127, 64, 0
L 3949.8809, 3115.1580, -325.8186,  3943.2869, 3115.3689, -325.2468,  127, 64, 0
L 3943.2869, 3115.3689, -325.2468,  3932.3362, 3115.3118, -324.8220,  127, 64, 0
L 3932.3362, 3115.3118, -324.8220,  3921.6365, 3115.1990, -322.5534,  127, 64, 0
L 3921.6365, 3115.1990, -322.5534,  3901.7444, 3111.6099, -319.6290,  127, 64, 0
L 3901.7444, 3111.6099, -319.6290,  3882.8965, 3111.7183, -314.3057,  127, 64, 0
L 3882.8965, 3111.7183, -314.3057,  3872.8694, 3107.9063, -310.7700,  127, 64, 0
L 3872.8694, 3107.9063, -310.7700,  3861.4529, 3111.1265, -308.7042,  127, 64, 0
L 3861.4529, 3111.1265, -308.7042,  3828.9075, 3110.8699, -305.6293,  127, 64, 0
L 184.1582, 1968.7067, -224.5950,  162.2336, 1942.4041, -238.9276,  0, 0, 0
L 162.2336, 1942.4041, -238.9276,  155.6073, 1942.7168, -239.2907,  0, 0, 0
L 155.6073, 1942.7168, -239.2907,  141.4200, 1957.3710, -237.4433,  0, 0, 0
L 141.4200, 1957.3710, -237.4433,  129.3072, 1971.3505, -233.7681,  0, 0, 0
L 129.3072, 1971.3505, -233.7681,  129.9761, 1976.9290, -231.3927,  0, 0, 0
L 129.9761, 1976.9290, -231.3927,  138.6513, 1984.7909, -226.5700,  0, 0, 0
L 138.6513, 1984.7909, -226.5700,  153.4013, 1979.6554, -226.7158,  0, 0, 0
L 166.4660, 1992.9623, -212.8668,  154.2280, 1980.1764, -226.3717,  0, 0, 0
L 154.2280, 1980.1764, -226.3717,  144.1690, 1971.9146, -227.3899,  0, 0, 0
L 144.1690, 1971.9146, -227.3899,  136.9627, 1962.1270, -227.1878,  0, 0, 0
L 166.4660, 1992.9623, -212.6504,  175.1940, 1984.2997, -216.3020,  0, 0, 0
L 175.1940, 1984.2997, -216.3020,  183.4187, 1975.3550, -217.5882,  0, 0, 0
L 183.4187, 1975.3550, -217.5882,  184.1582, 1968.7067, -221.9769,  0, 0, 0
L 101.2275, 1919.1283, -249.3529,  54.9699, 1965.3844, -246.1067,  0, 0, 0
L 54.9699, 1965.3844, -250.9672,  -74.5508, 1835.8633, -253.5810,  0, 0, 0
L -72.4354, 1833.7411, -253.6332,  -74.5508, 1835.8633, -253.6416,  0, 0, 0
L -72.4354, 1833.7411, -253.4891,  54.4913, 1960.6697, -246.4953,  0, 0, 0
L 54.4913, 1960.6697, -246.4953,  98.6563, 1916.5414, -250.2367,  0, 0, 0
L 98.6563, 1916.5414, -250.4534,  101.2275, 1919.1283, -250.2747,  0, 0, 0
L 105.9548, 1887.4375, -253.2059,  73.5600, 1919.8345, -252.2249,  0, 0, 0
L 73.5600, 1919.8345, -252.1868,  68.6958, 1919.7809, -252.6459,  0, 0, 0
L 68.6958, 1919.7809, -252.6459,  45.7043, 1896.6554, -253.3353,  0, 0, 0
L 45.7043, 1896.6554, -253.3353,  46.9851, 1890.5221, -253.4148,  0, 0, 0
L 46.9851, 1890.5221, -253.4148,  77.1011, 1860.8571, -253.2985,  0, 0, 0
L 77.1011, 1860.8571, -253.2985,  82.6955, 1860.1880, -253.2883,  0, 0, 0
L 82.6955, 1860.1880, -253.2883,  105.1362, 1882.5624, -253.2589,  0, 0, 0
L 105.9548, 1887.4375, -253.2561,  105.1362, 1882.5624, -253.2576,  0, 0, 0
L -101.8716, 1805.6204, -254.6399,  -104.4496, 1808.2029, -254.6568,  0, 0, 0
L -104.4496, 1808.2029, -254.8771,  -150.7186, 1761.9424, -255.6479,  0, 0, 0
L -150.7186, 1761.9424, -254.4028,  -21.1920, 1632.4164, -253.2061,  0, 0, 0
L -19.7040, 1634.5435, -253.2061,  -21.1920, 1632.4164, -253.2061,  0, 0, 0
L -19.7040, 1634.5435, -253.2062,  -146.1810, 1761.4845, -255.4887,  0, 0, 0
L -101.8716, 1805.6204, -254.7035,  -146.1830, 1761.4855, -255.4887,  0, 0, 0
L -66.7206, 1789.3727, -253.2292,  -42.7974, 1765.4634, -253.2119,  0, 0, 0
L -43.1126, 1765.7786, -253.2119,  -53.4277, 1764.1161, -253.2164,  64, 64, 64
L -53.4277, 1764.1161, -253.2164,  -75.4017, 1738.9352, -253.2761,  64, 64, 64
L -75.4017, 1738.9352, -253.2761,  -78.6808, 1714.8782, -253.2128,  64, 64, 64
L -78.6808, 1714.8782, -253.2128,  -71.4090, 1686.9198, -253.1038,  64, 64, 64
L -71.4090, 1686.9198, -253.1038,  -51.8483, 1675.4645, -253.2059,  64, 64, 64
L -51.8483, 1675.4645, -253.2059,  -23.7360, 1667.7284, -253.2061,  64, 64, 64
L -23.7360, 1667.7284, -253.2061,  -4.9562, 1653.9960, -253.2062,  64, 64, 64
L -4.9562, 1653.9960, -253.2062,  10.2815, 1636.5232, -253.2062,  64, 64, 64
L 10.2815, 1636.5232, -253.2062,  67.6975, 1589.5171, -253.2860,  64, 64, 64
L 67.6975, 1589.5171, -253.2860,  90.5276, 1583.8677, -252.4847,  64, 64, 64
L 90.5276, 1583.8677, -252.4847,  105.4950, 1587.8445, -252.6514,  64, 64, 64
L 105.4950, 1587.8445, -252.6514,  113.8890, 1595.7715, -252.3460,  64, 64, 64
L 113.8890, 1595.7715, -252.3460,  119.2852, 1600.1315, -253.1777,  64, 64, 64
L 119.2852, 1600.1315, -253.1777,  124.5180, 1605.9015, -252.2258,  64, 64, 64
L 124.5180, 1605.9015, -252.2258,  177.6593, 1616.9446, -251.5209,  64, 64, 64
L 177.6593, 1616.9446, -251.5209,  186.6590, 1622.2616, -250.6898,  64, 64, 64
L 186.6590, 1622.2616, -250.6898,  191.4907, 1629.7759, -251.1126,  64, 64, 64
L 191.4907, 1629.7759, -251.1126,  195.9150, 1640.6736, -252.4140,  64, 64, 64
L 195.9150, 1640.6736, -252.4140,  201.3050, 1685.9778, -253.2062,  64, 64, 64
L 201.3050, 1685.9778, -253.2062,  191.9540, 1714.4800, -253.3350,  64, 64, 64
L 191.9540, 1714.4800, -253.3350,  157.9642, 1781.4679, -253.2062,  64, 64, 64
L 157.9642, 1781.4679, -253.2062,  149.1100, 1806.8958, -253.2062,  64, 64, 64
L 149.1100, 1806.8958, -253.2062,  124.1354, 1814.6343, -253.2130,  64, 64, 64
L 124.1354, 1814.6343, -253.2130,  92.1504, 1821.1481, -252.7000,  64, 64, 64
L 92.1504, 1821.1481, -252.7000,  76.4022, 1833.3130, -253.1296,  64, 64, 64
L 76.4022, 1833.3130, -253.1296,  54.2976, 1848.3910, -253.3069,  64, 64, 64
L 54.2976, 1848.3910, -253.3069,  36.2565, 1845.3241, -253.3164,  64, 64, 64
L 36.2565, 1845.3241, -253.3164,  12.2942, 1824.8750, -253.2843,  64, 64, 64
L 12.2942, 1824.8750, -253.2843,  8.8208, 1817.3982, -253.2658,  64, 64, 64
L 8.9696, 1817.2494, -253.2658,  -14.9465, 1841.1664, -253.3361,  0, 0, 0
L -32.3870, 1823.5657, -253.2874,  -9.3902, 1798.8888, -222.9260,  0, 0, 0
L -7.9218, 1800.3544, -222.9260,  -26.1642, 1782.1133, -222.9267,  0, 0, 0
L -49.2372, 1806.8396, -253.2514,  -24.5174, 1783.7588, -222.9285,  0, 0, 0
L -26.8245, 1785.9130, -221.7538,  -44.5420, 1767.2072, -221.3562,  127, 127, 127
L -35.6683, 1794.1703, -234.6248,  -54.1595, 1776.8185, -234.5165,  127, 127, 127
L -26.1628, 1782.1122, -222.9281,  -42.7974, 1765.4634, -222.6185,  127, 127, 127
L -7.9231, 1800.3560, -222.9283,  8.9696, 1817.2494, -222.9283,  127, 127, 127
L -46.7252, 1769.3888, -224.3154,  -28.4906, 1787.4684, -224.3275,  127, 127, 127
L -30.9651, 1789.7791, -227.6971,  -49.5490, 1771.7173, -227.8866,  127, 127, 127
L -33.3588, 1792.1388, -231.3630,  -51.6696, 1774.3306, -231.3486,  127, 127, 127
L -57.2940, 1779.6874, -238.1487,  -37.7507, 1796.1144, -238.1649,  127, 127, 127
L -41.6090, 1799.2051, -241.5123,  -58.4647, 1781.1216, -241.6031,  127, 127, 127
L -60.4780, 1783.1338, -244.9961,  -43.9352, 1801.8892, -244.9772,  127, 127, 127
L -46.5516, 1804.3318, -248.4258,  -63.3455, 1785.9998, -248.3696,  127, 127, 127
L -66.7206, 1789.3727, -253.2362,  -49.2372, 1806.8396, -253.2539,  127, 127, 127
L -11.1331, 1800.7592, -221.2335,  7.9750, 1819.1215, -221.6302,  127, 127, 127
L -13.2052, 1802.9827, -224.4617,  5.1444, 1821.7477, -224.4120,  127, 127, 127
L -15.4403, 1805.3809, -227.6003,  2.7412, 1823.4778, -227.6948,  127, 127, 127
L -17.7616, 1807.8716, -230.8554,  0.4038, 1825.8157, -231.1979,  127, 127, 127
L -20.1627, 1810.4480, -234.2269,  -1.8722, 1828.9159, -234.6486,  127, 127, 127
L -22.5093, 1812.9666, -237.6844,  -4.4021, 1830.6216, -238.5170,  127, 127, 127
L -24.8591, 1815.4878, -241.4173,  -6.9009, 1833.1205, -241.4558,  127, 127, 127
L -27.1128, 1817.9063, -244.7815,  -9.5793, 1835.7992, -244.7007,  127, 127, 127
L -29.2180, 1820.1652, -248.5420,  -12.4581, 1838.6780, -248.2827,  127, 127, 127
L -14.9465, 1841.1664, -253.3318,  -32.3870, 1823.5657, -253.3055,  127, 127, 127
L 1.9988, 1789.6320, -217.2614,  -7.9218, 1800.3544, -217.3342,  0, 0, 0
L -15.4832, 1771.8484, -217.3892,  -26.1642, 1782.1133, -217.4285,  0, 0, 0
L 17.2924, 1730.4303, -217.6651,  36.9200, 1710.8052, -217.6062,  0, 0, 0
L 27.4561, 1720.2681, -217.6062,  24.5499, 1714.2448, -217.5887,  0, 0, 0
L 24.5499, 1714.2448, -217.5887,  23.8004, 1689.7665, -217.5789,  0, 0, 0
L 23.8004, 1689.7665, -217.5789,  36.5161, 1668.4778, -217.5790,  0, 0, 0
L 36.5161, 1668.4778, -217.5790,  58.2828, 1655.3976, -217.5789,  0, 0, 0
L 58.2828, 1655.3976, -217.5789,  84.1119, 1655.4966, -217.5790,  0, 0, 0
L 84.1119, 1655.4966, -217.5790,  105.5395, 1668.5276, -217.5789,  0, 0, 0
L 105.5395, 1668.5276, -217.5789,  118.1334, 1689.9236, -217.5789,  0, 0, 0
L 118.1334, 1689.9236, -217.5789,  117.3622, 1714.9893, -217.5953,  0, 0, 0
L 117.3622, 1714.9893, -217.5953,  105.9060, 1737.2284, -217.6238,  0, 0, 0
L 105.9060, 1737.2284, -217.6238,  82.6020, 1749.5984, -217.5790,  0, 0, 0
L 82.6020, 1749.5984, -217.5790,  58.8410, 1749.3925, -217.5888,  0, 0, 0
L 58.8410, 1749.3925, -217.5911,  52.9926, 1746.6261, -217.5551,  0, 0, 0
L 62.8988, 1736.7908, -217.5551,  43.2060, 1756.3429, -217.5828,  0, 0, 0
L 37.1129, 1750.2465, -217.4584,  43.2060, 1756.3429, -217.5037,  0, 0, 0
L 37.1129, 1750.2465, -217.8100,  56.7310, 1730.6139, -213.3358,  0, 0, 0
L 56.7310, 1730.6139, -214.4519,  62.8988, 1736.7908, -214.4519,  0, 0, 0
L 45.3363, 1754.2277, -215.1598,  39.2336, 1748.1238, -215.1598,  0, 0, 0
L 43.4748, 1743.8798, -212.3071,  49.5951, 1749.9988, -212.3072,  0, 0, 0
L 62.4984, 1737.6338, -213.8453,  80.8550, 1736.7094, -214.2700,  0, 0, 0
L 80.8550, 1736.7094, -214.2700,  97.2122, 1728.1331, -207.9710,  0, 0, 0
L 97.2122, 1728.1331, -207.9710,  107.4933, 1713.1012, -200.8943,  0, 0, 0
L 37.1440, 1711.1370, -214.4509,  36.5501, 1693.2277, -214.4509,  0, 0, 0
L 36.5501, 1693.2277, -214.4509,  50.4879, 1696.5995, -214.4519,  0, 0, 0
L 50.4879, 1696.5995, -214.4519,  56.5572, 1686.3987, -214.4500,  0, 0, 0
L 56.5572, 1686.3987, -214.4500,  66.5580, 1680.8512, -214.4519,  0, 0, 0
L 66.5580, 1680.8512, -214.4519,  77.4474, 1680.8549, -214.4518,  0, 0, 0
L 77.4474, 1680.8549, -214.4518,  86.9039, 1686.3853, -214.4519,  0, 0, 0
L 86.9039, 1686.3853, -214.4519,  92.7216, 1696.1415, -214.4509,  0, 0, 0
L 92.7216, 1696.1415, -214.4509,  92.4391, 1707.4429, -214.4509,  0, 0, 0
L 92.4391, 1707.4429, -214.4509,  86.9925, 1717.1786, -214.4509,  0, 0, 0
L 86.9925, 1717.1786, -214.4509,  78.5489, 1721.9181, -214.4519,  0, 0, 0
L 107.2219, 1712.7643, -200.7889,  107.6362, 1692.9147, -191.9596,  0, 0, 0
L 107.6362, 1692.9147, -191.9596,  98.3776, 1675.5757, -185.1125,  0, 0, 0
L 98.3776, 1675.5757, -185.1125,  80.6161, 1666.5547, -178.6596,  0, 0, 0
L 80.6161, 1666.5547, -178.6596,  62.1471, 1665.7155, -169.8230,  0, 0, 0
L 62.1471, 1665.7155, -169.8230,  53.2957, 1670.2516, -165.5438,  0, 0, 0
L 47.3286, 1678.4865, -162.5320,  38.4215, 1694.2544, -162.7073,  240, 240, 240
L 38.4215, 1694.2544, -162.7073,  38.9802, 1711.8899, -162.2168,  240, 240, 240
L 38.9802, 1711.8899, -162.2168,  47.7954, 1726.1393, -162.6144,  240, 240, 240
L 47.7954, 1726.1393, -162.6144,  62.3984, 1734.9463, -162.2521,  240, 240, 240
L 62.3984, 1734.9463, -162.2521,  79.5657, 1734.9446, -162.7764,  240, 240, 240
L 79.5657, 1734.9446, -162.7764,  94.2364, 1726.2510, -163.1545,  240, 240, 240
L 94.2364, 1726.2510, -163.1545,  102.9693, 1711.3799, -162.3060,  240, 240, 240
L 102.9693, 1711.3799, -162.3060,  103.5084, 1694.3206, -162.8683,  240, 240, 240
L 103.5084, 1694.3206, -162.8683,  94.6247, 1678.5116, -161.8077,  240, 240, 240
L 94.6247, 1678.5116, -161.8077,  80.3825, 1670.4346, -162.9525,  240, 240, 240
L 80.3825, 1670.4346, -163.2663,  61.8352, 1670.4120, -163.6836,  240, 240, 240
L 61.8352, 1670.4120, -163.6415,  47.3286, 1678.4865, -162.4068,  240, 240, 240
L 53.2385, 1670.2826, -163.6451,  56.1910, 1673.8810, -162.9424,  0, 0, 0
L 23.4049, 1736.5403, -217.3220,  43.2000, 1716.9092, -212.8504,  0, 0, 0
L 43.2000, 1716.9092, -214.4519,  36.9200, 1710.8052, -214.4519,  0, 0, 0
L 23.4049, 1736.5403, -217.5067,  17.2924, 1730.4303, -217.5991,  0, 0, 0
L 23.6587, 1724.6487, -212.3072,  29.7653, 1730.1747, -212.3072,  0, 0, 0
L 25.5259, 1734.4175, -215.1605,  19.4136, 1728.3091, -215.1605,  0, 0, 0
L -4.2919, 1622.9230, -253.2062,  26.9685, 1590.9806, -253.2026,  0, 0, 0
L 25.1660, 1585.2892, -253.2062,  26.9685, 1590.9806, -253.2062,  0, 0, 0
L 25.1660, 1585.2892, -253.2062,  -2.1859, 1558.1294, -253.1416,  0, 0, 0
L -2.1859, 1558.1294, -253.1416,  -8.1836, 1558.1836, -253.1514,  0, 0, 0
L -8.1836, 1558.1836, -253.1514,  -38.8410, 1588.8285, -253.2062,  0, 0, 0
L -38.8410, 1588.8285, -253.2062,  -38.4112, 1595.8250, -253.2062,  0, 0, 0
L -38.4112, 1595.8250, -253.2062,  -10.8413, 1622.8932, -253.2062,  0, 0, 0
L -10.8413, 1622.8932, -253.2062,  -4.2919, 1622.9230, -253.2062,  0, 0, 0
L -58.6653, 1505.4102, -251.3396,  -59.3455, 1501.5938, -250.8575,  0, 0, 0
L -59.3455, 1501.5938, -250.8575,  -81.5301, 1479.3578, -247.6065,  0, 0, 0
L -81.5301, 1479.3578, -247.6065,  -87.8396, 1481.1343, -247.7412,  0, 0, 0
L -87.8396, 1481.1343, -247.7412,  -116.6124, 1509.1648, -250.8970,  0, 0, 0
L -116.6124, 1509.1648, -250.8970,  -117.9655, 1515.9784, -250.7332,  0, 0, 0
L -117.9655, 1515.9784, -250.7332,  -96.3354, 1537.3290, -253.1511,  0, 0, 0
L -96.3354, 1537.3290, -253.1511,  -90.7793, 1538.7913, -253.1697,  0, 0, 0
L -90.7793, 1538.7913, -253.1697,  -58.3434, 1506.1187, -251.4247,  0, 0, 0
L -58.3434, 1506.1187, -251.4247,  -59.8164, 1500.6211, -250.7411,  0, 0, 0
L 528.5834, 873.6660, -154.9919,  455.6172, 873.5696, -144.4756,  0, 0, 0
L -1938.6476, -3577.1597, 131.7855,  -1950.5573, -3606.2522, 131.7946,  0, 0, 240
L -1950.5573, -3606.2522, 131.7946,  -1952.7549, -3619.4910, 131.7935,  0, 0, 240
L -1952.7549, -3619.4910, 131.7935,  -1957.2781, -3632.1150, 131.7935,  0, 0, 240
L 1507.3755, 374.2241, -156.5375,  1507.2476, 343.6089, -151.9343,  0, 0, 0
L 1507.2476, 343.6089, -155.5290,  1523.1642, 343.6471, -154.9019,  0, 0, 0
L 1523.1642, 343.6471, -152.1547,  1522.7476, 373.7022, -156.5388,  0, 0, 0
L 1533.9994, 373.5271, -166.6305,  1495.4351, 374.1275, -166.6305,  0, 0, 0
L 1021.7560, 857.2786, -156.8660,  935.1230, 856.9850, -157.1690,  0, 0, 0
L 887.7032, 856.9252, -158.2861,  815.2934, 856.9684, -156.5954,  0, 0, 0
L 814.2889, 887.5502, -156.5954,  815.7173, 844.5790, -158.8379,  0, 0, 0
L 815.7173, 844.5790, -158.8379,  812.3057, 841.3210, -159.3710,  0, 0, 0
L 812.3057, 841.3210, -159.3710,  799.4800, 839.6899, -160.2418,  0, 0, 0
L 799.4800, 839.6899, -160.2418,  793.4564, 839.1616, -161.4596,  0, 0, 0
L 793.4564, 839.1616, -161.4596,  788.9415, 838.8016, -162.3910,  0, 0, 0
L 788.9415, 838.8016, -162.3910,  780.7595, 839.6660, -162.1509,  0, 0, 0
L 780.7595, 839.6660, -162.1509,  778.3710, 843.4864, -162.1693,  0, 0, 0
L 778.3710, 843.4864, -162.1693,  777.4390, 851.1257, -162.2462,  0, 0, 0
L 777.4390, 851.1257, -162.2462,  777.4921, 884.4453, -156.6868,  0, 0, 0
L 777.1219, 856.9329, -156.6868,  690.8884, 857.3074, -156.5339,  0, 0, 0
L 661.4041, 857.2981, -156.8665,  575.5389, 856.9875, -157.1665,  0, 0, 0
L 529.6503, 857.1149, -147.9451,  453.2803, 858.8199, -133.3334,  0, 0, 0
L 418.5880, 857.9030, -132.3911,  368.3229, 857.7296, -115.4014,  0, 0, 0
L -903.3480, 39.3183, -101.5240,  -903.1321, 222.8898, -100.8285,  0, 0, 0
L -903.1321, 222.8898, -100.8050,  -906.4269, 222.8649, -100.7587,  0, 0, 0
L -906.4269, 222.8649, -100.6811,  -906.4252, 43.3509, -102.2386,  0, 0, 0
L -906.4252, 43.3509, -102.2386,  -968.8523, 43.3554, -103.4902,  0, 0, 0
L -968.8495, 39.3205, -104.4505,  -968.8523, 43.3554, -104.1011,  0, 0, 0
L -968.8495, 39.3205, -104.6474,  -903.3480, 39.3183, -103.5768,  0, 0, 0
L -1097.3604, 283.7767, -100.4307,  -1175.4092, 283.8446, -100.4305,  0, 0, 0
L -1179.4878, 272.7490, -100.4307,  -1240.4385, 272.7785, -100.4305,  0, 0, 0
L -1240.4385, 272.7785, -100.4305,  -1240.4391, 133.7587, -100.4291,  0, 0, 0
L -1175.3777, 288.1895, -100.4305,  -1097.3654, 288.1832, -100.4305,  0, 0, 0
L -1097.3604, 283.7767, -100.4305,  -1097.3654, 288.1832, -100.4305,  0, 0, 0
L -1175.4092, 283.8446, -100.4305,  -1175.3777, 288.1895, -100.4305,  0, 0, 0
L -1179.4878, 272.7490, -100.4305,  -1179.3621, 277.2755, -100.4305,  0, 0, 0
L -1179.3621, 277.2755, -100.4307,  -1244.2261, 277.2708, -100.4305,  0, 0, 0
L -1244.2261, 277.2708, -100.4305,  -1244.2345, 130.4645, -100.4305,  0, 0, 0
L -1244.1222, 130.6055, -100.4304,  -1291.6327, 71.1312, -99.6717,  64, 64, 64
L -1291.6327, 71.1312, -99.6717,  -1296.1482, 53.9320, -98.2116,  64, 64, 64
L -1296.1482, 53.9320, -98.2116,  -1294.9778, 34.4149, -100.4305,  64, 64, 64
L -1294.9778, 34.4149, -100.4305,  -1289.7306, 30.2639, -100.2913,  64, 64, 64
L -1289.7306, 30.2639, -100.2913,  -1272.9700, 11.5604, -98.9047,  64, 64, 64
L -1272.9700, 11.5604, -98.9047,  -1262.7626, -27.1215, -92.1201,  64, 64, 64
L -1068.3313, 11.8220, -100.7460,  -1074.8781, -6.2431, -98.8091,  64, 64, 64
L -1074.8781, -6.2431, -98.8091,  -1092.9677, -15.8815, -95.9993,  64, 64, 64
L -1092.9677, -15.8815, -95.9993,  -1101.6143, -17.2667, -95.2272,  64, 64, 64
L -1101.6143, -17.2667, -95.2272,  -1120.1320, -26.1073, -93.8558,  64, 64, 64
L -1120.1320, -26.1073, -93.8558,  -1142.3368, -36.7751, -93.2528,  64, 64, 64
L -1142.3368, -36.7751, -93.2528,  -1163.3998, -39.4836, -91.7232,  64, 64, 64
L -1163.3998, -39.4836, -91.7232,  -1180.4502, -42.9427, -89.7064,  64, 64, 64
L -1180.4502, -42.9427, -89.7064,  -1198.3080, -53.1535, -88.8028,  64, 64, 64
L -1198.3080, -53.1535, -88.8028,  -1213.8268, -50.4697, -90.1809,  64, 64, 64
L -1213.8268, -50.4697, -90.1809,  -1225.5695, -49.1816, -90.4544,  64, 64, 64
L -1225.5695, -49.1816, -90.4544,  -1237.3572, -45.7822, -89.7090,  64, 64, 64
L -1237.3572, -45.7822, -89.7090,  -1255.2852, -36.8019, -90.3915,  64, 64, 64
L -1255.2852, -36.8019, -90.3915,  -1262.7626, -27.1215, -92.9846,  64, 64, 64
L -1068.3313, 11.8220, -100.2767,  -1059.7970, 48.7002, -99.8254,  64, 64, 64
L -1059.7970, 48.7002, -99.8254,  -1045.1897, 66.7944, -100.4307,  64, 64, 64
L -1045.1897, 66.7944, -100.4307,  -1032.4994, 86.1778, -100.4307,  64, 64, 64
L -1032.4994, 86.1778, -100.4307,  -1034.9563, 107.4368, -100.4307,  64, 64, 64
L -1034.9563, 107.4368, -100.4307,  -1057.8534, 128.6699, -100.4307,  64, 64, 64
L -1057.8534, 128.6699, -100.4307,  -1063.6238, 131.3409, -100.4307,  64, 64, 64
L -1057.7625, 172.9442, -100.4307,  -1081.6592, 149.8830, -100.4307,  0, 0, 0
L -1062.8141, 167.9012, -98.5442,  -1079.1167, 184.2051, -98.5464,  127, 127, 127
L -1098.1615, 165.1868, -100.4307,  -1074.2228, 189.9230, -100.4307,  0, 0, 0
L -1074.2228, 189.9230, -100.4124,  -1091.9529, 207.1143, -100.4307,  0, 0, 0
L -1091.9529, 207.1143, -100.4307,  -1116.1969, 183.3840, -100.4307,  0, 0, 0
L -1115.4546, 183.6038, -100.4307,  -1118.2692, 194.2273, -100.4307,  64, 64, 64
L -1118.2692, 194.2273, -100.4307,  -1142.2986, 214.8437, -100.3940,  64, 64, 64
L -1142.2986, 214.8437, -100.3940,  -1168.1194, 217.9232, -100.4307,  64, 64, 64
L -1168.1194, 217.9232, -100.4307,  -1196.4054, 210.8283, -100.4307,  64, 64, 64
L -1196.4054, 210.8283, -100.4307,  -1205.4054, 192.4180, -100.2798,  64, 64, 64
L -1205.4054, 192.4180, -100.2798,  -1213.9762, 162.5979, -100.4307,  64, 64, 64
L -1213.9762, 162.5979, -100.4307,  -1229.7190, 144.4610, -100.4307,  64, 64, 64
L -1229.7190, 144.4610, -100.4307,  -1244.1222, 130.6055, -100.4112,  64, 64, 64
L -1064.4340, 130.9217, -100.4305,  -1040.6598, 154.9475, -100.4305,  0, 0, 0
L -1040.6598, 154.9475, -100.4294,  -1057.7625, 172.9442, -100.4307,  127, 127, 127
L -1081.7240, 149.2380, -70.2746,  -1098.1559, 165.3324, -70.2815,  127, 127, 127
L -1098.1615, 165.1868, -65.6153,  -1113.6769, 180.3624, -66.1594,  0, 0, 0
L -1113.6769, 180.3624, -65.8759,  -1116.1969, 183.3840, -65.5395,  0, 0, 0
L -1081.6592, 149.8830, -65.5692,  -1077.2914, 143.9076, -66.6480,  127, 127, 127
L -1077.2914, 143.9076, -66.6480,  -1073.2748, 140.7578, -66.1941,  127, 127, 127
L -1064.4340, 130.9217, -65.5614,  -1073.2748, 140.7578, -66.1869,  127, 127, 127
L -1137.4656, 96.9014, -59.5315,  -1131.9308, 90.5259, -59.5315,  0, 0, 0
L -1124.7273, 96.8945, -64.7887,  -1144.6200, 76.9929, -64.7848,  0, 0, 0
L -1134.4546, 87.1631, -64.7848,  -1131.7837, 81.1110, -64.8156,  0, 0, 0
L -1131.7837, 81.1110, -64.8097,  -1131.8079, 56.9690, -64.8033,  0, 0, 0
L -1131.8079, 56.9690, -64.8033,  -1144.3268, 34.5501, -64.8354,  0, 0, 0
L -1144.3268, 34.5501, -64.8507,  -1166.2433, 22.5549, -64.8303,  0, 0, 0
L -1166.2433, 22.5549, -64.8033,  -1191.4695, 21.7754, -64.8033,  0, 0, 0
L -1191.4695, 21.7754, -64.8033,  -1213.2594, 34.7214, -64.8033,  0, 0, 0
L -1213.2594, 34.7214, -64.8033,  -1226.5448, 56.1097, -64.8033,  0, 0, 0
L -1226.5448, 56.1097, -64.8033,  -1226.6420, 81.9695, -64.8033,  0, 0, 0
L -1226.6420, 81.9695, -64.8033,  -1212.9961, 103.7372, -64.8033,  0, 0, 0
L -1212.9961, 103.7372, -64.8033,  -1191.6155, 116.5113, -64.8033,  0, 0, 0
L -1191.6155, 116.5113, -64.8033,  -1166.2046, 115.7254, -64.8105,  0, 0, 0
L -1166.2046, 115.7254, -64.8234,  -1161.2262, 112.9668, -64.8342,  0, 0, 0
L -1171.7350, 103.4475, -64.8342,  -1150.8423, 123.4900, -64.8761,  0, 0, 0
L -1131.1017, 103.2614, -64.6860,  -1124.7273, 96.8945, -64.7715,  0, 0, 0
L -1133.2249, 101.1397, -62.3841,  -1126.8484, 94.7724, -62.3841,  0, 0, 0
L -1131.1017, 103.2614, -64.4971,  -1151.8998, 83.3747, -61.6672,  0, 0, 0
L -1144.5435, 116.7034, -64.4551,  -1164.4358, 96.8066, -60.9371,  0, 0, 0
L -1150.9103, 110.3348, -59.5317,  -1157.3124, 116.7505, -59.5317,  0, 0, 0
L -1144.5435, 116.7034, -64.7327,  -1150.8423, 123.4900, -64.8726,  0, 0, 0
L -1146.7317, 114.5144, -62.3849,  -1153.1498, 120.9179, -62.3849,  0, 0, 0
L -1151.8998, 83.3747, -61.6762,  -1144.6200, 76.9929, -61.6762,  0, 0, 0
L -1171.7350, 103.4475, -61.6762,  -1164.4358, 96.8066, -61.6764,  0, 0, 0
L -1170.6001, 102.9878, -61.6428,  -1187.8931, 103.3966, -61.6745,  0, 0, 0
L -1187.8931, 103.3966, -61.6745,  -1184.5376, 89.5460, -61.6764,  0, 0, 0
L -1184.5376, 89.5460, -61.6640,  -1194.8218, 83.4659, -61.6756,  0, 0, 0
L -1194.8218, 83.4659, -61.6756,  -1200.3279, 74.2630, -61.6606,  0, 0, 0
L -1200.3279, 74.2630, -61.6606,  -1200.3174, 62.7047, -61.6606,  0, 0, 0
L -1200.3174, 62.7047, -61.6606,  -1194.8025, 53.2608, -61.6542,  0, 0, 0
L -1194.8025, 53.2608, -61.6542,  -1185.1609, 47.5598, -61.6696,  0, 0, 0
L -1185.1609, 47.5598, -61.6696,  -1173.8976, 47.8224, -61.6567,  0, 0, 0
L -1173.8976, 47.8224, -61.6567,  -1164.2997, 53.2207, -61.6614,  0, 0, 0
L -1144.5271, 77.5758, -61.6754,  -1144.5114, 60.3900, -61.6764,  0, 0, 0
L -1144.5114, 60.3900, -61.6764,  -1153.3694, 42.9705, -55.1692,  0, 0, 0
L -1153.3694, 42.9705, -55.1692,  -1168.9042, 32.9757, -47.8826,  0, 0, 0
L -1168.9042, 32.9757, -47.8826,  -1188.2500, 32.7428, -39.2252,  0, 0, 0
L -1188.2500, 32.7428, -39.2252,  -1205.6249, 41.9185, -32.2995,  0, 0, 0
L -1205.6249, 41.9185, -32.2995,  -1214.8505, 60.2167, -25.4857,  0, 0, 0
L -1214.8505, 60.2167, -25.4857,  -1215.4417, 77.8314, -17.9190,  0, 0, 0
L -1215.4417, 77.8314, -17.9190,  -1211.2743, 86.4900, -12.2987,  0, 0, 0
L -1211.2737, 86.4300, -12.2987,  -1207.3113, 84.2655, -11.6842,  0, 0, 0
L -1210.7118, 78.1387, -11.6842,  -1202.7372, 92.5070, -9.2771,  240, 240, 240
L -1202.7372, 92.5070, -9.2771,  -1187.1897, 101.4488, -9.9120,  240, 240, 240
L -1187.1897, 101.4488, -9.9120,  -1170.3810, 100.9470, -9.4534,  240, 240, 240
L -1170.3810, 100.9470, -9.4534,  -1155.3805, 92.1941, -9.8336,  240, 240, 240
L -1155.3805, 92.1941, -9.8336,  -1146.5906, 77.6880, -9.4765,  240, 240, 240
L -1146.5906, 77.6880, -9.4765,  -1146.6327, 60.5174, -9.9985,  240, 240, 240
L -1146.6327, 60.5174, -9.9985,  -1155.4583, 46.3240, -10.3773,  240, 240, 240
L -1155.4583, 46.3240, -10.3773,  -1170.3556, 37.3496, -9.5502,  240, 240, 240
L -1170.3556, 37.3496, -9.5502,  -1187.2599, 36.8016, -10.7710,  240, 240, 240
L -1187.2599, 36.8016, -10.7710,  -1202.5990, 45.5202, -9.9380,  240, 240, 240
L -1202.5990, 45.5202, -9.9380,  -1210.7228, 59.7867, -10.1717,  240, 240, 240
L -1210.7118, 78.1387, -8.5269,  -1210.7228, 59.7867, -9.3591,  240, 240, 240
L -1649.2621, -7439.8267, 388.4938,  -1577.4446, -7357.1187, 388.4916,  0, 0, 0
L -1572.3456, -7357.1353, 390.5201,  -1577.4446, -7357.1187, 390.5178,  0, 0, 0
L -1572.3234, -7357.1353, 390.5203,  -1572.2990, -7336.6519, 386.5618,  0, 0, 0
L -1566.8499, -7336.6563, 386.5607,  -1572.2990, -7336.6519, 386.5607,  0, 0, 0
L -1566.8499, -7336.6563, 387.1016,  -1566.8511, -7359.3345, 390.6279,  0, 0, 0
L -1550.6736, -7359.3350, 390.6275,  -1550.6747, -7336.6563, 387.2259,  0, 0, 0
L -1550.6747, -7336.6563, 386.5607,  -1544.7000, -7336.6563, 386.5607,  0, 0, 0
L -1544.7000, -7336.6563, 386.5618,  -1544.7018, -7357.1436, 388.4089,  0, 0, 0
L -1544.7018, -7357.1436, 388.4089,  -1540.2024, -7357.1519, 388.4101,  0, 0, 0
L -1540.2024, -7357.1519, 388.4947,  -1463.1908, -7443.9385, 403.2740,  0, 0, 0
L -1463.1908, -7443.9385, 437.9612,  -1201.2520, -7201.8477, 386.5692,  0, 0, 0
L -1201.2520, -7201.8477, 386.5692,  -1153.1299, -7124.8101, 396.7855,  0, 0, 0
L -1153.1299, -7124.8101, 396.7855,  -1106.2990, -6859.9019, 443.5577,  0, 0, 0
L -1106.2990, -6859.9019, 443.5577,  -1029.1410, -6535.7017, 467.7452,  0, 0, 0
L -1029.1410, -6535.7017, 467.7452,  -1038.9915, -6270.7813, 450.3879,  0, 0, 0
L -1038.9915, -6270.7813, 450.3879,  -1096.1327, -6056.6011, 472.4827,  0, 0, 0
L -1096.1327, -6056.6011, 472.4827,  -1067.3770, -5790.2847, 460.8795,  0, 0, 0
L -1067.3770, -5790.2847, 460.8795,  -1022.2847, -5751.8667, 464.4531,  0, 0, 0
L -1022.2847, -5751.8667, 464.4531,  -935.3700, -5407.6255, 566.1191,  0, 0, 0
L -935.3700, -5407.6255, 566.1191,  -937.1467, -5341.4517, 557.2018,  0, 0, 0
L -937.1467, -5341.4517, 557.2018,  -949.4330, -5224.7017, 532.4927,  0, 0, 0
L -949.4330, -5224.7017, 532.4927,  -1018.6887, -5214.2881, 551.1443,  0, 0, 0
L -1018.6887, -5214.2881, 551.1443,  -1089.9622, -5152.4688, 521.5524,  0, 0, 0
L -1089.9622, -5152.4688, 521.5524,  -1087.5707, -5028.8438, 525.2385,  0, 0, 0
L -1087.5707, -5028.8438, 525.2385,  -1186.9706, -4873.1646, 424.6591,  0, 0, 0
L -1186.9706, -4873.1646, 424.6591,  -1173.6215, -4713.9102, 361.2450,  0, 0, 0
L -1173.6215, -4713.9102, 361.2450,  -1161.6852, -4571.6055, 385.4734,  0, 0, 0
L -1161.6852, -4571.6055, 385.4734,  -1154.3169, -4480.4048, 338.5840,  0, 0, 0
L -1154.3169, -4480.4048, 338.5840,  -1142.4148, -4341.9268, 249.7708,  0, 0, 0
L -1142.4148, -4341.9268, 249.7708,  -1117.1349, -4168.4893, 202.6767,  0, 0, 0
L -1117.1349, -4168.4893, 202.6767,  -1016.4542, -3941.4878, 189.1324,  0, 0, 0
L -1016.4542, -3941.4878, 189.1324,  -888.7038, -3851.7554, 223.4830,  0, 0, 0
L -888.7038, -3851.7554, 223.4830,  -687.8007, -3804.6658, 222.6820,  0, 0, 0
L -687.8007, -3804.6658, 222.6820,  -498.3759, -3694.1106, 213.6696,  0, 0, 0
L -498.3759, -3694.1106, 213.6696,  -350.3521, -3639.3855, 190.6663,  0, 0, 0
L -350.3521, -3639.3855, 190.6663,  -232.2375, -3680.4612, 181.9352,  0, 0, 0
L -232.2375, -3680.4612, 181.9352,  -90.7580, -3783.1492, 181.8319,  0, 0, 0
L -90.7580, -3783.1492, 181.8319,  -7.4678, -3826.1670, 180.7580,  0, 0, 0
L -7.4678, -3826.1670, 180.7580,  135.9608, -3801.5706, 170.5502,  0, 0, 0
L 135.9608, -3801.5706, 170.5502,  231.1803, -3794.9834, 206.9585,  0, 0, 0
L 231.1803, -3794.9834, 206.9585,  335.9440, -3841.4246, 210.9002,  0, 0, 0
L 335.9440, -3841.4246, 210.9002,  452.5477, -3893.1133, 145.7844,  0, 0, 0
L 452.5477, -3893.1133, 145.7844,  574.2861, -3921.1780, 118.1213,  0, 0, 0
L 574.2861, -3921.1780, 118.1213,  673.5883, -3886.6138, 94.2232,  0, 0, 0
L 673.5883, -3886.6138, 94.2232,  771.2649, -3851.5188, 77.5528,  0, 0, 0
L 771.2649, -3851.5188, 77.5528,  854.9048, -3837.6875, 84.1334,  0, 0, 0
L 854.9048, -3837.6875, 84.1334,  946.8810, -3845.2605, 101.8404,  0, 0, 0
L 946.8810, -3845.2605, 101.8404,  1080.4091, -3872.1692, 117.7553,  0, 0, 0
L 1080.4091, -3872.1692, 117.7553,  1243.1541, -3929.3428, 164.8673,  0, 0, 0
L 1243.1541, -3929.3428, 164.8673,  1391.3755, -3927.7454, 176.8670,  0, 0, 0
L 1391.3755, -3927.7454, 176.8670,  1526.9761, -3903.2056, 170.9946,  0, 0, 0
L 1526.9761, -3903.2056, 170.9946,  1677.7028, -3811.5596, 150.9527,  0, 0, 0
L 1677.7028, -3811.5596, 150.9527,  1746.6187, -3776.1692, 149.8387,  0, 0, 0
L 1746.6187, -3776.1692, 149.8387,  1846.3113, -3731.2610, 111.7162,  0, 0, 0
L 1846.3113, -3731.2610, 111.7162,  1968.3334, -3731.4517, 83.6157,  0, 0, 0
L 1968.3334, -3731.4517, 83.6157,  2121.8289, -3751.7095, 36.9810,  0, 0, 0
L 2121.8289, -3751.7095, 36.9810,  2296.9668, -3787.8501, 98.4890,  0, 0, 0
L 2296.9668, -3787.8501, 98.4890,  2363.4878, -3799.1438, 163.3541,  0, 0, 0
L 2363.4878, -3799.1438, 163.3541,  2403.9297, -3707.1575, 187.1389,  0, 0, 0
L 2403.9297, -3707.1575, 187.1389,  2503.9324, -3612.3638, 179.4390,  0, 0, 0
L 2503.9324, -3612.3638, 179.4390,  2565.4766, -3588.9380, 214.7938,  0, 0, 0
L 2565.4766, -3588.9380, 214.7938,  2540.6482, -3428.7339, 71.3002,  0, 0, 0
L 2540.6482, -3428.7339, 71.3002,  2745.7620, -3335.4048, 158.9270,  0, 0, 0
L 2745.7620, -3335.4048, 158.9270,  2803.3667, -3446.5149, 152.3207,  0, 0, 0
L 2803.3667, -3446.5149, 152.3207,  2774.8169, -3596.4966, 131.6405,  0, 0, 0
L 2774.8169, -3596.4966, 131.6405,  2757.9739, -3668.1194, 136.2060,  0, 0, 0
L 2757.9739, -3668.1194, 136.2060,  2742.8362, -3732.4917, 200.8783,  0, 0, 0
L 2742.8362, -3732.4917, 200.8783,  2724.6570, -3812.2942, 250.6733,  0, 0, 0
L 2724.6570, -3812.2942, 250.6733,  2926.5635, -3771.9600, 224.8162,  0, 0, 0
L 2926.5635, -3771.9600, 224.8162,  2987.6504, -3759.7952, 202.3980,  0, 0, 0
L 2987.6504, -3759.7952, 202.3980,  3133.4705, -3727.3511, 175.1660,  0, 0, 0
L 3133.4705, -3727.3511, 175.1660,  3225.1819, -3615.3538, 198.8781,  0, 0, 0
L 3225.1819, -3615.3538, 198.8781,  3280.1885, -3622.5242, 235.5920,  0, 0, 0
L 3309.5806, -3643.5872, 250.3734,  3417.4136, -3626.6736, 257.6215,  0, 0, 0
L 3417.4136, -3626.6736, 257.6215,  3530.6331, -3664.3975, 291.4467,  0, 0, 0
L 3530.6331, -3664.3975, 291.4467,  3632.3047, -3632.4495, 297.8009,  0, 0, 0
L 3632.3047, -3632.4495, 297.8009,  3706.1514, -3642.2378, 313.7486,  0, 0, 0
L 3706.1514, -3642.2378, 313.7486,  3787.4856, -3644.6360, 328.5615,  0, 0, 0
L 3787.4856, -3644.6360, 328.5615,  3865.8909, -3673.8477, 445.3300,  0, 0, 0
L 3865.8909, -3673.8477, 445.3300,  3893.8589, -3622.3057, 429.7855,  0, 0, 0
L 3893.8589, -3622.3057, 429.7855,  3904.1724, -3533.2432, 380.8227,  0, 0, 0
L 3904.1724, -3533.2432, 380.8227,  3937.4451, -3366.2378, 407.2237,  0, 0, 0
L 3937.4451, -3366.2378, 287.2497,  3792.4124, -3088.7449, 201.6161,  0, 0, 0
L 3792.4124, -3088.7449, 201.6161,  3750.9280, -2965.4131, 134.3898,  0, 0, 0
L 3750.9280, -2965.4131, 134.3898,  3728.3750, -2762.9961, 151.5380,  0, 0, 0
L 3728.3750, -2762.9961, 151.5380,  3759.7212, -2640.5994, 129.9220,  0, 0, 0
L 3759.7212, -2640.5994, 129.9220,  3839.6592, -2410.3230, 244.4379,  0, 0, 0
L 3839.6592, -2410.3230, 244.4379,  3719.2544, -2247.7144, 210.5421,  0, 0, 0
L 3719.2544, -2247.7144, 192.2396,  3720.3960, -2139.4529, 193.2698,  0, 0, 0
L 3720.3960, -2139.4529, 193.2698,  3684.4568, -2023.9622, 185.8793,  0, 0, 0
L 3684.4568, -2023.9622, 185.8793,  3668.7754, -1930.5767, 136.6630,  0, 0, 0
L 3668.7754, -1930.5767, 136.6630,  3651.1763, -1805.4988, 82.9941,  0, 0, 0
L 3651.1763, -1805.4988, 82.9941,  3577.9546, -1551.4358, 12.1000,  0, 0, 0
L 3577.9546, -1551.4358, 12.1000,  3603.5298, -1257.5271, 43.6383,  0, 0, 0
L 3603.5298, -1257.5271, 43.6383,  3731.1128, -1184.9275, 137.4002,  0, 0, 0
L 3731.1128, -1184.9275, 137.4002,  3902.6421, -1069.9655, 179.2161,  0, 0, 0
L 3902.6421, -1069.9655, 102.5088,  3744.9871, -1030.7577, 116.5635,  0, 0, 0
L 3744.9871, -1030.7577, 116.5635,  3680.2134, -918.2527, 163.7666,  0, 0, 0
L 3680.2134, -918.2527, 163.7666,  3576.1089, -737.4376, 80.5173,  0, 0, 0
L 3576.1089, -737.4376, 80.5173,  3576.8411, -679.3069, 40.1111,  0, 0, 0
L 3576.8411, -679.3069, 40.1111,  3621.3140, -606.7787, 58.4416,  0, 0, 0
L 3621.3140, -606.7787, 58.4416,  3775.1438, -321.2355, 6.7454,  0, 0, 0
L 3775.1438, -321.2355, 6.7454,  3792.7603, -267.6607, 2.1980,  0, 0, 0
L 3792.7603, -267.6607, 2.1980,  3824.1304, -172.9605, 19.1014,  0, 0, 0
L 3824.1304, -172.9605, 19.1014,  3848.1648, -100.4056, -44.9408,  0, 0, 0
L 3848.1648, -100.4056, -44.9408,  3891.1653, -38.6266, -44.3181,  0, 0, 0
L 3891.1653, -38.6266, -44.3181,  3974.8086, 32.5551, -47.7680,  0, 0, 0
L 3974.8086, 32.5551, -47.7680,  4015.1287, 66.8692, -64.4616,  0, 0, 0
L 4015.1287, 66.8692, -34.7929,  4141.2559, 136.8259, 52.1503,  0, 0, 0
L 4141.2559, 136.8259, 52.1503,  4235.7349, 232.5170, 39.1308,  0, 0, 0
L 4235.7349, 232.5170, 39.1308,  4313.2935, 251.7200, 67.8503,  0, 0, 0
L 4313.2935, 251.7200, 67.8503,  4424.5518, 277.5360, 97.9754,  0, 0, 0
L 4424.5518, 277.5360, 97.9754,  4638.7852, 273.2941, 106.9570,  0, 0, 0
L 4638.7852, 273.2941, 106.9570,  4825.9019, 274.5812, 85.1465,  0, 0, 0
L 4825.9019, 274.5812, 85.1465,  4943.6934, 281.5557, 9.5447,  0, 0, 0
L 4943.6934, 281.5557, 9.5447,  5079.1055, 226.2998, -21.5382,  0, 0, 0
L 5079.1055, 226.2998, -21.5382,  5148.4146, 180.5149, -39.1231,  0, 0, 0
L 5148.4146, 180.5149, -39.1231,  5230.4395, 153.3203, -31.8900,  0, 0, 0
L 5230.4395, 153.3203, -31.8900,  5357.8062, 130.5795, -19.2509,  0, 0, 0
L 5357.8062, 130.5795, -19.2509,  5401.2305, 111.3402, 20.3113,  0, 0, 0
L 5401.2305, 111.3402, 20.3113,  5453.6719, 84.6098, 52.2971,  0, 0, 0
L 5453.6719, 84.6098, 52.2971,  5506.2969, 57.7909, 121.7050,  0, 0, 0
L 5506.2969, 57.7909, 121.7050,  5607.1309, 74.8893, 89.2317,  0, 0, 0
L 5607.1309, 74.8893, 89.2317,  5673.5313, 170.4827, -23.9700,  0, 0, 0
L 5673.5313, 170.4827, -23.9700,  5686.3188, 207.2041, -37.9416,  0, 0, 0
L 5686.3188, 207.2041, -37.9416,  5713.9604, 276.7017, -53.4947,  0, 0, 0
L 5713.9604, 276.7017, -53.4947,  5762.7188, 355.8408, -53.5168,  0, 0, 0
L 5762.7188, 355.8408, -53.5168,  5810.3892, 389.5289, 44.8701,  0, 0, 0
L 5810.3892, 389.5289, 44.8701,  5783.6436, 461.9927, 35.7792,  0, 0, 0
L 5783.6436, 461.9927, 35.7792,  5775.6313, 558.7628, 35.5454,  0, 0, 0
L 5775.6313, 558.7628, 35.5454,  5741.4307, 613.6404, 35.3014,  0, 0, 0
L 5741.4307, 613.6404, 35.3014,  5694.5562, 665.9778, -15.2887,  0, 0, 0
L 5694.5562, 665.9778, -15.2887,  5701.3003, 724.5210, 2.7907,  0, 0, 0
L 5701.3003, 724.5210, 2.7907,  5677.3838, 857.3804, 51.8937,  0, 0, 0
L 5677.3838, 857.3804, 51.8937,  5606.4395, 897.3949, 69.3277,  0, 0, 0
L 5606.4395, 897.3949, 69.3277,  5525.4175, 893.9279, 41.1486,  0, 0, 0
L 5525.4175, 893.9279, 41.1486,  5452.8228, 894.3544, 55.5009,  0, 0, 0
L 5452.8228, 894.3544, 55.5009,  5380.3306, 913.8691, 61.3562,  0, 0, 0
L 5380.3306, 913.8691, 61.3562,  5272.4761, 995.9433, 145.6270,  0, 0, 0
L 5272.4761, 995.9433, 145.6270,  5164.4102, 985.7432, 116.1471,  0, 0, 0
L 5164.4102, 985.7432, 116.1471,  5058.6475, 1000.5042, 160.7014,  0, 0, 0
L 5058.6475, 1000.5042, 160.7014,  4986.7046, 983.1924, 152.5320,  0, 0, 0
L 4986.7046, 983.1924, 152.5320,  4881.2021, 960.8936, 184.2973,  0, 0, 0
L 4881.2021, 960.8936, 184.2973,  4707.6021, 993.5116, 273.6202,  0, 0, 0
L 4707.6021, 993.5116, 273.6202,  4613.5000, 962.8171, 271.9177,  0, 0, 0
L 4613.5000, 962.8171, 271.9177,  4524.4478, 925.3288, 260.6249,  0, 0, 0
L 4524.4478, 925.3288, 260.6249,  4337.3472, 918.9326, 176.6381,  0, 0, 0
L 4337.3472, 918.9326, 176.6381,  4188.6392, 911.3979, 153.3035,  0, 0, 0
L 4188.6392, 911.3979, 153.3035,  4138.6973, 896.4767, 148.9010,  0, 0, 0
L 4138.6973, 896.4767, 148.9010,  4086.7620, 896.5583, 135.2901,  0, 0, 0
L 4086.7620, 896.5583, 135.2901,  4031.4502, 913.9225, 146.8187,  0, 0, 0
L 4031.4502, 913.9225, 146.8187,  3973.7083, 939.3278, 132.8096,  0, 0, 0
L 3973.7083, 939.3278, 132.8096,  3916.5120, 990.2458, 110.7357,  0, 0, 0
L 3916.5120, 990.2458, 110.7357,  3878.1116, 1043.8202, 71.1518,  0, 0, 0
L 3878.1116, 1043.8202, 71.1518,  3850.8770, 1147.7637, 61.5176,  0, 0, 0
L 3850.8770, 1147.7637, 61.5176,  3834.1963, 1261.3523, 54.4260,  0, 0, 0
L 3834.1963, 1261.3523, 54.4260,  3844.2771, 1339.3384, 62.5587,  0, 0, 0
L 3844.2771, 1339.3384, 62.5587,  3857.9861, 1413.2173, 76.3113,  0, 0, 0
L 3857.9861, 1413.2173, 76.3113,  3895.4568, 1493.4229, 95.9662,  0, 0, 0
L 3895.4568, 1493.4229, 95.9662,  3898.5486, 1552.3926, 90.1182,  0, 0, 0
L 3898.5486, 1552.3926, 90.1182,  3857.3125, 1680.4198, 87.4080,  0, 0, 0
L 3857.3125, 1680.4198, 87.4080,  3875.1897, 1827.8433, 58.7957,  0, 0, 0
L 3875.1897, 1827.8433, 58.7957,  3854.8660, 1907.7959, 53.7860,  0, 0, 0
L 3854.8660, 1907.7959, 53.7860,  3775.9219, 2029.2382, 61.1773,  0, 0, 0
L 3775.9219, 2029.2382, 61.1773,  3706.6521, 2132.8643, 9.6448,  0, 0, 0
L 3706.6521, 2132.8643, 9.6448,  3711.8733, 2194.8406, -9.9649,  0, 0, 0
L 3711.8733, 2194.8406, -9.9649,  3787.7605, 2267.2815, 3.1808,  0, 0, 0
L 3787.7605, 2267.2815, 3.1808,  3850.3560, 2463.5779, -26.4545,  0, 0, 0
L 3850.3560, 2463.5779, -26.4545,  3876.5901, 2587.9622, -38.2188,  0, 0, 0
L 3876.5901, 2587.9622, -38.2188,  3876.6680, 2677.4744, -77.4347,  0, 0, 0
L 3876.6680, 2677.4744, -77.4347,  3864.3572, 2749.5176, -116.6941,  0, 0, 0
L 3864.3572, 2749.5176, -116.6941,  3832.8267, 2817.7581, -131.7894,  0, 0, 0
L 3832.8267, 2817.7581, -131.7894,  3814.8511, 2893.9939, -163.6381,  0, 0, 0
L 3814.8511, 2893.9939, -163.6381,  3809.3572, 2926.2798, -240.7124,  0, 0, 0
L 3809.3572, 2926.2798, -240.7124,  3819.5413, 3022.4993, -294.9528,  0, 0, 0
L 3819.5413, 3022.4993, -294.9528,  3817.6619, 3079.4175, -283.9879,  0, 0, 0
L 3817.6619, 3079.4175, -283.9879,  3819.8875, 3081.6204, -269.2210,  0, 0, 0
L 3822.8396, 3182.6050, -257.2760,  3773.7671, 3246.5867, -290.6657,  0, 0, 0
L 3773.7671, 3246.5867, -290.6657,  3704.2095, 3230.9612, -316.2971,  0, 0, 0
L 3704.2095, 3230.9612, -316.2971,  3644.2581, 3236.6165, -293.7044,  0, 0, 0
L 3644.2581, 3236.6165, -293.7044,  3563.3948, 3262.1746, -252.6623,  0, 0, 0
L 3563.3948, 3262.1746, -252.6623,  3518.8865, 3283.7371, -224.4067,  0, 0, 0
L 3518.8865, 3283.7371, -224.4067,  3449.8213, 3335.8499, -182.5472,  0, 0, 0
L 3449.8213, 3335.8499, -182.5472,  3394.8396, 3386.5503, -177.6586,  0, 0, 0
L 3394.8396, 3386.5503, -177.6586,  3327.7017, 3452.5730, -232.5955,  0, 0, 0
L 3327.7017, 3452.5730, -232.5955,  3249.1194, 3515.3960, -261.5883,  0, 0, 0
L 3249.1194, 3515.3960, -261.5883,  3182.1934, 3534.6167, -297.9635,  0, 0, 0
L 3182.1934, 3534.6167, -297.9635,  3058.1929, 3611.9622, -341.5738,  0, 0, 0
L 3058.1929, 3611.9622, -341.5738,  2989.9500, 3643.4524, -343.3786,  0, 0, 0
L 2989.9500, 3643.4524, -343.3786,  2989.2068, 3610.3855, -348.1290,  0, 0, 0
L 2989.2068, 3610.3855, -347.9837,  2987.6050, 3607.5779, -347.9302,  0, 0, 0
L 2987.6050, 3607.5779, -347.8018,  2984.2549, 3605.6238, -347.7411,  0, 0, 0
L 2984.2549, 3605.6238, -347.8704,  2970.7251, 3605.6121, -348.1129,  0, 0, 0
L 2962.9500, 3605.6167, -348.2190,  2948.5413, 3605.6172, -347.9361,  0, 0, 0
L 2945.5752, 3607.6907, -348.2751,  2943.7771, 3610.4971, -348.3942,  0, 0, 0
L 2948.5413, 3605.6172, -347.7662,  2945.5752, 3607.6907, -347.8038,  0, 0, 0
L 2943.7771, 3610.4971, -347.7943,  2943.7764, 3629.7417, -346.5917,  0, 0, 0
L 2943.7764, 3629.7417, -345.2187,  2803.7061, 3519.6580, -360.3512,  0, 0, 0
L 2803.7061, 3519.6580, -360.3512,  2726.3958, 3498.5901, -357.6446,  0, 0, 0
L 2726.3958, 3498.5901, -357.6446,  2658.9158, 3489.1077, -382.3625,  0, 0, 0
L 2658.9158, 3489.1077, -382.3625,  2590.7234, 3480.6912, -374.5930,  0, 0, 0
L 2590.7234, 3480.6912, -374.5930,  2528.3306, 3472.9214, -364.3253,  0, 0, 0
L 2528.3306, 3472.9214, -364.3253,  2419.6565, 3459.7959, -350.6524,  0, 0, 0
L 2419.6565, 3459.7959, -350.6524,  2226.2964, 3432.8450, -436.3172,  0, 0, 0
L 2226.2964, 3432.8450, -436.3172,  2123.3538, 3435.2461, -429.6191,  0, 0, 0
L 2123.3538, 3435.2461, -429.6191,  2021.8705, 3437.6150, -410.2384,  0, 0, 0
L 2021.8705, 3437.6150, -410.2384,  1941.2068, 3439.4966, -370.5591,  0, 0, 0
L 1941.2068, 3439.4966, -370.5591,  1854.7880, 3436.9539, -363.9764,  0, 0, 0
L 1854.7880, 3436.9539, -363.9764,  1756.2946, 3431.8179, -363.1451,  0, 0, 0
L 1756.2946, 3431.8179, -363.1451,  1572.3606, 3423.8289, -356.8528,  0, 0, 0
L 1572.3606, 3423.8289, -356.8528,  1512.2505, 3421.2183, -341.4558,  0, 0, 0
L 1512.2505, 3421.2183, -341.4558,  1411.2155, 3418.7869, -294.8566,  0, 0, 0
L 1411.2155, 3418.7869, -294.8566,  1308.7394, 3416.3345, -294.8491,  0, 0, 0
L 1308.7394, 3416.3345, -294.8491,  1219.4131, 3445.5198, -288.6378,  0, 0, 0
L 1219.4131, 3445.5198, -288.6378,  1144.7544, 3477.5840, -281.2631,  0, 0, 0
L 1144.7544, 3477.5840, -281.2631,  1095.5424, 3498.7212, -301.2869,  0, 0, 0
L 1095.5424, 3498.7212, -301.2869,  1019.2435, 3531.4893, -328.2748,  0, 0, 0
L 1019.2435, 3531.4893, -328.2748,  989.4926, 3542.1287, -331.3947,  0, 0, 0
L 989.4926, 3542.1287, -331.3947,  884.1700, 3455.5762, -260.3987,  0, 0, 0
L 884.1700, 3455.5762, -260.3987,  750.8884, 3423.5496, -342.4461,  0, 0, 0
L 750.8884, 3423.5496, -342.4461,  647.9568, 3418.1177, -349.1324,  0, 0, 0
L 647.9568, 3418.1177, -349.1324,  477.5661, 3414.8738, -365.7844,  0, 0, 0
L 477.5661, 3414.8738, -365.7844,  319.2114, 3411.8606, -403.3052,  0, 0, 0
L 319.2114, 3411.8606, -403.3052,  185.2500, 3433.2759, -373.2706,  0, 0, 0
L 185.2500, 3433.2759, -373.2706,  42.4136, 3409.3201, -383.4322,  0, 0, 0
L 42.4136, 3409.3201, -383.4322,  -86.4004, 3361.3628, -378.3118,  0, 0, 0
L -86.4004, 3361.3628, -378.3118,  -180.1089, 3346.6167, -331.2420,  0, 0, 0
L -180.1089, 3346.6167, -331.2420,  -249.1617, 3346.3157, -335.6693,  0, 0, 0
L -249.1617, 3346.3157, -335.6693,  -372.7330, 3346.7935, -331.3095,  0, 0, 0
L -372.7330, 3346.7935, -331.3095,  -455.3922, 3347.1116, -278.5239,  0, 0, 0
L -455.3922, 3347.1116, -278.5239,  -562.2047, 3347.5225, -288.5196,  0, 0, 0
L -562.2047, 3347.5225, -288.5196,  -628.3360, 3347.7764, -348.6206,  0, 0, 0
L -628.3360, 3347.7764, -348.6206,  -710.2068, 3378.5933, -389.7961,  0, 0, 0
L -710.2068, 3378.5933, -389.7961,  -824.1202, 3445.4607, -394.1161,  0, 0, 0
L -824.1202, 3445.4607, -394.1161,  -890.1769, 3451.5884, -355.8199,  0, 0, 0
L -890.1769, 3451.5884, -355.8199,  -964.5918, 3458.4910, -360.1913,  0, 0, 0
L -964.5918, 3458.4910, -360.1913,  -1044.6696, 3465.6055, -345.9832,  0, 0, 0
L -1044.6696, 3465.6055, -345.9832,  -1123.9773, 3470.4983, -310.5539,  0, 0, 0
L -1123.9773, 3470.4983, -310.5539,  -1242.5846, 3477.8113, -290.3860,  0, 0, 0
L -1242.5846, 3477.8113, -290.3860,  -1463.5446, 3502.1985, -399.8106,  0, 0, 0
L -1463.5446, 3502.1985, -399.8106,  -1517.7891, 3531.6658, -405.6759,  0, 0, 0
L -1517.7891, 3531.6658, -405.6759,  -1597.7682, 3571.8184, -420.4083,  0, 0, 0
L -1597.7682, 3571.8184, -420.4083,  -1685.6360, 3562.9004, -390.4272,  0, 0, 0
L -1685.6360, 3562.9004, -390.4272,  -1763.5530, 3539.8516, -424.3500,  0, 0, 0
L -1763.5530, 3539.8516, -424.3500,  -1830.3490, 3542.5623, -426.7710,  0, 0, 0
L -1830.3490, 3542.5623, -426.7710,  -1848.1929, 3534.4485, -418.6424,  0, 0, 0
L -1848.1929, 3534.4485, -418.6424,  -1885.5768, 3505.6902, -445.2436,  0, 0, 0
L -1885.5768, 3505.6902, -445.2436,  -1947.2643, 3458.2349, -461.7157,  0, 0, 0
L -1947.2643, 3458.2349, -461.7157,  -2032.9928, 3392.2876, -443.8724,  0, 0, 0
L -2032.9928, 3392.2876, -443.8724,  -2123.3008, 3322.8184, -479.1546,  0, 0, 0
L -2123.3008, 3322.8184, -479.1546,  -2192.7688, 3262.7688, -483.7028,  0, 0, 0
L -2192.7688, 3262.7688, -483.7028,  -2346.2852, 3142.9539, -468.6806,  0, 0, 0
L -2346.2852, 3142.9539, -468.6806,  -2418.8445, 3128.7498, -452.6019,  0, 0, 0
L -2418.8445, 3128.7498, -452.6019,  -2483.2864, 3148.3560, -429.7425,  0, 0, 0
L -2483.2864, 3148.3560, -429.7425,  -2563.9827, 3176.6570, -432.8091,  0, 0, 0
L -2563.9827, 3176.6570, -432.8091,  -2695.5691, 3255.7371, -436.7170,  0, 0, 0
L -2695.5691, 3255.7371, -436.7170,  -2757.3589, 3324.5579, -425.7701,  0, 0, 0
L -2757.3589, 3324.5579, -425.7701,  -2824.2664, 3399.7759, -410.4447,  0, 0, 0
L -2824.2664, 3399.7759, -410.4447,  -2970.8406, 3551.3755, -343.7456,  0, 0, 0
L -2970.8406, 3551.3755, -343.7456,  -3056.1753, 3582.4373, -292.3405,  0, 0, 0
L -3056.1753, 3582.4373, -292.3405,  -3203.6609, 3596.5647, -206.8260,  0, 0, 0
L -3203.6609, 3596.5647, -206.8260,  -3308.5298, 3508.8494, -343.3648,  0, 0, 0
L -3308.5298, 3508.8494, -343.3648,  -3478.9893, 3431.7090, -229.3531,  0, 0, 0
L -3478.9893, 3431.7090, -229.3531,  -3624.8035, 3392.9053, -186.6220,  0, 0, 0
L -3624.8035, 3392.9053, -186.6220,  -3730.4734, 3346.1541, -186.7815,  0, 0, 0
L -3730.4734, 3346.1541, -186.7815,  -3852.6094, 3292.1216, -166.8194,  0, 0, 0
L -3852.6094, 3292.1216, -166.8194,  -3967.3594, 3235.9275, -75.1026,  0, 0, 0
L -3967.3594, 3235.9275, -75.1026,  -4020.8223, 3156.5447, -142.3481,  0, 0, 0
L -4020.8223, 3156.5447, -142.3481,  -4040.2598, 3111.5591, -120.6326,  0, 0, 0
L -4040.2598, 3111.5591, -120.6326,  -4021.6780, 3018.4075, -156.1514,  0, 0, 0
L -4021.6780, 3018.4075, -156.1514,  -3976.8538, 2960.6746, -186.8100,  0, 0, 0
L -3976.8538, 2960.6746, -186.8100,  -3901.5840, 2858.1819, -241.7420,  0, 0, 0
L -3901.5840, 2858.1819, -241.7420,  -3828.9468, 2740.4690, -299.8818,  0, 0, 0
L -3828.9468, 2740.4690, -299.8818,  -3784.6338, 2673.1663, -326.5810,  0, 0, 0
L -3784.6338, 2673.1663, -326.5810,  -3745.5962, 2619.4175, -352.2099,  0, 0, 0
L -3772.2393, 2586.1360, -351.3960,  -3791.3577, 2587.2681, -351.4712,  127, 64, 0
L -3791.3577, 2587.2681, -351.4712,  -3807.3018, 2591.7422, -352.8315,  127, 64, 0
L -3807.3018, 2591.7422, -352.8315,  -3811.8174, 2594.2876, -350.6464,  127, 64, 0
L -3811.8174, 2594.2876, -350.6464,  -3822.6768, 2591.7000, -356.4268,  127, 64, 0
L -3822.6768, 2591.7000, -356.4268,  -3832.7981, 2588.4468, -359.3668,  127, 64, 0
L -3832.7981, 2588.4468, -359.3668,  -3851.2815, 2589.2288, -361.2660,  127, 64, 0
L -3851.2815, 2589.2288, -361.2660,  -3877.7632, 2584.9478, -361.6379,  127, 64, 0
L -3866.1321, 2586.8279, -361.6379,  -3866.1321, 2586.8240, -361.6558,  127, 64, 0
L -3881.1431, 2553.1431, -366.5871,  -3870.8975, 2556.3130, -365.3458,  127, 64, 0
L -3870.8975, 2556.3130, -365.3458,  -3864.8472, 2555.9810, -364.5783,  127, 64, 0
L -3864.8472, 2555.9810, -364.5783,  -3847.2554, 2553.4690, -361.9374,  127, 64, 0
L -3847.2554, 2553.4690, -361.9374,  -3843.1392, 2551.4236, -361.2065,  127, 64, 0
L -3843.1392, 2551.4236, -361.2065,  -3836.5684, 2554.8694, -360.4610,  127, 64, 0
L -3836.5684, 2554.8694, -360.4610,  -3826.7212, 2555.1902, -358.3036,  127, 64, 0
L -3826.7212, 2555.1902, -358.3036,  -3821.3733, 2553.1897, -356.4608,  127, 64, 0
L -3821.3733, 2553.1897, -356.4608,  -3811.4556, 2553.1387, -353.3380,  127, 64, 0
L -3811.4556, 2553.1387, -353.3380,  -3806.1448, 2554.4617, -352.9479,  127, 64, 0
L -3806.1448, 2554.4617, -352.9479,  -3792.3235, 2559.4688, -351.6433,  127, 64, 0
L -3792.3235, 2559.4688, -351.6433,  -3772.2383, 2558.3333, -351.4932,  127, 64, 0
L -3750.3262, 2531.1951, -343.4141,  -3759.8545, 2515.7405, -326.1238,  0, 0, 0
L -3759.8545, 2515.7405, -326.1238,  -3748.2764, 2443.5325, -343.1870,  0, 0, 0
L -3748.2764, 2443.5325, -343.1870,  -3747.6001, 2362.5652, -354.6827,  0, 0, 0
L -3747.6001, 2362.5652, -354.6827,  -3780.5767, 2302.8992, -346.1360,  0, 0, 0
L -3780.5767, 2302.8992, -346.1360,  -3774.6165, 2236.4180, -351.3813,  0, 0, 0
L -3774.6165, 2236.4180, -351.3813,  -3758.4712, 2179.6292, -339.2787,  0, 0, 0
L -3758.4712, 2179.6292, -339.2787,  -3728.3799, 2051.6348, -286.5140,  0, 0, 0
L -3728.3799, 2051.6348, -286.5140,  -3684.3799, 2004.4314, -270.5799,  0, 0, 0
L -3684.3799, 2004.4314, -270.5799,  -3660.9976, 1920.6646, -216.1613,  0, 0, 0
L -3660.9976, 1920.6646, -216.1613,  -3673.2947, 1847.8422, -159.9750,  0, 0, 0
L -3673.2947, 1847.8422, -159.9750,  -3720.5669, 1807.3119, -158.6983,  0, 0, 0
L -3720.5669, 1807.3119, -158.6983,  -3767.2859, 1756.7112, -167.3713,  0, 0, 0
L -3767.2859, 1756.7112, -167.3713,  -3760.4490, 1645.2002, -178.6809,  0, 0, 0
L -3760.4490, 1645.2002, -178.6809,  -3747.1609, 1583.5436, -168.4125,  0, 0, 0
L -3747.1609, 1583.5436, -168.4125,  -3723.7383, 1519.2007, -153.2977,  0, 0, 0
L -3723.7383, 1519.2007, -153.2977,  -3709.3870, 1450.6344, -161.4256,  0, 0, 0
L -3709.3870, 1450.6344, -161.4256,  -3716.9441, 1358.7981, -154.6984,  0, 0, 0
L -3716.9441, 1358.7981, -154.6984,  -3742.5994, 1307.5956, -166.1151,  0, 0, 0
L -3742.5994, 1307.5956, -166.1151,  -3765.3162, 1222.5309, -146.1630,  0, 0, 0
L -3765.3162, 1222.5309, -146.1630,  -3752.2166, 1148.8003, -124.8080,  0, 0, 0
L -3752.2166, 1148.8003, -124.8080,  -3800.5940, 1093.6250, -54.9628,  0, 0, 0
L -3800.5940, 1093.6250, -54.9628,  -3842.4590, 1031.6250, -20.8217,  0, 0, 0
L -3842.4590, 1031.6250, -20.8217,  -3872.2542, 987.7440, -3.3376,  0, 0, 0
L -3872.2542, 987.7440, -3.3376,  -3883.7715, 930.4510, 20.1120,  0, 0, 0
L -3883.7715, 930.4510, 20.1120,  -3874.7095, 849.1811, 100.1833,  0, 0, 0
L -3874.7095, 849.1811, 100.1833,  -3850.6841, 759.9202, 98.1222,  0, 0, 0
L -3850.6841, 759.9202, 98.1222,  -3826.8816, 665.5297, 43.8780,  0, 0, 0
L -3826.8816, 665.5297, 43.8780,  -3827.2876, 605.9814, 9.9731,  0, 0, 0
L -3827.2876, 605.9814, 9.9731,  -3837.9397, 510.2715, 17.1504,  0, 0, 0
L -3837.9397, 510.2715, 17.1504,  -3863.3975, 438.1546, 35.1347,  0, 0, 0
L -3863.3975, 438.1546, 35.1347,  -3894.9043, 387.8690, 58.1156,  0, 0, 0
L -3894.9043, 387.8690, 58.1156,  -3913.1814, 291.1164, 29.7279,  0, 0, 0
L -3913.1814, 291.1164, 29.7279,  -3932.6338, 227.5247, 16.8260,  0, 0, 0
L -3932.6338, 227.5247, 16.8260,  -3927.5652, 140.2502, -1.8517,  0, 0, 0
L -3927.5652, 140.2502, -1.8517,  -3906.4231, 63.8945, -14.7251,  0, 0, 0
L -3906.4231, 63.8945, -14.7251,  -3905.5298, -27.6469, -16.4368,  0, 0, 0
L -3905.5298, -27.6469, -16.4368,  -3928.1204, -114.4017, -24.3680,  0, 0, 0
L -3928.1204, -114.4017, -24.3680,  -3945.2859, -221.7900, -8.3398,  0, 0, 0
L -3945.2859, -221.7900, -8.3398,  -3902.2122, -373.8333, 2.7229,  0, 0, 0
L -3902.2122, -373.8333, 2.7229,  -3885.3621, -461.5801, 11.7318,  0, 0, 0
L -3885.3621, -461.5801, 11.7318,  -3911.5564, -594.3871, 87.1075,  0, 0, 0
L -3911.5564, -594.3871, 87.1075,  -3927.8328, -688.3196, 64.6671,  0, 0, 0
L -3927.8328, -688.3196, 64.6671,  -3917.9102, -760.9794, 108.7804,  0, 0, 0
L -3917.9102, -760.9794, 108.7804,  -3881.9329, -846.3750, 152.1480,  0, 0, 0
L -3881.9329, -846.3750, 152.1480,  -3870.1819, -928.9034, 149.9270,  0, 0, 0
L -3870.1819, -928.9034, 149.9270,  -3894.1001, -1009.1144, 134.4140,  0, 0, 0
L -3894.1001, -1009.1144, 134.4140,  -3994.2803, -1311.7831, 196.5459,  0, 0, 0
L -3994.2803, -1311.7831, 196.5459,  -4031.1421, -1475.5398, 251.8308,  0, 0, 0
L -4031.1421, -1475.5398, 251.8308,  -4054.8931, -1582.8184, 280.9791,  0, 0, 0
L -4054.8931, -1582.8184, 280.9791,  -4109.5894, -1724.6742, 336.7744,  0, 0, 0
L -4109.5894, -1724.6742, 336.7744,  -4085.2913, -1877.8501, 372.4028,  0, 0, 0
L -4085.2913, -1877.8501, 372.4028,  -4066.2771, -2045.6980, 333.4316,  0, 0, 0
L -4066.2771, -2045.6980, 333.4316,  -4017.8821, -2128.3318, 337.6811,  0, 0, 0
L -4017.8821, -2128.3318, 337.6811,  -4015.8997, -2244.5093, 335.1815,  0, 0, 0
L -4015.8997, -2244.5093, 335.1815,  -4050.7603, -2337.7017, 313.5812,  0, 0, 0
L -4050.7603, -2337.7017, 313.5812,  -4051.3831, -2508.8938, 348.7789,  0, 0, 0
L -4051.3831, -2508.8938, 348.7789,  -3967.6116, -2684.5049, 179.8403,  0, 0, 0
L -3967.6116, -2684.5049, 179.8403,  -4048.5896, -2841.4280, 263.5982,  0, 0, 0
L -4106.8145, -3141.2288, 195.2290,  -4080.3931, -3132.8650, 192.5089,  0, 0, 0
L -4080.3931, -3132.8650, 192.5089,  -4072.5264, -3164.7166, 201.2085,  0, 0, 0
L -4072.5264, -3164.7166, 201.2085,  -4063.4041, -3229.9910, 193.7304,  0, 0, 0
L -4063.4041, -3229.9910, 193.7304,  -4044.8572, -3285.9329, 189.3511,  0, 0, 0
L -4044.8572, -3285.9329, 189.3511,  -4011.1060, -3320.1775, 190.6600,  0, 0, 0
L -4011.1060, -3320.1775, 190.6600,  -3931.2483, -3356.6819, 193.3334,  0, 0, 0
L -3931.2483, -3356.6819, 193.3334,  -3904.6177, -3370.3987, 191.9540,  0, 0, 0
L -3904.6177, -3370.3987, 191.9540,  -3859.5237, -3423.9180, 189.5406,  0, 0, 0
L -3859.5237, -3423.9180, 189.5406,  -3816.8062, -3544.2068, 208.4681,  0, 0, 0
L -3816.8062, -3544.2068, 208.4681,  -3725.8384, -3637.8367, 172.4283,  0, 0, 0
L -3725.8384, -3637.8367, 172.4283,  -3621.4468, -3690.9800, 176.2270,  0, 0, 0
L -3621.4468, -3690.9800, 176.2270,  -3553.6243, -3754.7920, 177.1596,  0, 0, 0
L -3553.6243, -3754.7920, 177.1596,  -3360.9695, -3788.1792, 138.3937,  0, 0, 0
L -3360.9695, -3788.1792, 138.3937,  -3313.5845, -3846.7310, 132.7875,  0, 0, 0
L -3313.5845, -3846.7310, 132.7875,  -3229.6111, -3983.5435, 159.5312,  0, 0, 0
L -3229.6111, -3983.5435, 159.5312,  -3149.2317, -4071.6575, 172.5320,  0, 0, 0
L -3149.2317, -4071.6575, 172.5320,  -3021.5706, -4116.4292, 158.5943,  0, 0, 0
L -3021.5706, -4116.4292, 158.5943,  -2795.7244, -4141.9478, 185.3567,  0, 0, 0
L -2795.7244, -4141.9478, 185.3567,  -2552.9231, -4142.4932, 196.7529,  0, 0, 0
L -2552.9231, -4142.4932, 196.7529,  -2347.7046, -4117.2002, 197.8127,  0, 0, 0
L -2347.7046, -4117.2002, 197.8127,  -2215.9236, -4082.8560, 174.6402,  0, 0, 0
L -2215.9236, -4082.8560, 174.6402,  -1994.4612, -4032.6780, 135.7666,  0, 0, 0
L -1994.4612, -4032.6780, 135.7666,  -1881.6178, -4002.3921, 140.2554,  0, 0, 0
L -1881.6178, -4002.3921, 140.2554,  -1848.6316, -4021.4441, 165.8336,  0, 0, 0
L -1848.6316, -4021.4441, 165.8336,  -1805.1519, -4054.1758, 201.5826,  0, 0, 0
L -1805.1519, -4054.1758, 201.5826,  -1784.1414, -4139.5938, 228.6204,  0, 0, 0
L -1784.1414, -4139.5938, 228.6204,  -1695.4203, -4616.1563, 341.1313,  0, 0, 0
L -1695.4203, -4616.1563, 341.1313,  -1703.1425, -4973.5254, 405.8940,  0, 0, 0
L -1703.1425, -4973.5254, 405.8940,  -1730.2876, -5267.7144, 451.4762,  0, 0, 0
L -1730.2876, -5267.7144, 451.4762,  -1823.9146, -5412.8477, 459.6168,  0, 0, 0
L -1823.9146, -5412.8477, 459.6168,  -1876.5706, -5514.3340, 495.5964,  0, 0, 0
L -1876.5706, -5514.3340, 495.5964,  -1907.3987, -6048.6895, 398.8722,  0, 0, 0
L -1907.3987, -6048.6895, 398.8722,  -1919.6930, -6261.8169, 439.5532,  0, 0, 0
L -1919.6930, -6261.8169, 439.5532,  -1929.2996, -6428.2959, 517.6014,  0, 0, 0
L -1929.2996, -6428.2959, 517.6014,  -1944.1438, -6685.5811, 510.7722,  0, 0, 0
L -1944.1438, -6685.5811, 510.7722,  -1920.6194, -6854.2881, 527.3129,  0, 0, 0
L -1920.6194, -6854.2881, 527.3129,  -1877.4196, -7074.3062, 493.1578,  0, 0, 0
L -1877.4196, -7074.3062, 493.1578,  -1837.1575, -7279.5835, 435.3201,  0, 0, 0
L -1837.1575, -7279.5835, 435.3201,  -1649.2621, -7439.8267, 388.4941,  0, 0, 0
L 3277.6226, -3594.2698, 197.4635,  3277.6143, -3592.4590, 197.1382,  127, 64, 0
L 3277.6143, -3592.4590, 197.1382,  3283.5669, -3592.5740, 196.9421,  127, 64, 0
L 3283.5669, -3592.5740, 196.9421,  3286.5774, -3595.2527, 198.5716,  127, 64, 0
L 3286.5774, -3595.2527, 198.5716,  3290.9004, -3601.2261, 201.6370,  127, 64, 0
L 3290.9004, -3601.2261, 201.6370,  3287.2305, -3605.6399, 203.4729,  127, 64, 0
L 3287.2305, -3605.6399, 203.4729,  3278.5518, -3626.4485, 198.7526,  127, 64, 0
L 3278.5518, -3626.4485, 198.7526,  3273.6443, -3633.4585, 198.2481,  127, 64, 0
L 3273.6443, -3633.4585, 198.8762,  3253.6836, -3640.3650, 200.5150,  127, 64, 0
L 3253.6836, -3640.3650, 200.5150,  3235.3860, -3650.7720, 200.1080,  127, 64, 0
L 3235.3860, -3650.7720, 200.1080,  3225.5469, -3668.8174, 197.7889,  127, 64, 0
L 3225.5469, -3668.8174, 197.7889,  3226.2085, -3687.5779, 198.3980,  127, 64, 0
L 3226.2085, -3687.5779, 198.3980,  3231.8633, -3703.2776, 197.5595,  127, 64, 0
L 3231.8633, -3703.2776, 197.5595,  3230.6250, -3715.6941, 198.8666,  127, 64, 0
L 3230.6250, -3715.6941, 198.8666,  3235.1680, -3720.8118, 197.7653,  127, 64, 0
L 3235.1680, -3720.8118, 197.7653,  3239.9397, -3729.7754, 198.6950,  127, 64, 0
L 3239.9397, -3729.7754, 198.6950,  3258.3140, -3740.2637, 198.2760,  127, 64, 0
L 3258.3140, -3740.2637, 198.2760,  3272.4163, -3753.6265, 198.2478,  127, 64, 0
L 3272.4163, -3753.6265, 198.2478,  3283.3689, -3755.1028, 198.2368,  127, 64, 0
L 3283.3689, -3755.1028, 198.2368,  3295.9463, -3752.3787, 198.4690,  127, 64, 0
L 3295.9463, -3752.3787, 198.4690,  3297.7649, -3760.7610, 199.8203,  127, 64, 0
L 3297.7649, -3760.7610, 199.8203,  3297.1458, -3769.7820, 201.3110,  127, 64, 0
L 3297.1458, -3769.7820, 201.3110,  3300.4878, -3780.6702, 202.2053,  127, 64, 0
L 3300.4878, -3780.6702, 202.2053,  3297.6482, -3789.3584, 206.8079,  127, 64, 0
L 3321.4214, -3602.2803, 208.3305,  3319.1597, -3600.6880, 205.4891,  127, 64, 0
L 3319.1597, -3600.6880, 205.4891,  3313.6919, -3598.6143, 204.6370,  127, 64, 0
L 3313.6919, -3598.6143, 204.6370,  3303.2698, -3600.2295, 199.6902,  127, 64, 0
L 3303.2698, -3600.2295, 199.6902,  3307.6543, -3606.5010, 200.7366,  127, 64, 0
L 3307.6543, -3606.5010, 200.7366,  3309.3904, -3613.6055, 200.5166,  127, 64, 0
L 3309.3904, -3613.6055, 200.5166,  3307.8699, -3638.3777, 198.7600,  127, 64, 0
L 3307.8699, -3638.3777, 198.7600,  3309.5806, -3643.5872, 197.6100,  127, 64, 0
L 3309.7813, -3644.1978, 197.6100,  3313.5647, -3647.5601, 197.7239,  127, 64, 0
L 3313.5647, -3647.5601, 197.7239,  3322.5745, -3653.7903, 197.4977,  127, 64, 0
L 3322.5745, -3653.7903, 197.4977,  3337.2366, -3658.7051, 198.6371,  127, 64, 0
L 3337.2366, -3658.7051, 198.6371,  3347.8567, -3672.7300, 198.8186,  127, 64, 0
L 3347.8567, -3672.7300, 198.8186,  3356.7930, -3695.1565, 199.6201,  127, 64, 0
L 3356.7930, -3695.1565, 199.6201,  3356.1592, -3707.6602, 199.1914,  127, 64, 0
L 3356.1592, -3707.6602, 199.1914,  3344.3938, -3722.1001, 199.9303,  127, 64, 0
L 3344.3938, -3722.1001, 199.9303,  3329.5159, -3726.9578, 199.6185,  127, 64, 0
L 3329.5159, -3726.9578, 199.6185,  3323.4063, -3731.2881, 199.4963,  127, 64, 0
L 3323.4063, -3731.2881, 199.4963,  3321.6790, -3736.2000, 198.7079,  127, 64, 0
L 3321.6790, -3736.2000, 198.7079,  3321.3689, -3740.4778, 197.8867,  127, 64, 0
L 3321.3689, -3740.4778, 197.8867,  3324.4368, -3746.9468, 198.9520,  127, 64, 0
L 3324.4368, -3746.9468, 198.9520,  3325.4014, -3755.3003, 198.7637,  127, 64, 0
L 3325.4014, -3755.3003, 198.7637,  3324.1907, -3769.1941, 202.8515,  127, 64, 0
L 3324.1907, -3769.1941, 202.8515,  3321.6338, -3776.7920, 203.6623,  127, 64, 0
L 3321.6338, -3776.7920, 203.6623,  3320.8677, -3783.9351, 203.2133,  127, 64, 0
L 3320.8677, -3783.9351, 203.2133,  3326.2417, -3789.3267, 204.8770,  127, 64, 0
P -1559.2162, -7359.8848, 391.0142,  0, 127, 0,  3,  to_The_Overthere
P 3310.3848, -3795.1304, 202.5700,  0, 127, 0,  3,  to_Gates_of_Kor'Sha
P -2717.0000, -3616.0000, 116.0000,  0, 127, 0,  3,  to_Temple_of_Droga
P -3911.9939, 2455.4766, -370.2934,  0, 127, 0,  3,  to_Scorched_Woods
P 600.0000, 4400.0000, 0.0000,  0, 0, 0,  1,  Map_by_Goodurden
P -3783.0000, 2572.0000, -350.7466,  0, 0, 0,  1,  Succor
