L -42.9131, -760.4261, 870.7247,  -43.1114, -857.4919, 870.7295,  0, 0, 0
L -43.1114, -857.4919, 870.7295,  49.7044, -857.4919, 872.5056,  0, 0, 0
L 49.7044, -857.4919, 872.5056,  49.6240, -760.9080, 872.8813,  0, 0, 0
L 49.5412, -71.4158, 870.5820,  49.4849, 24.9279, 869.2432,  0, 0, 0
L 49.4849, 24.9279, 871.6265,  -43.6551, 24.9383, 871.7653,  0, 0, 0
L -43.6551, 24.9383, 871.7139,  -43.6700, -72.0283, 872.1794,  0, 0, 0
L -43.6700, -72.0283, 872.4770,  2.5488, -95.3315, 871.6146,  240, 240, 240
L 2.5488, -95.3315, 871.6146,  49.5412, -71.4158, 870.9825,  240, 240, 240
L -42.9131, -760.4261, 870.9153,  2.9109, -737.7206, 871.5690,  240, 240, 240
L 2.9109, -737.7206, 871.5690,  49.6240, -760.9080, 872.1475,  240, 240, 240
L 9.0636, -416.7176, 1467.4661,  9.0636, -416.7176, 1467.4661,  0, 127, 0
L -75.7797, -241.7644, -1.1089,  -75.7796, -235.5968, -1.1089,  0, 0, 0
L -75.5404, -235.6433, -1.1069,  -75.5444, -170.9836, -1.1089,  0, 0, 0
L -75.5444, -170.9836, -1.1089,  -261.8632, -170.9832, -1.1089,  0, 0, 0
L -261.8632, -170.9832, -1.1089,  -261.8627, -235.4161, -1.1083,  0, 0, 0
L -259.9787, -235.4321, -1.1089,  -259.9753, -241.6173, -1.1089,  0, 0, 0
L -259.9791, -285.7941, -1.1089,  -259.9734, -292.0370, -1.1089,  0, 0, 0
L -261.8627, -291.9742, -1.1069,  -261.8634, -356.9861, -1.0659,  0, 0, 0
L -261.8634, -356.9861, -1.0659,  -75.5158, -356.9367, -1.0746,  0, 0, 0
L -75.5158, -356.9367, -1.0746,  -75.5392, -292.0482, -1.1069,  0, 0, 0
L -75.7780, -292.1926, -1.1089,  -75.7829, -285.9402, -1.1089,  0, 0, 0
L 77.3805, -241.6153, -1.1089,  77.3836, -235.4275, -1.1089,  0, 0, 0
L 77.3805, -241.6153, 0.1161,  70.1723, -241.6187, 0.1255,  0, 0, 0
L 77.3812, -285.7954, 0.1183,  70.1678, -285.7877, 0.1192,  0, 0, 0
L 77.3812, -285.7954, -1.1089,  77.3838, -292.0640, -1.1089,  0, 0, 0
L 76.9807, -291.9640, -1.1056,  76.9804, -356.9861, -1.0558,  0, 0, 0
L 76.9804, -356.9861, -1.0558,  263.3281, -356.9373, -1.0528,  0, 0, 0
L 263.3281, -356.9373, -1.0528,  263.3036, -292.1209, -1.1074,  0, 0, 0
L 262.4344, -292.1139, -1.1089,  262.4318, -285.9377, -1.1064,  0, 0, 0
L 262.4318, -285.9377, 0.1300,  269.6421, -285.9368, 0.1209,  0, 0, 0
L 269.6431, -241.7613, 0.1201,  262.4329, -241.7646, 0.1230,  0, 0, 0
L 262.4329, -241.7646, -1.0917,  262.4322, -235.5765, -1.0917,  0, 0, 0
L 263.3011, -235.5682, -1.0892,  263.3001, -170.9831, -1.0521,  0, 0, 0
L 263.3001, -170.9831, -1.0521,  76.9810, -170.9837, -1.0675,  0, 0, 0
L 76.9810, -170.9837, -1.0675,  76.9798, -235.4333, -1.1069,  0, 0, 0
L -155.6021, -423.6401, -0.7982,  159.0942, -423.6394, -0.8001,  63, 63, 63
L 159.0683, -447.8763, -0.7994,  -155.5336, -447.8752, -0.7970,  63, 63, 63
L -155.5336, -447.8752, -1.2921,  -155.6021, -423.6401, -1.3597,  63, 63, 63
L 159.0942, -423.6394, -1.3597,  159.0683, -447.8763, -1.3597,  63, 63, 63
L 381.4540, -450.1406, -1.0521,  381.6834, -423.8672, -1.0521,  63, 63, 63
L 381.6834, -423.8672, -1.0521,  397.5560, -397.6345, -1.0521,  63, 63, 63
L 397.5560, -397.6345, -1.0521,  446.1433, -398.0695, -1.0521,  63, 63, 63
L 446.1433, -398.0695, -1.0521,  453.8472, -424.5653, -1.0521,  63, 63, 63
L 453.8472, -424.5653, -1.0521,  453.6152, -450.7610, -1.0521,  63, 63, 63
L 453.6152, -450.7610, -1.0532,  443.4765, -477.0555, -1.0526,  63, 63, 63
L 443.4765, -477.0555, -1.0521,  396.8448, -476.6487, -1.0521,  63, 63, 63
L 396.8448, -476.6487, -1.0521,  381.4540, -450.1406, -1.0521,  63, 63, 63
L 262.4356, -580.5010, 0.1235,  269.6409, -580.4999, 0.1177,  0, 0, 0
L 262.4356, -580.5010, -1.0917,  262.4311, -574.3237, -1.0917,  0, 0, 0
L 263.3035, -574.3091, -1.0877,  263.3002, -510.0532, -1.0996,  0, 0, 0
L 263.3002, -510.0532, -1.0996,  76.9810, -510.0528, -1.1088,  0, 0, 0
L 76.9810, -510.0528, -1.1088,  76.9814, -574.3177, -1.1069,  0, 0, 0
L 77.3794, -574.3276, -1.1089,  77.3856, -580.5021, -1.1089,  0, 0, 0
L 70.1724, -580.4991, 0.1188,  77.3856, -580.5021, 0.1141,  0, 0, 0
L 76.9816, -630.8484, -1.1069,  76.9809, -696.5084, -1.1089,  0, 0, 0
L 76.9809, -696.5084, -1.1089,  263.3280, -696.4590, -1.1088,  0, 0, 0
L 263.3280, -696.4590, -1.1088,  263.3021, -630.8558, -1.0877,  0, 0, 0
L 262.4337, -624.6782, 0.1255,  269.6411, -624.6721, 0.1169,  0, 0, 0
L 262.4337, -624.6782, -1.0928,  262.4340, -630.8163, -1.0917,  0, 0, 0
L -75.7808, -630.8463, -1.1088,  -75.7793, -624.6752, -1.1088,  0, 0, 0
L -75.7798, -580.5007, -1.1088,  -75.7789, -574.2144, -1.1088,  0, 0, 0
L -75.5404, -574.3807, -1.1068,  -75.5435, -510.0536, -1.1088,  0, 0, 0
L -75.5435, -510.0536, -1.1088,  -261.8632, -510.0532, -1.1088,  0, 0, 0
L -261.8632, -510.0532, -1.1088,  -261.8624, -574.2999, -1.1083,  0, 0, 0
L -259.9758, -580.5004, -1.1088,  -259.9783, -574.3143, -1.1088,  0, 0, 0
L -259.9771, -624.6757, -1.1088,  -259.9768, -630.8474, -1.1088,  0, 0, 0
L -261.8626, -630.8582, -1.1068,  -261.8631, -696.5085, -1.1089,  0, 0, 0
L -261.8631, -696.5085, -1.1089,  -75.5158, -696.4589, -1.1089,  0, 0, 0
L -75.5158, -696.4589, -1.1089,  -75.5407, -630.7841, -1.1068,  0, 0, 0
L -345.1790, -461.2944, -1.1089,  -365.2950, -484.4286, -1.1089,  63, 63, 63
L -365.2948, -484.2695, -1.1089,  -373.3027, -488.8127, -1.1089,  0, 0, 0
L -373.3027, -488.8127, -1.1089,  -383.2973, -492.4936, -1.1089,  0, 0, 0
L -383.2973, -492.4936, -1.1089,  -383.4567, -551.4246, 4.4186,  0, 0, 0
L -314.9412, -692.9079, 0.3145,  -313.6915, -669.5598, -3.1046,  0, 0, 240
L -313.6915, -669.5598, -3.1046,  -314.8879, -645.6810, -3.1340,  0, 0, 240
L -314.8879, -645.6810, -3.1340,  -329.6133, -617.5389, -3.0817,  0, 0, 240
L -329.6133, -617.5389, -3.0817,  -347.5281, -594.1893, -3.0948,  0, 0, 240
L -347.5281, -594.1893, -3.0948,  -388.5524, -554.3391, -3.0903,  0, 0, 240
L -441.0836, -540.6686, -3.0927,  -440.8189, -558.0232, -3.0914,  0, 0, 0
L -440.8189, -558.0232, -3.0858,  -456.6346, -557.8713, -3.0714,  0, 0, 0
L -449.0829, -557.9438, -3.0857,  -314.9412, -692.9079, -3.1203,  0, 0, 240
L -388.5524, -554.3391, 0.1512,  -388.5556, -497.2599, 5.5226,  0, 0, 240
L -388.5556, -497.2599, 5.5226,  -452.9990, -497.2600, 5.5212,  0, 0, 240
L -453.0072, -540.6711, 1.3110,  -452.9990, -497.2600, 4.3179,  0, 0, 240
L -456.6369, -540.6729, 1.3115,  -441.0836, -540.6686, 1.3209,  0, 0, 0
L -440.8963, -553.0066, 0.1534,  -388.5525, -553.0078, 0.1491,  0, 0, 127
L -385.4863, -487.1136, 5.3683,  -375.9334, -483.8592, 5.3329,  0, 0, 240
L -375.9334, -483.8592, 5.3329,  -370.3380, -480.8265, 5.3767,  0, 0, 240
L -370.3380, -480.8265, 5.3767,  -370.3379, -390.2905, 5.3432,  0, 0, 240
L -370.3379, -390.2905, 5.3432,  -376.3288, -386.5445, 5.3721,  0, 0, 240
L -376.3288, -386.5445, 5.3721,  -386.3089, -384.1387, 5.4037,  0, 0, 240
L -386.3089, -384.1387, 5.4037,  -453.0074, -384.1692, 7.1585,  0, 0, 240
L -453.0074, -384.1692, 7.1585,  -453.0072, -406.5168, 7.1538,  0, 0, 240
L -456.2394, -406.5166, 7.1538,  -426.2765, -406.5177, 5.4040,  0, 0, 0
L -426.2765, -406.5177, 5.3627,  -414.6974, -435.8563, 5.3928,  0, 0, 0
L -414.6974, -435.8563, 5.3352,  -426.2717, -466.1036, 5.3855,  0, 0, 0
L -426.2717, -466.1036, 5.3809,  -456.3650, -466.1047, 7.1552,  0, 0, 0
L -453.0076, -466.1046, 7.1552,  -453.0076, -486.9641, 7.1563,  0, 0, 240
L -453.0076, -486.9641, 7.1563,  -385.4863, -487.1136, 5.1745,  0, 0, 240
L -456.6677, -314.6384, 9.5146,  -456.6346, -557.8713, 9.5076,  0, 0, 0
L -345.1270, -411.2589, -1.1089,  -365.1870, -386.8155, -1.1089,  63, 63, 63
L -365.1871, -386.9050, -1.1089,  -373.5883, -381.5600, -1.1089,  0, 0, 0
L -373.5883, -381.5600, -1.1089,  -383.2677, -378.6527, -1.1089,  0, 0, 0
L -383.2677, -378.6527, -1.1089,  -383.2969, -320.1790, 3.6325,  0, 0, 0
L -388.5519, -316.7480, -3.0691,  -367.5682, -299.3555, -3.0654,  0, 0, 240
L -367.5682, -299.3555, -3.0654,  -347.5344, -279.8151, 2.5734,  0, 0, 240
L -347.5344, -279.8151, 2.5734,  -329.6473, -255.7182, -3.0729,  0, 0, 240
L -329.6473, -255.7182, -3.0729,  -315.1660, -226.4440, -3.0989,  0, 0, 240
L -315.1660, -226.4440, -3.0989,  -313.8551, -201.4360, -3.0962,  0, 0, 240
L -313.8551, -201.4360, -3.0962,  -314.5212, -178.0275, 2.2511,  0, 0, 240
L -314.5212, -178.0275, -1.1975,  -451.4022, -314.4206, 2.8786,  0, 0, 240
L -440.9298, -314.6224, 0.0930,  -440.9651, -331.4564, 1.2682,  0, 0, 0
L -456.6677, -314.6384, 5.9860,  -440.9298, -314.6224, 5.9833,  0, 0, 0
L -456.6653, -331.4716, 5.8632,  -440.9651, -331.4564, 5.8675,  0, 0, 0
L -453.0381, -373.9512, 5.4021,  -453.1071, -331.4682, 2.4265,  0, 0, 240
L -453.0381, -373.9512, 5.5860,  -388.5520, -373.9510, 5.5864,  0, 0, 240
L -388.5520, -373.9510, 5.5864,  -388.5519, -316.7480, 0.0675,  0, 0, 240
L -388.5519, -318.1168, 0.0675,  -440.8941, -318.1161, 0.0685,  0, 0, 127
L -309.4834, -167.8916, 1.3717,  -308.4347, -201.1075, 1.4800,  63, 63, 63
L -308.4347, -201.1075, 1.4800,  -309.7360, -228.1902, 1.7250,  63, 63, 63
L -309.7360, -228.1902, 1.7250,  -324.9994, -258.7234, 2.3913,  63, 63, 63
L -324.9994, -258.7234, 2.3913,  -343.3982, -283.6633, 3.2501,  63, 63, 63
L -343.3982, -283.6633, 3.2501,  -363.0659, -302.9954, 3.6172,  63, 63, 63
L -363.0659, -302.9954, 3.6172,  -383.2969, -320.1790, 4.2768,  63, 63, 63
L -365.1871, -386.9050, 8.3017,  -365.2948, -484.2695, 8.3486,  63, 63, 63
L -345.1790, -461.2944, -1.0494,  -345.1270, -411.2589, -1.0687,  127, 127, 127
L -383.3947, -551.3832, 4.3816,  -343.8308, -590.2516, 3.2079,  63, 63, 63
L -343.8308, -590.2516, 3.2079,  -325.1239, -614.8631, 2.7902,  63, 63, 63
L -325.1239, -614.8631, 2.7902,  -309.5612, -643.7188, 1.9767,  63, 63, 63
L -309.5612, -643.7188, 1.9767,  -308.2207, -671.2316, 1.4551,  63, 63, 63
L -308.2207, -671.2316, 1.4551,  -309.3748, -703.6821, 1.4538,  63, 63, 63
L 241.8980, -441.6248, 271.7633,  248.9007, -418.7695, 271.7633,  63, 63, 63
L 248.9007, -418.7695, 271.7634,  271.8097, -418.4905, 271.7634,  63, 63, 63
L 272.3158, -418.4844, 271.7634,  291.1231, -404.6327, 271.7635,  63, 63, 63
L 291.1231, -404.6327, 271.7635,  310.1565, -418.0703, 271.7635,  63, 63, 63
L 309.6459, -418.0776, 271.7635,  333.5635, -417.7368, 271.7634,  63, 63, 63
L 333.5635, -417.7368, 271.7634,  341.2024, -440.3759, 271.7634,  63, 63, 63
L 341.2024, -440.3759, 271.7634,  322.0358, -454.6380, 271.7634,  63, 63, 63
L 322.0358, -454.6380, 271.7634,  302.5237, -440.9004, 271.7635,  63, 63, 63
L 279.6789, -441.7445, 271.7635,  261.4642, -455.3365, 271.7635,  63, 63, 63
L 261.4642, -455.3365, 271.7635,  241.8980, -441.6248, 271.7635,  63, 63, 63
L 280.1163, -441.4168, 271.7634,  303.2615, -441.4198, 271.7633,  63, 63, 63
L 261.4655, -450.9629, 275.1179,  246.0085, -440.2030, 275.1669,  0, 127, 0
L 246.0085, -440.2030, 275.1669,  251.5326, -422.2279, 275.0858,  0, 127, 0
L 251.5326, -422.2279, 275.0858,  270.3160, -421.9104, 275.0965,  0, 127, 0
L 270.3160, -421.9104, 275.0965,  276.1051, -439.9482, 275.1211,  0, 127, 0
L 279.6789, -441.7445, 276.3258,  271.8097, -418.4905, 276.3468,  63, 63, 63
L 276.1051, -439.9482, 275.1198,  261.4315, -450.9886, 275.1480,  0, 127, 0
L 282.0950, -438.0119, 279.4738,  300.9066, -437.7958, 279.5190,  0, 127, 0
L 300.9066, -437.7958, 279.5190,  306.5091, -419.8292, 279.5257,  0, 127, 0
L 306.5091, -419.8292, 279.5257,  291.1726, -408.9488, 279.6103,  0, 127, 0
L 291.1726, -408.9488, 279.6103,  276.0597, -420.1811, 279.6639,  0, 127, 0
L 276.0597, -420.1811, 279.6639,  282.0950, -438.0119, 279.6280,  0, 127, 0
L 302.5237, -440.9004, 280.6956,  309.6459, -418.0776, 280.6955,  63, 63, 63
L 312.3046, -421.1160, 284.4543,  306.5968, -439.4680, 284.4631,  0, 127, 0
L 306.5968, -439.4680, 284.4631,  321.9849, -450.3867, 284.4684,  0, 127, 0
L 321.9849, -450.3867, 284.4684,  336.9806, -439.2237, 284.4601,  0, 127, 0
L 336.9806, -439.2237, 284.4601,  331.0970, -421.2101, 284.4536,  0, 127, 0
L 331.0970, -421.2101, 284.4536,  312.3046, -421.1160, 284.6201,  0, 127, 0
L -241.4335, -420.0451, 275.0848,  -247.2805, -437.8560, 275.0979,  0, 127, 0
L -247.2805, -437.8560, 275.0979,  -265.9549, -437.9540, 275.0961,  0, 127, 0
L -265.9549, -437.9540, 275.0961,  -271.6678, -419.9572, 275.1126,  0, 127, 0
L -271.6678, -419.9572, 275.1126,  -256.7059, -408.9565, 275.1694,  0, 127, 0
L -256.7059, -408.9565, 275.1694,  -241.4335, -420.0451, 275.1122,  0, 127, 0
L -271.7585, -439.5801, 279.6509,  -277.5475, -421.7153, 279.6082,  0, 127, 0
L -277.5475, -421.7153, 279.6082,  -296.2333, -421.7159, 279.5208,  0, 127, 0
L -296.2333, -421.7159, 279.5208,  -302.1789, -439.6031, 279.5261,  0, 127, 0
L -302.1789, -439.6031, 279.5261,  -286.9606, -450.6728, 279.6104,  0, 127, 0
L -286.9606, -450.6728, 279.6104,  -271.7585, -439.5801, 279.6634,  0, 127, 0
L -307.8852, -437.9557, 284.4550,  -302.0222, -420.0261, 284.4642,  0, 127, 0
L -302.0222, -420.0261, 284.4642,  -317.3220, -408.9067, 284.4615,  0, 127, 0
L -317.3220, -408.9067, 284.4615,  -332.5278, -420.1009, 284.4431,  0, 127, 0
L -332.5278, -420.1009, 284.4431,  -326.7301, -437.9498, 284.4495,  0, 127, 0
L -326.7301, -437.9498, 284.4495,  -307.8169, -437.8448, 284.4611,  0, 127, 0
L -305.3207, -441.2939, 271.6405,  -329.2467, -441.4007, 271.6405,  63, 63, 63
L -329.2467, -441.4007, 271.6405,  -336.6300, -418.6739, 271.6404,  63, 63, 63
L -336.6300, -418.6739, 271.6405,  -317.3008, -404.6333, 271.6405,  63, 63, 63
L -317.3008, -404.6333, 271.6405,  -297.9346, -418.5698, 271.6404,  63, 63, 63
L -297.8364, -418.2675, 271.6404,  -274.9941, -418.3194, 271.6405,  63, 63, 63
L -275.0935, -418.0140, 271.6405,  -256.7208, -404.6304, 271.6404,  63, 63, 63
L -256.7208, -404.6304, 271.6405,  -237.3141, -418.5719, 271.6405,  63, 63, 63
L -237.3141, -418.5719, 271.6405,  -244.5771, -441.3380, 271.6405,  63, 63, 63
L -244.5771, -441.3380, 271.6405,  -267.4900, -441.3624, 271.6404,  63, 63, 63
L -267.5897, -441.0564, 271.6404,  -286.9603, -454.9896, 271.6404,  63, 63, 63
L -286.9603, -454.9896, 271.6405,  -305.4301, -441.6304, 271.6416,  63, 63, 63
L -267.4900, -441.3624, 276.3493,  -275.0935, -418.0140, 276.3384,  63, 63, 63
L -305.4301, -441.6304, 280.6956,  -297.8364, -418.2675, 280.6955,  63, 63, 63
L -211.8563, -195.6513, 544.0687,  -212.0296, -215.8502, 544.0690,  63, 63, 63
L -212.0296, -215.8502, 544.0690,  -217.8630, -233.6989, 544.0690,  63, 63, 63
L -217.8630, -233.6989, 544.0690,  -228.2691, -251.1344, 544.0690,  63, 63, 63
L -228.2691, -251.1344, 544.0690,  -247.1931, -263.3454, 544.0690,  63, 63, 63
L -247.1931, -263.3454, 544.0690,  -262.6208, -269.3511, 544.0690,  63, 63, 63
L -283.3022, -269.5641, 544.0690,  -262.6208, -269.3511, 544.0690,  63, 63, 63
L -283.3022, -269.5641, 544.0690,  -283.2858, -216.1737, 544.0690,  63, 63, 63
L -283.2858, -216.1737, 544.0690,  -263.5795, -195.6547, 544.0690,  63, 63, 63
L -263.5795, -195.6547, 544.0690,  -211.8563, -195.6513, 544.0690,  63, 63, 63
L -241.4760, -328.7028, 544.0690,  -241.4766, -346.5598, 544.0690,  63, 63, 63
L -241.4766, -346.5598, 544.0690,  -315.8616, -346.5598, 544.0690,  63, 63, 63
L -315.8616, -346.5598, 544.0690,  -315.8618, -328.7024, 544.0690,  63, 63, 63
L -315.8618, -328.7024, 544.0690,  -241.4760, -328.7028, 544.0690,  63, 63, 63
L -241.4771, -402.2779, 544.0690,  -241.4769, -420.1356, 544.0690,  63, 63, 63
L -241.4769, -420.1356, 544.0690,  -315.8612, -420.1355, 544.0690,  63, 63, 63
L -315.8620, -402.2780, 544.0690,  -315.8612, -420.1355, 544.0690,  63, 63, 63
L -315.8620, -402.2780, 544.0690,  -241.4771, -402.2779, 544.0690,  63, 63, 63
L -241.4766, -475.8543, 544.0690,  -241.4763, -493.7113, 544.0690,  63, 63, 63
L -241.4763, -493.7113, 544.0690,  -315.8615, -493.7117, 544.0690,  63, 63, 63
L -315.8615, -493.7117, 544.0690,  -315.8618, -475.8542, 544.0690,  63, 63, 63
L -315.8618, -475.8542, 544.0690,  -241.4766, -475.8543, 544.0690,  63, 63, 63
L -262.8814, -546.7903, 544.0690,  -246.7653, -552.9527, 544.0690,  63, 63, 63
L -246.7653, -552.9527, 544.0690,  -228.4184, -564.8652, 544.0690,  63, 63, 63
L -228.4184, -564.8652, 544.0690,  -218.0314, -582.2802, 544.0690,  63, 63, 63
L -218.0314, -582.2802, 544.0690,  -212.0324, -600.2396, 544.0690,  63, 63, 63
L -212.0324, -600.2396, 544.0690,  -211.8523, -620.4882, 544.0690,  63, 63, 63
L -211.8523, -620.4882, 544.0690,  -263.5748, -620.4902, 544.0690,  63, 63, 63
L -263.5748, -620.4902, 544.0690,  -283.2846, -599.9661, 544.0690,  63, 63, 63
L -283.2846, -599.9661, 544.0690,  -283.3017, -546.5771, 544.0690,  63, 63, 63
L -283.3017, -546.5771, 544.0690,  -262.8814, -546.7903, 544.0690,  63, 63, 63
L -54.8297, -586.0884, 544.7137,  -8.1942, -620.6686, 544.7137,  0, 0, 240
L -8.1942, -620.6686, 544.7137,  12.0786, -620.6424, 544.7137,  0, 0, 240
L 12.0786, -620.6424, 544.7137,  58.6439, -586.0892, 544.7137,  0, 0, 240
L 58.6439, -586.1323, 544.7137,  58.6446, -568.6337, 544.9781,  0, 0, 240
L 58.6446, -568.6337, 544.9781,  42.0175, -529.3134, 544.7136,  0, 0, 240
L 42.0175, -529.3134, 544.7136,  1.9290, -512.7059, 544.7137,  0, 0, 240
L 1.9290, -512.7059, 544.7137,  -38.2135, -529.3168, 544.7136,  0, 0, 240
L -38.2135, -529.3168, 544.7136,  -54.8283, -568.6190, 544.9781,  0, 0, 240
L -54.8283, -568.6190, 544.9781,  -54.8297, -586.1071, 544.7137,  0, 0, 240
L -33.3195, -571.4631, 544.9783,  -44.0949, -565.2497, 544.9781,  63, 63, 63
L -44.0949, -565.2497, 544.7137,  -44.3164, -552.5577, 544.7137,  63, 63, 63
L -44.3164, -552.5577, 544.7137,  -33.7287, -546.6931, 544.7137,  63, 63, 63
L -33.7287, -546.6931, 544.7137,  -33.9471, -534.5912, 544.7137,  63, 63, 63
L -33.9471, -534.5912, 544.7137,  -22.8583, -528.4299, 544.7137,  63, 63, 63
L -22.8583, -528.4299, 544.7137,  -12.0097, -534.6523, 544.7136,  63, 63, 63
L -12.0097, -534.6523, 544.7136,  -1.4277, -528.6818, 544.7137,  63, 63, 63
L -1.4277, -528.6818, 544.7137,  9.8929, -535.3301, 544.7137,  63, 63, 63
L 10.0192, -543.5159, 544.7137,  10.0931, -548.0068, 544.7137,  63, 63, 63
L 10.0931, -548.0068, 544.7137,  -1.0306, -554.2183, 544.7137,  63, 63, 63
L -1.0306, -554.2183, 544.7134,  -11.8820, -547.9438, 544.7134,  63, 63, 63
L -11.8820, -547.9438, 544.7134,  -21.9187, -553.5107, 544.7148,  63, 63, 63
L -21.9187, -553.5107, 544.7148,  -21.7099, -565.0037, 544.7133,  63, 63, 63
L -21.7099, -565.0037, 544.7133,  -10.9062, -571.2421, 544.9778,  63, 63, 63
L -10.9062, -571.2421, 544.9780,  -10.6616, -583.9600, 544.9780,  63, 63, 63
L -10.6616, -583.9600, 544.7134,  -21.7744, -590.1099, 544.7134,  63, 63, 63
L -21.7744, -590.1099, 544.7134,  -33.0695, -583.5999, 544.7134,  63, 63, 63
L -33.0695, -583.5999, 544.9780,  -33.2827, -571.5325, 544.9780,  63, 63, 63
L 7.6135, -539.9578, 549.4227,  7.5560, -536.6816, 549.4227,  0, 0, 240
L 7.5560, -536.6816, 549.4227,  -1.3941, -531.4568, 549.4246,  0, 0, 240
L -1.3941, -531.4568, 549.4246,  -10.1643, -536.3113, 549.4240,  0, 0, 240
L -10.1643, -536.3113, 549.4225,  -10.1102, -539.3380, 549.4225,  0, 0, 240
L -10.0407, -543.3694, 549.4225,  -9.9871, -546.3036, 549.4224,  0, 0, 240
L -9.9871, -546.3036, 549.4224,  -1.0542, -551.5035, 549.4227,  0, 0, 240
L -1.0542, -551.5035, 549.4227,  7.6931, -546.6342, 549.4246,  0, 0, 240
L 7.6931, -546.6342, 549.4246,  7.7158, -543.3750, 549.4227,  0, 0, 240
L 7.7158, -543.3750, 548.5998,  10.0192, -543.5159, 547.7592,  0, 0, 240
L 7.6135, -539.9578, 549.3840,  9.9340, -539.7899, 547.8636,  0, 0, 240
L -10.1102, -539.3380, 549.4261,  -13.8041, -539.4740, 549.4362,  0, 0, 240
L -10.0407, -543.3694, 549.4224,  -13.7544, -542.9816, 549.4358,  0, 0, 240
L -13.8041, -539.4740, 556.8469,  -13.8608, -536.2479, 556.8488,  0, 0, 240
L -13.8608, -536.2479, 556.8488,  -22.8572, -531.0912, 556.8486,  0, 0, 240
L -22.8572, -531.0912, 556.8486,  -31.5930, -536.0125, 556.8488,  0, 0, 240
L -31.5930, -536.0125, 556.8488,  -31.3970, -545.9070, 556.8488,  0, 0, 240
L -31.3970, -545.9070, 556.8488,  -28.5339, -547.5989, 556.8469,  0, 0, 240
L -25.1267, -549.4695, 556.8469,  -22.4288, -551.0497, 556.8511,  0, 0, 240
L -22.4288, -551.0497, 556.8511,  -13.6934, -546.0583, 556.8448,  0, 0, 240
L -13.6934, -546.0583, 556.8448,  -13.7544, -542.9816, 556.8466,  0, 0, 240
L -30.5057, -550.5928, 556.8486,  -28.5339, -547.5989, 556.8466,  0, 0, 240
L -27.2114, -552.4894, 556.8448,  -25.1267, -549.4695, 556.8466,  0, 0, 240
L -30.5057, -550.5928, 562.8935,  -33.0579, -549.1248, 562.8918,  0, 0, 240
L -33.0579, -549.1248, 562.8918,  -41.8550, -553.9789, 562.8918,  0, 0, 240
L -41.8550, -553.9789, 562.8918,  -41.7507, -563.9388, 562.8943,  0, 0, 240
L -41.7507, -563.9388, 562.8943,  -32.8156, -569.0884, 562.8947,  0, 0, 240
L -32.8156, -569.0884, 562.8947,  -30.0025, -567.5771, 562.8935,  0, 0, 240
L -28.2965, -570.7401, 562.8925,  -30.0025, -567.5771, 562.8936,  0, 0, 240
L -24.9770, -568.8615, 562.8932,  -26.7532, -565.7206, 562.8936,  0, 0, 240
L -26.7532, -565.7206, 562.8935,  -24.0952, -564.2504, 562.8942,  0, 0, 240
L -24.0952, -564.2504, 562.8942,  -24.2102, -554.2830, 562.8956,  0, 0, 240
L -24.2102, -554.2830, 562.8956,  -27.2114, -552.4894, 562.8936,  0, 0, 240
L -28.2965, -570.7401, 571.1797,  -30.9885, -572.2956, 571.1797,  0, 0, 240
L -30.9885, -572.2956, 571.1797,  -30.7677, -582.2859, 571.1816,  0, 0, 240
L -30.7677, -582.2859, 571.1816,  -21.7591, -587.4238, 571.1803,  0, 0, 240
L -21.7591, -587.4238, 571.1803,  -12.9944, -582.5554, 571.1816,  0, 0, 240
L -12.9944, -582.5554, 571.1816,  -13.1533, -572.6619, 571.1797,  0, 0, 240
L -13.1533, -572.6619, 571.1797,  -22.1215, -567.4496, 571.1811,  0, 0, 240
L -22.1215, -567.4496, 571.1811,  -24.9770, -568.8615, 571.1797,  0, 0, 240
L 9.8929, -535.3301, 544.7133,  9.9340, -539.7899, 544.7134,  63, 63, 63
L 49.2560, -537.2880, 539.5273,  143.3905, -537.2878, 539.5273,  127, 127, 127
L 143.3905, -537.2878, 539.5273,  143.3903, -284.6172, 539.5273,  127, 127, 127
L 143.3903, -284.6172, 539.5273,  -144.8020, -284.6171, 539.5273,  127, 127, 127
L -144.8020, -284.6171, 539.5273,  -144.8018, -537.2875, 539.5275,  127, 127, 127
L -144.8018, -537.2875, 539.5275,  -45.3242, -537.2875, 539.5275,  127, 127, 127
L -110.3281, -487.6288, 537.5295,  -101.9417, -487.6290, 537.5275,  63, 63, 63
L -101.9417, -487.6290, 537.5275,  -101.9428, -496.0226, 537.5295,  63, 63, 63
L -101.9427, -494.9208, 537.5295,  92.0565, -494.9205, 537.5295,  127, 127, 127
L 92.0566, -496.0284, 537.5295,  92.0558, -487.6333, 537.5275,  63, 63, 63
L 92.0558, -487.6333, 537.5275,  100.4416, -487.6362, 537.5295,  63, 63, 63
L 99.4154, -487.6358, 537.5295,  99.4162, -334.3113, 537.5295,  127, 127, 127
L 100.4408, -334.3109, 537.5295,  92.0563, -334.3138, 537.5275,  63, 63, 63
L 92.0563, -334.3138, 537.5275,  92.0567, -325.9230, 537.5295,  63, 63, 63
L 92.0567, -326.9845, 537.5295,  -102.0603, -326.9839, 537.5295,  127, 127, 127
L -102.0602, -325.9329, 537.5295,  -102.0606, -334.3177, 537.5275,  63, 63, 63
L -102.0606, -334.3177, 537.5275,  -110.4527, -334.3166, 537.5295,  63, 63, 63
L -109.2760, -334.3167, 537.5295,  -109.2762, -487.6283, 537.5295,  127, 127, 127
L -110.3281, -487.6288, 539.5295,  -110.3268, -496.0104, 539.5275,  63, 63, 63
L -110.3268, -496.0104, 539.5275,  -101.9428, -496.0226, 539.5275,  63, 63, 63
L 100.4416, -487.6362, 539.5275,  100.4426, -496.0178, 539.5275,  63, 63, 63
L 100.4426, -496.0178, 539.5275,  92.0566, -496.0284, 539.5275,  63, 63, 63
L 100.4408, -334.3109, 539.5275,  100.4436, -325.9289, 539.5275,  63, 63, 63
L 100.4436, -325.9289, 539.5275,  92.0567, -325.9230, 539.5275,  63, 63, 63
L -110.4438, -325.9316, 539.5276,  -102.0602, -325.9329, 539.5275,  63, 63, 63
L -110.4527, -334.3166, 539.5275,  -110.4438, -325.9316, 539.5275,  63, 63, 63
L -6.0090, -458.9771, 537.5489,  8.1743, -458.9757, 537.5505,  63, 63, 63
L 11.4250, -462.6472, 537.6675,  15.6546, -466.8458, 537.5275,  63, 63, 63
L 15.6546, -466.8458, 537.5275,  11.4211, -471.0838, 537.8574,  63, 63, 63
L 11.4211, -471.0838, 537.5275,  8.1746, -467.8325, 537.5370,  63, 63, 63
L 8.1811, -472.9849, 538.2585,  -5.9666, -472.9897, 538.2585,  63, 63, 63
L -5.9666, -472.9897, 537.7725,  -6.0090, -458.9771, 537.5369,  63, 63, 63
L -5.9821, -467.8723, 537.5369,  -9.1892, -471.0855, 537.5275,  63, 63, 63
L -9.1892, -471.0855, 537.5275,  -13.4163, -466.8542, 537.5275,  63, 63, 63
L -13.4163, -466.8542, 537.5275,  -9.1947, -462.6239, 537.6298,  63, 63, 63
L -9.1947, -462.6239, 537.5283,  -5.9886, -465.8186, 537.5276,  63, 63, 63
L 8.1811, -472.9849, 537.5275,  8.1743, -458.9757, 537.5275,  63, 63, 63
L 8.1755, -465.8561, 537.5295,  11.4250, -462.6472, 537.5275,  63, 63, 63
L 249.4549, -330.3394, 544.0687,  323.8398, -330.3462, 544.0687,  63, 63, 63
L 323.8398, -330.3462, 544.0687,  323.8398, -346.5598, 544.0690,  63, 63, 63
L 323.8398, -346.5598, 544.0690,  249.4546, -346.5598, 544.0690,  63, 63, 63
L 249.4546, -346.5598, 544.0690,  249.4549, -330.3394, 544.0690,  63, 63, 63
L 392.5207, -332.9686, 544.0710,  410.1923, -332.9686, 544.0690,  63, 63, 63
L 410.1923, -332.9686, 544.0690,  410.1457, -369.4945, 544.0690,  63, 63, 63
L 410.1457, -369.4945, 544.0690,  392.5223, -369.4941, 544.0695,  63, 63, 63
L 392.5207, -332.9686, 544.0690,  392.5223, -369.4941, 544.0690,  63, 63, 63
L 323.8398, -402.2786, 544.0690,  323.8397, -420.1359, 544.0690,  63, 63, 63
L 323.8397, -420.1359, 544.0690,  249.4549, -420.1356, 544.0690,  63, 63, 63
L 249.4549, -420.1356, 544.0690,  249.4550, -402.2785, 544.0690,  63, 63, 63
L 249.4550, -402.2785, 544.0690,  323.8398, -402.2786, 544.0690,  63, 63, 63
L 323.8401, -475.8536, 544.0690,  323.8403, -493.7120, 544.0690,  63, 63, 63
L 323.8403, -493.7120, 544.0690,  249.4547, -493.7112, 544.0690,  63, 63, 63
L 249.4547, -493.7112, 544.0690,  249.4547, -475.8542, 544.0690,  63, 63, 63
L 249.4547, -475.8542, 544.0690,  323.8401, -475.8536, 544.0690,  63, 63, 63
L 392.5208, -488.7993, 544.0690,  392.5204, -452.2737, 544.0690,  63, 63, 63
L 392.5204, -452.2737, 544.0690,  410.1906, -452.2736, 544.0690,  63, 63, 63
L 410.1906, -452.2736, 544.0690,  410.1906, -488.7993, 544.0690,  63, 63, 63
L 410.1906, -488.7993, 544.0690,  392.5208, -488.7993, 544.0690,  63, 63, 63
L 288.5695, -546.5752, 544.0690,  288.5590, -599.9659, 544.0690,  63, 63, 63
L 288.5590, -599.9659, 544.0690,  268.8482, -620.4882, 544.0690,  63, 63, 63
L 268.8482, -620.4882, 544.0690,  217.1250, -620.4966, 544.0690,  63, 63, 63
L 217.1250, -620.4966, 544.0690,  217.2980, -600.6591, 544.0690,  63, 63, 63
L 217.2980, -600.6591, 544.0690,  223.1163, -582.4995, 544.0690,  63, 63, 63
L 223.1163, -582.4995, 544.0690,  234.0650, -564.6199, 544.0690,  63, 63, 63
L 234.0650, -564.6199, 544.0690,  251.4691, -553.2592, 544.0690,  63, 63, 63
L 251.4691, -553.2592, 544.0690,  268.1178, -546.7902, 544.0690,  63, 63, 63
L 268.1178, -546.7902, 544.0690,  288.5695, -546.5752, 544.0690,  63, 63, 63
L 288.5724, -269.5658, 544.0690,  268.1232, -269.3521, 544.0690,  63, 63, 63
L 268.1232, -269.3521, 544.0690,  251.7984, -263.0934, 544.0690,  63, 63, 63
L 251.7984, -263.0934, 544.0690,  233.4827, -251.0384, 544.0690,  63, 63, 63
L 233.4827, -251.0384, 544.0690,  223.1508, -233.6758, 544.0690,  63, 63, 63
L 223.1508, -233.6758, 544.0690,  217.3763, -216.1216, 544.0690,  63, 63, 63
L 217.3763, -216.1216, 544.0690,  217.1113, -195.6537, 544.0690,  63, 63, 63
L 217.1113, -195.6537, 544.0690,  268.8437, -195.6544, 544.0690,  63, 63, 63
L 268.8437, -195.6544, 544.0690,  288.5564, -216.1682, 544.0690,  63, 63, 63
L 288.5564, -216.1682, 544.0690,  288.5724, -269.5658, 544.0690,  63, 63, 63
L -389.3875, -332.9683, 544.0690,  -389.3875, -369.4944, 544.0690,  63, 63, 63
L -389.3875, -369.4944, 544.0690,  -407.0576, -369.4942, 544.0690,  63, 63, 63
L -407.0576, -369.4942, 544.0690,  -407.0578, -332.9686, 544.0690,  63, 63, 63
L -407.0578, -332.9686, 544.0690,  -389.3875, -332.9683, 544.0690,  63, 63, 63
L -405.7307, -403.5163, 544.0690,  -397.6234, -406.2034, 544.0690,  63, 63, 63
L -397.6234, -406.2034, 544.0690,  -395.8931, -414.5653, 544.0690,  63, 63, 63
L -395.8931, -414.5653, 544.0690,  -402.2698, -420.2416, 544.0690,  63, 63, 63
L -402.2698, -420.2416, 544.0690,  -409.5280, -417.8375, 544.0690,  63, 63, 63
L -409.5283, -406.9070, 544.0690,  -405.7307, -403.5163, 544.0690,  63, 63, 63
L -407.0585, -452.2737, 544.0690,  -389.3875, -452.2738, 544.0710,  63, 63, 63
L -389.3875, -452.2738, 544.0690,  -389.3874, -488.7999, 544.0690,  63, 63, 63
L -407.0571, -488.7994, 544.0690,  -389.3874, -488.7999, 544.0690,  63, 63, 63
L -407.0571, -488.7994, 544.0690,  -407.0585, -452.2737, 544.0690,  63, 63, 63
L 412.8141, -407.8286, 544.0690,  412.4902, -406.2101, 544.0690,  63, 63, 63
L 412.4902, -406.2101, 544.0690,  404.3863, -403.5198, 544.0690,  63, 63, 63
L 404.3863, -403.5198, 544.0690,  397.9998, -409.1853, 544.0690,  63, 63, 63
L 397.9998, -409.1853, 544.0690,  399.7227, -417.5555, 544.0690,  63, 63, 63
L 412.8135, -415.8047, 544.0690,  407.8277, -420.2421, 544.0690,  63, 63, 63
L 407.8277, -420.2421, 544.0690,  399.7227, -417.5555, 544.0690,  63, 63, 63
L -114.3025, -655.4725, 585.3538,  -114.2988, -660.6970, 585.5414,  0, 0, 0
L -114.2988, -660.6970, 585.9464,  -296.4750, -660.6996, 634.8370,  0, 0, 0
L -296.4750, -660.6996, 634.8607,  -417.6254, -539.5055, 634.8607,  0, 0, 0
L -417.6254, -539.5055, 636.8289,  -417.6255, -471.6051, 659.5235,  0, 0, 0
L -417.6255, -471.6051, 659.5235,  -417.6267, -350.4252, 659.6793,  0, 0, 0
L -417.6267, -350.4252, 659.6793,  -417.6279, -282.2413, 683.7766,  0, 0, 0
L -417.6279, -282.2413, 684.4167,  -296.2623, -160.7315, 684.4167,  0, 0, 0
L -90.1049, -161.0021, 760.4686,  -43.3566, -206.9110, 774.8443,  0, 0, 0
L -43.3592, -208.4366, 775.5134,  -43.5815, -336.4583, 845.9103,  0, 0, 0
L -43.5815, -336.4583, 845.9103,  -43.5803, -343.4589, 845.9105,  0, 0, 0
L -43.5803, -343.4589, 845.9105,  -47.5034, -343.4602, 845.9103,  0, 0, 0
L -47.5034, -343.4602, 845.9103,  -47.5136, -326.6580, 845.9103,  0, 0, 0
L -115.7292, -191.4122, 846.0115,  -115.5030, -335.7735, 845.9362,  127, 127, 127
L -115.5030, -335.7735, 845.9443,  -186.7923, -335.7567, 845.9128,  127, 127, 127
L -186.7923, -335.7567, 845.9128,  -210.9108, -359.5960, 845.9919,  127, 127, 127
L -210.9108, -359.5960, 845.9919,  -210.9242, -455.6555, 845.9952,  127, 127, 127
L -210.9242, -455.6555, 845.9952,  -186.7824, -479.1085, 845.9120,  127, 127, 127
L -186.7824, -479.1085, 845.9120,  -115.5831, -478.9851, 845.9410,  127, 127, 127
L -115.5340, -624.6844, 846.0127,  -115.5831, -478.9851, 845.9723,  127, 127, 127
L 41.7924, -624.6465, 845.9108,  140.0068, -624.6224, 845.9108,  240, 240, 240
L 140.0068, -624.6224, 845.9000,  141.9398, -622.7640, 846.3000,  127, 0, 100
L 141.9398, -622.7640, 846.9316,  287.8086, -622.7637, 858.3271,  0, 0, 0
L 287.8086, -622.7637, 858.3271,  287.3338, -502.2294, 858.3190,  0, 0, 0
L 195.9878, -622.7639, 850.4501,  195.9883, -598.7708, 850.4482,  63, 63, 63
L 195.9883, -598.7708, 850.7209,  243.9157, -574.7385, 854.5323,  63, 63, 63
L 243.9157, -574.7385, 854.5323,  267.7953, -529.9207, 856.3923,  63, 63, 63
L 287.3338, -502.2294, 858.3481,  334.9110, -455.0036, 858.5915,  0, 0, 0
L 334.9190, -454.9568, 858.5915,  335.0181, -361.4990, 858.5916,  0, 0, 0
L 335.0181, -361.4990, 858.5916,  287.2286, -313.5214, 858.3936,  0, 0, 0
L 287.2286, -313.5214, 858.3154,  287.5970, -195.0295, 858.2838,  0, 0, 0
L 267.7976, -286.2223, 856.4056,  243.9147, -241.4039, 854.5323,  63, 63, 63
L 243.9147, -241.4039, 854.5323,  195.9892, -217.3739, 850.9742,  63, 63, 63
L 195.9892, -217.3739, 850.4503,  195.9894, -195.0399, 850.4501,  63, 63, 63
L 287.5970, -195.0295, 850.4501,  141.8537, -195.0460, 846.9767,  0, 0, 0
L 140.0217, -191.7264, 846.0027,  141.8537, -195.0460, 846.2031,  0, 0, 0
L 267.7976, -286.2223, 856.7068,  287.3131, -286.2271, 858.2837,  63, 63, 63
L 140.0217, -191.7264, 845.8314,  50.2125, -191.9228, 845.9106,  240, 240, 240
L 50.1552, -327.0471, 845.9105,  50.1284, -343.4588, 845.9105,  0, 0, 0
L -47.5116, -326.6579, 845.9106,  -47.5791, -191.4338, 845.9106,  240, 240, 240
L -47.5791, -191.4338, 845.9106,  -286.9258, -191.3579, 846.0154,  240, 240, 240
L -62.3380, -766.5836, 585.5435,  -62.2772, -730.9930, 585.5413,  0, 0, 0
L -62.2772, -730.9930, 585.5414,  -36.8856, -718.3444, 585.5413,  0, 0, 0
L -36.8856, -718.3444, 585.5413,  40.7604, -718.3676, 585.5413,  0, 0, 0
L 40.7604, -718.3676, 585.5414,  66.1337, -730.4737, 585.5414,  0, 0, 0
L 66.1762, -756.2151, 585.5435,  119.0454, -756.2164, 585.6219,  0, 0, 0
L 119.0454, -756.2164, 585.6219,  299.3971, -755.8992, 634.7709,  0, 0, 0
L 299.3971, -755.8992, 634.7709,  516.6504, -539.0134, 634.8607,  0, 0, 0
L 516.6504, -539.0134, 634.9875,  540.5577, -539.0146, 634.9871,  0, 0, 0
L 540.5577, -539.0146, 634.9871,  540.4340, -471.0125, 659.6395,  0, 0, 0
L 540.4340, -471.0125, 659.6395,  540.4362, -350.7220, 659.6388,  0, 0, 0
L 540.4362, -350.7220, 659.6388,  540.4360, -282.9414, 684.1345,  0, 0, 0
L 540.4360, -282.9414, 684.1345,  516.5790, -282.9429, 684.1330,  0, 0, 0
L 516.5790, -282.9429, 684.4167,  299.2324, -65.7295, 684.4948,  0, 0, 0
L 299.2324, -65.7295, 684.8447,  299.2332, -42.0700, 684.8450,  0, 0, 0
L 299.2332, -42.0700, 684.8450,  75.8821, -42.0724, 765.8997,  0, 0, 0
L 75.8786, 27.7968, 765.8997,  75.8857, -114.0351, 765.8979,  0, 0, 0
L 75.8857, -114.0351, 766.3986,  51.0846, -139.6858, 773.2501,  0, 0, 0
L 51.0846, -139.6858, 775.0826,  -47.2405, -139.6738, 775.0826,  0, 0, 0
L -47.2405, -139.6738, 774.2675,  -72.0330, -114.0361, 767.7610,  0, 0, 0
L -72.0330, -114.0361, 765.8950,  -72.0203, 27.7972, 765.8959,  0, 0, 0
L -72.0266, -42.0724, 765.8959,  -295.3770, -42.0695, 684.8442,  0, 0, 0
L -295.3770, -42.0695, 684.8442,  -295.3758, -65.7246, 684.8430,  0, 0, 0
L -295.3758, -65.7246, 684.4164,  -512.7222, -282.9424, 684.4167,  0, 0, 0
L -512.7222, -282.9424, 684.1332,  -536.5804, -282.9416, 684.1323,  0, 0, 0
L -536.5804, -282.9416, 684.1323,  -536.5789, -350.1400, 659.7859,  0, 0, 0
L -536.5789, -350.1400, 659.7859,  -536.5809, -470.7448, 659.6389,  0, 0, 0
L -536.5809, -470.7448, 659.6389,  -536.7023, -539.0145, 634.9888,  0, 0, 0
L -536.7023, -539.0145, 634.9888,  -512.7982, -539.0125, 634.9878,  0, 0, 0
L -512.7982, -539.0125, 634.8607,  -295.4934, -755.9016, 634.7629,  0, 0, 0
L -295.4934, -755.9016, 634.7629,  -114.4236, -756.2200, 585.5414,  0, 0, 0
L -114.4236, -756.2200, 585.5414,  -62.3207, -756.1923, 585.5435,  0, 0, 0
L -269.9352, -194.9277, 852.3519,  -269.9329, -209.9401, 851.9766,  63, 63, 63
L -269.9329, -209.9401, 852.1063,  -284.9389, -209.9501, 852.3380,  63, 63, 63
L -284.9389, -209.9501, 853.2779,  -284.9436, -194.9394, 853.2779,  63, 63, 63
L -284.9436, -194.9394, 852.8660,  -269.9352, -194.9277, 852.7706,  63, 63, 63
L -286.9258, -191.3579, 853.5135,  -286.7055, -310.9224, 853.5134,  240, 240, 240
L -286.7063, -310.9224, 853.5135,  -286.6925, -319.6853, 853.5135,  0, 0, 0
L -284.9396, -319.4074, 853.3401,  -284.9469, -304.3904, 853.3400,  63, 63, 63
L -277.8221, -304.3916, 853.8831,  -277.8185, -209.9453, 853.8870,  63, 63, 63
L -279.6356, -209.9417, 852.7704,  -281.3672, -209.9420, 852.9359,  63, 63, 63
L -276.7137, -209.9416, 853.8380,  -276.6556, -304.3935, 853.7773,  63, 63, 63
L -269.9346, -304.3929, 852.0159,  -284.9469, -304.3904, 852.2551,  63, 63, 63
L -269.9346, -304.3929, 851.8593,  -269.9348, -319.3958, 851.6266,  63, 63, 63
L -269.9348, -319.3958, 852.1813,  -284.9396, -319.4074, 852.5564,  63, 63, 63
L -286.7004, -503.8741, 853.5135,  -286.7686, -624.6979, 853.5135,  240, 240, 240
L -286.6912, -494.8031, 853.5135,  -286.7053, -503.8748, 853.5135,  0, 0, 0
L -284.9416, -603.2784, 853.2778,  -284.9486, -618.2847, 853.2780,  63, 63, 63
L -286.7686, -624.6979, 845.9105,  -39.1283, -624.6493, 845.9103,  240, 240, 240
L -269.9307, -603.2822, 852.1390,  -269.9359, -618.3094, 852.2107,  63, 63, 63
L -284.9486, -618.2847, 853.1050,  -269.9359, -618.3094, 852.9561,  63, 63, 63
L -284.9416, -603.2784, 852.8336,  -269.9307, -603.2822, 852.7881,  63, 63, 63
L -277.7772, -603.2802, 853.8873,  -277.8264, -509.8087, 853.8873,  63, 63, 63
L -269.9300, -509.8082, 852.7208,  -284.9278, -509.8092, 853.0445,  63, 63, 63
L -284.9479, -494.8002, 853.3409,  -284.9278, -509.8092, 853.3406,  63, 63, 63
L -284.9479, -494.8002, 852.4341,  -269.9360, -494.7997, 851.7142,  63, 63, 63
L -269.9360, -494.7997, 851.6268,  -269.9300, -509.8082, 851.8589,  63, 63, 63
L -276.7166, -509.8079, 853.8873,  -276.6599, -603.2805, 853.8873,  63, 63, 63
L 41.7922, -624.6481, 845.9106,  24.5158, -624.6497, 845.9106,  0, 0, 0
L 242.5410, -625.6884, 946.2261,  24.4998, -625.9556, 847.7697,  0, 0, 0
L -22.0822, -625.7715, 846.0699,  -241.8293, -626.1583, 947.9678,  0, 0, 0
L -241.8293, -626.1583, 947.9678,  -289.5642, -626.1832, 947.9678,  0, 0, 0
L 267.7953, -529.9207, 857.1136,  287.3415, -529.9159, 858.2913,  63, 63, 63
L -22.0684, -624.6459, 845.9106,  -22.0822, -625.7715, 845.9109,  0, 0, 0
L 24.4998, -625.9556, 845.9109,  24.5158, -624.6497, 845.9108,  0, 0, 0
L -39.1283, -624.6487, 845.9108,  -22.0684, -624.6459, 845.9108,  0, 0, 0
L 292.1960, -624.6631, 947.7839,  292.0565, -769.5220, 947.9189,  0, 0, 0
L 294.2106, -624.6660, 947.7531,  292.1960, -624.6631, 947.7530,  127, 0, 100
L 291.6829, -610.8790, 949.0731,  309.7761, -588.2202, 949.0730,  0, 0, 0
L 309.7761, -588.2202, 949.0732,  309.7917, -520.1379, 949.0690,  0, 0, 0
L 317.7928, -520.1362, 947.7530,  302.7861, -520.1396, 947.7531,  0, 0, 0
L 302.7861, -520.1396, 947.7531,  302.7796, -505.1321, 947.7529,  0, 0, 0
L 302.7796, -505.1321, 947.7531,  317.7912, -505.1288, 947.7530,  0, 0, 0
L 317.7912, -505.1288, 947.7531,  317.7941, -520.1362, 947.7531,  0, 0, 0
L 317.7928, -520.1362, 947.7531,  317.7316, -600.6434, 947.7533,  240, 240, 240
L 292.4996, -611.4814, 948.5569,  291.6829, -610.8790, 948.6479,  0, 0, 0
L 292.4996, -611.4814, 949.0734,  310.7759, -588.6412, 949.0734,  0, 0, 0
L 310.7759, -588.6412, 949.0732,  310.7929, -520.1384, 949.0732,  0, 0, 0
L 317.7316, -600.6434, 947.7534,  294.2106, -624.6660, 947.7534,  240, 240, 240
L 120.8407, -603.2798, 947.7533,  120.8487, -618.2831, 947.7533,  0, 0, 0
L 120.8417, -610.3315, 949.0748,  246.3650, -610.3323, 949.0732,  0, 0, 0
L 246.3176, -611.3243, 947.7530,  246.3650, -610.3323, 947.7531,  0, 0, 0
L 246.3176, -611.3243, 949.0752,  120.8450, -611.3256, 949.0731,  0, 0, 0
L 120.8487, -618.2831, 947.7534,  105.8344, -618.2910, 947.7534,  0, 0, 0
L 105.8344, -618.2910, 947.7533,  105.8350, -603.2805, 947.7533,  0, 0, 0
L 105.8350, -603.2805, 947.7533,  120.8407, -603.2798, 947.7533,  0, 0, 0
L 105.8334, -209.9418, 947.7534,  120.8348, -209.9427, 947.7534,  0, 0, 0
L 120.8455, -194.9344, 947.7533,  105.8323, -194.9335, 947.7533,  0, 0, 0
L 105.8334, -209.9418, 947.7533,  105.8323, -194.9335, 947.7533,  0, 0, 0
L 120.8455, -194.9344, 947.7533,  120.8348, -209.9427, 947.7533,  0, 0, 0
L 120.8414, -201.9361, 949.0532,  289.1801, -201.6295, 948.9609,  0, 0, 0
L 289.1801, -201.6295, 949.0522,  310.8545, -224.2198, 949.0522,  0, 0, 0
L 310.8545, -224.2198, 949.0522,  310.8772, -296.3778, 949.0522,  0, 0, 0
L 302.7841, -296.3801, 947.7534,  317.8015, -296.3758, 947.7534,  0, 0, 0
L 317.8015, -296.3758, 947.7533,  317.7900, -311.3805, 947.7533,  0, 0, 0
L 317.7900, -311.3805, 947.7534,  302.7837, -311.3913, 947.7534,  0, 0, 0
L 302.7837, -311.3913, 947.7534,  302.7841, -296.3801, 947.7533,  0, 0, 0
L 309.8846, -296.3784, 949.0535,  309.8419, -224.6373, 949.0521,  0, 0, 0
L 309.8419, -224.6373, 949.0522,  289.0263, -202.9388, 949.0522,  0, 0, 0
L 289.0263, -202.9388, 949.0540,  120.8416, -202.9290, 949.0522,  0, 0, 0
L 316.2575, -505.1291, 948.1945,  364.1825, -454.7233, 948.1841,  240, 240, 240
L 364.1825, -454.7233, 948.1841,  364.0513, -361.1858, 948.1649,  240, 240, 240
L 364.0513, -361.1858, 948.1649,  315.0197, -311.3825, 948.0895,  240, 240, 240
L 99.5030, -191.6161, 947.7533,  293.7451, -191.6805, 947.7533,  240, 240, 240
L 293.7451, -191.6805, 947.7533,  317.4484, -215.4442, 947.7533,  240, 240, 240
L 317.4484, -215.4442, 947.7533,  317.3103, -296.3773, 947.7533,  240, 240, 240
L 99.5030, -191.6161, 947.7533,  99.5030, -335.1733, 947.7533,  240, 240, 240
L 99.5030, -335.1733, 948.1908,  148.2910, -335.1468, 948.1919,  240, 240, 240
L 148.2910, -335.1468, 948.0895,  171.8775, -358.4771, 948.2300,  240, 240, 240
L 171.8775, -358.4771, 948.2300,  171.9835, -457.5064, 948.2303,  240, 240, 240
L 171.9835, -457.5064, 948.2303,  148.0608, -481.4046, 948.1910,  240, 240, 240
L 148.0608, -481.4046, 948.1910,  98.9547, -481.3118, 947.8566,  240, 240, 240
L 99.6876, -481.3206, 948.1908,  99.5200, -624.5790, 947.7534,  240, 240, 240
L 99.5200, -624.5790, 947.7534,  242.5410, -624.5398, 947.7534,  240, 240, 240
L 242.5410, -624.5398, 947.7231,  242.5410, -625.6884, 947.7103,  127, 0, 100
L 25.5267, -632.3165, 1050.0242,  -22.6911, -632.3160, 1050.0243,  0, 0, 0
L -22.6911, -632.3160, 1050.0243,  -98.7950, -632.3162, 1083.2588,  0, 0, 0
L -98.7950, -632.3162, 1085.4236,  -98.7940, -630.1531, 1085.4235,  0, 0, 0
L -98.7940, -630.1531, 1085.4235,  -179.1657, -630.1530, 1122.9030,  0, 0, 0
L -179.1657, -630.1530, 1122.9030,  -179.1639, -632.2432, 1122.9009,  0, 0, 0
L -179.1639, -632.2432, 1123.8799,  -247.5475, -632.2451, 1152.0813,  0, 0, 0
L -247.5475, -632.2451, 1152.0813,  -247.5583, -617.8862, 1152.0813,  0, 0, 0
L -247.5583, -617.8862, 1153.2173,  -244.3550, -617.8845, 1153.2157,  0, 0, 0
L -244.3550, -617.8845, 1153.2157,  -244.3543, -608.7087, 1153.2173,  0, 0, 0
L -244.3543, -608.7087, 1153.2172,  246.3999, -609.1210, 1153.2173,  0, 0, 0
L 246.3999, -609.1210, 1153.2173,  246.3658, -617.8849, 1153.2173,  0, 0, 0
L 246.3658, -617.8849, 1153.2173,  249.1890, -617.8851, 1153.2173,  0, 0, 0
L 249.1890, -617.8851, 1152.0569,  249.1889, -632.2452, 1152.0569,  0, 0, 0
L 288.2927, -632.2534, 1151.8628,  288.2996, -617.8846, 1151.8628,  0, 0, 0
L 25.5270, -632.3145, 1050.9126,  99.3113, -632.3146, 1081.4506,  0, 0, 0
L 99.3113, -632.3146, 1084.5027,  99.3107, -630.1531, 1084.5022,  0, 0, 0
L 99.3107, -630.1531, 1084.5022,  180.8023, -630.1531, 1122.5044,  0, 0, 0
L 180.8023, -630.1531, 1122.5044,  180.8018, -632.2441, 1122.5027,  0, 0, 0
L 180.8018, -632.2441, 1124.5641,  249.1889, -632.2452, 1152.0713,  0, 0, 0
L 198.1584, -355.7611, 1153.2179,  149.1429, -355.7448, 1153.2179,  63, 63, 63
L 149.1429, -355.7448, 1153.2179,  123.8856, -312.5178, 1153.2179,  63, 63, 63
L 123.8856, -312.5178, 1153.2179,  148.8178, -269.3464, 1153.2179,  63, 63, 63
L 148.8178, -269.3464, 1153.2179,  197.8438, -269.2902, 1153.2179,  63, 63, 63
L 197.8438, -269.2902, 1153.2179,  223.2810, -311.9907, 1153.2179,  63, 63, 63
L 223.2810, -311.9907, 1153.2179,  198.1584, -355.7611, 1153.2179,  63, 63, 63
L 73.1906, -409.7138, 1153.2179,  36.0641, -473.3535, 1153.2179,  63, 63, 63
L 36.0641, -473.3535, 1153.2179,  -37.6530, -473.3544, 1153.2179,  63, 63, 63
L -37.6530, -473.3544, 1153.2179,  -75.0291, -409.2664, 1153.2179,  63, 63, 63
L -75.0291, -409.2664, 1153.2179,  -38.1962, -345.2804, 1153.2179,  63, 63, 63
L -38.1962, -345.2804, 1153.2179,  36.1125, -345.3598, 1153.2179,  63, 63, 63
L 36.1125, -345.3598, 1153.2179,  73.1906, -409.7138, 1153.2179,  63, 63, 63
L -126.0954, -311.8895, 1153.2179,  -151.1662, -355.0142, 1153.2179,  63, 63, 63
L -151.1662, -355.0142, 1153.2179,  -201.0380, -355.0200, 1153.2179,  63, 63, 63
L -201.0380, -355.0200, 1153.2179,  -225.4086, -312.5625, 1153.2599,  63, 63, 63
L -225.4086, -312.5625, 1153.2599,  -201.0782, -269.3007, 1153.2179,  63, 63, 63
L -201.0782, -269.3007, 1153.2179,  -151.3351, -269.3246, 1153.2179,  63, 63, 63
L -151.3351, -269.3246, 1153.2179,  -126.0954, -311.8895, 1153.2179,  63, 63, 63
L -52.1532, -656.5647, 1465.9408,  -52.1560, -634.7637, 1465.9408,  0, 0, 0
L -52.1560, -634.7637, 1465.9413,  137.8428, -634.8389, 1465.9412,  0, 0, 0
L 137.8428, -634.8389, 1465.9408,  137.8418, -656.5648, 1465.9408,  0, 0, 0
L 359.7449, -558.8141, 1465.9408,  351.8795, -558.8008, 1465.9408,  63, 63, 63
L 352.0436, -555.5709, 1465.9408,  351.3323, -569.5754, 1465.9408,  63, 63, 63
L 351.3323, -569.5754, 1465.9408,  338.8464, -575.9698, 1465.9408,  63, 63, 63
L 338.8464, -575.9698, 1465.9408,  327.0699, -568.3525, 1465.9408,  63, 63, 63
L 327.0699, -568.3525, 1465.9408,  327.7776, -554.3454, 1465.9408,  63, 63, 63
L 327.5397, -559.0557, 1465.9408,  285.5921, -570.2004, 1465.9408,  63, 63, 63
L 285.6248, -567.1190, 1465.9408,  285.4813, -580.6224, 1465.9408,  63, 63, 63
L 285.4813, -580.6224, 1465.9408,  273.2607, -587.5082, 1465.9408,  63, 63, 63
L 273.2607, -587.5082, 1465.9408,  261.1918, -580.3650, 1465.9408,  63, 63, 63
L 261.1918, -580.3650, 1465.9408,  261.3377, -566.3409, 1465.9408,  63, 63, 63
L 261.2982, -570.1354, 1465.9408,  213.2562, -548.7338, 1465.9408,  63, 63, 63
L 213.2562, -548.7338, 1465.9408,  206.1906, -512.2148, 1465.9408,  63, 63, 63
L 208.6624, -510.3818, 1465.9408,  197.3988, -518.7350, 1465.9408,  63, 63, 63
L 197.3988, -518.7350, 1465.9408,  184.5281, -513.1656, 1465.9408,  63, 63, 63
L 184.5281, -513.1656, 1465.9412,  182.9249, -499.2174, 1465.9412,  63, 63, 63
L 182.9249, -499.2174, 1465.9408,  194.2018, -490.8674, 1465.9408,  63, 63, 63
L 190.9972, -493.2403, 1465.9408,  166.6701, -484.3937, 1465.9408,  63, 63, 63
L 166.6701, -484.3937, 1465.9408,  166.6675, -458.4922, 1465.9408,  63, 63, 63
L 166.6675, -458.4922, 1465.9408,  157.4046, -433.2216, 1465.9408,  63, 63, 63
L 157.4046, -433.2216, 1465.9408,  166.6711, -402.8655, 1465.9408,  63, 63, 63
L 166.6711, -402.8655, 1465.9408,  166.6694, -382.0766, 1465.9408,  63, 63, 63
L 166.6694, -382.0766, 1465.9408,  190.5723, -373.4879, 1465.9408,  63, 63, 63
L 192.8182, -375.5391, 1465.9408,  182.4543, -366.0734, 1465.9408,  63, 63, 63
L 182.4543, -366.0734, 1465.9408,  185.4593, -352.3785, 1465.9408,  63, 63, 63
L 185.4593, -352.3785, 1465.9412,  198.8378, -348.1346, 1465.9412,  63, 63, 63
L 198.8378, -348.1346, 1465.9412,  209.7061, -358.0661, 1465.9406,  63, 63, 63
L 206.0540, -354.7288, 1465.9406,  213.2902, -317.8196, 1465.9408,  63, 63, 63
L 213.2902, -317.8196, 1465.9408,  261.1982, -295.3726, 1465.9408,  63, 63, 63
L 261.1428, -298.8288, 1465.9408,  261.3676, -284.8138, 1465.9408,  63, 63, 63
L 261.3676, -284.8138, 1465.9408,  273.5554, -277.9400, 1465.9408,  63, 63, 63
L 273.5554, -277.9400, 1465.9408,  285.6251, -285.0883, 1465.9408,  63, 63, 63
L 285.6251, -285.0883, 1465.9408,  285.4810, -298.6906, 1465.9408,  63, 63, 63
L 285.5189, -295.1118, 1465.9408,  307.1726, -300.6575, 1465.9408,  63, 63, 63
L 307.1726, -300.6575, 1465.9408,  327.2693, -303.8670, 1465.9408,  63, 63, 63
L 327.2147, -307.3755, 1465.9408,  327.4311, -293.4771, 1465.9408,  63, 63, 63
L 327.4311, -293.4771, 1465.9408,  340.2802, -286.8978, 1465.9408,  63, 63, 63
L 340.2802, -286.8978, 1465.9408,  352.0642, -294.5056, 1465.9408,  63, 63, 63
L 352.0642, -294.5056, 1465.9408,  351.3575, -308.5206, 1465.9408,  63, 63, 63
L 351.5867, -303.9749, 1465.9408,  359.7452, -303.9638, 1465.9408,  63, 63, 63
L 138.2334, -210.4727, 1465.9408,  138.2395, -232.2899, 1465.9408,  0, 0, 0
L 138.2395, -232.2899, 1465.9408,  -51.7622, -232.2171, 1465.9408,  0, 0, 0
L -51.7622, -232.2171, 1465.9408,  -51.7618, -210.4728, 1465.9408,  0, 0, 0
L 209.7061, -358.0661, 1481.0341,  205.8706, -371.3894, 1480.5995,  63, 63, 63
L 205.8706, -371.3894, 1480.7288,  192.8182, -375.5391, 1480.5995,  63, 63, 63
L 261.1428, -298.8288, 1480.6957,  272.1186, -305.3242, 1480.7227,  63, 63, 63
L 338.8755, -314.9115, 1480.7300,  327.2147, -307.3755, 1480.5995,  63, 63, 63
L 359.7450, -313.2668, 1482.2852,  354.7366, -313.2667, 1482.2852,  0, 0, 0
L 354.7366, -313.2667, 1482.2852,  354.7391, -317.5757, 1482.2852,  0, 0, 0
L 354.7391, -317.5757, 1482.2852,  353.1404, -317.5733, 1482.2852,  0, 0, 0
L 353.1404, -317.5733, 1482.2852,  353.1405, -356.3738, 1482.2852,  0, 0, 0
L 351.3575, -308.5206, 1480.7952,  338.8755, -314.9115, 1480.5995,  63, 63, 63
L 272.1186, -305.3242, 1480.7371,  285.4810, -298.6906, 1480.3068,  63, 63, 63
L 356.1784, -509.2224, 1482.2842,  353.1402, -509.2216, 1482.2847,  0, 0, 0
L 340.2613, -547.9510, 1480.8467,  352.0436, -555.5709, 1480.6106,  63, 63, 63
L 340.2613, -547.9510, 1480.5995,  327.7776, -554.3454, 1480.7433,  63, 63, 63
L 261.3377, -566.3409, 1480.7565,  272.7503, -559.9128, 1480.6908,  63, 63, 63
L 272.7503, -559.9128, 1465.9402,  285.6248, -567.1190, 1465.9406,  63, 63, 63
L 208.6624, -510.3818, 1480.5995,  207.0638, -496.4531, 1480.8108,  63, 63, 63
L 207.0638, -496.4531, 1480.5995,  194.2018, -490.8674, 1480.6674,  63, 63, 63
L 359.7453, -552.3293, 1482.2455,  354.7373, -552.3329, 1482.2405,  0, 0, 0
L 354.7373, -552.3329, 1482.2847,  354.7391, -548.0239, 1482.2842,  0, 0, 0
L 354.7391, -548.0239, 1482.2842,  353.1404, -548.0273, 1482.2847,  0, 0, 0
L 353.1404, -548.0273, 1482.2842,  353.1402, -509.2216, 1482.2842,  0, 0, 0
L 356.1784, -509.2224, 1482.2842,  356.1752, -527.7264, 1482.2842,  0, 0, 0
L 356.1752, -527.7264, 1482.2842,  365.9572, -527.6855, 1482.2847,  0, 0, 0
L 365.9572, -527.6855, 1482.2831,  366.5378, -526.2660, 1482.2847,  0, 0, 0
L 366.5378, -526.2660, 1482.2847,  375.5288, -526.2018, 1482.2847,  0, 0, 0
L 375.5288, -526.2018, 1482.2847,  385.3794, -507.1020, 1482.2842,  0, 0, 0
L 385.3794, -507.1020, 1482.2842,  385.3637, -356.1026, 1482.2841,  0, 0, 0
L 385.3801, -356.1500, 1482.2837,  375.5454, -339.2387, 1482.2842,  0, 0, 0
L 375.5454, -339.2387, 1482.2842,  366.5331, -339.2200, 1482.2847,  0, 0, 0
L 366.0182, -337.8915, 1482.2847,  366.5331, -339.2200, 1482.2847,  0, 0, 0
L 366.0182, -337.8915, 1482.2847,  356.1750, -337.8711, 1482.2842,  0, 0, 0
L 356.1750, -337.8711, 1482.2842,  356.1764, -356.3762, 1482.2847,  0, 0, 0
L 356.1764, -356.3762, 1482.2847,  353.1405, -356.3738, 1482.2842,  0, 0, 0
L 359.7450, -313.2668, 1465.9402,  359.7450, -210.4729, 1465.9397,  0, 0, 0
L 359.7453, -552.3293, 1465.9397,  359.7421, -656.5648, 1465.9423,  0, 0, 0
L -247.6987, -413.7360, 1465.9402,  -247.6989, -450.2616, 1465.9406,  63, 63, 63
L -247.6989, -450.2616, 1465.9402,  -265.3684, -450.2616, 1465.9406,  63, 63, 63
L -265.3684, -450.2616, 1465.9390,  -265.3689, -413.7354, 1465.9402,  63, 63, 63
L -265.3689, -413.7354, 1465.9408,  -247.6987, -413.7360, 1465.9402,  63, 63, 63
L 146.4094, -336.2023, 845.9067,  193.8642, -336.2020, 845.9042,  127, 127, 127
L 193.8642, -336.2020, 845.9042,  218.1720, -360.0033, 845.9893,  127, 127, 127
L 218.1720, -360.0033, 845.9893,  218.1879, -456.2539, 845.9893,  127, 127, 127
L 218.1879, -456.2539, 845.9893,  193.8435, -480.1020, 845.9039,  127, 127, 127
L 193.8435, -480.1020, 845.9039,  147.3471, -480.1018, 845.9094,  127, 127, 127
L -90.1049, -161.0021, 758.5741,  -296.2623, -160.7315, 684.6472,  0, 0, 0
L -299.4742, 24.4656, 694.9940,  -299.4711, 29.6703, 698.2441,  0, 0, 0
L -542.0624, -90.3100, 720.9153,  -459.5294, -39.5183, 724.4061,  0, 0, 0
L -459.5294, -39.5183, 724.4061,  -373.9106, 8.7183, 709.5770,  0, 0, 0
L -542.0624, -90.3100, 721.0384,  -546.1312, -87.9434, 720.6580,  0, 0, 0
L -546.1312, -87.9434, 720.6580,  -549.4196, -88.1884, 720.6453,  0, 0, 0
L -549.4196, -88.1884, 720.6453,  -549.7064, -91.6849, 721.2758,  0, 0, 0
L -549.7064, -91.6849, 721.2758,  -548.2726, -95.1446, 721.8024,  0, 0, 0
L -548.2726, -95.1446, 721.9861,  -613.6589, -245.3291, 714.2480,  0, 0, 0
L -613.6589, -245.3291, 714.2480,  -627.5071, -278.0695, 698.9138,  0, 0, 0
L -627.5071, -278.0695, 698.9138,  -621.9764, -278.1935, 695.6710,  0, 0, 0
L -621.9904, -277.7865, 693.5615,  -621.8124, -282.9403, 693.4301,  0, 0, 0
L -621.8124, -282.9403, 693.1678,  -624.6132, -282.9412, 693.1661,  0, 0, 0
L -624.6132, -282.9412, 693.1661,  -629.2316, -349.6442, 668.8911,  0, 0, 0
L -629.2316, -349.6442, 668.8911,  -629.2960, -470.9889, 668.5635,  0, 0, 0
L -629.2960, -470.9889, 668.5635,  -629.4178, -539.0146, 642.9600,  0, 0, 0
L -629.4178, -539.0146, 642.9600,  -626.6857, -539.0163, 642.9583,  0, 0, 0
L -626.6857, -539.0163, 642.7648,  -626.6849, -543.5400, 642.7635,  0, 0, 0
L -626.6849, -543.5499, 640.8091,  -639.2216, -543.4802, 652.2464,  0, 0, 0
L -639.2216, -543.4802, 652.6425,  -620.7607, -587.2151, 665.5861,  0, 0, 0
L -620.7607, -587.2151, 665.5861,  -598.1058, -645.3138, 667.2021,  0, 0, 0
L -598.1058, -645.3138, 667.2021,  -551.7839, -743.6942, 665.4250,  0, 0, 0
L -551.7839, -743.6942, 666.7841,  -554.3984, -748.2307, 668.9169,  0, 0, 0
L -554.3984, -748.2307, 668.9169,  -554.3401, -751.7830, 670.9734,  0, 0, 0
L -554.3401, -751.7830, 670.9734,  -550.9832, -751.5207, 670.9282,  0, 0, 0
L -550.9832, -751.5207, 670.9282,  -546.9761, -748.2144, 669.5778,  0, 0, 0
L -546.9761, -748.2144, 669.6279,  -463.5696, -803.0669, 675.3459,  0, 0, 0
L -463.5696, -803.0669, 675.3459,  -375.8878, -847.3761, 657.7310,  0, 0, 0
L -375.8878, -847.3761, 658.5538,  -377.5927, -852.0081, 659.0600,  0, 0, 0
L -377.5927, -852.0081, 659.0600,  -377.4910, -854.6104, 659.6672,  0, 0, 0
L -377.4910, -854.6104, 659.6672,  -374.5135, -851.1474, 658.6841,  0, 0, 0
L -374.5135, -851.1474, 658.6841,  -372.6406, -845.7228, 657.5329,  0, 0, 0
L -296.1036, -822.0793, 646.3719,  -296.1043, -760.1829, 638.6777,  0, 127, 0
L -296.1043, -760.1829, 638.6777,  -513.2381, -543.5453, 638.5414,  0, 127, 0
L -513.2381, -543.5453, 638.5414,  -626.6849, -543.5400, 640.5557,  0, 127, 0
L -296.1023, -872.8745, 672.3120,  -355.9684, -853.9409, 656.7327,  0, 0, 0
L -355.9684, -853.9409, 656.7327,  -372.6406, -845.7228, 657.1388,  0, 0, 0
L -296.1023, -872.8745, 645.3936,  -296.1061, -822.0792, 638.9235,  0, 0, 0
L -296.1061, -822.0792, 642.7724,  -292.3409, -822.0804, 642.7809,  0, 0, 0
L -292.3409, -822.0804, 642.6716,  -292.3383, -824.9319, 642.6700,  0, 0, 0
L -292.3383, -824.9319, 642.6700,  -115.9929, -824.9714, 596.4250,  0, 0, 0
L -115.9929, -824.9714, 596.4250,  -69.8972, -824.9329, 596.4939,  0, 0, 0
L -69.8972, -824.9329, 596.4939,  -69.8969, -822.4245, 596.4724,  0, 0, 0
L -69.8969, -822.4245, 596.4614,  -65.7099, -822.4297, 596.4610,  0, 0, 0
L -65.7099, -822.4297, 596.4610,  -65.7128, -776.9099, 596.4615,  0, 0, 0
L -65.7128, -776.9099, 596.4615,  -62.3380, -766.5836, 596.4615,  0, 0, 0
L -59.9634, -761.0234, 596.4597,  -59.7534, -761.0233, 596.4615,  0, 0, 0
L -373.9106, 8.7183, 710.1281,  -373.4565, 12.2590, 711.0923,  0, 0, 0
L -373.4565, 12.2590, 711.0923,  -373.0331, 12.7957, 711.2455,  0, 0, 0
L -373.0331, 12.7957, 711.2455,  -369.0341, 9.7472, 710.0337,  0, 0, 0
L -369.0341, 9.7472, 709.2682,  -320.9139, 23.9818, 707.2214,  0, 0, 0
L -320.9139, 23.9818, 707.2214,  -299.4712, 29.6699, 698.2458,  0, 0, 0
L -295.3776, 24.4610, 693.3411,  -299.4719, 24.4656, 693.3411,  0, 0, 0
L -295.3776, 24.4610, 693.5284,  -295.3774, 26.3985, 693.5278,  0, 0, 0
L -295.3774, 26.3985, 693.5278,  -72.0203, 27.7972, 776.3109,  0, 0, 0
L -59.2436, -569.1285, 545.9667,  -58.5561, -583.3105, 547.2587,  0, 0, 0
L -54.8297, -586.1071, 544.7137,  -58.5561, -583.3105, 544.7136,  0, 0, 0
L 58.6439, -586.1323, 544.7134,  62.7763, -582.9839, 544.7134,  0, 0, 0
L 66.1829, -760.2209, 596.4614,  71.7683, -777.2908, 596.4614,  0, 0, 0
L 71.7683, -777.2908, 596.4614,  71.6366, -822.4268, 596.4614,  0, 0, 0
L 71.6366, -822.4268, 596.4614,  73.7530, -822.4229, 596.4614,  0, 0, 0
L 73.7530, -822.4229, 596.4780,  73.7533, -824.9327, 596.4958,  0, 0, 0
L 73.7528, -824.9327, 596.4937,  120.4973, -824.9742, 596.4402,  0, 0, 0
L 120.4973, -824.9742, 596.4402,  296.1941, -824.9319, 642.6727,  0, 0, 0
L 296.1941, -824.9319, 642.6727,  296.1931, -822.0787, 642.6711,  0, 0, 0
L 299.9607, -822.0804, 642.7759,  296.1931, -822.0787, 642.7878,  0, 0, 0
L 66.1829, -760.2209, 585.5435,  66.1337, -730.4737, 585.5413,  0, 0, 0
L 299.9593, -822.0804, 639.6247,  299.9623, -880.2808, 644.1241,  0, 0, 0
L 299.9623, -880.2808, 656.9090,  369.9922, -848.8079, 656.5182,  0, 0, 0
L 369.9922, -848.8079, 657.3976,  372.9664, -852.6519, 658.4117,  0, 0, 0
L 372.9664, -852.6519, 658.4117,  377.1739, -855.1462, 659.8052,  0, 0, 0
L 377.1739, -855.1462, 659.8052,  377.9271, -852.9786, 659.0687,  0, 0, 0
L 377.9271, -852.9786, 659.0687,  377.4860, -851.4192, 658.4210,  0, 0, 0
L 380.1037, -849.1364, 657.7571,  463.7571, -802.9538, 676.0660,  0, 0, 0
L 463.7571, -802.9538, 676.0660,  545.3002, -748.9612, 672.6284,  0, 0, 0
L 545.3002, -748.9612, 672.6053,  550.8868, -751.3782, 673.0550,  0, 0, 0
L 550.8868, -751.3782, 673.0550,  553.7649, -751.5583, 672.7906,  0, 0, 0
L 553.7649, -751.5583, 672.7906,  553.7949, -747.5198, 670.4507,  0, 0, 0
L 553.7949, -747.5198, 670.4507,  552.4872, -743.8832, 669.0439,  0, 0, 0
L 552.4872, -743.8832, 666.8553,  597.9800, -644.4600, 668.4161,  0, 0, 0
L 597.9800, -644.4600, 668.4161,  639.0154, -543.4728, 651.4565,  0, 0, 0
L 639.0154, -543.4728, 649.1024,  630.5265, -543.5313, 643.7800,  0, 0, 0
L 630.5264, -543.4599, 640.4604,  516.7743, -543.8315, 638.5417,  0, 127, 0
L 516.7743, -543.8315, 638.5417,  300.0245, -760.0831, 640.9265,  0, 127, 0
L 300.0245, -760.0831, 640.9265,  299.9607, -822.0804, 639.8322,  0, 127, 0
L 630.5264, -543.4599, 642.7639,  630.5251, -539.0137, 642.7639,  0, 0, 0
L 630.5251, -539.0137, 642.9587,  633.2736, -539.0146, 642.9594,  0, 0, 0
L 633.2736, -539.0146, 642.9594,  633.1500, -471.5879, 668.4478,  0, 0, 0
L 633.1500, -471.5879, 668.4478,  633.1484, -350.7028, 668.5637,  0, 0, 0
L 633.1484, -350.7028, 668.5637,  628.4802, -282.9547, 693.1650,  0, 0, 0
L 628.4802, -282.9547, 693.1650,  625.6724, -282.9240, 693.1677,  0, 0, 0
L 625.6724, -282.9240, 693.4583,  625.8276, -278.2578, 693.5941,  0, 0, 0
L 625.8297, -278.1987, 694.7590,  629.3325, -278.1134, 697.1857,  0, 0, 0
L 629.3325, -278.1134, 697.1857,  592.0752, -194.0704, 719.0074,  0, 0, 0
L 592.0752, -194.0704, 719.0074,  546.0273, -97.9982, 722.5676,  0, 0, 0
L 546.0273, -97.9982, 721.9720,  548.3217, -92.8339, 721.5211,  0, 0, 0
L 548.3217, -92.8339, 721.5211,  548.8237, -88.1872, 720.6924,  0, 0, 0
L 548.8237, -88.1872, 720.6924,  544.7822, -86.5671, 720.5510,  0, 0, 0
L 544.7822, -86.5671, 720.5510,  543.0115, -86.3738, 720.6891,  0, 0, 0
L 543.0115, -86.3738, 720.6891,  541.1780, -87.2713, 720.5599,  0, 0, 0
L 541.1780, -87.2713, 720.7277,  508.2029, -65.7641, 725.9774,  0, 0, 0
L 508.2029, -65.7641, 725.9774,  458.7948, -37.6644, 723.3494,  0, 0, 0
L 458.7948, -37.6644, 723.3494,  372.9248, 8.6526, 709.1012,  0, 0, 0
L 372.9248, 8.6526, 709.7532,  373.3663, 11.1877, 710.2952,  0, 0, 0
L 373.3663, 11.1877, 710.2952,  372.3576, 12.8394, 710.8152,  0, 0, 0
L 372.3576, 12.8394, 710.8152,  370.2769, 12.2036, 710.2231,  0, 0, 0
L 370.2769, 12.2036, 710.2231,  368.8553, 10.1119, 709.6987,  0, 0, 0
L 368.8553, 10.1119, 708.9438,  319.9322, 24.4034, 704.4061,  0, 0, 0
L 319.9322, 24.4034, 704.4061,  303.3271, 29.0904, 697.3866,  0, 0, 0
L 303.3271, 29.0904, 697.3866,  303.3289, 24.4645, 693.5174,  0, 0, 0
L 303.3289, 24.4645, 693.3409,  299.2333, 24.4613, 693.3411,  0, 0, 0
L 303.3279, 24.4645, 693.3698,  303.2006, -65.1840, 693.2772,  0, 127, 0
L 303.2006, -65.1840, 692.1913,  517.6786, -278.3914, 692.1913,  0, 127, 0
L 517.6786, -278.3914, 692.1913,  625.8276, -278.2578, 693.9833,  0, 127, 0
L 299.2333, 24.4613, 693.5290,  299.2315, 26.3988, 693.5289,  0, 0, 0
L 299.2328, 26.3980, 693.5289,  75.8786, 27.7968, 776.3088,  0, 0, 0
L 379.1435, -597.8358, 322.4665,  429.4007, -546.9731, 322.4665,  0, 0, 0
L 427.7311, -548.6628, 322.4665,  428.0170, -517.1132, 322.4665,  0, 0, 0
L 428.0170, -517.1132, 322.4663,  323.2839, -517.1683, 322.4665,  0, 0, 0
L 379.0876, -597.8358, 377.6989,  290.9327, -686.9539, 377.6988,  0, 0, 0
L 290.9327, -686.9539, 377.6987,  203.5553, -599.5765, 377.6989,  0, 0, 0
L 203.5553, -599.5765, 377.8717,  243.7401, -599.5767, 377.6987,  127, 64, 0
L 379.1435, -597.8358, 322.4664,  323.1784, -597.8510, 322.4664,  127, 64, 0
L 323.1784, -597.8510, 322.4665,  323.2839, -517.1683, 322.4665,  240, 240, 240
L 243.7401, -599.5768, 377.6988,  377.3655, -599.5768, 377.6988,  240, 240, 240
L 243.7378, -598.3149, 431.6128,  243.5894, -517.1136, 431.6128,  240, 240, 240
L 243.5894, -517.1136, 431.6128,  145.6671, -517.1135, 431.6126,  0, 0, 0
L 202.2794, -598.3563, 431.6127,  145.2798, -541.2875, 431.6126,  0, 0, 0
L 145.6671, -517.1135, 431.6127,  145.2798, -541.2875, 431.6127,  0, 0, 0
L 243.7378, -598.3149, 431.6128,  202.2794, -598.3563, 431.6128,  240, 240, 240
L 322.6627, -257.7467, 322.4666,  379.1741, -257.7468, 322.4666,  127, 64, 0
L 379.1741, -257.7468, 322.4667,  427.7241, -306.6524, 322.4667,  0, 0, 0
L 427.7241, -306.6524, 322.4667,  427.7639, -338.4769, 322.4667,  0, 0, 0
L 427.7639, -338.4769, 322.4667,  321.4547, -338.4693, 322.4665,  0, 0, 0
L 322.4759, -338.4694, 322.4665,  322.6627, -257.7467, 322.4667,  240, 240, 240
L 377.4596, -256.0139, 377.6990,  290.8326, -168.7368, 377.6990,  0, 0, 0
L 290.8326, -168.7368, 377.6988,  203.6188, -255.9500, 377.6989,  0, 0, 0
L 203.6188, -255.9500, 377.6988,  243.6687, -256.1030, 377.6988,  127, 64, 0
L 232.4347, -256.0139, 377.6988,  377.4596, -256.0139, 377.6987,  240, 240, 240
L 202.0535, -257.5103, 431.6127,  145.4604, -314.1853, 431.6142,  0, 0, 0
L 145.4604, -314.1853, 431.6142,  145.4597, -338.4772, 431.6147,  0, 0, 0
L 145.4597, -338.4772, 431.6147,  243.6344, -338.4737, 431.6126,  0, 0, 0
L 243.6867, -257.5197, 431.6128,  202.0535, -257.5103, 431.6128,  240, 240, 240
L 243.6867, -257.5197, 431.6128,  243.6344, -338.4737, 431.6128,  240, 240, 240
L -375.4821, -597.8439, 322.4664,  -317.9337, -597.8440, 322.4664,  127, 64, 0
L -319.0403, -598.0779, 322.6130,  -319.0192, -517.1135, 322.4667,  240, 240, 240
L -319.0192, -517.1135, 322.4667,  -423.2075, -517.1132, 322.4671,  0, 0, 0
L -423.2075, -517.1132, 322.4671,  -423.2087, -549.5849, 322.4665,  0, 0, 0
L -423.2087, -549.5849, 322.4665,  -375.4821, -597.8439, 322.4665,  0, 0, 0
L -373.6653, -599.6230, 377.6988,  -287.0346, -686.8655, 377.6987,  0, 0, 0
L -287.0346, -686.8655, 377.6987,  -199.6855, -599.5702, 377.6990,  0, 0, 0
L -199.6855, -599.5702, 377.6990,  -240.6234, -599.5825, 377.6990,  127, 64, 0
L -240.6235, -599.5826, 377.6990,  -373.6653, -599.6230, 377.6990,  240, 240, 240
L -239.7254, -598.3066, 431.6128,  -198.4310, -598.3181, 431.6128,  240, 240, 240
L -198.4310, -598.3181, 431.6128,  -141.6016, -541.4915, 431.6126,  0, 0, 0
L -141.6016, -541.4915, 431.6126,  -141.5990, -517.1133, 431.6147,  0, 0, 0
L -141.5990, -517.1133, 431.6147,  -239.5316, -517.1147, 431.6127,  0, 0, 0
L -239.7254, -598.3066, 431.6128,  -239.5316, -517.1147, 431.6128,  240, 240, 240
L -319.2419, -257.7480, 322.4664,  -319.0587, -338.4787, 322.4666,  240, 240, 240
L -239.9420, -256.0200, 377.6988,  -373.3228, -256.0594, 377.6988,  0, 0, 0
L -239.9418, -256.0186, 377.6988,  -239.7477, -253.3904, 377.6989,  0, 0, 0
L -240.0226, -257.3612, 431.6128,  -239.8429, -338.4764, 431.6128,  240, 240, 240
L -239.8429, -338.4764, 431.6128,  -141.6305, -338.4777, 431.6148,  0, 0, 0
L -141.6305, -338.4777, 431.6148,  -141.5715, -314.1171, 431.6127,  0, 0, 0
L -141.5715, -314.1171, 431.6126,  -198.4066, -257.3010, 431.6127,  0, 0, 0
L -240.0226, -257.3612, 431.6128,  -198.4066, -257.3010, 431.6128,  240, 240, 240
L 217.4061, -500.1815, -0.1002,  217.4061, -500.1815, -0.1002,  0, 0, 0
L 420.9140, -282.2404, 684.4170,  299.5507, -160.7313, 684.4170,  0, 0, 0
L 299.5507, -160.7313, 684.9252,  94.0724, -160.9984, 758.6378,  0, 0, 0
L 94.0724, -160.9984, 760.1523,  45.8736, -206.7036, 775.2668,  0, 0, 0
L 45.8736, -206.7036, 776.1802,  45.9194, -335.5673, 845.8740,  0, 0, 0
L 45.9194, -335.5673, 845.8740,  45.9195, -343.4598, 845.9103,  0, 0, 0
L 45.9195, -343.4598, 845.9105,  50.1284, -343.4588, 845.9103,  0, 0, 0
L 50.1444, -327.0467, 845.9105,  50.2125, -191.9228, 845.9103,  240, 240, 240
L -49.8646, -12.8133, -1.1068,  -49.8681, 71.7997, -1.1088,  0, 0, 0
L -49.8681, 71.7997, -1.1088,  -29.5354, 71.7997, -1.1088,  0, 0, 0
L -29.5354, 71.7997, -1.1047,  -29.5358, 72.8991, -0.5799,  0, 0, 0
L -29.5358, 72.8991, -0.5799,  33.6563, 72.8985, -0.5981,  255, 0, 255
L 33.6563, 72.8985, -0.5981,  33.6556, 71.7999, -1.1087,  0, 0, 0
L 33.6556, 71.7999, -1.1088,  53.9059, 71.7997, -1.1088,  0, 0, 0
L 53.9059, 71.7997, -1.1088,  53.9072, -12.8123, -1.1068,  0, 0, 0
L 53.9072, -12.8123, -1.1068,  47.0602, -12.9861, -1.1088,  0, 0, 0
L -49.8646, -12.8133, -1.1068,  -42.9777, -12.9724, -1.1088,  0, 0, 0
L -42.9777, -12.9724, -1.1088,  -42.9769, -33.3076, -1.1088,  0, 0, 0
L -42.9769, -33.3076, -1.1149,  -50.1478, -33.3255, -1.1068,  0, 0, 0
L -50.1478, -33.3255, -1.1068,  -50.1441, -41.8111, -1.1088,  0, 0, 0
L -50.1441, -41.8111, -1.1088,  -61.4858, -41.8117, -1.1088,  0, 0, 0
L -61.4858, -41.8117, -1.1088,  -66.6315, -25.5337, 0.1256,  0, 0, 0
L -69.4641, -147.2497, -1.1088,  -69.5681, -27.9603, -1.1088,  0, 0, 0
L -69.5681, -27.9603, -1.1088,  -66.5879, -25.9777, -1.0999,  0, 0, 0
L -69.4641, -147.2497, -1.1382,  -272.2775, -147.1785, -1.1089,  0, 0, 0
L -272.2775, -147.1785, -1.1089,  -272.2617, -161.4511, -1.1089,  0, 0, 0
L -272.2617, -161.4511, -1.1089,  -289.0960, -161.4528, -1.1089,  0, 0, 0
L -289.0960, -161.4528, -1.1089,  -289.1088, -148.1419, -1.1089,  0, 0, 0
L -288.1367, -147.1729, -1.1089,  -456.1136, -314.6378, 4.7428,  0, 0, 0
L -454.4466, -557.8923, 4.7080,  -289.1643, -723.9158, 0.2593,  0, 0, 0
L -289.1643, -723.9158, 0.2593,  -289.1806, -709.9637, -1.1089,  0, 0, 0
L -289.1806, -709.9637, -1.1089,  -272.3500, -709.9630, -1.1089,  0, 0, 0
L -272.3500, -709.9630, -1.1089,  -272.3299, -724.8671, -0.0515,  0, 0, 0
L -272.3299, -724.8671, -0.0515,  -46.1562, -724.6735, -1.1089,  0, 0, 0
L -46.1562, -724.6735, -1.1089,  -46.1560, -738.3364, -1.1089,  0, 0, 0
L 68.6888, -704.3259, -1.1089,  68.6875, -687.4858, -1.1089,  0, 0, 0
L 68.6875, -687.4858, -1.1089,  71.4006, -687.4838, -1.1089,  0, 0, 0
L 71.4006, -687.4838, -1.1089,  71.3996, -630.6599, -1.1068,  0, 0, 0
L 77.3810, -630.5947, -1.1068,  70.1740, -630.6733, -1.1089,  0, 0, 0
L 70.1740, -630.6733, -1.1089,  70.1731, -624.6766, -1.1089,  0, 0, 0
L 70.1731, -624.6766, 0.1281,  77.3825, -624.6738, 0.1169,  0, 0, 0
L 77.3810, -630.5947, -1.1089,  77.3825, -624.6738, -1.1089,  0, 0, 0
L 47.0602, -12.9861, -1.1088,  47.0577, -33.3153, -1.1088,  0, 0, 0
L 47.0577, -33.3153, -1.1088,  54.2268, -33.3135, -1.1108,  0, 0, 0
L 54.2268, -33.3135, -1.1108,  54.2286, -41.8094, -1.1088,  0, 0, 0
L 54.2286, -41.8094, -1.1088,  65.5213, -41.8120, -1.1088,  0, 0, 0
L 65.5213, -41.8120, -1.1088,  70.6828, -26.0295, -1.1107,  0, 0, 0
L 70.6828, -26.0295, -1.1107,  73.5856, -27.9833, 0.2833,  0, 0, 0
L 73.5856, -27.9833, 0.2833,  73.4791, -147.2483, 0.2827,  0, 0, 0
L 73.4791, -147.2483, -1.1317,  276.5497, -147.1325, -1.0521,  0, 0, 0
L 276.5497, -147.1325, -1.0521,  276.5336, -161.4526, -1.0521,  0, 0, 0
L 276.5336, -161.4526, -1.0521,  293.3672, -161.4523, -1.0521,  0, 0, 0
L 293.3672, -161.4523, -1.0521,  293.3799, -149.1089, -1.0521,  0, 0, 0
L 293.3799, -149.1089, -1.0521,  458.9367, -314.6378, -1.0521,  0, 0, 0
L 458.9367, -314.6378, -1.0521,  444.7448, -314.6219, -1.0521,  0, 0, 0
L 444.7448, -314.6219, -1.0521,  444.7425, -331.4545, -1.0521,  0, 0, 0
L 444.7425, -331.4545, -1.0521,  459.4779, -331.4704, -1.0521,  0, 0, 0
L 459.4779, -331.4704, -1.0521,  459.4778, -540.9158, -1.0521,  0, 0, 0
L 459.4778, -540.9158, -1.0521,  444.7440, -540.8992, -1.0521,  0, 0, 0
L 444.7440, -540.8992, -1.0521,  444.7444, -557.7330, -1.0521,  0, 0, 0
L 444.7444, -557.7330, -1.0521,  457.9883, -557.7466, -1.0521,  0, 0, 0
L 457.9883, -557.7466, -1.0521,  292.5500, -723.8325, -1.0521,  0, 0, 0
L 292.5500, -723.8325, -1.0521,  292.9035, -709.9662, -1.0521,  0, 0, 0
L 292.9035, -709.9662, -1.0599,  275.7018, -709.9639, -1.0856,  0, 0, 0
L 275.7018, -709.9639, -1.0893,  275.7185, -724.8038, -1.0893,  0, 0, 0
L 253.5863, -703.8812, -1.1089,  253.5863, -701.1353, -1.1089,  0, 0, 0
L 253.5863, -701.1353, -1.1089,  85.3038, -701.1356, -1.1089,  0, 0, 0
L 85.3038, -701.1356, -1.1089,  85.3033, -704.3008, -1.1089,  0, 0, 0
L 85.3033, -704.3008, -1.1089,  68.6888, -704.3259, -1.1089,  0, 0, 0
L 275.7182, -724.8035, -1.0901,  48.6485, -724.6219, -1.1089,  0, 0, 0
L 48.6485, -724.6219, -1.1089,  48.6490, -738.3716, -1.1089,  0, 0, 0
L 55.1531, -791.2947, 0.7784,  55.1485, -799.8885, 0.7734,  0, 0, 0
L 55.1485, -799.8885, 0.7734,  47.9815, -799.9512, -1.1051,  0, 0, 0
L 47.9815, -799.9512, -1.1088,  47.9817, -819.0225, -1.1075,  0, 0, 0
L 47.9817, -819.0225, -1.1075,  -42.0553, -818.9258, -1.1099,  0, 0, 0
L -42.0553, -818.9258, -1.1099,  -42.0528, -799.9020, -1.1088,  0, 0, 0
L -42.0528, -799.9020, -1.1088,  -49.2215, -799.8292, -0.1478,  0, 0, 0
L -49.2215, -799.8292, -0.1478,  -49.2312, -791.3392, -0.1487,  0, 0, 0
L -83.3399, -703.8791, -1.1089,  -83.3394, -701.1353, -1.1069,  0, 0, 0
L -83.3394, -701.1353, -1.1069,  -251.5905, -701.1351, -1.1083,  0, 0, 0
L -251.5905, -701.1351, -1.1083,  -251.5933, -704.3022, -1.1089,  0, 0, 0
L -251.5933, -704.3022, -1.1089,  -268.2039, -704.3250, -1.1089,  0, 0, 0
L -268.2039, -704.3250, -1.1089,  -268.2078, -687.4885, -1.1089,  0, 0, 0
L -268.2078, -687.4885, -1.1089,  -266.0714, -687.4843, -1.1089,  0, 0, 0
L -266.0714, -687.4843, -1.1089,  -266.0718, -630.8578, -1.1068,  0, 0, 0
L -259.9768, -630.8474, -1.1068,  -267.1844, -630.8597, -1.1088,  0, 0, 0
L -267.1844, -630.8597, -1.1088,  -267.1871, -624.6750, -1.1088,  0, 0, 0
L -267.1871, -624.6750, 0.1288,  -259.9771, -624.6757, 0.1194,  0, 0, 0
L -259.9758, -580.5004, 0.1098,  -267.1876, -580.5024, 0.1248,  0, 0, 0
L -267.1852, -574.3065, -1.1088,  -259.9783, -574.3143, -1.1068,  0, 0, 0
L -267.1852, -574.3065, -1.1088,  -267.1876, -580.5024, -1.1088,  0, 0, 0
L -266.0715, -574.3080, -1.1068,  -266.0716, -519.8948, -1.1088,  0, 0, 0
L -266.0716, -519.8948, -1.1088,  -267.5223, -519.8967, -1.1088,  0, 0, 0
L -267.5223, -519.8967, -1.1088,  -267.5185, -503.0682, -1.1088,  0, 0, 0
L -267.5185, -503.0682, -1.1088,  -250.9029, -503.0435, -1.1088,  0, 0, 0
L -250.9029, -503.0435, -1.1089,  -250.9040, -504.3532, -1.1089,  0, 0, 0
L -250.9040, -504.3532, -1.1089,  -83.4847, -504.3536, -1.1089,  0, 0, 0
L -83.4847, -504.3536, -1.1089,  -83.4851, -502.8842, -1.1089,  0, 0, 0
L -83.4851, -502.8842, -1.1089,  -66.8702, -502.8595, -1.1088,  0, 0, 0
L -66.8702, -502.8595, -1.1088,  -66.8677, -519.6968, -1.1088,  0, 0, 0
L -66.8677, -519.6968, -1.1089,  -69.3013, -519.7018, -1.1089,  0, 0, 0
L -69.3013, -519.7018, -1.1089,  -69.3019, -574.3021, -1.1085,  0, 0, 0
L -75.7789, -574.2144, -1.1085,  -68.5714, -574.3120, -1.1088,  0, 0, 0
L -68.5714, -574.3120, -1.1088,  -68.5703, -580.5002, -1.1088,  0, 0, 0
L -68.5703, -580.5002, 0.1101,  -75.7798, -580.5007, 0.1262,  0, 0, 0
L -75.7793, -624.6752, 0.1190,  -68.5702, -624.6752, 0.1139,  0, 0, 0
L -68.5702, -624.6752, -1.1088,  -68.5697, -630.8595, -1.1088,  0, 0, 0
L -68.5697, -630.8595, -1.1088,  -75.7808, -630.8463, -1.1068,  0, 0, 0
L -69.3019, -630.8582, -1.1068,  -69.3024, -687.0313, -1.1089,  0, 0, 0
L -69.3024, -687.0313, -1.1089,  -66.7260, -687.0273, -1.1089,  0, 0, 0
L -66.7260, -687.0273, -1.1089,  -66.7222, -703.8600, -1.1089,  0, 0, 0
L -66.7222, -703.8600, -1.1089,  -83.3399, -703.8791, -1.1089,  0, 0, 0
L 70.1745, -574.3040, -1.1089,  70.1724, -580.4991, -1.1089,  0, 0, 0
L 70.1745, -574.3040, -1.1089,  77.3794, -574.3276, -1.1069,  0, 0, 0
L 71.3999, -574.3080, -1.1069,  71.4000, -519.8942, -1.1089,  0, 0, 0
L 71.4000, -519.8942, -1.1089,  69.3764, -519.8987, -1.1089,  0, 0, 0
L 69.3764, -519.8987, -1.1089,  69.3689, -503.0660, -1.1088,  0, 0, 0
L 69.3689, -503.0660, -1.1088,  85.9904, -503.0440, -1.1089,  0, 0, 0
L 85.9904, -503.0440, -1.1089,  85.9900, -504.3537, -1.1089,  0, 0, 0
L 85.9900, -504.3537, -1.1089,  253.6597, -504.3543, -1.1019,  0, 0, 0
L 253.6597, -504.3543, -1.1019,  253.6603, -502.8994, -1.1012,  0, 0, 0
L 253.6603, -502.8994, -1.0989,  270.2762, -502.8820, -1.0975,  0, 0, 0
L 270.2762, -502.8820, -1.0936,  270.2743, -519.7142, -1.0913,  0, 0, 0
L 270.2743, -519.7142, -1.0883,  268.1692, -519.7189, -1.0890,  0, 0, 0
L 268.1692, -519.7189, -1.0890,  268.1709, -574.3116, -1.0772,  0, 0, 0
L 262.4311, -574.3237, -1.0772,  269.6441, -574.3085, -1.0789,  0, 0, 0
L 269.6409, -580.4999, -1.0778,  269.6441, -574.3085, -1.0778,  0, 0, 0
L 269.6411, -624.6721, -1.0766,  269.6438, -630.6523, -1.0778,  0, 0, 0
L 269.6438, -630.6523, -1.0788,  262.4340, -630.8163, -1.0779,  0, 0, 0
L 268.1696, -630.6859, -1.0779,  268.1693, -687.0328, -1.0906,  0, 0, 0
L 268.1693, -687.0328, -1.0906,  270.2011, -687.0258, -1.0890,  0, 0, 0
L 270.2011, -687.0258, -1.0912,  270.2018, -703.8580, -1.0979,  0, 0, 0
L 270.2018, -703.8580, -1.1089,  253.5863, -703.8812, -1.1089,  0, 0, 0
L 253.5856, -367.3963, -1.0521,  253.5857, -361.9022, -1.0521,  0, 0, 0
L 253.5857, -361.9022, -1.0521,  85.3039, -361.9026, -1.0537,  0, 0, 0
L 85.3039, -361.9026, -1.0537,  85.3051, -367.8503, -1.0610,  0, 0, 0
L 85.3051, -367.8503, -1.0662,  68.6904, -367.8690, -1.0662,  0, 0, 0
L 68.6904, -367.8690, -1.0524,  68.6865, -351.0339, -1.0728,  0, 0, 0
L 68.6865, -351.0339, -1.0783,  71.4000, -351.0297, -1.0783,  0, 0, 0
L 71.4000, -351.0297, -1.0783,  71.3967, -291.9812, -1.1082,  0, 0, 0
L 77.3838, -292.0640, -1.1082,  70.1768, -291.9643, -1.1089,  0, 0, 0
L 70.1768, -291.9643, -1.1089,  70.1678, -285.7877, -1.1089,  0, 0, 0
L 70.1723, -241.6187, -1.1089,  70.1734, -235.4232, -1.1089,  0, 0, 0
L 70.1734, -235.4232, -1.1089,  77.3836, -235.4275, -1.1069,  0, 0, 0
L 71.4002, -235.4239, -1.1069,  71.4004, -177.7162, -1.0864,  0, 0, 0
L 71.4004, -177.7162, -1.0864,  69.3753, -177.7189, -1.0874,  0, 0, 0
L 69.3753, -177.7189, -1.0847,  69.3735, -160.8860, -1.0802,  0, 0, 0
L 69.3735, -160.8860, -1.0919,  85.9918, -160.8616, -1.0861,  0, 0, 0
L 85.9918, -160.8616, -1.0759,  85.9900, -165.1207, -1.0729,  0, 0, 0
L 85.9900, -165.1207, -1.0729,  253.6424, -165.1203, -1.0521,  0, 0, 0
L 253.6424, -165.1203, -1.0521,  253.6424, -160.9059, -1.0521,  0, 0, 0
L 270.2576, -160.8864, -1.0521,  253.6424, -160.9059, -1.0521,  0, 0, 0
L 270.2576, -160.8864, -1.0521,  270.2569, -177.7211, -1.0521,  0, 0, 0
L 270.2569, -177.7211, -1.0585,  268.1694, -177.7267, -1.0598,  0, 0, 0
L 268.1694, -177.7267, -1.0598,  268.1698, -235.5730, -1.0775,  0, 0, 0
L 262.4322, -235.5765, -1.0775,  269.6422, -235.5721, -1.0788,  0, 0, 0
L 269.6422, -235.5721, -1.0778,  269.6431, -241.7613, -1.0778,  0, 0, 0
L 269.6421, -285.9368, -1.0561,  269.6434, -292.1148, -1.0537,  0, 0, 0
L 269.6434, -292.1148, -1.0521,  262.4344, -292.1139, -1.0506,  0, 0, 0
L 268.1689, -292.1146, -1.0506,  268.1693, -350.5459, -1.0662,  0, 0, 0
L 268.1693, -350.5459, -1.0662,  270.1996, -350.5397, -1.0658,  0, 0, 0
L 270.1996, -350.5397, -1.0558,  270.2038, -367.3673, -1.0521,  0, 0, 0
L 270.2038, -367.3673, -1.0521,  253.5856, -367.3963, -1.0521,  0, 0, 0
L -67.2590, -350.5496, -1.0710,  -67.2554, -367.3839, -1.0525,  0, 0, 0
L -67.2554, -367.3839, -1.0652,  -83.8736, -367.4051, -1.0653,  0, 0, 0
L -83.8736, -367.4051, -1.0594,  -83.8745, -361.9023, -1.0530,  0, 0, 0
L -83.8745, -361.9023, -1.0530,  -252.1405, -361.9021, -1.0537,  0, 0, 0
L -252.1405, -361.9021, -1.0537,  -252.1392, -367.8483, -1.0611,  0, 0, 0
L -252.1392, -367.8483, -1.0662,  -268.7535, -367.8726, -1.0663,  0, 0, 0
L -268.7535, -367.8726, -1.0723,  -268.7618, -351.0343, -1.0640,  0, 0, 0
L -268.7618, -351.0343, -1.0783,  -266.0710, -351.0285, -1.0783,  0, 0, 0
L -266.0710, -351.0285, -1.0783,  -266.0699, -291.9802, -1.1081,  0, 0, 0
L -259.9734, -292.0370, -1.1081,  -267.1856, -291.9698, -1.1089,  0, 0, 0
L -267.1856, -291.9698, -1.1089,  -267.1867, -285.7900, -1.1089,  0, 0, 0
L -267.1867, -285.7900, 0.1300,  -259.9791, -285.7941, 0.1261,  0, 0, 0
L -259.9753, -241.6173, 0.1224,  -267.1846, -241.6167, 0.1253,  0, 0, 0
L -267.1846, -241.6167, -1.1089,  -267.1875, -235.4224, -1.1089,  0, 0, 0
L -267.1875, -235.4224, -1.1089,  -259.9787, -235.4321, -1.1069,  0, 0, 0
L -266.0716, -235.4239, -1.1069,  -266.0704, -178.2188, -1.1089,  0, 0, 0
L -266.0704, -178.2188, -1.1089,  -268.0718, -178.2816, -1.1089,  0, 0, 0
L -268.0718, -178.2816, -1.1089,  -268.0679, -161.4111, -1.1089,  0, 0, 0
L -251.4539, -161.3883, -1.1089,  -251.4539, -165.1207, -1.1069,  0, 0, 0
L -251.4539, -161.3883, -1.1089,  -268.0679, -161.4111, -1.1089,  0, 0, 0
L -251.4549, -165.1200, -1.1081,  -84.0350, -165.1206, -1.1080,  0, 0, 0
L -84.0350, -165.1206, -1.1080,  -84.0337, -160.7096, -1.1089,  0, 0, 0
L -84.0337, -160.7096, -1.1089,  -67.4212, -160.6766, -1.1089,  0, 0, 0
L -67.4212, -160.6766, -1.1089,  -67.4182, -177.5181, -1.1089,  0, 0, 0
L -67.4182, -177.5181, -1.1089,  -69.3018, -177.5220, -1.1089,  0, 0, 0
L -69.3018, -177.5220, -1.1089,  -69.3027, -235.5711, -1.1059,  0, 0, 0
L -75.7796, -235.5968, -1.1059,  -68.5724, -235.5682, -1.1089,  0, 0, 0
L -68.5724, -235.5682, -1.1089,  -68.5647, -241.7621, -1.1089,  0, 0, 0
L -68.5647, -241.7621, 0.1132,  -75.7797, -241.7644, 0.1220,  0, 0, 0
L -75.7829, -285.9402, 0.1273,  -68.5722, -285.9339, 0.1126,  0, 0, 0
L -68.5722, -285.9339, -1.1089,  -68.5689, -292.1166, -1.1089,  0, 0, 0
L -68.5689, -292.1166, -1.1089,  -75.7780, -292.1926, -1.1078,  0, 0, 0
L -69.3008, -292.1243, -1.1078,  -69.3024, -350.5553, -1.0796,  0, 0, 0
L -69.3024, -350.5553, -1.0796,  -67.2590, -350.5496, -1.0795,  0, 0, 0
L 48.6490, -738.3716, -1.1089,  291.2058, -738.3248, 86.8264,  0, 0, 0
L 291.2058, -738.3248, 89.7439,  470.2129, -557.2430, 89.7439,  0, 0, 0
L 470.2129, -557.2430, 90.1367,  470.3080, -305.5854, 180.5967,  0, 0, 0
L 470.3080, -305.5854, 180.5967,  300.1679, -134.8040, 180.5967,  0, 0, 0
L 300.1679, -134.8040, 180.6615,  56.5111, -134.8693, 270.5160,  0, 0, 0
L 55.1531, -791.2947, 1.2798,  66.4447, -791.0859, 3.7761,  0, 0, 0
L 66.4447, -791.0859, 5.0978,  71.6370, -806.8667, 6.5023,  0, 0, 0
L 71.6370, -806.8667, 6.7940,  71.6365, -832.9871, 6.7939,  0, 0, 0
L 71.6365, -832.9871, 6.7939,  275.7160, -832.1861, 81.0737,  0, 0, 0
L 275.7160, -832.1861, 81.0737,  275.7207, -828.0990, 81.0738,  0, 0, 0
L 275.7207, -828.0990, 81.5749,  290.2267, -828.0864, 86.3532,  0, 0, 0
L 290.2267, -828.0864, 86.3532,  562.8770, -555.4180, 90.0357,  0, 0, 0
L 562.8770, -555.4180, 90.0357,  562.8747, -540.9162, 94.4033,  0, 0, 0
L 562.8747, -540.9162, 95.3156,  564.4903, -540.9164, 95.3158,  0, 0, 0
L 564.4903, -540.9164, 95.3158,  564.4905, -331.4707, 171.5491,  0, 0, 0
L 564.4905, -331.4707, 171.5491,  562.8771, -331.4722, 171.5472,  0, 0, 0
L 562.8771, -331.4722, 172.9245,  562.8718, -314.1140, 176.2059,  0, 0, 0
L 562.8718, -314.1140, 177.6752,  292.0474, -43.3196, 183.3382,  0, 0, 0
L 292.0474, -43.3196, 183.3382,  276.5503, -43.3205, 187.9860,  0, 0, 0
L 276.5503, -43.3205, 188.9767,  276.5515, -42.4496, 188.9767,  0, 0, 0
L 276.5515, -42.4496, 188.9767,  69.2020, -44.0542, 264.4436,  0, 0, 0
L 69.2020, -44.0542, 264.4436,  65.5196, -55.3748, 265.5365,  0, 0, 0
L 65.5196, -55.3748, 266.3986,  54.2268, -55.5798, 268.5752,  0, 0, 0
L 54.2268, -55.5798, 269.8960,  54.2275, -47.0853, 269.8939,  0, 0, 0
L 54.2275, -47.0853, 269.8939,  47.0586, -47.1813, 271.4495,  0, 0, 0
L 47.0586, -47.1813, 271.4495,  47.0591, -40.4316, 271.4441,  0, 0, 0
L 47.0591, -40.4316, 271.4441,  -42.9785, -40.4314, 271.4476,  0, 0, 0
L -42.9785, -40.4314, 271.4476,  -42.9787, -47.1859, 271.4494,  0, 0, 0
L -42.9787, -47.1859, 271.4495,  -50.1470, -47.1000, 270.1774,  0, 0, 0
L -50.1470, -47.1000, 270.1774,  -50.1476, -55.6077, 270.1848,  0, 0, 0
L -46.1560, -738.3364, -0.9138,  -288.9863, -738.1068, 86.8518,  0, 0, 0
L -288.9863, -738.1068, 89.7440,  -467.2870, -557.1872, 89.7440,  0, 0, 0
L -467.2870, -557.1872, 90.5375,  -467.5150, -307.8753, 178.9878,  0, 0, 0
L -467.5150, -307.8753, 180.5967,  -295.5901, -134.9164, 180.5967,  0, 0, 0
L -295.5901, -134.9164, 181.1898,  -53.9008, -134.8855, 270.2492,  0, 0, 0
L -49.2312, -791.3392, 0.7722,  -60.5182, -791.1359, 3.3747,  0, 0, 0
L -60.5182, -791.1359, 4.2165,  -65.7099, -806.9058, 5.2646,  0, 0, 0
L -65.7099, -806.9058, 5.8369,  -65.7098, -832.9962, 5.8363,  0, 0, 0
L -65.7098, -832.9962, 5.8363,  -272.3337, -832.1852, 81.0401,  0, 0, 0
L -272.3337, -832.1852, 81.0401,  -272.3311, -828.1020, 81.0381,  0, 0, 0
L -272.3311, -828.1020, 82.0131,  -284.4063, -828.0824, 85.4306,  0, 0, 0
L -284.4063, -828.0824, 85.4306,  -559.3337, -553.1548, 90.8633,  0, 0, 0
L -559.3337, -553.1548, 90.8633,  -559.3544, -540.9184, 94.6199,  0, 0, 0
L -559.3544, -540.9184, 95.3154,  -560.4604, -540.9171, 95.3156,  0, 0, 0
L -560.4604, -540.9171, 95.3156,  -560.4604, -331.4716, 171.5491,  0, 0, 0
L -560.4604, -331.4716, 171.5491,  -559.3528, -331.4723, 171.5473,  0, 0, 0
L -559.3528, -331.4723, 172.4539,  -559.3503, -314.7475, 176.0747,  0, 0, 0
L -559.3503, -314.7475, 177.6567,  -559.8475, -314.6396, 177.6757,  0, 0, 0
L -559.8475, -314.6396, 177.6757,  -288.5475, -43.3397, 183.4162,  0, 0, 0
L -288.5475, -43.3397, 183.4162,  -272.2809, -43.3176, 188.3614,  0, 0, 0
L -272.2809, -43.3176, 189.3352,  -272.2795, -42.4549, 189.3356,  0, 0, 0
L -272.2795, -42.4549, 189.3356,  -65.1268, -44.0488, 264.7308,  0, 0, 0
L -65.1268, -44.0488, 264.7308,  -61.4476, -55.3713, 265.4799,  0, 0, 0
L -61.4476, -55.3713, 266.1363,  -50.1476, -55.6077, 268.3429,  0, 0, 0
L -53.8953, -172.8926, 271.3055,  -53.9008, -134.8855, 271.3543,  0, 0, 0
L -53.9000, -140.5602, 271.3543,  -40.1258, -140.5672, 271.3543,  0, 0, 0
L -40.1258, -140.5672, 271.3543,  -40.1267, -172.9057, 271.6229,  0, 0, 0
L -40.1267, -172.9057, 271.6025,  -53.8953, -172.8926, 271.5847,  0, 0, 0
L -53.8993, -167.9845, 271.6341,  -274.7202, -167.9793, 271.4495,  0, 0, 0
L -274.7202, -167.9793, 271.4495,  -143.8080, -298.8841, 271.4495,  0, 0, 0
L -143.8066, -351.0178, 271.4495,  -143.8083, -290.2633, 271.4496,  0, 0, 0
L -143.8083, -290.2633, 271.4496,  -81.4640, -290.2595, 271.4496,  0, 0, 0
L -81.4640, -290.2595, 271.4496,  -81.4665, -351.0139, 271.4496,  0, 0, 0
L -81.4665, -351.0139, 271.4496,  -143.8066, -351.0178, 271.4496,  0, 0, 0
L -143.8084, -347.6770, 271.4496,  -244.2782, -347.6777, 271.4496,  0, 0, 0
L -242.4623, -344.7296, 271.4496,  -242.4643, -341.6967, 271.4496,  0, 0, 0
L -244.2110, -338.4751, 271.4496,  -143.8069, -338.4798, 271.4496,  0, 0, 0
L -143.8077, -311.8937, 271.4494,  -284.8945, -170.8162, 271.4494,  0, 0, 0
L -284.8945, -170.8162, 271.4495,  -341.7025, -228.9036, 271.4506,  0, 0, 0
L -341.7025, -228.9036, 271.4506,  -317.7350, -257.1747, 271.4495,  0, 0, 0
L -317.7350, -257.1747, 271.4495,  -317.6475, -307.7582, 271.4495,  127, 64, 0
L -317.5841, -338.4775, 271.4495,  -313.5441, -338.4781, 271.4495,  0, 0, 0
L -313.5441, -338.4781, 271.4495,  -315.4576, -341.6818, 271.4495,  0, 0, 0
L -315.4576, -341.6818, 271.4495,  -315.4589, -344.7296, 271.4495,  0, 0, 0
L -315.4589, -344.7296, 271.4495,  -313.4913, -347.6765, 271.4495,  0, 0, 0
L -244.2782, -347.6777, 271.4496,  -242.4623, -344.7296, 271.4496,  0, 0, 0
L -242.4706, -344.7431, 271.4496,  -242.4615, -341.7018, 271.4496,  0, 0, 0
L -242.4643, -341.6967, 271.4496,  -244.2110, -338.4751, 271.4496,  0, 0, 0
L -239.9418, -256.0186, 377.6987,  -199.6957, -256.0087, 382.5772,  127, 64, 0
L -199.6957, -256.0087, 377.6990,  -287.1373, -168.5745, 377.6990,  0, 0, 0
L -287.1373, -168.5745, 377.6988,  -373.3228, -256.0594, 377.6989,  0, 0, 0
L -319.2419, -257.7480, 322.4664,  -374.9900, -257.7480, 322.4667,  127, 64, 0
L -374.9900, -257.7480, 322.4665,  -423.2122, -306.7126, 322.4667,  0, 0, 0
L -319.0587, -338.4787, 322.4667,  -423.1944, -338.4664, 322.4667,  0, 0, 0
L -423.2122, -306.7126, 329.2747,  -423.1944, -338.4664, 329.6181,  0, 0, 0
L -317.7198, -307.7564, 271.4494,  -317.5841, -338.4775, 271.4494,  0, 0, 0
L -313.4913, -347.6765, 271.4493,  -417.8103, -347.6773, 271.4497,  0, 0, 0
L -417.8103, -347.6773, 271.4497,  -417.8116, -347.6767, 271.4497,  0, 0, 0
L -417.8116, -347.6767, 271.4497,  -417.8233, -507.9132, 271.4533,  0, 0, 0
L -417.8233, -507.9132, 271.4533,  -313.4900, -507.9130, 271.4495,  0, 0, 0
L -313.4900, -507.9130, 271.4495,  -315.4603, -510.8624, 271.4495,  0, 0, 0
L -315.4603, -510.8624, 271.4495,  -315.4656, -513.8730, 271.4495,  0, 0, 0
L -315.4656, -513.8730, 271.4495,  -313.5559, -517.1133, 271.4495,  0, 0, 0
L -313.5559, -517.1133, 271.4495,  -317.5940, -517.1129, 271.4495,  0, 0, 0
L -317.5940, -517.1129, 271.4495,  -317.7175, -547.5283, 271.4495,  0, 0, 0
L -317.7183, -547.5284, 271.4495,  -317.9369, -598.5942, 271.4495,  127, 64, 0
L -340.6460, -627.4972, 271.4495,  -317.9369, -598.5942, 271.4495,  0, 0, 0
L -340.6460, -627.4972, 271.4513,  -284.3758, -684.2584, 271.4171,  0, 0, 0
L -284.3758, -684.2584, 271.4223,  -143.1109, -542.9723, 271.4494,  0, 0, 0
L -142.6290, -517.1127, 271.4494,  -244.2119, -517.1133, 271.4494,  0, 0, 0
L -244.2119, -517.1133, 271.4494,  -242.4624, -513.8624, 271.4494,  0, 0, 0
L -242.4624, -513.8624, 271.4494,  -242.4628, -510.8789, 271.4495,  0, 0, 0
L -242.4628, -510.8789, 271.4495,  -244.2672, -507.9125, 271.4494,  0, 0, 0
L -244.2672, -507.9125, 271.4494,  -143.8087, -507.9138, 271.4493,  0, 0, 0
L -143.8099, -564.2775, 271.4493,  -143.8086, -503.5252, 271.4494,  0, 0, 0
L -143.8086, -503.5252, 271.4494,  -81.4674, -503.5205, 271.4566,  0, 0, 0
L -81.4674, -503.5205, 271.5747,  -81.4662, -564.2756, 271.4494,  0, 0, 0
L -81.4662, -564.2756, 271.4494,  -143.8099, -564.2775, 271.4495,  0, 0, 0
L -143.8080, -556.7054, 271.4492,  -268.8194, -681.7103, 271.4195,  0, 0, 0
L -268.8194, -681.7103, 271.4496,  -53.8997, -686.5189, 271.4496,  0, 0, 0
L -53.8863, -714.1130, 271.4496,  -53.9020, -681.7795, 271.4496,  0, 0, 0
L -53.9020, -681.7795, 271.4496,  -40.1289, -681.7676, 271.4496,  0, 0, 0
L -40.1289, -681.7676, 271.4496,  -40.1249, -714.0981, 275.2519,  0, 0, 0
L 42.7317, -681.7665, 271.4496,  42.7293, -714.0980, 275.2522,  0, 0, 0
L 42.7317, -681.7665, 271.4496,  56.5013, -681.7767, 271.4496,  0, 0, 0
L 56.5013, -681.7767, 271.4496,  56.4998, -714.1140, 271.4496,  0, 0, 0
L 56.5011, -686.5421, 271.4496,  273.0948, -682.1254, 271.4495,  0, 0, 0
L 273.0948, -682.1254, 271.4495,  147.6685, -556.7054, 271.4496,  0, 0, 0
L 147.6441, -503.5217, 271.4496,  147.6720, -564.2751, 271.4496,  0, 0, 0
L 147.6720, -564.2751, 271.4496,  85.3281, -564.2779, 271.4496,  0, 0, 0
L 85.3281, -564.2779, 271.4496,  85.3242, -503.5237, 271.4496,  0, 0, 0
L 85.3242, -503.5237, 271.4496,  147.6441, -503.5217, 271.4496,  0, 0, 0
L 147.6694, -507.9136, 271.4496,  248.1392, -507.9106, 271.4496,  0, 0, 0
L 248.1392, -507.9106, 271.4496,  246.3287, -510.8498, 271.4496,  0, 0, 0
L 246.3287, -510.8498, 271.4496,  246.3297, -513.9183, 271.4496,  0, 0, 0
L 246.3297, -513.9183, 271.4496,  248.0893, -517.1135, 271.4496,  0, 0, 0
L 248.0893, -517.1135, 271.4496,  147.6504, -517.1144, 271.4496,  0, 0, 0
L 288.5485, -683.9744, 271.4506,  147.6625, -543.7108, 271.4494,  0, 0, 0
L 288.5485, -683.9744, 271.4496,  345.3305, -626.4277, 271.4496,  0, 0, 0
L 345.3305, -626.4277, 271.4496,  321.8565, -600.5157, 271.4496,  0, 0, 0
L 321.8565, -600.5157, 271.4494,  321.5784, -547.3495, 271.4494,  127, 64, 0
L 321.5763, -547.3497, 271.4494,  321.4551, -517.1129, 271.4490,  0, 0, 0
L 321.4551, -517.1129, 271.4490,  317.4051, -517.1095, 271.4494,  0, 0, 0
L 317.4051, -517.1095, 271.4494,  319.3160, -513.9125, 271.4494,  0, 0, 0
L 319.3160, -513.9125, 271.4494,  319.3267, -510.8916, 271.4495,  0, 0, 0
L 319.3267, -510.8916, 271.4495,  317.3684, -507.9124, 271.4494,  0, 0, 0
L 317.3684, -507.9124, 271.4494,  422.0936, -507.9137, 271.4495,  0, 0, 0
L 422.0936, -507.9137, 271.4495,  422.0933, -347.6769, 271.4496,  0, 0, 0
L 422.0933, -347.6769, 271.4496,  317.3495, -347.6770, 271.4496,  0, 0, 0
L 317.3495, -347.6770, 271.4496,  319.3212, -344.7270, 271.4496,  0, 0, 0
L 319.3212, -344.7270, 271.4496,  319.3264, -341.7075, 271.4496,  0, 0, 0
L 319.3264, -341.7075, 271.4496,  317.4199, -338.4771, 271.4496,  0, 0, 0
L 317.4199, -338.4771, 271.4496,  321.4547, -338.4773, 271.4496,  0, 0, 0
L 321.4547, -338.4693, 271.4496,  321.5786, -308.0545, 271.4496,  0, 0, 0
L 321.5786, -308.0545, 271.4496,  321.7589, -257.1417, 271.4496,  127, 64, 0
L 321.7589, -257.1417, 271.4496,  344.2177, -227.7153, 271.4499,  0, 0, 0
L 288.4174, -171.0732, 271.4496,  344.2177, -227.7153, 271.4496,  0, 0, 0
L 288.4174, -171.0732, 271.4494,  146.7718, -313.0356, 271.4494,  0, 0, 0
L 146.8113, -290.2614, 271.4494,  146.7059, -351.0142, 271.4494,  0, 0, 0
L 146.7277, -338.4779, 271.4494,  248.0885, -338.4745, 271.4494,  0, 0, 0
L 248.0885, -338.4745, 271.4494,  246.3378, -341.6569, 271.4494,  0, 0, 0
L 246.3378, -341.6569, 271.4494,  246.3222, -344.6874, 271.4494,  0, 0, 0
L 246.3222, -344.6874, 271.4494,  248.1188, -347.6773, 271.4494,  0, 0, 0
L 248.1188, -347.6773, 271.4494,  147.6694, -347.6770, 271.4493,  0, 0, 0
L 146.7059, -351.0142, 271.4494,  85.3299, -351.0141, 271.4494,  0, 0, 0
L 85.3299, -351.0141, 271.5912,  85.3240, -290.2625, 271.4494,  0, 0, 0
L 85.3240, -290.2625, 271.4494,  146.8113, -290.2614, 271.4494,  0, 0, 0
L 147.6685, -298.8850, 271.4494,  278.3069, -168.2537, 271.4496,  0, 0, 0
L 278.3069, -168.2537, 271.4496,  56.5015, -168.2566, 271.6351,  0, 0, 0
L 56.5111, -134.8693, 271.6351,  56.5002, -172.8907, 271.6091,  0, 0, 0
L 56.5002, -172.8907, 271.5882,  42.7302, -172.9083, 271.6026,  0, 0, 0
L 42.7302, -172.9083, 271.6188,  42.7302, -140.5743, 271.3544,  0, 0, 0
L 42.7302, -140.5743, 271.3544,  56.5095, -140.5544, 271.3544,  0, 0, 0
L 55.1513, -777.2178, 277.6459,  55.1495, -785.8094, 277.7908,  0, 0, 0
L 47.9833, -785.8531, 275.2500,  47.9809, -792.5659, 275.2517,  0, 0, 0
L 47.9809, -792.5659, 275.2517,  -42.0555, -792.5773, 275.2459,  0, 0, 0
L -42.0555, -792.5773, 275.2459,  -42.0565, -785.8727, 275.2510,  0, 0, 0
L -42.0565, -785.8727, 275.2502,  -49.2243, -785.7717, 276.6842,  0, 0, 0
L -49.2243, -785.7717, 276.6842,  -49.2239, -777.2704, 276.6902,  0, 0, 0
L -49.2239, -777.2704, 277.1437,  -60.5215, -777.1035, 279.5464,  0, 0, 0
L 47.9833, -785.8531, 275.5272,  55.1502, -785.7227, 277.6472,  0, 0, 0
L 55.1513, -777.2178, 278.2458,  66.4486, -777.0612, 280.1324,  0, 0, 0
L 66.4486, -777.0612, 281.7178,  71.6335, -792.8112, 282.5585,  0, 0, 0
L 71.6335, -792.8112, 283.0389,  71.6367, -798.3766, 283.6466,  0, 0, 0
L 71.6367, -798.3766, 283.6466,  291.9665, -798.3563, 363.5379,  0, 0, 0
L 291.9665, -798.3563, 363.5379,  525.0988, -564.2128, 363.5794,  0, 0, 0
L 525.0988, -564.2128, 363.5794,  525.0990, -327.5076, 441.1982,  0, 0, 0
L 525.0990, -327.5076, 441.1982,  521.8631, -302.5383, 451.7396,  0, 0, 0
L 521.8631, -302.5383, 451.7396,  288.6902, -68.3665, 451.8471,  0, 0, 0
L 288.6902, -68.3665, 451.8471,  44.2963, -68.3609, 540.1002,  0, 0, 0
L 44.2963, -68.3609, 540.1002,  -41.8408, -68.3616, 540.1199,  0, 0, 0
L -41.8408, -68.3616, 540.1199,  -285.3647, -68.3596, 451.8541,  0, 0, 0
L -285.3647, -68.3596, 451.8541,  -518.5654, -302.5582, 451.7312,  0, 0, 0
L -518.5654, -302.5582, 451.7312,  -521.7900, -564.2405, 363.5839,  0, 0, 0
L -521.7900, -564.2405, 363.5839,  -288.6104, -798.3760, 363.5243,  0, 0, 0
L -288.6104, -798.3760, 363.5243,  -65.7103, -798.3768, 282.6928,  0, 0, 0
L -65.7103, -798.3768, 282.6928,  -65.7089, -792.8646, 282.0837,  0, 0, 0
L -65.7089, -792.8646, 281.1968,  -60.5215, -777.1035, 280.4652,  0, 0, 0
L -40.1249, -714.0981, 275.2502,  -53.8863, -714.1130, 277.8081,  0, 0, 0
L 42.7293, -714.0980, 275.2508,  56.4998, -714.1140, 276.5481,  0, 0, 0
L 56.5010, -711.8948, 278.1386,  275.7030, -711.1415, 357.9221,  0, 0, 0
L 275.7030, -711.1415, 357.9221,  275.7207, -726.5800, 357.9254,  0, 0, 0
L 275.7207, -726.5800, 358.5272,  292.5417, -726.5775, 362.9332,  0, 0, 0
L 292.5417, -726.5775, 362.9332,  292.5815, -710.6218, 363.4899,  0, 0, 0
L 292.5815, -710.6218, 363.4899,  444.6724, -555.5782, 365.1525,  0, 0, 0
L 444.7360, -557.7338, 364.7500,  461.3589, -557.7510, 364.7183,  0, 0, 0
L 461.3589, -557.7510, 365.3373,  461.3595, -540.9194, 367.2114,  0, 0, 0
L 461.3595, -540.9194, 367.9632,  444.8091, -540.8842, 368.0215,  0, 0, 0
L 444.8091, -540.8842, 365.1581,  444.7360, -557.7338, 365.0878,  0, 0, 0
L 445.7563, -540.8879, 368.0210,  445.7367, -331.4553, 439.8650,  0, 0, 0
L 445.7367, -331.4553, 439.8650,  461.3585, -331.4727, 439.7635,  0, 0, 0
L 461.3585, -331.4727, 440.1526,  461.3605, -314.6439, 445.3142,  0, 0, 0
L 461.3605, -314.6439, 446.6321,  445.4263, -314.6009, 446.6450,  0, 0, 0
L 445.4263, -314.6009, 446.6450,  432.1087, -301.1807, 451.8314,  0, 0, 0
L 432.1087, -301.1807, 451.8314,  293.3673, -161.4110, 451.8301,  0, 0, 0
L 293.3673, -161.4110, 451.8300,  293.3857, -144.8393, 451.0813,  0, 0, 0
L 293.3857, -144.8393, 452.9372,  276.5514, -144.8348, 454.9705,  0, 0, 0
L 276.5514, -144.8348, 455.5399,  276.5358, -159.9202, 455.4641,  0, 0, 0
L 276.5359, -159.9202, 455.4641,  58.7835, -152.8110, 535.2042,  0, 0, 0
L 59.2845, -144.9337, 535.5754,  45.1426, -144.9330, 539.4387,  0, 0, 0
L 45.1426, -144.9330, 542.8405,  45.1412, -153.9866, 544.9836,  0, 0, 0
L 45.1412, -153.9866, 544.9836,  45.1419, -195.1082, 544.1461,  0, 0, 0
L -41.8370, -144.9338, 539.6884,  -55.9892, -144.9330, 535.3688,  0, 0, 0
L -55.9892, -144.9330, 535.0871,  -52.8599, -195.1055, 535.2031,  0, 0, 0
L -55.4973, -152.8193, 535.2031,  -272.2647, -159.9145, 455.8338,  0, 0, 0
L -272.2647, -159.9145, 455.8338,  -272.2800, -144.8362, 455.9770,  0, 0, 0
L -272.2800, -144.8362, 455.1501,  -289.1006, -144.8364, 450.8338,  0, 0, 0
L -289.1006, -144.8364, 451.7147,  -289.1165, -160.7353, 451.8301,  0, 0, 0
L -289.1165, -160.7353, 451.8301,  -441.8807, -314.6223, 446.6381,  0, 0, 0
L -441.8807, -314.6223, 446.6381,  -457.9304, -314.6389, 446.6326,  0, 0, 0
L -457.9304, -314.6389, 443.7101,  -457.7019, -331.4725, 439.7204,  0, 0, 0
L -457.7019, -331.4725, 439.7635,  -442.1573, -331.4553, 439.8684,  0, 0, 0
L -442.1574, -331.4551, 439.8689,  -442.1563, -540.9006, 368.5780,  0, 0, 0
L -441.2365, -540.8996, 368.5780,  -457.8349, -540.9178, 368.5399,  0, 0, 0
L -457.8349, -540.9178, 367.7004,  -457.8366, -557.7510, 365.7626,  0, 0, 0
L -457.8366, -557.7510, 364.9651,  -441.2194, -557.7339, 364.9832,  0, 0, 0
L -441.2194, -557.7339, 365.1613,  -441.2365, -540.8996, 365.4785,  0, 0, 0
L -441.2217, -555.4297, 365.4785,  -289.1809, -710.4751, 363.4921,  0, 0, 0
L -289.1809, -710.4751, 363.4921,  -289.1641, -726.5806, 362.9332,  0, 0, 0
L -289.1641, -726.5806, 362.8908,  -272.3416, -726.5789, 358.7359,  0, 0, 0
L -272.3416, -726.5789, 357.8949,  -272.3321, -711.1384, 357.8968,  0, 0, 0
L -272.3321, -711.1384, 357.8968,  -53.8996, -711.8935, 278.3933,  0, 0, 0
L -41.8370, -144.9338, 540.8798,  -41.8567, -153.3923, 544.9836,  0, 0, 0
L -41.8567, -153.3923, 544.9836,  -41.8563, -195.1061, 544.1407,  0, 0, 0
L -41.8563, -195.1061, 544.0687,  -52.8599, -195.1055, 544.0690,  0, 0, 0
L -53.3447, -187.5671, 544.0690,  -70.4411, -187.5599, 544.0690,  0, 0, 0
L -70.4411, -187.5599, 544.0690,  -93.3307, -166.7089, 544.0690,  0, 0, 0
L -93.3307, -166.7089, 544.0690,  -292.1870, -167.1176, 544.0690,  0, 0, 0
L -292.1870, -167.1176, 544.0690,  -409.5286, -284.8499, 544.0690,  0, 0, 0
L -409.5286, -284.8499, 544.0690,  -409.5276, -537.0413, 544.0690,  0, 0, 0
L -409.5276, -537.0413, 544.0690,  -290.9452, -655.4764, 544.0692,  0, 0, 0
L -290.9452, -655.4764, 544.0692,  -114.3025, -655.4725, 544.0690,  0, 0, 0
L -117.7134, -655.4727, 544.0690,  -117.7167, -567.1337, 544.9783,  0, 0, 0
L -59.2436, -569.1285, 544.9794,  -40.7375, -526.8118, 539.5275,  0, 0, 0
L -40.7375, -526.8118, 539.5275,  1.9046, -509.1468, 539.5275,  0, 0, 0
L 1.9046, -509.1468, 539.5275,  44.5490, -526.8058, 539.5275,  0, 0, 0
L 44.5490, -526.8058, 539.5275,  62.7682, -568.4120, 544.2065,  0, 0, 0
L 62.7682, -568.4120, 545.6373,  62.7763, -582.9839, 547.6508,  0, 0, 0
L 121.5755, -568.2706, 544.9783,  121.5744, -655.4725, 544.0690,  0, 0, 0
L 118.2834, -655.4728, 544.0690,  294.3649, -655.4507, 544.0690,  0, 0, 0
L 294.3649, -655.4507, 544.0690,  412.8064, -536.9648, 544.0688,  0, 0, 0
L 412.8064, -536.9648, 544.0688,  412.8127, -284.8571, 544.0690,  0, 0, 0
L 412.8127, -284.8571, 544.0690,  294.7041, -166.7238, 544.0690,  0, 0, 0
L 294.7041, -166.7238, 544.0690,  96.5967, -166.7255, 544.0690,  0, 0, 0
L 96.5967, -166.7255, 544.0690,  73.7279, -187.5591, 544.0690,  0, 0, 0
L 73.7279, -187.5591, 544.0690,  56.6299, -187.5651, 544.0690,  0, 0, 0
L 59.2845, -144.9337, 544.0690,  56.1604, -195.1047, 544.0690,  0, 0, 0
L 56.1604, -195.1047, 544.0690,  45.1419, -195.1082, 544.0690,  0, 0, 0
L 118.2834, -655.4728, 583.9397,  118.2797, -660.6970, 585.5419,  0, 0, 0
L 118.2797, -660.6970, 586.1880,  299.7610, -660.6978, 633.8367,  0, 0, 0
L 299.7610, -660.6978, 634.8608,  420.9105, -539.5508, 634.8610,  0, 0, 0
L 420.9105, -539.5508, 636.5981,  420.9127, -471.4114, 659.5945,  0, 0, 0
L 420.9127, -471.4114, 659.5945,  420.9101, -350.5559, 659.6393,  0, 0, 0
L 420.9101, -350.5559, 659.6393,  420.9140, -282.2404, 684.0344,  0, 0, 0
L -286.6925, -319.6853, 853.4902,  -322.7670, -359.1399, 853.5616,  0, 0, 0
L -322.7670, -359.1399, 853.5616,  -322.7798, -455.3399, 853.5618,  0, 0, 0
L -322.7798, -455.3399, 853.5618,  -286.6912, -494.8031, 853.4908,  0, 0, 0
L 25.5824, -692.4964, 846.4800,  244.7477, -692.3226, 947.4033,  0, 0, 0
L 244.7477, -692.3226, 949.1609,  244.7586, -698.0873, 949.1611,  127, 0, 100
L 244.7586, -698.0873, 948.3273,  24.7800, -698.2547, 1049.2051,  0, 0, 0
L 24.7800, -698.2547, 1050.1852,  24.7764, -691.7654, 1050.0636,  0, 0, 0
L 24.7764, -691.7654, 1050.6404,  245.4491, -691.7654, 1152.0762,  0, 0, 0
L 245.4491, -691.7654, 1152.0762,  301.7652, -691.7631, 1151.8776,  0, 0, 0
L 301.7652, -691.7631, 1151.9473,  339.1527, -672.0174, 1152.9539,  0, 0, 0
L 339.1527, -672.0174, 1152.9539,  433.1808, -580.1299, 1199.9203,  0, 0, 0
L 433.1808, -580.1299, 1199.9203,  452.8813, -526.3076, 1199.9125,  0, 0, 0
L 452.8813, -526.3076, 1199.9125,  454.5712, -514.7231, 1202.6426,  0, 0, 0
L 454.5712, -514.7231, 1202.6426,  454.2786, -303.0645, 1281.9690,  0, 0, 0
L 454.2786, -303.0645, 1281.9690,  428.4402, -244.1614, 1283.4352,  0, 0, 0
L 428.4402, -244.1614, 1283.4352,  331.7704, -146.0706, 1333.7228,  0, 0, 0
L 331.7704, -146.0706, 1333.7228,  293.0938, -135.7414, 1333.7887,  0, 0, 0
L 293.0938, -135.7414, 1333.7887,  289.7649, -132.4378, 1334.7417,  0, 0, 0
L 289.7649, -132.4378, 1335.0265,  289.7411, -110.2294, 1335.0259,  0, 0, 0
L 289.7411, -110.2294, 1333.7874,  -279.7528, -110.2334, 1333.7903,  0, 0, 0
L -279.7528, -110.2334, 1333.7903,  -280.5061, -124.2785, 1333.7903,  0, 0, 0
L -280.5061, -124.2785, 1333.7903,  -281.6111, -124.8974, 1333.7903,  0, 0, 0
L -281.6111, -124.8974, 1333.7903,  -281.6104, -135.8724, 1333.7908,  0, 0, 0
L -282.4308, -134.5529, 1333.7909,  -282.2477, -134.2638, 1333.7909,  0, 0, 0
L -281.6104, -135.8724, 1333.7909,  -335.3668, -159.1120, 1334.2759,  0, 0, 0
L -335.3668, -159.1120, 1334.2759,  -430.5783, -254.5753, 1385.0518,  0, 0, 0
L -430.5783, -254.5753, 1385.0518,  -451.0610, -300.8209, 1385.0652,  0, 0, 0
L -451.0610, -300.8209, 1385.0652,  -451.1680, -519.7530, 1465.4292,  0, 0, 0
L -451.1680, -519.7530, 1465.4292,  -451.2112, -596.5488, 1465.9413,  0, 0, 0
L -451.2112, -596.5488, 1465.9413,  -380.5960, -596.5311, 1465.9408,  0, 0, 0
L -380.5960, -596.5311, 1465.9412,  -380.5964, -621.0033, 1465.9412,  0, 0, 0
L -380.5964, -621.0033, 1465.9412,  -242.9319, -621.0033, 1465.9408,  0, 0, 0
L -242.9319, -621.0033, 1465.9408,  -242.9322, -609.2447, 1465.9408,  0, 0, 0
L -243.1171, -603.2886, 1465.9412,  -242.8642, -603.2887, 1465.9412,  0, 0, 0
L -239.2690, -609.2452, 1465.9412,  -239.2690, -656.5646, 1465.9412,  0, 0, 0
L -239.2690, -656.5646, 1465.9412,  359.7420, -656.5646, 1465.9412,  0, 0, 0
L 359.7449, -210.4724, 1465.9408,  -239.2692, -210.4727, 1465.9408,  0, 0, 0
L -239.2692, -210.4727, 1465.9408,  -239.2691, -360.6019, 1465.9408,  0, 0, 0
L -239.2691, -360.6019, 1465.9408,  -233.4917, -360.6007, 1465.9408,  0, 0, 0
L -233.4917, -360.6007, 1465.9408,  -233.4919, -400.6597, 1465.9408,  0, 0, 0
L -233.4919, -400.6597, 1465.9408,  -236.3792, -400.6607, 1465.9408,  0, 0, 0
L -236.3792, -400.6607, 1465.9408,  -236.3787, -383.4963, 1465.9408,  0, 0, 0
L -236.3787, -383.4963, 1465.9408,  -245.0997, -383.5121, 1465.9408,  0, 0, 0
L -245.0997, -383.5121, 1465.9408,  -262.1802, -391.0409, 1465.9408,  0, 0, 0
L -262.1802, -391.0409, 1465.9408,  -268.5532, -406.6787, 1465.9408,  0, 0, 0
L -268.5532, -406.6787, 1465.9408,  -268.5052, -457.1080, 1465.9408,  0, 0, 0
L -268.5052, -457.1080, 1465.9408,  -262.1446, -472.5537, 1465.9408,  0, 0, 0
L -262.1446, -472.5537, 1465.9408,  -246.0956, -479.5483, 1465.9408,  0, 0, 0
L -246.0956, -479.5483, 1465.9408,  -236.3789, -480.0410, 1465.9408,  0, 0, 0
L -236.3789, -480.0410, 1465.9408,  -236.3784, -462.8767, 1465.9408,  0, 0, 0
L -236.3784, -462.8767, 1465.9408,  -233.9930, -462.8779, 1465.9408,  0, 0, 0
L -233.4919, -464.1093, 1465.9408,  -233.4920, -502.9391, 1465.9408,  0, 0, 0
L -233.4920, -502.9391, 1465.9408,  -239.2690, -502.9353, 1465.9408,  0, 0, 0
L -239.2690, -502.9353, 1465.9408,  -239.2691, -523.1037, 1465.9424,  0, 0, 0
L -243.1456, -523.1111, 1465.9408,  -239.2691, -523.1037, 1466.1669,  0, 0, 0
L -243.1456, -523.1111, 1465.9408,  -243.1453, -509.0921, 1465.9408,  0, 0, 0
L -243.1453, -509.0921, 1465.9408,  -380.8096, -509.0920, 1465.9408,  0, 0, 0
L -380.8096, -509.0920, 1465.9408,  -380.8095, -534.0269, 1465.9408,  0, 0, 0
L -384.4751, -534.0246, 1465.9805,  -380.8095, -534.0269, 1465.9408,  0, 0, 0
L -384.4751, -534.0246, 1465.9412,  -384.4743, -529.7639, 1465.9412,  0, 0, 0
L -384.4743, -529.7639, 1465.9412,  -386.8904, -529.7437, 1465.9412,  0, 0, 0
L -386.8904, -529.7437, 1465.9242,  -386.8901, -521.0446, 1465.8798,  0, 0, 0
L -386.8901, -521.0446, 1465.8798,  -386.8908, -287.4304, 1382.6144,  0, 0, 0
L -386.8908, -287.4304, 1381.8827,  -287.3867, -189.2885, 1333.7909,  0, 0, 0
L -287.3867, -189.2885, 1333.7909,  292.8443, -189.9999, 1333.7892,  0, 0, 0
L 292.8443, -189.9999, 1333.7892,  392.8531, -298.8797, 1282.2792,  0, 0, 0
L 392.8531, -298.8797, 1282.2394,  392.7413, -525.6702, 1199.9153,  0, 0, 0
L 392.7413, -525.6702, 1199.9197,  337.8245, -586.1216, 1172.5525,  0, 0, 0
L 337.8245, -586.1216, 1172.5525,  341.9010, -590.2059, 1172.6443,  0, 0, 0
L 341.9010, -590.2059, 1171.4380,  301.0551, -632.2253, 1152.5868,  0, 0, 0
L 301.0551, -632.2253, 1151.8910,  288.2927, -632.2534, 1151.8440,  0, 0, 0
L 288.2996, -617.8846, 1153.2179,  291.4774, -617.8846, 1153.2179,  0, 0, 0
L 291.4774, -617.8846, 1153.2179,  291.4771, -608.8600, 1153.2179,  0, 0, 0
L 291.4771, -608.8600, 1153.2179,  374.5302, -520.1415, 1153.2179,  0, 0, 0
L 374.5302, -520.1415, 1153.2179,  374.5179, -286.9561, 1153.2179,  0, 0, 0
L 374.5179, -286.9561, 1153.2179,  285.8651, -206.5964, 1153.2179,  0, 0, 0
L 285.8651, -206.5964, 1153.2179,  238.6609, -207.1516, 1153.2179,  0, 0, 0
L 238.6609, -207.1516, 1153.2179,  197.2001, -164.4611, 1153.2201,  0, 0, 0
L 197.2001, -164.4611, 1153.2201,  1.7098, -148.3290, 1153.2179,  0, 0, 0
L 1.7098, -148.3290, 1153.2179,  -193.8937, -164.1732, 1153.2179,  0, 0, 0
L -193.8937, -164.1732, 1153.2179,  -236.7954, -206.7318, 1153.2179,  0, 0, 0
L -236.7954, -206.7318, 1153.2179,  -283.3811, -206.7535, 1153.2179,  0, 0, 0
L -283.3811, -206.7535, 1153.2179,  -377.5607, -289.7353, 1153.2179,  0, 0, 0
L -377.5607, -289.7353, 1153.2179,  -377.5613, -521.3102, 1153.2179,  0, 0, 0
L -377.5613, -521.3102, 1153.2179,  -289.5789, -609.1295, 1153.2179,  0, 0, 0
L -289.5789, -609.1295, 1153.2179,  -289.5793, -617.8843, 1153.2179,  0, 0, 0
L -289.5793, -617.8843, 1153.2179,  -286.6594, -617.8859, 1153.2179,  0, 0, 0
L -286.6594, -617.8859, 1153.2179,  -286.6571, -632.2426, 1152.0817,  0, 0, 0
L -286.6571, -632.2426, 1152.0818,  -289.5789, -632.2443, 1152.0818,  0, 0, 0
L -289.5789, -632.2443, 1152.0818,  -289.5794, -691.1732, 1152.0818,  0, 0, 0
L -287.4427, -691.3992, 1152.0818,  -242.3461, -691.4692, 1152.0818,  0, 0, 0
L -22.4082, -691.4677, 1050.2842,  -22.4059, -697.0461, 1050.7433,  0, 0, 0
L -22.4082, -691.4677, 1051.0719,  -242.3464, -691.4667, 1152.0818,  0, 0, 0
L -23.7345, -698.0881, 1049.6460,  -242.3199, -697.4767, 948.0580,  0, 0, 0
L -242.3199, -697.4767, 948.6705,  -242.3203, -691.7657, 947.9579,  0, 0, 0
L -242.3203, -691.7657, 947.0344,  -23.0467, -692.4984, 845.9869,  0, 0, 0
L -23.0467, -692.4984, 845.9869,  25.5828, -692.4980, 846.0114,  0, 0, 0
L -289.5642, -626.1832, 947.9678,  -289.6246, -769.7010, 948.0660,  0, 0, 0
L -289.6246, -769.7010, 948.0660,  -241.6890, -769.8297, 947.9847,  0, 0, 0
L -241.6890, -769.8297, 947.9847,  -22.3358, -769.6926, 1049.8975,  0, 0, 0
L -22.3358, -769.6926, 1049.8975,  25.2783, -769.5948, 1050.0247,  0, 0, 0
L 25.2783, -769.5948, 1050.0247,  243.4909, -769.5901, 948.2200,  0, 0, 0
L 243.4909, -769.5901, 948.2200,  292.0565, -769.5220, 947.9175,  0, 0, 0
L 1.5773, 160.0000, 0.9367,  1.5366, 72.8988, 1.6197,  255, 0, 255
P 1.5773, 160.0000, 0.9367,  0, 127, 0,  3,  to_Aureate_Covert
P 1.4540, 180.0000, -0.5872,  0, 0, 0,  2,  Map_by_Goodurden_L:100_H:100
P 1.4540, 200.0000, -0.5872,  127, 0, 0,  2,  Zone_Repop_Time:00:17:45
