L -1533.2753, 615.2670, 95.5015,  -1525.5424, 603.7083, 88.8598,  0, 0, 0
L -1525.5424, 603.7083, 88.8598,  -1522.3438, 598.8224, 86.3362,  0, 0, 0
L -1522.3438, 598.8224, 86.3362,  -1513.5137, 578.7460, 85.3174,  0, 0, 0
L -1513.5137, 578.7460, 85.3174,  -1513.2527, 569.1219, 94.4531,  127, 64, 0
L -1513.2527, 569.1219, 94.4531,  -1528.6985, 567.3182, 99.4094,  127, 64, 0
L -1528.6985, 567.3182, 99.4094,  -1550.3478, 557.5576, 95.8396,  127, 64, 0
L -1550.3478, 557.5576, 95.8396,  -1557.5829, 553.2200, 93.7202,  127, 64, 0
L -1557.5829, 553.2200, 93.7202,  -1563.2682, 542.5055, 92.6880,  127, 64, 0
L -1563.2682, 542.5055, 92.6880,  -1584.1198, 540.1913, 92.3556,  127, 64, 0
L -1584.1198, 540.1913, 92.3556,  -1605.6332, 547.5692, 87.8272,  127, 64, 0
L -1605.6332, 547.5692, 87.8272,  -1607.2842, 557.9637, 92.4608,  127, 64, 0
L -1607.2842, 557.9637, 92.4608,  -1625.9673, 566.2186, 94.7193,  127, 64, 0
L -1625.9673, 566.2186, 94.7193,  -1636.7046, 571.1530, 90.6997,  127, 64, 0
L -1636.7046, 571.1530, 90.6997,  -1660.6790, 574.9369, 89.4161,  127, 64, 0
L -1660.6790, 574.9369, 89.4161,  -1673.3196, 573.9800, 86.8259,  127, 64, 0
L -1673.3196, 573.9800, 86.8259,  -1689.3107, 574.3620, 88.5216,  127, 64, 0
L -1689.3107, 574.3620, 88.5216,  -1706.1720, 565.1218, 82.3185,  127, 64, 0
L -1706.1720, 565.1218, 82.3185,  -1717.2560, 566.9715, 83.9154,  127, 64, 0
L -1717.2560, 566.9715, 83.9154,  -1733.4600, 560.3622, 78.3359,  127, 64, 0
L -1733.4600, 560.3622, 78.3359,  -1751.8062, 558.5954, 76.5110,  127, 64, 0
L -1751.8062, 558.5954, 76.5110,  -1765.4220, 560.4761, 69.6430,  127, 64, 0
L -1765.4220, 560.4761, 69.6430,  -1783.1591, 558.1825, 63.4459,  127, 64, 0
L -1783.1591, 558.1825, 63.4459,  -1806.8130, 552.4384, 58.1948,  127, 64, 0
L -1806.8130, 552.4384, 58.1948,  -1824.3350, 549.1108, 59.7200,  127, 64, 0
L -1824.3350, 549.1108, 59.7200,  -1840.9240, 553.6340, 58.4968,  127, 64, 0
L -1840.9240, 553.6340, 58.4968,  -1847.2046, 556.3184, 57.6813,  127, 64, 0
L -1847.2046, 556.3184, 57.6813,  -1853.3771, 564.7006, 58.5643,  127, 64, 0
L -1853.3771, 564.7006, 58.5643,  -1860.3180, 572.5900, 56.3614,  127, 64, 0
L -1860.3180, 572.5900, 56.3614,  -1870.7289, 576.8519, 51.5467,  127, 64, 0
L -1870.7289, 576.8519, 51.5467,  -1877.7693, 578.2650, 49.7623,  127, 64, 0
L -1877.7693, 578.2650, 49.7623,  -1897.5204, 578.2109, 46.5208,  127, 64, 0
L -1897.5204, 578.2109, 46.5208,  -1906.8528, 585.8813, 44.1775,  127, 64, 0
L -1906.8528, 585.8813, 44.1775,  -1907.5094, 596.6276, 51.9000,  127, 64, 0
L -1907.5094, 596.6276, 51.9000,  -1918.4312, 612.4003, 47.9680,  127, 64, 0
L -1918.4312, 612.4003, 47.9680,  -1926.8794, 620.3110, 47.2479,  127, 64, 0
L -1926.8794, 620.3110, 47.2479,  -1930.3058, 635.6576, 44.1173,  127, 64, 0
L -1930.3058, 635.6576, 44.1173,  -1939.8278, 662.3196, 32.8053,  127, 64, 0
L -1939.8278, 662.3196, 32.8053,  -1958.4546, 689.5646, 26.7081,  127, 64, 0
L -1958.4546, 689.5646, 26.7081,  -1969.8655, 697.6644, 23.7855,  127, 64, 0
L -1969.8655, 697.6644, 23.7855,  -1971.8313, 700.4426, 28.7326,  127, 64, 0
L -1971.8313, 700.4426, 28.7326,  -1987.7455, 710.9564, 30.6207,  127, 64, 0
L -1987.7455, 710.9564, 30.6207,  -2002.1912, 711.7109, 30.9500,  127, 64, 0
L -2002.1912, 711.7109, 30.9500,  -2017.8533, 714.8329, 30.6571,  127, 64, 0
L -2017.8533, 714.8329, 30.6571,  -2028.9789, 716.5724, 31.1741,  127, 64, 0
L -2028.9789, 716.5724, 31.1741,  -2040.4628, 716.2231, 28.2821,  127, 64, 0
L -2040.4628, 716.2231, 28.2821,  -2046.7140, 718.6479, 34.5619,  127, 64, 0
L -2046.7140, 718.6479, 34.5619,  -2051.8018, 739.1949, 31.5420,  127, 64, 0
L -2051.8018, 739.1949, 31.5420,  -2055.7898, 750.4985, 29.8113,  127, 64, 0
L -2055.7898, 750.4985, 29.8113,  -2060.3665, 765.2744, 26.7090,  127, 64, 0
L -2060.3665, 765.2744, 26.7090,  -2070.7107, 767.7938, 25.2978,  127, 64, 0
L -2070.7107, 767.7938, 25.2978,  -2081.4512, 769.7672, 39.8200,  127, 64, 0
L -2081.4512, 769.7672, 39.8200,  -2103.2642, 766.9736, 41.3006,  127, 64, 0
L -2103.2642, 766.9736, 41.3006,  -2115.7532, 761.7181, 40.4283,  127, 64, 0
L -2115.7532, 761.7181, 40.4283,  -2131.2029, 757.1302, 39.6066,  127, 64, 0
L -2131.2029, 757.1302, 39.6066,  -2140.9087, 751.6742, 40.1350,  127, 64, 0
L -2140.9087, 751.6742, 40.1350,  -2155.5237, 739.4944, 39.7492,  127, 64, 0
L -2155.5237, 739.4944, 39.7492,  -2172.6155, 724.7509, 37.2299,  127, 64, 0
L -2172.6155, 724.7509, 37.2299,  -2178.4678, 715.6698, 40.6122,  127, 64, 0
L -2178.4678, 715.6698, 40.6122,  -2184.8555, 696.1829, 41.4091,  127, 64, 0
L -2184.8555, 696.1829, 41.4091,  -2183.8655, 672.8993, 42.7098,  127, 64, 0
L -2183.8655, 672.8993, 42.7098,  -2179.7007, 661.4332, 42.9983,  127, 64, 0
L -2179.7007, 661.4332, 42.9983,  -2169.9954, 644.1426, 43.3340,  127, 64, 0
L -2169.9954, 644.1426, 43.3340,  -2159.4314, 628.8748, 41.5253,  127, 64, 0
L -2159.4314, 628.8748, 41.5253,  -2143.2405, 619.9451, 42.5266,  127, 64, 0
L -2143.2405, 619.9451, 42.5266,  -2125.3245, 616.9420, 40.3900,  127, 64, 0
L -2125.3245, 616.9420, 40.3900,  -2112.2637, 618.7779, 42.2331,  127, 64, 0
L -2112.2637, 618.7779, 42.2331,  -2101.8765, 621.9316, 42.2389,  127, 64, 0
L -2101.8765, 621.9316, 42.2389,  -2084.9087, 623.8893, 42.2528,  127, 64, 0
L -2084.9087, 623.8893, 42.2528,  -2064.9734, 627.3638, 41.7398,  127, 64, 0
L -2064.9734, 627.3638, 41.7398,  -2047.1093, 636.4698, 38.8999,  127, 64, 0
L -2047.1093, 636.4698, 38.8999,  -2041.1486, 649.2509, 37.8536,  127, 64, 0
L -2041.1486, 649.2509, 37.8536,  -2042.4518, 660.6512, 38.2864,  127, 64, 0
L -2042.4518, 660.6512, 38.2864,  -2044.2056, 671.3931, 33.1118,  127, 64, 0
L -2044.2056, 671.3931, 33.1118,  -2029.6570, 672.7512, 28.1342,  127, 64, 0
L -2029.6570, 672.7512, 28.1342,  -2013.8466, 680.3541, 30.7458,  127, 64, 0
L -2013.8466, 680.3541, 30.7458,  -2001.3040, 683.7500, 29.9663,  127, 64, 0
L -2001.3040, 683.7500, 29.9663,  -1995.9684, 679.9528, 28.9340,  127, 64, 0
L -1995.9684, 679.9528, 28.9340,  -1985.5348, 681.3780, 26.1872,  127, 64, 0
L -1985.5348, 681.3780, 26.1872,  -1978.9601, 674.4880, 26.7471,  127, 64, 0
L -1978.9601, 674.4880, 26.7471,  -1964.7643, 656.2255, 28.4847,  127, 64, 0
L -1964.7643, 656.2255, 28.4847,  -1960.9528, 643.7464, 35.4628,  127, 64, 0
L -1960.9528, 643.7464, 35.4628,  -1958.1150, 627.3288, 38.8292,  127, 64, 0
L -1958.1150, 627.3288, 38.8292,  -1955.2400, 618.5145, 42.3000,  127, 64, 0
L -1955.2400, 618.5145, 42.3000,  -1955.2472, 598.8278, 47.9040,  127, 64, 0
L -1955.2472, 598.8278, 47.9040,  -1956.7488, 583.2309, 51.9400,  127, 64, 0
L -1956.7488, 583.2309, 51.9400,  -1957.7417, 570.7894, 52.1019,  127, 64, 0
L -1957.7417, 570.7894, 52.1019,  -1964.4457, 560.6201, 51.7606,  127, 64, 0
L -1964.4457, 560.6201, 51.7606,  -1981.2433, 542.8433, 44.6516,  127, 64, 0
L -1981.2433, 542.8433, 44.6516,  -1996.2488, 529.3347, 43.9767,  127, 64, 0
L -1996.2488, 529.3347, 43.9767,  -2006.1205, 520.3079, 49.6856,  127, 64, 0
L -2006.1205, 520.3079, 49.6856,  -2014.1010, 506.5729, 54.3665,  127, 64, 0
L -2014.1010, 506.5729, 54.3665,  -2020.1111, 489.5713, 60.5784,  127, 64, 0
L -2020.1111, 489.5713, 60.5784,  -2019.4817, 472.8958, 61.6826,  127, 64, 0
L -2019.4817, 472.8958, 61.6826,  -2009.5624, 458.3059, 63.3676,  127, 64, 0
L -2009.5624, 458.3059, 63.3676,  -1999.7605, 441.5068, 63.3590,  127, 64, 0
L -1999.7605, 441.5068, 63.3590,  -1984.8893, 427.2400, 59.4816,  127, 64, 0
L -1984.8893, 427.2400, 59.4816,  -1969.2262, 422.5169, 58.1604,  127, 64, 0
L -1969.2262, 422.5169, 58.1604,  -1946.3478, 422.1485, 53.9480,  127, 64, 0
L -1946.3478, 422.1485, 53.9480,  -1935.8987, 427.4836, 59.3239,  127, 64, 0
L -1935.8987, 427.4836, 59.3239,  -1921.8898, 431.4411, 61.6638,  127, 64, 0
L -1921.8898, 431.4411, 61.6638,  -1906.7936, 434.4259, 55.4030,  127, 64, 0
L -1906.7936, 434.4259, 55.4030,  -1886.1338, 437.6447, 47.5200,  127, 64, 0
L -1886.1338, 437.6447, 47.5200,  -1868.8605, 444.8842, 47.2000,  127, 64, 0
L -1868.8605, 444.8842, 47.2000,  -1840.8704, 455.6949, 48.4727,  127, 64, 0
L -1840.8704, 455.6949, 48.4727,  -1827.7323, 469.7504, 49.1745,  127, 64, 0
L -1827.7323, 469.7504, 49.1745,  -1828.2417, 482.3541, 51.2374,  127, 64, 0
L -1828.2417, 482.3541, 51.2374,  -1828.4507, 490.6342, 54.6096,  127, 64, 0
L -1828.4507, 490.6342, 54.6096,  -1817.8947, 496.4714, 65.9730,  127, 64, 0
L -1817.8947, 496.4714, 65.9730,  -1794.5320, 504.1485, 60.3224,  127, 64, 0
L -1794.5320, 504.1485, 60.3224,  -1773.8307, 509.5106, 65.4545,  127, 64, 0
L -1773.8307, 509.5106, 65.4545,  -1748.3268, 521.6942, 65.5725,  127, 64, 0
L -1748.3268, 521.6942, 65.5725,  -1742.2072, 530.1141, 70.1240,  127, 64, 0
L -1742.2072, 530.1141, 70.1240,  -1732.7769, 536.3832, 72.1370,  127, 64, 0
L -1732.7769, 536.3832, 72.1370,  -1722.5491, 537.3935, 79.8944,  127, 64, 0
L -1722.5491, 537.3935, 79.8944,  -1705.2339, 543.1844, 79.8153,  127, 64, 0
L -1705.2339, 543.1844, 79.8153,  -1701.1309, 543.1647, 85.3255,  127, 64, 0
L -1701.1309, 543.1647, 85.3255,  -1685.6382, 545.4554, 90.9124,  127, 64, 0
L -1685.6382, 545.4554, 90.9124,  -1673.4312, 550.4183, 92.3027,  127, 64, 0
L -1673.4312, 550.4183, 92.3027,  -1664.1543, 554.1343, 89.8796,  127, 64, 0
L -1664.1543, 554.1343, 89.8796,  -1656.6647, 552.9738, 86.8284,  127, 64, 0
L -1656.6647, 552.9738, 86.8284,  -1646.4323, 545.4355, 93.6637,  127, 64, 0
L -1646.4323, 545.4355, 93.6637,  -1639.1714, 543.1653, 92.8435,  127, 64, 0
L -1639.1714, 543.1653, 92.8435,  -1632.2970, 538.7078, 92.8675,  127, 64, 0
L -1632.2970, 538.7078, 92.8675,  -1623.8770, 530.7372, 95.1090,  127, 64, 0
L -1623.8770, 530.7372, 95.1090,  -1611.8650, 522.4221, 94.4287,  127, 64, 0
L -1611.8650, 522.4221, 94.4287,  -1600.5978, 515.9021, 95.1645,  127, 64, 0
L -1600.5978, 515.9021, 95.1645,  -1581.1581, 512.1086, 92.6945,  127, 64, 0
L -1581.1581, 512.1086, 92.6945,  -1558.2266, 513.2538, 93.2074,  127, 64, 0
L -1558.2266, 513.2538, 93.2074,  -1539.5219, 514.3188, 90.1735,  127, 64, 0
L -1539.5219, 514.3188, 90.1735,  -1521.6481, 514.4477, 95.8528,  127, 64, 0
L -1521.6481, 514.4477, 95.8528,  -1503.8534, 521.1700, 95.9870,  127, 64, 0
L -1503.8534, 521.1700, 95.9870,  -1497.5630, 523.1367, 93.5476,  127, 64, 0
L -1497.5630, 523.1367, 93.5476,  -1486.4983, 517.8390, 88.2395,  127, 64, 0
L -1486.4983, 517.8390, 88.2395,  -1481.6442, 506.1295, 85.6688,  127, 64, 0
L -1481.6442, 506.1295, 85.6688,  -1482.8091, 499.7060, 86.7691,  0, 0, 0
L -1482.8091, 499.7060, 86.7691,  -1484.6250, 491.5944, 91.9950,  0, 0, 0
L -1484.6250, 491.5944, 91.9950,  -1479.5398, 454.2670, 116.7938,  0, 0, 0
L -3493.0000, -1303.0000, 248.0000,  -3496.0000, -1287.0000, 249.0000,  0, 0, 0
L -3403.0000, -1474.0000, 222.0000,  -3493.0000, -1303.0000, 248.0000,  0, 0, 0
L -3356.0000, -1474.0000, 208.0000,  -3403.0000, -1474.0000, 222.0000,  0, 0, 0
L -3356.0000, -1461.0000, 204.0000,  -3356.0000, -1474.0000, 208.0000,  0, 0, 0
L -3414.0000, -1365.0000, 158.0000,  -3356.0000, -1461.0000, 204.0000,  0, 0, 0
L -3429.0000, -1266.0000, 142.0000,  -3414.0000, -1365.0000, 158.0000,  0, 0, 0
L -3398.0000, -1191.0000, 125.0000,  -3429.0000, -1266.0000, 142.0000,  0, 0, 0
L -3389.0000, -1190.0000, 122.0000,  -3398.0000, -1191.0000, 125.0000,  0, 0, 0
L -3374.0000, -1259.0000, 99.0000,  -3389.0000, -1190.0000, 122.0000,  0, 0, 0
L -3333.0000, -1338.0000, 95.0000,  -3374.0000, -1259.0000, 99.0000,  0, 0, 0
L -3294.0000, -1341.0000, 95.0000,  -3333.0000, -1338.0000, 95.0000,  0, 0, 0
L -3190.0000, -1254.0000, 47.0000,  -3294.0000, -1341.0000, 95.0000,  0, 0, 0
L -3136.0000, -1145.0000, 16.0000,  -3190.0000, -1254.0000, 47.0000,  0, 0, 0
L -1713.0000, -935.0000, 99.0000,  -1713.0000, -934.0000, 99.0000,  0, 0, 0
L 228.0000, -417.0000, 28.0000,  214.0000, -809.0000, 91.0000,  127, 127, 127
L 177.0000, -304.0000, 32.0000,  228.0000, -417.0000, 28.0000,  127, 127, 127
L -104.0000, -109.0000, 12.0000,  177.0000, -304.0000, 32.0000,  127, 127, 127
L -217.0000, -26.0000, 14.0000,  -104.0000, -109.0000, 12.0000,  127, 127, 127
L -227.0000, -8.0000, 13.0000,  -332.0000, -8.0000, 14.0000,  240, 240, 240
L -332.0000, -26.0000, 13.0000,  -227.0000, -28.0000, 14.0000,  240, 240, 240
L -771.0000, -287.0000, 13.0000,  -748.0000, -273.0000, 8.0000,  127, 127, 127
L -995.0000, -306.0000, 12.0000,  -771.0000, -287.0000, 13.0000,  127, 127, 127
L -1281.0000, -71.0000, 29.0000,  -995.0000, -306.0000, 12.0000,  127, 127, 127
L -1863.0000, -335.0000, -21.0000,  -1854.0000, -318.0000, -21.0000,  127, 64, 0
L -1839.0000, -337.0000, -20.0000,  -1863.0000, -335.0000, -21.0000,  127, 64, 0
L -1792.0000, -318.0000, -26.0000,  -1839.0000, -337.0000, -20.0000,  127, 64, 0
L -1694.0000, -189.0000, 8.0000,  -1792.0000, -318.0000, -26.0000,  127, 64, 0
L -1700.0000, -180.0000, 8.0000,  -1694.0000, -189.0000, 8.0000,  127, 64, 0
L -1718.0000, -180.0000, 8.0000,  -1700.0000, -180.0000, 8.0000,  127, 64, 0
L -1790.0000, -232.0000, -9.0000,  -1718.0000, -180.0000, 8.0000,  127, 64, 0
L -1801.0000, -252.0000, -20.0000,  -1790.0000, -232.0000, -9.0000,  127, 64, 0
L -1855.0000, -321.0000, -21.0000,  -1801.0000, -252.0000, -20.0000,  127, 64, 0
L -797.0000, -681.0000, 120.0000,  -797.0000, -652.0000, 115.0000,  0, 0, 0
L -834.0000, -763.0000, 114.0000,  -797.0000, -681.0000, 120.0000,  0, 0, 0
L -1018.0000, -907.0000, 154.0000,  -834.0000, -763.0000, 114.0000,  0, 0, 0
L -1075.0000, -939.0000, 172.0000,  -1018.0000, -907.0000, 154.0000,  0, 0, 0
L -1168.0000, -996.0000, 154.0000,  -1075.0000, -939.0000, 172.0000,  0, 0, 0
L -1157.6104, -1059.6364, 166.0000,  -1168.0000, -996.0000, 154.0000,  0, 0, 0
L -1176.0000, -1124.0000, 160.0000,  -1157.6104, -1059.6364, 157.0000,  0, 0, 0
L -1185.0000, -1143.0000, 154.0000,  -1176.0000, -1124.0000, 160.0000,  0, 0, 0
L -1253.0000, -1177.0000, 167.0000,  -1185.0000, -1143.0000, 154.0000,  0, 0, 0
L -1286.0000, -1174.0000, 182.0000,  -1253.0000, -1177.0000, 167.0000,  0, 0, 0
L -1306.0000, -1172.0000, 183.0000,  -1286.0000, -1174.0000, 182.0000,  0, 0, 0
L -1350.0000, -1120.0000, 185.0000,  -1306.0000, -1172.0000, 183.0000,  0, 0, 0
L -1419.0000, -1100.0000, 181.0000,  -1350.0000, -1120.0000, 185.0000,  0, 0, 0
L -1457.0000, -1121.0000, 180.0000,  -1419.0000, -1100.0000, 181.0000,  0, 0, 0
L -1489.0000, -1162.0000, 193.0000,  -1457.0000, -1121.0000, 180.0000,  0, 0, 0
L -1575.7853, -1189.0000, 175.0000,  -1489.0000, -1162.0000, 193.0000,  0, 0, 0
L -1632.0000, -1189.0000, 116.0000,  -1575.7853, -1189.0000, 148.0000,  0, 0, 0
L -1645.0000, -1200.0000, 99.0000,  -1632.0000, -1189.0000, 116.0000,  0, 0, 0
L -1657.0000, -1190.0000, 79.0000,  -1645.0000, -1200.0000, 99.0000,  0, 0, 0
L -1669.0000, -1085.0000, 37.0000,  -1657.0000, -1190.0000, 79.0000,  0, 0, 0
L -1672.0000, -1022.0000, 49.0000,  -1669.0000, -1085.0000, 37.0000,  0, 0, 0
L -1684.0000, -949.0000, 114.0000,  -1672.0000, -1022.0000, 49.0000,  0, 0, 0
L -1691.0000, -836.0000, 154.0000,  -1684.0000, -949.0000, 114.0000,  0, 0, 0
L -1665.0000, -816.0000, 181.0000,  -1691.0000, -836.0000, 154.0000,  0, 0, 0
L -1603.0000, -819.0000, 195.0000,  -1665.0000, -816.0000, 181.0000,  0, 0, 0
L -1533.0000, -850.0000, 195.0000,  -1603.0000, -819.0000, 195.0000,  0, 0, 0
L -1483.0000, -852.0000, 189.0000,  -1533.0000, -850.0000, 195.0000,  0, 0, 0
L -1451.0000, -783.0000, 184.0000,  -1483.0000, -852.0000, 189.0000,  0, 0, 0
L -1417.0000, -736.0000, 169.0000,  -1451.0000, -783.0000, 184.0000,  0, 0, 0
L -1367.0000, -685.0000, 137.0000,  -1417.0000, -736.0000, 169.0000,  0, 0, 0
L -1274.0000, -628.0000, 122.0000,  -1367.0000, -685.0000, 137.0000,  0, 0, 0
L -1200.0000, -550.0000, 100.0000,  -1274.0000, -628.0000, 122.0000,  0, 0, 0
L -1058.0000, -456.0000, 62.0000,  -1200.0000, -550.0000, 100.0000,  0, 0, 0
L -975.0000, -437.0000, 61.0000,  -1058.0000, -456.0000, 62.0000,  0, 0, 0
L -907.0000, -458.0000, 72.0000,  -975.0000, -437.0000, 61.0000,  0, 0, 0
L -899.0000, -483.0000, 87.0000,  -907.0000, -458.0000, 72.0000,  0, 0, 0
L -850.0000, -532.0000, 87.0000,  -899.0000, -483.0000, 87.0000,  0, 0, 0
L -799.0000, -612.0000, 88.0000,  -850.0000, -532.0000, 87.0000,  0, 0, 0
L -797.0000, -662.0000, 118.0000,  -799.0000, -612.0000, 88.0000,  0, 0, 0
L -230.0000, -1315.0000, 52.0000,  -70.0000, -1313.0000, 52.0000,  240, 240, 240
L -63.0000, -1339.0000, 54.0000,  -227.0000, -1339.0000, 52.0000,  240, 240, 240
L 66.0000, -1489.0000, 57.0000,  94.0000, -1498.0000, 57.0000,  0, 0, 240
L 23.0000, -1496.0000, 58.0000,  66.0000, -1489.0000, 57.0000,  0, 0, 240
L -7.0000, -1528.0000, 57.0000,  23.0000, -1496.0000, 58.0000,  0, 0, 240
L -15.0000, -1560.0000, 57.0000,  -7.0000, -1528.0000, 57.0000,  0, 0, 240
L 2.0000, -1598.0000, 57.0000,  -15.0000, -1560.0000, 57.0000,  0, 0, 240
L 9.0000, -1604.0000, 55.0000,  2.0000, -1598.0000, 57.0000,  0, 0, 240
L 23.0000, -1614.0000, 59.0000,  9.0000, -1604.0000, 55.0000,  0, 0, 240
L 45.0000, -1613.0000, 57.0000,  23.0000, -1614.0000, 59.0000,  0, 0, 240
L 110.0000, -1570.0000, 63.0000,  45.0000, -1613.0000, 57.0000,  0, 0, 240
L 121.0000, -1522.0000, 61.0000,  110.0000, -1570.0000, 63.0000,  0, 0, 240
L 97.0000, -1500.0000, 57.0000,  121.0000, -1522.0000, 61.0000,  0, 0, 240
L 838.0000, -1535.0000, 104.0000,  837.0000, -1534.0000, 104.0000,  0, 0, 0
L 1021.0000, -1619.0000, 65.0000,  1020.0000, -1618.0000, 65.0000,  0, 0, 0
L 873.0000, 299.0000, 6.0000,  876.0000, 372.0000, 5.0000,  0, 0, 240
L 861.0000, 215.0000, 4.0000,  873.0000, 299.0000, 6.0000,  0, 0, 240
L 839.0000, 186.0000, 9.0000,  861.0000, 215.0000, 4.0000,  0, 0, 240
L 829.0000, 172.0000, 8.0000,  839.0000, 186.0000, 9.0000,  0, 0, 240
L 829.0000, 153.0000, 4.0000,  829.0000, 172.0000, 8.0000,  0, 0, 240
L 830.0000, 138.0000, 4.0000,  829.0000, 153.0000, 4.0000,  0, 0, 240
L 818.0000, 105.0000, 10.0000,  830.0000, 138.0000, 4.0000,  0, 0, 240
L 821.0000, 94.0000, 8.0000,  818.0000, 105.0000, 10.0000,  0, 0, 240
L 837.0000, 84.0000, 7.0000,  821.0000, 94.0000, 8.0000,  0, 0, 240
L 900.0000, 76.0000, 8.0000,  837.0000, 84.0000, 7.0000,  0, 0, 240
L 930.0000, 64.0000, -11.0000,  900.0000, 76.0000, 8.0000,  0, 0, 240
L 983.0000, 101.0000, -6.0000,  930.0000, 64.0000, -11.0000,  0, 0, 240
L 986.0000, 109.0000, 4.0000,  983.0000, 101.0000, -6.0000,  0, 0, 240
L 992.0000, 156.0000, 8.0000,  986.0000, 109.0000, 4.0000,  0, 0, 240
L 1009.0000, 209.0000, 17.0000,  992.0000, 156.0000, 8.0000,  0, 0, 240
L 1019.0000, 224.0000, 15.0000,  1009.0000, 209.0000, 17.0000,  0, 0, 240
L 1021.0000, 308.0000, 12.0000,  1019.0000, 224.0000, 15.0000,  0, 0, 240
L 990.0000, 383.0000, 12.0000,  1021.0000, 308.0000, 12.0000,  0, 0, 240
L 945.0000, 403.0000, 10.0000,  990.0000, 383.0000, 12.0000,  0, 0, 240
L 886.0000, 387.0000, 5.0000,  945.0000, 403.0000, 10.0000,  0, 0, 240
L 875.0000, 371.0000, 5.0000,  886.0000, 387.0000, 5.0000,  0, 0, 240
L 743.0000, 430.0000, 6.0000,  745.0000, 436.0000, 8.0000,  0, 0, 240
L 711.0000, 407.0000, 6.0000,  743.0000, 430.0000, 6.0000,  0, 0, 240
L 662.0000, 352.0000, 4.0000,  711.0000, 407.0000, 6.0000,  0, 0, 240
L 643.0000, 289.0000, 6.0000,  662.0000, 352.0000, 4.0000,  0, 0, 240
L 628.0000, 287.0000, 4.0000,  643.0000, 289.0000, 6.0000,  0, 0, 240
L 612.0000, 274.0000, 0.0000,  628.0000, 287.0000, 4.0000,  0, 0, 240
L 591.0000, 252.0000, 4.0000,  612.0000, 274.0000, 0.0000,  0, 0, 240
L 534.0000, 217.0000, 5.0000,  591.0000, 252.0000, 4.0000,  0, 0, 240
L 308.0000, 183.0000, 8.0000,  534.0000, 217.0000, 5.0000,  0, 0, 240
L 131.0000, 41.0000, 8.0000,  308.0000, 183.0000, 8.0000,  0, 0, 240
L 115.0000, 33.0000, -1.0000,  131.0000, 41.0000, 8.0000,  0, 0, 240
L 104.0000, 29.0000, 4.0000,  115.0000, 33.0000, -1.0000,  0, 0, 240
L 76.0000, 20.0000, 3.0000,  104.0000, 29.0000, 4.0000,  0, 0, 240
L 72.0000, 19.0000, 7.0000,  76.0000, 20.0000, 3.0000,  0, 0, 240
L 19.0000, 19.0000, 0.0000,  72.0000, 19.0000, 7.0000,  0, 0, 240
L 0.0000, 22.0000, 4.0000,  19.0000, 19.0000, 0.0000,  0, 0, 240
L -57.0000, 19.0000, 5.0000,  0.0000, 22.0000, 4.0000,  0, 0, 240
L -261.0000, 85.0000, 8.0000,  -57.0000, 19.0000, 5.0000,  0, 0, 240
L -281.0000, 112.0000, 10.0000,  -261.0000, 85.0000, 8.0000,  0, 0, 240
L -286.0000, 123.0000, 3.0000,  -281.0000, 112.0000, 10.0000,  0, 0, 240
L -314.0000, 181.0000, 10.0000,  -286.0000, 123.0000, 3.0000,  0, 0, 240
L -367.0000, 327.0000, 4.0000,  -314.0000, 181.0000, 10.0000,  0, 0, 240
L -376.0000, 395.0000, 9.0000,  -367.0000, 327.0000, 4.0000,  0, 0, 240
L -402.0000, 572.0000, 2.0000,  -376.0000, 395.0000, 9.0000,  0, 0, 240
L -442.0000, 684.0000, 7.0000,  -402.0000, 572.0000, 2.0000,  0, 0, 240
L -434.0000, 818.0000, 7.0000,  -442.0000, 684.0000, 7.0000,  0, 0, 240
L -433.0000, 837.0000, 4.0000,  -434.0000, 818.0000, 7.0000,  0, 0, 240
L -433.0000, 861.0000, 7.0000,  -433.0000, 837.0000, 4.0000,  0, 0, 240
L -388.0000, 995.0000, 3.0000,  -433.0000, 861.0000, 7.0000,  0, 0, 240
L -402.0000, 1440.0000, 18.0000,  -388.0000, 995.0000, 3.0000,  0, 0, 240
L -424.0000, 1532.0000, 15.0000,  -402.0000, 1440.0000, 18.0000,  0, 0, 240
L -433.0000, 1565.0000, 5.0000,  -424.0000, 1532.0000, 15.0000,  0, 0, 240
L -454.0000, 1633.0000, 8.0000,  -433.0000, 1565.0000, 5.0000,  0, 0, 240
L -458.0000, 1699.0000, 4.0000,  -454.0000, 1633.0000, 8.0000,  0, 0, 240
L -413.0000, 1774.0000, 5.0000,  -458.0000, 1699.0000, 4.0000,  0, 0, 240
L -313.0000, 1850.0000, 5.0000,  -413.0000, 1774.0000, 5.0000,  0, 0, 240
L -295.0000, 1871.0000, 0.0000,  -313.0000, 1850.0000, 5.0000,  0, 0, 240
L -283.0000, 1885.0000, 10.0000,  -295.0000, 1871.0000, 0.0000,  0, 0, 240
L -260.0000, 1910.0000, 7.0000,  -283.0000, 1885.0000, 10.0000,  0, 0, 240
L -214.0000, 1939.0000, 5.0000,  -260.0000, 1910.0000, 7.0000,  0, 0, 240
L -165.0000, 1955.0000, 7.0000,  -214.0000, 1939.0000, 5.0000,  0, 0, 240
L -138.0000, 1959.0000, 1.0000,  -165.0000, 1955.0000, 7.0000,  0, 0, 240
L -21.0000, 1937.0000, 10.0000,  -138.0000, 1959.0000, 1.0000,  0, 0, 240
L -4.0000, 1935.0000, 4.0000,  -21.0000, 1937.0000, 10.0000,  0, 0, 240
L 32.0000, 1946.0000, 9.0000,  -4.0000, 1935.0000, 4.0000,  0, 0, 240
L -52.0000, 2014.0000, 5.0000,  -37.0000, 2015.0000, 6.0000,  0, 0, 240
L -79.0000, 2025.0000, 4.0000,  -52.0000, 2014.0000, 5.0000,  0, 0, 240
L -183.0000, 2034.0000, 2.0000,  -79.0000, 2025.0000, 4.0000,  0, 0, 240
L -291.0000, 1970.0000, 2.0000,  -183.0000, 2034.0000, 2.0000,  0, 0, 240
L -526.0000, 1737.0000, 5.0000,  -291.0000, 1970.0000, 2.0000,  0, 0, 240
L -534.0000, 1639.0000, 6.0000,  -526.0000, 1737.0000, 5.0000,  0, 0, 240
L -549.0000, 1426.0000, 10.0000,  -534.0000, 1639.0000, 6.0000,  0, 0, 240
L -540.0000, 1407.0000, 9.0000,  -549.0000, 1426.0000, 10.0000,  0, 0, 240
L -514.0000, 1229.0000, 3.0000,  -540.0000, 1407.0000, 9.0000,  0, 0, 240
L -454.0000, 1072.0000, 3.0000,  -514.0000, 1229.0000, 3.0000,  0, 0, 240
L -445.0000, 1020.0000, 5.0000,  -454.0000, 1072.0000, 3.0000,  0, 0, 240
L -479.0000, 940.0000, 5.0000,  -445.0000, 1020.0000, 5.0000,  0, 0, 240
L -498.0000, 683.0000, 6.0000,  -479.0000, 940.0000, 5.0000,  0, 0, 240
L -461.0000, 552.0000, 6.0000,  -498.0000, 683.0000, 6.0000,  0, 0, 240
L -476.0000, 395.0000, 4.0000,  -461.0000, 552.0000, 6.0000,  0, 0, 240
L -349.0000, 120.0000, 7.0000,  -476.0000, 395.0000, 4.0000,  0, 0, 240
L -326.0000, -19.0000, 13.0000,  -349.0000, 120.0000, 7.0000,  0, 0, 240
L -311.0000, -79.0000, 4.0000,  -326.0000, -19.0000, 13.0000,  0, 0, 240
L -251.0000, -176.0000, 6.0000,  -311.0000, -79.0000, 4.0000,  0, 0, 240
L -214.0000, -263.0000, 5.0000,  -251.0000, -176.0000, 6.0000,  0, 0, 240
L -208.0000, -1075.0000, 4.0000,  -214.0000, -263.0000, 5.0000,  0, 0, 240
L -195.0000, -1161.0000, 7.0000,  -208.0000, -1075.0000, 4.0000,  0, 0, 240
L -192.0000, -1319.0000, 5.0000,  -195.0000, -1161.0000, 7.0000,  0, 0, 240
L -191.0000, -1688.0000, 9.0000,  -192.0000, -1319.0000, 5.0000,  0, 0, 240
L -182.0000, -1727.0000, 9.0000,  -191.0000, -1688.0000, 9.0000,  0, 0, 240
L -122.0000, -1554.0000, 13.0000,  -141.0000, -1742.0000, 5.0000,  0, 0, 240
L -97.0000, -1471.0000, 3.0000,  -122.0000, -1554.0000, 13.0000,  0, 0, 240
L -108.0000, -1344.0000, 6.0000,  -97.0000, -1471.0000, 3.0000,  0, 0, 240
L -106.0000, -1291.0000, 9.0000,  -108.0000, -1344.0000, 6.0000,  0, 0, 0
L -81.0000, -1236.0000, 5.0000,  -106.0000, -1291.0000, 9.0000,  0, 0, 240
L -57.0000, -1073.0000, 9.0000,  -81.0000, -1236.0000, 5.0000,  0, 0, 240
L -76.0000, -966.0000, 5.0000,  -57.0000, -1073.0000, 9.0000,  0, 0, 240
L -83.0000, -942.0000, 13.0000,  -76.0000, -966.0000, 5.0000,  0, 0, 240
L -124.0000, -703.0000, 8.0000,  -83.0000, -942.0000, 13.0000,  0, 0, 240
L -129.0000, -675.0000, 15.0000,  -124.0000, -703.0000, 8.0000,  0, 0, 240
L -144.0000, -498.0000, 3.0000,  -129.0000, -675.0000, 15.0000,  0, 0, 240
L -132.0000, -282.0000, 10.0000,  -144.0000, -498.0000, 3.0000,  0, 0, 240
L -235.0000, -61.0000, 13.0000,  -132.0000, -282.0000, 10.0000,  0, 0, 240
L -241.0000, 19.0000, 4.0000,  -235.0000, -61.0000, 13.0000,  0, 0, 240
L -232.0000, 20.0000, 7.0000,  -241.0000, 19.0000, 4.0000,  0, 0, 240
L -91.0000, -43.0000, 6.0000,  -232.0000, 20.0000, 7.0000,  0, 0, 240
L 156.0000, -8.0000, 5.0000,  -91.0000, -43.0000, 6.0000,  0, 0, 240
L 310.0000, 117.0000, 4.0000,  156.0000, -8.0000, 5.0000,  0, 0, 240
L 544.0000, 153.0000, 9.0000,  310.0000, 117.0000, 4.0000,  0, 0, 240
L 616.0000, 133.0000, 5.0000,  544.0000, 153.0000, 9.0000,  0, 0, 240
L 668.0000, 57.0000, 4.0000,  616.0000, 133.0000, 5.0000,  0, 0, 240
L 703.0000, 4.0000, 4.0000,  668.0000, 57.0000, 4.0000,  0, 0, 240
L 767.0000, -43.0000, 3.0000,  703.0000, 4.0000, 4.0000,  0, 0, 240
L 1009.0000, -33.0000, 6.0000,  767.0000, -43.0000, 3.0000,  0, 0, 240
L 1127.0000, 41.0000, 4.0000,  1009.0000, -33.0000, 6.0000,  0, 0, 240
L 1170.0000, 344.0000, 6.0000,  1127.0000, 41.0000, 4.0000,  0, 0, 240
L 1144.0000, 397.0000, 8.0000,  1170.0000, 344.0000, 6.0000,  0, 0, 240
L 1022.0000, 500.0000, 5.0000,  1144.0000, 397.0000, 8.0000,  0, 0, 240
L 975.0000, 519.0000, 19.0000,  1022.0000, 500.0000, 5.0000,  0, 0, 240
L 816.0000, 491.0000, 9.0000,  975.0000, 519.0000, 19.0000,  0, 0, 240
L 744.0000, 438.0000, 8.0000,  816.0000, 491.0000, 9.0000,  0, 0, 240
L 154.0000, 401.0000, 233.0000,  171.0000, 414.0000, 229.0000,  0, 0, 0
L 153.0000, 402.0000, 233.0000,  154.0000, 401.0000, 233.0000,  0, 0, 0
L 141.0000, 392.0000, 230.0000,  153.0000, 402.0000, 233.0000,  0, 0, 0
L 141.0000, 387.0000, 230.0000,  141.0000, 392.0000, 230.0000,  0, 0, 0
L 149.0000, 391.0000, 233.0000,  141.0000, 387.0000, 230.0000,  0, 0, 0
L 194.0000, 445.0000, 228.0000,  149.0000, 391.0000, 233.0000,  0, 0, 0
L 244.0000, 639.0000, 195.0000,  194.0000, 445.0000, 228.0000,  0, 0, 0
L 244.0000, 642.0000, 197.0000,  244.0000, 639.0000, 195.0000,  0, 0, 0
L 242.0000, 641.0000, 196.0000,  244.0000, 642.0000, 197.0000,  0, 0, 0
L 244.0000, 656.0000, 186.0000,  242.0000, 641.0000, 196.0000,  0, 0, 0
L 258.0000, 739.0000, 204.0000,  244.0000, 656.0000, 186.0000,  0, 0, 0
L 253.0000, 927.0000, 201.0000,  258.0000, 739.0000, 204.0000,  0, 0, 0
L 226.0000, 968.0000, 207.0000,  253.0000, 927.0000, 201.0000,  0, 0, 0
L 145.0000, 983.0000, 209.0000,  226.0000, 968.0000, 207.0000,  0, 0, 0
L 137.0000, 984.0000, 204.0000,  145.0000, 983.0000, 209.0000,  0, 0, 0
L 60.0000, 988.0000, 197.0000,  137.0000, 984.0000, 204.0000,  0, 0, 0
L 39.0000, 973.0000, 215.0000,  60.0000, 988.0000, 197.0000,  0, 0, 0
L 15.0000, 954.0000, 209.0000,  39.0000, 973.0000, 215.0000,  0, 0, 0
L -39.0000, 897.0000, 213.0000,  15.0000, 954.0000, 209.0000,  0, 0, 0
L -156.0000, 822.0000, 207.0000,  -39.0000, 897.0000, 213.0000,  0, 0, 0
L -162.0000, 719.0000, 225.0000,  -156.0000, 822.0000, 207.0000,  0, 0, 0
L -137.0000, 602.0000, 225.0000,  -162.0000, 719.0000, 225.0000,  0, 0, 0
L -112.0000, 563.0000, 235.0000,  -137.0000, 602.0000, 225.0000,  0, 0, 0
L -99.0000, 549.0000, 228.0000,  -112.0000, 563.0000, 235.0000,  0, 0, 0
L -97.0000, 546.0000, 230.0000,  -99.0000, 549.0000, 228.0000,  0, 0, 0
L -96.0000, 546.0000, 228.0000,  -97.0000, 546.0000, 230.0000,  0, 0, 0
L -97.0000, 518.0000, 236.0000,  -96.0000, 546.0000, 228.0000,  0, 0, 0
L -104.0000, 470.0000, 228.0000,  -97.0000, 518.0000, 236.0000,  0, 0, 0
L -105.0000, 440.0000, 231.0000,  -104.0000, 470.0000, 228.0000,  0, 0, 0
L -91.0000, 338.0000, 235.0000,  -105.0000, 440.0000, 231.0000,  0, 0, 0
L -35.0000, 259.0000, 236.0000,  -91.0000, 338.0000, 235.0000,  0, 0, 0
L 31.0000, 250.0000, 220.0000,  -35.0000, 259.0000, 236.0000,  0, 0, 0
L 108.0000, 255.0000, 168.0000,  31.0000, 250.0000, 220.0000,  0, 0, 0
L 120.0000, 258.0000, 169.0000,  108.0000, 255.0000, 168.0000,  0, 0, 0
L 121.0000, 259.0000, 172.0000,  120.0000, 258.0000, 169.0000,  0, 0, 0
L 163.0000, 275.0000, 193.0000,  121.0000, 259.0000, 172.0000,  0, 0, 0
L 166.0000, 277.0000, 192.0000,  163.0000, 275.0000, 193.0000,  0, 0, 0
L 170.0000, 279.0000, 195.0000,  166.0000, 277.0000, 192.0000,  0, 0, 0
L 179.0000, 282.0000, 190.0000,  170.0000, 279.0000, 195.0000,  0, 0, 0
L 194.0000, 290.0000, 199.0000,  179.0000, 282.0000, 190.0000,  0, 0, 0
L 306.0000, 399.0000, 191.0000,  194.0000, 290.0000, 199.0000,  0, 0, 0
L 305.0000, 400.0000, 190.0000,  306.0000, 399.0000, 191.0000,  0, 0, 0
L 310.0000, 406.0000, 181.0000,  305.0000, 400.0000, 190.0000,  0, 0, 0
L 324.0000, 426.0000, 176.0000,  310.0000, 406.0000, 181.0000,  0, 0, 0
L 346.0000, 471.0000, 177.0000,  324.0000, 426.0000, 176.0000,  0, 0, 0
L 349.0000, 477.0000, 175.0000,  346.0000, 471.0000, 177.0000,  0, 0, 0
L 352.0000, 485.0000, 184.0000,  349.0000, 477.0000, 175.0000,  0, 0, 0
L 363.0000, 519.0000, 187.0000,  352.0000, 485.0000, 184.0000,  0, 0, 0
L 363.0000, 526.0000, 179.0000,  363.0000, 519.0000, 187.0000,  0, 0, 0
L 350.0000, 578.0000, 179.0000,  363.0000, 526.0000, 179.0000,  0, 0, 0
L 350.0000, 595.0000, 169.0000,  350.0000, 578.0000, 179.0000,  0, 0, 0
L 393.0000, 826.0000, 162.0000,  350.0000, 595.0000, 169.0000,  0, 0, 0
L 382.0000, 941.0000, 168.0000,  393.0000, 826.0000, 162.0000,  0, 0, 0
L 368.0000, 961.0000, 169.0000,  382.0000, 941.0000, 168.0000,  0, 0, 0
L 361.0000, 979.0000, 169.0000,  368.0000, 961.0000, 169.0000,  0, 0, 0
L 259.0000, 1137.0000, 153.0000,  361.0000, 979.0000, 169.0000,  0, 0, 0
L 226.0000, 1176.0000, 138.0000,  259.0000, 1137.0000, 153.0000,  0, 0, 0
L 144.0000, 1243.0000, 101.0000,  226.0000, 1176.0000, 138.0000,  0, 0, 0
L 120.0000, 1265.0000, 99.0000,  144.0000, 1243.0000, 101.0000,  0, 0, 0
L 75.0000, 1302.0000, 72.0000,  120.0000, 1265.0000, 99.0000,  0, 0, 0
L 53.0000, 1313.0000, 40.0000,  75.0000, 1302.0000, 72.0000,  0, 0, 0
L 28.0000, 1314.0000, 24.0000,  53.0000, 1313.0000, 40.0000,  0, 0, 0
L 4.0000, 1296.0000, 18.0000,  28.0000, 1314.0000, 24.0000,  0, 0, 0
L 25.0000, 1275.0000, 50.0000,  4.0000, 1296.0000, 18.0000,  0, 0, 0
L 31.0000, 1280.0000, 62.0000,  25.0000, 1275.0000, 50.0000,  0, 0, 0
L 52.0000, 1282.0000, 75.0000,  31.0000, 1280.0000, 62.0000,  0, 0, 0
L 58.0000, 1288.0000, 77.0000,  52.0000, 1282.0000, 75.0000,  0, 0, 0
L 72.0000, 1281.0000, 79.0000,  58.0000, 1288.0000, 77.0000,  0, 0, 0
L 86.0000, 1280.0000, 80.0000,  72.0000, 1281.0000, 79.0000,  0, 0, 0
L 81.0000, 1281.0000, 80.0000,  86.0000, 1280.0000, 80.0000,  0, 0, 0
L 80.0000, 1270.0000, 78.0000,  81.0000, 1281.0000, 80.0000,  0, 0, 0
L 88.0000, 1258.0000, 83.0000,  80.0000, 1270.0000, 78.0000,  0, 0, 0
L 94.0000, 1252.0000, 76.0000,  88.0000, 1258.0000, 83.0000,  0, 0, 0
L 96.0000, 1251.0000, 79.0000,  94.0000, 1252.0000, 76.0000,  0, 0, 0
L 145.0000, 1224.0000, 104.0000,  96.0000, 1251.0000, 79.0000,  0, 0, 0
L 153.0000, 1219.0000, 102.0000,  145.0000, 1224.0000, 104.0000,  0, 0, 0
L 190.0000, 1193.0000, 110.0000,  153.0000, 1219.0000, 102.0000,  0, 0, 0
L 200.0000, 1185.0000, 121.0000,  190.0000, 1193.0000, 110.0000,  0, 0, 0
L 218.0000, 1167.0000, 126.0000,  200.0000, 1185.0000, 121.0000,  0, 0, 0
L 271.0000, 1104.0000, 162.0000,  218.0000, 1167.0000, 126.0000,  0, 0, 0
L 359.0000, 964.0000, 166.0000,  271.0000, 1104.0000, 162.0000,  0, 0, 0
L 367.0000, 945.0000, 153.0000,  359.0000, 964.0000, 166.0000,  0, 0, 0
L 372.0000, 928.0000, 161.0000,  367.0000, 945.0000, 153.0000,  0, 0, 0
L 376.0000, 907.0000, 157.0000,  372.0000, 928.0000, 161.0000,  0, 0, 0
L 374.0000, 808.0000, 161.0000,  376.0000, 907.0000, 157.0000,  0, 0, 0
L 374.0000, 768.0000, 168.0000,  374.0000, 808.0000, 161.0000,  0, 0, 0
L 375.0000, 761.0000, 167.0000,  374.0000, 768.0000, 168.0000,  0, 0, 0
L 346.0000, 595.0000, 169.0000,  375.0000, 761.0000, 167.0000,  0, 0, 0
L 346.0000, 589.0000, 178.0000,  346.0000, 595.0000, 169.0000,  0, 0, 0
L 352.0000, 538.0000, 171.0000,  346.0000, 589.0000, 178.0000,  0, 0, 0
L 344.0000, 505.0000, 184.0000,  352.0000, 538.0000, 171.0000,  0, 0, 0
L 341.0000, 495.0000, 180.0000,  344.0000, 505.0000, 184.0000,  0, 0, 0
L 318.0000, 450.0000, 196.0000,  341.0000, 495.0000, 180.0000,  0, 0, 0
L 320.0000, 449.0000, 196.0000,  318.0000, 450.0000, 196.0000,  0, 0, 0
L 307.0000, 421.0000, 196.0000,  320.0000, 449.0000, 196.0000,  0, 0, 0
L 233.0000, 343.0000, 199.0000,  307.0000, 421.0000, 196.0000,  0, 0, 0
L 228.0000, 337.0000, 196.0000,  233.0000, 343.0000, 199.0000,  0, 0, 0
L 221.0000, 330.0000, 199.0000,  228.0000, 337.0000, 196.0000,  0, 0, 0
L 176.0000, 299.0000, 195.0000,  221.0000, 330.0000, 199.0000,  0, 0, 0
L 110.0000, 275.0000, 199.0000,  176.0000, 299.0000, 195.0000,  0, 0, 0
L 72.0000, 277.0000, 218.0000,  110.0000, 275.0000, 199.0000,  0, 0, 0
L 63.0000, 276.0000, 215.0000,  72.0000, 277.0000, 218.0000,  0, 0, 0
L 45.0000, 270.0000, 228.0000,  63.0000, 276.0000, 215.0000,  0, 0, 0
L 15.0000, 265.0000, 229.0000,  45.0000, 270.0000, 228.0000,  0, 0, 0
L 3.0000, 266.0000, 223.0000,  15.0000, 265.0000, 229.0000,  0, 0, 0
L -11.0000, 265.0000, 232.0000,  3.0000, 266.0000, 223.0000,  0, 0, 0
L -39.0000, 284.0000, 209.0000,  -11.0000, 265.0000, 232.0000,  0, 0, 0
L -45.0000, 289.0000, 210.0000,  -39.0000, 284.0000, 209.0000,  0, 0, 0
L -48.0000, 291.0000, 208.0000,  -45.0000, 289.0000, 210.0000,  0, 0, 0
L -53.0000, 297.0000, 208.0000,  -48.0000, 291.0000, 208.0000,  0, 0, 0
L -58.0000, 303.0000, 203.0000,  -53.0000, 297.0000, 208.0000,  0, 0, 0
L -74.0000, 328.0000, 224.0000,  -58.0000, 303.0000, 203.0000,  0, 0, 0
L -83.0000, 346.0000, 216.0000,  -74.0000, 328.0000, 224.0000,  0, 0, 0
L -87.0000, 357.0000, 225.0000,  -83.0000, 346.0000, 216.0000,  0, 0, 0
L -89.0000, 386.0000, 218.0000,  -87.0000, 357.0000, 225.0000,  0, 0, 0
L -90.0000, 404.0000, 224.0000,  -89.0000, 386.0000, 218.0000,  0, 0, 0
L -86.0000, 425.0000, 220.0000,  -90.0000, 404.0000, 224.0000,  0, 0, 0
L -87.0000, 437.0000, 231.0000,  -86.0000, 425.0000, 220.0000,  0, 0, 0
L -82.0000, 502.0000, 221.0000,  -87.0000, 437.0000, 231.0000,  0, 0, 0
L -84.0000, 506.0000, 217.0000,  -82.0000, 502.0000, 221.0000,  0, 0, 0
L -108.0000, 562.0000, 233.0000,  -84.0000, 506.0000, 217.0000,  0, 0, 0
L -119.0000, 574.0000, 232.0000,  -108.0000, 562.0000, 233.0000,  0, 0, 0
L -129.0000, 589.0000, 222.0000,  -119.0000, 574.0000, 232.0000,  0, 0, 0
L -147.0000, 653.0000, 213.0000,  -129.0000, 589.0000, 222.0000,  0, 0, 0
L -147.0000, 658.0000, 217.0000,  -147.0000, 653.0000, 213.0000,  0, 0, 0
L -149.0000, 658.0000, 217.0000,  -147.0000, 658.0000, 217.0000,  0, 0, 0
L -156.0000, 697.0000, 228.0000,  -149.0000, 658.0000, 217.0000,  0, 0, 0
L -162.0000, 770.0000, 210.0000,  -156.0000, 697.0000, 228.0000,  0, 0, 0
L -163.0000, 770.0000, 210.0000,  -162.0000, 770.0000, 210.0000,  0, 0, 0
L -158.0000, 791.0000, 209.0000,  -163.0000, 770.0000, 210.0000,  0, 0, 0
L 1.0000, 931.0000, 206.0000,  -158.0000, 791.0000, 209.0000,  0, 0, 0
L 54.0000, 960.0000, 218.0000,  1.0000, 931.0000, 206.0000,  0, 0, 0
L 61.0000, 964.0000, 214.0000,  54.0000, 960.0000, 218.0000,  0, 0, 0
L 193.0000, 968.0000, 204.0000,  61.0000, 964.0000, 214.0000,  0, 0, 0
L 243.0000, 912.0000, 195.0000,  193.0000, 968.0000, 204.0000,  0, 0, 0
L 244.0000, 794.0000, 209.0000,  243.0000, 912.0000, 195.0000,  0, 0, 0
L 212.0000, 503.0000, 223.0000,  244.0000, 794.0000, 209.0000,  0, 0, 0
L 214.0000, 502.0000, 223.0000,  212.0000, 503.0000, 223.0000,  0, 0, 0
L 201.0000, 475.0000, 221.0000,  214.0000, 502.0000, 223.0000,  0, 0, 0
L 192.0000, 461.0000, 225.0000,  201.0000, 475.0000, 221.0000,  0, 0, 0
L 193.0000, 460.0000, 225.0000,  192.0000, 461.0000, 225.0000,  0, 0, 0
L 168.0000, 413.0000, 230.0000,  193.0000, 460.0000, 225.0000,  0, 0, 0
L 179.0000, 338.0000, 170.0000,  179.0000, 337.0000, 170.0000,  0, 0, 0
L 321.0000, 840.0000, 119.0000,  303.0000, 612.0000, 138.0000,  127, 127, 127
L 276.0000, 999.0000, 119.0000,  321.0000, 840.0000, 119.0000,  127, 127, 127
L 169.0000, 1136.0000, 89.0000,  276.0000, 999.0000, 119.0000,  127, 127, 127
L 70.0000, 1198.0000, 69.0000,  169.0000, 1136.0000, 89.0000,  127, 127, 127
L -34.0000, 1180.0000, 52.0000,  70.0000, 1198.0000, 69.0000,  127, 127, 127
L -155.0000, 1223.0000, 31.0000,  -34.0000, 1180.0000, 52.0000,  127, 127, 127
L -262.7182, 1353.5962, 16.0000,  -155.0000, 1223.0000, 31.0000,  127, 127, 127
L 304.0000, 1331.0000, 37.0000,  530.0000, 956.0000, 21.0000,  127, 127, 127
L 171.8807, 1482.2665, 21.0000,  304.0000, 1331.0000, 37.0000,  127, 127, 127
L 178.0000, 1486.0000, 21.0000,  335.0000, 1639.0000, 8.0000,  127, 127, 127
L 19.0000, 1389.0000, 22.0000,  178.0000, 1486.0000, 21.0000,  127, 127, 127
L -253.0000, 1350.0000, 16.0000,  19.0000, 1389.0000, 22.0000,  127, 127, 127
L -380.0000, 1397.0000, 23.0000,  -262.7182, 1353.5962, 16.0000,  127, 127, 127
L -400.0000, 1427.0000, 19.0000,  -552.0000, 1424.0000, 11.0000,  240, 240, 240
L -558.0000, 1452.0000, 13.0000,  -399.0000, 1452.0000, 19.0000,  240, 240, 240
L -693.0000, 1717.0000, 20.0000,  -923.0000, 1763.0000, 19.0000,  127, 127, 127
L -589.0000, 1725.0000, 15.0000,  -693.0000, 1717.0000, 20.0000,  127, 127, 127
L -221.0000, 2058.0000, 13.0000,  -111.0000, 2056.0000, 9.0000,  127, 127, 127
L -409.0000, 1966.0000, 12.0000,  -221.0000, 2058.0000, 13.0000,  127, 127, 127
L -560.0000, 1782.0000, 11.0000,  -409.0000, 1966.0000, 12.0000,  127, 127, 127
L -600.0000, 1693.0000, 13.0000,  -560.0000, 1782.0000, 11.0000,  127, 127, 127
L -601.0000, 1290.0000, 22.0000,  -600.0000, 1693.0000, 13.0000,  127, 127, 127
L -595.0000, 564.0000, 27.0000,  -601.0000, 1290.0000, 22.0000,  127, 127, 127
L -525.0000, 137.0000, 19.0000,  -595.0000, 564.0000, 27.0000,  127, 127, 127
L -540.0000, 104.0000, 10.0000,  -525.0000, 137.0000, 19.0000,  127, 127, 127
L -743.0000, -261.0000, 7.0000,  -540.0000, 104.0000, 10.0000,  127, 127, 127
L -755.0000, -324.0000, 20.0000,  -743.0000, -261.0000, 7.0000,  127, 127, 127
L -733.0000, -413.0000, 43.0000,  -755.0000, -324.0000, 20.0000,  127, 127, 127
L -705.0000, -750.0000, 89.0000,  -733.0000, -413.0000, 43.0000,  127, 127, 127
L -739.0000, -896.0000, 92.0000,  -705.0000, -750.0000, 89.0000,  127, 127, 127
L -827.0000, -967.0000, 91.0000,  -739.0000, -896.0000, 92.0000,  127, 127, 127
L -821.0000, -1119.0000, 111.0000,  -827.0000, -967.0000, 91.0000,  127, 127, 127
L -809.0000, -1226.0000, 125.0000,  -821.0000, -1119.0000, 111.0000,  127, 127, 127
L -851.0000, -1338.0000, 152.0000,  -809.0000, -1226.0000, 125.0000,  127, 127, 127
L -837.0000, -1614.0000, 202.0000,  -851.0000, -1338.0000, 152.0000,  127, 127, 127
L -861.0000, -1689.0000, 233.0000,  -820.0000, -1756.0000, 260.0000,  127, 0, 0
L 1329.0000, -1674.0000, 150.0000,  1406.0000, -1669.0000, 71.0000,  0, 0, 0
L 1293.0000, -1676.0000, 142.0000,  1329.0000, -1674.0000, 150.0000,  0, 0, 0
L 1284.0000, -1651.0000, 174.0000,  1293.0000, -1676.0000, 142.0000,  0, 0, 0
L 1274.0000, -1624.0000, 191.0000,  1284.0000, -1651.0000, 174.0000,  0, 0, 0
L 1275.0000, -1612.0000, 199.0000,  1274.0000, -1624.0000, 191.0000,  0, 0, 0
L 1283.0000, -1582.0000, 201.0000,  1275.0000, -1612.0000, 199.0000,  0, 0, 0
L 1290.0000, -1536.0000, 185.0000,  1283.0000, -1582.0000, 201.0000,  0, 0, 0
L 1286.0000, -1497.0000, 212.0000,  1290.0000, -1536.0000, 185.0000,  0, 0, 0
L 1256.0000, -1438.0000, 217.0000,  1286.0000, -1497.0000, 212.0000,  0, 0, 0
L 1261.0000, -1368.0000, 248.0000,  1256.0000, -1438.0000, 217.0000,  0, 0, 0
L 1276.0000, -1272.0000, 195.0000,  1261.0000, -1368.0000, 248.0000,  0, 0, 0
L 1308.0000, -1159.0000, 188.0000,  1276.0000, -1272.0000, 195.0000,  0, 0, 0
L 1275.0000, -903.0000, 170.0000,  1308.0000, -1159.0000, 188.0000,  0, 0, 0
L 1202.0000, -498.0000, 138.0000,  1275.0000, -903.0000, 170.0000,  0, 0, 0
L 1167.0000, -389.0000, 222.0000,  1202.0000, -498.0000, 138.0000,  0, 0, 0
L 1159.0000, -357.0000, 226.0000,  1167.0000, -389.0000, 222.0000,  0, 0, 0
L 1144.0000, -316.0000, 197.0000,  1159.0000, -357.0000, 226.0000,  0, 0, 0
L 1143.0000, -296.0000, 187.0000,  1144.0000, -316.0000, 197.0000,  0, 0, 0
L 1270.0000, -97.0000, 145.0000,  1143.0000, -296.0000, 187.0000,  0, 0, 0
L 1239.0000, 601.0000, 155.0000,  1270.0000, -97.0000, 145.0000,  0, 0, 0
L 1161.0000, 778.0000, 215.0000,  1239.0000, 601.0000, 155.0000,  0, 0, 0
L 1151.0000, 792.0000, 207.0000,  1161.0000, 778.0000, 215.0000,  0, 0, 0
L 1147.0000, 806.0000, 197.0000,  1151.0000, 792.0000, 207.0000,  0, 0, 0
L 1176.0000, 875.0000, 174.0000,  1147.0000, 806.0000, 197.0000,  0, 0, 0
L 1219.0000, 940.0000, 116.0000,  1176.0000, 875.0000, 174.0000,  0, 0, 0
L 1238.0000, 963.0000, 108.0000,  1219.0000, 940.0000, 116.0000,  0, 0, 0
L 1242.0000, 1016.0000, 78.0000,  1238.0000, 963.0000, 108.0000,  0, 0, 0
L 1296.0000, 1088.0000, 72.0000,  1242.0000, 1016.0000, 78.0000,  0, 0, 0
L 1332.0000, 1198.0000, 76.0000,  1296.0000, 1088.0000, 72.0000,  0, 0, 0
L 1337.0000, 1233.0000, 66.0000,  1332.0000, 1198.0000, 76.0000,  0, 0, 0
L 1330.0000, 1388.0000, 84.0000,  1337.0000, 1233.0000, 66.0000,  0, 0, 0
L 1330.0000, 1465.0000, 61.0000,  1330.0000, 1388.0000, 84.0000,  0, 0, 0
L 1292.0000, 1536.0000, 59.0000,  1330.0000, 1465.0000, 61.0000,  0, 0, 0
L 1254.0000, 1561.0000, 57.0000,  1292.0000, 1536.0000, 59.0000,  0, 0, 0
L 1231.0000, 1606.0000, 68.0000,  1254.0000, 1561.0000, 57.0000,  0, 0, 0
L 1215.0000, 1643.0000, 65.0000,  1231.0000, 1606.0000, 68.0000,  0, 0, 0
L 1192.0000, 1667.0000, 56.0000,  1215.0000, 1643.0000, 65.0000,  0, 0, 0
L 1139.0000, 1711.0000, 57.0000,  1192.0000, 1667.0000, 56.0000,  0, 0, 0
L 1088.0000, 1740.0000, 53.0000,  1139.0000, 1711.0000, 57.0000,  0, 0, 0
L 1023.0000, 1801.0000, 60.0000,  1088.0000, 1740.0000, 53.0000,  0, 0, 0
L 972.0000, 1826.0000, 62.0000,  1023.0000, 1801.0000, 60.0000,  0, 0, 0
L 936.0000, 1830.0000, 59.0000,  972.0000, 1826.0000, 62.0000,  0, 0, 0
L 887.0000, 1820.0000, 58.0000,  936.0000, 1830.0000, 59.0000,  0, 0, 0
L 837.0000, 1822.0000, 86.0000,  887.0000, 1820.0000, 58.0000,  0, 0, 0
L 812.0000, 1826.0000, 91.0000,  837.0000, 1822.0000, 86.0000,  0, 0, 0
L 771.0000, 1841.0000, 74.0000,  812.0000, 1826.0000, 91.0000,  0, 0, 0
L 745.0000, 1870.0000, 80.0000,  771.0000, 1841.0000, 74.0000,  0, 0, 0
L 707.0000, 1887.0000, 82.0000,  745.0000, 1870.0000, 80.0000,  0, 0, 0
L 681.0000, 1899.0000, 97.0000,  707.0000, 1887.0000, 82.0000,  0, 0, 0
L 565.0000, 1909.0000, 105.0000,  681.0000, 1899.0000, 97.0000,  0, 0, 0
L 505.0000, 1882.0000, 95.0000,  565.0000, 1909.0000, 105.0000,  0, 0, 0
L 478.0000, 1884.0000, 106.0000,  505.0000, 1882.0000, 95.0000,  0, 0, 0
L 447.0000, 1894.0000, 98.0000,  478.0000, 1884.0000, 106.0000,  0, 0, 0
L 413.0000, 1932.0000, 105.0000,  447.0000, 1894.0000, 98.0000,  0, 0, 0
L 295.0000, 1790.0000, 86.0000,  413.0000, 1932.0000, 105.0000,  0, 0, 0
L 268.0000, 1786.0000, 75.0000,  295.0000, 1790.0000, 86.0000,  0, 0, 0
L 234.0000, 1811.0000, 65.0000,  268.0000, 1786.0000, 75.0000,  0, 0, 0
L 217.0000, 1839.0000, 40.0000,  234.0000, 1811.0000, 65.0000,  0, 0, 0
L 215.0000, 1875.0000, 27.0000,  217.0000, 1839.0000, 40.0000,  0, 0, 0
L 33.2518, 2106.2515, 19.0000,  301.8840, 1949.9955, 26.0000,  255, 0, 255
L 30.0000, 2103.0000, 52.0000,  31.0000, 2105.0000, 51.0000,  0, 0, 0
L 19.0000, 2092.0000, 31.0000,  33.2518, 2106.2515, 52.0000,  0, 0, 0
L -16.0000, 2080.0000, 25.0000,  19.0000, 2092.0000, 31.0000,  0, 0, 0
L -20.0000, 2082.0000, 28.0000,  -16.0000, 2080.0000, 25.0000,  0, 0, 0
L -145.0000, 2096.0000, 34.0000,  -20.0000, 2082.0000, 28.0000,  0, 0, 0
L -208.0000, 2094.0000, 27.0000,  -145.0000, 2096.0000, 34.0000,  0, 0, 0
L -337.0000, 2076.0000, 51.0000,  -208.0000, 2094.0000, 27.0000,  0, 0, 0
L -378.0000, 2073.0000, 52.0000,  -337.0000, 2076.0000, 51.0000,  0, 0, 0
L -470.0000, 2043.0000, 57.0000,  -378.0000, 2073.0000, 52.0000,  0, 0, 0
L -512.0000, 2016.0000, 48.0000,  -470.0000, 2043.0000, 57.0000,  0, 0, 0
L -592.0000, 1971.0000, 47.0000,  -512.0000, 2016.0000, 48.0000,  0, 0, 0
L -676.0000, 1953.0000, 58.0000,  -592.0000, 1971.0000, 47.0000,  0, 0, 0
L -715.0000, 1932.0000, 56.0000,  -676.0000, 1953.0000, 58.0000,  0, 0, 0
L -730.0000, 1923.0000, 48.0000,  -715.0000, 1932.0000, 56.0000,  0, 0, 0
L -790.0000, 1941.0000, 48.0000,  -730.0000, 1923.0000, 48.0000,  0, 0, 0
L -877.0000, 1954.0000, 45.0000,  -790.0000, 1941.0000, 48.0000,  0, 0, 0
L -906.0000, 1939.0000, 42.0000,  -877.0000, 1954.0000, 45.0000,  0, 0, 0
L -959.0000, 1942.0000, 55.0000,  -906.0000, 1939.0000, 42.0000,  0, 0, 0
L -988.0000, 1944.0000, 42.0000,  -959.0000, 1942.0000, 55.0000,  0, 0, 0
L -1037.0000, 1981.0000, 45.0000,  -988.0000, 1944.0000, 42.0000,  0, 0, 0
L -1118.0000, 1983.0000, 48.0000,  -1037.0000, 1981.0000, 45.0000,  0, 0, 0
L -1285.0000, 1927.0000, 70.0000,  -1118.0000, 1983.0000, 48.0000,  0, 0, 0
L -1294.0000, 1923.0000, 66.0000,  -1285.0000, 1927.0000, 70.0000,  0, 0, 0
L -1365.0000, 1912.0000, 62.0000,  -1294.0000, 1923.0000, 66.0000,  0, 0, 0
L -1416.0000, 1865.0000, 68.0000,  -1365.0000, 1912.0000, 62.0000,  0, 0, 0
L -1424.0000, 1858.0000, 56.0000,  -1416.0000, 1865.0000, 68.0000,  0, 0, 0
L -1432.0000, 1851.0000, 60.0000,  -1424.0000, 1858.0000, 56.0000,  0, 0, 0
L -1436.0000, 1848.0000, 53.0000,  -1432.0000, 1851.0000, 60.0000,  0, 0, 0
L -1458.0000, 1828.0000, 55.0000,  -1436.0000, 1848.0000, 53.0000,  0, 0, 0
L -1461.0000, 1823.0000, 51.0000,  -1458.0000, 1828.0000, 55.0000,  0, 0, 0
L -1467.0000, 1816.0000, 37.0000,  -1461.0000, 1823.0000, 51.0000,  0, 0, 0
L -1472.0000, 1802.0000, 41.0000,  -1467.0000, 1816.0000, 37.0000,  0, 0, 0
L -1466.0000, 1793.0000, 30.0000,  -1472.0000, 1802.0000, 41.0000,  0, 0, 0
L -1466.0000, 1791.0000, 30.0000,  -1466.0000, 1793.0000, 30.0000,  0, 0, 0
L -1456.0000, 1778.0000, 27.0000,  -1466.0000, 1791.0000, 30.0000,  0, 0, 0
L -1448.0000, 1750.0000, 27.0000,  -1456.0000, 1778.0000, 27.0000,  0, 0, 0
L -1456.0000, 1746.0000, 36.0000,  -1448.0000, 1750.0000, 27.0000,  127, 64, 0
L -1463.0000, 1745.0000, 37.0000,  -1456.0000, 1746.0000, 36.0000,  127, 64, 0
L -1471.0000, 1745.0000, 37.0000,  -1463.0000, 1745.0000, 37.0000,  127, 64, 0
L -1500.0000, 1731.0000, 29.0000,  -1471.0000, 1745.0000, 37.0000,  127, 64, 0
L -1527.0000, 1722.0000, 31.0000,  -1500.0000, 1731.0000, 29.0000,  127, 64, 0
L -1588.0000, 1770.0000, 30.0000,  -1527.0000, 1722.0000, 31.0000,  127, 64, 0
L -1677.0000, 1832.0000, -5.0000,  -1588.0000, 1770.0000, 30.0000,  127, 64, 0
L -1754.0000, 1903.0000, 3.0000,  -1677.0000, 1832.0000, -5.0000,  127, 64, 0
L -1752.0000, 1943.0000, 2.0000,  -1754.0000, 1903.0000, 3.0000,  127, 64, 0
L -1769.0000, 1968.0000, -5.0000,  -1752.0000, 1943.0000, 2.0000,  127, 64, 0
L -1877.0000, 1976.0000, -3.0000,  -1769.0000, 1968.0000, -5.0000,  127, 64, 0
L -1890.0000, 1981.0000, -6.0000,  -1877.0000, 1976.0000, -3.0000,  127, 64, 0
L -1897.0000, 1987.0000, -4.0000,  -1890.0000, 1981.0000, -6.0000,  127, 64, 0
L -1966.0000, 2033.0000, -35.0000,  -1897.0000, 1987.0000, -4.0000,  127, 64, 0
L -2056.0000, 2100.0000, -38.0000,  -1966.0000, 2033.0000, -35.0000,  127, 64, 0
L -2030.0000, 2148.0000, -36.0000,  -2056.0000, 2100.0000, -38.0000,  127, 64, 0
L -2061.0000, 2175.0000, -38.0000,  -2030.0000, 2148.0000, -36.0000,  127, 64, 0
L -2134.0000, 2189.0000, -40.0000,  -2061.0000, 2175.0000, -38.0000,  127, 64, 0
L -2162.0000, 2173.0000, -37.0000,  -2134.0000, 2189.0000, -40.0000,  127, 64, 0
L -2186.0000, 2117.0000, -35.0000,  -2162.0000, 2173.0000, -37.0000,  127, 64, 0
L -2175.0000, 2094.0000, -35.0000,  -2186.0000, 2117.0000, -35.0000,  127, 64, 0
L -2104.0000, 2047.0000, -38.0000,  -2175.0000, 2094.0000, -35.0000,  127, 64, 0
L -2081.0000, 2070.0000, -37.0000,  -2104.0000, 2047.0000, -38.0000,  127, 64, 0
L -2043.0000, 2056.0000, -38.0000,  -2081.0000, 2070.0000, -37.0000,  127, 64, 0
L -2015.0000, 2038.0000, -40.0000,  -2043.0000, 2056.0000, -38.0000,  127, 64, 0
L -1924.0000, 1979.0000, -9.0000,  -2015.0000, 2038.0000, -40.0000,  127, 64, 0
L -1883.0000, 1941.0000, -3.0000,  -1924.0000, 1979.0000, -9.0000,  127, 64, 0
L -1893.0000, 1913.0000, 0.0000,  -1883.0000, 1941.0000, -3.0000,  127, 64, 0
L -1868.0000, 1873.0000, 0.0000,  -1893.0000, 1913.0000, 0.0000,  127, 64, 0
L -1862.0000, 1874.0000, -5.0000,  -1868.0000, 1873.0000, 0.0000,  127, 64, 0
L -1824.0000, 1849.0000, -2.0000,  -1862.0000, 1874.0000, -5.0000,  127, 64, 0
L -1797.0000, 1862.0000, -1.0000,  -1824.0000, 1849.0000, -2.0000,  127, 64, 0
L -1788.0000, 1863.0000, -2.0000,  -1797.0000, 1862.0000, -1.0000,  127, 64, 0
L -1739.0000, 1844.0000, -3.0000,  -1788.0000, 1863.0000, -2.0000,  127, 64, 0
L -1702.0000, 1823.0000, -6.0000,  -1739.0000, 1844.0000, -3.0000,  127, 64, 0
L -1614.0000, 1765.0000, 26.0000,  -1702.0000, 1823.0000, -6.0000,  127, 64, 0
L -1550.0000, 1710.0000, 32.0000,  -1614.0000, 1765.0000, 26.0000,  127, 64, 0
L -1490.0000, 1696.0000, 38.0000,  -1550.0000, 1710.0000, 32.0000,  127, 64, 0
L -1456.0000, 1699.0000, 35.0000,  -1490.0000, 1696.0000, 38.0000,  127, 64, 0
L -1445.0000, 1700.0000, 30.0000,  -1460.0000, 1703.0000, 32.0000,  127, 64, 0
L -1432.0000, 1679.0000, 26.0000,  -1445.0000, 1700.0000, 30.0000,  127, 64, 0
L -1437.0000, 1664.0000, 29.0000,  -1432.0000, 1679.0000, 26.0000,  127, 64, 0
L -1446.0000, 1638.0000, 62.0000,  -1437.0000, 1664.0000, 29.0000,  0, 0, 0
L -1430.0000, 1589.0000, 57.0000,  -1446.0000, 1638.0000, 62.0000,  0, 0, 0
L -1387.0000, 1560.0000, 54.0000,  -1430.0000, 1589.0000, 57.0000,  0, 0, 0
L -1347.0000, 1529.0000, 69.0000,  -1387.0000, 1560.0000, 54.0000,  0, 0, 0
L -1342.0000, 1525.0000, 62.0000,  -1347.0000, 1529.0000, 69.0000,  0, 0, 0
L -1342.0000, 1504.0000, 69.0000,  -1342.0000, 1525.0000, 62.0000,  0, 0, 0
L -1342.0000, 1483.0000, 66.0000,  -1342.0000, 1504.0000, 69.0000,  0, 0, 0
L -1342.0000, 1482.0000, 62.0000,  -1342.0000, 1483.0000, 66.0000,  0, 0, 0
L -1333.0000, 1303.0000, 80.0000,  -1342.0000, 1482.0000, 62.0000,  0, 0, 0
L -1332.0000, 1280.0000, 90.0000,  -1333.0000, 1303.0000, 80.0000,  0, 0, 0
L -1320.0000, 1202.0000, 88.0000,  -1332.0000, 1280.0000, 90.0000,  0, 0, 0
L -1319.0000, 1196.0000, 97.0000,  -1320.0000, 1202.0000, 88.0000,  0, 0, 0
L -1316.0000, 1143.0000, 107.0000,  -1319.0000, 1196.0000, 97.0000,  0, 0, 0
L -1316.0000, 1141.0000, 106.0000,  -1316.0000, 1143.0000, 107.0000,  0, 0, 0
L -1327.0000, 1019.0000, 126.0000,  -1316.0000, 1141.0000, 106.0000,  0, 0, 0
L -1327.0000, 1012.0000, 115.0000,  -1327.0000, 1019.0000, 126.0000,  0, 0, 0
L -1328.0000, 1010.0000, 116.0000,  -1327.0000, 1012.0000, 115.0000,  0, 0, 0
L -1328.0000, 1007.0000, 112.0000,  -1328.0000, 1010.0000, 116.0000,  0, 0, 0
L -1356.0000, 919.0000, 104.0000,  -1328.0000, 1007.0000, 112.0000,  0, 0, 0
L -1365.0000, 899.0000, 109.0000,  -1356.0000, 919.0000, 104.0000,  0, 0, 0
L -1373.0000, 879.0000, 105.0000,  -1365.0000, 899.0000, 109.0000,  0, 0, 0
L -1378.0000, 872.0000, 106.0000,  -1373.0000, 879.0000, 105.0000,  0, 0, 0
L -1378.0000, 871.0000, 104.0000,  -1378.0000, 872.0000, 106.0000,  0, 0, 0
L -1383.0000, 865.0000, 107.0000,  -1378.0000, 871.0000, 104.0000,  0, 0, 0
L -1409.0000, 834.0000, 104.0000,  -1383.0000, 865.0000, 107.0000,  0, 0, 0
L -1434.0000, 776.0000, 106.0000,  -1409.0000, 834.0000, 104.0000,  0, 0, 0
L -1441.0000, 748.0000, 98.0000,  -1434.0000, 776.0000, 106.0000,  0, 0, 0
L -1445.0000, 739.0000, 103.0000,  -1441.0000, 748.0000, 98.0000,  0, 0, 0
L -1465.0000, 687.0000, 108.0000,  -1445.0000, 739.0000, 103.0000,  0, 0, 0
L -1466.0000, 685.0000, 106.0000,  -1465.0000, 687.0000, 108.0000,  0, 0, 0
L -1479.0000, 665.0000, 119.0000,  -1466.0000, 685.0000, 106.0000,  0, 0, 0
L -1488.0000, 654.0000, 114.0000,  -1479.0000, 665.0000, 119.0000,  0, 0, 0
L -1493.0000, 650.0000, 105.0000,  -1488.0000, 654.0000, 114.0000,  0, 0, 0
L -1495.0000, 648.0000, 107.0000,  -1493.0000, 650.0000, 105.0000,  0, 0, 0
L -1496.0000, 649.0000, 106.0000,  -1495.0000, 648.0000, 107.0000,  0, 0, 0
L -1503.0000, 642.0000, 99.0000,  -1496.0000, 649.0000, 106.0000,  0, 0, 0
L -1528.0000, 630.0000, 102.0000,  -1503.0000, 642.0000, 99.0000,  0, 0, 0
L -1529.0000, 627.0000, 99.0000,  -1528.0000, 630.0000, 102.0000,  0, 0, 0
L -1533.0000, 614.0000, 167.0000,  -1529.0000, 627.0000, 99.0000,  0, 0, 0
L -1451.0000, 435.0000, 248.0000,  -1479.5398, 454.2670, 209.0000,  0, 0, 0
L -1420.0000, 414.0000, 278.0000,  -1451.0000, 435.0000, 248.0000,  0, 0, 0
L -1395.0000, 397.0000, 274.0000,  -1420.0000, 414.0000, 278.0000,  0, 0, 0
L -1389.0000, 379.0000, 269.0000,  -1395.0000, 397.0000, 274.0000,  0, 0, 0
L -1348.0000, 231.0000, 298.0000,  -1389.0000, 379.0000, 269.0000,  0, 0, 0
L -1338.0000, 193.0000, 292.0000,  -1348.0000, 231.0000, 298.0000,  0, 0, 0
L -1351.0000, 141.0000, 301.0000,  -1338.0000, 193.0000, 292.0000,  0, 0, 0
L -1386.3549, 30.1576, 223.0000,  -1351.0000, 141.0000, 301.0000,  0, 0, 0
L -1287.0000, 2.0000, 39.0000,  -1282.0000, 7.0000, 54.0000,  127, 64, 0
L -1306.0000, -21.0000, 30.0000,  -1287.0000, 2.0000, 39.0000,  127, 64, 0
L -1315.0000, -17.0000, 40.0000,  -1306.0000, -21.0000, 30.0000,  127, 64, 0
L -1352.0000, 13.0000, 37.0000,  -1315.0000, -17.0000, 40.0000,  127, 64, 0
L -1384.4148, 29.8558, 34.0000,  -1352.0000, 13.0000, 37.0000,  127, 64, 0
L -1463.0000, 37.0000, 27.0000,  -1384.4148, 29.8558, 37.0000,  127, 64, 0
L -1485.0000, 35.0000, 31.0000,  -1463.0000, 37.0000, 27.0000,  127, 64, 0
L -1505.0000, 31.0000, 28.0000,  -1485.0000, 35.0000, 31.0000,  127, 64, 0
L -1606.0000, -47.0000, 10.0000,  -1505.0000, 31.0000, 28.0000,  127, 64, 0
L -1654.0000, -89.0000, 16.0000,  -1606.0000, -47.0000, 10.0000,  127, 64, 0
L -1667.0000, -91.0000, 15.0000,  -1654.0000, -89.0000, 16.0000,  127, 64, 0
L -1718.0000, -67.0000, 10.0000,  -1667.0000, -91.0000, 15.0000,  127, 64, 0
L -1751.0000, -26.0000, -10.0000,  -1718.0000, -67.0000, 10.0000,  127, 64, 0
L -1797.0000, -12.0000, -9.0000,  -1751.0000, -26.0000, -10.0000,  127, 64, 0
L -1839.0000, -25.0000, -4.0000,  -1797.0000, -12.0000, -9.0000,  127, 64, 0
L -1861.0000, -23.0000, -5.0000,  -1839.0000, -25.0000, -4.0000,  127, 64, 0
L -1901.0000, -10.0000, -5.0000,  -1861.0000, -23.0000, -5.0000,  127, 64, 0
L -1947.0000, -19.0000, -7.0000,  -1901.0000, -10.0000, -5.0000,  127, 64, 0
L -1976.0000, 21.0000, -2.0000,  -1947.0000, -19.0000, -7.0000,  127, 64, 0
L -1978.0000, 23.0000, -6.0000,  -1976.0000, 21.0000, -2.0000,  127, 64, 0
L -1987.0000, 29.0000, -6.0000,  -1978.0000, 23.0000, -6.0000,  127, 64, 0
L -2051.0000, -10.0000, -7.0000,  -1987.0000, 29.0000, -6.0000,  127, 64, 0
L -2085.0000, -60.0000, -9.0000,  -2051.0000, -10.0000, -7.0000,  127, 64, 0
L -2093.0000, -110.0000, 4.0000,  -2085.0000, -60.0000, -9.0000,  127, 64, 0
L -2069.0000, -136.0000, 9.0000,  -2093.0000, -110.0000, 4.0000,  127, 64, 0
L -2047.0000, -147.0000, -4.0000,  -2069.0000, -136.0000, 9.0000,  127, 64, 0
L -2014.0000, -147.0000, -3.0000,  -2047.0000, -147.0000, -4.0000,  127, 64, 0
L -1916.0000, -76.0000, -7.0000,  -2014.0000, -147.0000, -3.0000,  127, 64, 0
L -1937.0000, -37.0000, -8.0000,  -1916.0000, -76.0000, -7.0000,  127, 64, 0
L -1920.0000, -31.0000, -6.0000,  -1937.0000, -37.0000, -8.0000,  127, 64, 0
L -1863.0000, -44.0000, -3.0000,  -1920.0000, -31.0000, -6.0000,  127, 64, 0
L -1796.0000, -34.0000, -2.0000,  -1863.0000, -44.0000, -3.0000,  127, 64, 0
L -1781.0000, -36.0000, -5.0000,  -1796.0000, -34.0000, -2.0000,  127, 64, 0
L -1767.0000, -42.0000, -3.0000,  -1781.0000, -36.0000, -5.0000,  127, 64, 0
L -1741.0000, -71.0000, 10.0000,  -1767.0000, -42.0000, -3.0000,  127, 64, 0
L -1742.0000, -114.0000, 10.0000,  -1741.0000, -71.0000, 10.0000,  127, 64, 0
L -1738.0000, -124.0000, 14.0000,  -1742.0000, -114.0000, 10.0000,  127, 64, 0
L -1737.0000, -133.0000, 7.0000,  -1738.0000, -124.0000, 14.0000,  127, 64, 0
L -1742.0000, -172.0000, 4.0000,  -1737.0000, -133.0000, 7.0000,  127, 64, 0
L -1831.0000, -235.0000, -20.0000,  -1742.0000, -172.0000, 4.0000,  127, 64, 0
L -1889.0000, -285.0000, -19.0000,  -1831.0000, -235.0000, -20.0000,  127, 64, 0
L -1937.0000, -276.0000, -20.0000,  -1889.0000, -285.0000, -19.0000,  127, 64, 0
L -2031.0000, -359.0000, -23.0000,  -1937.0000, -276.0000, -20.0000,  127, 64, 0
L -2055.0000, -424.0000, -24.0000,  -2031.0000, -359.0000, -23.0000,  127, 64, 0
L -2056.0000, -430.0000, -27.0000,  -2055.0000, -424.0000, -24.0000,  127, 64, 0
L -2040.0000, -463.0000, -18.0000,  -2056.0000, -430.0000, -27.0000,  127, 64, 0
L -2027.0000, -482.0000, -22.0000,  -2040.0000, -463.0000, -18.0000,  127, 64, 0
L -1938.0000, -547.0000, -19.0000,  -2027.0000, -482.0000, -22.0000,  127, 64, 0
L -1912.0000, -541.0000, -23.0000,  -1938.0000, -547.0000, -19.0000,  127, 64, 0
L -1796.0000, -419.0000, -25.0000,  -1912.0000, -541.0000, -23.0000,  127, 64, 0
L -1793.0000, -403.0000, -26.0000,  -1796.0000, -419.0000, -25.0000,  127, 64, 0
L -1804.0000, -389.0000, -24.0000,  -1793.0000, -403.0000, -26.0000,  127, 64, 0
L -1782.0000, -342.0000, -26.0000,  -1804.0000, -389.0000, -24.0000,  127, 64, 0
L -1759.0000, -315.0000, -26.0000,  -1782.0000, -342.0000, -26.0000,  127, 64, 0
L -1692.0000, -224.0000, 7.0000,  -1759.0000, -315.0000, -26.0000,  127, 64, 0
L -1658.0000, -215.0000, 10.0000,  -1692.0000, -224.0000, 7.0000,  127, 64, 0
L -1639.0000, -206.0000, 11.0000,  -1658.0000, -215.0000, 10.0000,  127, 64, 0
L -1628.0000, -207.0000, 11.0000,  -1639.0000, -206.0000, 11.0000,  127, 64, 0
L -1612.0000, -204.0000, 10.0000,  -1628.0000, -207.0000, 11.0000,  127, 64, 0
L -1595.0000, -220.0000, 10.0000,  -1612.0000, -204.0000, 10.0000,  127, 64, 0
L -1592.0000, -230.0000, 10.0000,  -1595.0000, -220.0000, 10.0000,  127, 64, 0
L -1604.0000, -285.0000, -3.0000,  -1592.0000, -230.0000, 10.0000,  127, 64, 0
L -1605.0000, -329.0000, -20.0000,  -1604.0000, -285.0000, -3.0000,  127, 64, 0
L -1566.0000, -384.0000, -9.0000,  -1605.0000, -329.0000, -20.0000,  127, 64, 0
L -1530.0000, -415.0000, -7.0000,  -1566.0000, -384.0000, -9.0000,  127, 64, 0
L -1525.0000, -420.0000, -4.0000,  -1530.0000, -415.0000, -7.0000,  127, 64, 0
L -1526.0000, -421.0000, -4.0000,  -1525.0000, -420.0000, -4.0000,  127, 64, 0
L -1519.0000, -429.0000, -8.0000,  -1526.0000, -421.0000, -4.0000,  127, 64, 0
L -1522.0000, -459.0000, -8.0000,  -1519.0000, -429.0000, -8.0000,  127, 64, 0
L -1506.0000, -478.0000, -14.0000,  -1522.0000, -459.0000, -8.0000,  127, 64, 0
L -1457.0000, -491.0000, -17.0000,  -1506.0000, -478.0000, -14.0000,  127, 64, 0
L -1447.0000, -491.0000, -14.0000,  -1457.0000, -491.0000, -17.0000,  127, 64, 0
L -1435.0000, -491.0000, -15.0000,  -1447.0000, -491.0000, -14.0000,  127, 64, 0
L -1415.0000, -482.0000, -13.0000,  -1435.0000, -491.0000, -15.0000,  127, 64, 0
L -1390.0000, -442.0000, -7.0000,  -1415.0000, -482.0000, -13.0000,  127, 64, 0
L -1386.0000, -420.0000, -13.0000,  -1390.0000, -442.0000, -7.0000,  127, 64, 0
L -1403.0000, -382.0000, -12.0000,  -1386.0000, -420.0000, -13.0000,  127, 64, 0
L -1421.0000, -378.0000, -12.0000,  -1403.0000, -382.0000, -12.0000,  127, 64, 0
L -1422.0000, -376.0000, -9.0000,  -1421.0000, -378.0000, -12.0000,  127, 64, 0
L -1428.0000, -372.0000, -13.0000,  -1422.0000, -376.0000, -9.0000,  127, 64, 0
L -1465.0000, -356.0000, -10.0000,  -1428.0000, -372.0000, -13.0000,  127, 64, 0
L -1485.0000, -374.0000, -10.0000,  -1465.0000, -356.0000, -10.0000,  127, 64, 0
L -1541.0000, -363.0000, -14.0000,  -1485.0000, -374.0000, -10.0000,  127, 64, 0
L -1566.0000, -354.0000, -13.0000,  -1541.0000, -363.0000, -14.0000,  127, 64, 0
L -1584.0000, -322.0000, -12.0000,  -1566.0000, -354.0000, -13.0000,  127, 64, 0
L -1585.0000, -317.0000, -7.0000,  -1584.0000, -322.0000, -12.0000,  127, 64, 0
L -1576.0000, -271.0000, 10.0000,  -1585.0000, -317.0000, -7.0000,  127, 64, 0
L -1567.0000, -241.0000, 13.0000,  -1576.0000, -271.0000, 10.0000,  127, 64, 0
L -1611.0000, -168.0000, 13.0000,  -1567.0000, -241.0000, 13.0000,  127, 64, 0
L -1623.0000, -140.0000, 12.0000,  -1611.0000, -168.0000, 13.0000,  127, 64, 0
L -1620.0000, -127.0000, 11.0000,  -1623.0000, -140.0000, 12.0000,  127, 64, 0
L -1557.0000, -65.0000, 8.0000,  -1620.0000, -127.0000, 11.0000,  127, 64, 0
L -1521.0000, -28.0000, 22.0000,  -1557.0000, -65.0000, 8.0000,  127, 64, 0
L -1502.0000, -19.0000, 34.0000,  -1521.0000, -28.0000, 22.0000,  127, 64, 0
L -1482.0000, -9.0000, 31.0000,  -1502.0000, -19.0000, 34.0000,  127, 64, 0
L -1472.0000, -7.0000, 35.0000,  -1482.0000, -9.0000, 31.0000,  127, 64, 0
L -1442.0000, -5.0000, 30.0000,  -1472.0000, -7.0000, 35.0000,  127, 64, 0
L -1381.3091, -21.7423, 39.0000,  -1442.0000, -5.0000, 30.0000,  127, 64, 0
L -1345.0000, -52.0000, 37.0000,  -1381.3091, -21.7423, 42.0000,  127, 64, 0
L -1344.0000, -61.0000, 30.0000,  -1345.0000, -52.0000, 37.0000,  127, 64, 0
L -1342.0000, -70.0000, 30.0000,  -1344.0000, -61.0000, 30.0000,  127, 64, 0
L -1348.0000, -83.0000, 45.0000,  -1342.0000, -70.0000, 30.0000,  127, 64, 0
L -1348.0000, -84.0000, 45.0000,  -1348.0000, -83.0000, 45.0000,  127, 64, 0
L -1350.0000, -84.0000, 47.0000,  -1348.0000, -84.0000, 45.0000,  127, 64, 0
L -1364.0000, -83.0000, 44.0000,  -1350.0000, -84.0000, 47.0000,  127, 64, 0
L -1374.0000, -93.0000, 67.0000,  -1364.0000, -83.0000, 44.0000,  127, 64, 0
L -1365.0000, -191.0000, 68.0000,  -1374.0000, -93.0000, 67.0000,  0, 0, 0
L -1353.0000, -228.0000, 73.0000,  -1365.0000, -191.0000, 68.0000,  0, 0, 0
L -1339.0000, -278.0000, 72.0000,  -1353.0000, -228.0000, 73.0000,  0, 0, 0
L -1316.0000, -384.0000, 93.0000,  -1339.0000, -278.0000, 72.0000,  0, 0, 0
L -1305.0000, -439.0000, 126.0000,  -1316.0000, -384.0000, 93.0000,  0, 0, 0
L -1310.0000, -474.0000, 129.0000,  -1305.0000, -439.0000, 126.0000,  0, 0, 0
L -1373.0000, -547.0000, 149.0000,  -1310.0000, -474.0000, 129.0000,  0, 0, 0
L -1451.0000, -601.0000, 161.0000,  -1373.0000, -547.0000, 149.0000,  0, 0, 0
L -1478.0000, -618.0000, 176.0000,  -1451.0000, -601.0000, 161.0000,  0, 0, 0
L -1480.0000, -628.0000, 173.0000,  -1478.0000, -618.0000, 176.0000,  0, 0, 0
L -1488.0000, -660.0000, 179.0000,  -1480.0000, -628.0000, 173.0000,  0, 0, 0
L -1462.0000, -712.0000, 170.0000,  -1488.0000, -660.0000, 179.0000,  0, 0, 0
L -1487.0000, -794.0000, 191.0000,  -1462.0000, -712.0000, 170.0000,  0, 0, 0
L -1511.0000, -814.0000, 195.0000,  -1487.0000, -794.0000, 191.0000,  0, 0, 0
L -1558.0000, -808.0000, 200.0000,  -1511.0000, -814.0000, 195.0000,  0, 0, 0
L -1617.0000, -782.0000, 195.0000,  -1558.0000, -808.0000, 200.0000,  0, 0, 0
L -1647.0000, -772.0000, 203.0000,  -1617.0000, -782.0000, 195.0000,  0, 0, 0
L -1694.0000, -766.0000, 187.0000,  -1647.0000, -772.0000, 203.0000,  0, 0, 0
L -1724.0000, -756.0000, 191.0000,  -1694.0000, -766.0000, 187.0000,  0, 0, 0
L -1739.0000, -797.0000, 165.0000,  -1724.0000, -756.0000, 191.0000,  0, 0, 0
L -1744.0000, -815.0000, 165.0000,  -1739.0000, -797.0000, 165.0000,  0, 0, 0
L -1749.0000, -830.0000, 152.0000,  -1744.0000, -815.0000, 165.0000,  0, 0, 0
L -1773.0000, -913.0000, 142.0000,  -1749.0000, -830.0000, 152.0000,  0, 0, 0
L -1791.0000, -955.0000, 124.0000,  -1773.0000, -913.0000, 142.0000,  0, 0, 0
L -1802.0000, -979.0000, 88.0000,  -1791.0000, -955.0000, 124.0000,  0, 0, 0
L -1859.0000, -979.0000, 49.0000,  -1802.0000, -979.0000, 88.0000,  0, 0, 0
L -1868.0000, -972.0000, 54.0000,  -1859.0000, -979.0000, 49.0000,  0, 0, 0
L -1879.0000, -968.0000, 39.0000,  -1868.0000, -972.0000, 54.0000,  0, 0, 0
L -1996.0000, -850.0000, 31.0000,  -1879.0000, -968.0000, 39.0000,  0, 0, 0
L -1996.0000, -801.0000, 38.0000,  -1996.0000, -850.0000, 31.0000,  0, 0, 0
L -1975.0000, -758.0000, 85.0000,  -1996.0000, -801.0000, 38.0000,  0, 0, 0
L -1977.0000, -679.0000, 104.0000,  -1975.0000, -758.0000, 85.0000,  0, 0, 0
L -2030.0000, -655.0000, 95.0000,  -1977.0000, -679.0000, 104.0000,  0, 0, 0
L -2086.0000, -609.0000, 110.0000,  -2030.0000, -655.0000, 95.0000,  0, 0, 0
L -2111.0000, -539.0000, 178.0000,  -2086.0000, -609.0000, 110.0000,  0, 0, 0
L -2117.0000, -520.0000, 187.0000,  -2111.0000, -539.0000, 178.0000,  0, 0, 0
L -2116.0000, -505.0000, 199.0000,  -2117.0000, -520.0000, 187.0000,  0, 0, 0
L -2113.0000, -466.0000, 201.0000,  -2116.0000, -505.0000, 199.0000,  0, 0, 0
L -2103.0000, -432.0000, 224.0000,  -2113.0000, -466.0000, 201.0000,  0, 0, 0
L -2095.0000, -402.0000, 212.0000,  -2103.0000, -432.0000, 224.0000,  0, 0, 0
L -2086.0000, -366.0000, 212.0000,  -2095.0000, -402.0000, 212.0000,  0, 0, 0
L -2081.0000, -341.0000, 204.0000,  -2086.0000, -366.0000, 212.0000,  0, 0, 0
L -2074.0000, -302.0000, 202.0000,  -2081.0000, -341.0000, 204.0000,  0, 0, 0
L -2107.0000, -145.0000, 219.0000,  -2074.0000, -302.0000, 202.0000,  0, 0, 0
L -2131.0000, -145.0000, 207.0000,  -2107.0000, -145.0000, 219.0000,  0, 0, 0
L -2151.0000, -131.0000, 203.0000,  -2131.0000, -145.0000, 207.0000,  0, 0, 0
L -2154.0000, -122.0000, 210.0000,  -2151.0000, -131.0000, 203.0000,  0, 0, 0
L -2146.0000, -80.0000, 138.0000,  -2154.0000, -122.0000, 210.0000,  0, 0, 0
L -2133.0000, -72.0000, 131.0000,  -2146.0000, -80.0000, 138.0000,  0, 0, 0
L -2135.0000, -65.0000, 126.0000,  -2133.0000, -72.0000, 131.0000,  0, 0, 0
L -2135.0000, -51.0000, 127.0000,  -2135.0000, -65.0000, 126.0000,  0, 0, 0
L -2128.0000, 38.0000, 91.0000,  -2135.0000, -51.0000, 127.0000,  0, 0, 0
L -2100.0000, 125.0000, 144.0000,  -2128.0000, 38.0000, 91.0000,  0, 0, 0
L -2121.0000, 191.0000, 145.0000,  -2100.0000, 125.0000, 144.0000,  0, 0, 0
L -2137.0000, 242.0000, 162.0000,  -2121.0000, 191.0000, 145.0000,  0, 0, 0
L -2139.0000, 242.0000, 161.0000,  -2137.0000, 242.0000, 162.0000,  0, 0, 0
L -2145.0000, 245.0000, 148.0000,  -2139.0000, 242.0000, 161.0000,  0, 0, 0
L -2146.0000, 247.0000, 148.0000,  -2145.0000, 245.0000, 148.0000,  0, 0, 0
L -2147.0000, 247.0000, 144.0000,  -2146.0000, 247.0000, 148.0000,  0, 0, 0
L -2221.0000, 285.0000, 94.0000,  -2147.0000, 247.0000, 144.0000,  0, 0, 0
L -2276.0000, 356.0000, 116.0000,  -2221.0000, 285.0000, 94.0000,  0, 0, 0
L -2288.0000, 372.0000, 110.0000,  -2276.0000, 356.0000, 116.0000,  0, 0, 0
L -2330.0000, 401.0000, 91.0000,  -2288.0000, 372.0000, 110.0000,  0, 0, 0
L -2354.0000, 398.0000, 68.0000,  -2330.0000, 401.0000, 91.0000,  0, 0, 0
L -2386.0000, 430.0000, -2.0000,  -2354.0000, 398.0000, 68.0000,  0, 0, 0
L -2386.0000, 551.0000, 40.0000,  -2386.0000, 430.0000, -2.0000,  0, 0, 0
L -2387.0000, 571.0000, 15.0000,  -2386.0000, 551.0000, 40.0000,  0, 0, 0
L -2380.0000, 610.0000, -4.0000,  -2387.0000, 571.0000, 15.0000,  0, 0, 0
L -2370.0000, 657.0000, -11.0000,  -2380.0000, 610.0000, -4.0000,  0, 0, 0
L -2368.0000, 667.0000, -18.0000,  -2370.0000, 657.0000, -11.0000,  0, 0, 0
L -2363.0000, 696.0000, -23.0000,  -2368.0000, 667.0000, -18.0000,  0, 0, 0
L -2360.0000, 709.0000, -21.0000,  -2363.0000, 696.0000, -23.0000,  0, 0, 0
L -2301.0000, 830.0000, -3.0000,  -2360.0000, 709.0000, -21.0000,  0, 0, 0
L -2206.0000, 926.0000, -45.0000,  -2301.0000, 830.0000, -3.0000,  0, 0, 0
L -2116.0000, 934.0000, -34.0000,  -2206.0000, 926.0000, -45.0000,  0, 0, 0
L -2063.0000, 923.0000, 16.0000,  -2116.0000, 934.0000, -34.0000,  0, 0, 0
L -2034.0000, 917.0000, 15.0000,  -2063.0000, 923.0000, 16.0000,  0, 0, 0
L -2013.0000, 912.0000, 1.0000,  -2034.0000, 917.0000, 15.0000,  0, 0, 0
L -1900.0000, 863.0000, 15.0000,  -2013.0000, 912.0000, 1.0000,  0, 0, 0
L -1898.0000, 863.0000, 17.0000,  -1900.0000, 863.0000, 15.0000,  0, 0, 0
L -1897.0000, 863.0000, 16.0000,  -1898.0000, 863.0000, 17.0000,  0, 0, 0
L -1836.0000, 893.0000, 24.0000,  -1897.0000, 863.0000, 16.0000,  0, 0, 0
L -1818.0000, 918.0000, 14.0000,  -1836.0000, 893.0000, 24.0000,  0, 0, 0
L -1801.0000, 950.0000, 18.0000,  -1818.0000, 918.0000, 14.0000,  0, 0, 0
L -1797.0000, 996.0000, 46.0000,  -1801.0000, 950.0000, 18.0000,  0, 0, 0
L -1789.0000, 1107.0000, 16.0000,  -1797.0000, 996.0000, 46.0000,  0, 0, 0
L -1787.0000, 1184.0000, 32.0000,  -1789.0000, 1107.0000, 16.0000,  0, 0, 0
L -1807.0000, 1218.0000, -7.0000,  -1787.0000, 1184.0000, 32.0000,  0, 0, 0
L -1814.0000, 1229.0000, -11.0000,  -1807.0000, 1218.0000, -7.0000,  0, 0, 0
L -1821.0000, 1233.0000, -6.0000,  -1814.0000, 1229.0000, -11.0000,  0, 0, 0
L -1823.0000, 1238.0000, -13.0000,  -1821.0000, 1233.0000, -6.0000,  0, 0, 0
L -1829.0000, 1242.0000, -7.0000,  -1823.0000, 1238.0000, -13.0000,  0, 0, 0
L -1832.0000, 1246.0000, -17.0000,  -1829.0000, 1242.0000, -7.0000,  0, 0, 0
L -1879.0000, 1239.0000, -28.0000,  -1832.0000, 1246.0000, -17.0000,  0, 0, 0
L -1943.0000, 1259.0000, -27.0000,  -1879.0000, 1239.0000, -28.0000,  0, 0, 0
L -2118.0000, 1388.0000, -66.0000,  -1943.0000, 1259.0000, -27.0000,  0, 0, 0
L -2136.0000, 1480.0000, -51.0000,  -2118.0000, 1388.0000, -66.0000,  0, 0, 0
L -2129.0000, 1518.0000, -11.0000,  -2136.0000, 1480.0000, -51.0000,  0, 0, 0
L -2136.0000, 1576.0000, -9.0000,  -2129.0000, 1518.0000, -11.0000,  0, 0, 0
L -2139.0000, 1593.0000, 8.0000,  -2136.0000, 1576.0000, -9.0000,  0, 0, 0
L -2179.0000, 1619.0000, -15.0000,  -2139.0000, 1593.0000, 8.0000,  0, 0, 0
L -2204.0000, 1635.0000, 1.0000,  -2179.0000, 1619.0000, -15.0000,  0, 0, 0
L -2241.0000, 1640.0000, -19.0000,  -2204.0000, 1635.0000, 1.0000,  0, 0, 0
L -2278.0000, 1652.0000, -22.0000,  -2241.0000, 1640.0000, -19.0000,  0, 0, 0
L -2328.0000, 1697.0000, -12.0000,  -2278.0000, 1652.0000, -22.0000,  0, 0, 0
L -2384.0000, 1696.0000, -15.0000,  -2328.0000, 1697.0000, -12.0000,  0, 0, 0
L -2495.0000, 1671.0000, -40.0000,  -2384.0000, 1696.0000, -15.0000,  0, 0, 0
L -2911.0000, 1656.0000, -30.0000,  -2495.0000, 1671.0000, -40.0000,  0, 0, 0
L -3065.0000, 1620.0000, -39.0000,  -2911.0000, 1656.0000, -30.0000,  0, 0, 0
L -3156.4983, 1557.3433, -32.0000,  -3065.0000, 1620.0000, -39.0000,  0, 0, 0
L -3214.7183, 1323.8300, -54.0000,  -3156.4983, 1557.3433, -32.0000,  0, 0, 0
L -3226.2559, 544.2159, -68.0000,  -3214.7183, 1323.8300, -69.0000,  0, 0, 0
L -3145.0000, 521.0000, -55.0000,  -3226.2559, 544.2159, -21.0000,  0, 0, 0
L -3118.0000, 491.0000, -50.0000,  -3145.0000, 521.0000, -55.0000,  0, 0, 0
L -2962.0000, 466.0000, -78.0000,  -3118.0000, 491.0000, -50.0000,  0, 0, 0
L -2751.0000, 459.0000, -68.0000,  -2962.0000, 466.0000, -78.0000,  0, 0, 0
L -2740.0000, 447.0000, -49.0000,  -2751.0000, 459.0000, -68.0000,  0, 0, 0
L -2704.0000, 396.0000, -34.0000,  -2740.0000, 447.0000, -49.0000,  0, 0, 0
L -2683.0000, 311.0000, 26.0000,  -2704.0000, 396.0000, -34.0000,  0, 0, 0
L -2659.0000, 228.0000, 3.0000,  -2683.0000, 311.0000, 26.0000,  0, 0, 0
L -2650.0000, 209.0000, -17.0000,  -2659.0000, 228.0000, 3.0000,  0, 0, 0
L -2644.0000, 197.0000, -28.0000,  -2650.0000, 209.0000, -17.0000,  0, 0, 0
L -2641.0000, 188.0000, -22.0000,  -2644.0000, 197.0000, -28.0000,  0, 0, 0
L -2630.0000, 158.0000, -18.0000,  -2641.0000, 188.0000, -22.0000,  0, 0, 0
L -2638.0000, 75.0000, 10.0000,  -2630.0000, 158.0000, -18.0000,  0, 0, 0
L -2678.0000, 52.0000, 26.0000,  -2638.0000, 75.0000, 10.0000,  0, 0, 0
L -2704.0000, 38.0000, 24.0000,  -2678.0000, 52.0000, 26.0000,  0, 0, 0
L -2772.0000, 25.0000, 46.0000,  -2704.0000, 38.0000, 24.0000,  0, 0, 0
L -2801.0000, 20.0000, 39.0000,  -2772.0000, 25.0000, 46.0000,  0, 0, 0
L -2942.0000, 37.0000, 62.0000,  -2801.0000, 20.0000, 39.0000,  0, 0, 0
L -2973.0000, 41.0000, 98.0000,  -2942.0000, 37.0000, 62.0000,  0, 0, 0
L -2983.0000, 36.0000, 100.0000,  -2973.0000, 41.0000, 98.0000,  0, 0, 0
L -2998.0000, 26.0000, 91.0000,  -2983.0000, 36.0000, 100.0000,  0, 0, 0
L -3024.0000, 13.0000, 99.0000,  -2998.0000, 26.0000, 91.0000,  0, 0, 0
L -3048.0000, 0.0000, 108.0000,  -3024.0000, 13.0000, 99.0000,  0, 0, 0
L -3138.0000, -30.0000, 207.0000,  -3048.0000, 0.0000, 108.0000,  0, 0, 0
L -3233.0000, -29.0000, 200.0000,  -3138.0000, -30.0000, 207.0000,  0, 0, 0
L -3267.0000, -57.0000, 204.0000,  -3233.0000, -29.0000, 200.0000,  0, 0, 0
L -3299.0000, -206.0000, 203.0000,  -3267.0000, -57.0000, 204.0000,  0, 0, 0
L -3300.0000, -211.0000, 201.0000,  -3299.0000, -206.0000, 203.0000,  0, 0, 0
L -3258.0000, -345.0000, 205.0000,  -3300.0000, -211.0000, 201.0000,  0, 0, 0
L -3327.0000, -487.0000, 194.0000,  -3258.0000, -345.0000, 205.0000,  0, 0, 0
L -3342.0000, -517.0000, 184.0000,  -3327.0000, -487.0000, 194.0000,  0, 0, 0
L -3382.0000, -542.0000, 217.0000,  -3342.0000, -517.0000, 184.0000,  0, 0, 0
L -3399.0000, -558.0000, 209.0000,  -3382.0000, -542.0000, 217.0000,  0, 0, 0
L -3402.0000, -560.0000, 212.0000,  -3399.0000, -558.0000, 209.0000,  0, 0, 0
L -3415.0000, -578.0000, 208.0000,  -3402.0000, -560.0000, 212.0000,  0, 0, 0
L -3421.0000, -587.0000, 190.0000,  -3415.0000, -578.0000, 208.0000,  0, 0, 0
L -3420.0000, -608.0000, 182.0000,  -3421.0000, -587.0000, 190.0000,  0, 0, 0
L -3420.0000, -653.0000, 193.0000,  -3420.0000, -608.0000, 182.0000,  0, 0, 0
L -3349.0000, -691.0000, 172.0000,  -3420.0000, -653.0000, 193.0000,  0, 0, 0
L -3323.0000, -705.0000, 154.0000,  -3349.0000, -691.0000, 172.0000,  0, 0, 0
L -3281.0000, -749.0000, 125.0000,  -3323.0000, -705.0000, 154.0000,  0, 0, 0
L -3271.0000, -760.0000, 108.0000,  -3281.0000, -749.0000, 125.0000,  0, 0, 0
L -3272.0000, -764.0000, 109.0000,  -3271.0000, -760.0000, 108.0000,  0, 0, 0
L -3260.0000, -822.0000, 33.0000,  -3272.0000, -764.0000, 109.0000,  0, 0, 0
L -3260.0000, -1137.0000, 21.0000,  -3260.0000, -822.0000, 33.0000,  0, 0, 0
L -3323.0000, -1154.0000, 125.0000,  -3260.0000, -1137.0000, 21.0000,  0, 0, 0
L -3388.0000, -1171.0000, 133.0000,  -3323.0000, -1154.0000, 125.0000,  0, 0, 0
L -3418.0000, -1179.0000, 161.0000,  -3388.0000, -1171.0000, 133.0000,  0, 0, 0
L -3425.0000, -1199.0000, 138.0000,  -3418.0000, -1179.0000, 161.0000,  0, 0, 0
L -3445.0000, -1216.0000, 161.0000,  -3425.0000, -1199.0000, 138.0000,  0, 0, 0
L -3467.0000, -1196.0000, 273.0000,  -3445.0000, -1216.0000, 161.0000,  0, 0, 0
L -3475.0000, -1201.0000, 280.0000,  -3467.0000, -1196.0000, 273.0000,  0, 0, 0
L -3497.0000, -1208.0000, 263.0000,  -3510.0000, -1306.0000, 253.0000,  255, 0, 255
L -3520.0000, -1279.0000, 280.0000,  -3523.0000, -1262.0000, 277.0000,  0, 0, 0
L -3519.0000, -1286.0000, 266.0000,  -3520.0000, -1279.0000, 280.0000,  0, 0, 0
L -3520.0000, -1289.0000, 265.0000,  -3519.0000, -1286.0000, 266.0000,  0, 0, 0
L -3520.0000, -1288.0000, 265.0000,  -3520.0000, -1289.0000, 265.0000,  0, 0, 0
L -3520.0000, -1295.0000, 266.0000,  -3520.0000, -1288.0000, 265.0000,  0, 0, 0
L -3512.0000, -1301.0000, 253.0000,  -3520.0000, -1295.0000, 266.0000,  0, 0, 0
L -3461.0000, -1436.0000, 244.0000,  -3512.0000, -1301.0000, 253.0000,  0, 0, 0
L -3402.0000, -1488.0000, 221.0000,  -3461.0000, -1436.0000, 244.0000,  0, 0, 0
L -3393.0000, -1496.0000, 228.0000,  -3402.0000, -1488.0000, 221.0000,  0, 0, 0
L -3317.0000, -1460.0000, 198.0000,  -3393.0000, -1496.0000, 228.0000,  0, 0, 0
L -3303.0000, -1391.0000, 125.0000,  -3317.0000, -1460.0000, 198.0000,  0, 0, 0
L -3164.0000, -1263.0000, 69.0000,  -3303.0000, -1391.0000, 125.0000,  0, 0, 0
L -3163.0000, -1261.0000, 70.0000,  -3164.0000, -1263.0000, 69.0000,  0, 0, 0
L -3161.0000, -1261.0000, 68.0000,  -3163.0000, -1261.0000, 70.0000,  0, 0, 0
L -3160.0000, -1259.0000, 68.0000,  -3161.0000, -1261.0000, 68.0000,  0, 0, 0
L -3150.0000, -1257.0000, 82.0000,  -3160.0000, -1259.0000, 68.0000,  0, 0, 0
L -3120.0000, -1252.0000, 80.0000,  -3150.0000, -1257.0000, 82.0000,  0, 0, 0
L -3115.0000, -1250.0000, 75.0000,  -3120.0000, -1252.0000, 80.0000,  0, 0, 0
L -3105.0000, -1247.0000, 55.0000,  -3115.0000, -1250.0000, 75.0000,  0, 0, 0
L -3102.0000, -1246.0000, 54.0000,  -3105.0000, -1247.0000, 55.0000,  0, 0, 0
L -3084.0000, -1246.0000, 34.0000,  -3102.0000, -1246.0000, 54.0000,  0, 0, 0
L -3060.0000, -1267.0000, 44.0000,  -3084.0000, -1246.0000, 34.0000,  0, 0, 0
L -3037.0000, -1287.0000, 26.0000,  -3060.0000, -1267.0000, 44.0000,  0, 0, 0
L -3037.0000, -1319.0000, 40.0000,  -3037.0000, -1287.0000, 26.0000,  0, 0, 0
L -3036.0000, -1367.0000, 92.0000,  -3037.0000, -1319.0000, 40.0000,  0, 0, 0
L -3036.0000, -1374.0000, 89.0000,  -3036.0000, -1367.0000, 92.0000,  0, 0, 0
L -3031.0000, -1391.0000, 57.0000,  -3036.0000, -1374.0000, 89.0000,  0, 0, 0
L -3033.0000, -1395.0000, 61.0000,  -3031.0000, -1391.0000, 57.0000,  0, 0, 0
L -3032.0000, -1403.0000, 44.0000,  -3033.0000, -1395.0000, 61.0000,  0, 0, 0
L -3027.0000, -1456.0000, 66.0000,  -3032.0000, -1403.0000, 44.0000,  0, 0, 0
L -3025.0000, -1458.0000, 65.0000,  -3027.0000, -1456.0000, 66.0000,  0, 0, 0
L -3014.0000, -1471.0000, 71.0000,  -3025.0000, -1458.0000, 65.0000,  0, 0, 0
L -3021.0000, -1496.0000, 60.0000,  -3014.0000, -1471.0000, 71.0000,  0, 0, 0
L -3101.0000, -1551.0000, 113.0000,  -3021.0000, -1496.0000, 60.0000,  0, 0, 0
L -3119.0000, -1574.0000, 80.0000,  -3101.0000, -1551.0000, 113.0000,  0, 0, 0
L -3145.0000, -1600.0000, 80.0000,  -3119.0000, -1574.0000, 80.0000,  0, 0, 0
L -3171.0000, -1630.0000, 115.0000,  -3145.0000, -1600.0000, 80.0000,  0, 0, 0
L -3166.0000, -1702.0000, 52.0000,  -3171.0000, -1630.0000, 115.0000,  0, 0, 0
L -3165.0000, -1707.0000, 53.0000,  -3166.0000, -1702.0000, 52.0000,  0, 0, 0
L -3164.0000, -1721.0000, 66.0000,  -3165.0000, -1707.0000, 53.0000,  0, 0, 0
L -3118.0000, -1767.0000, 45.0000,  -3164.0000, -1721.0000, 66.0000,  0, 0, 0
L -3117.0000, -1768.0000, 48.0000,  -3118.0000, -1767.0000, 45.0000,  0, 0, 0
L -2945.0000, -1793.0000, 108.0000,  -3117.0000, -1768.0000, 48.0000,  0, 0, 0
L -2912.0000, -1797.0000, 135.0000,  -2945.0000, -1793.0000, 108.0000,  0, 0, 0
L -2860.0000, -1834.0000, 117.0000,  -2912.0000, -1797.0000, 135.0000,  0, 0, 0
L -2856.0000, -1837.0000, 108.0000,  -2860.0000, -1834.0000, 117.0000,  0, 0, 0
L -2852.0000, -1840.0000, 107.0000,  -2856.0000, -1837.0000, 108.0000,  0, 0, 0
L -2845.0000, -1845.0000, 100.0000,  -2852.0000, -1840.0000, 107.0000,  0, 0, 0
L -2759.0000, -1848.0000, 74.0000,  -2845.0000, -1845.0000, 100.0000,  0, 0, 0
L -2739.0000, -1854.0000, 75.0000,  -2759.0000, -1848.0000, 74.0000,  0, 0, 0
L -2712.0000, -1861.0000, 50.0000,  -2739.0000, -1854.0000, 75.0000,  0, 0, 0
L -2690.0000, -1859.0000, 28.0000,  -2712.0000, -1861.0000, 50.0000,  0, 0, 0
L -2663.0000, -1859.0000, 18.0000,  -2690.0000, -1859.0000, 28.0000,  0, 0, 0
L -2620.0000, -1868.0000, 18.0000,  -2663.0000, -1859.0000, 18.0000,  0, 0, 0
L -2560.0000, -1887.0000, 83.0000,  -2620.0000, -1868.0000, 18.0000,  0, 0, 0
L -2501.0000, -1915.0000, 117.0000,  -2560.0000, -1887.0000, 83.0000,  0, 0, 0
L -2468.0000, -1938.0000, 171.0000,  -2501.0000, -1915.0000, 117.0000,  0, 0, 0
L -2422.0000, -1921.0000, 210.0000,  -2468.0000, -1938.0000, 171.0000,  0, 0, 0
L -2413.0000, -1917.0000, 206.0000,  -2422.0000, -1921.0000, 210.0000,  0, 0, 0
L -2391.0000, -1911.0000, 207.0000,  -2413.0000, -1917.0000, 206.0000,  0, 0, 0
L -2354.0000, -1907.0000, 196.0000,  -2391.0000, -1911.0000, 207.0000,  0, 0, 0
L -2228.0000, -1917.0000, 186.0000,  -2354.0000, -1907.0000, 196.0000,  0, 0, 0
L -2201.0000, -1919.0000, 167.0000,  -2228.0000, -1917.0000, 186.0000,  0, 0, 0
L -2145.0000, -1912.0000, 88.0000,  -2201.0000, -1919.0000, 167.0000,  0, 0, 0
L -2119.0000, -1912.0000, 69.0000,  -2145.0000, -1912.0000, 88.0000,  0, 0, 0
L -2100.0000, -1911.0000, 71.0000,  -2119.0000, -1912.0000, 69.0000,  0, 0, 0
L -2096.0000, -1911.0000, 75.0000,  -2100.0000, -1911.0000, 71.0000,  0, 0, 0
L -1995.0000, -1892.0000, 88.0000,  -2096.0000, -1911.0000, 75.0000,  0, 0, 0
L -1883.0000, -1828.0000, 70.0000,  -1995.0000, -1892.0000, 88.0000,  0, 0, 0
L -1843.0000, -1795.0000, 92.0000,  -1883.0000, -1828.0000, 70.0000,  0, 0, 0
L -1835.0000, -1792.0000, 89.0000,  -1843.0000, -1795.0000, 92.0000,  0, 0, 0
L -1803.0000, -1787.0000, 103.0000,  -1835.0000, -1792.0000, 89.0000,  0, 0, 0
L -1793.0000, -1754.0000, 117.0000,  -1803.0000, -1787.0000, 103.0000,  0, 0, 0
L -1757.0000, -1656.0000, 100.0000,  -1793.0000, -1754.0000, 117.0000,  0, 0, 0
L -1745.0000, -1617.0000, 101.0000,  -1757.0000, -1656.0000, 100.0000,  0, 0, 0
L -1742.0000, -1560.0000, 137.0000,  -1745.0000, -1617.0000, 101.0000,  0, 0, 0
L -1741.0000, -1550.0000, 137.0000,  -1742.0000, -1560.0000, 137.0000,  0, 0, 0
L -1736.0000, -1463.0000, 90.0000,  -1741.0000, -1550.0000, 137.0000,  0, 0, 0
L -1714.0000, -1429.0000, 80.0000,  -1736.0000, -1463.0000, 90.0000,  0, 0, 0
L -1697.0000, -1404.0000, 85.0000,  -1714.0000, -1429.0000, 80.0000,  0, 0, 0
L -1666.0000, -1380.0000, 110.0000,  -1697.0000, -1404.0000, 85.0000,  0, 0, 0
L -1626.0000, -1378.0000, 173.0000,  -1666.0000, -1380.0000, 110.0000,  0, 0, 0
L -1624.0000, -1378.0000, 173.0000,  -1626.0000, -1378.0000, 173.0000,  0, 0, 0
L -1602.0000, -1330.0000, 166.0000,  -1624.0000, -1378.0000, 173.0000,  0, 0, 0
L -1583.0000, -1269.0000, 178.0000,  -1602.0000, -1330.0000, 166.0000,  0, 0, 0
L -1545.0000, -1216.0000, 191.0000,  -1583.0000, -1269.0000, 178.0000,  0, 0, 0
L -1482.0000, -1197.0000, 224.0000,  -1545.0000, -1216.0000, 191.0000,  0, 0, 0
L -1480.0000, -1197.0000, 228.0000,  -1482.0000, -1197.0000, 224.0000,  0, 0, 0
L -1470.0000, -1186.0000, 217.0000,  -1480.0000, -1197.0000, 228.0000,  0, 0, 0
L -1460.0000, -1168.0000, 195.0000,  -1470.0000, -1186.0000, 217.0000,  0, 0, 0
L -1457.0000, -1162.0000, 194.0000,  -1460.0000, -1168.0000, 195.0000,  0, 0, 0
L -1438.0000, -1148.0000, 207.0000,  -1457.0000, -1162.0000, 194.0000,  0, 0, 0
L -1427.0000, -1156.0000, 235.0000,  -1438.0000, -1148.0000, 207.0000,  0, 0, 0
L -1411.0000, -1167.0000, 243.0000,  -1427.0000, -1156.0000, 235.0000,  0, 0, 0
L -1397.0000, -1195.0000, 254.0000,  -1411.0000, -1167.0000, 243.0000,  0, 0, 0
L -1359.0000, -1238.0000, 263.0000,  -1397.0000, -1195.0000, 254.0000,  0, 0, 0
L -1323.0000, -1254.0000, 234.0000,  -1359.0000, -1238.0000, 263.0000,  0, 0, 0
L -1320.0000, -1254.0000, 234.0000,  -1323.0000, -1254.0000, 234.0000,  0, 0, 0
L -1310.0000, -1259.0000, 220.0000,  -1320.0000, -1254.0000, 234.0000,  0, 0, 0
L -1237.0000, -1281.0000, 204.0000,  -1310.0000, -1259.0000, 220.0000,  0, 0, 0
L -1201.0000, -1304.0000, 207.0000,  -1237.0000, -1281.0000, 204.0000,  0, 0, 0
L -1194.0000, -1310.0000, 201.0000,  -1201.0000, -1304.0000, 207.0000,  0, 0, 0
L -1187.0000, -1319.0000, 176.0000,  -1194.0000, -1310.0000, 201.0000,  0, 0, 0
L -1183.0000, -1326.0000, 175.0000,  -1187.0000, -1319.0000, 176.0000,  0, 0, 0
L -1166.0000, -1351.0000, 184.0000,  -1183.0000, -1326.0000, 175.0000,  0, 0, 0
L -1159.0000, -1361.0000, 199.0000,  -1166.0000, -1351.0000, 184.0000,  0, 0, 0
L -1142.0000, -1385.0000, 211.0000,  -1159.0000, -1361.0000, 199.0000,  0, 0, 0
L -1121.0000, -1414.0000, 201.0000,  -1142.0000, -1385.0000, 211.0000,  0, 0, 0
L -1130.0000, -1478.0000, 200.0000,  -1121.0000, -1414.0000, 201.0000,  0, 0, 0
L -1132.0000, -1489.0000, 211.0000,  -1130.0000, -1478.0000, 200.0000,  0, 0, 0
L -1133.0000, -1502.0000, 212.0000,  -1132.0000, -1489.0000, 211.0000,  0, 0, 0
L -1142.0000, -1559.0000, 243.0000,  -1133.0000, -1502.0000, 212.0000,  0, 0, 0
L -1145.0000, -1581.0000, 245.0000,  -1142.0000, -1559.0000, 243.0000,  0, 0, 0
L -1105.0000, -1628.0000, 219.0000,  -1145.0000, -1581.0000, 245.0000,  0, 0, 0
L -1085.0000, -1652.0000, 249.0000,  -1105.0000, -1628.0000, 219.0000,  0, 0, 0
L -954.0000, -1636.0000, 236.0000,  -1085.0000, -1652.0000, 249.0000,  0, 0, 0
L -923.0000, -1632.0000, 247.0000,  -954.0000, -1636.0000, 236.0000,  0, 0, 0
L -921.0000, -1626.0000, 246.0000,  -923.0000, -1632.0000, 247.0000,  0, 0, 0
L -915.0000, -1601.0000, 197.0000,  -921.0000, -1626.0000, 246.0000,  0, 0, 0
L -915.0000, -1593.0000, 196.0000,  -915.0000, -1601.0000, 197.0000,  0, 0, 0
L -909.0000, -1595.0000, 246.0000,  -913.0000, -1595.0000, 237.0000,  0, 0, 0
L -888.0000, -1610.0000, 256.0000,  -909.0000, -1595.0000, 246.0000,  0, 0, 0
L -884.0000, -1613.0000, 247.0000,  -888.0000, -1610.0000, 256.0000,  0, 0, 0
L -875.0000, -1619.0000, 243.0000,  -884.0000, -1613.0000, 247.0000,  0, 0, 0
L -873.0000, -1621.0000, 246.0000,  -875.0000, -1619.0000, 243.0000,  0, 0, 0
L -866.0000, -1636.0000, 230.0000,  -873.0000, -1621.0000, 246.0000,  0, 0, 0
L -864.0000, -1644.0000, 218.0000,  -866.0000, -1636.0000, 230.0000,  0, 0, 0
L -850.0000, -1680.0000, 217.0000,  -864.0000, -1644.0000, 218.0000,  0, 0, 0
L -865.0000, -1685.0000, 248.0000,  -850.0000, -1680.0000, 217.0000,  0, 0, 0
L -859.0000, -1683.0000, 227.0000,  -860.0000, -1683.0000, 228.0000,  0, 0, 0
L -874.0000, -1688.0000, 289.0000,  -850.0000, -1680.0000, 250.0000,  0, 0, 0
L -901.0000, -1697.0000, 274.0000,  -874.0000, -1688.0000, 289.0000,  0, 0, 0
L -916.0000, -1702.0000, 255.0000,  -901.0000, -1697.0000, 274.0000,  0, 0, 0
L -918.0000, -1702.0000, 259.0000,  -916.0000, -1702.0000, 255.0000,  0, 0, 0
L -930.0000, -1708.0000, 265.0000,  -918.0000, -1702.0000, 259.0000,  0, 0, 0
L -932.0000, -1707.0000, 272.0000,  -930.0000, -1708.0000, 265.0000,  0, 0, 0
L -946.0000, -1711.0000, 282.0000,  -932.0000, -1707.0000, 272.0000,  0, 0, 0
L -3476.0000, -1201.0000, 281.0000,  -3489.0000, -1201.0000, 322.0000,  0, 0, 0
L -3489.0000, -1201.0000, 322.0000,  -3500.0000, -1203.0000, 310.0000,  0, 0, 0
L -3500.0000, -1203.0000, 310.0000,  -3518.0000, -1208.0000, 256.0000,  0, 0, 0
L -3518.0000, -1208.0000, 256.0000,  -3521.0000, -1209.0000, 256.0000,  0, 0, 0
L -3521.0000, -1209.0000, 256.0000,  -3522.0000, -1209.0000, 261.0000,  0, 0, 0
L 217.0000, 1876.0000, 29.0000,  243.0000, 1897.0000, 44.0000,  0, 0, 0
L 243.0000, 1897.0000, 44.0000,  301.8840, 1949.9955, 30.0000,  0, 0, 0
L 1377.0000, -1671.0000, 86.0000,  1394.1238, -1751.5839, 158.0000,  255, 0, 212
L 1394.1238, -1751.5839, 156.0000,  1380.0000, -1761.0000, 156.0000,  0, 0, 0
L 1380.0000, -1761.0000, 156.0000,  1334.0000, -1754.0000, 91.0000,  0, 0, 0
L 1334.0000, -1754.0000, 91.0000,  1289.0000, -1761.0000, 78.0000,  0, 0, 0
L 1289.0000, -1761.0000, 78.0000,  1281.0000, -1783.0000, 99.0000,  0, 0, 0
L 1281.0000, -1783.0000, 99.0000,  1278.0000, -1785.0000, 100.0000,  0, 0, 0
L 1278.0000, -1785.0000, 100.0000,  1282.0000, -1784.0000, 100.0000,  0, 0, 0
L 1282.0000, -1784.0000, 100.0000,  1222.0000, -1799.0000, 113.0000,  0, 0, 0
L 1222.0000, -1799.0000, 113.0000,  1185.0000, -1790.0000, 111.0000,  0, 0, 0
L 1185.0000, -1790.0000, 111.0000,  1175.0000, -1788.0000, 117.0000,  0, 0, 0
L 1175.0000, -1788.0000, 117.0000,  1126.0000, -1777.0000, 108.0000,  0, 0, 0
L 1126.0000, -1777.0000, 108.0000,  1096.0000, -1771.0000, 110.0000,  0, 0, 0
L 1096.0000, -1771.0000, 110.0000,  1094.0000, -1770.0000, 116.0000,  0, 0, 0
L 1094.0000, -1770.0000, 114.0000,  1093.0000, -1758.0000, 81.0000,  0, 0, 0
L 1093.0000, -1758.0000, 81.0000,  1087.0000, -1750.0000, 81.0000,  0, 0, 0
L 1087.0000, -1750.0000, 81.0000,  1070.0000, -1742.0000, 77.0000,  0, 0, 0
L 1070.0000, -1742.0000, 77.0000,  1048.0000, -1744.0000, 94.0000,  0, 0, 0
L 1048.0000, -1744.0000, 94.0000,  1031.0000, -1757.0000, 119.0000,  0, 0, 0
L 1031.0000, -1757.0000, 119.0000,  1026.0000, -1768.0000, 121.0000,  0, 0, 0
L 1026.0000, -1768.0000, 121.0000,  1017.0000, -1769.0000, 109.0000,  0, 0, 0
L 1017.0000, -1769.0000, 109.0000,  1008.0000, -1774.0000, 110.0000,  0, 0, 0
L 1008.0000, -1774.0000, 110.0000,  1002.0000, -1777.0000, 117.0000,  0, 0, 0
L 1002.0000, -1777.0000, 117.0000,  977.0000, -1776.0000, 118.0000,  0, 0, 0
L 977.0000, -1776.0000, 118.0000,  937.0000, -1810.0000, 130.0000,  0, 0, 0
L 937.0000, -1810.0000, 130.0000,  897.0000, -1838.0000, 161.0000,  0, 0, 0
L 897.0000, -1838.0000, 161.0000,  895.0000, -1837.0000, 159.0000,  0, 0, 0
L 895.0000, -1837.0000, 159.0000,  822.0000, -1782.0000, 158.0000,  0, 0, 0
L 822.0000, -1782.0000, 158.0000,  791.0000, -1758.0000, 186.0000,  0, 0, 0
L 791.0000, -1758.0000, 186.0000,  760.0000, -1733.0000, 171.0000,  0, 0, 0
L 760.0000, -1733.0000, 171.0000,  734.0000, -1736.0000, 179.0000,  0, 0, 0
L 734.0000, -1736.0000, 179.0000,  690.0000, -1742.0000, 168.0000,  0, 0, 0
L 690.0000, -1742.0000, 168.0000,  682.0000, -1751.0000, 175.0000,  0, 0, 0
L 682.0000, -1751.0000, 175.0000,  613.0000, -1827.0000, 192.0000,  0, 0, 0
L 613.0000, -1827.0000, 192.0000,  564.0000, -1849.0000, 205.0000,  0, 0, 0
L 564.0000, -1849.0000, 205.0000,  532.0000, -1864.0000, 229.0000,  0, 0, 0
L 532.0000, -1864.0000, 229.0000,  498.0000, -1860.0000, 232.0000,  0, 0, 0
L 498.0000, -1860.0000, 232.0000,  392.0000, -1862.0000, 181.0000,  0, 0, 0
L 392.0000, -1862.0000, 181.0000,  346.0000, -1894.0000, 196.0000,  0, 0, 0
L 346.0000, -1894.0000, 196.0000,  318.0000, -1907.0000, 188.0000,  0, 0, 0
L 318.0000, -1907.0000, 188.0000,  208.0000, -1959.0000, 221.0000,  0, 0, 0
L 208.0000, -1959.0000, 221.0000,  178.0000, -1969.0000, 244.0000,  0, 0, 0
L 178.0000, -1969.0000, 244.0000,  63.0000, -2005.0000, 259.0000,  0, 0, 0
L 63.0000, -2005.0000, 259.0000,  35.0000, -1992.0000, 243.0000,  0, 0, 0
L 35.0000, -1992.0000, 243.0000,  -140.0000, -1911.0000, 299.0000,  0, 0, 0
L -140.0000, -1911.0000, 299.0000,  -375.0000, -1878.0000, 249.0000,  0, 0, 0
L -375.0000, -1878.0000, 249.0000,  -458.0000, -1823.0000, 234.0000,  0, 0, 0
L -458.0000, -1823.0000, 234.0000,  -489.0000, -1800.0000, 245.0000,  0, 0, 0
L -489.0000, -1800.0000, 245.0000,  -622.0000, -1705.0000, 266.0000,  0, 0, 0
L -622.0000, -1705.0000, 266.0000,  -634.0000, -1709.0000, 272.0000,  0, 0, 0
L -634.0000, -1709.0000, 272.0000,  -866.0000, -1781.0000, 298.0000,  0, 0, 0
L -866.0000, -1781.0000, 298.0000,  -873.0000, -1794.0000, 302.0000,  0, 0, 0
L 957.0000, -917.0000, 59.0000,  957.0000, -916.0000, 59.0000,  64, 64, 64
L 964.0000, -917.0000, 59.0000,  957.0000, -917.0000, 59.0000,  64, 64, 64
L 965.0000, -918.0000, 59.0000,  964.0000, -917.0000, 59.0000,  64, 64, 64
L 968.0000, -916.0000, 59.0000,  965.0000, -918.0000, 59.0000,  64, 64, 64
L 968.0000, -914.0000, 59.0000,  968.0000, -916.0000, 59.0000,  64, 64, 64
L 980.0000, -897.0000, 59.0000,  968.0000, -914.0000, 59.0000,  64, 64, 64
L 1000.0000, -890.0000, 59.0000,  980.0000, -897.0000, 59.0000,  64, 64, 64
L 1002.0000, -891.0000, 59.0000,  1000.0000, -890.0000, 59.0000,  64, 64, 64
L 1003.0000, -890.0000, 59.0000,  1002.0000, -891.0000, 59.0000,  64, 64, 64
L 1023.0000, -897.0000, 59.0000,  1003.0000, -890.0000, 59.0000,  64, 64, 64
L 1035.0000, -913.0000, 59.0000,  1023.0000, -897.0000, 59.0000,  64, 64, 64
L 1036.0000, -915.0000, 59.0000,  1035.0000, -913.0000, 59.0000,  64, 64, 64
L 1036.0000, -937.0000, 59.0000,  1036.0000, -915.0000, 59.0000,  64, 64, 64
L 1023.0000, -955.0000, 59.0000,  1036.0000, -937.0000, 59.0000,  64, 64, 64
L 1004.0000, -961.0000, 59.0000,  1023.0000, -955.0000, 59.0000,  64, 64, 64
L 1003.0000, -961.0000, 59.0000,  1004.0000, -961.0000, 59.0000,  64, 64, 64
L 1002.0000, -962.0000, 59.0000,  1003.0000, -961.0000, 59.0000,  64, 64, 64
L 980.0000, -955.0000, 59.0000,  1002.0000, -962.0000, 59.0000,  64, 64, 64
L 970.0000, -941.0000, 59.0000,  980.0000, -955.0000, 59.0000,  64, 64, 64
L 970.0000, -940.0000, 59.0000,  970.0000, -941.0000, 59.0000,  64, 64, 64
L 968.0000, -936.0000, 59.0000,  970.0000, -940.0000, 59.0000,  64, 64, 64
L 967.0000, -935.0000, 59.0000,  968.0000, -936.0000, 59.0000,  64, 64, 64
L 961.0000, -935.0000, 59.0000,  967.0000, -935.0000, 59.0000,  64, 64, 64
L 959.0000, -934.0000, 59.0000,  961.0000, -935.0000, 59.0000,  64, 64, 64
L 957.0000, -935.0000, 59.0000,  959.0000, -934.0000, 59.0000,  64, 64, 64
L 956.0000, -936.0000, 59.0000,  957.0000, -935.0000, 59.0000,  64, 64, 64
L 958.0000, -940.0000, 59.0000,  956.0000, -936.0000, 59.0000,  64, 64, 64
L 972.0000, -960.0000, 59.0000,  958.0000, -940.0000, 59.0000,  64, 64, 64
L 973.0000, -961.0000, 59.0000,  972.0000, -960.0000, 59.0000,  64, 64, 64
L 974.0000, -963.0000, 59.0000,  973.0000, -961.0000, 59.0000,  64, 64, 64
L 991.0000, -968.0000, 59.0000,  974.0000, -963.0000, 59.0000,  64, 64, 64
L 993.0000, -970.0000, 59.0000,  991.0000, -968.0000, 59.0000,  64, 64, 64
L 995.0000, -971.0000, 59.0000,  993.0000, -970.0000, 59.0000,  64, 64, 64
L 1002.0000, -972.0000, 59.0000,  995.0000, -971.0000, 59.0000,  64, 64, 64
L 1026.0000, -964.0000, 59.0000,  1002.0000, -972.0000, 59.0000,  64, 64, 64
L 1027.0000, -964.0000, 59.0000,  1026.0000, -964.0000, 59.0000,  64, 64, 64
L 1029.0000, -963.0000, 59.0000,  1027.0000, -964.0000, 59.0000,  64, 64, 64
L 1044.0000, -942.0000, 59.0000,  1029.0000, -963.0000, 59.0000,  64, 64, 64
L 1045.0000, -941.0000, 59.0000,  1044.0000, -942.0000, 59.0000,  64, 64, 64
L 1045.0000, -920.0000, 59.0000,  1045.0000, -941.0000, 59.0000,  64, 64, 64
L 1046.0000, -917.0000, 59.0000,  1045.0000, -920.0000, 59.0000,  64, 64, 64
L 1046.0000, -913.0000, 59.0000,  1046.0000, -917.0000, 59.0000,  64, 64, 64
L 1045.0000, -911.0000, 59.0000,  1046.0000, -913.0000, 59.0000,  64, 64, 64
L 1031.0000, -891.0000, 59.0000,  1045.0000, -911.0000, 59.0000,  64, 64, 64
L 1028.0000, -888.0000, 59.0000,  1031.0000, -891.0000, 59.0000,  64, 64, 64
L 1008.0000, -882.0000, 59.0000,  1028.0000, -888.0000, 59.0000,  64, 64, 64
L 1005.0000, -880.0000, 59.0000,  1008.0000, -882.0000, 59.0000,  64, 64, 64
L 1002.0000, -880.0000, 59.0000,  1005.0000, -880.0000, 59.0000,  64, 64, 64
L 984.0000, -885.0000, 59.0000,  1002.0000, -880.0000, 59.0000,  64, 64, 64
L 982.0000, -886.0000, 59.0000,  984.0000, -885.0000, 59.0000,  64, 64, 64
L 980.0000, -886.0000, 59.0000,  982.0000, -886.0000, 59.0000,  64, 64, 64
L 975.0000, -887.0000, 59.0000,  980.0000, -886.0000, 59.0000,  64, 64, 64
L 959.0000, -910.0000, 59.0000,  975.0000, -887.0000, 59.0000,  64, 64, 64
L 958.0000, -913.0000, 59.0000,  959.0000, -910.0000, 59.0000,  64, 64, 64
L 827.0000, -561.0000, 47.0000,  826.0000, -561.0000, 47.0000,  64, 64, 64
L 827.0000, -557.0000, 46.0000,  827.0000, -561.0000, 47.0000,  64, 64, 64
L 827.0000, -556.0000, 46.0000,  827.0000, -557.0000, 46.0000,  64, 64, 64
L 828.0000, -555.0000, 46.0000,  827.0000, -556.0000, 46.0000,  64, 64, 64
L 828.0000, -552.0000, 46.0000,  828.0000, -555.0000, 46.0000,  64, 64, 64
L 826.0000, -550.0000, 46.0000,  828.0000, -552.0000, 46.0000,  64, 64, 64
L 824.0000, -550.0000, 46.0000,  826.0000, -550.0000, 46.0000,  64, 64, 64
L 809.0000, -539.0000, 44.0000,  824.0000, -550.0000, 46.0000,  64, 64, 64
L 807.0000, -538.0000, 44.0000,  809.0000, -539.0000, 44.0000,  64, 64, 64
L 807.0000, -536.0000, 44.0000,  807.0000, -538.0000, 44.0000,  64, 64, 64
L 801.0000, -518.0000, 43.0000,  807.0000, -536.0000, 44.0000,  64, 64, 64
L 800.0000, -516.0000, 43.0000,  801.0000, -518.0000, 43.0000,  64, 64, 64
L 807.0000, -495.0000, 42.0000,  800.0000, -516.0000, 43.0000,  64, 64, 64
L 825.0000, -482.0000, 41.0000,  807.0000, -495.0000, 42.0000,  64, 64, 64
L 844.0000, -482.0000, 41.0000,  825.0000, -482.0000, 41.0000,  64, 64, 64
L 846.0000, -483.0000, 41.0000,  844.0000, -482.0000, 41.0000,  64, 64, 64
L 846.0000, -482.0000, 41.0000,  846.0000, -483.0000, 41.0000,  64, 64, 64
L 847.0000, -482.0000, 41.0000,  846.0000, -482.0000, 41.0000,  64, 64, 64
L 863.0000, -494.0000, 43.0000,  847.0000, -482.0000, 41.0000,  64, 64, 64
L 870.0000, -509.0000, 45.0000,  870.0000, -510.0000, 45.0000,  64, 64, 64
L 869.0000, -507.0000, 45.0000,  870.0000, -509.0000, 45.0000,  64, 64, 64
L 866.0000, -498.0000, 44.0000,  869.0000, -507.0000, 45.0000,  64, 64, 64
L 866.0000, -496.0000, 43.0000,  866.0000, -498.0000, 44.0000,  64, 64, 64
L 863.0000, -493.0000, 43.0000,  866.0000, -496.0000, 43.0000,  64, 64, 64
L 872.0000, -514.0000, 46.0000,  871.0000, -513.0000, 46.0000,  64, 64, 64
L 872.0000, -515.0000, 46.0000,  872.0000, -514.0000, 46.0000,  64, 64, 64
L 871.0000, -517.0000, 46.0000,  872.0000, -515.0000, 46.0000,  64, 64, 64
L 871.0000, -520.0000, 46.0000,  871.0000, -517.0000, 46.0000,  64, 64, 64
L 870.0000, -524.0000, 46.0000,  870.0000, -523.0000, 46.0000,  64, 64, 64
L 869.0000, -525.0000, 46.0000,  870.0000, -524.0000, 46.0000,  64, 64, 64
L 870.0000, -523.0000, 46.0000,  869.0000, -525.0000, 46.0000,  64, 64, 64
L 868.0000, -526.0000, 46.0000,  870.0000, -523.0000, 46.0000,  64, 64, 64
L 868.0000, -529.0000, 47.0000,  868.0000, -526.0000, 46.0000,  64, 64, 64
L 867.0000, -533.0000, 47.0000,  868.0000, -529.0000, 47.0000,  64, 64, 64
L 866.0000, -535.0000, 47.0000,  867.0000, -533.0000, 47.0000,  64, 64, 64
L 866.0000, -537.0000, 47.0000,  866.0000, -535.0000, 47.0000,  64, 64, 64
L 865.0000, -538.0000, 47.0000,  866.0000, -537.0000, 47.0000,  64, 64, 64
L 853.0000, -547.0000, 47.0000,  865.0000, -538.0000, 47.0000,  64, 64, 64
L 846.0000, -550.0000, 47.0000,  853.0000, -547.0000, 47.0000,  64, 64, 64
L 846.0000, -551.0000, 47.0000,  846.0000, -550.0000, 47.0000,  64, 64, 64
L 845.0000, -559.0000, 48.0000,  846.0000, -551.0000, 47.0000,  64, 64, 64
L 846.0000, -561.0000, 48.0000,  845.0000, -559.0000, 48.0000,  64, 64, 64
L 849.0000, -561.0000, 48.0000,  846.0000, -561.0000, 48.0000,  64, 64, 64
L 857.0000, -555.0000, 48.0000,  849.0000, -561.0000, 48.0000,  64, 64, 64
L 874.0000, -543.0000, 48.0000,  857.0000, -555.0000, 48.0000,  64, 64, 64
L 874.0000, -541.0000, 49.0000,  874.0000, -543.0000, 48.0000,  64, 64, 64
L 875.0000, -539.0000, 48.0000,  874.0000, -541.0000, 49.0000,  64, 64, 64
L 876.0000, -537.0000, 49.0000,  875.0000, -539.0000, 48.0000,  64, 64, 64
L 876.0000, -535.0000, 48.0000,  876.0000, -537.0000, 49.0000,  64, 64, 64
L 880.0000, -523.0000, 47.0000,  876.0000, -535.0000, 48.0000,  64, 64, 64
L 882.0000, -520.0000, 47.0000,  880.0000, -523.0000, 47.0000,  64, 64, 64
L 882.0000, -517.0000, 46.0000,  882.0000, -520.0000, 47.0000,  64, 64, 64
L 881.0000, -513.0000, 46.0000,  882.0000, -517.0000, 46.0000,  64, 64, 64
L 874.0000, -492.0000, 43.0000,  881.0000, -513.0000, 46.0000,  64, 64, 64
L 874.0000, -490.0000, 43.0000,  874.0000, -492.0000, 43.0000,  64, 64, 64
L 873.0000, -489.0000, 43.0000,  874.0000, -490.0000, 43.0000,  64, 64, 64
L 857.0000, -477.0000, 41.0000,  873.0000, -489.0000, 43.0000,  64, 64, 64
L 850.0000, -473.0000, 41.0000,  857.0000, -477.0000, 41.0000,  64, 64, 64
L 825.0000, -473.0000, 41.0000,  850.0000, -473.0000, 41.0000,  64, 64, 64
L 824.0000, -472.0000, 41.0000,  825.0000, -473.0000, 41.0000,  64, 64, 64
L 822.0000, -473.0000, 41.0000,  824.0000, -472.0000, 41.0000,  64, 64, 64
L 799.0000, -489.0000, 41.0000,  822.0000, -473.0000, 41.0000,  64, 64, 64
L 794.0000, -505.0000, 42.0000,  799.0000, -489.0000, 41.0000,  64, 64, 64
L 792.0000, -510.0000, 44.0000,  793.0000, -509.0000, 44.0000,  64, 64, 64
L 792.0000, -512.0000, 44.0000,  792.0000, -510.0000, 44.0000,  64, 64, 64
L 791.0000, -514.0000, 47.0000,  792.0000, -512.0000, 44.0000,  64, 64, 64
L 790.0000, -515.0000, 47.0000,  791.0000, -514.0000, 47.0000,  64, 64, 64
L 790.0000, -517.0000, 46.0000,  790.0000, -515.0000, 47.0000,  64, 64, 64
L 791.0000, -518.0000, 47.0000,  790.0000, -517.0000, 46.0000,  64, 64, 64
L 793.0000, -523.0000, 43.0000,  791.0000, -518.0000, 47.0000,  64, 64, 64
L 797.0000, -538.0000, 44.0000,  794.0000, -528.0000, 44.0000,  64, 64, 64
L 798.0000, -540.0000, 44.0000,  797.0000, -538.0000, 44.0000,  64, 64, 64
L 798.0000, -543.0000, 44.0000,  798.0000, -540.0000, 44.0000,  64, 64, 64
L 819.0000, -558.0000, 46.0000,  798.0000, -543.0000, 44.0000,  64, 64, 64
L 821.0000, -559.0000, 46.0000,  819.0000, -558.0000, 46.0000,  64, 64, 64
L 823.0000, -560.0000, 47.0000,  821.0000, -559.0000, 46.0000,  64, 64, 64
L 725.0000, -589.0000, 47.0000,  725.0000, -590.0000, 47.0000,  64, 64, 64
L 726.0000, -587.0000, 47.0000,  725.0000, -589.0000, 47.0000,  64, 64, 64
L 731.0000, -578.0000, 46.0000,  726.0000, -587.0000, 47.0000,  64, 64, 64
L 732.0000, -575.0000, 45.0000,  731.0000, -578.0000, 46.0000,  64, 64, 64
L 733.0000, -572.0000, 45.0000,  732.0000, -575.0000, 45.0000,  64, 64, 64
L 737.0000, -569.0000, 45.0000,  733.0000, -572.0000, 45.0000,  64, 64, 64
L 737.0000, -562.0000, 45.0000,  737.0000, -569.0000, 45.0000,  64, 64, 64
L 732.0000, -539.0000, 44.0000,  737.0000, -562.0000, 45.0000,  64, 64, 64
L 732.0000, -535.0000, 44.0000,  732.0000, -539.0000, 44.0000,  64, 64, 64
L 714.0000, -519.0000, 43.0000,  732.0000, -535.0000, 44.0000,  64, 64, 64
L 712.0000, -517.0000, 43.0000,  714.0000, -519.0000, 43.0000,  64, 64, 64
L 710.0000, -516.0000, 43.0000,  712.0000, -517.0000, 43.0000,  64, 64, 64
L 710.0000, -515.0000, 43.0000,  710.0000, -516.0000, 43.0000,  64, 64, 64
L 685.0000, -513.0000, 45.0000,  710.0000, -515.0000, 43.0000,  64, 64, 64
L 683.0000, -513.0000, 45.0000,  685.0000, -513.0000, 45.0000,  64, 64, 64
L 670.0000, -520.0000, 47.0000,  683.0000, -513.0000, 45.0000,  64, 64, 64
L 667.0000, -521.0000, 47.0000,  670.0000, -520.0000, 47.0000,  64, 64, 64
L 663.0000, -522.0000, 47.0000,  667.0000, -521.0000, 47.0000,  64, 64, 64
L 659.0000, -525.0000, 47.0000,  663.0000, -522.0000, 47.0000,  64, 64, 64
L 657.0000, -527.0000, 47.0000,  659.0000, -525.0000, 47.0000,  64, 64, 64
L 656.0000, -530.0000, 48.0000,  657.0000, -527.0000, 47.0000,  64, 64, 64
L 655.0000, -532.0000, 48.0000,  656.0000, -530.0000, 48.0000,  64, 64, 64
L 655.0000, -533.0000, 48.0000,  655.0000, -532.0000, 48.0000,  64, 64, 64
L 651.0000, -537.0000, 48.0000,  655.0000, -533.0000, 48.0000,  64, 64, 64
L 650.0000, -538.0000, 50.0000,  651.0000, -537.0000, 48.0000,  64, 64, 64
L 653.0000, -540.0000, 49.0000,  650.0000, -538.0000, 50.0000,  64, 64, 64
L 651.0000, -543.0000, 49.0000,  653.0000, -540.0000, 49.0000,  64, 64, 64
L 649.0000, -546.0000, 50.0000,  651.0000, -543.0000, 49.0000,  64, 64, 64
L 646.0000, -549.0000, 51.0000,  649.0000, -546.0000, 50.0000,  64, 64, 64
L 648.0000, -551.0000, 49.0000,  646.0000, -549.0000, 51.0000,  64, 64, 64
L 646.0000, -553.0000, 49.0000,  648.0000, -551.0000, 49.0000,  64, 64, 64
L 646.0000, -555.0000, 49.0000,  646.0000, -553.0000, 49.0000,  64, 64, 64
L 648.0000, -556.0000, 52.0000,  646.0000, -555.0000, 49.0000,  64, 64, 64
L 650.0000, -566.0000, 52.0000,  648.0000, -556.0000, 52.0000,  64, 64, 64
L 650.0000, -570.0000, 49.0000,  650.0000, -566.0000, 52.0000,  64, 64, 64
L 650.0000, -577.0000, 49.0000,  650.0000, -570.0000, 49.0000,  64, 64, 64
L 652.0000, -579.0000, 49.0000,  650.0000, -577.0000, 49.0000,  64, 64, 64
L 653.0000, -580.0000, 50.0000,  652.0000, -579.0000, 49.0000,  64, 64, 64
L 661.0000, -588.0000, 52.0000,  653.0000, -580.0000, 50.0000,  64, 64, 64
L 664.0000, -590.0000, 50.0000,  661.0000, -588.0000, 52.0000,  64, 64, 64
L 667.0000, -593.0000, 50.0000,  664.0000, -590.0000, 50.0000,  64, 64, 64
L 671.0000, -598.0000, 50.0000,  667.0000, -593.0000, 50.0000,  64, 64, 64
L 672.0000, -599.0000, 50.0000,  671.0000, -598.0000, 50.0000,  64, 64, 64
L 674.0000, -600.0000, 49.0000,  672.0000, -599.0000, 50.0000,  64, 64, 64
L 677.0000, -599.0000, 49.0000,  674.0000, -600.0000, 49.0000,  64, 64, 64
L 683.0000, -601.0000, 49.0000,  677.0000, -599.0000, 49.0000,  64, 64, 64
L 694.0000, -601.0000, 49.0000,  683.0000, -601.0000, 49.0000,  64, 64, 64
L 697.0000, -602.0000, 49.0000,  694.0000, -601.0000, 49.0000,  64, 64, 64
L 699.0000, -602.0000, 48.0000,  697.0000, -602.0000, 49.0000,  64, 64, 64
L 704.0000, -604.0000, 48.0000,  699.0000, -602.0000, 48.0000,  64, 64, 64
L 706.0000, -600.0000, 48.0000,  704.0000, -604.0000, 48.0000,  64, 64, 64
L 704.0000, -597.0000, 48.0000,  706.0000, -600.0000, 48.0000,  64, 64, 64
L 704.0000, -596.0000, 48.0000,  704.0000, -597.0000, 48.0000,  64, 64, 64
L 703.0000, -594.0000, 47.0000,  704.0000, -596.0000, 48.0000,  64, 64, 64
L 701.0000, -592.0000, 47.0000,  703.0000, -594.0000, 47.0000,  64, 64, 64
L 700.0000, -592.0000, 48.0000,  701.0000, -592.0000, 47.0000,  64, 64, 64
L 698.0000, -593.0000, 48.0000,  700.0000, -592.0000, 48.0000,  64, 64, 64
L 697.0000, -594.0000, 52.0000,  698.0000, -593.0000, 48.0000,  64, 64, 64
L 695.0000, -594.0000, 52.0000,  697.0000, -594.0000, 52.0000,  64, 64, 64
L 682.0000, -593.0000, 53.0000,  695.0000, -594.0000, 52.0000,  64, 64, 64
L 680.0000, -593.0000, 52.0000,  682.0000, -593.0000, 53.0000,  64, 64, 64
L 674.0000, -588.0000, 48.0000,  680.0000, -593.0000, 52.0000,  64, 64, 64
L 662.0000, -578.0000, 48.0000,  674.0000, -588.0000, 48.0000,  64, 64, 64
L 661.0000, -576.0000, 49.0000,  662.0000, -578.0000, 48.0000,  64, 64, 64
L 660.0000, -575.0000, 48.0000,  661.0000, -576.0000, 49.0000,  64, 64, 64
L 656.0000, -554.0000, 48.0000,  660.0000, -575.0000, 48.0000,  64, 64, 64
L 658.0000, -550.0000, 47.0000,  656.0000, -554.0000, 48.0000,  64, 64, 64
L 664.0000, -535.0000, 47.0000,  658.0000, -550.0000, 47.0000,  64, 64, 64
L 665.0000, -534.0000, 47.0000,  664.0000, -535.0000, 47.0000,  64, 64, 64
L 671.0000, -530.0000, 46.0000,  665.0000, -534.0000, 47.0000,  64, 64, 64
L 683.0000, -523.0000, 45.0000,  671.0000, -530.0000, 46.0000,  64, 64, 64
L 684.0000, -522.0000, 45.0000,  683.0000, -523.0000, 45.0000,  64, 64, 64
L 702.0000, -524.0000, 44.0000,  684.0000, -522.0000, 45.0000,  64, 64, 64
L 705.0000, -527.0000, 44.0000,  702.0000, -524.0000, 44.0000,  64, 64, 64
L 706.0000, -525.0000, 44.0000,  705.0000, -527.0000, 44.0000,  64, 64, 64
L 722.0000, -539.0000, 44.0000,  706.0000, -525.0000, 44.0000,  64, 64, 64
L 723.0000, -540.0000, 44.0000,  722.0000, -539.0000, 44.0000,  64, 64, 64
L 727.0000, -561.0000, 45.0000,  723.0000, -540.0000, 44.0000,  64, 64, 64
L 720.0000, -578.0000, 46.0000,  727.0000, -561.0000, 45.0000,  64, 64, 64
L 719.0000, -581.0000, 46.0000,  720.0000, -578.0000, 46.0000,  64, 64, 64
L 716.0000, -582.0000, 46.0000,  719.0000, -581.0000, 46.0000,  64, 64, 64
L 717.0000, -582.0000, 46.0000,  716.0000, -582.0000, 46.0000,  64, 64, 64
L 717.0000, -584.0000, 46.0000,  717.0000, -582.0000, 46.0000,  64, 64, 64
L 721.0000, -590.0000, 47.0000,  717.0000, -584.0000, 46.0000,  64, 64, 64
L 723.0000, -592.0000, 47.0000,  721.0000, -590.0000, 47.0000,  64, 64, 64
L 749.0000, -731.0000, 59.0000,  749.0000, -733.0000, 59.0000,  64, 64, 64
L 748.0000, -729.0000, 59.0000,  749.0000, -731.0000, 59.0000,  64, 64, 64
L 749.0000, -727.0000, 59.0000,  748.0000, -729.0000, 59.0000,  64, 64, 64
L 751.0000, -726.0000, 59.0000,  749.0000, -727.0000, 59.0000,  64, 64, 64
L 759.0000, -726.0000, 58.0000,  758.0000, -725.0000, 58.0000,  64, 64, 64
L 759.0000, -728.0000, 59.0000,  759.0000, -726.0000, 58.0000,  64, 64, 64
L 757.0000, -745.0000, 59.0000,  759.0000, -728.0000, 59.0000,  64, 64, 64
L 757.0000, -757.0000, 59.0000,  757.0000, -745.0000, 59.0000,  64, 64, 64
L 756.0000, -757.0000, 59.0000,  757.0000, -757.0000, 59.0000,  64, 64, 64
L 748.0000, -765.0000, 59.0000,  756.0000, -757.0000, 59.0000,  64, 64, 64
L 748.0000, -767.0000, 59.0000,  748.0000, -765.0000, 59.0000,  64, 64, 64
L 746.0000, -767.0000, 59.0000,  748.0000, -767.0000, 59.0000,  64, 64, 64
L 757.0000, -785.0000, 59.0000,  746.0000, -767.0000, 59.0000,  64, 64, 64
L 758.0000, -786.0000, 59.0000,  757.0000, -785.0000, 59.0000,  64, 64, 64
L 760.0000, -787.0000, 59.0000,  758.0000, -786.0000, 59.0000,  64, 64, 64
L 762.0000, -789.0000, 59.0000,  760.0000, -787.0000, 59.0000,  64, 64, 64
L 765.0000, -795.0000, 59.0000,  762.0000, -789.0000, 59.0000,  64, 64, 64
L 764.0000, -804.0000, 59.0000,  765.0000, -795.0000, 59.0000,  64, 64, 64
L 764.0000, -806.0000, 59.0000,  764.0000, -804.0000, 59.0000,  64, 64, 64
L 761.0000, -809.0000, 59.0000,  764.0000, -806.0000, 59.0000,  64, 64, 64
L 761.0000, -811.0000, 59.0000,  761.0000, -809.0000, 59.0000,  64, 64, 64
L 757.0000, -814.0000, 59.0000,  761.0000, -811.0000, 59.0000,  64, 64, 64
L 747.0000, -816.0000, 59.0000,  757.0000, -814.0000, 59.0000,  64, 64, 64
L 740.0000, -813.0000, 59.0000,  747.0000, -816.0000, 59.0000,  64, 64, 64
L 739.0000, -813.0000, 59.0000,  740.0000, -813.0000, 59.0000,  64, 64, 64
L 737.0000, -812.0000, 59.0000,  739.0000, -813.0000, 59.0000,  64, 64, 64
L 733.0000, -804.0000, 59.0000,  737.0000, -812.0000, 59.0000,  64, 64, 64
L 732.0000, -803.0000, 59.0000,  733.0000, -804.0000, 59.0000,  64, 64, 64
L 733.0000, -796.0000, 59.0000,  732.0000, -803.0000, 59.0000,  64, 64, 64
L 724.0000, -780.0000, 59.0000,  733.0000, -796.0000, 59.0000,  64, 64, 64
L 709.0000, -784.0000, 60.0000,  724.0000, -780.0000, 59.0000,  64, 64, 64
L 689.0000, -774.0000, 60.0000,  709.0000, -784.0000, 60.0000,  64, 64, 64
L 684.0000, -772.0000, 60.0000,  689.0000, -774.0000, 60.0000,  64, 64, 64
L 671.0000, -750.0000, 59.0000,  684.0000, -772.0000, 60.0000,  64, 64, 64
L 670.0000, -749.0000, 59.0000,  671.0000, -750.0000, 59.0000,  64, 64, 64
L 669.0000, -742.0000, 59.0000,  670.0000, -749.0000, 59.0000,  64, 64, 64
L 671.0000, -726.0000, 58.0000,  669.0000, -742.0000, 59.0000,  64, 64, 64
L 671.0000, -720.0000, 58.0000,  671.0000, -726.0000, 58.0000,  64, 64, 64
L 672.0000, -719.0000, 58.0000,  671.0000, -720.0000, 58.0000,  64, 64, 64
L 689.0000, -699.0000, 57.0000,  672.0000, -719.0000, 58.0000,  64, 64, 64
L 691.0000, -698.0000, 57.0000,  689.0000, -699.0000, 57.0000,  64, 64, 64
L 718.0000, -691.0000, 56.0000,  691.0000, -698.0000, 57.0000,  64, 64, 64
L 743.0000, -703.0000, 57.0000,  718.0000, -691.0000, 56.0000,  64, 64, 64
L 744.0000, -703.0000, 57.0000,  743.0000, -703.0000, 57.0000,  64, 64, 64
L 745.0000, -704.0000, 58.0000,  744.0000, -703.0000, 57.0000,  64, 64, 64
L 747.0000, -705.0000, 58.0000,  745.0000, -704.0000, 58.0000,  64, 64, 64
L 749.0000, -707.0000, 58.0000,  749.0000, -706.0000, 58.0000,  64, 64, 64
L 740.0000, -712.0000, 58.0000,  749.0000, -707.0000, 58.0000,  64, 64, 64
L 738.0000, -712.0000, 58.0000,  740.0000, -712.0000, 58.0000,  64, 64, 64
L 737.0000, -710.0000, 58.0000,  738.0000, -712.0000, 58.0000,  64, 64, 64
L 718.0000, -702.0000, 57.0000,  737.0000, -710.0000, 58.0000,  64, 64, 64
L 697.0000, -706.0000, 57.0000,  718.0000, -702.0000, 57.0000,  64, 64, 64
L 696.0000, -706.0000, 57.0000,  697.0000, -706.0000, 57.0000,  64, 64, 64
L 684.0000, -720.0000, 58.0000,  696.0000, -706.0000, 57.0000,  64, 64, 64
L 683.0000, -723.0000, 59.0000,  684.0000, -720.0000, 58.0000,  64, 64, 64
L 681.0000, -723.0000, 59.0000,  683.0000, -723.0000, 59.0000,  64, 64, 64
L 680.0000, -732.0000, 59.0000,  681.0000, -723.0000, 59.0000,  64, 64, 64
L 678.0000, -745.0000, 59.0000,  680.0000, -732.0000, 59.0000,  64, 64, 64
L 686.0000, -758.0000, 59.0000,  678.0000, -745.0000, 59.0000,  64, 64, 64
L 687.0000, -760.0000, 59.0000,  686.0000, -758.0000, 59.0000,  64, 64, 64
L 688.0000, -761.0000, 59.0000,  687.0000, -760.0000, 59.0000,  64, 64, 64
L 688.0000, -762.0000, 59.0000,  688.0000, -761.0000, 59.0000,  64, 64, 64
L 688.0000, -761.0000, 59.0000,  688.0000, -762.0000, 59.0000,  64, 64, 64
L 691.0000, -762.0000, 60.0000,  688.0000, -761.0000, 59.0000,  64, 64, 64
L 690.0000, -764.0000, 59.0000,  691.0000, -762.0000, 60.0000,  64, 64, 64
L 709.0000, -773.0000, 59.0000,  690.0000, -764.0000, 59.0000,  64, 64, 64
L 711.0000, -773.0000, 59.0000,  709.0000, -773.0000, 59.0000,  64, 64, 64
L 715.0000, -772.0000, 59.0000,  711.0000, -773.0000, 59.0000,  64, 64, 64
L 718.0000, -771.0000, 59.0000,  715.0000, -772.0000, 59.0000,  64, 64, 64
L 726.0000, -771.0000, 59.0000,  718.0000, -771.0000, 59.0000,  64, 64, 64
L 727.0000, -772.0000, 59.0000,  726.0000, -771.0000, 59.0000,  64, 64, 64
L 728.0000, -776.0000, 59.0000,  727.0000, -772.0000, 59.0000,  64, 64, 64
L 737.0000, -793.0000, 59.0000,  728.0000, -776.0000, 59.0000,  64, 64, 64
L 739.0000, -794.0000, 59.0000,  737.0000, -793.0000, 59.0000,  64, 64, 64
L 740.0000, -795.0000, 59.0000,  739.0000, -794.0000, 59.0000,  64, 64, 64
L 740.0000, -797.0000, 59.0000,  740.0000, -795.0000, 59.0000,  64, 64, 64
L 738.0000, -801.0000, 59.0000,  740.0000, -797.0000, 59.0000,  64, 64, 64
L 741.0000, -805.0000, 59.0000,  738.0000, -801.0000, 59.0000,  64, 64, 64
L 743.0000, -807.0000, 59.0000,  741.0000, -805.0000, 59.0000,  64, 64, 64
L 747.0000, -809.0000, 59.0000,  743.0000, -807.0000, 59.0000,  64, 64, 64
L 750.0000, -809.0000, 59.0000,  747.0000, -809.0000, 59.0000,  64, 64, 64
L 755.0000, -805.0000, 59.0000,  756.0000, -807.0000, 59.0000,  64, 64, 64
L 752.0000, -806.0000, 59.0000,  755.0000, -805.0000, 59.0000,  64, 64, 64
L 749.0000, -808.0000, 59.0000,  748.0000, -807.0000, 59.0000,  64, 64, 64
L 751.0000, -808.0000, 59.0000,  749.0000, -808.0000, 59.0000,  64, 64, 64
L 750.0000, -807.0000, 59.0000,  751.0000, -808.0000, 59.0000,  64, 64, 64
L 752.0000, -806.0000, 59.0000,  750.0000, -807.0000, 59.0000,  64, 64, 64
L 750.0000, -808.0000, 59.0000,  750.0000, -807.0000, 59.0000,  64, 64, 64
L 751.0000, -807.0000, 59.0000,  750.0000, -808.0000, 59.0000,  64, 64, 64
L 753.0000, -806.0000, 59.0000,  751.0000, -807.0000, 59.0000,  64, 64, 64
L 755.0000, -806.0000, 59.0000,  755.0000, -804.0000, 59.0000,  64, 64, 64
L 757.0000, -806.0000, 59.0000,  755.0000, -806.0000, 59.0000,  64, 64, 64
L 760.0000, -803.0000, 59.0000,  757.0000, -806.0000, 59.0000,  64, 64, 64
L 760.0000, -801.0000, 59.0000,  760.0000, -803.0000, 59.0000,  64, 64, 64
L 761.0000, -796.0000, 59.0000,  760.0000, -801.0000, 59.0000,  64, 64, 64
L 758.0000, -793.0000, 59.0000,  761.0000, -796.0000, 59.0000,  64, 64, 64
L 757.0000, -790.0000, 59.0000,  758.0000, -793.0000, 59.0000,  64, 64, 64
L 755.0000, -790.0000, 59.0000,  757.0000, -790.0000, 59.0000,  64, 64, 64
L 754.0000, -791.0000, 59.0000,  755.0000, -790.0000, 59.0000,  64, 64, 64
L 752.0000, -790.0000, 59.0000,  754.0000, -791.0000, 59.0000,  64, 64, 64
L 751.0000, -788.0000, 59.0000,  752.0000, -790.0000, 59.0000,  64, 64, 64
L 752.0000, -787.0000, 59.0000,  751.0000, -788.0000, 59.0000,  64, 64, 64
L 741.0000, -768.0000, 59.0000,  752.0000, -787.0000, 59.0000,  64, 64, 64
L 739.0000, -767.0000, 59.0000,  741.0000, -768.0000, 59.0000,  64, 64, 64
L 738.0000, -766.0000, 59.0000,  739.0000, -767.0000, 59.0000,  64, 64, 64
L 737.0000, -764.0000, 59.0000,  738.0000, -766.0000, 59.0000,  64, 64, 64
L 738.0000, -762.0000, 59.0000,  737.0000, -764.0000, 59.0000,  64, 64, 64
L 740.0000, -760.0000, 59.0000,  738.0000, -762.0000, 59.0000,  64, 64, 64
L 746.0000, -753.0000, 59.0000,  740.0000, -760.0000, 59.0000,  64, 64, 64
L 747.0000, -751.0000, 59.0000,  746.0000, -753.0000, 59.0000,  64, 64, 64
L 749.0000, -733.0000, 59.0000,  747.0000, -751.0000, 59.0000,  64, 64, 64
L 748.0000, -740.0000, 59.0000,  749.0000, -733.0000, 59.0000,  64, 64, 64
L -1228.0000, 598.0000, 85.0000,  -1224.0000, 621.0000, 83.0000,  64, 64, 64
L -1237.0000, 626.0000, 82.0000,  -1226.0000, 620.0000, 83.0000,  64, 64, 64
L -1231.0000, 618.0000, 84.0000,  -1237.0000, 626.0000, 82.0000,  64, 64, 64
L -1231.0000, 600.0000, 84.0000,  -1231.0000, 618.0000, 84.0000,  64, 64, 64
L -1248.0000, 600.0000, 84.0000,  -1231.0000, 600.0000, 84.0000,  64, 64, 64
L -1248.0000, 618.0000, 84.0000,  -1248.0000, 600.0000, 84.0000,  64, 64, 64
L -1246.0000, 625.0000, 83.0000,  -1248.0000, 618.0000, 84.0000,  64, 64, 64
L -1252.0000, 624.0000, 83.0000,  -1246.0000, 625.0000, 83.0000,  64, 64, 64
L -1252.0000, 597.0000, 84.0000,  -1252.0000, 624.0000, 83.0000,  64, 64, 64
L -1230.0000, 597.0000, 84.0000,  -1252.0000, 597.0000, 84.0000,  64, 64, 64
L -1197.0000, 570.0000, 88.0000,  -1193.0000, 576.0000, 87.0000,  64, 64, 64
L -1197.0000, 553.0000, 88.0000,  -1197.0000, 570.0000, 88.0000,  64, 64, 64
L -1176.0000, 574.0000, 87.0000,  -1175.0000, 552.0000, 87.0000,  64, 64, 64
L -1185.0000, 575.0000, 87.0000,  -1176.0000, 574.0000, 87.0000,  64, 64, 64
L -1179.0000, 553.0000, 88.0000,  -1179.0000, 570.0000, 88.0000,  64, 64, 64
L -1197.0000, 553.0000, 88.0000,  -1179.0000, 553.0000, 88.0000,  64, 64, 64
L -1179.0000, 570.0000, 88.0000,  -1179.0000, 553.0000, 88.0000,  64, 64, 64
L -1183.0000, 578.0000, 87.0000,  -1179.0000, 570.0000, 88.0000,  64, 64, 64
L -1200.0000, 553.0000, 88.0000,  -1176.0000, 550.0000, 88.0000,  64, 64, 64
L -1200.0000, 571.0000, 88.0000,  -1200.0000, 553.0000, 88.0000,  64, 64, 64
L -1193.0000, 578.0000, 87.0000,  -1200.0000, 571.0000, 88.0000,  64, 64, 64
L -1117.0000, 559.0000, 86.0000,  -1120.0000, 565.0000, 87.0000,  64, 64, 64
L -1118.0000, 542.0000, 86.0000,  -1117.0000, 559.0000, 86.0000,  64, 64, 64
L -1136.0000, 543.0000, 86.0000,  -1118.0000, 542.0000, 86.0000,  64, 64, 64
L -1134.0000, 561.0000, 86.0000,  -1136.0000, 543.0000, 86.0000,  64, 64, 64
L -1130.0000, 565.0000, 88.0000,  -1134.0000, 561.0000, 86.0000,  64, 64, 64
L -1137.0000, 539.0000, 85.0000,  -1136.0000, 564.0000, 86.0000,  64, 64, 64
L -1115.0000, 535.0000, 84.0000,  -1137.0000, 539.0000, 85.0000,  64, 64, 64
L -1113.0000, 562.0000, 85.0000,  -1115.0000, 535.0000, 84.0000,  64, 64, 64
L -1120.0000, 567.0000, 85.0000,  -1113.0000, 562.0000, 85.0000,  64, 64, 64
L -1130.0000, 566.0000, 85.0000,  -1138.0000, 562.0000, 86.0000,  64, 64, 64
L -1081.0000, 584.0000, 84.0000,  -1077.0000, 587.0000, 85.0000,  64, 64, 64
L -1080.0000, 561.0000, 83.0000,  -1081.0000, 584.0000, 84.0000,  64, 64, 64
L -1056.0000, 566.0000, 85.0000,  -1080.0000, 561.0000, 83.0000,  64, 64, 64
L -1060.0000, 587.0000, 84.0000,  -1056.0000, 566.0000, 85.0000,  64, 64, 64
L -1068.0000, 591.0000, 83.0000,  -1060.0000, 587.0000, 84.0000,  64, 64, 64
L -1062.0000, 584.0000, 84.0000,  -1068.0000, 591.0000, 83.0000,  64, 64, 64
L -1059.0000, 567.0000, 84.0000,  -1062.0000, 584.0000, 84.0000,  64, 64, 64
L -1076.0000, 564.0000, 84.0000,  -1059.0000, 567.0000, 84.0000,  64, 64, 64
L -1079.0000, 581.0000, 84.0000,  -1076.0000, 564.0000, 83.0000,  64, 64, 64
L -1073.0000, 584.0000, 84.0000,  -1079.0000, 581.0000, 84.0000,  64, 64, 64
L -1079.0000, 588.0000, 83.0000,  -1073.0000, 584.0000, 84.0000,  64, 64, 64
L -1079.0000, 589.0000, 83.0000,  -1081.0000, 585.0000, 83.0000,  64, 64, 64
L -1043.0000, 622.0000, 84.0000,  -1026.0000, 619.0000, 84.0000,  64, 64, 64
L -1050.0000, 628.0000, 83.0000,  -1043.0000, 622.0000, 84.0000,  64, 64, 64
L -1045.0000, 619.0000, 83.0000,  -1050.0000, 628.0000, 83.0000,  64, 64, 64
L -1025.0000, 612.0000, 83.0000,  -1045.0000, 620.0000, 83.0000,  64, 64, 64
L -1020.0000, 639.0000, 83.0000,  -1025.0000, 612.0000, 83.0000,  64, 64, 64
L -1041.0000, 643.0000, 83.0000,  -1020.0000, 639.0000, 83.0000,  64, 64, 64
L -1046.0000, 636.0000, 83.0000,  -1041.0000, 643.0000, 83.0000,  64, 64, 64
L -1040.0000, 640.0000, 84.0000,  -1046.0000, 636.0000, 83.0000,  64, 64, 64
L -1023.0000, 637.0000, 83.0000,  -1040.0000, 639.0000, 83.0000,  64, 64, 64
L -1026.0000, 619.0000, 84.0000,  -1023.0000, 637.0000, 83.0000,  64, 64, 64
L -1129.0000, 967.0000, 84.0000,  -1129.0000, 966.0000, 84.0000,  64, 64, 64
L -1136.0000, 976.0000, 84.0000,  -1129.0000, 967.0000, 84.0000,  64, 64, 64
L -1138.0000, 978.0000, 84.0000,  -1136.0000, 976.0000, 84.0000,  64, 64, 64
L -1140.0000, 979.0000, 84.0000,  -1138.0000, 978.0000, 84.0000,  64, 64, 64
L -1140.0000, 980.0000, 84.0000,  -1140.0000, 979.0000, 84.0000,  64, 64, 64
L -1146.0000, 975.0000, 84.0000,  -1140.0000, 980.0000, 84.0000,  64, 64, 64
L -1149.0000, 973.0000, 84.0000,  -1146.0000, 975.0000, 84.0000,  64, 64, 64
L -1151.0000, 971.0000, 84.0000,  -1149.0000, 973.0000, 84.0000,  64, 64, 64
L -1152.0000, 968.0000, 84.0000,  -1151.0000, 971.0000, 84.0000,  64, 64, 64
L -1151.0000, 966.0000, 83.0000,  -1152.0000, 968.0000, 84.0000,  64, 64, 64
L -1151.0000, 965.0000, 84.0000,  -1151.0000, 966.0000, 83.0000,  64, 64, 64
L -1150.0000, 963.0000, 84.0000,  -1151.0000, 965.0000, 84.0000,  64, 64, 64
L -1151.0000, 962.0000, 84.0000,  -1150.0000, 963.0000, 84.0000,  64, 64, 64
L -1157.0000, 962.0000, 84.0000,  -1151.0000, 962.0000, 84.0000,  64, 64, 64
L -1159.0000, 964.0000, 83.0000,  -1157.0000, 962.0000, 84.0000,  64, 64, 64
L -1160.0000, 965.0000, 83.0000,  -1159.0000, 964.0000, 83.0000,  64, 64, 64
L -1159.0000, 967.0000, 83.0000,  -1160.0000, 965.0000, 83.0000,  64, 64, 64
L -1156.0000, 970.0000, 84.0000,  -1159.0000, 967.0000, 83.0000,  64, 64, 64
L -1155.0000, 972.0000, 84.0000,  -1156.0000, 970.0000, 84.0000,  64, 64, 64
L -1151.0000, 975.0000, 84.0000,  -1155.0000, 972.0000, 84.0000,  64, 64, 64
L -1138.0000, 984.0000, 83.0000,  -1151.0000, 975.0000, 84.0000,  64, 64, 64
L -1136.0000, 982.0000, 83.0000,  -1138.0000, 984.0000, 83.0000,  64, 64, 64
L -1130.0000, 973.0000, 83.0000,  -1136.0000, 982.0000, 83.0000,  64, 64, 64
L -1128.0000, 971.0000, 84.0000,  -1130.0000, 973.0000, 83.0000,  64, 64, 64
L -1127.0000, 970.0000, 84.0000,  -1128.0000, 971.0000, 84.0000,  64, 64, 64
L -1126.0000, 968.0000, 85.0000,  -1127.0000, 970.0000, 84.0000,  64, 64, 64
L -1126.0000, 966.0000, 85.0000,  -1126.0000, 968.0000, 85.0000,  64, 64, 64
L -1133.0000, 960.0000, 84.0000,  -1126.0000, 966.0000, 85.0000,  64, 64, 64
L -1135.0000, 958.0000, 84.0000,  -1133.0000, 960.0000, 84.0000,  64, 64, 64
L -1144.0000, 952.0000, 84.0000,  -1135.0000, 958.0000, 84.0000,  64, 64, 64
L -1148.0000, 954.0000, 84.0000,  -1144.0000, 952.0000, 84.0000,  64, 64, 64
L -1149.0000, 954.0000, 85.0000,  -1148.0000, 954.0000, 84.0000,  64, 64, 64
L -1150.0000, 955.0000, 84.0000,  -1149.0000, 954.0000, 85.0000,  64, 64, 64
L -1150.0000, 957.0000, 84.0000,  -1150.0000, 955.0000, 84.0000,  64, 64, 64
L -1148.0000, 959.0000, 84.0000,  -1150.0000, 957.0000, 84.0000,  64, 64, 64
L -1145.0000, 958.0000, 84.0000,  -1148.0000, 959.0000, 84.0000,  64, 64, 64
L -1143.0000, 957.0000, 84.0000,  -1145.0000, 958.0000, 84.0000,  64, 64, 64
L -1142.0000, 955.0000, 84.0000,  -1143.0000, 957.0000, 84.0000,  64, 64, 64
L -1129.0000, 966.0000, 84.0000,  -1142.0000, 955.0000, 84.0000,  64, 64, 64
L -1132.0000, 911.0000, 87.0000,  -1132.0000, 913.0000, 87.0000,  64, 64, 64
L -1131.0000, 909.0000, 87.0000,  -1132.0000, 911.0000, 87.0000,  64, 64, 64
L -1126.0000, 909.0000, 87.0000,  -1131.0000, 909.0000, 87.0000,  64, 64, 64
L -1127.0000, 906.0000, 87.0000,  -1126.0000, 909.0000, 87.0000,  64, 64, 64
L -1127.0000, 904.0000, 87.0000,  -1127.0000, 906.0000, 87.0000,  64, 64, 64
L -1130.0000, 901.0000, 87.0000,  -1127.0000, 904.0000, 87.0000,  64, 64, 64
L -1118.0000, 913.0000, 87.0000,  -1130.0000, 901.0000, 87.0000,  64, 64, 64
L -1109.0000, 926.0000, 87.0000,  -1118.0000, 913.0000, 87.0000,  64, 64, 64
L -1111.0000, 928.0000, 86.0000,  -1109.0000, 926.0000, 87.0000,  64, 64, 64
L -1112.0000, 930.0000, 86.0000,  -1111.0000, 928.0000, 86.0000,  64, 64, 64
L -1124.0000, 940.0000, 85.0000,  -1112.0000, 930.0000, 86.0000,  64, 64, 64
L -1125.0000, 942.0000, 85.0000,  -1124.0000, 940.0000, 85.0000,  64, 64, 64
L -1128.0000, 940.0000, 86.0000,  -1125.0000, 942.0000, 85.0000,  64, 64, 64
L -1141.0000, 926.0000, 86.0000,  -1128.0000, 940.0000, 86.0000,  64, 64, 64
L -1142.0000, 924.0000, 87.0000,  -1141.0000, 926.0000, 86.0000,  64, 64, 64
L -1143.0000, 922.0000, 87.0000,  -1142.0000, 924.0000, 87.0000,  64, 64, 64
L -1141.0000, 920.0000, 86.0000,  -1143.0000, 922.0000, 87.0000,  64, 64, 64
L -1141.0000, 918.0000, 86.0000,  -1141.0000, 920.0000, 86.0000,  64, 64, 64
L -1140.0000, 917.0000, 88.0000,  -1141.0000, 918.0000, 86.0000,  64, 64, 64
L -1139.0000, 916.0000, 86.0000,  -1140.0000, 917.0000, 88.0000,  64, 64, 64
L -1137.0000, 915.0000, 86.0000,  -1139.0000, 916.0000, 86.0000,  64, 64, 64
L -1136.0000, 916.0000, 87.0000,  -1137.0000, 915.0000, 86.0000,  64, 64, 64
L -1135.0000, 918.0000, 87.0000,  -1136.0000, 916.0000, 87.0000,  64, 64, 64
L -1135.0000, 920.0000, 87.0000,  -1135.0000, 918.0000, 87.0000,  64, 64, 64
L -1136.0000, 921.0000, 88.0000,  -1135.0000, 920.0000, 87.0000,  64, 64, 64
L -1138.0000, 923.0000, 88.0000,  -1136.0000, 921.0000, 88.0000,  64, 64, 64
L -1135.0000, 926.0000, 87.0000,  -1138.0000, 923.0000, 88.0000,  64, 64, 64
L -1129.0000, 933.0000, 87.0000,  -1135.0000, 926.0000, 87.0000,  64, 64, 64
L -1128.0000, 934.0000, 88.0000,  -1129.0000, 933.0000, 87.0000,  64, 64, 64
L -1126.0000, 935.0000, 87.0000,  -1128.0000, 934.0000, 88.0000,  64, 64, 64
L -1127.0000, 936.0000, 87.0000,  -1126.0000, 935.0000, 87.0000,  64, 64, 64
L -1116.0000, 927.0000, 87.0000,  -1127.0000, 936.0000, 87.0000,  64, 64, 64
L -1115.0000, 926.0000, 88.0000,  -1116.0000, 927.0000, 87.0000,  64, 64, 64
L -1114.0000, 924.0000, 87.0000,  -1115.0000, 926.0000, 88.0000,  64, 64, 64
L -1113.0000, 925.0000, 87.0000,  -1114.0000, 924.0000, 87.0000,  64, 64, 64
L -1121.0000, 916.0000, 88.0000,  -1113.0000, 925.0000, 87.0000,  64, 64, 64
L -1122.0000, 914.0000, 88.0000,  -1121.0000, 916.0000, 88.0000,  64, 64, 64
L -1123.0000, 913.0000, 88.0000,  -1122.0000, 914.0000, 88.0000,  64, 64, 64
L -1124.0000, 911.0000, 88.0000,  -1123.0000, 913.0000, 88.0000,  64, 64, 64
L -1096.0000, 872.0000, 86.0000,  -1098.0000, 873.0000, 88.0000,  64, 64, 64
L -1095.0000, 871.0000, 86.0000,  -1096.0000, 872.0000, 86.0000,  64, 64, 64
L -1093.0000, 873.0000, 87.0000,  -1095.0000, 871.0000, 86.0000,  64, 64, 64
L -1092.0000, 874.0000, 87.0000,  -1093.0000, 873.0000, 87.0000,  64, 64, 64
L -1093.0000, 876.0000, 87.0000,  -1092.0000, 874.0000, 87.0000,  64, 64, 64
L -1095.0000, 878.0000, 87.0000,  -1093.0000, 876.0000, 87.0000,  64, 64, 64
L -1097.0000, 879.0000, 87.0000,  -1095.0000, 878.0000, 87.0000,  64, 64, 64
L -1089.0000, 889.0000, 87.0000,  -1097.0000, 879.0000, 87.0000,  64, 64, 64
L -1087.0000, 891.0000, 87.0000,  -1089.0000, 889.0000, 87.0000,  64, 64, 64
L -1084.0000, 892.0000, 87.0000,  -1087.0000, 891.0000, 87.0000,  64, 64, 64
L -1085.0000, 893.0000, 87.0000,  -1084.0000, 892.0000, 87.0000,  64, 64, 64
L -1075.0000, 885.0000, 87.0000,  -1085.0000, 893.0000, 87.0000,  64, 64, 64
L -1074.0000, 883.0000, 87.0000,  -1075.0000, 885.0000, 87.0000,  64, 64, 64
L -1072.0000, 881.0000, 87.0000,  -1074.0000, 883.0000, 87.0000,  64, 64, 64
L -1082.0000, 869.0000, 87.0000,  -1072.0000, 881.0000, 87.0000,  64, 64, 64
L -1098.0000, 873.0000, 88.0000,  -1096.0000, 873.0000, 90.0000,  64, 64, 64
L -1099.0000, 872.0000, 86.0000,  -1098.0000, 873.0000, 88.0000,  64, 64, 64
L -1107.0000, 868.0000, 86.0000,  -1099.0000, 872.0000, 86.0000,  64, 64, 64
L -1108.0000, 868.0000, 86.0000,  -1107.0000, 868.0000, 86.0000,  64, 64, 64
L -1103.0000, 876.0000, 87.0000,  -1108.0000, 868.0000, 86.0000,  64, 64, 64
L -1101.0000, 878.0000, 87.0000,  -1103.0000, 876.0000, 87.0000,  64, 64, 64
L -1088.0000, 896.0000, 87.0000,  -1101.0000, 878.0000, 87.0000,  64, 64, 64
L -1083.0000, 896.0000, 87.0000,  -1088.0000, 896.0000, 87.0000,  64, 64, 64
L -1078.0000, 891.0000, 87.0000,  -1083.0000, 896.0000, 87.0000,  64, 64, 64
L -1072.0000, 884.0000, 91.0000,  -1078.0000, 891.0000, 87.0000,  64, 64, 64
L -1071.0000, 883.0000, 91.0000,  -1072.0000, 884.0000, 91.0000,  64, 64, 64
L -1069.0000, 881.0000, 87.0000,  -1071.0000, 883.0000, 91.0000,  64, 64, 64
L -1067.0000, 880.0000, 87.0000,  -1069.0000, 881.0000, 87.0000,  64, 64, 64
L -1069.0000, 876.0000, 87.0000,  -1067.0000, 880.0000, 87.0000,  64, 64, 64
L -1070.0000, 873.0000, 87.0000,  -1069.0000, 876.0000, 87.0000,  64, 64, 64
L -1072.0000, 869.0000, 87.0000,  -1070.0000, 873.0000, 87.0000,  64, 64, 64
L -1073.0000, 868.0000, 87.0000,  -1072.0000, 869.0000, 87.0000,  64, 64, 64
L -1076.0000, 867.0000, 86.0000,  -1073.0000, 868.0000, 87.0000,  64, 64, 64
L -1085.0000, 864.0000, 86.0000,  -1076.0000, 867.0000, 86.0000,  64, 64, 64
L -1042.0000, 755.0000, 83.0000,  -1043.0000, 758.0000, 83.0000,  64, 64, 64
L -1039.0000, 750.0000, 83.0000,  -1041.0000, 751.0000, 83.0000,  64, 64, 64
L -1037.0000, 750.0000, 83.0000,  -1039.0000, 750.0000, 83.0000,  64, 64, 64
L -1035.0000, 754.0000, 83.0000,  -1037.0000, 750.0000, 83.0000,  64, 64, 64
L -1032.0000, 762.0000, 83.0000,  -1035.0000, 754.0000, 83.0000,  64, 64, 64
L -1027.0000, 767.0000, 83.0000,  -1032.0000, 762.0000, 83.0000,  64, 64, 64
L -1015.0000, 778.0000, 83.0000,  -1027.0000, 767.0000, 83.0000,  64, 64, 64
L -1012.0000, 781.0000, 83.0000,  -1015.0000, 778.0000, 83.0000,  64, 64, 64
L -1011.0000, 781.0000, 83.0000,  -1012.0000, 781.0000, 83.0000,  64, 64, 64
L -991.0000, 783.0000, 83.0000,  -1011.0000, 781.0000, 83.0000,  64, 64, 64
L -989.0000, 783.0000, 83.0000,  -991.0000, 783.0000, 83.0000,  64, 64, 64
L -979.0000, 779.0000, 83.0000,  -989.0000, 783.0000, 83.0000,  64, 64, 64
L -971.0000, 773.0000, 83.0000,  -979.0000, 779.0000, 83.0000,  64, 64, 64
L -961.0000, 766.0000, 83.0000,  -971.0000, 773.0000, 83.0000,  64, 64, 64
L -954.0000, 743.0000, 83.0000,  -961.0000, 766.0000, 83.0000,  64, 64, 64
L -954.0000, 739.0000, 83.0000,  -954.0000, 743.0000, 83.0000,  64, 64, 64
L -957.0000, 731.0000, 83.0000,  -954.0000, 739.0000, 83.0000,  64, 64, 64
L -961.0000, 724.0000, 83.0000,  -957.0000, 731.0000, 83.0000,  64, 64, 64
L -973.0000, 711.0000, 83.0000,  -961.0000, 724.0000, 83.0000,  64, 64, 64
L -977.0000, 708.0000, 83.0000,  -973.0000, 711.0000, 83.0000,  64, 64, 64
L -984.0000, 704.0000, 83.0000,  -977.0000, 708.0000, 83.0000,  64, 64, 64
L -989.0000, 703.0000, 83.0000,  -984.0000, 704.0000, 83.0000,  64, 64, 64
L -1002.0000, 703.0000, 83.0000,  -989.0000, 703.0000, 83.0000,  64, 64, 64
L -1015.0000, 709.0000, 83.0000,  -1002.0000, 703.0000, 83.0000,  64, 64, 64
L -1029.0000, 717.0000, 83.0000,  -1015.0000, 709.0000, 83.0000,  64, 64, 64
L -1037.0000, 733.0000, 83.0000,  -1029.0000, 717.0000, 83.0000,  64, 64, 64
L -1041.0000, 733.0000, 83.0000,  -1037.0000, 733.0000, 83.0000,  64, 64, 64
L -1041.0000, 727.0000, 83.0000,  -1041.0000, 733.0000, 83.0000,  64, 64, 64
L -1034.0000, 715.0000, 83.0000,  -1041.0000, 727.0000, 83.0000,  64, 64, 64
L -1022.0000, 705.0000, 82.0000,  -1034.0000, 715.0000, 83.0000,  64, 64, 64
L -1013.0000, 698.0000, 82.0000,  -1022.0000, 705.0000, 82.0000,  64, 64, 64
L -996.0000, 695.0000, 82.0000,  -1013.0000, 698.0000, 82.0000,  64, 64, 64
L -987.0000, 696.0000, 82.0000,  -996.0000, 695.0000, 82.0000,  64, 64, 64
L -985.0000, 696.0000, 82.0000,  -987.0000, 696.0000, 82.0000,  64, 64, 64
L -957.0000, 713.0000, 83.0000,  -985.0000, 696.0000, 82.0000,  64, 64, 64
L -956.0000, 715.0000, 83.0000,  -957.0000, 713.0000, 83.0000,  64, 64, 64
L -953.0000, 726.0000, 83.0000,  -956.0000, 715.0000, 83.0000,  64, 64, 64
L -949.0000, 744.0000, 84.0000,  -953.0000, 726.0000, 83.0000,  64, 64, 64
L -953.0000, 766.0000, 84.0000,  -949.0000, 744.0000, 84.0000,  64, 64, 64
L -960.0000, 772.0000, 82.0000,  -953.0000, 766.0000, 84.0000,  64, 64, 64
L -977.0000, 786.0000, 82.0000,  -960.0000, 772.0000, 82.0000,  64, 64, 64
L -982.0000, 788.0000, 82.0000,  -977.0000, 786.0000, 82.0000,  64, 64, 64
L -1005.0000, 788.0000, 83.0000,  -982.0000, 788.0000, 82.0000,  64, 64, 64
L -1013.0000, 788.0000, 83.0000,  -1005.0000, 788.0000, 83.0000,  64, 64, 64
L -1024.0000, 781.0000, 83.0000,  -1013.0000, 788.0000, 83.0000,  64, 64, 64
L -1031.0000, 775.0000, 83.0000,  -1024.0000, 781.0000, 83.0000,  64, 64, 64
L -1043.0000, 757.0000, 83.0000,  -1031.0000, 775.0000, 83.0000,  64, 64, 64
L -985.0000, 730.0000, -35.0000,  -987.0000, 732.0000, -34.0000,  127, 64, 0
L -983.0000, 729.0000, -35.0000,  -985.0000, 730.0000, -35.0000,  127, 64, 0
L -983.0000, 728.0000, -35.0000,  -983.0000, 729.0000, -35.0000,  127, 64, 0
L -981.0000, 728.0000, -34.0000,  -983.0000, 728.0000, -35.0000,  127, 64, 0
L -980.0000, 726.0000, -33.0000,  -981.0000, 728.0000, -34.0000,  127, 64, 0
L -980.0000, 725.0000, -34.0000,  -980.0000, 726.0000, -33.0000,  127, 64, 0
L -978.0000, 724.0000, -34.0000,  -980.0000, 725.0000, -34.0000,  127, 64, 0
L -978.0000, 723.0000, -35.0000,  -978.0000, 724.0000, -34.0000,  127, 64, 0
L -978.0000, 721.0000, -31.0000,  -978.0000, 723.0000, -35.0000,  127, 64, 0
L -981.0000, 722.0000, -31.0000,  -978.0000, 721.0000, -31.0000,  127, 64, 0
L -981.0000, 720.0000, -30.0000,  -981.0000, 722.0000, -31.0000,  127, 64, 0
L -982.0000, 716.0000, -30.0000,  -981.0000, 720.0000, -30.0000,  127, 64, 0
L -982.0000, 696.0000, -32.0000,  -982.0000, 716.0000, -30.0000,  127, 64, 0
L -982.0000, 691.0000, -33.0000,  -982.0000, 696.0000, -32.0000,  127, 64, 0
L -981.0000, 674.0000, -30.0000,  -982.0000, 691.0000, -33.0000,  127, 64, 0
L -981.0000, 663.0000, -30.0000,  -981.0000, 674.0000, -30.0000,  127, 64, 0
L -981.0000, 660.0000, -31.0000,  -981.0000, 663.0000, -30.0000,  127, 64, 0
L -980.0000, 657.0000, -31.0000,  -981.0000, 660.0000, -31.0000,  127, 64, 0
L -976.0000, 648.0000, -33.0000,  -980.0000, 657.0000, -31.0000,  127, 64, 0
L -976.0000, 646.0000, -33.0000,  -976.0000, 648.0000, -33.0000,  127, 64, 0
L -980.0000, 644.0000, -27.0000,  -976.0000, 646.0000, -33.0000,  127, 64, 0
L -982.0000, 643.0000, -25.0000,  -980.0000, 644.0000, -27.0000,  127, 64, 0
L -992.0000, 640.0000, -28.0000,  -982.0000, 643.0000, -25.0000,  127, 64, 0
L -996.0000, 640.0000, -28.0000,  -992.0000, 640.0000, -28.0000,  127, 64, 0
L -1001.0000, 641.0000, -29.0000,  -996.0000, 640.0000, -28.0000,  127, 64, 0
L -1002.0000, 641.0000, -28.0000,  -1001.0000, 641.0000, -29.0000,  127, 64, 0
L -1003.0000, 643.0000, -30.0000,  -1002.0000, 641.0000, -28.0000,  127, 64, 0
L -1003.0000, 645.0000, -32.0000,  -1003.0000, 643.0000, -30.0000,  127, 64, 0
L -1004.0000, 647.0000, -33.0000,  -1003.0000, 645.0000, -32.0000,  127, 64, 0
L -1004.0000, 652.0000, -33.0000,  -1004.0000, 647.0000, -33.0000,  127, 64, 0
L -1003.0000, 653.0000, -33.0000,  -1004.0000, 652.0000, -33.0000,  127, 64, 0
L -1000.0000, 654.0000, -32.0000,  -1003.0000, 653.0000, -33.0000,  127, 64, 0
L -999.0000, 654.0000, -32.0000,  -1000.0000, 654.0000, -32.0000,  127, 64, 0
L -998.0000, 679.0000, -32.0000,  -999.0000, 654.0000, -32.0000,  127, 64, 0
L -999.0000, 684.0000, -32.0000,  -998.0000, 679.0000, -32.0000,  127, 64, 0
L -999.0000, 693.0000, -29.0000,  -999.0000, 684.0000, -32.0000,  127, 64, 0
L -998.0000, 697.0000, -29.0000,  -999.0000, 693.0000, -29.0000,  127, 64, 0
L -998.0000, 701.0000, -29.0000,  -998.0000, 697.0000, -29.0000,  127, 64, 0
L -999.0000, 705.0000, -31.0000,  -998.0000, 701.0000, -29.0000,  127, 64, 0
L -999.0000, 709.0000, -33.0000,  -999.0000, 705.0000, -31.0000,  127, 64, 0
L -1000.0000, 712.0000, -34.0000,  -999.0000, 709.0000, -33.0000,  127, 64, 0
L -1002.0000, 725.0000, -34.0000,  -1000.0000, 712.0000, -34.0000,  127, 64, 0
L -1001.0000, 725.0000, -34.0000,  -1002.0000, 725.0000, -34.0000,  127, 64, 0
L -999.0000, 726.0000, -32.0000,  -1001.0000, 725.0000, -34.0000,  127, 64, 0
L -997.0000, 726.0000, -32.0000,  -999.0000, 726.0000, -32.0000,  127, 64, 0
L -997.0000, 728.0000, -34.0000,  -997.0000, 726.0000, -32.0000,  127, 64, 0
L -996.0000, 729.0000, -35.0000,  -997.0000, 728.0000, -34.0000,  127, 64, 0
L -995.0000, 732.0000, -35.0000,  -996.0000, 729.0000, -35.0000,  127, 64, 0
L -994.0000, 734.0000, -34.0000,  -995.0000, 732.0000, -35.0000,  127, 64, 0
L -992.0000, 734.0000, -34.0000,  -994.0000, 734.0000, -34.0000,  127, 64, 0
L -991.0000, 734.0000, -31.0000,  -992.0000, 734.0000, -34.0000,  127, 64, 0
L -989.0000, 735.0000, -34.0000,  -991.0000, 734.0000, -31.0000,  127, 64, 0
L -985.0000, 1229.0000, 25.0000,  -988.0000, 1249.0000, 20.0000,  127, 64, 0
L -985.0000, 1220.0000, 24.0000,  -985.0000, 1229.0000, 25.0000,  127, 64, 0
L -984.0000, 1212.0000, 23.0000,  -985.0000, 1220.0000, 24.0000,  127, 64, 0
L -983.0000, 1204.0000, 23.0000,  -984.0000, 1212.0000, 23.0000,  127, 64, 0
L -982.0000, 1202.0000, 23.0000,  -983.0000, 1204.0000, 23.0000,  127, 64, 0
L -982.0000, 1199.0000, 24.0000,  -982.0000, 1202.0000, 23.0000,  127, 64, 0
L -981.0000, 1193.0000, 23.0000,  -982.0000, 1199.0000, 24.0000,  127, 64, 0
L -981.0000, 1189.0000, 22.0000,  -981.0000, 1193.0000, 23.0000,  127, 64, 0
L -980.0000, 1185.0000, 22.0000,  -981.0000, 1189.0000, 22.0000,  127, 64, 0
L -979.0000, 1181.0000, 23.0000,  -980.0000, 1185.0000, 22.0000,  127, 64, 0
L -978.0000, 1176.0000, 26.0000,  -979.0000, 1181.0000, 23.0000,  127, 64, 0
L -977.0000, 1175.0000, 26.0000,  -978.0000, 1176.0000, 26.0000,  127, 64, 0
L -977.0000, 1174.0000, 25.0000,  -977.0000, 1175.0000, 26.0000,  127, 64, 0
L -976.0000, 1172.0000, 23.0000,  -977.0000, 1174.0000, 25.0000,  127, 64, 0
L -975.0000, 1164.0000, 21.0000,  -976.0000, 1172.0000, 23.0000,  127, 64, 0
L -972.0000, 1150.0000, 21.0000,  -975.0000, 1164.0000, 21.0000,  127, 64, 0
L -971.0000, 1147.0000, 21.0000,  -972.0000, 1150.0000, 21.0000,  127, 64, 0
L -969.0000, 1138.0000, 21.0000,  -971.0000, 1147.0000, 21.0000,  127, 64, 0
L -969.0000, 1133.0000, 20.0000,  -969.0000, 1138.0000, 21.0000,  127, 64, 0
L -969.0000, 1125.0000, 20.0000,  -969.0000, 1133.0000, 20.0000,  127, 64, 0
L -969.0000, 1120.0000, 21.0000,  -969.0000, 1125.0000, 20.0000,  127, 64, 0
L -970.0000, 1116.0000, 20.0000,  -969.0000, 1120.0000, 21.0000,  127, 64, 0
L -971.0000, 1111.0000, 20.0000,  -970.0000, 1116.0000, 20.0000,  127, 64, 0
L -974.0000, 1099.0000, 20.0000,  -971.0000, 1111.0000, 20.0000,  127, 64, 0
L -978.0000, 1091.0000, 20.0000,  -974.0000, 1099.0000, 20.0000,  127, 64, 0
L -988.0000, 1077.0000, 20.0000,  -978.0000, 1091.0000, 20.0000,  127, 64, 0
L -991.0000, 1070.0000, 21.0000,  -988.0000, 1077.0000, 20.0000,  127, 64, 0
L -993.0000, 1068.0000, 21.0000,  -991.0000, 1070.0000, 21.0000,  127, 64, 0
L -995.0000, 1067.0000, 21.0000,  -993.0000, 1068.0000, 21.0000,  127, 64, 0
L -1001.0000, 1064.0000, 20.0000,  -995.0000, 1067.0000, 21.0000,  127, 64, 0
L -1009.0000, 1060.0000, 19.0000,  -1001.0000, 1064.0000, 20.0000,  127, 64, 0
L -1017.0000, 1056.0000, 19.0000,  -1009.0000, 1060.0000, 19.0000,  127, 64, 0
L -1025.0000, 1053.0000, 18.0000,  -1017.0000, 1056.0000, 19.0000,  127, 64, 0
L -1033.0000, 1050.0000, 16.0000,  -1025.0000, 1053.0000, 18.0000,  127, 64, 0
L -1058.0000, 1040.0000, 5.0000,  -1033.0000, 1050.0000, 16.0000,  127, 64, 0
L -1067.0000, 1037.0000, 2.0000,  -1058.0000, 1040.0000, 5.0000,  127, 64, 0
L -1091.0000, 1028.0000, -7.0000,  -1067.0000, 1037.0000, 2.0000,  127, 64, 0
L -1099.0000, 1026.0000, -10.0000,  -1091.0000, 1028.0000, -7.0000,  127, 64, 0
L -1104.0000, 1024.0000, -11.0000,  -1099.0000, 1026.0000, -10.0000,  127, 64, 0
L -1106.0000, 1023.0000, -12.0000,  -1104.0000, 1024.0000, -11.0000,  127, 64, 0
L -1108.0000, 1022.0000, -12.0000,  -1106.0000, 1023.0000, -12.0000,  127, 64, 0
L -1110.0000, 1019.0000, -12.0000,  -1108.0000, 1022.0000, -12.0000,  127, 64, 0
L -1123.0000, 1013.0000, -15.0000,  -1110.0000, 1019.0000, -12.0000,  127, 64, 0
L -1124.0000, 1012.0000, -15.0000,  -1123.0000, 1013.0000, -15.0000,  127, 64, 0
L -1125.0000, 1012.0000, -15.0000,  -1124.0000, 1012.0000, -15.0000,  127, 64, 0
L -1126.0000, 1010.0000, -15.0000,  -1125.0000, 1012.0000, -15.0000,  127, 64, 0
L -1126.0000, 1009.0000, -15.0000,  -1126.0000, 1010.0000, -15.0000,  127, 64, 0
L -1127.0000, 1007.0000, -15.0000,  -1126.0000, 1009.0000, -15.0000,  127, 64, 0
L -1134.0000, 997.0000, -15.0000,  -1127.0000, 1007.0000, -15.0000,  127, 64, 0
L -1138.0000, 993.0000, -16.0000,  -1134.0000, 997.0000, -15.0000,  127, 64, 0
L -1140.0000, 991.0000, -16.0000,  -1138.0000, 993.0000, -16.0000,  127, 64, 0
L -1142.0000, 985.0000, -16.0000,  -1140.0000, 991.0000, -16.0000,  127, 64, 0
L -1146.0000, 975.0000, -17.0000,  -1142.0000, 985.0000, -16.0000,  127, 64, 0
L -1144.0000, 971.0000, -15.0000,  -1146.0000, 975.0000, -17.0000,  127, 64, 0
L -1142.0000, 970.0000, -13.0000,  -1144.0000, 971.0000, -15.0000,  127, 64, 0
L -1139.0000, 967.0000, -13.0000,  -1142.0000, 970.0000, -13.0000,  127, 64, 0
L -1137.0000, 964.0000, -14.0000,  -1139.0000, 967.0000, -13.0000,  127, 64, 0
L -1132.0000, 955.0000, -15.0000,  -1137.0000, 964.0000, -14.0000,  127, 64, 0
L -1132.0000, 954.0000, -15.0000,  -1132.0000, 955.0000, -15.0000,  127, 64, 0
L -1124.0000, 952.0000, -13.0000,  -1132.0000, 954.0000, -15.0000,  127, 64, 0
L -1114.0000, 950.0000, -11.0000,  -1124.0000, 952.0000, -13.0000,  127, 64, 0
L -1112.0000, 950.0000, -11.0000,  -1114.0000, 950.0000, -11.0000,  127, 64, 0
L -1110.0000, 948.0000, -11.0000,  -1112.0000, 950.0000, -11.0000,  127, 64, 0
L -1108.0000, 946.0000, -10.0000,  -1110.0000, 948.0000, -11.0000,  127, 64, 0
L -1099.0000, 942.0000, -11.0000,  -1108.0000, 946.0000, -10.0000,  127, 64, 0
L -1090.0000, 937.0000, -10.0000,  -1099.0000, 942.0000, -11.0000,  127, 64, 0
L -1088.0000, 936.0000, -11.0000,  -1090.0000, 937.0000, -10.0000,  127, 64, 0
L -1088.0000, 935.0000, -12.0000,  -1088.0000, 936.0000, -11.0000,  127, 64, 0
L -1086.0000, 930.0000, -12.0000,  -1088.0000, 935.0000, -12.0000,  127, 64, 0
L -1085.0000, 926.0000, -12.0000,  -1086.0000, 930.0000, -12.0000,  127, 64, 0
L -1084.0000, 923.0000, -12.0000,  -1085.0000, 926.0000, -12.0000,  127, 64, 0
L -1080.0000, 907.0000, -12.0000,  -1084.0000, 923.0000, -12.0000,  127, 64, 0
L -1072.0000, 903.0000, -12.0000,  -1080.0000, 907.0000, -12.0000,  127, 64, 0
L -1064.0000, 900.0000, -13.0000,  -1072.0000, 903.0000, -12.0000,  127, 64, 0
L -1061.0000, 899.0000, -13.0000,  -1064.0000, 900.0000, -13.0000,  127, 64, 0
L -1059.0000, 898.0000, -13.0000,  -1061.0000, 899.0000, -13.0000,  127, 64, 0
L -1056.0000, 898.0000, -14.0000,  -1059.0000, 898.0000, -13.0000,  127, 64, 0
L -1051.0000, 899.0000, -14.0000,  -1056.0000, 898.0000, -14.0000,  127, 64, 0
L -1048.0000, 900.0000, -13.0000,  -1051.0000, 899.0000, -14.0000,  127, 64, 0
L -1044.0000, 901.0000, -12.0000,  -1048.0000, 900.0000, -13.0000,  127, 64, 0
L -1043.0000, 902.0000, -14.0000,  -1044.0000, 901.0000, -12.0000,  127, 64, 0
L -1036.0000, 899.0000, -14.0000,  -1043.0000, 902.0000, -14.0000,  127, 64, 0
L -1032.0000, 897.0000, -15.0000,  -1036.0000, 899.0000, -14.0000,  127, 64, 0
L -1029.0000, 896.0000, -15.0000,  -1032.0000, 897.0000, -15.0000,  127, 64, 0
L -1021.0000, 891.0000, -16.0000,  -1029.0000, 896.0000, -15.0000,  127, 64, 0
L -1017.0000, 888.0000, -17.0000,  -1021.0000, 891.0000, -16.0000,  127, 64, 0
L -1010.0000, 883.0000, -19.0000,  -1017.0000, 888.0000, -17.0000,  127, 64, 0
L -1007.0000, 881.0000, -20.0000,  -1010.0000, 883.0000, -19.0000,  127, 64, 0
L -1003.0000, 878.0000, -22.0000,  -1007.0000, 881.0000, -20.0000,  127, 64, 0
L -1000.0000, 875.0000, -25.0000,  -1003.0000, 878.0000, -22.0000,  127, 64, 0
L -997.0000, 872.0000, -23.0000,  -1000.0000, 875.0000, -25.0000,  127, 64, 0
L -994.0000, 875.0000, -25.0000,  -997.0000, 872.0000, -23.0000,  127, 64, 0
L -992.0000, 872.0000, -27.0000,  -994.0000, 875.0000, -25.0000,  127, 64, 0
L -990.0000, 868.0000, -29.0000,  -992.0000, 872.0000, -27.0000,  127, 64, 0
L -988.0000, 865.0000, -31.0000,  -990.0000, 868.0000, -29.0000,  127, 64, 0
L -986.0000, 860.0000, -32.0000,  -988.0000, 865.0000, -31.0000,  127, 64, 0
L -985.0000, 856.0000, -34.0000,  -986.0000, 860.0000, -32.0000,  127, 64, 0
L -983.0000, 853.0000, -34.0000,  -985.0000, 856.0000, -34.0000,  127, 64, 0
L -982.0000, 848.0000, -35.0000,  -983.0000, 853.0000, -34.0000,  127, 64, 0
L -981.0000, 843.0000, -35.0000,  -982.0000, 848.0000, -35.0000,  127, 64, 0
L -981.0000, 839.0000, -35.0000,  -981.0000, 843.0000, -35.0000,  127, 64, 0
L -980.0000, 830.0000, -35.0000,  -981.0000, 839.0000, -35.0000,  127, 64, 0
L -980.0000, 826.0000, -36.0000,  -980.0000, 830.0000, -35.0000,  127, 64, 0
L -979.0000, 822.0000, -35.0000,  -980.0000, 826.0000, -36.0000,  127, 64, 0
L -979.0000, 817.0000, -34.0000,  -979.0000, 822.0000, -35.0000,  127, 64, 0
L -978.0000, 780.0000, -36.0000,  -979.0000, 817.0000, -34.0000,  127, 64, 0
L -978.0000, 778.0000, -36.0000,  -978.0000, 780.0000, -36.0000,  127, 64, 0
L -978.0000, 776.0000, -34.0000,  -978.0000, 778.0000, -36.0000,  127, 64, 0
L -977.0000, 775.0000, -34.0000,  -978.0000, 776.0000, -34.0000,  127, 64, 0
L -976.0000, 773.0000, -35.0000,  -977.0000, 775.0000, -34.0000,  127, 64, 0
L -972.0000, 767.0000, -37.0000,  -976.0000, 773.0000, -35.0000,  127, 64, 0
L -971.0000, 764.0000, -37.0000,  -972.0000, 767.0000, -37.0000,  127, 64, 0
L -970.0000, 763.0000, -37.0000,  -971.0000, 764.0000, -37.0000,  127, 64, 0
L -968.0000, 760.0000, -37.0000,  -970.0000, 763.0000, -37.0000,  127, 64, 0
L -966.0000, 758.0000, -37.0000,  -968.0000, 760.0000, -37.0000,  127, 64, 0
L -963.0000, 757.0000, -34.0000,  -966.0000, 758.0000, -37.0000,  127, 64, 0
L -961.0000, 756.0000, -35.0000,  -963.0000, 757.0000, -34.0000,  127, 64, 0
L -959.0000, 753.0000, -37.0000,  -961.0000, 756.0000, -35.0000,  127, 64, 0
L -958.0000, 749.0000, -36.0000,  -959.0000, 753.0000, -37.0000,  127, 64, 0
L -957.0000, 744.0000, -34.0000,  -958.0000, 749.0000, -36.0000,  127, 64, 0
L -956.0000, 740.0000, -33.0000,  -957.0000, 744.0000, -34.0000,  127, 64, 0
L -955.0000, 731.0000, -32.0000,  -956.0000, 740.0000, -33.0000,  127, 64, 0
L -954.0000, 727.0000, -30.0000,  -955.0000, 731.0000, -32.0000,  127, 64, 0
L -954.0000, 723.0000, -28.0000,  -954.0000, 727.0000, -30.0000,  127, 64, 0
L -954.0000, 705.0000, -31.0000,  -954.0000, 723.0000, -28.0000,  127, 64, 0
L -954.0000, 701.0000, -32.0000,  -954.0000, 705.0000, -31.0000,  127, 64, 0
L -954.0000, 691.0000, -33.0000,  -954.0000, 701.0000, -32.0000,  127, 64, 0
L -954.0000, 687.0000, -33.0000,  -954.0000, 691.0000, -33.0000,  127, 64, 0
L -955.0000, 678.0000, -32.0000,  -954.0000, 687.0000, -33.0000,  127, 64, 0
L -955.0000, 674.0000, -32.0000,  -955.0000, 678.0000, -32.0000,  127, 64, 0
L -955.0000, 665.0000, -33.0000,  -955.0000, 674.0000, -32.0000,  127, 64, 0
L -956.0000, 660.0000, -34.0000,  -955.0000, 665.0000, -33.0000,  127, 64, 0
L -956.0000, 652.0000, -32.0000,  -956.0000, 660.0000, -34.0000,  127, 64, 0
L -956.0000, 647.0000, -30.0000,  -956.0000, 652.0000, -32.0000,  127, 64, 0
L -952.0000, 648.0000, -31.0000,  -956.0000, 647.0000, -30.0000,  127, 64, 0
L -953.0000, 644.0000, -32.0000,  -952.0000, 648.0000, -31.0000,  127, 64, 0
L -954.0000, 637.0000, -32.0000,  -953.0000, 644.0000, -32.0000,  127, 64, 0
L -944.0000, 630.0000, -33.0000,  -954.0000, 637.0000, -32.0000,  127, 64, 0
L -939.0000, 632.0000, -34.0000,  -944.0000, 630.0000, -33.0000,  127, 64, 0
L -933.0000, 626.0000, -34.0000,  -939.0000, 632.0000, -34.0000,  127, 64, 0
L -930.0000, 624.0000, -33.0000,  -933.0000, 626.0000, -34.0000,  127, 64, 0
L -927.0000, 621.0000, -33.0000,  -930.0000, 624.0000, -33.0000,  127, 64, 0
L -925.0000, 618.0000, -33.0000,  -927.0000, 621.0000, -33.0000,  127, 64, 0
L -923.0000, 614.0000, -33.0000,  -925.0000, 618.0000, -33.0000,  127, 64, 0
L -922.0000, 613.0000, -33.0000,  -923.0000, 614.0000, -33.0000,  127, 64, 0
L -922.0000, 611.0000, -35.0000,  -922.0000, 613.0000, -33.0000,  127, 64, 0
L -927.0000, 605.0000, -36.0000,  -922.0000, 611.0000, -35.0000,  127, 64, 0
L -930.0000, 603.0000, -35.0000,  -927.0000, 605.0000, -36.0000,  127, 64, 0
L -932.0000, 602.0000, -35.0000,  -930.0000, 603.0000, -35.0000,  127, 64, 0
L -929.0000, 600.0000, -35.0000,  -932.0000, 602.0000, -35.0000,  127, 64, 0
L -936.0000, 595.0000, -35.0000,  -929.0000, 600.0000, -35.0000,  127, 64, 0
L -936.0000, 593.0000, -35.0000,  -936.0000, 595.0000, -35.0000,  127, 64, 0
L -937.0000, 591.0000, -35.0000,  -936.0000, 593.0000, -35.0000,  127, 64, 0
L -938.0000, 588.0000, -35.0000,  -937.0000, 591.0000, -35.0000,  127, 64, 0
L -941.0000, 584.0000, -36.0000,  -938.0000, 588.0000, -35.0000,  127, 64, 0
L -943.0000, 580.0000, -36.0000,  -941.0000, 584.0000, -36.0000,  127, 64, 0
L -938.0000, 572.0000, -36.0000,  -943.0000, 580.0000, -36.0000,  127, 64, 0
L -936.0000, 570.0000, -37.0000,  -938.0000, 572.0000, -36.0000,  127, 64, 0
L -933.0000, 570.0000, -37.0000,  -936.0000, 570.0000, -37.0000,  127, 64, 0
L -930.0000, 570.0000, -36.0000,  -933.0000, 570.0000, -37.0000,  127, 64, 0
L -930.0000, 571.0000, -36.0000,  -930.0000, 570.0000, -36.0000,  127, 64, 0
L -928.0000, 572.0000, -35.0000,  -930.0000, 571.0000, -36.0000,  127, 64, 0
L -928.0000, 574.0000, -35.0000,  -928.0000, 572.0000, -35.0000,  127, 64, 0
L -927.0000, 575.0000, -34.0000,  -928.0000, 574.0000, -35.0000,  127, 64, 0
L -925.0000, 576.0000, -36.0000,  -927.0000, 575.0000, -34.0000,  127, 64, 0
L -924.0000, 575.0000, -34.0000,  -925.0000, 576.0000, -36.0000,  127, 64, 0
L -924.0000, 574.0000, -33.0000,  -924.0000, 575.0000, -34.0000,  127, 64, 0
L -920.0000, 569.0000, -31.0000,  -924.0000, 574.0000, -33.0000,  127, 64, 0
L -919.0000, 568.0000, -29.0000,  -920.0000, 569.0000, -31.0000,  127, 64, 0
L -919.0000, 567.0000, -29.0000,  -919.0000, 568.0000, -29.0000,  127, 64, 0
L -918.0000, 566.0000, -28.0000,  -919.0000, 567.0000, -29.0000,  127, 64, 0
L -917.0000, 564.0000, -28.0000,  -918.0000, 566.0000, -28.0000,  127, 64, 0
L -917.0000, 554.0000, -31.0000,  -917.0000, 564.0000, -28.0000,  127, 64, 0
L -920.0000, 546.0000, -30.0000,  -917.0000, 554.0000, -31.0000,  127, 64, 0
L -921.0000, 544.0000, -31.0000,  -920.0000, 546.0000, -30.0000,  127, 64, 0
L -923.0000, 543.0000, -29.0000,  -921.0000, 544.0000, -31.0000,  127, 64, 0
L -927.0000, 542.0000, -34.0000,  -923.0000, 543.0000, -29.0000,  127, 64, 0
L -928.0000, 542.0000, -34.0000,  -927.0000, 542.0000, -34.0000,  127, 64, 0
L -928.0000, 534.0000, -29.0000,  -928.0000, 542.0000, -34.0000,  127, 64, 0
L -928.0000, 532.0000, -29.0000,  -928.0000, 534.0000, -29.0000,  127, 64, 0
L -938.0000, 526.0000, -31.0000,  -928.0000, 532.0000, -29.0000,  127, 64, 0
L -942.0000, 524.0000, -30.0000,  -938.0000, 526.0000, -31.0000,  127, 64, 0
L -940.0000, 521.0000, -30.0000,  -942.0000, 524.0000, -30.0000,  127, 64, 0
L -943.0000, 519.0000, -29.0000,  -940.0000, 521.0000, -30.0000,  127, 64, 0
L -947.0000, 518.0000, -28.0000,  -943.0000, 519.0000, -29.0000,  127, 64, 0
L -951.0000, 516.0000, -29.0000,  -947.0000, 518.0000, -28.0000,  127, 64, 0
L -958.0000, 516.0000, -32.0000,  -951.0000, 516.0000, -29.0000,  127, 64, 0
L -961.0000, 516.0000, -31.0000,  -958.0000, 516.0000, -32.0000,  127, 64, 0
L -965.0000, 515.0000, -32.0000,  -961.0000, 516.0000, -31.0000,  127, 64, 0
L -968.0000, 513.0000, -33.0000,  -965.0000, 515.0000, -32.0000,  127, 64, 0
L -972.0000, 512.0000, -31.0000,  -968.0000, 513.0000, -33.0000,  127, 64, 0
L -977.0000, 513.0000, -30.0000,  -972.0000, 512.0000, -31.0000,  127, 64, 0
L -976.0000, 509.0000, -31.0000,  -977.0000, 513.0000, -30.0000,  127, 64, 0
L -980.0000, 508.0000, -30.0000,  -976.0000, 509.0000, -31.0000,  127, 64, 0
L -983.0000, 507.0000, -32.0000,  -980.0000, 508.0000, -30.0000,  127, 64, 0
L -988.0000, 509.0000, -34.0000,  -983.0000, 507.0000, -32.0000,  127, 64, 0
L -992.0000, 511.0000, -33.0000,  -988.0000, 509.0000, -34.0000,  127, 64, 0
L -996.0000, 513.0000, -31.0000,  -992.0000, 511.0000, -33.0000,  127, 64, 0
L -997.0000, 509.0000, -32.0000,  -996.0000, 513.0000, -31.0000,  127, 64, 0
L -1006.0000, 513.0000, -34.0000,  -997.0000, 509.0000, -32.0000,  127, 64, 0
L -1010.0000, 515.0000, -35.0000,  -1006.0000, 513.0000, -34.0000,  127, 64, 0
L -1016.0000, 518.0000, -38.0000,  -1010.0000, 515.0000, -35.0000,  127, 64, 0
L -1020.0000, 519.0000, -39.0000,  -1016.0000, 518.0000, -38.0000,  127, 64, 0
L -1023.0000, 522.0000, -38.0000,  -1020.0000, 519.0000, -39.0000,  127, 64, 0
L -1025.0000, 526.0000, -39.0000,  -1023.0000, 522.0000, -38.0000,  127, 64, 0
L -1027.0000, 529.0000, -39.0000,  -1025.0000, 526.0000, -39.0000,  127, 64, 0
L -1030.0000, 533.0000, -39.0000,  -1027.0000, 529.0000, -39.0000,  127, 64, 0
L -1032.0000, 537.0000, -39.0000,  -1030.0000, 533.0000, -39.0000,  127, 64, 0
L -1037.0000, 549.0000, -39.0000,  -1032.0000, 537.0000, -39.0000,  127, 64, 0
L -1043.0000, 562.0000, -39.0000,  -1037.0000, 549.0000, -39.0000,  127, 64, 0
L -1046.0000, 570.0000, -38.0000,  -1043.0000, 562.0000, -39.0000,  127, 64, 0
L -1047.0000, 574.0000, -36.0000,  -1046.0000, 570.0000, -38.0000,  127, 64, 0
L -1051.0000, 572.0000, -36.0000,  -1047.0000, 574.0000, -36.0000,  127, 64, 0
L -1052.0000, 574.0000, -36.0000,  -1051.0000, 572.0000, -36.0000,  127, 64, 0
L -1053.0000, 578.0000, -36.0000,  -1052.0000, 574.0000, -36.0000,  127, 64, 0
L -1053.0000, 586.0000, -36.0000,  -1053.0000, 578.0000, -36.0000,  127, 64, 0
L -1051.0000, 591.0000, -35.0000,  -1053.0000, 586.0000, -36.0000,  127, 64, 0
L -1050.0000, 595.0000, -35.0000,  -1051.0000, 591.0000, -35.0000,  127, 64, 0
L -1049.0000, 600.0000, -34.0000,  -1050.0000, 595.0000, -35.0000,  127, 64, 0
L -1047.0000, 604.0000, -33.0000,  -1049.0000, 600.0000, -34.0000,  127, 64, 0
L -1045.0000, 607.0000, -32.0000,  -1047.0000, 604.0000, -33.0000,  127, 64, 0
L -1050.0000, 609.0000, -32.0000,  -1045.0000, 607.0000, -32.0000,  127, 64, 0
L -1048.0000, 613.0000, -30.0000,  -1050.0000, 609.0000, -32.0000,  127, 64, 0
L -1046.0000, 617.0000, -29.0000,  -1048.0000, 613.0000, -30.0000,  127, 64, 0
L -1043.0000, 620.0000, -29.0000,  -1046.0000, 617.0000, -29.0000,  127, 64, 0
L -1040.0000, 623.0000, -28.0000,  -1043.0000, 620.0000, -29.0000,  127, 64, 0
L -1034.0000, 630.0000, -30.0000,  -1040.0000, 623.0000, -28.0000,  127, 64, 0
L -1031.0000, 633.0000, -30.0000,  -1034.0000, 630.0000, -30.0000,  127, 64, 0
L -1027.0000, 638.0000, -31.0000,  -1031.0000, 633.0000, -30.0000,  127, 64, 0
L -1024.0000, 642.0000, -31.0000,  -1027.0000, 638.0000, -31.0000,  127, 64, 0
L -1022.0000, 651.0000, -32.0000,  -1024.0000, 642.0000, -31.0000,  127, 64, 0
L -1022.0000, 654.0000, -32.0000,  -1022.0000, 651.0000, -32.0000,  127, 64, 0
L -1022.0000, 666.0000, -30.0000,  -1022.0000, 654.0000, -32.0000,  127, 64, 0
L -1022.0000, 671.0000, -28.0000,  -1022.0000, 666.0000, -30.0000,  127, 64, 0
L -1026.0000, 670.0000, -29.0000,  -1022.0000, 671.0000, -28.0000,  127, 64, 0
L -1026.0000, 685.0000, -32.0000,  -1026.0000, 670.0000, -29.0000,  127, 64, 0
L -1025.0000, 689.0000, -32.0000,  -1026.0000, 685.0000, -32.0000,  127, 64, 0
L -1024.0000, 698.0000, -32.0000,  -1025.0000, 689.0000, -32.0000,  127, 64, 0
L -1024.0000, 707.0000, -33.0000,  -1024.0000, 698.0000, -32.0000,  127, 64, 0
L -1023.0000, 716.0000, -34.0000,  -1024.0000, 707.0000, -33.0000,  127, 64, 0
L -1023.0000, 720.0000, -35.0000,  -1023.0000, 716.0000, -34.0000,  127, 64, 0
L -1022.0000, 724.0000, -32.0000,  -1023.0000, 720.0000, -35.0000,  127, 64, 0
L -1022.0000, 729.0000, -30.0000,  -1022.0000, 724.0000, -32.0000,  127, 64, 0
L -1026.0000, 729.0000, -31.0000,  -1022.0000, 729.0000, -30.0000,  127, 64, 0
L -1026.0000, 732.0000, -32.0000,  -1026.0000, 729.0000, -31.0000,  127, 64, 0
L -1025.0000, 736.0000, -34.0000,  -1026.0000, 732.0000, -32.0000,  127, 64, 0
L -1024.0000, 741.0000, -34.0000,  -1025.0000, 736.0000, -34.0000,  127, 64, 0
L -1023.0000, 745.0000, -36.0000,  -1024.0000, 741.0000, -34.0000,  127, 64, 0
L -1021.0000, 749.0000, -35.0000,  -1023.0000, 745.0000, -36.0000,  127, 64, 0
L -1020.0000, 753.0000, -33.0000,  -1021.0000, 749.0000, -35.0000,  127, 64, 0
L -1016.0000, 761.0000, -31.0000,  -1020.0000, 753.0000, -33.0000,  127, 64, 0
L -1014.0000, 765.0000, -31.0000,  -1016.0000, 761.0000, -31.0000,  127, 64, 0
L -1012.0000, 768.0000, -32.0000,  -1014.0000, 765.0000, -31.0000,  127, 64, 0
L -1009.0000, 771.0000, -33.0000,  -1012.0000, 768.0000, -32.0000,  127, 64, 0
L -1005.0000, 775.0000, -33.0000,  -1009.0000, 771.0000, -33.0000,  127, 64, 0
L -1005.0000, 775.0000, -34.0000,  -1005.0000, 775.0000, -33.0000,  127, 64, 0
L -1003.0000, 779.0000, -35.0000,  -1005.0000, 775.0000, -34.0000,  127, 64, 0
L -1000.0000, 787.0000, -37.0000,  -1003.0000, 779.0000, -35.0000,  127, 64, 0
L -1000.0000, 791.0000, -37.0000,  -1000.0000, 787.0000, -37.0000,  127, 64, 0
L -1000.0000, 799.0000, -38.0000,  -1000.0000, 791.0000, -37.0000,  127, 64, 0
L -999.0000, 809.0000, -38.0000,  -1000.0000, 799.0000, -38.0000,  127, 64, 0
L -1001.0000, 815.0000, -36.0000,  -999.0000, 809.0000, -38.0000,  127, 64, 0
L -1002.0000, 817.0000, -36.0000,  -1001.0000, 815.0000, -36.0000,  127, 64, 0
L -1003.0000, 830.0000, -31.0000,  -1002.0000, 817.0000, -36.0000,  127, 64, 0
L -1005.0000, 838.0000, -27.0000,  -1003.0000, 830.0000, -31.0000,  127, 64, 0
L -1005.0000, 842.0000, -25.0000,  -1005.0000, 838.0000, -27.0000,  127, 64, 0
L -1007.0000, 845.0000, -24.0000,  -1005.0000, 842.0000, -25.0000,  127, 64, 0
L -1008.0000, 848.0000, -24.0000,  -1007.0000, 845.0000, -24.0000,  127, 64, 0
L -1008.0000, 851.0000, -24.0000,  -1008.0000, 848.0000, -24.0000,  127, 64, 0
L -1013.0000, 864.0000, -21.0000,  -1008.0000, 851.0000, -24.0000,  127, 64, 0
L -1014.0000, 865.0000, -21.0000,  -1013.0000, 864.0000, -21.0000,  127, 64, 0
L -1019.0000, 868.0000, -15.0000,  -1014.0000, 865.0000, -21.0000,  127, 64, 0
L -1026.0000, 872.0000, -12.0000,  -1019.0000, 868.0000, -15.0000,  127, 64, 0
L -1029.0000, 874.0000, -10.0000,  -1026.0000, 872.0000, -12.0000,  127, 64, 0
L -1031.0000, 874.0000, -11.0000,  -1029.0000, 874.0000, -10.0000,  127, 64, 0
L -1039.0000, 876.0000, -12.0000,  -1031.0000, 874.0000, -11.0000,  127, 64, 0
L -1042.0000, 877.0000, -13.0000,  -1039.0000, 876.0000, -12.0000,  127, 64, 0
L -1051.0000, 879.0000, -14.0000,  -1042.0000, 877.0000, -13.0000,  127, 64, 0
L -1053.0000, 879.0000, -14.0000,  -1051.0000, 879.0000, -14.0000,  127, 64, 0
L -1054.0000, 877.0000, -12.0000,  -1053.0000, 879.0000, -14.0000,  127, 64, 0
L -1055.0000, 876.0000, -12.0000,  -1054.0000, 877.0000, -12.0000,  127, 64, 0
L -1058.0000, 875.0000, -10.0000,  -1055.0000, 876.0000, -12.0000,  127, 64, 0
L -1071.0000, 869.0000, -14.0000,  -1058.0000, 875.0000, -10.0000,  127, 64, 0
L -1073.0000, 868.0000, -14.0000,  -1071.0000, 869.0000, -14.0000,  127, 64, 0
L -1074.0000, 867.0000, -14.0000,  -1073.0000, 868.0000, -14.0000,  127, 64, 0
L -1086.0000, 854.0000, -16.0000,  -1074.0000, 867.0000, -14.0000,  127, 64, 0
L -1092.0000, 848.0000, -16.0000,  -1086.0000, 854.0000, -16.0000,  127, 64, 0
L -1096.0000, 845.0000, -16.0000,  -1092.0000, 848.0000, -16.0000,  127, 64, 0
L -1099.0000, 843.0000, -17.0000,  -1096.0000, 845.0000, -16.0000,  127, 64, 0
L -1103.0000, 840.0000, -16.0000,  -1099.0000, 843.0000, -17.0000,  127, 64, 0
L -1111.0000, 836.0000, -16.0000,  -1103.0000, 840.0000, -16.0000,  127, 64, 0
L -1118.0000, 832.0000, -16.0000,  -1111.0000, 836.0000, -16.0000,  127, 64, 0
L -1127.0000, 828.0000, -16.0000,  -1118.0000, 832.0000, -16.0000,  127, 64, 0
L -1153.0000, 817.0000, -11.0000,  -1127.0000, 828.0000, -16.0000,  127, 64, 0
L -1154.0000, 816.0000, -11.0000,  -1153.0000, 817.0000, -11.0000,  127, 64, 0
L -1157.0000, 820.0000, -8.0000,  -1154.0000, 816.0000, -11.0000,  127, 64, 0
L -1158.0000, 823.0000, -10.0000,  -1157.0000, 820.0000, -8.0000,  127, 64, 0
L -1159.0000, 824.0000, -10.0000,  -1158.0000, 823.0000, -10.0000,  127, 64, 0
L -1161.0000, 825.0000, -10.0000,  -1159.0000, 824.0000, -10.0000,  127, 64, 0
L -1166.0000, 835.0000, -13.0000,  -1161.0000, 825.0000, -10.0000,  127, 64, 0
L -1167.0000, 837.0000, -13.0000,  -1166.0000, 835.0000, -13.0000,  127, 64, 0
L -1168.0000, 842.0000, -13.0000,  -1167.0000, 837.0000, -13.0000,  127, 64, 0
L -1168.0000, 846.0000, -13.0000,  -1168.0000, 842.0000, -13.0000,  127, 64, 0
L -1169.0000, 848.0000, -14.0000,  -1168.0000, 846.0000, -13.0000,  127, 64, 0
L -1169.0000, 856.0000, -14.0000,  -1169.0000, 848.0000, -14.0000,  127, 64, 0
L -1170.0000, 863.0000, -14.0000,  -1169.0000, 856.0000, -14.0000,  127, 64, 0
L -1174.0000, 871.0000, -14.0000,  -1170.0000, 863.0000, -14.0000,  127, 64, 0
L -1181.0000, 876.0000, -14.0000,  -1174.0000, 871.0000, -14.0000,  127, 64, 0
L -1183.0000, 878.0000, -14.0000,  -1181.0000, 876.0000, -14.0000,  127, 64, 0
L -1184.0000, 878.0000, -14.0000,  -1183.0000, 878.0000, -14.0000,  127, 64, 0
L -1192.0000, 881.0000, -15.0000,  -1184.0000, 878.0000, -14.0000,  127, 64, 0
L -1194.0000, 882.0000, -15.0000,  -1192.0000, 881.0000, -15.0000,  127, 64, 0
L -1195.0000, 882.0000, -15.0000,  -1194.0000, 882.0000, -15.0000,  127, 64, 0
L -1204.0000, 881.0000, -16.0000,  -1195.0000, 882.0000, -15.0000,  127, 64, 0
L -1231.0000, 882.0000, -17.0000,  -1204.0000, 881.0000, -16.0000,  127, 64, 0
L -1266.0000, 882.0000, -15.0000,  -1231.0000, 882.0000, -17.0000,  127, 64, 0
L -1286.0000, 882.0000, -16.0000,  -1266.0000, 882.0000, -15.0000,  127, 64, 0
L -1294.0000, 875.0000, -16.0000,  -1286.0000, 882.0000, -16.0000,  127, 64, 0
L -1299.0000, 869.0000, -15.0000,  -1294.0000, 875.0000, -16.0000,  127, 64, 0
L -1300.0000, 867.0000, -16.0000,  -1299.0000, 869.0000, -15.0000,  127, 64, 0
L -1301.0000, 866.0000, -16.0000,  -1300.0000, 867.0000, -16.0000,  127, 64, 0
L -1301.0000, 864.0000, -15.0000,  -1301.0000, 866.0000, -16.0000,  127, 64, 0
L -1301.0000, 859.0000, -14.0000,  -1301.0000, 864.0000, -15.0000,  127, 64, 0
L -1301.0000, 856.0000, -16.0000,  -1301.0000, 859.0000, -14.0000,  127, 64, 0
L -1301.0000, 853.0000, -16.0000,  -1301.0000, 856.0000, -16.0000,  127, 64, 0
L -1302.0000, 846.0000, -16.0000,  -1301.0000, 853.0000, -16.0000,  127, 64, 0
L -1302.0000, 838.0000, -14.0000,  -1302.0000, 846.0000, -16.0000,  127, 64, 0
L -1303.0000, 834.0000, -13.0000,  -1302.0000, 838.0000, -14.0000,  127, 64, 0
L -1304.0000, 830.0000, -13.0000,  -1303.0000, 834.0000, -13.0000,  127, 64, 0
L -1306.0000, 826.0000, -14.0000,  -1304.0000, 830.0000, -13.0000,  127, 64, 0
L -1308.0000, 820.0000, -13.0000,  -1306.0000, 826.0000, -14.0000,  127, 64, 0
L -1309.0000, 819.0000, -13.0000,  -1308.0000, 820.0000, -13.0000,  127, 64, 0
L -1309.0000, 818.0000, -13.0000,  -1309.0000, 819.0000, -13.0000,  127, 64, 0
L -1309.0000, 817.0000, -12.0000,  -1309.0000, 818.0000, -13.0000,  127, 64, 0
L -1312.0000, 803.0000, -11.0000,  -1309.0000, 817.0000, -12.0000,  127, 64, 0
L -1313.0000, 799.0000, -12.0000,  -1312.0000, 803.0000, -11.0000,  127, 64, 0
L -1314.0000, 790.0000, -11.0000,  -1313.0000, 799.0000, -12.0000,  127, 64, 0
L -1315.0000, 786.0000, -10.0000,  -1314.0000, 790.0000, -11.0000,  127, 64, 0
L -1318.0000, 773.0000, -11.0000,  -1315.0000, 786.0000, -10.0000,  127, 64, 0
L -1318.0000, 770.0000, -11.0000,  -1318.0000, 773.0000, -11.0000,  127, 64, 0
L -1319.0000, 766.0000, -11.0000,  -1318.0000, 770.0000, -11.0000,  127, 64, 0
L -1321.0000, 760.0000, -10.0000,  -1319.0000, 766.0000, -11.0000,  127, 64, 0
L -1321.0000, 758.0000, -10.0000,  -1321.0000, 760.0000, -10.0000,  127, 64, 0
L -1307.0000, 744.0000, -11.0000,  -1321.0000, 758.0000, -10.0000,  127, 64, 0
L -1299.0000, 736.0000, -11.0000,  -1307.0000, 744.0000, -11.0000,  127, 64, 0
L -1297.0000, 734.0000, -10.0000,  -1299.0000, 736.0000, -11.0000,  127, 64, 0
L -1296.0000, 732.0000, -10.0000,  -1297.0000, 734.0000, -10.0000,  127, 64, 0
L -1296.0000, 731.0000, -11.0000,  -1296.0000, 732.0000, -10.0000,  127, 64, 0
L -1296.0000, 726.0000, -12.0000,  -1296.0000, 731.0000, -11.0000,  127, 64, 0
L -1297.0000, 722.0000, -12.0000,  -1296.0000, 726.0000, -12.0000,  127, 64, 0
L -1297.0000, 718.0000, -13.0000,  -1297.0000, 722.0000, -12.0000,  127, 64, 0
L -1299.0000, 713.0000, -13.0000,  -1297.0000, 718.0000, -13.0000,  127, 64, 0
L -1302.0000, 701.0000, -13.0000,  -1299.0000, 713.0000, -13.0000,  127, 64, 0
L -1306.0000, 693.0000, -13.0000,  -1302.0000, 701.0000, -13.0000,  127, 64, 0
L -1307.0000, 689.0000, -13.0000,  -1306.0000, 693.0000, -13.0000,  127, 64, 0
L -1307.0000, 686.0000, -13.0000,  -1307.0000, 689.0000, -13.0000,  127, 64, 0
L -1307.0000, 683.0000, -12.0000,  -1307.0000, 686.0000, -13.0000,  127, 64, 0
L -1307.0000, 681.0000, -12.0000,  -1307.0000, 683.0000, -12.0000,  127, 64, 0
L -1308.0000, 677.0000, -13.0000,  -1307.0000, 681.0000, -12.0000,  127, 64, 0
L -1309.0000, 673.0000, -13.0000,  -1308.0000, 677.0000, -13.0000,  127, 64, 0
L -1313.0000, 665.0000, -13.0000,  -1309.0000, 673.0000, -13.0000,  127, 64, 0
L -1316.0000, 662.0000, -14.0000,  -1313.0000, 665.0000, -13.0000,  127, 64, 0
L -1317.0000, 660.0000, -14.0000,  -1316.0000, 662.0000, -14.0000,  127, 64, 0
L -1318.0000, 660.0000, -14.0000,  -1317.0000, 660.0000, -14.0000,  127, 64, 0
L -1319.0000, 659.0000, -14.0000,  -1318.0000, 660.0000, -14.0000,  127, 64, 0
L -1320.0000, 656.0000, -13.0000,  -1319.0000, 659.0000, -14.0000,  127, 64, 0
L -1322.0000, 653.0000, -13.0000,  -1320.0000, 656.0000, -13.0000,  127, 64, 0
L -1325.0000, 650.0000, -14.0000,  -1322.0000, 653.0000, -13.0000,  127, 64, 0
L -1322.0000, 648.0000, -13.0000,  -1325.0000, 650.0000, -14.0000,  127, 64, 0
L -1325.0000, 645.0000, -13.0000,  -1322.0000, 648.0000, -13.0000,  127, 64, 0
L -1328.0000, 641.0000, -13.0000,  -1325.0000, 645.0000, -13.0000,  127, 64, 0
L -1329.0000, 639.0000, -12.0000,  -1328.0000, 641.0000, -13.0000,  127, 64, 0
L -1329.0000, 638.0000, -11.0000,  -1329.0000, 639.0000, -12.0000,  127, 64, 0
L -1328.0000, 636.0000, -10.0000,  -1329.0000, 638.0000, -11.0000,  127, 64, 0
L -1328.0000, 632.0000, -11.0000,  -1328.0000, 636.0000, -10.0000,  127, 64, 0
L -1329.0000, 629.0000, -9.0000,  -1328.0000, 632.0000, -11.0000,  127, 64, 0
L -1331.0000, 625.0000, -8.0000,  -1329.0000, 629.0000, -9.0000,  127, 64, 0
L -1327.0000, 624.0000, -9.0000,  -1331.0000, 625.0000, -8.0000,  127, 64, 0
L -1328.0000, 622.0000, -11.0000,  -1327.0000, 624.0000, -9.0000,  127, 64, 0
L -1330.0000, 619.0000, -11.0000,  -1328.0000, 622.0000, -11.0000,  127, 64, 0
L -1336.0000, 613.0000, -9.0000,  -1330.0000, 619.0000, -11.0000,  127, 64, 0
L -1340.0000, 610.0000, -10.0000,  -1336.0000, 613.0000, -9.0000,  127, 64, 0
L -1344.0000, 608.0000, -9.0000,  -1340.0000, 610.0000, -10.0000,  127, 64, 0
L -1347.0000, 606.0000, -8.0000,  -1344.0000, 608.0000, -9.0000,  127, 64, 0
L -1344.0000, 602.0000, -8.0000,  -1347.0000, 606.0000, -8.0000,  127, 64, 0
L -1345.0000, 601.0000, -9.0000,  -1344.0000, 602.0000, -8.0000,  127, 64, 0
L -1357.0000, 597.0000, -12.0000,  -1345.0000, 601.0000, -9.0000,  127, 64, 0
L -1361.0000, 596.0000, -12.0000,  -1357.0000, 597.0000, -12.0000,  127, 64, 0
L -1365.0000, 596.0000, -11.0000,  -1361.0000, 596.0000, -12.0000,  127, 64, 0
L -1370.0000, 596.0000, -11.0000,  -1365.0000, 596.0000, -11.0000,  127, 64, 0
L -1388.0000, 597.0000, -11.0000,  -1370.0000, 596.0000, -11.0000,  127, 64, 0
L -1393.0000, 598.0000, -8.0000,  -1388.0000, 597.0000, -11.0000,  127, 64, 0
L -1397.0000, 599.0000, -7.0000,  -1393.0000, 598.0000, -8.0000,  127, 64, 0
L -1397.0000, 595.0000, -8.0000,  -1397.0000, 599.0000, -7.0000,  127, 64, 0
L -1398.0000, 595.0000, -8.0000,  -1397.0000, 595.0000, -8.0000,  127, 64, 0
L -1403.0000, 596.0000, -9.0000,  -1398.0000, 595.0000, -8.0000,  127, 64, 0
L -1407.0000, 598.0000, -9.0000,  -1403.0000, 596.0000, -9.0000,  127, 64, 0
L -1411.0000, 599.0000, -11.0000,  -1407.0000, 598.0000, -9.0000,  127, 64, 0
L -1415.0000, 602.0000, -11.0000,  -1411.0000, 599.0000, -11.0000,  127, 64, 0
L -1419.0000, 603.0000, -11.0000,  -1415.0000, 602.0000, -11.0000,  127, 64, 0
L -1422.0000, 606.0000, -11.0000,  -1419.0000, 603.0000, -11.0000,  127, 64, 0
L -1428.0000, 612.0000, -13.0000,  -1422.0000, 606.0000, -11.0000,  127, 64, 0
L -1431.0000, 615.0000, -15.0000,  -1428.0000, 612.0000, -13.0000,  127, 64, 0
L -1433.0000, 619.0000, -16.0000,  -1431.0000, 615.0000, -15.0000,  127, 64, 0
L -1436.0000, 623.0000, -16.0000,  -1433.0000, 619.0000, -16.0000,  127, 64, 0
L -1438.0000, 626.0000, -16.0000,  -1436.0000, 623.0000, -16.0000,  127, 64, 0
L -1440.0000, 631.0000, -16.0000,  -1438.0000, 626.0000, -16.0000,  127, 64, 0
L -1441.0000, 635.0000, -16.0000,  -1440.0000, 631.0000, -16.0000,  127, 64, 0
L -1442.0000, 639.0000, -17.0000,  -1441.0000, 635.0000, -16.0000,  127, 64, 0
L -1443.0000, 648.0000, -16.0000,  -1442.0000, 639.0000, -17.0000,  127, 64, 0
L -1444.0000, 666.0000, -16.0000,  -1443.0000, 648.0000, -16.0000,  127, 64, 0
L -1445.0000, 675.0000, -15.0000,  -1444.0000, 666.0000, -16.0000,  127, 64, 0
L -1445.0000, 679.0000, -14.0000,  -1445.0000, 675.0000, -15.0000,  127, 64, 0
L -1449.0000, 679.0000, -14.0000,  -1445.0000, 679.0000, -14.0000,  127, 64, 0
L -1449.0000, 682.0000, -14.0000,  -1449.0000, 679.0000, -14.0000,  127, 64, 0
L -1448.0000, 687.0000, -14.0000,  -1449.0000, 682.0000, -14.0000,  127, 64, 0
L -1447.0000, 691.0000, -13.0000,  -1448.0000, 687.0000, -14.0000,  127, 64, 0
L -1446.0000, 695.0000, -13.0000,  -1447.0000, 691.0000, -13.0000,  127, 64, 0
L -1445.0000, 700.0000, -12.0000,  -1446.0000, 695.0000, -13.0000,  127, 64, 0
L -1442.0000, 708.0000, -13.0000,  -1445.0000, 700.0000, -12.0000,  127, 64, 0
L -1440.0000, 717.0000, -13.0000,  -1442.0000, 708.0000, -13.0000,  127, 64, 0
L -1437.0000, 725.0000, -13.0000,  -1440.0000, 717.0000, -13.0000,  127, 64, 0
L -1435.0000, 734.0000, -13.0000,  -1437.0000, 725.0000, -13.0000,  127, 64, 0
L -1431.0000, 742.0000, -14.0000,  -1435.0000, 734.0000, -13.0000,  127, 64, 0
L -1428.0000, 750.0000, -13.0000,  -1431.0000, 742.0000, -14.0000,  127, 64, 0
L -1426.0000, 754.0000, -13.0000,  -1428.0000, 750.0000, -13.0000,  127, 64, 0
L -1423.0000, 757.0000, -12.0000,  -1426.0000, 754.0000, -13.0000,  127, 64, 0
L -1421.0000, 761.0000, -11.0000,  -1423.0000, 757.0000, -12.0000,  127, 64, 0
L -1419.0000, 764.0000, -11.0000,  -1421.0000, 761.0000, -11.0000,  127, 64, 0
L -1416.0000, 767.0000, -10.0000,  -1419.0000, 764.0000, -11.0000,  127, 64, 0
L -1413.0000, 770.0000, -8.0000,  -1416.0000, 767.0000, -10.0000,  127, 64, 0
L -1409.0000, 772.0000, -8.0000,  -1413.0000, 770.0000, -8.0000,  127, 64, 0
L -1401.0000, 774.0000, -8.0000,  -1409.0000, 772.0000, -8.0000,  127, 64, 0
L -1394.0000, 775.0000, -8.0000,  -1401.0000, 774.0000, -8.0000,  127, 64, 0
L -1381.0000, 778.0000, -5.0000,  -1394.0000, 775.0000, -8.0000,  127, 64, 0
L -1375.0000, 780.0000, -7.0000,  -1381.0000, 778.0000, -5.0000,  127, 64, 0
L -1373.0000, 781.0000, -6.0000,  -1375.0000, 780.0000, -7.0000,  127, 64, 0
L -1369.0000, 784.0000, -4.0000,  -1373.0000, 781.0000, -6.0000,  127, 64, 0
L -1368.0000, 786.0000, -4.0000,  -1369.0000, 784.0000, -4.0000,  127, 64, 0
L -1363.0000, 791.0000, -7.0000,  -1368.0000, 786.0000, -4.0000,  127, 64, 0
L -1361.0000, 795.0000, -8.0000,  -1363.0000, 791.0000, -7.0000,  127, 64, 0
L -1358.0000, 798.0000, -9.0000,  -1361.0000, 795.0000, -8.0000,  127, 64, 0
L -1357.0000, 801.0000, -11.0000,  -1358.0000, 798.0000, -9.0000,  127, 64, 0
L -1353.0000, 806.0000, -12.0000,  -1357.0000, 801.0000, -11.0000,  127, 64, 0
L -1351.0000, 807.0000, -12.0000,  -1353.0000, 806.0000, -12.0000,  127, 64, 0
L -1350.0000, 811.0000, -11.0000,  -1351.0000, 807.0000, -12.0000,  127, 64, 0
L -1349.0000, 814.0000, -9.0000,  -1350.0000, 811.0000, -11.0000,  127, 64, 0
L -1353.0000, 815.0000, -10.0000,  -1349.0000, 814.0000, -9.0000,  127, 64, 0
L -1352.0000, 819.0000, -10.0000,  -1353.0000, 815.0000, -10.0000,  127, 64, 0
L -1347.0000, 831.0000, -12.0000,  -1352.0000, 819.0000, -10.0000,  127, 64, 0
L -1343.0000, 839.0000, -11.0000,  -1347.0000, 831.0000, -12.0000,  127, 64, 0
L -1341.0000, 843.0000, -11.0000,  -1343.0000, 839.0000, -11.0000,  127, 64, 0
L -1339.0000, 847.0000, -12.0000,  -1341.0000, 843.0000, -11.0000,  127, 64, 0
L -1335.0000, 854.0000, -14.0000,  -1339.0000, 847.0000, -12.0000,  127, 64, 0
L -1330.0000, 861.0000, -12.0000,  -1335.0000, 854.0000, -14.0000,  127, 64, 0
L -1325.0000, 869.0000, -13.0000,  -1330.0000, 861.0000, -12.0000,  127, 64, 0
L -1319.0000, 876.0000, -15.0000,  -1325.0000, 869.0000, -13.0000,  127, 64, 0
L -1317.0000, 880.0000, -14.0000,  -1319.0000, 876.0000, -15.0000,  127, 64, 0
L -1311.0000, 886.0000, -14.0000,  -1317.0000, 880.0000, -14.0000,  127, 64, 0
L -1308.0000, 890.0000, -14.0000,  -1311.0000, 886.0000, -14.0000,  127, 64, 0
L -1305.0000, 893.0000, -14.0000,  -1308.0000, 890.0000, -14.0000,  127, 64, 0
L -1301.0000, 895.0000, -13.0000,  -1305.0000, 893.0000, -14.0000,  127, 64, 0
L -1298.0000, 898.0000, -12.0000,  -1301.0000, 895.0000, -13.0000,  127, 64, 0
L -1294.0000, 901.0000, -11.0000,  -1298.0000, 898.0000, -12.0000,  127, 64, 0
L -1286.0000, 905.0000, -12.0000,  -1294.0000, 901.0000, -11.0000,  127, 64, 0
L -1282.0000, 906.0000, -13.0000,  -1286.0000, 905.0000, -12.0000,  127, 64, 0
L -1256.0000, 906.0000, -12.0000,  -1282.0000, 906.0000, -13.0000,  127, 64, 0
L -1248.0000, 905.0000, -13.0000,  -1256.0000, 906.0000, -12.0000,  127, 64, 0
L -1243.0000, 905.0000, -14.0000,  -1248.0000, 905.0000, -13.0000,  127, 64, 0
L -1234.0000, 904.0000, -12.0000,  -1243.0000, 905.0000, -14.0000,  127, 64, 0
L -1225.0000, 904.0000, -13.0000,  -1234.0000, 904.0000, -12.0000,  127, 64, 0
L -1209.0000, 903.0000, -15.0000,  -1225.0000, 904.0000, -13.0000,  127, 64, 0
L -1202.0000, 903.0000, -13.0000,  -1209.0000, 903.0000, -15.0000,  127, 64, 0
L -1194.0000, 903.0000, -13.0000,  -1202.0000, 903.0000, -13.0000,  127, 64, 0
L -1190.0000, 904.0000, -12.0000,  -1194.0000, 903.0000, -13.0000,  127, 64, 0
L -1186.0000, 905.0000, -13.0000,  -1190.0000, 904.0000, -12.0000,  127, 64, 0
L -1180.0000, 908.0000, -14.0000,  -1186.0000, 905.0000, -13.0000,  127, 64, 0
L -1176.0000, 909.0000, -15.0000,  -1180.0000, 908.0000, -14.0000,  127, 64, 0
L -1172.0000, 909.0000, -15.0000,  -1176.0000, 909.0000, -15.0000,  127, 64, 0
L -1171.0000, 912.0000, -15.0000,  -1172.0000, 909.0000, -15.0000,  127, 64, 0
L -1170.0000, 914.0000, -15.0000,  -1171.0000, 912.0000, -15.0000,  127, 64, 0
L -1173.0000, 914.0000, -15.0000,  -1170.0000, 914.0000, -15.0000,  127, 64, 0
L -1172.0000, 919.0000, -16.0000,  -1173.0000, 914.0000, -15.0000,  127, 64, 0
L -1172.0000, 923.0000, -17.0000,  -1172.0000, 919.0000, -16.0000,  127, 64, 0
L -1172.0000, 927.0000, -17.0000,  -1172.0000, 923.0000, -17.0000,  127, 64, 0
L -1171.0000, 932.0000, -17.0000,  -1172.0000, 927.0000, -17.0000,  127, 64, 0
L -1170.0000, 936.0000, -17.0000,  -1171.0000, 932.0000, -17.0000,  127, 64, 0
L -1168.0000, 940.0000, -16.0000,  -1170.0000, 936.0000, -17.0000,  127, 64, 0
L -1167.0000, 944.0000, -13.0000,  -1168.0000, 940.0000, -16.0000,  127, 64, 0
L -1165.0000, 948.0000, -11.0000,  -1167.0000, 944.0000, -13.0000,  127, 64, 0
L -1170.0000, 949.0000, -11.0000,  -1165.0000, 948.0000, -11.0000,  127, 64, 0
L -1169.0000, 952.0000, -10.0000,  -1170.0000, 949.0000, -11.0000,  127, 64, 0
L -1168.0000, 956.0000, -10.0000,  -1169.0000, 952.0000, -10.0000,  127, 64, 0
L -1167.0000, 959.0000, -12.0000,  -1168.0000, 956.0000, -10.0000,  127, 64, 0
L -1165.0000, 962.0000, -14.0000,  -1167.0000, 959.0000, -12.0000,  127, 64, 0
L -1165.0000, 964.0000, -16.0000,  -1165.0000, 962.0000, -14.0000,  127, 64, 0
L -1164.0000, 967.0000, -16.0000,  -1165.0000, 964.0000, -16.0000,  127, 64, 0
L -1163.0000, 969.0000, -16.0000,  -1164.0000, 967.0000, -16.0000,  127, 64, 0
L -1165.0000, 974.0000, -12.0000,  -1163.0000, 969.0000, -16.0000,  127, 64, 0
L -1166.0000, 976.0000, -11.0000,  -1165.0000, 974.0000, -12.0000,  127, 64, 0
L -1166.0000, 978.0000, -12.0000,  -1166.0000, 976.0000, -11.0000,  127, 64, 0
L -1166.0000, 981.0000, -12.0000,  -1166.0000, 978.0000, -12.0000,  127, 64, 0
L -1165.0000, 983.0000, -13.0000,  -1166.0000, 981.0000, -12.0000,  127, 64, 0
L -1163.0000, 988.0000, -14.0000,  -1165.0000, 983.0000, -13.0000,  127, 64, 0
L -1162.0000, 992.0000, -13.0000,  -1163.0000, 988.0000, -14.0000,  127, 64, 0
L -1160.0000, 996.0000, -13.0000,  -1162.0000, 992.0000, -13.0000,  127, 64, 0
L -1157.0000, 1005.0000, -11.0000,  -1160.0000, 996.0000, -13.0000,  127, 64, 0
L -1156.0000, 1009.0000, -10.0000,  -1157.0000, 1005.0000, -11.0000,  127, 64, 0
L -1155.0000, 1013.0000, -11.0000,  -1156.0000, 1009.0000, -10.0000,  127, 64, 0
L -1152.0000, 1016.0000, -11.0000,  -1155.0000, 1013.0000, -11.0000,  127, 64, 0
L -1145.0000, 1022.0000, -13.0000,  -1152.0000, 1016.0000, -11.0000,  127, 64, 0
L -1142.0000, 1024.0000, -12.0000,  -1145.0000, 1022.0000, -13.0000,  127, 64, 0
L -1139.0000, 1028.0000, -10.0000,  -1142.0000, 1024.0000, -12.0000,  127, 64, 0
L -1137.0000, 1032.0000, -10.0000,  -1139.0000, 1028.0000, -10.0000,  127, 64, 0
L -1133.0000, 1034.0000, -11.0000,  -1137.0000, 1032.0000, -10.0000,  127, 64, 0
L -1125.0000, 1038.0000, -9.0000,  -1133.0000, 1034.0000, -11.0000,  127, 64, 0
L -1117.0000, 1041.0000, -7.0000,  -1125.0000, 1038.0000, -9.0000,  127, 64, 0
L -1113.0000, 1043.0000, -6.0000,  -1117.0000, 1041.0000, -7.0000,  127, 64, 0
L -1100.0000, 1047.0000, 0.0000,  -1113.0000, 1043.0000, -6.0000,  127, 64, 0
L -1096.0000, 1048.0000, 2.0000,  -1100.0000, 1047.0000, 0.0000,  127, 64, 0
L -1093.0000, 1051.0000, 2.0000,  -1096.0000, 1048.0000, 2.0000,  127, 64, 0
L -1076.0000, 1056.0000, 10.0000,  -1093.0000, 1051.0000, 2.0000,  127, 64, 0
L -1068.0000, 1060.0000, 12.0000,  -1076.0000, 1056.0000, 10.0000,  127, 64, 0
L -1052.0000, 1066.0000, 21.0000,  -1068.0000, 1060.0000, 12.0000,  127, 64, 0
L -1048.0000, 1067.0000, 22.0000,  -1052.0000, 1066.0000, 21.0000,  127, 64, 0
L -1044.0000, 1069.0000, 23.0000,  -1048.0000, 1067.0000, 22.0000,  127, 64, 0
L -1041.0000, 1071.0000, 24.0000,  -1044.0000, 1069.0000, 23.0000,  127, 64, 0
L -1037.0000, 1073.0000, 24.0000,  -1041.0000, 1071.0000, 24.0000,  127, 64, 0
L -1028.0000, 1075.0000, 23.0000,  -1037.0000, 1073.0000, 24.0000,  127, 64, 0
L -1024.0000, 1076.0000, 23.0000,  -1028.0000, 1075.0000, 23.0000,  127, 64, 0
L -1013.0000, 1080.0000, 21.0000,  -1024.0000, 1076.0000, 23.0000,  127, 64, 0
L -1010.0000, 1081.0000, 20.0000,  -1013.0000, 1080.0000, 21.0000,  127, 64, 0
L -1008.0000, 1083.0000, 20.0000,  -1010.0000, 1081.0000, 20.0000,  127, 64, 0
L -1002.0000, 1090.0000, 21.0000,  -1008.0000, 1083.0000, 20.0000,  127, 64, 0
L -999.0000, 1093.0000, 21.0000,  -1002.0000, 1090.0000, 21.0000,  127, 64, 0
L -996.0000, 1096.0000, 20.0000,  -999.0000, 1093.0000, 21.0000,  127, 64, 0
L -994.0000, 1099.0000, 19.0000,  -996.0000, 1096.0000, 20.0000,  127, 64, 0
L -992.0000, 1102.0000, 19.0000,  -994.0000, 1099.0000, 19.0000,  127, 64, 0
L -991.0000, 1104.0000, 19.0000,  -992.0000, 1102.0000, 19.0000,  127, 64, 0
L -990.0000, 1107.0000, 19.0000,  -991.0000, 1104.0000, 19.0000,  127, 64, 0
L -990.0000, 1110.0000, 22.0000,  -990.0000, 1107.0000, 19.0000,  127, 64, 0
L -990.0000, 1135.0000, 22.0000,  -990.0000, 1110.0000, 22.0000,  127, 64, 0
L -990.0000, 1139.0000, 24.0000,  -990.0000, 1135.0000, 22.0000,  127, 64, 0
L -996.0000, 1148.0000, 26.0000,  -990.0000, 1139.0000, 24.0000,  127, 64, 0
L -998.0000, 1151.0000, 24.0000,  -996.0000, 1148.0000, 26.0000,  127, 64, 0
L -998.0000, 1154.0000, 23.0000,  -998.0000, 1151.0000, 24.0000,  127, 64, 0
L -998.0000, 1157.0000, 23.0000,  -998.0000, 1154.0000, 23.0000,  127, 64, 0
L -1000.0000, 1161.0000, 23.0000,  -998.0000, 1157.0000, 23.0000,  127, 64, 0
L -1001.0000, 1165.0000, 25.0000,  -1000.0000, 1161.0000, 23.0000,  127, 64, 0
L -1005.0000, 1171.0000, 21.0000,  -1001.0000, 1165.0000, 25.0000,  127, 64, 0
L -1007.0000, 1174.0000, 20.0000,  -1005.0000, 1171.0000, 21.0000,  127, 64, 0
L -1011.0000, 1179.0000, 21.0000,  -1007.0000, 1174.0000, 20.0000,  127, 64, 0
L -1014.0000, 1183.0000, 22.0000,  -1011.0000, 1179.0000, 21.0000,  127, 64, 0
L -1016.0000, 1186.0000, 24.0000,  -1014.0000, 1183.0000, 22.0000,  127, 64, 0
L -1018.0000, 1191.0000, 26.0000,  -1016.0000, 1186.0000, 24.0000,  127, 64, 0
L -1021.0000, 1189.0000, 26.0000,  -1018.0000, 1191.0000, 26.0000,  127, 64, 0
L -1022.0000, 1192.0000, 25.0000,  -1021.0000, 1189.0000, 26.0000,  127, 64, 0
L -1023.0000, 1196.0000, 25.0000,  -1022.0000, 1192.0000, 25.0000,  127, 64, 0
L -1024.0000, 1200.0000, 26.0000,  -1023.0000, 1196.0000, 25.0000,  127, 64, 0
L -1025.0000, 1207.0000, 28.0000,  -1024.0000, 1200.0000, 26.0000,  127, 64, 0
L 965.0000, -597.0000, 59.0000,  988.0000, -605.0000, 59.0000,  64, 64, 64
L 988.0000, -605.0000, 59.0000,  1009.0000, -598.0000, 59.0000,  64, 64, 64
L 1009.0000, -598.0000, 59.0000,  1023.0000, -580.0000, 59.0000,  64, 64, 64
L 1023.0000, -580.0000, 59.0000,  1023.0000, -557.0000, 59.0000,  64, 64, 64
L 1023.0000, -557.0000, 59.0000,  1010.0000, -539.0000, 59.0000,  64, 64, 64
L 1010.0000, -539.0000, 59.0000,  988.0000, -532.0000, 59.0000,  64, 64, 64
L 988.0000, -532.0000, 59.0000,  968.0000, -538.0000, 58.0000,  64, 64, 64
L 968.0000, -538.0000, 58.0000,  954.0000, -558.0000, 58.0000,  64, 64, 64
L 954.0000, -558.0000, 58.0000,  954.0000, -581.0000, 59.0000,  64, 64, 64
L 954.0000, -581.0000, 59.0000,  946.0000, -586.0000, 59.0000,  64, 64, 64
L 946.0000, -586.0000, 59.0000,  945.0000, -585.0000, 59.0000,  64, 64, 64
L 945.0000, -585.0000, 59.0000,  945.0000, -581.0000, 58.0000,  64, 64, 64
L 945.0000, -581.0000, 58.0000,  945.0000, -554.0000, 56.0000,  64, 64, 64
L 945.0000, -554.0000, 56.0000,  964.0000, -531.0000, 57.0000,  64, 64, 64
L 964.0000, -531.0000, 57.0000,  989.0000, -523.0000, 59.0000,  64, 64, 64
L 989.0000, -523.0000, 59.0000,  1013.0000, -532.0000, 59.0000,  64, 64, 64
L 1013.0000, -532.0000, 59.0000,  1032.0000, -556.0000, 60.0000,  64, 64, 64
L 1032.0000, -556.0000, 60.0000,  1031.0000, -582.0000, 60.0000,  64, 64, 64
L 1031.0000, -582.0000, 60.0000,  1013.0000, -606.0000, 59.0000,  64, 64, 64
L 1013.0000, -606.0000, 59.0000,  989.0000, -614.0000, 59.0000,  64, 64, 64
L 989.0000, -614.0000, 59.0000,  960.0000, -604.0000, 59.0000,  64, 64, 64
L 960.0000, -604.0000, 59.0000,  964.0000, -597.0000, 59.0000,  64, 64, 64
L 986.0000, -701.0000, 60.0000,  986.0000, -699.0000, 60.0000,  64, 64, 64
L 986.0000, -699.0000, 60.0000,  1003.0000, -676.0000, 60.0000,  64, 64, 64
L 1003.0000, -676.0000, 60.0000,  1030.0000, -668.0000, 59.0000,  64, 64, 64
L 1030.0000, -668.0000, 59.0000,  1056.0000, -676.0000, 60.0000,  64, 64, 64
L 1056.0000, -676.0000, 60.0000,  1072.0000, -697.0000, 60.0000,  64, 64, 64
L 1072.0000, -697.0000, 60.0000,  1073.0000, -726.0000, 60.0000,  64, 64, 64
L 1073.0000, -726.0000, 60.0000,  1061.0000, -745.0000, 60.0000,  64, 64, 64
L 1061.0000, -745.0000, 60.0000,  1031.0000, -758.0000, 59.0000,  64, 64, 64
L 1031.0000, -758.0000, 59.0000,  1003.0000, -750.0000, 60.0000,  64, 64, 64
L 1003.0000, -750.0000, 60.0000,  986.0000, -727.0000, 60.0000,  64, 64, 64
L 986.0000, -727.0000, 60.0000,  986.0000, -723.0000, 60.0000,  64, 64, 64
L 986.0000, -723.0000, 60.0000,  995.0000, -725.0000, 60.0000,  64, 64, 64
L 995.0000, -725.0000, 60.0000,  1008.0000, -743.0000, 60.0000,  64, 64, 64
L 1008.0000, -743.0000, 60.0000,  1029.0000, -749.0000, 59.0000,  64, 64, 64
L 1051.0000, -743.0000, 60.0000,  1031.0000, -749.0000, 59.0000,  64, 64, 64
L 1051.0000, -743.0000, 60.0000,  1065.0000, -722.0000, 60.0000,  64, 64, 64
L 1065.0000, -722.0000, 60.0000,  1065.0000, -702.0000, 60.0000,  64, 64, 64
L 1065.0000, -702.0000, 60.0000,  1051.0000, -684.0000, 60.0000,  64, 64, 64
L 1051.0000, -684.0000, 60.0000,  1030.0000, -677.0000, 59.0000,  64, 64, 64
L 1030.0000, -677.0000, 59.0000,  1008.0000, -684.0000, 60.0000,  64, 64, 64
L 1008.0000, -684.0000, 60.0000,  995.0000, -701.0000, 60.0000,  64, 64, 64
L 995.0000, -701.0000, 60.0000,  985.0000, -704.0000, 60.0000,  64, 64, 64
L 747.0000, -707.0000, 58.0000,  742.0000, -711.0000, 58.0000,  64, 64, 64
L 750.0000, -728.0000, 59.0000,  759.0000, -725.0000, 59.0000,  64, 64, 64
P -1646.8523, 2124.3179, 15.2429,  0, 0, 0,  1,  map_by_Zigie_of_Povar
P -995.9888, -1783.5154, 253.3803,  0, 127, 0,  3,  to_The_Steppes
P 73.0000, 2110.0000, 8.0000,  0, 127, 0,  3,  to_Blightfire_Moors
P -3504.0000, -1268.0000, 251.0000,  0, 127, 0,  3,  to_Blackfeather_Roost
P 1404.0000, -1723.0000, 124.0000,  0, 127, 0,  3,  to_Sunderock_Springs
