L -1043.2371, 1061.5126, -23.2109,  -1043.4540, 1062.9340, -23.1500,  64, 64, 64
L -1033.2233, 1054.2166, -23.4989,  -1033.8423, 1054.1399, -23.4989,  64, 64, 64
L -990.9456, 1017.7952, -23.4989,  -990.1299, 1017.4468, -23.4989,  64, 64, 64
L -989.6086, 1004.8578, -23.4989,  -990.4794, 1004.4856, -23.4989,  64, 64, 64
L -834.9138, 1004.9561, -22.3161,  -834.6471, 1004.5162, -22.3206,  64, 64, 64
L -834.5038, 1017.6739, -21.5130,  -835.3658, 1017.2939, -21.3891,  64, 64, 64
L -1474.8506, -225.2674, -24.1835,  -1472.2219, -225.7510, -24.3083,  64, 64, 64
L -1475.3375, -227.8882, -24.4830,  -1474.8506, -225.2674, -24.7630,  64, 64, 64
L -1472.7128, -228.3825, -24.2724,  -1475.3375, -227.8882, -24.1088,  64, 64, 64
L -1472.2219, -225.7510, -24.3882,  -1472.7128, -228.3825, -24.3509,  64, 64, 64
L -1416.6548, -239.2060, -25.4324,  -1416.1013, -236.5640, -25.3976,  64, 64, 64
L -1413.6942, -239.5653, -25.1663,  -1416.6548, -239.2060, -25.3722,  64, 64, 64
L -1413.1458, -236.6132, -25.5520,  -1413.6942, -239.5653, -25.9380,  64, 64, 64
L -1416.1013, -236.5640, -25.2990,  -1413.1458, -236.6132, -25.9340,  64, 64, 64
L -1403.1073, -355.1732, -23.4928,  -1402.2241, -352.6057, -23.4965,  64, 64, 64
L -1400.5399, -356.5630, -23.4925,  -1403.1073, -355.1732, -23.4962,  64, 64, 64
L -1399.6569, -353.4889, -23.4987,  -1400.5399, -356.5630, -23.4986,  64, 64, 64
L -1402.2241, -352.6057, -23.4989,  -1399.6569, -353.4889, -23.4987,  64, 64, 64
L -1383.7849, -298.6283, -23.4989,  -1382.8040, -295.7776, -23.4943,  64, 64, 64
L -1380.9340, -299.6093, -23.4962,  -1383.7849, -298.6283, -23.4954,  64, 64, 64
L -1379.9529, -296.7583, -23.4989,  -1380.9340, -299.6093, -23.4989,  64, 64, 64
L -1371.4865, -285.8079, -23.4989,  -1361.8700, -299.4430, -23.4989,  64, 64, 64
L -1370.8993, -285.4701, -23.4989,  -1360.4491, -299.9250, -23.4989,  64, 64, 64
L -1371.4865, -285.8079, -23.4989,  -1370.8993, -285.4701, -23.4989,  64, 64, 64
L -1383.2638, -281.4184, -23.4989,  -1383.1514, -280.7264, -23.4989,  64, 64, 64
L -1401.8085, -246.2225, -23.7073,  -1401.3506, -247.6900, -23.6693,  64, 64, 64
L 1630.3478, -1310.3307, -37.6347,  1627.8495, -1310.3446, -37.9438,  64, 64, 64
L 1630.3965, -1307.8239, -37.7261,  1630.3478, -1310.3307, -37.5523,  64, 64, 64
L 1627.8876, -1307.8163, -38.3900,  1630.3965, -1307.8239, -37.8875,  64, 64, 64
L 1627.8495, -1310.3446, -38.1122,  1627.8876, -1307.8163, -38.1069,  64, 64, 64
L 1585.4159, -1322.9220, -46.4301,  1585.4159, -1319.9464, -46.4303,  64, 64, 64
L 1588.2040, -1322.9155, -46.1766,  1585.4159, -1322.9220, -46.3414,  64, 64, 64
L 1588.1990, -1319.9528, -46.7010,  1588.2040, -1322.9155, -46.7110,  64, 64, 64
L 1585.4159, -1319.9464, -46.3639,  1588.1990, -1319.9528, -46.2492,  64, 64, 64
L 1585.4159, -1294.7705, -46.3404,  1588.2000, -1294.7771, -46.1950,  64, 64, 64
L 1588.2019, -1297.7400, -46.1760,  1585.4159, -1297.7462, -46.3106,  64, 64, 64
L 1588.2000, -1294.7771, -46.7150,  1588.2019, -1297.7400, -46.7050,  64, 64, 64
L 1585.4159, -1297.7462, -46.4303,  1585.4159, -1294.7705, -46.4301,  64, 64, 64
L 1546.9301, -1294.8419, -42.6002,  1546.9351, -1297.6812, -42.7622,  64, 64, 64
L 1544.1029, -1294.8479, -42.2691,  1546.9301, -1294.8419, -42.4553,  64, 64, 64
L 1544.9690, -1297.6748, -42.4513,  1544.1029, -1294.8479, -42.2659,  64, 64, 64
L 1546.9351, -1297.6812, -42.7685,  1544.9690, -1297.6748, -42.6415,  64, 64, 64
L 1546.9347, -1322.8557, -42.6929,  1544.9789, -1322.8495, -42.5546,  64, 64, 64
L 1546.9408, -1320.6599, -43.2300,  1546.9347, -1322.8557, -42.8618,  64, 64, 64
L 1544.9180, -1320.1299, -42.8821,  1546.9408, -1320.6599, -43.5040,  64, 64, 64
L 1544.9789, -1322.8495, -42.5206,  1544.9180, -1320.1299, -42.7383,  64, 64, 64
L 1504.4740, -1310.2422, -33.7424,  1502.1572, -1310.2307, -33.6326,  64, 64, 64
L 1504.4741, -1307.9185, -33.9558,  1504.4740, -1310.2422, -33.9545,  64, 64, 64
L 1502.1570, -1307.9314, -33.5587,  1504.4741, -1307.9185, -33.8400,  64, 64, 64
L 1502.1572, -1310.2307, -33.4074,  1502.1570, -1307.9314, -33.4095,  64, 64, 64
L 1490.6215, -1304.4606, -31.8134,  1491.2689, -1302.1608, -31.8619,  64, 64, 64
L 1490.6215, -1304.4606, -31.8160,  1491.1769, -1304.9467, -31.8751,  64, 64, 64
L 1156.9697, -2155.5691, 172.9834,  1158.8152, -2161.8301, 169.8608,  64, 64, 64
L 1153.2500, -2149.6421, 172.6656,  1156.9697, -2155.5691, 172.9834,  64, 64, 64
L 1140.6000, -2143.4336, 177.3733,  1153.2500, -2149.6421, 172.6656,  64, 64, 64
L 1124.1746, -2142.5337, 181.2411,  1140.6000, -2143.4336, 177.3733,  64, 64, 64
L 1093.9258, -2137.4500, 184.1055,  1124.1746, -2142.5337, 181.2411,  64, 64, 64
L 1069.4606, -2124.5420, 187.1434,  1093.9258, -2137.4500, 184.1055,  64, 64, 64
L 1050.8831, -2099.7090, 190.2601,  1069.4606, -2124.5420, 187.1434,  64, 64, 64
L 1046.4171, -2072.8140, 193.7850,  1050.8831, -2099.7090, 190.2601,  64, 64, 64
L 1051.4849, -2048.7356, 197.9509,  1046.4171, -2072.8140, 193.7850,  64, 64, 64
L 1054.6691, -2041.5679, 198.4181,  1051.4849, -2048.7356, 197.9509,  64, 64, 64
L 1062.4943, -2024.9054, 199.1129,  1054.6691, -2041.5679, 198.4181,  64, 64, 64
L 1069.1498, -2012.5343, 198.6645,  1062.4943, -2024.9054, 199.1129,  64, 64, 64
L 1074.1229, -2003.3400, 197.6580,  1069.1498, -2012.5343, 198.6645,  64, 64, 64
L 1078.1858, -1988.3062, 193.8942,  1074.1229, -2003.3400, 197.6580,  64, 64, 64
L 1078.3440, -1978.6320, 189.7501,  1078.1858, -1988.3062, 193.8942,  64, 64, 64
L 1073.2617, -1971.6519, 189.2475,  1078.3440, -1978.6320, 189.7501,  64, 64, 64
L 1056.8739, -1961.1885, 184.2846,  1073.2617, -1971.6519, 189.2475,  64, 64, 64
L 1049.7483, -1960.3584, 182.8607,  1056.8739, -1961.1885, 184.2846,  64, 64, 64
L 1023.9202, -1958.6030, 178.3399,  1049.7483, -1960.3584, 182.8607,  64, 64, 64
L 995.6544, -1948.7321, 174.9363,  1023.9202, -1958.6030, 178.3399,  64, 64, 64
L 975.6753, -1929.2423, 173.8000,  995.6544, -1948.7321, 174.9363,  64, 64, 64
L 965.2178, -1900.4303, 168.2761,  975.6753, -1929.2423, 173.8000,  64, 64, 64
L 967.5524, -1871.3715, 163.8050,  965.2178, -1900.4303, 168.2761,  64, 64, 64
L 987.7920, -1846.3434, 159.6125,  967.5524, -1871.3715, 163.8050,  64, 64, 64
L 1016.8949, -1833.9706, 155.9182,  987.7920, -1846.3434, 159.6125,  64, 64, 64
L 1056.6062, -1830.6638, 149.9351,  1016.8949, -1833.9706, 155.9182,  64, 64, 64
L 1063.4518, -1828.9049, 145.8637,  1056.6062, -1830.6638, 149.9351,  64, 64, 64
L 1067.6499, -1819.8218, 144.7856,  1063.4518, -1828.9049, 145.8637,  64, 64, 64
L 1070.4700, -1806.5404, 138.8793,  1067.6499, -1819.8218, 144.7856,  64, 64, 64
L 1067.5015, -1792.4673, 132.6222,  1070.4700, -1806.5404, 138.8793,  64, 64, 64
L 1058.7899, -1778.7731, 126.3610,  1067.5015, -1792.4673, 132.6222,  64, 64, 64
L 1043.8560, -1757.8198, 121.1740,  1058.7899, -1778.7731, 126.3610,  64, 64, 64
L 1036.4579, -1737.2433, 118.4917,  1043.8560, -1757.8198, 121.1740,  64, 64, 64
L 1033.2018, -1722.5321, 115.9550,  1036.4579, -1737.2433, 118.4917,  64, 64, 64
L 1032.3125, -1697.8529, 107.3190,  1033.2018, -1722.5321, 115.9550,  64, 64, 64
L 1043.4309, -1665.4706, 96.9612,  1032.3125, -1697.8529, 107.3190,  64, 64, 64
L 1051.8467, -1646.9076, 88.8400,  1043.4309, -1665.4706, 96.9612,  64, 64, 64
L 1052.3843, -1623.6874, 81.5504,  1051.8467, -1646.9076, 88.8400,  64, 64, 64
L 1819.6823, -462.7187, -22.5614,  1836.2495, -489.1883, -22.5614,  240, 0, 0
L 1828.4351, -612.9360, -22.5614,  1836.2499, -586.5463, -22.5614,  240, 0, 0
L 1836.2499, -586.5463, -22.5614,  1836.2495, -489.1883, -22.5614,  64, 64, 64
L 1055.3114, 2025.1841, -30.5302,  1055.3123, 2119.7168, -30.5302,  64, 64, 64
L 1055.3124, 1878.1249, -20.5748,  1055.3114, 2025.1841, -30.5302,  64, 64, 64
L 432.7183, 1640.4113, 246.7464,  424.1354, 1649.8915, 245.6049,  64, 64, 64
L 445.1040, 1626.5487, 240.1117,  432.7183, 1640.4113, 246.7464,  64, 64, 64
L 456.1512, 1607.3561, 234.7587,  445.1040, 1626.5487, 240.1117,  64, 64, 64
L 463.6566, 1591.3141, 232.6365,  456.1512, 1607.3561, 234.7587,  64, 64, 64
L 301.1881, 1686.2689, 204.1476,  301.9080, 1686.5811, 204.4163,  64, 64, 64
L 310.8863, 1658.6967, 189.3071,  296.4556, 1699.7239, 204.1476,  64, 64, 64
L 318.2251, 1637.3745, 187.9750,  310.8863, 1658.6967, 189.3071,  64, 64, 64
L 325.4737, 1618.2799, 190.8034,  318.2251, 1637.3745, 187.9750,  64, 64, 64
L 332.4909, 1597.8828, 185.3627,  325.4737, 1618.2799, 190.8034,  64, 64, 64
L 339.1829, 1583.1349, 187.6564,  332.4909, 1597.8828, 185.3627,  64, 64, 64
L 351.6670, 1565.2146, 188.6340,  339.1829, 1583.1349, 187.6564,  64, 64, 64
L 358.1292, 1556.7885, 191.1082,  351.6670, 1565.2146, 188.6340,  64, 64, 64
L 368.3663, 1549.2726, 190.5131,  358.1292, 1556.7885, 191.1082,  64, 64, 64
L 380.5970, 1541.8058, 190.4969,  368.3663, 1549.2726, 190.5131,  64, 64, 64
L 390.5394, 1536.4247, 186.7560,  380.5970, 1541.8058, 190.4969,  64, 64, 64
L 402.9753, 1532.7780, 183.7623,  390.5394, 1536.4247, 186.7560,  64, 64, 64
L 415.3213, 1529.2649, 181.1432,  402.9753, 1532.7780, 183.7623,  64, 64, 64
L 422.7382, 1528.3124, 181.4498,  415.3213, 1529.2649, 181.1432,  64, 64, 64
L 433.7046, 1528.8180, 177.6882,  422.7382, 1528.3124, 181.4498,  64, 64, 64
L 447.2456, 1528.8368, 171.8365,  433.7046, 1528.8180, 177.6882,  64, 64, 64
L 454.7884, 1529.5415, 167.5421,  447.2456, 1528.8368, 171.8365,  64, 64, 64
L 462.2110, 1547.6636, 202.4427,  454.7884, 1529.5415, 167.5421,  64, 64, 64
L 463.6566, 1591.3141, 237.5009,  462.2110, 1547.6636, 202.4427,  64, 64, 64
L 1752.9009, -363.3654, 137.3495,  1758.5449, -314.4325, 149.8342,  64, 64, 64
L 1728.2858, -415.7151, 116.7393,  1752.9009, -363.3654, 137.3495,  64, 64, 64
L 1674.7769, -438.6071, 81.6011,  1728.2858, -415.7151, 116.7393,  64, 64, 64
L 1622.4519, -459.1806, 37.7271,  1674.7769, -438.6071, 81.6011,  64, 64, 64
L 1606.8148, -462.8519, 23.8367,  1622.4519, -459.1806, 37.7271,  64, 64, 64
L 1579.7061, -651.6426, 45.2698,  1585.7439, -596.9161, 34.8586,  64, 64, 64
L 1577.9092, -657.9758, 45.4268,  1579.7061, -651.6426, 45.2698,  64, 64, 64
L 1554.2699, -712.9238, 58.6405,  1577.9092, -657.9758, 45.4268,  64, 64, 64
L 1534.9900, -742.1378, 58.3790,  1554.2699, -712.9238, 58.6405,  64, 64, 64
L 1493.8954, -774.8853, 57.4960,  1534.9900, -742.1378, 58.3790,  64, 64, 64
L 1457.2433, -797.3096, 54.7800,  1493.8954, -774.8853, 57.4960,  64, 64, 64
L 1413.7050, -817.7347, 44.4528,  1457.2433, -797.3096, 54.7800,  64, 64, 64
L 1374.4485, -836.2021, 37.1655,  1413.7050, -817.7347, 44.4528,  64, 64, 64
L 1340.9163, -863.3277, 27.6769,  1374.4485, -836.2021, 37.1655,  64, 64, 64
L 1311.9275, -911.2303, 39.2708,  1340.9163, -863.3277, 27.6769,  64, 64, 64
L 1301.1764, -950.3715, 32.8123,  1311.9275, -911.2303, 39.2708,  64, 64, 64
L 1282.3972, -998.7584, 27.6803,  1301.1764, -950.3715, 32.8123,  64, 64, 64
L 1302.4668, -1042.7749, 26.3567,  1282.3972, -998.7584, 27.6803,  64, 64, 64
L 1330.9568, -1067.5398, 9.2462,  1302.4668, -1042.7749, 26.3567,  64, 64, 64
L 1495.9644, -1040.2644, 67.2798,  1330.9568, -1067.5398, 9.2462,  64, 64, 64
L 1555.3866, -1004.2800, 75.6778,  1495.9644, -1040.2644, 67.2798,  64, 64, 64
L 1591.9535, -981.5916, 86.5610,  1555.3866, -1004.2800, 75.6778,  64, 64, 64
L 1654.2705, -943.7164, 100.4547,  1591.9535, -981.5916, 86.5610,  64, 64, 64
L 1698.3661, -920.2068, 106.7082,  1654.2705, -943.7164, 100.4547,  64, 64, 64
L 1759.9325, -900.6245, 105.1114,  1698.3661, -920.2068, 106.7082,  64, 64, 64
L 1800.5636, -938.9374, 99.9418,  1759.9325, -900.6245, 105.1114,  64, 64, 64
L 1812.4463, -968.3940, 98.8576,  1800.5636, -938.9374, 99.9418,  64, 64, 64
L 1823.8008, -1002.8975, 106.7667,  1812.4463, -968.3940, 98.8576,  64, 64, 64
L 1844.8781, -1063.7710, 113.1066,  1823.8008, -1002.8975, 106.7667,  64, 64, 64
L 1853.3615, -1114.5741, 111.5681,  1844.8781, -1063.7710, 113.1066,  64, 64, 64
L 1865.4437, -1193.1084, 144.9510,  1853.3615, -1114.5741, 111.5681,  64, 64, 64
L 1879.4314, -1255.5116, 159.2449,  1865.4437, -1193.1084, 144.9510,  64, 64, 64
L 1878.4961, -1341.8408, 157.1544,  1879.4314, -1255.5116, 159.2449,  64, 64, 64
L 1872.6183, -1439.2479, 145.2015,  1878.4961, -1341.8408, 157.1544,  64, 64, 64
L 1865.1178, -1508.3947, 143.8620,  1872.6183, -1439.2479, 145.2015,  64, 64, 64
L 1843.4009, -1576.3960, 140.9859,  1865.1178, -1508.3947, 143.8620,  64, 64, 64
L 1822.5399, -1642.3809, 144.8951,  1843.4009, -1576.3960, 140.9859,  64, 64, 64
L 1794.4944, -1701.3969, 177.6476,  1822.5399, -1642.3809, 144.8951,  64, 64, 64
L 1745.2500, -1737.6105, 180.8285,  1794.4944, -1701.3969, 177.6476,  64, 64, 64
L 1694.3838, -1752.1956, 178.3194,  1745.2500, -1737.6105, 180.8285,  64, 64, 64
L 1613.8344, -1769.2937, 162.8505,  1694.3838, -1752.1956, 178.3194,  64, 64, 64
L 1562.8510, -1774.1122, 140.7667,  1613.8344, -1769.2937, 162.8505,  64, 64, 64
L 1499.2280, -1762.1073, 120.3352,  1562.8510, -1774.1122, 140.7667,  64, 64, 64
L 1441.4036, -1744.1626, 102.5163,  1499.2280, -1762.1073, 120.3352,  64, 64, 64
L 1405.9346, -1728.1566, 82.5151,  1441.4036, -1744.1626, 102.5163,  64, 64, 64
L 1365.1572, -1687.7468, 60.3374,  1405.9346, -1728.1566, 82.5151,  64, 64, 64
L 1319.5016, -1656.8689, 38.8718,  1365.1572, -1687.7468, 60.3374,  64, 64, 64
L 1260.1940, -1637.6366, 80.7736,  1319.5016, -1656.8689, 38.8718,  64, 64, 64
L 1203.6808, -1630.4302, 112.2031,  1260.1940, -1637.6366, 80.7736,  64, 64, 64
L 1145.8289, -1625.5514, 106.1550,  1203.6808, -1630.4302, 112.2031,  64, 64, 64
L 1086.3451, -1616.7172, 103.7347,  1145.8289, -1625.5514, 106.1550,  64, 64, 64
L 996.6944, -1649.5652, 110.8877,  1055.8628, -1623.3213, 113.1671,  64, 64, 64
L 957.8527, -1694.7074, 100.4835,  996.6944, -1649.5652, 110.8877,  64, 64, 64
L 906.3596, -1719.8119, 107.8898,  957.8527, -1694.7074, 100.4835,  64, 64, 64
L 849.9012, -1730.2970, 119.7760,  906.3596, -1719.8119, 107.8898,  64, 64, 64
L 786.1407, -1740.9480, 125.6697,  849.9012, -1730.2970, 119.7760,  64, 64, 64
L 717.1415, -1747.2123, 123.2713,  786.1407, -1740.9480, 125.6697,  64, 64, 64
L 654.9755, -1751.1638, 110.1371,  717.1415, -1747.2123, 123.2713,  64, 64, 64
L 600.9684, -1750.6631, 92.4167,  654.9755, -1751.1638, 110.1371,  64, 64, 64
L 539.5095, -1757.4690, 78.8708,  600.9684, -1750.6631, 92.4167,  64, 64, 64
L 474.8847, -1755.3339, 79.2796,  539.5095, -1757.4690, 78.8708,  64, 64, 64
L 404.3910, -1750.7156, 70.6250,  474.8847, -1755.3339, 79.2796,  64, 64, 64
L 340.3850, -1748.4540, 48.7486,  404.3910, -1750.7156, 70.6250,  64, 64, 64
L 265.5285, -1741.7866, 75.9946,  340.3850, -1748.4540, 48.7486,  64, 64, 64
L 193.7826, -1749.3019, 118.3094,  265.5285, -1741.7866, 75.9946,  64, 64, 64
L 134.1959, -1760.2860, 120.3747,  193.7826, -1749.3019, 118.3094,  64, 64, 64
L 71.1718, -1774.4673, 114.7318,  134.1959, -1760.2860, 120.3747,  64, 64, 64
L -2.8428, -1784.7849, 110.4500,  71.1718, -1774.4673, 114.7318,  64, 64, 64
L -85.8582, -1775.9740, 116.8945,  -2.8428, -1784.7849, 110.4500,  64, 64, 64
L -137.5844, -1775.5601, 110.3994,  -85.8582, -1775.9740, 116.8945,  64, 64, 64
L -206.4533, -1770.3721, 112.3422,  -137.5844, -1775.5601, 110.3994,  64, 64, 64
L -275.8910, -1783.4369, 102.2116,  -206.4533, -1770.3721, 112.3422,  64, 64, 64
L -344.1061, -1790.2056, 108.9520,  -275.8910, -1783.4369, 102.2116,  64, 64, 64
L -410.3394, -1798.7587, 106.8486,  -344.1061, -1790.2056, 108.9520,  64, 64, 64
L -467.9945, -1803.9860, 116.6100,  -410.3394, -1798.7587, 106.8486,  64, 64, 64
L -536.2815, -1805.2400, 128.6293,  -467.9945, -1803.9860, 116.6100,  64, 64, 64
L -610.8209, -1804.2455, 135.8800,  -536.2815, -1805.2400, 128.6293,  64, 64, 64
L -671.6086, -1803.9928, 134.9230,  -610.8209, -1804.2455, 135.8800,  64, 64, 64
L -740.5730, -1812.5507, 130.5674,  -671.6086, -1803.9928, 134.9230,  64, 64, 64
L -796.5778, -1812.9939, 123.5116,  -740.5730, -1812.5507, 130.5674,  64, 64, 64
L -853.2006, -1806.2476, 132.5919,  -796.5778, -1812.9939, 123.5116,  64, 64, 64
L -903.6368, -1802.3794, 129.5426,  -853.2006, -1806.2476, 132.5919,  64, 64, 64
L -972.9839, -1790.5271, 125.8332,  -903.6368, -1802.3794, 129.5426,  64, 64, 64
L -1036.8853, -1769.6885, 129.6577,  -972.9839, -1790.5271, 125.8332,  64, 64, 64
L -1100.5696, -1733.8052, 143.7749,  -1036.8853, -1769.6885, 129.6577,  64, 64, 64
L -1155.8533, -1705.1198, 133.2487,  -1100.5696, -1733.8052, 143.7749,  64, 64, 64
L -1215.5499, -1681.4579, 125.1641,  -1155.8533, -1705.1198, 133.2487,  64, 64, 64
L -1290.9419, -1648.6559, 113.9817,  -1215.5499, -1681.4579, 125.1641,  64, 64, 64
L -1344.6294, -1607.9137, 113.7626,  -1290.9419, -1648.6559, 113.9817,  64, 64, 64
L -1398.4363, -1557.3921, 107.3100,  -1344.6294, -1607.9137, 113.7626,  64, 64, 64
L -1446.3759, -1500.3939, 102.2107,  -1398.4363, -1557.3921, 107.3100,  64, 64, 64
L -1483.5261, -1450.8644, 92.4164,  -1446.3759, -1500.3939, 102.2107,  64, 64, 64
L -1522.1023, -1402.3296, 86.2289,  -1483.5261, -1450.8644, 92.4164,  64, 64, 64
L -1556.3744, -1373.3346, 78.3496,  -1522.1023, -1402.3296, 86.2289,  64, 64, 64
L -1613.8203, -1305.1410, 76.7150,  -1556.3744, -1373.3346, 78.3496,  64, 64, 64
L -1650.6771, -1250.1177, 76.6375,  -1613.8203, -1305.1410, 76.7150,  64, 64, 64
L -1683.6532, -1191.2020, 73.2396,  -1650.6771, -1250.1177, 76.6375,  64, 64, 64
L -1713.5790, -1131.3416, 60.4887,  -1683.6532, -1191.2020, 73.2396,  64, 64, 64
L -1744.8781, -1048.4282, 66.2972,  -1713.5790, -1131.3416, 60.4887,  64, 64, 64
L -1773.6749, -965.8961, 62.2177,  -1744.8781, -1048.4282, 66.2972,  64, 64, 64
L -1790.7267, -896.9233, 66.4514,  -1773.6749, -965.8961, 62.2177,  64, 64, 64
L -1793.6686, -812.1769, 97.7096,  -1790.7267, -896.9233, 66.4514,  64, 64, 64
L -1797.6649, -722.4175, 91.2210,  -1793.6686, -812.1769, 97.7096,  64, 64, 64
L -1804.2019, -651.4240, 102.1079,  -1797.6649, -722.4175, 91.2210,  64, 64, 64
L -1813.9303, -582.6331, 103.8939,  -1804.2019, -651.4240, 102.1079,  64, 64, 64
L -1821.6118, -499.1400, 101.9375,  -1813.9303, -582.6331, 103.8939,  64, 64, 64
L -1815.4540, -436.7482, 111.1516,  -1821.6118, -499.1400, 101.9375,  64, 64, 64
L -1802.4381, -375.1983, 107.1240,  -1815.4540, -436.7482, 111.1516,  64, 64, 64
L -1776.5165, -309.5970, 101.9157,  -1802.4381, -375.1983, 107.1240,  64, 64, 64
L -1756.6863, -258.2368, 126.5830,  -1776.5165, -309.5970, 101.9157,  64, 64, 64
L -1743.1753, -191.3016, 157.4798,  -1756.6863, -258.2368, 126.5830,  64, 64, 64
L -1742.8296, -123.4445, 164.9173,  -1743.1753, -191.3016, 157.4798,  64, 64, 64
L -1747.8601, -55.7242, 181.2959,  -1742.8296, -123.4445, 164.9173,  64, 64, 64
L -1762.8413, 9.3547, 181.2060,  -1747.8601, -55.7242, 181.2959,  64, 64, 64
L -1767.3042, 79.1130, 194.9610,  -1762.8413, 9.3547, 181.2060,  64, 64, 64
L -1767.2145, 148.2894, 191.2338,  -1767.3042, 79.1130, 194.9610,  64, 64, 64
L -1749.7123, 227.7495, 210.5644,  -1767.2145, 148.2894, 191.2338,  64, 64, 64
L -1725.9907, 302.7733, 208.2593,  -1749.7123, 227.7495, 210.5644,  64, 64, 64
L -1687.1522, 372.9966, 195.2392,  -1725.9907, 302.7733, 208.2593,  64, 64, 64
L -1659.7548, 422.9977, 179.4754,  -1687.1522, 372.9966, 195.2392,  64, 64, 64
L -1605.8173, 479.5063, 187.6083,  -1659.7548, 422.9977, 179.4754,  64, 64, 64
L -1586.4872, 496.4214, 178.5988,  -1605.8173, 479.5063, 187.6083,  64, 64, 64
L -1529.3187, 532.9247, 174.3771,  -1586.4872, 496.4214, 178.5988,  64, 64, 64
L -1442.5316, 555.8381, 165.2160,  -1529.3187, 532.9247, 174.3771,  64, 64, 64
L -1379.9579, 574.3710, 153.1070,  -1442.5316, 555.8381, 165.2160,  64, 64, 64
L -1283.8101, 558.1556, 137.4286,  -1379.9579, 574.3710, 153.1070,  64, 64, 64
L -1208.5662, 534.6852, 124.4120,  -1283.8101, 558.1556, 137.4286,  64, 64, 64
L -1152.1415, 516.5394, 116.7644,  -1208.5662, 534.6852, 124.4120,  64, 64, 64
L -1085.8368, 458.8419, 105.3281,  -1152.1415, 516.5394, 116.7644,  64, 64, 64
L -1044.4773, 419.6947, 96.1835,  -1085.8368, 458.8419, 105.3281,  64, 64, 64
L -1001.8483, 368.2130, 83.1586,  -1044.4773, 419.6947, 96.1835,  64, 64, 64
L -850.1440, 288.9558, 197.2526,  -1001.8483, 368.2130, 83.1586,  64, 64, 64
L -820.9683, 347.7309, 220.7289,  -850.1440, 288.9558, 197.2526,  64, 64, 64
L -859.8708, 414.5944, 217.9319,  -820.9683, 347.7309, 220.7289,  64, 64, 64
L -905.8288, 490.4823, 203.4154,  -859.8708, 414.5944, 217.9319,  64, 64, 64
L -946.6711, 535.8409, 209.2321,  -905.8288, 490.4823, 203.4154,  64, 64, 64
L -1008.2718, 590.8111, 206.2798,  -946.6711, 535.8409, 209.2321,  64, 64, 64
L -1072.6124, 637.8912, 191.3744,  -1008.2718, 590.8111, 206.2798,  64, 64, 64
L -1126.7280, 681.6554, 181.6967,  -1072.6124, 637.8912, 191.3744,  64, 64, 64
L -1187.5243, 709.9397, 173.7093,  -1126.7280, 681.6554, 181.6967,  64, 64, 64
L -1259.8739, 738.8052, 174.6690,  -1187.5243, 709.9397, 173.7093,  64, 64, 64
L -1319.7323, 748.8190, 164.2999,  -1259.8739, 738.8052, 174.6690,  64, 64, 64
L -1377.7632, 750.4880, 197.5218,  -1319.7323, 748.8190, 164.2999,  64, 64, 64
L -1432.6764, 749.5157, 210.4082,  -1377.7632, 750.4880, 197.5218,  64, 64, 64
L -1492.2433, 741.7679, 203.3386,  -1432.6764, 749.5157, 210.4082,  64, 64, 64
L -1567.5490, 736.8125, 191.5286,  -1492.2433, 741.7679, 203.3386,  64, 64, 64
L -1619.2885, 725.4329, 188.1860,  -1567.5490, 736.8125, 191.5286,  64, 64, 64
L -1699.9442, 720.2663, 190.2951,  -1619.2885, 725.4329, 188.1860,  64, 64, 64
L -1753.1731, 748.4518, 210.5768,  -1699.9442, 720.2663, 190.2951,  64, 64, 64
L -1788.6002, 787.7599, 210.3300,  -1753.1731, 748.4518, 210.5768,  64, 64, 64
L -1809.7555, 844.5204, 199.5201,  -1788.6002, 787.7599, 210.3300,  64, 64, 64
L -1822.8219, 904.2826, 182.9998,  -1809.7555, 844.5204, 199.5201,  64, 64, 64
L -1810.3402, 950.8082, 171.3112,  -1822.8219, 904.2826, 182.9998,  64, 64, 64
L -1797.3020, 990.5825, 160.8794,  -1810.3402, 950.8082, 171.3112,  64, 64, 64
L -1775.1635, 1017.5901, 123.3023,  -1797.3020, 990.5825, 160.8794,  64, 64, 64
L -1754.1377, 1074.9337, 240.6247,  -1775.1635, 1017.5901, 123.3023,  64, 64, 64
L -1772.1934, 1101.1204, 270.3761,  -1754.1377, 1074.9337, 240.6247,  64, 64, 64
L -1800.1709, 1114.3101, 259.8081,  -1772.1934, 1101.1204, 270.3761,  64, 64, 64
L -1816.3939, 1118.7177, 240.9641,  -1800.1709, 1114.3101, 259.8081,  64, 64, 64
L -1821.7180, 1137.6940, 220.8223,  -1816.3939, 1118.7177, 240.9641,  64, 64, 64
L -1821.4771, 1191.4760, 196.1457,  -1821.7180, 1137.6940, 220.8223,  64, 64, 64
L -1794.7437, 1268.1277, 174.9478,  -1821.4771, 1191.4760, 196.1457,  64, 64, 64
L -1759.6294, 1329.2166, 165.2864,  -1794.7437, 1268.1277, 174.9478,  64, 64, 64
L -1739.3845, 1395.4248, 176.8105,  -1759.6294, 1329.2166, 165.2864,  64, 64, 64
L -1706.4719, 1476.6281, 170.6370,  -1739.3845, 1395.4248, 176.8105,  64, 64, 64
L -1682.4744, 1541.3051, 156.7992,  -1706.4719, 1476.6281, 170.6370,  64, 64, 64
L -1675.5000, 1555.2057, 145.8668,  -1682.4744, 1541.3051, 156.7992,  64, 64, 64
L -1660.6458, 1580.2310, 162.3640,  -1675.5000, 1555.2057, 145.8668,  64, 64, 64
L -1631.6060, 1632.4749, 176.3890,  -1660.6458, 1580.2310, 162.3640,  64, 64, 64
L -1591.1472, 1687.1079, 175.5132,  -1631.6060, 1632.4749, 176.3890,  64, 64, 64
L -1552.3180, 1724.3993, 172.5860,  -1591.1472, 1687.1079, 175.5132,  64, 64, 64
L -1505.3788, 1767.2819, 170.7449,  -1552.3180, 1724.3993, 172.5860,  64, 64, 64
L -1443.4719, 1807.7880, 165.4002,  -1505.3788, 1767.2819, 170.7449,  64, 64, 64
L -1360.3596, 1836.2905, 161.6009,  -1443.4719, 1807.7880, 165.4002,  64, 64, 64
L -1286.9409, 1835.6548, 173.8994,  -1360.3596, 1836.2905, 161.6009,  64, 64, 64
L -1209.3921, 1811.1898, 162.7433,  -1286.9409, 1835.6548, 173.8994,  64, 64, 64
L -1142.9469, 1783.3417, 144.1767,  -1209.3921, 1811.1898, 162.7433,  64, 64, 64
L -1072.4384, 1781.3925, 141.7416,  -1142.9469, 1783.3417, 144.1767,  64, 64, 64
L -990.5253, 1795.5850, 121.1397,  -1072.4384, 1781.3925, 141.7416,  64, 64, 64
L -933.3431, 1774.6312, 109.8940,  -990.5253, 1795.5850, 121.1397,  64, 64, 64
L -862.6064, 1768.4231, 112.4802,  -933.3431, 1774.6312, 109.8940,  64, 64, 64
L -786.3265, 1772.8800, 108.3322,  -862.6064, 1768.4231, 112.4802,  64, 64, 64
L -705.6280, 1775.9240, 115.7891,  -786.3265, 1772.8800, 108.3322,  64, 64, 64
L -632.4012, 1772.6299, 109.6484,  -705.6280, 1775.9240, 115.7891,  64, 64, 64
L -547.6933, 1777.2371, 101.5896,  -632.4012, 1772.6299, 109.6484,  64, 64, 64
L -463.8609, 1760.6143, 93.9552,  -547.6933, 1777.2371, 101.5896,  64, 64, 64
L -397.6490, 1742.9000, 98.3598,  -463.8609, 1760.6143, 93.9552,  64, 64, 64
L -336.9689, 1735.4850, 108.8729,  -397.6490, 1742.9000, 98.3598,  64, 64, 64
L -270.7896, 1746.3440, 104.9650,  -336.9689, 1735.4850, 108.8729,  64, 64, 64
L -200.5350, 1770.5376, 107.7703,  -270.7896, 1746.3440, 104.9650,  64, 64, 64
L -134.6246, 1795.6759, 118.3571,  -200.5350, 1770.5376, 107.7703,  64, 64, 64
L -45.2616, 1811.7133, 157.8309,  -134.6246, 1795.6759, 118.3571,  64, 64, 64
L 34.4846, 1811.7139, 160.7445,  -45.2616, 1811.7133, 157.8309,  64, 64, 64
L 101.8350, 1792.6128, 177.2571,  34.4846, 1811.7139, 160.7445,  64, 64, 64
L 159.3426, 1778.1819, 183.2625,  101.8350, 1792.6128, 177.2571,  64, 64, 64
L 240.3333, 1742.7505, 199.3216,  159.3426, 1778.1819, 183.2625,  64, 64, 64
L 296.4556, 1699.7239, 215.5790,  240.3333, 1742.7505, 199.3216,  64, 64, 64
L 430.8278, 1695.2582, 205.1167,  424.1354, 1649.8915, 247.2892,  64, 64, 64
L 443.7561, 1737.3910, 186.8547,  430.8278, 1695.2582, 205.1167,  64, 64, 64
L 489.3075, 1779.5757, 176.4551,  443.7561, 1737.3910, 186.8547,  64, 64, 64
L 548.5981, 1799.7249, 164.5830,  489.3075, 1779.5757, 176.4551,  64, 64, 64
L 581.8831, 1799.7368, 141.9979,  548.5981, 1799.7249, 164.5830,  64, 64, 64
L 627.3006, 1793.9191, 112.7409,  581.8831, 1799.7368, 141.9979,  64, 64, 64
L 684.1024, 1771.2172, 72.1354,  627.3006, 1793.9191, 112.7409,  64, 64, 64
L 770.6367, 1800.9000, 83.2610,  684.1024, 1771.2172, 72.1354,  64, 64, 64
L 840.8192, 1852.1339, 71.8937,  770.6367, 1800.9000, 83.2610,  64, 64, 64
L 939.6230, 1856.6504, 70.6260,  934.8443, 1857.4080, 70.6260,  64, 64, 64
L 934.5990, 1853.3898, 70.6260,  934.8065, 1857.4448, 70.6260,  64, 64, 64
L 915.3024, 1834.6342, 70.6260,  934.5990, 1853.3898, 70.6260,  64, 64, 64
L 889.9974, 1827.8611, 70.6260,  915.3024, 1834.6342, 70.6260,  64, 64, 64
L 864.4480, 1834.6902, 70.6260,  889.9974, 1827.8611, 70.6260,  64, 64, 64
L 844.4665, 1854.8322, 70.6260,  864.4480, 1834.6902, 70.6260,  64, 64, 64
L 845.4135, 1855.9297, 70.6260,  845.4249, 1856.1168, 70.6260,  64, 64, 64
L 841.4892, 1851.3810, 70.6260,  844.4665, 1854.8322, 70.6260,  64, 64, 64
L 862.3425, 1830.5276, 38.3181,  841.4892, 1851.3810, 68.5348,  64, 64, 64
L 890.3000, 1823.1139, 7.5397,  862.3425, 1830.5276, 29.9322,  64, 64, 64
L 917.6666, 1830.5333, -2.7522,  890.3000, 1823.1139, 4.4269,  64, 64, 64
L 937.9120, 1850.7645, -5.9767,  917.6666, 1830.5333, -3.8264,  64, 64, 64
L 939.4692, 1856.6129, -7.2308,  937.9120, 1850.7645, -7.3387,  64, 64, 64
L 988.5312, 1856.3638, -16.4805,  939.4692, 1856.6129, -7.2308,  64, 64, 64
L 988.5312, 1878.1248, -16.6970,  988.5312, 1856.3638, -17.2075,  64, 64, 64
L 1006.7140, 1878.1249, -20.9972,  988.5312, 1878.1248, -16.6970,  64, 64, 64
L 1058.4878, 1878.1249, -21.4600,  1006.7140, 1878.1249, -20.9972,  64, 64, 64
L 1094.7603, 1878.1248, -7.5498,  1058.4878, 1878.1249, -21.4600,  64, 64, 64
L 1102.9658, 1850.7736, -10.7040,  1094.7603, 1878.1248, -7.5498,  64, 64, 64
L 1122.3430, 1830.5270, -7.3086,  1102.9658, 1850.7736, -10.3467,  64, 64, 64
L 1149.9839, 1823.1095, 4.2858,  1122.3430, 1830.5270, -5.2236,  64, 64, 64
L 1177.6613, 1830.5319, 19.1400,  1149.9839, 1823.1095, 7.6690,  64, 64, 64
L 1197.9048, 1850.7753, 44.1062,  1177.6613, 1830.5319, 23.2579,  64, 64, 64
L 1203.8175, 1872.8234, 64.9869,  1197.9048, 1850.7753, 46.6445,  64, 64, 64
L 1220.9365, 1862.4800, 75.6341,  1203.8175, 1872.8234, 64.9869,  64, 64, 64
L 1238.9606, 1859.3490, 90.1328,  1220.9365, 1862.4800, 75.6341,  64, 64, 64
L 1339.2753, 1799.9839, 118.9108,  1238.9606, 1859.3490, 90.1328,  64, 64, 64
L 1415.9474, 1774.5048, 134.4214,  1339.2753, 1799.9839, 118.9108,  64, 64, 64
L 1478.1382, 1752.6803, 134.6525,  1415.9474, 1774.5048, 134.4214,  64, 64, 64
L 1534.2466, 1749.1895, 131.2983,  1478.1382, 1752.6803, 134.6525,  64, 64, 64
L 1621.4767, 1758.4585, 115.3836,  1534.2466, 1749.1895, 131.2983,  64, 64, 64
L 1700.9413, 1749.8013, 113.1160,  1621.4767, 1758.4585, 115.3836,  64, 64, 64
L 1768.8976, 1704.1360, 117.4680,  1700.9413, 1749.8013, 113.1160,  64, 64, 64
L 1806.9922, 1625.1997, 130.6981,  1768.8976, 1704.1360, 117.4680,  64, 64, 64
L 1811.9845, 1535.9657, 128.6742,  1806.9922, 1625.1997, 130.6981,  64, 64, 64
L 1817.1851, 1431.8080, 122.8380,  1811.9845, 1535.9657, 128.6742,  64, 64, 64
L 1837.8772, 1346.2548, 110.8486,  1817.1851, 1431.8080, 122.8380,  64, 64, 64
L 1843.8810, 1261.4364, 104.6263,  1837.8772, 1346.2548, 110.8486,  64, 64, 64
L 1829.7488, 1197.6331, 85.3315,  1843.8810, 1261.4364, 104.6263,  64, 64, 64
L 1811.6270, 1109.6638, 119.5410,  1829.7488, 1197.6331, 85.3315,  64, 64, 64
L 1799.7136, 992.8870, 108.8646,  1811.6270, 1109.6638, 119.5410,  64, 64, 64
L 1813.8030, 898.6833, 105.9732,  1799.7136, 992.8870, 108.8646,  64, 64, 64
L 1836.2991, 832.5009, 93.4569,  1813.8030, 898.6833, 105.9732,  64, 64, 64
L 1852.2661, 753.1495, 96.2261,  1836.2991, 832.5009, 93.4569,  64, 64, 64
L 1859.1160, 679.1898, 82.2807,  1852.2661, 753.1495, 96.2261,  64, 64, 64
L 1864.4210, 564.9886, 135.1787,  1859.1160, 679.1898, 82.2807,  64, 64, 64
L 1867.5552, 496.8575, 151.5590,  1864.4210, 564.9886, 135.1787,  64, 64, 64
L 1871.9127, 430.1539, 153.3369,  1867.5552, 496.8575, 151.5590,  64, 64, 64
L 1874.6133, 353.6044, 148.8275,  1871.9127, 430.1539, 153.3369,  64, 64, 64
L 1875.7534, 270.9427, 142.8481,  1874.6133, 353.6044, 148.8275,  64, 64, 64
L 1873.8561, 200.7129, 132.1584,  1875.7534, 270.9427, 142.8481,  64, 64, 64
L 1850.1802, 124.3880, 120.9130,  1873.8561, 200.7129, 132.1584,  64, 64, 64
L 1826.6277, 56.8019, 111.6623,  1850.1802, 124.3880, 120.9130,  64, 64, 64
L 1794.5824, -12.8425, 109.9184,  1826.6277, 56.8019, 111.6623,  64, 64, 64
L 1763.6890, -46.1888, 108.7040,  1794.5824, -12.8425, 109.9184,  64, 64, 64
L 1727.3556, -53.6726, 70.1100,  1763.6890, -46.1888, 108.7040,  64, 64, 64
L 1659.8822, -67.4613, 34.4174,  1727.3556, -53.6726, 70.1100,  64, 64, 64
L 1594.6526, -95.2061, 27.6302,  1659.8822, -67.4613, 34.4174,  64, 64, 64
L 1537.4727, -127.5167, 37.8892,  1594.6526, -95.2061, 27.6302,  64, 64, 64
L 1479.5232, -177.6445, 49.2359,  1537.4727, -127.5167, 37.8892,  64, 64, 64
L 1461.8241, -193.1640, 50.1030,  1479.5232, -177.6445, 49.2359,  64, 64, 64
L 1439.7925, -215.8667, 48.4962,  1461.8241, -193.1640, 50.1030,  64, 64, 64
L 1417.5967, -237.7324, 44.5210,  1439.7925, -215.8667, 48.4962,  64, 64, 64
L 1398.5388, -260.6786, 45.5270,  1417.5967, -237.7324, 44.5210,  64, 64, 64
L 1387.1967, -290.1190, 39.5200,  1398.5388, -260.6786, 45.5270,  64, 64, 64
L 1381.6428, -321.2260, 32.1783,  1387.1967, -290.1190, 39.5200,  64, 64, 64
L 1377.4336, -343.4198, 28.5605,  1381.6428, -321.2260, 32.1783,  64, 64, 64
L 1388.4595, -366.4587, 35.7554,  1377.4336, -343.4198, 28.5605,  64, 64, 64
L 1399.1349, -382.1259, 35.2250,  1388.4595, -366.4587, 35.7554,  64, 64, 64
L 1420.8781, -386.9524, 43.6606,  1399.1349, -382.1259, 35.2250,  64, 64, 64
L 1435.1320, -389.4320, 42.1026,  1420.8781, -386.9524, 43.6606,  64, 64, 64
L 1458.3477, -387.6422, 41.3344,  1435.1320, -389.4320, 42.1026,  64, 64, 64
L 1491.2489, -380.6977, 40.7050,  1458.3477, -387.6422, 41.3344,  64, 64, 64
L 1514.5353, -366.2610, 60.8310,  1491.2489, -380.6977, 40.7050,  64, 64, 64
L 1572.6742, -318.3756, 116.6067,  1514.5353, -366.2610, 60.8310,  64, 64, 64
L 1632.1997, -284.3616, 137.5269,  1572.6742, -318.3756, 116.6067,  64, 64, 64
L 1657.8517, -269.9218, 170.2365,  1632.1997, -284.3616, 137.5269,  64, 64, 64
L 1680.2549, -263.7683, 169.6853,  1657.8517, -269.9218, 170.2365,  64, 64, 64
L 1717.9727, -256.9888, 181.8808,  1680.2549, -263.7683, 169.6853,  64, 64, 64
L 1739.3114, -271.9583, 172.7347,  1717.9727, -256.9888, 181.8808,  64, 64, 64
L 1758.5449, -314.4325, 157.5595,  1739.3114, -271.9583, 172.7347,  64, 64, 64
L 1554.8430, -614.6407, -9.5250,  1556.4347, -612.7187, -9.5490,  64, 64, 64
L 1552.9126, -617.7186, -9.6150,  1554.8430, -614.6407, -9.5250,  64, 64, 64
L 1543.8295, -624.4004, -13.6150,  1542.8866, -627.2147, -13.6150,  64, 64, 64
L 1544.8605, -622.7187, -13.6150,  1543.8295, -624.4004, -13.6150,  64, 64, 64
L 1502.1519, -611.3129, -13.6150,  1544.7227, -622.7187, -13.6150,  64, 64, 64
L 1470.9076, -580.7010, -13.6150,  1502.1519, -611.3129, -13.6150,  64, 64, 64
L 1459.4889, -537.4008, -13.6150,  1470.9076, -580.7010, -13.6150,  64, 64, 64
L 1470.9043, -494.7515, -13.6150,  1459.4889, -537.4008, -13.6150,  64, 64, 64
L 1502.1143, -463.5409, -13.6150,  1470.9043, -494.7515, -13.6150,  64, 64, 64
L 1544.7681, -452.9370, -13.6150,  1502.1143, -463.5409, -13.6150,  64, 64, 64
L 1504.6472, -467.8446, -11.6150,  1544.7692, -457.9350, -11.6150,  64, 64, 64
L 1475.2466, -497.2567, -11.6150,  1504.6472, -467.8446, -11.6150,  64, 64, 64
L 1464.4879, -537.4048, -11.6150,  1475.2466, -497.2567, -11.6150,  64, 64, 64
L 1475.2516, -577.5729, -11.6150,  1464.4879, -537.4048, -11.6150,  64, 64, 64
L 1504.6222, -606.9664, -11.6150,  1475.2516, -577.5729, -11.6150,  64, 64, 64
L 1507.1487, -602.6556, -9.6150,  1544.7694, -612.7187, -9.6150,  64, 64, 64
L 1479.5645, -575.6840, -9.6150,  1507.1487, -602.6556, -9.6150,  64, 64, 64
L 1469.4896, -537.3990, -9.6150,  1479.5645, -575.6840, -9.6150,  64, 64, 64
L 1479.5626, -499.7450, -9.6150,  1469.4896, -537.3990, -9.6150,  64, 64, 64
L 1507.1575, -472.1863, -9.6150,  1479.5626, -499.7450, -9.6150,  64, 64, 64
L 1492.4677, -510.6790, -5.6140,  1512.4741, -490.6130, -5.6140,  64, 64, 64
L 1539.8534, -482.7187, -5.6140,  1512.4741, -490.6130, -5.6140,  64, 64, 64
L 1739.4999, -482.7187, -5.6140,  1539.8534, -482.7187, -5.6140,  64, 64, 64
L 1739.4999, -485.2187, -5.6140,  1739.4999, -482.7187, -5.6140,  64, 64, 64
L 1750.1250, -482.8099, -5.6140,  1750.1250, -485.3115, -5.6140,  64, 64, 64
L 1778.1511, -490.6220, -5.6140,  1750.1250, -482.8099, -5.6140,  64, 64, 64
L 1798.1576, -510.6990, -5.6140,  1778.1511, -490.6220, -5.6140,  64, 64, 64
L 1805.4889, -537.4061, -5.6140,  1798.1576, -510.6990, -5.6140,  64, 64, 64
L 1798.1575, -564.7441, -5.6140,  1805.4889, -537.4061, -5.6140,  64, 64, 64
L 1778.1511, -584.7813, -5.6140,  1798.1575, -564.7441, -5.6140,  64, 64, 64
L 1750.1250, -592.3000, -5.6140,  1778.1511, -584.7813, -5.6140,  64, 64, 64
L 1750.1250, -589.5009, -5.6140,  1750.1250, -592.3000, -5.6140,  64, 64, 64
L 1739.4999, -592.9360, -5.6140,  1739.4999, -589.5937, -5.6140,  64, 64, 64
L 1539.8513, -592.9370, -5.6140,  1739.4999, -592.9360, -5.6140,  64, 64, 64
L 1512.4739, -584.7820, -5.6140,  1539.8513, -592.9370, -5.6140,  64, 64, 64
L 1492.6527, -564.9307, -5.6140,  1512.4739, -584.7820, -5.6140,  64, 64, 64
L 1492.3832, -510.3809, -7.6140,  1485.1232, -537.4142, -7.6140,  64, 64, 64
L 1494.3948, -511.5470, -7.6140,  1492.3832, -510.3809, -7.6140,  64, 64, 64
L 1513.7240, -492.2176, -7.6140,  1494.3948, -511.5470, -7.6140,  64, 64, 64
L 1539.8534, -485.2187, -7.6140,  1513.7240, -492.2176, -7.6140,  64, 64, 64
L 1749.7720, -485.2187, -7.6140,  1539.8534, -485.2187, -7.6140,  64, 64, 64
L 1776.3977, -492.2173, -7.6140,  1749.7720, -485.2187, -7.6140,  64, 64, 64
L 1795.3329, -510.8521, -7.6140,  1776.3977, -492.2173, -7.6140,  64, 64, 64
L 1795.6312, -511.4687, -25.6140,  1753.3750, -511.4687, -25.6140,  64, 64, 64
L 1804.6624, -522.7187, -25.6140,  1795.6312, -511.4687, -25.6140,  64, 64, 64
L 1810.1250, -522.7187, -25.6140,  1804.6624, -522.7187, -25.6140,  64, 64, 64
L 1804.6626, -552.9360, -25.6140,  1810.1250, -552.9360, -25.6140,  64, 64, 64
L 1795.6311, -563.3438, -25.6140,  1804.6626, -552.9360, -25.6140,  64, 64, 64
L 1753.3716, -563.3427, -25.6140,  1795.6311, -563.3438, -25.6140,  64, 64, 64
L 1784.4688, -511.4687, -23.6140,  1784.4668, -563.3437, -23.6140,  127, 127, 127
L 1780.3009, -563.3437, -21.6140,  1780.3130, -511.4687, -21.6140,  127, 127, 127
L 1775.5938, -511.4687, -19.6140,  1775.5923, -563.3437, -19.6140,  127, 127, 127
L 1771.1555, -563.3437, -17.6140,  1771.1563, -511.4687, -17.6140,  127, 127, 127
L 1766.6875, -511.4687, -15.6150,  1766.6864, -563.3437, -15.6150,  127, 127, 127
L 1762.2489, -563.3437, -13.6150,  1762.2500, -511.4687, -13.6150,  127, 127, 127
L 1757.8125, -511.4687, -11.6150,  1757.8104, -563.3437, -11.6150,  127, 127, 127
L 1753.3750, -511.4687, -9.6150,  1753.3716, -563.3427, -9.6150,  127, 127, 127
L 1788.9346, -563.3436, -25.6140,  1788.9375, -511.4687, -25.6140,  127, 127, 127
L 1776.3966, -582.5954, -7.6140,  1795.1587, -563.8365, -7.6140,  64, 64, 64
L 1749.7719, -589.5937, -7.6140,  1776.3966, -582.5954, -7.6140,  64, 64, 64
L 1539.8523, -589.5936, -7.6140,  1749.7719, -589.5937, -7.6140,  64, 64, 64
L 1513.7239, -582.5945, -7.6140,  1539.8523, -589.5936, -7.6140,  64, 64, 64
L 1494.3915, -563.2670, -7.6140,  1513.7239, -582.5945, -7.6140,  64, 64, 64
L 1492.3833, -564.4312, -7.6140,  1494.3915, -563.2670, -7.6140,  64, 64, 64
L 1485.1232, -537.4142, -7.6140,  1492.3833, -564.4312, -7.6140,  64, 64, 64
L 1499.6504, -459.1884, -17.6404,  1544.7714, -447.9370, -19.6509,  64, 64, 64
L 1466.5912, -492.2475, -17.5762,  1499.6504, -459.1884, -16.1531,  64, 64, 64
L 1454.4849, -537.4211, -15.3828,  1466.5912, -492.2475, -17.2117,  64, 64, 64
L 1463.4540, -568.8232, -13.7290,  1454.4849, -537.4211, -15.2440,  64, 64, 64
L 1480.1869, -594.3062, -13.5410,  1463.4540, -568.8232, -13.7290,  64, 64, 64
L 1498.7252, -613.6440, -13.4490,  1480.1869, -594.3062, -13.5410,  64, 64, 64
L 1502.2423, -616.3306, -13.6150,  1498.7252, -613.6440, -13.4490,  64, 64, 64
L 1519.9717, -621.9200, -17.4158,  1502.2423, -616.3306, -13.5741,  64, 64, 64
L 1539.7544, -626.3771, -16.5164,  1519.9717, -621.9200, -18.1790,  64, 64, 64
L 1542.8866, -627.2147, -14.8674,  1539.7544, -626.3771, -16.5164,  64, 64, 64
L 1547.4177, -622.7187, -11.9817,  1544.7227, -622.7187, -12.7982,  64, 64, 64
L 1549.4618, -619.8343, -11.1500,  1547.4177, -622.7187, -11.1440,  64, 64, 64
L 1550.6005, -617.7187, -11.3830,  1549.4618, -619.8343, -11.1500,  64, 64, 64
L 1544.7736, -617.7188, -11.6150,  1552.9126, -617.7186, -11.6150,  64, 64, 64
L 1504.6222, -606.9664, -11.6150,  1544.7736, -617.7188, -11.6150,  64, 64, 64
L 1558.6216, -612.7187, -9.6150,  1544.7694, -612.7187, -9.6150,  64, 64, 64
L 1559.5999, -612.4272, -6.9886,  1558.6216, -612.7187, -7.3108,  64, 64, 64
L 1560.1697, -611.7092, -6.7801,  1559.5999, -612.4272, -6.9886,  64, 64, 64
L 1561.7002, -607.7187, -6.7877,  1560.1697, -611.7092, -6.7801,  64, 64, 64
L 1597.8269, -464.4250, 15.1240,  1595.5819, -467.9370, 13.9040,  64, 64, 64
L 1599.6248, -462.8335, 16.6173,  1597.8269, -464.4250, 15.1240,  64, 64, 64
L 1602.8136, -462.2393, 19.8841,  1599.6248, -462.8335, 16.6173,  64, 64, 64
L 1605.4048, -463.1806, 22.6063,  1602.8136, -462.2393, 19.8841,  64, 64, 64
L 1606.6251, -464.9680, 24.2896,  1605.4048, -463.1806, 22.6063,  64, 64, 64
L 1606.5636, -466.8109, 24.7819,  1606.6251, -464.9680, 24.2896,  64, 64, 64
L 1606.3882, -468.8830, 24.9385,  1606.5636, -466.8109, 24.7819,  64, 64, 64
L 1605.5625, -477.2509, 25.2550,  1606.3882, -468.8830, 24.9385,  64, 64, 64
L 1539.7719, -477.2509, 24.9387,  1605.5625, -477.2509, 24.9385,  64, 64, 64
L 1509.7052, -485.3328, 24.9433,  1539.7719, -477.2509, 24.9386,  64, 64, 64
L 1487.6901, -507.3152, 24.9405,  1509.7052, -485.3328, 24.9385,  64, 64, 64
L 1479.6449, -537.4011, 24.9385,  1487.6901, -507.3152, 24.9385,  64, 64, 64
L 1487.7064, -567.5112, 24.9394,  1479.6449, -537.4011, 24.9385,  64, 64, 64
L 1509.7150, -589.5199, 24.9385,  1487.7064, -567.5112, 24.9398,  64, 64, 64
L 1539.7595, -597.5621, 24.9385,  1509.7150, -589.5199, 24.9385,  64, 64, 64
L 1583.5692, -597.5610, 24.9423,  1539.7595, -597.5621, 24.9385,  64, 64, 64
L 1583.8849, -600.2078, 25.4910,  1583.5226, -597.5811, 24.9423,  64, 64, 64
L 1581.4780, -607.9337, 25.7000,  1583.8849, -600.2078, 25.4910,  64, 64, 64
L 1580.4220, -610.6271, 24.7730,  1581.4780, -607.9337, 25.7000,  64, 64, 64
L 1578.8196, -611.5751, 22.6733,  1580.4220, -610.6271, 24.7730,  64, 64, 64
L 1574.8831, -611.8354, 16.1620,  1578.8196, -611.5751, 22.6733,  64, 64, 64
L 1574.6105, -607.7187, 13.7746,  1574.8831, -611.8354, 16.1620,  64, 64, 64
L 1561.5984, -607.7187, -6.9436,  1574.6105, -607.7187, 13.7746,  64, 64, 64
L 1544.7714, -607.7187, -7.6140,  1561.5984, -607.7187, -6.9436,  64, 64, 64
L 1509.6521, -598.3116, -7.6140,  1544.7714, -607.7187, -7.6140,  64, 64, 64
L 1483.8007, -572.6399, -7.6140,  1509.6521, -598.3116, -7.6140,  64, 64, 64
L 1474.4728, -537.6435, -7.6140,  1483.8007, -572.6399, -7.6140,  64, 64, 64
L 1483.7454, -502.1517, -7.6140,  1474.4728, -537.6435, -7.6140,  64, 64, 64
L 1509.9020, -476.2615, -7.6140,  1483.7454, -502.1517, -7.6140,  64, 64, 64
L 1544.3090, -467.9350, -7.6140,  1509.9020, -476.2615, -7.6140,  64, 64, 64
L 1563.2699, -467.9370, -7.6140,  1544.3090, -467.9350, -7.6140,  64, 64, 64
L 1560.5144, -459.7454, -9.6150,  1562.1124, -457.9370, -9.6150,  64, 64, 64
L 1560.3634, -460.1424, -9.6150,  1560.5144, -459.7454, -9.6150,  64, 64, 64
L 1560.2606, -462.9350, -9.6150,  1560.3634, -460.1424, -9.6150,  64, 64, 64
L 1560.1331, -455.2241, -11.1900,  1558.5519, -457.6250, -11.6150,  64, 64, 64
L 1561.6624, -452.9370, -11.6150,  1560.1331, -455.2241, -11.1900,  64, 64, 64
L 1560.7271, -449.5264, -12.9960,  1557.3296, -452.9370, -13.6150,  64, 64, 64
L 1561.1548, -447.9350, -13.6150,  1560.7271, -449.5264, -12.9960,  64, 64, 64
L 1544.7714, -447.9370, -18.3053,  1561.1548, -447.9350, -14.9981,  64, 64, 64
L 1544.7681, -452.9370, -13.6150,  1561.6624, -452.9370, -13.6150,  64, 64, 64
L 1544.7692, -457.9350, -11.6150,  1562.1124, -457.9370, -11.6150,  64, 64, 64
L 1563.5055, -462.9370, -9.6150,  1544.7716, -462.9350, -9.6150,  64, 64, 64
L 1563.2118, -463.7561, -7.6140,  1563.5055, -462.9370, -7.3200,  64, 64, 64
L 1563.2699, -467.9370, -7.3170,  1563.2118, -463.7561, -7.6140,  64, 64, 64
L 1594.4679, -467.9370, 13.4797,  1563.2699, -467.9370, -7.3170,  64, 64, 64
L 1810.1233, -612.9370, -25.6140,  1810.1250, -552.9360, -25.6140,  64, 64, 64
L 1836.2499, -612.9360, -25.6140,  1810.1233, -612.9370, -25.6140,  64, 64, 64
L 1810.1250, -462.7187, -25.6140,  1810.1250, -522.7187, -25.6140,  64, 64, 64
L 1837.9457, -462.7187, -25.6140,  1810.1250, -462.7187, -25.6140,  64, 64, 64
L 1067.4905, 2119.8167, -30.5302,  1055.3123, 2119.7168, -30.5302,  64, 64, 64
L 1094.4894, 2163.1250, -30.5302,  1011.9375, 2163.1248, -30.5302,  64, 64, 64
L 1011.9375, 2163.1248, -30.5302,  1011.9380, 2021.7146, -30.4792,  64, 64, 64
L 1011.9380, 2021.7146, -30.4792,  1011.9374, 1878.1249, -20.7303,  64, 64, 64
L 1056.8856, 2119.7500, -30.5302,  1056.8578, 2163.1250, -30.5302,  150, 0, 200
L 936.9841, 1856.6255, -8.3865,  928.7621, 1792.8379, -13.5315,  150, 100, 0
L 928.7621, 1792.8379, -13.5315,  912.1324, 1770.5507, -15.2698,  150, 100, 0
L 912.1324, 1770.5507, -15.2698,  890.3011, 1744.6981, -18.1695,  150, 100, 0
L 890.3011, 1744.6981, -18.1695,  867.8617, 1737.5669, -17.9265,  150, 100, 0
L 867.8617, 1737.5669, -17.9265,  844.8791, 1718.8385, -21.1375,  150, 100, 0
L 844.8791, 1718.8385, -21.1375,  836.9230, 1723.1559, -19.3244,  150, 100, 0
L 836.9230, 1723.1559, -19.3244,  829.3953, 1727.9263, -15.8261,  150, 100, 0
L 829.3953, 1727.9263, -15.8261,  821.5806, 1729.4198, -13.4671,  150, 100, 0
L 821.5806, 1729.4198, -13.4671,  815.9579, 1742.6323, -7.2815,  150, 100, 0
L 815.9579, 1742.6323, -7.2815,  800.9032, 1737.7389, -5.6672,  150, 100, 0
L 800.9032, 1737.7389, -5.6672,  790.6025, 1732.3577, -6.2340,  150, 100, 0
L 790.6025, 1732.3577, -6.2340,  785.5516, 1713.7300, -10.8600,  150, 100, 0
L 785.5516, 1713.7300, -10.8600,  794.7092, 1698.2622, -16.6545,  150, 100, 0
L 794.7092, 1698.2622, -16.6545,  798.4900, 1671.9509, -15.9029,  150, 100, 0
L 798.4900, 1671.9509, -15.9029,  796.1802, 1651.2389, -15.7890,  150, 100, 0
L 796.1802, 1651.2389, -15.7890,  791.9279, 1619.5604, -13.5785,  150, 100, 0
L 791.9279, 1619.5604, -13.5785,  790.8442, 1594.4492, -13.7020,  150, 100, 0
L 790.8442, 1594.4492, -13.7020,  784.1089, 1571.8495, -14.6100,  150, 100, 0
L 784.1089, 1571.8495, -14.6100,  781.4423, 1545.2295, -16.3058,  150, 100, 0
L 781.4423, 1545.2295, -16.3058,  769.6246, 1528.6310, -12.9383,  150, 100, 0
L 769.6246, 1528.6310, -12.9383,  780.8082, 1510.7709, -18.7216,  150, 100, 0
L 780.8082, 1510.7709, -18.7216,  780.7032, 1478.5752, -18.8698,  150, 100, 0
L 780.7032, 1478.5752, -18.8698,  778.2421, 1460.3474, -18.3640,  150, 100, 0
L 778.2421, 1460.3474, -18.3640,  770.3600, 1434.6538, -19.4941,  150, 100, 0
L 770.3600, 1434.6538, -19.4941,  750.2408, 1417.2251, -18.1770,  150, 100, 0
L 750.2408, 1417.2251, -18.1770,  713.2495, 1393.5883, -11.5797,  150, 100, 0
L 713.2495, 1393.5883, -11.5797,  703.3105, 1383.8433, -9.3164,  150, 100, 0
L 703.3105, 1383.8433, -9.3164,  702.5552, 1353.8367, -15.9390,  150, 100, 0
L 702.5552, 1353.8367, -15.9390,  695.2101, 1327.9083, -19.9020,  150, 100, 0
L 695.2101, 1327.9083, -19.9020,  692.1730, 1288.5878, -22.1451,  150, 100, 0
L 692.1730, 1288.5878, -22.1451,  682.7953, 1250.3887, -22.8024,  150, 100, 0
L 682.7953, 1250.3887, -22.8024,  667.3287, 1220.4165, -20.8902,  150, 100, 0
L 667.3287, 1220.4165, -20.8902,  658.3857, 1200.6198, -20.3917,  150, 100, 0
L 658.3857, 1200.6198, -20.3917,  640.2146, 1187.9099, -16.7862,  150, 100, 0
L 640.2146, 1187.9099, -16.7862,  627.4160, 1159.1780, -20.4802,  150, 100, 0
L 627.4160, 1159.1780, -20.4802,  611.7892, 1135.1758, -18.2061,  150, 100, 0
L 611.7892, 1135.1758, -18.2061,  602.5806, 1126.8300, -17.3650,  150, 100, 0
L 602.5806, 1126.8300, -17.3650,  586.9030, 1115.7161, -15.3092,  150, 100, 0
L 586.9030, 1115.7161, -15.3092,  579.3748, 1088.3831, -18.7201,  150, 100, 0
L 579.3748, 1088.3831, -18.7201,  562.9285, 1070.4209, -19.4445,  150, 100, 0
L 562.9285, 1070.4209, -19.4445,  542.7285, 1065.8705, -20.7560,  150, 100, 0
L 542.7285, 1065.8705, -20.7560,  519.3840, 1066.2245, -17.1936,  150, 100, 0
L 519.3840, 1066.2245, -17.1936,  506.2192, 1055.4181, -19.3228,  150, 100, 0
L 506.2192, 1055.4181, -19.3228,  491.6920, 1048.2682, -21.4564,  150, 100, 0
L 491.6920, 1048.2682, -21.4564,  471.4273, 1046.8958, -21.6707,  150, 100, 0
L 471.4273, 1046.8958, -21.6707,  452.6195, 1058.4667, -19.8227,  150, 100, 0
L 452.6195, 1058.4667, -19.8227,  446.4528, 1073.2423, -15.3916,  150, 100, 0
L 446.4528, 1073.2423, -15.3916,  409.9600, 1079.5525, -17.6820,  150, 100, 0
L 409.9600, 1079.5525, -17.6820,  390.9861, 1075.6017, -18.7802,  150, 100, 0
L 390.9861, 1075.6017, -18.7802,  407.8947, 1029.8479, -18.7802,  150, 100, 0
L 407.8947, 1029.8479, -18.7802,  430.2051, 1029.4518, -17.5065,  150, 100, 0
L 430.2051, 1029.4518, -17.5065,  448.6662, 1023.4928, -18.1719,  150, 100, 0
L 448.6662, 1023.4928, -18.1719,  471.5840, 1016.5032, -16.9332,  150, 100, 0
L 471.5840, 1016.5032, -16.9332,  484.1100, 1005.9891, -16.4098,  150, 100, 0
L 484.1100, 1005.9891, -16.4098,  495.9554, 992.4515, -16.7314,  150, 100, 0
L 495.9554, 992.4515, -16.7314,  508.9572, 979.2743, -19.1820,  150, 100, 0
L 508.9572, 979.2743, -19.1820,  520.5103, 962.1635, -19.4025,  150, 100, 0
L 520.5103, 962.1635, -19.4025,  523.8306, 942.1092, -19.6149,  150, 100, 0
L 523.8306, 942.1092, -19.6149,  529.9846, 901.9698, -19.2100,  150, 100, 0
L 529.9846, 901.9698, -19.2100,  517.4727, 884.6108, -20.1804,  150, 100, 0
L 517.4727, 884.6108, -20.1804,  509.6938, 896.8586, -19.5798,  150, 100, 0
L 509.6938, 896.8586, -19.5798,  490.6000, 900.6747, -20.4450,  150, 100, 0
L 490.6000, 900.6747, -20.4450,  489.4538, 919.9192, -18.9188,  150, 100, 0
L 489.4538, 919.9192, -18.9188,  475.7728, 940.4496, -17.8299,  150, 100, 0
L 475.7728, 940.4496, -17.8299,  468.2330, 954.6884, -18.8499,  150, 100, 0
L 468.2330, 954.6884, -18.8499,  456.9771, 963.7414, -21.1172,  150, 100, 0
L 456.9771, 963.7414, -21.1172,  437.2893, 975.8600, -23.4989,  150, 100, 0
L 437.2893, 975.8600, -23.4989,  419.1138, 980.9659, -23.4589,  150, 100, 0
L 419.1138, 980.9659, -23.4589,  394.6537, 991.9280, -23.4989,  150, 100, 0
L 394.6537, 991.9280, -23.4989,  385.4418, 987.5333, -23.4989,  150, 100, 0
L 385.4418, 987.5333, -23.4989,  377.5220, 973.3481, -22.7936,  150, 100, 0
L 377.5220, 973.3481, -22.7936,  395.9578, 934.9293, -23.4989,  150, 100, 0
L 395.9578, 934.9293, -23.4989,  399.4291, 906.1899, -23.4300,  150, 100, 0
L 399.4291, 906.1899, -23.4300,  392.2620, 894.2610, -21.6133,  150, 100, 0
L 392.2620, 894.2610, -21.6133,  385.1557, 871.7172, -20.2520,  150, 100, 0
L 385.1557, 871.7172, -20.2520,  369.3944, 864.5479, -21.7880,  150, 100, 0
L 369.3944, 864.5479, -21.7880,  353.8734, 867.9587, -22.4595,  150, 100, 0
L 353.8734, 867.9587, -22.4595,  325.4399, 883.8469, -16.8934,  150, 100, 0
L 325.4399, 883.8469, -16.8934,  307.9696, 897.2621, -18.6020,  150, 100, 0
L 307.9696, 897.2621, -18.6020,  284.8539, 927.2758, -22.6756,  150, 100, 0
L 284.8539, 927.2758, -22.6756,  274.5683, 955.6136, -22.2877,  150, 100, 0
L 274.5683, 955.6136, -22.2877,  268.6678, 987.4433, -19.3515,  150, 100, 0
L 268.6678, 987.4433, -19.3515,  260.9705, 1007.8849, -19.4010,  150, 100, 0
L 260.9705, 1007.8849, -19.4010,  268.3013, 1035.2117, -17.8064,  150, 100, 0
L 268.3013, 1035.2117, -17.8064,  271.8337, 1056.6321, -17.3386,  150, 100, 0
L 271.8337, 1056.6321, -17.3386,  262.2257, 1089.7271, -19.1874,  150, 100, 0
L 262.2257, 1089.7271, -19.1874,  252.3232, 1102.5446, -18.7744,  150, 100, 0
L 252.3232, 1102.5446, -18.7744,  235.1979, 1110.6957, -17.7274,  150, 100, 0
L 235.1979, 1110.6957, -17.7274,  210.2510, 1112.3491, -18.2012,  150, 100, 0
L 210.2510, 1112.3491, -18.2012,  187.3651, 1113.2279, -19.4799,  150, 100, 0
L 187.3651, 1113.2279, -19.4799,  167.4250, 1124.4673, -19.2195,  150, 100, 0
L 167.4250, 1124.4673, -19.2195,  144.4639, 1131.3230, -19.7032,  150, 100, 0
L 144.4639, 1131.3230, -19.7032,  128.5028, 1125.4037, -19.8905,  150, 100, 0
L 128.5028, 1125.4037, -19.8905,  110.9809, 1119.6851, -23.4148,  150, 100, 0
L 110.9809, 1119.6851, -23.4148,  103.4813, 1088.3903, -21.4124,  150, 100, 0
L 103.4813, 1088.3903, -21.4124,  108.7938, 1058.5309, -20.6097,  150, 100, 0
L 108.7938, 1058.5309, -20.6097,  95.2066, 1032.9740, -21.5043,  150, 100, 0
L 95.2066, 1032.9740, -21.5043,  81.1019, 1015.3210, -19.3540,  150, 100, 0
L 81.1019, 1015.3210, -19.3540,  66.1929, 1022.8368, -21.3865,  150, 100, 0
L 66.1929, 1022.8368, -21.3865,  51.3308, 1045.6310, -22.2420,  150, 100, 0
L 51.3308, 1045.6310, -22.2420,  50.5349, 1073.8003, -21.9100,  150, 100, 0
L 50.5349, 1073.8003, -21.9100,  52.4690, 1095.3842, -20.5528,  150, 100, 0
L 52.4690, 1095.3842, -20.5528,  44.7567, 1113.1862, -20.5470,  150, 100, 0
L 44.7567, 1113.1862, -20.5470,  31.5535, 1124.8870, -21.9298,  150, 100, 0
L 31.5535, 1124.8870, -21.9298,  19.6818, 1137.9246, -23.4117,  150, 100, 0
L 19.6818, 1137.9246, -23.4117,  0.7748, 1150.1974, -23.4989,  150, 100, 0
L 0.7748, 1150.1974, -23.4989,  0.4502, 1143.6093, -23.4741,  150, 100, 0
L 0.4502, 1143.6093, -23.4741,  8.3457, 1117.5806, -22.3640,  150, 100, 0
L 8.3457, 1117.5806, -22.3640,  13.2934, 1096.4186, -20.6950,  150, 100, 0
L 13.2934, 1096.4186, -20.6950,  16.7575, 1075.5752, -19.8472,  150, 100, 0
L 16.7575, 1075.5752, -19.8472,  17.2821, 1062.7321, -18.4606,  150, 100, 0
L 17.2821, 1062.7321, -18.4606,  14.4513, 1044.3085, -18.8130,  150, 100, 0
L 14.4513, 1044.3085, -18.8130,  29.3200, 1010.6395, -20.5852,  150, 100, 0
L 29.3200, 1010.6395, -20.5852,  32.5204, 990.9009, -20.8482,  150, 100, 0
L 32.5204, 990.9009, -20.8482,  30.8227, 967.6567, -21.4181,  150, 100, 0
L 30.8227, 967.6567, -21.4181,  20.7006, 945.8555, -19.5474,  150, 100, 0
L 20.7006, 945.8555, -19.5474,  5.6390, 942.1530, -20.1932,  150, 100, 0
L 5.6390, 942.1530, -20.1932,  -12.9960, 947.1929, -19.4339,  150, 100, 0
L -12.9960, 947.1929, -19.4339,  -28.5976, 957.2839, -18.7520,  150, 100, 0
L -28.5976, 957.2839, -18.7520,  -53.9913, 965.9316, -18.7802,  150, 100, 0
L -53.9913, 965.9316, -18.7802,  -64.1911, 957.9874, -18.7802,  150, 100, 0
L -64.1911, 957.9874, -18.7802,  -74.3560, 942.2714, -20.1750,  150, 100, 0
L -74.3560, 942.2714, -20.1750,  -84.4500, 949.1897, -20.4720,  150, 100, 0
L -84.4500, 949.1897, -20.4720,  -93.7030, 948.2332, -20.1569,  150, 100, 0
L -93.7030, 948.2332, -20.1569,  -108.3926, 946.3715, -19.8306,  150, 100, 0
L -108.3926, 946.3715, -19.8306,  -121.9320, 943.5573, -22.3001,  150, 100, 0
L -121.9320, 943.5573, -22.3001,  -122.2087, 922.3958, -23.1884,  150, 100, 0
L -122.2087, 922.3958, -23.1884,  -115.1841, 897.1219, -23.4989,  150, 100, 0
L -115.1841, 897.1219, -23.4989,  -117.9989, 879.3721, -23.4989,  150, 100, 0
L -117.9989, 879.3721, -23.4989,  -133.9960, 853.3415, -23.4989,  150, 100, 0
L -133.9960, 853.3415, -23.4989,  -152.1502, 850.3500, -21.1239,  150, 100, 0
L -152.1502, 850.3500, -21.1239,  -175.9040, 860.6752, -22.6317,  150, 100, 0
L -175.9040, 860.6752, -22.6317,  -186.2153, 873.8219, -22.5934,  150, 100, 0
L -186.2153, 873.8219, -22.5934,  -189.7134, 901.3777, -21.6760,  150, 100, 0
L -189.7134, 901.3777, -21.6760,  -187.7949, 922.6855, -21.9912,  150, 100, 0
L -187.7949, 922.6855, -21.9912,  -183.2985, 956.6376, -19.5235,  150, 100, 0
L -183.2985, 956.6376, -19.5235,  -182.6501, 994.8704, -22.5045,  150, 100, 0
L -182.6501, 994.8704, -22.5045,  -184.4482, 1019.4796, -23.4989,  150, 100, 0
L -184.4482, 1019.4796, -23.4989,  -185.8601, 1038.4208, -23.4989,  150, 100, 0
L -185.8601, 1038.4208, -23.4989,  -179.9863, 1077.3013, -16.7442,  150, 100, 0
L -179.9863, 1077.3013, -16.7442,  -187.7040, 1097.5331, -17.4980,  150, 100, 0
L -187.7040, 1097.5331, -17.4980,  -204.2560, 1121.7588, -19.6052,  150, 100, 0
L -204.2560, 1121.7588, -19.6052,  -221.1202, 1131.5042, -23.1630,  150, 100, 0
L -221.1202, 1131.5042, -23.1630,  -232.5400, 1132.7036, -23.4989,  150, 100, 0
L -232.5400, 1132.7036, -23.4989,  -250.7926, 1121.8610, -22.6220,  150, 100, 0
L -250.7926, 1121.8610, -22.6220,  -262.1583, 1110.6115, -22.9854,  150, 100, 0
L -262.1583, 1110.6115, -22.9854,  -282.9910, 1105.4706, -20.5832,  150, 100, 0
L -282.9910, 1105.4706, -20.5832,  -302.4100, 1115.1886, -21.8038,  150, 100, 0
L -302.4100, 1115.1886, -21.8038,  -334.3509, 1134.5883, -21.7303,  150, 100, 0
L -334.3509, 1134.5883, -21.7303,  -342.3933, 1149.9314, -20.5195,  150, 100, 0
L -342.3933, 1149.9314, -20.5195,  -358.8496, 1168.5181, -20.2060,  150, 100, 0
L -358.8496, 1168.5181, -20.2060,  -359.4993, 1194.4198, -21.9780,  150, 100, 0
L -359.4993, 1194.4198, -21.9780,  -327.5280, 1200.3588, -20.5520,  150, 100, 0
L -327.5280, 1200.3588, -20.5520,  -318.2302, 1203.7874, -19.4497,  150, 100, 0
L -318.2302, 1203.7874, -19.4497,  -292.5538, 1221.2107, -16.2822,  150, 100, 0
L -292.5538, 1221.2107, -16.2822,  -271.1686, 1238.5958, -12.9731,  150, 100, 0
L -271.1686, 1238.5958, -12.9731,  -266.7065, 1256.2864, -13.8918,  150, 100, 0
L -266.7065, 1256.2864, -13.8918,  -280.3801, 1286.7129, -20.9172,  150, 100, 0
L -280.3801, 1286.7129, -20.9172,  -319.8317, 1292.8333, -21.9739,  150, 100, 0
L -319.8317, 1292.8333, -21.9739,  -362.3242, 1293.7416, -20.2197,  150, 100, 0
L -362.3242, 1293.7416, -20.2197,  -376.9544, 1299.6333, -18.8630,  150, 100, 0
L -376.9544, 1299.6333, -18.8630,  -399.1644, 1302.8035, -19.9147,  150, 100, 0
L -399.1644, 1302.8035, -19.9147,  -415.4497, 1311.6658, -18.3856,  150, 100, 0
L -415.4497, 1311.6658, -18.3856,  -452.2580, 1309.1613, -20.2550,  150, 100, 0
L -452.2580, 1309.1613, -20.2550,  -464.2217, 1320.1780, -18.7374,  150, 100, 0
L -464.2217, 1320.1780, -18.7374,  -479.7665, 1326.6284, -17.2327,  150, 100, 0
L -479.7665, 1326.6284, -17.2327,  -527.3719, 1333.5142, -19.5526,  150, 100, 0
L -527.3719, 1333.5142, -19.5526,  -551.1540, 1338.5690, -19.1020,  150, 100, 0
L -551.1540, 1338.5690, -19.1020,  -589.1296, 1341.3196, -18.6245,  150, 100, 0
L -589.1296, 1341.3196, -18.6245,  -622.9022, 1350.3821, -20.1954,  150, 100, 0
L -622.9022, 1350.3821, -20.1954,  -658.5873, 1360.1884, -21.1239,  150, 100, 0
L -658.5873, 1360.1884, -21.1239,  -708.6391, 1343.4148, -19.9520,  150, 100, 0
L -708.6391, 1343.4148, -19.9520,  -732.7839, 1327.2870, -22.3821,  150, 100, 0
L -732.7839, 1327.2870, -22.3821,  -746.4587, 1322.8749, -22.7795,  150, 100, 0
L -746.4587, 1322.8749, -22.7795,  -787.2753, 1324.5969, -22.5367,  150, 100, 0
L -787.2753, 1324.5969, -22.5367,  -829.5973, 1332.2050, -21.2557,  150, 100, 0
L -829.5973, 1332.2050, -21.2557,  -851.9669, 1333.2349, -21.9262,  150, 100, 0
L -851.9669, 1333.2349, -21.9262,  -868.1050, 1338.6641, -22.2428,  150, 100, 0
L -868.1050, 1338.6641, -22.2428,  -881.1422, 1353.2476, -21.9248,  150, 100, 0
L -881.1422, 1353.2476, -21.9248,  -904.6055, 1360.9429, -20.8988,  150, 100, 0
L -904.6055, 1360.9429, -20.8988,  -923.8203, 1368.9175, -19.3173,  150, 100, 0
L -923.8203, 1368.9175, -19.3173,  -948.1577, 1369.9779, -20.4500,  150, 100, 0
L -948.1577, 1369.9779, -20.4500,  -986.9420, 1356.7383, -20.7950,  150, 100, 0
L -986.9420, 1356.7383, -20.7950,  -1006.9194, 1346.3103, -20.3507,  150, 100, 0
L -1006.9194, 1346.3103, -20.3507,  -1043.3793, 1346.5446, -21.7373,  150, 100, 0
L -1043.3793, 1346.5446, -21.7373,  -1064.4988, 1341.2825, -23.9470,  150, 100, 0
L -1064.4988, 1341.2825, -23.9470,  -1094.9553, 1342.2328, -21.4652,  150, 100, 0
L -1094.9553, 1342.2328, -21.4652,  -1117.4102, 1347.7959, -19.2878,  150, 100, 0
L -1117.4102, 1347.7959, -19.2878,  -1148.4509, 1345.7991, -19.7606,  150, 100, 0
L -1148.4509, 1345.7991, -19.7606,  -1188.9829, 1347.7289, -18.3974,  150, 100, 0
L -1188.9829, 1347.7289, -18.3974,  -1204.3983, 1335.1201, -20.4363,  150, 100, 0
L -1204.3983, 1335.1201, -20.4363,  -1206.9408, 1314.7688, -22.6737,  150, 100, 0
L -1206.9408, 1314.7688, -22.6737,  -1228.7750, 1293.9740, -21.4349,  150, 100, 0
L -1228.7750, 1293.9740, -21.4349,  -1252.3560, 1274.7880, -19.1200,  150, 100, 0
L -1252.3560, 1274.7880, -19.1200,  -1270.6946, 1261.5116, -16.8140,  150, 100, 0
L -1270.6946, 1261.5116, -16.8140,  -1277.5757, 1252.8235, -14.8376,  150, 100, 0
L -1277.5757, 1252.8235, -14.8376,  -1257.2809, 1233.3319, -15.1554,  150, 100, 0
L -1257.2809, 1233.3319, -15.1554,  -1245.9423, 1229.9269, -13.2707,  150, 100, 0
L -1245.9423, 1229.9269, -13.2707,  -1222.1907, 1237.2312, -14.1530,  150, 100, 0
L -1222.1907, 1237.2312, -14.1530,  -1203.2689, 1240.7345, -12.4339,  150, 100, 0
L -1203.2689, 1240.7345, -12.4339,  -1193.2682, 1243.7140, -13.1722,  150, 100, 0
L -1193.2682, 1243.7140, -13.1722,  -1161.9198, 1263.9269, -19.5064,  150, 100, 0
L -1161.9198, 1263.9269, -19.5064,  -1134.4009, 1276.8411, -21.5319,  150, 100, 0
L -1134.4009, 1276.8411, -21.5319,  -1113.8134, 1288.9929, -21.4648,  150, 100, 0
L -1113.8134, 1288.9929, -21.4648,  -1094.7543, 1297.4525, -22.2718,  150, 100, 0
L -1094.7543, 1297.4525, -22.2718,  -1074.4868, 1300.6670, -21.5530,  150, 100, 0
L -1074.4868, 1300.6670, -21.5530,  -1038.5463, 1297.4407, -22.6644,  150, 100, 0
L -1038.5463, 1297.4407, -22.6644,  -995.4789, 1288.1823, -22.9450,  150, 100, 0
L -995.4789, 1288.1823, -22.9450,  -982.9769, 1272.5441, -21.5250,  150, 100, 0
L -982.9769, 1272.5441, -21.5250,  -975.9296, 1241.6312, -20.1170,  150, 100, 0
L -975.9296, 1241.6312, -20.1170,  -985.6815, 1239.6251, -19.2471,  150, 100, 0
L -985.6815, 1239.6251, -19.2471,  -1003.3698, 1231.2371, -22.4180,  150, 100, 0
L -1003.3698, 1231.2371, -22.4180,  -1027.8740, 1227.6061, -23.4989,  150, 100, 0
L -1027.8740, 1227.6061, -23.4989,  -1071.3114, 1221.5165, -23.4989,  150, 100, 0
L -1071.3114, 1221.5165, -23.4989,  -1100.7722, 1213.9330, -23.4061,  150, 100, 0
L -1100.7722, 1213.9330, -23.4061,  -1105.9109, 1197.7228, -20.8238,  150, 100, 0
L -1105.9109, 1197.7228, -20.8238,  -1090.2415, 1187.2311, -21.3541,  150, 100, 0
L -1090.2415, 1187.2311, -21.3541,  -1068.4882, 1187.2554, -21.9735,  150, 100, 0
L -1068.4882, 1187.2554, -21.9735,  -1045.3159, 1178.5134, -22.1849,  150, 100, 0
L -1045.3159, 1178.5134, -22.1849,  -1018.6060, 1165.6270, -21.9714,  150, 100, 0
L -1018.6060, 1165.6270, -21.9714,  -993.2269, 1154.5857, -23.4989,  150, 100, 0
L -993.2269, 1154.5857, -23.4989,  -967.3297, 1150.5226, -22.3724,  150, 100, 0
L -967.3297, 1150.5226, -22.3724,  -948.5682, 1148.9719, -20.8952,  150, 100, 0
L -948.5682, 1148.9719, -20.8952,  -920.3577, 1149.3400, -19.8755,  150, 100, 0
L -920.3577, 1149.3400, -19.8755,  -905.3989, 1136.5634, -20.9770,  150, 100, 0
L -905.3989, 1136.5634, -20.9770,  -907.1570, 1118.7594, -17.1316,  150, 100, 0
L -907.1570, 1118.7594, -17.1316,  -897.6675, 1107.6847, -18.7802,  150, 100, 0
L -897.6675, 1107.6847, -18.7802,  -903.4246, 1092.9148, -19.9858,  150, 100, 0
L -903.4246, 1092.9148, -19.9858,  -916.5300, 1087.3490, -20.9762,  150, 100, 0
L -916.5300, 1087.3490, -20.9762,  -940.8376, 1075.3560, -23.3931,  150, 100, 0
L -940.8376, 1075.3560, -23.3931,  -967.4077, 1070.8949, -21.3350,  150, 100, 0
L -967.4077, 1070.8949, -21.3350,  -1000.5013, 1071.5464, -19.3529,  150, 100, 0
L -1000.5013, 1071.5464, -19.3529,  -1036.7090, 1074.8789, -20.1707,  150, 100, 0
L -1036.7090, 1074.8789, -20.1707,  -1065.6382, 1079.8855, -19.7153,  150, 100, 0
L -1065.6382, 1079.8855, -19.7153,  -1098.7140, 1098.3416, -19.8820,  150, 100, 0
L -1098.7140, 1098.3416, -19.8820,  -1105.2634, 1106.5763, -18.4100,  150, 100, 0
L -1105.2634, 1106.5763, -18.4100,  -1130.4817, 1111.9271, -17.3809,  150, 100, 0
L -1130.4817, 1111.9271, -17.3809,  -1145.9374, 1120.1874, -17.1082,  150, 100, 0
L -1145.9374, 1120.1874, -17.1082,  -1187.4469, 1135.5280, -21.2432,  150, 100, 0
L -1187.4469, 1135.5280, -21.2432,  -1209.8485, 1135.4590, -22.3283,  150, 100, 0
L -1209.8485, 1135.4590, -22.3283,  -1218.3307, 1109.6112, -19.7190,  150, 100, 0
L -1218.3307, 1109.6112, -19.7190,  -1202.6840, 1097.1929, -19.7881,  150, 100, 0
L -1202.6840, 1097.1929, -19.7881,  -1184.8312, 1085.6112, -20.8703,  150, 100, 0
L -1184.8312, 1085.6112, -20.8703,  -1161.3180, 1074.5330, -24.3710,  150, 100, 0
L -1161.3180, 1074.5330, -24.3710,  -1137.6780, 1055.9281, -23.2606,  150, 100, 0
L -1137.6780, 1055.9281, -23.2606,  -1136.4956, 1044.7975, -22.1076,  150, 100, 0
L -1136.4956, 1044.7975, -22.1076,  -1124.1229, 1017.6580, -20.5972,  150, 100, 0
L -1124.1229, 1017.6580, -20.5972,  -1112.7626, 1005.9839, -21.7398,  150, 100, 0
L -1112.7626, 1005.9839, -21.7398,  -1085.4513, 980.9964, -25.6190,  150, 100, 0
L -1085.4513, 980.9964, -25.6190,  -1073.6111, 960.3300, -24.2494,  150, 100, 0
L -1073.6111, 960.3300, -24.2494,  -1069.9689, 931.8758, -22.5355,  150, 100, 0
L -1069.9689, 931.8758, -22.5355,  -1053.4508, 907.9518, -20.6521,  150, 100, 0
L -1053.4508, 907.9518, -20.6521,  -1029.2886, 901.4332, -19.1285,  150, 100, 0
L -1029.2886, 901.4332, -19.1285,  -1009.8047, 899.6653, -18.6874,  150, 100, 0
L -1009.8047, 899.6653, -18.6874,  -958.5148, 897.6321, -18.2286,  150, 100, 0
L -958.5148, 897.6321, -18.2286,  -917.7933, 895.4960, -17.6116,  150, 100, 0
L -917.7933, 895.4960, -17.6116,  -878.4402, 905.6702, -19.5355,  150, 100, 0
L -878.4402, 905.6702, -19.5355,  -859.2889, 895.7693, -20.4562,  150, 100, 0
L -859.2889, 895.7693, -20.4562,  -843.3809, 879.9021, -14.8914,  150, 100, 0
L -843.3809, 879.9021, -14.8914,  -825.7549, 889.6498, -9.9666,  150, 100, 0
L -825.7549, 889.6498, -9.9666,  -826.8827, 908.9596, -14.5100,  150, 100, 0
L -826.8827, 908.9596, -14.5100,  -818.4337, 925.4101, -13.2009,  150, 100, 0
L -818.4337, 925.4101, -13.2009,  -807.4142, 944.4809, -16.3503,  150, 100, 0
L -807.4142, 944.4809, -16.3503,  -795.8260, 964.9343, -15.7521,  150, 100, 0
L -795.8260, 964.9343, -15.7521,  -776.7344, 988.9008, -15.9773,  150, 100, 0
L -776.7344, 988.9008, -15.9773,  -761.1858, 989.3365, -16.8994,  150, 100, 0
L -761.1858, 989.3365, -16.8994,  -749.3752, 988.1486, -18.1411,  150, 100, 0
L -749.3752, 988.1486, -18.1411,  -719.2790, 969.8830, -16.4364,  150, 100, 0
L -719.2790, 969.8830, -16.4364,  -722.2617, 958.5461, -16.7010,  150, 100, 0
L -722.2617, 958.5461, -16.7010,  -732.2399, 937.5276, -16.9420,  150, 100, 0
L -732.2399, 937.5276, -16.9420,  -745.6883, 896.9102, -19.4723,  150, 100, 0
L -745.6883, 896.9102, -19.4723,  -746.4260, 869.2540, -17.9210,  150, 100, 0
L -746.4260, 869.2540, -17.9210,  -732.2319, 852.2281, -20.1222,  150, 100, 0
L -732.2319, 852.2281, -20.1222,  -716.4670, 839.5589, -23.3994,  150, 100, 0
L -716.4670, 839.5589, -23.3994,  -695.9759, 830.6085, -23.4989,  150, 100, 0
L -695.9759, 830.6085, -23.4989,  -670.5312, 813.4410, -23.4989,  150, 100, 0
L -670.5312, 813.4410, -23.4989,  -642.5356, 802.7609, -23.4989,  150, 100, 0
L -642.5356, 802.7609, -23.4989,  -635.6761, 781.9269, -23.4989,  150, 100, 0
L -635.6761, 781.9269, -23.4989,  -629.3885, 753.9659, -21.4863,  150, 100, 0
L -629.3885, 753.9659, -21.4863,  -629.9560, 715.3589, -22.3155,  150, 100, 0
L -629.9560, 715.3589, -22.3155,  -631.4379, 686.4480, -19.7835,  150, 100, 0
L -631.4379, 686.4480, -19.7835,  -626.3010, 656.5311, -19.9770,  150, 100, 0
L -626.3010, 656.5311, -19.9770,  -605.1321, 632.5956, -21.7310,  150, 100, 0
L -605.1321, 632.5956, -21.7310,  -575.4518, 615.1246, -21.8350,  150, 100, 0
L -575.4518, 615.1246, -21.8350,  -549.9805, 579.3745, -19.8790,  150, 100, 0
L -549.9805, 579.3745, -19.8790,  -526.5461, 550.4076, -19.6478,  150, 100, 0
L -526.5461, 550.4076, -19.6478,  -493.5083, 521.8763, -21.3457,  150, 100, 0
L -493.5083, 521.8763, -21.3457,  -461.1567, 518.1379, -20.2749,  150, 100, 0
L -461.1567, 518.1379, -20.2749,  -447.1591, 544.5493, -21.9727,  150, 100, 0
L -447.1591, 544.5493, -21.9727,  -425.9024, 546.6426, -18.5202,  150, 100, 0
L -425.9024, 546.6426, -18.5202,  -401.7970, 548.2720, -16.9206,  150, 100, 0
L -401.7970, 548.2720, -16.9206,  -387.9182, 534.3007, -19.5295,  150, 100, 0
L -387.9182, 534.3007, -19.5295,  -383.2995, 500.1001, -18.1340,  150, 100, 0
L -383.2995, 500.1001, -18.1340,  -373.5960, 487.5305, -14.3716,  150, 100, 0
L -373.5960, 487.5305, -14.3716,  -354.6897, 485.2307, -13.4572,  150, 100, 0
L -354.6897, 485.2307, -13.4572,  -336.7600, 490.9871, -15.1272,  150, 100, 0
L -336.7600, 490.9871, -15.1272,  -312.5000, 490.9879, -14.5061,  150, 100, 0
L -312.5000, 490.9879, -14.5061,  -273.5368, 492.4051, -18.4399,  150, 100, 0
L -273.5368, 492.4051, -18.4399,  -239.7424, 489.4388, -17.4311,  150, 100, 0
L -239.7424, 489.4388, -17.4311,  -199.1357, 476.7054, -18.1749,  150, 100, 0
L -199.1357, 476.7054, -18.1749,  -174.8901, 464.6080, -18.6527,  150, 100, 0
L -174.8901, 464.6080, -18.6527,  -158.9105, 444.4991, -19.5592,  150, 100, 0
L -158.9105, 444.4991, -19.5592,  -157.7831, 426.1068, -20.1788,  150, 100, 0
L -157.7831, 426.1068, -20.1788,  -157.6605, 402.5441, -21.1239,  150, 100, 0
L -157.6605, 402.5441, -21.1239,  -157.3608, 370.7183, -21.4307,  150, 100, 0
L -157.3608, 370.7183, -21.4307,  -159.2358, 351.3500, -19.1070,  150, 100, 0
L -159.2358, 351.3500, -19.1070,  -170.8574, 334.6170, -17.9831,  150, 100, 0
L -170.8574, 334.6170, -17.9831,  -183.8796, 317.4850, -19.7730,  150, 100, 0
L -183.8796, 317.4850, -19.7730,  -220.7267, 299.5160, -21.2354,  150, 100, 0
L -220.7267, 299.5160, -21.2354,  -263.6474, 280.6419, -23.1572,  150, 100, 0
L -263.6474, 280.6419, -23.1572,  -306.2760, 267.4370, -21.2444,  150, 100, 0
L -306.2760, 267.4370, -21.2444,  -350.1879, 250.4736, -19.7975,  150, 100, 0
L -350.1879, 250.4736, -19.7975,  -379.5640, 228.5723, -19.8952,  150, 100, 0
L -379.5640, 228.5723, -19.8952,  -378.6252, 215.8940, -18.5582,  150, 100, 0
L -378.6252, 215.8940, -18.5582,  -353.1009, 169.9164, -18.8290,  150, 100, 0
L -353.1009, 169.9164, -18.8290,  -335.7737, 137.6295, -19.4942,  150, 100, 0
L -335.7737, 137.6295, -19.4942,  -316.8813, 94.7220, -21.1768,  150, 100, 0
L -316.8813, 94.7220, -21.1768,  -286.3509, 56.3211, -22.3058,  150, 100, 0
L -286.3509, 56.3211, -22.3058,  -275.9993, 36.4804, -21.4869,  150, 100, 0
L -275.9993, 36.4804, -21.4869,  -260.3258, -2.6040, -20.7390,  150, 100, 0
L -260.3258, -2.6040, -20.7390,  -252.8204, -35.9600, -18.7013,  150, 100, 0
L -252.8204, -35.9600, -18.7013,  -235.5019, -72.2329, -18.3905,  150, 100, 0
L -235.5019, -72.2329, -18.3905,  -222.2764, -106.9128, -18.1353,  150, 100, 0
L -222.2764, -106.9128, -18.1353,  -220.6065, -140.7872, -18.6917,  150, 100, 0
L -220.6065, -140.7872, -18.6917,  -240.8026, -169.5467, -19.7056,  150, 100, 0
L -240.8026, -169.5467, -19.7056,  -249.8031, -204.2984, -18.3173,  150, 100, 0
L -249.8031, -204.2984, -18.3173,  -233.5312, -254.7320, -17.6838,  150, 100, 0
L -233.5312, -254.7320, -17.6838,  -211.4128, -297.7076, -20.5310,  150, 100, 0
L -211.4128, -297.7076, -20.5310,  -179.4672, -338.7530, -22.9508,  150, 100, 0
L -179.4672, -338.7530, -22.9508,  -158.2843, -338.2971, -21.1200,  150, 100, 0
L -158.2843, -338.2971, -21.1200,  -137.5388, -328.2158, -20.9606,  150, 100, 0
L -137.5388, -328.2158, -20.9606,  -95.4595, -312.5885, -20.7829,  150, 100, 0
L -95.4595, -312.5885, -20.7829,  -74.6220, -323.1105, -21.6326,  150, 100, 0
L -74.6220, -323.1105, -21.6326,  -75.6393, -348.6680, -20.2164,  150, 100, 0
L -75.6393, -348.6680, -20.2164,  -89.5280, -357.2316, -20.1280,  150, 100, 0
L -89.5280, -357.2316, -20.1280,  -103.9967, -375.5237, -20.3485,  150, 100, 0
L -103.9967, -375.5237, -20.3485,  -108.2344, -397.3781, -22.1305,  150, 100, 0
L -108.2344, -397.3781, -22.1305,  -108.6013, -439.4827, -21.5122,  150, 100, 0
L -108.6013, -439.4827, -21.5122,  -103.8447, -473.8100, -18.6798,  150, 100, 0
L -103.8447, -473.8100, -18.6798,  -105.3517, -496.9633, -16.8810,  150, 100, 0
L -105.3517, -496.9633, -16.8810,  -111.1644, -522.9832, -18.1704,  150, 100, 0
L -111.1644, -522.9832, -18.1704,  -139.3889, -523.5727, -15.2636,  150, 100, 0
L -139.3889, -523.5727, -15.2636,  -165.5381, -518.7498, -17.2295,  150, 100, 0
L -165.5381, -518.7498, -17.2295,  -183.8100, -499.9452, -17.7649,  150, 100, 0
L -183.8100, -499.9452, -17.7649,  -206.2690, -468.6225, -20.6250,  150, 100, 0
L -206.2690, -468.6225, -20.6250,  -232.6496, -426.9934, -18.6883,  150, 100, 0
L -232.6496, -426.9934, -18.6883,  -270.1331, -413.8224, -19.9354,  150, 100, 0
L -270.1331, -413.8224, -19.9354,  -303.1077, -431.2640, -17.6734,  150, 100, 0
L -303.1077, -431.2640, -17.6734,  -305.4352, -452.4599, -18.2378,  150, 100, 0
L -305.4352, -452.4599, -18.2378,  -276.2615, -483.4660, -23.4989,  150, 100, 0
L -276.2615, -483.4660, -23.4989,  -267.2511, -515.1797, -23.4989,  150, 100, 0
L -267.2511, -515.1797, -23.4989,  -246.2001, -555.9546, -22.9820,  150, 100, 0
L -246.2001, -555.9546, -22.9820,  -253.6220, -577.8220, -19.5921,  150, 100, 0
L -253.6220, -577.8220, -19.5921,  -278.6551, -582.9185, -17.4576,  150, 100, 0
L -278.6551, -582.9185, -17.4576,  -323.5724, -559.3646, -21.3339,  150, 100, 0
L -323.5724, -559.3646, -21.3339,  -394.2912, -558.5611, -19.9509,  150, 100, 0
L -394.2912, -558.5611, -19.9509,  -437.4166, -583.1996, -17.5568,  150, 100, 0
L -437.4166, -583.1996, -17.5568,  -465.3446, -594.2833, -19.7799,  150, 100, 0
L -465.3446, -594.2833, -19.7799,  -504.5711, -597.6395, -18.1905,  150, 100, 0
L -504.5711, -597.6395, -18.1905,  -529.6793, -601.3437, -15.6727,  150, 100, 0
L -529.6793, -601.3437, -15.6727,  -547.5890, -634.7056, -18.4466,  150, 100, 0
L -547.5890, -634.7056, -18.4466,  -545.1775, -675.6403, -21.3911,  150, 100, 0
L -545.1775, -675.6403, -21.3911,  -533.8415, -694.1328, -19.9381,  150, 100, 0
L -533.8415, -694.1328, -19.9381,  -503.4990, -701.4659, -23.7290,  150, 100, 0
L -503.4990, -701.4659, -23.7290,  -479.6374, -721.2714, -23.4989,  150, 100, 0
L -479.6374, -721.2714, -23.4989,  -474.4913, -748.4512, -23.4989,  150, 100, 0
L -474.4913, -748.4512, -23.4989,  -493.1066, -753.8763, -22.6676,  150, 100, 0
L -493.1066, -753.8763, -22.6676,  -525.1912, -747.7422, -19.6177,  150, 100, 0
L -525.1912, -747.7422, -19.6177,  -555.7983, -754.2576, -22.6666,  150, 100, 0
L -555.7983, -754.2576, -22.6666,  -586.1783, -764.8171, -22.3690,  150, 100, 0
L -586.1783, -764.8171, -22.3690,  -599.9376, -794.2826, -22.3731,  150, 100, 0
L -599.9376, -794.2826, -22.3731,  -629.9319, -832.8030, -18.7918,  150, 100, 0
L -629.9319, -832.8030, -18.7918,  -657.9871, -833.1899, -19.8035,  150, 100, 0
L -657.9871, -833.1899, -19.8035,  -682.1073, -802.4361, -23.2476,  150, 100, 0
L -682.1073, -802.4361, -23.2476,  -699.7128, -780.5353, -18.8749,  150, 100, 0
L -699.7128, -780.5353, -18.8749,  -687.4266, -758.6970, -20.5281,  150, 100, 0
L -687.4266, -758.6970, -20.5281,  -681.9048, -729.3840, -19.2140,  150, 100, 0
L -681.9048, -729.3840, -19.2140,  -683.7504, -705.4231, -17.6971,  150, 100, 0
L -683.7504, -705.4231, -17.6971,  -675.8582, -671.6096, -18.8156,  150, 100, 0
L -675.8582, -671.6096, -18.8156,  -670.1284, -659.1237, -19.8985,  150, 100, 0
L -670.1284, -659.1237, -19.8985,  -658.6240, -639.8492, -16.2880,  150, 100, 0
L -658.6240, -639.8492, -16.2880,  -643.9575, -588.3893, -23.4989,  150, 100, 0
L -643.9575, -588.3893, -23.4989,  -645.1009, -554.9673, -20.5351,  150, 100, 0
L -645.1009, -554.9673, -20.5351,  -659.7513, -544.3929, -19.2558,  150, 100, 0
L -659.7513, -544.3929, -19.2558,  -677.9755, -528.8179, -18.2606,  150, 100, 0
L -677.9755, -528.8179, -18.2606,  -697.7495, -516.2776, -18.6770,  150, 100, 0
L -697.7495, -516.2776, -18.6770,  -725.6417, -490.8374, -17.4390,  150, 100, 0
L -725.6417, -490.8374, -17.4390,  -762.4936, -445.5715, -17.2512,  150, 100, 0
L -762.4936, -445.5715, -17.2512,  -803.4457, -427.2119, -17.4594,  150, 100, 0
L -803.4457, -427.2119, -17.4594,  -841.6966, -410.8138, -16.6204,  150, 100, 0
L -841.6966, -410.8138, -16.6204,  -864.8971, -404.6630, -15.6080,  150, 100, 0
L -864.8971, -404.6630, -15.6080,  -915.1876, -397.3229, -17.7245,  150, 100, 0
L -915.1876, -397.3229, -17.7245,  -930.4520, -385.9960, -17.3300,  150, 100, 0
L -930.4520, -385.9960, -17.3300,  -967.2966, -367.7579, -18.7971,  150, 100, 0
L -967.2966, -367.7579, -18.7971,  -997.6262, -396.5153, -22.6649,  150, 100, 0
L -997.6262, -396.5153, -22.6649,  -1021.2333, -412.4649, -21.7168,  150, 100, 0
L -1021.2333, -412.4649, -21.7168,  -1042.1676, -413.4700, -21.6950,  150, 100, 0
L -1042.1676, -413.4700, -21.6950,  -1060.6779, -438.3231, -21.4631,  150, 100, 0
L -1060.6779, -438.3231, -21.4631,  -1069.8169, -474.1501, -23.4989,  150, 100, 0
L -1069.8169, -474.1501, -23.4989,  -1084.8152, -494.7989, -19.4637,  150, 100, 0
L -1084.8152, -494.7989, -19.4637,  -1094.7930, -513.6600, -14.2211,  150, 100, 0
L -1094.7930, -513.6600, -14.2211,  -1100.2477, -533.6788, -18.5374,  150, 100, 0
L -1100.2477, -533.6788, -18.5374,  -1138.9745, -561.2032, -19.5980,  150, 100, 0
L -1138.9745, -561.2032, -19.5980,  -1173.6576, -563.5904, -17.2746,  150, 100, 0
L -1173.6576, -563.5904, -17.2746,  -1216.7527, -570.3799, -20.6819,  150, 100, 0
L -1216.7527, -570.3799, -20.6819,  -1236.5116, -556.9106, -18.6250,  150, 100, 0
L -1236.5116, -556.9106, -18.6250,  -1257.5148, -547.5339, -19.3228,  150, 100, 0
L -1257.5148, -547.5339, -19.3228,  -1266.8042, -526.7048, -19.6042,  150, 100, 0
L -1266.8042, -526.7048, -19.6042,  -1268.4874, -503.4254, -18.3746,  150, 100, 0
L -1268.4874, -503.4254, -18.3746,  -1272.7615, -464.2490, -14.3690,  150, 100, 0
L -1272.7615, -464.2490, -14.3690,  -1268.8395, -436.5842, -14.9304,  150, 100, 0
L -1268.8395, -436.5842, -14.9304,  -1261.8687, -378.1684, -17.8720,  150, 100, 0
L -1261.8687, -378.1684, -17.8720,  -1254.1301, -357.1888, -16.6980,  150, 100, 0
L -1254.1301, -357.1888, -16.6980,  -1246.1989, -327.3813, -15.3826,  150, 100, 0
L -1246.1989, -327.3813, -15.3826,  -1229.5950, -284.8670, -15.3800,  150, 100, 0
L -1229.5950, -284.8670, -15.3800,  -1206.5208, -242.8389, -16.5113,  150, 100, 0
L -1206.5208, -242.8389, -16.5113,  -1192.2262, -224.5791, -18.2133,  150, 100, 0
L -1192.2262, -224.5791, -18.2133,  -1169.7659, -203.5354, -17.7488,  150, 100, 0
L -1169.7659, -203.5354, -17.7488,  -1154.8524, -158.6170, -17.2413,  150, 100, 0
L -1154.8524, -158.6170, -17.2413,  -1174.5604, -129.6540, -15.9015,  150, 100, 0
L -1174.5604, -129.6540, -15.9015,  -1209.6371, -93.4016, -17.7315,  150, 100, 0
L -1209.6371, -93.4016, -17.7315,  -1237.8107, -56.1216, -17.3558,  150, 100, 0
L -1237.8107, -56.1216, -17.3558,  -1263.1261, -21.5218, -17.3365,  150, 100, 0
L -1263.1261, -21.5218, -17.3365,  -1281.5884, 16.8669, -15.2551,  150, 100, 0
L -1281.5884, 16.8669, -15.2551,  -1324.7675, 45.9550, -20.4728,  150, 100, 0
L -1324.7675, 45.9550, -20.4728,  -1370.8270, 49.6460, -23.4989,  150, 100, 0
L -1370.8270, 49.6460, -23.4989,  -1406.4579, 42.4012, -21.4040,  150, 100, 0
L -1406.4579, 42.4012, -21.4040,  -1412.9462, 35.8828, -19.9534,  150, 100, 0
L -1412.9462, 35.8828, -19.9534,  -1417.5448, 8.6750, -14.6179,  150, 100, 0
L -1417.5448, 8.6750, -14.6179,  -1399.1901, 2.5160, -18.6530,  150, 100, 0
L -1399.1901, 2.5160, -18.6530,  -1379.9723, -11.1591, -19.8161,  150, 100, 0
L -1379.9723, -11.1591, -19.8161,  -1356.1239, -55.2473, -20.1402,  150, 100, 0
L -1356.1239, -55.2473, -20.1402,  -1326.8357, -96.1769, -22.6550,  150, 100, 0
L -1326.8357, -96.1769, -22.6550,  -1301.3523, -142.7691, -20.8020,  150, 100, 0
L -1301.3523, -142.7691, -20.8020,  -1289.1978, -177.5698, -20.3288,  150, 100, 0
L -1289.1978, -177.5698, -20.3288,  -1308.7390, -200.3636, -21.4328,  150, 100, 0
L -1308.7390, -200.3636, -21.4328,  -1339.3799, -211.4958, -19.1265,  150, 100, 0
L -1339.3799, -211.4958, -19.1265,  -1371.2063, -184.6981, -20.8889,  150, 100, 0
L -1371.2063, -184.6981, -20.8889,  -1399.8059, -143.3619, -19.3480,  150, 100, 0
L -1399.8059, -143.3619, -19.3480,  -1417.3513, -97.2912, -17.2681,  150, 100, 0
L -1417.3513, -97.2912, -17.2681,  -1440.4927, -58.6850, -15.9831,  150, 100, 0
L -1440.4927, -58.6850, -15.9831,  -1478.1488, -73.9855, -20.1093,  150, 100, 0
L -1478.1488, -73.9855, -20.1093,  -1484.6016, -112.7209, -20.4110,  150, 100, 0
L -1484.6016, -112.7209, -20.4110,  -1496.4452, -162.5465, -20.2600,  150, 100, 0
L -1496.4452, -162.5465, -20.2600,  -1506.8999, -215.2110, -19.1247,  150, 100, 0
L -1506.8999, -215.2110, -19.1247,  -1510.1671, -259.7352, -17.5731,  150, 100, 0
L -1510.1671, -259.7352, -17.5731,  -1502.2998, -306.8883, -17.6931,  150, 100, 0
L -1502.2998, -306.8883, -17.6931,  -1487.7129, -330.3564, -16.7350,  150, 100, 0
L -1487.7129, -330.3564, -16.7350,  -1467.5879, -357.7753, -19.1798,  150, 100, 0
L -1467.5879, -357.7753, -19.1798,  -1451.8279, -413.6994, -20.4741,  150, 100, 0
L -1451.8279, -413.6994, -20.4741,  -1438.7177, -454.7223, -19.7041,  150, 100, 0
L -1438.7177, -454.7223, -19.7041,  -1432.8274, -497.9042, -20.4398,  150, 100, 0
L -1432.8274, -497.9042, -20.4398,  -1437.6537, -576.4040, -19.3402,  150, 100, 0
L -1437.6537, -576.4040, -19.3402,  -1430.8035, -632.1756, -20.6008,  150, 100, 0
L -1430.8035, -632.1756, -20.6008,  -1397.1116, -643.9489, -23.6600,  150, 100, 0
L -1397.1116, -643.9489, -23.6600,  -1377.9763, -628.4352, -23.2190,  150, 100, 0
L -1377.9763, -628.4352, -23.2190,  -1375.4839, -579.2537, -19.5320,  150, 100, 0
L -1375.4839, -579.2537, -19.5320,  -1353.8842, -556.8665, -19.3510,  150, 100, 0
L -1353.8842, -556.8665, -19.3510,  -1331.9159, -552.2504, -21.2990,  150, 100, 0
L -1331.9159, -552.2504, -21.2990,  -1296.5707, -584.7867, -23.4989,  150, 100, 0
L -1296.5707, -584.7867, -23.4989,  -1267.7935, -626.4292, -17.9525,  150, 100, 0
L -1267.7935, -626.4292, -17.9525,  -1248.6666, -636.2164, -16.6081,  150, 100, 0
L -1248.6666, -636.2164, -16.6081,  -1215.9937, -650.4255, -17.1720,  150, 100, 0
L -1215.9937, -650.4255, -17.1720,  -1269.8462, -711.7667, -17.9610,  150, 100, 0
L -1269.8462, -711.7667, -17.9610,  -1292.9517, -726.8962, -16.5174,  150, 100, 0
L -1292.9517, -726.8962, -16.5174,  -1330.4380, -739.4442, -16.4260,  150, 100, 0
L -1330.4380, -739.4442, -16.4260,  -1410.1179, -762.9705, -22.2963,  150, 100, 0
L -1410.1179, -762.9705, -22.2963,  -1442.9701, -777.6049, -14.5251,  150, 100, 0
L -1442.9701, -777.6049, -14.5251,  -1436.7365, -799.6888, -14.7042,  150, 100, 0
L -1436.7365, -799.6888, -14.7042,  -1381.5833, -880.2274, -20.2911,  150, 100, 0
L -1381.5833, -880.2274, -20.2911,  -1361.8938, -921.6349, -18.1910,  150, 100, 0
L -1361.8938, -921.6349, -18.1910,  -1321.7343, -971.1059, -17.1746,  150, 100, 0
L -1321.7343, -971.1059, -17.1746,  -1280.3198, -995.2413, -19.5097,  150, 100, 0
L -1280.3198, -995.2413, -19.5097,  -1236.9265, -1033.7952, -18.6026,  150, 100, 0
L -1236.9265, -1033.7952, -18.6026,  -1146.4370, -1094.6703, -20.6284,  150, 100, 0
L -1146.4370, -1094.6703, -20.6284,  -1115.2632, -1109.7410, -21.7425,  150, 100, 0
L -1115.2632, -1109.7410, -21.7425,  -1060.8119, -1146.1438, -20.1979,  150, 100, 0
L -1060.8119, -1146.1438, -20.1979,  -991.8968, -1149.3495, -21.5828,  150, 100, 0
L -991.8968, -1149.3495, -21.5828,  -965.2003, -1143.8920, -15.9116,  150, 100, 0
L -965.2003, -1143.8920, -15.9116,  -959.1899, -1109.8646, -17.1485,  150, 100, 0
L -959.1899, -1109.8646, -17.1485,  -962.7992, -1071.3959, -17.3000,  150, 100, 0
L -962.7992, -1071.3959, -17.3000,  -957.2780, -1030.1852, -22.5670,  150, 100, 0
L -957.2780, -1030.1852, -22.5670,  -931.3480, -1009.9249, -21.1175,  150, 100, 0
L -931.3480, -1009.9249, -21.1175,  -923.1644, -1023.1720, -23.3745,  150, 100, 0
L -923.1644, -1023.1720, -23.3745,  -898.5673, -1062.7095, -23.4530,  150, 100, 0
L -898.5673, -1062.7095, -23.4530,  -891.2350, -1104.3119, -23.4989,  150, 100, 0
L -891.2350, -1104.3119, -23.4989,  -896.4935, -1142.2726, -23.4989,  150, 100, 0
L -896.4935, -1142.2726, -23.4989,  -926.1053, -1164.2572, -22.5420,  150, 100, 0
L -926.1053, -1164.2572, -22.5420,  -935.6740, -1180.9430, -19.9396,  150, 100, 0
L -935.6740, -1180.9430, -19.9396,  -917.8351, -1189.5291, -23.3536,  150, 100, 0
L -917.8351, -1189.5291, -23.3536,  -878.6725, -1189.9025, -22.8552,  150, 100, 0
L -878.6725, -1189.9025, -22.8552,  -852.5846, -1166.5886, -20.6576,  150, 100, 0
L -852.5846, -1166.5886, -20.6576,  -835.5585, -1137.1945, -20.7584,  150, 100, 0
L -835.5585, -1137.1945, -20.7584,  -808.6009, -1100.7589, -21.6504,  150, 100, 0
L -808.6009, -1100.7589, -21.6504,  -785.4528, -1064.5321, -23.4989,  150, 100, 0
L -785.4528, -1064.5321, -23.4989,  -758.9774, -1038.6638, -23.1284,  150, 100, 0
L -758.9774, -1038.6638, -23.1284,  -752.9861, -1005.1268, -23.4989,  150, 100, 0
L -752.9861, -1005.1268, -23.4989,  -738.1924, -996.4559, -23.2832,  150, 100, 0
L -738.1924, -996.4559, -23.2832,  -724.1938, -990.8523, -22.1232,  150, 100, 0
L -724.1938, -990.8523, -22.1232,  -705.8306, -975.6805, -21.8153,  150, 100, 0
L -705.8306, -975.6805, -21.8153,  -691.1556, -967.6910, -22.5845,  150, 100, 0
L -691.1556, -967.6910, -22.5845,  -669.5450, -977.7270, -22.6331,  150, 100, 0
L -669.5450, -977.7270, -22.6331,  -656.4443, -1008.1417, -23.4989,  150, 100, 0
L -656.4443, -1008.1417, -23.4989,  -656.4561, -1033.8623, -23.4989,  150, 100, 0
L -656.4561, -1033.8623, -23.4989,  -666.2862, -1052.1317, -22.1150,  150, 100, 0
L -666.2862, -1052.1317, -22.1150,  -680.4269, -1070.2273, -18.6200,  150, 100, 0
L -680.4269, -1070.2273, -18.6200,  -685.8279, -1091.8668, -20.4112,  150, 100, 0
L -685.8279, -1091.8668, -20.4112,  -689.9672, -1117.2195, -19.6431,  150, 100, 0
L -689.9672, -1117.2195, -19.6431,  -708.5905, -1137.9882, -17.6158,  150, 100, 0
L -708.5905, -1137.9882, -17.6158,  -733.5602, -1161.8801, -17.4557,  150, 100, 0
L -733.5602, -1161.8801, -17.4557,  -751.3835, -1197.6121, -20.9167,  150, 100, 0
L -751.3835, -1197.6121, -20.9167,  -748.5759, -1220.5280, -23.3701,  150, 100, 0
L -748.5759, -1220.5280, -23.3701,  -729.7945, -1225.5326, -21.9044,  150, 100, 0
L -729.7945, -1225.5326, -21.9044,  -703.9874, -1197.6718, -23.4584,  150, 100, 0
L -703.9874, -1197.6718, -23.4584,  -688.2643, -1172.7035, -23.4989,  150, 100, 0
L -688.2643, -1172.7035, -23.4989,  -666.3297, -1150.2090, -22.1970,  150, 100, 0
L -666.3297, -1150.2090, -22.1970,  -641.2858, -1133.6454, -23.4989,  150, 100, 0
L -641.2858, -1133.6454, -23.4989,  -619.4690, -1121.1923, -20.9296,  150, 100, 0
L -619.4690, -1121.1923, -20.9296,  -599.3578, -1141.4652, -23.3990,  150, 100, 0
L -599.3578, -1141.4652, -23.3990,  -600.3727, -1173.4269, -21.5440,  150, 100, 0
L -600.3727, -1173.4269, -21.5440,  -578.4745, -1215.1177, -23.4989,  150, 100, 0
L -578.4745, -1215.1177, -23.4989,  -556.7190, -1219.1926, -23.4989,  150, 100, 0
L -556.7190, -1219.1926, -23.4989,  -480.3510, -1214.3700, -23.4989,  150, 100, 0
L -480.3510, -1214.3700, -23.4989,  -437.9888, -1210.3530, -22.2533,  150, 100, 0
L -437.9888, -1210.3530, -22.2533,  -415.3245, -1209.4718, -21.8258,  150, 100, 0
L -415.3245, -1209.4718, -21.8258,  -372.1503, -1204.3097, -22.3823,  150, 100, 0
L -372.1503, -1204.3097, -22.3823,  -331.2260, -1202.1071, -22.7428,  150, 100, 0
L -331.2260, -1202.1071, -22.7428,  -267.3322, -1199.5730, -21.9936,  150, 100, 0
L -267.3322, -1199.5730, -21.9936,  -229.9596, -1195.7990, -23.4989,  150, 100, 0
L -229.9596, -1195.7990, -23.4989,  -196.4250, -1186.1250, -23.4989,  150, 100, 0
L -196.4250, -1186.1250, -23.4989,  -158.2549, -1191.3093, -23.4989,  150, 100, 0
L -158.2549, -1191.3093, -23.4989,  -132.7065, -1208.2218, -22.5233,  150, 100, 0
L -132.7065, -1208.2218, -22.5233,  -85.8506, -1213.1034, -20.3501,  150, 100, 0
L -85.8506, -1213.1034, -20.3501,  -19.3245, -1203.4557, -21.7550,  150, 100, 0
L -19.3245, -1203.4557, -21.7550,  19.1707, -1200.7831, -20.5710,  150, 100, 0
L 19.1707, -1200.7831, -20.5710,  49.1965, -1199.9041, -18.7904,  150, 100, 0
L 49.1965, -1199.9041, -18.7904,  76.4479, -1200.8192, -18.3836,  150, 100, 0
L 76.4479, -1200.8192, -18.3836,  124.7937, -1202.4435, -20.2668,  150, 100, 0
L 124.7937, -1202.4435, -20.2668,  159.2843, -1200.8058, -20.7713,  150, 100, 0
L 159.2843, -1200.8058, -20.7713,  168.3440, -1181.4519, -14.8871,  150, 100, 0
L 168.3440, -1181.4519, -14.8871,  142.1599, -1162.7238, -16.8020,  150, 100, 0
L 142.1599, -1162.7238, -16.8020,  114.6248, -1161.1926, -16.4530,  150, 100, 0
L 114.6248, -1161.1926, -16.4530,  78.1210, -1165.3899, -14.6760,  150, 100, 0
L 78.1210, -1165.3899, -14.6760,  46.3967, -1157.1449, -16.7621,  150, 100, 0
L 46.3967, -1157.1449, -16.7621,  28.1403, -1145.7100, -19.6280,  150, 100, 0
L 28.1403, -1145.7100, -19.6280,  5.2869, -1159.9048, -16.4364,  150, 100, 0
L 5.2869, -1159.9048, -16.4364,  -38.7481, -1161.6697, -21.2680,  150, 100, 0
L -38.7481, -1161.6697, -21.2680,  -45.1565, -1144.4209, -22.6367,  150, 100, 0
L -45.1565, -1144.4209, -22.6367,  -50.3918, -1127.6840, -23.1951,  150, 100, 0
L -50.3918, -1127.6840, -23.1951,  -44.5213, -1098.3529, -23.8010,  150, 100, 0
L -44.5213, -1098.3529, -23.8010,  -15.6715, -1108.8903, -22.8404,  150, 100, 0
L -15.6715, -1108.8903, -22.8404,  16.2626, -1106.8423, -23.4989,  150, 100, 0
L 16.2626, -1106.8423, -23.4989,  58.7254, -1114.6050, -23.4989,  150, 100, 0
L 58.7254, -1114.6050, -23.4989,  99.8365, -1125.6973, -22.8069,  150, 100, 0
L 99.8365, -1125.6973, -22.8069,  119.9895, -1079.8765, -16.4036,  150, 100, 0
L 119.9895, -1079.8765, -16.4036,  112.9101, -1074.4987, -17.1192,  150, 100, 0
L 112.9101, -1074.4987, -17.1192,  95.2330, -1048.4391, -20.5146,  150, 100, 0
L 95.2330, -1048.4391, -20.5146,  92.4579, -1016.1201, -18.6345,  150, 100, 0
L 92.4579, -1016.1201, -18.6345,  54.7462, -979.1800, -19.7757,  150, 100, 0
L 54.7462, -979.1800, -19.7757,  31.8840, -945.9261, -21.1241,  150, 100, 0
L 31.8840, -945.9261, -21.1241,  22.6210, -923.5143, -18.8827,  150, 100, 0
L 22.6210, -923.5143, -18.8827,  51.8194, -904.1884, -21.4338,  150, 100, 0
L 51.8194, -904.1884, -21.4338,  91.5371, -908.4510, -23.4989,  150, 100, 0
L 91.5371, -908.4510, -23.4989,  135.5058, -917.9618, -23.4989,  150, 100, 0
L 135.5058, -917.9618, -23.4989,  171.6012, -907.5943, -19.2976,  150, 100, 0
L 171.6012, -907.5943, -19.2976,  182.7326, -883.8336, -16.4364,  150, 100, 0
L 182.7326, -883.8336, -16.4364,  184.3660, -843.2599, -20.8700,  150, 100, 0
L 184.3660, -843.2599, -20.8700,  186.5039, -812.1917, -20.3852,  150, 100, 0
L 186.5039, -812.1917, -20.3852,  196.3942, -788.3961, -21.1674,  150, 100, 0
L 196.3942, -788.3961, -21.1674,  213.8731, -779.8240, -23.4989,  150, 100, 0
L 213.8731, -779.8240, -23.4989,  232.6802, -791.1932, -23.4989,  150, 100, 0
L 232.6802, -791.1932, -23.4989,  244.4062, -821.7906, -19.4426,  150, 100, 0
L 244.4062, -821.7906, -19.4426,  266.8256, -837.7380, -22.8682,  150, 100, 0
L 266.8256, -837.7380, -22.8682,  263.7214, -865.6554, -23.4989,  150, 100, 0
L 263.7214, -865.6554, -23.4989,  245.8473, -901.9827, -19.6835,  150, 100, 0
L 245.8473, -901.9827, -19.6835,  266.9454, -925.6642, -18.7802,  150, 100, 0
L 266.9454, -925.6642, -18.7802,  279.6272, -946.9670, -18.6098,  150, 100, 0
L 279.6272, -946.9670, -18.6098,  302.4037, -969.7700, -20.4007,  150, 100, 0
L 302.4037, -969.7700, -20.4007,  315.3111, -981.4673, -21.9518,  150, 100, 0
L 315.3111, -981.4673, -21.9518,  346.5439, -1017.6349, -23.4989,  150, 100, 0
L 346.5439, -1017.6349, -23.4989,  355.7801, -1047.4904, -21.2307,  150, 100, 0
L 355.7801, -1047.4904, -21.2307,  360.3168, -1063.2479, -17.9488,  150, 100, 0
L 360.3168, -1063.2479, -17.9488,  376.8149, -1056.7417, -16.8979,  150, 100, 0
L 376.8149, -1056.7417, -16.8979,  385.5792, -1032.8125, -18.8878,  150, 100, 0
L 385.5792, -1032.8125, -18.8878,  407.9945, -997.9011, -20.6664,  150, 100, 0
L 407.9945, -997.9011, -20.6664,  412.7235, -982.7205, -20.8470,  150, 100, 0
L 412.7235, -982.7205, -20.8470,  398.1037, -954.1086, -23.4989,  150, 100, 0
L 398.1037, -954.1086, -23.4989,  390.2140, -917.1974, -23.4989,  150, 100, 0
L 390.2140, -917.1974, -23.4989,  422.8618, -895.4908, -23.4989,  150, 100, 0
L 422.8618, -895.4908, -23.4989,  450.7531, -894.5750, -20.9575,  150, 100, 0
L 450.7531, -894.5750, -20.9575,  468.8772, -882.4853, -21.5819,  150, 100, 0
L 468.8772, -882.4853, -21.5819,  483.9597, -900.9568, -19.2237,  150, 100, 0
L 483.9597, -900.9568, -19.2237,  491.6284, -932.5825, -20.3593,  150, 100, 0
L 491.6284, -932.5825, -20.3593,  472.5588, -958.3442, -17.2250,  150, 100, 0
L 472.5588, -958.3442, -17.2250,  469.3570, -979.7599, -18.3754,  150, 100, 0
L 469.3570, -979.7599, -18.3754,  456.8691, -1009.1516, -17.5795,  150, 100, 0
L 456.8691, -1009.1516, -17.5795,  424.7692, -1060.2664, -19.7723,  150, 100, 0
L 424.7692, -1060.2664, -19.7723,  409.9966, -1094.4386, -18.2575,  150, 100, 0
L 409.9966, -1094.4386, -18.2575,  419.5210, -1119.5106, -18.5263,  150, 100, 0
L 419.5210, -1119.5106, -18.5263,  420.3962, -1141.7505, -21.1622,  150, 100, 0
L 420.3962, -1141.7505, -21.1622,  431.5000, -1158.6299, -22.9390,  150, 100, 0
L 431.5000, -1158.6299, -22.9390,  451.2026, -1171.1749, -22.1895,  150, 100, 0
L 451.2026, -1171.1749, -22.1895,  469.1779, -1180.7108, -20.7731,  150, 100, 0
L 469.1779, -1180.7108, -20.7731,  506.8319, -1189.1449, -20.5120,  150, 100, 0
L 506.8319, -1189.1449, -20.5120,  529.9988, -1204.4270, -17.8761,  150, 100, 0
L 529.9988, -1204.4270, -17.8761,  556.3798, -1207.4666, -18.4484,  150, 100, 0
L 556.3798, -1207.4666, -18.4484,  579.1929, -1210.7987, -19.5781,  150, 100, 0
L 579.1929, -1210.7987, -19.5781,  606.7559, -1220.6521, -19.2164,  150, 100, 0
L 606.7559, -1220.6521, -19.2164,  647.2157, -1238.2384, -19.6971,  150, 100, 0
L 647.2157, -1238.2384, -19.6971,  682.8795, -1262.2792, -20.5855,  150, 100, 0
L 682.8795, -1262.2792, -20.5855,  710.3469, -1268.7411, -19.7100,  150, 100, 0
L 710.3469, -1268.7411, -19.7100,  745.9860, -1270.3230, -19.9468,  150, 100, 0
L 745.9860, -1270.3230, -19.9468,  783.5344, -1275.7051, -19.7893,  150, 100, 0
L 783.5344, -1275.7051, -19.7893,  826.6858, -1275.2461, -21.6874,  150, 100, 0
L 826.6858, -1275.2461, -21.6874,  871.5721, -1276.2769, -19.6072,  150, 100, 0
L 871.5721, -1276.2769, -19.6072,  918.4070, -1266.7770, -19.6728,  150, 100, 0
L 918.4070, -1266.7770, -19.6728,  945.1122, -1238.9872, -23.2948,  150, 100, 0
L 945.1122, -1238.9872, -23.2948,  952.3252, -1223.9137, -23.4989,  150, 100, 0
L 952.3252, -1223.9137, -23.4989,  964.7368, -1204.3748, -22.8916,  150, 100, 0
L 964.7368, -1204.3748, -22.8916,  983.9106, -1186.1719, -15.7591,  150, 100, 0
L 983.9106, -1186.1719, -15.7591,  991.1624, -1167.9800, -13.3161,  150, 100, 0
L 991.1624, -1167.9800, -13.3161,  982.9222, -1125.9718, -14.8440,  150, 100, 0
L 982.9222, -1125.9718, -14.8440,  986.3093, -1081.5392, -17.2870,  150, 100, 0
L 986.3093, -1081.5392, -17.2870,  987.8538, -1040.5226, -17.1063,  150, 100, 0
L 987.8538, -1040.5226, -17.1063,  980.4335, -996.1984, -20.6857,  150, 100, 0
L 980.4335, -996.1984, -20.6857,  966.8769, -954.6196, -21.2213,  150, 100, 0
L 966.8769, -954.6196, -21.2213,  948.3935, -916.5558, -22.3953,  150, 100, 0
L 948.3935, -916.5558, -22.3953,  947.6249, -875.6779, -17.9205,  150, 100, 0
L 947.6249, -875.6779, -17.9205,  943.8021, -846.8370, -17.3292,  150, 100, 0
L 943.8021, -846.8370, -17.3292,  931.2903, -814.9615, -20.5722,  150, 100, 0
L 931.2903, -814.9615, -20.5722,  926.2966, -774.9547, -22.1070,  150, 100, 0
L 926.2966, -774.9547, -22.1070,  941.8528, -742.5334, -22.7556,  150, 100, 0
L 941.8528, -742.5334, -22.7556,  971.8691, -703.1269, -21.3512,  150, 100, 0
L 971.8691, -703.1269, -21.3512,  988.8215, -709.6470, -16.9165,  150, 100, 0
L 988.8215, -709.6470, -16.9165,  997.4269, -706.4506, -15.5091,  150, 100, 0
L 997.4269, -706.4506, -15.5091,  997.6212, -694.6506, -17.9342,  150, 100, 0
L 997.6212, -694.6506, -17.9342,  1004.9607, -679.8243, -20.5305,  150, 100, 0
L 1004.9607, -679.8243, -20.5305,  1020.5629, -662.8481, -20.6529,  150, 100, 0
L 1020.5629, -662.8481, -20.6529,  1036.7194, -651.5540, -20.4651,  150, 100, 0
L 1036.7194, -651.5540, -20.4651,  1065.2743, -635.7306, -21.1520,  150, 100, 0
L 1065.2743, -635.7306, -21.1520,  1086.2407, -622.6194, -22.1067,  150, 100, 0
L 1086.2407, -622.6194, -22.1067,  1104.6785, -597.3871, -20.2673,  150, 100, 0
L 1104.6785, -597.3871, -20.2673,  1099.9116, -583.8949, -19.1200,  150, 100, 0
L 1099.9116, -583.8949, -19.1200,  1069.7678, -576.2463, -21.8373,  150, 100, 0
L 1069.7678, -576.2463, -21.8373,  1053.7050, -565.4785, -22.4353,  150, 100, 0
L 1053.7050, -565.4785, -22.4353,  1022.2166, -553.1504, -23.4989,  150, 100, 0
L 1022.2166, -553.1504, -23.4989,  990.3256, -538.4534, -23.4989,  150, 100, 0
L 990.3256, -538.4534, -23.4989,  993.2618, -519.2913, -23.4989,  150, 100, 0
L 993.2618, -519.2913, -23.4989,  1005.7078, -495.9821, -21.1239,  150, 100, 0
L 1005.7078, -495.9821, -21.1239,  987.8614, -474.1655, -22.3646,  150, 100, 0
L 987.8614, -474.1655, -22.3646,  976.6393, -454.9101, -23.2914,  150, 100, 0
L 976.6393, -454.9101, -23.2914,  976.2000, -417.9354, -21.6122,  150, 100, 0
L 976.2000, -417.9354, -21.6122,  982.8589, -393.2010, -18.1327,  150, 100, 0
L 982.8589, -393.2010, -18.1327,  972.2729, -345.2038, -20.4983,  150, 100, 0
L 972.2729, -345.2038, -20.4983,  970.5448, -324.7380, -20.9802,  150, 100, 0
L 970.5448, -324.7380, -20.9802,  970.8958, -262.3960, -20.9239,  150, 100, 0
L 970.8958, -262.3960, -20.9239,  970.5732, -223.9886, -22.2208,  150, 100, 0
L 970.5732, -223.9886, -22.2208,  973.9076, -182.3646, -21.8463,  150, 100, 0
L 973.9076, -182.3646, -21.8463,  983.3615, -161.1099, -22.7015,  150, 100, 0
L 983.3615, -161.1099, -22.7015,  1004.1996, -123.2681, -20.1355,  150, 100, 0
L 1004.1996, -123.2681, -20.1355,  1015.9575, -94.5948, -19.8915,  150, 100, 0
L 1015.9575, -94.5948, -19.8915,  1039.1876, -58.9613, -21.2462,  150, 100, 0
L 1039.1876, -58.9613, -21.2462,  1057.9689, -44.3864, -18.7372,  150, 100, 0
L 1057.9689, -44.3864, -18.7372,  1072.6294, -29.8024, -18.4628,  150, 100, 0
L 1072.6294, -29.8024, -18.4628,  1108.5287, 6.9048, -16.6842,  150, 100, 0
L 1108.5287, 6.9048, -16.6842,  1122.8175, 18.8232, -20.1691,  150, 100, 0
L 1122.8175, 18.8232, -20.1691,  1146.2083, 38.2674, -19.9771,  150, 100, 0
L 1146.2083, 38.2674, -19.9771,  1163.3567, 51.6225, -19.3502,  150, 100, 0
L 1163.3567, 51.6225, -19.3502,  1199.9979, 95.1813, -18.2106,  150, 100, 0
L 1199.9979, 95.1813, -18.2106,  1209.1177, 99.8209, -16.6143,  150, 100, 0
L 1209.1177, 99.8209, -16.6143,  1232.5941, 122.7614, -16.4588,  150, 100, 0
L 1232.5941, 122.7614, -16.4588,  1255.4882, 135.7934, -15.9740,  150, 100, 0
L 1255.4882, 135.7934, -15.9740,  1278.7039, 144.7670, -14.7902,  150, 100, 0
L 1278.7039, 144.7670, -14.7902,  1302.6917, 171.3136, -17.4512,  150, 100, 0
L 1302.6917, 171.3136, -17.4512,  1316.1144, 169.3224, -16.2764,  150, 100, 0
L 1316.1144, 169.3224, -16.2764,  1338.9182, 174.4114, -14.5372,  150, 100, 0
L 1338.9182, 174.4114, -14.5372,  1351.4955, 195.5464, -17.4564,  150, 100, 0
L 1351.4955, 195.5464, -17.4564,  1367.6283, 213.8090, -18.6031,  150, 100, 0
L 1367.6283, 213.8090, -18.6031,  1388.3300, 238.9144, -18.9070,  150, 100, 0
L 1388.3300, 238.9144, -18.9070,  1406.5857, 248.4778, -15.1015,  150, 100, 0
L 1406.5857, 248.4778, -15.1015,  1414.4268, 269.9094, -12.2178,  150, 100, 0
L 1414.4268, 269.9094, -12.2178,  1401.2990, 276.9889, -15.4774,  150, 100, 0
L 1401.2990, 276.9889, -15.4774,  1385.5614, 273.7060, -15.6577,  150, 100, 0
L 1385.5614, 273.7060, -15.6577,  1358.3910, 263.5233, -21.7161,  150, 100, 0
L 1358.3910, 263.5233, -21.7161,  1340.4473, 254.1197, -23.4989,  150, 100, 0
L 1340.4473, 254.1197, -23.4989,  1314.1281, 250.2637, -22.7909,  150, 100, 0
L 1314.1281, 250.2637, -22.7909,  1277.5171, 245.7340, -21.1701,  150, 100, 0
L 1277.5171, 245.7340, -21.1701,  1254.2360, 244.5149, -18.1972,  150, 100, 0
L 1254.2360, 244.5149, -18.1972,  1232.2964, 250.1638, -17.5789,  150, 100, 0
L 1232.2964, 250.1638, -17.5789,  1215.9138, 270.5260, -17.8436,  150, 100, 0
L 1215.9138, 270.5260, -17.8436,  1210.7705, 287.3912, -20.4833,  150, 100, 0
L 1210.7705, 287.3912, -20.4833,  1205.3805, 337.6172, -22.5106,  150, 100, 0
L 1205.3805, 337.6172, -22.5106,  1206.1897, 362.2746, -21.8808,  150, 100, 0
L 1206.1897, 362.2746, -21.8808,  1200.6145, 392.6216, -20.2974,  150, 100, 0
L 1200.6145, 392.6216, -20.2974,  1209.8245, 408.5387, -18.6246,  150, 100, 0
L 1209.8245, 408.5387, -18.6246,  1229.7919, 422.2900, -18.1370,  150, 100, 0
L 1229.7919, 422.2900, -18.1370,  1253.3931, 410.8405, -21.1250,  150, 100, 0
L 1253.3931, 410.8405, -21.1250,  1289.7758, 398.1195, -23.4989,  150, 100, 0
L 1289.7758, 398.1195, -23.4989,  1333.8533, 384.6220, -23.4989,  150, 100, 0
L 1333.8533, 384.6220, -23.4989,  1368.9381, 377.3729, -23.4989,  150, 100, 0
L 1368.9381, 377.3729, -23.4989,  1418.5978, 378.9261, -20.9024,  150, 100, 0
L 1418.5978, 378.9261, -20.9024,  1442.2813, 400.2339, -17.4415,  150, 100, 0
L 1442.2813, 400.2339, -17.4415,  1446.9977, 432.1034, -18.6381,  150, 100, 0
L 1446.9977, 432.1034, -18.6381,  1454.9690, 465.5479, -15.4719,  150, 100, 0
L 1454.9690, 465.5479, -15.4719,  1440.1519, 488.3437, -14.9236,  150, 100, 0
L 1440.1519, 488.3437, -14.9236,  1406.6466, 484.8824, -17.3777,  150, 100, 0
L 1406.6466, 484.8824, -17.3777,  1375.8124, 470.6254, -20.2100,  150, 100, 0
L 1375.8124, 470.6254, -20.2100,  1351.6039, 464.6880, -22.5180,  150, 100, 0
L 1351.6039, 464.6880, -22.5180,  1321.7134, 467.5079, -20.8383,  150, 100, 0
L 1321.7134, 467.5079, -20.8383,  1288.5376, 486.6177, -19.5686,  150, 100, 0
L 1288.5376, 486.6177, -19.5686,  1260.1384, 497.9884, -21.3442,  150, 100, 0
L 1260.1384, 497.9884, -21.3442,  1241.8976, 505.9712, -23.2565,  150, 100, 0
L 1241.8976, 505.9712, -23.2565,  1217.6875, 514.1130, -20.4088,  150, 100, 0
L 1217.6875, 514.1130, -20.4088,  1208.4220, 523.4579, -20.4528,  150, 100, 0
L 1208.4220, 523.4579, -20.4528,  1199.5758, 540.2289, -23.4552,  150, 100, 0
L 1199.5758, 540.2289, -23.4552,  1180.5415, 547.9189, -21.8174,  150, 100, 0
L 1180.5415, 547.9189, -21.8174,  1170.1956, 553.5937, -21.4355,  150, 100, 0
L 1170.1956, 553.5937, -21.4355,  1154.3198, 549.6714, -22.3496,  150, 100, 0
L 1154.3198, 549.6714, -22.3496,  1133.2479, 564.3289, -21.1900,  150, 100, 0
L 1133.2479, 564.3289, -21.1900,  1119.9656, 586.6055, -22.4113,  150, 100, 0
L 1119.9656, 586.6055, -22.4113,  1101.4098, 604.5229, -22.2591,  150, 100, 0
L 1101.4098, 604.5229, -22.2591,  1079.6809, 618.5098, -23.4989,  150, 100, 0
L 1079.6809, 618.5098, -23.4989,  1059.7360, 630.5024, -23.4989,  150, 100, 0
L 1059.7360, 630.5024, -23.4989,  1059.4882, 638.4890, -23.4989,  150, 100, 0
L 1059.4882, 638.4890, -23.4989,  1059.9939, 658.5031, -16.9528,  150, 100, 0
L 1059.9939, 658.5031, -16.9528,  1040.9430, 666.4601, -19.5107,  150, 100, 0
L 1040.9430, 666.4601, -19.5107,  1020.3900, 671.8700, -19.6021,  150, 100, 0
L 1020.3900, 671.8700, -19.6021,  1016.8804, 688.2208, -17.9209,  150, 100, 0
L 1016.8804, 688.2208, -17.9209,  1027.8093, 690.3179, -20.5380,  150, 100, 0
L 1027.8093, 690.3179, -20.5380,  1047.1792, 682.2010, -17.2000,  150, 100, 0
L 1047.1792, 682.2010, -17.2000,  1062.5287, 685.6404, -17.4015,  150, 100, 0
L 1062.5287, 685.6404, -17.4015,  1083.1852, 693.1354, -21.2789,  150, 100, 0
L 1083.1852, 693.1354, -21.2789,  1104.8263, 704.7853, -22.9247,  150, 100, 0
L 1104.8263, 704.7853, -22.9247,  1132.5564, 727.8256, -22.6700,  150, 100, 0
L 1132.5564, 727.8256, -22.6700,  1150.4738, 737.3549, -21.6849,  150, 100, 0
L 1150.4738, 737.3549, -21.6849,  1161.6537, 729.7693, -20.8835,  150, 100, 0
L 1161.6537, 729.7693, -20.8835,  1171.4219, 710.9276, -17.4406,  150, 100, 0
L 1171.4219, 710.9276, -17.4406,  1188.5708, 708.3961, -16.4364,  150, 100, 0
L 1188.5708, 708.3961, -16.4364,  1202.6841, 712.6470, -17.6959,  150, 100, 0
L 1202.6841, 712.6470, -17.6959,  1233.6576, 732.3260, -19.5125,  150, 100, 0
L 1233.6576, 732.3260, -19.5125,  1250.2129, 725.9894, -19.7317,  150, 100, 0
L 1250.2129, 725.9894, -19.7317,  1268.7151, 719.1429, -19.4372,  150, 100, 0
L 1268.7151, 719.1429, -19.4372,  1307.2476, 706.6844, -17.9988,  150, 100, 0
L 1307.2476, 706.6844, -17.9988,  1324.2042, 700.6417, -16.8066,  150, 100, 0
L 1324.2042, 700.6417, -16.8066,  1347.1172, 689.9615, -16.7230,  150, 100, 0
L 1347.1172, 689.9615, -16.7230,  1359.6731, 678.5580, -13.1190,  150, 100, 0
L 1359.6731, 678.5580, -13.1190,  1386.8090, 670.8599, -13.6303,  150, 100, 0
L 1386.8090, 670.8599, -13.6303,  1431.2023, 668.9690, -13.2538,  150, 100, 0
L 1431.2023, 668.9690, -13.2538,  1445.6111, 674.7626, -11.3750,  150, 100, 0
L 1445.6111, 674.7626, -11.3750,  1454.3120, 701.3813, -10.8120,  150, 100, 0
L 1454.3120, 701.3813, -10.8120,  1446.9661, 716.2332, -13.8300,  150, 100, 0
L 1446.9661, 716.2332, -13.8300,  1405.9446, 729.8788, -19.1966,  150, 100, 0
L 1405.9446, 729.8788, -19.1966,  1358.1521, 739.8488, -21.1217,  150, 100, 0
L 1358.1521, 739.8488, -21.1217,  1332.9076, 740.8582, -23.7890,  150, 100, 0
L 1332.9076, 740.8582, -23.7890,  1294.1074, 754.5625, -19.8398,  150, 100, 0
L 1294.1074, 754.5625, -19.8398,  1282.4447, 758.6541, -22.4448,  150, 100, 0
L 1282.4447, 758.6541, -22.4448,  1245.8018, 770.2007, -21.8800,  150, 100, 0
L 1245.8018, 770.2007, -21.8800,  1237.3135, 783.1735, -19.1370,  150, 100, 0
L 1237.3135, 783.1735, -19.1370,  1261.2980, 791.4764, -21.2107,  150, 100, 0
L 1261.2980, 791.4764, -21.2107,  1292.1969, 799.5652, -20.5109,  150, 100, 0
L 1292.1969, 799.5652, -20.5109,  1308.6890, 798.8578, -20.2247,  150, 100, 0
L 1308.6890, 798.8578, -20.2247,  1330.6244, 783.5398, -17.6769,  150, 100, 0
L 1330.6244, 783.5398, -17.6769,  1351.4186, 789.6645, -18.6586,  150, 100, 0
L 1351.4186, 789.6645, -18.6586,  1365.8562, 779.5746, -16.4364,  150, 100, 0
L 1365.8562, 779.5746, -16.4364,  1399.5950, 772.5419, -17.5400,  150, 100, 0
L 1399.5950, 772.5419, -17.5400,  1441.5573, 769.3192, -18.3884,  150, 100, 0
L 1441.5573, 769.3192, -18.3884,  1456.6206, 783.9823, -17.2293,  150, 100, 0
L 1456.6206, 783.9823, -17.2293,  1446.9436, 827.8848, -19.4893,  150, 100, 0
L 1446.9436, 827.8848, -19.4893,  1444.6498, 874.3592, -20.5519,  150, 100, 0
L 1444.6498, 874.3592, -20.5519,  1443.8529, 905.1540, -18.3260,  150, 100, 0
L 1443.8529, 905.1540, -18.3260,  1422.3931, 926.8409, -20.8295,  150, 100, 0
L 1422.3931, 926.8409, -20.8295,  1372.9072, 944.9311, -22.9122,  150, 100, 0
L 1372.9072, 944.9311, -22.9122,  1337.2410, 939.8053, -23.3487,  150, 100, 0
L 1337.2410, 939.8053, -23.3487,  1302.7970, 922.1431, -22.7134,  150, 100, 0
L 1302.7970, 922.1431, -22.7134,  1284.8230, 910.9307, -19.2052,  150, 100, 0
L 1284.8230, 910.9307, -19.2052,  1260.4103, 894.7740, -19.5294,  150, 100, 0
L 1260.4103, 894.7740, -19.5294,  1245.9789, 889.1348, -19.4792,  150, 100, 0
L 1245.9789, 889.1348, -19.4792,  1218.6200, 890.6155, -19.8841,  150, 100, 0
L 1218.6200, 890.6155, -19.8841,  1205.5958, 924.4622, -17.4628,  150, 100, 0
L 1205.5958, 924.4622, -17.4628,  1210.1420, 945.9523, -17.5339,  150, 100, 0
L 1210.1420, 945.9523, -17.5339,  1213.7689, 974.9510, -16.2910,  150, 100, 0
L 1213.7689, 974.9510, -16.2910,  1218.9478, 988.5110, -16.3938,  150, 100, 0
L 1218.9478, 988.5110, -16.3938,  1223.3173, 1003.5845, -22.7119,  150, 100, 0
L 1223.3173, 1003.5845, -22.7119,  1246.1255, 999.5403, -17.2851,  150, 100, 0
L 1246.1255, 999.5403, -17.2851,  1262.9113, 1011.8328, -16.5908,  150, 100, 0
L 1262.9113, 1011.8328, -16.5908,  1254.3035, 1030.1420, -20.9490,  150, 100, 0
L 1254.3035, 1030.1420, -20.9490,  1227.7300, 1037.7356, -23.4989,  150, 100, 0
L 1227.7300, 1037.7356, -23.4989,  1207.7471, 1048.2914, -22.5229,  150, 100, 0
L 1207.7471, 1048.2914, -22.5229,  1194.8179, 1059.3330, -21.8048,  150, 100, 0
L 1194.8179, 1059.3330, -21.8048,  1191.9369, 1080.5869, -18.7897,  150, 100, 0
L 1191.9369, 1080.5869, -18.7897,  1193.5092, 1108.3823, -20.7088,  150, 100, 0
L 1193.5092, 1108.3823, -20.7088,  1222.1968, 1118.7899, -18.3736,  150, 100, 0
L 1222.1968, 1118.7899, -18.3736,  1244.8921, 1110.8585, -21.8380,  150, 100, 0
L 1244.8921, 1110.8585, -21.8380,  1267.3427, 1108.2096, -20.7129,  150, 100, 0
L 1267.3427, 1108.2096, -20.7129,  1307.8855, 1082.2339, -19.3050,  150, 100, 0
L 1307.8855, 1082.2339, -19.3050,  1345.7643, 1062.2517, -20.1323,  150, 100, 0
L 1345.7643, 1062.2517, -20.1323,  1391.2172, 1067.4993, -22.1659,  150, 100, 0
L 1391.2172, 1067.4993, -22.1659,  1401.7097, 1088.5919, -19.7245,  150, 100, 0
L 1401.7097, 1088.5919, -19.7245,  1380.3063, 1127.1034, -22.1431,  150, 100, 0
L 1380.3063, 1127.1034, -22.1431,  1363.2531, 1157.7942, -22.9696,  150, 100, 0
L 1363.2531, 1157.7942, -22.9696,  1357.1498, 1190.3849, -21.4649,  150, 100, 0
L 1357.1498, 1190.3849, -21.4649,  1354.6880, 1249.8904, -22.3913,  150, 100, 0
L 1354.6880, 1249.8904, -22.3913,  1356.6532, 1291.9937, -21.4701,  150, 100, 0
L 1356.6532, 1291.9937, -21.4701,  1334.7180, 1322.6255, -23.4945,  150, 100, 0
L 1334.7180, 1322.6255, -23.4945,  1286.4883, 1358.1758, -23.1430,  150, 100, 0
L 1286.4883, 1358.1758, -23.1430,  1242.5320, 1398.3684, -20.3860,  150, 100, 0
L 1242.5320, 1398.3684, -20.3860,  1213.6637, 1410.2638, -20.5462,  150, 100, 0
L 1213.6637, 1410.2638, -20.5462,  1198.1779, 1423.1962, -20.8914,  150, 100, 0
L 1198.1779, 1423.1962, -20.8914,  1172.9918, 1436.8632, -21.1239,  150, 100, 0
L 1172.9918, 1436.8632, -21.1239,  1150.8667, 1434.1150, -22.5048,  150, 100, 0
L 1150.8667, 1434.1150, -22.5048,  1114.2788, 1422.9474, -23.4989,  150, 100, 0
L 1114.2788, 1422.9474, -23.4989,  1095.4302, 1439.9220, -23.4989,  150, 100, 0
L 1095.4302, 1439.9220, -23.4989,  1087.4457, 1464.4900, -23.4989,  150, 100, 0
L 1087.4457, 1464.4900, -23.4989,  1119.6699, 1479.7384, -23.4989,  150, 100, 0
L 1119.6699, 1479.7384, -23.4989,  1131.4817, 1499.1342, -18.6275,  150, 100, 0
L 1131.4817, 1499.1342, -18.6275,  1109.9622, 1528.8610, -19.9958,  150, 100, 0
L 1109.9622, 1528.8610, -19.9958,  1084.7642, 1547.7628, -22.8439,  150, 100, 0
L 1084.7642, 1547.7628, -22.8439,  1058.4341, 1580.1620, -23.4989,  150, 100, 0
L 1058.4341, 1580.1620, -23.4989,  1061.6613, 1601.1084, -23.3005,  150, 100, 0
L 1061.6613, 1601.1084, -23.3005,  1068.8679, 1625.1730, -21.4024,  150, 100, 0
L 1068.8679, 1625.1730, -21.4024,  1073.1548, 1657.5940, -19.5867,  150, 100, 0
L 1073.1548, 1657.5940, -19.5867,  1067.9523, 1692.6808, -22.3856,  150, 100, 0
L 1067.9523, 1692.6808, -22.3856,  1063.7794, 1728.9363, -23.4550,  150, 100, 0
L 1063.7794, 1728.9363, -23.4550,  1074.8521, 1754.3168, -22.5411,  150, 100, 0
L 1074.8521, 1754.3168, -22.5411,  1069.8534, 1783.2140, -23.4989,  150, 100, 0
L 1069.8534, 1783.2140, -23.4989,  1048.8832, 1839.9331, -23.2440,  150, 100, 0
L 1048.8832, 1839.9331, -22.3369,  1065.7510, 1878.1248, -21.6503,  150, 100, 0
L 689.6258, 564.3315, -16.2980,  723.6780, 552.6151, -14.5237,  150, 100, 0
L 723.6780, 552.6151, -14.5237,  731.1674, 544.8365, -14.5568,  150, 100, 0
L 731.1674, 544.8365, -14.5568,  742.5214, 544.7356, -14.3511,  150, 100, 0
L 742.5214, 544.7356, -14.3511,  760.0000, 538.5107, -12.6290,  150, 100, 0
L 760.0000, 538.5107, -12.6290,  775.3799, 530.9003, -19.9902,  150, 100, 0
L 775.3799, 530.9003, -19.9902,  773.5647, 509.6743, -21.2170,  150, 100, 0
L 773.5647, 509.6743, -21.2170,  776.8173, 489.8330, -22.5854,  150, 100, 0
L 776.8173, 489.8330, -22.5854,  779.2115, 468.1338, -20.1040,  150, 100, 0
L 779.2115, 468.1338, -20.1040,  779.4926, 454.2909, -17.8552,  150, 100, 0
L 779.4926, 454.2909, -17.8552,  774.4894, 444.6580, -14.5852,  150, 100, 0
L 774.4894, 444.6580, -14.5852,  776.9210, 426.8340, -17.1570,  150, 100, 0
L 776.9210, 426.8340, -17.1570,  770.3242, 403.4809, -15.5038,  150, 100, 0
L 770.3242, 403.4809, -15.5038,  771.1819, 369.8220, -19.9264,  150, 100, 0
L 771.1819, 369.8220, -19.9264,  770.7560, 349.3758, -16.6245,  150, 100, 0
L 770.7560, 349.3758, -16.6245,  771.6644, 332.3800, -15.8718,  150, 100, 0
L 771.6644, 332.3800, -15.8718,  772.1398, 311.6897, -14.5777,  150, 100, 0
L 772.1398, 311.6897, -14.5777,  770.5625, 286.5790, -15.3543,  150, 100, 0
L 770.5625, 286.5790, -15.3543,  770.7477, 268.2794, -15.3497,  150, 100, 0
L 770.7477, 268.2794, -15.3497,  766.7428, 247.1045, -15.9688,  150, 100, 0
L 766.7428, 247.1045, -15.9688,  768.4728, 225.1006, -18.4180,  150, 100, 0
L 768.4728, 225.1006, -18.4180,  759.3572, 208.6398, -20.5128,  150, 100, 0
L 759.3572, 208.6398, -20.5128,  730.5634, 210.7309, -20.8831,  150, 100, 0
L 730.5634, 210.7309, -20.8831,  708.3256, 217.2794, -20.4649,  150, 100, 0
L 708.3256, 217.2794, -20.4649,  707.2228, 244.4210, -19.6053,  150, 100, 0
L 707.2228, 244.4210, -19.6053,  710.7969, 257.5228, -17.3187,  150, 100, 0
L 710.7969, 257.5228, -17.3187,  711.1075, 267.3446, -16.2985,  150, 100, 0
L 711.1075, 267.3446, -16.2985,  702.1902, 287.9105, -17.9548,  150, 100, 0
L 702.1902, 287.9105, -17.9548,  698.4571, 317.2890, -17.3167,  150, 100, 0
L 698.4571, 317.2890, -17.3167,  696.8834, 347.8476, -18.5857,  150, 100, 0
L 696.8834, 347.8476, -18.5857,  678.2679, 395.3120, -22.3956,  150, 100, 0
L 678.2679, 395.3120, -22.3956,  670.9949, 426.4590, -23.4989,  150, 100, 0
L 670.9949, 426.4590, -23.4989,  650.6678, 444.8365, -22.9236,  150, 100, 0
L 650.6678, 444.8365, -22.9236,  613.1590, 469.6578, -18.5199,  150, 100, 0
L 613.1590, 469.6578, -18.5199,  599.1601, 486.8523, -15.8093,  150, 100, 0
L 599.1601, 486.8523, -15.8093,  583.2513, 515.5253, -17.5933,  150, 100, 0
L 583.2513, 515.5253, -17.5933,  570.9365, 537.9117, -14.5778,  150, 100, 0
L 570.9365, 537.9117, -14.5778,  570.6110, 554.8769, -18.4030,  150, 100, 0
L 570.6110, 554.8769, -18.4030,  586.5330, 588.6660, -19.3798,  150, 100, 0
L 586.5330, 588.6660, -19.3798,  594.9382, 645.4026, -19.7539,  150, 100, 0
L 594.9382, 645.4026, -19.7539,  603.6041, 663.9470, -22.1019,  150, 100, 0
L 603.6041, 663.9470, -22.1019,  604.1656, 682.9025, -23.4989,  150, 100, 0
L 604.1656, 682.9025, -23.4989,  629.2269, 702.8500, -23.4989,  150, 100, 0
L 629.2269, 702.8500, -23.4989,  664.3129, 701.7924, -23.4989,  150, 100, 0
L 664.3129, 701.7924, -23.4989,  671.1301, 694.5308, -22.8484,  150, 100, 0
L 671.1301, 694.5308, -22.8484,  668.3253, 679.5344, -18.4376,  150, 100, 0
L 668.3253, 679.5344, -18.4376,  666.1760, 667.4316, -20.6892,  150, 100, 0
L 666.1760, 667.4316, -20.6892,  653.1757, 623.1169, -22.2378,  150, 100, 0
L 653.1757, 623.1169, -22.2378,  641.8596, 597.1719, -18.1106,  150, 100, 0
L 641.8596, 597.1719, -18.1106,  644.7439, 587.5869, -15.8592,  150, 100, 0
L 644.7439, 587.5869, -15.8592,  653.7441, 577.6435, -13.5162,  150, 100, 0
L 653.7441, 577.6435, -13.5162,  677.8810, 569.9822, -11.7248,  150, 100, 0
L 677.8810, 569.9822, -11.7248,  689.6258, 564.3315, -17.1158,  150, 100, 0
L 320.7373, 708.6471, -18.6512,  282.7970, 736.3223, -18.7991,  150, 100, 0
L 282.7970, 736.3223, -18.2565,  270.4938, 733.4003, -17.2291,  150, 100, 0
L 270.4938, 733.4003, -17.2291,  253.2573, 731.3451, -16.7474,  150, 100, 0
L 253.2573, 731.3451, -16.7474,  217.3474, 732.4913, -15.8035,  150, 100, 0
L 217.3474, 732.4913, -15.8035,  187.5336, 724.9324, -14.6697,  150, 100, 0
L 187.5336, 724.9324, -14.6697,  166.3898, 717.3165, -14.9419,  150, 100, 0
L 166.3898, 717.3165, -14.9419,  132.8288, 712.1001, -17.6417,  150, 100, 0
L 132.8288, 712.1001, -17.6417,  91.8255, 709.3998, -23.4989,  150, 100, 0
L 91.8255, 709.3998, -23.4989,  64.5099, 728.8196, -21.9139,  150, 100, 0
L 64.5099, 728.8196, -21.9139,  47.5352, 754.9103, -19.8800,  150, 100, 0
L 47.5352, 754.9103, -19.8800,  44.2254, 780.6609, -17.9258,  150, 100, 0
L 44.2254, 780.6609, -17.9258,  29.6564, 808.2137, -17.4870,  150, 100, 0
L 29.6564, 808.2137, -17.4870,  4.6955, 849.4633, -16.2970,  150, 100, 0
L 4.6955, 849.4633, -16.2970,  -12.5416, 860.9596, -17.5679,  150, 100, 0
L -12.5416, 860.9596, -17.5679,  -43.1897, 846.2365, -21.1046,  150, 100, 0
L -43.1897, 846.2365, -21.1046,  -68.3834, 816.6756, -21.7277,  150, 100, 0
L -68.3834, 816.6756, -21.7277,  -66.4150, 777.9280, -20.4732,  150, 100, 0
L -66.4150, 777.9280, -20.4732,  -48.5844, 748.4742, -18.4511,  150, 100, 0
L -48.5844, 748.4742, -18.4511,  -26.8098, 715.3179, -15.6014,  150, 100, 0
L -26.8098, 715.3179, -15.6014,  -37.5653, 705.3083, -16.4348,  150, 100, 0
L -37.5653, 705.3083, -16.4348,  -70.5600, 686.8441, -16.9265,  150, 100, 0
L -70.5600, 686.8441, -16.9265,  -91.7507, 673.9429, -17.5585,  150, 100, 0
L -91.7507, 673.9429, -17.5585,  -98.2680, 648.4545, -18.4710,  150, 100, 0
L -98.2680, 648.4545, -18.4710,  -103.2382, 618.4402, -19.1489,  150, 100, 0
L -103.2382, 618.4402, -19.1489,  -87.7467, 595.1671, -20.1980,  150, 100, 0
L -87.7467, 595.1671, -20.1980,  -64.7903, 613.6050, -20.2847,  150, 100, 0
L -64.7903, 613.6050, -20.2847,  -43.4110, 629.5279, -16.9416,  150, 100, 0
L -43.4110, 629.5279, -16.9416,  -1.6575, 635.6725, -17.1356,  150, 100, 0
L -1.6575, 635.6725, -17.1356,  30.4636, 624.5872, -17.3914,  150, 100, 0
L 30.4636, 624.5872, -17.3914,  68.2133, 605.2952, -18.9134,  150, 100, 0
L 68.2133, 605.2952, -18.9134,  93.2961, 598.6808, -18.7688,  150, 100, 0
L 93.2961, 598.6808, -18.7688,  117.9124, 592.3719, -19.6365,  150, 100, 0
L 117.9124, 592.3719, -19.6365,  140.9807, 575.9853, -19.1467,  150, 100, 0
L 140.9807, 575.9853, -19.1467,  164.6946, 576.4691, -19.6036,  150, 100, 0
L 164.6946, 576.4691, -19.6036,  174.5921, 594.4426, -22.7650,  150, 100, 0
L 174.5921, 594.4426, -22.7650,  193.2210, 629.5452, -22.3643,  150, 100, 0
L 193.2210, 629.5452, -22.3643,  217.8913, 638.9722, -22.9344,  150, 100, 0
L 217.8913, 638.9722, -22.9344,  234.5043, 644.6104, -20.1381,  150, 100, 0
L 234.5043, 644.6104, -20.1381,  255.4761, 647.7559, -20.3613,  150, 100, 0
L 255.4761, 647.7559, -20.3613,  279.7975, 641.7718, -20.1761,  150, 100, 0
L 279.7975, 641.7718, -20.1761,  304.7212, 614.6816, -18.8303,  150, 100, 0
L 304.7212, 614.6816, -18.8303,  330.8029, 625.1598, -21.8830,  150, 100, 0
L 330.8029, 625.1598, -21.8830,  363.8000, 627.5208, -23.4989,  150, 100, 0
L 363.8000, 627.5208, -23.4989,  375.5434, 676.1595, -22.3491,  150, 100, 0
L 375.5434, 676.1595, -22.3491,  391.3320, 694.8719, -23.4989,  150, 100, 0
L 391.3320, 694.8719, -23.4989,  363.6107, 711.1558, -23.4989,  150, 100, 0
L 363.6107, 711.1558, -23.4989,  320.7373, 708.6471, -18.8572,  150, 100, 0
L 395.8423, 368.7744, -22.9132,  399.8122, 364.4864, -22.9844,  150, 100, 0
L 399.8122, 364.4864, -22.9844,  414.7870, 346.6003, -16.9361,  150, 100, 0
L 414.7870, 346.6003, -16.9361,  420.5699, 334.5658, -13.4350,  150, 100, 0
L 420.5699, 334.5658, -13.4350,  459.4649, 355.1810, -15.1899,  150, 100, 0
L 459.4649, 355.1810, -15.1899,  473.8620, 365.5826, -20.3380,  150, 100, 0
L 473.8620, 365.5826, -20.3380,  495.2531, 373.3690, -22.7027,  150, 100, 0
L 495.2531, 373.3690, -22.7027,  515.5638, 370.8630, -21.3389,  150, 100, 0
L 515.5638, 370.8630, -21.3389,  525.5965, 357.3408, -20.9630,  150, 100, 0
L 525.5965, 357.3408, -20.9630,  520.5569, 348.3917, -20.1890,  150, 100, 0
L 520.5569, 348.3917, -20.1890,  510.3025, 335.9619, -18.1838,  150, 100, 0
L 510.3025, 335.9619, -18.1838,  500.4210, 310.6770, -22.1370,  150, 100, 0
L 500.4210, 310.6770, -22.1370,  488.1508, 285.4137, -17.1263,  150, 100, 0
L 488.1508, 285.4137, -17.1263,  517.5066, 267.9957, -22.7230,  150, 100, 0
L 517.5066, 267.9957, -22.7230,  535.1620, 264.4698, -18.9580,  150, 100, 0
L 535.1620, 264.4698, -18.9580,  552.3864, 257.9098, -17.6011,  150, 100, 0
L 552.3864, 257.9098, -17.6011,  549.6353, 244.5826, -17.9995,  150, 100, 0
L 549.6353, 244.5826, -17.9995,  540.1539, 227.8408, -16.7259,  150, 100, 0
L 540.1539, 227.8408, -16.7259,  517.6450, 199.1800, -18.6387,  150, 100, 0
L 517.6450, 199.1800, -18.6387,  494.7880, 179.3498, -22.6033,  150, 100, 0
L 494.7880, 179.3498, -22.6033,  484.8953, 162.2098, -20.1876,  150, 100, 0
L 484.8953, 162.2098, -20.1876,  500.2703, 133.4184, -23.4050,  150, 100, 0
L 500.2703, 133.4184, -23.4050,  500.5704, 93.7323, -23.4989,  150, 100, 0
L 500.5704, 93.7323, -23.4989,  509.2961, 53.7744, -19.4962,  150, 100, 0
L 509.2961, 53.7744, -19.4962,  497.5700, 36.3507, -19.3281,  150, 100, 0
L 497.5700, 36.3507, -19.3281,  468.6786, 45.2473, -21.3700,  150, 100, 0
L 468.6786, 45.2473, -21.3700,  436.6447, 55.7957, -20.1493,  150, 100, 0
L 436.6447, 55.7957, -20.1493,  413.2452, 74.5502, -20.7790,  150, 100, 0
L 413.2452, 74.5502, -20.7790,  404.6810, 93.4026, -21.3905,  150, 100, 0
L 404.6810, 93.4026, -21.3905,  389.7287, 116.7770, -22.1205,  150, 100, 0
L 389.7287, 116.7770, -22.1205,  389.7008, 143.4133, -18.4451,  150, 100, 0
L 389.7008, 143.4133, -18.4451,  386.8496, 160.3927, -17.8646,  150, 100, 0
L 386.8496, 160.3927, -17.8646,  385.7488, 190.3890, -17.4285,  150, 100, 0
L 385.7488, 190.3890, -17.4285,  390.1216, 233.2074, -18.6571,  150, 100, 0
L 390.1216, 233.2074, -18.6571,  382.2855, 262.7212, -19.8480,  150, 100, 0
L 382.2855, 262.7212, -19.8480,  357.2859, 311.6736, -19.3261,  150, 100, 0
L 357.2859, 311.6736, -19.3261,  337.4556, 332.6825, -22.1048,  150, 100, 0
L 337.4556, 332.6825, -22.1048,  326.8994, 360.5355, -21.5320,  150, 100, 0
L 326.8994, 360.5355, -21.5320,  326.3586, 380.8127, -21.6238,  150, 100, 0
L 326.3586, 380.8127, -21.6238,  340.3116, 400.1399, -23.4609,  150, 100, 0
L 340.3116, 400.1399, -23.4609,  344.1260, 420.9814, -23.2280,  150, 100, 0
L 344.1260, 420.9814, -23.2280,  369.4241, 427.6360, -22.8730,  150, 100, 0
L 369.4241, 427.6360, -22.8730,  378.3004, 395.3620, -23.1599,  150, 100, 0
L 378.3004, 395.3620, -23.1599,  395.8423, 368.7744, -22.8969,  150, 100, 0
L 192.3309, 168.9335, -14.2799,  213.1451, 134.6910, -16.3386,  150, 100, 0
L 213.1451, 134.6910, -16.3386,  221.1716, 105.5180, -18.8887,  150, 100, 0
L 221.1716, 105.5180, -18.8887,  226.4100, 73.3777, -20.6090,  150, 100, 0
L 226.4100, 73.3777, -20.6090,  233.2622, 48.8847, -20.5839,  150, 100, 0
L 233.2622, 48.8847, -20.5839,  214.6793, 36.4761, -18.5672,  150, 100, 0
L 214.6793, 36.4761, -18.5672,  198.4104, 40.2229, -16.4093,  150, 100, 0
L 198.4104, 40.2229, -16.4093,  185.6010, 26.9942, -17.2840,  150, 100, 0
L 185.6010, 26.9942, -17.2840,  176.4319, 31.4356, -16.8201,  150, 100, 0
L 176.4319, 31.4356, -16.8201,  161.1443, 50.7926, -19.8000,  150, 100, 0
L 161.1443, 50.7926, -19.8000,  147.1992, 76.1641, -21.2270,  150, 100, 0
L 147.1992, 76.1641, -21.2270,  143.1005, 91.3770, -18.7993,  150, 100, 0
L 143.1005, 91.3770, -18.7993,  135.9034, 111.7407, -17.9311,  150, 100, 0
L 135.9034, 111.7407, -17.9311,  135.6256, 137.9328, -18.5616,  150, 100, 0
L 135.6256, 137.9328, -18.5616,  150.5286, 174.5166, -16.9817,  150, 100, 0
L 150.5286, 174.5166, -16.9817,  170.4710, 177.2805, -18.1386,  150, 100, 0
L 170.4710, 177.2805, -18.1386,  192.3309, 168.9335, -16.8488,  150, 100, 0
L 184.7393, 171.7770, -16.8488,  185.6338, 171.3514, -16.7489,  150, 100, 0
L 82.7171, -183.4961, -20.2356,  93.4900, -182.1031, -20.6346,  150, 100, 0
L 93.4900, -182.1031, -20.6346,  115.6667, -182.4110, -17.1673,  150, 100, 0
L 115.6667, -182.4110, -17.1673,  128.7684, -173.3740, -13.1011,  150, 100, 0
L 128.7684, -173.3740, -13.1011,  124.8382, -164.9857, -14.9319,  150, 100, 0
L 124.8382, -164.9857, -14.9319,  115.9021, -144.1339, -17.8761,  150, 100, 0
L 115.9021, -144.1339, -17.8761,  116.3410, -120.9740, -15.5891,  150, 100, 0
L 116.3410, -120.9740, -15.5891,  117.6795, -103.7241, -15.1676,  150, 100, 0
L 117.6795, -103.7241, -15.1676,  134.3677, -52.6208, -13.8772,  150, 100, 0
L 134.3677, -52.6208, -13.8772,  154.5600, -26.6862, -17.7360,  150, 100, 0
L 154.5600, -26.6862, -17.7360,  171.3266, -12.7493, -17.6164,  150, 100, 0
L 171.3266, -12.7493, -17.6164,  190.1662, -6.6323, -18.7831,  150, 100, 0
L 190.1662, -6.6323, -18.7831,  218.8831, -2.7953, -18.2509,  150, 100, 0
L 218.8831, -2.7953, -18.2509,  246.7032, -2.7585, -22.8439,  150, 100, 0
L 246.7032, -2.7585, -22.8439,  268.7502, -7.3611, -22.7711,  150, 100, 0
L 268.7502, -7.3611, -22.7711,  287.9660, 19.2657, -23.4989,  150, 100, 0
L 287.9660, 19.2657, -23.4989,  307.4861, 41.7845, -23.4989,  150, 100, 0
L 307.4861, 41.7845, -23.4989,  329.4957, 45.5810, -21.2543,  150, 100, 0
L 329.4957, 45.5810, -21.2543,  352.7221, 36.3620, -21.3019,  150, 100, 0
L 352.7221, 36.3620, -21.3019,  355.3799, 7.9569, -20.3350,  150, 100, 0
L 355.3799, 7.9569, -20.3350,  341.1275, -28.2120, -17.6085,  150, 100, 0
L 341.1275, -28.2120, -17.6085,  333.5409, -48.6584, -18.8723,  150, 100, 0
L 333.5409, -48.6584, -18.8723,  335.3706, -85.5147, -22.2429,  150, 100, 0
L 335.3706, -85.5147, -22.2429,  344.3224, -120.5875, -19.7401,  150, 100, 0
L 344.3224, -120.5875, -19.7401,  383.1802, -146.9528, -23.4989,  150, 100, 0
L 383.1802, -146.9528, -23.4989,  397.7989, -175.8359, -21.6173,  150, 100, 0
L 397.7989, -175.8359, -21.6173,  410.7212, -205.7570, -18.3491,  150, 100, 0
L 410.7212, -205.7570, -18.3491,  412.8392, -232.5746, -19.1025,  150, 100, 0
L 412.8392, -232.5746, -19.1025,  398.5966, -254.1937, -20.2770,  150, 100, 0
L 398.5966, -254.1937, -20.2770,  372.8670, -242.6859, -17.6180,  150, 100, 0
L 372.8670, -242.6859, -17.6180,  355.4522, -242.3581, -16.8455,  150, 100, 0
L 355.4522, -242.3581, -16.8455,  324.8016, -232.7755, -18.1100,  150, 100, 0
L 324.8016, -232.7755, -18.1100,  297.2608, -218.4112, -20.5581,  150, 100, 0
L 297.2608, -218.4112, -20.5581,  253.5263, -219.8718, -22.6290,  150, 100, 0
L 253.5263, -219.8718, -22.6290,  226.5718, -216.2204, -17.7604,  150, 100, 0
L 226.5718, -216.2204, -17.7604,  202.3982, -218.4938, -17.1463,  150, 100, 0
L 202.3982, -218.4938, -17.1463,  162.7241, -229.2004, -22.1998,  150, 100, 0
L 162.7241, -229.2004, -22.1998,  130.9910, -241.2344, -23.4642,  150, 100, 0
L 130.9910, -241.2344, -23.4642,  91.9039, -249.1831, -22.5365,  150, 100, 0
L 91.9039, -249.1831, -22.5365,  55.3734, -248.9615, -20.8884,  150, 100, 0
L 55.3734, -248.9615, -20.8884,  26.4981, -233.4222, -20.4054,  150, 100, 0
L 26.4981, -233.4222, -20.4054,  28.4817, -216.8920, -19.2713,  150, 100, 0
L 28.4817, -216.8920, -19.2713,  56.4491, -200.2110, -19.5601,  150, 100, 0
L 56.4491, -200.2110, -19.5601,  82.7171, -183.4961, -20.9044,  150, 100, 0
L 384.6736, -392.3476, -23.1204,  423.6385, -364.2400, -22.6361,  150, 100, 0
L 423.6385, -364.2400, -22.6361,  444.4157, -360.5027, -23.3120,  150, 100, 0
L 444.4157, -360.5027, -23.3120,  471.7667, -362.4180, -22.9241,  150, 100, 0
L 471.7667, -362.4180, -22.9241,  470.9427, -384.8054, -17.7014,  150, 100, 0
L 470.9427, -384.8054, -17.7014,  478.3432, -400.9280, -18.2778,  150, 100, 0
L 478.3432, -400.9280, -18.2778,  471.1306, -428.4678, -18.3445,  150, 100, 0
L 471.1306, -428.4678, -18.3445,  444.3924, -433.9225, -20.5300,  150, 100, 0
L 444.3924, -433.9225, -20.5300,  418.8131, -453.7669, -20.4861,  150, 100, 0
L 418.8131, -453.7669, -20.4861,  391.4485, -484.2445, -19.6118,  150, 100, 0
L 391.4485, -484.2445, -19.6118,  370.8666, -509.7628, -16.6439,  150, 100, 0
L 370.8666, -509.7628, -16.6439,  356.1877, -545.1508, -15.7650,  150, 100, 0
L 356.1877, -545.1508, -15.7650,  346.4999, -561.2627, -11.9466,  150, 100, 0
L 346.4999, -561.2627, -11.9466,  333.9676, -576.5552, -12.2605,  150, 100, 0
L 333.9676, -576.5552, -12.2605,  318.5475, -587.9007, -9.7765,  150, 100, 0
L 318.5475, -587.9007, -9.7765,  315.2150, -611.2675, -13.8859,  150, 100, 0
L 315.2150, -611.2675, -13.8859,  317.5509, -677.7739, -23.1668,  150, 100, 0
L 317.5509, -677.7739, -23.1668,  327.5502, -709.4750, -23.1372,  150, 100, 0
L 327.5502, -709.4750, -23.1372,  329.3306, -743.5243, -16.3832,  150, 100, 0
L 329.3306, -743.5243, -16.3832,  313.7787, -752.4686, -18.9555,  150, 100, 0
L 313.7787, -752.4686, -18.9555,  293.7350, -766.9008, -19.6778,  150, 100, 0
L 293.7350, -766.9008, -19.6778,  275.4567, -742.4574, -18.8902,  150, 100, 0
L 275.4567, -742.4574, -18.8902,  276.3109, -717.8641, -19.2138,  150, 100, 0
L 276.3109, -717.8641, -19.2138,  267.9157, -671.6127, -14.8192,  150, 100, 0
L 267.9157, -671.6127, -14.8192,  243.8629, -659.2205, -11.9473,  150, 100, 0
L 243.8629, -659.2205, -11.9473,  192.9884, -657.3188, -16.6801,  150, 100, 0
L 192.9884, -657.3188, -16.6801,  166.1764, -659.2897, -16.2936,  150, 100, 0
L 166.1764, -659.2897, -16.2936,  143.9900, -668.2251, -16.8242,  150, 100, 0
L 143.9900, -668.2251, -16.8242,  127.3149, -707.9216, -20.4246,  150, 100, 0
L 127.3149, -707.9216, -20.4246,  116.8413, -736.4311, -18.3040,  150, 100, 0
L 116.8413, -736.4311, -18.3040,  91.1551, -771.6027, -18.6341,  150, 100, 0
L 91.1551, -771.6027, -18.6341,  60.5031, -771.9634, -18.8405,  150, 100, 0
L 60.5031, -771.9634, -18.8405,  50.1390, -758.5789, -21.1024,  150, 100, 0
L 50.1390, -758.5789, -21.1024,  58.5210, -722.8654, -23.4989,  150, 100, 0
L 58.5210, -722.8654, -23.4989,  70.7574, -710.2391, -21.2020,  150, 100, 0
L 70.7574, -710.2391, -21.2020,  88.9813, -689.8962, -19.1470,  150, 100, 0
L 88.9813, -689.8962, -19.1470,  81.1730, -641.7856, -20.7106,  150, 100, 0
L 81.1730, -641.7856, -20.7106,  75.9834, -605.6620, -21.1239,  150, 100, 0
L 75.9834, -605.6620, -21.1239,  57.4012, -567.9388, -21.1239,  150, 100, 0
L 57.4012, -567.9388, -21.1239,  50.4716, -531.1625, -21.7781,  150, 100, 0
L 50.4716, -531.1625, -21.7781,  51.9810, -489.4961, -17.4048,  150, 100, 0
L 51.9810, -489.4961, -17.4048,  47.4472, -452.1413, -19.8840,  150, 100, 0
L 47.4472, -452.1413, -19.8840,  38.7710, -409.1044, -20.2955,  150, 100, 0
L 38.7710, -409.1044, -20.2955,  38.6236, -387.8130, -20.4346,  150, 100, 0
L 38.6236, -387.8130, -20.4346,  48.6097, -366.7144, -16.8293,  150, 100, 0
L 48.6097, -366.7144, -16.8293,  58.9069, -346.5701, -18.8932,  150, 100, 0
L 58.9069, -346.5701, -18.8932,  96.5069, -350.8910, -21.5112,  150, 100, 0
L 96.5069, -350.8910, -21.5112,  139.1921, -356.4460, -17.2652,  150, 100, 0
L 139.1921, -356.4460, -17.2652,  163.4096, -359.9140, -16.6451,  150, 100, 0
L 163.4096, -359.9140, -16.6451,  205.6536, -365.1060, -18.7310,  150, 100, 0
L 205.6536, -365.1060, -18.7310,  234.6400, -385.3852, -13.5099,  150, 100, 0
L 234.6400, -385.3852, -13.5099,  258.6875, -386.4050, -13.1743,  150, 100, 0
L 258.6875, -386.4050, -13.1743,  304.5806, -374.5240, -19.4208,  150, 100, 0
L 304.5806, -374.5240, -19.4208,  338.4103, -383.5298, -20.2670,  150, 100, 0
L 338.4103, -383.5298, -20.2670,  384.6736, -392.3476, -21.4851,  150, 100, 0
L -184.8822, -626.4362, -23.4989,  -189.9424, -629.9347, -23.4989,  64, 64, 64
L -189.9424, -629.9347, -23.4989,  -198.4400, -636.6147, -23.4989,  64, 64, 64
L -198.4400, -636.6147, -23.4989,  -197.9427, -647.4688, -23.4989,  64, 64, 64
L -197.9427, -647.4688, -23.4989,  -196.1511, -656.1964, -23.4989,  64, 64, 64
L -196.1511, -656.1964, -23.4989,  -196.2537, -670.5090, -23.4989,  64, 64, 64
L -196.2537, -670.5090, -23.4989,  -199.9108, -699.9063, -23.4989,  64, 64, 64
L -199.9108, -699.9063, -23.4989,  -200.5245, -703.3857, -23.4989,  64, 64, 64
L -200.5245, -703.3857, -23.4989,  -173.7572, -703.7975, -23.3937,  64, 64, 64
L -173.7572, -703.7975, -23.3937,  -157.1759, -703.4394, -23.4989,  64, 64, 64
L -157.1759, -703.4394, -23.4989,  -159.9980, -689.2762, -23.4989,  64, 64, 64
L -159.9980, -689.2762, -23.4989,  -161.4989, -661.8480, -23.4989,  64, 64, 64
L -161.4989, -661.8480, -23.4989,  -161.2139, -653.9850, -23.4989,  64, 64, 64
L -161.2139, -653.9850, -23.4989,  -159.6406, -644.2223, -23.4989,  64, 64, 64
L -159.6406, -644.2223, -23.4989,  -160.4132, -635.6208, -23.4989,  64, 64, 64
L -160.4132, -635.6208, -23.4989,  -171.3252, -628.6200, -23.4989,  64, 64, 64
L -180.2838, -639.7358, -23.4989,  -177.3146, -639.7358, -23.4989,  64, 64, 64
L -177.3146, -642.7051, -23.4986,  -180.2838, -642.7051, -23.4942,  64, 64, 64
L -180.2838, -642.7051, -23.4984,  -180.2838, -639.7358, -23.4975,  64, 64, 64
L -177.3146, -639.7358, -23.4986,  -177.3146, -642.7051, -23.4982,  64, 64, 64
L -180.1610, -699.7889, -23.4989,  -177.4918, -699.7939, -23.4984,  64, 64, 64
L -177.4918, -699.7939, -23.4983,  -177.4917, -702.4601, -23.4989,  64, 64, 64
L -177.4917, -702.4601, -23.4970,  -180.1608, -702.4601, -23.4970,  64, 64, 64
L -180.1608, -702.4601, -23.4980,  -180.1610, -699.7889, -23.4984,  64, 64, 64
L -158.8685, -635.9053, -23.4989,  -158.8846, -647.5176, -23.4989,  64, 64, 64
L -158.8846, -647.5176, -23.4989,  -160.7865, -655.9374, -23.4989,  64, 64, 64
L -160.7865, -655.9374, -23.4989,  -160.6785, -668.2300, -23.4989,  64, 64, 64
L -160.6785, -668.2300, -23.4989,  -157.2934, -698.2722, -23.4989,  64, 64, 64
L -157.2934, -698.2722, -23.4989,  -156.3288, -704.3238, -23.4986,  64, 64, 64
L -156.3288, -704.3238, -23.4972,  -201.3525, -704.1484, -23.4988,  64, 64, 64
L -201.3525, -704.1484, -23.4989,  -200.2161, -697.1412, -23.4958,  64, 64, 64
L -200.2161, -697.1412, -23.4958,  -196.8369, -667.8455, -23.4897,  64, 64, 64
L -196.8369, -667.8455, -23.4897,  -197.1090, -655.1486, -23.4975,  64, 64, 64
L -197.1090, -655.1486, -23.4975,  -198.6865, -647.7635, -23.4982,  64, 64, 64
L -198.6865, -647.7635, -23.4982,  -198.7401, -636.1287, -23.4989,  64, 64, 64
L -198.7401, -636.1287, -23.4989,  -189.5399, -628.8396, -23.4973,  64, 64, 64
L -189.5399, -628.8396, -23.4973,  -185.7540, -625.6277, -23.4989,  64, 64, 64
L -158.8685, -635.9053, -23.4989,  -171.8200, -626.7856, -23.4989,  64, 64, 64
L -171.8200, -626.7856, -23.4989,  -171.3252, -628.6200, -23.4989,  64, 64, 64
L -185.7540, -625.6277, -23.4989,  -184.8822, -626.4362, -23.4989,  64, 64, 64
L -219.4560, -595.6612, -23.4989,  -212.4327, -611.4054, -23.4989,  64, 64, 64
L -212.4327, -611.4054, -23.4989,  -218.9776, -621.8171, -23.4989,  64, 64, 64
L -218.9776, -621.8171, -23.4989,  -224.5533, -627.5938, -23.4988,  64, 64, 64
L -224.5533, -627.5938, -23.4988,  -230.4020, -637.4833, -23.4974,  64, 64, 64
L -230.4020, -637.4833, -23.4974,  -223.3307, -653.6979, -23.4989,  64, 64, 64
L -223.3307, -653.6979, -23.4989,  -229.2032, -663.8644, -23.4981,  64, 64, 64
L -229.2032, -663.8644, -23.4981,  -235.3044, -670.2866, -23.4989,  64, 64, 64
L -235.3044, -670.2866, -23.4989,  -241.3095, -680.4488, -23.4967,  64, 64, 64
L -241.3095, -680.4488, -23.4967,  -244.2810, -688.5986, -23.4986,  64, 64, 64
L -244.2810, -688.5986, -23.4986,  -247.8090, -693.6180, -23.3256,  64, 64, 64
L -247.8090, -693.6180, -23.3256,  -250.4285, -698.2827, -21.4351,  64, 64, 64
L -250.4285, -698.2827, -21.4351,  -261.5321, -698.5754, -19.1077,  64, 64, 64
L -261.5321, -698.5754, -19.1077,  -267.8131, -699.2700, -19.8075,  64, 64, 64
L -267.8131, -699.2700, -19.8075,  -274.3233, -710.4130, -22.3536,  64, 64, 64
L -274.3233, -710.4130, -22.3536,  -276.4549, -717.7430, -23.2299,  64, 64, 64
L -276.4549, -717.7430, -23.2299,  -282.6338, -728.4160, -23.1850,  64, 64, 64
L -282.6338, -728.4160, -23.1850,  -299.4771, -729.1498, -22.2101,  64, 64, 64
L -299.4562, -728.2675, -22.8880,  -282.9596, -727.2921, -23.1463,  64, 64, 64
L -282.9596, -727.2921, -23.1463,  -277.7101, -718.7296, -23.3470,  64, 64, 64
L -277.7101, -718.7296, -23.3470,  -277.5970, -717.2939, -23.1766,  64, 64, 64
L -277.5970, -717.2939, -23.1766,  -274.3570, -709.3958, -21.6517,  64, 64, 64
L -274.3570, -709.3958, -21.6517,  -272.2968, -705.2894, -21.4638,  64, 64, 64
L -272.2968, -705.2894, -21.4638,  -270.5200, -701.3414, -20.2638,  64, 64, 64
L -270.5200, -701.3414, -20.2638,  -268.8364, -698.3644, -19.9566,  64, 64, 64
L -268.8364, -698.3644, -19.3517,  -250.6314, -697.5009, -21.5717,  64, 64, 64
L -250.6314, -697.5009, -21.5717,  -244.4921, -687.8867, -23.4989,  64, 64, 64
L -244.4921, -687.8867, -23.4989,  -241.7120, -679.6490, -23.4989,  64, 64, 64
L -241.7120, -679.6490, -23.4989,  -235.8320, -669.8229, -23.4989,  64, 64, 64
L -235.8320, -669.8229, -23.4989,  -229.2209, -662.5439, -23.4989,  64, 64, 64
L -229.2209, -662.5439, -23.4989,  -223.9721, -653.9021, -23.4989,  64, 64, 64
L -223.9721, -653.9021, -23.4989,  -229.8017, -640.8251, -23.4989,  64, 64, 64
L -229.8017, -640.8251, -23.4989,  -230.9969, -637.8160, -23.4989,  64, 64, 64
L -230.9969, -637.8160, -23.4989,  -225.3280, -627.1462, -23.4989,  64, 64, 64
L -225.3280, -627.1462, -23.4989,  -218.9780, -620.6757, -23.4989,  64, 64, 64
L -218.9780, -620.6757, -23.4989,  -213.2530, -611.3028, -23.4989,  64, 64, 64
L -213.2530, -611.3028, -23.4989,  -220.5880, -595.7166, -23.4989,  64, 64, 64
L -230.1904, -589.3990, -22.2519,  -246.5625, -591.2698, -21.6910,  64, 64, 64
L -246.5625, -591.2698, -21.6910,  -247.5130, -592.8097, -21.7948,  64, 64, 64
L -247.5130, -592.8097, -21.7948,  -253.3460, -601.7784, -23.4989,  64, 64, 64
L -253.3460, -601.7784, -23.4989,  -255.4201, -608.7350, -23.3300,  64, 64, 64
L -255.4201, -608.7350, -23.3300,  -261.2504, -619.6525, -21.2713,  64, 64, 64
L -261.2504, -619.6525, -21.2713,  -267.1395, -619.9604, -21.9635,  64, 64, 64
L -267.1395, -619.9604, -21.9635,  -279.1082, -621.3487, -23.4989,  64, 64, 64
L -279.1082, -621.3487, -23.4989,  -284.7296, -630.4775, -23.4989,  64, 64, 64
L -284.7296, -630.4775, -23.4989,  -287.3330, -638.7381, -23.4989,  64, 64, 64
L -287.3330, -638.7381, -23.4989,  -293.4993, -649.1530, -23.4989,  64, 64, 64
L -293.4993, -649.1530, -23.4989,  -299.4533, -655.3644, -23.4989,  64, 64, 64
L -299.4533, -655.3644, -23.4989,  -305.1184, -665.3738, -23.4989,  64, 64, 64
L -305.1184, -665.3738, -23.4989,  -298.7393, -680.7275, -23.4115,  64, 64, 64
L -298.7393, -680.7275, -23.4115,  -304.7248, -691.2747, -23.4989,  64, 64, 64
L -304.7248, -691.2747, -23.4989,  -311.3161, -698.6163, -23.4989,  64, 64, 64
L -311.3161, -698.6163, -23.4989,  -316.2590, -707.4528, -22.6128,  64, 64, 64
L -316.2590, -707.4528, -22.6128,  -309.8840, -722.3614, -21.2907,  64, 64, 64
L -311.7000, -722.6622, -21.7512,  -317.3030, -707.3946, -22.6173,  64, 64, 64
L -317.3030, -707.3946, -22.6173,  -312.9594, -700.4160, -23.4928,  64, 64, 64
L -312.9594, -700.4160, -23.4928,  -310.9986, -696.8655, -23.4989,  64, 64, 64
L -310.9986, -696.8655, -23.4989,  -305.3623, -690.9926, -23.4989,  64, 64, 64
L -305.3623, -690.9926, -23.4989,  -299.3593, -680.9758, -23.4196,  64, 64, 64
L -299.3593, -680.9758, -23.4196,  -301.4744, -676.4933, -23.4975,  64, 64, 64
L -301.4744, -676.4933, -23.4975,  -306.2550, -664.6685, -23.4989,  64, 64, 64
L -306.2550, -664.6685, -23.4989,  -299.5697, -654.2780, -23.4989,  64, 64, 64
L -299.5697, -654.2780, -23.4989,  -293.7054, -648.1089, -23.4914,  64, 64, 64
L -293.7054, -648.1089, -23.4914,  -287.8562, -638.1490, -23.4937,  64, 64, 64
L -287.8562, -638.1490, -23.4937,  -285.1422, -630.7120, -23.4989,  64, 64, 64
L -285.1422, -630.7120, -23.4989,  -279.1585, -620.2166, -23.4234,  64, 64, 64
L -279.1585, -620.2166, -23.4234,  -261.5892, -618.9634, -21.3092,  64, 64, 64
L -261.5892, -618.9634, -21.3092,  -255.8488, -608.6039, -22.9546,  64, 64, 64
L -255.8488, -608.6039, -22.9546,  -253.4253, -600.8289, -23.4976,  64, 64, 64
L -253.4253, -600.8289, -23.4976,  -246.7624, -590.5797, -21.5856,  64, 64, 64
L -246.7624, -590.5797, -21.5856,  -230.6480, -588.8665, -22.1847,  64, 64, 64
L -230.6480, -588.8665, -22.3060,  -230.1904, -589.3990, -22.2784,  64, 64, 64
L -219.4525, -595.6689, -23.4989,  -220.6810, -595.6953, -23.4711,  64, 64, 64
L -232.9163, -603.4625, -23.4989,  -230.3394, -605.7100, -23.4989,  64, 64, 64
L -230.3394, -605.7100, -23.4981,  -231.8884, -607.5915, -23.4989,  64, 64, 64
L -231.8884, -607.5915, -23.4904,  -234.4654, -606.4720, -23.4964,  64, 64, 64
L -234.4654, -606.4720, -23.4986,  -232.9163, -603.4625, -23.4984,  64, 64, 64
L -265.2144, -633.3019, -23.2892,  -262.6245, -634.8568, -23.2203,  64, 64, 64
L -262.6245, -634.8568, -23.3765,  -264.1739, -637.4514, -23.4985,  64, 64, 64
L -264.1739, -637.4514, -23.4979,  -266.7733, -635.8934, -23.4987,  64, 64, 64
L -266.7733, -635.8934, -23.4958,  -265.2144, -633.3019, -23.4063,  64, 64, 64
L -245.1774, -648.8375, -23.4989,  -243.6210, -646.2408, -23.4986,  64, 64, 64
L -243.6210, -646.2408, -23.4985,  -241.2440, -647.7971, -23.4988,  64, 64, 64
L -241.2440, -647.7971, -23.4989,  -242.5807, -650.3939, -23.4987,  64, 64, 64
L -242.5807, -650.3939, -23.4971,  -245.1774, -648.8375, -23.4986,  64, 64, 64
L -286.3014, -668.4785, -23.4989,  -283.7047, -670.3490, -23.4983,  64, 64, 64
L -283.7047, -670.3490, -23.4989,  -285.2660, -672.6396, -23.4987,  64, 64, 64
L -285.2660, -672.6396, -23.4989,  -287.8625, -671.8320, -23.4953,  64, 64, 64
L -287.8625, -671.8320, -23.4989,  -286.3014, -668.4785, -23.4984,  64, 64, 64
L -266.2447, -684.2020, -22.6954,  -264.7053, -681.4301, -23.6400,  64, 64, 64
L -264.7053, -681.4301, -22.9988,  -262.1286, -682.9823, -22.8311,  64, 64, 64
L -262.1286, -682.9823, -22.6347,  -263.6800, -685.5496, -22.2830,  64, 64, 64
L -263.6800, -685.5496, -22.2841,  -266.2447, -684.2020, -22.4866,  64, 64, 64
L -297.5919, -711.4183, -22.4561,  -295.5590, -712.9347, -22.5284,  64, 64, 64
L -295.5590, -712.9347, -22.4280,  -296.5806, -715.4556, -22.1683,  64, 64, 64
L -296.5806, -715.4556, -22.4480,  -299.9330, -713.9460, -21.9654,  64, 64, 64
L -299.9330, -713.9460, -22.1061,  -297.5919, -711.4183, -22.3616,  64, 64, 64
L -311.7000, -722.6622, -21.4268,  -309.8840, -722.3614, -21.4114,  64, 64, 64
L -299.4771, -729.1498, -22.1803,  -299.4562, -728.2675, -22.1068,  64, 64, 64
L -989.6086, 1004.8578, -23.4989,  -980.1186, 991.2499, -23.4989,  64, 64, 64
L -980.1186, 991.2499, -23.4989,  -967.8381, 991.4459, -23.4989,  64, 64, 64
L -967.8381, 991.4459, -23.4989,  -958.9894, 993.2454, -23.4989,  64, 64, 64
L -958.9894, 993.2454, -23.4989,  -949.1377, 993.1140, -23.4989,  64, 64, 64
L -949.1377, 993.1140, -23.4989,  -938.9990, 978.5212, -23.4989,  64, 64, 64
L -938.9990, 978.5212, -23.4989,  -925.5336, 978.7723, -23.4989,  64, 64, 64
L -925.5336, 978.7723, -23.4989,  -917.7943, 980.5095, -23.4989,  64, 64, 64
L -917.7943, 980.5095, -23.4989,  -906.5327, 980.4171, -23.4989,  64, 64, 64
L -906.5327, 980.4171, -23.4989,  -898.1250, 978.5229, -23.4989,  64, 64, 64
L -898.1250, 978.5229, -23.4989,  -886.6788, 978.5381, -23.4989,  64, 64, 64
L -886.6788, 978.5381, -23.4989,  -875.5304, 993.8278, -23.4989,  64, 64, 64
L -875.5304, 993.8278, -23.4989,  -864.9180, 993.1865, -23.4989,  64, 64, 64
L -864.9180, 993.1865, -23.4989,  -855.8926, 991.2519, -23.4989,  64, 64, 64
L -855.8926, 991.2519, -23.4989,  -844.1323, 991.9433, -23.4989,  64, 64, 64
L -835.3658, 1017.2939, -21.4009,  -844.8238, 1030.2339, -22.3382,  64, 64, 64
L -844.8238, 1030.2339, -22.3382,  -857.5814, 1030.8679, -23.2038,  64, 64, 64
L -857.5814, 1030.8679, -23.2038,  -863.4709, 1028.8683, -23.4989,  64, 64, 64
L -863.4709, 1028.8683, -23.4989,  -875.6403, 1028.6061, -23.4989,  64, 64, 64
L -875.6403, 1028.6061, -23.4989,  -887.3940, 1042.5957, -23.4989,  64, 64, 64
L -887.3940, 1042.5957, -23.4989,  -898.3984, 1042.5115, -23.4989,  64, 64, 64
L -898.3984, 1042.5115, -23.4989,  -906.5163, 1040.7482, -23.4989,  64, 64, 64
L -906.5163, 1040.7482, -23.4989,  -918.9266, 1040.7550, -23.4989,  64, 64, 64
L -918.9266, 1040.7550, -23.4989,  -927.8682, 1042.5923, -23.4989,  64, 64, 64
L -927.8682, 1042.5923, -23.4989,  -938.4908, 1042.1399, -23.4989,  64, 64, 64
L -938.4908, 1042.1399, -23.4989,  -948.7643, 1028.3312, -23.4989,  64, 64, 64
L -948.7643, 1028.3312, -23.4989,  -961.4642, 1028.7704, -23.4989,  64, 64, 64
L -961.4642, 1028.7704, -23.4989,  -970.1158, 1030.5000, -23.4989,  64, 64, 64
L -970.1158, 1030.5000, -23.4989,  -980.3790, 1030.1968, -23.4989,  64, 64, 64
L -980.3790, 1030.1968, -23.4989,  -990.1299, 1017.4468, -23.4989,  64, 64, 64
L -990.9456, 1017.7952, -23.4976,  -980.2848, 1031.3667, -23.4989,  64, 64, 64
L -980.2848, 1031.3667, -23.4989,  -967.8445, 1031.2450, -23.4989,  64, 64, 64
L -967.8445, 1031.2450, -23.4989,  -959.8152, 1029.4092, -23.4926,  64, 64, 64
L -959.8152, 1029.4092, -23.4926,  -948.8635, 1029.4264, -23.4859,  64, 64, 64
L -948.8635, 1029.4264, -23.4859,  -946.3826, 1033.1040, -23.4935,  64, 64, 64
L -946.3826, 1033.1040, -23.4935,  -938.6896, 1043.5719, -23.4947,  64, 64, 64
L -938.6896, 1043.5719, -23.4947,  -926.7332, 1043.3623, -23.4989,  64, 64, 64
L -926.7332, 1043.3623, -23.4989,  -917.2555, 1041.4612, -23.4987,  64, 64, 64
L -917.2555, 1041.4612, -23.4987,  -906.7419, 1041.5961, -23.4966,  64, 64, 64
L -906.7419, 1041.5961, -23.4966,  -898.7355, 1043.2472, -23.4933,  64, 64, 64
L -898.7355, 1043.2472, -23.4933,  -886.8499, 1043.3622, -23.4986,  64, 64, 64
L -886.8499, 1043.3622, -23.4986,  -885.5809, 1042.3678, -23.4983,  64, 64, 64
L -885.5809, 1042.3678, -23.4983,  -878.2289, 1032.8202, -23.4989,  64, 64, 64
L -878.2289, 1032.8202, -23.4989,  -875.8170, 1029.3280, -23.4896,  64, 64, 64
L -875.8170, 1029.3280, -23.4896,  -864.2800, 1029.5127, -23.4844,  64, 64, 64
L -864.2800, 1029.5127, -23.4844,  -855.3216, 1031.1620, -22.9422,  64, 64, 64
L -855.3216, 1031.1620, -22.9422,  -844.8083, 1031.4430, -22.4340,  64, 64, 64
L -844.8083, 1031.4430, -22.4340,  -837.1050, 1021.3586, -21.6255,  64, 64, 64
L -837.1050, 1021.3586, -21.6255,  -834.5038, 1017.6739, -21.5075,  64, 64, 64
L -834.6471, 1004.5162, -22.6658,  -844.2604, 990.4921, -23.4989,  64, 64, 64
L -844.2604, 990.4921, -23.4989,  -856.4043, 990.4731, -23.4989,  64, 64, 64
L -856.4043, 990.4731, -23.4989,  -865.5778, 992.3787, -23.4989,  64, 64, 64
L -865.5778, 992.3787, -23.4989,  -875.9402, 992.2450, -23.4989,  64, 64, 64
L -875.9402, 992.2450, -23.4989,  -886.3124, 977.7720, -23.4989,  64, 64, 64
L -886.3124, 977.7720, -23.4989,  -898.6295, 977.7336, -23.4989,  64, 64, 64
L -898.6295, 977.7336, -23.4989,  -907.1454, 979.6547, -23.4987,  64, 64, 64
L -907.1454, 979.6547, -23.4987,  -918.2979, 979.5856, -23.4989,  64, 64, 64
L -918.2979, 979.5856, -23.4989,  -926.7667, 977.6979, -23.4989,  64, 64, 64
L -926.7667, 977.6979, -23.4989,  -938.3687, 977.7078, -23.4989,  64, 64, 64
L -938.3687, 977.7078, -23.4989,  -947.4260, 990.4448, -23.4782,  64, 64, 64
L -947.4260, 990.4448, -23.4782,  -949.9600, 992.3141, -23.4950,  64, 64, 64
L -949.9600, 992.3141, -23.4950,  -960.5503, 992.3309, -23.4979,  64, 64, 64
L -960.5503, 992.3309, -23.4979,  -968.6468, 990.4423, -23.4989,  64, 64, 64
L -968.6468, 990.4423, -23.4989,  -980.1993, 990.4424, -23.4989,  64, 64, 64
L -980.1993, 990.4424, -23.4989,  -990.4794, 1004.4856, -23.4960,  64, 64, 64
L -1028.6929, 1038.5999, -23.4968,  -1035.9435, 1029.3009, -24.2699,  64, 64, 64
L -1035.9435, 1029.3009, -24.2699,  -1042.3639, 1023.6843, -25.6688,  64, 64, 64
L -1042.3639, 1023.6843, -25.6688,  -1049.9705, 1013.5746, -26.5848,  64, 64, 64
L -1049.9705, 1013.5746, -26.5848,  -1058.8859, 998.8520, -28.1759,  64, 64, 64
L -1058.8859, 998.8520, -28.1759,  -1068.9032, 983.2151, -27.2369,  64, 64, 64
L -1068.9032, 983.2151, -27.2610,  -1090.5376, 1000.8419, -24.6916,  64, 64, 64
L -1090.5376, 1000.8419, -24.6916,  -1103.6486, 1011.5493, -24.1129,  64, 64, 64
L -1103.6486, 1011.5493, -24.3819,  -1077.5153, 1037.4066, -25.8260,  64, 64, 64
L -1077.5153, 1037.4066, -25.8260,  -1070.8579, 1046.5349, -25.7590,  64, 64, 64
L -1070.8579, 1046.5349, -25.7590,  -1065.9064, 1054.3461, -24.1604,  64, 64, 64
L -1065.9064, 1054.3461, -24.1604,  -1058.5205, 1062.8115, -22.8312,  64, 64, 64
L -1058.5205, 1062.8115, -22.8312,  -1043.4540, 1062.9340, -22.9772,  64, 64, 64
L -1033.2233, 1054.2166, -23.4989,  -1028.6929, 1038.5999, -23.4989,  64, 64, 64
L -1043.2371, 1061.5126, -23.1234,  -1058.5620, 1062.2439, -23.1700,  64, 64, 64
L -1058.5620, 1062.2439, -23.1700,  -1066.2909, 1052.8386, -24.3370,  64, 64, 64
L -1066.2909, 1052.8386, -24.3370,  -1069.6759, 1045.9844, -25.1310,  64, 64, 64
L -1069.6759, 1045.9844, -25.1310,  -1077.5786, 1036.3622, -25.8427,  64, 64, 64
L -1077.5786, 1036.3622, -25.8427,  -1098.2948, 1015.8660, -25.5560,  64, 64, 64
L -1098.2948, 1015.8660, -25.5560,  -1102.7986, 1011.7906, -24.2195,  64, 64, 64
L -1102.7986, 1011.7906, -24.2195,  -1068.9839, 984.2621, -27.1351,  64, 64, 64
L -1068.9839, 984.2621, -27.1351,  -1056.8770, 1003.6559, -27.8262,  64, 64, 64
L -1056.8770, 1003.6559, -27.8262,  -1042.9694, 1023.7245, -25.7520,  64, 64, 64
L -1042.9694, 1023.7245, -25.7520,  -1036.9474, 1029.2880, -24.3944,  64, 64, 64
L -1036.9474, 1029.2880, -24.3944,  -1029.4037, 1038.6746, -23.4989,  64, 64, 64
L -1029.4037, 1038.6746, -23.4989,  -1033.8423, 1054.1399, -23.4989,  64, 64, 64
L -1047.2655, 1048.6521, -23.4989,  -1045.2699, 1046.8406, -23.4983,  64, 64, 64
L -1045.2699, 1046.8406, -23.4989,  -1046.8145, 1044.5691, -23.6935,  64, 64, 64
L -1046.8145, 1044.5691, -23.7684,  -1049.8679, 1046.3866, -23.8020,  64, 64, 64
L -1049.8679, 1046.3866, -23.6822,  -1047.2655, 1048.6521, -23.4920,  64, 64, 64
L -1084.7019, 1001.7404, -25.5027,  -1082.6124, 1000.6930, -25.5314,  64, 64, 64
L -1082.6124, 1000.6930, -25.4868,  -1084.2892, 997.9888, -25.3549,  64, 64, 64
L -1084.2892, 997.9888, -25.2692,  -1086.3622, 999.6534, -25.1390,  64, 64, 64
L -1086.3622, 999.6534, -25.1555,  -1084.7019, 1001.7404, -25.3921,  64, 64, 64
L -976.9280, 1009.1044, -23.4973,  -976.9280, 1012.1222, -23.4974,  64, 64, 64
L -976.9280, 1012.1222, -23.4982,  -973.9102, 1012.1222, -23.4976,  64, 64, 64
L -973.9102, 1012.1222, -23.4987,  -973.9102, 1009.1041, -23.4986,  64, 64, 64
L -973.9102, 1009.1041, -23.4984,  -976.9280, 1009.1044, -23.4962,  64, 64, 64
L -934.3500, 996.2721, -23.4969,  -934.3500, 999.3097, -23.4965,  64, 64, 64
L -934.3500, 999.3097, -23.4984,  -931.3029, 999.3097, -23.4954,  64, 64, 64
L -931.3029, 999.3097, -23.4989,  -931.3029, 996.2721, -23.4987,  64, 64, 64
L -931.3029, 996.2721, -23.4968,  -934.3500, 996.2721, -23.4987,  64, 64, 64
L -934.3501, 1021.4479, -23.4983,  -934.3500, 1024.4855, -23.4969,  64, 64, 64
L -934.3500, 1024.4855, -23.4970,  -931.3029, 1024.4854, -23.4927,  64, 64, 64
L -931.3029, 1024.4854, -23.4987,  -931.3029, 1021.4479, -23.4989,  64, 64, 64
L -931.3029, 1021.4479, -23.4987,  -934.3501, 1021.4479, -23.4989,  64, 64, 64
L -893.3246, 996.2721, -23.4989,  -893.3242, 999.3097, -23.4954,  64, 64, 64
L -893.3242, 999.3097, -23.4969,  -890.2826, 999.3097, -23.4973,  64, 64, 64
L -890.2826, 999.3097, -23.4989,  -890.3003, 996.2721, -23.4982,  64, 64, 64
L -890.3003, 996.2721, -23.4989,  -893.3246, 996.2721, -23.4989,  64, 64, 64
L -890.2870, 1021.4479, -23.4989,  -893.3246, 1021.4479, -23.4987,  64, 64, 64
L -893.3246, 1021.4479, -23.4959,  -893.3246, 1024.4855, -23.4967,  64, 64, 64
L -893.3246, 1024.4855, -23.4985,  -890.2870, 1024.4854, -23.4894,  64, 64, 64
L -890.2870, 1024.4854, -23.4984,  -890.2870, 1021.4479, -23.4989,  64, 64, 64
L -851.9550, 1009.1037, -23.4969,  -851.1218, 1012.1191, -23.4545,  64, 64, 64
L -851.1218, 1012.1191, -23.2762,  -848.1014, 1012.1105, -23.8070,  64, 64, 64
L -848.1014, 1012.1105, -23.9450,  -848.9280, 1009.1063, -23.2985,  64, 64, 64
L -848.9280, 1009.1063, -23.4277,  -851.9550, 1009.1037, -23.4989,  64, 64, 64
L -844.1323, 991.9433, -23.4989,  -834.9138, 1004.9561, -22.8667,  64, 64, 64
L 1642.4027, -1314.2665, -35.6049,  1633.5562, -1327.1394, -36.7652,  64, 64, 64
L 1633.5562, -1327.1394, -36.7652,  1623.4795, -1327.7428, -39.1199,  64, 64, 64
L 1623.4795, -1327.7428, -39.1199,  1614.7306, -1326.4370, -41.1754,  64, 64, 64
L 1614.7306, -1326.4370, -41.1754,  1602.1990, -1326.9988, -44.1531,  64, 64, 64
L 1602.1990, -1326.9988, -44.1531,  1599.4429, -1331.1355, -44.7147,  64, 64, 64
L 1599.4429, -1331.1355, -44.7147,  1597.1687, -1334.3950, -44.9902,  64, 64, 64
L 1597.1687, -1334.3950, -44.9902,  1591.5841, -1341.1802, -44.5185,  64, 64, 64
L 1591.5841, -1341.1802, -44.5185,  1580.6708, -1341.1990, -44.5427,  64, 64, 64
L 1580.6708, -1341.1990, -44.5427,  1572.1189, -1339.4159, -43.8521,  64, 64, 64
L 1572.1189, -1339.4159, -43.8521,  1558.9044, -1338.8307, -42.3179,  64, 64, 64
L 1558.9044, -1338.8307, -42.3179,  1551.2079, -1340.6460, -40.1707,  64, 64, 64
L 1551.2079, -1340.6460, -40.1707,  1540.8068, -1339.5309, -37.9146,  64, 64, 64
L 1540.8068, -1339.5309, -37.9146,  1530.9735, -1325.9226, -38.7993,  64, 64, 64
L 1530.9735, -1325.9226, -38.7993,  1516.2167, -1325.4069, -36.8990,  64, 64, 64
L 1516.2167, -1325.4069, -36.8990,  1509.5614, -1326.7379, -34.3661,  64, 64, 64
L 1509.5614, -1326.7379, -34.3661,  1499.2615, -1326.8678, -32.1160,  64, 64, 64
L 1499.2615, -1326.8678, -32.1160,  1488.8571, -1313.3169, -31.8388,  64, 64, 64
L 1490.9119, -1315.9933, -31.8388,  1490.8937, -1315.9680, -31.8367,  64, 64, 64
L 1491.2689, -1302.1608, -31.9665,  1496.2592, -1295.2050, -32.9052,  64, 64, 64
L 1496.2592, -1295.2050, -32.9052,  1498.7454, -1291.6853, -32.9052,  64, 64, 64
L 1498.7454, -1291.6853, -32.9052,  1500.2699, -1291.6321, -32.9052,  64, 64, 64
L 1500.2699, -1291.6321, -32.9052,  1509.5386, -1291.5824, -36.2471,  64, 64, 64
L 1509.5386, -1291.5824, -36.2471,  1517.3621, -1292.7880, -38.4834,  64, 64, 64
L 1517.3621, -1292.7880, -38.4834,  1530.9811, -1292.1835, -40.3365,  64, 64, 64
L 1530.9811, -1292.1835, -40.3365,  1540.9426, -1277.7389, -39.9185,  64, 64, 64
L 1540.9426, -1277.7389, -39.9185,  1551.6775, -1277.4800, -42.3992,  64, 64, 64
L 1551.6775, -1277.4800, -42.3992,  1560.3856, -1278.8484, -44.5640,  64, 64, 64
L 1560.3856, -1278.8484, -44.5640,  1572.8988, -1278.3687, -45.9876,  64, 64, 64
L 1572.8988, -1278.3687, -45.9876,  1580.2090, -1276.4529, -47.3020,  64, 64, 64
L 1580.2090, -1276.4529, -47.3020,  1591.5265, -1276.4229, -47.3020,  64, 64, 64
L 1591.5265, -1276.4229, -47.3020,  1602.4843, -1291.4083, -45.8760,  64, 64, 64
L 1602.4843, -1291.4083, -45.8760,  1612.3269, -1291.9031, -42.8063,  64, 64, 64
L 1612.3269, -1291.9031, -42.8063,  1615.2925, -1291.9116, -42.4194,  64, 64, 64
L 1615.2925, -1291.9116, -42.4194,  1622.6865, -1290.2915, -41.9348,  64, 64, 64
L 1622.6865, -1290.2915, -41.9348,  1633.5988, -1290.6565, -40.2184,  64, 64, 64
L 1633.5988, -1290.6565, -40.2184,  1642.5990, -1304.4198, -37.2627,  64, 64, 64
L 1642.1229, -1304.7034, -37.3066,  1633.3014, -1291.3711, -40.2028,  64, 64, 64
L 1633.3014, -1291.3711, -40.2028,  1622.2108, -1291.1587, -41.7892,  64, 64, 64
L 1622.2108, -1291.1587, -41.7892,  1615.4340, -1292.7249, -42.2597,  64, 64, 64
L 1615.4340, -1292.7249, -42.2597,  1601.2156, -1291.9895, -45.3102,  64, 64, 64
L 1601.2156, -1291.9895, -45.3102,  1591.6724, -1277.1215, -47.3020,  64, 64, 64
L 1591.6724, -1277.1215, -47.3020,  1580.4093, -1277.1338, -47.3020,  64, 64, 64
L 1580.4093, -1277.1338, -47.3020,  1576.4041, -1277.9998, -46.3667,  64, 64, 64
L 1576.4041, -1277.9998, -46.3667,  1572.2516, -1279.2218, -46.1680,  64, 64, 64
L 1572.2516, -1279.2218, -46.1680,  1559.2865, -1279.4175, -44.4144,  64, 64, 64
L 1559.2865, -1279.4175, -44.4144,  1551.7260, -1278.3739, -42.4808,  64, 64, 64
L 1551.7260, -1278.3739, -42.4808,  1540.9166, -1278.7083, -40.2600,  64, 64, 64
L 1540.9166, -1278.7083, -40.2600,  1533.2080, -1289.7179, -40.3085,  64, 64, 64
L 1533.2080, -1289.7179, -40.3085,  1532.2758, -1291.4879, -40.4067,  64, 64, 64
L 1532.2758, -1291.4879, -40.4067,  1531.2787, -1292.8539, -40.4498,  64, 64, 64
L 1531.2787, -1292.8539, -40.4498,  1527.4080, -1293.1176, -40.2720,  64, 64, 64
L 1527.4080, -1293.1176, -40.2720,  1521.4972, -1293.1085, -39.3335,  64, 64, 64
L 1521.4972, -1293.1085, -39.3335,  1516.1808, -1293.4269, -38.2909,  64, 64, 64
L 1516.1808, -1293.4269, -38.2909,  1509.2661, -1292.1648, -36.1679,  64, 64, 64
L 1509.2661, -1292.1648, -36.1679,  1504.7296, -1292.4148, -34.5660,  64, 64, 64
L 1504.7296, -1292.4148, -34.5660,  1499.5430, -1292.3888, -32.8965,  64, 64, 64
L 1499.5430, -1292.3888, -32.8965,  1495.9657, -1296.7682, -32.8091,  64, 64, 64
L 1495.9657, -1296.7682, -32.8091,  1492.1082, -1302.1608, -31.9789,  64, 64, 64
L 1492.1082, -1302.1608, -31.9789,  1491.1769, -1304.9467, -31.8854,  64, 64, 64
L 1490.3853, -1314.1089, -31.9346,  1494.7753, -1320.1737, -32.2697,  64, 64, 64
L 1494.7753, -1320.1737, -32.2697,  1499.2844, -1326.4048, -32.6850,  64, 64, 64
L 1499.2844, -1326.4048, -32.6850,  1509.4618, -1326.1365, -34.4005,  64, 64, 64
L 1509.4618, -1326.1365, -34.4005,  1516.3259, -1324.7161, -36.1946,  64, 64, 64
L 1516.3259, -1324.7161, -36.1946,  1526.2094, -1325.6310, -37.8646,  64, 64, 64
L 1526.2094, -1325.6310, -37.8646,  1531.4900, -1325.2688, -38.9703,  64, 64, 64
L 1531.4900, -1325.2688, -38.9703,  1540.9402, -1338.7887, -38.1199,  64, 64, 64
L 1540.9402, -1338.7887, -38.1199,  1543.5751, -1338.9806, -38.5803,  64, 64, 64
L 1543.5751, -1338.9806, -38.5803,  1551.6864, -1339.3440, -40.4943,  64, 64, 64
L 1551.6864, -1339.3440, -40.4943,  1559.9708, -1338.4159, -42.5328,  64, 64, 64
L 1559.9708, -1338.4159, -42.5328,  1572.5631, -1338.3737, -43.9602,  64, 64, 64
L 1572.5631, -1338.3737, -43.9602,  1581.6132, -1340.3677, -44.6195,  64, 64, 64
L 1581.6132, -1340.3677, -44.6195,  1591.6327, -1340.3152, -44.6208,  64, 64, 64
L 1591.6327, -1340.3152, -44.6208,  1600.2089, -1328.6594, -44.6021,  64, 64, 64
L 1600.2089, -1328.6594, -44.6021,  1601.8661, -1326.3279, -44.2135,  64, 64, 64
L 1601.8661, -1326.3279, -44.2135,  1614.5387, -1325.8262, -41.2434,  64, 64, 64
L 1614.5387, -1325.8262, -41.2434,  1622.7864, -1327.1475, -39.3074,  64, 64, 64
L 1622.7864, -1327.1475, -39.3074,  1633.1909, -1326.4717, -36.8575,  64, 64, 64
L 1633.1909, -1326.4717, -36.8575,  1641.6592, -1314.4979, -35.6901,  64, 64, 64
L 1183.9561, -2124.3147, 174.8625,  1155.3268, -2150.7393, 164.4493,  150, 0, 200
L 1181.3241, -2122.4302, 175.2440,  1172.8914, -2113.4595, 175.8094,  64, 64, 64
L 1172.8914, -2113.4595, 175.8094,  1171.2295, -2111.4512, 174.8774,  64, 64, 64
L 1171.2295, -2111.4512, 174.8774,  1144.9163, -2101.6211, 177.9131,  64, 64, 64
L 1144.9163, -2101.6211, 177.9131,  1121.2302, -2100.2786, 181.9076,  64, 64, 64
L 1121.2302, -2100.2786, 181.9076,  1107.9680, -2098.5437, 184.1845,  64, 64, 64
L 1107.9680, -2098.5437, 184.1845,  1098.2780, -2093.3721, 187.3840,  64, 64, 64
L 1098.2780, -2093.3721, 187.3840,  1089.4839, -2083.9358, 189.6684,  64, 64, 64
L 1089.4839, -2083.9358, 189.6684,  1088.2310, -2068.3726, 193.1243,  64, 64, 64
L 1088.2310, -2068.3726, 193.1243,  1091.7634, -2060.2703, 196.8163,  64, 64, 64
L 1091.7634, -2060.2703, 196.8163,  1096.2079, -2050.1719, 198.4430,  64, 64, 64
L 1096.2079, -2050.1719, 198.4430,  1105.3671, -2032.7102, 199.5150,  64, 64, 64
L 1105.3671, -2032.7102, 199.5150,  1110.5026, -2021.7671, 198.5655,  64, 64, 64
L 1110.5026, -2021.7671, 198.5655,  1116.4965, -2005.3390, 196.9834,  64, 64, 64
L 1116.4965, -2005.3390, 196.9834,  1119.7300, -1984.2354, 193.4470,  64, 64, 64
L 1119.7300, -1984.2354, 193.4470,  1115.1919, -1959.5763, 190.2149,  64, 64, 64
L 1115.1919, -1959.5763, 190.2149,  1097.4993, -1936.2172, 187.2638,  64, 64, 64
L 1097.4993, -1936.2172, 187.2638,  1081.3800, -1926.8501, 185.1559,  64, 64, 64
L 1081.3800, -1926.8501, 185.1559,  1073.5873, -1922.8003, 184.2084,  64, 64, 64
L 1073.5873, -1922.8003, 184.2084,  1044.6906, -1917.6608, 181.8697,  64, 64, 64
L 1044.6906, -1917.6608, 181.8697,  1025.9780, -1916.4845, 177.2278,  64, 64, 64
L 1025.9780, -1916.4845, 177.2278,  1014.6697, -1911.2056, 173.3669,  64, 64, 64
L 1014.6697, -1911.2056, 173.3669,  1008.9775, -1902.6624, 172.6580,  64, 64, 64
L 1008.9775, -1902.6624, 172.6580,  1007.3913, -1885.1958, 163.2840,  64, 64, 64
L 1007.3913, -1885.1958, 163.2840,  1015.5049, -1877.6189, 159.1169,  64, 64, 64
L 1015.5049, -1877.6189, 159.1169,  1022.5954, -1875.7588, 156.6743,  64, 64, 64
L 1022.5954, -1875.7588, 156.6743,  1038.7864, -1875.6221, 153.3893,  64, 64, 64
L 1038.7864, -1875.6221, 153.3893,  1065.7273, -1872.1930, 150.3746,  64, 64, 64
L 1065.7273, -1872.1930, 150.3746,  1092.8091, -1857.1521, 146.5148,  64, 64, 64
L 1092.8091, -1857.1521, 146.5148,  1107.6073, -1831.1332, 143.3667,  64, 64, 64
L 1107.6073, -1831.1332, 143.3667,  1112.1040, -1803.2200, 138.1156,  64, 64, 64
L 1112.1040, -1803.2200, 138.1156,  1108.3622, -1783.9131, 132.9677,  64, 64, 64
L 1108.3622, -1783.9131, 132.9677,  1101.9309, -1768.2837, 128.8405,  64, 64, 64
L 1101.9309, -1768.2837, 128.8405,  1087.4240, -1746.4066, 124.2840,  64, 64, 64
L 1087.4240, -1746.4066, 124.2840,  1079.2874, -1733.2522, 119.4300,  64, 64, 64
L 1079.2874, -1733.2522, 119.4300,  1074.9231, -1720.5630, 114.8816,  64, 64, 64
L 1074.9231, -1720.5630, 114.8816,  1074.4369, -1705.6470, 109.8893,  64, 64, 64
L 1074.4369, -1705.6470, 109.8893,  1076.1238, -1689.7173, 102.6850,  64, 64, 64
L 1076.1238, -1689.7173, 102.6850,  1083.7716, -1675.2046, 98.7533,  64, 64, 64
L 1083.7716, -1675.2046, 98.7533,  1091.2417, -1653.5814, 90.3960,  64, 64, 64
L 1091.2417, -1653.5814, 90.3960,  1086.3451, -1616.7172, 75.3461,  64, 64, 64
L -1383.2638, -281.4184, -23.4989,  -1398.6890, -286.7733, -23.4989,  64, 64, 64
L -1398.6890, -286.7733, -23.4989,  -1402.3811, -298.1134, -23.4989,  64, 64, 64
L -1402.3811, -298.1134, -23.4989,  -1403.5659, -306.5260, -23.4989,  64, 64, 64
L -1403.5659, -306.5260, -23.4989,  -1407.9264, -318.8469, -23.4989,  64, 64, 64
L -1407.9264, -318.8469, -23.4989,  -1422.9292, -349.4728, -23.4989,  64, 64, 64
L -1422.9292, -349.4728, -23.4989,  -1381.5702, -363.7669, -23.4989,  64, 64, 64
L -1381.5702, -363.7669, -23.4989,  -1372.9779, -326.3188, -23.4989,  64, 64, 64
L -1372.9779, -326.3188, -23.4989,  -1369.4109, -315.8664, -23.4989,  64, 64, 64
L -1369.4109, -315.8664, -23.4989,  -1364.7578, -307.7081, -23.4989,  64, 64, 64
L -1364.7578, -307.7081, -23.4989,  -1361.8700, -299.4430, -23.4989,  64, 64, 64
L -1360.4491, -299.9250, -23.4989,  -1364.8716, -310.3960, -23.4989,  64, 64, 64
L -1364.8716, -310.3960, -23.4989,  -1369.5171, -317.9495, -23.4978,  64, 64, 64
L -1369.5171, -317.9495, -23.4978,  -1373.2244, -329.1028, -23.4958,  64, 64, 64
L -1373.2244, -329.1028, -23.4958,  -1381.5680, -364.7744, -23.4989,  64, 64, 64
L -1381.5680, -364.7744, -23.4965,  -1423.8158, -350.2760, -23.4989,  64, 64, 64
L -1423.8158, -350.2760, -23.4957,  -1407.6426, -316.3854, -23.4647,  64, 64, 64
L -1407.6426, -316.3854, -23.4647,  -1403.9131, -304.8704, -23.4866,  64, 64, 64
L -1403.9131, -304.8704, -23.4866,  -1403.4740, -296.9864, -23.4989,  64, 64, 64
L -1403.4740, -296.9864, -23.4989,  -1398.8993, -285.4619, -23.4989,  64, 64, 64
L -1398.8993, -285.4619, -23.4989,  -1383.1514, -280.7264, -23.4989,  64, 64, 64
L -1401.3506, -247.6900, -24.1665,  -1413.3643, -258.2622, -23.7015,  64, 64, 64
L -1413.3643, -258.2622, -23.7015,  -1424.9821, -256.1435, -23.9497,  64, 64, 64
L -1424.9821, -256.1435, -23.9497,  -1432.3040, -252.9548, -24.3234,  64, 64, 64
L -1432.3040, -252.9548, -24.3234,  -1444.5397, -250.7963, -24.5744,  64, 64, 64
L -1444.5397, -250.7963, -24.5744,  -1461.5968, -249.5190, -24.5353,  64, 64, 64
L -1461.5968, -249.5190, -24.5353,  -1473.2999, -248.4670, -23.2764,  64, 64, 64
L -1473.2999, -248.4670, -23.2764,  -1480.8290, -248.1865, -22.5198,  64, 64, 64
L -1480.8290, -248.1865, -23.1610,  -1472.7372, -204.1079, -24.5823,  64, 64, 64
L -1472.7372, -204.1079, -25.3530,  -1462.2898, -207.6480, -26.7939,  64, 64, 64
L -1462.2898, -207.6480, -26.7939,  -1435.3689, -214.7330, -27.6427,  64, 64, 64
L -1435.3689, -214.7330, -27.6427,  -1426.3755, -216.6195, -26.5887,  64, 64, 64
L -1426.3755, -216.6195, -26.5887,  -1417.2699, -216.7389, -25.4933,  64, 64, 64
L -1417.2699, -216.7389, -25.4933,  -1406.9301, -219.1075, -24.2104,  64, 64, 64
L -1406.9301, -219.1075, -24.2104,  -1401.1638, -228.8057, -23.6340,  64, 64, 64
L -1401.1638, -228.8057, -23.6340,  -1399.1167, -233.3609, -23.4975,  64, 64, 64
L -1399.1167, -233.3609, -23.4975,  -1400.8479, -232.8880, -23.5078,  64, 64, 64
L -1400.8479, -232.8880, -23.5078,  -1406.5861, -219.7308, -24.2684,  64, 64, 64
L -1406.5861, -219.7308, -24.2684,  -1417.7135, -217.4168, -25.5712,  64, 64, 64
L -1417.7135, -217.4168, -25.5712,  -1426.2167, -217.5002, -26.5701,  64, 64, 64
L -1426.2167, -217.5002, -26.5701,  -1472.1232, -204.7881, -24.7693,  64, 64, 64
L -1472.1232, -204.7881, -24.7693,  -1479.9640, -247.5760, -22.5975,  64, 64, 64
L -1479.9640, -247.5760, -22.5975,  -1470.5532, -247.9641, -23.6245,  64, 64, 64
L -1470.5532, -247.9641, -23.6245,  -1442.7726, -250.5061, -24.6104,  64, 64, 64
L -1442.7726, -250.5061, -24.6104,  -1432.7208, -252.3267, -24.3970,  64, 64, 64
L -1432.7208, -252.3267, -24.3970,  -1424.1405, -255.6222, -24.1080,  64, 64, 64
L -1424.1405, -255.6222, -24.1080,  -1413.3884, -257.4422, -23.7976,  64, 64, 64
L -1413.3884, -257.4422, -23.7976,  -1401.8085, -246.2225, -23.9314,  64, 64, 64
L 265.0000, -652.0000, 7.0000,  247.0000, -656.0000, 10.0000,  240, 240, 240
L 266.0000, -652.0000, 8.0000,  269.0000, -649.0000, 7.0000,  240, 240, 240
L 269.0000, -649.0000, 7.0000,  271.0000, -646.0000, 7.0000,  240, 240, 240
L 271.0000, -646.0000, 7.0000,  273.0000, -644.0000, 8.0000,  240, 240, 240
L 273.0000, -644.0000, 8.0000,  271.0000, -646.0000, 7.0000,  240, 240, 240
L 282.0000, -632.0000, 9.0000,  273.0000, -644.0000, 8.0000,  240, 240, 240
L 300.0000, -611.0000, 11.0000,  282.0000, -632.0000, 9.0000,  240, 240, 240
L 318.0000, -589.0000, 10.0000,  300.0000, -611.0000, 11.0000,  240, 240, 240
L 324.0000, -581.0000, 11.0000,  318.0000, -589.0000, 10.0000,  240, 240, 240
L 330.0000, -574.0000, 12.0000,  332.0000, -571.0000, 11.0000,  240, 240, 240
L 332.0000, -571.0000, 11.0000,  335.0000, -567.0000, 11.0000,  240, 240, 240
L 335.0000, -567.0000, 11.0000,  337.0000, -563.0000, 10.0000,  240, 240, 240
L 337.0000, -563.0000, 10.0000,  335.0000, -567.0000, 11.0000,  240, 240, 240
L 344.0000, -551.0000, 11.0000,  337.0000, -563.0000, 10.0000,  240, 240, 240
L 348.0000, -543.0000, 13.0000,  344.0000, -551.0000, 11.0000,  240, 240, 240
L 354.0000, -532.0000, 14.0000,  348.0000, -543.0000, 13.0000,  240, 240, 240
L 356.0000, -528.0000, 14.0000,  358.0000, -522.0000, 14.0000,  240, 240, 240
L 358.0000, -522.0000, 14.0000,  356.0000, -528.0000, 14.0000,  240, 240, 240
L 361.0000, -513.0000, 15.0000,  358.0000, -522.0000, 14.0000,  240, 240, 240
L 365.0000, -500.0000, 16.0000,  361.0000, -513.0000, 15.0000,  240, 240, 240
L 366.0000, -495.0000, 15.0000,  366.0000, -490.0000, 15.0000,  240, 240, 240
L 366.0000, -490.0000, 15.0000,  364.0000, -487.0000, 13.0000,  240, 240, 240
L 364.0000, -487.0000, 13.0000,  359.0000, -480.0000, 11.0000,  240, 240, 240
L 359.0000, -480.0000, 11.0000,  358.0000, -477.0000, 10.0000,  240, 240, 240
L 358.0000, -477.0000, 10.0000,  355.0000, -473.0000, 7.0000,  240, 240, 240
L 355.0000, -473.0000, 7.0000,  353.0000, -471.0000, 6.0000,  240, 240, 240
L 353.0000, -471.0000, 6.0000,  347.0000, -466.0000, 3.0000,  240, 240, 240
L 347.0000, -466.0000, 3.0000,  353.0000, -471.0000, 6.0000,  240, 240, 240
L 341.0000, -461.0000, 1.0000,  337.0000, -457.0000, 1.0000,  240, 240, 240
L 337.0000, -457.0000, 1.0000,  341.0000, -461.0000, 1.0000,  240, 240, 240
L 327.0000, -450.0000, 2.0000,  337.0000, -457.0000, 1.0000,  240, 240, 240
L 303.0000, -434.0000, 9.0000,  327.0000, -450.0000, 2.0000,  240, 240, 240
L 296.0000, -429.0000, 10.0000,  303.0000, -434.0000, 9.0000,  240, 240, 240
L 281.0000, -420.0000, 10.0000,  296.0000, -429.0000, 10.0000,  240, 240, 240
L 274.0000, -414.0000, 10.0000,  271.0000, -412.0000, 9.0000,  240, 240, 240
L 271.0000, -412.0000, 9.0000,  270.0000, -411.0000, 9.0000,  240, 240, 240
L 270.0000, -411.0000, 9.0000,  268.0000, -411.0000, 9.0000,  240, 240, 240
L 268.0000, -411.0000, 9.0000,  265.0000, -409.0000, 8.0000,  240, 240, 240
L 265.0000, -409.0000, 8.0000,  268.0000, -411.0000, 9.0000,  240, 240, 240
L 255.0000, -406.0000, 8.0000,  265.0000, -409.0000, 8.0000,  240, 240, 240
L 246.0000, -402.0000, 9.0000,  255.0000, -406.0000, 8.0000,  240, 240, 240
L 236.0000, -399.0000, 10.0000,  246.0000, -402.0000, 9.0000,  240, 240, 240
L 234.0000, -399.0000, 10.0000,  236.0000, -399.0000, 10.0000,  240, 240, 240
L 203.0000, -391.0000, 10.0000,  234.0000, -399.0000, 10.0000,  240, 240, 240
L 195.0000, -390.0000, 10.0000,  203.0000, -391.0000, 10.0000,  240, 240, 240
L 189.0000, -388.0000, 11.0000,  195.0000, -390.0000, 10.0000,  240, 240, 240
L 176.0000, -387.0000, 12.0000,  189.0000, -388.0000, 11.0000,  240, 240, 240
L 167.0000, -386.0000, 11.0000,  176.0000, -387.0000, 12.0000,  240, 240, 240
L 165.0000, -385.0000, 11.0000,  167.0000, -386.0000, 11.0000,  240, 240, 240
L 154.0000, -385.0000, 12.0000,  165.0000, -385.0000, 11.0000,  240, 240, 240
L 147.0000, -385.0000, 12.0000,  145.0000, -386.0000, 12.0000,  240, 240, 240
L 145.0000, -386.0000, 12.0000,  142.0000, -387.0000, 12.0000,  240, 240, 240
L 142.0000, -387.0000, 12.0000,  138.0000, -389.0000, 13.0000,  240, 240, 240
L 138.0000, -389.0000, 13.0000,  142.0000, -387.0000, 12.0000,  240, 240, 240
L 130.0000, -392.0000, 13.0000,  138.0000, -389.0000, 13.0000,  240, 240, 240
L 123.0000, -395.0000, 13.0000,  121.0000, -397.0000, 13.0000,  240, 240, 240
L 121.0000, -397.0000, 13.0000,  123.0000, -395.0000, 13.0000,  240, 240, 240
L 105.0000, -406.0000, 8.0000,  121.0000, -397.0000, 13.0000,  240, 240, 240
L 98.0000, -410.0000, 8.0000,  96.0000, -412.0000, 7.0000,  240, 240, 240
L 96.0000, -412.0000, 7.0000,  94.0000, -413.0000, 7.0000,  240, 240, 240
L 94.0000, -413.0000, 7.0000,  93.0000, -415.0000, 6.0000,  240, 240, 240
L 93.0000, -415.0000, 6.0000,  89.0000, -419.0000, 6.0000,  240, 240, 240
L 89.0000, -419.0000, 6.0000,  87.0000, -422.0000, 4.0000,  240, 240, 240
L 87.0000, -422.0000, 4.0000,  85.0000, -424.0000, 4.0000,  240, 240, 240
L 85.0000, -424.0000, 4.0000,  84.0000, -426.0000, 4.0000,  240, 240, 240
L 84.0000, -426.0000, 4.0000,  83.0000, -429.0000, 5.0000,  240, 240, 240
L 83.0000, -429.0000, 5.0000,  80.0000, -434.0000, 7.0000,  240, 240, 240
L 80.0000, -434.0000, 7.0000,  83.0000, -429.0000, 5.0000,  240, 240, 240
L 78.0000, -441.0000, 9.0000,  80.0000, -434.0000, 7.0000,  240, 240, 240
L 75.0000, -449.0000, 11.0000,  78.0000, -441.0000, 9.0000,  240, 240, 240
L 74.0000, -453.0000, 12.0000,  74.0000, -455.0000, 12.0000,  240, 240, 240
L 74.0000, -455.0000, 12.0000,  74.0000, -453.0000, 12.0000,  240, 240, 240
L 71.0000, -479.0000, 13.0000,  74.0000, -455.0000, 12.0000,  240, 240, 240
L 71.0000, -481.0000, 13.0000,  71.0000, -479.0000, 13.0000,  240, 240, 240
L 71.0000, -493.0000, 11.0000,  71.0000, -481.0000, 13.0000,  240, 240, 240
L 71.0000, -501.0000, 11.0000,  71.0000, -493.0000, 11.0000,  240, 240, 240
L 72.0000, -512.0000, 10.0000,  71.0000, -501.0000, 11.0000,  240, 240, 240
L 73.0000, -520.0000, 11.0000,  72.0000, -512.0000, 10.0000,  240, 240, 240
L 75.0000, -535.0000, 15.0000,  73.0000, -520.0000, 11.0000,  240, 240, 240
L 76.0000, -539.0000, 16.0000,  75.0000, -535.0000, 15.0000,  240, 240, 240
L 80.0000, -556.0000, 15.0000,  76.0000, -539.0000, 16.0000,  240, 240, 240
L 81.0000, -560.0000, 14.0000,  80.0000, -556.0000, 15.0000,  240, 240, 240
L 83.0000, -573.0000, 16.0000,  81.0000, -560.0000, 14.0000,  240, 240, 240
L 87.0000, -585.0000, 17.0000,  83.0000, -573.0000, 16.0000,  240, 240, 240
L 88.0000, -587.0000, 16.0000,  90.0000, -589.0000, 17.0000,  240, 240, 240
L 90.0000, -589.0000, 17.0000,  91.0000, -591.0000, 17.0000,  240, 240, 240
L 91.0000, -591.0000, 17.0000,  92.0000, -593.0000, 16.0000,  240, 240, 240
L 92.0000, -593.0000, 16.0000,  94.0000, -596.0000, 16.0000,  240, 240, 240
L 94.0000, -596.0000, 16.0000,  100.0000, -603.0000, 15.0000,  240, 240, 240
L 100.0000, -603.0000, 15.0000,  94.0000, -596.0000, 16.0000,  240, 240, 240
L 103.0000, -607.0000, 14.0000,  107.0000, -610.0000, 14.0000,  240, 240, 240
L 107.0000, -610.0000, 14.0000,  109.0000, -612.0000, 14.0000,  240, 240, 240
L 109.0000, -612.0000, 14.0000,  113.0000, -616.0000, 13.0000,  240, 240, 240
L 113.0000, -616.0000, 13.0000,  109.0000, -612.0000, 14.0000,  240, 240, 240
L 139.0000, -635.0000, 10.0000,  113.0000, -616.0000, 13.0000,  240, 240, 240
L 146.0000, -639.0000, 13.0000,  139.0000, -635.0000, 10.0000,  240, 240, 240
L 153.0000, -643.0000, 14.0000,  146.0000, -639.0000, 13.0000,  240, 240, 240
L 160.0000, -647.0000, 16.0000,  153.0000, -643.0000, 14.0000,  240, 240, 240
L 170.0000, -652.0000, 16.0000,  160.0000, -647.0000, 16.0000,  240, 240, 240
L 178.0000, -655.0000, 15.0000,  170.0000, -652.0000, 16.0000,  240, 240, 240
L 186.0000, -657.0000, 16.0000,  178.0000, -655.0000, 15.0000,  240, 240, 240
L 189.0000, -658.0000, 17.0000,  196.0000, -660.0000, 19.0000,  240, 240, 240
L 196.0000, -660.0000, 19.0000,  189.0000, -658.0000, 17.0000,  240, 240, 240
L 206.0000, -662.0000, 19.0000,  196.0000, -660.0000, 19.0000,  240, 240, 240
L 215.0000, -665.0000, 18.0000,  206.0000, -662.0000, 19.0000,  240, 240, 240
L 220.0000, -665.0000, 18.0000,  223.0000, -666.0000, 18.0000,  240, 240, 240
L 223.0000, -666.0000, 18.0000,  220.0000, -665.0000, 18.0000,  240, 240, 240
L 233.0000, -666.0000, 17.0000,  223.0000, -666.0000, 18.0000,  240, 240, 240
L 261.0000, -666.0000, 13.0000,  233.0000, -666.0000, 17.0000,  240, 240, 240
L 262.0000, -666.0000, 13.0000,  268.0000, -662.0000, 12.0000,  240, 240, 240
L 268.0000, -662.0000, 12.0000,  270.0000, -661.0000, 13.0000,  240, 240, 240
L 270.0000, -661.0000, 13.0000,  277.0000, -656.0000, 12.0000,  240, 240, 240
L 277.0000, -656.0000, 12.0000,  278.0000, -655.0000, 13.0000,  240, 240, 240
L 278.0000, -655.0000, 13.0000,  277.0000, -656.0000, 12.0000,  240, 240, 240
L 307.0000, -615.0000, 15.0000,  278.0000, -655.0000, 13.0000,  240, 240, 240
L 1121.0000, -31.0000, 9.0000,  1122.0000, -33.0000, 9.0000,  64, 64, 64
L 1122.0000, -33.0000, 9.0000,  1124.0000, -35.0000, 8.0000,  64, 64, 64
L 1124.0000, -35.0000, 8.0000,  1125.0000, -36.0000, 7.0000,  64, 64, 64
L 1125.0000, -36.0000, 7.0000,  1132.0000, -40.0000, 5.0000,  64, 64, 64
L 1132.0000, -40.0000, 5.0000,  1132.0000, -40.0000, 4.0000,  64, 64, 64
L 1132.0000, -40.0000, 4.0000,  1134.0000, -40.0000, 4.0000,  64, 64, 64
L 1134.0000, -40.0000, 4.0000,  1136.0000, -41.0000, 3.0000,  64, 64, 64
L 1136.0000, -41.0000, 3.0000,  1142.0000, -40.0000, 2.0000,  64, 64, 64
L 1142.0000, -40.0000, 2.0000,  1144.0000, -40.0000, 2.0000,  64, 64, 64
L 1144.0000, -40.0000, 2.0000,  1142.0000, -40.0000, 2.0000,  64, 64, 64
L 1156.0000, -35.0000, 0.0000,  1144.0000, -40.0000, 2.0000,  64, 64, 64
L 1158.0000, -35.0000, 0.0000,  1163.0000, -27.0000, 1.0000,  64, 64, 64
L 1163.0000, -27.0000, 1.0000,  1163.0000, -26.0000, 1.0000,  64, 64, 64
L 1163.0000, -26.0000, 1.0000,  1164.0000, -21.0000, 2.0000,  64, 64, 64
L 1164.0000, -21.0000, 2.0000,  1164.0000, -20.0000, 2.0000,  64, 64, 64
L 1164.0000, -20.0000, 2.0000,  1165.0000, -14.0000, 4.0000,  64, 64, 64
L 1165.0000, -14.0000, 4.0000,  1164.0000, -20.0000, 2.0000,  64, 64, 64
L 1162.0000, -5.0000, 8.0000,  1165.0000, -14.0000, 4.0000,  64, 64, 64
L 1159.0000, -2.0000, 9.0000,  1153.0000, 3.0000, 12.0000,  64, 64, 64
L 1153.0000, 3.0000, 12.0000,  1159.0000, -2.0000, 9.0000,  64, 64, 64
L 1146.0000, 6.0000, 15.0000,  1153.0000, 3.0000, 12.0000,  64, 64, 64
L 1142.0000, 7.0000, 16.0000,  1139.0000, 7.0000, 16.0000,  64, 64, 64
L 1139.0000, 7.0000, 16.0000,  1142.0000, 7.0000, 16.0000,  64, 64, 64
L 1131.0000, 3.0000, 17.0000,  1129.0000, 2.0000, 16.0000,  64, 64, 64
L 1129.0000, 2.0000, 16.0000,  1128.0000, 1.0000, 16.0000,  64, 64, 64
L 1128.0000, 1.0000, 16.0000,  1124.0000, -4.0000, 15.0000,  64, 64, 64
L 1124.0000, -4.0000, 15.0000,  1123.0000, -5.0000, 15.0000,  64, 64, 64
L 1123.0000, -5.0000, 15.0000,  1120.0000, -10.0000, 15.0000,  64, 64, 64
L 1120.0000, -10.0000, 15.0000,  1120.0000, -11.0000, 14.0000,  64, 64, 64
L 1120.0000, -11.0000, 14.0000,  1120.0000, -10.0000, 15.0000,  64, 64, 64
L 1119.0000, -27.0000, 11.0000,  1120.0000, -11.0000, 14.0000,  64, 64, 64
L 1105.0000, -96.0000, -2.0000,  1105.0000, -98.0000, -2.0000,  64, 64, 64
L 1105.0000, -98.0000, -2.0000,  1109.0000, -105.0000, -7.0000,  64, 64, 64
L 1109.0000, -105.0000, -7.0000,  1109.0000, -107.0000, -7.0000,  64, 64, 64
L 1109.0000, -107.0000, -7.0000,  1111.0000, -112.0000, -6.0000,  64, 64, 64
L 1111.0000, -112.0000, -6.0000,  1112.0000, -114.0000, -6.0000,  64, 64, 64
L 1112.0000, -114.0000, -6.0000,  1118.0000, -116.0000, -8.0000,  64, 64, 64
L 1118.0000, -116.0000, -8.0000,  1112.0000, -114.0000, -6.0000,  64, 64, 64
L 1136.0000, -122.0000, -13.0000,  1118.0000, -116.0000, -8.0000,  64, 64, 64
L 1147.0000, -117.0000, -13.0000,  1136.0000, -122.0000, -13.0000,  64, 64, 64
L 1154.0000, -105.0000, -11.0000,  1147.0000, -117.0000, -13.0000,  64, 64, 64
L 1155.0000, -103.0000, -11.0000,  1156.0000, -100.0000, -11.0000,  64, 64, 64
L 1156.0000, -100.0000, -11.0000,  1155.0000, -103.0000, -11.0000,  64, 64, 64
L 1157.0000, -89.0000, -10.0000,  1156.0000, -100.0000, -11.0000,  64, 64, 64
L 1157.0000, -87.0000, -9.0000,  1157.0000, -89.0000, -10.0000,  64, 64, 64
L 1130.0000, -73.0000, -3.0000,  1157.0000, -87.0000, -9.0000,  64, 64, 64
L 1128.0000, -73.0000, -2.0000,  1123.0000, -73.0000, -1.0000,  64, 64, 64
L 1123.0000, -73.0000, -1.0000,  1128.0000, -73.0000, -2.0000,  64, 64, 64
L 1117.0000, -74.0000, 0.0000,  1113.0000, -75.0000, 1.0000,  64, 64, 64
L 1113.0000, -75.0000, 1.0000,  1113.0000, -76.0000, 1.0000,  64, 64, 64
L 1113.0000, -76.0000, 1.0000,  1112.0000, -78.0000, 1.0000,  64, 64, 64
L 1112.0000, -78.0000, 1.0000,  1110.0000, -79.0000, 1.0000,  64, 64, 64
L 1110.0000, -79.0000, 1.0000,  1109.0000, -80.0000, 1.0000,  64, 64, 64
L 1109.0000, -80.0000, 1.0000,  1107.0000, -84.0000, 0.0000,  0, 0, 0
L 1107.0000, -84.0000, 0.0000,  1106.0000, -85.0000, 0.0000,  64, 64, 64
L 1106.0000, -85.0000, 0.0000,  1106.0000, -91.0000, -1.0000,  64, 64, 64
L 1106.0000, -91.0000, -1.0000,  1106.0000, -92.0000, -2.0000,  64, 64, 64
L 1106.0000, -92.0000, -2.0000,  1106.0000, -94.0000, -2.0000,  64, 64, 64
L 1106.0000, -94.0000, -2.0000,  1106.0000, -92.0000, -2.0000,  64, 64, 64
L 1073.0000, -170.0000, -9.0000,  1066.0000, -169.0000, -6.0000,  64, 64, 64
L 1085.0000, -169.0000, -12.0000,  1073.0000, -170.0000, -9.0000,  64, 64, 64
L 1087.0000, -169.0000, -13.0000,  1095.0000, -163.0000, -14.0000,  64, 64, 64
L 1095.0000, -163.0000, -14.0000,  1087.0000, -169.0000, -13.0000,  64, 64, 64
L 1104.0000, -156.0000, -13.0000,  1095.0000, -163.0000, -14.0000,  64, 64, 64
L 1108.0000, -144.0000, -11.0000,  1104.0000, -156.0000, -13.0000,  64, 64, 64
L 1108.0000, -142.0000, -11.0000,  1108.0000, -144.0000, -11.0000,  64, 64, 64
L 1101.0000, -132.0000, -8.0000,  1108.0000, -142.0000, -11.0000,  64, 64, 64
L 1093.0000, -127.0000, -5.0000,  1101.0000, -132.0000, -8.0000,  64, 64, 64
L 1083.0000, -122.0000, -1.0000,  1093.0000, -127.0000, -5.0000,  64, 64, 64
L 1076.0000, -121.0000, 1.0000,  1083.0000, -122.0000, -1.0000,  64, 64, 64
L 1066.0000, -120.0000, 4.0000,  1076.0000, -121.0000, 1.0000,  64, 64, 64
L 1057.0000, -121.0000, 6.0000,  1056.0000, -122.0000, 6.0000,  64, 64, 64
L 1056.0000, -122.0000, 6.0000,  1054.0000, -125.0000, 6.0000,  64, 64, 64
L 1054.0000, -125.0000, 6.0000,  1051.0000, -130.0000, 6.0000,  64, 64, 64
L 1051.0000, -130.0000, 6.0000,  1054.0000, -125.0000, 6.0000,  64, 64, 64
L 1049.0000, -138.0000, 6.0000,  1051.0000, -130.0000, 6.0000,  64, 64, 64
L 1049.0000, -148.0000, 5.0000,  1049.0000, -138.0000, 6.0000,  64, 64, 64
L 1049.0000, -151.0000, 4.0000,  1049.0000, -152.0000, 4.0000,  64, 64, 64
L 1049.0000, -152.0000, 4.0000,  1050.0000, -153.0000, 4.0000,  64, 64, 64
L 1050.0000, -153.0000, 4.0000,  1056.0000, -162.0000, -1.0000,  64, 64, 64
L 1056.0000, -162.0000, -1.0000,  1057.0000, -163.0000, -2.0000,  64, 64, 64
L 1057.0000, -163.0000, -2.0000,  1059.0000, -164.0000, -3.0000,  64, 64, 64
L 1059.0000, -164.0000, -3.0000,  1057.0000, -163.0000, -2.0000,  64, 64, 64
L 1068.0000, -169.0000, -7.0000,  1069.0000, -170.0000, -8.0000,  64, 64, 64
L 1069.0000, -170.0000, -8.0000,  1071.0000, -171.0000, -8.0000,  64, 64, 64
L 1071.0000, -171.0000, -8.0000,  1069.0000, -170.0000, -8.0000,  64, 64, 64
L 1159.0000, -334.0000, -32.0000,  1144.0000, -341.0000, -29.0000,  64, 64, 64
L 1161.0000, -333.0000, -33.0000,  1159.0000, -334.0000, -32.0000,  64, 64, 64
L 1170.0000, -330.0000, -34.0000,  1171.0000, -329.0000, -34.0000,  64, 64, 64
L 1171.0000, -329.0000, -34.0000,  1170.0000, -330.0000, -34.0000,  64, 64, 64
L 1177.0000, -319.0000, -35.0000,  1171.0000, -329.0000, -34.0000,  64, 64, 64
L 1182.0000, -310.0000, -34.0000,  1177.0000, -319.0000, -35.0000,  64, 64, 64
L 1184.0000, -307.0000, -34.0000,  1182.0000, -310.0000, -34.0000,  64, 64, 64
L 1180.0000, -288.0000, -35.0000,  1184.0000, -307.0000, -34.0000,  64, 64, 64
L 1172.0000, -281.0000, -34.0000,  1180.0000, -288.0000, -35.0000,  64, 64, 64
L 1165.0000, -276.0000, -33.0000,  1172.0000, -281.0000, -34.0000,  64, 64, 64
L 1148.0000, -266.0000, -31.0000,  1165.0000, -276.0000, -33.0000,  64, 64, 64
L 1143.0000, -258.0000, -30.0000,  1148.0000, -266.0000, -31.0000,  64, 64, 64
L 1138.0000, -249.0000, -28.0000,  1143.0000, -258.0000, -30.0000,  64, 64, 64
L 1129.0000, -244.0000, -27.0000,  1138.0000, -249.0000, -28.0000,  64, 64, 64
L 1103.0000, -243.0000, -21.0000,  1129.0000, -244.0000, -27.0000,  64, 64, 64
L 1099.0000, -246.0000, -20.0000,  1098.0000, -247.0000, -20.0000,  64, 64, 64
L 1098.0000, -247.0000, -20.0000,  1099.0000, -246.0000, -20.0000,  64, 64, 64
L 1098.0000, -275.0000, -20.0000,  1098.0000, -247.0000, -20.0000,  64, 64, 64
L 1101.0000, -286.0000, -20.0000,  1098.0000, -275.0000, -20.0000,  64, 64, 64
L 1101.0000, -287.0000, -20.0000,  1102.0000, -289.0000, -20.0000,  64, 64, 64
L 1102.0000, -289.0000, -20.0000,  1102.0000, -294.0000, -20.0000,  64, 64, 64
L 1102.0000, -294.0000, -20.0000,  1102.0000, -289.0000, -20.0000,  64, 64, 64
L 1101.0000, -301.0000, -19.0000,  1102.0000, -294.0000, -20.0000,  64, 64, 64
L 1114.0000, -325.0000, -20.0000,  1101.0000, -301.0000, -19.0000,  64, 64, 64
L 1125.0000, -337.0000, -23.0000,  1114.0000, -325.0000, -20.0000,  64, 64, 64
L 1126.0000, -338.0000, -23.0000,  1131.0000, -340.0000, -25.0000,  64, 64, 64
L 1131.0000, -340.0000, -25.0000,  1132.0000, -340.0000, -25.0000,  64, 64, 64
L 1132.0000, -340.0000, -25.0000,  1138.0000, -341.0000, -27.0000,  64, 64, 64
L 1138.0000, -341.0000, -27.0000,  1132.0000, -340.0000, -25.0000,  64, 64, 64
L 1148.0000, -340.0000, -30.0000,  1138.0000, -341.0000, -27.0000,  64, 64, 64
L 1150.0000, -339.0000, -31.0000,  1153.0000, -338.0000, -31.0000,  64, 64, 64
L 1153.0000, -338.0000, -31.0000,  1154.0000, -338.0000, -31.0000,  64, 64, 64
L 1154.0000, -338.0000, -31.0000,  1158.0000, -336.0000, -32.0000,  64, 64, 64
L 1158.0000, -336.0000, -32.0000,  1154.0000, -338.0000, -31.0000,  64, 64, 64
L 1166.0000, -331.0000, -33.0000,  1168.0000, -330.0000, -33.0000,  64, 64, 64
L 1168.0000, -330.0000, -33.0000,  1169.0000, -329.0000, -33.0000,  64, 64, 64
L 1169.0000, -329.0000, -33.0000,  1172.0000, -325.0000, -34.0000,  64, 64, 64
L 1172.0000, -325.0000, -34.0000,  1173.0000, -325.0000, -34.0000,  64, 64, 64
L 1173.0000, -325.0000, -34.0000,  1175.0000, -321.0000, -35.0000,  64, 64, 64
L 1175.0000, -321.0000, -35.0000,  1176.0000, -320.0000, -35.0000,  64, 64, 64
L 1176.0000, -320.0000, -35.0000,  1181.0000, -311.0000, -35.0000,  64, 64, 64
L 1181.0000, -311.0000, -35.0000,  1176.0000, -320.0000, -35.0000,  64, 64, 64
L 1811.0000, -555.0000, 21.0000,  1811.0000, -610.0000, 21.0000,  153, 153, 153
L 1755.0000, -588.0000, 1.0000,  1771.0000, -584.0000, 1.0000,  153, 153, 153
L 1751.0000, -590.0000, 1.0000,  1755.0000, -588.0000, 1.0000,  153, 153, 153
L 1704.0000, -590.0000, 1.0000,  1751.0000, -590.0000, 1.0000,  153, 153, 153
L 1563.0000, -465.0000, 3.0000,  1572.0000, -465.0000, -2.0000,  153, 153, 153
L 1558.0000, -485.0000, 1.0000,  1531.0000, -487.0000, 1.0000,  153, 153, 153
L 1751.0000, -485.0000, 1.0000,  1558.0000, -485.0000, 1.0000,  153, 153, 153
L 1834.0000, -465.0000, 219.0000,  1834.0000, -465.0000, 21.0000,  153, 153, 153
P 1821.5060, -538.9578, -25.6864,  0, 127, 0,  3,  to_Netherbian_Lair
P 1048.7567, 2137.7095, -31.1552,  0, 127, 0,  3,  to_Sanctus_Seru
P 1167.5070, -2152.8926, 161.1647,  0, 127, 0,  3,  to_Mons_Letalis
P 1668.0000, -540.0000, -7.5320,  0, 0, 0,  2,  Succor
