L 104.4779, 1249.9908, 169.9375, 114.4778, 1259.9907, 130.9375, 64, 64, 64
L 710.0000, -1604.3438, 49.9688, 710.0000, -1544.3750, 49.9688, 64, 64, 64
L 710.0000, -724.7188, 84.9688, 710.0000, -654.7500, 69.9688, 64, 64, 64
L 710.0000, 1259.5000, 89.9688, 710.0000, 1269.5000, 90.9688, 64, 64, 64
L 710.0000, 1409.4375, 30.0000, 710.0000, 1419.4375, 139.9375, 64, 64, 64
L -230.0000, -359.8438, 114.9688, -230.0000, -344.8750, 129.9375, 64, 64, 64
L -230.0000, -259.9062, 69.9688, -230.0000, -114.9688, 94.9688, 64, 64, 64
L -230.0000, -89.9688, 164.9375, -230.0000, -64.9688, 164.9375, 64, 64, 64
L -230.0000, -0.0000, 84.9688, -230.0000, 15.0000, 84.9688, 64, 64, 64
L -915.0486, 349.3632, 30.0000, -815.0955, 249.4100, 30.0000, 64, 64, 64
L -49.4365, -516.2490, 186.9375, -44.4365, -521.2490, 186.9375, 64, 64, 64
L 504.0000, -1344.4688, 265.9062, 504.0000, -1229.5000, 265.9062, 64, 64, 64
L 504.0000, -804.6875, 69.9688, 504.0000, -679.7188, 69.9688, 64, 64, 64
L 504.0000, -589.7500, 114.9688, 504.0000, -469.8125, 69.9688, 64, 64, 64
L 504.0000, -399.8438, 69.9688, 504.0000, -384.8438, 69.9688, 64, 64, 64
L 504.0000, -289.8750, 144.9375, 504.0000, -239.9062, 159.9375, 64, 64, 64
L 504.0000, -179.9375, 144.9375, 504.0000, -15.0000, 164.9375, 64, 64, 64
L 164.0000, -929.6250, 177.9375, 164.0000, -922.6250, 209.9062, 64, 64, 64
L 164.0000, -846.6562, 209.9062, 164.0000, -839.6562, 206.9062, 64, 64, 64
L 164.0000, -724.7188, 194.9375, 164.0000, -649.7500, 174.9375, 64, 64, 64
L 164.0000, -444.8125, 165.9375, 164.0000, -307.8750, 180.9375, 64, 64, 64
L 750.1747, -910.1121, 119.9375, 760.1746, -900.1121, 119.9375, 64, 64, 64
L 1040.0652, -620.2216, 139.9375, 1050.0652, -610.2215, 119.9375, 64, 64, 64
L 99.9688, -940.0000, 209.9062, 154.9375, -940.0000, 174.9375, 64, 64, 64
L 824.6562, -940.0000, 84.9688, 919.6250, -940.0000, 84.9688, 64, 64, 64
L -194.9375, -270.0000, 114.9688, -149.9375, -270.0000, 129.9375, 64, 64, 64
L -10.0000, -270.0000, 129.9375, 0.0000, -270.0000, 114.9688, 64, 64, 64
L 904.6250, -270.0000, 114.9688, 954.6250, -270.0000, 114.9688, 64, 64, 64
L 1064.5625, -270.0000, 114.9688, 1094.5625, -270.0000, 129.9375, 64, 64, 64
L -289.8750, -586.0000, 164.9375, -209.9062, -586.0000, 204.9062, 64, 64, 64
L -114.9688, -586.0000, 143.9375, -35.0000, -586.0000, 204.9062, 64, 64, 64
L -229.9062, 0.0000, 69.9688, -184.9375, 0.0000, 84.9688, 64, 64, 64
L -109.9688, 0.0000, 84.9688, -79.9688, 0.0000, 84.9688, 64, 64, 64
L -49.9688, 0.0000, 69.9688, -30.0000, 0.0000, 84.9688, 64, 64, 64
L 309.8750, 0.0000, 144.9375, 509.7812, 0.0000, 69.9688, 64, 64, 64
L 549.7812, 0.0000, 69.9688, 609.7500, 0.0000, 69.9688, 64, 64, 64
L 649.7500, 0.0000, 69.9688, 794.6875, 0.0000, 69.9688, 64, 64, 64
L 809.6875, 0.0000, 84.9688, 879.6562, 0.0000, 69.9688, 64, 64, 64
L 1794.0000, 334.8750, 0.0000, 1794.0000, 539.7812, 0.0000, 64, 64, 64
L 360.0000, -1544.3750, 20.0000, 360.0000, -1524.3750, 20.0000, 64, 64, 64
L 360.0000, -1344.4688, 20.0000, 360.0000, -1329.4688, -10.0000, 64, 64, 64
L 360.0000, -364.8438, 74.9688, 360.0000, -319.8750, 69.9688, 64, 64, 64
L 360.0000, -209.9062, 125.9375, 360.0000, -194.9375, 125.9375, 64, 64, 64
L 360.0000, -0.0000, 126.9375, 360.0000, 15.0000, 125.9375, 64, 64, 64
L 360.0000, 329.8750, 119.9375, 360.0000, 349.8750, 121.9375, 64, 64, 64
L 524.9785, 1559.5723, 170.9375, 539.9786, 1544.5723, 169.9375, 64, 64, 64
L 674.9160, 1409.6348, 169.9375, 688.6660, 1395.8848, 169.9375, 64, 64, 64
L 971.5403, 1113.0105, 169.9375, 976.5247, 1108.0261, 169.9375, 64, 64, 64
L 979.7910, 1104.7598, 170.9375, 989.7910, 1094.7598, 130.9375, 64, 64, 64
L 269.9062, 320.0000, 259.1875, 509.7812, 320.0000, 259.1875, 64, 64, 64
L 294.0000, -179.9375, 144.9375, 294.0000, -15.0000, 164.9375, 64, 64, 64
L 110.0000, -984.5938, 179.9375, 110.0000, -979.5938, 182.9375, 64, 64, 64
L 110.0000, -944.6250, 201.9062, 110.0000, -939.6250, 201.9062, 64, 64, 64
L 110.0000, -869.6562, 114.9688, 110.0000, -799.6875, 114.9688, 64, 64, 64
L 110.0000, -364.8438, 114.9688, 110.0000, -349.8750, 129.9375, 64, 64, 64
L 152.0000, -729.7188, 174.9375, 152.0000, -724.7188, 174.9375, 64, 64, 64
L 152.0000, -649.7500, 185.9375, 152.0000, -644.7500, 174.9375, 64, 64, 64
L 152.0000, -264.9062, 166.9375, 152.0000, -209.9062, 166.9375, 64, 64, 64
L -209.9062, 1094.0000, 169.9375, -194.9375, 1094.0000, 169.9375, 64, 64, 64
L -54.9688, 1094.0000, 167.9375, -44.9688, 1094.0000, 130.9375, 64, 64, 64
L 839.6562, 1094.0000, 130.9375, 849.6562, 1094.0000, 167.9375, 64, 64, 64
L 989.5938, 1094.0000, 167.9375, 1004.5938, 1094.0000, 169.9375, 64, 64, 64
L 1770.0000, 379.8438, 94.9688, 1770.0000, 499.8125, 94.9688, 64, 64, 64
L -284.0000, -1347.4688, -10.0000, -284.0000, -1341.4688, 0.0000, 64, 64, 64
L -284.0000, -1338.4688, -10.0000, -284.0000, -1311.4688, 0.0000, 64, 64, 64
L -284.0000, -634.7500, 189.9375, -284.0000, -619.7500, 174.9375, 64, 64, 64
L -284.0000, -379.8438, 114.9688, -284.0000, -239.9062, 186.9375, 64, 64, 64
L -284.0000, -204.9062, 186.9375, -284.0000, -179.9375, 167.9375, 64, 64, 64
L 314.8750, 274.0000, 294.8750, 464.8125, 274.0000, 349.8750, 64, 64, 64
L 739.3713, -1038.8998, 151.8125, 759.3400, -1028.8998, 139.9375, 64, 64, 64
L 350.0000, -1374.4375, 30.0000, 350.0000, -1344.4688, 30.0000, 64, 64, 64
L 350.0000, -334.8750, 35.0000, 350.0000, -194.9375, 130.9375, 64, 64, 64
L 350.0000, -79.9688, 69.9688, 350.0000, -30.0000, 84.9688, 64, 64, 64
L 350.0000, -15.0000, 84.9688, 350.0000, 159.9375, 164.9375, 64, 64, 64
L 490.0000, -274.8750, 159.9375, 490.0000, -224.9062, 159.9375, 64, 64, 64
L 490.0000, -179.9375, 144.9375, 490.0000, -15.0000, 144.9375, 64, 64, 64
L 1450.0000, 209.9062, 129.9375, 1450.0000, 219.9062, 169.9375, 64, 64, 64
L 1450.0000, 809.6875, 130.9375, 1450.0000, 819.6875, 139.9375, 64, 64, 64
L 329.8750, 260.0000, 389.8438, 449.8125, 260.0000, 439.8125, 64, 64, 64
L 1764.0000, 379.8438, 129.9375, 1764.0000, 499.8125, 129.9375, 64, 64, 64
L -314.8750, -620.0000, 174.9375, -284.8750, -620.0000, 189.9375, 64, 64, 64
L 739.7188, -620.0000, 119.9375, 749.6875, -620.0000, 119.9375, 64, 64, 64
L 879.6562, -620.0000, 119.9375, 889.6562, -620.0000, 139.9375, 64, 64, 64
L 1029.5938, -620.0000, 119.9375, 1039.5938, -620.0000, 119.9375, 64, 64, 64
L 1169.5312, -620.0000, 139.9375, 1179.5312, -620.0000, 139.9375, 64, 64, 64
L 129.9375, -884.0000, 129.9375, 239.9062, -884.0000, 84.9688, 64, 64, 64
L 719.7188, -884.0000, 69.9688, 749.6875, -884.0000, 84.9688, 64, 64, 64
L -358.0000, -1401.4375, 0.0000, -358.0000, -1367.4375, 0.0000, 64, 64, 64
L -358.0000, -1364.4688, -10.0000, -358.0000, -1331.4688, -10.0000, 64, 64, 64
L 1020.0000, -1039.5938, 139.9375, 1020.0000, -1029.5938, 139.9375, 64, 64, 64
L 1020.0000, -874.6562, 84.9688, 1020.0000, -844.6562, 69.9688, 64, 64, 64
L 1020.0000, -814.6875, 84.9688, 1020.0000, -684.7188, 69.9688, 64, 64, 64
L 1020.0000, -609.7500, 139.9375, 1020.0000, -549.7812, 69.9688, 64, 64, 64
L 1020.0000, 66.9688, 139.9375, 1020.0000, 69.9688, 139.9375, 64, 64, 64
L 1020.0000, 1109.5625, 169.9375, 1020.0000, 1139.5312, 169.9375, 64, 64, 64
L 229.9062, -1594.0000, 30.0000, 249.9062, -1594.0000, 30.0000, 64, 64, 64
L 709.7188, -1594.0000, 30.0000, 729.7188, -1594.0000, 30.0000, 64, 64, 64
L -984.5938, 380.0000, 89.9688, -974.6250, 380.0000, 30.0000, 64, 64, 64
L 1759.2812, 380.0000, 77.4688, 1794.2812, 380.0000, 0.0000, 64, 64, 64
L 275.8750, -18.0000, 155.9375, 278.8750, -18.0000, 155.9375, 64, 64, 64
L 505.8125, -18.0000, 155.9375, 508.7812, -18.0000, 155.9375, 64, 64, 64
L -144.9375, -240.0000, 117.9375, -134.9375, -240.0000, 114.9688, 64, 64, 64
L -121.9375, -240.0000, 186.9375, -109.9688, -240.0000, 186.9375, 64, 64, 64
L -79.9688, -240.0000, 184.9375, -74.9688, -240.0000, 184.9375, 64, 64, 64
L -20.0000, -240.0000, 141.9375, -10.0000, -240.0000, 114.9688, 64, 64, 64
L 154.9375, -240.0000, 84.9688, 204.9062, -240.0000, 69.9688, 64, 64, 64
L 504.8125, -240.0000, 144.9375, 684.7188, -240.0000, 84.9688, 64, 64, 64
L 729.7188, -240.0000, 69.9688, 809.6875, -240.0000, 84.9688, 64, 64, 64
L 1049.5938, -240.0000, 114.9688, 1079.5625, -240.0000, 129.9375, 64, 64, 64
L 284.8750, 140.0000, 137.9375, 299.8750, 140.0000, 136.9375, 64, 64, 64
L 329.8750, 140.0000, 389.8438, 449.8125, 140.0000, 394.8438, 64, 64, 64
L 870.0000, -1039.5938, 139.9375, 870.0000, -1029.5938, 119.9375, 64, 64, 64
L 870.0000, -909.6250, 119.9375, 870.0000, -729.7188, 120.9375, 64, 64, 64
L 870.0000, -609.7500, 139.9375, 870.0000, -599.7500, 119.9375, 64, 64, 64
L 870.0000, -534.7812, 149.9375, 870.0000, -524.7812, 149.9375, 64, 64, 64
L 870.0000, -359.8438, 109.9688, 870.0000, -349.8750, 112.9688, 64, 64, 64
L 870.0000, 473.8125, 129.9688, 870.0000, 501.8125, 121.9375, 64, 64, 64
L -229.9062, 16.0000, 84.9688, -169.9375, 16.0000, 69.9688, 64, 64, 64
L -124.9375, 16.0000, 84.9688, -94.9688, 16.0000, 69.9688, 64, 64, 64
L -64.9688, 16.0000, 84.9688, -15.0000, 16.0000, 69.9688, 64, 64, 64
L 309.8750, 16.0000, 144.9375, 474.8125, 16.0000, 164.9375, 64, 64, 64
L 524.7812, 16.0000, 84.9688, 634.7500, 16.0000, 84.9688, 64, 64, 64
L -1004.5938, 500.0000, 0.0000, -974.6250, 500.0000, 77.4062, 64, 64, 64
L -38.0000, 500.0000, 121.9375, 355.8438, 500.0000, 131.9375, 64, 64, 64
L 429.8125, 500.0000, 119.9375, 869.6562, 500.0000, 131.9375, 64, 64, 64
L 1759.2812, 500.0000, 129.9375, 1794.2812, 500.0000, 89.9688, 64, 64, 64
L 794.0000, -124.9375, 69.9688, 794.0000, -69.9688, 84.9688, 64, 64, 64
L 794.0000, -15.0000, 69.9688, 794.0000, 0.0000, 84.9688, 64, 64, 64
L -264.9062, -140.0000, 114.9688, -249.9062, -140.0000, 129.9375, 64, 64, 64
L -229.9062, -140.0000, 84.9688, -184.9375, -140.0000, 69.9688, 64, 64, 64
L 5.0000, -140.0000, 167.9375, 84.9688, -140.0000, 167.9375, 64, 64, 64
L 99.9688, -140.0000, 167.9375, 304.8750, -140.0000, 69.9688, 64, 64, 64
L 489.8125, -140.0000, 131.9375, 504.8125, -140.0000, 131.9375, 64, 64, 64
L 554.7812, -140.0000, 144.9375, 584.7812, -140.0000, 144.9375, 64, 64, 64
L 704.7188, -140.0000, 129.9375, 779.6875, -140.0000, 129.9375, 64, 64, 64
L 841.6562, -140.0000, 114.9688, 879.6562, -140.0000, 114.9688, 64, 64, 64
L 956.6250, -140.0000, 125.9375, 967.6250, -140.0000, 114.9688, 64, 64, 64
L 994.5938, -140.0000, 144.9375, 1034.5938, -140.0000, 144.9375, 64, 64, 64
L 1109.5625, -140.0000, 114.9688, 1124.5625, -140.0000, 129.9375, 64, 64, 64
L -144.9375, -194.0000, 141.9375, -134.9375, -194.0000, 141.9375, 64, 64, 64
L -20.0000, -194.0000, 144.9375, -10.0000, -194.0000, 144.9375, 64, 64, 64
L 309.8750, -194.0000, 84.9688, 474.8125, -194.0000, 164.9375, 64, 64, 64
L 809.6875, -194.0000, 69.9688, 879.6562, -194.0000, 84.9688, 64, 64, 64
L -54.0000, -1234.5000, -10.0000, -54.0000, -1214.5000, 15.0000, 64, 64, 64
L -54.0000, -1204.5312, -10.0000, -54.0000, -1144.5312, -10.0000, 64, 64, 64
L -54.0000, -784.6875, 158.9375, -54.0000, -734.7188, 143.9375, 64, 64, 64
L -54.0000, -586.7500, 129.9375, -54.0000, -546.7812, 115.9688, 64, 64, 64
L 404.0000, -1529.3750, 265.9062, 404.0000, -1494.4062, 264.9062, 64, 64, 64
L 404.0000, -1354.4688, 265.9062, 404.0000, -1329.4688, 265.9062, 64, 64, 64
L 404.0000, -1129.5625, 284.8750, 404.0000, -1114.5625, 284.8750, 64, 64, 64
L 404.0000, -914.6250, 129.9375, 404.0000, -899.6250, 114.9688, 64, 64, 64
L 404.0000, -854.6562, 129.9375, 404.0000, -844.6562, 114.9688, 64, 64, 64
L 404.0000, -259.9062, 69.9688, 404.0000, -234.9062, 84.9688, 64, 64, 64
L 404.0000, -209.9062, 145.5938, 404.0000, -164.9375, 84.9688, 64, 64, 64
L 404.0000, -109.9688, 117.9375, 404.0000, -84.9688, 117.9375, 64, 64, 64
L 404.0000, -14.0000, 114.9688, 404.0000, 15.0000, 144.9375, 64, 64, 64
L 404.0000, 359.8438, 131.9375, 404.0000, 450.8125, 129.9375, 64, 64, 64
L 404.0000, 524.7812, 121.9375, 404.0000, 624.7500, 93.9688, 64, 64, 64
L 1744.0000, 359.8438, 167.9375, 1744.0000, 369.8438, 167.9375, 64, 64, 64
L 1744.0000, 509.7812, 167.9375, 1744.0000, 519.7812, 169.9375, 64, 64, 64
L 279.8750, -56.0000, 130.9375, 294.8750, -56.0000, 131.9375, 64, 64, 64
L 489.8125, -56.0000, 131.9375, 504.8125, -56.0000, 130.9375, 64, 64, 64
L 584.7812, -56.0000, 123.9375, 599.7500, -56.0000, 122.9375, 64, 64, 64
L -854.6562, 190.0000, 122.7500, -674.7188, 190.0000, 46.7812, 64, 64, 64
L 374.8438, 190.0000, 136.9375, 384.8438, 190.0000, 136.9375, 64, 64, 64
L 399.8438, 190.0000, 119.9375, 409.8438, 190.0000, 119.9375, 64, 64, 64
L 1459.4062, 190.0000, 90.9688, 1639.3438, 190.0000, 167.9375, 64, 64, 64
L 59.9533, -89.9533, 167.9375, 74.9533, -74.9533, 167.9375, 64, 64, 64
L 280.0000, -909.6250, 129.9375, 280.0000, -854.6562, 129.9375, 64, 64, 64
L 280.0000, -179.9375, 144.9375, 280.0000, -15.0000, 144.9375, 64, 64, 64
L -105.5368, -290.4430, 164.9375, -95.5368, -300.4430, 182.9375, 64, 64, 64
L -994.0259, 369.2759, 30.0000, -984.0259, 379.2760, 30.0000, 64, 64, 64
L 819.6875, -394.0000, 146.9375, 829.6562, -394.0000, 109.9688, 64, 64, 64
L 1029.5938, -394.0000, 109.9688, 1039.5938, -394.0000, 109.9688, 64, 64, 64
L 1054.5625, -394.0000, 84.9688, 1174.5312, -394.0000, 114.9688, 64, 64, 64
L 860.0000, -109.9688, 114.9688, 860.0000, -84.9688, 134.9375, 64, 64, 64
L 860.0000, 1079.5625, 89.9688, 860.0000, 1139.5312, 0.0000, 64, 64, 64
L -559.7812, 70.0000, 46.7812, -549.7812, 70.0000, 89.9688, 64, 64, 64
L -519.7812, 70.0000, 94.9688, -382.8438, 70.0000, 121.9375, 64, 64, 64
L -262.9062, 70.0000, 167.9375, 239.9062, 70.0000, 204.9062, 64, 64, 64
L 539.7812, 70.0000, 167.9375, 1092.5625, 70.0000, 60.8438, 64, 64, 64
L 1212.5000, 70.0000, 167.9375, 1299.4688, 70.0000, 92.9688, 64, 64, 64
L 1329.4688, 70.0000, 89.9688, 1339.4688, 70.0000, 89.9688, 64, 64, 64
L 279.8750, -118.0000, 121.9375, 294.8750, -118.0000, 120.9375, 64, 64, 64
L 489.8125, -118.0000, 121.9375, 504.8125, -118.0000, 120.9375, 64, 64, 64
L -284.8750, -344.0000, 129.9375, -59.9688, -344.0000, 69.9688, 64, 64, 64
L 30.0000, -344.0000, 84.9688, 44.9688, -344.0000, 69.9688, 64, 64, 64
L 889.6562, -344.0000, 110.9688, 969.6250, -344.0000, 109.9688, 64, 64, 64
L 270.0000, 79.9688, 259.1875, 270.0000, 319.8750, 269.9062, 64, 64, 64
L 114.0000, -929.6250, 129.9375, 114.0000, -744.6875, 114.9688, 64, 64, 64
L 114.0000, -262.9062, 166.9375, 114.0000, -211.9062, 166.9375, 64, 64, 64
L 114.0000, 1259.5000, 13.1875, 114.0000, 1269.5000, 30.0000, 64, 64, 64
L 114.0000, 1409.4375, 90.9688, 114.0000, 1419.4375, 92.9688, 64, 64, 64
L -194.9375, -64.0000, 103.9688, -154.9375, -64.0000, 94.9688, 64, 64, 64
L 124.9375, -64.0000, 249.8125, 654.7500, -64.0000, 249.8125, 64, 64, 64
L 299.7551, -1374.5574, 265.9062, 314.7551, -1389.5574, 284.8750, 64, 64, 64
L 310.0000, -1374.4375, 265.9062, 310.0000, -1199.5312, 264.9062, 64, 64, 64
L 310.0000, -749.6875, 84.9688, 310.0000, -664.7188, 84.9688, 64, 64, 64
L 310.0000, -279.8750, 79.9688, 310.0000, -241.9062, 117.9375, 64, 64, 64
L 310.0000, -209.9062, 129.9375, 310.0000, -192.9375, 114.9688, 64, 64, 64
L 310.0000, 0.0000, 164.9375, 310.0000, 15.0000, 164.9375, 64, 64, 64
L 310.0000, 20.0000, 144.9375, 310.0000, 39.9688, 144.9375, 64, 64, 64
L 310.0000, 94.9688, 124.9375, 310.0000, 279.8750, 290.8125, 64, 64, 64
L -839.6562, 644.0000, 170.9375, -824.6562, 644.0000, 167.9375, 64, 64, 64
L 1609.3438, 644.0000, 167.9375, 1619.3438, 644.0000, 130.9375, 64, 64, 64
L 154.0000, -884.6562, 114.9688, 154.0000, -869.6562, 84.9688, 64, 64, 64
L 154.0000, -287.8750, 160.9375, 154.0000, -272.9062, 154.9375, 64, 64, 64
L 154.0000, -239.9062, 84.9688, 154.0000, -154.9375, 69.9688, 64, 64, 64
L 154.0000, -79.9688, 69.9688, 154.0000, -30.0000, 84.9688, 64, 64, 64
L 154.0000, -15.0000, 69.9688, 154.0000, 44.9688, 84.9688, 64, 64, 64
L -984.5938, 350.0000, 89.9688, -974.6250, 350.0000, 30.0000, 64, 64, 64
L 199.9062, 350.0000, 229.7500, 259.9062, 350.0000, 229.9062, 64, 64, 64
L 519.7812, 350.0000, 229.9062, 579.7812, 350.0000, 269.4375, 64, 64, 64
L 1759.2812, 350.0000, 89.9688, 1769.2812, 350.0000, 30.0000, 64, 64, 64
L -170.0000, -834.6562, 153.9375, -170.0000, -764.6875, 189.9375, 64, 64, 64
L -170.0000, -474.8125, 84.9688, -170.0000, -399.8438, 69.9688, 64, 64, 64
L -170.0000, -309.8750, 69.9688, -170.0000, -259.9062, 84.9688, 64, 64, 64
L -170.0000, -229.9062, 184.9375, -170.0000, -214.9062, 161.9375, 64, 64, 64
L -170.0000, -199.9062, 84.9688, -170.0000, -59.9688, 69.9688, 64, 64, 64
L -170.0000, -44.9688, 84.9688, -170.0000, 15.0000, 84.9688, 64, 64, 64
L -229.9062, -170.0000, 94.9688, -209.9062, -170.0000, 94.9688, 64, 64, 64
L -194.9375, -170.0000, 94.9688, -174.9375, -170.0000, 109.9688, 64, 64, 64
L -124.9375, -170.0000, 141.9375, -49.9688, -170.0000, 84.9688, 64, 64, 64
L -44.9688, -170.0000, 114.9688, -30.0000, -170.0000, 114.9688, 64, 64, 64
L 24.0000, -170.0000, 176.9375, 35.0000, -170.0000, 176.9375, 64, 64, 64
L 149.9375, -170.0000, 187.9375, 160.9375, -170.0000, 176.9375, 64, 64, 64
L 909.6250, -170.0000, 114.9688, 924.6250, -170.0000, 129.9375, 64, 64, 64
L 1104.5625, -170.0000, 134.9375, 1129.5625, -170.0000, 109.9688, 64, 64, 64
L 1149.5312, -170.0000, 129.9375, 1169.5312, -170.0000, 129.9375, 64, 64, 64
L 980.0000, -974.6250, 160.9375, 980.0000, -964.6250, 164.9375, 64, 64, 64
L 980.0000, -859.6562, 104.9688, 980.0000, -744.6875, 69.9688, 64, 64, 64
L 980.0000, -534.7812, 109.9688, 980.0000, -514.7812, 109.9688, 64, 64, 64
L 980.0000, -129.9375, 69.9688, 980.0000, -54.9688, 69.9688, 64, 64, 64
L 980.0000, 66.9688, 167.9375, 980.0000, 69.9688, 167.9375, 64, 64, 64
L 980.0000, 1079.5625, 40.5938, 980.0000, 1139.5312, 89.9688, 64, 64, 64
L 1294.5732, 69.8643, 170.9375, 1309.5732, 84.8642, 130.9375, 64, 64, 64
L 1449.5107, 224.8018, 159.2812, 1459.5109, 234.8019, 167.9375, 64, 64, 64
L -65.4208, 1109.1104, 167.9375, -55.4208, 1099.1104, 169.9375, 64, 64, 64
L -314.8750, -764.0000, 189.9375, -134.9375, -764.0000, 158.9375, 64, 64, 64
L -114.9688, -764.0000, 158.9375, -69.9688, -764.0000, 158.9375, 64, 64, 64
L 112.9688, -764.0000, 187.9375, 116.9688, -764.0000, 189.9375, 64, 64, 64
L 137.9375, -764.0000, 189.9375, 141.9375, -764.0000, 189.9375, 64, 64, 64
L 94.0000, -584.7812, 165.9375, 94.0000, -469.8125, 165.9375, 64, 64, 64
L 94.0000, 1279.5000, 94.9688, 94.0000, 1399.4375, 90.9688, 64, 64, 64
L -694.0000, 189.9375, 0.0000, -694.0000, 249.9062, 89.9688, 64, 64, 64
L -694.0000, 809.6875, 94.9688, -694.0000, 819.6875, 30.0000, 64, 64, 64
L -684.7188, 800.0000, 30.0000, -674.7188, 800.0000, 0.0000, 64, 64, 64
L 1459.4062, 800.0000, 167.9375, 1469.4062, 800.0000, 130.9375, 64, 64, 64
L 1599.4360, 224.8453, 167.9375, 1609.4048, 234.8453, 167.9375, 64, 64, 64
L 296.8750, -2.0000, 114.9688, 487.8125, -2.0000, 139.9375, 64, 64, 64
L -284.8750, -360.0000, 84.9688, -74.9688, -360.0000, 84.9688, 64, 64, 64
L 359.8438, -360.0000, 74.9688, 424.8438, -360.0000, 71.9688, 64, 64, 64
L 854.6562, -360.0000, 149.9375, 869.6562, -360.0000, 149.9375, 64, 64, 64
L 989.5938, -360.0000, 112.9688, 1004.5938, -360.0000, 109.9688, 64, 64, 64
L 1054.5625, -360.0000, 84.9688, 1069.5625, -360.0000, 84.9688, 64, 64, 64
L -210.0000, -764.6875, 158.9375, -210.0000, -704.7188, 143.9375, 64, 64, 64
L -210.0000, -659.7500, 173.9375, -210.0000, -601.7500, 143.9375, 64, 64, 64
L -210.0000, -596.7500, 204.9062, -210.0000, -586.7500, 204.9062, 64, 64, 64
L -210.0000, -576.7812, 143.9375, -210.0000, -541.7812, 114.9688, 64, 64, 64
L -210.0000, -496.8125, 114.9688, -210.0000, -469.8125, 137.9375, 64, 64, 64
L -210.0000, -459.8125, 140.0000, -210.0000, -453.8125, 140.9375, 64, 64, 64
L -210.0000, -443.8125, 142.9375, -210.0000, -437.8125, 146.9375, 64, 64, 64
L -210.0000, -427.8438, 148.9375, -210.0000, -421.8438, 153.9375, 64, 64, 64
L -210.0000, -411.8438, 157.8750, -210.0000, -405.8438, 158.9375, 64, 64, 64
L -210.0000, -395.8438, 158.9375, -210.0000, -388.8438, 174.9375, 64, 64, 64
L -210.0000, -309.8750, 129.9375, -210.0000, -249.9062, 114.9688, 64, 64, 64
L -210.0000, -224.9062, 109.9688, -210.0000, -169.9375, 109.9688, 64, 64, 64
L -210.0000, -104.9688, 114.9688, -210.0000, -89.9688, 179.9375, 64, 64, 64
L -210.0000, -79.9688, 104.9688, -210.0000, -44.9688, 104.9688, 64, 64, 64
L -404.0000, -214.9062, 89.9688, -404.0000, 69.9688, 129.9375, 64, 64, 64
L 230.0000, -1594.3750, -10.0000, 230.0000, -1554.3750, -10.0000, 64, 64, 64
L 230.0000, -1516.4062, -10.0000, 230.0000, -1486.4062, 20.0000, 64, 64, 64
L 230.0000, -1444.4375, 294.8750, 230.0000, -1129.5625, 294.8750, 64, 64, 64
L 230.0000, -129.9375, 84.9688, 230.0000, -94.9688, 69.9688, 64, 64, 64
L 230.0000, -30.0000, 114.9688, 230.0000, -15.0000, 84.9688, 64, 64, 64
L -384.0233, 289.3998, 174.9375, -343.7416, 390.1901, 89.9688, 64, 64, 64
L -224.9062, -494.0000, 116.9688, -209.9062, -494.0000, 114.9688, 64, 64, 64
L -114.9688, -494.0000, 116.9688, -99.9688, -494.0000, 116.9688, 64, 64, 64
L 639.7500, -494.0000, 69.9688, 864.6562, -494.0000, 69.9688, 64, 64, 64
L 899.6250, -494.0000, 109.9688, 954.6250, -494.0000, 109.9688, 64, 64, 64
L -674.8567, 199.7737, 92.9688, -549.9192, 69.8362, 95.9688, 64, 64, 64
L -154.9375, -414.0000, 69.9688, -74.9688, -414.0000, 84.9688, 64, 64, 64
L 10.0000, -414.0000, 84.9688, 69.9688, -414.0000, 84.9688, 64, 64, 64
L 89.9688, -414.0000, 165.9375, 144.9375, -414.0000, 165.9375, 64, 64, 64
L 894.6562, -414.0000, 111.9688, 964.6250, -414.0000, 111.9688, 64, 64, 64
L 950.0000, -1724.3125, 30.0000, 950.0000, -1704.3125, -10.0000, 64, 64, 64
L 950.0000, -1384.4375, 30.0000, 950.0000, -1364.4688, 30.0000, 64, 64, 64
L -1004.5938, 540.0000, 122.7500, -974.6250, 540.0000, 169.9375, 64, 64, 64
L 1759.2812, 540.0000, 89.9688, 1794.2812, 540.0000, 0.0000, 64, 64, 64
L -1004.0000, 339.8750, 89.9688, -1004.0000, 539.7812, 0.0000, 64, 64, 64
L -0.0000, -299.8750, 212.9062, -0.0000, -174.9375, 167.9375, 64, 64, 64
L -0.0000, -109.9688, 125.9375, -0.0000, -104.9688, 114.9688, 64, 64, 64
L -0.0000, -89.9688, 125.9375, -0.0000, -39.9688, 167.9375, 64, 64, 64
L -204.9062, -804.0000, 171.9375, -189.9375, -804.0000, 172.9375, 64, 64, 64
L -169.9375, -804.0000, 145.9375, -154.9375, -804.0000, 146.9375, 64, 64, 64
L 112.9688, -804.0000, 174.9375, 116.9688, -804.0000, 174.9375, 64, 64, 64
L 137.9375, -804.0000, 176.9375, 141.9375, -804.0000, 176.9375, 64, 64, 64
L 504.8125, -804.0000, 69.9688, 524.7812, -804.0000, 69.9688, 64, 64, 64
L -140.2775, 583.6316, 49.9688, -39.5300, 623.9117, 169.9375, 64, 64, 64
L 1160.0000, -1039.5938, 123.9375, 1160.0000, -1029.5938, 123.9375, 64, 64, 64
L 1160.0000, -899.6250, 139.9375, 1160.0000, -889.6562, 139.9375, 64, 64, 64
L 1160.0000, -749.6875, 139.9375, 1160.0000, -739.7188, 119.9375, 64, 64, 64
L 1160.0000, -609.7500, 139.9375, 1160.0000, -599.7500, 139.9375, 64, 64, 64
L 1160.0000, 929.6250, 39.3438, 1160.0000, 989.5938, 89.9688, 64, 64, 64
L 980.0806, 1079.0756, 40.5938, 1010.0806, 1109.0756, 30.0000, 64, 64, 64
L 584.0000, -1429.4375, 264.9062, 584.0000, -1144.5312, 264.9062, 64, 64, 64
L 584.0000, -224.9062, 144.9375, 584.0000, -30.0000, 129.9375, 64, 64, 64
L 254.0000, -1429.4375, 265.9062, 254.0000, -1144.5312, 265.9062, 64, 64, 64
L -64.4196, -512.3337, 114.9688, -59.4196, -507.3650, 114.9688, 64, 64, 64
L 174.9375, -680.0000, 84.9688, 289.8750, -680.0000, 84.9688, 64, 64, 64
L 409.8438, -680.0000, 84.9688, 504.8125, -680.0000, 84.9688, 64, 64, 64
L 829.6562, -680.0000, 119.9375, 1089.5625, -680.0000, 189.9375, 64, 64, 64
L 204.9062, -1490.0000, 264.9062, 214.9062, -1490.0000, 264.9062, 64, 64, 64
L 244.9062, -1490.0000, 265.9062, 399.8438, -1490.0000, 264.9062, 64, 64, 64
L 429.8125, -1490.0000, 264.9062, 594.7500, -1490.0000, 264.9062, 64, 64, 64
L 624.7500, -1490.0000, 264.9062, 634.7500, -1490.0000, 264.9062, 64, 64, 64
L 440.0000, -209.9062, 134.9375, 440.0000, -194.9375, 134.9375, 64, 64, 64
L 440.0000, 0.0000, 134.9375, 440.0000, 15.0000, 133.9375, 64, 64, 64
L 440.0000, 25.0000, 133.9375, 440.0000, 35.0000, 133.9375, 64, 64, 64
L 490.0675, -1359.7238, 264.9062, 505.0675, -1344.7238, 264.9062, 64, 64, 64
L -417.8438, -1384.0000, 5.0000, -398.8438, -1384.0000, 5.0000, 64, 64, 64
L -270.9062, -1384.0000, -2.0000, -262.9062, -1384.0000, -2.0000, 64, 64, 64
L 929.6250, -1384.0000, 49.9688, 1009.5938, -1384.0000, 49.9688, 64, 64, 64
L -100.0000, -1516.4062, -10.0000, -100.0000, -1486.4062, -10.0000, 64, 64, 64
L -100.0000, -496.8125, 174.9375, -100.0000, -390.8438, 174.9375, 64, 64, 64
L 1620.0000, 644.7500, 167.9375, 1620.0000, 649.7500, 139.9375, 64, 64, 64
L 1180.0000, -1039.5938, 160.9375, 1180.0000, -599.7500, 189.9375, 64, 64, 64
L 1600.0000, 189.9375, 0.0000, 1600.0000, 249.9062, 39.6562, 64, 64, 64
L 1600.0000, 659.7500, 130.9375, 1600.0000, 669.7188, 130.9375, 64, 64, 64
L 810.0000, -1104.5625, -10.0000, 810.0000, -1044.5938, 49.9688, 64, 64, 64
L 810.0000, -1024.5938, -10.0000, 810.0000, -784.6875, 49.9688, 64, 64, 64
L 810.0000, -309.8750, 84.9688, 810.0000, -239.9062, 69.9688, 64, 64, 64
L 810.0000, -224.9062, 84.9688, 810.0000, -194.9375, 84.9688, 64, 64, 64
L 810.0000, -164.9375, 84.9688, 810.0000, -124.9375, 69.9688, 64, 64, 64
L 810.0000, -109.9688, 84.9688, 810.0000, -54.9688, 69.9688, 64, 64, 64
L 810.0000, -15.0000, 84.9688, 810.0000, 0.0000, 69.9688, 64, 64, 64
L 674.9315, 1259.7126, 170.9375, 689.9315, 1244.7126, 169.9375, 64, 64, 64
L 824.8690, 1109.7753, 169.9375, 839.8690, 1094.7751, 130.9375, 64, 64, 64
L 780.0000, -154.9375, 114.9688, 780.0000, -140.9375, 129.9375, 64, 64, 64
L 780.0000, -124.9375, 114.9688, 780.0000, -109.9688, 114.9688, 64, 64, 64
L 780.0000, -84.9688, 114.9688, 780.0000, -39.9688, 114.9688, 64, 64, 64
L 780.0000, -30.0000, 69.9688, 780.0000, -15.0000, 69.9688, 64, 64, 64
L 370.8438, 362.0000, 89.9688, 414.8438, 362.0000, 54.9688, 64, 64, 64
L -529.7350, 80.0150, 170.9375, -519.7349, 70.0150, 170.9375, 64, 64, 64
L 634.7963, -1084.5162, 265.9062, 639.7963, -1089.5162, 264.9062, 64, 64, 64
L 119.2597, 1425.1162, 169.9375, 146.7908, 1452.6162, 169.9375, 64, 64, 64
L -39.9688, 622.0000, 49.9688, 869.6562, 622.0000, 50.9688, 64, 64, 64
L 154.9375, -16.0000, 69.9688, 296.8750, -16.0000, 129.9375, 64, 64, 64
L 349.8750, -16.0000, 69.9688, 384.8438, -16.0000, 69.9688, 64, 64, 64
L 444.8125, -16.0000, 69.9688, 474.8125, -16.0000, 84.9688, 64, 64, 64
L 489.8125, -16.0000, 144.9375, 609.7500, -16.0000, 69.9688, 64, 64, 64
L 634.7500, -16.0000, 69.9688, 714.7188, -16.0000, 84.9688, 64, 64, 64
L 729.7188, -16.0000, 84.9688, 779.6875, -16.0000, 84.9688, 64, 64, 64
L 794.6875, -16.0000, 84.9688, 809.6875, -16.0000, 69.9688, 64, 64, 64
L 824.6562, -16.0000, 69.9688, 864.6562, -16.0000, 69.9688, 64, 64, 64
L 378.8438, 524.0000, 88.9688, 406.8438, 524.0000, 89.9688, 64, 64, 64
L -38.0000, 473.8125, 121.9375, -38.0000, 501.8125, 121.9375, 64, 64, 64
L -699.7188, -330.0000, 79.9688, -664.7188, -330.0000, 29.9062, 64, 64, 64
L -659.7500, -330.0000, 20.0000, -654.7500, -330.0000, 89.9688, 64, 64, 64
L 904.6250, -330.0000, 149.9375, 954.6250, -330.0000, 114.9688, 64, 64, 64
L 1429.4375, -330.0000, 20.0000, 1434.4375, -330.0000, 20.0000, 64, 64, 64
L 1439.4375, -330.0000, 30.3125, 1474.4062, -330.0000, 79.9688, 64, 64, 64
L 823.6937, -793.1447, 124.9375, 851.4150, -793.0485, 123.9375, 64, 64, 64
L 1073.3199, -792.2780, 123.9375, 1102.3198, -792.1772, 122.9375, 64, 64, 64
L 462.0000, -213.9062, 155.9375, 462.0000, -210.9062, 155.9375, 64, 64, 64
L 462.0000, 16.0000, 144.9375, 462.0000, 19.0000, 155.9375, 64, 64, 64
L 378.8438, 526.0000, 129.9062, 406.8438, 526.0000, 129.9062, 64, 64, 64
L -214.9062, -92.0000, 125.9375, -209.9062, -92.0000, 114.9688, 64, 64, 64
L 1069.5625, -92.0000, 114.9688, 1074.5625, -92.0000, 114.9688, 64, 64, 64
L -194.9375, -210.0000, 109.9688, -163.9375, -210.0000, 94.9688, 64, 64, 64
L 28.0000, -210.0000, 202.9062, 35.0000, -210.0000, 200.9062, 64, 64, 64
L 149.9375, -210.0000, 200.9062, 156.9375, -210.0000, 164.9375, 64, 64, 64
L 284.8750, -210.0000, 129.9375, 499.8125, -210.0000, 129.9375, 64, 64, 64
L 524.7812, -210.0000, 114.9688, 619.7500, -210.0000, 129.9375, 64, 64, 64
L 824.6562, -210.0000, 69.9688, 879.6562, -210.0000, 84.9688, 64, 64, 64
L 868.5197, 475.3702, 114.9688, 970.1045, 423.5775, 121.9375, 64, 64, 64
L 24.0000, -304.0000, 187.9375, 35.0000, -304.0000, 187.9375, 64, 64, 64
L 149.9375, -304.0000, 165.9375, 160.9375, -304.0000, 167.9375, 64, 64, 64
L 1049.5938, -304.0000, 129.9375, 1094.5625, -304.0000, 129.9375, 64, 64, 64
L 1091.9832, 69.2729, 54.9688, 1108.9832, 55.1167, 54.9688, 64, 64, 64
L 120.0000, -939.6250, 174.9375, 120.0000, -929.6250, 175.9375, 64, 64, 64
L 120.0000, -828.6562, 174.9375, 120.0000, -825.6562, 174.9375, 64, 64, 64
L 120.0000, -812.6875, 189.9375, 120.0000, -806.6875, 187.9375, 64, 64, 64
L 120.0000, -792.6875, 174.9375, 120.0000, -786.6875, 174.9375, 64, 64, 64
L 120.0000, -772.6875, 189.9375, 120.0000, -766.6875, 174.9375, 64, 64, 64
L 120.0000, -614.7500, 114.9688, 120.0000, -599.7500, 114.9688, 64, 64, 64
L 120.0000, -509.7812, 69.9688, 120.0000, -434.8125, 84.9688, 64, 64, 64
L 120.0000, -324.8750, 114.9688, 120.0000, -179.9375, 114.9688, 64, 64, 64
L 120.0000, 1259.5000, 130.9375, 120.0000, 1269.5000, 169.9375, 64, 64, 64
L 120.0000, 1404.4375, 169.9375, 120.0000, 1424.4375, 169.9375, 64, 64, 64
L -214.0000, -259.9062, 69.9688, -214.0000, -154.9375, 84.9688, 64, 64, 64
L -214.0000, -104.9688, 179.9375, -214.0000, -89.9688, 167.9375, 64, 64, 64
L -214.0000, 1109.5625, 92.9688, -214.0000, 1119.5625, 139.9375, 64, 64, 64
L -974.5840, 499.7714, 130.9375, -964.5840, 509.7401, 167.9375, 64, 64, 64
L -822.0856, 651.7933, 0.0000, -812.0856, 661.7620, 0.0000, 64, 64, 64
L -673.0693, 800.3439, 169.9375, -663.0536, 810.3282, 167.9375, 64, 64, 64
L -522.8973, 950.0466, 167.9375, -512.8817, 960.0309, 130.9375, 64, 64, 64
L 179.9375, 330.0000, 49.9688, 239.9062, 330.0000, 49.9688, 64, 64, 64
L 539.7812, 330.0000, 209.9062, 599.7500, 330.0000, 209.9062, 64, 64, 64
L -236.0000, -586.7500, 142.9375, -236.0000, -576.7812, 142.9375, 64, 64, 64
L -194.0000, -601.7500, 170.9375, -194.0000, -596.7500, 143.9375, 64, 64, 64
L -194.0000, -324.8750, 114.9688, -194.0000, -284.8750, 129.9375, 64, 64, 64
L -194.0000, -269.9062, 114.9688, -194.0000, -234.9062, 114.9688, 64, 64, 64
L -194.0000, -209.9062, 94.9688, -194.0000, -169.9375, 109.9688, 64, 64, 64
L -194.0000, -79.9688, 104.9688, -194.0000, -44.9688, 129.9375, 64, 64, 64
L 450.0000, -349.8750, 49.9688, 450.0000, -264.9062, 35.0000, 64, 64, 64
L 450.0000, -209.9062, 138.9375, 450.0000, -194.9375, 138.9375, 64, 64, 64
L 450.0000, 0.0000, 139.9375, 450.0000, 15.0000, 138.9375, 64, 64, 64
L 450.0000, 25.0000, 138.9375, 450.0000, 35.0000, 139.9375, 64, 64, 64
L 450.0000, 139.9375, 439.8125, 450.0000, 259.9062, 389.8438, 64, 64, 64
L 624.0000, -179.9375, 69.9688, 624.0000, -124.9375, 84.9688, 64, 64, 64
L 1599.7690, 219.5135, 139.9375, 1609.7377, 229.5135, 167.9375, 64, 64, 64
L 1749.4714, 369.6852, 130.9375, 1759.4402, 379.6854, 130.9375, 64, 64, 64
L 269.9062, 180.0000, 167.9375, 271.9062, 180.0000, 167.9375, 64, 64, 64
L 507.7812, 180.0000, 144.9375, 509.7812, 180.0000, 144.9375, 64, 64, 64
L -209.9062, -80.0000, 104.9688, -169.9375, -80.0000, 109.9688, 64, 64, 64
L 154.9375, -80.0000, 69.9688, 244.9062, -80.0000, 69.9688, 64, 64, 64
L 304.8750, -80.0000, 69.9688, 319.8750, -80.0000, 69.9688, 64, 64, 64
L 349.8750, -80.0000, 84.9688, 444.8125, -80.0000, 69.9688, 64, 64, 64
L 259.4273, 50.4467, 204.9062, 289.4898, 80.5720, 259.1875, 64, 64, 64
L 509.1666, 300.7074, 144.9375, 539.1353, 330.7386, 121.9375, 64, 64, 64
L -369.1637, 960.3049, 146.3750, -354.1638, 945.3050, 167.9375, 64, 64, 64
L 200.6019, 390.5394, 309.8750, 240.8168, 350.3244, 309.8750, 64, 64, 64
L 330.4782, 260.6631, 439.8125, 450.5081, 140.6331, 439.8125, 64, 64, 64
L 560.4612, 30.6800, 354.2188, 580.4612, 10.6800, 309.8750, 64, 64, 64
L 655.2455, -64.1043, 299.8750, 680.2299, -89.0887, 329.3750, 64, 64, 64
L -293.8750, -1424.0000, -2.0000, -262.9062, -1424.0000, 0.0000, 64, 64, 64
L -234.9062, -1424.0000, 15.0000, -134.9375, -1424.0000, 15.0000, 64, 64, 64
L 244.0000, -1524.3750, 30.0000, 244.0000, -1144.5312, 294.8750, 64, 64, 64
L 244.0000, -1134.5312, 30.0000, 244.0000, -1074.5625, -10.0000, 64, 64, 64
L 244.0000, -129.9375, 69.9688, 244.0000, -79.9688, 84.9688, 64, 64, 64
L 869.9048, 476.2945, 121.9375, 871.9048, 475.2632, 121.9375, 64, 64, 64
L -229.9062, -90.0000, 164.9375, -214.9062, -90.0000, 167.9375, 64, 64, 64
L -209.9062, -90.0000, 129.9375, -109.9688, -90.0000, 114.9688, 64, 64, 64
L -64.9688, -90.0000, 69.9688, 59.9688, -90.0000, 167.9375, 64, 64, 64
L 124.9375, -90.0000, 114.9688, 234.9062, -90.0000, 114.9688, 64, 64, 64
L 509.7812, -90.0000, 159.9375, 554.7812, -90.0000, 144.9375, 64, 64, 64
L 599.7500, -90.0000, 114.9688, 709.7188, -90.0000, 114.9688, 64, 64, 64
L 774.6875, -90.0000, 129.9375, 884.6562, -90.0000, 114.9688, 64, 64, 64
L 949.6250, -90.0000, 129.9375, 1069.5625, -90.0000, 114.9688, 64, 64, 64
L 1074.5625, -90.0000, 129.9375, 1089.5625, -90.0000, 129.9375, 64, 64, 64
L 940.0000, -974.6250, 154.9375, 940.0000, -964.6250, 119.9375, 64, 64, 64
L 940.0000, -954.6250, 69.9688, 940.0000, -929.6250, 84.9688, 64, 64, 64
L 940.0000, -914.6250, 69.9688, 940.0000, -839.6562, 84.9688, 64, 64, 64
L 940.0000, -744.6875, 84.9688, 940.0000, -639.7500, 84.9688, 64, 64, 64
L -78.0000, -1479.4062, 5.0000, -78.0000, -1464.4062, 5.0000, 64, 64, 64
L -78.0000, -1214.5000, 5.0000, -78.0000, -1204.5312, 5.0000, 64, 64, 64
L -78.0000, -586.7500, 137.9375, -78.0000, -576.7812, 136.9375, 64, 64, 64
L -167.9375, -110.0000, 168.9375, -156.9375, -110.0000, 168.9375, 64, 64, 64
L -2.0000, -110.0000, 114.9688, 54.9688, -110.0000, 129.9375, 64, 64, 64
L 129.9375, -110.0000, 114.9688, 186.9375, -110.0000, 114.9688, 64, 64, 64
L 279.8750, -110.0000, 145.5938, 308.8750, -110.0000, 115.9688, 64, 64, 64
L 379.8438, -110.0000, 117.9375, 404.8438, -110.0000, 117.9375, 64, 64, 64
L 473.8125, -110.0000, 114.9688, 549.7812, -110.0000, 69.9688, 64, 64, 64
L 584.7812, -110.0000, 159.9375, 599.7500, -110.0000, 144.9375, 64, 64, 64
L 609.7500, -110.0000, 84.9688, 704.7188, -110.0000, 129.9375, 64, 64, 64
L 729.7188, -110.0000, 84.9688, 759.6875, -110.0000, 69.9688, 64, 64, 64
L 779.6875, -110.0000, 129.9375, 879.6562, -110.0000, 84.9688, 64, 64, 64
L 1001.5938, -110.0000, 114.9688, 1012.5938, -110.0000, 114.9688, 64, 64, 64
L 444.0000, -879.6562, 114.9688, 444.0000, -854.6562, 114.9688, 64, 64, 64
L 444.0000, -209.9062, 136.9375, 444.0000, -194.9375, 135.9375, 64, 64, 64
L 444.0000, -129.9375, 69.9688, 444.0000, -79.9688, 84.9688, 64, 64, 64
L 444.0000, -54.9688, 69.9688, 444.0000, -15.0000, 84.9688, 64, 64, 64
L 444.0000, 0.0000, 136.9375, 444.0000, 15.0000, 135.9375, 64, 64, 64
L 444.0000, 25.0000, 135.9375, 444.0000, 35.0000, 135.9375, 64, 64, 64
L 539.9288, 50.0180, 309.8750, 549.9288, 20.0493, 332.0625, 64, 64, 64
L -204.9062, 1100.0000, 139.9375, -194.9375, 1100.0000, 139.9375, 64, 64, 64
L -54.9688, 1100.0000, 139.9375, -44.9688, 1100.0000, 130.9375, 64, 64, 64
L 839.6562, 1100.0000, 130.9375, 849.6562, 1100.0000, 90.9688, 64, 64, 64
L 989.5938, 1100.0000, 89.9688, 999.5938, 1100.0000, 73.5000, 64, 64, 64
L 664.0000, -1489.4062, 264.9062, 664.0000, -1469.4062, 265.9062, 64, 64, 64
L 664.0000, -1104.5625, 264.9062, 664.0000, -1084.5625, 264.9062, 64, 64, 64
L 249.9062, -1544.0000, 49.9688, 709.7188, -1544.0000, 49.9688, 64, 64, 64
L 564.0000, -179.9375, 84.9688, 564.0000, -164.9375, 114.9688, 64, 64, 64
L 564.0000, -124.9375, 69.9688, 564.0000, -69.9688, 69.9688, 64, 64, 64
L 564.0000, -54.9688, 69.9688, 564.0000, -15.0000, 131.9375, 64, 64, 64
L -534.7812, 950.0000, 167.9375, -524.7812, 950.0000, 169.9375, 64, 64, 64
L -354.8438, 950.0000, 167.9375, -344.8750, 950.0000, 130.9375, 64, 64, 64
L 1139.5312, 950.0000, 30.0000, 1149.5312, 950.0000, 0.0000, 64, 64, 64
L 1309.4688, 950.0000, 0.0000, 1319.4688, 950.0000, 0.0000, 64, 64, 64
L -345.3348, 950.0847, 0.0000, -335.3348, 960.0848, 0.0000, 64, 64, 64
L -195.3973, 1100.0222, 167.9375, -185.3973, 1110.0222, 169.9375, 64, 64, 64
L 104.4933, 1399.9128, 169.9375, 114.4933, 1409.9128, 130.9375, 64, 64, 64
L 254.4309, 1549.8505, 30.0000, 264.4308, 1559.8503, 77.5625, 64, 64, 64
L 154.9375, -30.0000, 84.9688, 304.8750, -30.0000, 84.9688, 64, 64, 64
L 349.8750, -30.0000, 84.9688, 399.8438, -30.0000, 84.9688, 64, 64, 64
L 489.8125, -30.0000, 144.9375, 504.8125, -30.0000, 143.9375, 64, 64, 64
L 509.7812, -30.0000, 144.9375, 584.7812, -30.0000, 129.9375, 64, 64, 64
L 779.6875, -30.0000, 69.9688, 824.6562, -30.0000, 84.9688, 64, 64, 64
L 154.2999, -830.2939, 174.9375, 164.2998, -840.2939, 174.9375, 64, 64, 64
L 519.1592, -1195.1532, 265.9062, 524.1592, -1200.1533, 264.9062, 64, 64, 64
L 510.0000, -224.9062, 129.9375, 510.0000, -164.9375, 144.9375, 64, 64, 64
L 510.0000, -104.9688, 159.9375, 510.0000, -89.9688, 144.9375, 64, 64, 64
L 510.0000, -30.0000, 159.9375, 510.0000, -15.0000, 144.9375, 64, 64, 64
L 510.0000, -0.0000, 69.9688, 510.0000, 30.0000, 69.9688, 64, 64, 64
L 510.0000, 79.9688, 269.9062, 510.0000, 319.8750, 259.1875, 64, 64, 64
L 117.4402, -763.9877, 174.9375, 120.4089, -765.9877, 176.9375, 64, 64, 64
L 131.2305, -773.2780, 187.9375, 134.2207, -775.2925, 187.9375, 64, 64, 64
L 1769.5210, 380.0835, 89.9688, 1779.5210, 370.0835, 89.9688, 64, 64, 64
L 1110.2039, 948.9836, 40.5938, 1140.1726, 978.9523, 89.9688, 64, 64, 64
L 300.0000, -1374.4375, 294.8750, 300.0000, -1199.5312, 294.8750, 64, 64, 64
L 300.0000, -932.6250, 109.9688, 300.0000, -912.6250, 129.9375, 64, 64, 64
L 300.0000, -109.9688, 116.9688, 300.0000, -84.9688, 117.9375, 64, 64, 64
L 300.0000, 109.9688, 154.9375, 300.0000, 144.9375, 138.9375, 64, 64, 64
L -194.9375, -60.0000, 119.9375, -49.9688, -60.0000, 84.9688, 64, 64, 64
L 279.8750, -60.0000, 128.9375, 294.8750, -60.0000, 128.9375, 64, 64, 64
L 489.8125, -60.0000, 129.9375, 504.8125, -60.0000, 128.9375, 64, 64, 64
L 584.7812, -60.0000, 120.9375, 599.7500, -60.0000, 121.9375, 64, 64, 64
L 279.8750, -854.0000, 114.9688, 364.8438, -854.0000, 129.9375, 64, 64, 64
L 384.8438, -854.0000, 139.9375, 444.8125, -854.0000, 139.9375, 64, 64, 64
L 774.6875, -854.0000, 69.9688, 839.6562, -854.0000, 84.9688, 64, 64, 64
L 854.6562, -854.0000, 84.9688, 879.6562, -854.0000, 69.9688, 64, 64, 64
L -204.9062, -784.0000, 189.9375, -54.9688, -784.0000, 143.9375, 64, 64, 64
L 112.9688, -784.0000, 174.9375, 116.9688, -784.0000, 174.9375, 64, 64, 64
L 137.9375, -784.0000, 176.9375, 141.9375, -784.0000, 176.9375, 64, 64, 64
L 504.8125, -784.0000, 114.9688, 524.7812, -784.0000, 84.9688, 64, 64, 64
L 609.7500, -784.0000, 49.9688, 809.6875, -784.0000, -10.0000, 64, 64, 64
L 1069.5625, -784.0000, 69.9688, 1119.5625, -784.0000, 84.9688, 64, 64, 64
L 1134.5312, -784.0000, 69.9688, 1149.5312, -784.0000, 69.9688, 64, 64, 64
L -274.8750, -44.0000, 167.9375, -249.9062, -44.0000, 167.9375, 64, 64, 64
L -209.9062, -44.0000, 119.9375, -64.9688, -44.0000, 84.9688, 64, 64, 64
L 279.8750, -44.0000, 137.9375, 294.8750, -44.0000, 137.9375, 64, 64, 64
L 489.8125, -44.0000, 137.9375, 504.8125, -44.0000, 137.9375, 64, 64, 64
L 584.7812, -44.0000, 129.9375, 599.7500, -44.0000, 129.9375, 64, 64, 64
L 1109.5625, -44.0000, 114.9688, 1134.5312, -44.0000, 114.9688, 64, 64, 64
L -204.0000, -834.6562, 178.9375, -204.0000, -784.6875, 189.9375, 64, 64, 64
L -204.0000, -779.6875, 158.9375, -204.0000, -664.7188, 143.9375, 64, 64, 64
L -374.8438, -1404.0000, -10.0000, -304.8750, -1404.0000, -10.0000, 64, 64, 64
L 289.8750, -1404.0000, 284.8750, 544.7812, -1404.0000, 299.8750, 64, 64, 64
L -278.2057, -521.4505, 144.9375, -264.2370, -507.4818, 186.9375, 64, 64, 64
L 354.2199, 110.9752, 119.9375, 364.2043, 120.9596, 119.9375, 64, 64, 64
L -60.3822, -75.3822, 164.9375, -45.3822, -90.3822, 164.9375, 64, 64, 64
L 684.7188, -760.0000, 129.9375, 734.7188, -760.0000, 114.9688, 64, 64, 64
L 739.7188, -760.0000, 119.9375, 749.6875, -760.0000, 119.9375, 64, 64, 64
L 924.6250, -760.0000, 84.9688, 959.6250, -760.0000, 84.9688, 64, 64, 64
L 1019.5938, -760.0000, 89.9688, 1039.5938, -760.0000, 84.9688, 64, 64, 64
L 1169.5312, -760.0000, 121.9375, 1179.5312, -760.0000, 123.9375, 64, 64, 64
L 380.0000, -209.9062, 144.9375, 380.0000, -180.9375, 119.9375, 64, 64, 64
L 380.0000, -109.9688, 116.9688, 380.0000, -84.9688, 116.9688, 64, 64, 64
L 380.0000, -14.0000, 118.9375, 380.0000, 15.0000, 144.9375, 64, 64, 64
L 380.0000, 359.8438, 131.9375, 380.0000, 450.8125, 131.9375, 64, 64, 64
L 380.0000, 524.7812, 121.9375, 380.0000, 624.7500, 103.9688, 64, 64, 64
L 150.0000, -983.5938, 201.9062, 150.0000, -939.6250, 182.9375, 64, 64, 64
L 150.0000, -654.7500, 129.9375, 150.0000, -614.7500, 129.9375, 64, 64, 64
L 150.0000, -429.8125, 180.9375, 150.0000, -169.9375, 176.9375, 64, 64, 64
L 150.0000, -39.9688, 204.9062, 150.0000, 69.9688, 204.9062, 64, 64, 64
L 404.8438, -844.0000, 114.9688, 424.8438, -844.0000, 114.9688, 64, 64, 64
L 669.7188, -844.0000, -10.0000, 749.6875, -844.0000, 49.9688, 64, 64, 64
L 821.0098, -844.0000, 122.9375, 840.9786, -844.0000, 121.9375, 64, 64, 64
L 1019.5938, -844.0000, 84.9688, 1119.5625, -844.0000, 84.9688, 64, 64, 64
L 30.0000, -384.0000, 84.9688, 134.9375, -384.0000, 69.9688, 64, 64, 64
L 384.8438, -384.0000, 194.9375, 419.8438, -384.0000, 219.9062, 64, 64, 64
L 504.8125, -384.0000, 84.9688, 679.7188, -384.0000, 84.9688, 64, 64, 64
L -314.0000, -764.6875, 174.9375, -314.0000, -634.7500, 189.9375, 64, 64, 64
L -314.0000, -619.7500, 189.9375, -314.0000, -539.7812, 174.9375, 64, 64, 64
L -314.0000, -439.8125, 124.8750, -314.0000, -429.8125, 114.9688, 64, 64, 64
L -314.0000, -324.8750, 129.9375, -314.0000, -264.9062, 114.9688, 64, 64, 64
L -664.0000, -614.7500, 164.9375, -664.0000, -329.8750, 89.9688, 64, 64, 64
L -664.0000, 209.9062, 139.9375, -664.0000, 219.9062, 130.9375, 64, 64, 64
L -664.0000, 809.6875, 170.9375, -664.0000, 819.6875, 169.9375, 64, 64, 64
L 1469.6924, 230.1923, 0.0000, 1479.6923, 220.1924, 30.0000, 64, 64, 64
L -684.2780, 799.5406, 30.0000, -674.4661, 828.9762, 30.0000, 64, 64, 64
L -2.0000, -40.0000, 129.9375, 54.9688, -40.0000, 167.9375, 64, 64, 64
L 129.9375, -40.0000, 114.9688, 629.7500, -40.0000, 229.9062, 64, 64, 64
L 647.7500, -40.0000, 129.9375, 704.7188, -40.0000, 114.9688, 64, 64, 64
L 779.6875, -40.0000, 114.9688, 841.6562, -40.0000, 129.9375, 64, 64, 64
L 1299.8088, 929.2849, 39.9375, 1329.8088, 959.2849, 89.9688, 64, 64, 64
L -60.6527, -165.6215, 164.9375, -50.6527, -175.6215, 185.9375, 64, 64, 64
L 1210.0000, -1724.3125, 30.0000, 1210.0000, -1704.3125, 30.0000, 64, 64, 64
L 94.9688, 1250.0000, 92.9688, 104.9688, 1250.0000, 90.9688, 64, 64, 64
L 689.7188, 1250.0000, 90.9688, 699.7188, 1250.0000, 92.9688, 64, 64, 64
L 774.0000, -854.6562, 84.9688, 774.0000, -794.6875, 69.9688, 64, 64, 64
L 774.0000, -779.6875, 84.9688, 774.0000, -724.7188, 69.9688, 64, 64, 64
L 774.0000, -669.7188, 84.9688, 774.0000, -654.7500, 69.9688, 64, 64, 64
L 394.0000, -1524.3750, -10.0000, 394.0000, -1339.4688, 299.8750, 64, 64, 64
L 394.0000, -1329.4688, -10.0000, 394.0000, -1179.5312, 30.0000, 64, 64, 64
L 394.0000, -729.7188, 69.9688, 394.0000, -664.7188, 69.9688, 64, 64, 64
L 74.9688, 1280.0000, 0.0000, 134.9375, 1280.0000, 39.6562, 64, 64, 64
L 659.7500, 1280.0000, 89.9688, 719.7188, 1280.0000, 89.9688, 64, 64, 64
L -1004.5938, 370.0000, 0.0000, -994.5938, 370.0000, 30.0000, 64, 64, 64
L 1744.3125, 370.0000, 167.9375, 1749.3125, 370.0000, 167.9375, 64, 64, 64
L 549.5496, 1549.1433, 94.9688, 679.4871, 1419.2058, 90.9688, 64, 64, 64
L 999.4883, 1099.2046, 90.9688, 1129.4414, 969.2515, 90.9688, 64, 64, 64
L 370.8438, 360.0000, 121.9375, 414.8438, 360.0000, 121.9375, 64, 64, 64
L 1744.3125, 360.0000, 169.9375, 1749.3125, 360.0000, 170.9375, 64, 64, 64
L 159.9375, -1044.0000, 285.8750, 679.7188, -1044.0000, 294.8750, 64, 64, 64
L 749.6875, -1044.0000, 49.9688, 809.6875, -1044.0000, 49.9688, 64, 64, 64
L 174.0000, -1489.4062, 264.9062, 174.0000, -1469.4062, 265.9062, 64, 64, 64
L 174.0000, -1104.5625, 265.9062, 174.0000, -1084.5625, 265.9062, 64, 64, 64
L 174.0000, -921.6250, 177.9375, 174.0000, -847.6562, 206.9062, 64, 64, 64
L 174.0000, -754.6875, 69.9688, 174.0000, -679.7188, 69.9688, 64, 64, 64
L 174.0000, -664.7188, 69.9688, 174.0000, -609.7500, 69.9688, 64, 64, 64
L 174.0000, -109.9688, 125.9375, 174.0000, -104.9688, 114.9688, 64, 64, 64
L 174.0000, -89.9688, 125.9375, 174.0000, -84.9688, 125.9375, 64, 64, 64
L -369.8438, -6.0000, 204.9062, -362.8438, -6.0000, 204.9062, 64, 64, 64
L -279.8750, -6.0000, 279.8750, -274.8750, -6.0000, 279.8750, 64, 64, 64
L 379.8438, -6.0000, 117.9375, 404.8438, -6.0000, 117.9375, 64, 64, 64
L 1109.5625, -6.0000, 204.9062, 1116.5625, -6.0000, 204.9062, 64, 64, 64
L 1192.5312, -6.0000, 204.9062, 1199.5312, -6.0000, 204.9062, 64, 64, 64
L 1264.0000, -609.7500, 69.9688, 1264.0000, -514.7812, 84.9688, 64, 64, 64
L 1264.0000, -279.8750, 30.3125, 1264.0000, -244.9062, 79.9688, 64, 64, 64
L 64.8297, -474.9516, 114.9688, 69.8296, -479.9515, 114.9688, 64, 64, 64
L -44.0000, -539.7812, 69.9688, -44.0000, -524.7812, 69.9688, 64, 64, 64
L -44.0000, -334.8750, 141.9375, -44.0000, -324.8750, 141.9375, 64, 64, 64
L -44.0000, -237.9062, 186.9375, -44.0000, -226.9062, 175.9375, 64, 64, 64
L -44.0000, -169.9375, 144.9375, -44.0000, -159.9375, 144.9375, 64, 64, 64
L -44.0000, 1129.5625, 89.9688, -44.0000, 1139.5312, 89.9688, 64, 64, 64
L -249.5469, -44.6095, 179.9375, -229.5470, -64.6095, 167.9375, 64, 64, 64
L 1750.0000, 359.8438, 167.9375, 1750.0000, 519.7812, 167.9375, 64, 64, 64
L 426.3295, 1388.9285, 159.9375, 429.2982, 1385.9285, 103.9688, 64, 64, 64
L 1599.5015, 203.4073, 94.9688, 1609.4333, 193.3709, 139.9375, 64, 64, 64
L 296.0000, -192.9375, 114.9688, 296.0000, -2.0000, 114.9688, 64, 64, 64
L -189.9375, 66.0000, 167.9375, -149.9375, 66.0000, 167.9375, 64, 64, 64
L -50.9688, 66.0000, 179.9375, -11.0000, 66.0000, 179.9375, 64, 64, 64
L 89.9688, 66.0000, 179.9375, 129.9375, 66.0000, 167.9375, 64, 64, 64
L 639.7500, 66.0000, 139.9375, 679.7188, 66.0000, 167.9375, 64, 64, 64
L 799.6875, 66.0000, 167.9375, 839.6562, 66.0000, 167.9375, 64, 64, 64
L 979.5938, 66.0000, 139.9375, 1019.5938, 66.0000, 167.9375, 64, 64, 64
L -234.9062, -1214.0000, -10.0000, -134.9375, -1214.0000, 15.0000, 64, 64, 64
L -84.9688, -1214.0000, 15.0000, -54.9688, -1214.0000, 15.0000, 64, 64, 64
L 344.8750, -1214.0000, 264.9062, 489.8125, -1214.0000, 264.9062, 64, 64, 64
L -357.8438, -1402.0000, 0.0000, -325.8750, -1402.0000, 0.0000, 64, 64, 64
L -229.9062, -104.0000, 167.9375, -214.9062, -104.0000, 164.9375, 64, 64, 64
L -209.9062, -104.0000, 129.9375, -49.9688, -104.0000, 69.9688, 64, 64, 64
L -44.9688, -104.0000, 129.9375, 59.9688, -104.0000, 164.9375, 64, 64, 64
L 124.9375, -104.0000, 129.9375, 234.9062, -104.0000, 114.9688, 64, 64, 64
L 509.7812, -104.0000, 159.9375, 539.7812, -104.0000, 159.9375, 64, 64, 64
L 599.7500, -104.0000, 114.9688, 709.7188, -104.0000, 114.9688, 64, 64, 64
L 774.6875, -104.0000, 114.9688, 884.6562, -104.0000, 129.9375, 64, 64, 64
L 949.6250, -104.0000, 114.9688, 1069.5625, -104.0000, 114.9688, 64, 64, 64
L 1074.5625, -104.0000, 114.9688, 1089.5625, -104.0000, 129.9375, 64, 64, 64
L 249.9062, -1604.0000, 49.9688, 709.7188, -1604.0000, 49.9688, 64, 64, 64
L 820.0000, -949.6250, 189.9375, 820.0000, -689.7188, 189.9375, 64, 64, 64
L 820.0000, -669.7188, 69.9688, 820.0000, -654.7500, 84.9688, 64, 64, 64
L 820.0000, -514.7812, 149.9375, 820.0000, -486.8125, 112.9688, 64, 64, 64
L 820.0000, -477.8125, 112.9688, 820.0000, -406.8438, 146.9375, 64, 64, 64
L 820.0000, -397.8438, 146.9375, 820.0000, -369.8438, 149.9375, 64, 64, 64
L 674.0000, 1259.5000, 169.9375, 674.0000, 1269.5000, 130.9375, 64, 64, 64
L 674.0000, 1409.4375, 130.9375, 674.0000, 1424.4375, 130.9375, 64, 64, 64
L -385.0408, 59.7717, 167.9375, -370.0408, 44.7717, 167.9375, 64, 64, 64
L 284.8750, 144.0000, 139.9375, 334.8750, 144.0000, 144.9375, 64, 64, 64
L 1149.9873, 949.1689, 0.0000, 1159.9873, 959.1689, 30.0000, 64, 64, 64
L 674.0542, 1415.1021, 65.2812, 689.0542, 1430.1021, 89.9688, 64, 64, 64
L 94.9688, 1430.0000, 139.9375, 104.9688, 1430.0000, 92.9688, 64, 64, 64
L 689.7188, 1430.0000, 94.9688, 699.7188, 1430.0000, 89.9688, 64, 64, 64
L -269.9062, -312.0000, 114.9688, -264.9062, -312.0000, 114.9688, 64, 64, 64
L -249.9062, -312.0000, 125.9375, -244.9062, -312.0000, 125.9375, 64, 64, 64
L -144.9375, -312.0000, 141.9375, -137.9375, -312.0000, 141.9375, 64, 64, 64
L -17.0000, -312.0000, 141.9375, -10.0000, -312.0000, 141.9375, 64, 64, 64
L 508.0000, 179.9375, 167.9375, 508.0000, 219.9062, 144.9375, 64, 64, 64
L 20.0000, -600.0000, 114.9688, 64.9688, -600.0000, 129.9375, 64, 64, 64
L 89.9688, -600.0000, 114.9688, 134.9375, -600.0000, 114.9688, 64, 64, 64
L 739.7188, -600.0000, 151.8125, 1179.5312, -600.0000, 151.8125, 64, 64, 64
L 1019.7328, -609.6109, 119.9375, 1029.7328, -619.6109, 119.9375, 64, 64, 64
L 1089.7015, -679.5797, 189.9375, 1099.7015, -689.5797, 159.9375, 64, 64, 64
L 1159.6703, -749.5483, 139.9375, 1169.6703, -759.5483, 121.9375, 64, 64, 64
L 1598.9069, 250.8844, 30.0000, 1629.6144, 220.1769, 89.9688, 64, 64, 64
L -404.8438, -214.0000, 79.9688, -369.8438, -214.0000, 29.6875, 64, 64, 64
L -364.8438, -214.0000, 89.9688, -359.8438, -214.0000, 20.0000, 64, 64, 64
L -184.9375, -214.0000, 69.9688, -109.9688, -214.0000, 84.9688, 64, 64, 64
L 204.9062, -214.0000, 84.9688, 219.9062, -214.0000, 69.9688, 64, 64, 64
L 311.8750, -214.0000, 144.9375, 322.8750, -214.0000, 144.9375, 64, 64, 64
L 461.8125, -214.0000, 144.9375, 472.8125, -214.0000, 144.9375, 64, 64, 64
L 1069.5625, -214.0000, 114.9688, 1104.5625, -214.0000, 129.9375, 64, 64, 64
L 1129.5625, -214.0000, 114.9688, 1169.5312, -214.0000, 129.9375, 64, 64, 64
L 1189.5312, -214.0000, 89.9688, 1194.5312, -214.0000, 89.9688, 64, 64, 64
L 1199.5312, -214.0000, 30.3125, 1234.5000, -214.0000, 79.9688, 64, 64, 64
L 1299.9016, 69.5359, 90.9688, 1309.9016, 79.5358, 130.9375, 64, 64, 64
L 1445.4313, 215.0656, 169.9375, 1459.8391, 229.4733, 0.0000, 64, 64, 64
L 1749.7296, 519.3639, 94.9688, 1754.7297, 524.3640, 94.9688, 64, 64, 64
L 378.0000, -192.9375, 114.9688, 378.0000, -180.9375, 114.9688, 64, 64, 64
L 378.0000, -109.9688, 115.9688, 378.0000, -84.9688, 116.9688, 64, 64, 64
L 378.0000, -14.0000, 114.9688, 378.0000, -2.0000, 124.9688, 64, 64, 64
L 378.0000, 359.8438, 129.9062, 378.0000, 450.8125, 49.9688, 64, 64, 64
L 378.0000, 524.7812, 114.9688, 378.0000, 624.7500, 93.9688, 64, 64, 64
L -289.9631, -541.6931, 154.9375, -244.8628, -496.5928, 114.9688, 64, 64, 64
L -204.9062, -820.0000, 178.9375, -169.9375, -820.0000, 178.9375, 64, 64, 64
L 289.8750, 36.0000, 84.9688, 349.8750, 36.0000, 69.9688, 64, 64, 64
L 374.8438, 36.0000, 136.9375, 409.8438, 36.0000, 139.9375, 64, 64, 64
L 419.8438, 36.0000, 128.9375, 474.8125, 36.0000, 159.9375, 64, 64, 64
L -269.9062, -274.0000, 69.9688, -184.9375, -274.0000, 84.9688, 64, 64, 64
L 384.8438, -274.0000, 144.9375, 489.8125, -274.0000, 144.9375, 64, 64, 64
L 494.8125, -274.0000, 84.9688, 539.7812, -274.0000, 159.9375, 64, 64, 64
L 554.7812, -274.0000, 144.9375, 599.7500, -274.0000, 144.9375, 64, 64, 64
L 609.7500, -274.0000, 84.9688, 714.7188, -274.0000, 84.9688, 64, 64, 64
L 1069.5625, -274.0000, 84.9688, 1134.5312, -274.0000, 69.9688, 64, 64, 64
L -190.0000, -819.6875, 164.9375, -190.0000, -799.6875, 174.9375, 64, 64, 64
L -190.0000, -764.6875, 158.9375, -190.0000, -664.7188, 158.9375, 64, 64, 64
L -190.0000, -79.9688, 102.9688, -190.0000, -64.9688, 102.9688, 64, 64, 64
L -190.0000, -59.9688, 105.9688, -190.0000, -44.9688, 105.9688, 64, 64, 64
L -190.0000, 66.9688, 167.9375, -190.0000, 69.9688, 139.9375, 64, 64, 64
L 540.0000, -289.8750, 84.9688, 540.0000, -239.9062, 144.9375, 64, 64, 64
L 540.0000, -164.9375, 144.9375, 540.0000, -104.9688, 144.9375, 64, 64, 64
L 540.0000, -30.0000, 143.9375, 540.0000, -15.0000, 144.9375, 64, 64, 64
L 540.0000, 10.0000, 294.8750, 540.0000, 69.9688, 209.9062, 64, 64, 64
L 540.0000, 329.8750, 209.9062, 540.0000, 389.8438, 294.8750, 64, 64, 64
L 554.0000, -274.8750, 159.9375, 554.0000, -224.9062, 69.9688, 64, 64, 64
L 554.0000, -179.9375, 159.9375, 554.0000, -139.9375, 144.9375, 64, 64, 64
L 554.0000, -124.9375, 144.9375, 554.0000, -89.9688, 159.9375, 64, 64, 64
L 554.0000, -30.0000, 136.9375, 554.0000, -15.0000, 136.9375, 64, 64, 64
L -195.0689, 1094.6938, 167.9375, -180.0689, 1109.6938, 169.9375, 64, 64, 64
L 1299.8785, 960.0348, 139.9375, 1309.8785, 950.0348, 139.9375, 64, 64, 64
L 1449.8160, 810.0973, 167.9375, 1459.8160, 800.0973, 130.9375, 64, 64, 64
L 1598.0010, 661.9124, 169.9375, 1607.9852, 651.9281, 169.9375, 64, 64, 64
L 1749.7222, 510.1911, 139.9375, 1759.6909, 500.2224, 130.9375, 64, 64, 64
L 90.0000, -929.6250, 206.9062, 90.0000, -922.6250, 174.9375, 64, 64, 64
L 90.0000, -846.6562, 209.9062, 90.0000, -839.6562, 206.9062, 64, 64, 64
L 90.0000, -724.7188, 174.9375, 90.0000, -649.7500, 174.9375, 64, 64, 64
L 90.0000, -599.7500, 129.9375, 90.0000, -539.7812, 114.9688, 64, 64, 64
L 90.0000, -534.7812, 165.9375, 90.0000, -444.8125, 180.9375, 64, 64, 64
L 90.0000, -414.8438, 180.9375, 90.0000, -385.8438, 180.9375, 64, 64, 64
L 90.0000, -368.8438, 180.9375, 90.0000, -339.8750, 165.9375, 64, 64, 64
L 90.0000, 66.9688, 179.9375, 90.0000, 69.9688, 179.9375, 64, 64, 64
L 85.8467, -847.5342, 177.9375, 87.8467, -845.5342, 177.9375, 64, 64, 64
L 1600.5085, 667.1277, 73.2812, 1610.4928, 677.1119, 89.9688, 64, 64, 64
L -704.7188, 840.0000, 169.9375, -674.7188, 840.0000, 0.0000, 64, 64, 64
L 1459.4062, 840.0000, 167.9375, 1489.4062, 840.0000, 167.9375, 64, 64, 64
L 50.0000, -1314.4688, 20.0000, 50.0000, -1299.4688, 20.0000, 64, 64, 64
L 50.0000, -629.7500, 114.9688, 50.0000, -599.7500, 129.9375, 64, 64, 64
L 50.0000, -484.8125, 114.9688, 50.0000, -449.8125, 129.9375, 64, 64, 64
L 50.0000, -429.8125, 165.9375, 50.0000, -414.8438, 180.9375, 64, 64, 64
L 50.0000, -229.9062, 139.9375, 50.0000, -179.9375, 139.9375, 64, 64, 64
L 879.6562, -204.0000, 114.9688, 954.6250, -204.0000, 129.9375, 64, 64, 64
L 969.6250, -204.0000, 114.9688, 984.5938, -204.0000, 129.9375, 64, 64, 64
L 1044.5938, -204.0000, 114.9688, 1049.5938, -204.0000, 114.9688, 64, 64, 64
L -209.9062, -224.0000, 94.9688, -163.9375, -224.0000, 94.9688, 64, 64, 64
L -119.9375, -224.0000, 171.9375, -109.9688, -224.0000, 171.9375, 64, 64, 64
L -79.9688, -224.0000, 184.9375, -74.9688, -224.0000, 186.9375, 64, 64, 64
L 489.8125, -224.0000, 159.9375, 669.7188, -224.0000, 84.9688, 64, 64, 64
L 714.7188, -224.0000, 84.9688, 809.6875, -224.0000, 84.9688, 64, 64, 64
L 864.6562, -224.0000, 129.9375, 879.6562, -224.0000, 69.9688, 64, 64, 64
L 956.6250, -224.0000, 114.9688, 967.6250, -224.0000, 125.9375, 64, 64, 64
L 1064.5625, -224.0000, 129.9375, 1094.5625, -224.0000, 129.9375, 64, 64, 64
L 1072.0000, -841.6562, 124.9375, 1072.0000, -797.6875, 123.9375, 64, 64, 64
L 1050.0000, -1039.5938, 123.9375, 1050.0000, -1029.5938, 139.9375, 64, 64, 64
L 1050.0000, -909.6250, 120.9375, 1050.0000, -729.7188, 119.9375, 64, 64, 64
L 1050.0000, -609.7500, 119.9375, 1050.0000, -599.7500, 139.9375, 64, 64, 64
L 1050.0000, -304.8750, 114.9688, 1050.0000, -254.9062, 114.9688, 64, 64, 64
L 1050.0000, -239.9062, 129.9375, 1050.0000, -204.9062, 114.9688, 64, 64, 64
L -169.9375, -230.0000, 184.9375, -137.9375, -230.0000, 186.9375, 64, 64, 64
L 0.0000, -230.0000, 114.9688, 44.9688, -230.0000, 139.9375, 64, 64, 64
L 49.9688, -230.0000, 139.9375, 54.9688, -230.0000, 139.9375, 64, 64, 64
L 69.9688, -230.0000, 175.9375, 114.9688, -230.0000, 190.9375, 64, 64, 64
L 1084.5625, -230.0000, 69.9688, 1199.5312, -230.0000, 69.9688, 64, 64, 64
L -664.0184, -330.5749, 89.9688, -614.0497, -280.5749, 274.8750, 64, 64, 64
L 1748.8676, 325.7437, 169.9375, 1758.8364, 335.3375, 167.9375, 64, 64, 64
L -519.7812, 100.0000, 40.2812, -384.8438, 100.0000, 40.2812, 64, 64, 64
L 354.8438, 100.0000, 144.9375, 429.8125, 100.0000, 144.9375, 64, 64, 64
L 1214.5000, 100.0000, 30.0000, 1299.4688, 100.0000, 39.9688, 64, 64, 64
L 1319.1445, 80.2933, 90.9688, 1449.0819, 210.2307, 94.9688, 64, 64, 64
L 30.0000, -202.0000, 212.9062, 35.0000, -202.0000, 207.9062, 64, 64, 64
L 149.9375, -202.0000, 207.9062, 154.9375, -202.0000, 207.9062, 64, 64, 64
L 1104.5625, -202.0000, 125.9375, 1109.5625, -202.0000, 125.9375, 64, 64, 64
L 1124.5625, -202.0000, 125.9375, 1129.5625, -202.0000, 114.9688, 64, 64, 64
L 524.0000, -1374.4375, 264.9062, 524.0000, -1199.5312, 264.9062, 64, 64, 64
L 524.0000, -804.6875, 84.9688, 524.0000, -724.7188, 69.9688, 64, 64, 64
L 524.0000, -709.7188, 69.9688, 524.0000, -664.7188, 84.9688, 64, 64, 64
L 524.0000, -589.7500, 114.9688, 524.0000, -454.8125, 84.9688, 64, 64, 64
L 524.0000, -289.8750, 159.9375, 524.0000, -239.9062, 69.9688, 64, 64, 64
L 524.0000, -209.9062, 114.9688, 524.0000, -164.9375, 144.9375, 64, 64, 64
L 524.0000, -15.0000, 84.9688, 524.0000, 15.0000, 84.9688, 64, 64, 64
L 144.0000, -984.5938, 182.9375, 144.0000, -979.5938, 179.9375, 64, 64, 64
L 144.0000, -944.6250, 204.9062, 144.0000, -939.6250, 204.9062, 64, 64, 64
L 144.0000, -524.7812, 69.9688, 144.0000, -509.7812, 69.9688, 64, 64, 64
L 144.0000, -414.8438, 165.9375, 144.0000, -339.8750, 165.9375, 64, 64, 64
L 1184.0000, -739.7188, 84.9688, 1184.0000, -684.7188, 84.9688, 64, 64, 64
L 1184.0000, -639.7500, 84.9688, 1184.0000, -564.7812, 69.9688, 64, 64, 64
L 1184.0000, -309.8750, 84.9688, 1184.0000, -244.9062, 84.9688, 64, 64, 64
L 180.0000, -299.8750, 154.9375, 180.0000, -174.9375, 167.9375, 64, 64, 64
L 180.0000, -10.0000, 204.9062, 180.0000, 69.9688, 209.9062, 64, 64, 64
L 180.0000, 329.8750, 167.9375, 180.0000, 409.8438, 121.9375, 64, 64, 64
L 320.0000, -164.9375, 84.9688, 320.0000, -129.9375, 84.9688, 64, 64, 64
L 320.0000, -114.9688, 84.9688, 320.0000, -79.9688, 69.9688, 64, 64, 64
L 320.0000, 144.9375, 143.9375, 320.0000, 159.9375, 142.9375, 64, 64, 64
L 704.7188, -860.0000, 129.9375, 734.7188, -860.0000, 114.9688, 64, 64, 64
L 959.6250, -860.0000, 122.9375, 979.5938, -860.0000, 104.9688, 64, 64, 64
L 1034.5938, -860.0000, 69.9688, 1134.5312, -860.0000, 69.9688, 64, 64, 64
L 130.0000, -914.6250, 129.9375, 130.0000, -884.6562, 129.9375, 64, 64, 64
L 130.0000, -869.6562, 114.9688, 130.0000, -729.7188, 129.9375, 64, 64, 64
L 130.0000, -154.9375, 129.9375, 130.0000, -109.9688, 114.9688, 64, 64, 64
L 130.0000, -84.9688, 129.9375, 130.0000, -70.9688, 114.9688, 64, 64, 64
L 130.0000, -53.9688, 114.9688, 130.0000, -39.9688, 114.9688, 64, 64, 64
L 130.0000, 66.9688, 144.9375, 130.0000, 69.9688, 144.9375, 64, 64, 64
L -259.5682, -512.6160, 174.9375, -251.3206, -504.4006, 204.9062, 64, 64, 64
L 79.9688, -922.0000, 177.9375, 85.9688, -922.0000, 177.9375, 64, 64, 64
L 168.9375, -922.0000, 177.9375, 174.9375, -922.0000, 206.9062, 64, 64, 64
L 239.9062, 1544.0000, 169.9375, 259.9062, 1544.0000, 169.9375, 64, 64, 64
L 539.7812, 1544.0000, 130.9375, 554.7812, 1544.0000, 169.9375, 64, 64, 64
L -366.1628, 968.8549, 30.0000, -356.1783, 978.8392, 30.0000, 64, 64, 64
L -345.1494, 989.8682, 169.9375, -225.1807, 1109.8369, 89.9688, 64, 64, 64
L -215.1807, 1119.8369, 139.9375, -205.1807, 1129.8369, 139.9375, 64, 64, 64
L 84.6943, 1419.7119, 89.9688, 94.6943, 1429.7119, 139.9375, 64, 64, 64
L 104.6943, 1439.7119, 169.9375, 224.6318, 1559.6494, 169.9375, 64, 64, 64
L 234.6318, 1569.6494, 30.0000, 244.6318, 1579.6494, 30.0000, 64, 64, 64
L 680.2599, 1260.0411, 30.0000, 690.2599, 1250.0411, 30.0000, 64, 64, 64
L 830.1974, 1110.1036, 139.9375, 840.1974, 1100.1036, 157.1250, 64, 64, 64
L -345.4678, 979.5013, 139.9375, -340.4639, 974.5364, 139.9375, 64, 64, 64
L 164.9714, -846.6223, 174.9375, 167.9714, -849.6224, 177.9375, 64, 64, 64
L -280.2459, -209.5353, 114.9688, -265.2772, -194.5665, 114.9688, 64, 64, 64
L -66.9688, -544.0000, 164.9375, -54.9688, -544.0000, 164.9375, 64, 64, 64
L -975.2075, 350.4612, 130.9375, -963.1110, 362.4822, 0.0000, 64, 64, 64
L -341.4213, 980.2864, 89.9688, -211.0457, 1109.8470, 92.9688, 64, 64, 64
L 109.8304, 1428.7178, 94.9688, 240.1746, 1558.2473, 89.9688, 64, 64, 64
L 744.6875, -580.0000, 114.9688, 759.6875, -580.0000, 114.9688, 64, 64, 64
L 809.6875, -580.0000, 114.9688, 899.6250, -580.0000, 114.9688, 64, 64, 64
L 964.6250, -580.0000, 114.9688, 1124.5625, -580.0000, 114.9688, 64, 64, 64
L -134.9375, -334.0000, 144.9375, -121.9375, -334.0000, 141.9375, 64, 64, 64
L -114.9688, -334.0000, 117.9375, -41.9688, -334.0000, 141.9375, 64, 64, 64
L -33.0000, -334.0000, 117.9375, -20.0000, -334.0000, 144.9375, 64, 64, 64
L 59.9688, -334.0000, 129.9375, 94.9688, -334.0000, 114.9688, 64, 64, 64
L 234.9062, -334.0000, 69.9688, 324.8750, -334.0000, 84.9688, 64, 64, 64
L 349.8750, -334.0000, 49.9688, 364.8438, -334.0000, 35.0000, 64, 64, 64
L 419.8438, -334.0000, 49.9688, 434.8125, -334.0000, 35.0000, 64, 64, 64
L 1129.5625, -334.0000, 129.9375, 1174.5312, -334.0000, 129.9375, 64, 64, 64
L -209.9062, -470.0000, 134.9375, -114.9688, -470.0000, 134.9375, 64, 64, 64
L 94.9688, -470.0000, 165.9375, 164.9375, -470.0000, 180.9375, 64, 64, 64
L 384.8438, -470.0000, 84.9688, 504.8125, -470.0000, 84.9688, 64, 64, 64
L 894.6562, -470.0000, 114.9688, 964.6250, -470.0000, 112.9688, 64, 64, 64
L -114.0000, -764.6875, 143.9375, -114.0000, -704.7188, 143.9375, 64, 64, 64
L -114.0000, -684.7188, 174.9375, -114.0000, -601.7500, 173.9375, 64, 64, 64
L -114.0000, -596.7500, 204.9062, -114.0000, -541.7812, 143.9375, 64, 64, 64
L -114.0000, -496.8125, 118.9375, -114.0000, -453.8125, 140.9375, 64, 64, 64
L -114.0000, -443.8125, 142.9375, -114.0000, -437.8125, 147.9375, 64, 64, 64
L -114.0000, -427.8438, 148.9375, -114.0000, -421.8438, 152.9375, 64, 64, 64
L -114.0000, -411.8438, 157.8750, -114.0000, -405.8438, 158.9375, 64, 64, 64
L -114.0000, -395.8438, 158.9375, -114.0000, -388.8438, 165.9375, 64, 64, 64
L -114.0000, -334.8750, 141.9375, -114.0000, -327.8750, 141.9375, 64, 64, 64
L -114.0000, -149.9375, 109.9688, -114.0000, -114.9688, 109.9688, 64, 64, 64
L -144.9375, -242.0000, 117.9375, -137.9375, -242.0000, 117.9375, 64, 64, 64
L -17.0000, -242.0000, 141.9375, -10.0000, -242.0000, 141.9375, 64, 64, 64
L 306.8750, -242.0000, 117.9375, 327.8750, -242.0000, 114.9688, 64, 64, 64
L 456.8125, -242.0000, 117.9375, 477.8125, -242.0000, 114.9688, 64, 64, 64
L 356.0000, -209.9062, 127.9375, 356.0000, -194.9375, 128.9375, 64, 64, 64
L 356.0000, 0.0000, 128.9375, 356.0000, 15.0000, 128.9375, 64, 64, 64
L 356.0000, 473.8125, 121.9375, 356.0000, 501.8125, 121.9375, 64, 64, 64
L -514.7812, 930.0000, 30.0000, -344.8750, 930.0000, 89.9688, 64, 64, 64
L 1139.5312, 930.0000, 89.9688, 1299.4688, 930.0000, 39.3438, 64, 64, 64
L 84.9688, -54.0000, 129.9375, 129.9375, -54.0000, 114.9688, 64, 64, 64
L 279.8750, -54.0000, 132.9375, 294.8750, -54.0000, 132.9375, 64, 64, 64
L 429.8125, -54.0000, 69.9688, 444.8125, -54.0000, 69.9688, 64, 64, 64
L 489.8125, -54.0000, 132.9375, 504.8125, -54.0000, 132.9375, 64, 64, 64
L 564.7812, -54.0000, 69.9688, 684.7188, -54.0000, 69.9688, 64, 64, 64
L 759.6875, -54.0000, 84.9688, 809.6875, -54.0000, 84.9688, 64, 64, 64
L 841.6562, -54.0000, 129.9375, 979.5938, -54.0000, 69.9688, 64, 64, 64
L 1034.0000, -889.6562, 69.9688, 1034.0000, -859.6562, 84.9688, 64, 64, 64
L 1034.0000, -594.7500, 69.9688, 1034.0000, -564.7812, 84.9688, 64, 64, 64
L 1034.0000, -254.9062, 144.9375, 1034.0000, -139.9375, 129.9375, 64, 64, 64
L -30.0000, -536.7812, 114.9688, -30.0000, -521.7812, 144.9375, 64, 64, 64
L -30.0000, -334.8750, 114.9688, -30.0000, -324.8750, 141.9375, 64, 64, 64
L -30.0000, -169.9375, 144.9375, -30.0000, -159.9375, 144.9375, 64, 64, 64
L -30.0000, -74.9688, 84.9688, -30.0000, 0.0000, 69.9688, 64, 64, 64
L -30.0000, 1104.5625, 169.9375, -30.0000, 1124.5625, 169.9375, 64, 64, 64
L -814.6875, 250.0000, 30.0000, -674.7188, 250.0000, 30.0000, 64, 64, 64
L 374.8438, 250.0000, 139.9375, 384.8438, 250.0000, 136.9375, 64, 64, 64
L 399.8438, 250.0000, 139.9375, 409.8438, 250.0000, 136.9375, 64, 64, 64
L 1459.4062, 250.0000, 89.9688, 1599.3750, 250.0000, 30.0000, 64, 64, 64
L -109.9688, -640.0000, 189.9375, -25.0000, -640.0000, 174.9375, 64, 64, 64
L 20.0000, -640.0000, 114.9688, 54.9688, -640.0000, 129.9375, 64, 64, 64
L 99.9688, -640.0000, 129.9375, 134.9375, -640.0000, 129.9375, 64, 64, 64
L 594.7500, -640.0000, 84.9688, 789.6875, -640.0000, 69.9688, 64, 64, 64
L 804.6875, -640.0000, 84.9688, 839.6562, -640.0000, 84.9688, 64, 64, 64
L 854.6562, -640.0000, 84.9688, 939.6250, -640.0000, 69.9688, 64, 64, 64
L 1184.5312, -640.0000, 69.9688, 1229.5000, -640.0000, 84.9688, 64, 64, 64
L 749.6875, -1704.0000, 49.9688, 1009.5938, -1704.0000, 49.9688, 64, 64, 64
L 1209.5312, -1704.0000, 30.0000, 1249.5000, -1704.0000, -10.0000, 64, 64, 64
L -994.3964, 510.7354, 30.0000, -984.4120, 500.7510, 30.0000, 64, 64, 64
L -694.1430, 210.4819, 92.9688, -684.1430, 200.4819, 89.9688, 64, 64, 64
L 1300.0000, 39.9688, 0.0000, 1300.0000, 99.9688, 89.9688, 64, 64, 64
L 1300.0000, 929.6250, 89.9688, 1300.0000, 989.5938, 89.9688, 64, 64, 64
L -284.8750, -260.0000, 84.9688, -229.9062, -260.0000, 69.9688, 64, 64, 64
L -214.9062, -260.0000, 84.9688, -169.9375, -260.0000, 84.9688, 64, 64, 64
L 0.0000, -260.0000, 114.9688, 54.9688, -260.0000, 114.9688, 64, 64, 64
L 306.8750, -260.0000, 117.9375, 404.8438, -260.0000, 84.9688, 64, 64, 64
L 456.8125, -260.0000, 117.9375, 477.8125, -260.0000, 116.9688, 64, 64, 64
L -144.9375, -314.0000, 144.9375, -134.9375, -314.0000, 141.9375, 64, 64, 64
L -94.9688, -314.0000, 164.9375, -59.9688, -314.0000, 164.9375, 64, 64, 64
L -20.0000, -314.0000, 117.9375, -10.0000, -314.0000, 117.9375, 64, 64, 64
L 894.6562, -314.0000, 129.9375, 904.6250, -314.0000, 129.9375, 64, 64, 64
L 954.6250, -314.0000, 114.9688, 964.6250, -314.0000, 129.9375, 64, 64, 64
L -334.0000, -1404.4375, -2.0000, -334.0000, -1401.4375, -2.0000, 64, 64, 64
L -334.0000, -1331.4688, -2.0000, -334.0000, -1311.4688, -10.0000, 64, 64, 64
L -334.0000, 959.6250, 0.0000, -334.0000, 969.6250, 0.0000, 64, 64, 64
L -824.8558, 229.7073, 130.9375, -814.8870, 219.7073, 130.9375, 64, 64, 64
L 620.0000, -1484.4062, 265.9062, 620.0000, -1474.4062, 264.9062, 64, 64, 64
L 620.0000, -1444.4375, 265.9062, 620.0000, -1129.5625, 264.9062, 64, 64, 64
L 620.0000, -1099.5625, 265.9062, 620.0000, -1089.5625, 265.9062, 64, 64, 64
L 620.0000, -984.5938, -10.0000, 620.0000, -964.6250, -10.0000, 64, 64, 64
L 620.0000, -569.7812, 84.9688, 620.0000, -399.8438, 69.9688, 64, 64, 64
L 620.0000, -209.9062, 114.9688, 620.0000, -179.9375, 114.9688, 64, 64, 64
L 410.0000, -1524.3750, 49.9688, 410.0000, -1264.5000, -10.0000, 64, 64, 64
L 410.0000, -1244.5000, 49.9688, 410.0000, -984.5938, -10.0000, 64, 64, 64
L 410.0000, -749.6875, 84.9688, 410.0000, -679.7188, 69.9688, 64, 64, 64
L 410.0000, 20.0000, 136.9375, 410.0000, 23.0000, 136.9375, 64, 64, 64
L 410.0000, 32.0000, 136.9375, 410.0000, 52.9688, 136.9375, 64, 64, 64
L 410.0000, 61.9688, 136.9375, 410.0000, 82.9688, 136.9375, 64, 64, 64
L 410.0000, 91.9688, 122.9375, 410.0000, 99.9688, 139.9375, 64, 64, 64
L 410.0000, 154.9375, 122.9375, 410.0000, 162.9375, 122.9375, 64, 64, 64
L 410.0000, 171.9375, 136.9375, 410.0000, 192.9375, 136.9375, 64, 64, 64
L 410.0000, 201.9062, 122.9375, 410.0000, 222.9062, 136.9375, 64, 64, 64
L 410.0000, 231.9062, 122.9375, 410.0000, 252.9062, 136.9375, 64, 64, 64
L 410.0000, 261.9062, 122.9375, 410.0000, 274.8750, 119.9375, 64, 64, 64
L 410.0000, 299.8750, 122.1875, 410.0000, 319.8750, 119.9375, 64, 64, 64
L -664.9572, 209.6771, 95.9688, -540.0197, 79.7396, 92.9688, 64, 64, 64
L 44.9688, -190.0000, 114.9688, 49.9688, -190.0000, 114.9688, 64, 64, 64
L 379.8438, -190.0000, 119.9375, 404.8438, -190.0000, 119.9375, 64, 64, 64
L 879.6562, -190.0000, 129.9375, 909.6250, -190.0000, 114.9688, 64, 64, 64
L 924.6250, -190.0000, 114.9688, 954.6250, -190.0000, 114.9688, 64, 64, 64
L 969.6250, -190.0000, 129.9375, 984.5938, -190.0000, 129.9375, 64, 64, 64
L 1044.5938, -190.0000, 129.9375, 1064.5625, -190.0000, 114.9688, 64, 64, 64
L 74.9688, 1400.0000, 89.9688, 104.9688, 1400.0000, 77.4062, 64, 64, 64
L 659.7500, 1400.0000, 89.9688, 719.7188, 1400.0000, 89.9688, 64, 64, 64
L 600.0000, -289.8750, 159.9375, 600.0000, -274.8750, 159.9375, 64, 64, 64
L 600.0000, -239.9062, 144.9375, 600.0000, -104.9688, 114.9688, 64, 64, 64
L 600.0000, -89.9688, 129.9375, 600.0000, -15.0000, 144.9375, 64, 64, 64
L 600.0000, -10.0000, 209.9062, 600.0000, 69.9688, 209.9062, 64, 64, 64
L 600.0000, 329.8750, 121.9375, 600.0000, 409.8438, 167.9375, 64, 64, 64
L -834.6562, 230.0000, 130.9375, -824.6562, 230.0000, 130.9375, 64, 64, 64
L -684.7188, 230.0000, 30.0000, -674.7188, 230.0000, 30.0000, 64, 64, 64
L 1459.4062, 230.0000, 130.9375, 1469.4062, 230.0000, 139.9375, 64, 64, 64
L 1609.3438, 230.0000, 130.9375, 1619.3438, 230.0000, 139.9375, 64, 64, 64
L 1299.7856, 100.2857, 89.9688, 1329.7856, 70.2858, 30.0000, 64, 64, 64
L -214.9062, -154.0000, 69.9688, -184.9375, -154.0000, 84.9688, 64, 64, 64
L -124.9375, -154.0000, 69.9688, -64.9688, -154.0000, 84.9688, 64, 64, 64
L -2.0000, -154.0000, 114.9688, 304.8750, -154.0000, 84.9688, 64, 64, 64
L 489.8125, -154.0000, 139.9375, 504.8125, -154.0000, 139.9375, 64, 64, 64
L 647.7500, -154.0000, 114.9688, 704.7188, -154.0000, 114.9688, 64, 64, 64
L 779.6875, -154.0000, 129.9375, 841.6562, -154.0000, 114.9688, 64, 64, 64
L -169.9375, -84.0000, 114.9688, -154.9375, -84.0000, 114.9688, 64, 64, 64
L -2.0000, -84.0000, 129.9375, 54.9688, -84.0000, 114.9688, 64, 64, 64
L 129.9375, -84.0000, 114.9688, 186.9375, -84.0000, 114.9688, 64, 64, 64
L 279.8750, -84.0000, 144.9375, 308.8750, -84.0000, 115.9688, 64, 64, 64
L 379.8438, -84.0000, 117.9375, 404.8438, -84.0000, 116.9688, 64, 64, 64
L 473.8125, -84.0000, 119.9375, 504.8125, -84.0000, 144.9375, 64, 64, 64
L 647.7500, -84.0000, 129.9375, 704.7188, -84.0000, 114.9688, 64, 64, 64
L 779.6875, -84.0000, 129.9375, 841.6562, -84.0000, 114.9688, 64, 64, 64
L 964.6250, -84.0000, 129.9375, 979.5938, -84.0000, 129.9375, 64, 64, 64
L 1001.5938, -84.0000, 114.9688, 1012.5938, -84.0000, 114.9688, 64, 64, 64
L 1750.2612, 369.9888, 167.9375, 1759.6986, 379.4261, 167.9375, 64, 64, 64
L 680.0000, -1529.3750, 285.8750, 680.0000, -1044.5938, 294.8750, 64, 64, 64
L 680.0000, -384.8438, 84.9688, 680.0000, -324.8750, 69.9688, 64, 64, 64
L 680.0000, 66.9688, 167.9375, 680.0000, 69.9688, 167.9375, 64, 64, 64
L 680.0000, 1259.5000, 90.9688, 680.0000, 1269.5000, 130.9375, 64, 64, 64
L 680.0000, 1409.4375, 130.9375, 680.0000, 1419.4375, 139.9375, 64, 64, 64
L 1044.0000, -904.6250, 120.9375, 1044.0000, -734.7188, 120.9375, 64, 64, 64
L 1044.0000, -264.9062, 114.9688, 1044.0000, -129.9375, 129.9375, 64, 64, 64
L 249.9062, -164.0000, 114.9688, 296.8750, -164.0000, 129.9375, 64, 64, 64
L 319.8750, -164.0000, 84.9688, 404.8438, -164.0000, 69.9688, 64, 64, 64
L 474.8125, -164.0000, 84.9688, 634.7500, -164.0000, 129.9375, 64, 64, 64
L 669.7188, -164.0000, 84.9688, 714.7188, -164.0000, 69.9688, 64, 64, 64
L 759.6875, -164.0000, 69.9688, 809.6875, -164.0000, 84.9688, 64, 64, 64
L 1069.5625, -164.0000, 129.9375, 1099.5625, -164.0000, 114.9688, 64, 64, 64
L 1444.0000, 204.9062, 167.9375, 1444.0000, 219.9062, 169.9375, 64, 64, 64
L 1444.0000, 809.6875, 169.9375, 1444.0000, 824.6562, 169.9375, 64, 64, 64
L 159.9375, -1530.0000, 285.8750, 679.7188, -1530.0000, 285.8750, 64, 64, 64
L 749.6875, -1724.0000, 49.9688, 1329.4688, -1724.0000, -10.0000, 64, 64, 64
L -365.2495, 959.2191, 169.9375, -355.2495, 949.2192, 30.0000, 64, 64, 64
L 364.0000, -1319.4688, 265.9062, 364.0000, -1254.5000, 264.9062, 64, 64, 64
L 364.0000, -909.6250, 129.9375, 364.0000, -854.6562, 114.9688, 64, 64, 64
L 364.0000, -364.8438, 71.9688, 364.0000, -319.8750, 74.9688, 64, 64, 64
L 364.0000, -209.9062, 124.9375, 364.0000, -194.9375, 123.9375, 64, 64, 64
L 364.0000, 0.0000, 124.9375, 364.0000, 15.0000, 123.9375, 64, 64, 64
L 364.0000, 119.9375, 119.9375, 364.0000, 134.9375, 120.9375, 64, 64, 64
L 364.0000, 274.8750, 144.9375, 364.0000, 299.8750, 144.9375, 64, 64, 64
L 364.0000, 1382.4375, 159.9375, 364.0000, 1386.4375, 103.9688, 64, 64, 64
L 364.0000, 1437.4375, 159.9375, 364.0000, 1441.4375, 103.9688, 64, 64, 64
L -554.0000, 959.6250, 167.9375, -554.0000, 989.5938, 169.9375, 64, 64, 64
L 1192.1063, 50.3929, 167.9375, 1212.0752, 70.3929, 167.9375, 64, 64, 64
L 454.0000, -399.8438, 69.9688, 454.0000, -284.8750, 84.9688, 64, 64, 64
L 454.0000, -209.9062, 141.9375, 454.0000, -194.9375, 140.9375, 64, 64, 64
L 454.0000, 0.0000, 141.9375, 454.0000, 15.0000, 140.9375, 64, 64, 64
L 454.0000, 25.0000, 141.9375, 454.0000, 35.0000, 141.9375, 64, 64, 64
L 700.0588, 1279.8401, 90.9688, 710.0588, 1269.8401, 30.0000, 64, 64, 64
L 719.9299, 1259.9690, 89.9688, 839.8831, 1140.0159, 90.9688, 64, 64, 64
L 849.9963, 1129.9026, 30.0000, 859.9963, 1119.9026, 30.0000, 64, 64, 64
L -184.9375, 1114.0000, 129.9375, -64.9688, 1114.0000, 129.9375, 64, 64, 64
L 859.6562, 1114.0000, 94.9688, 979.5938, 1114.0000, 92.9688, 64, 64, 64
L 304.8750, 20.0000, 84.9688, 334.8750, 20.0000, 84.9688, 64, 64, 64
L 374.8438, 20.0000, 136.9375, 409.8438, 20.0000, 136.9375, 64, 64, 64
L 459.8125, 20.0000, 144.9375, 474.8125, 20.0000, 159.9375, 64, 64, 64
L 539.7812, 20.0000, 309.8750, 569.7812, 20.0000, 332.0625, 64, 64, 64
L -59.7137, -300.1300, 164.9375, -49.7137, -290.1300, 164.9375, 64, 64, 64
L -530.2050, 964.4838, 4.8125, -525.2049, 949.4838, 30.0000, 64, 64, 64
L 324.0000, -348.8750, 69.9688, 324.0000, -334.8750, 69.9688, 64, 64, 64
L 324.0000, -264.9062, 64.9688, 324.0000, -241.9062, 116.9688, 64, 64, 64
L 324.0000, -209.9062, 143.9375, 324.0000, -192.9375, 114.9688, 64, 64, 64
L 324.0000, 0.0000, 143.9375, 324.0000, 15.0000, 143.9375, 64, 64, 64
L 324.0000, 20.0000, 164.9375, 324.0000, 25.0000, 144.9375, 64, 64, 64
L 324.0000, 94.9688, 124.9375, 324.0000, 119.9375, 144.9375, 64, 64, 64
L 1599.3954, 669.7803, 30.0000, 1614.3641, 664.7803, 6.2500, 64, 64, 64
L -340.4661, 974.0338, 30.0000, -315.4661, 949.0338, 40.5938, 64, 64, 64
L 800.2749, -690.3062, 189.9375, 830.2437, -660.3374, 189.9375, 64, 64, 64
L -514.7812, 964.0000, 92.9688, -364.8438, 964.0000, 169.9375, 64, 64, 64
L 1159.5312, 964.0000, 130.9375, 1299.4688, 964.0000, 130.9375, 64, 64, 64
L -854.6562, 690.0000, 169.9375, -824.6562, 690.0000, 89.9688, 64, 64, 64
L 1609.3438, 690.0000, 167.9375, 1639.3438, 690.0000, 101.2812, 64, 64, 64
L -340.3165, 974.9021, 139.9375, -210.2812, 1104.9375, 169.9375, 64, 64, 64
L 109.5938, 1424.8124, 94.9688, 239.5312, 1554.7499, 139.9375, 64, 64, 64
L 255.5903, 1580.0588, 139.9375, 265.5902, 1570.0590, 89.9688, 64, 64, 64
L 324.8750, 26.0000, 144.9375, 349.8750, 26.0000, 164.9375, 64, 64, 64
L 419.8438, 26.0000, 129.9375, 459.8125, 26.0000, 159.9375, 64, 64, 64
L 1162.4388, 389.7975, 49.9688, 1212.0221, 290.6884, 89.9688, 64, 64, 64
L 944.0000, -564.7812, 84.9688, 944.0000, -549.7812, 69.9688, 64, 64, 64
L 944.0000, -69.9688, 114.9688, 944.0000, -54.9688, 114.9688, 64, 64, 64
L 308.0000, -111.9688, 116.9688, 308.0000, -109.9688, 116.9688, 64, 64, 64
L 308.0000, -84.9688, 116.9688, 308.0000, -82.9688, 116.9688, 64, 64, 64
L 308.0000, 94.9688, 125.9375, 308.0000, 109.9688, 126.9375, 64, 64, 64
L -520.0000, 39.9688, 122.7500, -520.0000, 99.9688, 89.9688, 64, 64, 64
L 84.4858, 1259.0170, 89.9688, 114.4858, 1229.0171, 89.9688, 64, 64, 64
L 1474.0000, -609.7500, 89.9688, 1474.0000, -329.8750, 89.9688, 64, 64, 64
L 364.3254, 1441.9563, 103.9688, 367.3253, 1444.9562, 159.9375, 64, 64, 64
L 170.0000, -1479.4062, -10.0000, 170.0000, -1464.4062, -10.0000, 64, 64, 64
L 170.0000, -712.7188, 174.9375, 170.0000, -701.7188, 174.9375, 64, 64, 64
L 170.0000, -692.7188, 174.9375, 170.0000, -681.7188, 185.9375, 64, 64, 64
L 170.0000, -672.7188, 185.9375, 170.0000, -661.7500, 185.9375, 64, 64, 64
L 1340.0000, 39.9688, 167.9375, 1340.0000, 69.9688, 89.9688, 64, 64, 64
L 1340.0000, 959.6250, 167.9375, 1340.0000, 989.5938, 89.9688, 64, 64, 64
L -204.9062, -814.0000, 167.9375, -189.9375, -814.0000, 166.9375, 64, 64, 64
L -169.9375, -814.0000, 150.9375, -154.9375, -814.0000, 151.9375, 64, 64, 64
L 112.9688, -814.0000, 189.9375, 116.9688, -814.0000, 189.9375, 64, 64, 64
L 137.9375, -814.0000, 187.9375, 141.9375, -814.0000, 189.9375, 64, 64, 64
L 1019.5938, -814.0000, 69.9688, 1069.5625, -814.0000, 84.9688, 64, 64, 64
L 1760.0000, 334.8750, 0.0000, 1760.0000, 349.8750, 0.0000, 64, 64, 64
L 1760.0000, 379.8438, 94.9688, 1760.0000, 499.8125, 94.9688, 64, 64, 64
L 1760.0000, 529.7812, 89.9688, 1760.0000, 539.7812, 89.9688, 64, 64, 64
L 255.2233, -1144.8481, 264.9062, 260.2232, -1139.8481, 264.9062, 64, 64, 64
L 885.4732, -514.5982, 113.9688, 899.4420, -500.6295, 112.9688, 64, 64, 64
L 1624.6606, 224.5892, 139.9375, 1749.6294, 349.5579, 167.9375, 64, 64, 64
L -260.0000, -586.7500, 130.9375, -260.0000, -546.7812, 114.9688, 64, 64, 64
L -260.0000, -439.8125, 189.9375, -260.0000, -379.8438, 189.9375, 64, 64, 64
L -260.0000, 69.9688, 119.9375, -260.0000, 289.8750, 119.9375, 64, 64, 64
L 705.1594, 1254.9407, 129.9375, 835.0969, 1125.0032, 129.9375, 64, 64, 64
L 382.0000, 23.0000, 122.9375, 382.0000, 32.0000, 136.9375, 64, 64, 64
L 382.0000, 52.9688, 122.9375, 382.0000, 61.9688, 122.9375, 64, 64, 64
L 382.0000, 82.9688, 136.9375, 382.0000, 91.9688, 136.9375, 64, 64, 64
L 382.0000, 162.9375, 122.9375, 382.0000, 171.9375, 122.9375, 64, 64, 64
L 382.0000, 192.9375, 122.9375, 382.0000, 201.9062, 122.9375, 64, 64, 64
L 382.0000, 222.9062, 122.9375, 382.0000, 231.9062, 122.9375, 64, 64, 64
L 382.0000, 252.9062, 122.9375, 382.0000, 261.9062, 122.9375, 64, 64, 64
L -209.9062, -596.0000, 204.9062, -114.9688, -596.0000, 204.9062, 64, 64, 64
L -814.0000, 189.9375, 89.9688, -814.0000, 249.9062, 40.2500, 64, 64, 64
L -814.0000, 659.7500, 0.0000, -814.0000, 669.7188, 0.0000, 64, 64, 64
L 284.8750, 94.0000, 129.9375, 324.8750, 94.0000, 144.9375, 64, 64, 64
L 374.8438, 94.0000, 122.9375, 384.8438, 94.0000, 119.9375, 64, 64, 64
L 399.8438, 94.0000, 139.9375, 409.8438, 94.0000, 139.9375, 64, 64, 64
L -104.0000, -1464.4062, -10.0000, -104.0000, -1434.4375, 15.0000, 64, 64, 64
L -104.0000, -294.8750, 155.2500, -104.0000, -174.9375, 185.9375, 64, 64, 64
L -270.0000, -1434.4375, -2.0000, -270.0000, -1424.4375, -10.0000, 64, 64, 64
L -270.0000, -1384.4375, -2.0000, -270.0000, -1381.4375, -10.0000, 64, 64, 64
L -270.0000, -739.7188, 158.9375, -270.0000, -729.7188, 143.9375, 64, 64, 64
L -270.0000, -649.7500, 174.9375, -270.0000, -604.7500, 189.9375, 64, 64, 64
L -270.0000, -586.7500, 129.9375, -270.0000, -546.7812, 115.9688, 64, 64, 64
L -270.0000, -344.8750, 69.9688, -270.0000, -264.9062, 129.9375, 64, 64, 64
L 414.0000, -734.7188, 214.9062, 414.0000, -709.7188, 244.9062, 64, 64, 64
L 414.0000, -209.9062, 120.9375, 414.0000, -194.9375, 121.9375, 64, 64, 64
L 414.0000, -0.0000, 121.9375, 414.0000, 15.0000, 121.9375, 64, 64, 64
L 414.0000, 64.9688, 121.9375, 414.0000, 79.9688, 121.9375, 64, 64, 64
L -554.7812, 990.0000, 167.9375, -344.8750, 990.0000, 89.9688, 64, 64, 64
L 1139.5312, 990.0000, 89.9688, 1339.4688, 990.0000, 169.9375, 64, 64, 64
L -169.9375, -150.0000, 94.9688, -114.9688, -150.0000, 109.9688, 64, 64, 64
L -94.9688, -150.0000, 164.9375, -59.9688, -150.0000, 181.9375, 64, 64, 64
L 279.8750, -150.0000, 137.9375, 294.8750, -150.0000, 136.9375, 64, 64, 64
L 489.8125, -150.0000, 136.9375, 504.8125, -150.0000, 136.9375, 64, 64, 64
L -110.0000, -654.7500, 174.9375, -110.0000, -639.7500, 189.9375, 64, 64, 64
L -110.0000, -239.9062, 171.9375, -110.0000, -224.9062, 186.9375, 64, 64, 64
L -110.0000, -214.9062, 69.9688, -110.0000, -159.9375, 141.9375, 64, 64, 64
L -110.0000, -104.9688, 69.9688, -110.0000, 0.0000, 84.9688, 64, 64, 64
L 117.5175, -815.5021, 174.9375, 120.4863, -813.5021, 176.9375, 64, 64, 64
L 87.9688, -840.0000, 206.9062, 89.9688, -840.0000, 206.9062, 64, 64, 64
L 164.9375, -840.0000, 177.9375, 166.9375, -840.0000, 206.9062, 64, 64, 64
L 789.6875, -840.0000, 69.9688, 840.9724, -840.0000, 124.9375, 64, 64, 64
L 854.6562, -840.0000, 69.9688, 894.6562, -840.0000, 84.9688, 64, 64, 64
L 919.6250, -840.0000, 84.9688, 939.6250, -840.0000, 69.9688, 64, 64, 64
L 959.6250, -840.0000, 104.9688, 979.5938, -840.0000, 122.9375, 64, 64, 64
L 1089.5625, -840.0000, 124.9375, 1099.5625, -840.0000, 139.9375, 64, 64, 64
L -980.0000, 379.8438, 169.9375, -980.0000, 499.8125, 169.9375, 64, 64, 64
L 1244.0000, -214.9062, 20.0000, 1244.0000, 59.9688, 89.9688, 64, 64, 64
L 220.0000, -1484.4062, 265.9062, 220.0000, -1474.4062, 265.9062, 64, 64, 64
L 220.0000, -1444.4375, 265.9062, 220.0000, -1129.5625, 264.9062, 64, 64, 64
L 220.0000, -1099.5625, 264.9062, 220.0000, -1089.5625, 265.9062, 64, 64, 64
L 220.0000, -914.6250, 129.9375, 220.0000, -869.6562, 129.9375, 64, 64, 64
L 220.0000, -254.9062, 69.9688, 220.0000, -214.9062, 84.9688, 64, 64, 64
L 220.0000, -154.9375, 144.9375, 220.0000, -124.9375, 167.9375, 64, 64, 64
L 1321.4918, 978.0194, 139.9375, 1331.4763, 968.0350, 139.9375, 64, 64, 64
L 1339.6775, 959.8337, 89.9688, 1459.4730, 840.0382, 167.9375, 64, 64, 64
L 1489.4653, 810.0460, 169.9375, 1609.4185, 690.0928, 167.9375, 64, 64, 64
L 1619.5681, 679.9431, 139.9375, 1629.5681, 669.9431, 139.9375, 64, 64, 64
L 1639.5525, 659.9587, 169.9375, 1759.3494, 540.1618, 89.9688, 64, 64, 64
L 1769.5056, 530.0056, 139.9375, 1779.5056, 520.0056, 30.0000, 64, 64, 64
L 314.8750, -1194.0000, 264.9062, 519.7812, -1194.0000, 264.9062, 64, 64, 64
L 328.0000, -262.9062, 117.9375, 328.0000, -241.9062, 117.9375, 64, 64, 64
L 328.0000, -209.9062, 141.9375, 328.0000, -194.9375, 142.9375, 64, 64, 64
L 328.0000, 0.0000, 141.9375, 328.0000, 15.0000, 142.9375, 64, 64, 64
L -254.9062, -704.0000, 143.9375, -209.9062, -704.0000, 158.9375, 64, 64, 64
L -114.9688, -704.0000, 143.9375, -69.9688, -704.0000, 143.9375, 64, 64, 64
L 1069.5625, -704.0000, 84.9688, 1154.5312, -704.0000, 69.9688, 64, 64, 64
L 112.0000, -824.6562, 174.9375, 112.0000, -812.6875, 187.9375, 64, 64, 64
L 112.0000, -806.6875, 176.9375, 112.0000, -792.6875, 176.9375, 64, 64, 64
L 112.0000, -786.6875, 187.9375, 112.0000, -772.6875, 176.9375, 64, 64, 64
L 112.0000, -766.6875, 187.9375, 112.0000, -754.6875, 174.9375, 64, 64, 64
L 112.0000, -729.7188, 174.9375, 112.0000, -724.7188, 174.9375, 64, 64, 64
L 112.0000, -649.7500, 174.9375, 112.0000, -644.7500, 174.9375, 64, 64, 64
L -539.7812, 80.0000, 92.9688, -384.8438, 80.0000, 204.9062, 64, 64, 64
L 269.9062, 80.0000, 269.9062, 509.7812, 80.0000, 259.1875, 64, 64, 64
L 1214.5000, 80.0000, 170.9375, 1319.4688, 80.0000, 167.9375, 64, 64, 64
L 378.8438, 450.0000, 129.9062, 406.8438, 450.0000, 121.9375, 64, 64, 64
L -112.0000, -334.8750, 144.9375, -112.0000, -324.8750, 141.9375, 64, 64, 64
L -112.0000, -166.9375, 117.9375, -112.0000, -159.9375, 141.9375, 64, 64, 64
L 1758.9962, 499.9078, 30.0000, 1768.7058, 528.9761, 30.0000, 64, 64, 64
L 100.0000, -664.7188, 129.9375, 100.0000, -629.7500, 114.9688, 64, 64, 64
L 100.0000, -139.9375, 164.9375, 100.0000, -119.9375, 164.9375, 64, 64, 64
L 100.0000, -74.9688, 129.9375, 100.0000, -69.9688, 129.9375, 64, 64, 64
L 100.0000, 1279.5000, 170.9375, 100.0000, 1399.4375, 169.9375, 64, 64, 64
L -269.9062, -548.0000, 115.9688, -259.9062, -548.0000, 115.9688, 64, 64, 64
L -64.9688, -548.0000, 115.9688, -54.9688, -548.0000, 116.9688, 64, 64, 64
L 829.6562, -960.0000, 189.9375, 929.6250, -960.0000, 160.9375, 64, 64, 64
L 989.5938, -960.0000, 160.9375, 1089.5625, -960.0000, 119.9375, 64, 64, 64
L 374.0000, -209.9062, 84.9688, 374.0000, -194.9375, 84.9688, 64, 64, 64
L 374.0000, 20.0000, 136.9375, 374.0000, 23.0000, 136.9375, 64, 64, 64
L 374.0000, 32.0000, 122.9375, 374.0000, 52.9688, 136.9375, 64, 64, 64
L 374.0000, 61.9688, 136.9375, 374.0000, 82.9688, 122.9375, 64, 64, 64
L 374.0000, 91.9688, 122.9375, 374.0000, 99.9688, 139.9375, 64, 64, 64
L 374.0000, 154.9375, 139.9375, 374.0000, 162.9375, 136.9375, 64, 64, 64
L 374.0000, 171.9375, 122.9375, 374.0000, 192.9375, 122.9375, 64, 64, 64
L 374.0000, 201.9062, 136.9375, 374.0000, 222.9062, 122.9375, 64, 64, 64
L 374.0000, 231.9062, 136.9375, 374.0000, 252.9062, 122.9375, 64, 64, 64
L 374.0000, 261.9062, 136.9375, 374.0000, 274.8750, 139.9375, 64, 64, 64
L 374.0000, 1382.4375, 103.9688, 374.0000, 1386.4375, 159.9375, 64, 64, 64
L 374.0000, 1404.4375, 108.9688, 374.0000, 1419.4375, 110.9688, 64, 64, 64
L 374.0000, 1437.4375, 103.9688, 374.0000, 1441.4375, 103.9688, 64, 64, 64
L 884.8335, -90.1457, 114.9688, 899.8022, -75.1457, 114.9688, 64, 64, 64
L -964.8840, 520.0403, 92.9688, -834.9153, 650.0090, 94.9688, 64, 64, 64
L -814.9465, 669.9778, 90.9688, -684.9778, 799.9465, 90.9688, 64, 64, 64
L -664.9778, 819.9465, 90.9688, -535.0403, 949.8840, 94.9688, 64, 64, 64
L -364.0000, 929.6250, 89.9688, -364.0000, 989.5938, 89.9688, 64, 64, 64
L 1764.3466, 364.6479, 4.8125, 1779.3467, 369.6479, 30.0000, 64, 64, 64
L -249.7939, -125.0500, 114.9688, -229.7939, -105.0813, 129.9375, 64, 64, 64
L 1759.4670, 349.8130, 30.0000, 1769.1674, 378.8531, 30.0000, 64, 64, 64
L -814.6875, 214.0000, 94.9688, -694.7188, 214.0000, 92.9688, 64, 64, 64
L 1479.4062, 214.0000, 130.9375, 1599.3750, 214.0000, 167.9375, 64, 64, 64
L 520.0000, -10.0000, 204.9062, 520.0000, 49.9688, 209.9062, 64, 64, 64
L 520.0000, 349.8750, 204.9062, 520.0000, 409.8438, 204.9062, 64, 64, 64
L -244.9062, -310.0000, 129.9375, -209.9062, -310.0000, 114.9688, 64, 64, 64
L -184.9375, -310.0000, 84.9688, -169.9375, -310.0000, 84.9688, 64, 64, 64
L 809.6875, -310.0000, 69.9688, 879.6562, -310.0000, 84.9688, 64, 64, 64
L 1134.5312, -310.0000, 69.9688, 1184.5312, -310.0000, 84.9688, 64, 64, 64
L 1199.5312, -310.0000, 84.9688, 1234.5000, -310.0000, 69.9688, 64, 64, 64
L 869.7363, 499.7267, 119.9375, 969.7047, 449.7260, 119.9375, 64, 64, 64
L 378.8438, 448.0000, 121.9375, 406.8438, 448.0000, 121.9375, 64, 64, 64
L 684.0000, -759.6875, 129.9375, 684.0000, -684.7188, 114.9688, 64, 64, 64
L 684.0000, -239.9062, 69.9688, 684.0000, -179.9375, 84.9688, 64, 64, 64
L 684.0000, -124.9375, 84.9688, 684.0000, -54.9688, 69.9688, 64, 64, 64
L 64.0000, -869.6562, 129.9375, 64.0000, -799.6875, 114.9688, 64, 64, 64
L 64.0000, -599.7500, 129.9375, 64.0000, -539.7812, 129.9375, 64, 64, 64
L 64.0000, -474.8125, 84.9688, 64.0000, -459.8125, 84.9688, 64, 64, 64
L 64.0000, -154.9375, 172.9375, 64.0000, -139.9375, 172.9375, 64, 64, 64
L 1730.0000, 379.8438, 39.9375, 1730.0000, 499.8125, 39.9688, 64, 64, 64
L 240.0000, -884.6562, 69.9688, 240.0000, -754.6875, 69.9688, 64, 64, 64
L 240.0000, 10.0000, 229.7500, 240.0000, 69.9688, 209.9062, 64, 64, 64
L 240.0000, 329.8750, 209.9062, 240.0000, 389.8438, 229.7500, 64, 64, 64
L -330.0000, 954.6250, 170.9375, -330.0000, 974.6250, 170.9375, 64, 64, 64
L -144.9375, -300.0000, 144.9375, -134.9375, -300.0000, 141.9375, 64, 64, 64
L -94.9688, -300.0000, 181.9375, -59.9688, -300.0000, 181.9375, 64, 64, 64
L -20.0000, -300.0000, 117.9375, -10.0000, -300.0000, 114.9688, 64, 64, 64
L 0.0000, -300.0000, 212.9062, 35.0000, -300.0000, 187.9375, 64, 64, 64
L 149.9375, -300.0000, 154.9375, 179.9375, -300.0000, 154.9375, 64, 64, 64
L -224.0000, -496.8125, 164.9375, -224.0000, -390.8438, 158.9375, 64, 64, 64
L -224.0000, 1109.5625, 0.0000, -224.0000, 1139.5312, 169.9375, 64, 64, 64
L -334.6559, 969.2490, 90.9688, -204.7028, 1099.2021, 94.9688, 64, 64, 64
L 115.2506, 1419.1555, 90.9688, 245.1882, 1549.0931, 90.9688, 64, 64, 64
L 134.0000, -939.6250, 179.9375, 134.0000, -929.6250, 175.9375, 64, 64, 64
L 134.0000, -828.6562, 182.9375, 134.0000, -825.6562, 174.9375, 64, 64, 64
L 134.0000, -812.6875, 187.9375, 134.0000, -806.6875, 187.9375, 64, 64, 64
L 134.0000, -792.6875, 189.9375, 134.0000, -786.6875, 176.9375, 64, 64, 64
L 134.0000, -772.6875, 176.9375, 134.0000, -766.6875, 187.9375, 64, 64, 64
L 134.0000, -639.7500, 114.9688, 134.0000, -629.7500, 114.9688, 64, 64, 64
L 134.0000, -599.7500, 114.9688, 134.0000, -539.7812, 129.9375, 64, 64, 64
L 134.0000, -419.8438, 84.9688, 134.0000, -384.8438, 84.9688, 64, 64, 64
L 134.0000, 1259.5000, 89.9688, 134.0000, 1399.4375, 39.6562, 64, 64, 64
L 784.0000, -549.7812, 114.9688, 784.0000, -494.8125, 129.9375, 64, 64, 64
L -39.9688, 474.0000, 50.9688, 355.8438, 474.0000, 89.9688, 64, 64, 64
L 429.8125, 474.0000, 50.9688, 869.6562, 474.0000, 49.9688, 64, 64, 64
L 199.9062, -1514.0000, 264.9062, 219.9062, -1514.0000, 265.9062, 64, 64, 64
L 619.7500, -1514.0000, 265.9062, 639.7500, -1514.0000, 265.9062, 64, 64, 64
L -74.0000, -586.7500, 134.9375, -74.0000, -359.8438, 84.9688, 64, 64, 64
L 80.0000, -1314.4688, -10.0000, 80.0000, -1299.4688, -10.0000, 64, 64, 64
L 80.0000, -921.6250, 206.9062, 80.0000, -847.6562, 177.9375, 64, 64, 64
L 764.0000, -899.6250, 84.9688, 764.0000, -869.6562, 84.9688, 64, 64, 64
L -169.9375, -474.0000, 69.9688, -114.9688, -474.0000, 69.9688, 64, 64, 64
L -59.9688, -474.0000, 69.9688, -5.0000, -474.0000, 69.9688, 64, 64, 64
L 30.0000, -474.0000, 69.9688, 64.9688, -474.0000, 84.9688, 64, 64, 64
L 89.9688, -474.0000, 69.9688, 104.9688, -474.0000, 69.9688, 64, 64, 64
L 819.6875, -474.0000, 109.9688, 829.6562, -474.0000, 109.9688, 64, 64, 64
L 894.6562, -474.0000, 109.9688, 964.6250, -474.0000, 112.9688, 64, 64, 64
L 989.5938, -474.0000, 69.9688, 1024.5938, -474.0000, 84.9688, 64, 64, 64
L 1029.5938, -474.0000, 109.9688, 1039.5938, -474.0000, 109.9688, 64, 64, 64
L 1054.5625, -474.0000, 69.9688, 1134.5312, -474.0000, 69.9688, 64, 64, 64
L 219.7517, -1129.4080, 265.9062, 244.7517, -1104.4080, 264.9062, 64, 64, 64
L 1599.1033, 249.9436, 39.9375, 1729.5093, 380.3496, 30.3125, 64, 64, 64
L 99.9688, -830.0000, 209.9062, 154.9375, -830.0000, 174.9375, 64, 64, 64
L 819.6875, -830.0000, 139.9375, 829.6562, -830.0000, 124.9375, 64, 64, 64
L 1089.5625, -830.0000, 139.9375, 1099.5625, -830.0000, 124.9375, 64, 64, 64
L 244.9062, -1330.0000, 30.0000, 394.8438, -1330.0000, 30.0000, 64, 64, 64
L -319.8750, -430.0000, 144.9375, -249.9062, -430.0000, 144.9375, 64, 64, 64
L -74.9688, -430.0000, 144.9375, -5.0000, -430.0000, 114.9688, 64, 64, 64
L 10.0000, -430.0000, 180.9375, 44.9688, -430.0000, 69.9688, 64, 64, 64
L 50.9688, -430.0000, 165.9375, 149.9375, -430.0000, 180.9375, 64, 64, 64
L 864.6562, -430.0000, 84.9688, 1039.5938, -430.0000, 69.9688, 64, 64, 64
L 1149.5312, -430.0000, 84.9688, 1219.5000, -430.0000, 84.9688, 64, 64, 64
L 245.1143, 1579.4443, 30.0000, 255.1143, 1549.4445, 30.0000, 64, 64, 64
L -84.9688, -1480.0000, -10.0000, 214.9062, -1480.0000, -10.0000, 64, 64, 64
L 406.0000, -192.9375, 124.9375, 406.0000, -180.9375, 119.9375, 64, 64, 64
L 406.0000, -109.9688, 116.9688, 406.0000, -84.9688, 116.9688, 64, 64, 64
L 406.0000, -14.0000, 118.9375, 406.0000, -2.0000, 114.9688, 64, 64, 64
L 406.0000, 359.8438, 129.9062, 406.0000, 450.8125, 54.9688, 64, 64, 64
L 406.0000, 524.7812, 114.9688, 406.0000, 624.7500, 103.9062, 64, 64, 64
L 264.9062, 1570.0000, 94.9688, 529.7812, 1570.0000, 89.9688, 64, 64, 64
L -959.1110, 355.3609, 169.9375, -954.1110, 350.3922, 169.9375, 64, 64, 64
L 1760.1182, 380.1227, 30.0000, 1765.1182, 365.1227, 4.8125, 64, 64, 64
L -264.9062, -144.0000, 114.9688, -249.9062, -144.0000, 167.9375, 64, 64, 64
L -84.9688, -144.0000, 129.9375, -69.9688, -144.0000, 114.9688, 64, 64, 64
L 279.8750, -144.0000, 134.9375, 294.8750, -144.0000, 134.9375, 64, 64, 64
L 489.8125, -144.0000, 133.9375, 504.8125, -144.0000, 134.9375, 64, 64, 64
L 864.6562, -144.0000, 129.9375, 879.6562, -144.0000, 114.9688, 64, 64, 64
L 954.6250, -144.0000, 129.9375, 1069.5625, -144.0000, 84.9688, 64, 64, 64
L 1109.5625, -144.0000, 114.9688, 1124.5625, -144.0000, 129.9375, 64, 64, 64
L 869.7341, 501.9681, 50.9688, 969.7966, 451.9213, 121.9375, 64, 64, 64
L 74.0000, -534.7812, 165.9375, 74.0000, -444.8125, 180.9375, 64, 64, 64
L 74.0000, 1259.5000, 89.9688, 74.0000, 1439.4375, 89.9688, 64, 64, 64
L 1749.6256, 370.7813, 30.0000, 1764.5944, 365.7813, 6.2500, 64, 64, 64
L 430.0000, -1264.5000, 30.0000, 430.0000, -1244.5000, 30.0000, 64, 64, 64
L 430.0000, -209.9062, 128.9375, 430.0000, -194.9375, 128.9375, 64, 64, 64
L 430.0000, -114.9688, 69.9688, 430.0000, -94.9688, 69.9688, 64, 64, 64
L 430.0000, -54.9688, 84.9688, 430.0000, 15.0000, 128.9375, 64, 64, 64
L 430.0000, 35.0000, 128.9375, 430.0000, 79.9688, 123.9375, 64, 64, 64
L 430.0000, 99.9688, 144.9375, 430.0000, 154.9375, 119.9375, 64, 64, 64
L 430.0000, 473.8125, 121.9375, 430.0000, 501.8125, 121.9375, 64, 64, 64
L 430.0000, 1382.4375, 159.9375, 430.0000, 1386.4375, 159.9375, 64, 64, 64
L 430.0000, 1437.4375, 103.9688, 430.0000, 1441.4375, 159.9375, 64, 64, 64
L 709.4020, 1259.1833, 89.9688, 839.3396, 1129.2458, 89.9688, 64, 64, 64
L 1319.7007, 49.7369, 30.0000, 1329.7006, 59.7368, 139.9375, 64, 64, 64
L 1339.6179, 69.6542, 130.9375, 1459.5710, 189.6074, 129.9375, 64, 64, 64
L 1469.6382, 199.6744, 139.9375, 1479.6381, 209.6743, 92.9688, 64, 64, 64
L 119.9375, -934.0000, 176.9375, 134.9375, -934.0000, 176.9375, 64, 64, 64
L 281.8750, -934.0000, 114.9688, 292.8750, -934.0000, 125.9375, 64, 64, 64
L 351.8438, -934.0000, 125.9375, 362.8438, -934.0000, 125.9375, 64, 64, 64
L 626.7500, -934.0000, 114.9688, 637.7500, -934.0000, 114.9688, 64, 64, 64
L -284.8750, -180.0000, 161.9375, -179.9375, -180.0000, 186.9375, 64, 64, 64
L -144.9375, -180.0000, 114.9688, -134.9375, -180.0000, 114.9688, 64, 64, 64
L -20.0000, -180.0000, 144.9375, -10.0000, -180.0000, 144.9375, 64, 64, 64
L 0.0000, -180.0000, 114.9688, 44.9688, -180.0000, 139.9375, 64, 64, 64
L 49.9688, -180.0000, 139.9375, 119.9375, -180.0000, 139.9375, 64, 64, 64
L 234.9062, -180.0000, 114.9688, 296.8750, -180.0000, 114.9688, 64, 64, 64
L 304.8750, -180.0000, 84.9688, 389.8438, -180.0000, 84.9688, 64, 64, 64
L 404.8438, -180.0000, 114.9688, 406.8438, -180.0000, 114.9688, 64, 64, 64
L 474.8125, -180.0000, 69.9688, 624.7500, -180.0000, 69.9688, 64, 64, 64
L 684.7188, -180.0000, 69.9688, 729.7188, -180.0000, 69.9688, 64, 64, 64
L 744.6875, -180.0000, 84.9688, 824.6562, -180.0000, 84.9688, 64, 64, 64
L 1069.5625, -180.0000, 114.9688, 1099.5625, -180.0000, 129.9375, 64, 64, 64
L 489.4607, -1224.8517, 294.8750, 494.4606, -1229.8517, 285.8750, 64, 64, 64
L -139.5744, 451.2167, 54.9688, -39.5993, 501.2042, 89.9688, 64, 64, 64
L 729.7188, -1734.0000, -10.0000, 749.6875, -1734.0000, -10.0000, 64, 64, 64
L 1329.4688, -1734.0000, 30.0000, 1349.4688, -1734.0000, -10.0000, 64, 64, 64
L 284.8750, 110.0000, 154.9375, 309.8750, 110.0000, 149.9375, 64, 64, 64
L 245.5113, -1145.1375, 265.9062, 260.8748, -1129.8060, 299.8750, 64, 64, 64
L 1747.9453, 354.1663, 130.9375, 1753.1288, 359.3392, 169.9375, 64, 64, 64
L 279.8750, -66.0000, 125.9375, 294.8750, -66.0000, 125.9375, 64, 64, 64
L 489.8125, -66.0000, 125.9375, 504.8125, -66.0000, 125.9375, 64, 64, 64
L 584.7812, -66.0000, 118.9375, 599.7500, -66.0000, 118.9375, 64, 64, 64
L 850.1584, 1099.0601, 170.9375, 860.1586, 1109.0602, 169.9375, 64, 64, 64
L 488.0000, -192.9375, 139.9375, 488.0000, -2.0000, 139.9375, 64, 64, 64
L 119.9375, -510.0000, 69.9688, 144.9375, -510.0000, 84.9688, 64, 64, 64
L 619.7500, -510.0000, 84.9688, 879.6562, -510.0000, 69.9688, 64, 64, 64
L 1759.1439, 363.6019, 14.1875, 1764.1439, 365.2581, 6.2500, 64, 64, 64
L -168.0000, -784.6875, 154.9375, -168.0000, -779.6875, 143.9375, 64, 64, 64
L -168.0000, -109.9688, 114.9688, -168.0000, -104.9688, 114.9688, 64, 64, 64
L -168.0000, -89.9688, 179.9375, -168.0000, -84.9688, 168.9375, 64, 64, 64
L -20.0000, -314.8750, 144.9375, -20.0000, -299.8750, 144.9375, 64, 64, 64
L -20.0000, -254.9062, 141.9375, -20.0000, -239.9062, 144.9375, 64, 64, 64
L -20.0000, -194.9375, 114.9688, -20.0000, -179.9375, 114.9688, 64, 64, 64
L -319.8750, -534.0000, 174.9375, -294.8750, -534.0000, 204.9062, 64, 64, 64
L -30.0000, -534.0000, 174.9375, -5.0000, -534.0000, 204.9062, 64, 64, 64
L 74.9688, -534.0000, 180.9375, 89.9688, -534.0000, 180.9375, 64, 64, 64
L 839.6562, -534.0000, 109.9688, 857.6562, -534.0000, 146.9375, 64, 64, 64
L 866.6562, -534.0000, 112.9688, 992.5938, -534.0000, 112.9688, 64, 64, 64
L 1001.5938, -534.0000, 146.9375, 1019.5938, -534.0000, 149.9375, 64, 64, 64
L 1234.0000, -444.8125, 69.9688, 1234.0000, -309.8750, 84.9688, 64, 64, 64
L 1234.0000, -214.9062, 79.9688, 1234.0000, 69.9688, 130.9375, 64, 64, 64
L 610.0000, -1544.3750, 30.0000, 610.0000, -1524.3750, 30.0000, 64, 64, 64
L 610.0000, -1444.4375, 294.8750, 610.0000, -1129.5625, 294.8750, 64, 64, 64
L 610.0000, -964.6250, 49.9688, 610.0000, -784.6875, -10.0000, 64, 64, 64
L 610.0000, -724.7188, 69.9688, 610.0000, -654.7500, 84.9688, 64, 64, 64
L 610.0000, -289.8750, 84.9688, 610.0000, -274.8750, 84.9688, 64, 64, 64
L 610.0000, -164.9375, 84.9688, 610.0000, -109.9688, 84.9688, 64, 64, 64
L 610.0000, -15.0000, 69.9688, 610.0000, 0.0000, 69.9688, 64, 64, 64
L 34.0000, -264.9062, 200.9062, 34.0000, -209.9062, 202.9062, 64, 64, 64
L 28.0000, -212.0000, 166.9375, 69.9688, -212.0000, 200.9062, 64, 64, 64
L 114.9688, -212.0000, 200.9062, 156.9375, -212.0000, 202.9062, 64, 64, 64
L 1104.5625, -212.0000, 114.9688, 1109.5625, -212.0000, 114.9688, 64, 64, 64
L 1124.5625, -212.0000, 125.9375, 1129.5625, -212.0000, 125.9375, 64, 64, 64
L -234.9062, -1314.0000, -10.0000, -134.9375, -1314.0000, 15.0000, 64, 64, 64
L 35.0000, -1314.0000, -10.0000, 184.9375, -1314.0000, 30.0000, 64, 64, 64
L -264.0000, -506.8125, 186.9375, -264.0000, -489.8125, 174.9375, 64, 64, 64
L -264.0000, -324.8750, 129.9375, -264.0000, -259.9062, 114.9688, 64, 64, 64
L -264.0000, -194.9375, 129.9375, -264.0000, -144.9375, 129.9375, 64, 64, 64
L -264.0000, -139.9375, 179.9375, -264.0000, -124.9375, 167.9375, 64, 64, 64
L -280.0000, -244.9062, 129.9375, -280.0000, -209.9062, 114.9688, 64, 64, 64
L -280.0000, -74.9688, 194.9375, -280.0000, 49.9688, 194.7500, 64, 64, 64
L 399.8283, -1359.4534, 264.9062, 404.8283, -1354.4534, 265.9062, 64, 64, 64
L 364.5572, 1437.1511, 103.9688, 367.5572, 1434.1511, 159.9375, 64, 64, 64
L 419.5572, 1382.1511, 159.9375, 422.5572, 1379.1510, 103.9688, 64, 64, 64
L 44.9688, -370.0000, 69.9688, 149.9375, -370.0000, 69.9688, 64, 64, 64
L 259.9062, -1140.0000, 264.9062, 579.7812, -1140.0000, 265.9062, 64, 64, 64
L -412.8438, -1444.0000, -10.0000, -397.8438, -1444.0000, 5.0000, 64, 64, 64
L 259.9062, -1444.0000, 294.8750, 579.7812, -1444.0000, 294.8750, 64, 64, 64
L 749.6875, -1444.0000, -10.0000, 929.6250, -1444.0000, 49.9688, 64, 64, 64
L 296.8750, -112.0000, 125.1875, 308.8750, -112.0000, 114.9688, 64, 64, 64
L 379.8438, -112.0000, 116.9688, 404.8438, -112.0000, 116.9688, 64, 64, 64
L 473.8125, -112.0000, 114.9688, 487.8125, -112.0000, 114.9688, 64, 64, 64
L 1759.2812, 334.0000, 169.9375, 1794.2812, 334.0000, 0.0000, 64, 64, 64
L 679.0388, 1270.1799, 169.9375, 689.0387, 1280.1799, 169.9375, 64, 64, 64
L 330.0000, -1344.4688, 264.9062, 330.0000, -1229.5000, 265.9062, 64, 64, 64
L 330.0000, -399.8438, 69.9688, 330.0000, -284.8750, 69.9688, 64, 64, 64
L 330.0000, -259.9062, 84.9688, 330.0000, -194.9375, 141.9375, 64, 64, 64
L 330.0000, 0.0000, 140.9375, 330.0000, 15.0000, 140.9375, 64, 64, 64
L 330.0000, 139.9375, 439.8125, 330.0000, 259.9062, 394.8438, 64, 64, 64
L 1130.0000, -394.8438, 129.9375, 1130.0000, -334.8750, 114.9688, 64, 64, 64
L 1130.0000, -214.9062, 114.9688, 1130.0000, -199.9062, 129.9375, 64, 64, 64
L 1130.0000, 959.6250, 139.9375, 1130.0000, 969.6250, 167.9375, 64, 64, 64
L 355.6617, 501.9948, 50.9688, 378.7297, 525.0228, 49.9688, 64, 64, 64
L -274.0000, -439.8125, 189.9375, -274.0000, -364.8438, 174.9375, 64, 64, 64
L -274.0000, -74.9688, 274.8750, -274.0000, 39.9688, 194.9375, 64, 64, 64
L -290.0000, -586.7500, 164.9375, -290.0000, -541.7812, 164.9375, 64, 64, 64
L 224.0000, -869.6562, 84.9688, 224.0000, -769.6875, 69.9688, 64, 64, 64
L 224.0000, 1559.3750, 169.9375, 224.0000, 1589.3750, 169.9375, 64, 64, 64
L -660.0000, 204.9062, 130.9375, -660.0000, 219.9062, 130.9375, 64, 64, 64
L -660.0000, 804.6875, 170.9375, -660.0000, 824.6562, 130.9375, 64, 64, 64
L -54.0685, 1129.8627, 30.0000, -44.0685, 1099.8625, 30.0000, 64, 64, 64
L 709.7188, -594.0000, 114.9688, 719.7188, -594.0000, 129.9375, 64, 64, 64
L 734.7188, -594.0000, 114.9688, 744.6875, -594.0000, 114.9688, 64, 64, 64
L 759.6875, -594.0000, 114.9688, 794.6875, -594.0000, 114.9688, 64, 64, 64
L 839.6562, -594.0000, 84.9688, 1004.5938, -594.0000, 69.9688, 64, 64, 64
L 1034.5938, -594.0000, 84.9688, 1094.5625, -594.0000, 84.9688, 64, 64, 64
L 1134.5312, -594.0000, 69.9688, 1169.5312, -594.0000, 69.9688, 64, 64, 64
L 1214.5000, -594.0000, 69.9688, 1249.5000, -594.0000, 84.9688, 64, 64, 64
L 1095.0760, -280.3898, 114.9688, 1110.0760, -265.4210, 114.9688, 64, 64, 64
L 1594.6768, 218.1700, 167.9375, 1599.6819, 223.1648, 169.9375, 64, 64, 64
L -519.7812, 60.0000, 157.1250, -384.8438, 60.0000, 204.9062, 64, 64, 64
L 1214.5000, 60.0000, 167.9375, 1299.4688, 60.0000, 169.9375, 64, 64, 64
L -839.6562, 234.0000, 170.9375, -824.6562, 234.0000, 167.9375, 64, 64, 64
L -684.7188, 234.0000, 167.9375, -674.7188, 234.0000, 169.9375, 64, 64, 64
L 374.8438, 234.0000, 136.9375, 384.8438, 234.0000, 139.9375, 64, 64, 64
L 399.8438, 234.0000, 122.9375, 409.8438, 234.0000, 119.9375, 64, 64, 64
L 1459.4062, 234.0000, 130.9375, 1469.4062, 234.0000, 169.9375, 64, 64, 64
L 1609.3438, 234.0000, 169.9375, 1624.3438, 234.0000, 169.9375, 64, 64, 64
L -614.7500, -244.0000, 89.9688, -434.8125, -244.0000, 274.8750, 64, 64, 64
L 69.9688, -244.0000, 175.9375, 114.9688, -244.0000, 175.9375, 64, 64, 64
L 306.8750, -244.0000, 117.9375, 327.8750, -244.0000, 116.9688, 64, 64, 64
L 344.8750, -244.0000, 84.9688, 389.8438, -244.0000, 84.9688, 64, 64, 64
L 456.8125, -244.0000, 117.9375, 477.8125, -244.0000, 116.9688, 64, 64, 64
L 1069.5625, -244.0000, 69.9688, 1184.5312, -244.0000, 69.9688, 64, 64, 64
L 1264.5000, -244.0000, 274.8750, 1389.4375, -244.0000, 89.9688, 64, 64, 64
L -80.3785, -496.6206, 204.9062, -34.4644, -542.5348, 114.9688, 64, 64, 64
L 555.2064, 1554.8002, 129.9375, 685.1439, 1424.8627, 94.9688, 64, 64, 64
L 1005.0189, 1104.9877, 92.9688, 1134.9564, 975.0502, 92.9688, 64, 64, 64
L 1749.7375, 360.2690, 30.0938, 1759.7063, 350.3002, 89.9688, 64, 64, 64
L 134.9073, -806.6422, 187.9375, 137.9073, -804.6422, 189.9375, 64, 64, 64
L 284.8750, 160.0000, 139.9375, 349.8750, 160.0000, 144.9375, 64, 64, 64
L 374.8438, 160.0000, 122.9375, 384.8438, 160.0000, 119.9375, 64, 64, 64
L 399.8438, 160.0000, 139.9375, 409.8438, 160.0000, 136.9375, 64, 64, 64
L 560.0000, -1399.4375, 264.9062, 560.0000, -1174.5312, 265.9062, 64, 64, 64
L 560.0000, -30.0000, 134.9375, 560.0000, -15.0000, 134.9375, 64, 64, 64
L 560.0000, 1559.3750, 92.9688, 560.0000, 1569.3750, 30.0000, 64, 64, 64
L -709.3015, -330.2923, 89.9688, -614.3327, -235.3235, 89.9688, 64, 64, 64
L 740.0000, -1039.5938, 189.9375, 740.0000, -599.7500, 189.9375, 64, 64, 64
L -539.7812, 944.0000, 169.9375, -524.7812, 944.0000, 170.9375, 64, 64, 64
L -354.8438, 944.0000, 169.9375, -344.8750, 944.0000, 170.9375, 64, 64, 64
L 1139.5312, 944.0000, 167.9375, 1154.5312, 944.0000, 169.9375, 64, 64, 64
L 1309.4688, 944.0000, 167.9375, 1324.4688, 944.0000, 130.9375, 64, 64, 64
L -224.9062, 1140.0000, 169.9375, -44.9688, 1140.0000, 89.9688, 64, 64, 64
L 839.6562, 1140.0000, 89.9688, 1019.5938, 1140.0000, 169.9375, 64, 64, 64
L 1296.0504, 957.6792, 170.9375, 1311.0269, 942.6558, 130.9375, 64, 64, 64
L 1444.0073, 809.2585, 130.9375, 1453.9760, 799.2586, 167.9375, 64, 64, 64
L 1455.7374, 797.4916, 170.9375, 1460.7296, 792.4838, 169.9375, 64, 64, 64
L 1593.7097, 659.0868, 130.9375, 1603.6785, 649.0869, 130.9375, 64, 64, 64
L 1605.4402, 647.3196, 167.9375, 1610.4323, 642.3119, 167.9375, 64, 64, 64
L 104.2849, 1278.8159, 129.9375, 114.2848, 1268.8160, 130.9375, 64, 64, 64
L -274.8750, -364.0000, 189.9375, 44.9688, -364.0000, 129.9375, 64, 64, 64
L 359.8438, -364.0000, 74.9688, 424.8438, -364.0000, 74.9688, 64, 64, 64
L -414.0000, -214.9062, 89.9688, -414.0000, 59.9688, 89.9688, 64, 64, 64
L 1780.0000, 359.8438, 139.9375, 1780.0000, 369.8438, 139.9375, 64, 64, 64
L 1780.0000, 509.7812, 139.9375, 1780.0000, 519.7812, 139.9375, 64, 64, 64
L 1104.5625, -392.0000, 114.9688, 1109.5625, -392.0000, 125.9375, 64, 64, 64
L 1124.5625, -392.0000, 125.9375, 1129.5625, -392.0000, 125.9375, 64, 64, 64
L 1763.3470, 364.5317, 6.2500, 1768.3470, 349.5629, 30.0000, 64, 64, 64
L 842.0000, -154.9375, 129.9375, 842.0000, -109.9688, 129.9375, 64, 64, 64
L 842.0000, -84.9688, 114.9688, 842.0000, -70.9688, 114.9688, 64, 64, 64
L 842.0000, -53.9688, 129.9375, 842.0000, -39.9688, 129.9375, 64, 64, 64
L 99.9688, -70.0000, 129.9375, 129.9375, -70.0000, 129.9375, 64, 64, 64
L 279.8750, -70.0000, 123.9375, 294.8750, -70.0000, 123.9375, 64, 64, 64
L 489.8125, -70.0000, 123.9375, 504.8125, -70.0000, 124.9375, 64, 64, 64
L 564.7812, -70.0000, 69.9688, 669.7188, -70.0000, 84.9688, 64, 64, 64
L 744.6875, -70.0000, 69.9688, 794.6875, -70.0000, 84.9688, 64, 64, 64
L 841.6562, -70.0000, 114.9688, 964.6250, -70.0000, 84.9688, 64, 64, 64
L 1764.2699, 364.8098, 6.2500, 1779.2700, 359.8097, 30.0000, 64, 64, 64
L 84.0000, -729.7188, 129.9375, 84.0000, -679.7188, 129.9375, 64, 64, 64
L 84.0000, -672.7188, 185.9375, 84.0000, -661.7500, 174.9375, 64, 64, 64
L 84.0000, -609.7500, 69.9688, 84.0000, -479.8125, 69.9688, 64, 64, 64
L 84.0000, -454.8125, 69.9688, 84.0000, -379.8438, 129.9375, 64, 64, 64
L 84.0000, -154.9375, 178.9375, 84.0000, -119.9375, 179.9375, 64, 64, 64
L 84.0000, -74.9688, 114.9688, 84.0000, -54.9688, 129.9375, 64, 64, 64
L 84.0000, 1259.5000, 89.9688, 84.0000, 1269.5000, 90.9688, 64, 64, 64
L 84.0000, 1409.4375, 90.9688, 84.0000, 1419.4375, 90.9688, 64, 64, 64
L -377.8438, -1414.0000, -10.0000, -301.8750, -1414.0000, -2.0000, 64, 64, 64
L 289.8750, -1414.0000, 264.9062, 544.7812, -1414.0000, 264.9062, 64, 64, 64
L 129.9375, -914.0000, 129.9375, 204.9062, -914.0000, 114.9688, 64, 64, 64
L 219.9062, -914.0000, 129.9375, 404.8438, -914.0000, 129.9375, 64, 64, 64
L 424.8438, -914.0000, 114.9688, 509.7812, -914.0000, 114.9688, 64, 64, 64
L 574.7812, -914.0000, 129.9375, 689.7188, -914.0000, 114.9688, 64, 64, 64
L 749.6875, -914.0000, 84.9688, 809.6875, -914.0000, 84.9688, 64, 64, 64
L 839.6562, -914.0000, 69.9688, 894.6562, -914.0000, 69.9688, 64, 64, 64
L 939.6250, -914.0000, 69.9688, 989.5938, -914.0000, 84.9688, 64, 64, 64
L 1004.5938, -914.0000, 69.9688, 1084.5625, -914.0000, 69.9688, 64, 64, 64
L 1124.1874, 954.0640, 170.9375, 1129.1874, 950.7202, 170.9375, 64, 64, 64
L 1131.1050, 949.4379, 169.9375, 1138.5762, 944.4415, 169.9375, 64, 64, 64
L 264.0000, 1529.3750, 40.2812, 264.0000, 1589.3750, 89.9688, 64, 64, 64
L -10.0000, -654.7500, 174.9375, -10.0000, -539.7812, 174.9375, 64, 64, 64
L -10.0000, -439.8125, 189.9375, -10.0000, -364.8438, 189.9375, 64, 64, 64
L -10.0000, -324.8750, 144.9375, -10.0000, -311.8750, 141.9375, 64, 64, 64
L -10.0000, -302.8750, 117.9375, -10.0000, -289.8750, 144.9375, 64, 64, 64
L -10.0000, -264.9062, 144.9375, -10.0000, -251.9062, 141.9375, 64, 64, 64
L -10.0000, -242.9062, 117.9375, -10.0000, -191.9375, 141.9375, 64, 64, 64
L -10.0000, -182.9375, 117.9375, -10.0000, -169.9375, 144.9375, 64, 64, 64
L -10.0000, -10.0000, 0.0000, -10.0000, 10.0000, 20.0000, 64, 64, 64
L 1769.7573, 349.3973, 139.9375, 1779.7573, 359.3661, 139.9375, 64, 64, 64
L 244.9062, 1550.0000, 129.9375, 254.9062, 1550.0000, 130.9375, 64, 64, 64
L 539.7812, 1550.0000, 130.9375, 549.7812, 1550.0000, 92.9688, 64, 64, 64
L 1324.8928, 954.7750, 92.9688, 1454.6669, 824.9697, 94.9688, 64, 64, 64
L 1474.6753, 804.9564, 92.9688, 1604.6128, 674.9878, 92.9688, 64, 64, 64
L 1624.7317, 654.8639, 167.9375, 1754.6848, 524.8795, 167.9375, 64, 64, 64
L 130.1993, 1244.4127, 89.9688, 135.1993, 1259.4127, 30.0000, 64, 64, 64
L -208.0000, -496.8125, 114.9688, -208.0000, -471.8125, 114.9688, 64, 64, 64
L -208.0000, -459.8125, 140.0000, -208.0000, -455.8125, 141.9375, 64, 64, 64
L -208.0000, -443.8125, 145.8438, -208.0000, -439.8125, 143.9375, 64, 64, 64
L -208.0000, -427.8438, 152.0625, -208.0000, -423.8438, 149.9375, 64, 64, 64
L -208.0000, -411.8438, 155.9375, -208.0000, -407.8438, 159.9375, 64, 64, 64
L -208.0000, -395.8438, 161.9375, -208.0000, -390.8438, 165.9375, 64, 64, 64
L -208.0000, -204.9062, 294.8750, -208.0000, 44.9688, 299.8750, 64, 64, 64
L 474.0000, -279.8750, 79.9688, 474.0000, -241.9062, 117.9375, 64, 64, 64
L 474.0000, -209.9062, 164.9375, 474.0000, -192.9375, 114.9688, 64, 64, 64
L 474.0000, -179.9375, 84.9688, 474.0000, -164.9375, 69.9688, 64, 64, 64
L 474.0000, -124.9375, 69.9688, 474.0000, -15.0000, 84.9688, 64, 64, 64
L 474.0000, 0.0000, 144.9375, 474.0000, 15.0000, 164.9375, 64, 64, 64
L 474.0000, 20.0000, 159.9375, 474.0000, 35.0000, 144.9375, 64, 64, 64
L -514.7812, 966.0000, 94.9688, -364.8438, 966.0000, 129.9375, 64, 64, 64
L 1159.5312, 966.0000, 94.9688, 1299.4688, 966.0000, 94.9688, 64, 64, 64
L 969.4945, 451.6377, 121.9375, 1052.4631, 389.6690, 121.9375, 64, 64, 64
L 279.8750, -52.0000, 132.9375, 294.8750, -52.0000, 132.9375, 64, 64, 64
L 489.8125, -52.0000, 133.9375, 504.8125, -52.0000, 133.9375, 64, 64, 64
L 584.7812, -52.0000, 124.9375, 599.7500, -52.0000, 124.9375, 64, 64, 64
L -44.8712, 1099.4651, 130.9375, -34.9024, 1109.4652, 139.9375, 64, 64, 64
L -156.0000, -1434.4375, 5.0000, -156.0000, -1424.4375, -10.0000, 64, 64, 64
L -156.0000, -784.6875, 143.9375, -156.0000, -779.6875, 154.9375, 64, 64, 64
L -156.0000, -109.9688, 114.9688, -156.0000, -104.9688, 125.9375, 64, 64, 64
L -156.0000, -89.9688, 114.9688, -156.0000, -84.9688, 125.9375, 64, 64, 64
L 1084.0000, -929.6250, 69.9688, 1084.0000, -914.6250, 84.9688, 64, 64, 64
L 1084.0000, -844.6562, 69.9688, 1084.0000, -799.6875, 84.9688, 64, 64, 64
L 1084.0000, -769.6875, 69.9688, 1084.0000, -719.7188, 69.9688, 64, 64, 64
L 1084.0000, -229.9062, 69.9688, 1084.0000, -129.9375, 84.9688, 64, 64, 64
L -314.8750, -324.0000, 114.9688, -299.8750, -324.0000, 114.9688, 64, 64, 64
L -284.8750, -324.0000, 114.9688, -269.9062, -324.0000, 129.9375, 64, 64, 64
L -264.9062, -324.0000, 114.9688, -249.9062, -324.0000, 129.9375, 64, 64, 64
L -244.9062, -324.0000, 114.9688, -194.9375, -324.0000, 129.9375, 64, 64, 64
L -124.9375, -324.0000, 144.9375, -111.9688, -324.0000, 141.9375, 64, 64, 64
L -44.9688, -324.0000, 117.9375, -30.0000, -324.0000, 144.9375, 64, 64, 64
L 54.9688, -324.0000, 114.9688, 119.9375, -324.0000, 139.9375, 64, 64, 64
L 359.8438, -324.0000, 71.9688, 424.8438, -324.0000, 74.9688, 64, 64, 64
L 679.7188, -324.0000, 69.9688, 714.7188, -324.0000, 84.9688, 64, 64, 64
L 729.7188, -324.0000, 69.9688, 754.6875, -324.0000, 84.9688, 64, 64, 64
L 904.6250, -324.0000, 114.9688, 954.6250, -324.0000, 129.9375, 64, 64, 64
L 1134.5312, -324.0000, 84.9688, 1219.5000, -324.0000, 84.9688, 64, 64, 64
L 1640.0000, 189.9375, 90.9688, 1640.0000, 219.9062, 169.9375, 64, 64, 64
L 1640.0000, 659.7500, 167.9375, 1640.0000, 689.7188, 167.9375, 64, 64, 64
L 405.3075, 525.2450, 119.9375, 429.2762, 501.2762, 49.9688, 64, 64, 64
L 540.2450, 390.3075, 309.8750, 580.5928, 349.9597, 309.8750, 64, 64, 64
L 260.5215, 350.4893, 121.9375, 290.7206, 320.2429, 49.9688, 64, 64, 64
L 510.4548, 100.1648, 89.9688, 540.4314, 70.1414, 89.9688, 64, 64, 64
L 1040.0000, -899.6250, 122.9375, 1040.0000, -684.7188, 84.9688, 64, 64, 64
L 1040.0000, -514.7812, 149.9375, 1040.0000, -406.8438, 112.9688, 64, 64, 64
L 1040.0000, -397.8438, 112.9688, 1040.0000, -369.8438, 109.9688, 64, 64, 64
L 309.8750, 120.0000, 290.8125, 469.8125, 120.0000, 179.9375, 64, 64, 64
L 85.4209, -480.2646, 69.9688, 90.4209, -475.2646, 84.9688, 64, 64, 64
L 1639.5740, 219.6660, 89.9688, 1759.5115, 334.6348, 89.9688, 64, 64, 64
L 1100.0000, -949.6250, 123.9375, 1100.0000, -689.7188, 194.9375, 64, 64, 64
L 1100.0000, -179.9375, 129.9375, 1100.0000, -164.9375, 129.9375, 64, 64, 64
L 634.0000, -224.9062, 129.9375, 634.0000, -164.9375, 114.9688, 64, 64, 64
L 634.0000, -15.0000, 84.9688, 634.0000, 15.0000, 69.9688, 64, 64, 64
L -224.9062, -460.0000, 134.9375, -99.9688, -460.0000, 136.9375, 64, 64, 64
L -59.9688, -460.0000, 84.9688, -5.0000, -460.0000, 69.9688, 64, 64, 64
L 44.9688, -460.0000, 84.9688, 64.9688, -460.0000, 69.9688, 64, 64, 64
L 89.9688, -460.0000, 84.9688, 104.9688, -460.0000, 69.9688, 64, 64, 64
L 74.9688, 1440.0000, 89.9688, 104.9688, 1440.0000, 0.0000, 64, 64, 64
L 689.7188, 1440.0000, 89.9688, 719.7188, 1440.0000, 169.9375, 64, 64, 64
L 132.0000, -729.7188, 185.9375, 132.0000, -724.7188, 185.9375, 64, 64, 64
L 132.0000, -649.7500, 174.9375, 132.0000, -644.7500, 174.9375, 64, 64, 64
L 1319.1212, 949.2775, 90.9688, 1449.0588, 819.3399, 92.9688, 64, 64, 64
L 1469.0588, 799.3399, 92.9688, 1599.0275, 669.3712, 90.9688, 64, 64, 64
L 1618.9963, 649.4023, 90.9688, 1748.9651, 519.4337, 90.9688, 64, 64, 64
L 416.0000, -209.9062, 122.9375, 416.0000, -194.9375, 121.9375, 64, 64, 64
L 416.0000, 0.0000, 122.9375, 416.0000, 15.0000, 121.9375, 64, 64, 64
L 416.0000, 64.9688, 121.9375, 416.0000, 79.9688, 121.9375, 64, 64, 64
L 428.0000, -209.9062, 127.9375, 428.0000, -194.9375, 127.9375, 64, 64, 64
L 428.0000, 0.0000, 128.9375, 428.0000, 15.0000, 127.9375, 64, 64, 64
L 284.8750, 116.0000, 133.9375, 299.8750, 116.0000, 133.9375, 64, 64, 64
L 309.8750, 116.0000, 122.9375, 324.8750, 116.0000, 122.9375, 64, 64, 64
L -64.0000, -586.7500, 129.9375, -64.0000, -546.7812, 115.9688, 64, 64, 64
L -64.0000, -154.9375, 84.9688, -64.0000, -119.9375, 69.9688, 64, 64, 64
L -64.0000, -89.9688, 84.9688, -64.0000, -74.9688, 84.9688, 64, 64, 64
L -64.0000, -44.9688, 84.9688, -64.0000, 15.0000, 69.9688, 64, 64, 64
L -64.0000, 1079.5625, 89.9688, -64.0000, 1139.5312, 89.9688, 64, 64, 64
L 1330.0000, -1784.2812, 49.9688, 1330.0000, -1724.3125, -10.0000, 64, 64, 64
L 1330.0000, 59.9688, 30.0000, 1330.0000, 69.9688, 139.9375, 64, 64, 64
L 1330.0000, 959.6250, 30.0000, 1330.0000, 969.6250, 89.9688, 64, 64, 64
L 1628.7922, 220.4578, 89.9688, 1758.7296, 350.4266, 89.9688, 64, 64, 64
L -669.1862, 205.4185, 130.9375, -544.2486, 75.4810, 139.9375, 64, 64, 64
L -704.0000, 809.6875, 167.9375, -704.0000, 839.6562, 167.9375, 64, 64, 64
L -529.8200, 50.0076, 30.0000, -519.8201, 60.0075, 94.9688, 64, 64, 64
L 374.8438, 24.0000, 136.9375, 381.8438, 24.0000, 136.9375, 64, 64, 64
L 402.8438, 24.0000, 122.9375, 409.8438, 24.0000, 122.9375, 64, 64, 64
L 284.0000, -1399.4375, 299.8750, 284.0000, -1174.5312, 294.8750, 64, 64, 64
L 284.0000, -294.8750, 129.9375, 284.0000, -209.9062, 114.9688, 64, 64, 64
L 284.0000, 94.9688, 149.9375, 284.0000, 159.9375, 139.9375, 64, 64, 64
L 609.7500, -964.0000, 49.9688, 669.7188, -964.0000, -10.0000, 64, 64, 64
L 934.6250, -964.0000, 159.9375, 984.5938, -964.0000, 160.9375, 64, 64, 64
L 594.4409, -1114.8716, 294.8750, 609.4409, -1129.8715, 299.8750, 64, 64, 64
L 1214.0000, -624.7500, 84.9688, 1214.0000, -594.7500, 69.9688, 64, 64, 64
L 1214.0000, 69.9688, 93.9688, 1214.0000, 289.8750, 204.9062, 64, 64, 64
L 420.0000, -384.8438, 219.9062, 420.0000, -319.8750, 71.9688, 64, 64, 64
L 420.0000, -209.9062, 123.9375, 420.0000, -194.9375, 124.9375, 64, 64, 64
L 420.0000, 0.0000, 123.9375, 420.0000, 15.0000, 123.9375, 64, 64, 64
L 420.0000, 25.0000, 159.9375, 420.0000, 64.9688, 144.9375, 64, 64, 64
L 420.0000, 119.9375, 120.9375, 420.0000, 134.9375, 119.9375, 64, 64, 64
L 420.0000, 274.8750, 119.9375, 420.0000, 299.8750, 119.9375, 64, 64, 64
L 420.0000, 1382.4375, 159.9375, 420.0000, 1386.4375, 159.9375, 64, 64, 64
L 420.0000, 1404.4375, 110.9688, 420.0000, 1419.4375, 108.9688, 64, 64, 64
L 420.0000, 1437.4375, 159.9375, 420.0000, 1441.4375, 159.9375, 64, 64, 64
L 243.3731, -1144.4458, 294.8750, 248.3783, -1139.4509, 299.8750, 64, 64, 64
L 794.4525, -594.5145, 114.9688, 809.4525, -579.5457, 114.9688, 64, 64, 64
L 1619.2430, 228.5577, 94.9688, 1739.3368, 348.4012, 94.9688, 64, 64, 64
L -178.0000, -834.6562, 158.9375, -178.0000, -819.6875, 157.9375, 64, 64, 64
L -178.0000, -79.9688, 95.9688, -178.0000, -64.9688, 96.9688, 64, 64, 64
L -178.0000, -59.9688, 111.9688, -178.0000, -44.9688, 112.9688, 64, 64, 64
L 119.9375, -936.0000, 178.9375, 134.9375, -936.0000, 177.9375, 64, 64, 64
L -154.0000, -834.6562, 153.9375, -154.0000, -749.6875, 189.9375, 64, 64, 64
L -154.0000, -459.8125, 69.9688, -154.0000, -414.8438, 69.9688, 64, 64, 64
L -154.0000, -114.9688, 94.9688, -154.0000, -59.9688, 129.9375, 64, 64, 64
L 374.7435, 1404.3372, 110.9688, 389.7435, 1389.3372, 110.9688, 64, 64, 64
L 1094.0000, -609.7500, 69.9688, 1094.0000, -594.7500, 69.9688, 64, 64, 64
L 1094.0000, -494.8125, 129.9375, 1094.0000, -459.8125, 129.9375, 64, 64, 64
L 1094.0000, -314.8750, 114.9688, 1094.0000, -305.8750, 129.9375, 64, 64, 64
L 1094.0000, -288.8750, 114.9688, 1094.0000, -279.8750, 129.9375, 64, 64, 64
L 1094.0000, -269.9062, 114.9688, 1094.0000, -224.9062, 129.9375, 64, 64, 64
L 290.0000, -1544.3750, -10.0000, 290.0000, -1524.3750, 20.0000, 64, 64, 64
L 290.0000, -1179.5312, -10.0000, 290.0000, -1149.5312, 30.0000, 64, 64, 64
L 290.0000, -1134.5312, -10.0000, 290.0000, -1029.5938, -10.0000, 64, 64, 64
L 290.0000, -749.6875, 114.9688, 290.0000, -679.7188, 84.9688, 64, 64, 64
L 290.0000, -15.0000, 69.9688, 290.0000, 35.0000, 69.9688, 64, 64, 64
L -182.5464, 389.3341, 50.9688, -139.1711, 422.6221, 89.9688, 64, 64, 64
L -60.0000, -589.7500, 69.9688, -60.0000, -474.8125, 84.9688, 64, 64, 64
L -60.0000, -459.8125, 69.9688, -60.0000, -319.8750, 164.9375, 64, 64, 64
L -60.0000, -314.8750, 181.9375, -60.0000, -299.8750, 181.9375, 64, 64, 64
L -60.0000, -164.9375, 167.9375, -60.0000, -149.9375, 181.9375, 64, 64, 64
L 800.0000, -1724.3125, -10.0000, 800.0000, -1704.3125, 30.0000, 64, 64, 64
L 800.0000, -1044.5938, 30.0000, 800.0000, -1024.5938, 30.0000, 64, 64, 64
L 800.0000, -949.6250, 189.9375, 800.0000, -689.7188, 119.9375, 64, 64, 64
L 800.0000, 66.9688, 167.9375, 800.0000, 69.9688, 139.9375, 64, 64, 64
L 1460.0000, 189.9375, 0.0000, 1460.0000, 199.9062, 30.0000, 64, 64, 64
L 1460.0000, 829.6562, 89.9688, 1460.0000, 839.6562, 89.9688, 64, 64, 64
L -38.0000, 624.0000, 204.9062, 869.6562, 624.0000, 93.9688, 64, 64, 64
L 1739.1941, 349.9937, 167.9375, 1749.1941, 359.9625, 167.9375, 64, 64, 64
L 434.0000, -1344.4688, 294.8750, 434.0000, -1339.4688, 294.8750, 64, 64, 64
L 434.0000, -334.8750, 49.9688, 434.0000, -194.9375, 131.9375, 64, 64, 64
L 434.0000, 0.0000, 131.9375, 434.0000, 15.0000, 130.9375, 64, 64, 64
L 434.0000, 25.0000, 131.9375, 434.0000, 35.0000, 131.9375, 64, 64, 64
L 36.0000, -1464.4062, -10.0000, 36.0000, -1314.4688, 30.0000, 64, 64, 64
L 36.0000, -1299.4688, -10.0000, 36.0000, -1149.5312, 30.0000, 64, 64, 64
L 36.0000, -614.7500, 129.9375, 36.0000, -599.7500, 129.9375, 64, 64, 64
L 36.0000, -429.8125, 165.9375, 36.0000, -414.8438, 165.9375, 64, 64, 64
L 36.0000, -304.8750, 187.9375, 36.0000, -169.9375, 176.9375, 64, 64, 64
L -39.9688, 502.0000, 54.9688, 355.8438, 502.0000, 50.9688, 64, 64, 64
L 429.8125, 502.0000, 50.9688, 869.6562, 502.0000, 54.9688, 64, 64, 64
L -174.0000, -834.6562, 156.9375, -174.0000, -819.6875, 155.9375, 64, 64, 64
L -174.0000, -169.9375, 109.9688, -174.0000, -114.9688, 109.9688, 64, 64, 64
L -174.0000, -59.9688, 113.9688, -174.0000, -44.9688, 114.9688, 64, 64, 64
L -104.9688, -174.0000, 186.9375, -49.9688, -174.0000, 186.9375, 64, 64, 64
L 0.0000, -174.0000, 154.9375, 35.0000, -174.0000, 167.9375, 64, 64, 64
L 149.9375, -174.0000, 176.9375, 179.9375, -174.0000, 167.9375, 64, 64, 64
L 909.6250, -174.0000, 114.9688, 924.6250, -174.0000, 129.9375, 64, 64, 64
L 739.7188, -1040.0000, 151.8125, 1179.5312, -1040.0000, 189.9375, 64, 64, 64
L -262.0000, -1434.4375, -10.0000, -262.0000, -1347.4688, 0.0000, 64, 64, 64
L -262.0000, -144.9375, 125.9375, -262.0000, -139.9375, 114.9688, 64, 64, 64
L -262.0000, 69.9688, 121.9375, -262.0000, 289.8750, 60.8438, 64, 64, 64
L 920.0000, -939.6250, 84.9688, 920.0000, -839.6562, 84.9688, 64, 64, 64
L 920.0000, -799.6875, 84.9688, 920.0000, -779.6875, 104.9688, 64, 64, 64
L 954.0000, -324.8750, 129.9375, 954.0000, -314.8750, 129.9375, 64, 64, 64
L 954.0000, -279.8750, 114.9688, 954.0000, -269.9062, 129.9375, 64, 64, 64
L 954.0000, -219.9062, 129.9375, 954.0000, -204.9062, 129.9375, 64, 64, 64
L 954.0000, -189.9375, 129.9375, 954.0000, -144.9375, 129.9375, 64, 64, 64
L -294.8750, -1464.0000, 15.0000, -104.9688, -1464.0000, -10.0000, 64, 64, 64
L -84.9688, -1464.0000, -10.0000, 15.0000, -1464.0000, 15.0000, 64, 64, 64
L 35.0000, -1464.0000, -10.0000, 184.9375, -1464.0000, -10.0000, 64, 64, 64
L 840.0000, -914.6250, 69.9688, 840.0000, -854.6562, 84.9688, 64, 64, 64
L 840.0000, -839.6562, 84.9688, 840.0000, -709.7188, 69.9688, 64, 64, 64
L 840.0000, -639.7500, 84.9688, 840.0000, -594.7500, 84.9688, 64, 64, 64
L 840.0000, -109.9688, 125.9375, 840.0000, -104.9688, 125.9375, 64, 64, 64
L 840.0000, -89.9688, 125.9375, 840.0000, -84.9688, 125.9375, 64, 64, 64
L 840.0000, 66.9688, 139.9375, 840.0000, 69.9688, 167.9375, 64, 64, 64
L 840.0000, 1129.5625, 0.0000, 840.0000, 1139.5312, 89.9688, 64, 64, 64
L 1010.0000, -1704.3125, -10.0000, 1010.0000, -1384.4375, -10.0000, 64, 64, 64
L 1010.0000, -1364.4688, -10.0000, 1010.0000, -1104.5625, 49.9688, 64, 64, 64
L 1010.0000, 1109.5625, 129.9375, 1010.0000, 1119.5625, 89.9688, 64, 64, 64
L 1449.1016, 218.9918, 30.0000, 1479.1014, 208.9919, 30.0000, 64, 64, 64
L 359.7112, 259.9420, 439.8125, 419.7645, 139.8979, 439.8125, 64, 64, 64
L -139.5798, -214.1908, 186.9375, -119.5798, -224.1908, 171.9375, 64, 64, 64
L 934.7178, -74.8759, 114.9688, 949.7178, -89.8759, 114.9688, 64, 64, 64
L 1124.6553, -264.8134, 114.9688, 1139.6240, -279.7821, 129.9375, 64, 64, 64
L 264.9062, 1564.0000, 169.9375, 529.7812, 1564.0000, 170.9375, 64, 64, 64
L 739.2883, -600.6097, 151.5312, 759.2570, -610.6097, 139.9375, 64, 64, 64
L -434.4687, -290.2189, 20.0000, -359.4999, -215.2501, 20.0000, 64, 64, 64
L 355.7032, 499.9531, 119.9375, 380.6876, 524.9374, 119.9375, 64, 64, 64
L 874.0000, -904.6250, 121.9375, 874.0000, -734.7188, 120.9375, 64, 64, 64
L 419.8438, 42.0000, 124.9375, 429.8125, 42.0000, 125.9375, 64, 64, 64
L -244.9062, -496.0000, 204.9062, -79.9688, -496.0000, 164.9375, 64, 64, 64
L 899.6250, -496.0000, 110.9688, 954.6250, -496.0000, 110.9688, 64, 64, 64
L 1038.0000, -204.9062, 299.8750, 1038.0000, 44.9688, 299.8750, 64, 64, 64
L -438.1581, -1404.0924, -10.0000, -418.1894, -1384.0925, -10.0000, 64, 64, 64
L -369.8438, -74.0000, 274.8750, -249.9062, -74.0000, 194.9375, 64, 64, 64
L -94.9688, -74.0000, 167.9375, -30.0000, -74.0000, 69.9688, 64, 64, 64
L 74.9688, -74.0000, 164.9375, 109.9688, -74.0000, 167.9375, 64, 64, 64
L 279.8750, -74.0000, 121.9375, 294.8750, -74.0000, 122.9375, 64, 64, 64
L 489.8125, -74.0000, 121.9375, 504.8125, -74.0000, 121.9375, 64, 64, 64
L 584.7812, -74.0000, 129.9375, 599.7500, -74.0000, 129.9375, 64, 64, 64
L 724.7188, -74.0000, 129.9375, 759.6875, -74.0000, 114.9688, 64, 64, 64
L 899.6250, -74.0000, 114.9688, 934.6250, -74.0000, 114.9688, 64, 64, 64
L 1074.5625, -74.0000, 194.9375, 1199.5312, -74.0000, 279.8750, 64, 64, 64
L 969.8296, 423.1723, 50.9688, 1022.7985, 390.1723, 54.9688, 64, 64, 64
L 279.8750, -38.0000, 139.9375, 294.8750, -38.0000, 139.9375, 64, 64, 64
L 489.8125, -38.0000, 139.9375, 504.8125, -38.0000, 140.9375, 64, 64, 64
L -854.6562, 220.0000, 0.0000, -844.6562, 220.0000, 89.9688, 64, 64, 64
L -814.6875, 220.0000, 92.9688, -694.7188, 220.0000, 94.9688, 64, 64, 64
L 269.9062, 220.0000, 179.9375, 271.9062, 220.0000, 167.9375, 64, 64, 64
L 374.8438, 220.0000, 119.9375, 384.8438, 220.0000, 119.9375, 64, 64, 64
L 399.8438, 220.0000, 119.9375, 409.8438, 220.0000, 119.9375, 64, 64, 64
L 507.7812, 220.0000, 179.9375, 509.7812, 220.0000, 179.9375, 64, 64, 64
L 1479.4062, 220.0000, 90.9688, 1599.3750, 220.0000, 94.9688, 64, 64, 64
L 1629.3438, 220.0000, 30.0000, 1639.3438, 220.0000, 89.9688, 64, 64, 64
L -79.9688, 30.0000, 84.9688, 139.9375, 30.0000, 84.9688, 64, 64, 64
L 509.7812, 30.0000, 84.9688, 649.7500, 30.0000, 69.9688, 64, 64, 64
L -204.9062, -818.0000, 164.9375, -189.9375, -818.0000, 165.9375, 64, 64, 64
L -169.9375, -818.0000, 152.9375, -154.9375, -818.0000, 153.9375, 64, 64, 64
L 854.0000, -899.6250, 84.9688, 854.0000, -854.6562, 69.9688, 64, 64, 64
L 854.0000, -849.6250, 119.9375, 854.0000, -789.6562, 120.9375, 64, 64, 64
L 854.0000, -779.6875, 69.9688, 854.0000, -724.7188, 69.9688, 64, 64, 64
L 854.0000, -639.7500, 69.9688, 854.0000, -609.7500, 69.9688, 64, 64, 64
L 854.0000, -534.7812, 112.9688, 854.0000, -524.7812, 109.9688, 64, 64, 64
L 854.0000, -359.8438, 112.9688, 854.0000, -349.8750, 112.9688, 64, 64, 64
L -969.1267, 524.2830, 129.9375, -839.1580, 654.2517, 94.9688, 64, 64, 64
L -819.1892, 674.2205, 167.9375, -689.2205, 804.1892, 167.9375, 64, 64, 64
L -669.1299, 824.2798, 94.9688, -539.2830, 954.1267, 139.9375, 64, 64, 64
L -81.2766, -516.8543, 164.9375, -70.2922, -505.8699, 176.9375, 64, 64, 64
L 868.6284, 476.2454, 114.9688, 875.8228, 472.5583, 121.9375, 64, 64, 64
L -36.0000, -586.7500, 114.9688, -36.0000, -541.7812, 164.9375, 64, 64, 64
L -36.0000, -378.8438, 129.9375, -36.0000, -364.8438, 114.9688, 64, 64, 64
L -36.0000, 1109.5625, 30.0000, -36.0000, 1119.5625, 73.5000, 64, 64, 64
L -539.7812, 50.0000, 139.9375, -529.7812, 50.0000, 139.9375, 64, 64, 64
L -362.8438, 50.0000, 179.9375, -279.8750, 50.0000, 179.9375, 64, 64, 64
L 199.9062, 50.0000, 309.8750, 259.9062, 50.0000, 229.9062, 64, 64, 64
L 374.8438, 50.0000, 119.9375, 384.8438, 50.0000, 122.9375, 64, 64, 64
L 399.8438, 50.0000, 122.9375, 409.8438, 50.0000, 122.9375, 64, 64, 64
L 519.7812, 50.0000, 229.9062, 579.7812, 50.0000, 229.7500, 64, 64, 64
L 1116.5625, 50.0000, 49.9688, 1192.5312, 50.0000, 49.9688, 64, 64, 64
L 1309.4688, 50.0000, 139.9375, 1319.4688, 50.0000, 30.0000, 64, 64, 64
L 87.9688, -930.0000, 177.9375, 89.9688, -930.0000, 177.9375, 64, 64, 64
L 114.9688, -930.0000, 114.9688, 509.7812, -930.0000, 114.9688, 64, 64, 64
L 574.7812, -930.0000, 114.9688, 704.7188, -930.0000, 129.9375, 64, 64, 64
L 939.6250, -930.0000, 84.9688, 1084.5625, -930.0000, 69.9688, 64, 64, 64
L 544.5650, -1404.2212, 299.8750, 549.5649, -1399.2213, 294.8750, 64, 64, 64
L 984.3774, -964.4088, 189.9375, 989.3775, -959.4088, 189.9375, 64, 64, 64
L 139.9375, -1134.0000, -10.0000, 184.9375, -1134.0000, -10.0000, 64, 64, 64
L 244.9062, -1134.0000, 30.0000, 289.8750, -1134.0000, 30.0000, 64, 64, 64
L -204.9062, 1130.0000, 30.0000, -194.9375, 1130.0000, 139.9375, 64, 64, 64
L -54.9688, 1130.0000, 139.9375, -44.9688, 1130.0000, 92.9688, 64, 64, 64
L 839.6562, 1130.0000, 90.9688, 849.6562, 1130.0000, 139.9375, 64, 64, 64
L 989.5938, 1130.0000, 30.0000, 999.5938, 1130.0000, 89.9688, 64, 64, 64
L -116.0000, -496.8125, 118.9375, -116.0000, -471.8125, 114.9688, 64, 64, 64
L -116.0000, -459.8125, 137.9375, -116.0000, -455.8125, 137.9375, 64, 64, 64
L -116.0000, -443.8125, 145.8438, -116.0000, -439.8125, 143.9375, 64, 64, 64
L -116.0000, -427.8438, 152.0625, -116.0000, -423.8438, 153.9375, 64, 64, 64
L -116.0000, -411.8438, 157.8750, -116.0000, -407.8438, 159.9375, 64, 64, 64
L -116.0000, -395.8438, 164.0625, -116.0000, -390.8438, 161.9375, 64, 64, 64
L -519.7812, 64.0000, 94.9688, -384.8438, 64.0000, 129.9375, 64, 64, 64
L 374.8438, 64.0000, 139.9375, 384.8438, 64.0000, 139.9375, 64, 64, 64
L 399.8438, 64.0000, 139.9375, 419.8438, 64.0000, 144.9375, 64, 64, 64
L 1214.5000, 64.0000, 92.9688, 1299.4688, 64.0000, 129.9375, 64, 64, 64
L -524.3176, 85.2759, 170.9375, -515.2933, 71.6544, 130.9375, 64, 64, 64
L 670.0000, -1524.3750, -10.0000, 670.0000, -1264.5000, -10.0000, 64, 64, 64
L 670.0000, -1244.5000, 49.9688, 670.0000, -984.5938, 49.9688, 64, 64, 64
L 670.0000, -964.6250, 49.9688, 670.0000, -844.6562, 49.9688, 64, 64, 64
L 670.0000, -774.6875, 114.9688, 670.0000, -669.7188, 114.9688, 64, 64, 64
L 670.0000, -224.9062, 69.9688, 670.0000, -164.9375, 84.9688, 64, 64, 64
L 670.0000, -109.9688, 84.9688, 670.0000, -69.9688, 69.9688, 64, 64, 64
L -294.0000, -1464.4062, 15.0000, -294.0000, -1391.4375, -10.0000, 64, 64, 64
L -294.0000, -1381.4375, 0.0000, -294.0000, -1321.4688, -10.0000, 64, 64, 64
L -294.0000, -729.7188, 189.9375, -294.0000, -659.7500, 174.9375, 64, 64, 64
L -294.0000, -535.7812, 144.9375, -294.0000, -520.7812, 114.9688, 64, 64, 64
L -294.0000, -229.9062, 161.9375, -294.0000, -214.9062, 186.9375, 64, 64, 64
L -244.0000, -586.7500, 137.9375, -244.0000, -576.7812, 138.9375, 64, 64, 64
L -244.0000, -527.7812, 164.9375, -244.0000, -515.7812, 176.9375, 64, 64, 64
L -244.0000, -324.8750, 114.9688, -244.0000, -309.8750, 114.9688, 64, 64, 64
L 900.2799, -579.1248, 114.9688, 915.2800, -594.0936, 114.9688, 64, 64, 64
L -124.0000, -334.8750, 117.9375, -124.0000, -324.8750, 114.9688, 64, 64, 64
L -124.0000, -199.9062, 69.9688, -124.0000, -154.9375, 69.9688, 64, 64, 64
L -124.0000, -119.9375, 69.9688, -124.0000, 15.0000, 69.9688, 64, 64, 64
L -164.9375, -1204.0000, 15.0000, -134.9375, -1204.0000, 15.0000, 64, 64, 64
L -84.9688, -1204.0000, 15.0000, -54.9688, -1204.0000, -10.0000, 64, 64, 64
L -172.0000, -834.6562, 154.9375, -172.0000, -819.6875, 154.9375, 64, 64, 64
L 524.7812, -710.0000, 84.9688, 594.7500, -710.0000, 84.9688, 64, 64, 64
L 724.7188, -710.0000, 69.9688, 789.6875, -710.0000, 69.9688, 64, 64, 64
L 839.6562, -710.0000, 84.9688, 899.6250, -710.0000, 84.9688, 64, 64, 64
L 530.3069, 1559.9006, 77.5625, 540.3069, 1549.9006, 30.0000, 64, 64, 64
L 680.2444, 1409.9631, 130.9375, 690.2444, 1399.9631, 129.9375, 64, 64, 64
L 980.1194, 1110.0881, 169.9375, 990.1194, 1100.0881, 169.9375, 64, 64, 64
L 1128.4376, 961.7699, 30.0000, 1138.4220, 951.7855, 30.0000, 64, 64, 64
L 1324.8013, 74.6364, 94.9688, 1454.7388, 204.5739, 129.9375, 64, 64, 64
L 179.9375, 410.0000, 167.9375, 259.9062, 410.0000, 167.9375, 64, 64, 64
L 519.7812, 410.0000, 204.9062, 599.7500, 410.0000, 174.9375, 64, 64, 64
L 384.0000, -879.6562, 139.9375, 384.0000, -854.6562, 139.9375, 64, 64, 64
L 384.0000, -469.8125, 84.9688, 384.0000, -404.8438, 84.9688, 64, 64, 64
L 384.0000, -384.8438, 219.9062, 384.0000, -349.8750, 194.9375, 64, 64, 64
L 384.0000, -289.8750, 159.9375, 384.0000, -209.9062, 119.9375, 64, 64, 64
L 384.0000, -15.0000, 84.9688, 384.0000, 35.0000, 84.9688, 64, 64, 64
L 384.0000, 49.9688, 119.9375, 384.0000, 64.9688, 119.9375, 64, 64, 64
L 384.0000, 79.9688, 119.9375, 384.0000, 94.9688, 119.9375, 64, 64, 64
L 384.0000, 159.9375, 119.9375, 384.0000, 174.9375, 119.9375, 64, 64, 64
L 384.0000, 189.9375, 119.9375, 384.0000, 204.9062, 119.9375, 64, 64, 64
L 384.0000, 219.9062, 119.9375, 384.0000, 234.9062, 119.9375, 64, 64, 64
L 384.0000, 249.9062, 139.9375, 384.0000, 264.9062, 139.9375, 64, 64, 64
L 1758.7764, 529.6130, 30.0000, 1769.1306, 498.5500, 30.0000, 64, 64, 64
L 664.7035, 1244.4847, 30.0000, 823.1472, 1086.0410, 30.0000, 64, 64, 64
L 868.0000, 473.8125, 129.9688, 868.0000, 501.8125, 121.9375, 64, 64, 64
L 234.3770, 1558.8457, 139.9375, 264.3771, 1528.8457, 40.5938, 64, 64, 64
L -204.9062, -780.0000, 143.9375, -119.9375, -780.0000, 143.9375, 64, 64, 64
L 719.7188, -780.0000, 84.9688, 774.6875, -780.0000, 69.9688, 64, 64, 64
L 854.6562, -780.0000, 69.9688, 919.6250, -780.0000, 122.9375, 64, 64, 64
L 720.0000, -884.6562, 84.9688, 720.0000, -774.6875, 114.9688, 64, 64, 64
L 720.0000, -669.7188, 129.9375, 720.0000, -594.7500, 114.9688, 64, 64, 64
L 720.0000, 1259.5000, 90.9688, 720.0000, 1439.4375, 0.0000, 64, 64, 64
L 1619.6221, 649.4716, 169.9375, 1629.6221, 659.4716, 30.0000, 64, 64, 64
L -994.0105, 519.1980, 139.9375, -984.0105, 529.1980, 139.9375, 64, 64, 64
L -974.0261, 539.1824, 167.9375, -854.0574, 659.1511, 169.9375, 64, 64, 64
L -844.0730, 669.1355, 30.0000, -834.0730, 679.1355, 30.0000, 64, 64, 64
L -823.9744, 689.2341, 89.9688, -704.0212, 809.1873, 167.9375, 64, 64, 64
L -695.3050, 817.9035, 30.0000, -685.3206, 827.8879, 30.0000, 64, 64, 64
L -674.0325, 839.1760, 169.9375, -554.1824, 959.0261, 167.9375, 64, 64, 64
L 378.2565, -109.5560, 116.9688, 380.2565, -111.5560, 115.9688, 64, 64, 64
L 594.0000, -1429.4375, 265.9062, 594.0000, -1144.5312, 294.8750, 64, 64, 64
L 594.0000, -709.7188, 84.9688, 594.0000, -639.7500, 69.9688, 64, 64, 64
L -269.9062, -554.0000, 118.9375, -259.9062, -554.0000, 119.9375, 64, 64, 64
L -64.9688, -554.0000, 119.9375, -54.9688, -554.0000, 119.9375, 64, 64, 64
L 69.9688, -554.0000, 114.9688, 84.9688, -554.0000, 114.9688, 64, 64, 64
L -834.6562, 650.0000, 167.9375, -824.6562, 650.0000, 139.9375, 64, 64, 64
L 1609.3438, 650.0000, 169.9375, 1619.3438, 650.0000, 169.9375, 64, 64, 64
L -269.9062, -740.0000, 143.9375, -254.9062, -740.0000, 158.9375, 64, 64, 64
L 879.6562, -740.0000, 122.9375, 1039.5938, -740.0000, 104.9688, 64, 64, 64
L 1134.5312, -740.0000, 84.9688, 1184.5312, -740.0000, 84.9688, 64, 64, 64
L -186.0000, -834.6562, 162.9375, -186.0000, -819.6875, 161.9375, 64, 64, 64
L -186.0000, -79.9688, 99.9688, -186.0000, -64.9688, 100.9688, 64, 64, 64
L -186.0000, -59.9688, 108.9688, -186.0000, -44.9688, 107.9688, 64, 64, 64
L 379.8438, -8.0000, 116.9688, 404.8438, -8.0000, 115.9688, 64, 64, 64
L -614.7500, -290.0000, 20.0000, -434.8125, -290.0000, 89.9688, 64, 64, 64
L 384.8438, -290.0000, 134.9375, 599.7500, -290.0000, 144.9375, 64, 64, 64
L 609.7500, -290.0000, 69.9688, 714.7188, -290.0000, 69.9688, 64, 64, 64
L 1064.5625, -290.0000, 129.9375, 1119.5625, -290.0000, 69.9688, 64, 64, 64
L 1264.5000, -290.0000, 20.0000, 1389.4375, -290.0000, 20.0000, 64, 64, 64
L 1018.8906, -1028.8906, 139.9375, 1028.8906, -1018.8906, 119.9375, 64, 64, 64
L 1088.8594, -958.9219, 160.9375, 1098.8594, -948.9219, 119.9375, 64, 64, 64
L 1158.8281, -888.9531, 119.9375, 1168.8281, -878.9531, 123.9375, 64, 64, 64
L -554.7812, 960.0000, 89.9688, -544.7812, 960.0000, 0.0000, 64, 64, 64
L -514.7812, 960.0000, 94.9688, -364.8438, 960.0000, 90.9688, 64, 64, 64
L 1159.5312, 960.0000, 92.9688, 1299.4688, 960.0000, 90.9688, 64, 64, 64
L 1329.4688, 960.0000, 89.9688, 1339.4688, 960.0000, 89.9688, 64, 64, 64
L 1744.3125, 520.0000, 167.9375, 1749.3125, 520.0000, 139.9375, 64, 64, 64
L 64.9688, -870.0000, 114.9688, 109.9688, -870.0000, 129.9375, 64, 64, 64
L 129.9375, -870.0000, 114.9688, 224.9062, -870.0000, 69.9688, 64, 64, 64
L 734.7188, -870.0000, 69.9688, 764.6875, -870.0000, 69.9688, 64, 64, 64
L 112.9688, -794.0000, 174.9375, 116.9688, -794.0000, 174.9375, 64, 64, 64
L 137.9375, -794.0000, 189.9375, 141.9375, -794.0000, 189.9375, 64, 64, 64
L 734.7188, -794.0000, 69.9688, 774.6875, -794.0000, 69.9688, 64, 64, 64
L 820.9316, -794.0000, 122.9375, 850.7508, -794.0000, 121.9375, 64, 64, 64
L 1068.5625, -794.0000, 122.9375, 1099.5625, -794.0000, 121.9375, 64, 64, 64
L 820.3406, -514.1301, 149.9375, 830.3094, -524.1301, 109.9688, 64, 64, 64
L 70.0000, -744.6875, 114.9688, 70.0000, -679.7188, 114.9688, 64, 64, 64
L 70.0000, -624.7500, 84.9688, 70.0000, -479.8125, 84.9688, 64, 64, 64
L 70.0000, -454.8125, 84.9688, 70.0000, -379.8438, 114.9688, 64, 64, 64
L 70.0000, -368.8438, 165.9375, 70.0000, -339.8750, 180.9375, 64, 64, 64
L 70.0000, -262.9062, 200.9062, 70.0000, -211.9062, 166.9375, 64, 64, 64
L 70.0000, -154.9375, 173.9375, 70.0000, -139.9375, 173.9375, 64, 64, 64
L 160.0000, -1529.3750, 294.8750, 160.0000, -1044.5938, 285.8750, 64, 64, 64
L 160.0000, -769.6875, 69.9688, 160.0000, -624.7500, 84.9688, 64, 64, 64
L 160.0000, -304.8750, 202.9062, 160.0000, -299.8750, 202.9062, 64, 64, 64
L 160.0000, -174.9375, 187.9375, 160.0000, -169.9375, 187.9375, 64, 64, 64
L 374.8438, 264.0000, 136.9375, 384.8438, 264.0000, 139.9375, 64, 64, 64
L 399.8438, 264.0000, 139.9375, 409.8438, 264.0000, 139.9375, 64, 64, 64
L -968.6648, 357.7246, 139.9375, -963.1656, 352.2254, 170.9375, 64, 64, 64
L -82.0639, -528.8763, 176.9375, -67.0639, -543.8763, 164.9375, 64, 64, 64
L 54.3736, -665.3138, 129.9375, 69.3736, -680.3138, 114.9688, 64, 64, 64
L -84.9688, -1524.0000, 30.0000, 214.9062, -1524.0000, -10.0000, 64, 64, 64
L 244.9062, -1524.0000, -10.0000, 394.8438, -1524.0000, 30.0000, 64, 64, 64
L 409.8438, -1524.0000, -10.0000, 669.7188, -1524.0000, 49.9688, 64, 64, 64
L -69.9688, -720.0000, 158.9375, -39.9688, -720.0000, 143.9375, 64, 64, 64
L 1084.5625, -720.0000, 69.9688, 1169.5312, -720.0000, 69.9688, 64, 64, 64
L 900.0000, -1039.5938, 119.9375, 900.0000, -1029.5938, 139.9375, 64, 64, 64
L 900.0000, -799.6875, 104.9688, 900.0000, -779.6875, 122.9375, 64, 64, 64
L 900.0000, -724.7188, 84.9688, 900.0000, -709.7188, 84.9688, 64, 64, 64
L 900.0000, -609.7500, 119.9375, 900.0000, -599.7500, 139.9375, 64, 64, 64
L 900.0000, -474.8125, 111.9688, 900.0000, -409.8438, 114.9688, 64, 64, 64
L 894.0000, -914.6250, 69.9688, 894.0000, -839.6562, 69.9688, 64, 64, 64
L 894.0000, -474.8125, 109.9688, 894.0000, -409.8438, 114.9688, 64, 64, 64
L 894.0000, -314.8750, 129.9375, 894.0000, -279.8750, 129.9375, 64, 64, 64
L 530.0000, -109.9688, 134.9375, 530.0000, -84.9688, 109.9688, 64, 64, 64
L 530.0000, -35.0000, 164.9375, 530.0000, -10.0000, 159.9375, 64, 64, 64
L 530.0000, 1529.3750, 40.5938, 530.0000, 1589.3750, 89.9688, 64, 64, 64
L -204.9062, -816.0000, 166.9375, -189.9375, -816.0000, 166.9375, 64, 64, 64
L -169.9375, -816.0000, 152.9375, -154.9375, -816.0000, 151.9375, 64, 64, 64
L 104.9688, -980.0000, 204.9062, 109.9688, -980.0000, 204.9062, 64, 64, 64
L 144.9375, -980.0000, 204.9062, 149.9375, -980.0000, 201.9062, 64, 64, 64
L 829.6562, -980.0000, 159.9375, 929.6250, -980.0000, 160.9375, 64, 64, 64
L 989.5938, -980.0000, 189.9375, 1089.5625, -980.0000, 189.9375, 64, 64, 64
L 559.4491, 1559.0428, 94.9688, 689.3866, 1429.1053, 92.9688, 64, 64, 64
L 1009.1342, 1109.3578, 89.9688, 1139.0873, 979.4046, 89.9688, 64, 64, 64
L 830.0000, -839.6250, 139.9375, 830.0000, -829.6562, 139.9375, 64, 64, 64
L 830.0000, -809.6875, 139.9375, 830.0000, -799.6562, 139.9375, 64, 64, 64
L 830.0000, -489.8125, 109.9688, 830.0000, -474.8125, 109.9688, 64, 64, 64
L 830.0000, -409.8438, 149.9375, 830.0000, -394.8438, 149.9375, 64, 64, 64
L 830.0000, 1109.5625, 169.9375, 830.0000, 1119.5625, 169.9375, 64, 64, 64
L 510.3417, -915.1855, 114.9688, 525.3417, -900.1855, 114.9688, 64, 64, 64
L 1470.0208, 235.5208, 130.9375, 1485.0208, 220.5208, 130.9375, 64, 64, 64
L -139.4743, 449.0306, 119.9375, -39.5571, 498.9892, 119.9375, 64, 64, 64
L 960.0000, -859.6562, 84.9688, 960.0000, -759.6875, 69.9688, 64, 64, 64
L 960.0000, -684.7188, 84.9688, 960.0000, -669.7188, 69.9688, 64, 64, 64
L 960.0000, -474.8125, 112.9688, 960.0000, -409.8438, 111.9688, 64, 64, 64
L 680.2519, 1228.9668, 89.9688, 710.2519, 1258.9668, 89.9688, 64, 64, 64
L -212.2816, 389.1082, 50.9688, -138.6232, 451.6627, 89.9688, 64, 64, 64
L -228.0000, -1324.4688, -10.0000, -228.0000, -1314.4688, -10.0000, 64, 64, 64
L 24.0000, -304.8750, 176.9375, 24.0000, -299.8750, 176.9375, 64, 64, 64
L 24.0000, -174.9375, 176.9375, 24.0000, -169.9375, 187.9375, 64, 64, 64
L 1454.9009, 824.1616, 129.9375, 1459.9009, 829.1616, 130.9375, 64, 64, 64
L 415.4426, 319.2761, 121.9375, 426.4426, 330.2761, 121.9375, 64, 64, 64
L -109.9688, -654.0000, 189.9375, -10.0000, -654.0000, 189.9375, 64, 64, 64
L 5.0000, -654.0000, 114.9688, 54.9688, -654.0000, 114.9688, 64, 64, 64
L 99.9688, -654.0000, 129.9375, 149.9375, -654.0000, 129.9375, 64, 64, 64
L 609.7500, -654.0000, 69.9688, 709.7188, -654.0000, 69.9688, 64, 64, 64
L 724.7188, -654.0000, 69.9688, 774.6875, -654.0000, 69.9688, 64, 64, 64
L 789.6875, -654.0000, 84.9688, 804.6875, -654.0000, 69.9688, 64, 64, 64
L 819.6875, -654.0000, 84.9688, 924.6250, -654.0000, 84.9688, 64, 64, 64
L -99.9688, -1516.0000, -10.0000, -84.9688, -1516.0000, -10.0000, 64, 64, 64
L 214.9062, -1516.0000, -10.0000, 229.9062, -1516.0000, 20.0000, 64, 64, 64
L 204.9062, -1104.0000, 265.9062, 214.9062, -1104.0000, 265.9062, 64, 64, 64
L 244.9062, -1104.0000, 264.9062, 594.7500, -1104.0000, 265.9062, 64, 64, 64
L 624.7500, -1104.0000, 264.9062, 634.7500, -1104.0000, 264.9062, 64, 64, 64
L 809.6875, -1104.0000, 49.9688, 1009.5938, -1104.0000, 49.9688, 64, 64, 64
L 116.5253, -786.3222, 176.9375, 118.4940, -789.3221, 187.9375, 64, 64, 64
L 166.0000, -929.6250, 177.9375, 166.0000, -923.6250, 206.9062, 64, 64, 64
L 166.0000, -845.6562, 177.9375, 166.0000, -839.6562, 177.9375, 64, 64, 64
L 166.0000, -159.9375, 179.9375, 166.0000, -154.9375, 168.9375, 64, 64, 64
L 880.0000, -899.6250, 121.9375, 880.0000, -739.7188, 121.9375, 64, 64, 64
L 880.0000, -534.7812, 110.9688, 880.0000, -514.7812, 109.9688, 64, 64, 64
L 880.0000, -509.7812, 69.9688, 880.0000, -444.8125, 69.9688, 64, 64, 64
L 880.0000, -309.8750, 69.9688, 880.0000, -224.9062, 84.9688, 64, 64, 64
L 880.0000, -219.9062, 129.9375, 880.0000, -194.9375, 69.9688, 64, 64, 64
L 880.0000, -189.9375, 114.9688, 880.0000, -144.9375, 129.9375, 64, 64, 64
L 880.0000, -139.9375, 114.9688, 880.0000, -109.9688, 84.9688, 64, 64, 64
L 880.0000, -54.9688, 69.9688, 880.0000, 0.0000, 84.9688, 64, 64, 64
L 415.0377, 360.0383, 121.9375, 425.0377, 350.0696, 121.9375, 64, 64, 64
L 730.0000, -1874.2500, -10.0000, 730.0000, -1724.3125, -10.0000, 64, 64, 64
L 730.0000, -1594.3750, -10.0000, 730.0000, -1554.3750, 30.0000, 64, 64, 64
L 730.0000, -324.8750, 69.9688, 730.0000, -239.9062, 84.9688, 64, 64, 64
L 730.0000, -179.9375, 69.9688, 730.0000, -124.9375, 84.9688, 64, 64, 64
L 730.0000, -109.9688, 84.9688, 730.0000, -15.0000, 69.9688, 64, 64, 64
L 1749.5870, 359.0250, 30.0938, 1759.5557, 362.3687, 13.2500, 64, 64, 64
L -269.9062, -552.0000, 118.9375, -259.9062, -552.0000, 117.9375, 64, 64, 64
L -64.9688, -552.0000, 118.9375, -54.9688, -552.0000, 118.9375, 64, 64, 64
L 64.9688, -552.0000, 114.9688, 69.9688, -552.0000, 114.9688, 64, 64, 64
L 84.9688, -552.0000, 114.9688, 89.9688, -552.0000, 125.9375, 64, 64, 64
L -854.0000, 189.9375, 46.7812, -854.0000, 219.9062, 169.9375, 64, 64, 64
L -854.0000, 659.7500, 169.9375, -854.0000, 689.7188, 169.9375, 64, 64, 64
L 372.0000, -209.9062, 119.9375, 372.0000, -194.9375, 119.9375, 64, 64, 64
L 372.0000, 0.0000, 119.9375, 372.0000, 15.0000, 119.9375, 64, 64, 64
L 1350.0000, -1774.2812, 30.0000, 1350.0000, -1734.3125, 30.0000, 64, 64, 64
L -514.0000, 929.6250, 89.9688, -514.0000, 989.5938, 89.9688, 64, 64, 64
L 626.0000, -934.6250, 125.9375, 626.0000, -929.6250, 114.9688, 64, 64, 64
L 626.0000, -914.6250, 125.9375, 626.0000, -909.6250, 114.9688, 64, 64, 64
L 1769.8899, 499.2020, 94.9688, 1779.8899, 509.1706, 139.9375, 64, 64, 64
L 595.1366, -1084.9491, 265.9062, 620.1366, -1059.9491, 265.9062, 64, 64, 64
L 104.8063, 1244.6624, 130.9375, 109.8063, 1249.6624, 130.9375, 64, 64, 64
L -233.0144, 289.8056, 60.8438, -182.9962, 389.8731, 54.9688, 64, 64, 64
L -834.6562, 200.0000, 30.0000, -824.6562, 200.0000, 30.0000, 64, 64, 64
L -684.7188, 200.0000, 139.9375, -674.7188, 200.0000, 129.9375, 64, 64, 64
L 1459.4062, 200.0000, 94.9688, 1469.4062, 200.0000, 139.9375, 64, 64, 64
L 1609.3438, 200.0000, 90.9688, 1619.3438, 200.0000, 139.9375, 64, 64, 64
L -319.8750, -380.0000, 144.9375, -5.0000, -380.0000, 144.9375, 64, 64, 64
L 59.9688, -380.0000, 114.9688, 69.9688, -380.0000, 129.9375, 64, 64, 64
L 84.9688, -380.0000, 114.9688, 94.9688, -380.0000, 114.9688, 64, 64, 64
L 1069.5625, -380.0000, 69.9688, 1119.5625, -380.0000, 84.9688, 64, 64, 64
L -82.9688, -350.0000, 114.9688, -71.9688, -350.0000, 114.9688, 64, 64, 64
L -49.9688, -350.0000, 114.9688, 44.9688, -350.0000, 129.9375, 64, 64, 64
L 334.8750, -350.0000, 49.9688, 364.8438, -350.0000, 49.9688, 64, 64, 64
L 384.8438, -350.0000, 219.9062, 449.8125, -350.0000, 49.9688, 64, 64, 64
L 459.8125, -350.0000, 69.9688, 494.8125, -350.0000, 84.9688, 64, 64, 64
L 839.6562, -350.0000, 149.9375, 857.6562, -350.0000, 146.9375, 64, 64, 64
L 866.6562, -350.0000, 146.9375, 884.6562, -350.0000, 149.9375, 64, 64, 64
L 974.6250, -350.0000, 149.9375, 992.5938, -350.0000, 112.9688, 64, 64, 64
L 1001.5938, -350.0000, 112.9688, 1019.5938, -350.0000, 149.9375, 64, 64, 64
L 104.9688, -984.0000, 182.9375, 149.9375, -984.0000, 201.9062, 64, 64, 64
L 409.8438, -984.0000, 49.9688, 669.7188, -984.0000, 49.9688, 64, 64, 64
L -294.8750, -730.0000, 189.9375, -239.9062, -730.0000, 189.9375, 64, 64, 64
L 84.9688, -730.0000, 129.9375, 132.9375, -730.0000, 185.9375, 64, 64, 64
L 141.9375, -730.0000, 174.9375, 152.9375, -730.0000, 174.9375, 64, 64, 64
L 289.8750, -730.0000, 114.9688, 394.8438, -730.0000, 84.9688, 64, 64, 64
L 739.7188, -730.0000, 119.9375, 749.6875, -730.0000, 139.9375, 64, 64, 64
L 869.6562, -730.0000, 120.9375, 1049.5938, -730.0000, 120.9375, 64, 64, 64
L 1169.5312, -730.0000, 139.9375, 1179.5312, -730.0000, 119.9375, 64, 64, 64
L -960.0000, 354.8438, 167.9375, -960.0000, 369.8438, 169.9375, 64, 64, 64
L -960.0000, 504.8125, 130.9375, -960.0000, 524.7812, 167.9375, 64, 64, 64
L -120.0000, -779.6875, 143.9375, -120.0000, -664.7188, 158.9375, 64, 64, 64
L 964.0000, -474.8125, 109.9688, 964.0000, -409.8438, 114.9688, 64, 64, 64
L 964.0000, -314.8750, 114.9688, 964.0000, -279.8750, 129.9375, 64, 64, 64
L 964.0000, -144.9375, 84.9688, 964.0000, -54.9688, 114.9688, 64, 64, 64
L 279.8750, -158.0000, 140.9375, 294.8750, -158.0000, 140.9375, 64, 64, 64
L 489.8125, -158.0000, 141.9375, 504.8125, -158.0000, 141.9375, 64, 64, 64
L 1004.0000, -914.6250, 84.9688, 1004.0000, -889.6562, 84.9688, 64, 64, 64
L 1004.0000, -669.7188, 69.9688, 1004.0000, -594.7500, 69.9688, 64, 64, 64
L 1004.0000, -564.7812, 69.9688, 1004.0000, -519.7812, 84.9688, 64, 64, 64
L 1004.0000, -504.8125, 84.9688, 1004.0000, -489.8125, 84.9688, 64, 64, 64
L 1004.0000, -359.8438, 109.9688, 1004.0000, -349.8750, 149.9375, 64, 64, 64
L 1460.0718, 199.6844, 30.0000, 1470.0718, 229.6844, 30.0000, 64, 64, 64
L 1615.0093, 664.4969, 166.3125, 1620.0093, 679.4969, 139.9375, 64, 64, 64
L 1124.0000, -579.7812, 114.9688, 1124.0000, -509.7812, 129.9375, 64, 64, 64
L 1124.0000, -444.8125, 114.9688, 1124.0000, -329.8750, 129.9375, 64, 64, 64
L 1124.0000, -264.9062, 129.9375, 1124.0000, -144.9375, 129.9375, 64, 64, 64
L 1124.0000, -139.9375, 129.9375, 1124.0000, -124.9375, 129.9375, 64, 64, 64
L 1124.0000, 954.6250, 169.9375, 1124.0000, 974.6250, 169.9375, 64, 64, 64
L 137.7091, -810.2019, 176.9375, 139.7090, -807.2019, 176.9375, 64, 64, 64
L -299.8750, -650.0000, 174.9375, -269.9062, -650.0000, 174.9375, 64, 64, 64
L 89.9688, -650.0000, 174.9375, 164.9375, -650.0000, 174.9375, 64, 64, 64
L 224.9062, 1590.0000, 0.0000, 569.7812, 1590.0000, 169.9375, 64, 64, 64
L 829.3785, 1118.7319, 30.0000, 839.3785, 1115.3882, 14.1562, 64, 64, 64
L 842.9118, 1114.2068, 13.1875, 860.5466, 1108.3101, 30.0000, 64, 64, 64
L 478.0000, -262.9062, 114.9688, 478.0000, -241.9062, 114.9688, 64, 64, 64
L 478.0000, -109.9688, 114.9688, 478.0000, -84.9688, 115.9688, 64, 64, 64
L 239.2726, 329.2413, 89.9688, 269.2726, 299.2413, 89.9688, 64, 64, 64
L -124.9375, -120.0000, 69.9688, -59.9688, -120.0000, 129.9375, 64, 64, 64
L 74.9688, -120.0000, 114.9688, 109.9688, -120.0000, 129.9375, 64, 64, 64
L 279.8750, -120.0000, 122.9375, 294.8750, -120.0000, 122.9375, 64, 64, 64
L 489.8125, -120.0000, 121.9375, 504.8125, -120.0000, 122.9375, 64, 64, 64
L 724.7188, -120.0000, 114.9688, 759.6875, -120.0000, 114.9688, 64, 64, 64
L 899.6250, -120.0000, 114.9688, 909.6250, -120.0000, 129.9375, 64, 64, 64
L 924.6250, -120.0000, 129.9375, 934.6250, -120.0000, 129.9375, 64, 64, 64
L 810.5258, 1099.0254, 40.5938, 840.3596, 1128.8591, 89.9688, 64, 64, 64
L 714.0000, -324.8750, 84.9688, 714.0000, -289.8750, 69.9688, 64, 64, 64
L 714.0000, -274.8750, 69.9688, 714.0000, -224.9062, 84.9688, 64, 64, 64
L 714.0000, -164.9375, 84.9688, 714.0000, -15.0000, 69.9688, 64, 64, 64
L 1074.0000, -104.9688, 114.9688, 1074.0000, -89.9688, 114.9688, 64, 64, 64
L 1074.0000, -74.9688, 194.9375, 1074.0000, 39.9688, 204.9062, 64, 64, 64
L -209.9062, -602.0000, 173.9375, -114.9688, -602.0000, 143.9375, 64, 64, 64
L -259.9062, -576.0000, 129.9375, -209.9062, -576.0000, 143.9375, 64, 64, 64
L -114.9688, -576.0000, 84.9688, -64.9688, -576.0000, 129.9375, 64, 64, 64
L 104.2693, 1428.7380, 30.0000, 114.2693, 1418.7380, 30.0000, 64, 64, 64
L 1490.0000, 809.6875, 169.9375, 1490.0000, 839.6562, 169.9375, 64, 64, 64
L -289.8750, -124.0000, 179.9375, -264.9062, -124.0000, 167.9375, 64, 64, 64
L 219.9062, -124.0000, 164.9375, 234.9062, -124.0000, 164.9375, 64, 64, 64
L 279.8750, -124.0000, 124.9375, 294.8750, -124.0000, 123.9375, 64, 64, 64
L 474.8125, -124.0000, 84.9688, 584.7812, -124.0000, 144.9375, 64, 64, 64
L 624.7500, -124.0000, 84.9688, 684.7188, -124.0000, 69.9688, 64, 64, 64
L 704.7188, -124.0000, 129.9375, 779.6875, -124.0000, 129.9375, 64, 64, 64
L 794.6875, -124.0000, 69.9688, 809.6875, -124.0000, 84.9688, 64, 64, 64
L 824.6562, -124.0000, 69.9688, 879.6562, -124.0000, 69.9688, 64, 64, 64
L 1124.5625, -124.0000, 129.9375, 1149.5312, -124.0000, 114.9688, 64, 64, 64
L 1389.7854, -289.5272, 89.9688, 1429.7854, -329.5272, 89.9688, 64, 64, 64
L 1389.8518, -244.8499, 89.9688, 1474.7939, -329.8452, 79.9688, 64, 64, 64
L -689.7188, 794.0000, 167.9375, -674.7188, 794.0000, 170.9375, 64, 64, 64
L 1459.4062, 794.0000, 169.9375, 1474.4062, 794.0000, 169.9375, 64, 64, 64
L -209.9062, -706.0000, 154.9375, -204.9062, -706.0000, 143.9375, 64, 64, 64
L -119.9375, -706.0000, 154.9375, -114.9688, -706.0000, 143.9375, 64, 64, 64
L -356.8438, -1364.0000, -2.0000, -324.8750, -1364.0000, 0.0000, 64, 64, 64
L -84.9688, -1364.0000, 15.0000, -15.0000, -1364.0000, -10.0000, 64, 64, 64
L 749.6875, -1364.0000, -10.0000, 1009.5938, -1364.0000, -10.0000, 64, 64, 64
L 140.0000, -1479.4062, 20.0000, 140.0000, -1464.4062, -10.0000, 64, 64, 64
L 140.0000, -1134.5312, 30.0000, 140.0000, -1029.5938, -10.0000, 64, 64, 64
L 140.0000, -254.9062, 84.9688, 140.0000, -139.9375, 84.9688, 64, 64, 64
L 140.0000, -94.9688, 84.9688, 140.0000, 30.0000, 69.9688, 64, 64, 64
L -559.7812, 40.0000, 167.9375, -519.7812, 40.0000, 169.9375, 64, 64, 64
L -274.8750, 40.0000, 194.9375, -249.9062, 40.0000, 204.9062, 64, 64, 64
L 309.8750, 40.0000, 144.9375, 334.8750, 40.0000, 164.9375, 64, 64, 64
L 419.8438, 40.0000, 126.9375, 429.8125, 40.0000, 126.9375, 64, 64, 64
L 1074.5625, 40.0000, 204.9062, 1109.5625, 40.0000, 194.9375, 64, 64, 64
L 1299.4688, 40.0000, 122.7500, 1339.4688, 40.0000, 169.9375, 64, 64, 64
L -82.0000, -586.7500, 139.9375, -82.0000, -576.7812, 138.9375, 64, 64, 64
L -82.0000, -528.7812, 176.9375, -82.0000, -516.7812, 164.9375, 64, 64, 64
L -82.0000, -349.8750, 114.9688, -82.0000, -344.8750, 125.9375, 64, 64, 64
L -82.0000, -149.9375, 114.9688, -82.0000, -144.9375, 125.9375, 64, 64, 64
L 1594.0000, 659.7500, 167.9375, 1594.0000, 674.7188, 169.9375, 64, 64, 64
L -204.9062, -812.0000, 167.9375, -189.9375, -812.0000, 167.9375, 64, 64, 64
L -169.9375, -812.0000, 150.9375, -154.9375, -812.0000, 149.9375, 64, 64, 64
L 109.9688, -812.0000, 125.9375, 115.9688, -812.0000, 187.9375, 64, 64, 64
L 138.9375, -812.0000, 187.9375, 141.9375, -812.0000, 176.9375, 64, 64, 64
L 112.9688, -824.0000, 174.9375, 141.9375, -824.0000, 174.9375, 64, 64, 64
L 279.8750, -34.0000, 141.9375, 294.8750, -34.0000, 142.9375, 64, 64, 64
L 489.8125, -34.0000, 142.9375, 504.8125, -34.0000, 142.9375, 64, 64, 64
L 119.9375, -826.0000, 182.9375, 134.9375, -826.0000, 202.9062, 64, 64, 64
L -374.0000, -1413.4375, -2.0000, -374.0000, -1405.4375, 0.0000, 64, 64, 64
L 1200.0000, -754.6875, 84.9688, 1200.0000, -684.7188, 84.9688, 64, 64, 64
L 1200.0000, -624.7500, 69.9688, 1200.0000, -549.7812, 69.9688, 64, 64, 64
L 1200.0000, -309.8750, 69.9688, 1200.0000, -229.9062, 84.9688, 64, 64, 64
L 1200.0000, -214.9062, 167.9375, 1200.0000, 44.9688, 29.9375, 64, 64, 64
L 367.8438, 1390.0000, 103.9688, 371.8438, 1390.0000, 103.9688, 64, 64, 64
L 389.8438, 1390.0000, 110.9688, 404.8438, 1390.0000, 108.9688, 64, 64, 64
L 422.8438, 1390.0000, 103.9688, 426.8438, 1390.0000, 103.9688, 64, 64, 64
L 464.6617, -1239.6506, 285.8750, 479.6617, -1254.6508, 265.9062, 64, 64, 64
L 30.0000, -474.8125, 69.9688, 30.0000, -429.8125, 84.9688, 64, 64, 64
L 30.0000, -384.8438, 84.9688, 30.0000, -344.8750, 69.9688, 64, 64, 64
L 30.0000, -287.8750, 207.9062, 30.0000, -272.9062, 207.9062, 64, 64, 64
L 30.0000, -201.9062, 212.9062, 30.0000, -186.9375, 207.9062, 64, 64, 64
L 1119.9294, -684.3517, 189.9375, 1124.9294, -689.3517, 160.9375, 64, 64, 64
L 79.9688, -920.0000, 177.9375, 86.9688, -920.0000, 209.9062, 64, 64, 64
L 167.9375, -920.0000, 206.9062, 174.9375, -920.0000, 174.9375, 64, 64, 64
L 434.0481, 1432.4829, 159.9375, 437.0326, 1435.4673, 103.9688, 64, 64, 64
L 530.3607, 1528.7955, 89.9688, 560.3607, 1558.7955, 89.9688, 64, 64, 64
L 1599.3799, 654.7548, 167.9375, 1604.3486, 649.7549, 167.9375, 64, 64, 64
L 1070.0000, -889.6562, 69.9688, 1070.0000, -874.6562, 69.9688, 64, 64, 64
L 1070.0000, -844.6562, 84.9688, 1070.0000, -795.6875, 123.9375, 64, 64, 64
L 1070.0000, -784.6875, 84.9688, 1070.0000, -704.7188, 69.9688, 64, 64, 64
L 1070.0000, -629.7500, 69.9688, 1070.0000, -609.7500, 69.9688, 64, 64, 64
L 1070.0000, -564.7812, 69.9688, 1070.0000, -549.7812, 84.9688, 64, 64, 64
L 1070.0000, -519.7812, 69.9688, 1070.0000, -489.8125, 84.9688, 64, 64, 64
L 1070.0000, -379.8438, 69.9688, 1070.0000, -359.8438, 84.9688, 64, 64, 64
L 1070.0000, -289.8750, 84.9688, 1070.0000, -274.8750, 69.9688, 64, 64, 64
L 1070.0000, -244.9062, 84.9688, 1070.0000, -144.9375, 69.9688, 64, 64, 64
L 1070.0000, -104.9688, 129.9375, 1070.0000, -89.9688, 129.9375, 64, 64, 64
L -139.8150, 422.6035, 49.9688, -38.0533, 474.4864, 114.9688, 64, 64, 64
L -819.3280, 675.0782, 130.9375, -814.3279, 670.0782, 130.9375, 64, 64, 64
L 1110.0000, -564.7812, 129.9375, 1110.0000, -509.7812, 129.9375, 64, 64, 64
L 1110.0000, -444.8125, 129.9375, 1110.0000, -329.8750, 129.9375, 64, 64, 64
L 1110.0000, -264.9062, 114.9688, 1110.0000, -144.9375, 114.9688, 64, 64, 64
L 1110.0000, -139.9375, 129.9375, 1110.0000, -124.9375, 114.9688, 64, 64, 64
L 1110.0000, -74.9688, 274.8750, 1110.0000, 39.9688, 194.9375, 64, 64, 64
L -50.0000, -378.8438, 129.9375, -50.0000, -349.8750, 114.9688, 64, 64, 64
L -50.0000, -294.8750, 156.9375, -50.0000, -174.9375, 185.9375, 64, 64, 64
L -50.0000, -169.9375, 69.9688, -50.0000, -104.9688, 69.9688, 64, 64, 64
L -50.0000, -59.9688, 69.9688, -50.0000, 0.0000, 84.9688, 64, 64, 64
L -50.0000, 66.9688, 179.9375, -50.0000, 69.9688, 167.9375, 64, 64, 64
L -397.6577, -1384.2513, 5.0000, -377.6577, -1404.2515, -10.0000, 64, 64, 64
L -184.0000, -834.6562, 161.9375, -184.0000, -819.6875, 161.9375, 64, 64, 64
L -184.0000, -309.8750, 84.9688, -184.0000, -274.8750, 69.9688, 64, 64, 64
L -184.0000, -214.9062, 84.9688, -184.0000, -154.9375, 84.9688, 64, 64, 64
L -184.0000, -139.9375, 84.9688, -184.0000, -0.0000, 84.9688, 64, 64, 64
L -184.0000, 1079.5625, 89.9688, -184.0000, 1139.5312, 0.0000, 64, 64, 64
L 400.0000, -289.8750, 119.9375, 400.0000, -209.9062, 134.9375, 64, 64, 64
L 400.0000, -30.0000, 69.9688, 400.0000, 35.0000, 119.9375, 64, 64, 64
L 400.0000, 49.9688, 139.9375, 400.0000, 64.9688, 139.9375, 64, 64, 64
L 400.0000, 79.9688, 119.9375, 400.0000, 94.9688, 119.9375, 64, 64, 64
L 400.0000, 159.9375, 139.9375, 400.0000, 174.9375, 119.9375, 64, 64, 64
L 400.0000, 189.9375, 122.9375, 400.0000, 204.9062, 119.9375, 64, 64, 64
L 400.0000, 219.9062, 119.9375, 400.0000, 234.9062, 119.9375, 64, 64, 64
L 400.0000, 249.9062, 139.9375, 400.0000, 264.9062, 119.9375, 64, 64, 64
L 515.4080, -1391.0447, 285.8750, 530.4548, -1376.0919, 265.9062, 64, 64, 64
L 929.5364, -979.5046, 160.9375, 934.5364, -974.5358, 160.9375, 64, 64, 64
L 990.4487, 1099.2776, 30.0000, 1000.4486, 1129.2776, 30.0000, 64, 64, 64
L -974.7836, 529.9398, 89.9688, -844.8148, 659.9086, 94.9688, 64, 64, 64
L -824.7400, 679.9834, 89.9688, -694.7869, 809.9365, 89.9688, 64, 64, 64
L -674.7907, 829.9327, 94.9688, -544.9398, 959.7836, 89.9688, 64, 64, 64
L -234.0000, -1424.4375, -10.0000, -234.0000, -1324.4688, -10.0000, 64, 64, 64
L -234.0000, -1314.4688, -10.0000, -234.0000, -1214.5000, -10.0000, 64, 64, 64
L -234.0000, -586.7500, 142.9375, -234.0000, -576.7812, 142.9375, 64, 64, 64
L -234.0000, -244.9062, 114.9688, -234.0000, -234.9062, 129.9375, 64, 64, 64
L -234.0000, -219.9062, 114.9688, -234.0000, -209.9062, 129.9375, 64, 64, 64
L -234.0000, 69.9688, 121.9375, -234.0000, 289.8750, 121.9375, 64, 64, 64
L -136.6206, 425.8607, 119.9375, -34.4038, 476.9691, 121.9375, 64, 64, 64
L 104.0000, -983.5938, 182.9375, 104.0000, -939.6250, 201.9062, 64, 64, 64
L 104.0000, -629.7500, 129.9375, 104.0000, -599.7500, 114.9688, 64, 64, 64
L 104.0000, -524.7812, 69.9688, 104.0000, -419.8438, 69.9688, 64, 64, 64
L 104.0000, 1279.5000, 92.9688, 104.0000, 1399.4375, 90.9688, 64, 64, 64
L 104.0000, 1429.4375, 0.0000, 104.0000, 1439.4375, 0.0000, 64, 64, 64
L -169.9375, -130.0000, 94.9688, -129.9375, -130.0000, 109.9688, 64, 64, 64
L 229.9062, -130.0000, 69.9688, 244.9062, -130.0000, 69.9688, 64, 64, 64
L 279.8750, -130.0000, 127.9375, 294.8750, -130.0000, 127.9375, 64, 64, 64
L 319.8750, -130.0000, 69.9688, 444.8125, -130.0000, 69.9688, 64, 64, 64
L 489.8125, -130.0000, 127.9375, 504.8125, -130.0000, 127.9375, 64, 64, 64
L 979.5938, -130.0000, 69.9688, 1084.5625, -130.0000, 69.9688, 64, 64, 64
L -964.1343, 350.3657, 130.9375, -839.1656, 225.3969, 139.9375, 64, 64, 64
L 545.2719, -1159.0405, 265.9062, 560.2719, -1174.0405, 264.9062, 64, 64, 64
L 550.1060, 1579.6997, 30.0000, 560.1060, 1569.6997, 30.0000, 64, 64, 64
L 569.5513, 1560.2544, 89.9688, 690.0435, 1439.7622, 89.9688, 64, 64, 64
L 700.0435, 1429.7622, 139.9375, 710.0435, 1419.7622, 139.9375, 64, 64, 64
L 999.9185, 1129.8872, 89.9688, 1009.9185, 1119.8872, 139.9375, 64, 64, 64
L 1019.7798, 1110.0259, 89.9688, 1139.7329, 990.0728, 90.9688, 64, 64, 64
L 1151.5375, 978.2682, 90.9688, 1161.5219, 968.2838, 89.9688, 64, 64, 64
L 424.4613, -899.2426, 139.9375, 444.4301, -879.2738, 114.9688, 64, 64, 64
L 1298.9579, 970.1373, 89.9688, 1308.9579, 980.1061, 89.9688, 64, 64, 64
L 284.9061, -1174.5623, 285.8750, 289.9061, -1169.5623, 285.8750, 64, 64, 64
L 848.0000, -843.6250, 123.9375, 848.0000, -795.6562, 122.9375, 64, 64, 64
L -209.9062, -454.0000, 141.9375, -114.9688, -454.0000, 141.9375, 64, 64, 64
L 69.9688, -454.0000, 84.9688, 84.9688, -454.0000, 84.9688, 64, 64, 64
L 398.8438, -454.0000, 84.9688, 524.7812, -454.0000, 69.9688, 64, 64, 64
L -114.9688, -590.0000, 69.9688, -59.9688, -590.0000, 84.9688, 64, 64, 64
L 504.8125, -590.0000, 84.9688, 639.7500, -590.0000, 84.9688, 64, 64, 64
L 101.9688, -644.0000, 185.9375, 112.9688, -644.0000, 174.9375, 64, 64, 64
L 121.9375, -644.0000, 185.9375, 132.9375, -644.0000, 174.9375, 64, 64, 64
L 141.9375, -644.0000, 185.9375, 152.9375, -644.0000, 174.9375, 64, 64, 64
L 1054.5625, -644.0000, 69.9688, 1119.5625, -644.0000, 69.9688, 64, 64, 64
L 1163.3685, 393.6440, 204.9062, 1213.2858, 294.6702, 93.9688, 64, 64, 64
L -20.4598, -334.4152, 144.9375, -10.4598, -324.4152, 114.9688, 64, 64, 64
L 989.5938, -874.0000, 84.9688, 1019.5938, -874.0000, 69.9688, 64, 64, 64
L 1069.5625, -874.0000, 69.9688, 1149.5312, -874.0000, 84.9688, 64, 64, 64
L -514.7812, 970.0000, 92.9688, -364.8438, 970.0000, 94.9688, 64, 64, 64
L 1159.5312, 970.0000, 90.9688, 1299.4688, 970.0000, 94.9688, 64, 64, 64
L -974.7026, 385.6895, 169.9375, -959.7261, 370.6661, 130.9375, 64, 64, 64
L -824.5229, 235.0391, 130.9375, -810.0234, 220.4941, 169.9375, 64, 64, 64
L 640.0000, -1484.4062, 265.9062, 640.0000, -1474.4062, 265.9062, 64, 64, 64
L 640.0000, -1444.4375, 264.9062, 640.0000, -1129.5625, 264.9062, 64, 64, 64
L 640.0000, -1099.5625, 264.9062, 640.0000, -1089.5625, 265.9062, 64, 64, 64
L 640.0000, -589.7500, 84.9688, 640.0000, -509.7812, 114.9688, 64, 64, 64
L 640.0000, -494.8125, 84.9688, 640.0000, -399.8438, 84.9688, 64, 64, 64
L 640.0000, 66.9688, 179.9375, 640.0000, 69.9688, 167.9375, 64, 64, 64
L -675.4719, 829.1479, 89.9688, -665.3314, 819.0709, 129.9375, 64, 64, 64
L 869.8107, -609.5954, 119.9375, 879.8107, -619.5954, 139.9375, 64, 64, 64
L 1159.6858, -899.4705, 123.9375, 1169.6858, -909.4705, 119.9375, 64, 64, 64
L -700.0000, -614.7500, 164.9375, -700.0000, -329.8750, 89.9688, 64, 64, 64
L 1449.2323, 819.8623, 130.9375, 1454.2324, 824.8311, 139.9375, 64, 64, 64
L -310.0000, -104.9688, 129.9375, -310.0000, -79.9688, 114.9688, 64, 64, 64
L 264.9062, 1566.0000, 94.9688, 529.7812, 1566.0000, 129.9375, 64, 64, 64
L 296.8750, -82.0000, 114.9688, 308.8750, -82.0000, 115.9688, 64, 64, 64
L 379.8438, -82.0000, 116.9688, 404.8438, -82.0000, 116.9688, 64, 64, 64
L 473.8125, -82.0000, 114.9688, 487.8125, -82.0000, 124.9062, 64, 64, 64
L 1751.4393, 548.6562, 169.9375, 1759.7830, 540.2812, 169.9375, 64, 64, 64
L 1092.0000, 69.9688, 60.8438, 1092.0000, 289.8750, 119.9375, 64, 64, 64
L -944.0082, 380.4610, 30.0000, -914.0083, 350.4923, 30.0000, 64, 64, 64
L 1030.0000, -489.8125, 146.9375, 1030.0000, -474.8125, 149.9375, 64, 64, 64
L 1030.0000, -409.8438, 109.9688, 1030.0000, -394.8438, 109.9688, 64, 64, 64
L 838.0000, -584.7812, 114.9688, 838.0000, -579.7812, 114.9688, 64, 64, 64
L 838.0000, -564.7812, 114.9688, 838.0000, -559.7812, 114.9688, 64, 64, 64
L 89.9688, -724.0000, 194.9375, 164.9375, -724.0000, 194.9375, 64, 64, 64
L 524.7812, -724.0000, 69.9688, 609.7500, -724.0000, 69.9688, 64, 64, 64
L 709.7188, -724.0000, 69.9688, 774.6875, -724.0000, 84.9688, 64, 64, 64
L 854.6562, -724.0000, 84.9688, 899.6250, -724.0000, 84.9688, 64, 64, 64
L 199.9644, -1474.4644, 264.9062, 204.9645, -1469.4644, 264.9062, 64, 64, 64
L 302.0000, -109.9688, 115.9688, 302.0000, -84.9688, 115.9688, 64, 64, 64
L 302.0000, 94.9688, 128.9375, 302.0000, 109.9688, 128.9375, 64, 64, 64
L 1329.1360, 959.0171, 89.9688, 1458.9165, 829.2053, 89.9688, 64, 64, 64
L 1478.9178, 809.1992, 89.9688, 1608.8553, 679.2304, 89.9688, 64, 64, 64
L 1628.8374, 659.2436, 94.9688, 1758.7748, 529.2749, 94.9688, 64, 64, 64
L 1609.7787, 199.7613, 30.0000, 1619.7787, 229.7614, 30.0938, 64, 64, 64
L 200.0000, -1484.4062, 265.9062, 200.0000, -1474.4062, 264.9062, 64, 64, 64
L 200.0000, -1444.4375, 264.9062, 200.0000, -1129.5625, 265.9062, 64, 64, 64
L 200.0000, -1099.5625, 265.9062, 200.0000, -1089.5625, 264.9062, 64, 64, 64
L 200.0000, 10.0000, 309.8750, 200.0000, 49.9688, 309.8750, 64, 64, 64
L 200.0000, 349.8750, 309.8750, 200.0000, 389.8438, 294.8750, 64, 64, 64
L 1233.8201, -215.5862, 89.9688, 1263.8201, -245.5862, 89.9688, 64, 64, 64
L 704.0000, -929.6250, 129.9375, 704.0000, -859.6562, 129.9375, 64, 64, 64
L 704.0000, -154.9375, 129.9375, 704.0000, -109.9688, 129.9375, 64, 64, 64
L 704.0000, -84.9688, 114.9688, 704.0000, -39.9688, 114.9688, 64, 64, 64
L 869.7020, 625.1177, 93.9688, 969.7815, 575.0944, 90.9688, 64, 64, 64
L -674.4058, 829.9692, 89.9688, -669.4057, 824.9692, 30.0000, 64, 64, 64
L -144.0000, -324.8750, 144.9375, -144.0000, -311.8750, 117.9375, 64, 64, 64
L -144.0000, -302.8750, 141.9375, -144.0000, -251.9062, 117.9375, 64, 64, 64
L -144.0000, -242.9062, 141.9375, -144.0000, -191.9375, 141.9375, 64, 64, 64
L -144.0000, -182.9375, 141.9375, -144.0000, -169.9375, 144.9375, 64, 64, 64
L 436.0000, -209.9062, 131.9375, 436.0000, -194.9375, 131.9375, 64, 64, 64
L 436.0000, 0.0000, 132.9375, 436.0000, 15.0000, 131.9375, 64, 64, 64
L 436.0000, 25.0000, 131.9375, 436.0000, 35.0000, 132.9375, 64, 64, 64
L 199.7054, 10.2008, 309.8750, 239.7640, 50.2594, 309.8750, 64, 64, 64
L 329.6586, 140.1540, 439.8125, 449.5869, 260.0823, 439.8125, 64, 64, 64
L 539.6545, 350.1499, 309.8750, 579.5648, 390.0602, 309.8750, 64, 64, 64
L -293.8750, -1434.0000, -2.0000, -104.9688, -1434.0000, -10.0000, 64, 64, 64
L 259.9062, -1434.0000, 265.9062, 579.7812, -1434.0000, 265.9062, 64, 64, 64
L 1140.0000, -494.8125, 114.9688, 1140.0000, -459.8125, 129.9375, 64, 64, 64
L 1140.0000, -314.8750, 114.9688, 1140.0000, -279.8750, 129.9375, 64, 64, 64
L 1140.0000, 979.5938, 0.0000, 1140.0000, 989.5938, 0.0000, 64, 64, 64
L -70.0000, -764.6875, 158.9375, -70.0000, -734.7188, 158.9375, 64, 64, 64
L -70.0000, -719.7188, 143.9375, -70.0000, -704.7188, 158.9375, 64, 64, 64
L -70.0000, -586.7500, 133.9375, -70.0000, -576.7812, 133.9375, 64, 64, 64
L -70.0000, -319.8750, 172.8125, -70.0000, -314.8750, 172.8125, 64, 64, 64
L -70.0000, -234.9062, 184.9375, -70.0000, -229.9062, 184.9375, 64, 64, 64
L -70.0000, -149.9375, 167.9375, -70.0000, -119.9375, 164.9375, 64, 64, 64
L 844.0000, -444.8125, 109.9688, 844.0000, -439.8125, 109.9688, 64, 64, 64
L 844.0000, -264.9062, 114.9688, 844.0000, -249.9062, 114.9688, 64, 64, 64
L -240.0000, -729.7188, 174.9375, -240.0000, -659.7500, 174.9375, 64, 64, 64
L -240.0000, -586.7500, 140.9375, -240.0000, -576.7812, 139.9375, 64, 64, 64
L -69.3350, 1110.1963, 169.9375, -55.5850, 1096.4463, 130.9375, 64, 64, 64
L 239.7354, 70.2721, 50.9688, 269.7120, 100.2956, 54.9688, 64, 64, 64
L 489.4019, 320.3293, 121.9375, 519.3628, 350.3371, 89.9688, 64, 64, 64
L 1104.0000, -392.8438, 114.9688, 1104.0000, -381.8438, 114.9688, 64, 64, 64
L 1104.0000, -214.9062, 114.9688, 1104.0000, -199.9062, 114.9688, 64, 64, 64
L -234.9062, -220.0000, 114.9688, -214.9062, -220.0000, 114.9688, 64, 64, 64
L 44.9688, -220.0000, 114.9688, 49.9688, -220.0000, 125.3438, 64, 64, 64
L 389.8438, -220.0000, 84.9688, 494.8125, -220.0000, 69.9688, 64, 64, 64
L 864.6562, -220.0000, 129.9375, 879.6562, -220.0000, 114.9688, 64, 64, 64
L 954.6250, -220.0000, 129.9375, 969.6250, -220.0000, 114.9688, 64, 64, 64
L -434.4344, -245.2839, 167.9375, -404.4656, -215.2839, 167.9375, 64, 64, 64
L -44.1154, 1094.1067, 169.9375, -36.6442, 1099.1030, 169.9375, 64, 64, 64
L -34.5304, 1100.5166, 130.9375, -29.5304, 1103.8604, 130.9375, 64, 64, 64
L 1090.2170, -980.2490, 189.9375, 1120.2170, -950.2802, 189.9375, 64, 64, 64
L -65.2318, 1110.3514, 30.0000, -50.2318, 1115.3514, 6.2500, 64, 64, 64
L 534.0000, -1374.4375, 284.8750, 534.0000, -1199.5312, 285.8750, 64, 64, 64
L 1068.0000, -845.6562, 122.9375, 1068.0000, -793.6875, 121.9375, 64, 64, 64
L -224.9062, -410.0000, 154.9375, -209.9062, -410.0000, 154.9375, 64, 64, 64
L -114.9688, -410.0000, 154.9375, -99.9688, -410.0000, 156.9375, 64, 64, 64
L 819.6875, -410.0000, 149.9375, 829.6562, -410.0000, 149.9375, 64, 64, 64
L 894.6562, -410.0000, 109.9688, 964.6250, -410.0000, 109.9688, 64, 64, 64
L 1029.5938, -410.0000, 149.9375, 1039.5938, -410.0000, 146.9375, 64, 64, 64
L -204.9062, -664.0000, 143.9375, -189.9375, -664.0000, 143.9375, 64, 64, 64
L -134.9375, -664.0000, 143.9375, -119.9375, -664.0000, 143.9375, 64, 64, 64
L 174.9375, -664.0000, 84.9688, 309.8750, -664.0000, 69.9688, 64, 64, 64
L 394.8438, -664.0000, 84.9688, 524.7812, -664.0000, 84.9688, 64, 64, 64
L -684.7188, 830.0000, 139.9375, -674.7188, 830.0000, 130.9375, 64, 64, 64
L 1459.4062, 830.0000, 130.9375, 1469.4062, 830.0000, 139.9375, 64, 64, 64
L 1480.0000, 189.9375, 0.0000, 1480.0000, 249.9062, 89.9688, 64, 64, 64
L 1480.0000, 809.6875, 130.9375, 1480.0000, 819.6875, 139.9375, 64, 64, 64
L 1610.0000, 679.7188, 0.0000, 1610.0000, 689.7188, 0.0000, 64, 64, 64
L 59.9274, -105.0102, 114.9688, 74.9274, -119.9790, 114.9688, 64, 64, 64
L -694.1973, 219.3847, 30.0000, -684.1972, 229.3848, 0.0000, 64, 64, 64
L 1389.1710, -235.1727, 20.0000, 1484.1396, -330.1414, 20.0000, 64, 64, 64
L 910.0000, -189.9375, 129.9375, 910.0000, -174.9375, 129.9375, 64, 64, 64
L 910.0000, -169.9375, 129.9375, 910.0000, -119.9375, 129.9375, 64, 64, 64
L 910.0000, -74.9688, 129.9375, 910.0000, -69.9688, 129.9375, 64, 64, 64
L -134.0000, -1424.4375, -10.0000, -134.0000, -1324.4688, 15.0000, 64, 64, 64
L -134.0000, -1314.4688, 15.0000, -134.0000, -1214.5000, -10.0000, 64, 64, 64
L -134.0000, -1204.5312, -10.0000, -134.0000, -1174.5312, 15.0000, 64, 64, 64
L -134.0000, -764.6875, 143.9375, -134.0000, -664.7188, 143.9375, 64, 64, 64
L -134.0000, -314.8750, 117.9375, -134.0000, -299.8750, 144.9375, 64, 64, 64
L -134.0000, -254.9062, 114.9688, -134.0000, -239.9062, 114.9688, 64, 64, 64
L -134.0000, -194.9375, 117.9375, -134.0000, -179.9375, 114.9688, 64, 64, 64
L -224.9062, -412.0000, 154.9375, -99.9688, -412.0000, 154.9375, 64, 64, 64
L 144.9375, -412.0000, 169.9375, 149.9375, -412.0000, 169.9375, 64, 64, 64
L 1120.0000, -949.6250, 159.9375, 1120.0000, -689.7188, 194.9375, 64, 64, 64
L 1120.0000, -669.7188, 69.9688, 1120.0000, -644.7500, 69.9688, 64, 64, 64
L 1120.0000, -609.7500, 84.9688, 1120.0000, -489.8125, 69.9688, 64, 64, 64
L 1120.0000, -379.8438, 84.9688, 1120.0000, -289.8750, 84.9688, 64, 64, 64
L 405.1266, -82.6859, 116.9688, 407.1266, -84.6859, 116.9688, 64, 64, 64
L -614.7500, -284.0000, 20.0000, -434.8125, -284.0000, 89.9688, 64, 64, 64
L -265.9062, -284.0000, 134.9375, -248.9062, -284.0000, 134.9375, 64, 64, 64
L -194.9375, -284.0000, 129.9375, -149.9375, -284.0000, 114.9688, 64, 64, 64
L -10.0000, -284.0000, 114.9688, -0.0000, -284.0000, 114.9688, 64, 64, 64
L 329.8750, -284.0000, 69.9688, 454.8125, -284.0000, 69.9688, 64, 64, 64
L 1264.5000, -284.0000, 20.0000, 1389.4375, -284.0000, 89.9688, 64, 64, 64
L -269.9062, -574.0000, 128.9375, -259.9062, -574.0000, 128.9375, 64, 64, 64
L -114.9688, -574.0000, 84.9688, -74.9688, -574.0000, 69.9688, 64, 64, 64
L -64.9688, -574.0000, 128.9375, -54.9688, -574.0000, 129.9375, 64, 64, 64
L -348.0000, -1367.4375, -2.0000, -348.0000, -1364.4688, -10.0000, 64, 64, 64
L 199.9062, 390.0000, 309.8750, 239.9062, 390.0000, 294.8750, 64, 64, 64
L 539.7812, 390.0000, 309.8750, 579.7812, 390.0000, 294.8750, 64, 64, 64
L 355.7944, 475.7632, 121.9375, 380.7944, 450.7632, 121.9375, 64, 64, 64
L 894.9492, -338.1753, 149.9375, 897.9180, -335.1753, 112.9688, 64, 64, 64
L 1752.8811, 528.7874, 139.9375, 1757.8391, 533.7976, 139.9375, 64, 64, 64
L 904.0000, -324.8750, 129.9375, 904.0000, -314.8750, 129.9375, 64, 64, 64
L 904.0000, -279.8750, 129.9375, 904.0000, -269.9062, 129.9375, 64, 64, 64
L 420.3414, 1437.9353, 103.9688, 423.3415, 1434.9353, 103.9688, 64, 64, 64
L 744.0000, -594.7500, 129.9375, 744.0000, -580.7812, 129.9375, 64, 64, 64
L 744.0000, -563.7812, 129.9375, 744.0000, -549.7812, 114.9688, 64, 64, 64
L 744.0000, -179.9375, 69.9688, 744.0000, -124.9375, 84.9688, 64, 64, 64
L 744.0000, -69.9688, 84.9688, 744.0000, -35.0000, 84.9688, 64, 64, 64
L 20.0000, -630.0000, 129.9375, 49.9688, -630.0000, 129.9375, 64, 64, 64
L 104.9688, -630.0000, 129.9375, 134.9375, -630.0000, 129.9375, 64, 64, 64
L 1069.5625, -630.0000, 84.9688, 1134.5312, -630.0000, 69.9688, 64, 64, 64
L 367.8438, 1434.0000, 159.9375, 371.8438, 1434.0000, 159.9375, 64, 64, 64
L 389.8438, 1434.0000, 108.9688, 404.8438, 1434.0000, 108.9688, 64, 64, 64
L 422.8438, 1434.0000, 103.9688, 426.8438, 1434.0000, 103.9688, 64, 64, 64
L 760.0000, -1724.3125, 30.0000, 760.0000, -1704.3125, -10.0000, 64, 64, 64
L 760.0000, -1044.5938, 30.0000, 760.0000, -1024.5938, -10.0000, 64, 64, 64
L 760.0000, -899.6250, 139.9375, 760.0000, -889.6562, 139.9375, 64, 64, 64
L 760.0000, -749.6875, 119.9375, 760.0000, -739.7188, 139.9375, 64, 64, 64
L 760.0000, -609.7500, 119.9375, 760.0000, -599.7500, 119.9375, 64, 64, 64
L 760.0000, -594.7500, 129.9375, 760.0000, -580.7812, 129.9375, 64, 64, 64
L 760.0000, -563.7812, 129.9375, 760.0000, -549.7812, 129.9375, 64, 64, 64
L 760.0000, -164.9375, 84.9688, 760.0000, -109.9688, 84.9688, 64, 64, 64
L 760.0000, -54.9688, 84.9688, 760.0000, -35.0000, 69.9688, 64, 64, 64
L -314.8750, -540.0000, 189.9375, -299.8750, -540.0000, 174.9375, 64, 64, 64
L -269.9062, -540.0000, 174.9375, -259.9062, -540.0000, 174.9375, 64, 64, 64
L -44.9688, -540.0000, 84.9688, 10.0000, -540.0000, 84.9688, 64, 64, 64
L 20.0000, -540.0000, 129.9375, 64.9688, -540.0000, 129.9375, 64, 64, 64
L 89.9688, -540.0000, 129.9375, 134.9375, -540.0000, 114.9688, 64, 64, 64
L 204.0000, -914.6250, 129.9375, 204.0000, -884.6562, 114.9688, 64, 64, 64
L 204.0000, -239.9062, 84.9688, 204.0000, -214.9062, 84.9688, 64, 64, 64
L 28.0000, -264.9062, 164.9375, 28.0000, -262.9062, 166.9375, 64, 64, 64
L 28.0000, -211.9062, 164.9375, 28.0000, -209.9062, 166.9375, 64, 64, 64
L 590.2332, -1434.9207, 294.8750, 595.2332, -1429.9207, 285.8750, 64, 64, 64
L -26.0000, -639.7500, 189.9375, -26.0000, -539.7812, 174.9375, 64, 64, 64
L -26.0000, -439.8125, 189.9375, -26.0000, -379.8438, 189.9375, 64, 64, 64
L -144.9375, -192.0000, 117.9375, -137.9375, -192.0000, 141.9375, 64, 64, 64
L -17.0000, -192.0000, 117.9375, -10.0000, -192.0000, 141.9375, 64, 64, 64
L 296.8750, -192.0000, 139.9375, 487.8125, -192.0000, 139.9375, 64, 64, 64
L 750.0000, -1784.2812, -10.0000, 750.0000, -1724.3125, 49.9688, 64, 64, 64
L 750.0000, -1704.3125, 49.9688, 750.0000, -1444.4375, 49.9688, 64, 64, 64
L 750.0000, -1364.4688, 49.9688, 750.0000, -1044.5938, -10.0000, 64, 64, 64
L 750.0000, -1024.5938, -10.0000, 750.0000, -844.6562, -10.0000, 64, 64, 64
L 750.0000, -509.7812, 84.9688, 750.0000, -494.8125, 84.9688, 64, 64, 64
L 44.0000, -459.8125, 69.9688, 44.0000, -429.8125, 84.9688, 64, 64, 64
L 44.0000, -369.8438, 84.9688, 44.0000, -344.8750, 69.9688, 64, 64, 64
L 44.0000, -229.9062, 139.9375, 44.0000, -179.9375, 114.9688, 64, 64, 64
L 819.6875, -450.0000, 114.9688, 834.6562, -450.0000, 114.9688, 64, 64, 64
L 1024.5938, -450.0000, 109.9688, 1039.5938, -450.0000, 109.9688, 64, 64, 64
L -823.0406, 647.7415, 169.9375, -810.3598, 660.4223, 167.9375, 64, 64, 64
L -525.4692, 945.3129, 130.9375, -510.4692, 960.3129, 167.9375, 64, 64, 64
L 424.0000, -1529.3750, 264.9062, 424.0000, -1494.4062, 265.9062, 64, 64, 64
L 424.0000, -1354.4688, 264.9062, 424.0000, -1329.4688, 265.9062, 64, 64, 64
L 424.0000, -1129.5625, 284.8750, 424.0000, -1114.5625, 265.9062, 64, 64, 64
L 424.0000, -914.6250, 129.9375, 424.0000, -899.6250, 129.9375, 64, 64, 64
L 424.0000, -854.6562, 114.9688, 424.0000, -844.6562, 129.9375, 64, 64, 64
L 424.0000, -364.8438, 74.9688, 424.0000, -319.8750, 69.9688, 64, 64, 64
L 424.0000, -209.9062, 69.9688, 424.0000, -194.9375, 84.9688, 64, 64, 64
L 424.0000, -0.0000, 126.9375, 424.0000, 15.0000, 126.9375, 64, 64, 64
L 424.0000, 329.8750, 121.9375, 424.0000, 349.8750, 121.9375, 64, 64, 64
L -169.9375, -134.0000, 109.9688, -129.9375, -134.0000, 94.9688, 64, 64, 64
L 279.8750, -134.0000, 128.9375, 294.8750, -134.0000, 128.9375, 64, 64, 64
L 489.8125, -134.0000, 129.9375, 504.8125, -134.0000, 129.9375, 64, 64, 64
L -232.0000, -204.9062, 229.9062, -232.0000, 289.8750, 60.8438, 64, 64, 64
L 142.0000, -824.6562, 174.9375, 142.0000, -812.6875, 176.9375, 64, 64, 64
L 142.0000, -806.6875, 187.9375, 142.0000, -792.6875, 176.9375, 64, 64, 64
L 142.0000, -786.6875, 176.9375, 142.0000, -772.6875, 187.9375, 64, 64, 64
L 142.0000, -766.6875, 187.9375, 142.0000, -754.6875, 174.9375, 64, 64, 64
L 142.0000, -729.7188, 174.9375, 142.0000, -724.7188, 185.9375, 64, 64, 64
L 142.0000, -649.7500, 174.9375, 142.0000, -644.7500, 185.9375, 64, 64, 64
L -10.0000, 10.0000, 0.0000, 10.0000, 10.0000, 20.0000, 64, 64, 64
L 199.9062, 10.0000, 294.8750, 239.9062, 10.0000, 294.8750, 64, 64, 64
L 539.7812, 10.0000, 294.8750, 579.7812, 10.0000, 309.8750, 64, 64, 64
L 334.0000, -349.8750, 35.0000, 334.0000, -264.9062, 64.9688, 64, 64, 64
L 334.0000, -209.9062, 139.9375, 334.0000, -194.9375, 139.9375, 64, 64, 64
L 334.0000, -94.9688, 84.9688, 334.0000, 20.0000, 84.9688, 64, 64, 64
L 334.0000, 39.9688, 144.9375, 334.0000, 144.9375, 164.9375, 64, 64, 64
L 1174.0000, -394.8438, 129.9375, 1174.0000, -334.8750, 129.9375, 64, 64, 64
L -320.0000, -535.7812, 114.9688, -320.0000, -439.8125, 174.9375, 64, 64, 64
L -320.0000, -429.8125, 144.9375, -320.0000, -379.8438, 114.9688, 64, 64, 64
L -122.0000, -664.7188, 143.9375, -122.0000, -659.7500, 154.9375, 64, 64, 64
L -122.0000, -334.8750, 141.9375, -122.0000, -327.8750, 117.9375, 64, 64, 64
L -122.0000, -166.9375, 117.9375, -122.0000, -159.9375, 117.9375, 64, 64, 64
L 374.8438, 162.0000, 122.9375, 381.8438, 162.0000, 122.9375, 64, 64, 64
L 402.8438, 162.0000, 122.9375, 409.8438, 162.0000, 136.9375, 64, 64, 64
L -169.9375, -400.0000, 84.9688, -74.9688, -400.0000, 69.9688, 64, 64, 64
L -5.0000, -400.0000, 84.9688, 84.9688, -400.0000, 69.9688, 64, 64, 64
L 329.8750, -400.0000, 69.9688, 454.8125, -400.0000, 84.9688, 64, 64, 64
L 504.8125, -400.0000, 69.9688, 619.7500, -400.0000, 69.9688, 64, 64, 64
L 639.7500, -400.0000, 69.9688, 694.7188, -400.0000, 84.9688, 64, 64, 64
L 364.8438, 300.0000, 144.9375, 419.8438, 300.0000, 144.9375, 64, 64, 64
L 28.0000, -262.0000, 166.9375, 69.9688, -262.0000, 166.9375, 64, 64, 64
L 114.9688, -262.0000, 166.9375, 156.9375, -262.0000, 200.9062, 64, 64, 64
L 306.8750, -262.0000, 114.9688, 327.8750, -262.0000, 117.9375, 64, 64, 64
L 456.8125, -262.0000, 117.9375, 477.8125, -262.0000, 117.9375, 64, 64, 64
L 104.9688, -944.0000, 201.9062, 109.9688, -944.0000, 204.9062, 64, 64, 64
L 144.9375, -944.0000, 179.9375, 149.9375, -944.0000, 179.9375, 64, 64, 64
L 524.7812, -944.0000, 114.9688, 559.7812, -944.0000, 129.9375, 64, 64, 64
L 1299.3221, 929.4784, 30.0000, 1429.2753, 799.5253, 39.9375, 64, 64, 64
L 1449.2596, 779.5409, 39.9375, 1579.6482, 649.1523, 39.9375, 64, 64, 64
L 1599.2128, 629.5878, 30.0000, 1729.1504, 499.6502, 30.0000, 64, 64, 64
L 279.8750, -910.0000, 114.9688, 364.8438, -910.0000, 114.9688, 64, 64, 64
L 626.7500, -910.0000, 125.9375, 637.7500, -910.0000, 114.9688, 64, 64, 64
L 739.7188, -910.0000, 139.9375, 749.6875, -910.0000, 119.9375, 64, 64, 64
L 869.6562, -910.0000, 119.9375, 1049.5938, -910.0000, 119.9375, 64, 64, 64
L 1169.5312, -910.0000, 139.9375, 1179.5312, -910.0000, 139.9375, 64, 64, 64
L 1599.5984, 220.5753, 30.0000, 1614.5671, 215.5753, 4.8125, 64, 64, 64
L -319.8750, -440.0000, 114.9688, -249.9062, -440.0000, 144.9375, 64, 64, 64
L -224.9062, -440.0000, 146.9375, -99.9688, -440.0000, 144.9375, 64, 64, 64
L -74.9688, -440.0000, 144.9375, -5.0000, -440.0000, 144.9375, 64, 64, 64
L -834.6562, 680.0000, 139.9375, -824.6562, 680.0000, 94.9688, 64, 64, 64
L 1609.3438, 680.0000, 89.9688, 1619.3438, 680.0000, 30.0000, 64, 64, 64
L 117.0562, -774.8171, 176.9375, 120.0249, -772.8171, 176.9375, 64, 64, 64
L 883.9878, -349.2065, 149.9375, 894.9878, -338.2065, 112.9688, 64, 64, 64
L 897.9722, -335.2221, 113.9688, 903.9722, -329.2221, 149.9375, 64, 64, 64
L 1750.1807, 516.9863, 0.0000, 1760.1650, 526.9707, 30.0000, 64, 64, 64
L -65.2586, 1119.8523, 89.9688, -55.2586, 1129.8523, 30.0000, 64, 64, 64
L -45.2743, 1139.8367, 169.9375, 74.7594, 1259.8704, 90.9688, 64, 64, 64
L 84.6789, 1269.7898, 139.9375, 94.6788, 1279.7898, 94.9688, 64, 64, 64
L -110.0923, -104.8682, 179.9375, -95.1079, -119.8526, 167.9375, 64, 64, 64
L -64.9959, -149.9646, 129.9375, -54.9959, -159.9646, 134.7188, 64, 64, 64
L -694.2204, 810.1859, 89.9688, -684.2203, 800.1858, 73.4062, 64, 64, 64
L 432.0000, -209.9062, 129.9375, 432.0000, -194.9375, 130.9375, 64, 64, 64
L 432.0000, 0.0000, 129.9375, 432.0000, 15.0000, 130.9375, 64, 64, 64
L 432.0000, 25.0000, 130.9375, 432.0000, 35.0000, 129.9375, 64, 64, 64
L 432.0000, 473.8125, 129.9688, 432.0000, 501.8125, 129.9688, 64, 64, 64
L -204.9062, -808.0000, 169.9375, -189.9375, -808.0000, 170.9375, 64, 64, 64
L -169.9375, -808.0000, 147.9375, -154.9375, -808.0000, 147.9375, 64, 64, 64
L 1608.7900, 649.9349, 30.0000, 1613.7900, 664.9037, 6.2500, 64, 64, 64
L 1599.4662, 659.4750, 30.0000, 1614.4349, 664.4437, 6.2500, 64, 64, 64
L 244.5428, 1549.4962, 30.0000, 254.5428, 1579.4961, 30.0000, 64, 64, 64
L -294.8750, -660.0000, 189.9375, -239.9062, -660.0000, 174.9375, 64, 64, 64
L -209.9062, -660.0000, 143.9375, -114.9688, -660.0000, 143.9375, 64, 64, 64
L 829.6562, -660.0000, 159.9375, 1089.5625, -660.0000, 194.9375, 64, 64, 64
L -6.0000, -536.7812, 144.9375, -6.0000, -379.8438, 144.9375, 64, 64, 64
L -334.8750, -1312.0000, -10.0000, -284.8750, -1312.0000, 0.0000, 64, 64, 64
L 1429.2601, 231.0266, 89.9688, 1459.8933, 200.3934, 30.0000, 64, 64, 64
L 90.4325, -840.1200, 206.9062, 100.4325, -830.1200, 174.9375, 64, 64, 64
L 1604.8075, 674.2550, 129.9375, 1609.8075, 679.2550, 94.9688, 64, 64, 64
L -300.0000, -749.6875, 174.9375, -300.0000, -649.7500, 189.9375, 64, 64, 64
L -300.0000, -604.7500, 174.9375, -300.0000, -539.7812, 189.9375, 64, 64, 64
L -300.0000, -439.8125, 114.9688, -300.0000, -429.8125, 124.8750, 64, 64, 64
L -300.0000, -379.8438, 114.9688, -300.0000, -324.8750, 129.9375, 64, 64, 64
L -300.0000, -227.9062, 175.9375, -300.0000, -216.9062, 186.9375, 64, 64, 64
L 1614.1467, 664.1237, 6.2500, 1629.1466, 659.1549, 30.0000, 64, 64, 64
L 980.2817, 1118.8746, 30.0000, 990.2817, 1128.8746, 89.9688, 64, 64, 64
L 374.8438, 192.0000, 122.9375, 381.8438, 192.0000, 122.9375, 64, 64, 64
L 402.8438, 192.0000, 122.9375, 409.8438, 192.0000, 136.9375, 64, 64, 64
L 1609.6251, 679.8125, 30.0000, 1619.9606, 648.8060, 30.0000, 64, 64, 64
L 1062.0000, -204.9062, 204.9062, 1062.0000, 289.8750, 121.9375, 64, 64, 64
L -49.9688, -378.0000, 114.9688, -35.0000, -378.0000, 114.9688, 64, 64, 64
L 1064.0000, -849.6562, 120.9375, 1064.0000, -789.6875, 119.9375, 64, 64, 64
L 1064.0000, -289.8750, 129.9375, 1064.0000, -269.9062, 129.9375, 64, 64, 64
L 1064.0000, -224.9062, 114.9688, 1064.0000, -189.9375, 129.9375, 64, 64, 64
L 1064.0000, 69.9688, 119.9375, 1064.0000, 289.8750, 121.9375, 64, 64, 64
L 1749.0905, 510.4455, 30.0000, 1779.0979, 520.4688, 30.0000, 64, 64, 64
L -94.9688, -320.0000, 181.9375, -59.9688, -320.0000, 164.9375, 64, 64, 64
L 359.8438, -320.0000, 74.9688, 424.8438, -320.0000, 74.9688, 64, 64, 64
L 244.9062, -1460.0000, 299.8750, 594.7500, -1460.0000, 294.8750, 64, 64, 64
L 154.9569, -939.6444, 174.9375, 164.9569, -929.6444, 174.9375, 64, 64, 64
L -614.7500, -280.0000, 89.9688, -434.8125, -280.0000, 274.8750, 64, 64, 64
L 309.8750, -280.0000, 64.9688, 349.8750, -280.0000, 49.9688, 64, 64, 64
L 434.8125, -280.0000, 79.9688, 474.8125, -280.0000, 79.9688, 64, 64, 64
L 894.6562, -280.0000, 114.9688, 904.6250, -280.0000, 114.9688, 64, 64, 64
L 954.6250, -280.0000, 129.9375, 964.6250, -280.0000, 114.9688, 64, 64, 64
L 1264.5000, -280.0000, 29.9375, 1389.4375, -280.0000, 20.0000, 64, 64, 64
L 954.3828, -503.1565, 113.9688, 971.3829, -515.1253, 113.9688, 64, 64, 64
L -844.1193, 219.3693, 89.9688, -834.1193, 229.3693, 73.4062, 64, 64, 64
L 371.3964, 1434.8849, 159.9375, 374.3964, 1437.8850, 159.9375, 64, 64, 64
L -984.5938, 530.0000, 30.0000, -974.6250, 530.0000, 130.9375, 64, 64, 64
L 1759.2812, 530.0000, 30.0000, 1769.2812, 530.0000, 139.9375, 64, 64, 64
L -304.0000, -1456.4062, 5.0000, -304.0000, -1441.4375, -10.0000, 64, 64, 64
L -304.0000, -1413.4375, -2.0000, -304.0000, -1405.4375, -2.0000, 64, 64, 64
L -710.0000, -614.7500, 20.0000, -710.0000, -329.8750, 20.0000, 64, 64, 64
L -810.0000, 659.7500, 167.9375, -810.0000, 674.7188, 170.9375, 64, 64, 64
L -209.9062, -422.0000, 153.9375, -114.9688, -422.0000, 152.9375, 64, 64, 64
L -204.9062, -834.0000, 163.9375, -154.9375, -834.0000, 173.9375, 64, 64, 64
L -364.9133, 959.8333, 30.0000, -335.5569, 969.6391, 30.0000, 64, 64, 64
L -674.3983, 199.5857, 30.0000, -644.0718, 229.9121, 40.2812, 64, 64, 64
L 1764.1931, 514.5165, 6.2500, 1779.1931, 509.5165, 30.0000, 64, 64, 64
L -645.2282, 229.4462, 30.0000, -520.2595, 99.5088, 40.2812, 64, 64, 64
L -209.9062, -406.0000, 158.9375, -114.9688, -406.0000, 158.9375, 64, 64, 64
L 819.6875, -406.0000, 146.9375, 826.6562, -406.0000, 146.9375, 64, 64, 64
L 1032.5938, -406.0000, 112.9688, 1039.5938, -406.0000, 146.9375, 64, 64, 64
L -184.9375, 1080.0000, 39.6562, -44.9688, 1080.0000, 89.9688, 64, 64, 64
L 839.6562, 1080.0000, 30.0000, 979.5938, 1080.0000, 40.2812, 64, 64, 64
L 374.8438, 222.0000, 122.9375, 381.8438, 222.0000, 136.9375, 64, 64, 64
L 402.8438, 222.0000, 122.9375, 409.8438, 222.0000, 122.9375, 64, 64, 64
L 354.8594, -1254.5156, 294.8750, 369.8594, -1239.5156, 284.8750, 64, 64, 64
L 10.0000, -539.7812, 69.9688, 10.0000, -414.8438, 69.9688, 64, 64, 64
L 10.0000, -10.0000, 20.0000, 10.0000, 10.0000, 0.0000, 64, 64, 64
L -84.9688, -1334.0000, -10.0000, 15.0000, -1334.0000, 15.0000, 64, 64, 64
L 369.8438, -1334.0000, 265.9062, 389.8438, -1334.0000, 265.9062, 64, 64, 64
L 439.8125, -1334.0000, 284.8750, 464.8125, -1334.0000, 265.9062, 64, 64, 64
L 322.0000, -213.9062, 155.9375, 322.0000, -210.9062, 155.9375, 64, 64, 64
L 322.0000, 16.0000, 155.9375, 322.0000, 19.0000, 155.9375, 64, 64, 64
L 322.0000, 144.9375, 144.9375, 322.0000, 159.9375, 143.9375, 64, 64, 64
L 404.8438, -900.0000, 139.9375, 424.8438, -900.0000, 129.9375, 64, 64, 64
L 524.7812, -900.0000, 114.9688, 559.7812, -900.0000, 114.9688, 64, 64, 64
L 764.6875, -900.0000, 84.9688, 824.6562, -900.0000, 69.9688, 64, 64, 64
L 854.6562, -900.0000, 69.9688, 1039.5938, -900.0000, 122.9375, 64, 64, 64
L 1744.3125, 510.0000, 167.9375, 1749.3125, 510.0000, 167.9375, 64, 64, 64
L -234.9062, -1324.0000, 15.0000, -134.9375, -1324.0000, 15.0000, 64, 64, 64
L 369.8438, -1324.0000, 264.9062, 399.8438, -1324.0000, 264.9062, 64, 64, 64
L 429.8125, -1324.0000, 265.9062, 464.8125, -1324.0000, 264.9062, 64, 64, 64
L -254.2731, -506.1805, 176.9375, -244.2731, -516.1492, 176.9375, 64, 64, 64
L 354.0000, -1319.4688, 265.9062, 354.0000, -1254.5000, 284.8750, 64, 64, 64
L 354.0000, -209.9062, 128.9375, 354.0000, -194.9375, 128.9375, 64, 64, 64
L 354.0000, 0.0000, 129.9375, 354.0000, 15.0000, 129.9375, 64, 64, 64
L 354.0000, 99.9688, 119.9375, 354.0000, 118.9375, 144.9375, 64, 64, 64
L 354.0000, 135.9375, 120.9375, 354.0000, 154.9375, 144.9375, 64, 64, 64
L 354.0000, 473.8125, 129.9688, 354.0000, 501.8125, 121.9375, 64, 64, 64
L -158.0000, -1214.5000, -10.0000, -158.0000, -1204.5312, -10.0000, 64, 64, 64
L 264.9062, 1530.0000, 30.0000, 529.7812, 1530.0000, 30.0000, 64, 64, 64
L 984.0000, -974.6250, 164.9375, 984.0000, -964.6250, 159.9375, 64, 64, 64
L 984.0000, -264.9062, 114.9688, 984.0000, -205.9062, 114.9688, 64, 64, 64
L 984.0000, -188.9375, 129.9375, 984.0000, -129.9375, 129.9375, 64, 64, 64
L -544.0000, 959.6250, 30.0000, -544.0000, 969.6250, 30.0000, 64, 64, 64
L -121.9375, -166.0000, 141.9375, -112.9688, -166.0000, 117.9375, 64, 64, 64
L -96.9688, -166.0000, 182.9375, -57.9688, -166.0000, 182.9375, 64, 64, 64
L -41.9688, -166.0000, 141.9375, -33.0000, -166.0000, 117.9375, 64, 64, 64
L 275.8750, -166.0000, 155.9375, 278.8750, -166.0000, 144.9375, 64, 64, 64
L 505.8125, -166.0000, 144.9375, 508.7812, -166.0000, 144.9375, 64, 64, 64
L 112.9688, -766.0000, 187.9375, 115.9688, -766.0000, 187.9375, 64, 64, 64
L 138.9375, -766.0000, 176.9375, 141.9375, -766.0000, 187.9375, 64, 64, 64
L 86.7609, -849.4484, 174.9375, 89.7609, -846.4485, 174.9375, 64, 64, 64
L 1601.1887, 664.9794, 169.9375, 1606.1731, 669.9638, 170.9375, 64, 64, 64
L 934.0000, -974.6250, 159.9375, 934.0000, -964.6250, 164.9375, 64, 64, 64
L 934.0000, -328.8750, 125.9375, 934.0000, -324.8750, 114.9688, 64, 64, 64
L 6.0000, -654.7500, 129.9375, 6.0000, -614.7500, 114.9688, 64, 64, 64
L 6.0000, -174.9375, 169.9375, 6.0000, -139.9375, 154.9375, 64, 64, 64
L -269.9062, -550.0000, 117.9375, -259.9062, -550.0000, 117.9375, 64, 64, 64
L -64.9688, -550.0000, 117.9375, -54.9688, -550.0000, 116.9688, 64, 64, 64
L 709.7188, -550.0000, 129.9375, 744.6875, -550.0000, 114.9688, 64, 64, 64
L 759.6875, -550.0000, 114.9688, 769.6875, -550.0000, 114.9688, 64, 64, 64
L 784.6875, -550.0000, 129.9375, 794.6875, -550.0000, 114.9688, 64, 64, 64
L 914.6250, -550.0000, 114.9688, 989.5938, -550.0000, 84.9688, 64, 64, 64
L 1019.5938, -550.0000, 84.9688, 1069.5625, -550.0000, 69.9688, 64, 64, 64
L 1134.5312, -550.0000, 84.9688, 1199.5312, -550.0000, 69.9688, 64, 64, 64
L 244.6164, -1429.7273, 299.8750, 259.6163, -1444.7273, 284.8750, 64, 64, 64
L 828.0000, -109.9688, 125.9375, 828.0000, -104.9688, 114.9688, 64, 64, 64
L 828.0000, -89.9688, 114.9688, 828.0000, -84.9688, 114.9688, 64, 64, 64
L -144.9375, -254.0000, 117.9375, -134.9375, -254.0000, 117.9375, 64, 64, 64
L -20.0000, -254.0000, 144.9375, -10.0000, -254.0000, 141.9375, 64, 64, 64
L 139.9375, -254.0000, 69.9688, 219.9062, -254.0000, 84.9688, 64, 64, 64
L 539.7812, -254.0000, 84.9688, 569.7812, -254.0000, 69.9688, 64, 64, 64
L 994.5938, -254.0000, 144.9375, 1034.5938, -254.0000, 144.9375, 64, 64, 64
L 1049.5938, -254.0000, 129.9375, 1079.5625, -254.0000, 129.9375, 64, 64, 64
L 148.0000, -983.5938, 201.9062, 148.0000, -980.5938, 201.9062, 64, 64, 64
L 148.0000, -943.6250, 182.9375, 148.0000, -940.6250, 201.9062, 64, 64, 64
L 994.0000, -254.9062, 144.9375, 994.0000, -139.9375, 144.9375, 64, 64, 64
L 970.0847, 425.5657, 119.9375, 1025.0533, 390.5657, 121.9375, 64, 64, 64
L 724.0000, -709.7188, 69.9688, 724.0000, -654.7500, 84.9688, 64, 64, 64
L 1630.0000, 209.9062, 90.9688, 1630.0000, 219.9062, 90.9688, 64, 64, 64
L 1630.0000, 659.7500, 30.0000, 1630.0000, 669.7188, 30.0000, 64, 64, 64
L -269.9062, -542.0000, 164.9375, -257.9062, -542.0000, 176.9375, 64, 64, 64
L -209.9062, -542.0000, 143.9375, -114.9688, -542.0000, 114.9688, 64, 64, 64
L -64.9688, -542.0000, 174.9375, -54.9688, -542.0000, 176.9375, 64, 64, 64
L 64.9688, -542.0000, 125.9375, 69.9688, -542.0000, 114.9688, 64, 64, 64
L 84.9688, -542.0000, 125.9375, 89.9688, -542.0000, 114.9688, 64, 64, 64
L 759.5678, -75.0884, 129.9375, 774.5678, -90.0884, 129.9375, 64, 64, 64
L 519.1091, -1378.7654, 264.9062, 524.1091, -1373.7654, 264.9062, 64, 64, 64
L 868.9685, -1028.9060, 119.9375, 878.9684, -1018.9061, 119.9375, 64, 64, 64
L 1158.8435, -739.0310, 119.9375, 1168.8435, -729.0310, 119.9375, 64, 64, 64
L 1150.0000, -874.6562, 84.9688, 1150.0000, -784.6875, 69.9688, 64, 64, 64
L 1150.0000, -769.6875, 69.9688, 1150.0000, -754.6875, 84.9688, 64, 64, 64
L 1150.0000, -529.7812, 84.9688, 1150.0000, -429.8125, 69.9688, 64, 64, 64
L 1150.0000, -169.9375, 129.9375, 1150.0000, -124.9375, 114.9688, 64, 64, 64
L 367.8438, 1380.0000, 103.9688, 371.8438, 1380.0000, 103.9688, 64, 64, 64
L 422.8438, 1380.0000, 103.9688, 426.8438, 1380.0000, 103.9688, 64, 64, 64
L -699.5256, 219.7131, 170.9375, -685.7756, 233.4631, 170.9375, 64, 64, 64
L 864.0000, -494.8125, 84.9688, 864.0000, -429.8125, 69.9688, 64, 64, 64
L 864.0000, -294.8750, 84.9688, 864.0000, -224.9062, 84.9688, 64, 64, 64
L 864.0000, -219.9062, 114.9688, 864.0000, -144.9375, 129.9375, 64, 64, 64
L 864.0000, -69.9688, 69.9688, 864.0000, -15.0000, 84.9688, 64, 64, 64
L 374.8438, 174.0000, 136.9375, 384.8438, 174.0000, 139.9375, 64, 64, 64
L 399.8438, 174.0000, 136.9375, 409.8438, 174.0000, 139.9375, 64, 64, 64
L -345.2756, 945.2260, 170.9375, -330.2756, 955.2260, 130.9375, 64, 64, 64
L 244.9062, 1580.0000, 30.0000, 254.9062, 1580.0000, 30.0000, 64, 64, 64
L 539.7812, 1580.0000, 139.9375, 549.7812, 1580.0000, 139.9375, 64, 64, 64
L 1749.5580, 520.5164, 30.0000, 1764.5267, 515.5164, 6.2500, 64, 64, 64
L -660.4084, 243.9225, 89.9688, -645.3967, 228.9342, 40.2812, 64, 64, 64
L -310.4222, -105.5169, 129.9375, -290.4223, -125.4856, 114.9688, 64, 64, 64
L 314.8750, -1380.0000, 265.9062, 519.7812, -1380.0000, 265.9062, 64, 64, 64
L 484.0000, -109.9688, 117.9375, 484.0000, -84.9688, 117.9375, 64, 64, 64
L 1309.0232, 50.1172, 30.0000, 1314.0232, 65.1172, 4.8125, 64, 64, 64
L 1316.0522, 71.2044, 14.1562, 1319.3866, 81.2075, 30.0000, 64, 64, 64
L -44.9688, -524.0000, 69.9688, -5.0000, -524.0000, 84.9688, 64, 64, 64
L 104.9688, -524.0000, 69.9688, 144.9375, -524.0000, 69.9688, 64, 64, 64
L 854.6562, -524.0000, 112.9688, 869.6562, -524.0000, 109.9688, 64, 64, 64
L 989.5938, -524.0000, 146.9375, 1004.5938, -524.0000, 149.9375, 64, 64, 64
L 458.0000, -209.9062, 142.9375, 458.0000, -194.9375, 142.9375, 64, 64, 64
L 458.0000, 0.0000, 142.9375, 458.0000, 15.0000, 142.9375, 64, 64, 64
L 458.0000, 25.0000, 142.9375, 458.0000, 35.0000, 143.9375, 64, 64, 64
L -250.0000, -586.7500, 135.9375, -250.0000, -576.7812, 134.9375, 64, 64, 64
L -250.0000, -491.8125, 114.9688, -250.0000, -439.8125, 144.9375, 64, 64, 64
L -250.0000, -429.8125, 114.9688, -250.0000, -379.8438, 144.9375, 64, 64, 64
L -250.0000, -359.8438, 114.9688, -250.0000, -344.8750, 84.9688, 64, 64, 64
L -250.0000, -324.8750, 114.9688, -250.0000, -259.9062, 114.9688, 64, 64, 64
L -250.0000, -194.9375, 129.9375, -250.0000, -144.9375, 129.9375, 64, 64, 64
L -250.0000, -139.9375, 129.9375, -250.0000, -124.9375, 129.9375, 64, 64, 64
L -250.0000, -74.9688, 194.9375, -250.0000, 39.9688, 204.9062, 64, 64, 64
L -537.1730, 69.7251, 14.1562, -535.5167, 64.7251, 4.8125, 64, 64, 64
L 260.0000, -1544.3750, 20.0000, 260.0000, -1524.3750, -10.0000, 64, 64, 64
L 260.0000, -10.0000, 204.9062, 260.0000, 49.9688, 209.9062, 64, 64, 64
L 260.0000, 349.8750, 89.9688, 260.0000, 409.8438, 174.9375, 64, 64, 64
L 408.0000, -109.9688, 115.9688, 408.0000, -84.9688, 115.9688, 64, 64, 64
L -249.2494, -260.5631, 114.9688, -234.2494, -245.5631, 129.9375, 64, 64, 64
L -814.6875, 210.0000, 92.9688, -694.7188, 210.0000, 94.9688, 64, 64, 64
L 1479.4062, 210.0000, 94.9688, 1599.3750, 210.0000, 94.9688, 64, 64, 64
L 969.0332, 572.1573, 50.9688, 1162.1014, 389.0217, 54.9688, 64, 64, 64
L 309.8750, 280.0000, 290.8125, 469.8125, 280.0000, 179.9375, 64, 64, 64
L 824.7557, 1084.8608, 89.9688, 839.7557, 1079.8608, 89.9688, 64, 64, 64
L 89.9688, 1244.0000, 169.9375, 104.9688, 1244.0000, 130.9375, 64, 64, 64
L 689.7188, 1244.0000, 130.9375, 704.7188, 1244.0000, 130.9375, 64, 64, 64
L 284.8750, 134.0000, 159.9375, 299.8750, 134.0000, 154.9375, 64, 64, 64
L 309.8750, 134.0000, 144.9375, 354.8438, 134.0000, 144.9375, 64, 64, 64
L 1448.8647, 820.2307, 30.0000, 1458.8647, 830.1993, 89.9688, 64, 64, 64
L 79.9688, -848.0000, 206.9062, 85.9688, -848.0000, 177.9375, 64, 64, 64
L 168.9375, -848.0000, 206.9062, 174.9375, -848.0000, 177.9375, 64, 64, 64
L 404.8438, -848.0000, 134.9375, 424.8438, -848.0000, 129.9375, 64, 64, 64
L 837.2504, -848.0000, 121.9375, 848.2505, -848.0000, 121.9375, 64, 64, 64
L 1066.5625, -848.0000, 121.9375, 1099.5625, -848.0000, 120.9375, 64, 64, 64
L 407.3238, 450.3332, 54.9688, 431.3636, 474.4058, 119.9375, 64, 64, 64
L 1299.9867, 60.4867, 30.0000, 1309.9866, 50.4868, 30.0000, 64, 64, 64
L -207.9062, 44.0000, 250.0312, 154.9375, 44.0000, 69.9688, 64, 64, 64
L 419.8438, 44.0000, 124.9375, 429.8125, 44.0000, 123.9375, 64, 64, 64
L 654.7500, 44.0000, 249.8125, 1037.5938, 44.0000, 299.8750, 64, 64, 64
L 489.8125, -1644.0000, -10.0000, 639.7500, -1644.0000, -10.0000, 64, 64, 64
L 1153.9951, 944.9825, 169.9375, 1163.9951, 959.9825, 167.9375, 64, 64, 64
L 990.0000, -1724.3125, -10.0000, 990.0000, -1704.3125, 30.0000, 64, 64, 64
L 990.0000, -1384.4375, -10.0000, 990.0000, -1364.4688, -10.0000, 64, 64, 64
L 990.0000, -914.6250, 69.9688, 990.0000, -874.6562, 69.9688, 64, 64, 64
L 990.0000, -669.7188, 69.9688, 990.0000, -609.7500, 69.9688, 64, 64, 64
L 990.0000, -549.7812, 69.9688, 990.0000, -474.8125, 69.9688, 64, 64, 64
L 990.0000, -359.8438, 146.9375, 990.0000, -349.8750, 149.9375, 64, 64, 64
L 314.8750, 124.0000, 294.8750, 464.8125, 124.0000, 294.8750, 64, 64, 64
L -272.0000, -1391.4375, 0.0000, -272.0000, -1384.4375, -10.0000, 64, 64, 64
L -40.2089, 1124.3239, 130.9375, -35.2401, 1119.3239, 139.9375, 64, 64, 64
L -549.6190, 69.8065, 139.9375, -519.6190, 99.8065, 89.9688, 64, 64, 64
L 1299.2955, 960.1448, 30.0000, 1329.2955, 970.1448, 30.0000, 64, 64, 64
L 1310.0884, 948.7963, 30.0000, 1320.2847, 979.3212, 30.0000, 64, 64, 64
L 385.6797, -879.3356, 114.9688, 405.4263, -899.0411, 129.9375, 64, 64, 64
L 1309.1195, 979.4771, 30.0000, 1318.8209, 950.4333, 30.0000, 64, 64, 64
L 1299.2174, 968.8706, 30.0000, 1329.2174, 958.8706, 30.0000, 64, 64, 64
L 374.8438, 92.0000, 136.9375, 381.8438, 92.0000, 136.9375, 64, 64, 64
L 402.8438, 92.0000, 136.9375, 409.8438, 92.0000, 122.9375, 64, 64, 64
L 310.3619, -1200.0181, 265.9062, 315.3619, -1195.0181, 265.9062, 64, 64, 64
L 750.1900, -760.1900, 139.9375, 760.1900, -750.1900, 119.9375, 64, 64, 64
L 817.8082, -692.5718, 194.9375, 830.1588, -680.2213, 160.9375, 64, 64, 64
L 888.9619, -621.4182, 139.9375, 898.9463, -611.4337, 119.9375, 64, 64, 64
L -40.3591, 1124.9529, 94.9688, 89.5785, 1254.8905, 94.9688, 64, 64, 64
L -435.1255, -279.5620, 29.7188, -370.1567, -214.5933, 89.9688, 64, 64, 64
L 700.0000, 1279.5000, 90.9688, 700.0000, 1399.4375, 94.9688, 64, 64, 64
L 402.0000, 23.0000, 136.9375, 402.0000, 32.0000, 136.9375, 64, 64, 64
L 402.0000, 52.9688, 122.9375, 402.0000, 61.9688, 136.9375, 64, 64, 64
L 402.0000, 82.9688, 122.9375, 402.0000, 91.9688, 136.9375, 64, 64, 64
L 402.0000, 162.9375, 122.9375, 402.0000, 171.9375, 136.9375, 64, 64, 64
L 402.0000, 192.9375, 122.9375, 402.0000, 201.9062, 136.9375, 64, 64, 64
L 402.0000, 222.9062, 122.9375, 402.0000, 231.9062, 122.9375, 64, 64, 64
L 402.0000, 252.9062, 122.9375, 402.0000, 261.9062, 136.9375, 64, 64, 64
L -299.8750, -750.0000, 189.9375, -154.9375, -750.0000, 189.9375, 64, 64, 64
L 289.8750, -750.0000, 84.9688, 409.8438, -750.0000, 84.9688, 64, 64, 64
L 689.7188, -750.0000, 114.9688, 734.7188, -750.0000, 114.9688, 64, 64, 64
L 529.1475, 1570.0088, 30.0000, 539.1475, 1580.0088, 89.9688, 64, 64, 64
L -550.0000, 59.9688, 139.9375, -550.0000, 69.9688, 129.9375, 64, 64, 64
L 84.6286, -455.1526, 69.9688, 89.6286, -460.1526, 69.9688, 64, 64, 64
L 824.0000, -939.6250, 69.9688, 824.0000, -899.6250, 84.9688, 64, 64, 64
L 824.0000, -294.8750, 69.9688, 824.0000, -209.9062, 84.9688, 64, 64, 64
L 824.0000, -179.9375, 69.9688, 824.0000, -124.9375, 69.9688, 64, 64, 64
L 824.0000, -30.0000, 69.9688, 824.0000, -15.0000, 69.9688, 64, 64, 64
L 824.0000, 1109.5625, 170.9375, 824.0000, 1124.5625, 170.9375, 64, 64, 64
L -46.4698, 1129.7573, 89.9688, -15.6375, 1098.9250, 89.9688, 64, 64, 64
L 562.0000, -30.0000, 132.9375, 562.0000, -15.0000, 133.9375, 64, 64, 64
L 669.7188, -670.0000, 129.9375, 719.7188, -670.0000, 114.9688, 64, 64, 64
L 774.6875, -670.0000, 69.9688, 819.6875, -670.0000, 84.9688, 64, 64, 64
L 959.6250, -670.0000, 84.9688, 989.5938, -670.0000, 69.9688, 64, 64, 64
L 1004.5938, -670.0000, 69.9688, 1119.5625, -670.0000, 84.9688, 64, 64, 64
L 1476.5996, 228.8135, 167.9375, 1479.9434, 225.4385, 167.9375, 64, 64, 64
L -844.1270, 660.2792, 89.9688, -834.1271, 650.2793, 73.4062, 64, 64, 64
L -699.9558, -329.7537, 79.9688, -615.0137, -244.7584, 79.9688, 64, 64, 64
L 739.7188, -1020.0000, 119.9375, 749.6875, -1020.0000, 119.9375, 64, 64, 64
L 879.6562, -1020.0000, 119.9375, 889.6562, -1020.0000, 119.9375, 64, 64, 64
L 1029.5938, -1020.0000, 139.9375, 1039.5938, -1020.0000, 139.9375, 64, 64, 64
L 1169.5312, -1020.0000, 123.9375, 1179.5312, -1020.0000, 139.9375, 64, 64, 64
L 230.4085, -1130.0648, 294.8750, 245.4086, -1115.0648, 294.8750, 64, 64, 64
L -384.0000, 59.9688, 54.9688, -384.0000, 289.8750, 93.9688, 64, 64, 64
L 374.8438, 52.0000, 122.9375, 381.8438, 52.0000, 122.9375, 64, 64, 64
L 402.8438, 52.0000, 136.9375, 409.8438, 52.0000, 136.9375, 64, 64, 64
L -534.7812, 980.0000, 139.9375, -524.7812, 980.0000, 89.9688, 64, 64, 64
L -354.8438, 980.0000, 89.9688, -344.8750, 980.0000, 94.9688, 64, 64, 64
L 1139.5312, 980.0000, 89.9688, 1149.5312, 980.0000, 90.9688, 64, 64, 64
L 1309.4688, 980.0000, 89.9688, 1319.4688, 980.0000, 89.9688, 64, 64, 64
L 35.0000, -1300.0000, 30.0000, 184.9375, -1300.0000, -10.0000, 64, 64, 64
L 374.8438, 252.0000, 122.9375, 381.8438, 252.0000, 136.9375, 64, 64, 64
L 402.8438, 252.0000, 122.9375, 409.8438, 252.0000, 136.9375, 64, 64, 64
L -104.9688, -294.0000, 155.2500, -49.9688, -294.0000, 155.2500, 64, 64, 64
L 0.0000, -294.0000, 114.9688, 54.9688, -294.0000, 114.9688, 64, 64, 64
L 284.8750, -294.0000, 129.9375, 349.8750, -294.0000, 129.9375, 64, 64, 64
L 434.8125, -294.0000, 114.9688, 499.8125, -294.0000, 129.9375, 64, 64, 64
L 824.6562, -294.0000, 84.9688, 864.6562, -294.0000, 84.9688, 64, 64, 64
L 470.0000, -1319.4688, 265.9062, 470.0000, -1244.5000, 30.0000, 64, 64, 64
L 470.0000, -659.7500, 214.9062, 470.0000, -609.7500, 214.9062, 64, 64, 64
L 470.0000, 119.9375, 167.9375, 470.0000, 279.8750, 290.8125, 64, 64, 64
L 858.0000, -534.7812, 146.9375, 858.0000, -527.7812, 146.9375, 64, 64, 64
L 858.0000, -356.8438, 146.9375, 858.0000, -349.8750, 146.9375, 64, 64, 64
L 858.0000, -109.9688, 129.9375, 858.0000, -84.9688, 134.9375, 64, 64, 64
L 1029.8873, -359.5501, 149.9375, 1039.8873, -369.5501, 149.9375, 64, 64, 64
L -215.3429, 1109.1259, 129.9375, -185.7081, 1079.4910, 40.5938, 64, 64, 64
L 310.4120, -1373.9005, 265.9062, 315.4119, -1378.9004, 264.9062, 64, 64, 64
L 1469.2095, 229.7079, 139.9375, 1473.3657, 225.5829, 167.9375, 64, 64, 64
L 630.0000, -1644.3438, -10.0000, 630.0000, -1624.3438, 30.0000, 64, 64, 64
L 630.0000, -39.9688, 229.9062, 630.0000, 69.9688, 204.9062, 64, 64, 64
L 630.0000, 79.9688, 204.9062, 630.0000, 439.8125, 204.9062, 64, 64, 64
L -383.3839, 69.4285, 121.9375, -363.3840, 49.4285, 49.9688, 64, 64, 64
L -15.0000, -1344.0000, 15.0000, 15.0000, -1344.0000, -10.0000, 64, 64, 64
L 349.8750, -1344.0000, 30.0000, 394.8438, -1344.0000, -10.0000, 64, 64, 64
L -974.2192, 380.2495, 30.0000, -960.6730, 366.7033, 169.9375, 64, 64, 64
L -1004.5938, 340.0000, 89.9688, -974.6250, 340.0000, 169.9375, 64, 64, 64
L 882.0590, -515.1840, 111.9688, 900.0277, -497.2152, 110.9688, 64, 64, 64
L -187.4685, 412.7389, 121.9375, -140.5586, 452.5444, 54.9688, 64, 64, 64
L 284.8750, 114.0000, 131.9375, 299.8750, 114.0000, 131.9375, 64, 64, 64
L 309.8750, 114.0000, 122.9375, 324.8750, 114.0000, 122.9375, 64, 64, 64
L 1109.6155, 55.8760, 50.9688, 1116.6154, 50.0322, 50.9688, 64, 64, 64
L -38.0000, 476.0000, 121.9375, 355.8438, 476.0000, 129.9375, 64, 64, 64
L 429.8125, 476.0000, 129.9375, 869.6562, 476.0000, 129.9375, 64, 64, 64
L 362.0000, -934.6250, 125.9375, 362.0000, -929.6250, 125.9375, 64, 64, 64
L 362.0000, -914.6250, 114.9688, 362.0000, -909.6250, 125.9375, 64, 64, 64
L 362.0000, -209.9062, 125.9375, 362.0000, -194.9375, 125.9375, 64, 64, 64
L 362.0000, 0.0000, 124.9375, 362.0000, 15.0000, 125.9375, 64, 64, 64
L 365.1871, 1382.7810, 103.9688, 368.1872, 1379.7810, 103.9688, 64, 64, 64
L 374.8438, 262.0000, 136.9375, 381.8438, 262.0000, 136.9375, 64, 64, 64
L 402.8438, 262.0000, 122.9375, 409.8438, 262.0000, 122.9375, 64, 64, 64
L 116.7281, -794.3303, 187.9375, 119.6969, -792.3303, 187.9375, 64, 64, 64
L 699.5026, 1249.2838, 94.9688, 829.4401, 1119.3463, 90.9688, 64, 64, 64
L -195.5595, 1128.9404, 30.0000, -185.5595, 1118.9404, 92.9688, 64, 64, 64
L -40.0000, -799.6875, 143.9375, -40.0000, -719.7188, 158.9375, 64, 64, 64
L -40.0000, 473.8125, 129.9688, -40.0000, 501.8125, 129.9688, 64, 64, 64
L 292.0000, -934.6250, 114.9688, 292.0000, -929.6250, 125.9375, 64, 64, 64
L 292.0000, -914.6250, 114.9688, 292.0000, -909.6250, 114.9688, 64, 64, 64
L 292.0000, -179.9375, 139.9375, 292.0000, -164.9375, 139.9375, 64, 64, 64
L 292.0000, -30.0000, 139.9375, 292.0000, -15.0000, 129.9375, 64, 64, 64
L 30.0000, -288.0000, 212.9062, 35.0000, -288.0000, 207.9062, 64, 64, 64
L 149.9375, -288.0000, 207.9062, 154.9375, -288.0000, 212.9062, 64, 64, 64
L 289.8750, -1170.0000, 299.8750, 544.7812, -1170.0000, 294.8750, 64, 64, 64
L -544.3137, 960.0925, 94.9688, -514.3137, 930.0925, 40.2812, 64, 64, 64
L -299.8750, -216.0000, 186.9375, -294.8750, -216.0000, 186.9375, 64, 64, 64
L 424.3208, -1493.8865, 264.9062, 429.2896, -1488.8865, 265.9062, 64, 64, 64
L 250.0000, -1604.3438, -10.0000, 250.0000, -1544.3750, -10.0000, 64, 64, 64
L 250.0000, -434.8125, 69.9688, 250.0000, -348.8750, 69.9688, 64, 64, 64
L 250.0000, -164.9375, 129.9375, 250.0000, -30.0000, 129.9375, 64, 64, 64
L 279.8750, -68.0000, 124.9375, 294.8750, -68.0000, 124.9375, 64, 64, 64
L 489.8125, -68.0000, 125.9375, 504.8125, -68.0000, 125.9375, 64, 64, 64
L 584.7812, -68.0000, 117.9375, 599.7500, -68.0000, 117.9375, 64, 64, 64
L 1134.2222, -45.2778, 114.9688, 1169.2222, -80.2778, 114.9688, 64, 64, 64
L 279.8750, -72.0000, 123.9375, 294.8750, -72.0000, 123.9375, 64, 64, 64
L 489.8125, -72.0000, 123.9375, 504.8125, -72.0000, 123.9375, 64, 64, 64
L 584.7812, -72.0000, 115.9688, 599.7500, -72.0000, 115.9688, 64, 64, 64
L 634.7463, -1489.4023, 265.9062, 639.7463, -1484.4023, 264.9062, 64, 64, 64
L 377.8438, -14.0000, 118.9375, 379.8438, -14.0000, 114.9688, 64, 64, 64
L 404.8438, -14.0000, 114.9688, 406.8438, -14.0000, 118.9375, 64, 64, 64
L 580.0000, 10.0000, 294.8750, 580.0000, 49.9688, 229.7500, 64, 64, 64
L 580.0000, 349.8750, 309.8750, 580.0000, 389.8438, 309.8750, 64, 64, 64
L 104.5168, 1395.1139, 169.9375, 119.4857, 1405.1140, 170.9375, 64, 64, 64
L 956.0000, -224.9062, 125.9375, 956.0000, -219.9062, 125.9375, 64, 64, 64
L 956.0000, -144.9375, 125.9375, 956.0000, -139.9375, 114.9688, 64, 64, 64
L 1159.5701, -1029.6326, 119.9375, 1169.5701, -1019.6326, 123.9375, 64, 64, 64
L 314.8750, -1184.0000, 294.8750, 519.7812, -1184.0000, 284.8750, 64, 64, 64
L 358.0000, -209.9062, 126.9375, 358.0000, -194.9375, 127.9375, 64, 64, 64
L 358.0000, 0.0000, 126.9375, 358.0000, 15.0000, 127.9375, 64, 64, 64
L 358.0000, 329.8750, 54.9688, 358.0000, 349.8750, 54.9688, 64, 64, 64
L 696.0000, 1279.5000, 92.9688, 696.0000, 1399.4375, 94.9688, 64, 64, 64
L 1609.8558, 230.0769, 30.0000, 1619.8558, 200.0769, 30.0000, 64, 64, 64
L -150.0000, -284.8750, 129.9375, -150.0000, -269.9062, 129.9375, 64, 64, 64
L -150.0000, 66.9688, 139.9375, -150.0000, 69.9688, 167.9375, 64, 64, 64
L 619.7500, -530.0000, 114.9688, 639.7500, -530.0000, 114.9688, 64, 64, 64
L 1149.5312, -530.0000, 69.9688, 1249.5000, -530.0000, 84.9688, 64, 64, 64
L -342.3349, 389.2756, 50.9688, -139.3974, 582.2131, 54.9688, 64, 64, 64
L -224.9062, -408.0000, 156.9375, -99.9688, -408.0000, 158.9375, 64, 64, 64
L 340.0000, -1344.4688, 294.8750, 340.0000, -1229.5000, 294.8750, 64, 64, 64
L 340.0000, -209.9062, 135.9375, 340.0000, -194.9375, 136.9375, 64, 64, 64
L 340.0000, -0.0000, 135.9375, 340.0000, 15.0000, 136.9375, 64, 64, 64
L -264.9062, -490.0000, 174.9375, -249.9062, -490.0000, 174.9375, 64, 64, 64
L -224.9062, -490.0000, 120.9375, -209.9062, -490.0000, 120.9375, 64, 64, 64
L -114.9688, -490.0000, 118.9375, -99.9688, -490.0000, 118.9375, 64, 64, 64
L -74.9688, -490.0000, 174.9375, -59.9688, -490.0000, 204.9062, 64, 64, 64
L 819.6875, -490.0000, 109.9688, 829.6562, -490.0000, 112.9688, 64, 64, 64
L 1004.5938, -490.0000, 69.9688, 1039.5938, -490.0000, 69.9688, 64, 64, 64
L 1069.5625, -490.0000, 84.9688, 1119.5625, -490.0000, 69.9688, 64, 64, 64
L 354.8438, 154.0000, 144.9375, 429.8125, 154.0000, 144.9375, 64, 64, 64
L 464.0000, 124.9375, 349.8750, 464.0000, 274.8750, 349.8750, 64, 64, 64
L 464.6117, -1334.2679, 294.8750, 479.6117, -1319.2679, 265.9062, 64, 64, 64
L 344.0000, -244.9062, 69.9688, 344.0000, -194.9375, 134.9375, 64, 64, 64
L 344.0000, 0.0000, 134.9375, 344.0000, 15.0000, 134.9375, 64, 64, 64
L 54.0000, -664.7188, 114.9688, 54.0000, -629.7500, 129.9375, 64, 64, 64
L 54.0000, -324.8750, 114.9688, 54.0000, -294.8750, 114.9688, 64, 64, 64
L 54.0000, -259.9062, 114.9688, 54.0000, -229.9062, 114.9688, 64, 64, 64
L 54.0000, -154.9375, 114.9688, 54.0000, -109.9688, 129.9375, 64, 64, 64
L 54.0000, -84.9688, 167.9375, 54.0000, -39.9688, 179.9375, 64, 64, 64
L -434.7971, -284.8904, 20.0000, -364.8284, -214.9217, 20.0000, 64, 64, 64
L 199.8786, 349.7853, 309.8750, 239.9217, 389.8283, 309.8750, 64, 64, 64
L -262.0960, 289.5842, 54.9688, -211.6477, 390.3596, 121.9375, 64, 64, 64
L 35.0000, -1150.0000, -10.0000, 184.9375, -1150.0000, -10.0000, 64, 64, 64
L 244.9062, -1150.0000, 30.0000, 289.8750, -1150.0000, -10.0000, 64, 64, 64
L -204.9062, -800.0000, 174.9375, -39.9688, -800.0000, 158.9375, 64, 64, 64
L 64.9688, -800.0000, 129.9375, 109.9688, -800.0000, 114.9688, 64, 64, 64
L 819.6875, -800.0000, 139.9375, 829.6562, -800.0000, 139.9375, 64, 64, 64
L 836.0958, -800.0000, 123.9375, 843.0958, -800.0000, 123.9375, 64, 64, 64
L 854.6562, -800.0000, 84.9688, 919.6250, -800.0000, 104.9688, 64, 64, 64
L 1039.5938, -800.0000, 69.9688, 1084.5625, -800.0000, 84.9688, 64, 64, 64
L 1089.5625, -800.0000, 124.9375, 1099.5625, -800.0000, 124.9375, 64, 64, 64
L 494.0000, -1344.4688, 284.8750, 494.0000, -1229.5000, 285.8750, 64, 64, 64
L 494.0000, -349.8750, 69.9688, 494.0000, -289.8750, 84.9688, 64, 64, 64
L 494.0000, -274.8750, 69.9688, 494.0000, -219.9062, 84.9688, 64, 64, 64
L 819.6875, -398.0000, 112.9688, 826.6562, -398.0000, 146.9375, 64, 64, 64
L 1032.5938, -398.0000, 146.9375, 1039.5938, -398.0000, 146.9375, 64, 64, 64
L -224.9062, -486.0000, 124.9375, -209.9062, -486.0000, 124.9375, 64, 64, 64
L -114.9688, -486.0000, 122.9375, -99.9688, -486.0000, 124.9375, 64, 64, 64
L 819.6875, -486.0000, 146.9375, 826.6562, -486.0000, 112.9688, 64, 64, 64
L 1032.5938, -486.0000, 146.9375, 1039.5938, -486.0000, 146.9375, 64, 64, 64
L 306.0000, -262.9062, 117.9375, 306.0000, -241.9062, 117.9375, 64, 64, 64
L 306.0000, 94.9688, 126.9375, 306.0000, 109.9688, 126.9375, 64, 64, 64
L 365.5163, -1255.1724, 265.9062, 370.5163, -1250.1725, 264.9062, 64, 64, 64
L 1315.0735, 64.7685, 4.8125, 1316.7297, 69.7684, 14.1562, 64, 64, 64
L -84.0000, -1524.3750, -10.0000, -84.0000, -1479.4062, 30.0000, 64, 64, 64
L -84.0000, -1464.4062, -10.0000, -84.0000, -1364.4688, -10.0000, 64, 64, 64
L -84.0000, -1334.4688, 15.0000, -84.0000, -1214.5000, -10.0000, 64, 64, 64
L -84.0000, -1204.5312, 15.0000, -84.0000, -1174.5312, 15.0000, 64, 64, 64
L -84.0000, -586.7500, 139.9375, -84.0000, -576.7812, 140.9375, 64, 64, 64
L -84.0000, -319.8750, 181.9375, -84.0000, -314.8750, 181.9375, 64, 64, 64
L -84.0000, -234.9062, 184.9375, -84.0000, -229.9062, 186.9375, 64, 64, 64
L -84.0000, -149.9375, 181.9375, -84.0000, -119.9375, 167.9375, 64, 64, 64
L 279.8750, -132.0000, 128.9375, 294.8750, -132.0000, 128.9375, 64, 64, 64
L 489.8125, -132.0000, 127.9375, 504.8125, -132.0000, 128.9375, 64, 64, 64
L 852.0000, -847.6250, 121.9375, 852.0000, -791.6562, 121.9375, 64, 64, 64
L 1388.8794, -245.4648, 89.9688, 1423.8794, -280.4335, 89.9688, 64, 64, 64
L 1143.7354, 964.3597, 4.8125, 1148.7355, 949.3597, 30.0000, 64, 64, 64
L -204.9062, -810.0000, 169.9375, -189.9375, -810.0000, 169.9375, 64, 64, 64
L -169.9375, -810.0000, 148.9375, -154.9375, -810.0000, 149.9375, 64, 64, 64
L 819.6875, -810.0000, 124.9375, 829.6562, -810.0000, 124.9375, 64, 64, 64
L 1089.5625, -810.0000, 139.9375, 1099.5625, -810.0000, 139.9375, 64, 64, 64
L 650.0000, -1544.3750, 30.0000, 650.0000, -1524.3750, 30.0000, 64, 64, 64
L 650.0000, -109.9688, 125.9375, 650.0000, -104.9688, 114.9688, 64, 64, 64
L 650.0000, -89.9688, 114.9688, 650.0000, -84.9688, 114.9688, 64, 64, 64
L 650.0000, 0.0000, 69.9688, 650.0000, 30.0000, 84.9688, 64, 64, 64
L 1170.2278, -620.0983, 139.9375, 1180.2278, -600.0983, 151.5312, 64, 64, 64
L 234.0000, -419.8438, 69.9688, 234.0000, -334.8750, 69.9688, 64, 64, 64
L 234.0000, -179.9375, 129.9375, 234.0000, -104.9688, 129.9375, 64, 64, 64
L 234.0000, -89.9688, 114.9688, 234.0000, -15.0000, 114.9688, 64, 64, 64
L 234.0000, 1559.3750, 139.9375, 234.0000, 1569.3750, 139.9375, 64, 64, 64
L -264.9062, -160.0000, 167.9375, -249.9062, -160.0000, 167.9375, 64, 64, 64
L -134.9375, -160.0000, 144.9375, -121.9375, -160.0000, 141.9375, 64, 64, 64
L -112.9688, -160.0000, 141.9375, -41.9688, -160.0000, 117.9375, 64, 64, 64
L -33.0000, -160.0000, 117.9375, -20.0000, -160.0000, 144.9375, 64, 64, 64
L 166.9375, -160.0000, 168.9375, 177.9375, -160.0000, 179.9375, 64, 64, 64
L 279.8750, -160.0000, 142.9375, 294.8750, -160.0000, 142.9375, 64, 64, 64
L 489.8125, -160.0000, 141.9375, 504.8125, -160.0000, 141.9375, 64, 64, 64
L 690.0000, -914.6250, 129.9375, 690.0000, -844.6562, 129.9375, 64, 64, 64
L 690.0000, -749.6875, 129.9375, 690.0000, -694.7188, 114.9688, 64, 64, 64
L 690.0000, 1279.5000, 90.9688, 690.0000, 1399.4375, 92.9688, 64, 64, 64
L 690.0000, 1429.4375, 0.0000, 690.0000, 1439.4375, 0.0000, 64, 64, 64
L -269.9062, -564.0000, 123.9375, -259.9062, -564.0000, 123.9375, 64, 64, 64
L -64.9688, -564.0000, 123.9375, -54.9688, -564.0000, 123.9375, 64, 64, 64
L 744.6875, -564.0000, 129.9375, 759.6875, -564.0000, 129.9375, 64, 64, 64
L 809.6875, -564.0000, 114.9688, 899.6250, -564.0000, 129.9375, 64, 64, 64
L 944.6250, -564.0000, 84.9688, 1109.5625, -564.0000, 114.9688, 64, 64, 64
L 1134.5312, -564.0000, 84.9688, 1184.5312, -564.0000, 69.9688, 64, 64, 64
L 30.0000, -186.0000, 160.9375, 35.0000, -186.0000, 160.9375, 64, 64, 64
L 149.9375, -186.0000, 212.9062, 154.9375, -186.0000, 207.9062, 64, 64, 64
L 379.8438, -186.0000, 117.9375, 404.8438, -186.0000, 117.9375, 64, 64, 64
L 369.8438, -1250.0000, 265.9062, 464.8125, -1250.0000, 265.9062, 64, 64, 64
L 284.8750, 118.0000, 133.9375, 299.8750, 118.0000, 133.9375, 64, 64, 64
L 309.8750, 118.0000, 121.9375, 324.8750, 118.0000, 121.9375, 64, 64, 64
L 135.3291, -792.1001, 189.9375, 138.3292, -794.1001, 187.9375, 64, 64, 64
L -994.4984, 360.9308, 89.9688, -984.5140, 350.9463, 30.0000, 64, 64, 64
L -974.0338, 340.4661, 169.9375, -854.0651, 220.4973, 89.9688, 64, 64, 64
L -844.0651, 210.4974, 30.0000, -834.0651, 200.4974, 139.9375, 64, 64, 64
L 1112.0000, -144.9375, 125.9375, 1112.0000, -139.9375, 114.9688, 64, 64, 64
L 934.6250, -974.0000, 119.9375, 984.5938, -974.0000, 160.9375, 64, 64, 64
L 88.0000, -929.6250, 177.9375, 88.0000, -923.6250, 177.9375, 64, 64, 64
L 88.0000, -845.6562, 177.9375, 88.0000, -839.6562, 177.9375, 64, 64, 64
L 456.0000, -262.9062, 117.9375, 456.0000, -241.9062, 114.9688, 64, 64, 64
L 456.0000, -209.9062, 142.9375, 456.0000, -194.9375, 141.9375, 64, 64, 64
L 456.0000, 0.0000, 142.9375, 456.0000, 15.0000, 141.9375, 64, 64, 64
L 456.0000, 25.0000, 142.9375, 456.0000, 35.0000, 142.9375, 64, 64, 64
L 69.9688, -744.0000, 114.9688, 114.9688, -744.0000, 129.9375, 64, 64, 64
L 939.6250, -744.0000, 84.9688, 979.5938, -744.0000, 69.9688, 64, 64, 64
L 367.8438, 1444.0000, 159.9375, 371.8438, 1444.0000, 159.9375, 64, 64, 64
L 422.8438, 1444.0000, 159.9375, 426.8438, 1444.0000, 159.9375, 64, 64, 64
L -397.8816, -1444.3997, -10.0000, -377.8816, -1424.3997, -10.0000, 64, 64, 64
L 660.0000, -984.5938, -10.0000, 660.0000, -964.6250, -10.0000, 64, 64, 64
L 660.0000, -109.9688, 114.9688, 660.0000, -104.9688, 125.9375, 64, 64, 64
L 660.0000, -89.9688, 114.9688, 660.0000, -84.9688, 114.9688, 64, 64, 64
L 660.0000, 1259.5000, 89.9688, 660.0000, 1399.4375, 30.0000, 64, 64, 64
L 1469.7153, 799.3782, 30.0000, 1479.7155, 809.3783, 89.9688, 64, 64, 64
L 354.9094, -1319.4031, 285.8750, 369.9094, -1334.4031, 265.9062, 64, 64, 64
L 159.9375, -770.0000, 84.9688, 224.9062, -770.0000, 84.9688, 64, 64, 64
L 1084.5625, -770.0000, 84.9688, 1134.5312, -770.0000, 69.9688, 64, 64, 64
L 1149.5312, -770.0000, 84.9688, 1164.5312, -770.0000, 69.9688, 64, 64, 64
L -704.7188, 810.0000, 89.9688, -694.7188, 810.0000, 30.0000, 64, 64, 64
L 1479.4062, 810.0000, 89.9688, 1489.4062, 810.0000, 89.9688, 64, 64, 64
L -378.0000, -1424.4375, -10.0000, -378.0000, -1405.4375, 5.0000, 64, 64, 64
L -104.5978, -175.3085, 164.9375, -94.5978, -165.3084, 167.9375, 64, 64, 64
L -192.0000, -664.7188, 154.9375, -192.0000, -659.7500, 154.9375, 64, 64, 64
L -192.0000, -79.9688, 102.9688, -192.0000, -64.9688, 103.9688, 64, 64, 64
L -192.0000, -59.9688, 105.9688, -192.0000, -44.9688, 104.9688, 64, 64, 64
L 838.8445, 1099.8331, 30.0000, 848.8445, 1129.8331, 30.0000, 64, 64, 64
L -269.9062, -566.0000, 124.9375, -259.9062, -566.0000, 124.9375, 64, 64, 64
L -64.9688, -566.0000, 124.9375, -54.9688, -566.0000, 125.9375, 64, 64, 64
L 204.9062, -1470.0000, 264.9062, 214.9062, -1470.0000, 265.9062, 64, 64, 64
L 244.9062, -1470.0000, 264.9062, 594.7500, -1470.0000, 264.9062, 64, 64, 64
L 624.7500, -1470.0000, 265.9062, 634.7500, -1470.0000, 264.9062, 64, 64, 64
L 174.1188, -1084.5312, 264.9062, 199.1031, -1059.5469, 265.9062, 64, 64, 64
L 694.2938, -564.3563, 129.9375, 709.2938, -549.3563, 129.9375, 64, 64, 64
L 1329.0438, 70.3938, 94.9688, 1458.9814, 200.3314, 90.9688, 64, 64, 64
L 1299.3452, 100.0922, 30.0000, 1444.2983, 245.0453, 30.0000, 64, 64, 64
L 12.0000, -109.9688, 114.9688, 12.0000, -104.9688, 114.9688, 64, 64, 64
L 12.0000, -89.9688, 114.9688, 12.0000, -84.9688, 125.9375, 64, 64, 64
L 95.3916, 1399.2966, 30.0000, 105.3916, 1429.2966, 30.0000, 64, 64, 64
L -370.0000, -214.9062, 167.9375, -370.0000, 44.9688, 20.0000, 64, 64, 64
L -164.0000, -1204.5312, -10.0000, -164.0000, -1144.5312, -10.0000, 64, 64, 64
L -164.0000, -229.9062, 173.9375, -164.0000, -209.9062, 109.9688, 64, 64, 64
L 1032.0000, -584.7812, 125.9375, 1032.0000, -579.7812, 125.9375, 64, 64, 64
L 1032.0000, -564.7812, 114.9688, 1032.0000, -559.7812, 125.9375, 64, 64, 64
L 1032.0000, -486.8125, 146.9375, 1032.0000, -477.8125, 112.9688, 64, 64, 64
L 1032.0000, -406.8438, 146.9375, 1032.0000, -397.8438, 112.9688, 64, 64, 64
L -66.0000, -586.7500, 131.9375, -66.0000, -576.7812, 130.9375, 64, 64, 64
L 112.9688, -772.0000, 187.9375, 115.9688, -772.0000, 176.9375, 64, 64, 64
L 138.9375, -772.0000, 176.9375, 141.9375, -772.0000, 176.9375, 64, 64, 64
L 1460.2805, 829.9482, 30.0000, 1465.2805, 814.9795, 6.2500, 64, 64, 64
L 568.0000, -30.0000, 130.9375, 568.0000, -15.0000, 130.9375, 64, 64, 64
L 887.8874, -515.0124, 114.9688, 899.8561, -503.0436, 113.9688, 64, 64, 64
L 434.3838, -1339.0400, 265.9062, 439.3838, -1334.0400, 284.8750, 64, 64, 64
L 355.3802, 473.3489, 114.9688, 378.3802, 450.3490, 54.9688, 64, 64, 64
L 279.8750, -62.0000, 127.9375, 294.8750, -62.0000, 128.9375, 64, 64, 64
L 489.8125, -62.0000, 128.9375, 504.8125, -62.0000, 127.9375, 64, 64, 64
L 584.7812, -62.0000, 120.9375, 599.7500, -62.0000, 120.9375, 64, 64, 64
L 405.2007, 450.4555, 119.9375, 428.2007, 473.4555, 121.9375, 64, 64, 64
L -544.7812, 84.0000, 130.9375, -524.7812, 84.0000, 130.9375, 64, 64, 64
L 1309.4688, 84.0000, 169.9375, 1324.4688, 84.0000, 167.9375, 64, 64, 64
L -675.0100, 189.8577, 167.9375, -559.9238, 69.7621, 169.9375, 64, 64, 64
L 749.6875, -1024.0000, 49.9688, 809.6875, -1024.0000, 49.9688, 64, 64, 64
L 1212.0000, 69.9688, 93.9688, 1212.0000, 289.8750, 49.9688, 64, 64, 64
L 1299.4570, 60.0036, 30.0000, 1329.4573, 70.0036, 30.0000, 64, 64, 64
L -844.0000, 209.9062, 30.0000, -844.0000, 219.9062, 94.9688, 64, 64, 64
L -844.0000, 659.7500, 94.9688, -844.0000, 669.7188, 139.9375, 64, 64, 64
L -670.6085, 204.0123, 92.9688, -545.6710, 74.0748, 92.9688, 64, 64, 64
L 546.0000, -30.0000, 140.9375, 546.0000, -15.0000, 141.9375, 64, 64, 64
L 84.4704, 1408.9392, 30.0000, 94.4704, 1398.9392, 90.9688, 64, 64, 64
L -109.8682, -90.0693, 114.9688, -94.8682, -75.0693, 114.9688, 64, 64, 64
L -269.9062, -558.0000, 121.9375, -259.9062, -558.0000, 121.9375, 64, 64, 64
L -64.9688, -558.0000, 121.9375, -54.9688, -558.0000, 120.9375, 64, 64, 64
L 112.9688, -774.0000, 176.9375, 116.9688, -774.0000, 176.9375, 64, 64, 64
L 137.9375, -774.0000, 176.9375, 141.9375, -774.0000, 176.9375, 64, 64, 64
L 669.7188, -774.0000, 114.9688, 719.7188, -774.0000, 114.9688, 64, 64, 64
L -224.9062, 1110.0000, 30.0000, -214.9062, 1110.0000, 30.0000, 64, 64, 64
L -184.9375, 1110.0000, 94.9688, -64.9688, 1110.0000, 92.9688, 64, 64, 64
L 859.6562, 1110.0000, 94.9688, 979.5938, 1110.0000, 92.9688, 64, 64, 64
L 1009.5938, 1110.0000, 0.0000, 1019.5938, 1110.0000, 0.0000, 64, 64, 64
L 234.6119, 1560.2582, 30.0000, 264.6118, 1570.2581, 30.0000, 64, 64, 64
L 314.0000, 124.9375, 294.8750, 314.0000, 274.8750, 294.8750, 64, 64, 64
L 304.0000, -179.9375, 84.9688, 304.0000, -154.9375, 84.9688, 64, 64, 64
L 304.0000, -139.9375, 84.9688, 304.0000, -79.9688, 69.9688, 64, 64, 64
L 304.0000, -30.0000, 69.9688, 304.0000, 20.0000, 69.9688, 64, 64, 64
L 304.0000, 94.9688, 128.9375, 304.0000, 109.9688, 128.9375, 64, 64, 64
L 438.0000, -209.9062, 133.9375, 438.0000, -194.9375, 132.9375, 64, 64, 64
L 438.0000, -0.0000, 133.9375, 438.0000, 15.0000, 132.9375, 64, 64, 64
L 438.0000, 25.0000, 132.9375, 438.0000, 35.0000, 133.9375, 64, 64, 64
L 594.7745, -1469.4308, 264.9062, 619.7745, -1444.4620, 265.9062, 64, 64, 64
L -825.2472, 200.4954, 30.0000, -815.2784, 210.4954, 92.9688, 64, 64, 64
L 375.2958, 1418.9854, 108.9688, 390.2958, 1433.9854, 108.9688, 64, 64, 64
L -694.7737, 809.8522, 30.0000, -664.7737, 819.8522, 30.0000, 64, 64, 64
L -357.8438, -1332.0000, -10.0000, -325.8750, -1332.0000, 0.0000, 64, 64, 64
L 1022.3694, 389.7541, 50.9688, 1062.3381, 289.7853, 54.9688, 64, 64, 64
L 404.9943, 1389.2869, 108.9688, 419.9943, 1404.2869, 108.9688, 64, 64, 64
L 359.0637, 349.6544, 50.9688, 371.0637, 361.6232, 50.9688, 64, 64, 64
L 454.8125, -338.0000, 79.9688, 459.8125, -338.0000, 79.9688, 64, 64, 64
L 895.6562, -338.0000, 111.9688, 963.6250, -338.0000, 111.9688, 64, 64, 64
L -34.6527, 1119.2152, 90.9688, 95.3161, 1249.1527, 92.9688, 64, 64, 64
L -675.0515, 795.1875, 130.9375, -665.0515, 801.8438, 130.9375, 64, 64, 64
L -660.6865, 804.7492, 169.9375, -655.7009, 808.0678, 170.9375, 64, 64, 64
L -964.0000, 359.8438, 130.9375, -964.0000, 369.8438, 130.9375, 64, 64, 64
L -964.0000, 509.7812, 167.9375, -964.0000, 519.7812, 167.9375, 64, 64, 64
L -674.0000, 189.9375, 46.7812, -674.0000, 199.9062, 89.9688, 64, 64, 64
L -674.0000, 829.6562, 0.0000, -674.0000, 839.6562, 0.0000, 64, 64, 64
L 119.9375, -434.0000, 69.9688, 249.9062, -434.0000, 84.9688, 64, 64, 64
L 819.6875, -434.0000, 114.9688, 834.6562, -434.0000, 114.9688, 64, 64, 64
L 1024.5938, -434.0000, 109.9688, 1039.5938, -434.0000, 114.9688, 64, 64, 64
L 1134.0000, -859.6562, 84.9688, 1134.0000, -784.6875, 84.9688, 64, 64, 64
L 1134.0000, -769.6875, 69.9688, 1134.0000, -739.7188, 84.9688, 64, 64, 64
L 1134.0000, -684.7188, 84.9688, 1134.0000, -629.7500, 84.9688, 64, 64, 64
L 1134.0000, -594.7500, 84.9688, 1134.0000, -564.7812, 84.9688, 64, 64, 64
L 1134.0000, -549.7812, 69.9688, 1134.0000, -474.8125, 84.9688, 64, 64, 64
L 1134.0000, -394.8438, 84.9688, 1134.0000, -324.8750, 69.9688, 64, 64, 64
L 1134.0000, -309.8750, 69.9688, 1134.0000, -274.8750, 69.9688, 64, 64, 64
L 1134.0000, -184.9375, 114.9688, 1134.0000, -124.9375, 129.9375, 64, 64, 64
L -833.8229, 679.9966, 30.0000, -823.9464, 650.3672, 30.0000, 64, 64, 64
L -683.8854, 230.1841, 30.0000, -673.8853, 200.1841, 30.0000, 64, 64, 64
L 1129.7067, 970.0567, 30.0000, 1160.4309, 959.7939, 30.0000, 64, 64, 64
L 884.0000, -534.7812, 112.9688, 884.0000, -514.7812, 112.9688, 64, 64, 64
L -362.0000, -74.9688, 274.8750, -362.0000, 49.9688, 194.7500, 64, 64, 64
L 539.6617, 1549.4149, 30.0000, 549.6616, 1579.4148, 30.0000, 64, 64, 64
L 139.9375, -1030.0000, 30.0000, 289.8750, -1030.0000, -10.0000, 64, 64, 64
L 580.1626, -1129.1786, 294.8750, 585.1626, -1134.1475, 299.8750, 64, 64, 64
L -944.8738, 500.6261, 30.0000, -814.8856, 630.5128, 30.0000, 64, 64, 64
L -795.1600, 650.2229, 30.0000, -664.8738, 780.4073, 30.0000, 64, 64, 64
L -644.8817, 800.3839, 40.2500, -515.6815, 929.4831, 40.2812, 64, 64, 64
L 95.1504, -380.0254, 114.9688, 110.1504, -365.0254, 129.9375, 64, 64, 64
L 1014.0000, -444.8125, 114.9688, 1014.0000, -439.8125, 114.9688, 64, 64, 64
L 1614.3777, 664.6170, 4.8125, 1629.3777, 669.6170, 30.0000, 64, 64, 64
L 316.0000, 144.9375, 141.9375, 316.0000, 159.9375, 140.9375, 64, 64, 64
L 675.1245, 1269.0942, 169.9375, 690.1245, 1284.0941, 130.9375, 64, 64, 64
L -179.9375, -684.0000, 174.9375, -114.9688, -684.0000, 174.9375, 64, 64, 64
L 684.7188, -684.0000, 114.9688, 734.7188, -684.0000, 129.9375, 64, 64, 64
L 959.6250, -684.0000, 69.9688, 1019.5938, -684.0000, 84.9688, 64, 64, 64
L 1039.5938, -684.0000, 69.9688, 1134.5312, -684.0000, 69.9688, 64, 64, 64
L 1184.5312, -684.0000, 84.9688, 1199.5312, -684.0000, 69.9688, 64, 64, 64
L 529.5555, 1529.1489, 40.2812, 659.1567, 1399.6489, 39.9688, 64, 64, 64
L 979.3200, 1079.7358, 40.2812, 1124.1509, 935.0181, 90.0000, 64, 64, 64
L -854.6562, 660.0000, 89.9688, -844.6562, 660.0000, 0.0000, 64, 64, 64
L 1629.3438, 660.0000, 0.0000, 1639.3438, 660.0000, 0.0000, 64, 64, 64
L -269.9062, -546.0000, 115.9688, -259.9062, -546.0000, 115.9688, 64, 64, 64
L -64.9688, -546.0000, 115.9688, -54.9688, -546.0000, 115.9688, 64, 64, 64
L 358.1383, 329.1695, 50.9688, 368.1383, 319.1695, 54.9688, 64, 64, 64
L 1220.0000, -429.8125, 69.9688, 1220.0000, -324.8750, 69.9688, 64, 64, 64
L 888.0000, -534.7812, 113.9688, 888.0000, -514.7812, 114.9688, 64, 64, 64
L 1129.7429, 969.4454, 169.9375, 1134.7117, 974.4454, 167.9375, 64, 64, 64
L -224.9062, -444.0000, 142.9375, -99.9688, -444.0000, 142.9375, 64, 64, 64
L 10.0000, -444.0000, 180.9375, 74.9688, -444.0000, 165.9375, 64, 64, 64
L 89.9688, -444.0000, 165.9375, 164.9375, -444.0000, 180.9375, 64, 64, 64
L 879.6562, -444.0000, 69.9688, 1024.5938, -444.0000, 84.9688, 64, 64, 64
L 1164.5312, -444.0000, 84.9688, 1234.5000, -444.0000, 69.9688, 64, 64, 64
L 384.8438, -404.0000, 69.9688, 398.8438, -404.0000, 84.9688, 64, 64, 64
L 98.0000, 1279.5000, 94.9688, 98.0000, 1399.4375, 92.9688, 64, 64, 64
L -144.9375, -302.0000, 141.9375, -137.9375, -302.0000, 117.9375, 64, 64, 64
L -17.0000, -302.0000, 117.9375, -10.0000, -302.0000, 117.9375, 64, 64, 64
L 120.8741, -804.0967, 174.9375, 123.8525, -806.0823, 176.9375, 64, 64, 64
L 134.5753, -813.2308, 187.9375, 137.5753, -815.2308, 187.9375, 64, 64, 64
L 1463.5671, 814.4078, 4.8125, 1468.5671, 799.4078, 30.0000, 64, 64, 64
L 1449.4170, 819.7195, 30.0000, 1479.4170, 809.7195, 30.0000, 64, 64, 64
L 79.9688, -850.0000, 174.9375, 86.9688, -850.0000, 177.9375, 64, 64, 64
L 167.9375, -850.0000, 174.9375, 174.9375, -850.0000, 177.9375, 64, 64, 64
L 404.8438, -850.0000, 129.9375, 424.8438, -850.0000, 134.9375, 64, 64, 64
L 819.6875, -850.0000, 119.9375, 854.6562, -850.0000, 120.9375, 64, 64, 64
L 1064.5625, -850.0000, 119.9375, 1099.5625, -850.0000, 119.9375, 64, 64, 64
L 839.8774, 1129.6362, 30.0000, 849.8774, 1099.6362, 30.0000, 64, 64, 64
L 1129.0736, 950.5433, 169.9375, 1131.5736, 948.8870, 170.9375, 64, 64, 64
L 260.2474, 1544.1477, 169.9375, 270.2474, 1559.1477, 170.9375, 64, 64, 64
L 1468.7194, 828.9673, 139.9375, 1478.7195, 818.9985, 139.9375, 64, 64, 64
L 1449.3413, 809.8824, 30.0000, 1479.3413, 819.8824, 30.0000, 64, 64, 64
L 1463.5935, 814.9590, 6.2500, 1468.5935, 829.9277, 30.0000, 64, 64, 64
L -664.9252, -329.7536, 29.9062, -614.9565, -244.7849, 79.9688, 64, 64, 64
L 165.6284, -923.3160, 174.9375, 168.6284, -920.3160, 209.9062, 64, 64, 64
L 1052.0018, 391.0836, 121.9375, 1092.5105, 289.8542, 49.9688, 64, 64, 64
L 370.0000, -209.9062, 121.9375, 370.0000, -194.9375, 120.9375, 64, 64, 64
L 370.0000, 0.0000, 120.9375, 370.0000, 15.0000, 120.9375, 64, 64, 64
L 460.0000, -349.8750, 84.9688, 460.0000, -335.8750, 84.9688, 64, 64, 64
L 460.0000, -264.9062, 79.9688, 460.0000, -241.9062, 117.9375, 64, 64, 64
L 460.0000, -209.9062, 144.9375, 460.0000, -192.9375, 114.9688, 64, 64, 64
L 460.0000, 0.0000, 144.9375, 460.0000, 15.0000, 143.9375, 64, 64, 64
L 460.0000, 20.0000, 159.9375, 460.0000, 35.0000, 144.9375, 64, 64, 64
L 694.0000, -579.7812, 129.9375, 694.0000, -564.7812, 129.9375, 64, 64, 64
L 694.0000, -399.8438, 69.9688, 694.0000, -339.8750, 84.9688, 64, 64, 64
L 694.0000, 1279.5000, 94.9688, 694.0000, 1399.4375, 94.9688, 64, 64, 64
L 550.0000, -1399.4375, 294.8750, 550.0000, -1174.5312, 294.8750, 64, 64, 64
L 550.0000, -109.9688, 69.9688, 550.0000, 0.0000, 69.9688, 64, 64, 64
L -224.9062, -390.0000, 174.9375, -99.9688, -390.0000, 158.9375, 64, 64, 64
L 992.0000, -534.7812, 146.9375, 992.0000, -527.7812, 112.9688, 64, 64, 64
L 992.0000, -356.8438, 112.9688, 992.0000, -349.8750, 146.9375, 64, 64, 64
L 1164.5312, -514.0000, 69.9688, 1264.5000, -514.0000, 69.9688, 64, 64, 64
L -324.0000, -1401.4375, 0.0000, -324.0000, -1367.4375, 0.0000, 64, 64, 64
L -324.0000, -1364.4688, -10.0000, -324.0000, -1331.4688, 0.0000, 64, 64, 64
L -324.0000, -1328.4688, 0.0000, -324.0000, -1321.4688, -10.0000, 64, 64, 64
L 1471.2236, 228.1808, 169.9375, 1479.4303, 219.9302, 167.9375, 64, 64, 64
L -254.0000, -764.6875, 143.9375, -254.0000, -739.7188, 143.9375, 64, 64, 64
L -254.0000, -729.7188, 143.9375, -254.0000, -704.7188, 158.9375, 64, 64, 64
L -254.0000, -586.7500, 133.9375, -254.0000, -576.7812, 133.9375, 64, 64, 64
L -209.9062, -396.0000, 164.0625, -114.9688, -396.0000, 164.0625, 64, 64, 64
L 1192.0000, -74.9688, 274.8750, 1192.0000, 49.9688, 204.9062, 64, 64, 64
L -44.9688, -522.0000, 204.9062, -30.0000, -522.0000, 174.9375, 64, 64, 64
L 69.9688, -522.0000, 180.9375, 74.9688, -522.0000, 169.9375, 64, 64, 64
L 89.9688, -522.0000, 180.9375, 94.9688, -522.0000, 180.9375, 64, 64, 64
L -246.0000, -586.7500, 137.9375, -246.0000, -576.7812, 137.9375, 64, 64, 64
L -246.0000, -525.7812, 176.9375, -246.0000, -515.7812, 174.9375, 64, 64, 64
L 710.4097, -104.2764, 114.9688, 725.4097, -119.2451, 129.9375, 64, 64, 64
L -974.7869, 529.1554, 89.9688, -964.7766, 519.1659, 73.4062, 64, 64, 64
L -674.5838, 229.5777, 130.9375, -664.5733, 219.5881, 139.9375, 64, 64, 64
L -249.5451, -194.5755, 114.9688, -234.5451, -209.5443, 114.9688, 64, 64, 64
L -974.0000, 339.8750, 89.9688, -974.0000, 349.8750, 30.0000, 64, 64, 64
L -974.0000, 379.8438, 92.9688, -974.0000, 499.8125, 90.9688, 64, 64, 64
L -974.0000, 529.7812, 0.0000, -974.0000, 539.7812, 89.9688, 64, 64, 64
L 135.2629, -787.1755, 174.9375, 138.2629, -785.1755, 176.9375, 64, 64, 64
L 84.9688, -682.0000, 174.9375, 89.9688, -682.0000, 174.9375, 64, 64, 64
L 164.9375, -682.0000, 174.9375, 169.9375, -682.0000, 174.9375, 64, 64, 64
L 60.0000, -154.9375, 170.9375, 60.0000, -139.9375, 171.9375, 64, 64, 64
L 472.0000, -213.9062, 144.9375, 472.0000, -210.9062, 144.9375, 64, 64, 64
L 472.0000, 16.0000, 144.9375, 472.0000, 19.0000, 144.9375, 64, 64, 64
L -406.8438, -1382.0000, -10.0000, -398.8438, -1382.0000, -10.0000, 64, 64, 64
L -294.8750, -1382.0000, -10.0000, -262.9062, -1382.0000, 0.0000, 64, 64, 64
L 1459.7565, 799.5709, 30.0000, 1464.7563, 814.5708, 6.2500, 64, 64, 64
L 74.9688, 1260.0000, 0.0000, 84.9688, 1260.0000, 0.0000, 64, 64, 64
L 709.7188, 1260.0000, 89.9688, 719.7188, 1260.0000, 89.9688, 64, 64, 64
L -994.7034, 369.5151, 30.0000, -964.7528, 359.5316, 30.0000, 64, 64, 64
L -294.4886, -215.2926, 186.9375, -284.4886, -205.2926, 167.9375, 64, 64, 64
L 529.6638, 1569.0227, 30.0000, 559.6638, 1559.0227, 30.0000, 64, 64, 64
L 215.5208, -1490.0208, 265.9062, 220.5208, -1485.0208, 265.9062, 64, 64, 64
L 1134.2528, 974.9052, 130.9375, 1139.3130, 979.9337, 94.9688, 64, 64, 64
L 415.4428, 362.4444, 50.9688, 427.4428, 350.4756, 50.9688, 64, 64, 64
L 69.9688, -532.0000, 180.9375, 74.9688, -532.0000, 180.9375, 64, 64, 64
L 89.9688, -532.0000, 169.9375, 94.9688, -532.0000, 169.9375, 64, 64, 64
L 954.3616, -496.9601, 110.9688, 977.3410, -514.9152, 110.9688, 64, 64, 64
L 65.6219, -460.4656, 84.9688, 70.6219, -455.4656, 84.9688, 64, 64, 64
L 790.0000, -839.6562, 84.9688, 790.0000, -709.7188, 84.9688, 64, 64, 64
L 790.0000, -654.7500, 69.9688, 790.0000, -639.7500, 84.9688, 64, 64, 64
L 866.0000, -534.7812, 112.9688, 866.0000, -527.7812, 112.9688, 64, 64, 64
L 866.0000, -356.8438, 112.9688, 866.0000, -349.8750, 112.9688, 64, 64, 64
L 866.0000, -224.9062, 125.9375, 866.0000, -219.9062, 114.9688, 64, 64, 64
L 866.0000, -144.9375, 125.9375, 866.0000, -139.9375, 114.9688, 64, 64, 64
L 371.6282, 1444.2222, 103.9688, 374.6282, 1441.2222, 159.9375, 64, 64, 64
L 314.8750, -1390.0000, 294.8750, 519.7812, -1390.0000, 265.9062, 64, 64, 64
L -983.9103, 349.6467, 30.0000, -978.9103, 364.6155, 6.2500, 64, 64, 64
L -978.0822, 367.0950, 6.2500, -973.0759, 382.0825, 30.0000, 64, 64, 64
L 566.0000, -30.0000, 130.9375, 566.0000, -15.0000, 130.9375, 64, 64, 64
L 50.3939, -450.2377, 129.9375, 70.3939, -430.2377, 129.9375, 64, 64, 64
L 282.0000, -1149.5312, -10.0000, 282.0000, -1134.5312, 20.0000, 64, 64, 64
L 282.0000, -934.6250, 125.9375, 282.0000, -929.6250, 114.9688, 64, 64, 64
L 282.0000, -914.6250, 114.9688, 282.0000, -909.6250, 114.9688, 64, 64, 64
L 112.9688, -754.0000, 174.9375, 141.9375, -754.0000, 189.9375, 64, 64, 64
L 174.9375, -754.0000, 84.9688, 239.9062, -754.0000, 69.9688, 64, 64, 64
L 1149.5312, -754.0000, 69.9688, 1199.5312, -754.0000, 84.9688, 64, 64, 64
L 366.0000, -209.9062, 122.9375, 366.0000, -194.9375, 123.9375, 64, 64, 64
L 366.0000, -0.0000, 122.9375, 366.0000, 15.0000, 122.9375, 64, 64, 64
L -284.8750, -1348.0000, -10.0000, -261.9062, -1348.0000, -10.0000, 64, 64, 64
L 973.8951, -512.9213, 112.9688, 975.8951, -514.4213, 111.9688, 64, 64, 64
L 204.9062, -1084.0000, 264.9062, 214.9062, -1084.0000, 264.9062, 64, 64, 64
L 244.9062, -1084.0000, 264.9062, 594.7500, -1084.0000, 265.9062, 64, 64, 64
L 624.7500, -1084.0000, 265.9062, 634.7500, -1084.0000, 265.9062, 64, 64, 64
L 136.1112, -770.2384, 187.9375, 138.1112, -773.2383, 187.9375, 64, 64, 64
L 210.0000, -49.9688, 159.9375, 210.0000, 5.0000, 159.9375, 64, 64, 64
L -224.9062, -426.0000, 150.9375, -209.9062, -426.0000, 148.9375, 64, 64, 64
L -114.9688, -426.0000, 150.9375, -99.9688, -426.0000, 150.9375, 64, 64, 64
L 519.8160, -1184.4963, 285.8750, 534.8160, -1199.4965, 265.9062, 64, 64, 64
L 1116.0000, -74.9688, 274.8750, 1116.0000, 49.9688, 194.9375, 64, 64, 64
L 540.2332, 1579.5255, 0.0000, 550.2332, 1549.5256, 30.0000, 64, 64, 64
L 344.8750, -1350.0000, 299.8750, 389.8438, -1350.0000, 299.8750, 64, 64, 64
L 439.8125, -1350.0000, 294.8750, 489.8125, -1350.0000, 285.8750, 64, 64, 64
L -137.9375, -232.0000, 171.9375, -133.9375, -232.0000, 171.9375, 64, 64, 64
L 398.0000, -454.8125, 69.9688, 398.0000, -404.8438, 69.9688, 64, 64, 64
L 398.0000, 16.0000, 119.9375, 398.0000, 19.0000, 119.9375, 64, 64, 64
L 570.0000, -254.9062, 69.9688, 570.0000, -239.9062, 69.9688, 64, 64, 64
L 570.0000, -30.0000, 144.9375, 570.0000, -15.0000, 144.9375, 64, 64, 64
L 570.0000, 1559.3750, 0.0000, 570.0000, 1589.3750, 0.0000, 64, 64, 64
L 344.8750, -1360.0000, 264.9062, 399.8438, -1360.0000, 265.9062, 64, 64, 64
L 429.8125, -1360.0000, 264.9062, 489.8125, -1360.0000, 264.9062, 64, 64, 64
L -2.0000, -154.9375, 129.9375, -2.0000, -109.9688, 114.9688, 64, 64, 64
L -2.0000, -84.9688, 114.9688, -2.0000, -39.9688, 129.9375, 64, 64, 64
L -545.2643, 970.1096, 30.0000, -535.2643, 980.0784, 89.9688, 64, 64, 64
L 289.8750, -1160.0000, 264.9062, 544.7812, -1160.0000, 265.9062, 64, 64, 64
L 200.1033, -1484.2092, 265.9062, 205.1033, -1489.2091, 264.9062, 64, 64, 64
L -314.8750, -264.0000, 129.9375, -179.9375, -264.0000, 161.9375, 64, 64, 64
L 28.0000, -264.0000, 166.9375, 35.0000, -264.0000, 200.9062, 64, 64, 64
L 149.9375, -264.0000, 202.9062, 156.9375, -264.0000, 166.9375, 64, 64, 64
L 324.8750, -264.0000, 79.9688, 349.8750, -264.0000, 79.9688, 64, 64, 64
L 434.8125, -264.0000, 35.0000, 459.8125, -264.0000, 64.9688, 64, 64, 64
L 844.6562, -264.0000, 114.9688, 879.6562, -264.0000, 129.9375, 64, 64, 64
L 984.5938, -264.0000, 114.9688, 1044.5938, -264.0000, 129.9375, 64, 64, 64
L -8.0000, -1479.4062, 5.0000, -8.0000, -1464.4062, -10.0000, 64, 64, 64
L -8.0000, -1344.4688, 5.0000, -8.0000, -1334.4688, -10.0000, 64, 64, 64
L 139.9375, -94.0000, 69.9688, 229.9062, -94.0000, 84.9688, 64, 64, 64
L 334.8750, -94.0000, 69.9688, 429.8125, -94.0000, 84.9688, 64, 64, 64
L 500.0000, -294.8750, 114.9688, 500.0000, -209.9062, 129.9375, 64, 64, 64
L -29.9189, 1084.4814, 30.0000, 114.9673, 1229.3676, 30.0000, 64, 64, 64
L 120.0186, 1234.4188, 30.0000, 130.0186, 1244.4189, 30.0000, 64, 64, 64
L 16.0000, -1464.4062, -10.0000, 16.0000, -1344.4688, -10.0000, 64, 64, 64
L 16.0000, -1334.4688, -10.0000, 16.0000, -1234.5000, 15.0000, 64, 64, 64
L 16.0000, -414.8438, 165.9375, 16.0000, -339.8750, 165.9375, 64, 64, 64
L -72.0000, -586.7500, 133.9375, -72.0000, -576.7812, 133.9375, 64, 64, 64
L -72.0000, -349.8750, 114.9688, -72.0000, -344.8750, 114.9688, 64, 64, 64
L -72.0000, -149.9375, 125.9375, -72.0000, -144.9375, 114.9688, 64, 64, 64
L -20.5409, -160.4784, 144.9375, -10.5409, -170.4784, 114.9688, 64, 64, 64
L 819.6880, -843.2838, 122.9375, 839.6567, -843.3151, 123.9375, 64, 64, 64
L 1071.2435, -843.6775, 124.9375, 1098.2435, -843.7197, 124.9375, 64, 64, 64
L 186.0000, -154.9375, 129.9375, 186.0000, -109.9688, 114.9688, 64, 64, 64
L 186.0000, -84.9688, 129.9375, 186.0000, -39.9688, 114.9688, 64, 64, 64
L 94.9688, -584.0000, 165.9375, 159.9375, -584.0000, 165.9375, 64, 64, 64
L 826.6562, -584.0000, 125.9375, 837.6562, -584.0000, 114.9688, 64, 64, 64
L 1031.5938, -584.0000, 114.9688, 1042.5938, -584.0000, 114.9688, 64, 64, 64
L -269.9062, -322.0000, 114.9688, -264.9062, -322.0000, 114.9688, 64, 64, 64
L -249.9062, -322.0000, 114.9688, -244.9062, -322.0000, 125.9375, 64, 64, 64
L -302.0000, -1413.4375, -10.0000, -302.0000, -1405.4375, -2.0000, 64, 64, 64
L -302.0000, -539.7812, 185.9375, -302.0000, -534.7812, 185.9375, 64, 64, 64
L 279.8750, -32.0000, 143.9375, 294.8750, -32.0000, 143.9375, 64, 64, 64
L 489.8125, -32.0000, 143.9375, 504.8125, -32.0000, 142.9375, 64, 64, 64
L 174.4237, -1468.8925, 265.9062, 199.3925, -1443.9237, 264.9062, 64, 64, 64
L -614.7500, -234.0000, 89.9688, -434.8125, -234.0000, 20.0000, 64, 64, 64
L -234.9062, -234.0000, 114.9688, -229.9062, -234.0000, 129.9375, 64, 64, 64
L -214.9062, -234.0000, 114.9688, -194.9375, -234.0000, 129.9375, 64, 64, 64
L -133.9375, -234.0000, 171.9375, -129.9375, -234.0000, 171.9375, 64, 64, 64
L 404.8438, -234.0000, 69.9688, 479.8125, -234.0000, 69.9688, 64, 64, 64
L 1264.5000, -234.0000, 89.9688, 1389.4375, -234.0000, 20.0000, 64, 64, 64
L 15.0000, -340.0000, 180.9375, 69.9688, -340.0000, 165.9375, 64, 64, 64
L 89.9688, -340.0000, 180.9375, 144.9375, -340.0000, 180.9375, 64, 64, 64
L 694.7188, -340.0000, 69.9688, 754.6875, -340.0000, 69.9688, 64, 64, 64
L 119.9375, -932.0000, 175.9375, 134.9375, -932.0000, 175.9375, 64, 64, 64
L 344.8750, -1224.0000, 294.8750, 489.8125, -1224.0000, 294.8750, 64, 64, 64
L 427.4759, 1378.8120, 103.9688, 430.4446, 1381.8120, 159.9375, 64, 64, 64
L -674.0156, 235.6094, 169.9375, -669.0156, 230.6094, 167.9375, 64, 64, 64
L 194.0000, -549.7812, 165.9375, 194.0000, -504.8125, 180.9375, 64, 64, 64
L 194.0000, -49.9688, 144.9375, 194.0000, 5.0000, 144.9375, 64, 64, 64
L -176.0000, -834.6562, 157.9375, -176.0000, -819.6875, 156.9375, 64, 64, 64
L -176.0000, -79.9688, 94.9688, -176.0000, -64.9688, 95.9688, 64, 64, 64
L -176.0000, -59.9688, 113.9688, -176.0000, -44.9688, 112.9688, 64, 64, 64
L -279.2693, -521.1756, 114.9688, -274.2693, -526.1755, 129.9375, 64, 64, 64
L 924.0000, -759.6875, 84.9688, 924.0000, -654.7500, 84.9688, 64, 64, 64
L 924.0000, -328.8750, 114.9688, 924.0000, -324.8750, 125.9375, 64, 64, 64
L 924.0000, -189.9375, 114.9688, 924.0000, -174.9375, 114.9688, 64, 64, 64
L 924.0000, -169.9375, 129.9375, 924.0000, -119.9375, 129.9375, 64, 64, 64
L 924.0000, -74.9688, 114.9688, 924.0000, -69.9688, 114.9688, 64, 64, 64
L -835.1172, 649.9040, 30.0000, -824.9100, 680.4620, 30.0000, 64, 64, 64
L 194.9375, -50.0000, 144.9375, 209.9062, -50.0000, 159.9375, 64, 64, 64
L 279.8750, -50.0000, 133.9375, 294.8750, -50.0000, 134.9375, 64, 64, 64
L 489.8125, -50.0000, 134.9375, 504.8125, -50.0000, 133.9375, 64, 64, 64
L 584.7812, -50.0000, 126.9375, 599.7500, -50.0000, 126.9375, 64, 64, 64
L 279.8750, -138.0000, 130.9375, 294.8750, -138.0000, 130.9375, 64, 64, 64
L 489.8125, -138.0000, 130.9375, 504.8125, -138.0000, 131.9375, 64, 64, 64
L -214.9062, -102.0000, 168.9375, -209.9062, -102.0000, 168.9375, 64, 64, 64
L 1069.5625, -102.0000, 114.9688, 1074.5625, -102.0000, 114.9688, 64, 64, 64
L 1132.2981, 932.8290, 89.9688, 1139.7668, 930.3290, 89.9688, 64, 64, 64
L 452.0000, -209.9062, 139.9375, 452.0000, -194.9375, 140.9375, 64, 64, 64
L 452.0000, 0.0000, 139.9375, 452.0000, 15.0000, 140.9375, 64, 64, 64
L 452.0000, 25.0000, 140.9375, 452.0000, 35.0000, 140.9375, 64, 64, 64
L -345.1753, 930.5186, 30.0000, -341.3628, 931.7998, 89.9688, 64, 64, 64
L 1170.0000, -719.7188, 84.9688, 1170.0000, -594.7500, 69.9688, 64, 64, 64
L 1170.0000, -214.9062, 114.9688, 1170.0000, -169.9375, 129.9375, 64, 64, 64
L 1170.0000, -104.9688, 114.9688, 1170.0000, -79.9688, 114.9688, 64, 64, 64
L 1124.4736, 934.3584, 90.0000, 1131.9738, 931.8584, 89.9688, 64, 64, 64
L -169.9375, -218.0000, 173.9375, -164.9375, -218.0000, 184.9375, 64, 64, 64
L -94.0000, -1456.4062, 5.0000, -94.0000, -1441.4375, 5.0000, 64, 64, 64
L -94.0000, -586.7500, 84.9688, -94.0000, -576.7812, 114.9688, 64, 64, 64
L -94.0000, -344.8750, 164.9375, -94.0000, -319.8750, 164.9375, 64, 64, 64
L -94.0000, -314.8750, 181.9375, -94.0000, -299.8750, 181.9375, 64, 64, 64
L -94.0000, -164.9375, 164.9375, -94.0000, -149.9375, 164.9375, 64, 64, 64
L -94.0000, 15.0000, 84.9688, -94.0000, 44.9688, 69.9688, 64, 64, 64
L 819.6572, -949.6550, 189.9375, 824.6259, -954.6550, 160.9375, 64, 64, 64
L 826.0000, -584.7812, 125.9375, 826.0000, -579.7812, 114.9688, 64, 64, 64
L 826.0000, -564.7812, 114.9688, 826.0000, -559.7812, 125.9375, 64, 64, 64
L 826.0000, -486.8125, 146.9375, 826.0000, -477.8125, 146.9375, 64, 64, 64
L 826.0000, -406.8438, 112.9688, 826.0000, -397.8438, 146.9375, 64, 64, 64
L -37.8528, 1100.0950, 169.9375, -35.3528, 1101.7512, 130.9375, 64, 64, 64
L 1129.6639, 959.3215, 30.0000, 1144.6327, 964.3215, 6.2500, 64, 64, 64
L 1138.8136, 949.8642, 30.0000, 1143.8136, 964.8642, 6.2500, 64, 64, 64
L 85.0448, 1409.2095, 30.0000, 115.0447, 1419.2095, 30.0000, 64, 64, 64
L 84.9688, -692.0000, 174.9375, 89.9688, -692.0000, 174.9375, 64, 64, 64
L 164.9375, -692.0000, 185.9375, 169.9375, -692.0000, 185.9375, 64, 64, 64
L -179.9375, -610.0000, 204.9062, -114.9688, -610.0000, 174.9375, 64, 64, 64
L 84.9688, -610.0000, 84.9688, 174.9375, -610.0000, 84.9688, 64, 64, 64
L 854.6562, -610.0000, 69.9688, 989.5938, -610.0000, 84.9688, 64, 64, 64
L 1019.5938, -610.0000, 69.9688, 1054.5938, -610.0000, 84.9688, 64, 64, 64
L 1069.5625, -610.0000, 84.9688, 1094.5625, -610.0000, 84.9688, 64, 64, 64
L 1119.5625, -610.0000, 69.9688, 1154.5312, -610.0000, 69.9688, 64, 64, 64
L 1229.5000, -610.0000, 69.9688, 1264.5000, -610.0000, 84.9688, 64, 64, 64
L 1439.4375, -610.0000, 274.8750, 1484.4062, -610.0000, 20.0000, 64, 64, 64
L 1140.3042, 979.8519, 30.0000, 1145.3042, 964.8832, 4.8125, 64, 64, 64
L 446.0000, -209.9062, 137.9375, 446.0000, -194.9375, 136.9375, 64, 64, 64
L 446.0000, 0.0000, 137.9375, 446.0000, 15.0000, 136.9375, 64, 64, 64
L 446.0000, 25.0000, 136.9375, 446.0000, 35.0000, 137.9375, 64, 64, 64
L 255.2732, -1429.0704, 265.9062, 260.2732, -1434.0704, 264.9062, 64, 64, 64
L -309.4732, -80.3706, 167.9375, -274.4731, -45.3706, 167.9375, 64, 64, 64
L -60.4850, -507.3303, 204.9062, -50.4850, -517.2991, 186.9375, 64, 64, 64
L -280.1241, -532.0297, 176.9375, -270.1554, -542.0297, 164.9375, 64, 64, 64
L -965.1366, 502.2338, 167.9375, -958.1330, 506.9175, 170.9375, 64, 64, 64
L 284.8750, 138.0000, 136.9375, 299.8750, 138.0000, 135.9375, 64, 64, 64
L 899.6250, -500.0000, 112.9688, 954.6250, -500.0000, 112.9688, 64, 64, 64
L -350.3820, 964.7943, 6.2500, -345.3820, 979.7631, 30.0000, 64, 64, 64
L 844.7394, 1114.3130, 6.2500, 859.7395, 1119.3130, 30.0000, 64, 64, 64
L 378.3685, -85.4935, 116.9688, 380.3685, -83.4935, 116.9688, 64, 64, 64
L 739.7188, -880.0000, 119.9375, 749.6875, -880.0000, 139.9375, 64, 64, 64
L 919.6250, -880.0000, 104.9688, 939.6250, -880.0000, 104.9688, 64, 64, 64
L 1169.5312, -880.0000, 123.9375, 1179.5312, -880.0000, 123.9375, 64, 64, 64
L -826.9099, 677.0033, 94.9688, -821.9255, 672.0189, 94.9688, 64, 64, 64
L 799.7029, -949.6095, 159.9375, 829.6717, -979.5783, 159.9375, 64, 64, 64
L 84.8566, -429.9247, 114.9688, 104.8566, -449.9247, 129.9375, 64, 64, 64
L 224.9062, 1560.0000, 89.9688, 234.9062, 1560.0000, 89.9688, 64, 64, 64
L 264.9062, 1560.0000, 92.9688, 529.7812, 1560.0000, 94.9688, 64, 64, 64
L 559.7812, 1560.0000, 30.0000, 569.7812, 1560.0000, 0.0000, 64, 64, 64
L -55.1303, -541.6198, 174.9375, -46.1303, -532.6198, 176.9375, 64, 64, 64
L -16.0000, -1364.4688, -10.0000, -16.0000, -1344.4688, 15.0000, 64, 64, 64
L -16.0000, -89.9688, 69.9688, -16.0000, 15.0000, 69.9688, 64, 64, 64
L 648.0000, -154.9375, 129.9375, 648.0000, -109.9688, 114.9688, 64, 64, 64
L 648.0000, -84.9688, 114.9688, 648.0000, -39.9688, 129.9375, 64, 64, 64
L -269.9062, -570.0000, 127.9375, -259.9062, -570.0000, 126.9375, 64, 64, 64
L -64.9688, -570.0000, 126.9375, -54.9688, -570.0000, 127.9375, 64, 64, 64
L 504.8125, -570.0000, 114.9688, 619.7500, -570.0000, 84.9688, 64, 64, 64
L -269.9062, -572.0000, 128.9375, -259.9062, -572.0000, 128.9375, 64, 64, 64
L -64.9688, -572.0000, 128.9375, -54.9688, -572.0000, 128.9375, 64, 64, 64
L -280.0734, 50.1371, 89.9688, -263.1046, 70.1371, 89.9688, 64, 64, 64
L 839.6358, 1112.9353, 14.1562, 844.6360, 1114.6228, 6.2500, 64, 64, 64
L 374.8438, 62.0000, 136.9375, 381.8438, 62.0000, 136.9375, 64, 64, 64
L 402.8438, 62.0000, 122.9375, 409.8438, 62.0000, 122.9375, 64, 64, 64
L 979.8622, 1108.7574, 30.0000, 1009.8622, 1118.7574, 30.0000, 64, 64, 64
L 734.0000, -869.6562, 84.9688, 734.0000, -759.6875, 129.9375, 64, 64, 64
L 734.0000, -749.6875, 129.9375, 734.0000, -694.7188, 129.9375, 64, 64, 64
L 734.0000, -684.7188, 114.9688, 734.0000, -594.7500, 129.9375, 64, 64, 64
L -954.8917, 349.6083, 169.9375, -834.9230, 229.6396, 94.9688, 64, 64, 64
L 846.0000, -839.6562, 123.9375, 846.0000, -797.6562, 124.9375, 64, 64, 64
L 989.5842, 1129.5593, 30.0000, 999.5842, 1099.5593, 30.0000, 64, 64, 64
L 979.6302, 1119.6716, 30.0000, 1009.6302, 1109.6716, 30.0000, 64, 64, 64
L 1460.1490, 230.1539, 30.0000, 1470.1490, 200.1538, 30.0000, 64, 64, 64
L 279.8750, -162.0000, 143.9375, 294.8750, -162.0000, 143.9375, 64, 64, 64
L 489.8125, -162.0000, 142.9375, 504.8125, -162.0000, 142.9375, 64, 64, 64
L -549.9464, 69.4734, 30.0000, -519.9464, 59.4735, 30.0000, 64, 64, 64
L -435.0069, -234.7122, 20.0000, -415.0381, -214.7122, 20.0000, 64, 64, 64
L -824.0000, 679.7188, 89.9688, -824.0000, 689.7188, 89.9688, 64, 64, 64
L 834.4946, -435.1358, 114.9688, 844.4946, -440.1358, 114.9688, 64, 64, 64
L -169.9375, -200.0000, 84.9688, -124.9375, -200.0000, 69.9688, 64, 64, 64
L -104.9688, -200.0000, 155.2500, -49.9688, -200.0000, 155.2500, 64, 64, 64
L 1069.5625, -200.0000, 89.9688, 1104.5625, -200.0000, 114.9688, 64, 64, 64
L 1129.5625, -200.0000, 129.9375, 1154.5312, -200.0000, 129.9375, 64, 64, 64
L -984.3813, 499.7415, 30.0000, -979.3813, 514.7103, 4.8125, 64, 64, 64
L -978.5156, 517.3021, 6.2500, -973.5093, 532.2897, 30.0000, 64, 64, 64
L -184.9375, 1116.0000, 92.9688, -64.9688, 1116.0000, 94.9688, 64, 64, 64
L 859.6562, 1116.0000, 94.9688, 979.5938, 1116.0000, 94.9688, 64, 64, 64
L -164.9375, -1144.0000, 15.0000, -54.9688, -1144.0000, 15.0000, 64, 64, 64
L 419.4797, 1386.8019, 159.9375, 422.4797, 1389.8018, 159.9375, 64, 64, 64
L -174.9375, -148.0000, 94.9688, -169.9375, -148.0000, 105.9688, 64, 64, 64
L 279.8750, -148.0000, 135.9375, 294.8750, -148.0000, 135.9375, 64, 64, 64
L 489.8125, -148.0000, 135.9375, 504.8125, -148.0000, 136.9375, 64, 64, 64
L -229.9062, -250.0000, 114.9688, -209.9062, -250.0000, 129.9375, 64, 64, 64
L 844.6562, -250.0000, 129.9375, 879.6562, -250.0000, 114.9688, 64, 64, 64
L 279.8750, -152.0000, 138.9375, 294.8750, -152.0000, 137.9375, 64, 64, 64
L 489.8125, -152.0000, 137.9375, 504.8125, -152.0000, 138.9375, 64, 64, 64
L 1484.0000, -609.7500, 89.9688, 1484.0000, -329.8750, 20.0000, 64, 64, 64
L 1002.0000, -534.7812, 112.9688, 1002.0000, -527.7812, 112.9688, 64, 64, 64
L 1002.0000, -356.8438, 146.9375, 1002.0000, -349.8750, 112.9688, 64, 64, 64
L 1002.0000, -109.9688, 114.9688, 1002.0000, -104.9688, 114.9688, 64, 64, 64
L 1002.0000, -89.9688, 114.9688, 1002.0000, -84.9688, 114.9688, 64, 64, 64
L 509.8184, -929.3257, 114.9688, 524.8091, -944.3351, 129.9375, 64, 64, 64
L 639.8214, -1059.4913, 264.9062, 664.7900, -1084.4912, 265.9062, 64, 64, 64
L 970.0000, -219.9062, 114.9688, 970.0000, -204.9062, 129.9375, 64, 64, 64
L 970.0000, -189.9375, 114.9688, 970.0000, -144.9375, 114.9688, 64, 64, 64
L 379.8438, -4.0000, 118.9375, 404.8438, -4.0000, 117.9375, 64, 64, 64
L 94.2964, 1279.2760, 30.0000, 104.2965, 1249.2759, 30.0000, 64, 64, 64
L 20.0000, -639.7500, 129.9375, 20.0000, -629.7500, 129.9375, 64, 64, 64
L 20.0000, -599.7500, 114.9688, 20.0000, -539.7812, 114.9688, 64, 64, 64
L 20.0000, -174.9375, 154.9375, 20.0000, -154.9375, 154.9375, 64, 64, 64
L 102.0000, -729.7188, 174.9375, 102.0000, -724.7188, 174.9375, 64, 64, 64
L 102.0000, -649.7500, 174.9375, 102.0000, -644.7500, 174.9375, 64, 64, 64
L -184.9375, 1120.0000, 94.9688, -64.9688, 1120.0000, 89.9688, 64, 64, 64
L 859.6562, 1120.0000, 89.9688, 979.5938, 1120.0000, 89.9688, 64, 64, 64
L -204.9062, -806.0000, 170.9375, -189.9375, -806.0000, 170.9375, 64, 64, 64
L -169.9375, -806.0000, 146.9375, -154.9375, -806.0000, 147.9375, 64, 64, 64
L 112.9688, -806.0000, 176.9375, 115.9688, -806.0000, 187.9375, 64, 64, 64
L 138.9375, -806.0000, 187.9375, 141.9375, -806.0000, 187.9375, 64, 64, 64
L -229.9062, -114.0000, 94.9688, -174.9375, -114.0000, 109.9688, 64, 64, 64
L -154.9375, -114.0000, 109.9688, -114.9688, -114.0000, 94.9688, 64, 64, 64
L 319.8750, -114.0000, 69.9688, 429.8125, -114.0000, 84.9688, 64, 64, 64
L 318.0000, 144.9375, 142.9375, 318.0000, 159.9375, 142.9375, 64, 64, 64
L -829.8688, 665.3552, 6.2500, -814.9001, 670.3552, 30.0000, 64, 64, 64
L -382.0000, 69.9688, 89.9688, -382.0000, 289.8750, 50.9688, 64, 64, 64
L 374.8438, 202.0000, 136.9375, 381.8438, 202.0000, 122.9375, 64, 64, 64
L 402.8438, 202.0000, 136.9375, 409.8438, 202.0000, 136.9375, 64, 64, 64
L -654.9470, -329.6779, 89.9688, -614.9470, -289.6779, 89.9688, 64, 64, 64
L 849.0728, 1095.1460, 167.9375, 864.0728, 1110.1459, 169.9375, 64, 64, 64
L 279.8750, -46.0000, 135.9375, 294.8750, -46.0000, 136.9375, 64, 64, 64
L 489.8125, -46.0000, 136.9375, 504.8125, -46.0000, 135.9375, 64, 64, 64
L 584.7812, -46.0000, 128.9375, 599.7500, -46.0000, 127.9375, 64, 64, 64
L -709.7188, -614.0000, 20.0000, -664.7188, -614.0000, 274.8750, 64, 64, 64
L 5.0000, -614.0000, 114.9688, 35.0000, -614.0000, 129.9375, 64, 64, 64
L 69.9688, -614.0000, 129.9375, 84.9688, -614.0000, 114.9688, 64, 64, 64
L 119.9375, -614.0000, 129.9375, 149.9375, -614.0000, 129.9375, 64, 64, 64
L -214.7220, 1109.0096, 30.0000, -184.0845, 1119.2222, 30.0000, 64, 64, 64
L 284.8750, 112.0000, 131.9375, 299.8750, 112.0000, 130.9375, 64, 64, 64
L 309.8750, 112.0000, 124.9375, 324.8750, 112.0000, 123.9375, 64, 64, 64
L 539.2546, 49.4413, 309.8750, 559.2546, 29.4726, 354.2188, 64, 64, 64
L -377.8438, -1406.0000, -10.0000, -374.8438, -1406.0000, -10.0000, 64, 64, 64
L -304.8750, -1406.0000, -2.0000, -301.8750, -1406.0000, -10.0000, 64, 64, 64
L 869.7169, 622.8715, 89.9688, 969.6857, 572.9027, 93.9688, 64, 64, 64
L 700.2674, 1398.8889, 92.9688, 710.2674, 1408.8889, 30.0000, 64, 64, 64
L -319.8750, -536.0000, 114.9688, -293.8750, -536.0000, 114.9688, 64, 64, 64
L -30.0000, -536.0000, 114.9688, -5.0000, -536.0000, 114.9688, 64, 64, 64
L -80.0000, -586.7500, 138.9375, -80.0000, -576.7812, 137.9375, 64, 64, 64
L -80.0000, -526.7812, 176.9375, -80.0000, -516.7812, 176.9375, 64, 64, 64
L -80.0000, 0.0000, 84.9688, -80.0000, 30.0000, 84.9688, 64, 64, 64
L 116.6507, -785.1594, 189.9375, 119.6195, -787.1595, 189.9375, 64, 64, 64
L 84.9688, -712.0000, 174.9375, 89.9688, -712.0000, 185.9375, 64, 64, 64
L 164.9375, -712.0000, 174.9375, 169.9375, -712.0000, 185.9375, 64, 64, 64
L 529.7249, 1559.5443, 30.0000, 559.7249, 1569.5444, 0.0000, 64, 64, 64
L 749.6025, -729.8036, 119.9375, 759.6025, -739.8036, 139.9375, 64, 64, 64
L 1039.4933, -1019.6943, 139.9375, 1049.4933, -1029.6942, 139.9375, 64, 64, 64
L -560.0000, 39.9688, 169.9375, -560.0000, 69.9688, 167.9375, 64, 64, 64
L 1310.2623, 78.9812, 30.0000, 1314.1344, 67.3648, 6.2500, 64, 64, 64
L 1314.8867, 65.1081, 6.2500, 1319.8867, 50.1080, 30.0000, 64, 64, 64
L -201.3239, -802.9067, 173.9375, -186.3553, -802.8399, 172.9375, 64, 64, 64
L -166.3555, -802.7507, 145.9375, -151.3556, -802.6837, 145.9375, 64, 64, 64
L 113.5480, -801.5011, 114.9688, 118.5479, -801.4788, 125.9375, 64, 64, 64
L 839.6588, -798.2595, 124.9375, 846.6589, -798.2283, 124.9375, 64, 64, 64
L -224.9062, -428.0000, 146.9375, -99.9688, -428.0000, 148.9375, 64, 64, 64
L 595.1865, -1488.9695, 264.9062, 620.1866, -1513.9696, 265.9062, 64, 64, 64
L -138.0000, -311.8750, 141.9375, -138.0000, -302.8750, 117.9375, 64, 64, 64
L -138.0000, -251.9062, 141.9375, -138.0000, -242.9062, 117.9375, 64, 64, 64
L -138.0000, -191.9375, 141.9375, -138.0000, -182.9375, 117.9375, 64, 64, 64
L 229.9062, -1554.0000, -10.0000, 249.9062, -1554.0000, 30.0000, 64, 64, 64
L 709.7188, -1554.0000, -10.0000, 729.7188, -1554.0000, 30.0000, 64, 64, 64
L -144.9375, -182.0000, 117.9375, -137.9375, -182.0000, 117.9375, 64, 64, 64
L -17.0000, -182.0000, 117.9375, -10.0000, -182.0000, 117.9375, 64, 64, 64
L 379.8438, -182.0000, 114.9688, 404.8438, -182.0000, 115.9688, 64, 64, 64
L 84.9688, -702.0000, 185.9375, 89.9688, -702.0000, 174.9375, 64, 64, 64
L 164.9375, -702.0000, 185.9375, 169.9375, -702.0000, 174.9375, 64, 64, 64
L 389.9288, -1349.5538, 285.8750, 394.9288, -1344.5538, 294.8750, 64, 64, 64
L 634.8351, -1104.6476, 265.9062, 639.8351, -1099.6476, 264.9062, 64, 64, 64
L 279.8750, -156.0000, 140.9375, 294.8750, -156.0000, 139.9375, 64, 64, 64
L 489.8125, -156.0000, 140.9375, 504.8125, -156.0000, 140.9375, 64, 64, 64
L 857.6562, -528.0000, 146.9375, 866.6562, -528.0000, 112.9688, 64, 64, 64
L 992.5938, -528.0000, 112.9688, 1001.5938, -528.0000, 146.9375, 64, 64, 64
L -44.6017, 1129.1956, 90.9688, 85.3358, 1259.1332, 90.9688, 64, 64, 64
L 299.7051, -1199.3613, 285.8750, 314.7051, -1184.3613, 284.8750, 64, 64, 64
L -44.9067, 1079.3766, 89.9688, -29.9379, 1084.3766, 89.9688, 64, 64, 64
L 340.1260, -1344.2177, 265.9062, 345.1260, -1349.2177, 284.8750, 64, 64, 64
L -125.9375, -238.0000, 186.9375, -121.9375, -238.0000, 186.9375, 64, 64, 64
L -109.9688, -238.0000, 175.9375, -104.9688, -238.0000, 175.9375, 64, 64, 64
L -49.9688, -238.0000, 175.9375, -44.9688, -238.0000, 175.9375, 64, 64, 64
L 365.1097, 1386.1719, 159.9375, 368.1096, 1389.1719, 159.9375, 64, 64, 64
L 420.1097, 1441.1719, 103.9688, 423.1096, 1444.1719, 159.9375, 64, 64, 64
L 279.8750, -48.0000, 134.9375, 294.8750, -48.0000, 135.9375, 64, 64, 64
L 489.8125, -48.0000, 134.9375, 504.8125, -48.0000, 135.9375, 64, 64, 64
L 584.7812, -48.0000, 126.9375, 599.7500, -48.0000, 126.9375, 64, 64, 64
L 89.7754, -929.8182, 206.9062, 99.7755, -939.8183, 174.9375, 64, 64, 64
L 219.7130, -1059.7559, 265.9062, 244.7130, -1084.7559, 265.9062, 64, 64, 64
L 579.5919, -1434.2482, 264.9062, 584.5919, -1429.2482, 264.9062, 64, 64, 64
L 818.4501, -791.2818, 120.9375, 853.4188, -791.3365, 119.9375, 64, 64, 64
L 1063.3248, -791.6650, 119.9375, 1098.3248, -791.7198, 119.9375, 64, 64, 64
L 284.8750, 136.0000, 134.9375, 299.8750, 136.0000, 135.9375, 64, 64, 64
L -188.0000, -834.6562, 163.9375, -188.0000, -819.6875, 162.9375, 64, 64, 64
L -188.0000, -79.9688, 100.9688, -188.0000, -64.9688, 101.9688, 64, 64, 64
L -188.0000, -59.9688, 106.9688, -188.0000, -44.9688, 106.9688, 64, 64, 64
L 409.8438, -1244.0000, -10.0000, 669.7188, -1244.0000, -10.0000, 64, 64, 64
L -182.0000, -834.6562, 160.9375, -182.0000, -819.6875, 160.9375, 64, 64, 64
L -182.0000, -79.9688, 98.9688, -182.0000, -64.9688, 98.9688, 64, 64, 64
L -182.0000, -59.9688, 109.9688, -182.0000, -44.9688, 109.9688, 64, 64, 64
L 279.8750, -36.0000, 141.9375, 294.8750, -36.0000, 141.9375, 64, 64, 64
L 489.8125, -36.0000, 141.9375, 504.8125, -36.0000, 141.9375, 64, 64, 64
L 744.6875, -36.0000, 69.9688, 759.6875, -36.0000, 69.9688, 64, 64, 64
L 340.0760, -1229.7009, 284.8750, 345.0760, -1224.7009, 265.9062, 64, 64, 64
L -224.9062, -480.0000, 130.9375, -209.9062, -480.0000, 130.9375, 64, 64, 64
L -114.9688, -480.0000, 128.9375, -99.9688, -480.0000, 130.9375, 64, 64, 64
L 69.9688, -480.0000, 84.9688, 84.9688, -480.0000, 114.9688, 64, 64, 64
L 839.6541, -795.0894, 122.9375, 848.6542, -795.0581, 122.9375, 64, 64, 64
L 1075.3269, -794.2710, 123.9375, 1102.3268, -794.1772, 123.9375, 64, 64, 64
L 578.7577, -1444.4714, 294.8750, 594.2542, -1428.9426, 265.9062, 64, 64, 64
L 689.3844, 1429.3262, 30.0000, 699.3844, 1399.3262, 30.0000, 64, 64, 64
L 679.8634, 1419.8715, 30.0000, 709.8634, 1409.8715, 30.0000, 64, 64, 64
L -12.0000, -539.7812, 174.9375, -12.0000, -534.7812, 185.9375, 64, 64, 64
L -12.0000, 66.9688, 144.9375, -12.0000, 69.9688, 144.9375, 64, 64, 64
L 679.7707, 1409.2821, 30.0000, 709.7706, 1419.2821, 30.0000, 64, 64, 64
L 689.9240, 1399.3691, 30.0000, 699.9240, 1429.3691, 30.0000, 64, 64, 64
L 684.7188, -716.0000, 114.9688, 689.7188, -716.0000, 125.9375, 64, 64, 64
L 1089.7968, -105.5040, 114.9688, 1109.7811, -125.4884, 129.9375, 64, 64, 64
L 1199.3652, -215.0724, 167.9375, 1264.3340, -280.0412, 89.9688, 64, 64, 64
L 1090.0000, -839.6562, 124.9375, 1090.0000, -829.6562, 124.9375, 64, 64, 64
L 1090.0000, -809.6875, 139.9375, 1090.0000, -799.6875, 124.9375, 64, 64, 64
L 1090.0000, -89.9688, 114.9688, 1090.0000, -64.9688, 114.9688, 64, 64, 64
L 1090.0000, 69.9688, 121.9375, 1090.0000, 289.8750, 121.9375, 64, 64, 64
L -994.8688, 509.0264, 30.0000, -964.4288, 519.1942, 30.0000, 64, 64, 64
L -539.1731, 80.6523, 30.0000, -535.8387, 70.6492, 14.1562, 64, 64, 64
L -534.0288, 65.2196, 6.2500, -529.0288, 50.2196, 30.0000, 64, 64, 64
L -102.9688, -292.0000, 186.9375, -51.9688, -292.0000, 186.9375, 64, 64, 64
L 659.4099, 1399.7770, 89.9688, 674.3785, 1414.7769, 89.9688, 64, 64, 64
L 684.7188, -728.0000, 114.9688, 689.7188, -728.0000, 114.9688, 64, 64, 64
L 115.6668, -806.8856, 176.9375, 117.6355, -809.8856, 176.9375, 64, 64, 64
L -49.3729, -527.3771, 186.9375, -44.3729, -522.3771, 186.9375, 64, 64, 64
L 834.8377, -450.1755, 114.9688, 844.8378, -445.1755, 109.9688, 64, 64, 64
L -269.9062, -556.0000, 120.9375, -259.9062, -556.0000, 119.9375, 64, 64, 64
L -64.9688, -556.0000, 120.9375, -54.9688, -556.0000, 120.9375, 64, 64, 64
L -312.0000, -539.7812, 185.9375, -312.0000, -534.7812, 185.9375, 64, 64, 64
L 324.8750, -336.0000, 79.9688, 329.8750, -336.0000, 79.9688, 64, 64, 64
L 459.8125, -336.0000, 84.9688, 479.8125, -336.0000, 84.9688, 64, 64, 64
L 898.6250, -336.0000, 112.9688, 960.6250, -336.0000, 112.9688, 64, 64, 64
L 390.0000, -1834.2812, -10.0000, 390.0000, -1734.3125, 49.9688, 64, 64, 64
L 390.0000, -1544.3750, -10.0000, 390.0000, -1524.3750, 20.0000, 64, 64, 64
L 390.0000, -1344.4688, -10.0000, 390.0000, -1329.4688, 20.0000, 64, 64, 64
L 390.0000, -244.9062, 84.9688, 390.0000, -219.9062, 69.9688, 64, 64, 64
L 390.0000, -209.9062, 69.9688, 390.0000, -179.9375, 69.9688, 64, 64, 64
L 144.9375, -402.0000, 180.9375, 149.9375, -402.0000, 169.9375, 64, 64, 64
L 857.6562, -356.0000, 112.9688, 866.6562, -356.0000, 112.9688, 64, 64, 64
L 992.5938, -356.0000, 146.9375, 1001.5938, -356.0000, 146.9375, 64, 64, 64
L 754.0000, -339.8750, 69.9688, 754.0000, -324.8750, 84.9688, 64, 64, 64
L -109.9688, -226.0000, 175.9375, -104.9688, -226.0000, 184.9375, 64, 64, 64
L -49.9688, -226.0000, 184.9375, -44.9688, -226.0000, 175.9375, 64, 64, 64
L 329.4192, -1229.0442, 265.9062, 344.4192, -1214.0442, 265.9062, 64, 64, 64
L 298.0000, -109.9688, 117.9375, 298.0000, -84.9688, 117.9375, 64, 64, 64
L 259.9062, -1130.0000, 285.8750, 579.7812, -1130.0000, 294.8750, 64, 64, 64
L 1089.2960, -64.7023, 129.9375, 1109.2960, -44.7023, 114.9688, 64, 64, 64
L -299.8750, -228.0000, 186.9375, -294.8750, -228.0000, 186.9375, 64, 64, 64
L -984.0000, 379.8438, 89.9688, -984.0000, 499.8125, 94.9688, 64, 64, 64
L -262.9062, 290.0000, 54.9688, -232.9062, 290.0000, 54.9688, 64, 64, 64
L 1062.5625, 290.0000, 50.9688, 1092.5625, 290.0000, 50.9688, 64, 64, 64
L 119.9375, -828.0000, 182.9375, 134.9375, -828.0000, 182.9375, 64, 64, 64
L -224.9062, -424.0000, 150.9375, -99.9688, -424.0000, 150.9375, 64, 64, 64
L 279.8750, -116.0000, 120.9375, 294.8750, -116.0000, 120.9375, 64, 64, 64
L 490.1175, -1214.1948, 264.9062, 505.1176, -1229.1949, 264.9062, 64, 64, 64
L -49.6592, 1113.6357, 4.8125, -34.6905, 1118.6357, 30.0000, 64, 64, 64
L -294.8750, -520.0000, 174.9375, -278.8750, -520.0000, 186.9375, 64, 64, 64
L 1004.5938, -520.0000, 84.9688, 1069.5625, -520.0000, 84.9688, 64, 64, 64
L 934.0702, -119.3810, 129.9375, 944.0702, -109.4122, 129.9375, 64, 64, 64
L -84.8374, -234.7749, 186.9375, -79.8374, -239.7749, 186.9375, 64, 64, 64
L 45.1001, -364.7124, 129.9375, 60.1001, -379.7124, 129.9375, 64, 64, 64
L -994.4550, 519.8447, 30.0000, -964.5952, 509.8707, 30.0000, 64, 64, 64
L 374.8438, 204.0000, 139.9375, 384.8438, 204.0000, 139.9375, 64, 64, 64
L 399.8438, 204.0000, 122.9375, 409.8438, 204.0000, 122.9375, 64, 64, 64
L 556.0000, -30.0000, 135.9375, 556.0000, -15.0000, 136.9375, 64, 64, 64
L 619.2399, -1100.0725, 265.9062, 624.2399, -1105.0725, 265.9062, 64, 64, 64
L -69.9688, -734.0000, 143.9375, -54.9688, -734.0000, 158.9375, 64, 64, 64
L 874.6562, -734.0000, 120.9375, 1044.5938, -734.0000, 120.9375, 64, 64, 64
L 368.0000, -209.9062, 121.9375, 368.0000, -194.9375, 122.9375, 64, 64, 64
L 368.0000, 0.0000, 121.9375, 368.0000, 15.0000, 122.9375, 64, 64, 64
L -180.2234, -239.6204, 161.9375, -170.2234, -229.6204, 161.9375, 64, 64, 64
L -100.2546, -159.6516, 114.9688, -90.2546, -149.6516, 114.9688, 64, 64, 64
L -60.2233, -119.6203, 114.9688, -45.2389, -104.6359, 129.9375, 64, 64, 64
L -344.0000, 979.5938, 89.9688, -344.0000, 989.5938, 89.9688, 64, 64, 64
L 375.8423, -109.9702, 114.9688, 379.8423, -113.9702, 115.9688, 64, 64, 64
L -224.9062, -476.0000, 132.9375, -209.9062, -476.0000, 132.9375, 64, 64, 64
L -114.9688, -476.0000, 132.9375, -99.9688, -476.0000, 134.9375, 64, 64, 64
L 275.8750, -178.0000, 144.9375, 278.8750, -178.0000, 144.9375, 64, 64, 64
L 505.8125, -178.0000, 144.9375, 508.7812, -178.0000, 144.9375, 64, 64, 64
L 369.8438, -1240.0000, 299.8750, 464.8125, -1240.0000, 285.8750, 64, 64, 64
L 184.0000, -1464.4062, 30.0000, 184.0000, -1314.4688, 30.0000, 64, 64, 64
L 184.0000, -1299.4688, 30.0000, 184.0000, -1149.5312, 30.0000, 64, 64, 64
L 184.0000, -1134.5312, -10.0000, 184.0000, -1074.5625, 30.0000, 64, 64, 64
L 184.0000, -109.9688, 114.9688, 184.0000, -104.9688, 125.9375, 64, 64, 64
L 184.0000, -89.9688, 114.9688, 184.0000, -84.9688, 114.9688, 64, 64, 64
L 110.1564, 1249.3130, 130.9375, 120.1251, 1259.3130, 130.9375, 64, 64, 64
L 878.0000, -224.9062, 114.9688, 878.0000, -219.9062, 125.9375, 64, 64, 64
L 878.0000, -144.9375, 125.9375, 878.0000, -139.9375, 125.9375, 64, 64, 64
L -835.2977, 230.5468, 73.4062, -815.3290, 250.5468, 89.9688, 64, 64, 64
L 819.6880, -847.2838, 120.9375, 844.3969, -847.3224, 123.9375, 64, 64, 64
L 1067.2372, -847.6712, 122.9375, 1098.2372, -847.7197, 122.9375, 64, 64, 64
L 1230.0000, -639.7500, 69.9688, 1230.0000, -609.7500, 84.9688, 64, 64, 64
L 1066.0000, -847.6562, 121.9375, 1066.0000, -791.6875, 121.9375, 64, 64, 64
L 284.8750, -1274.0000, 284.8750, 299.8750, -1274.0000, 284.8750, 64, 64, 64
L 272.0000, 179.9375, 179.9375, 272.0000, 219.9062, 167.9375, 64, 64, 64
L -209.9062, -438.0000, 147.9375, -114.9688, -438.0000, 146.9375, 64, 64, 64
L 899.9845, -565.1407, 114.9688, 914.9845, -550.1407, 114.9688, 64, 64, 64
L 86.6038, -920.9898, 177.9375, 88.6039, -922.9899, 177.9375, 64, 64, 64
L 634.8851, -1469.2711, 265.9062, 639.8851, -1474.2711, 264.9062, 64, 64, 64
L -76.0000, -586.7500, 136.9375, -76.0000, -576.7812, 136.9375, 64, 64, 64
L 279.8750, -58.0000, 129.9375, 294.8750, -58.0000, 130.9375, 64, 64, 64
L 489.8125, -58.0000, 130.9375, 504.8125, -58.0000, 130.9375, 64, 64, 64
L 584.7812, -58.0000, 121.9375, 599.7500, -58.0000, 121.9375, 64, 64, 64
L -299.8750, -672.0000, 174.9375, -294.8750, -672.0000, 174.9375, 64, 64, 64
L 84.9688, -672.0000, 174.9375, 89.9688, -672.0000, 185.9375, 64, 64, 64
L 164.9375, -672.0000, 174.9375, 169.9375, -672.0000, 185.9375, 64, 64, 64
L 106.6227, 1283.9791, 169.9375, 120.4988, 1270.0596, 169.9375, 64, 64, 64
L 390.4155, -1833.6211, -10.0000, 540.3530, -1963.5586, -10.0000, 64, 64, 64
L 30.0000, -272.0000, 160.9375, 35.0000, -272.0000, 154.9375, 64, 64, 64
L 149.9375, -272.0000, 154.9375, 154.9375, -272.0000, 154.9375, 64, 64, 64
L 829.7810, 1109.1859, 30.0000, 839.7809, 1112.4984, 13.1875, 64, 64, 64
L 72.0000, -154.9375, 174.9375, 72.0000, -139.9375, 175.9375, 64, 64, 64
L 688.8289, 1279.2034, 30.0000, 698.8289, 1249.2034, 30.0000, 64, 64, 64
L 679.9403, 1270.1648, 30.0000, 709.9403, 1260.1648, 30.0000, 64, 64, 64
L 108.0000, -983.5938, 182.9375, 108.0000, -980.5938, 201.9062, 64, 64, 64
L 108.0000, -943.6250, 182.9375, 108.0000, -940.6250, 201.9062, 64, 64, 64
L 679.6937, 1259.5753, 30.0000, 709.6937, 1269.5753, 30.0000, 64, 64, 64
L 770.0000, -549.7812, 129.9375, 770.0000, -494.8125, 114.9688, 64, 64, 64
L 690.4796, 1249.2465, 30.0000, 700.4796, 1279.2465, 30.0000, 64, 64, 64
L 78.0000, -154.9375, 177.9375, 78.0000, -139.9375, 177.9375, 64, 64, 64
L 336.0000, -209.9062, 138.9375, 336.0000, -194.9375, 138.9375, 64, 64, 64
L 336.0000, 0.0000, 137.9375, 336.0000, 15.0000, 137.9375, 64, 64, 64
L 975.3101, -513.6154, 111.9688, 977.2789, -515.1779, 111.9688, 64, 64, 64
L 552.0000, -30.0000, 137.9375, 552.0000, -15.0000, 138.9375, 64, 64, 64
L 659.4362, 1259.3960, 89.9688, 664.4050, 1244.3959, 30.0000, 64, 64, 64
L -54.9688, -1234.0000, -10.0000, 15.0000, -1234.0000, -10.0000, 64, 64, 64
L -286.0000, -1434.4375, -2.0000, -286.0000, -1424.4375, -2.0000, 64, 64, 64
L -286.0000, -1341.4688, -2.0000, -286.0000, -1338.4688, -2.0000, 64, 64, 64
L 984.0959, -975.1258, 160.9375, 989.0960, -980.0946, 160.9375, 64, 64, 64
L 426.0000, -209.9062, 126.9375, 426.0000, -194.9375, 126.9375, 64, 64, 64
L 426.0000, -0.0000, 127.9375, 426.0000, 15.0000, 127.9375, 64, 64, 64
L 426.0000, 329.8750, 89.9688, 426.0000, 349.8750, 89.9688, 64, 64, 64
L -329.6542, 934.5723, 30.0000, -184.6974, 1079.4906, 30.0000, 64, 64, 64
L 135.2202, 1399.3230, 30.0000, 265.1064, 1529.1748, 40.5938, 64, 64, 64
L 374.8438, 82.0000, 122.9375, 381.8438, 82.0000, 122.9375, 64, 64, 64
L 402.8438, 82.0000, 122.9375, 409.8438, 82.0000, 122.9375, 64, 64, 64
L 969.2279, 449.2766, 121.9375, 1050.5159, 389.0461, 121.9375, 64, 64, 64
L 1390.0000, -279.8750, 30.3125, 1390.0000, -244.9062, 79.9688, 64, 64, 64
L 364.1521, -1320.1604, 264.9062, 369.1520, -1325.1604, 265.9062, 64, 64, 64
L 111.7292, -792.1758, 187.9375, 114.7292, -792.1805, 176.9375, 64, 64, 64
L 137.6979, -792.2164, 187.9375, 140.6979, -792.2211, 176.9375, 64, 64, 64
L 819.6880, -793.2838, 122.9375, 839.6568, -793.3150, 121.9375, 64, 64, 64
L 849.4158, -793.3303, 121.9375, 851.4158, -793.3334, 121.9375, 64, 64, 64
L 1065.3218, -793.6682, 121.9375, 1098.3218, -793.7198, 120.9375, 64, 64, 64
L 976.0000, -534.7812, 112.9688, 976.0000, -514.7812, 112.9688, 64, 64, 64
L 69.9688, -624.0000, 69.9688, 159.9375, -624.0000, 84.9688, 64, 64, 64
L 1199.5312, -624.0000, 84.9688, 1214.5000, -624.0000, 69.9688, 64, 64, 64
L 486.0000, -109.9688, 119.9375, 486.0000, -84.9688, 118.9375, 64, 64, 64
L -129.9375, -236.0000, 186.9375, -125.9375, -236.0000, 171.9375, 64, 64, 64
L 434.2639, -1345.0173, 299.8750, 439.2639, -1350.0173, 294.8750, 64, 64, 64
L 899.6250, -502.0000, 114.9688, 954.6250, -502.0000, 114.9688, 64, 64, 64
L 284.9561, -1399.3564, 284.8750, 289.9561, -1404.3563, 284.8750, 64, 64, 64
L -295.7683, -230.2511, 161.9375, -285.7788, -240.2615, 186.9375, 64, 64, 64
L -280.5107, -245.5406, 114.9688, -265.5419, -260.5406, 129.9375, 64, 64, 64
L 2.0000, -109.9688, 168.9375, 2.0000, -104.9688, 168.9375, 64, 64, 64
L 2.0000, -89.9688, 179.9375, 2.0000, -84.9688, 168.9375, 64, 64, 64
L 220.3374, -1444.0059, 265.9062, 245.3375, -1468.9746, 264.9062, 64, 64, 64
L -183.0027, 389.9312, 121.9375, -170.9714, 398.8999, 121.9375, 64, 64, 64
L 480.0000, -1319.4688, 294.8750, 480.0000, -1254.5000, 265.9062, 64, 64, 64
L 480.0000, -335.8750, 84.9688, 480.0000, -234.9062, 69.9688, 64, 64, 64
L 480.0000, -109.9688, 115.9688, 480.0000, -84.9688, 116.9688, 64, 64, 64
L -694.6981, 819.7497, 30.0000, -664.6981, 809.7496, 30.0000, 64, 64, 64
L 419.7922, 134.9889, 119.9375, 429.7609, 144.9889, 119.9375, 64, 64, 64
L 969.2739, 574.6652, 169.9375, 1164.3273, 389.6285, 93.9688, 64, 64, 64
L 819.6320, -949.6802, 159.9375, 829.6008, -959.6803, 119.9375, 64, 64, 64
L 889.4911, -1019.7584, 119.9375, 899.4598, -1029.7583, 139.9375, 64, 64, 64
L 119.9375, -938.0000, 178.9375, 134.9375, -938.0000, 178.9375, 64, 64, 64
L -544.5741, 959.0035, 30.0000, -514.5741, 969.0035, 30.0000, 64, 64, 64
L 968.0000, -224.9062, 114.9688, 968.0000, -219.9062, 125.9375, 64, 64, 64
L 968.0000, -144.9375, 125.9375, 968.0000, -139.9375, 125.9375, 64, 64, 64
L 109.3422, -75.5939, 167.9375, 124.3110, -90.5939, 167.9375, 64, 64, 64
L -356.8438, -1368.0000, -2.0000, -324.8750, -1368.0000, 0.0000, 64, 64, 64
L 215.6096, -1105.2659, 264.9062, 220.6096, -1100.2659, 265.9062, 64, 64, 64
L -294.8750, -1392.0000, -10.0000, -271.9062, -1392.0000, 0.0000, 64, 64, 64
L 115.7117, -766.8562, 187.9375, 117.6805, -769.8561, 187.9375, 64, 64, 64
L 279.8750, -126.0000, 124.9375, 294.8750, -126.0000, 124.9375, 64, 64, 64
L 489.8125, -126.0000, 125.9375, 504.8125, -126.0000, 125.9375, 64, 64, 64
L 279.8750, -122.0000, 123.9375, 294.8750, -122.0000, 123.9375, 64, 64, 64
L 489.8125, -122.0000, 123.9375, 504.8125, -122.0000, 123.9375, 64, 64, 64
L -966.6804, 499.1412, 130.9375, -964.1803, 500.7975, 167.9375, 64, 64, 64
L 114.3364, 1230.1283, 89.9688, 119.3052, 1235.1283, 89.9688, 64, 64, 64
L 559.9975, -899.4088, 114.9688, 574.9974, -914.4087, 114.9688, 64, 64, 64
L 199.9062, -1060.0000, 265.9062, 219.9062, -1060.0000, 265.9062, 64, 64, 64
L 619.7500, -1060.0000, 265.9062, 639.7500, -1060.0000, 264.9062, 64, 64, 64
L -356.0000, -1367.4375, -2.0000, -356.0000, -1364.4688, -2.0000, 64, 64, 64
L -144.9375, -252.0000, 117.9375, -137.9375, -252.0000, 141.9375, 64, 64, 64
L -17.0000, -252.0000, 141.9375, -10.0000, -252.0000, 141.9375, 64, 64, 64
L 279.8750, -76.0000, 121.9375, 294.8750, -76.0000, 121.9375, 64, 64, 64
L 489.8125, -76.0000, 120.9375, 504.8125, -76.0000, 121.9375, 64, 64, 64
L 409.8438, -1264.0000, 49.9688, 669.7188, -1264.0000, 49.9688, 64, 64, 64
L 949.1072, -550.2990, 129.9375, 964.1073, -565.2991, 114.9688, 64, 64, 64
L 249.9062, -348.0000, 69.9688, 324.8750, -348.0000, 84.9688, 64, 64, 64
L 454.8125, -348.0000, 69.9688, 459.8125, -348.0000, 69.9688, 64, 64, 64
L -524.2626, 980.1140, 89.9688, -514.2626, 970.1453, 89.9688, 64, 64, 64
L 619.3287, -1484.8274, 265.9062, 624.3287, -1489.8274, 264.9062, 64, 64, 64
L -180.0000, -834.6562, 158.9375, -180.0000, -819.6875, 158.9375, 64, 64, 64
L -180.0000, -684.7188, 204.9062, -180.0000, -609.7500, 174.9375, 64, 64, 64
L -180.0000, -264.9062, 186.9375, -180.0000, -239.9062, 186.9375, 64, 64, 64
L -180.0000, -204.9062, 167.9375, -180.0000, -179.9375, 186.9375, 64, 64, 64
L -180.0000, -79.9688, 97.9688, -180.0000, -64.9688, 96.9688, 64, 64, 64
L -180.0000, -59.9688, 110.9688, -180.0000, -44.9688, 110.9688, 64, 64, 64
L 1125.2505, -330.5616, 129.9375, 1140.2192, -315.5616, 129.9375, 64, 64, 64
L 1054.0000, -644.7500, 84.9688, 1054.0000, -609.7500, 69.9688, 64, 64, 64
L 1054.0000, -504.8125, 69.9688, 1054.0000, -474.8125, 84.9688, 64, 64, 64
L 1054.0000, -394.8438, 84.9688, 1054.0000, -359.8438, 69.9688, 64, 64, 64
L 544.0000, -179.9375, 114.9688, 544.0000, -164.9375, 114.9688, 64, 64, 64
L 544.0000, -30.0000, 141.9375, 544.0000, -15.0000, 142.9375, 64, 64, 64
L 115.2651, -812.2256, 176.9375, 117.2339, -809.2256, 176.9375, 64, 64, 64
L -324.8750, -1322.0000, -10.0000, -294.8750, -1322.0000, -10.0000, 64, 64, 64
L 374.8438, 172.0000, 122.9375, 381.8438, 172.0000, 122.9375, 64, 64, 64
L 402.8438, 172.0000, 122.9375, 409.8438, 172.0000, 122.9375, 64, 64, 64
L 412.0000, -209.9062, 120.9375, 412.0000, -194.9375, 119.9375, 64, 64, 64
L 412.0000, -0.0000, 120.9375, 412.0000, 15.0000, 119.9375, 64, 64, 64
L 412.0000, 64.9688, 119.9375, 412.0000, 79.9688, 120.9375, 64, 64, 64
L 1024.5022, 389.8071, 119.9375, 1064.4709, 289.8383, 121.9375, 64, 64, 64
L -345.9467, 388.6815, 90.9688, -140.4519, 585.3187, 90.9688, 64, 64, 64
L 539.7812, -1964.0000, 49.9688, 639.7500, -1964.0000, 49.9688, 64, 64, 64
L -674.4865, 250.6017, 89.9688, -659.5176, 245.6017, 30.0000, 64, 64, 64
L 954.7913, -329.7088, 114.9688, 974.7913, -349.7088, 149.9375, 64, 64, 64
L -102.9688, -172.0000, 185.9375, -51.9688, -172.0000, 185.9375, 64, 64, 64
L 1619.5602, 199.6898, 90.9688, 1629.5602, 209.6898, 90.9688, 64, 64, 64
L 929.0685, -960.1812, 160.9375, 934.0687, -965.1813, 164.9375, 64, 64, 64
L 76.0000, -154.9375, 175.9375, 76.0000, -139.9375, 176.9375, 64, 64, 64
L -121.9375, -328.0000, 141.9375, -114.9688, -328.0000, 117.9375, 64, 64, 64
L -41.9688, -328.0000, 141.9375, -33.0000, -328.0000, 141.9375, 64, 64, 64
L 1614.1471, 215.4967, 4.8125, 1629.1470, 220.4966, 30.0000, 64, 64, 64
L 1599.4940, 209.5494, 30.0000, 1614.4628, 214.5494, 6.2500, 64, 64, 64
L 404.2386, -113.3636, 115.9688, 408.2386, -109.3636, 115.9688, 64, 64, 64
L 122.0000, -729.7188, 174.9375, 122.0000, -724.7188, 185.9375, 64, 64, 64
L 122.0000, -649.7500, 185.9375, 122.0000, -644.7500, 185.9375, 64, 64, 64
L 1614.2241, 214.5474, 6.2500, 1629.2241, 209.5474, 30.0000, 64, 64, 64
L 1451.7727, 247.8074, 30.0000, 1459.2727, 250.3075, 30.0000, 64, 64, 64
L -326.0000, -1404.4375, -10.0000, -326.0000, -1401.4375, -10.0000, 64, 64, 64
L -326.0000, -1331.4688, -10.0000, -326.0000, -1328.4688, -2.0000, 64, 64, 64
L 1444.3586, 245.1425, 89.9688, 1451.8273, 247.6425, 89.9688, 64, 64, 64
L 1122.0000, -144.9375, 114.9688, 1122.0000, -139.9375, 125.9375, 64, 64, 64
L -304.8750, -1456.0000, 5.0000, -294.8750, -1456.0000, 5.0000, 64, 64, 64
L -104.9688, -1456.0000, -10.0000, -94.9688, -1456.0000, 5.0000, 64, 64, 64
L 1449.6569, 209.1549, 30.0000, 1479.6567, 219.1548, 30.0000, 64, 64, 64
L -134.9375, -1174.0000, -10.0000, -84.9688, -1174.0000, -10.0000, 64, 64, 64
L -209.9062, -718.0000, 143.9375, -204.9062, -718.0000, 154.9375, 64, 64, 64
L -119.9375, -718.0000, 143.9375, -114.9688, -718.0000, 143.9375, 64, 64, 64
L -964.4988, 359.9704, 94.9688, -954.4988, 350.0016, 94.9688, 64, 64, 64
L 922.0000, -174.9375, 125.9375, 922.0000, -169.9375, 125.9375, 64, 64, 64
L 158.0000, -264.9062, 166.9375, 158.0000, -262.9062, 164.9375, 64, 64, 64
L 158.0000, -211.9062, 200.9062, 158.0000, -209.9062, 202.9062, 64, 64, 64
L -264.9062, -492.0000, 144.9375, -249.9062, -492.0000, 114.9688, 64, 64, 64
L -224.9062, -492.0000, 118.9375, -209.9062, -492.0000, 116.9688, 64, 64, 64
L -114.9688, -492.0000, 116.9688, -99.9688, -492.0000, 118.9375, 64, 64, 64
L -74.9688, -492.0000, 144.9375, -59.9688, -492.0000, 114.9688, 64, 64, 64
L -835.4895, 229.6285, 30.0000, -825.4895, 199.6285, 30.0000, 64, 64, 64
L 654.0000, -64.9688, 299.8750, 654.0000, 44.9688, 294.8750, 64, 64, 64
L 376.0000, -109.9688, 114.9688, 376.0000, -84.9688, 115.9688, 64, 64, 64
L 376.0000, 299.8750, 119.9375, 376.0000, 319.8750, 122.1875, 64, 64, 64
L 274.0000, -1399.4375, 264.9062, 274.0000, -1174.5312, 265.9062, 64, 64, 64
L 274.0000, -177.9375, 155.9375, 274.0000, -166.9375, 144.9375, 64, 64, 64
L 274.0000, -30.0000, 144.9375, 274.0000, -15.0000, 144.9375, 64, 64, 64
L -844.5809, 209.6802, 30.0000, -814.3319, 219.7632, 30.0000, 64, 64, 64
L 639.1302, -1128.9435, 264.9062, 664.0989, -1103.9435, 264.9062, 64, 64, 64
L 389.8089, -1334.5035, 294.8750, 394.8089, -1339.5035, 299.8750, 64, 64, 64
L -259.8366, -539.8509, 176.9375, -245.8366, -525.8509, 174.9375, 64, 64, 64
L -64.9147, -344.9290, 114.9688, -54.9147, -334.9290, 134.7188, 64, 64, 64
L -34.0000, -334.8750, 117.9375, -34.0000, -327.8750, 117.9375, 64, 64, 64
L -34.0000, -166.9375, 117.9375, -34.0000, -159.9375, 117.9375, 64, 64, 64
L 372.1807, 1379.1008, 159.9375, 375.1807, 1382.1008, 103.9688, 64, 64, 64
L 137.0215, -789.6316, 187.9375, 139.0215, -792.6316, 176.9375, 64, 64, 64
L -434.0000, -279.8750, 29.7188, -434.0000, -244.9062, 79.9688, 64, 64, 64
L 885.1354, -104.4896, 129.9375, 900.1041, -119.4583, 114.9688, 64, 64, 64
L 1095.0417, -314.3958, 114.9688, 1110.0417, -329.3958, 129.9375, 64, 64, 64
L 619.2787, -1089.0912, 264.9062, 624.2787, -1084.0913, 264.9062, 64, 64, 64
L 595.3542, -1460.0117, 285.8750, 610.3542, -1445.0430, 294.8750, 64, 64, 64
L 1440.0000, -609.7500, 89.9688, 1440.0000, -329.8750, 89.9688, 64, 64, 64
L 375.9543, -85.0793, 114.9688, 379.9543, -81.0793, 114.9688, 64, 64, 64
L 1004.5938, -890.0000, 69.9688, 1034.5938, -890.0000, 84.9688, 64, 64, 64
L 1069.5625, -890.0000, 69.9688, 1164.5312, -890.0000, 84.9688, 64, 64, 64
L 424.5069, -1329.1339, 264.9062, 429.4756, -1324.1339, 264.9062, 64, 64, 64
L 442.0000, -209.9062, 134.9375, 442.0000, -194.9375, 135.9375, 64, 64, 64
L 442.0000, -0.0000, 135.9375, 442.0000, 15.0000, 135.9375, 64, 64, 64
L 442.0000, 25.0000, 135.9375, 442.0000, 35.0000, 134.9375, 64, 64, 64
L 418.0000, -209.9062, 123.9375, 418.0000, -194.9375, 122.9375, 64, 64, 64
L 418.0000, -0.0000, 123.9375, 418.0000, 15.0000, 122.9375, 64, 64, 64
L 418.0000, 64.9688, 123.9375, 418.0000, 79.9688, 123.9375, 64, 64, 64
L 235.1834, 1570.2063, 30.0000, 265.1833, 1560.2063, 30.0000, 64, 64, 64
L 749.4481, -619.5106, 139.9375, 759.4481, -609.5106, 139.9375, 64, 64, 64
L 352.0000, -934.6250, 125.9375, 352.0000, -929.6250, 125.9375, 64, 64, 64
L 352.0000, -914.6250, 114.9688, 352.0000, -909.6250, 114.9688, 64, 64, 64
L 352.0000, -209.9062, 129.9375, 352.0000, -194.9375, 129.9375, 64, 64, 64
L 352.0000, 0.0000, 130.9375, 352.0000, 15.0000, 130.9375, 64, 64, 64
L 360.5481, 139.5851, 439.8125, 420.5364, 259.4993, 439.8125, 64, 64, 64
L -277.7610, -531.6677, 174.9375, -269.7922, -539.6677, 176.9375, 64, 64, 64
L -675.2007, 189.4779, 167.9375, -670.1070, 184.1342, 90.9688, 64, 64, 64
L 379.8438, -184.0000, 115.9688, 404.8438, -184.0000, 115.9688, 64, 64, 64
L 1134.5312, -184.0000, 114.9688, 1154.5312, -184.0000, 129.9375, 64, 64, 64
L 389.9032, -1734.3785, -10.0000, 489.8719, -1644.4097, 49.9688, 64, 64, 64
L -269.9062, -562.0000, 123.9375, -259.9062, -562.0000, 122.9375, 64, 64, 64
L -64.9688, -562.0000, 122.9375, -54.9688, -562.0000, 123.9375, 64, 64, 64
L 374.8438, 32.0000, 122.9375, 381.8438, 32.0000, 122.9375, 64, 64, 64
L 402.8438, 32.0000, 122.9375, 409.8438, 32.0000, 122.9375, 64, 64, 64
L 448.0000, -209.9062, 137.9375, 448.0000, -194.9375, 137.9375, 64, 64, 64
L 448.0000, -0.0000, 138.9375, 448.0000, 15.0000, 137.9375, 64, 64, 64
L 448.0000, 25.0000, 137.9375, 448.0000, 35.0000, 138.9375, 64, 64, 64
L 214.0000, -1524.3750, 30.0000, 214.0000, -1479.4062, -10.0000, 64, 64, 64
L 749.6180, -879.7257, 139.9375, 759.6180, -889.7257, 139.9375, 64, 64, 64
L 824.5868, -954.6945, 189.9375, 829.5868, -959.6945, 189.9375, 64, 64, 64
L 969.7762, 574.9390, 93.9688, 974.2137, 570.6891, 93.9688, 64, 64, 64
L 689.7188, -694.0000, 129.9375, 734.7188, -694.0000, 129.9375, 64, 64, 64
L 580.3145, -1129.0293, 265.9062, 595.2831, -1143.9980, 284.8750, 64, 64, 64
L 1050.3704, 389.7544, 121.9375, 1090.3391, 289.7857, 121.9375, 64, 64, 64
L -10.0000, -10.0000, 20.0000, 10.0000, -10.0000, 0.0000, 64, 64, 64
L 179.9375, -10.0000, 204.9062, 259.9062, -10.0000, 204.9062, 64, 64, 64
L 379.8438, -10.0000, 115.9688, 404.8438, -10.0000, 114.9688, 64, 64, 64
L 519.7812, -10.0000, 204.9062, 599.7500, -10.0000, 209.9062, 64, 64, 64
L 465.3690, -1325.0253, 264.9062, 470.3690, -1320.0253, 264.9062, 64, 64, 64
L -299.8750, -662.0000, 185.9375, -294.8750, -662.0000, 185.9375, 64, 64, 64
L 84.9688, -662.0000, 185.9375, 89.9688, -662.0000, 185.9375, 64, 64, 64
L 164.9375, -662.0000, 174.9375, 169.9375, -662.0000, 174.9375, 64, 64, 64
L 944.8298, -110.1735, 129.9375, 949.8297, -105.1736, 114.9688, 64, 64, 64
L -212.0000, -1324.4688, 5.0000, -212.0000, -1314.4688, 5.0000, 64, 64, 64
L -539.8923, 50.0058, 30.0000, -530.0487, 79.5365, 30.0000, 64, 64, 64
L 590.0000, -1644.3438, 30.0000, 590.0000, -1624.3438, 30.0000, 64, 64, 64
L -349.0408, 964.9031, 6.2500, -344.0408, 949.9031, 30.0000, 64, 64, 64
L 912.0000, -174.9375, 114.9688, 912.0000, -169.9375, 114.9688, 64, 64, 64
L 809.6875, -954.0000, 69.9688, 939.6250, -954.0000, 84.9688, 64, 64, 64
L 729.7188, -1774.0000, -10.0000, 749.6875, -1774.0000, -10.0000, 64, 64, 64
L 1329.4688, -1774.0000, -10.0000, 1349.4688, -1774.0000, -10.0000, 64, 64, 64
L -68.0000, -586.7500, 131.9375, -68.0000, -576.7812, 131.9375, 64, 64, 64
L 1299.6881, 70.6269, 30.0000, 1329.6882, 60.6269, 30.0000, 64, 64, 64
L 329.4692, -1344.8745, 264.9062, 344.4691, -1359.8745, 264.9062, 64, 64, 64
L 374.8438, 232.0000, 136.9375, 381.8438, 232.0000, 122.9375, 64, 64, 64
L 402.8438, 232.0000, 122.9375, 409.8438, 232.0000, 122.9375, 64, 64, 64
L -974.4401, 494.5350, 170.9375, -966.9400, 499.5350, 169.9375, 64, 64, 64
L 244.9062, -1374.0000, -10.0000, 349.8750, -1374.0000, 30.0000, 64, 64, 64
L -224.9062, -478.0000, 130.9375, -209.9062, -478.0000, 130.9375, 64, 64, 64
L -114.9688, -478.0000, 130.9375, -99.9688, -478.0000, 130.9375, 64, 64, 64
L 819.6875, -478.0000, 146.9375, 826.6562, -478.0000, 146.9375, 64, 64, 64
L 1032.5938, -478.0000, 146.9375, 1039.5938, -478.0000, 146.9375, 64, 64, 64
L 360.5525, 329.5837, 121.9375, 370.5525, 319.5837, 121.9375, 64, 64, 64
L -256.0000, -586.7500, 131.9375, -256.0000, -576.7812, 132.9375, 64, 64, 64
L 1149.0940, -124.4997, 129.9375, 1169.0940, -104.5309, 129.9375, 64, 64, 64
L 1024.0000, -474.8125, 84.9688, 1024.0000, -444.8125, 69.9688, 64, 64, 64
L 178.0000, -159.9375, 168.9375, 178.0000, -154.9375, 168.9375, 64, 64, 64
L 482.0000, -109.9688, 116.9688, 482.0000, -84.9688, 116.9688, 64, 64, 64
L 146.0000, -1149.5312, 20.0000, 146.0000, -1134.5312, -10.0000, 64, 64, 64
L 146.0000, -983.5938, 201.9062, 146.0000, -980.5938, 182.9375, 64, 64, 64
L 146.0000, -943.6250, 201.9062, 146.0000, -940.6250, 182.9375, 64, 64, 64
L 548.0000, -30.0000, 140.9375, 548.0000, -15.0000, 139.9375, 64, 64, 64
L 1199.2146, 40.2057, 167.9375, 1214.1833, 60.2057, 167.9375, 64, 64, 64
L -224.9062, -488.0000, 122.9375, -209.9062, -488.0000, 120.9375, 64, 64, 64
L -114.9688, -488.0000, 120.9375, -99.9688, -488.0000, 120.9375, 64, 64, 64
L -994.0000, 359.8438, 89.9688, -994.0000, 369.8438, 30.0000, 64, 64, 64
L -994.0000, 509.7812, 30.0000, -994.0000, 519.7812, 139.9375, 64, 64, 64
L 1014.9871, -440.5992, 109.9688, 1024.9871, -435.5992, 114.9688, 64, 64, 64
L 1200.0154, 44.4857, 29.9375, 1214.9840, 59.4857, 51.3750, 64, 64, 64
L 1124.6951, -444.6802, 114.9688, 1139.6638, -459.6802, 114.9688, 64, 64, 64
L 372.2582, 1389.8521, 159.9375, 375.2581, 1386.8521, 103.9688, 64, 64, 64
L 489.4106, -1349.0669, 284.8750, 494.4106, -1344.0669, 284.8750, 64, 64, 64
L 1088.9856, -655.3273, 189.9375, 1118.9856, -685.2960, 189.9375, 64, 64, 64
L 94.7137, -335.1300, 129.9375, 109.7137, -350.1300, 114.9688, 64, 64, 64
L 190.0000, -154.9375, 164.9375, 190.0000, -139.9375, 144.9375, 64, 64, 64
L 1012.0000, -109.9688, 114.9688, 1012.0000, -104.9688, 114.9688, 64, 64, 64
L 1012.0000, -89.9688, 114.9688, 1012.0000, -84.9688, 114.9688, 64, 64, 64
L 639.1619, -1513.8187, 265.9062, 664.1306, -1488.8187, 264.9062, 64, 64, 64
L 244.9062, -1114.0000, 285.8750, 594.7500, -1114.0000, 294.8750, 64, 64, 64
L 279.8750, -146.0000, 134.9375, 294.8750, -146.0000, 134.9375, 64, 64, 64
L 489.8125, -146.0000, 134.9375, 504.8125, -146.0000, 134.9375, 64, 64, 64
L 422.0000, -209.9062, 125.9375, 422.0000, -194.9375, 124.9375, 64, 64, 64
L 422.0000, -0.0000, 125.9375, 422.0000, 15.0000, 124.9375, 64, 64, 64
L 289.8750, -1180.0000, -10.0000, 394.8438, -1180.0000, -10.0000, 64, 64, 64
L 539.3486, 10.4327, 309.8750, 579.5399, 50.6241, 309.8750, 64, 64, 64
L 1042.0000, -584.7812, 114.9688, 1042.0000, -579.7812, 125.9375, 64, 64, 64
L 1042.0000, -564.7812, 125.9375, 1042.0000, -559.7812, 114.9688, 64, 64, 64
L 85.1376, 1419.9440, 30.0000, 115.1376, 1409.9440, 30.0000, 64, 64, 64
L 104.9688, -420.0000, 84.9688, 134.9375, -420.0000, 69.9688, 64, 64, 64
L 149.9375, -420.0000, 69.9688, 234.9062, -420.0000, 69.9688, 64, 64, 64
L -224.9062, -484.0000, 124.9375, -209.9062, -484.0000, 124.9375, 64, 64, 64
L -114.9688, -484.0000, 124.9375, -99.9688, -484.0000, 126.9375, 64, 64, 64
L 1244.4768, -214.9294, 89.9688, 1264.4768, -234.9294, 20.0000, 64, 64, 64
L -132.0000, -664.7188, 154.9375, -132.0000, -659.7500, 143.9375, 64, 64, 64
L -242.0000, -586.7500, 138.9375, -242.0000, -576.7812, 138.9375, 64, 64, 64
L -669.7261, 229.8988, 167.9375, -659.7574, 219.8989, 167.9375, 64, 64, 64
L -174.9375, -136.0000, 105.9688, -169.9375, -136.0000, 105.9688, 64, 64, 64
L 279.8750, -136.0000, 130.9375, 294.8750, -136.0000, 130.9375, 64, 64, 64
L 489.8125, -136.0000, 129.9375, 504.8125, -136.0000, 129.9375, 64, 64, 64
L -62.0000, -1479.4062, -10.0000, -62.0000, -1464.4062, 5.0000, 64, 64, 64
L -62.0000, -1214.5000, 5.0000, -62.0000, -1204.5312, 5.0000, 64, 64, 64
L 106.0000, -983.5938, 201.9062, 106.0000, -980.5938, 182.9375, 64, 64, 64
L 106.0000, -943.6250, 201.9062, 106.0000, -940.6250, 201.9062, 64, 64, 64
L 710.0974, -90.3475, 114.9688, 725.0974, -75.3474, 114.9688, 64, 64, 64
L 760.0288, -120.2796, 114.9688, 775.0288, -105.3109, 114.9688, 64, 64, 64
L 954.6333, -500.7112, 113.9688, 973.6770, -514.7107, 113.9688, 64, 64, 64
L -258.0000, -586.7500, 130.9375, -258.0000, -576.7812, 131.9375, 64, 64, 64
L 874.6562, -904.0000, 120.9375, 1044.5938, -904.0000, 121.9375, 64, 64, 64
L -258.4224, -541.2651, 176.9375, -244.4224, -527.2651, 164.9375, 64, 64, 64
L 379.8438, -188.0000, 117.9375, 404.8438, -188.0000, 118.9375, 64, 64, 64
L -364.8705, 969.5449, 30.0000, -334.4272, 959.3760, 30.0000, 64, 64, 64
L -314.8750, -634.0000, 189.9375, -284.8750, -634.0000, 189.9375, 64, 64, 64
L -340.7585, 929.9916, 89.9688, -329.5710, 933.7104, 30.0000, 64, 64, 64
L 330.1206, 169.4460, 439.8125, 450.0723, 229.3905, 439.8125, 64, 64, 64
L 886.0000, -534.7812, 113.9688, 886.0000, -514.7812, 112.9688, 64, 64, 64
L 279.8750, -142.0000, 133.9375, 294.8750, -142.0000, 132.9375, 64, 64, 64
L 489.8125, -142.0000, 132.9375, 504.8125, -142.0000, 132.9375, 64, 64, 64
L -55.1015, 1099.6067, 30.0000, -45.1014, 1129.6068, 30.0000, 64, 64, 64
L -269.9062, -560.0000, 122.9375, -259.9062, -560.0000, 122.9375, 64, 64, 64
L -64.9688, -560.0000, 122.9375, -54.9688, -560.0000, 122.9375, 64, 64, 64
L 826.6562, -560.0000, 114.9688, 837.6562, -560.0000, 125.9375, 64, 64, 64
L 1031.5938, -560.0000, 114.9688, 1042.5938, -560.0000, 114.9688, 64, 64, 64
L 312.0000, -213.9062, 155.9375, 312.0000, -210.9062, 144.9375, 64, 64, 64
L 312.0000, 16.0000, 155.9375, 312.0000, 19.0000, 155.9375, 64, 64, 64
L 346.0000, -209.9062, 133.9375, 346.0000, -194.9375, 133.9375, 64, 64, 64
L 346.0000, 0.0000, 132.9375, 346.0000, 15.0000, 132.9375, 64, 64, 64
L 109.5669, -119.5357, 164.9375, 124.5357, -104.5669, 167.9375, 64, 64, 64
L 638.0000, -934.6250, 114.9688, 638.0000, -929.6250, 114.9688, 64, 64, 64
L 638.0000, -914.6250, 114.9688, 638.0000, -909.6250, 125.9375, 64, 64, 64
L -549.5449, 59.2597, 30.0000, -519.5449, 69.2597, 30.0000, 64, 64, 64
L -98.9688, -168.0000, 182.9375, -55.9688, -168.0000, 183.9375, 64, 64, 64
L 1104.5625, -382.0000, 125.9375, 1109.5625, -382.0000, 114.9688, 64, 64, 64
L 1124.5625, -382.0000, 125.9375, 1129.5625, -382.0000, 114.9688, 64, 64, 64
L -974.7912, 349.7088, 94.9688, -844.8224, 219.7401, 89.9688, 64, 64, 64
L 544.6150, -1169.6974, 294.8750, 549.6149, -1174.6973, 294.8750, 64, 64, 64
L -984.0851, 529.9508, 30.0000, -979.0852, 514.9509, 4.8125, 64, 64, 64
L -224.9062, -456.0000, 140.9375, -99.9688, -456.0000, 138.9375, 64, 64, 64
L -235.1537, 289.9987, 119.9375, -185.1850, 389.9675, 121.9375, 64, 64, 64
L 850.0000, -845.6250, 121.9375, 850.0000, -793.6562, 122.9375, 64, 64, 64
L -844.5037, 220.3639, 30.0000, -829.5038, 215.3639, 4.8125, 64, 64, 64
L 404.4419, 1434.0356, 108.9688, 419.4420, 1419.0356, 108.9688, 64, 64, 64
L -438.0000, -1419.4375, 5.0000, -438.0000, -1404.4375, -10.0000, 64, 64, 64
L 1250.0000, -1724.3125, -10.0000, 1250.0000, -1704.3125, 30.0000, 64, 64, 64
L 1250.0000, -594.7500, 69.9688, 1250.0000, -529.7812, 84.9688, 64, 64, 64
L -42.0000, -334.8750, 141.9375, -42.0000, -327.8750, 141.9375, 64, 64, 64
L -42.0000, -166.9375, 141.9375, -42.0000, -159.9375, 117.9375, 64, 64, 64
L 1124.8060, -510.0248, 129.9375, 1139.7748, -495.0560, 129.9375, 64, 64, 64
L -269.9062, -568.0000, 125.9375, -259.9062, -568.0000, 126.9375, 64, 64, 64
L -64.9688, -568.0000, 125.9375, -54.9688, -568.0000, 125.9375, 64, 64, 64
L 94.0498, 1249.8064, 30.0000, 104.0498, 1279.8065, 30.0000, 64, 64, 64
L 84.9679, 1259.5028, 30.0000, 114.9679, 1269.5028, 30.0000, 64, 64, 64
L 85.2144, 1270.2372, 30.0000, 115.2144, 1260.2372, 30.0000, 64, 64, 64
L 275.8750, -28.0000, 155.9375, 278.8750, -28.0000, 155.9375, 64, 64, 64
L 505.8125, -28.0000, 155.9375, 508.7812, -28.0000, 144.9375, 64, 64, 64
L -64.8313, 1119.9749, 30.0000, -35.4781, 1110.1904, 30.0000, 64, 64, 64
L -614.0000, -279.8750, 30.2188, -614.0000, -244.9062, 79.9688, 64, 64, 64
L -144.7096, -170.1654, 114.9688, -134.7096, -160.1654, 114.9688, 64, 64, 64
L 589.7500, -1624.0000, -10.0000, 629.7500, -1624.0000, -10.0000, 64, 64, 64
L 54.8491, -629.6302, 114.9688, 69.8491, -614.6303, 114.9688, 64, 64, 64
L 892.6562, -342.0000, 110.9688, 966.6250, -342.0000, 111.9688, 64, 64, 64
L 94.8520, 1429.3987, 30.0000, 104.8520, 1399.3987, 30.0000, 64, 64, 64
L 400.1526, -1489.0972, 265.9062, 405.1528, -1494.0973, 264.9062, 64, 64, 64
L 215.5708, -1083.8979, 264.9062, 220.5708, -1088.8978, 265.9062, 64, 64, 64
L -345.0720, 979.3961, 89.9688, -335.0720, 969.4274, 73.5000, 64, 64, 64
L 124.0000, -104.9688, 167.9375, 124.0000, -89.9688, 164.9375, 64, 64, 64
L 124.0000, -64.9688, 294.8750, 124.0000, 44.9688, 250.0312, 64, 64, 64
L -333.8750, -1328.0000, -2.0000, -325.8750, -1328.0000, 0.0000, 64, 64, 64
L -354.6874, 979.6456, 30.0000, -349.7186, 964.6768, 4.8125, 64, 64, 64
L -355.3646, 949.7976, 30.0000, -350.3959, 964.7976, 6.2500, 64, 64, 64
L 200.0532, -1089.7095, 264.9062, 205.0533, -1084.7095, 264.9062, 64, 64, 64
L 200.0144, -1099.4542, 264.9062, 205.0144, -1104.4542, 264.9062, 64, 64, 64
L 829.2449, -359.4312, 149.9375, 839.2449, -349.4624, 149.9375, 64, 64, 64
L -214.2530, 1119.5537, 30.0000, -184.8777, 1109.7415, 30.0000, 64, 64, 64
L -71.5075, -508.3200, 174.9375, -66.5075, -513.3201, 174.9375, 64, 64, 64
L -51.5075, -528.3201, 174.9375, -46.5076, -533.3200, 176.9375, 64, 64, 64
L -264.7504, -506.6557, 186.9375, -259.7504, -511.6244, 174.9375, 64, 64, 64
L 159.5163, -584.3600, 180.9375, 194.5163, -549.3600, 180.9375, 64, 64, 64
L 639.0427, -1445.1445, 265.9062, 664.0116, -1470.1134, 264.9062, 64, 64, 64
L 194.9375, 6.0000, 159.9375, 209.9062, 6.0000, 159.9375, 64, 64, 64
L 386.0000, -404.8438, 79.9688, 386.0000, -399.8438, 69.9688, 64, 64, 64
L 386.0000, 16.0000, 130.9375, 386.0000, 19.0000, 130.9375, 64, 64, 64
L -224.9062, -442.0000, 144.9375, -209.9062, -442.0000, 142.9375, 64, 64, 64
L -114.9688, -442.0000, 142.9375, -99.9688, -442.0000, 144.9375, 64, 64, 64
L 14.0000, -109.9688, 179.9375, 14.0000, -104.9688, 168.9375, 64, 64, 64
L 14.0000, -89.9688, 168.9375, 14.0000, -84.9688, 179.9375, 64, 64, 64
L 420.0679, 120.1617, 120.9375, 430.0367, 110.1929, 120.9375, 64, 64, 64
L 45.5368, -350.4430, 114.9688, 60.5368, -335.4430, 114.9688, 64, 64, 64
L -204.8082, 1099.5298, 30.0000, -199.8082, 1114.5298, 6.2500, 64, 64, 64
L 279.8750, -42.0000, 137.9375, 294.8750, -42.0000, 138.9375, 64, 64, 64
L 489.8125, -42.0000, 137.9375, 504.8125, -42.0000, 137.9375, 64, 64, 64
L 355.2689, 145.3627, 119.9375, 365.2689, 135.3627, 119.9375, 64, 64, 64
L -130.0000, -601.7500, 143.9375, -130.0000, -596.7500, 143.9375, 64, 64, 64
L -130.0000, -134.9375, 109.9688, -130.0000, -129.9375, 109.9688, 64, 64, 64
L 229.9326, -1444.4109, 294.8750, 244.9326, -1459.3798, 285.8750, 64, 64, 64
L 1390.1138, -284.1987, 20.0000, 1435.1138, -329.1987, 20.0000, 64, 64, 64
L -98.9688, -296.0000, 184.9375, -55.9688, -296.0000, 184.9375, 64, 64, 64
L -199.6811, 1114.4879, 6.2500, -194.7123, 1129.4880, 30.0000, 64, 64, 64
L -205.6727, 1129.3070, 30.0000, -200.6727, 1114.3070, 4.8125, 64, 64, 64
L 1164.0000, -889.6562, 84.9688, 1164.0000, -769.6875, 84.9688, 64, 64, 64
L 1164.0000, -514.7812, 69.9688, 1164.0000, -444.8125, 69.9688, 64, 64, 64
L -549.5339, 60.2160, 30.0000, -539.5339, 50.2161, 139.9375, 64, 64, 64
L -200.5757, 1114.3407, 6.2500, -195.6069, 1099.3408, 30.0000, 64, 64, 64
L 879.6448, -514.7698, 109.9688, 899.6135, -494.8010, 109.9688, 64, 64, 64
L -185.3889, 390.4242, 119.9375, -140.3889, 425.4242, 119.9375, 64, 64, 64
L -96.9688, -298.0000, 183.9375, -57.9688, -298.0000, 182.9375, 64, 64, 64
L 795.2709, -549.1978, 114.9688, 810.2709, -564.1978, 114.9688, 64, 64, 64
L 175.4565, -1488.8878, 265.9062, 200.4252, -1513.8878, 264.9062, 64, 64, 64
L 284.8750, -1294.0000, 284.8750, 299.8750, -1294.0000, 265.9062, 64, 64, 64
L -142.0000, -1434.4375, -10.0000, -142.0000, -1424.4375, -10.0000, 64, 64, 64
L -142.0000, -1214.5000, -10.0000, -142.0000, -1204.5312, -10.0000, 64, 64, 64
L 30.0000, -282.0000, 202.9062, 35.0000, -282.0000, 203.0625, 64, 64, 64
L -90.0000, -586.7500, 142.9375, -90.0000, -576.7812, 142.9375, 64, 64, 64
L -224.9062, -458.0000, 138.9375, -209.9062, -458.0000, 136.9375, 64, 64, 64
L -114.9688, -458.0000, 136.9375, -99.9688, -458.0000, 138.9375, 64, 64, 64
L 1004.5938, -504.0000, 84.9688, 1054.5938, -504.0000, 84.9688, 64, 64, 64
L -224.9062, -482.0000, 128.9375, -209.9062, -482.0000, 126.9375, 64, 64, 64
L -114.9688, -482.0000, 128.9375, -99.9688, -482.0000, 128.9375, 64, 64, 64
L 427.2629, 1444.8523, 103.9688, 430.2317, 1441.8522, 103.9688, 64, 64, 64
L 184.9375, -1074.0000, -10.0000, 244.9062, -1074.0000, 30.0000, 64, 64, 64
L -829.4976, 665.1964, 4.8125, -814.5289, 660.2277, 30.0000, 64, 64, 64
L 1020.2237, -535.4112, 149.9375, 1040.2236, -515.4113, 149.9375, 64, 64, 64
L 1095.1924, -460.4425, 129.9375, 1110.1924, -445.4424, 114.9688, 64, 64, 64
L 338.0000, -209.9062, 136.9375, 338.0000, -194.9375, 137.9375, 64, 64, 64
L 338.0000, 0.0000, 137.9375, 338.0000, 15.0000, 137.9375, 64, 64, 64
L -304.8750, -1442.0000, -10.0000, -294.8750, -1442.0000, -10.0000, 64, 64, 64
L -104.9688, -1442.0000, 5.0000, -94.9688, -1442.0000, -10.0000, 64, 64, 64
L 1389.0280, -280.2845, 20.0000, 1439.0280, -330.2845, 30.3125, 64, 64, 64
L 1080.0000, -254.9062, 129.9375, 1080.0000, -239.9062, 114.9688, 64, 64, 64
L 332.0000, -209.9062, 140.9375, 332.0000, -194.9375, 139.9375, 64, 64, 64
L 332.0000, 0.0000, 140.9375, 332.0000, 15.0000, 139.9375, 64, 64, 64
L 134.5090, -766.0448, 189.9375, 137.5090, -764.0448, 189.9375, 64, 64, 64
L -694.4583, 209.1246, 30.0000, -664.4583, 219.1246, 30.0000, 64, 64, 64
L 819.9550, -370.1104, 149.9375, 829.9237, -360.1103, 149.9375, 64, 64, 64
L -114.9688, -652.0000, 174.9375, -109.9688, -652.0000, 174.9375, 64, 64, 64
L 279.8750, -128.0000, 126.9375, 294.8750, -128.0000, 126.9375, 64, 64, 64
L 489.8125, -128.0000, 126.9375, 504.8125, -128.0000, 125.9375, 64, 64, 64
L -238.0000, -586.7500, 140.9375, -238.0000, -576.7812, 141.9375, 64, 64, 64
L 8.0000, -1479.4062, -10.0000, 8.0000, -1464.4062, -10.0000, 64, 64, 64
L 8.0000, -1344.4688, -10.0000, 8.0000, -1334.4688, 5.0000, 64, 64, 64
L 558.0000, -30.0000, 135.9375, 558.0000, -15.0000, 134.9375, 64, 64, 64
L 342.0000, -209.9062, 134.9375, 342.0000, -194.9375, 134.9375, 64, 64, 64
L 342.0000, 0.0000, 135.9375, 342.0000, 15.0000, 134.9375, 64, 64, 64
L -86.0000, -586.7500, 140.9375, -86.0000, -576.7812, 140.9375, 64, 64, 64
L 974.0000, -534.7812, 112.9688, 974.0000, -514.7812, 112.9688, 64, 64, 64
L 399.7084, -1324.6040, 265.9062, 404.7084, -1329.6040, 264.9062, 64, 64, 64
L 428.6611, -1353.5568, 265.9062, 433.6455, -1358.5411, 264.9062, 64, 64, 64
L 66.0000, -154.9375, 172.9375, 66.0000, -139.9375, 172.9375, 64, 64, 64
L 1190.1226, -214.3151, 20.0000, 1265.0913, -289.2838, 20.0000, 64, 64, 64
L 427.9013, 471.7559, 121.9375, 429.8701, 473.7559, 121.9375, 64, 64, 64
L 427.4758, 474.1747, 121.9375, 429.4446, 476.1747, 121.9375, 64, 64, 64
L -100.3358, -335.2420, 114.9688, -90.3358, -345.2420, 129.9375, 64, 64, 64
L 49.6017, -485.1795, 129.9375, 69.6017, -505.1795, 129.9375, 64, 64, 64
L 899.6250, -498.0000, 111.9688, 954.6250, -498.0000, 111.9688, 64, 64, 64
L 405.5408, -80.2717, 114.9688, 409.5408, -84.2717, 114.9688, 64, 64, 64
L 419.8438, 38.0000, 127.9375, 429.8125, 38.0000, 127.9375, 64, 64, 64
L 84.4626, -679.2126, 129.9375, 99.4626, -664.2126, 129.9375, 64, 64, 64
L 1154.0000, -704.7188, 69.9688, 1154.0000, -609.7500, 69.9688, 64, 64, 64
L 1154.0000, -199.9062, 129.9375, 1154.0000, -184.9375, 114.9688, 64, 64, 64
L 427.1781, 501.1573, 121.9375, 429.1469, 499.1573, 121.9375, 64, 64, 64
L 901.6250, -332.0000, 113.9688, 957.6250, -332.0000, 114.9688, 64, 64, 64
L -299.8750, -604.0000, 189.9375, -269.9062, -604.0000, 174.9375, 64, 64, 64
L 1093.9160, -495.4602, 114.9688, 1108.9160, -510.4290, 129.9375, 64, 64, 64
L -207.9062, -472.0000, 114.9688, -116.9688, -472.0000, 137.9375, 64, 64, 64
L 750.2903, -1018.9909, 119.9375, 760.2903, -1028.9910, 139.9375, 64, 64, 64
L 136.2014, -769.1968, 187.9375, 138.2014, -766.1968, 187.9375, 64, 64, 64
L -85.3126, -229.5624, 184.9375, -80.3126, -224.5624, 186.9375, 64, 64, 64
L -844.6927, 659.8601, 30.0000, -829.6927, 664.8289, 4.8125, 64, 64, 64
L -202.0000, -664.7188, 143.9375, -202.0000, -659.7500, 143.9375, 64, 64, 64
L 136.2677, -810.1342, 176.9375, 138.2676, -813.1342, 187.9375, 64, 64, 64
L 284.8750, 142.0000, 138.9375, 299.8750, 142.0000, 138.9375, 64, 64, 64
L 112.9688, -786.0000, 176.9375, 115.9688, -786.0000, 187.9375, 64, 64, 64
L 138.9375, -786.0000, 187.9375, 141.9375, -786.0000, 187.9375, 64, 64, 64
L 619.1899, -1473.8462, 265.9062, 624.1899, -1468.8462, 265.9062, 64, 64, 64
L 1194.0367, -215.4009, 89.9688, 1264.0055, -285.3696, 89.9688, 64, 64, 64
L -994.6267, 359.9425, 30.0000, -964.2650, 370.0630, 30.0000, 64, 64, 64
L -248.0000, -586.7500, 135.9375, -248.0000, -576.7812, 136.9375, 64, 64, 64
L 490.4866, 80.6422, 259.1875, 520.4553, 50.6422, 229.9062, 64, 64, 64
L 330.2333, 230.6226, 439.8125, 450.2900, 170.5630, 439.8125, 64, 64, 64
L 1389.7145, -279.4046, 30.3125, 1474.6832, -329.4046, 79.9688, 64, 64, 64
L 569.6342, 20.0491, 332.0625, 579.6342, 50.0178, 309.8750, 64, 64, 64
L 585.3683, -1133.9460, 299.8750, 595.3370, -1143.9460, 299.8750, 64, 64, 64
L -252.0000, -586.7500, 134.9375, -252.0000, -576.7812, 134.9375, 64, 64, 64
L -252.0000, -144.9375, 168.9375, -252.0000, -139.9375, 179.9375, 64, 64, 64
L -88.0000, -586.7500, 142.9375, -88.0000, -576.7812, 141.9375, 64, 64, 64
L 804.0000, -654.7500, 84.9688, 804.0000, -639.7500, 69.9688, 64, 64, 64
L 882.0000, -534.7812, 110.9688, 882.0000, -514.7812, 110.9688, 64, 64, 64
L 348.0000, -209.9062, 131.9375, 348.0000, -194.9375, 132.9375, 64, 64, 64
L 348.0000, 0.0000, 131.9375, 348.0000, 15.0000, 132.9375, 64, 64, 64
L 214.2454, -1470.0671, 265.9062, 219.2454, -1475.0670, 264.9062, 64, 64, 64
L -944.0000, 379.8438, 39.6562, -944.0000, 499.8125, 39.6562, 64, 64, 64
L 279.8750, -78.0000, 120.9375, 294.8750, -78.0000, 120.9375, 64, 64, 64
L -293.8750, -1338.0000, -2.0000, -285.8750, -1338.0000, -2.0000, 64, 64, 64
L 199.4785, 49.5404, 309.8750, 239.3964, 9.6848, 309.8750, 64, 64, 64
L -209.9062, -388.0000, 165.9375, -114.9688, -388.0000, 174.9375, 64, 64, 64
L 58.0000, -154.9375, 170.9375, 58.0000, -139.9375, 169.9375, 64, 64, 64
L -824.5494, 679.8252, 89.9688, -814.5807, 669.8253, 30.0000, 64, 64, 64
L 545.2219, -1414.8781, 265.9062, 560.2218, -1399.8782, 264.9062, 64, 64, 64
L 978.0000, -534.7812, 111.9688, 978.0000, -514.7812, 111.9688, 64, 64, 64
L -114.9688, -642.0000, 185.9375, -109.9688, -642.0000, 174.9375, 64, 64, 64
L 87.5182, -919.0757, 174.9375, 90.5181, -922.0757, 177.9375, 64, 64, 64
L -683.9625, 199.6542, 30.0000, -673.9625, 229.6542, 30.0000, 64, 64, 64
L 219.6629, -1514.1628, 264.9062, 244.6630, -1489.1628, 265.9062, 64, 64, 64
L 85.4014, -614.3173, 114.9688, 100.4014, -629.3173, 129.9375, 64, 64, 64
L 829.9538, -524.4837, 149.9375, 839.9537, -534.4836, 109.9688, 64, 64, 64
L 30.0000, -278.0000, 203.0625, 35.0000, -278.0000, 202.9062, 64, 64, 64
L -54.7161, -544.0339, 164.9375, -43.7161, -533.0339, 176.9375, 64, 64, 64
L 542.0000, -30.0000, 143.9375, 542.0000, -15.0000, 143.9375, 64, 64, 64
L -80.6497, -527.4622, 174.9375, -65.6497, -542.4622, 174.9375, 64, 64, 64
L 1014.6439, -444.7120, 109.9688, 1024.6439, -449.7121, 114.9688, 64, 64, 64
L -406.0000, -1384.4375, -2.0000, -406.0000, -1381.4375, -2.0000, 64, 64, 64
L 160.5400, -305.4050, 167.9375, 164.5400, -308.4050, 165.9375, 64, 64, 64
L 949.7833, -594.9087, 129.9375, 964.7834, -579.9399, 114.9688, 64, 64, 64
L 167.5427, -924.2301, 206.9062, 169.5427, -922.2301, 177.9375, 64, 64, 64
L -684.1569, 829.8439, 30.0000, -679.1569, 814.8751, 6.2500, 64, 64, 64
L 326.0000, -209.9062, 142.9375, 326.0000, -194.9375, 143.9375, 64, 64, 64
L 326.0000, 0.0000, 142.9375, 326.0000, 15.0000, 143.9375, 64, 64, 64
L -398.0000, -1384.4375, -2.0000, -398.0000, -1381.4375, -2.0000, 64, 64, 64
L 579.6420, -1139.6705, 265.9062, 584.6420, -1144.6705, 265.9062, 64, 64, 64
L 1169.4558, -1019.6315, 139.9375, 1179.4558, -1039.6313, 151.8125, 64, 64, 64
L 1090.0721, -659.2396, 119.9375, 1120.0721, -689.2084, 119.9375, 64, 64, 64
L -293.8750, -1342.0000, 0.0000, -285.8750, -1342.0000, -2.0000, 64, 64, 64
L 1158.9980, -610.2832, 119.9375, 1168.9980, -620.2832, 119.9375, 64, 64, 64
L 1159.6825, -1029.2909, 139.9375, 1179.6825, -1039.2909, 151.8125, 64, 64, 64
L 694.4833, -580.0172, 129.9375, 709.4833, -594.9858, 129.9375, 64, 64, 64
L 274.2492, -1173.9054, 264.9062, 289.2492, -1158.9054, 264.9062, 64, 64, 64
L -533.9509, 979.8711, 30.0000, -528.9509, 964.9023, 6.2500, 64, 64, 64
L -835.5667, 200.2097, 30.0000, -825.5667, 230.2097, 30.0000, 64, 64, 64
L 930.0000, -1444.4375, 49.9688, 930.0000, -1384.4375, 49.9688, 64, 64, 64
L 954.9221, -498.4223, 112.9688, 973.9221, -512.8911, 112.9688, 64, 64, 64
L 396.0000, -404.8438, 69.9688, 396.0000, -399.8438, 79.9688, 64, 64, 64
L -24.0000, -539.7812, 174.9375, -24.0000, -534.7812, 174.9375, 64, 64, 64
L 115.2202, -772.1962, 187.9375, 117.1889, -769.1962, 187.9375, 64, 64, 64
L -535.1268, 949.7402, 30.0000, -525.2961, 979.2321, 30.0000, 64, 64, 64
L 540.0320, 9.2477, 309.8750, 570.0321, 19.2477, 332.0625, 64, 64, 64
L -695.0135, 219.0221, 30.0000, -665.0135, 209.0220, 30.0000, 64, 64, 64
L -544.6523, 970.0120, 30.0000, -514.6523, 960.0120, 30.0000, 64, 64, 64
L -18.0000, -311.8750, 117.9375, -18.0000, -302.8750, 141.9375, 64, 64, 64
L -18.0000, -251.9062, 117.9375, -18.0000, -242.9062, 117.9375, 64, 64, 64
L -18.0000, -191.9375, 117.9375, -18.0000, -182.9375, 141.9375, 64, 64, 64
L -660.2755, -329.3495, 89.9688, -615.2755, -284.3495, 89.9688, 64, 64, 64
L 252.0000, -1149.5312, 20.0000, 252.0000, -1134.5312, 20.0000, 64, 64, 64
L -844.7345, 669.4842, 30.0000, -829.7344, 664.4842, 6.2500, 64, 64, 64
L 166.8856, -845.7081, 206.9062, 168.8856, -847.7081, 206.9062, 64, 64, 64
L 559.9397, -944.7834, 114.9688, 574.9397, -929.7834, 114.9688, 64, 64, 64
L -680.4673, 814.4380, 6.2500, -675.4673, 799.4381, 30.0000, 64, 64, 64
L -984.6407, 379.8281, 30.0000, -974.3305, 348.8974, 30.0000, 64, 64, 64
L 954.7302, -494.6238, 110.9688, 979.7271, -514.6144, 109.9688, 64, 64, 64
L 82.0000, -154.9375, 177.9375, 82.0000, -139.9375, 178.9375, 64, 64, 64
L -980.0344, 514.6349, 4.8125, -975.0656, 499.6661, 30.0000, 64, 64, 64
L -99.9688, -1486.0000, 20.0000, -84.9688, -1486.0000, 20.0000, 64, 64, 64
L 214.9062, -1486.0000, -10.0000, 229.9062, -1486.0000, -10.0000, 64, 64, 64
L 739.2778, -599.9697, 151.8125, 749.2466, -619.9698, 139.9375, 64, 64, 64
L -144.7907, -324.7282, 114.9688, -134.7907, -334.7282, 144.9375, 64, 64, 64
L -829.9673, 213.9746, 6.2500, -814.9987, 208.9746, 30.0000, 64, 64, 64
L 165.3324, -469.4741, 180.9375, 195.3324, -504.4741, 180.9375, 64, 64, 64
L 85.6487, -505.4925, 129.9375, 105.6487, -485.4925, 129.9375, 64, 64, 64
L 972.0000, -534.7812, 114.9688, 972.0000, -514.7812, 113.9688, 64, 64, 64
L 175.4882, -1104.0126, 264.9062, 200.4569, -1129.0126, 264.9062, 64, 64, 64
L 324.8750, -346.0000, 69.9688, 329.8750, -346.0000, 79.9688, 64, 64, 64
L -437.2184, -1418.8441, 5.0000, -412.2496, -1443.8441, 5.0000, 64, 64, 64
L -179.8487, -204.8174, 161.9375, -169.8487, -214.8174, 186.9375, 64, 64, 64
L 136.9552, -789.6993, 176.9375, 138.9552, -786.6993, 187.9375, 64, 64, 64
L 1019.5609, -349.9080, 109.9688, 1029.5608, -359.8768, 109.9688, 64, 64, 64
L -434.8385, -244.8498, 79.9688, -369.8698, -214.8498, 29.6875, 64, 64, 64
L 274.2993, -1400.0132, 265.9062, 289.2992, -1415.0132, 264.9062, 64, 64, 64
L 116.0787, -792.7596, 187.9375, 118.0474, -789.7596, 176.9375, 64, 64, 64
L 749.6875, -1784.0000, 49.9688, 1329.4688, -1784.0000, -10.0000, 64, 64, 64
L 176.0000, -1149.5312, -10.0000, 176.0000, -1134.5312, -10.0000, 64, 64, 64
L 595.0979, -1104.2147, 264.9062, 620.0978, -1129.2146, 264.9062, 64, 64, 64
L 465.4190, -1248.8933, 265.9062, 470.4191, -1253.8934, 265.9062, 64, 64, 64
L 640.2564, -1964.7251, -10.0000, 730.2251, -1874.7563, -10.0000, 64, 64, 64
L 639.7534, -1644.3400, 49.9688, 729.7221, -1724.3087, 49.9688, 64, 64, 64
L 739.9023, -1039.6853, 151.8125, 749.8711, -1019.6852, 139.9375, 64, 64, 64
L -74.9379, -224.8754, 186.9375, -69.9379, -229.8754, 186.9375, 64, 64, 64
L 1233.8761, -215.1944, 79.9688, 1263.8761, -280.1631, 30.3125, 64, 64, 64
L 954.1575, -499.4273, 111.9688, 975.1575, -515.3961, 111.9688, 64, 64, 64
L 1159.5602, -609.8081, 139.9375, 1179.5603, -599.8080, 151.8125, 64, 64, 64
L -75.4131, -239.4619, 186.9375, -70.4131, -234.4619, 186.9375, 64, 64, 64
L -182.5193, 389.2982, 89.9688, -152.5193, 412.2982, 89.9688, 64, 64, 64
