L -153.3750, -7.3868, 56.1071,  -142.6250, -7.3830, 56.1077,  64, 64, 64
L -114.3832, -24.6197, 56.1071,  -114.3846, -31.3750, 56.1071,  64, 64, 64
L -97.6497, -66.3524, 56.1060,  -97.6497, -57.6456, 56.1060,  127, 127, 0
L -97.4586, -130.3557, 56.1060,  -97.4527, -121.6457, 56.1060,  127, 127, 0
L -99.3750, -118.6169, 56.1079,  -92.6250, -118.6156, 56.1064,  64, 64, 64
L -94.3573, -121.6443, 56.1060,  -94.3824, -130.3558, 56.1060,  127, 127, 0
L -92.6250, -133.3651, 56.1071,  -99.3755, -133.3860, 56.1062,  64, 64, 64
L -94.5786, -57.6441, 56.1060,  -94.5794, -66.3559, 56.1060,  127, 127, 0
L -102.6445, -29.5006, 56.1060,  -111.3541, -29.5006, 56.1060,  127, 127, 0
L -111.3562, -26.4310, 56.1060,  -102.6534, -26.4317, 56.1060,  127, 127, 0
L -146.2409, 4.3558, 56.1060,  -146.2257, -4.3558, 56.1060,  127, 127, 0
L -149.3105, -4.3562, 56.1060,  -149.3104, 4.3563, 56.1060,  127, 127, 0
L -202.3564, 48.4761, 56.1060,  -193.6442, 48.4761, 56.1060,  127, 127, 0
L -202.3562, 51.5459, 56.1060,  -193.6443, 51.5934, 56.1062,  127, 127, 0
L -182.5452, 145.3125, 119.1060,  -174.4846, 145.3194, 119.1060,  240, 0, 255
L -53.9909, -86.9333, 154.1059,  -53.9932, -77.1804, 154.1060,  255, 0, 255
L -47.6441, -90.3542, 154.1059,  -47.6454, -72.6441, 154.1059,  0, 0, 0
L -47.6454, -72.6441, 154.1059,  -113.6447, -72.6517, 154.1060,  0, 0, 0
L -113.6447, -72.6517, 154.1059,  -113.6441, -40.6454, 154.1059,  0, 0, 0
L -113.6441, -40.6454, 154.1059,  -159.3557, -40.6456, 154.1059,  0, 0, 0
L -159.3557, -40.6456, 154.1059,  -159.3549, -72.6447, 154.1059,  0, 0, 0
L -159.3549, -72.6447, 154.1060,  -203.6555, -72.6447, 154.1059,  0, 0, 0
L -203.6555, -72.6447, 154.1059,  -246.2783, -114.2415, 154.1059,  0, 0, 0
L -246.2783, -114.2415, 154.1059,  -246.3616, -136.6442, 154.1060,  0, 0, 0
L -246.3616, -136.6442, 154.1060,  -272.6444, -136.6502, 154.1059,  0, 0, 0
L -272.6444, -136.6502, 154.1060,  -272.6442, -116.2947, 154.1059,  0, 0, 0
L -272.6442, -116.2947, 154.1059,  -289.2681, -99.6431, 154.1071,  0, 0, 0
L -290.2726, -100.6479, 154.1071,  -285.3587, -95.7322, 154.1071,  0, 0, 0
L -286.3575, -96.7313, 154.1071,  -271.6648, -111.3554, 154.1059,  0, 0, 0
L -271.6648, -111.3554, 154.1059,  -249.3320, -111.3554, 154.1059,  0, 0, 0
L -249.3320, -111.3554, 154.1059,  -208.6445, -71.6607, 154.1059,  0, 0, 0
L -208.6445, -71.6607, 154.1059,  -208.6799, -48.2314, 154.1059,  0, 0, 0
L -208.6799, -48.2314, 154.1059,  -223.2461, -33.6634, 154.1060,  0, 0, 0
L -224.2391, -34.6713, 154.1060,  -219.3617, -29.7205, 154.1071,  0, 0, 0
L -203.6757, -47.3554, 154.1059,  -164.6456, -47.3558, 154.1059,  0, 0, 0
L -164.6456, -47.3558, 154.1059,  -164.7504, 7.8377, 154.1059,  0, 0, 0
L -164.7504, 7.8377, 154.1059,  -192.2216, 35.3121, 154.1060,  0, 0, 0
L -192.2216, 35.3121, 154.1060,  -247.3069, 35.3554, 154.1060,  0, 0, 0
L -247.3069, 35.3554, 154.1060,  -247.3551, -3.6509, 154.1059,  0, 0, 0
L -247.3551, -3.6509, 154.1059,  -230.7316, -20.3580, 154.1071,  0, 0, 0
L -229.7322, -19.3584, 154.1071,  -234.6442, -24.2707, 154.1071,  0, 0, 0
L -231.9954, -26.9130, 154.1059,  -234.6442, -24.2707, 154.1060,  0, 0, 0
L -226.9130, -32.1800, 154.1059,  -222.4800, -27.9020, 154.1060,  0, 0, 0
L -222.4800, -27.9020, 154.1059,  -219.3617, -29.7205, 154.1060,  0, 0, 0
L -223.3914, -28.4758, 154.1059,  -228.5058, -23.4162, 154.1059,  127, 127, 0
L -229.7322, -19.3584, 154.1059,  -227.9630, -21.9891, 154.1059,  0, 0, 0
L -224.2391, -34.6713, 154.1060,  -226.9130, -32.1800, 154.1060,  0, 0, 0
L -225.5595, -30.6488, 154.1058,  -230.6771, -25.5883, 154.1059,  127, 127, 0
L -227.9630, -21.9891, 154.1059,  -231.9954, -26.9130, 154.1060,  0, 0, 0
L -220.3576, -30.7311, 154.1071,  -203.5970, -47.3547, 154.1059,  0, 0, 0
L -233.6432, -23.2698, 154.1071,  -248.2192, -8.6905, 154.1059,  0, 0, 0
L -248.2192, -8.6905, 154.1059,  -271.8023, -8.7144, 154.1059,  0, 0, 0
L -271.8023, -8.7144, 154.1059,  -311.3557, -48.4251, 154.1060,  0, 0, 0
L -311.3557, -48.4251, 154.1060,  -311.2459, -71.8438, 154.1060,  0, 0, 0
L -311.2459, -71.8438, 154.1060,  -296.7312, -86.3575, 154.1071,  0, 0, 0
L -295.7343, -85.3602, 154.1071,  -300.6403, -90.2674, 154.1075,  0, 0, 0
L -300.6403, -90.2674, 154.1059,  -297.9990, -92.9157, 154.1060,  0, 0, 0
L -296.6931, -91.6038, 154.1059,  -291.6052, -96.6919, 154.1059,  127, 127, 0
L -287.9929, -93.8540, 154.1059,  -292.9089, -97.9933, 154.1060,  0, 0, 0
L -293.9260, -87.9885, 154.1059,  -297.9990, -92.9157, 154.1060,  0, 0, 0
L -285.3587, -95.7322, 154.1059,  -287.9929, -93.8540, 154.1059,  0, 0, 0
L -294.5226, -89.4330, 154.1059,  -289.4347, -94.5211, 154.1059,  127, 127, 0
L -295.7343, -85.3602, 154.1060,  -293.9260, -87.9885, 154.1059,  0, 0, 0
L -292.9089, -97.9933, 154.1060,  -290.2726, -100.6479, 154.1060,  0, 0, 0
L -299.6422, -89.2690, 154.1073,  -315.3652, -73.6432, 154.1060,  0, 0, 0
L -315.3652, -73.6432, 154.1060,  -336.6446, -73.6474, 154.1059,  0, 0, 0
L -336.6446, -73.6474, 154.1059,  -336.6523, -47.3547, 154.1060,  0, 0, 0
L -336.6523, -47.3547, 154.1059,  -316.3136, -47.3558, 154.1060,  0, 0, 0
L -316.3136, -47.3558, 154.1060,  -272.6852, -3.7738, 154.1059,  0, 0, 0
L -272.6852, -3.7738, 154.1059,  -272.6449, 40.6441, 154.1060,  0, 0, 0
L -272.6449, 40.6441, 154.1059,  -240.6442, 40.6460, 154.1059,  0, 0, 0
L -240.6442, 40.6460, 154.1059,  -240.6440, 86.3319, 154.1060,  0, 0, 0
L -240.6440, 86.3319, 154.1060,  -272.6446, 86.3538, 154.1060,  0, 0, 0
L -272.6446, 86.3538, 154.1060,  -272.6438, 152.3546, 154.1059,  0, 0, 0
L -272.6438, 152.3546, 154.1059,  -290.3192, 152.3555, 154.1060,  0, 0, 0
L -290.3192, 152.3555, 154.1060,  -290.3552, 118.3740, 154.1074,  0, 0, 0
L -291.3620, 115.3558, 154.1059,  -291.3383, 106.6443, 154.1059,  127, 127, 0
L -296.6467, 106.6333, 154.1059,  -289.3487, 106.6483, 154.1059,  0, 0, 0
L -296.6433, 115.3696, 154.1059,  -289.3530, 115.3504, 154.1060,  0, 0, 0
L -289.3562, 118.3761, 154.1059,  -289.3530, 115.3504, 154.1060,  0, 0, 0
L -289.3571, 103.5986, 154.1060,  -289.3487, 106.6483, 154.1060,  0, 0, 0
L -289.3571, 103.5986, 154.1060,  -296.6433, 103.6302, 154.1073,  0, 0, 0
L -296.6433, 103.6302, 154.1059,  -296.6467, 106.6333, 154.1059,  0, 0, 0
L -296.6433, 115.3696, 154.1060,  -296.6469, 118.3747, 154.1059,  0, 0, 0
L -296.6469, 118.3747, 154.1071,  -289.3562, 118.3761, 154.1071,  0, 0, 0
L -295.6446, 118.3743, 154.1071,  -295.6748, 130.7635, 154.1059,  0, 0, 0
L -295.6748, 130.7635, 154.1059,  -317.3111, 152.3556, 154.1059,  0, 0, 0
L -317.3111, 152.3556, 154.1059,  -352.3561, 152.3254, 154.1060,  0, 0, 0
L -352.3561, 152.3254, 154.1060,  -352.3543, 70.6441, 154.1059,  0, 0, 0
L -352.3543, 70.6441, 154.1059,  -316.3580, 70.6440, 154.1060,  0, 0, 0
L -316.3580, 70.6440, 154.1060,  -295.6970, 91.2125, 154.1059,  0, 0, 0
L -295.6970, 91.2125, 154.1059,  -295.6442, 103.6242, 154.1071,  0, 0, 0
L -294.4316, 106.6436, 154.1059,  -294.4315, 115.3534, 154.1059,  127, 127, 0
L -276.4612, 147.4722, 154.1060,  -285.9574, 147.4704, 154.1060,  255, 0, 255
L -54.7488, 16.6692, 119.1060,  -54.7501, 25.2332, 119.1060,  255, 0, 255
L -290.3557, 103.6243, 154.1071,  -290.2936, 70.6443, 154.1060,  0, 0, 0
L -290.2936, 70.6443, 154.1060,  -255.3548, 70.6443, 154.1059,  0, 0, 0
L -255.3548, 70.6443, 154.1060,  -255.3519, 56.3541, 154.1060,  0, 0, 0
L -255.3519, 56.3541, 154.1060,  -290.3541, 56.3556, 154.1059,  0, 0, 0
L -290.3541, 56.3556, 154.1059,  -290.3539, 23.3740, 154.1071,  0, 0, 0
L -289.3564, 23.3740, 154.1071,  -296.6499, 23.3740, 154.1075,  0, 0, 0
L -296.6406, 20.3539, 154.1059,  -296.6499, 23.3740, 154.1059,  0, 0, 0
L -296.6406, 20.3539, 154.1060,  -289.3501, 20.3532, 154.1060,  0, 0, 0
L -289.3568, 11.6422, 154.1059,  -296.6431, 11.6502, 154.1059,  0, 0, 0
L -296.6431, 11.6502, 154.1059,  -296.6458, 8.6151, 154.1060,  0, 0, 0
L -296.6458, 8.6151, 154.1060,  -289.3494, 8.6266, 154.1071,  0, 0, 0
L -289.3568, 11.6422, 154.1059,  -289.3494, 8.6266, 154.1059,  0, 0, 0
L -289.3564, 23.3740, 154.1059,  -289.3501, 20.3532, 154.1060,  0, 0, 0
L -295.6435, 23.3740, 154.1074,  -295.7130, 35.8010, 154.1059,  0, 0, 0
L -295.7130, 35.8010, 154.1059,  -316.2189, 56.3076, 154.1059,  0, 0, 0
L -316.2189, 56.3076, 154.1059,  -352.3550, 56.3558, 154.1059,  0, 0, 0
L -352.3550, 56.3558, 154.1059,  -352.3553, -24.3316, 154.1059,  0, 0, 0
L -352.3553, -24.3316, 154.1059,  -316.2332, -24.3235, 154.1060,  0, 0, 0
L -316.2332, -24.3235, 154.1060,  -295.6811, -3.7711, 154.1059,  0, 0, 0
L -295.6811, -3.7711, 154.1059,  -295.6460, 8.6256, 154.1071,  0, 0, 0
L -294.5446, 11.6461, 154.1059,  -294.5445, 20.3557, 154.1059,  127, 127, 0
L -291.4741, 20.3562, 154.1059,  -291.4746, 11.6441, 154.1060,  127, 127, 0
L -290.3550, 8.6255, 154.1071,  -290.3564, -4.2702, 154.1060,  0, 0, 0
L -290.3564, -4.2702, 154.1060,  -315.7056, -29.6302, 154.1060,  0, 0, 0
L -315.7056, -29.6302, 154.1059,  -352.3550, -29.7360, 154.1060,  0, 0, 0
L -352.3550, -29.7360, 154.1060,  -352.3557, -152.3537, 154.1059,  0, 0, 0
L -352.3557, -152.3537, 154.1059,  -229.6442, -152.3529, 154.1059,  0, 0, 0
L -229.6442, -152.3529, 154.1059,  -229.6494, -115.7379, 154.1060,  0, 0, 0
L -229.6494, -115.7379, 154.1059,  -204.2744, -90.3528, 154.1059,  0, 0, 0
L -204.2744, -90.3528, 154.1060,  -191.3750, -90.3556, 154.1071,  0, 0, 0
L -188.3581, -89.3547, 154.1060,  -188.3430, -96.6494, 154.1059,  0, 0, 0
L -188.3539, -91.3953, 154.1059,  -179.6442, -91.3931, 154.1059,  127, 127, 0
L -179.6333, -96.6410, 154.1059,  -179.6484, -89.3576, 154.1060,  0, 0, 0
L -179.6484, -89.3576, 154.1060,  -176.6254, -89.3522, 154.1060,  0, 0, 0
L -188.3581, -89.3547, 154.1059,  -191.3740, -89.3543, 154.1060,  0, 0, 0
L -191.3743, -96.6443, 154.1071,  -191.3740, -89.3543, 154.1072,  0, 0, 0
L -176.6254, -89.3522, 154.1071,  -176.6254, -96.6492, 154.1071,  0, 0, 0
L -179.6462, -94.4651, 154.1059,  -188.1521, -94.4669, 154.1060,  127, 127, 0
L -191.3743, -96.6443, 154.1060,  -188.3430, -96.6494, 154.1060,  0, 0, 0
L -179.6333, -96.6410, 154.1060,  -176.6254, -96.6492, 154.1060,  0, 0, 0
L -176.6245, -95.6461, 154.1071,  -164.2338, -95.6770, 154.1059,  0, 0, 0
L -164.2338, -95.6770, 154.1059,  -143.7194, -116.1907, 154.1060,  0, 0, 0
L -143.7194, -116.1907, 154.1060,  -143.6442, -152.3532, 154.1059,  0, 0, 0
L -143.6442, -152.3532, 154.1059,  -224.3162, -152.3555, 154.1060,  0, 0, 0
L -224.3162, -152.3555, 154.1060,  -224.2834, -116.1954, 154.1059,  0, 0, 0
L -224.2834, -116.1954, 154.1059,  -203.7340, -95.6462, 154.1059,  0, 0, 0
L -191.3740, -95.6458, 154.1074,  -203.7340, -95.6462, 154.1059,  0, 0, 0
L -176.6259, -90.3538, 154.1071,  -143.6473, -90.3556, 154.1060,  0, 0, 0
L -143.6473, -90.3556, 154.1060,  -143.6451, -55.3599, 154.1059,  0, 0, 0
L -143.6451, -55.3599, 154.1059,  -129.3557, -55.3474, 154.1060,  0, 0, 0
L -129.3557, -55.3474, 154.1060,  -129.3526, -90.3559, 154.1060,  0, 0, 0
L -129.3526, -90.3559, 154.1060,  -96.3812, -90.3558, 154.1071,  0, 0, 0
L -96.3744, -89.3564, 154.1060,  -93.3550, -89.3525, 154.1059,  0, 0, 0
L -93.3550, -89.3525, 154.1059,  -93.3494, -96.6401, 154.1059,  0, 0, 0
L -93.3533, -91.4756, 154.1059,  -84.6465, -91.4756, 154.1059,  0, 0, 0
L -84.6444, -96.6499, 154.1059,  -84.6474, -89.3558, 154.1060,  0, 0, 0
L -84.6474, -89.3558, 154.1060,  -81.6257, -89.3524, 154.1059,  0, 0, 0
L -81.6257, -89.3524, 154.1071,  -81.6235, -96.6406, 154.1071,  0, 0, 0
L -81.6239, -95.6441, 154.1071,  -69.2142, -95.6974, 154.1059,  0, 0, 0
L -69.2142, -95.6974, 154.1059,  -47.7503, -117.1593, 154.1059,  0, 0, 0
L -47.7503, -117.1593, 154.1059,  -47.6454, -152.3557, 154.1059,  0, 0, 0
L -47.6454, -152.3557, 154.1059,  -129.3052, -152.3554, 154.1059,  0, 0, 0
L -129.3052, -152.3554, 154.1059,  -129.3557, -116.2977, 154.1060,  0, 0, 0
L -129.3557, -116.2977, 154.1060,  -108.5647, -95.6440, 154.1060,  0, 0, 0
L -108.5647, -95.6440, 154.1060,  -96.3739, -95.6453, 154.1080,  0, 0, 0
L -84.6444, -94.5665, 154.1060,  -93.3528, -94.5454, 154.1059,  0, 0, 0
L -93.3494, -96.6401, 154.1059,  -96.3739, -96.6496, 154.1060,  0, 0, 0
L -81.6235, -96.6406, 154.1060,  -84.6444, -96.6499, 154.1059,  0, 0, 0
L -96.3739, -96.6496, 154.1080,  -96.3744, -89.3564, 154.1071,  0, 0, 0
L -81.6252, -90.3513, 154.1071,  -47.7610, -90.3549, 154.1059,  0, 0, 0
L 647.8573, 145.3566, 119.1060,  638.2006, 145.2589, 119.1060,  255, 0, 255
L 749.5235, 147.9900, 154.1060,  741.4670, 147.9730, 154.1060,  255, 0, 255
L 754.3546, 118.3817, 154.1060,  754.3558, 152.3252, 154.1060,  0, 0, 0
L 754.3558, 152.3252, 154.1060,  736.6440, 152.3548, 154.1059,  0, 0, 0
L 736.6440, 152.3548, 154.1059,  736.6453, 86.3547, 154.1060,  0, 0, 0
L 736.6453, 86.3547, 154.1060,  704.6484, 86.3556, 154.1059,  0, 0, 0
L 704.6484, 86.3556, 154.1059,  704.6436, 40.6963, 154.1060,  0, 0, 0
L 704.6436, 40.6963, 154.1060,  736.6454, 40.6490, 154.1060,  0, 0, 0
L 736.6454, 40.6490, 154.1060,  736.6435, -3.6465, 154.1060,  0, 0, 0
L 736.6435, -3.6465, 154.1060,  780.3596, -47.3562, 154.1060,  0, 0, 0
L 780.3596, -47.3562, 154.1060,  800.6479, -47.3554, 154.1060,  0, 0, 0
L 800.6479, -47.3554, 154.1060,  800.6485, -73.6470, 154.1060,  0, 0, 0
L 800.6485, -73.6470, 154.1060,  779.2960, -73.6441, 154.1060,  0, 0, 0
L 779.2960, -73.6441, 154.1060,  763.6660, -89.2439, 154.1060,  0, 0, 0
L 759.9510, -85.1265, 154.1060,  764.6158, -90.2968, 154.1073,  0, 0, 0
L 764.6158, -90.2968, 154.1060,  762.1200, -92.9077, 154.1060,  0, 0, 0
L 762.1200, -92.9077, 154.1059,  757.6670, -88.2420, 154.1059,  0, 0, 0
L 760.7712, -91.6915, 154.1059,  755.6269, -96.7163, 154.1059,  127, 127, 0
L 752.2540, -93.5330, 154.1059,  756.8985, -98.9600, 154.1060,  0, 0, 0
L 756.8985, -98.9600, 154.1060,  754.2685, -100.6452, 154.1059,  0, 0, 0
L 749.3641, -95.7245, 154.1071,  754.2685, -100.6452, 154.1060,  0, 0, 0
L 760.7300, -86.3569, 154.1077,  775.3550, -71.6300, 154.1060,  0, 0, 0
L 775.3550, -71.6300, 154.1060,  775.3350, -48.2462, 154.1059,  0, 0, 0
L 775.3350, -48.2462, 154.1059,  735.6421, -8.6448, 154.1059,  0, 0, 0
L 735.6421, -8.6448, 154.1059,  712.2151, -8.6946, 154.1060,  0, 0, 0
L 712.2151, -8.6946, 154.1060,  697.6422, -23.2692, 154.1079,  0, 0, 0
L 693.7018, -19.3838, 154.1079,  698.6462, -24.2591, 154.1060,  0, 0, 0
L 698.6462, -24.2591, 154.1060,  696.3400, -26.9146, 154.1059,  0, 0, 0
L 696.3400, -26.9146, 154.1059,  691.8140, -22.7900, 154.1059,  0, 0, 0
L 694.6554, -25.5710, 154.1059,  689.5135, -30.6030, 154.1059,  127, 127, 0
L 685.9841, -27.9490, 154.1059,  690.9144, -31.9953, 154.1059,  0, 0, 0
L 690.9144, -31.9953, 154.1060,  688.2690, -34.6450, 154.1059,  0, 0, 0
L 688.2690, -34.6450, 154.1060,  683.3651, -29.7285, 154.1071,  0, 0, 0
L 687.2700, -33.6433, 154.1071,  672.6440, -48.3021, 154.1059,  0, 0, 0
L 672.6440, -48.3021, 154.1059,  672.6852, -71.7700, 154.1059,  0, 0, 0
L 672.6852, -71.7700, 154.1059,  713.3459, -111.3567, 154.1059,  0, 0, 0
L 713.3459, -111.3567, 154.1059,  735.7729, -111.3155, 154.1059,  0, 0, 0
L 735.7729, -111.3155, 154.1059,  750.3456, -96.7437, 154.1062,  0, 0, 0
L 749.3641, -95.7245, 154.1060,  752.2540, -93.5330, 154.1059,  0, 0, 0
L 753.4545, -94.5443, 154.1059,  758.6055, -89.5163, 154.1059,  127, 127, 0
L 757.6670, -88.2420, 154.1060,  759.9510, -85.1265, 154.1060,  0, 0, 0
L 691.8140, -22.7900, 154.1060,  693.7018, -19.3838, 154.1060,  0, 0, 0
L 694.7317, -20.3575, 154.1071,  711.3560, -3.6638, 154.1059,  0, 0, 0
L 711.3560, -3.6638, 154.1059,  711.2966, 35.3554, 154.1060,  0, 0, 0
L 711.2966, 35.3554, 154.1060,  656.3570, 35.3552, 154.1059,  0, 0, 0
L 656.3570, 35.3552, 154.1059,  628.6443, 7.6798, 154.1059,  0, 0, 0
L 628.6443, 7.6798, 154.1059,  628.6443, -47.3153, 154.1060,  0, 0, 0
L 628.6443, -47.3153, 154.1060,  667.7812, -47.3070, 154.1059,  0, 0, 0
L 667.7812, -47.3070, 154.1059,  684.3567, -30.7300, 154.1071,  0, 0, 0
L 683.3651, -29.7285, 154.1060,  685.9841, -27.9490, 154.1059,  0, 0, 0
L 687.3416, -28.4312, 154.1059,  692.4872, -23.3980, 154.1059,  127, 127, 0
L 753.2690, -99.6423, 154.1074,  736.6431, -116.3216, 154.1059,  0, 0, 0
L 736.6431, -116.3216, 154.1059,  736.6504, -136.6460, 154.1059,  0, 0, 0
L 736.6504, -136.6460, 154.1060,  710.3536, -136.6485, 154.1060,  0, 0, 0
L 710.3536, -136.6485, 154.1059,  710.3559, -114.3332, 154.1059,  0, 0, 0
L 710.3559, -114.3332, 154.1059,  667.6164, -72.6448, 154.1060,  0, 0, 0
L 667.6164, -72.6448, 154.1060,  623.3510, -72.6494, 154.1060,  0, 0, 0
L 623.3510, -72.6494, 154.1060,  623.3559, -40.6454, 154.1059,  0, 0, 0
L 623.3559, -40.6454, 154.1059,  577.6449, -40.6441, 154.1059,  0, 0, 0
L 577.6449, -40.6441, 154.1059,  577.6536, -72.6463, 154.1060,  0, 0, 0
L 577.6536, -72.6463, 154.1059,  511.6451, -72.6441, 154.1059,  0, 0, 0
L 511.6451, -72.6441, 154.1059,  511.7203, -90.3551, 154.1059,  0, 0, 0
L 511.7203, -90.3551, 154.1059,  545.6155, -90.3563, 154.1065,  0, 0, 0
L 545.6476, -89.3577, 154.1060,  548.6285, -89.3528, 154.1060,  0, 0, 0
L 548.7296, -91.4742, 154.1059,  557.3559, -91.4675, 154.1060,  0, 0, 0
L 557.3700, -96.6484, 154.1060,  557.3500, -89.3568, 154.1060,  0, 0, 0
L 545.6259, -95.6436, 154.1071,  533.4106, -95.6433, 154.1060,  0, 0, 0
L 533.4106, -95.6433, 154.1060,  511.6850, -117.2263, 154.1059,  0, 0, 0
L 511.6850, -117.2263, 154.1059,  511.6442, -152.3549, 154.1059,  0, 0, 0
L 511.6442, -152.3549, 154.1059,  593.3160, -152.3554, 154.1059,  0, 0, 0
L 593.3160, -152.3554, 154.1059,  593.3564, -116.3503, 154.1060,  0, 0, 0
L 593.3564, -116.3503, 154.1060,  572.4894, -95.6448, 154.1060,  0, 0, 0
L 572.4894, -95.6448, 154.1060,  560.3741, -95.6453, 154.1071,  0, 0, 0
L 560.3561, -89.3529, 154.1071,  560.3772, -96.6432, 154.1059,  0, 0, 0
L 560.3772, -96.6432, 154.1060,  557.3700, -96.6484, 154.1060,  0, 0, 0
L 557.3559, -94.5652, 154.1060,  548.6435, -94.5478, 154.1059,  0, 0, 0
L 548.6506, -96.6444, 154.1060,  545.6223, -96.6479, 154.1059,  0, 0, 0
L 548.6285, -89.3528, 154.1059,  548.6506, -96.6444, 154.1060,  0, 0, 0
L 545.6476, -89.3577, 154.1074,  545.6223, -96.6479, 154.1060,  0, 0, 0
L 557.3500, -89.3568, 154.1060,  560.3561, -89.3529, 154.1060,  0, 0, 0
L 560.3741, -90.3554, 154.1071,  593.3550, -90.3057, 154.1060,  0, 0, 0
L 593.3443, -55.3562, 154.1060,  593.3544, -90.3556, 154.1059,  0, 0, 0
L 593.3443, -55.3562, 154.1060,  607.6475, -55.3522, 154.1060,  0, 0, 0
L 607.6475, -55.3522, 154.1060,  607.6453, -90.3556, 154.1059,  0, 0, 0
L 607.6453, -90.3556, 154.1059,  640.6250, -90.3555, 154.1071,  0, 0, 0
L 640.6426, -96.6375, 154.1071,  640.6222, -89.3563, 154.1059,  0, 0, 0
L 640.6222, -89.3563, 154.1059,  643.6481, -89.3536, 154.1060,  0, 0, 0
L 643.6481, -89.3536, 154.1059,  643.6331, -96.6530, 154.1060,  0, 0, 0
L 652.3722, -96.6440, 154.1059,  652.3495, -89.3551, 154.1060,  0, 0, 0
L 652.3495, -89.3551, 154.1059,  655.3755, -89.3506, 154.1060,  0, 0, 0
L 655.3755, -89.3506, 154.1060,  655.3640, -96.6463, 154.1076,  0, 0, 0
L 655.3740, -90.3538, 154.1076,  668.2664, -90.3538, 154.1059,  0, 0, 0
L 640.6426, -96.6375, 154.1059,  643.6331, -96.6530, 154.1060,  0, 0, 0
L 640.6221, -95.6436, 154.1071,  628.3395, -95.6445, 154.1059,  0, 0, 0
L 628.3395, -95.6445, 154.1059,  607.6434, -116.3310, 154.1059,  0, 0, 0
L 607.6434, -116.3310, 154.1059,  607.6436, -152.3333, 154.1059,  0, 0, 0
L 607.6436, -152.3333, 154.1059,  688.3360, -152.3557, 154.1060,  0, 0, 0
L 688.3360, -152.3557, 154.1060,  688.3561, -116.3294, 154.1060,  0, 0, 0
L 688.3561, -116.3294, 154.1060,  667.7906, -95.7026, 154.1059,  0, 0, 0
L 667.6308, -95.6443, 154.1060,  655.3741, -95.6449, 154.1071,  0, 0, 0
L 652.3559, -94.4196, 154.1059,  643.6592, -94.4185, 154.1060,  0, 0, 0
L 652.3722, -96.6440, 154.1060,  655.3640, -96.6463, 154.1060,  0, 0, 0
L 643.6439, -91.3492, 154.1059,  652.3559, -91.3490, 154.1059,  0, 0, 0
L 668.2664, -90.3538, 154.1060,  693.6481, -115.7275, 154.1060,  0, 0, 0
L 693.6481, -115.7275, 154.1060,  693.6671, -152.3562, 154.1060,  0, 0, 0
L 693.6671, -152.3562, 154.1060,  816.3550, -152.3017, 154.1060,  0, 0, 0
L 816.3550, -152.3017, 154.1060,  816.3556, -29.6737, 154.1060,  0, 0, 0
L 816.3556, -29.6737, 154.1060,  779.7281, -29.6450, 154.1059,  0, 0, 0
L 754.3549, -4.2683, 154.1059,  754.3546, 8.6259, 154.1079,  0, 0, 0
L 760.6431, 8.6455, 154.1079,  753.3547, 8.6227, 154.1059,  0, 0, 0
L 753.3559, 11.6487, 154.1059,  753.3547, 8.6227, 154.1060,  0, 0, 0
L 753.3559, 11.6487, 154.1060,  760.6464, 11.6338, 154.1059,  0, 0, 0
L 755.5543, 11.6441, 154.1059,  755.5562, 20.3548, 154.1059,  127, 127, 0
L 760.6412, 20.3633, 154.1059,  753.3508, 20.3510, 154.1060,  0, 0, 0
L 753.3589, 23.3661, 154.1059,  753.3508, 20.3510, 154.1059,  0, 0, 0
L 753.3589, 23.3661, 154.1060,  760.6479, 23.4610, 154.1062,  0, 0, 0
L 754.3553, 23.3792, 154.1062,  754.3132, 56.3556, 154.1059,  0, 0, 0
L 754.3132, 56.3556, 154.1059,  719.3481, 56.3430, 154.1060,  0, 0, 0
L 719.3481, 56.3430, 154.1059,  719.3519, 70.6449, 154.1060,  0, 0, 0
L 719.3519, 70.6449, 154.1059,  754.3546, 70.6441, 154.1059,  0, 0, 0
L 754.3546, 70.6441, 154.1059,  754.3538, 103.6259, 154.1071,  0, 0, 0
L 760.6465, 103.6480, 154.1071,  753.3550, 103.6223, 154.1059,  0, 0, 0
L 753.3550, 103.6223, 154.1059,  753.3550, 106.6483, 154.1060,  0, 0, 0
L 753.3550, 106.6483, 154.1059,  760.6422, 106.6354, 154.1060,  0, 0, 0
L 755.5281, 106.6444, 154.1060,  755.5709, 115.2981, 154.1060,  127, 127, 0
L 753.3577, 115.3653, 154.1060,  753.3509, 118.3742, 154.1059,  0, 0, 0
L 759.6443, 118.3768, 154.1071,  759.6438, 130.6875, 154.1059,  0, 0, 0
L 759.6438, 130.6875, 154.1059,  781.2294, 152.3196, 154.1059,  0, 0, 0
L 781.2294, 152.3196, 154.1059,  816.3546, 152.3557, 154.1059,  0, 0, 0
L 816.3546, 152.3557, 154.1059,  816.3559, 70.6567, 154.1059,  0, 0, 0
L 816.3559, 70.6567, 154.1059,  780.3185, 70.6444, 154.1059,  0, 0, 0
L 780.3185, 70.6444, 154.1059,  759.6926, 91.2188, 154.1059,  0, 0, 0
L 759.6926, 91.2188, 154.1059,  759.6451, 103.6259, 154.1077,  0, 0, 0
L 760.6422, 106.6354, 154.1059,  760.6465, 103.6480, 154.1060,  0, 0, 0
L 758.6404, 106.6436, 154.1059,  758.6414, 115.3560, 154.1059,  127, 127, 0
L 753.3577, 115.3653, 154.1059,  760.6390, 115.3525, 154.1060,  0, 0, 0
L 760.6526, 118.3739, 154.1076,  753.3509, 118.3742, 154.1071,  0, 0, 0
L 760.6390, 115.3525, 154.1060,  760.6526, 118.3739, 154.1060,  0, 0, 0
L 760.6464, 11.6338, 154.1059,  760.6431, 8.6455, 154.1060,  0, 0, 0
L 759.6440, 8.6252, 154.1071,  759.6431, -3.6642, 154.1060,  0, 0, 0
L 759.6431, -3.6642, 154.1060,  780.3650, -24.3551, 154.1059,  0, 0, 0
L 780.3650, -24.3551, 154.1059,  816.3035, -24.3552, 154.1059,  0, 0, 0
L 816.3035, -24.3552, 154.1059,  816.3556, 56.3554, 154.1059,  0, 0, 0
L 816.3556, 56.3554, 154.1059,  780.3243, 56.3556, 154.1060,  0, 0, 0
L 780.3243, 56.3556, 154.1060,  759.6693, 35.7590, 154.1059,  0, 0, 0
L 759.6693, 35.7590, 154.1059,  759.6443, 23.3743, 154.1071,  0, 0, 0
L 760.6412, 20.3633, 154.1059,  760.6479, 23.4610, 154.1060,  0, 0, 0
L 758.6259, 20.3557, 154.1059,  758.6259, 11.6460, 154.1059,  127, 127, 0
L 754.3549, -4.2683, 154.1060,  779.7281, -29.6450, 154.1060,  0, 0, 0
L 517.1832, -86.9569, 154.1059,  517.1869, -76.8538, 154.1059,  255, 0, 255
L 518.6096, 25.7833, 119.1060,  518.6094, 16.8400, 119.1060,  255, 0, 255
L 518.7729, 847.8853, 119.1060,  518.7753, 838.8102, 119.1060,  255, 0, 255
L 545.6254, 954.3541, 154.1071,  511.6438, 954.3314, 154.1059,  0, 0, 0
L 511.6438, 954.3314, 154.1059,  511.6435, 936.6603, 154.1060,  0, 0, 0
L 511.6435, 936.6603, 154.1060,  577.6449, 936.6475, 154.1060,  0, 0, 0
L 577.6449, 936.6475, 154.1059,  577.6440, 904.6440, 154.1059,  0, 0, 0
L 577.6440, 904.6440, 154.1059,  623.3544, 904.6440, 154.1059,  0, 0, 0
L 623.3544, 904.6440, 154.1059,  623.3506, 936.6313, 154.1060,  0, 0, 0
L 623.3506, 936.6313, 154.1059,  667.8192, 936.7291, 154.1059,  0, 0, 0
L 667.8192, 936.7291, 154.1059,  711.2563, 980.1671, 154.1060,  0, 0, 0
L 711.2563, 980.1671, 154.1060,  711.3553, 1000.6426, 154.1060,  0, 0, 0
L 711.3553, 1000.6426, 154.1059,  737.6467, 1000.6511, 154.1060,  0, 0, 0
L 737.6467, 1000.6511, 154.1060,  737.6431, 979.2847, 154.1059,  0, 0, 0
L 737.6431, 979.2847, 154.1059,  753.2681, 963.6426, 154.1071,  0, 0, 0
L 749.3650, 959.7187, 154.1071,  754.2699, 964.6500, 154.1060,  0, 0, 0
L 756.9070, 961.9936, 154.1060,  754.2699, 964.6500, 154.1060,  0, 0, 0
L 756.9070, 961.9936, 154.1060,  751.9974, 957.9160, 154.1060,  0, 0, 0
L 755.5807, 960.6694, 154.1060,  760.6122, 955.5229, 154.1059,  127, 127, 0
L 757.9600, 951.9858, 154.1059,  761.9998, 956.9189, 154.1059,  0, 0, 0
L 764.6403, 954.2648, 154.1060,  761.9998, 956.9189, 154.1060,  0, 0, 0
L 764.6403, 954.2648, 154.1059,  759.7272, 949.3605, 154.1071,  0, 0, 0
L 763.6425, 953.2686, 154.1071,  780.2215, 936.6897, 154.1059,  0, 0, 0
L 780.2215, 936.6897, 154.1059,  800.6462, 936.6304, 154.1060,  0, 0, 0
L 751.9974, 957.9160, 154.1059,  749.3650, 959.7187, 154.1060,  0, 0, 0
L 750.3574, 960.7306, 154.1076,  735.8613, 975.2274, 154.1059,  0, 0, 0
L 735.6479, 975.3550, 154.1059,  712.2363, 975.3251, 154.1059,  0, 0, 0
L 712.2363, 975.3251, 154.1059,  672.7507, 935.8381, 154.1060,  0, 0, 0
L 672.7507, 935.8381, 154.1060,  672.6884, 912.2228, 154.1059,  0, 0, 0
L 672.6884, 912.2228, 154.1059,  687.2684, 897.6417, 154.1071,  0, 0, 0
L 683.3618, 893.7187, 154.1071,  688.2676, 898.6453, 154.1060,  0, 0, 0
L 690.9065, 896.5500, 154.1060,  688.2676, 898.6453, 154.1059,  0, 0, 0
L 690.9065, 896.5500, 154.1059,  686.3879, 891.5309, 154.1059,  0, 0, 0
L 689.5579, 894.6335, 154.1059,  694.5184, 889.4293, 154.1059,  127, 127, 0
L 691.1046, 885.9836, 154.1059,  695.9919, 890.9166, 154.1060,  0, 0, 0
L 695.9919, 890.9166, 154.1059,  698.6415, 888.2736, 154.1060,  0, 0, 0
L 698.6415, 888.2736, 154.1060,  693.7554, 883.3268, 154.1071,  0, 0, 0
L 697.6449, 887.2648, 154.1071,  712.3279, 872.6443, 154.1059,  0, 0, 0
L 712.3279, 872.6443, 154.1059,  735.7975, 872.7161, 154.1059,  0, 0, 0
L 735.7975, 872.7161, 154.1059,  775.3541, 913.4396, 154.1060,  0, 0, 0
L 775.3541, 913.4396, 154.1060,  775.3564, 935.6671, 154.1059,  0, 0, 0
L 775.3564, 935.6671, 154.1059,  760.7314, 950.3577, 154.1071,  0, 0, 0
L 759.7272, 949.3605, 154.1059,  757.9600, 951.9858, 154.1060,  0, 0, 0
L 758.4397, 953.3509, 154.1059,  753.3918, 958.4814, 154.1058,  127, 127, 0
L 686.3879, 891.5309, 154.1060,  683.3618, 893.7187, 154.1059,  0, 0, 0
L 684.3568, 894.7300, 154.1071,  667.6248, 911.3553, 154.1060,  0, 0, 0
L 667.6248, 911.3553, 154.1060,  628.6440, 911.3537, 154.1059,  0, 0, 0
L 628.6440, 911.3537, 154.1059,  628.7079, 856.2015, 154.1060,  0, 0, 0
L 628.7079, 856.2015, 154.1060,  656.6363, 828.6458, 154.1060,  0, 0, 0
L 638.2718, 718.9664, 119.1060,  648.2245, 718.9687, 119.1060,  255, 0, 255
L 736.6470, 777.6462, 154.1059,  736.6436, 711.6733, 154.1060,  0, 0, 0
L 736.6436, 711.6733, 154.1060,  754.2943, 711.6440, 154.1060,  0, 0, 0
L 754.2943, 711.6440, 154.1060,  754.3525, 745.6251, 154.1071,  0, 0, 0
L 760.6461, 745.6399, 154.1071,  753.3577, 745.6227, 154.1059,  0, 0, 0
L 753.3577, 745.6227, 154.1060,  753.3505, 748.6461, 154.1060,  0, 0, 0
L 753.3505, 748.6461, 154.1060,  760.6436, 748.6417, 154.1059,  0, 0, 0
L 755.5172, 748.6448, 154.1059,  755.4752, 757.3556, 154.1060,  0, 0, 0
L 760.6468, 757.3707, 154.1060,  753.3550, 757.3495, 154.1059,  0, 0, 0
L 753.3550, 757.3495, 154.1060,  753.3550, 760.3750, 154.1060,  0, 0, 0
L 753.3550, 760.3750, 154.1059,  760.6414, 760.3736, 154.1071,  0, 0, 0
L 754.3559, 760.3749, 154.1071,  754.3558, 793.3517, 154.1060,  0, 0, 0
L 754.3558, 793.3517, 154.1060,  719.3491, 793.3483, 154.1060,  0, 0, 0
L 740.2663, 716.8409, 154.1059,  749.5676, 716.8416, 154.1060,  255, 0, 255
L 760.6436, 748.6417, 154.1060,  760.6461, 745.6399, 154.1060,  0, 0, 0
L 759.6453, 745.4874, 154.1060,  759.6446, 733.3539, 154.1059,  0, 0, 0
L 759.6446, 733.3539, 154.1059,  781.3066, 711.6440, 154.1059,  0, 0, 0
L 781.3066, 711.6440, 154.1059,  816.3550, 711.6839, 154.1059,  0, 0, 0
L 816.3550, 711.6839, 154.1059,  816.3541, 793.3556, 154.1059,  0, 0, 0
L 816.3541, 793.3556, 154.1059,  780.2110, 793.2993, 154.1059,  0, 0, 0
L 780.2110, 793.2993, 154.1059,  759.6443, 772.6876, 154.1059,  0, 0, 0
L 759.6443, 772.6876, 154.1059,  759.6434, 760.3818, 154.1069,  0, 0, 0
L 760.6414, 760.3736, 154.1060,  760.6468, 757.3707, 154.1059,  0, 0, 0
L 758.5605, 757.3556, 154.1059,  758.5905, 748.6440, 154.1059,  0, 0, 0
L 736.6470, 777.6462, 154.1060,  704.6467, 777.6438, 154.1059,  0, 0, 0
L 704.6467, 777.6438, 154.1059,  704.6436, 823.3436, 154.1059,  0, 0, 0
L 704.6436, 823.3436, 154.1059,  736.6443, 823.3519, 154.1060,  0, 0, 0
L 736.6443, 823.3519, 154.1060,  736.6434, 867.6844, 154.1059,  0, 0, 0
L 736.6434, 867.6844, 154.1059,  778.5048, 910.3564, 154.1060,  0, 0, 0
L 778.5048, 910.3564, 154.1060,  800.6462, 910.3514, 154.1060,  0, 0, 0
L 800.6462, 910.3514, 154.1060,  800.6462, 936.6304, 154.1060,  0, 0, 0
L 548.6443, 953.3574, 154.1060,  545.6252, 953.3500, 154.1060,  0, 0, 0
L 548.6443, 953.3574, 154.1059,  548.6497, 960.6384, 154.1059,  0, 0, 0
L 548.6459, 955.4324, 154.1059,  557.3556, 955.4136, 154.1060,  127, 127, 0
L 557.3704, 960.6468, 154.1060,  557.3499, 953.3505, 154.1060,  0, 0, 0
L 560.3792, 953.3563, 154.1060,  557.3499, 953.3505, 154.1059,  0, 0, 0
L 560.3792, 953.3563, 154.1071,  560.3730, 960.6436, 154.1074,  0, 0, 0
L 560.3740, 959.6443, 154.1074,  572.6711, 959.6440, 154.1060,  0, 0, 0
L 572.6711, 959.6440, 154.1060,  593.3558, 980.3505, 154.1060,  0, 0, 0
L 593.3558, 980.3505, 154.1060,  593.3392, 1016.3556, 154.1059,  0, 0, 0
L 593.3392, 1016.3556, 154.1059,  511.7337, 1016.3546, 154.1059,  0, 0, 0
L 511.7337, 1016.3546, 154.1059,  511.6449, 981.3730, 154.1059,  0, 0, 0
L 511.6449, 981.3730, 154.1059,  533.8849, 959.6465, 154.1060,  0, 0, 0
L 533.8849, 959.6465, 154.1060,  545.6172, 959.6449, 154.1060,  0, 0, 0
L 548.6497, 960.6384, 154.1059,  545.6254, 960.6490, 154.1059,  0, 0, 0
L 548.6436, 958.5022, 154.1059,  557.3553, 958.5320, 154.1060,  127, 127, 0
L 557.3704, 960.6468, 154.1059,  560.3730, 960.6436, 154.1060,  0, 0, 0
L 545.6252, 953.3500, 154.1071,  545.6254, 960.6490, 154.1071,  0, 0, 0
L 560.3740, 954.3550, 154.1071,  593.3556, 954.3538, 154.1059,  0, 0, 0
L 593.3556, 954.3538, 154.1059,  593.3555, 919.3596, 154.1060,  0, 0, 0
L 593.3555, 919.3596, 154.1060,  607.6335, 919.3474, 154.1060,  0, 0, 0
L 607.6335, 919.3474, 154.1060,  607.6716, 954.3558, 154.1060,  0, 0, 0
L 607.6716, 954.3558, 154.1060,  640.5977, 954.3563, 154.1060,  0, 0, 0
L 643.6472, 953.3594, 154.1060,  640.6257, 953.3497, 154.1059,  0, 0, 0
L 643.6472, 953.3594, 154.1059,  643.6367, 960.6459, 154.1059,  0, 0, 0
L 643.6440, 955.4615, 154.1059,  652.3555, 955.4814, 154.1060,  0, 0, 0
L 652.3708, 960.6443, 154.1060,  652.3491, 953.3500, 154.1059,  0, 0, 0
L 655.3737, 953.3577, 154.1059,  652.3491, 953.3500, 154.1059,  0, 0, 0
L 655.3737, 953.3577, 154.1071,  655.3774, 960.6472, 154.1071,  0, 0, 0
L 655.3769, 959.6440, 154.1071,  667.8218, 959.7342, 154.1059,  0, 0, 0
L 667.8218, 959.7342, 154.1059,  688.3546, 980.4083, 154.1060,  0, 0, 0
L 688.3546, 980.4083, 154.1060,  688.3555, 1016.3556, 154.1059,  0, 0, 0
L 688.3555, 1016.3556, 154.1059,  607.7056, 1016.3550, 154.1060,  0, 0, 0
L 607.7056, 1016.3550, 154.1060,  607.6440, 980.4000, 154.1060,  0, 0, 0
L 607.6440, 980.4000, 154.1060,  628.2159, 959.6953, 154.1059,  0, 0, 0
L 628.2159, 959.6953, 154.1059,  640.6257, 959.6443, 154.1071,  0, 0, 0
L 640.6254, 960.6446, 154.1060,  643.6367, 960.6459, 154.1060,  0, 0, 0
L 643.6443, 958.5768, 154.1059,  652.3528, 958.5768, 154.1059,  0, 0, 0
L 652.3708, 960.6443, 154.1060,  655.3774, 960.6472, 154.1059,  0, 0, 0
L 640.6254, 960.6446, 154.1071,  640.6257, 953.3497, 154.1071,  0, 0, 0
L 656.1281, 954.3437, 154.1060,  668.1521, 954.3547, 154.1059,  0, 0, 0
L 668.1521, 954.3547, 154.1059,  693.6467, 979.7097, 154.1060,  0, 0, 0
L 693.6467, 979.7097, 154.1060,  693.6440, 1016.3547, 154.1059,  0, 0, 0
L 693.6440, 1016.3547, 154.1059,  816.2641, 1016.3556, 154.1060,  0, 0, 0
L 816.2641, 1016.3556, 154.1060,  816.3094, 893.6443, 154.1059,  0, 0, 0
L 816.3094, 893.6443, 154.1059,  779.7335, 893.6498, 154.1059,  0, 0, 0
L 779.7335, 893.6498, 154.1060,  754.3541, 868.2699, 154.1060,  0, 0, 0
L 754.3541, 868.2699, 154.1060,  754.3555, 855.3768, 154.1071,  0, 0, 0
L 760.6467, 855.3976, 154.1071,  753.3564, 855.3735, 154.1059,  0, 0, 0
L 753.3564, 855.3735, 154.1060,  753.3536, 852.3519, 154.1060,  0, 0, 0
L 753.3536, 852.3519, 154.1060,  760.6417, 852.3651, 154.1059,  0, 0, 0
L 755.4216, 852.3556, 154.1059,  755.4222, 843.6438, 154.1059,  127, 127, 0
L 760.6413, 843.6328, 154.1059,  753.3574, 843.6479, 154.1059,  0, 0, 0
L 753.3574, 843.6479, 154.1059,  753.3535, 840.6230, 154.1059,  0, 0, 0
L 753.3535, 840.6230, 154.1059,  760.6485, 840.6417, 154.1071,  0, 0, 0
L 754.3549, 840.6257, 154.1071,  754.3537, 807.6439, 154.1059,  0, 0, 0
L 754.3537, 807.6439, 154.1059,  719.3613, 807.6475, 154.1060,  0, 0, 0
L 719.3613, 807.6475, 154.1059,  719.3491, 793.3483, 154.1060,  0, 0, 0
L 760.6413, 843.6328, 154.1060,  760.6485, 840.6417, 154.1059,  0, 0, 0
L 759.6458, 840.6158, 154.1060,  759.7300, 828.1807, 154.1060,  0, 0, 0
L 759.7300, 828.1807, 154.1060,  780.2172, 807.6924, 154.1060,  0, 0, 0
L 780.2172, 807.6924, 154.1060,  816.3546, 807.6440, 154.1059,  0, 0, 0
L 816.3546, 807.6440, 154.1059,  816.3423, 888.3563, 154.1060,  0, 0, 0
L 816.3423, 888.3563, 154.1060,  780.3323, 888.3564, 154.1060,  0, 0, 0
L 780.3323, 888.3564, 154.1060,  759.6453, 867.3160, 154.1060,  0, 0, 0
L 759.6453, 867.3160, 154.1060,  759.6454, 855.3741, 154.1071,  0, 0, 0
L 760.6417, 852.3651, 154.1060,  760.6467, 855.3976, 154.1060,  0, 0, 0
L 758.4926, 852.3558, 154.1059,  758.5051, 843.6440, 154.1060,  127, 127, 0
L 691.1046, 885.9836, 154.1060,  693.7554, 883.3268, 154.1059,  0, 0, 0
L 694.7424, 884.3405, 154.1059,  711.2866, 867.8011, 154.1059,  0, 0, 0
L 711.2866, 867.8011, 154.1059,  711.3556, 828.6454, 154.1059,  0, 0, 0
L 711.3556, 828.6454, 154.1059,  656.2336, 828.6760, 154.1059,  0, 0, 0
L 692.3459, 887.2567, 154.1059,  687.3801, 892.4695, 154.1059,  127, 127, 0
L 517.7372, 950.3990, 154.1060,  517.7372, 941.2028, 154.1059,  255, 0, 255
L -184.3479, 719.4719, 119.1060,  -173.2981, 719.5149, 119.1060,  255, 0, 255
L -290.3562, 745.6254, 154.1071,  -290.3561, 711.6689, 154.1060,  0, 0, 0
L -290.3561, 711.6689, 154.1060,  -272.6440, 711.6780, 154.1060,  0, 0, 0
L -272.6440, 711.6780, 154.1060,  -272.6530, 777.6458, 154.1059,  0, 0, 0
L -286.2710, 718.2635, 154.1059,  -276.7764, 718.2657, 154.1060,  255, 0, 255
L -289.3575, 745.6259, 154.1060,  -289.3518, 748.6426, 154.1059,  0, 0, 0
L -289.3518, 748.6426, 154.1059,  -296.6487, 748.6462, 154.1059,  0, 0, 0
L -291.5559, 748.6439, 154.1059,  -291.4522, 757.3506, 154.1059,  127, 127, 0
L -296.6390, 757.3232, 154.1059,  -289.3566, 757.3618, 154.1059,  0, 0, 0
L -289.3566, 757.3618, 154.1060,  -289.3521, 760.3750, 154.1059,  0, 0, 0
L -289.3521, 760.3750, 154.1059,  -296.6505, 760.3718, 154.1069,  0, 0, 0
L -290.3476, 760.3745, 154.1069,  -290.3145, 793.3556, 154.1060,  0, 0, 0
L -290.3145, 793.3556, 154.1060,  -255.3543, 793.3497, 154.1059,  0, 0, 0
L -296.6404, 745.6248, 154.1059,  -296.6487, 748.6462, 154.1059,  0, 0, 0
L -295.6460, 745.6254, 154.1071,  -295.6886, 733.2209, 154.1059,  0, 0, 0
L -295.6886, 733.2209, 154.1059,  -317.3005, 711.6435, 154.1060,  0, 0, 0
L -317.3005, 711.6435, 154.1060,  -352.3557, 711.6453, 154.1059,  0, 0, 0
L -352.3557, 711.6453, 154.1059,  -352.3555, 793.3264, 154.1060,  0, 0, 0
L -352.3555, 793.3264, 154.1060,  -316.2089, 793.2990, 154.1060,  0, 0, 0
L -316.2089, 793.2990, 154.1060,  -295.6444, 772.6194, 154.1059,  0, 0, 0
L -295.6444, 772.6194, 154.1059,  -295.6447, 760.3750, 154.1071,  0, 0, 0
L -296.6390, 757.3232, 154.1060,  -296.6505, 760.3718, 154.1060,  0, 0, 0
L -294.6270, 748.6440, 154.1059,  -294.5221, 757.3559, 154.1059,  127, 127, 0
L -296.6404, 745.6248, 154.1071,  -289.3575, 745.6259, 154.1074,  0, 0, 0
L -255.3543, 793.3497, 154.1059,  -255.3542, 807.6468, 154.1060,  0, 0, 0
L -255.3542, 807.6468, 154.1060,  -290.3557, 807.6453, 154.1059,  0, 0, 0
L -290.3557, 807.6453, 154.1059,  -290.3543, 840.6259, 154.1071,  0, 0, 0
L -296.6440, 840.6273, 154.1071,  -289.3607, 840.6255, 154.1059,  0, 0, 0
L -289.3607, 840.6255, 154.1059,  -289.3500, 843.6536, 154.1060,  0, 0, 0
L -296.6471, 843.6331, 154.1059,  -289.3500, 843.6536, 154.1060,  0, 0, 0
L -289.3561, 852.3544, 154.1060,  -296.6426, 852.3519, 154.1059,  0, 0, 0
L -294.4708, 843.6440, 154.1059,  -294.5160, 852.3550, 154.1060,  127, 127, 0
L -296.6426, 852.3519, 154.1060,  -296.6474, 855.3751, 154.1060,  0, 0, 0
L -295.6442, 855.3748, 154.1071,  -295.6872, 867.7758, 154.1059,  0, 0, 0
L -295.6872, 867.7758, 154.1059,  -316.2223, 888.3107, 154.1059,  0, 0, 0
L -316.2223, 888.3107, 154.1059,  -352.3546, 888.3556, 154.1059,  0, 0, 0
L -352.3546, 888.3556, 154.1059,  -352.3555, 807.6613, 154.1059,  0, 0, 0
L -352.3555, 807.6613, 154.1059,  -316.1840, 807.7256, 154.1059,  0, 0, 0
L -316.1840, 807.7256, 154.1059,  -295.6861, 828.2251, 154.1059,  0, 0, 0
L -295.6451, 840.6259, 154.1071,  -296.1161, 840.6224, 154.1059,  0, 0, 0
L -296.6440, 840.6273, 154.1059,  -296.6471, 843.6331, 154.1059,  0, 0, 0
L -295.6462, 840.2911, 154.1060,  -295.6449, 828.3744, 154.1059,  0, 0, 0
L -296.6474, 855.3751, 154.1071,  -289.3523, 855.3736, 154.1080,  0, 0, 0
L -289.3561, 852.3544, 154.1059,  -289.3523, 855.3736, 154.1060,  0, 0, 0
L -290.3557, 855.3740, 154.1071,  -290.3521, 868.2649, 154.1060,  0, 0, 0
L -290.3521, 868.2649, 154.1060,  -315.7262, 893.6467, 154.1060,  0, 0, 0
L -315.7262, 893.6467, 154.1060,  -352.3548, 893.6440, 154.1059,  0, 0, 0
L -352.3548, 893.6440, 154.1059,  -352.3557, 1016.3533, 154.1059,  0, 0, 0
L -352.3557, 1016.3533, 154.1059,  -229.6488, 1016.3564, 154.1059,  0, 0, 0
L -229.6488, 1016.3564, 154.1059,  -229.6483, 979.7354, 154.1059,  0, 0, 0
L -229.6483, 979.7354, 154.1060,  -204.2778, 954.3531, 154.1060,  0, 0, 0
L -204.2778, 954.3531, 154.1060,  -191.3747, 954.3445, 154.1068,  0, 0, 0
L -191.3608, 960.6479, 154.1068,  -191.3770, 953.3514, 154.1059,  0, 0, 0
L -188.3521, 953.3563, 154.1059,  -191.3770, 953.3514, 154.1060,  0, 0, 0
L -188.3521, 953.3563, 154.1060,  -188.3650, 960.6412, 154.1059,  0, 0, 0
L -188.3559, 955.5652, 154.1059,  -179.6456, 955.5663, 154.1059,  127, 127, 0
L -179.6470, 960.6506, 154.1059,  -179.6449, 953.3491, 154.1060,  0, 0, 0
L -176.6259, 953.3570, 154.1059,  -179.6449, 953.3491, 154.1060,  0, 0, 0
L -176.6223, 959.6465, 154.1060,  -164.3669, 959.6448, 154.1059,  0, 0, 0
L -164.3669, 959.6448, 154.1059,  -143.7279, 980.1843, 154.1059,  0, 0, 0
L -143.7279, 980.1843, 154.1059,  -143.8346, 1016.1037, 154.1060,  0, 0, 0
L -143.8346, 1016.1037, 154.1060,  -224.3557, 1016.3523, 154.1060,  0, 0, 0
L -224.3557, 1016.3523, 154.1060,  -224.3557, 980.4202, 154.1060,  0, 0, 0
L -224.3557, 980.4202, 154.1060,  -202.7733, 959.6475, 154.1060,  0, 0, 0
L -202.7733, 959.6475, 154.1060,  -191.3770, 959.6440, 154.1071,  0, 0, 0
L -188.3650, 960.6412, 154.1069,  -191.3608, 960.6479, 154.1060,  0, 0, 0
L -188.3557, 958.6359, 154.1059,  -179.6474, 958.6362, 154.1059,  127, 127, 0
L -176.6219, 960.6413, 154.1059,  -179.6470, 960.6506, 154.1060,  0, 0, 0
L -176.6259, 953.3570, 154.1071,  -176.6219, 960.6413, 154.1071,  0, 0, 0
L -159.3556, 936.6422, 154.1060,  -203.8117, 936.7237, 154.1059,  0, 0, 0
L -203.8117, 936.7237, 154.1059,  -247.3040, 980.2137, 154.1059,  0, 0, 0
L -247.3040, 980.2137, 154.1059,  -247.3601, 1000.6399, 154.1060,  0, 0, 0
L -247.3601, 1000.6399, 154.1059,  -273.6447, 1000.6548, 154.1059,  0, 0, 0
L -159.3556, 936.6422, 154.1060,  -159.3557, 904.6453, 154.1059,  0, 0, 0
L -159.3557, 904.6453, 154.1059,  -113.6443, 904.6711, 154.1059,  0, 0, 0
L -113.6443, 904.6711, 154.1059,  -113.6495, 936.6506, 154.1060,  0, 0, 0
L -96.3742, 953.3509, 154.1060,  -96.3790, 960.6431, 154.1071,  0, 0, 0
L -96.3747, 954.3495, 154.1071,  -129.3557, 954.3537, 154.1059,  0, 0, 0
L -129.3557, 954.3537, 154.1059,  -129.3479, 919.3495, 154.1059,  0, 0, 0
L -113.6495, 936.6506, 154.1060,  -47.6443, 936.6465, 154.1059,  0, 0, 0
L -47.6443, 936.6465, 154.1059,  -47.6441, 954.3539, 154.1059,  0, 0, 0
L -47.6441, 954.3539, 154.1059,  -81.6252, 954.3478, 154.1071,  0, 0, 0
L -81.6321, 960.6462, 154.1071,  -81.6240, 953.3588, 154.1060,  0, 0, 0
L -81.6240, 953.3588, 154.1059,  -84.6551, 953.3500, 154.1059,  0, 0, 0
L -52.8126, 950.6590, 154.1059,  -52.7259, 939.8564, 154.1060,  255, 0, 255
L -54.7332, 848.5225, 119.1060,  -54.7259, 837.8799, 119.1060,  255, 0, 255
L -84.6551, 953.3500, 154.1060,  -84.6148, 960.6438, 154.1059,  0, 0, 0
L -84.6439, 955.3686, 154.1059,  -93.3556, 955.3604, 154.1060,  127, 127, 0
L -93.3743, 960.6462, 154.1060,  -93.3486, 953.3577, 154.1060,  0, 0, 0
L -93.3486, 953.3577, 154.1059,  -96.3742, 953.3509, 154.1059,  0, 0, 0
L -84.6148, 960.6438, 154.1059,  -81.6321, 960.6462, 154.1060,  0, 0, 0
L -47.7614, 981.1482, 154.1060,  -47.6456, 1016.3556, 154.1059,  0, 0, 0
L -47.6456, 1016.3556, 154.1059,  -129.3154, 1016.3556, 154.1059,  0, 0, 0
L -129.3154, 1016.3556, 154.1059,  -129.2145, 980.1281, 154.1059,  0, 0, 0
L -129.2145, 980.1281, 154.1059,  -108.7943, 959.7060, 154.1059,  0, 0, 0
L -108.7527, 959.6625, 154.1059,  -96.3855, 959.6432, 154.1060,  0, 0, 0
L -96.3790, 960.6431, 154.1059,  -93.3743, 960.6462, 154.1060,  0, 0, 0
L -93.3558, 958.4393, 154.1059,  -84.6439, 958.4393, 154.1059,  127, 127, 0
L -81.6188, 959.6453, 154.1062,  -69.3259, 959.6431, 154.1060,  0, 0, 0
L -69.3259, 959.6431, 154.1060,  -47.6953, 981.2159, 154.1059,  0, 0, 0
L -129.3479, 919.3495, 154.1059,  -143.6470, 919.3486, 154.1059,  0, 0, 0
L -143.6470, 919.3486, 154.1060,  -143.6442, 954.3536, 154.1059,  0, 0, 0
L -143.6442, 954.3536, 154.1059,  -176.6259, 954.3536, 154.1071,  0, 0, 0
L -273.6447, 1000.6548, 154.1059,  -273.6442, 979.3727, 154.1060,  0, 0, 0
L -273.6442, 979.3727, 154.1060,  -289.2683, 963.6415, 154.1075,  0, 0, 0
L -285.3639, 959.7272, 154.1075,  -290.2667, 964.6425, 154.1060,  0, 0, 0
L -290.2667, 964.6425, 154.1059,  -292.9153, 961.9977, 154.1060,  0, 0, 0
L -292.9153, 961.9977, 154.1060,  -287.9861, 957.9200, 154.1059,  0, 0, 0
L -291.5319, 960.6208, 154.1059,  -296.6677, 955.5787, 154.1060,  127, 127, 0
L -293.9850, 951.9894, 154.1060,  -297.9948, 956.9134, 154.1059,  0, 0, 0
L -297.9948, 956.9134, 154.1060,  -300.6589, 954.2567, 154.1060,  0, 0, 0
L -300.6589, 954.2567, 154.1059,  -295.7830, 949.2997, 154.1060,  0, 0, 0
L -299.6643, 953.2454, 154.1060,  -316.2160, 936.6955, 154.1059,  0, 0, 0
L -316.2160, 936.6955, 154.1059,  -336.6426, 936.6364, 154.1060,  0, 0, 0
L -336.6426, 936.6364, 154.1060,  -336.6528, 910.3546, 154.1060,  0, 0, 0
L -336.6528, 910.3546, 154.1060,  -314.3591, 910.3555, 154.1059,  0, 0, 0
L -314.3591, 910.3555, 154.1059,  -272.6444, 867.5732, 154.1060,  0, 0, 0
L -272.6444, 867.5732, 154.1060,  -272.6460, 823.3553, 154.1060,  0, 0, 0
L -272.6460, 823.3553, 154.1059,  -240.6442, 823.3541, 154.1059,  0, 0, 0
L -240.6442, 823.3541, 154.1059,  -240.6950, 777.6440, 154.1060,  0, 0, 0
L -240.6950, 777.6440, 154.1060,  -272.6530, 777.6458, 154.1060,  0, 0, 0
L -291.3931, 852.3558, 154.1059,  -291.3998, 843.7794, 154.1060,  127, 127, 0
L -293.9850, 951.9894, 154.1060,  -295.7830, 949.2997, 154.1060,  0, 0, 0
L -296.8722, 950.2148, 154.1060,  -311.3555, 935.6779, 154.1059,  0, 0, 0
L -311.3555, 935.6779, 154.1059,  -311.3566, 913.3473, 154.1059,  0, 0, 0
L -311.3566, 913.3473, 154.1059,  -271.5543, 872.6454, 154.1060,  0, 0, 0
L -271.5543, 872.6454, 154.1060,  -248.1985, 872.7133, 154.1059,  0, 0, 0
L -248.1985, 872.7133, 154.1059,  -233.6428, 887.2696, 154.1074,  0, 0, 0
L -229.6930, 883.3885, 154.1074,  -234.6527, 888.2618, 154.1060,  0, 0, 0
L -231.9958, 890.9148, 154.1059,  -234.6527, 888.2618, 154.1059,  0, 0, 0
L -226.8960, 896.1670, 154.1060,  -224.2701, 898.6431, 154.1060,  0, 0, 0
L -224.2701, 898.6431, 154.1059,  -219.3530, 893.7336, 154.1071,  0, 0, 0
L -223.2702, 897.6448, 154.1071,  -208.6439, 912.3251, 154.1060,  0, 0, 0
L -208.6456, 912.4406, 154.1059,  -208.6508, 935.7397, 154.1060,  0, 0, 0
L -208.6508, 935.7397, 154.1060,  -248.3237, 975.3567, 154.1059,  0, 0, 0
L -248.3237, 975.3567, 154.1059,  -271.5840, 975.3556, 154.1059,  0, 0, 0
L -271.5840, 975.3556, 154.1059,  -286.3478, 960.7421, 154.1062,  0, 0, 0
L -285.3639, 959.7272, 154.1060,  -287.9861, 957.9200, 154.1060,  0, 0, 0
L -289.3607, 958.4496, 154.1059,  -294.4809, 953.3912, 154.1059,  127, 127, 0
L -231.9958, 890.9148, 154.1059,  -227.8530, 886.6000, 154.1059,  0, 0, 0
L -227.8530, 886.6000, 154.1059,  -229.6930, 883.3885, 154.1059,  0, 0, 0
L -230.7307, 884.3573, 154.1073,  -247.3120, 867.7776, 154.1059,  0, 0, 0
L -247.3120, 867.7776, 154.1059,  -247.3556, 828.6888, 154.1059,  0, 0, 0
L -247.3556, 828.6888, 154.1059,  -192.1836, 828.7263, 154.1060,  0, 0, 0
L -192.1836, 828.7263, 154.1060,  -164.6507, 858.1420, 154.1060,  0, 0, 0
L -164.6507, 858.1420, 154.1060,  -164.6458, 911.3559, 154.1059,  0, 0, 0
L -164.6458, 911.3559, 154.1059,  -203.6300, 911.3558, 154.1059,  0, 0, 0
L -203.6300, 911.3558, 154.1059,  -220.3557, 894.7305, 154.1071,  0, 0, 0
L -219.3530, 893.7336, 154.1059,  -222.4700, 891.8040, 154.1060,  0, 0, 0
L -223.4840, 892.4786, 154.1059,  -228.5569, 887.4677, 154.1059,  127, 127, 0
L -226.8960, 896.1670, 154.1059,  -222.4700, 891.8040, 154.1060,  0, 0, 0
L -230.7288, 889.6389, 154.1059,  -225.6068, 894.6959, 154.1059,  127, 127, 0
L 18.4990, -1001.7595, 223.1059,  7.7290, -1001.7485, 223.1059,  255, 0, 255
L -382.5622, -1047.6447, 222.1059,  -725.4373, -1047.6569, 222.1059,  64, 64, 64
L -784.5625, -1047.6509, 222.1060,  -1111.9673, -1047.6504, 222.1059,  64, 64, 64
L -1248.6426, -910.9755, 222.1060,  -1248.6521, -580.5625, 222.1060,  64, 64, 64
L -1248.6569, -521.4374, 222.1060,  -1248.6530, -194.3588, 222.1060,  64, 64, 64
L -1248.6530, -194.3588, 223.1059,  -1185.2461, -194.3363, 223.1059,  64, 64, 64
L -1248.6449, -135.4375, 222.1059,  -1248.6509, 170.4375, 222.1060,  64, 64, 64
L -1248.6537, 229.5625, 222.1060,  -1248.6509, 611.4373, 222.1060,  64, 64, 64
L -1248.6497, 670.5625, 222.1060,  -1248.6521, 977.4374, 222.1060,  64, 64, 64
L -1248.6438, 1556.1714, 222.1060,  -1248.6437, 2013.4374, 222.1060,  64, 64, 64
L -1248.6447, 2082.5271, 222.1059,  -1248.6509, 2172.9668, 222.1060,  64, 64, 64
L -1108.3523, 2309.6443, 222.1059,  -784.8282, 2309.6514, 222.1059,  64, 64, 64
L -725.4373, 2309.6487, 222.1060,  -380.5625, 2309.6497, 222.1059,  64, 64, 64
L -321.4375, 2309.6443, 222.1059,  -24.3535, 2309.6460, 222.1059,  64, 64, 64
L 487.7090, 2309.6438, 222.1060,  785.4397, 2309.6431, 222.1060,  64, 64, 64
L 844.5625, 2309.6431, 222.1060,  1185.4386, 2309.6521, 222.1060,  64, 64, 64
L 1244.5625, 2309.6460, 222.1060,  1571.9668, 2309.6509, 222.1060,  64, 64, 64
L 1708.6443, 2015.4374, 222.1060,  1708.6519, 1556.5590, 222.1059,  64, 64, 64
L 1708.6504, 1497.4374, 222.1060,  1708.6431, 1034.5586, 222.1060,  64, 64, 64
L 1708.6431, 975.4374, 222.1059,  1708.6537, 670.5625, 222.1060,  64, 64, 64
L 1708.6508, 169.4375, 222.1060,  1708.6521, -136.4375, 222.1060,  64, 64, 64
L 1708.6431, -195.5625, 222.1060,  1708.6486, -521.4373, 222.1060,  64, 64, 64
L 1708.6465, -585.4915, 222.1060,  1708.6521, -910.9659, 222.1060,  64, 64, 64
L 1571.9872, -1047.6309, 222.1059,  1244.5597, -1047.6536, 222.1059,  64, 64, 64
L 788.4373, -1047.6552, 222.1060,  477.5625, -1047.6558, 222.1060,  64, 64, 64
L 418.4375, -1047.6526, 222.1060,  42.5625, -1047.6509, 222.1060,  64, 64, 64
L 179.3307, -1465.2958, 56.1060,  179.3623, -1438.5613, 56.1060,  0, 0, 0
L 284.6406, -1438.5624, 56.1060,  284.6757, -1470.5558, 56.1060,  0, 0, 0
L 327.3460, -1470.3650, 56.1060,  327.3541, -1395.6438, 56.1060,  0, 0, 0
L -356.8086, -1167.3528, 56.1060,  -389.5950, -1167.3062, 56.1060,  0, 0, 0
L -389.6841, -1124.6205, 56.1060,  -307.6435, -1124.6824, 56.1060,  0, 0, 0
L -392.6440, -1035.3556, 56.1062,  -392.6501, -985.5625, 56.1062,  64, 64, 64
L 291.9658, 563.6700, 90.1581,  291.9658, 518.9030, 90.1581,  64, 64, 64
L 291.9658, 499.9266, 90.1581,  291.9658, 446.9671, 90.1581,  64, 64, 64
L 284.3370, 453.1100, 90.1581,  284.2690, 499.9266, 90.1581,  64, 64, 64
L 284.3320, 499.9266, 90.1581,  291.9658, 499.9266, 90.1581,  64, 64, 64
L 291.9658, 518.9030, 90.1581,  239.3694, 518.8373, 90.1581,  64, 64, 64
L 291.9658, 518.9021, 90.1581,  291.9931, 499.9264, 90.1581,  127, 127, 0
L 284.3480, 518.9890, 90.1581,  284.3320, 499.9266, 90.1581,  127, 127, 0
L 381.5391, 278.8908, 127.1900,  385.1093, 282.5156, 127.1900,  127, 64, 0
L 385.1093, 282.5156, 127.1900,  385.8690, 287.1082, 127.1900,  127, 64, 0
L 385.8690, 287.1082, 127.1900,  323.1084, 287.9580, 127.1900,  127, 64, 0
L 323.1084, 287.9580, 127.1900,  323.9370, 317.8994, 127.1900,  127, 64, 0
L 323.9370, 317.8994, 127.1900,  358.8836, 317.8999, 127.1900,  127, 64, 0
L 358.8836, 317.8999, 127.1900,  358.9304, 296.8915, 127.1900,  127, 64, 0
L 358.9304, 296.8915, 127.1900,  385.1066, 296.8915, 127.1900,  127, 64, 0
L 385.1066, 296.8915, 127.1900,  385.1062, 419.1082, 127.1900,  127, 64, 0
L 385.1062, 419.1082, 127.1900,  353.1143, 419.1059, 127.1900,  127, 64, 0
L 353.1143, 419.1059, 127.1900,  353.9320, 430.8924, 127.1900,  127, 64, 0
L 353.9320, 430.8924, 127.1900,  384.9940, 430.8922, 127.1900,  127, 64, 0
L 384.9940, 430.8922, 127.1900,  385.1082, 439.1061, 127.1900,  127, 64, 0
L 385.1082, 439.1061, 127.1900,  344.8976, 439.1084, 127.1900,  127, 64, 0
L 344.8976, 439.1084, 127.1900,  344.8915, 410.8942, 127.1900,  127, 64, 0
L 344.8915, 410.8942, 127.1900,  376.8913, 410.8996, 127.1900,  127, 64, 0
L 376.8913, 410.8996, 127.1900,  376.9017, 305.1023, 127.1900,  127, 64, 0
L 376.9017, 305.1023, 127.1900,  367.1057, 305.1014, 127.1900,  127, 64, 0
L 367.1057, 305.1014, 127.1900,  367.1059, 327.1082, 127.1900,  127, 64, 0
L 367.1059, 327.1082, 127.1900,  323.1100, 327.1075, 127.1900,  127, 64, 0
L 323.1100, 327.1075, 127.1900,  323.9660, 370.8897, 127.1900,  127, 64, 0
L 323.9660, 370.8897, 127.1900,  336.8931, 370.9012, 127.1900,  127, 64, 0
L 336.8931, 370.9012, 127.1900,  336.8915, 354.9216, 127.1900,  127, 64, 0
L 336.8915, 354.9216, 127.1900,  358.8910, 354.9021, 127.1900,  127, 64, 0
L 358.8910, 354.9021, 127.1900,  358.8978, 345.1066, 127.1900,  127, 64, 0
L 358.8978, 345.1066, 127.1900,  336.9175, 345.1082, 127.1900,  127, 64, 0
L 336.9175, 345.1082, 127.1900,  336.8915, 336.8937, 127.1900,  127, 64, 0
L 336.8915, 336.8937, 127.1900,  367.1066, 336.8915, 127.1900,  127, 64, 0
L 367.1066, 336.8915, 127.1900,  367.1082, 399.1062, 127.1900,  127, 64, 0
L 367.1082, 399.1062, 127.1900,  335.1098, 399.1005, 127.1900,  127, 64, 0
L 335.1098, 399.1005, 127.1900,  335.9890, 450.8928, 127.1900,  127, 64, 0
L 335.9890, 450.8928, 127.1900,  357.8220, 450.8915, 127.1900,  127, 64, 0
L 357.8220, 450.8915, 127.1900,  357.1025, 488.8953, 127.1900,  127, 64, 0
L 357.1025, 488.8953, 127.1900,  385.9660, 488.8913, 127.1900,  127, 64, 0
L 385.9660, 488.8913, 127.1900,  385.1073, 563.1082, 127.1900,  127, 64, 0
L 385.1073, 563.1082, 127.1900,  294.8931, 563.1082, 127.1900,  127, 64, 0
L 294.8931, 563.1082, 127.1900,  294.8915, 534.8938, 127.1900,  127, 64, 0
L 294.8915, 534.8938, 127.1900,  303.1084, 534.9166, 127.1900,  127, 64, 0
L 303.1084, 534.9166, 127.1900,  303.9510, 554.8935, 127.1900,  127, 64, 0
L 303.9510, 554.8935, 127.1900,  376.8928, 554.9009, 127.1900,  127, 64, 0
L 376.8928, 554.9009, 127.1900,  376.8972, 497.1091, 127.1900,  127, 64, 0
L 376.8972, 497.1091, 127.1900,  357.1068, 497.1034, 127.1900,  127, 64, 0
L 357.1068, 497.1034, 127.1900,  357.1089, 543.1031, 127.1900,  127, 64, 0
L 357.1089, 543.1031, 127.1900,  320.8915, 543.1059, 127.1900,  127, 64, 0
L 320.8915, 543.1059, 127.1900,  320.8915, 534.8914, 127.1900,  127, 64, 0
L 320.8915, 534.8914, 127.1900,  348.8917, 534.8976, 127.1900,  127, 64, 0
L 348.8917, 534.8976, 127.1900,  348.8971, 459.1041, 127.1900,  127, 64, 0
L 348.8971, 459.1041, 127.1900,  283.8915, 459.1073, 127.1900,  127, 64, 0
L 283.8915, 459.1073, 127.1900,  283.8980, 419.1111, 127.1900,  127, 64, 0
L 283.8980, 419.1111, 127.1900,  258.8910, 419.9280, 127.1900,  127, 64, 0
L 258.8910, 419.9280, 127.1900,  258.8972, 389.1039, 127.1900,  127, 64, 0
L 258.8972, 389.1039, 127.1900,  248.8932, 389.1082, 127.1900,  127, 64, 0
L 248.8932, 389.1082, 127.1900,  248.8983, 363.1082, 127.1900,  127, 64, 0
L 248.8983, 363.1082, 127.1900,  217.1074, 363.1027, 127.1900,  127, 64, 0
L 217.1074, 363.1027, 127.1900,  217.1074, 427.1082, 127.1900,  127, 64, 0
L 217.1074, 427.1082, 127.1900,  197.1074, 427.1003, 127.1900,  127, 64, 0
L 197.1074, 427.1003, 127.1900,  197.1019, 466.8953, 127.1900,  127, 64, 0
L 197.1019, 466.8953, 127.1900,  218.8948, 466.8951, 127.1900,  127, 64, 0
L 218.8948, 466.8951, 127.1900,  218.8916, 438.8922, 127.1900,  127, 64, 0
L 218.8916, 438.8922, 127.1900,  227.1084, 438.9193, 127.1900,  127, 64, 0
L 227.1084, 438.9193, 127.1900,  227.1085, 475.9350, 127.1900,  127, 64, 0
L 227.1085, 475.9350, 127.1900,  188.8916, 475.1071, 127.1900,  127, 64, 0
L 188.8916, 475.1071, 127.1900,  188.8971, 427.1118, 127.1900,  127, 64, 0
L 188.8971, 427.1118, 127.1900,  177.1075, 427.9840, 127.1900,  127, 64, 0
L 177.1075, 427.9840, 127.1900,  177.1083, 466.8260, 127.1900,  127, 64, 0
L 177.1083, 466.8260, 127.1900,  148.8924, 466.1082, 127.1900,  127, 64, 0
L 148.8924, 466.1082, 127.1900,  148.8924, 457.8915, 127.1900,  127, 64, 0
L 148.8924, 457.8915, 127.1900,  166.8919, 457.8938, 127.1900,  127, 64, 0
L 166.8919, 457.8938, 127.1900,  166.8967, 337.1086, 127.1900,  127, 64, 0
L 166.8967, 337.1086, 127.1900,  157.1071, 337.1041, 127.1900,  127, 64, 0
L 157.1071, 337.1041, 127.1900,  157.1083, 375.1075, 127.1900,  127, 64, 0
L 157.1083, 375.1075, 127.1900,  148.8915, 375.1089, 127.1800,  127, 64, 0
L 148.8915, 375.1089, 127.1800,  148.8922, 328.8915, 127.1900,  127, 64, 0
L 148.8922, 328.8915, 127.1900,  175.1072, 328.8915, 127.1900,  127, 64, 0
L 175.1072, 328.8915, 127.1900,  175.1039, 354.8937, 127.1900,  127, 64, 0
L 175.1039, 354.8937, 127.1900,  208.8915, 354.8955, 127.1900,  127, 64, 0
L 208.8915, 354.8955, 127.1900,  208.8976, 335.1077, 127.1900,  127, 64, 0
L 208.8976, 335.1077, 127.1900,  186.9233, 335.1084, 127.1900,  127, 64, 0
L 186.9233, 335.1084, 127.1900,  186.8911, 311.1057, 127.1900,  127, 64, 0
L 186.8911, 311.1057, 127.1900,  137.1049, 311.1048, 127.1900,  127, 64, 0
L 137.1049, 311.1048, 127.1900,  137.1021, 386.8630, 127.1900,  127, 64, 0
L 137.1021, 386.8630, 127.1900,  155.1083, 386.9275, 127.1900,  127, 64, 0
L 155.1083, 386.9275, 127.1900,  155.1083, 427.1071, 127.1900,  127, 64, 0
L 155.1083, 427.1071, 127.1900,  137.1040, 427.1068, 127.1900,  127, 64, 0
L 137.1040, 427.1068, 127.1900,  137.1031, 486.8949, 127.1900,  127, 64, 0
L 137.1031, 486.8949, 127.1900,  197.1083, 486.8928, 127.1900,  127, 64, 0
L 197.1083, 486.8928, 127.1900,  197.1057, 506.8912, 127.1900,  127, 64, 0
L 197.1057, 506.8912, 127.1900,  218.8926, 506.8953, 127.1900,  127, 64, 0
L 218.8926, 506.8953, 127.1900,  218.8924, 486.8915, 127.1900,  127, 64, 0
L 218.8924, 486.8915, 127.1900,  247.1075, 486.8915, 127.1900,  127, 64, 0
L 247.1075, 486.8915, 127.1900,  247.1021, 534.8935, 127.1900,  127, 64, 0
L 247.1021, 534.8935, 127.1900,  277.1084, 534.8925, 127.1900,  127, 64, 0
L 277.1084, 534.8925, 127.1900,  277.1075, 585.1082, 127.1900,  127, 64, 0
L 277.1075, 585.1082, 127.1900,  198.8923, 585.1082, 127.1900,  127, 64, 0
L 198.8923, 585.1082, 127.1900,  198.8967, 555.1044, 127.1900,  127, 64, 0
L 198.8967, 555.1044, 127.1900,  187.1024, 555.1099, 127.1900,  127, 64, 0
L 187.1024, 555.1099, 127.1900,  187.1074, 585.1082, 127.1900,  127, 64, 0
L 187.1074, 585.1082, 127.1900,  82.3576, 585.1082, 127.1900,  127, 64, 0
L 82.3576, 585.1082, 127.1900,  78.8910, 581.5701, 127.1900,  127, 64, 0
L 78.8910, 581.5701, 127.1900,  78.8914, 572.8922, 127.1900,  127, 64, 0
L 78.8914, 572.8922, 127.1900,  178.8958, 572.8975, 127.1900,  127, 64, 0
L 178.8958, 572.8975, 127.1900,  178.8924, 546.8915, 127.1900,  127, 64, 0
L 178.8924, 546.8915, 127.1900,  207.1088, 546.8982, 127.1900,  127, 64, 0
L 207.1088, 546.8982, 127.1900,  207.1037, 576.8949, 127.1900,  127, 64, 0
L 207.1037, 576.8949, 127.1900,  268.8917, 576.8949, 127.1900,  127, 64, 0
L 268.8917, 576.8949, 127.1900,  268.8996, 543.1047, 127.1900,  127, 64, 0
L 268.8996, 543.1047, 127.1900,  238.8915, 543.1086, 127.1800,  127, 64, 0
L 238.8915, 543.1086, 127.1800,  238.8983, 495.1075, 127.1900,  127, 64, 0
L 238.8983, 495.1075, 127.1900,  227.1060, 495.1066, 127.1900,  127, 64, 0
L 227.1060, 495.1066, 127.1900,  227.1073, 515.1083, 127.1900,  127, 64, 0
L 227.1083, 515.1070, 127.1900,  197.1062, 515.1028, 127.1900,  127, 64, 0
L 197.1062, 515.1028, 127.1900,  197.1076, 535.1082, 127.1900,  127, 64, 0
L 197.1076, 535.1082, 127.1900,  160.8915, 535.1073, 127.1900,  127, 64, 0
L 160.8915, 535.1073, 127.1900,  160.8913, 526.8921, 127.1900,  127, 64, 0
L 160.8913, 526.8921, 127.1900,  188.8891, 526.8997, 127.1900,  127, 64, 0
L 188.8891, 526.8997, 127.1900,  188.8967, 495.1068, 127.1900,  127, 64, 0
L 188.8967, 495.1068, 127.1900,  137.1055, 495.1014, 127.1900,  127, 64, 0
L 137.1055, 495.1014, 127.1900,  137.1045, 506.8940, 127.1900,  127, 64, 0
L 137.1045, 506.8940, 127.1900,  177.1008, 506.8912, 127.1900,  127, 64, 0
L 177.1008, 506.8912, 127.1900,  177.1074, 515.1083, 127.1900,  127, 64, 0
L 177.1074, 515.1083, 127.1900,  128.9251, 515.1078, 127.1900,  127, 64, 0
L 128.9251, 515.1078, 127.1900,  128.8916, 418.8924, 127.1900,  127, 64, 0
L 128.8916, 418.8924, 127.1900,  146.8910, 418.8974, 127.1900,  127, 64, 0
L 146.8910, 418.8974, 127.1900,  146.8940, 395.1068, 127.1900,  127, 64, 0
L 146.8940, 395.1068, 127.1900,  128.8925, 395.1082, 127.1900,  127, 64, 0
L 128.8925, 395.1082, 127.1900,  128.8916, 302.8922, 127.1900,  127, 64, 0
L 128.8916, 302.8922, 127.1900,  195.1076, 302.9766, 127.1900,  127, 64, 0
L 195.1076, 302.9766, 127.1900,  195.1067, 326.8944, 127.1900,  127, 64, 0
L 195.1067, 326.8944, 127.1900,  239.1076, 326.8915, 127.1900,  127, 64, 0
L 239.1076, 326.8915, 127.1900,  239.1074, 345.1082, 127.1900,  127, 64, 0
L 239.1074, 345.1082, 127.1900,  230.8907, 345.8060, 127.1900,  127, 64, 0
L 230.8907, 345.8060, 127.1900,  230.8918, 335.1089, 127.1900,  127, 64, 0
L 230.8918, 335.1089, 127.1900,  217.1086, 335.1021, 127.1900,  127, 64, 0
L 217.1086, 335.1021, 127.1900,  217.1034, 354.8910, 127.1900,  127, 64, 0
L 217.1034, 354.8910, 127.1900,  248.8917, 354.8965, 127.1900,  127, 64, 0
L 248.8917, 354.8965, 127.1900,  248.8969, 287.1084, 127.1900,  127, 64, 0
L 248.8969, 287.1084, 127.1900,  217.1091, 287.1034, 127.1900,  127, 64, 0
L 217.1091, 287.1034, 127.1900,  217.1038, 308.8910, 127.1900,  127, 64, 0
L 217.1038, 308.8910, 127.1900,  230.8925, 308.8958, 127.1900,  127, 64, 0
L 230.8925, 308.8958, 127.1900,  230.8926, 296.8915, 127.1900,  127, 64, 0
L 230.8926, 296.8915, 127.1900,  239.1083, 296.8908, 127.1800,  127, 64, 0
L 239.1083, 296.8908, 127.1800,  239.1073, 317.1082, 127.1900,  127, 64, 0
L 239.1073, 317.1082, 127.1900,  208.8916, 317.1073, 127.1900,  127, 64, 0
L 208.8916, 317.1073, 127.1900,  208.8994, 278.8908, 127.1900,  127, 64, 0
L 208.8994, 278.8908, 127.1900,  257.8440, 278.8913, 127.1900,  127, 64, 0
L 257.8440, 278.8913, 127.1900,  257.1089, 294.8897, 127.1900,  127, 64, 0
L 257.1089, 294.8897, 127.1900,  270.8838, 294.8964, 127.1900,  127, 64, 0
L 270.8838, 294.8964, 127.1900,  270.9193, 278.8913, 127.1900,  127, 64, 0
L 270.9193, 278.8913, 127.1900,  381.6772, 278.9375, 127.1900,  127, 64, 0
L 314.8951, 287.1025, 127.1900,  314.8917, 317.8940, 127.1900,  127, 64, 0
L 314.8917, 317.8940, 127.1900,  280.8924, 317.8915, 127.1900,  127, 64, 0
L 280.8924, 317.8915, 127.1900,  280.8974, 334.8960, 127.1900,  127, 64, 0
L 257.1068, 334.8960, 127.1900,  280.8974, 334.8960, 127.1900,  127, 64, 0
L 257.1068, 334.8960, 127.1900,  257.1001, 303.1057, 127.1900,  127, 64, 0
L 257.1001, 303.1057, 127.1900,  279.1082, 303.1075, 127.1900,  127, 64, 0
L 279.1082, 303.1075, 127.1900,  279.1078, 287.1052, 127.1900,  127, 64, 0
L 279.1078, 287.1052, 127.1900,  314.8951, 287.1025, 127.1900,  127, 64, 0
L 314.8976, 327.1078, 127.1900,  291.1070, 327.1027, 127.1900,  127, 64, 0
L 291.1070, 327.1027, 127.1900,  291.1028, 350.8904, 127.1900,  127, 64, 0
L 291.1028, 350.8904, 127.1900,  314.8890, 350.8962, 127.1900,  127, 64, 0
L 314.8890, 350.8962, 127.1900,  314.8976, 327.1078, 127.1900,  127, 64, 0
L 280.8922, 343.1032, 127.1900,  280.9001, 399.1089, 127.1900,  127, 64, 0
L 280.9001, 399.1089, 127.1900,  326.8944, 399.1021, 127.1900,  127, 64, 0
L 326.8944, 399.1021, 127.1900,  326.8938, 450.8935, 127.1900,  127, 64, 0
L 326.8938, 450.8935, 127.1900,  291.1066, 450.8965, 127.1900,  127, 64, 0
L 291.1066, 450.8965, 127.1900,  291.1080, 410.9168, 127.1900,  127, 64, 0
L 291.1080, 410.9168, 127.1900,  267.1073, 410.8931, 127.1900,  127, 64, 0
L 267.1073, 410.8931, 127.1900,  267.1071, 374.8915, 127.1900,  127, 64, 0
L 267.1071, 374.8915, 127.1900,  257.1091, 374.8919, 127.1900,  127, 64, 0
L 257.1091, 374.8919, 127.1900,  257.1009, 343.1075, 127.1900,  127, 64, 0
L 257.1009, 343.1075, 127.1900,  280.8922, 343.1032, 127.1900,  127, 64, 0
L 291.1055, 359.1030, 127.1900,  291.1030, 390.8940, 127.1900,  127, 64, 0
L 291.1030, 390.8940, 127.1900,  358.8879, 390.8980, 127.1900,  127, 64, 0
L 358.8879, 390.8980, 127.1900,  358.9012, 363.1087, 127.1900,  127, 64, 0
L 358.9012, 363.1087, 127.1900,  345.1071, 363.1039, 127.1900,  127, 64, 0
L 345.1071, 363.1039, 127.1900,  345.1082, 379.1073, 127.1900,  127, 64, 0
L 345.1082, 379.1073, 127.1900,  314.8915, 379.1075, 127.1900,  127, 64, 0
L 314.8915, 379.1075, 127.1900,  314.8960, 359.1093, 127.1900,  127, 64, 0
L 314.8960, 359.1093, 127.1900,  291.1055, 359.1030, 127.1900,  127, 64, 0
L 208.8945, 418.8978, 127.1900,  208.8969, 363.1062, 127.1900,  127, 64, 0
L 208.8969, 363.1062, 127.1900,  175.1031, 363.9870, 127.1900,  127, 64, 0
L 175.1031, 363.9870, 127.1900,  175.1023, 418.8910, 127.1900,  127, 64, 0
L 175.1023, 418.8910, 127.1900,  208.8945, 418.8978, 127.1900,  127, 64, 0
L 83.8537, 585.1085, 127.1800,  83.8594, 577.2902, 127.1900,  255, 0, 255
L 83.8552, 578.9470, 127.1900,  92.5450, 579.3000, 190.1900,  255, 0, 255
L -227.6250, 857.2183, 57.6259,  -227.6250, 844.9030, 57.6259,  127, 127, 127
L -229.6250, 844.3855, 58.6259,  -229.6250, 857.1566, 58.6259,  127, 127, 127
L -231.6250, 857.4198, 59.6259,  -231.6250, 844.6106, 59.6259,  127, 127, 127
L -233.6250, 844.9514, 60.6259,  -233.6250, 857.1725, 60.6259,  127, 127, 127
L -235.6250, 857.1620, 61.6259,  -235.6250, 844.9442, 61.6259,  127, 127, 127
L -237.6250, 845.6721, 62.6259,  -237.6250, 857.1055, 62.6259,  127, 127, 127
L -241.6250, 857.3201, 64.6260,  -241.6250, 845.6080, 64.6260,  127, 127, 127
L -239.6250, 844.6104, 63.6259,  -239.6250, 857.4240, 63.6259,  127, 127, 127
L -243.6250, 845.2750, 65.6260,  -243.6250, 857.5262, 65.6260,  127, 127, 127
L -245.6250, 857.6308, 66.6260,  -245.6250, 844.2842, 66.6260,  127, 127, 127
L -249.4881, 845.9316, 67.6260,  -247.7430, 858.1462, 67.6260,  127, 127, 127
L -248.9264, 858.8925, 68.6260,  -252.4436, 846.5824, 68.6260,  127, 127, 127
L -255.8668, 849.9203, 69.6260,  -249.3567, 858.8716, 69.6260,  127, 127, 127
L -249.6603, 859.5600, 70.6246,  -258.9882, 852.2720, 70.6260,  127, 127, 127
L -261.8276, 855.9448, 71.6260,  -250.2617, 859.2494, 71.6260,  127, 127, 127
L -250.5986, 860.5356, 72.6260,  -263.3278, 858.7172, 72.6260,  127, 127, 127
L -264.4827, 862.6250, 73.6260,  -251.6396, 862.6250, 73.6260,  127, 127, 127
L -251.9610, 864.6250, 74.6260,  -264.6843, 864.6250, 74.6260,  127, 127, 127
L -264.4562, 866.6250, 75.6260,  -251.5695, 866.6250, 75.6260,  127, 127, 127
L -251.5800, 868.6249, 76.6260,  -264.5068, 868.6249, 76.6260,  127, 127, 127
L -264.6136, 870.6249, 77.6260,  -251.7214, 870.6249, 77.6260,  127, 127, 127
L -251.5460, 872.6249, 78.6260,  -264.1494, 872.6249, 78.6260,  127, 127, 127
L -264.5233, 874.6250, 79.6260,  -251.4377, 874.6250, 79.6260,  127, 127, 127
L -251.4629, 876.6249, 80.6260,  -264.3668, 876.6249, 80.6260,  127, 127, 127
L -264.4130, 878.6249, 81.6260,  -250.6250, 878.6249, 81.6260,  127, 127, 127
L -250.6250, 880.6249, 82.6260,  -264.2581, 880.6249, 82.6260,  127, 127, 127
L -264.8830, 882.6249, 83.6260,  -250.6250, 882.6248, 83.6260,  127, 127, 127
L -202.6345, 912.6250, 74.6260,  -202.6237, 927.3808, 74.6260,  127, 127, 127
L -181.6246, 891.6377, 58.6259,  -196.3750, 891.6233, 58.6259,  127, 127, 127
L -196.3750, 889.6250, 57.6259,  -181.6246, 889.6250, 57.6259,  127, 127, 127
L -196.3750, 893.6250, 59.6259,  -181.6247, 893.6250, 59.6259,  127, 127, 127
L -181.6247, 895.6250, 60.6259,  -196.3750, 895.6250, 60.6259,  127, 127, 127
L -196.3750, 897.6250, 61.6259,  -181.6247, 897.6250, 61.6259,  127, 127, 127
L -181.6248, 899.6249, 62.6259,  -196.3750, 899.6249, 62.6259,  127, 127, 127
L -196.3750, 901.6249, 63.6259,  -181.6248, 901.6249, 63.6259,  127, 127, 127
L -181.6248, 903.6250, 64.6260,  -196.3750, 903.6250, 64.6260,  127, 127, 127
L -196.3750, 905.6250, 65.6260,  -181.6250, 905.6250, 65.6260,  127, 127, 127
L -181.6250, 907.6250, 66.6260,  -196.5382, 907.6250, 66.6260,  127, 127, 127
L -197.3335, 909.5732, 67.6260,  -182.5350, 911.6875, 67.6260,  127, 127, 127
L -183.5201, 914.7469, 68.6260,  -197.7726, 910.6747, 68.6260,  127, 127, 127
L -197.7315, 910.7314, 69.6257,  -186.5252, 918.8813, 69.6260,  127, 127, 127
L -189.5254, 922.1460, 70.6260,  -197.9549, 910.4243, 70.6223,  127, 127, 127
L -197.6577, 910.8329, 71.6260,  -193.5893, 925.7200, 71.6222,  127, 127, 127
L -196.5887, 926.2264, 72.6260,  -198.7173, 911.3262, 72.6260,  127, 127, 127
L -200.6250, 912.3710, 73.6260,  -200.6250, 927.2858, 73.6260,  127, 127, 127
L -204.6250, 912.6250, 75.6260,  -204.6250, 927.3749, 75.6260,  127, 127, 127
L -206.6250, 927.3749, 76.6260,  -206.6250, 912.6250, 76.6260,  127, 127, 127
L -208.6250, 912.6250, 77.6260,  -208.6250, 927.3749, 77.6260,  127, 127, 127
L -210.6250, 927.3749, 78.6260,  -210.6250, 912.6250, 78.6260,  127, 127, 127
L -212.6250, 912.6250, 79.6260,  -212.6250, 927.3749, 79.6260,  127, 127, 127
L -214.6250, 927.3748, 80.6260,  -214.6250, 912.6250, 80.6260,  127, 127, 127
L -216.6250, 912.6250, 81.6260,  -216.6250, 927.3748, 81.6260,  127, 127, 127
L -218.6250, 927.3748, 82.6260,  -218.6250, 912.6250, 82.6260,  127, 127, 127
L -220.6250, 912.6250, 83.6260,  -220.6250, 927.3748, 83.6260,  127, 127, 127
L -222.5960, 908.8736, 84.6269,  -222.6291, 913.3749, 84.6269,  64, 64, 64
L -246.8446, 884.6250, 84.6259,  -222.5960, 908.8736, 84.6269,  64, 64, 64
L -251.3750, 884.6250, 84.6260,  -246.8446, 884.6250, 84.6260,  64, 64, 64
L -251.3750, 888.3749, 84.6260,  -251.3750, 884.6250, 84.6260,  64, 64, 64
L -250.1553, 888.3749, 84.6260,  -251.3750, 888.3749, 84.6260,  64, 64, 64
L -226.3750, 912.1552, 84.6260,  -250.1553, 888.3749, 84.6260,  64, 64, 64
L -226.3750, 913.3749, 84.6260,  -226.3750, 912.1552, 84.6260,  64, 64, 64
L -222.6291, 913.3749, 84.6260,  -226.3750, 913.3749, 84.6260,  64, 64, 64
L -48.3750, 871.6245, 56.6259,  -11.8957, 871.6250, 56.6259,  64, 64, 64
L -48.3750, 887.6250, 56.6259,  -48.3750, 871.6245, 56.6259,  64, 64, 64
L -99.6748, 887.6250, 56.6533,  -48.3750, 887.6250, 56.6259,  64, 64, 64
L -99.6706, 886.6250, 56.6259,  -99.6748, 887.6250, 56.6533,  64, 64, 64
L -102.3641, 886.6249, 56.6259,  -99.6706, 886.6250, 56.6259,  64, 64, 64
L -102.3760, 893.3749, 56.6259,  -102.3641, 886.6249, 56.6259,  64, 64, 64
L -99.6727, 893.3749, 56.6259,  -102.3760, 893.3749, 56.6259,  64, 64, 64
L -99.6727, 892.3750, 56.6259,  -99.6727, 893.3749, 56.6259,  64, 64, 64
L -98.3750, 892.3750, 56.6259,  -99.7094, 892.3750, 56.6259,  64, 64, 64
L -98.3747, 916.6743, 56.6462,  -98.3750, 892.3750, 56.6259,  64, 64, 64
L -99.3750, 916.6713, 56.6259,  -98.3747, 916.6743, 56.6462,  64, 64, 64
L -99.3750, 919.3749, 56.6259,  -99.3750, 916.6713, 56.6259,  64, 64, 64
L -92.6250, 919.3750, 56.6259,  -99.3750, 919.3749, 56.6259,  64, 64, 64
L -92.6250, 916.6725, 56.6259,  -92.6250, 919.3750, 56.6259,  64, 64, 64
L -93.6250, 916.6725, 56.6259,  -92.6250, 916.6725, 56.6259,  64, 64, 64
L -93.6250, 892.3738, 56.6259,  -93.6257, 916.7093, 56.6259,  64, 64, 64
L -48.3750, 892.3749, 56.6259,  -93.6250, 892.3738, 56.6259,  64, 64, 64
L -48.3750, 953.6250, 56.6259,  -48.3750, 892.3749, 56.6259,  64, 64, 64
L -93.6251, 953.6250, 56.6259,  -48.3750, 953.6250, 56.6259,  64, 64, 64
L -93.6250, 931.3246, 56.6482,  -93.6251, 953.6250, 56.6259,  64, 64, 64
L -92.6250, 931.3306, 56.6310,  -93.6250, 931.3246, 56.6482,  64, 64, 64
L -92.6250, 928.6250, 56.6259,  -92.6250, 931.3306, 56.6259,  64, 64, 64
L -99.3750, 928.6250, 56.6259,  -92.6250, 928.6250, 56.6259,  64, 64, 64
L -99.3750, 931.3271, 56.6259,  -99.3750, 928.6250, 56.6259,  64, 64, 64
L -98.3750, 931.3268, 56.6285,  -99.3750, 931.3271, 56.6272,  64, 64, 64
L -98.3748, 980.6747, 56.6505,  -98.3750, 931.2903, 56.6259,  64, 64, 64
L -99.3750, 980.6710, 56.6259,  -98.3748, 980.6747, 56.6505,  64, 64, 64
L -99.3750, 983.3749, 56.6259,  -99.3750, 980.6710, 56.6259,  64, 64, 64
L -92.6250, 983.3749, 56.6259,  -99.3750, 983.3749, 56.6259,  64, 64, 64
L -92.6250, 980.6719, 56.6259,  -92.6250, 983.3749, 56.6259,  64, 64, 64
L -93.6252, 980.6733, 56.6328,  -92.6250, 980.6719, 56.6259,  64, 64, 64
L -93.6250, 958.3749, 56.6259,  -93.6250, 980.7093, 56.6259,  64, 64, 64
L -48.3750, 958.3750, 56.6259,  -93.6250, 958.3749, 56.6259,  64, 64, 64
L -48.3750, 1015.6250, 56.6259,  -48.3750, 958.3750, 56.6259,  64, 64, 64
L -93.6251, 1015.6250, 56.6259,  -48.3750, 1015.6250, 56.6259,  64, 64, 64
L -93.6250, 995.3251, 56.6465,  -93.6251, 1015.6250, 56.6259,  64, 64, 64
L -93.6250, 995.3256, 56.6259,  -92.6250, 995.3286, 56.6300,  64, 64, 64
L -92.6250, 992.6250, 56.6259,  -92.6250, 995.3286, 56.6259,  64, 64, 64
L -99.3750, 992.6248, 56.6259,  -92.6250, 992.6250, 56.6259,  64, 64, 64
L -99.3750, 995.3268, 56.6259,  -99.3750, 992.6248, 56.6259,  64, 64, 64
L -98.3750, 995.3270, 56.6259,  -99.3750, 995.3268, 56.6278,  64, 64, 64
L -98.3748, 1015.6250, 56.6259,  -98.3750, 995.2903, 56.6259,  64, 64, 64
L -115.6250, 1015.6250, 56.6259,  -98.3748, 1015.6250, 56.6259,  64, 64, 64
L -115.6250, 892.3750, 56.6259,  -115.6250, 1015.6250, 56.6259,  64, 64, 64
L -114.3255, 892.3749, 56.6486,  -115.6250, 892.3750, 56.6259,  64, 64, 64
L -114.3286, 893.3749, 56.6259,  -114.3255, 892.3749, 56.6486,  64, 64, 64
L -111.6250, 893.3749, 56.6259,  -114.3286, 893.3749, 56.6259,  64, 64, 64
L -111.6247, 886.6250, 56.6259,  -111.6250, 893.3749, 56.6259,  64, 64, 64
L -114.3718, 886.6249, 56.6259,  -111.6247, 886.6250, 56.6259,  64, 64, 64
L -114.2905, 887.6250, 56.6259,  -114.3718, 886.6249, 56.6259,  64, 64, 64
L -129.8446, 887.6250, 56.6259,  -114.2905, 887.6250, 56.6259,  64, 64, 64
L -145.6250, 871.8445, 56.6259,  -129.8446, 887.6250, 56.6259,  64, 64, 64
L -145.6250, 869.3252, 56.6499,  -145.6250, 871.8445, 56.6259,  64, 64, 64
L -144.6250, 869.3278, 56.6313,  -145.6250, 869.3252, 56.6499,  64, 64, 64
L -144.6250, 866.6259, 56.6259,  -144.6250, 869.3278, 56.6259,  64, 64, 64
L -155.3750, 866.6248, 56.6259,  -144.6250, 866.6259, 56.6259,  64, 64, 64
L -155.3750, 869.3536, 56.6259,  -155.3750, 866.6248, 56.6259,  64, 64, 64
L -154.3750, 869.2903, 56.6259,  -155.3750, 869.3536, 56.6276,  64, 64, 64
L -154.3750, 871.8445, 56.6259,  -154.3750, 869.2903, 56.6259,  64, 64, 64
L -170.3750, 887.8442, 56.6259,  -154.3750, 871.8445, 56.6259,  64, 64, 64
L -170.3747, 996.6250, 56.6259,  -170.3750, 887.8442, 56.6259,  64, 64, 64
L -246.6250, 996.6250, 56.6259,  -170.3747, 996.6250, 56.6259,  64, 64, 64
L -246.6250, 931.3749, 56.6259,  -246.6250, 996.6250, 56.6259,  64, 64, 64
L -222.6264, 931.3750, 56.6259,  -246.6250, 931.3749, 56.6259,  64, 64, 64
L -222.6246, 926.6250, 56.6259,  -222.6264, 931.3750, 56.6259,  64, 64, 64
L -202.9267, 927.3749, 56.6259,  -222.6250, 927.3748, 56.6259,  64, 64, 64
L -201.1302, 927.4106, 56.9000,  -202.9267, 927.3749, 56.9000,  64, 64, 64
L -195.9322, 926.3950, 56.9000,  -201.1302, 927.4106, 56.9000,  64, 64, 64
L -194.8580, 925.4240, 56.9000,  -195.9322, 926.3950, 56.9000,  64, 64, 64
L -189.9789, 922.4529, 56.9000,  -194.8580, 925.4240, 56.9000,  64, 64, 64
L -187.1767, 919.7075, 56.9000,  -189.9789, 922.4529, 56.9000,  64, 64, 64
L -183.6802, 915.2274, 56.9000,  -187.1767, 919.7075, 56.9000,  64, 64, 64
L -182.5762, 911.8520, 56.9000,  -183.6802, 915.2274, 56.9000,  64, 64, 64
L -182.9850, 909.9410, 56.9000,  -182.5762, 911.8520, 56.9000,  64, 64, 64
L -181.6250, 907.6517, 56.6259,  -182.9850, 909.9410, 56.9000,  64, 64, 64
L -181.6246, 887.6250, 56.6259,  -181.6250, 907.6517, 56.6259,  64, 64, 64
L -196.3750, 887.6246, 56.6259,  -181.6246, 887.6250, 56.6259,  127, 127, 127
L -196.3750, 906.4704, 56.6259,  -196.3750, 887.6246, 56.6259,  64, 64, 64
L -196.6693, 908.4995, 56.9000,  -196.3750, 906.4704, 56.9000,  64, 64, 64
L -197.7057, 910.1750, 56.9000,  -196.6693, 908.4995, 56.9000,  64, 64, 64
L -199.2570, 911.4951, 56.9000,  -197.7057, 910.1750, 56.9000,  64, 64, 64
L -201.8850, 912.6250, 56.6259,  -199.2570, 911.4951, 56.9000,  64, 64, 64
L -222.6250, 912.6250, 56.6259,  -201.8850, 912.6250, 56.6259,  64, 64, 64
L -222.6247, 908.8447, 56.6259,  -222.6250, 912.6250, 56.6259,  64, 64, 64
L -246.8442, 884.6250, 56.6259,  -222.6247, 908.8447, 56.6259,  64, 64, 64
L -250.6250, 884.6250, 56.6259,  -246.8442, 884.6250, 56.6259,  64, 64, 64
L -250.6250, 863.8126, 56.6259,  -250.6250, 884.6250, 56.6259,  64, 64, 64
L -250.3060, 862.4509, 56.9000,  -250.6250, 863.8126, 56.9000,  64, 64, 64
L -249.2811, 860.8115, 56.9000,  -250.3060, 862.4509, 56.9000,  64, 64, 64
L -247.9327, 859.4632, 56.9000,  -249.2811, 860.8115, 56.9000,  64, 64, 64
L -245.9184, 858.3785, 56.6259,  -247.9327, 859.4632, 56.9000,  64, 64, 64
L -225.6250, 858.3748, 56.6259,  -245.9184, 858.3785, 56.6259,  64, 64, 64
L -225.6246, 843.6249, 56.6259,  -225.6250, 858.3748, 56.6259,  127, 127, 127
L -243.9294, 843.6249, 56.6259,  -225.6246, 843.6249, 56.6259,  64, 64, 64
L -245.9634, 843.6083, 56.9000,  -243.9294, 843.6249, 56.9000,  64, 64, 64
L -251.8620, 844.9665, 56.9000,  -245.9634, 843.6083, 56.9000,  64, 64, 64
L -252.9192, 845.5775, 56.9000,  -251.8620, 844.9665, 56.9000,  64, 64, 64
L -256.8620, 848.4275, 56.9000,  -252.9192, 845.5775, 56.9000,  64, 64, 64
L -259.7160, 851.1855, 56.9000,  -256.8620, 848.4275, 56.9000,  64, 64, 64
L -263.2945, 855.6942, 56.9000,  -259.7160, 851.1855, 56.9000,  64, 64, 64
L -264.4492, 859.2499, 56.9000,  -263.2945, 855.6942, 56.9000,  64, 64, 64
L -264.9060, 861.7700, 56.9000,  -264.4492, 859.2499, 56.9000,  64, 64, 64
L -265.3750, 863.2895, 56.6259,  -264.9060, 861.7700, 56.9000,  64, 64, 64
L -265.3750, 884.6250, 56.6259,  -265.3750, 863.2895, 56.6259,  64, 64, 64
L -269.3749, 884.6250, 56.6259,  -264.6250, 884.6250, 56.6259,  127, 127, 127
L -269.3750, 908.6250, 56.6259,  -269.3749, 884.6250, 56.6259,  64, 64, 64
L -334.6249, 908.6250, 56.6259,  -269.3750, 908.6250, 56.6259,  64, 64, 64
L -334.6250, 832.3749, 56.6259,  -334.6249, 908.6250, 56.6259,  64, 64, 64
L -225.8448, 832.3751, 56.6259,  -334.6250, 832.3749, 56.6259,  64, 64, 64
L -209.8446, 816.3749, 56.6259,  -225.8448, 832.3751, 56.6259,  64, 64, 64
L -207.3250, 816.3749, 56.6531,  -209.8446, 816.3749, 56.6259,  64, 64, 64
L -207.3290, 817.3749, 56.6289,  -207.3250, 816.3749, 56.6531,  64, 64, 64
L -204.6250, 817.3749, 56.6259,  -207.3290, 817.3749, 56.6259,  64, 64, 64
L -204.6250, 806.6250, 56.6259,  -204.6250, 817.3749, 56.6259,  64, 64, 64
L -207.3675, 806.6250, 56.6259,  -204.6250, 806.6250, 56.6259,  64, 64, 64
L -207.2905, 807.6250, 56.6259,  -207.3675, 806.6250, 56.6283,  64, 64, 64
L -209.8446, 807.6250, 56.6259,  -207.2905, 807.6250, 56.6259,  64, 64, 64
L -225.6250, 791.8445, 56.6259,  -209.8446, 807.6250, 56.6259,  64, 64, 64
L -225.6250, 778.3250, 56.6527,  -225.6250, 791.8445, 56.6259,  64, 64, 64
L -224.6250, 778.3288, 56.6268,  -225.6250, 778.3250, 56.6527,  64, 64, 64
L -224.6250, 775.6250, 56.6259,  -224.6250, 778.3288, 56.6259,  64, 64, 64
L -231.3750, 775.6250, 56.6259,  -224.6250, 775.6250, 56.6259,  64, 64, 64
L -231.3750, 778.2892, 56.6259,  -231.3750, 775.6250, 56.6259,  64, 64, 64
L -230.3750, 778.2903, 56.6259,  -231.3750, 778.2892, 56.6343,  64, 64, 64
L -230.3748, 779.6250, 56.6259,  -230.3750, 778.2903, 56.6259,  64, 64, 64
L -351.6250, 779.6250, 56.6259,  -230.3748, 779.6250, 56.6259,  64, 64, 64
L -351.6250, 762.3749, 56.6259,  -351.6250, 779.6250, 56.6259,  64, 64, 64
L -333.3272, 762.3749, 56.6261,  -351.6250, 762.3749, 56.6259,  64, 64, 64
L -333.3285, 763.3749, 56.6276,  -333.3256, 762.3749, 56.6460,  64, 64, 64
L -330.6249, 763.3749, 56.6259,  -333.3285, 763.3749, 56.6259,  64, 64, 64
L -330.6247, 756.6250, 56.6259,  -330.6249, 763.3749, 56.6259,  64, 64, 64
L -333.1438, 756.6250, 56.6259,  -330.6247, 756.6250, 56.6259,  64, 64, 64
L -351.6250, 757.6249, 56.6259,  -333.1447, 757.6250, 56.6259,  64, 64, 64
L -333.1447, 757.6250, 56.3134,  -333.1438, 756.6250, 56.3218,  64, 64, 64
L -351.6250, 712.3749, 56.6259,  -351.6250, 757.6249, 56.6259,  64, 64, 64
L -296.3750, 712.3749, 56.6259,  -351.6250, 712.3749, 56.6259,  64, 64, 64
L -296.3745, 757.6250, 56.6259,  -296.3750, 712.3749, 56.6259,  64, 64, 64
L -318.8364, 757.6250, 56.6259,  -296.3745, 757.6250, 56.6259,  64, 64, 64
L -318.8364, 757.6250, 56.3134,  -318.8364, 756.6227, 56.3134,  64, 64, 64
L -321.3749, 756.6313, 56.6259,  -318.8364, 756.6227, 56.6259,  64, 64, 64
L -321.3750, 763.3749, 56.6259,  -321.3749, 756.6313, 56.6259,  64, 64, 64
L -318.6727, 763.3749, 56.6259,  -321.3750, 763.3749, 56.6259,  64, 64, 64
L -318.6727, 762.3740, 56.6259,  -318.6727, 763.3749, 56.6259,  64, 64, 64
L -269.3249, 762.3749, 56.6552,  -318.6727, 762.3740, 56.6259,  64, 64, 64
L -269.3288, 763.3749, 56.6259,  -269.3249, 762.3749, 56.6552,  64, 64, 64
L -266.6250, 763.3749, 56.6259,  -269.3288, 763.3749, 56.6259,  64, 64, 64
L -266.6247, 756.6250, 56.6259,  -266.6250, 763.3749, 56.6259,  64, 64, 64
L -269.2909, 756.6250, 56.6259,  -266.6247, 756.6250, 56.6259,  64, 64, 64
L -269.2900, 757.6250, 56.6259,  -269.2909, 756.6250, 56.6272,  64, 64, 64
L -291.6250, 757.6250, 56.6259,  -269.2900, 757.6250, 56.6259,  64, 64, 64
L -291.6250, 712.3749, 56.6259,  -291.6250, 757.6250, 56.6259,  64, 64, 64
L -230.3750, 712.3749, 56.6259,  -291.6250, 712.3749, 56.6259,  64, 64, 64
L -230.3750, 757.6250, 56.6259,  -230.3750, 712.3749, 56.6259,  64, 64, 64
L -254.6741, 757.6250, 56.6424,  -230.3750, 757.6250, 56.6259,  64, 64, 64
L -254.6726, 757.6250, 56.6259,  -254.6727, 756.6250, 56.6259,  64, 64, 64
L -257.3749, 756.6250, 56.6259,  -254.6727, 756.6250, 56.6259,  64, 64, 64
L -257.3750, 763.3749, 56.6259,  -257.3749, 756.6250, 56.6259,  64, 64, 64
L -254.6727, 763.3749, 56.6259,  -257.3750, 763.3749, 56.6259,  64, 64, 64
L -254.6727, 762.3745, 56.6259,  -254.6727, 763.3749, 56.6259,  64, 64, 64
L -230.3750, 762.3749, 56.6259,  -254.6727, 762.3745, 56.6259,  64, 64, 64
L -230.3748, 763.6750, 56.6561,  -230.3750, 762.3749, 56.6259,  64, 64, 64
L -231.3745, 763.6699, 56.6259,  -230.3748, 763.6750, 56.6561,  64, 64, 64
L -231.3728, 766.3749, 56.6259,  -231.3745, 763.6699, 56.6259,  64, 64, 64
L -224.6250, 766.3751, 56.6259,  -231.3728, 766.3749, 56.6259,  64, 64, 64
L -224.6250, 763.6200, 56.6259,  -224.6250, 766.3751, 56.6259,  64, 64, 64
L -225.6252, 763.7093, 56.6259,  -224.6250, 763.6200, 56.6259,  64, 64, 64
L -225.6250, 712.3741, 56.6259,  -225.6252, 763.7093, 56.6259,  64, 64, 64
L -207.6250, 712.3752, 56.6259,  -225.6250, 712.3741, 56.6259,  64, 64, 64
L -207.6250, 675.7816, 56.6259,  -207.6250, 712.3752, 56.6259,  64, 64, 64
L -192.3753, 712.3749, 56.6259,  -192.3750, 676.1490, 56.6259,  64, 64, 64
L -174.3750, 712.3749, 56.6259,  -192.3753, 712.3749, 56.6259,  64, 64, 64
L -174.3748, 791.8445, 56.6259,  -174.3750, 712.3749, 56.6259,  64, 64, 64
L -190.1553, 807.6250, 56.6259,  -174.3748, 791.8445, 56.6259,  64, 64, 64
L -192.6751, 807.6250, 56.6569,  -190.1553, 807.6250, 56.6259,  64, 64, 64
L -192.6708, 806.6250, 56.6259,  -192.6751, 807.6250, 56.6569,  64, 64, 64
L -195.3750, 806.6250, 56.6259,  -192.6708, 806.6250, 56.6259,  64, 64, 64
L -195.3750, 817.3730, 56.6259,  -195.3750, 806.6250, 56.6259,  64, 64, 64
L -192.6441, 817.3754, 56.6259,  -195.3750, 817.3730, 56.6259,  64, 64, 64
L -192.7093, 816.3749, 56.6259,  -192.6441, 817.3754, 56.6259,  64, 64, 64
L -190.1553, 816.3749, 56.6259,  -192.7093, 816.3749, 56.6259,  64, 64, 64
L -154.3750, 852.1553, 56.6259,  -190.1553, 816.3749, 56.6259,  64, 64, 64
L -154.3747, 854.6746, 56.6501,  -154.3750, 852.1553, 56.6259,  64, 64, 64
L -155.3750, 854.6707, 56.6259,  -154.3747, 854.6746, 56.6501,  64, 64, 64
L -155.3750, 857.3749, 56.6259,  -155.3750, 854.6707, 56.6259,  64, 64, 64
L -144.6250, 857.3749, 56.6259,  -155.3750, 857.3749, 56.6259,  64, 64, 64
L -144.6250, 854.6490, 56.6259,  -144.6250, 857.3749, 56.6259,  64, 64, 64
L -145.6252, 854.7093, 56.6259,  -144.6250, 854.6490, 56.6259,  64, 64, 64
L -145.6250, 852.1544, 56.6259,  -145.6252, 854.7093, 56.6259,  64, 64, 64
L -129.8446, 836.3749, 56.6259,  -145.6250, 852.1544, 56.6259,  64, 64, 64
L -48.3750, 836.3749, 56.6259,  -129.8446, 836.3749, 56.6259,  64, 64, 64
L -48.3753, 856.3749, 56.6259,  -48.3750, 836.3749, 56.6259,  64, 64, 64
L -11.8587, 856.3749, 56.6259,  -48.3753, 856.3749, 56.6259,  64, 64, 64
L -11.8262, 1052.3550, 56.6259,  -11.8957, 871.6250, 56.6259,  64, 64, 64
L -388.3698, 1052.2393, 56.6259,  -11.8262, 1052.3550, 56.6259,  64, 64, 64
L -388.9080, 675.8769, 56.6259,  -388.3698, 1052.2393, 56.6259,  64, 64, 64
L -207.6250, 675.7816, 56.6259,  -388.9080, 675.8769, 56.6259,  64, 64, 64
L -11.8021, 675.7874, 56.6259,  -192.3750, 676.1490, 56.9607,  64, 64, 64
L -11.8587, 856.3749, 56.6259,  -11.8021, 675.7874, 56.6259,  64, 64, 64
L 815.6250, 927.3749, 113.6260,  805.3750, 927.3749, 113.6260,  127, 127, 127
L 805.3750, 925.3749, 114.6260,  815.6250, 925.3741, 114.6260,  127, 127, 127
L 815.6250, 923.3745, 115.6260,  805.3750, 923.3749, 115.6260,  127, 127, 127
L 805.3749, 921.3749, 116.6260,  815.6250, 921.3741, 116.6260,  127, 127, 127
L 815.6250, 919.3744, 117.6260,  805.3750, 919.3749, 117.6260,  127, 127, 127
L 805.3749, 917.3749, 118.6260,  815.6250, 917.3738, 118.6260,  127, 127, 127
L 815.6250, 813.3738, 119.6260,  815.6250, 931.3614, 111.6261,  64, 64, 64
L 778.6250, 813.3754, 119.6260,  815.6250, 813.3738, 119.6260,  64, 64, 64
L 778.6250, 788.3736, 119.6260,  778.6250, 813.3754, 119.6260,  64, 64, 64
L 767.3220, 788.3749, 119.6514,  778.6250, 788.3736, 119.6260,  64, 64, 64
L 767.3253, 789.3749, 119.6401,  767.3220, 788.3749, 119.6514,  64, 64, 64
L 764.6249, 789.3749, 119.6260,  767.3253, 789.3749, 119.6260,  64, 64, 64
L 764.6248, 782.6250, 119.6260,  764.6249, 789.3749, 119.6260,  64, 64, 64
L 767.2797, 782.6250, 119.6260,  764.6248, 782.6250, 119.6260,  64, 64, 64
L 767.2842, 783.6250, 119.6260,  767.2797, 782.6250, 119.6491,  64, 64, 64
L 783.3749, 783.6250, 119.6260,  767.2842, 783.6250, 119.6260,  64, 64, 64
L 783.3749, 808.6250, 119.6260,  783.3749, 783.6250, 119.6260,  64, 64, 64
L 815.6250, 808.6249, 119.6260,  783.3749, 808.6250, 119.6260,  64, 64, 64
L 815.6250, 737.3736, 119.6260,  815.6250, 808.6249, 119.6260,  64, 64, 64
L 773.6250, 737.3755, 119.6260,  815.6250, 737.3736, 119.6260,  64, 64, 64
L 773.6250, 732.6250, 119.6260,  773.6250, 737.3755, 119.6260,  64, 64, 64
L 815.6249, 732.6249, 119.6260,  773.6250, 732.6250, 119.6260,  64, 64, 64
L 815.6250, 712.3740, 119.6260,  815.6249, 732.6249, 119.6260,  64, 64, 64
L 655.3749, 712.3749, 119.6260,  815.6250, 712.3740, 119.6260,  64, 64, 64
L 655.3749, 808.6250, 119.6260,  655.3749, 712.3749, 119.6260,  64, 64, 64
L 737.6250, 808.6249, 119.6260,  655.3749, 808.6250, 119.6260,  64, 64, 64
L 737.6249, 783.6250, 119.6260,  737.6250, 808.6249, 119.6260,  64, 64, 64
L 752.6776, 783.6250, 119.6492,  737.6249, 783.6250, 119.6260,  64, 64, 64
L 752.6736, 782.6250, 119.6260,  752.6776, 783.6250, 119.6492,  64, 64, 64
L 755.3749, 782.6250, 119.6260,  752.6736, 782.6250, 119.6260,  64, 64, 64
L 755.3751, 789.3749, 119.6260,  755.3749, 782.6250, 119.6260,  64, 64, 64
L 752.7169, 789.3749, 119.6260,  755.3751, 789.3749, 119.6260,  64, 64, 64
L 752.7150, 788.3737, 119.6269,  752.7169, 789.3749, 119.6480,  64, 64, 64
L 742.3750, 788.3749, 119.6260,  752.7150, 788.3737, 119.6269,  64, 64, 64
L 742.3754, 813.3749, 119.6260,  742.3750, 788.3749, 119.6260,  64, 64, 64
L 650.6250, 813.3749, 119.6260,  742.3754, 813.3749, 119.6260,  64, 64, 64
L 650.6250, 713.3740, 119.6260,  650.6250, 813.3749, 119.6260,  64, 64, 64
L 635.3749, 713.3749, 119.6260,  650.6250, 713.3740, 119.6260,  64, 64, 64
L 635.3749, 763.7148, 119.6260,  635.3749, 713.3749, 119.6260,  64, 64, 64
L 635.3749, 813.3749, 119.6260,  635.3749, 778.2849, 119.6260,  64, 64, 64
L 612.3750, 813.3749, 119.6260,  635.3749, 813.3749, 119.6260,  64, 64, 64
L 612.3749, 835.3749, 119.6260,  612.3750, 813.3749, 119.6260,  64, 64, 64
L 578.3223, 835.3749, 119.6471,  612.3749, 835.3749, 119.6260,  64, 64, 64
L 578.3265, 836.3749, 119.6300,  578.3223, 835.3749, 119.6471,  64, 64, 64
L 575.6250, 836.3749, 119.6260,  578.3265, 836.3749, 119.6260,  64, 64, 64
L 575.6248, 829.6250, 119.6260,  575.6250, 836.3749, 119.6260,  64, 64, 64
L 578.2806, 829.6250, 119.6260,  575.6248, 829.6250, 119.6260,  64, 64, 64
L 578.2842, 830.6250, 119.6260,  578.2806, 829.6250, 119.6427,  64, 64, 64
L 607.6249, 830.6249, 119.6260,  578.2842, 830.6250, 119.6260,  64, 64, 64
L 607.6249, 808.6250, 119.6260,  607.6249, 830.6249, 119.6260,  64, 64, 64
L 630.6249, 808.6249, 119.6260,  607.6249, 808.6250, 119.6260,  64, 64, 64
L 630.6249, 778.3220, 119.6488,  630.6249, 808.6249, 119.6260,  64, 64, 64
L 629.6250, 778.3264, 119.6272,  630.6249, 778.3220, 119.6488,  64, 64, 64
L 629.6250, 775.6250, 119.6260,  629.6250, 778.3264, 119.6260,  64, 64, 64
L 636.3749, 775.6250, 119.6260,  629.6250, 775.6250, 119.6260,  64, 64, 64
L 636.3749, 778.3252, 119.6260,  636.3749, 775.6250, 119.6260,  64, 64, 64
L 635.3749, 778.3223, 119.6471,  636.3749, 778.3252, 119.6282,  64, 64, 64
L 636.3749, 763.6757, 119.6260,  635.3738, 763.6757, 119.6260,  64, 64, 64
L 636.3749, 766.3749, 119.6260,  636.3749, 763.6757, 119.6260,  64, 64, 64
L 629.6250, 766.3749, 119.6260,  636.3749, 766.3749, 119.6260,  64, 64, 64
L 629.6250, 763.7126, 119.6260,  629.6250, 766.3749, 119.6260,  64, 64, 64
L 630.6250, 763.7148, 119.6260,  629.6250, 763.7126, 119.6260,  64, 64, 64
L 630.6250, 712.3737, 119.6260,  630.6250, 763.7148, 119.6260,  64, 64, 64
L 512.3750, 712.3750, 119.6260,  630.6250, 712.3737, 119.6260,  64, 64, 64
L 512.3737, 830.6250, 119.6260,  512.3750, 712.3750, 119.6260,  64, 64, 64
L 563.6788, 830.6249, 119.6610,  512.3737, 830.6250, 119.6260,  64, 64, 64
L 563.6731, 829.6250, 119.6260,  563.6788, 830.6249, 119.6610,  64, 64, 64
L 566.3749, 829.6250, 119.6260,  563.6731, 829.6250, 119.6260,  64, 64, 64
L 566.3749, 836.3749, 119.6260,  566.3749, 829.6250, 119.6260,  64, 64, 64
L 563.7178, 836.3749, 119.6260,  566.3749, 836.3749, 119.6260,  64, 64, 64
L 563.7148, 835.3749, 119.6260,  563.7178, 836.3749, 119.6513,  64, 64, 64
L 513.3749, 835.3749, 119.6260,  563.7148, 835.3749, 119.6260,  64, 64, 64
L 513.3749, 850.6249, 119.6260,  513.3749, 835.3749, 119.6260,  64, 64, 64
L 612.3750, 850.6250, 119.6260,  513.3749, 850.6249, 119.6260,  64, 64, 64
L 612.3749, 942.3749, 119.6260,  612.3750, 850.6250, 119.6260,  64, 64, 64
L 587.3749, 942.3749, 119.6260,  612.3749, 942.3749, 119.6260,  64, 64, 64
L 587.3740, 952.6776, 119.6487,  587.3749, 942.3749, 119.6260,  64, 64, 64
L 588.3749, 952.6730, 119.6260,  587.3740, 952.6776, 119.6487,  64, 64, 64
L 588.3749, 955.3749, 119.6260,  588.3749, 952.6730, 119.6260,  64, 64, 64
L 581.6250, 955.3749, 119.6260,  588.3749, 955.3749, 119.6260,  64, 64, 64
L 581.6250, 952.6757, 119.6260,  581.6250, 955.3749, 119.6260,  64, 64, 64
L 582.6250, 952.6757, 119.6260,  581.6250, 952.6757, 119.6260,  64, 64, 64
L 582.6250, 937.6250, 119.6260,  582.6250, 952.7148, 119.6260,  64, 64, 64
L 607.6250, 937.6249, 119.6260,  582.6250, 937.6250, 119.6260,  64, 64, 64
L 607.6249, 855.3740, 119.6260,  607.6250, 937.6249, 119.6260,  64, 64, 64
L 512.3749, 855.3749, 119.6260,  607.6249, 855.3740, 119.6260,  64, 64, 64
L 512.3749, 1015.6250, 119.6260,  512.3749, 855.3749, 119.6260,  64, 64, 64
L 531.6249, 1015.6250, 119.6260,  512.3749, 1015.6250, 119.6260,  64, 64, 64
L 531.6250, 973.6250, 119.6260,  531.6249, 1015.6250, 119.6260,  64, 64, 64
L 536.3749, 973.6250, 119.6260,  531.6250, 973.6250, 119.6260,  64, 64, 64
L 536.3749, 1015.6250, 119.6260,  536.3749, 973.6250, 119.6260,  64, 64, 64
L 607.6250, 1015.6249, 119.6260,  536.3749, 1015.6250, 119.6260,  64, 64, 64
L 607.6250, 983.3749, 119.6260,  607.6250, 1015.6249, 119.6260,  64, 64, 64
L 582.6250, 983.3750, 119.6260,  607.6250, 983.3749, 119.6260,  64, 64, 64
L 582.6250, 967.3223, 119.6440,  582.6250, 983.3750, 119.6260,  64, 64, 64
L 581.6250, 967.3257, 119.6312,  582.6250, 967.3223, 119.6440,  64, 64, 64
L 581.6250, 964.6250, 119.6260,  581.6250, 967.3257, 119.6260,  64, 64, 64
L 588.3749, 964.6250, 119.6260,  581.6250, 964.6250, 119.6260,  64, 64, 64
L 588.3749, 967.3586, 119.6260,  588.3749, 964.6250, 119.6260,  64, 64, 64
L 587.3749, 967.2849, 119.6260,  588.3749, 967.3586, 119.6260,  64, 64, 64
L 587.3749, 978.6250, 119.6260,  587.3749, 967.2849, 119.6260,  64, 64, 64
L 612.3749, 978.6245, 119.6260,  587.3749, 978.6250, 119.6260,  64, 64, 64
L 612.3745, 1015.6250, 119.6260,  612.3749, 978.6245, 119.6260,  64, 64, 64
L 717.6125, 1015.6250, 119.6260,  612.3745, 1015.6250, 119.6260,  64, 64, 64
L 733.3749, 1015.6250, 111.6260,  717.6125, 1015.6250, 119.6260,  64, 64, 64
L 731.3749, 1003.3749, 112.6260,  731.3749, 1015.6250, 112.6260,  127, 127, 127
L 729.3749, 1015.6250, 113.6260,  729.3749, 1003.3749, 113.6260,  127, 127, 127
L 727.3749, 1003.3749, 114.6260,  727.3749, 1015.6250, 114.6260,  127, 127, 127
L 725.3749, 1015.6250, 115.6260,  725.3749, 1003.3749, 115.6260,  127, 127, 127
L 723.3749, 1003.3749, 116.6460,  723.3749, 1015.6250, 116.6260,  127, 127, 127
L 721.3749, 1015.6250, 117.6260,  721.3749, 1003.3749, 117.6260,  127, 127, 127
L 719.3646, 1003.4900, 118.6333,  719.3749, 1015.6215, 118.6260,  127, 127, 127
L 716.7100, 1003.3749, 119.6260,  733.3749, 1003.3749, 111.6260,  64, 64, 64
L 627.6249, 1003.3751, 119.6260,  716.7100, 1003.3749, 119.6260,  64, 64, 64
L 627.6246, 825.6249, 119.6260,  627.6249, 1003.3751, 119.6260,  64, 64, 64
L 805.3750, 825.6245, 119.6260,  627.6246, 825.6249, 119.6260,  64, 64, 64
L 805.3749, 913.9409, 119.6260,  805.3750, 825.6245, 119.6260,  64, 64, 64
L 805.3600, 931.3603, 111.6350,  805.3749, 913.9409, 119.6260,  64, 64, 64
L 805.3750, 931.3749, 111.6260,  805.3750, 943.3749, 111.6260,  64, 64, 64
L 815.6250, 931.3618, 111.6260,  805.3750, 931.3749, 111.6260,  127, 127, 127
L 815.6249, 1015.6250, 111.6260,  815.6250, 931.3618, 111.6260,  64, 64, 64
L 733.3749, 1015.6250, 111.6260,  815.6249, 1015.6250, 111.6260,  64, 64, 64
L 733.3749, 1003.3749, 111.6260,  733.3749, 1015.6250, 111.6260,  127, 127, 127
L 745.3749, 1003.3749, 111.6260,  733.3749, 1003.3749, 111.6260,  64, 64, 64
L 745.4781, 927.8500, 85.6260,  729.8500, 943.4781, 85.6260,  127, 127, 127
L 731.8500, 945.4781, 86.6260,  747.4781, 929.8500, 86.6260,  127, 127, 127
L 749.4781, 931.8500, 87.6260,  733.3170, 947.5013, 87.7094,  127, 127, 127
L 735.6670, 949.5365, 88.7801,  751.4901, 933.2029, 88.6757,  127, 127, 127
L 753.4781, 935.8500, 89.6260,  737.2530, 951.4950, 89.6911,  127, 127, 127
L 739.8500, 953.4781, 90.6260,  755.4773, 937.7599, 90.6260,  127, 127, 127
L 757.4972, 939.2750, 91.6975,  741.8500, 955.4781, 91.6260,  127, 127, 127
L 743.3770, 957.5076, 92.7244,  759.4905, 941.2079, 92.6774,  127, 127, 127
L 761.4781, 943.8500, 93.6260,  745.9000, 959.4787, 93.6282,  127, 127, 127
L 745.3749, 961.1208, 94.6478,  763.1292, 943.3749, 94.6645,  127, 127, 127
L 765.3011, 943.3749, 95.8281,  745.3749, 963.1191, 95.6436,  127, 127, 127
L 745.3749, 965.1118, 96.6260,  767.1176, 943.3749, 96.6401,  127, 127, 127
L 769.1271, 943.3749, 97.6603,  745.3749, 967.1259, 97.6581,  127, 127, 127
L 745.3749, 969.1118, 98.6260,  771.1766, 943.3749, 98.7313,  127, 127, 127
L 773.1144, 943.3749, 99.6326,  745.3748, 971.1345, 99.6735,  127, 127, 127
L 745.3749, 973.2806, 100.8162,  775.1838, 943.3749, 100.7391,  127, 127, 127
L 777.1118, 943.3749, 101.6260,  745.3749, 975.1740, 101.7286,  127, 127, 127
L 745.3749, 977.1118, 102.6260,  779.1471, 943.3749, 102.6938,  127, 127, 127
L 781.1316, 943.3749, 103.6685,  745.3749, 979.1282, 103.6624,  127, 127, 127
L 745.3749, 981.2093, 104.7640,  783.1340, 943.3749, 104.6727,  127, 127, 127
L 785.1118, 943.3749, 105.6260,  745.3749, 983.1141, 105.6317,  127, 127, 127
L 745.3749, 985.1118, 106.6260,  787.2050, 943.3749, 106.7601,  127, 127, 127
L 789.1122, 943.3744, 107.6260,  745.3749, 987.1308, 107.6672,  127, 127, 127
L 745.3749, 989.1128, 108.6283,  791.1128, 943.3738, 108.6260,  127, 127, 127
L 793.1118, 943.3750, 109.6260,  745.3749, 991.1494, 109.6971,  127, 127, 127
L 745.3749, 993.1171, 110.6389,  795.1118, 943.3750, 110.6260,  127, 127, 127
L 761.8445, 943.3749, 93.6260,  743.4695, 924.9999, 85.6260,  64, 64, 64
L 805.3750, 943.3749, 111.6260,  761.8445, 943.3749, 94.6260,  64, 64, 64
L 745.3749, 959.8445, 93.6260,  726.9998, 941.4695, 85.6260,  64, 64, 64
L 745.3749, 1003.3749, 111.6260,  745.3749, 959.8445, 94.6260,  64, 64, 64
L 831.6249, 1031.6250, 96.6260,  496.3750, 1031.6249, 96.6260,  64, 64, 64
L 831.6250, 696.3733, 96.6260,  831.6249, 1031.6250, 96.6260,  64, 64, 64
L 496.3750, 696.3749, 96.6260,  831.6250, 696.3733, 96.6260,  64, 64, 64
L 496.3750, 1031.6249, 96.6260,  496.3750, 696.3749, 96.6260,  64, 64, 64
L 507.6250, 871.3229, 96.6294,  506.6250, 871.3232, 96.6260,  64, 64, 64
L 507.6247, 1020.3749, 96.6260,  507.6250, 871.2834, 96.6260,  64, 64, 64
L 820.3749, 1020.3750, 96.6260,  507.6247, 1020.3749, 96.6260,  64, 64, 64
L 820.3754, 707.6250, 96.6260,  820.3749, 1020.3750, 96.6260,  64, 64, 64
L 671.2844, 707.6250, 96.6260,  820.3754, 707.6250, 96.6260,  64, 64, 64
L 656.3749, 736.3749, 85.6260,  671.6250, 736.3740, 85.6260,  64, 64, 64
L 671.6250, 734.3749, 86.6260,  656.3749, 734.3749, 86.6260,  64, 64, 64
L 656.3749, 732.3749, 87.6260,  671.6250, 732.3745, 87.6260,  64, 64, 64
L 671.6250, 730.3745, 88.6260,  656.3749, 730.3750, 88.6260,  64, 64, 64
L 656.3749, 728.3749, 89.6260,  671.6250, 728.3746, 89.6260,  127, 127, 127
L 671.6250, 726.3750, 90.6260,  656.3749, 726.3750, 90.6260,  127, 127, 127
L 656.3749, 724.3750, 91.6260,  671.6250, 724.3745, 91.6260,  127, 127, 127
L 671.6250, 722.3748, 92.6260,  656.3749, 722.3749, 92.6260,  127, 127, 127
L 656.3749, 720.3749, 93.6260,  671.6250, 720.3748, 93.6260,  127, 127, 127
L 671.6250, 718.3749, 94.6260,  656.3749, 718.3749, 94.6260,  127, 127, 127
L 656.3749, 716.3749, 95.6260,  671.6250, 716.3749, 95.6260,  127, 127, 127
L 659.3749, 706.6250, 96.6260,  656.7129, 706.6250, 96.6260,  64, 64, 64
L 671.6250, 713.3750, 96.6260,  671.6250, 738.3737, 85.6260,  64, 64, 64
L 668.6250, 713.3749, 96.6260,  671.6250, 713.3750, 96.6260,  64, 64, 64
L 668.6250, 706.6250, 96.6260,  668.6250, 713.3749, 96.6260,  64, 64, 64
L 671.3224, 706.6250, 96.6260,  668.6250, 706.6250, 96.6260,  64, 64, 64
L 671.3232, 707.6250, 96.6260,  671.3224, 706.6250, 96.6312,  64, 64, 64
L 656.3749, 713.3750, 96.6260,  656.3749, 738.3748, 85.6260,  64, 64, 64
L 659.3749, 713.3749, 96.6260,  656.3749, 713.3750, 96.6260,  64, 64, 64
L 659.3749, 706.6250, 96.6260,  659.3749, 713.3749, 96.6260,  64, 64, 64
L 656.7148, 707.6250, 96.6260,  656.7129, 706.6250, 96.6260,  64, 64, 64
L 507.6250, 707.6245, 96.6260,  656.7148, 707.6250, 96.6260,  64, 64, 64
L 507.6250, 856.7148, 96.6260,  507.6250, 707.6245, 96.6260,  64, 64, 64
L 536.3750, 856.3749, 85.6260,  536.3745, 871.6250, 85.6260,  64, 64, 64
L 534.3749, 871.6249, 86.6260,  534.3749, 856.3750, 86.6260,  64, 64, 64
L 532.3750, 856.3749, 87.6260,  532.3746, 871.6249, 87.6260,  64, 64, 64
L 530.3749, 871.6249, 88.6260,  530.3750, 856.3750, 88.6260,  64, 64, 64
L 528.3750, 856.3750, 89.6260,  528.3740, 871.6249, 89.6260,  127, 127, 127
L 526.3749, 871.6249, 90.6260,  526.3749, 856.3750, 90.6260,  127, 127, 127
L 524.3749, 856.3750, 91.6260,  524.3748, 871.6249, 91.6260,  127, 127, 127
L 522.3745, 871.6249, 92.6260,  522.3749, 856.3749, 92.6260,  127, 127, 127
L 520.3749, 856.3749, 93.6260,  520.3749, 871.5945, 93.6260,  127, 127, 127
L 518.3749, 871.6250, 94.6260,  518.3749, 856.3749, 94.6260,  127, 127, 127
L 516.3745, 871.6250, 95.6260,  516.3596, 856.3749, 95.6372,  127, 127, 127
L 511.3750, 856.3749, 96.6260,  538.3746, 856.3749, 85.6260,  64, 64, 64
L 511.3749, 859.3749, 96.6260,  511.3750, 856.3749, 96.6260,  64, 64, 64
L 506.6250, 859.3749, 96.6260,  511.3749, 859.3749, 96.6260,  64, 64, 64
L 506.6250, 856.6757, 96.6260,  506.6250, 859.3749, 96.6260,  64, 64, 64
L 507.6250, 856.6757, 96.6260,  506.6250, 856.6757, 96.6260,  64, 64, 64
L 511.3750, 871.6249, 96.6260,  538.3740, 871.6250, 85.6260,  64, 64, 64
L 511.3750, 868.6250, 96.6260,  511.3750, 871.6249, 96.6260,  64, 64, 64
L 506.6250, 868.6250, 96.6260,  511.3750, 868.6250, 96.6260,  64, 64, 64
L 506.6250, 871.3232, 96.6260,  506.6250, 868.6250, 96.6260,  64, 64, 64
L 538.6249, 1003.3884, 84.6260,  543.3749, 1003.3282, 84.6260,  64, 64, 64
L 538.6250, 979.3741, 84.6260,  538.6249, 1003.3884, 84.6260,  64, 64, 64
L 522.6250, 979.3762, 84.6260,  538.6250, 979.3741, 84.6260,  64, 64, 64
L 522.6250, 974.6250, 84.6260,  522.6250, 979.3762, 84.6260,  64, 64, 64
L 543.3750, 974.6245, 84.6260,  522.6250, 974.6250, 84.6260,  64, 64, 64
L 543.3749, 1003.3282, 84.6260,  543.3750, 974.6245, 84.6260,  64, 64, 64
L 762.1553, 938.6250, 84.6260,  745.9999, 922.4695, 84.6260,  64, 64, 64
L 815.6250, 938.6249, 84.6260,  762.1553, 938.6250, 84.6260,  64, 64, 64
L 815.6249, 712.3733, 84.6260,  815.6250, 938.6249, 84.6260,  64, 64, 64
L 748.3749, 712.3750, 84.6260,  815.6249, 712.3733, 84.6260,  64, 64, 64
L 748.3749, 744.3749, 84.6260,  748.3749, 712.3750, 84.6260,  64, 64, 64
L 719.3224, 744.3749, 84.6449,  748.3749, 744.3749, 84.6260,  64, 64, 64
L 719.3246, 745.3749, 84.6290,  719.3224, 744.3749, 84.6449,  64, 64, 64
L 716.6250, 745.3749, 84.6260,  719.3246, 745.3749, 84.6260,  64, 64, 64
L 716.6250, 738.6249, 84.6260,  716.6250, 745.3749, 84.6260,  64, 64, 64
L 719.3227, 738.6249, 84.6260,  716.6250, 738.6249, 84.6260,  64, 64, 64
L 719.3235, 739.6250, 84.6260,  719.3227, 738.6249, 84.6290,  64, 64, 64
L 741.1750, 739.6249, 84.6260,  719.3235, 739.6250, 84.6260,  64, 64, 64
L 741.1749, 712.3750, 84.6260,  741.1750, 739.6249, 84.6260,  64, 64, 64
L 682.8238, 712.3749, 84.6260,  741.1749, 712.3750, 84.6260,  64, 64, 64
L 682.8251, 739.6249, 84.6260,  682.8238, 712.3749, 84.6260,  64, 64, 64
L 704.6775, 739.6249, 84.6456,  682.8251, 739.6249, 84.6260,  64, 64, 64
L 704.6739, 738.6250, 84.6260,  704.6775, 739.6249, 84.6456,  64, 64, 64
L 707.3686, 738.6250, 84.6260,  704.6739, 738.6250, 84.6260,  64, 64, 64
L 707.3754, 745.3718, 84.6260,  707.3686, 738.6250, 84.6260,  64, 64, 64
L 704.6485, 745.3727, 84.6260,  707.3754, 745.3718, 84.6260,  64, 64, 64
L 704.7148, 744.3749, 84.6260,  704.6485, 745.3727, 84.6260,  64, 64, 64
L 675.6250, 744.3751, 84.6260,  704.7148, 744.3749, 84.6260,  64, 64, 64
L 675.6250, 738.3736, 84.6260,  675.6250, 744.3751, 84.6260,  64, 64, 64
L 652.3749, 738.3750, 84.6260,  675.6250, 738.3736, 84.6260,  64, 64, 64
L 652.3749, 744.3749, 84.6260,  652.3749, 738.3750, 84.6260,  64, 64, 64
L 623.3229, 744.3749, 84.6401,  652.3749, 744.3749, 84.6260,  64, 64, 64
L 623.3238, 745.3749, 84.6296,  623.3229, 744.3749, 84.6401,  64, 64, 64
L 620.6250, 745.3749, 84.6260,  623.3238, 745.3749, 84.6260,  64, 64, 64
L 620.6250, 738.6250, 84.6260,  620.6250, 745.3749, 84.6260,  64, 64, 64
L 623.3232, 738.6249, 84.6260,  620.6250, 738.6250, 84.6260,  64, 64, 64
L 623.3227, 739.6250, 84.6260,  623.3232, 738.6249, 84.6269,  64, 64, 64
L 645.1753, 739.6246, 84.6260,  623.3227, 739.6250, 84.6260,  64, 64, 64
L 645.1747, 712.3749, 84.6260,  645.1753, 739.6246, 84.6260,  64, 64, 64
L 586.8243, 712.3749, 84.6260,  645.1747, 712.3749, 84.6260,  64, 64, 64
L 586.8246, 739.6250, 84.6260,  586.8243, 712.3749, 84.6260,  64, 64, 64
L 608.6775, 739.6250, 84.6477,  586.8246, 739.6250, 84.6260,  64, 64, 64
L 608.6738, 738.6250, 84.6260,  608.6775, 739.6250, 84.6477,  64, 64, 64
L 611.3749, 738.6250, 84.6260,  608.6738, 738.6250, 84.6260,  64, 64, 64
L 611.3749, 745.3749, 84.6260,  611.3749, 738.6250, 84.6260,  64, 64, 64
L 608.7177, 745.3749, 84.6260,  611.3749, 745.3749, 84.6260,  64, 64, 64
L 608.7148, 744.3749, 84.6260,  608.7177, 745.3749, 84.6487,  64, 64, 64
L 579.6250, 744.3750, 84.6260,  608.7148, 744.3749, 84.6260,  64, 64, 64
L 579.6250, 712.3741, 84.6260,  579.6250, 744.3750, 84.6260,  64, 64, 64
L 512.3749, 712.3749, 84.6260,  579.6250, 712.3741, 84.6260,  64, 64, 64
L 512.3740, 779.6250, 84.6260,  512.3749, 712.3749, 84.6260,  64, 64, 64
L 544.3750, 779.6250, 84.6260,  512.3740, 779.6250, 84.6260,  64, 64, 64
L 544.3740, 808.6772, 84.6436,  544.3750, 779.6250, 84.6260,  64, 64, 64
L 545.3749, 808.6747, 84.6260,  544.3740, 808.6772, 84.6436,  64, 64, 64
L 545.3749, 811.3749, 84.6260,  545.3749, 808.6747, 84.6260,  64, 64, 64
L 538.6249, 811.3749, 84.6260,  545.3749, 811.3749, 84.6260,  64, 64, 64
L 538.6249, 808.6757, 84.6260,  538.6249, 811.3749, 84.6260,  64, 64, 64
L 539.6250, 808.6757, 84.6260,  538.6249, 808.6757, 84.6260,  64, 64, 64
L 512.3749, 787.1077, 84.6260,  539.6250, 787.1077, 84.6260,  64, 64, 64
L 539.6250, 787.1077, 84.6260,  539.6250, 808.6757, 84.6260,  64, 64, 64
L 512.3749, 845.1749, 84.6260,  512.3749, 787.1077, 84.6260,  64, 64, 64
L 539.6250, 845.1753, 84.6260,  512.3749, 845.1749, 84.6260,  64, 64, 64
L 539.6250, 823.3219, 84.6500,  539.6250, 845.1753, 84.6260,  64, 64, 64
L 538.6250, 823.3260, 84.6270,  539.6250, 823.3219, 84.6500,  64, 64, 64
L 538.6250, 820.6250, 84.6260,  538.6250, 823.3260, 84.6260,  64, 64, 64
L 545.3749, 820.6250, 84.6260,  538.6250, 820.6250, 84.6260,  64, 64, 64
L 545.3749, 823.3691, 84.6260,  545.3749, 820.6250, 84.6260,  64, 64, 64
L 544.3750, 823.2849, 84.6260,  545.3749, 823.3691, 84.6342,  64, 64, 64
L 544.3749, 852.3749, 84.6260,  544.3750, 823.2849, 84.6260,  64, 64, 64
L 538.3749, 852.3749, 84.6260,  544.3749, 852.3749, 84.6260,  64, 64, 64
L 538.3737, 875.6250, 84.6260,  538.3749, 852.3749, 84.6260,  64, 64, 64
L 544.3749, 875.6250, 84.6260,  538.3737, 875.6250, 84.6260,  64, 64, 64
L 538.6250, 907.3749, 84.6260,  545.3749, 907.3749, 84.6260,  64, 64, 64
L 544.3740, 904.6802, 84.6584,  544.3749, 875.6250, 84.6260,  64, 64, 64
L 545.3749, 904.6747, 84.6260,  544.3740, 904.6802, 84.6584,  64, 64, 64
L 545.3749, 907.3749, 84.6260,  545.3749, 904.6747, 84.6260,  64, 64, 64
L 538.6250, 904.6774, 84.6260,  538.6250, 907.3749, 84.6260,  64, 64, 64
L 539.6250, 904.6774, 84.6260,  538.6250, 904.6774, 84.6260,  64, 64, 64
L 539.6249, 883.8787, 84.6260,  539.6250, 904.6774, 84.6260,  64, 64, 64
L 512.3749, 883.8785, 84.6260,  539.6249, 883.8787, 84.6260,  64, 64, 64
L 512.3750, 941.1752, 84.6260,  512.3749, 883.8785, 84.6260,  64, 64, 64
L 539.6249, 941.1753, 84.6260,  512.3750, 941.1752, 84.6260,  64, 64, 64
L 539.6250, 919.3203, 84.6392,  539.6249, 941.1753, 84.6260,  64, 64, 64
L 538.6250, 919.3260, 84.6276,  539.6250, 919.3203, 84.6392,  64, 64, 64
L 538.6250, 916.6249, 84.6260,  538.6250, 919.3260, 84.6260,  64, 64, 64
L 545.3749, 916.6250, 84.6260,  538.6250, 916.6249, 84.6260,  64, 64, 64
L 545.3749, 919.3614, 84.6260,  545.3749, 916.6250, 84.6260,  64, 64, 64
L 544.3749, 919.2820, 84.6260,  545.3749, 919.3614, 84.6260,  64, 64, 64
L 544.3749, 948.3749, 84.6260,  544.3749, 919.2820, 84.6260,  64, 64, 64
L 512.3750, 948.3749, 84.6260,  544.3749, 948.3749, 84.6260,  64, 64, 64
L 512.3741, 1015.6250, 84.6260,  512.3750, 948.3749, 84.6260,  64, 64, 64
L 740.6250, 1015.6249, 84.6260,  512.3741, 1015.6250, 84.6260,  64, 64, 64
L 740.6250, 960.1540, 84.6260,  740.6250, 1015.6249, 84.6260,  64, 64, 64
L 724.4692, 944.1000, 84.6260,  740.6250, 960.1540, 84.6260,  64, 64, 64
L 745.9999, 922.4695, 84.6260,  724.4692, 944.1000, 84.6260,  127, 127, 127
L 728.6248, 884.6249, 84.6260,  728.6249, 915.3749, 84.6260,  64, 64, 64
L 717.3749, 926.6245, 84.6260,  686.6250, 926.6249, 84.6260,  64, 64, 64
L 717.3750, 1003.3749, 84.6260,  717.3749, 926.6245, 84.6260,  64, 64, 64
L 627.6250, 1003.3750, 84.6260,  717.3750, 1003.3749, 84.6260,  64, 64, 64
L 627.6248, 825.6250, 84.6260,  627.6250, 1003.3750, 84.6260,  64, 64, 64
L 805.3749, 825.6246, 84.6260,  627.6248, 825.6250, 84.6260,  64, 64, 64
L 805.3751, 915.3749, 84.6260,  805.3749, 825.6246, 84.6260,  64, 64, 64
L 728.6249, 915.3749, 84.6260,  805.3751, 915.3749, 84.6260,  64, 64, 64
L 660.3749, 889.6250, 57.6259,  645.6245, 889.6249, 57.6259,  127, 127, 127
L 645.6245, 891.6249, 58.6259,  660.3749, 891.6249, 58.6259,  127, 127, 127
L 660.3749, 893.6250, 59.6259,  645.6245, 893.6250, 59.6259,  127, 127, 127
L 645.6245, 895.6249, 60.6259,  660.3749, 895.6249, 60.6259,  127, 127, 127
L 660.3749, 897.6249, 61.6259,  645.6245, 897.6249, 61.6259,  127, 127, 127
L 645.6246, 899.6249, 62.6259,  660.3749, 899.6249, 62.6259,  127, 127, 127
L 660.3749, 901.6250, 63.6259,  645.6248, 901.6249, 63.6259,  127, 127, 127
L 645.6248, 903.6249, 64.6260,  660.3749, 903.6249, 64.6260,  127, 127, 127
L 660.3749, 905.6249, 65.6260,  645.6249, 905.6249, 65.6260,  127, 127, 127
L 645.6249, 907.6248, 66.6260,  660.3749, 907.6249, 66.6260,  127, 127, 127
L 661.3167, 909.5757, 67.6260,  646.5348, 911.6875, 67.6260,  127, 127, 127
L 647.6031, 914.7231, 68.6260,  661.8328, 910.6576, 68.6260,  127, 127, 127
L 661.8328, 910.6576, 69.6260,  650.4990, 918.9004, 69.6260,  127, 127, 127
L 653.5302, 922.8100, 70.6260,  661.7725, 910.6747, 70.6260,  127, 127, 127
L 661.6747, 910.7725, 71.6260,  657.5895, 925.7110, 71.6260,  127, 127, 127
L 660.5901, 926.2168, 72.6260,  662.7347, 911.2042, 72.6260,  127, 127, 127
L 664.6249, 912.3708, 73.6260,  664.6249, 927.2928, 73.6260,  127, 127, 127
L 666.6249, 927.3768, 74.6260,  666.6249, 912.6250, 74.6260,  127, 127, 127
L 668.6250, 912.6250, 75.6260,  668.6250, 927.3749, 75.6260,  127, 127, 127
L 670.6250, 927.3749, 76.6260,  670.6249, 912.6250, 76.6260,  127, 127, 127
L 672.6250, 912.6250, 77.6260,  672.6249, 927.3748, 77.6260,  127, 127, 127
L 674.6240, 927.3748, 78.6260,  674.6367, 912.6250, 78.6260,  127, 127, 127
L 676.6250, 912.6250, 79.6260,  676.6250, 927.3746, 79.6260,  127, 127, 127
L 678.6250, 927.3745, 80.6260,  678.6250, 912.6250, 80.6260,  127, 127, 127
L 680.6250, 912.6250, 81.6260,  680.6249, 927.3745, 81.6260,  127, 127, 127
L 682.6250, 927.3745, 82.6260,  682.6249, 912.6250, 82.6260,  127, 127, 127
L 684.6250, 912.6250, 83.6260,  684.6250, 927.3744, 83.6260,  127, 127, 127
L 691.6250, 858.3750, 57.6259,  691.6250, 843.6249, 57.6259,  127, 127, 127
L 693.6250, 843.6249, 58.6259,  693.6250, 858.3750, 58.6259,  127, 127, 127
L 695.6250, 858.3750, 59.6259,  695.6250, 843.6249, 59.6259,  127, 127, 127
L 697.6250, 843.6249, 60.6259,  697.6250, 858.3750, 60.6259,  127, 127, 127
L 699.6249, 858.3750, 61.6259,  699.6249, 843.6249, 61.6259,  127, 127, 127
L 701.6249, 843.6249, 62.6259,  701.6249, 858.3750, 62.6259,  127, 127, 127
L 703.6249, 858.3749, 63.6259,  703.6248, 843.6249, 63.6259,  127, 127, 127
L 705.6250, 843.6249, 64.6260,  705.6250, 858.3749, 64.6260,  127, 127, 127
L 707.6249, 858.3749, 65.6260,  707.6249, 843.6248, 65.6260,  127, 127, 127
L 709.6249, 843.6122, 66.6260,  709.6249, 858.3749, 66.6260,  127, 127, 127
L 711.5798, 859.2870, 67.6260,  713.6807, 844.5824, 67.6260,  127, 127, 127
L 716.7602, 845.4737, 68.6260,  712.6747, 859.7726, 68.6260,  127, 127, 127
L 712.7314, 859.7314, 69.6259,  720.9134, 848.4813, 69.6260,  127, 127, 127
L 724.5710, 851.4944, 70.6260,  712.4243, 859.9547, 70.6015,  127, 127, 127
L 712.8328, 859.6576, 71.6260,  727.1451, 855.5683, 71.6260,  127, 127, 127
L 728.2386, 858.5869, 72.6260,  713.2042, 860.7346, 72.6260,  127, 127, 127
L 714.3655, 862.6250, 73.6260,  729.1500, 862.6250, 73.6260,  127, 127, 127
L 729.3749, 864.6250, 74.6260,  714.6250, 864.6250, 74.6260,  127, 127, 127
L 714.6250, 866.6250, 75.6260,  729.3748, 866.6250, 75.6260,  127, 127, 127
L 729.3748, 868.6249, 76.6260,  714.6250, 868.6249, 76.6260,  127, 127, 127
L 714.6250, 870.6249, 77.6260,  729.3748, 870.6249, 77.6260,  127, 127, 127
L 729.3748, 872.6250, 78.6260,  714.6250, 872.6250, 78.6260,  127, 127, 127
L 714.6250, 874.6249, 79.6260,  729.3748, 874.6249, 79.6260,  127, 127, 127
L 729.3749, 876.6249, 80.6260,  714.6250, 876.6248, 80.6260,  127, 127, 127
L 714.6250, 878.6250, 81.6260,  729.3748, 878.6250, 81.6260,  127, 127, 127
L 729.3748, 880.6249, 82.6260,  714.6250, 880.6249, 82.6260,  127, 127, 127
L 714.6250, 882.6249, 83.6260,  729.3748, 882.6248, 83.6260,  127, 127, 127
L 710.8451, 884.6245, 84.6260,  715.3750, 884.6250, 84.6260,  64, 64, 64
L 686.6249, 908.8442, 84.6260,  710.8451, 884.6245, 84.6260,  64, 64, 64
L 686.6250, 913.3750, 84.6260,  686.6249, 908.8442, 84.6260,  64, 64, 64
L 690.3749, 913.3750, 84.6260,  686.6250, 913.3750, 84.6260,  64, 64, 64
L 690.3749, 912.1553, 84.6260,  690.3749, 913.3750, 84.6260,  64, 64, 64
L 714.1552, 888.3750, 84.6260,  690.3749, 912.1553, 84.6260,  64, 64, 64
L 715.3749, 888.3750, 84.6260,  714.1552, 888.3750, 84.6260,  64, 64, 64
L 715.3750, 884.6250, 84.6260,  715.3749, 888.3750, 84.6260,  64, 64, 64
L 512.3549, 871.6245, 56.6259,  475.8494, 871.6249, 56.6259,  64, 64, 64
L 512.3749, 887.6250, 56.6259,  512.3549, 871.6245, 56.6259,  64, 64, 64
L 563.6746, 887.6250, 56.6505,  512.3749, 887.6250, 56.6259,  64, 64, 64
L 563.6711, 886.6250, 56.6259,  563.6746, 887.6250, 56.6505,  64, 64, 64
L 566.3749, 886.6250, 56.6259,  563.6711, 886.6250, 56.6259,  64, 64, 64
L 566.3749, 893.3749, 56.6259,  566.3749, 886.6250, 56.6259,  64, 64, 64
L 563.6324, 893.3749, 56.6259,  566.3749, 893.3749, 56.6259,  64, 64, 64
L 563.7093, 892.3744, 56.6259,  563.6324, 893.3749, 56.6259,  64, 64, 64
L 562.3749, 892.3749, 56.6259,  563.7093, 892.3744, 56.6259,  64, 64, 64
L 562.3740, 916.6728, 56.6272,  562.3749, 892.3749, 56.6259,  64, 64, 64
L 563.3749, 916.6725, 56.6259,  562.3740, 916.6728, 56.6272,  64, 64, 64
L 563.3749, 919.3749, 56.6259,  563.3749, 916.6725, 56.6259,  64, 64, 64
L 556.6250, 919.3749, 56.6259,  563.3749, 919.3749, 56.6259,  64, 64, 64
L 556.6250, 916.6838, 56.6259,  556.6250, 919.3749, 56.6259,  64, 64, 64
L 557.6250, 916.6725, 56.6259,  556.6250, 916.6838, 56.6259,  64, 64, 64
L 557.6250, 892.3745, 56.6259,  557.6250, 916.7093, 56.6259,  64, 64, 64
L 512.3749, 892.3749, 56.6259,  557.6250, 892.3745, 56.6259,  64, 64, 64
L 512.3740, 953.6250, 56.6259,  512.3749, 892.3749, 56.6259,  64, 64, 64
L 557.6250, 953.6249, 56.6259,  512.3740, 953.6250, 56.6259,  64, 64, 64
L 557.6250, 931.3253, 56.6471,  557.6250, 953.6249, 56.6259,  64, 64, 64
L 556.6250, 931.3286, 56.6287,  557.6250, 931.3253, 56.6471,  64, 64, 64
L 556.6250, 928.6250, 56.6259,  556.6250, 931.3286, 56.6259,  64, 64, 64
L 563.3749, 928.6250, 56.6259,  556.6250, 928.6250, 56.6259,  64, 64, 64
L 563.3749, 931.3159, 56.6259,  563.3749, 928.6250, 56.6259,  64, 64, 64
L 562.3749, 931.2903, 56.6259,  563.3749, 931.3159, 56.6293,  64, 64, 64
L 562.3749, 980.6738, 56.6400,  562.3749, 931.2903, 56.6259,  64, 64, 64
L 563.3748, 980.6720, 56.6259,  562.3749, 980.6738, 56.6400,  64, 64, 64
L 563.3749, 983.3749, 56.6259,  563.3748, 980.6720, 56.6259,  64, 64, 64
L 556.6250, 983.3750, 56.6259,  563.3749, 983.3749, 56.6259,  64, 64, 64
L 556.6250, 980.6576, 56.6259,  556.6250, 983.3750, 56.6259,  64, 64, 64
L 557.6249, 980.7093, 56.6259,  556.6250, 980.6576, 56.6259,  64, 64, 64
L 557.6250, 958.3749, 56.6259,  557.6249, 980.7093, 56.6259,  64, 64, 64
L 512.3749, 958.3749, 56.6259,  557.6250, 958.3749, 56.6259,  64, 64, 64
L 512.3749, 1015.6250, 56.6259,  512.3749, 958.3749, 56.6259,  64, 64, 64
L 557.6249, 1015.6250, 56.6259,  512.3749, 1015.6250, 56.6259,  64, 64, 64
L 557.6250, 995.3250, 56.6499,  557.6249, 1015.6250, 56.6259,  64, 64, 64
L 557.6250, 995.3250, 56.6471,  556.6250, 995.3288, 56.6285,  64, 64, 64
L 556.6250, 992.6250, 56.6259,  556.6250, 995.3288, 56.6259,  64, 64, 64
L 563.3749, 992.6249, 56.6259,  556.6250, 992.6250, 56.6259,  64, 64, 64
L 563.3749, 995.3279, 56.6259,  563.3749, 992.6249, 56.6259,  64, 64, 64
L 562.3749, 995.2903, 56.6259,  563.3749, 995.3279, 56.6272,  64, 64, 64
L 562.3740, 1015.6250, 56.6259,  562.3749, 995.2903, 56.6259,  64, 64, 64
L 579.6249, 1015.6250, 56.6259,  562.3740, 1015.6250, 56.6259,  64, 64, 64
L 579.6250, 892.3749, 56.6259,  579.6249, 1015.6250, 56.6259,  64, 64, 64
L 578.3256, 892.3749, 56.6465,  579.6250, 892.3749, 56.6259,  64, 64, 64
L 578.3279, 893.3749, 56.6291,  578.3256, 892.3749, 56.6465,  64, 64, 64
L 575.6250, 893.3749, 56.6259,  578.3279, 893.3749, 56.6259,  64, 64, 64
L 575.6250, 886.6250, 56.6259,  575.6250, 893.3749, 56.6259,  64, 64, 64
L 578.3582, 886.6250, 56.6259,  575.6250, 886.6250, 56.6259,  64, 64, 64
L 578.2898, 887.6250, 56.6259,  578.3582, 886.6250, 56.6319,  64, 64, 64
L 593.8445, 887.6250, 56.6259,  578.2898, 887.6250, 56.6259,  64, 64, 64
L 609.6250, 871.8445, 56.6259,  593.8445, 887.6250, 56.6259,  64, 64, 64
L 609.6250, 869.3252, 56.6488,  609.6250, 871.8445, 56.6259,  64, 64, 64
L 608.6250, 869.3295, 56.6313,  609.6250, 869.3252, 56.6488,  64, 64, 64
L 608.6250, 866.6249, 56.6259,  608.6250, 869.3295, 56.6259,  64, 64, 64
L 619.3749, 866.6250, 56.6259,  608.6250, 866.6249, 56.6259,  64, 64, 64
L 619.3748, 869.3608, 56.6259,  619.3749, 866.6250, 56.6259,  64, 64, 64
L 618.3749, 869.2906, 56.6259,  619.3748, 869.3608, 56.6259,  64, 64, 64
L 618.3749, 871.8445, 56.6259,  618.3749, 869.2906, 56.6259,  64, 64, 64
L 634.3749, 887.8441, 56.6259,  618.3749, 871.8445, 56.6259,  64, 64, 64
L 634.3749, 996.6250, 56.6259,  634.3749, 887.8441, 56.6259,  64, 64, 64
L 710.6250, 996.6249, 56.6259,  634.3749, 996.6250, 56.6259,  64, 64, 64
L 710.6250, 931.3740, 56.6259,  710.6250, 996.6249, 56.6259,  64, 64, 64
L 686.6250, 931.3750, 56.6259,  710.6250, 931.3740, 56.6259,  64, 64, 64
L 686.6250, 926.6249, 56.6259,  686.6250, 931.3750, 56.6259,  64, 64, 64
L 668.9239, 927.3749, 56.6259,  686.6250, 927.3744, 56.6259,  64, 64, 64
L 664.9996, 927.3864, 56.9000,  668.9239, 927.3749, 56.9000,  64, 64, 64
L 659.9827, 926.4690, 56.9000,  664.9996, 927.3864, 56.9000,  64, 64, 64
L 658.8960, 925.4243, 56.9000,  659.9827, 926.4690, 56.9000,  64, 64, 64
L 654.4940, 922.5059, 56.9000,  658.8960, 925.4243, 56.9000,  64, 64, 64
L 650.9383, 919.4688, 56.9000,  654.4940, 922.5059, 56.9000,  64, 64, 64
L 648.2120, 915.6539, 56.9000,  650.9383, 919.4688, 56.9000,  64, 64, 64
L 647.2508, 913.9388, 56.9000,  648.2120, 915.6539, 56.9000,  64, 64, 64
L 646.6833, 912.2812, 56.9000,  647.2508, 913.9388, 56.9000,  64, 64, 64
L 646.2122, 910.3962, 56.9000,  646.6833, 912.2812, 56.9000,  64, 64, 64
L 645.6249, 907.9089, 56.6259,  646.2122, 910.3962, 56.9000,  64, 64, 64
L 645.6245, 887.6249, 56.6259,  645.6249, 907.9089, 56.6259,  64, 64, 64
L 660.3749, 887.6250, 56.6259,  645.6245, 887.6249, 56.6259,  127, 127, 127
L 660.3749, 907.7839, 56.6259,  660.3749, 887.6250, 56.6259,  64, 64, 64
L 660.6077, 908.3763, 56.9000,  660.3749, 907.7839, 56.9000,  64, 64, 64
L 661.6213, 910.9090, 56.9000,  660.6077, 908.3763, 56.9000,  64, 64, 64
L 663.2300, 911.4926, 56.9000,  661.6213, 910.9090, 56.9000,  64, 64, 64
L 665.8790, 912.6250, 56.6259,  663.2300, 911.4926, 56.9000,  64, 64, 64
L 686.6249, 912.6250, 56.6259,  665.8790, 912.6250, 56.6259,  64, 64, 64
L 686.6248, 908.8445, 56.6259,  686.6249, 912.6250, 56.6259,  64, 64, 64
L 710.8445, 884.6250, 56.6259,  686.6248, 908.8445, 56.6259,  64, 64, 64
L 714.6250, 884.6249, 56.6259,  710.8445, 884.6250, 56.6259,  64, 64, 64
L 714.6250, 863.6339, 56.6259,  714.6250, 884.6249, 56.6259,  64, 64, 64
L 714.3368, 862.5126, 56.9000,  714.6250, 863.6339, 56.9000,  64, 64, 64
L 713.3713, 860.9017, 56.9000,  714.3368, 862.5126, 56.9000,  64, 64, 64
L 711.9701, 859.5005, 56.9000,  713.3713, 860.9017, 56.9000,  64, 64, 64
L 709.9113, 858.3749, 56.6259,  711.9701, 859.5005, 56.9000,  64, 64, 64
L 689.6250, 858.3750, 56.6259,  709.9113, 858.3749, 56.6259,  64, 64, 64
L 689.6245, 843.6249, 56.6259,  689.6250, 858.3750, 56.6259,  127, 127, 127
L 706.3805, 843.6249, 56.6259,  689.6245, 843.6249, 56.6259,  64, 64, 64
L 709.9036, 843.6100, 56.9000,  706.3805, 843.6249, 56.9000,  64, 64, 64
L 715.3953, 845.6960, 56.9000,  709.9036, 843.6100, 56.9000,  64, 64, 64
L 716.8981, 845.5706, 56.9000,  715.3953, 845.6960, 56.9000,  64, 64, 64
L 720.8354, 848.4076, 56.9000,  716.8981, 845.5706, 56.9000,  64, 64, 64
L 724.1088, 851.5623, 56.9000,  720.8354, 848.4076, 56.9000,  64, 64, 64
L 727.1989, 855.6400, 56.9000,  724.1088, 851.5623, 56.9000,  64, 64, 64
L 728.4343, 859.1905, 56.9000,  727.1989, 855.6400, 56.9000,  64, 64, 64
L 728.8791, 860.9701, 56.9000,  728.4343, 859.1905, 56.9000,  64, 64, 64
L 729.3748, 863.9986, 56.6259,  728.8791, 860.9701, 56.9000,  64, 64, 64
L 729.3749, 884.6249, 56.6259,  729.3748, 863.9986, 56.6259,  64, 64, 64
L 733.3750, 884.6249, 56.6259,  728.6248, 884.6249, 56.6259,  64, 64, 64
L 733.3737, 908.6250, 56.6259,  733.3750, 884.6249, 56.6259,  64, 64, 64
L 798.6250, 908.6249, 56.6259,  733.3737, 908.6250, 56.6259,  64, 64, 64
L 798.6250, 832.3749, 56.6259,  798.6250, 908.6249, 56.6259,  64, 64, 64
L 689.8445, 832.3749, 56.6259,  798.6250, 832.3749, 56.6259,  64, 64, 64
L 673.8445, 816.3749, 56.6259,  689.8445, 832.3749, 56.6259,  64, 64, 64
L 671.3256, 816.3749, 56.6469,  673.8445, 816.3749, 56.6259,  64, 64, 64
L 671.3289, 817.3749, 56.6281,  671.3256, 816.3749, 56.6469,  64, 64, 64
L 668.6249, 817.3749, 56.6259,  671.3289, 817.3749, 56.6259,  64, 64, 64
L 668.6250, 806.6250, 56.6259,  668.6249, 817.3749, 56.6259,  64, 64, 64
L 671.3469, 806.6250, 56.6259,  668.6250, 806.6250, 56.6259,  64, 64, 64
L 671.2898, 807.6250, 56.6259,  671.3469, 806.6250, 56.6259,  64, 64, 64
L 673.8445, 807.6250, 56.6259,  671.2898, 807.6250, 56.6259,  64, 64, 64
L 689.6250, 791.8445, 56.6259,  673.8445, 807.6250, 56.6259,  64, 64, 64
L 689.6250, 778.3253, 56.6447,  689.6250, 791.8445, 56.6259,  64, 64, 64
L 688.6250, 778.3251, 56.6347,  689.6250, 778.3253, 56.6447,  64, 64, 64
L 688.6250, 775.6250, 56.6259,  688.6250, 778.3251, 56.6259,  64, 64, 64
L 695.3749, 775.6250, 56.6259,  688.6250, 775.6250, 56.6259,  64, 64, 64
L 695.3749, 778.3708, 56.6259,  695.3749, 775.6250, 56.6259,  64, 64, 64
L 694.3749, 778.2903, 56.6259,  695.3749, 778.3708, 56.6259,  64, 64, 64
L 694.3740, 779.6250, 56.6259,  694.3749, 778.2903, 56.6259,  64, 64, 64
L 815.6250, 779.6249, 56.6259,  694.3740, 779.6250, 56.6259,  64, 64, 64
L 815.6250, 762.3745, 56.6259,  815.6250, 779.6249, 56.6259,  64, 64, 64
L 797.3264, 763.3749, 56.6287,  797.3270, 762.3749, 56.6274,  64, 64, 64
L 794.6250, 763.3749, 56.6259,  797.3264, 763.3749, 56.6259,  64, 64, 64
L 797.2903, 762.3749, 56.6259,  815.6250, 762.3749, 56.6259,  64, 64, 64
L 782.9673, 757.6249, 56.6259,  760.3750, 757.6249, 56.6259,  64, 64, 64
L 815.6249, 757.6250, 56.6259,  797.3180, 757.6250, 56.6259,  64, 64, 64
L 797.3180, 757.6250, 56.6380,  797.3260, 756.6250, 56.6710,  64, 64, 64
L 794.6250, 756.6250, 56.6259,  794.6250, 763.3749, 56.6259,  64, 64, 64
L 797.3260, 756.6250, 56.6259,  794.6250, 756.6250, 56.6259,  64, 64, 64
L 815.6250, 712.3740, 56.6259,  815.6249, 757.6250, 56.6259,  64, 64, 64
L 760.3749, 712.3749, 56.6259,  815.6250, 712.3740, 56.6259,  64, 64, 64
L 760.3749, 712.3749, 56.6259,  760.3750, 757.6249, 56.6259,  64, 64, 64
L 782.9673, 757.6249, 56.6340,  782.9673, 756.6250, 56.6340,  64, 64, 64
L 785.3749, 756.6250, 56.6259,  782.9673, 756.6250, 56.6259,  64, 64, 64
L 785.3749, 763.3749, 56.6259,  785.3749, 756.6250, 56.6259,  64, 64, 64
L 782.6725, 762.3744, 56.6259,  782.6725, 763.3749, 56.6259,  64, 64, 64
L 782.6725, 763.3749, 56.6259,  785.3749, 763.3749, 56.6259,  64, 64, 64
L 733.3251, 762.3749, 56.6518,  782.7093, 762.3740, 56.6259,  64, 64, 64
L 733.3289, 763.3750, 56.6293,  733.3251, 762.3749, 56.6518,  64, 64, 64
L 730.6250, 763.3749, 56.6259,  733.3289, 763.3750, 56.6259,  64, 64, 64
L 730.6250, 756.6250, 56.6259,  730.6250, 763.3749, 56.6259,  64, 64, 64
L 733.3260, 756.6250, 56.6259,  730.6250, 756.6250, 56.6259,  64, 64, 64
L 733.3259, 757.6250, 56.6259,  733.3260, 756.6250, 56.6272,  64, 64, 64
L 755.6250, 757.6249, 56.6259,  733.2886, 757.6250, 56.6396,  64, 64, 64
L 755.6250, 712.3744, 56.6259,  755.6250, 757.6249, 56.6259,  64, 64, 64
L 694.3749, 712.3749, 56.6259,  755.6250, 712.3744, 56.6259,  64, 64, 64
L 694.3749, 757.6250, 56.6259,  694.3749, 712.3749, 56.6259,  64, 64, 64
L 718.6752, 757.6250, 56.6593,  694.3749, 757.6250, 56.6259,  64, 64, 64
L 718.6743, 757.6250, 56.6488,  718.6894, 756.6250, 56.6259,  64, 64, 64
L 721.3749, 756.6250, 56.6259,  718.6894, 756.6250, 56.6259,  64, 64, 64
L 721.3749, 763.3751, 56.6259,  721.3749, 756.6250, 56.6259,  64, 64, 64
L 718.6725, 763.3713, 56.6281,  721.3749, 763.3751, 56.6259,  64, 64, 64
L 718.6725, 762.3749, 56.6259,  718.6725, 763.3713, 56.6259,  64, 64, 64
L 694.3749, 762.3749, 56.6259,  718.6725, 762.3749, 56.6259,  64, 64, 64
L 694.3740, 763.6744, 56.6488,  694.3749, 762.3749, 56.6259,  64, 64, 64
L 695.3749, 763.6711, 56.6259,  694.3740, 763.6744, 56.6488,  64, 64, 64
L 695.3749, 766.3749, 56.6259,  695.3749, 763.6711, 56.6259,  64, 64, 64
L 688.6250, 766.3749, 56.6259,  695.3749, 766.3749, 56.6259,  64, 64, 64
L 688.6250, 763.6472, 56.6259,  688.6250, 766.3749, 56.6259,  64, 64, 64
L 689.6249, 763.7093, 56.6259,  688.6250, 763.6472, 56.6259,  64, 64, 64
L 689.6250, 712.3741, 56.6259,  689.6249, 763.7093, 56.6259,  64, 64, 64
L 671.6250, 712.3749, 56.6259,  689.6250, 712.3741, 56.6259,  64, 64, 64
L 671.6250, 675.7596, 56.6259,  671.6250, 712.3749, 56.6259,  64, 64, 64
L 656.3749, 712.3749, 56.6259,  656.3749, 675.8904, 56.6259,  64, 64, 64
L 638.3749, 712.3749, 56.6259,  656.3749, 712.3749, 56.6259,  64, 64, 64
L 638.3749, 791.8445, 56.6259,  638.3749, 712.3749, 56.6259,  64, 64, 64
L 654.1548, 807.6250, 56.6259,  638.3749, 791.8445, 56.6259,  64, 64, 64
L 656.6752, 807.6249, 56.6580,  654.1548, 807.6250, 56.6259,  64, 64, 64
L 656.6702, 806.6240, 56.6259,  656.6752, 807.6249, 56.6580,  64, 64, 64
L 659.3749, 806.6298, 56.6259,  656.6702, 806.6240, 56.6259,  64, 64, 64
L 659.3750, 817.3749, 56.6259,  659.3749, 806.6298, 56.6259,  64, 64, 64
L 656.6506, 817.3749, 56.6259,  659.3750, 817.3749, 56.6259,  64, 64, 64
L 656.7093, 816.3745, 56.6259,  656.6506, 817.3749, 56.6259,  64, 64, 64
L 654.1553, 816.3749, 56.6259,  656.7093, 816.3745, 56.6259,  64, 64, 64
L 618.3881, 852.1422, 56.6259,  654.1553, 816.3749, 56.6259,  64, 64, 64
L 618.3749, 854.6725, 56.6261,  618.3881, 852.1422, 56.6259,  64, 64, 64
L 619.3749, 854.7305, 56.6259,  618.3749, 854.6725, 56.6261,  64, 64, 64
L 619.3749, 857.3749, 56.6259,  619.3749, 854.7305, 56.6259,  64, 64, 64
L 608.6250, 857.3751, 56.6259,  619.3749, 857.3749, 56.6259,  64, 64, 64
L 608.6250, 854.6725, 56.6259,  608.6250, 857.3751, 56.6259,  64, 64, 64
L 609.6250, 854.6728, 56.6270,  608.6250, 854.6725, 56.6259,  64, 64, 64
L 609.6250, 852.1545, 56.6259,  609.6250, 854.6728, 56.6270,  64, 64, 64
L 593.8445, 836.3748, 56.6259,  609.6250, 852.1545, 56.6259,  64, 64, 64
L 512.3749, 836.3749, 56.6259,  593.8445, 836.3748, 56.6259,  64, 64, 64
L 512.3750, 856.3749, 56.6259,  512.3749, 836.3749, 56.6259,  64, 64, 64
L 475.7203, 856.3749, 56.6259,  512.3750, 856.3749, 56.6259,  64, 64, 64
L 656.3749, 675.8904, 56.6259,  475.8650, 675.8469, 56.6259,  64, 64, 64
L 852.4257, 675.7245, 56.6259,  671.6250, 675.7596, 56.6259,  64, 64, 64
L 852.2238, 1052.1552, 56.6259,  852.4257, 675.7245, 56.6259,  64, 64, 64
L 475.8374, 1052.2526, 56.6259,  852.2238, 1052.1552, 56.6259,  64, 64, 64
L 475.8494, 871.6249, 56.6259,  475.8374, 1052.2526, 56.6259,  64, 64, 64
L 475.8650, 675.8469, 56.6259,  475.7203, 856.3749, 56.6259,  64, 64, 64
L 625.6249, 36.3755, 119.6260,  803.3763, 36.3614, 119.6260,  64, 64, 64
L 625.6245, -141.3625, 119.6260,  625.6249, 36.3755, 119.6260,  64, 64, 64
L 731.3749, -141.3750, 111.6260,  625.6245, -141.3625, 119.6260,  64, 64, 64
L 729.3749, -141.3750, 112.6260,  729.3749, -151.6250, 112.6260,  127, 127, 127
L 727.3749, -151.6250, 113.6260,  727.3749, -141.3750, 113.6260,  127, 127, 127
L 725.3749, -141.3750, 114.6260,  725.3749, -151.6250, 114.6260,  127, 127, 127
L 723.3749, -151.6250, 115.6260,  723.3749, -141.3750, 115.6260,  127, 127, 127
L 721.3749, -141.3750, 116.6260,  721.3749, -151.6250, 116.6260,  127, 127, 127
L 719.3745, -151.6250, 117.6260,  719.3749, -141.3750, 117.6260,  127, 127, 127
L 717.3749, -141.3750, 118.6260,  717.3745, -151.6250, 118.6260,  127, 127, 127
L 716.8459, -151.6250, 119.6260,  731.3749, -151.6250, 111.6260,  64, 64, 64
L 613.3737, -151.6250, 119.6260,  716.8459, -151.6250, 119.6260,  64, 64, 64
L 613.3751, -114.6250, 119.6260,  613.3737, -151.6250, 119.6260,  64, 64, 64
L 588.3736, -114.6250, 119.6260,  613.3751, -114.6250, 119.6260,  64, 64, 64
L 588.3749, -103.3220, 119.6513,  588.3736, -114.6250, 119.6260,  64, 64, 64
L 589.3749, -103.3256, 119.6266,  588.3749, -103.3220, 119.6513,  64, 64, 64
L 589.3749, -100.6250, 119.6260,  589.3749, -103.3256, 119.6260,  64, 64, 64
L 582.6244, -100.6250, 119.6260,  589.3749, -100.6250, 119.6260,  64, 64, 64
L 582.6284, -103.2858, 119.6260,  582.6244, -100.6250, 119.6260,  64, 64, 64
L 583.6249, -103.2849, 119.6260,  582.6284, -103.2858, 119.6260,  64, 64, 64
L 583.6245, -119.3750, 119.6260,  583.6249, -103.2849, 119.6260,  64, 64, 64
L 608.6250, -119.3748, 119.6260,  583.6245, -119.3750, 119.6260,  64, 64, 64
L 608.6249, -151.6254, 119.6260,  608.6250, -119.3748, 119.6260,  64, 64, 64
L 537.3740, -151.6250, 119.6260,  608.6249, -151.6254, 119.6260,  64, 64, 64
L 537.3750, -109.6250, 119.6260,  537.3740, -151.6250, 119.6260,  64, 64, 64
L 532.6250, -109.6250, 119.6260,  537.3750, -109.6250, 119.6260,  64, 64, 64
L 532.6250, -151.6250, 119.6260,  532.6250, -109.6250, 119.6260,  64, 64, 64
L 512.3740, -151.6250, 119.6260,  532.6250, -151.6250, 119.6260,  64, 64, 64
L 512.3741, 8.6250, 119.6260,  512.3740, -151.6250, 119.6260,  64, 64, 64
L 608.6250, 8.6250, 119.6260,  512.3741, 8.6250, 119.6260,  64, 64, 64
L 608.6250, -73.6251, 119.6260,  608.6250, 8.6250, 119.6260,  64, 64, 64
L 583.6250, -73.6247, 119.6260,  608.6250, -73.6251, 119.6260,  64, 64, 64
L 583.6250, -88.6782, 119.6538,  583.6250, -73.6247, 119.6260,  64, 64, 64
L 582.6250, -88.6740, 119.6260,  583.6250, -88.6782, 119.6538,  64, 64, 64
L 582.6250, -91.3750, 119.6260,  582.6250, -88.6740, 119.6260,  64, 64, 64
L 589.3749, -91.3751, 119.6260,  582.6250, -91.3750, 119.6260,  64, 64, 64
L 589.3749, -88.6774, 119.6260,  589.3749, -91.3751, 119.6260,  64, 64, 64
L 588.4778, -88.6791, 119.6661,  589.3749, -88.6774, 119.6260,  64, 64, 64
L 588.3750, -78.3750, 119.6260,  588.3740, -88.7149, 119.6260,  64, 64, 64
L 613.3749, -78.3753, 119.6260,  588.3750, -78.3750, 119.6260,  64, 64, 64
L 613.3754, 13.3750, 119.6260,  613.3749, -78.3753, 119.6260,  64, 64, 64
L 513.3749, 13.3750, 119.6260,  613.3754, 13.3750, 119.6260,  64, 64, 64
L 513.3749, 28.6250, 119.6260,  513.3749, 13.3750, 119.6260,  64, 64, 64
L 563.6757, 28.6250, 119.6260,  513.3749, 28.6250, 119.6260,  64, 64, 64
L 578.3577, 27.6250, 119.6260,  575.6250, 27.6250, 119.6260,  64, 64, 64
L 578.2844, 28.6250, 119.6260,  578.3577, 27.6250, 119.6272,  64, 64, 64
L 613.3749, 28.6250, 119.6260,  578.2844, 28.6250, 119.6260,  64, 64, 64
L 613.3749, 51.6250, 119.6260,  613.3749, 28.6250, 119.6260,  64, 64, 64
L 635.3749, 51.6248, 119.6260,  613.3749, 51.6250, 119.6260,  64, 64, 64
L 635.3741, 85.6774, 119.6457,  635.3749, 51.6248, 119.6260,  64, 64, 64
L 636.3749, 85.6732, 119.6260,  635.3741, 85.6774, 119.6457,  64, 64, 64
L 636.3749, 88.3628, 119.6260,  636.3749, 85.6732, 119.6260,  64, 64, 64
L 629.6249, 88.3774, 119.6260,  636.3749, 88.3628, 119.6260,  64, 64, 64
L 629.6249, 85.7138, 119.6260,  629.6249, 88.3774, 119.6260,  64, 64, 64
L 630.6250, 85.7149, 119.6260,  629.6249, 85.7138, 119.6260,  64, 64, 64
L 630.6250, 56.3748, 119.6260,  630.6250, 85.7149, 119.6260,  64, 64, 64
L 608.6249, 56.3751, 119.6260,  630.6250, 56.3748, 119.6260,  64, 64, 64
L 608.6250, 33.3748, 119.6260,  608.6249, 56.3751, 119.6260,  64, 64, 64
L 578.3229, 33.3750, 119.6410,  608.6250, 33.3748, 119.6260,  64, 64, 64
L 578.3250, 34.3750, 119.6294,  578.3229, 33.3750, 119.6410,  64, 64, 64
L 575.6250, 34.3750, 119.6260,  578.3250, 34.3750, 119.6260,  64, 64, 64
L 575.6250, 27.6250, 119.6260,  575.6250, 34.3750, 119.6260,  64, 64, 64
L 563.6757, 27.6250, 119.6260,  563.6757, 28.6251, 119.6260,  64, 64, 64
L 566.3749, 27.6250, 119.6260,  563.6757, 27.6250, 119.6260,  64, 64, 64
L 566.3750, 34.3750, 119.6260,  566.3749, 27.6250, 119.6260,  64, 64, 64
L 563.7125, 34.3750, 119.6260,  566.3750, 34.3750, 119.6260,  64, 64, 64
L 563.7148, 33.3748, 119.6260,  563.7125, 34.3750, 119.6260,  64, 64, 64
L 512.3749, 33.3750, 119.6260,  563.7148, 33.3748, 119.6260,  64, 64, 64
L 512.3750, 151.6250, 119.6260,  512.3749, 33.3750, 119.6260,  64, 64, 64
L 630.6250, 151.6250, 119.6260,  512.3750, 151.6250, 119.6260,  64, 64, 64
L 630.6250, 100.3225, 119.6436,  630.6250, 151.6250, 119.6260,  64, 64, 64
L 629.6249, 100.3251, 119.6266,  630.6250, 100.3225, 119.6436,  64, 64, 64
L 629.6249, 97.6250, 119.6260,  629.6249, 100.3251, 119.6260,  64, 64, 64
L 636.3757, 97.6247, 119.6260,  629.6249, 97.6250, 119.6260,  64, 64, 64
L 636.3723, 100.3483, 119.6265,  636.3757, 97.6247, 119.6260,  64, 64, 64
L 635.3749, 100.2850, 119.6260,  636.3723, 100.3483, 119.6290,  64, 64, 64
L 635.3749, 150.6250, 119.6260,  635.3749, 100.2850, 119.6260,  64, 64, 64
L 650.6249, 150.6250, 119.6260,  635.3749, 150.6250, 119.6260,  64, 64, 64
L 650.6245, 51.6250, 119.6260,  650.6249, 150.6250, 119.6260,  64, 64, 64
L 742.3749, 51.6246, 119.6260,  650.6245, 51.6250, 119.6260,  64, 64, 64
L 742.3749, 76.6250, 119.6260,  742.3749, 51.6246, 119.6260,  64, 64, 64
L 752.6776, 76.6252, 119.6488,  742.3749, 76.6250, 119.6260,  64, 64, 64
L 752.6702, 75.6250, 119.6260,  752.6776, 76.6252, 119.6488,  64, 64, 64
L 755.3749, 75.6250, 119.6260,  752.6702, 75.6250, 119.6260,  64, 64, 64
L 755.3750, 82.3750, 119.6260,  755.3749, 75.6250, 119.6260,  64, 64, 64
L 752.6716, 82.3750, 119.6260,  755.3750, 82.3750, 119.6260,  64, 64, 64
L 752.7148, 81.3750, 119.6260,  752.6716, 82.3750, 119.6260,  64, 64, 64
L 737.6249, 81.3750, 119.6260,  752.7148, 81.3750, 119.6260,  64, 64, 64
L 737.6250, 56.3748, 119.6260,  737.6249, 81.3750, 119.6260,  64, 64, 64
L 655.3749, 56.3750, 119.6260,  737.6250, 56.3748, 119.6260,  64, 64, 64
L 655.3749, 151.6250, 119.6260,  655.3749, 56.3750, 119.6260,  64, 64, 64
L 815.6249, 151.6250, 119.6260,  655.3749, 151.6250, 119.6260,  64, 64, 64
L 815.6250, 132.3750, 119.6260,  815.6249, 151.6250, 119.6260,  64, 64, 64
L 773.6250, 132.3754, 119.6260,  815.6250, 132.3750, 119.6260,  64, 64, 64
L 773.6250, 127.6250, 119.6260,  773.6250, 132.3754, 119.6260,  64, 64, 64
L 815.6250, 127.6250, 119.6260,  773.6250, 127.6250, 119.6260,  64, 64, 64
L 815.6250, 56.3748, 119.6260,  815.6250, 127.6250, 119.6260,  64, 64, 64
L 783.3749, 56.3750, 119.6260,  815.6250, 56.3748, 119.6260,  64, 64, 64
L 783.3749, 81.3750, 119.6260,  783.3749, 56.3750, 119.6260,  64, 64, 64
L 767.3239, 81.3750, 119.6260,  767.3239, 82.3750, 119.6269,  64, 64, 64
L 767.3241, 81.3750, 119.6261,  783.3749, 81.3750, 119.6260,  64, 64, 64
L 767.3220, 81.3750, 119.6509,  767.3241, 81.3750, 119.6261,  64, 64, 64
L 764.6249, 82.3750, 119.6260,  767.3239, 82.3750, 119.6260,  64, 64, 64
L 764.6249, 75.6250, 119.6260,  764.6249, 82.3750, 119.6260,  64, 64, 64
L 767.3556, 75.6250, 119.6260,  764.6249, 75.6250, 119.6260,  64, 64, 64
L 767.2844, 76.6250, 119.6260,  767.3556, 75.6250, 119.6277,  64, 64, 64
L 778.6250, 76.6250, 119.6260,  767.2844, 76.6250, 119.6260,  64, 64, 64
L 778.6151, 51.6250, 119.6260,  778.6250, 76.6250, 119.6260,  64, 64, 64
L 815.6250, 51.6250, 119.6260,  778.6151, 51.6250, 119.6260,  64, 64, 64
L 815.6249, -55.3750, 118.6260,  815.6250, 51.6250, 119.6260,  64, 64, 64
L 815.6250, -69.3750, 111.6260,  815.6249, -55.3750, 118.6260,  64, 64, 64
L 803.3749, -67.3750, 112.6260,  815.6250, -67.3750, 112.6260,  127, 127, 127
L 815.6250, -65.3750, 113.6260,  803.3750, -65.3750, 113.6260,  127, 127, 127
L 803.3750, -63.3750, 114.6260,  815.6250, -63.3750, 114.6260,  127, 127, 127
L 815.6250, -61.3750, 115.6260,  803.3749, -61.3750, 115.6260,  127, 127, 127
L 803.3749, -59.3750, 116.6260,  815.6250, -59.3748, 116.6260,  127, 127, 127
L 815.6249, -57.3750, 117.6260,  803.3749, -57.3750, 117.6260,  127, 127, 127
L 803.3749, -55.3750, 118.6260,  815.6249, -55.3744, 118.6260,  127, 127, 127
L 803.2672, -54.3113, 119.6384,  803.3749, -69.3750, 111.6260,  64, 64, 64
L 803.3763, 36.3614, 119.6260,  803.2672, -54.3113, 119.6384,  64, 64, 64
L 803.3749, -81.3750, 111.6260,  803.3749, -69.3750, 111.6260,  64, 64, 64
L 815.6250, -69.3627, 111.6260,  803.3749, -69.3750, 111.6260,  127, 127, 127
L 815.6250, -151.6250, 111.6260,  815.6250, -69.3627, 111.6260,  64, 64, 64
L 731.3749, -141.3750, 111.6260,  743.3749, -141.3750, 111.6260,  64, 64, 64
L 731.3615, -151.6250, 111.6260,  731.3749, -141.3750, 111.6260,  127, 127, 127
L 815.6250, -151.6250, 111.6260,  731.3615, -151.6250, 111.6260,  64, 64, 64
L 727.8500, -81.4783, 85.6260,  743.5031, -65.3340, 85.7133,  127, 127, 127
L 745.4886, -67.1900, 86.6710,  729.4570, -83.5156, 86.7420,  127, 127, 127
L 731.2980, -85.4997, 87.7044,  747.4781, -69.8600, 87.6260,  127, 127, 127
L 749.5181, -71.4840, 88.7472,  733.8500, -87.4783, 88.6260,  127, 127, 127
L 735.1730, -89.4872, 89.6650,  751.5168, -73.4720, 89.7449,  127, 127, 127
L 753.4781, -75.8600, 90.6260,  737.8500, -91.4783, 90.6260,  127, 127, 127
L 739.8500, -93.4783, 91.6260,  755.4791, -77.9500, 91.6304,  127, 127, 127
L 757.4901, -79.2040, 92.6757,  741.1620, -95.4859, 92.6603,  127, 127, 127
L 743.2620, -97.4959, 93.6941,  759.4769, -81.7100, 93.6260,  127, 127, 127
L 761.1177, -81.3750, 94.6407,  743.3749, -99.1377, 94.6791,  127, 127, 127
L 743.3749, -101.1119, 95.6260,  763.1136, -81.3750, 95.6307,  127, 127, 127
L 765.2065, -81.3748, 96.7617,  743.3749, -103.1410, 96.6843,  127, 127, 127
L 743.3745, -105.1123, 97.6260,  767.1182, -81.3750, 97.6419,  127, 127, 127
L 769.1140, -81.3750, 98.6313,  743.3749, -107.1483, 98.6955,  127, 127, 127
L 743.3740, -109.1127, 99.6260,  771.1158, -81.3750, 99.6363,  127, 127, 127
L 773.1580, -81.3748, 100.7090,  743.3749, -111.1281, 100.6620,  127, 127, 127
L 743.3749, -113.1119, 101.6260,  775.1158, -81.3750, 101.6366,  127, 127, 127
L 777.2294, -81.3748, 102.7809,  743.3749, -115.1334, 102.6721,  127, 127, 127
L 743.3749, -117.1119, 103.6260,  779.1378, -81.3746, 103.6790,  127, 127, 127
L 781.1128, -81.3750, 104.6286,  743.3748, -119.1510, 104.6993,  127, 127, 127
L 743.3749, -121.1200, 105.6456,  783.1118, -81.3750, 105.6260,  127, 127, 127
L 785.1584, -81.3750, 106.7098,  743.3749, -123.1902, 106.7459,  127, 127, 127
L 743.3746, -125.1740, 107.7282,  787.1154, -81.3750, 107.6354,  127, 127, 127
L 789.1118, -81.3750, 108.6260,  743.3749, -127.1625, 108.7147,  127, 127, 127
L 743.3749, -129.1209, 109.6475,  791.1155, -81.3750, 109.6356,  127, 127, 127
L 793.9460, -81.3748, 110.6260,  743.3749, -131.2028, 110.7582,  127, 127, 127
L 759.8445, -81.3750, 93.6260,  741.4695, -62.9998, 85.6260,  64, 64, 64
L 803.3749, -81.3750, 111.6260,  759.8445, -81.3750, 94.8085,  64, 64, 64
L 743.3749, -97.8447, 93.6260,  724.9998, -79.4695, 85.6260,  64, 64, 64
L 743.3749, -141.3750, 111.6260,  743.3749, -97.8447, 94.6260,  64, 64, 64
L 831.6250, 167.6250, 96.6260,  496.3756, 167.6250, 96.6260,  64, 64, 64
L 831.6250, -167.6250, 96.6260,  831.6250, 167.6250, 96.6260,  64, 64, 64
L 496.3743, -167.6250, 96.6260,  831.6250, -167.6250, 96.6260,  64, 64, 64
L 496.3756, 167.6250, 96.6260,  496.3743, -167.6250, 96.6260,  64, 64, 64
L 506.6292, 7.2862, 96.6260,  506.6240, 4.6250, 96.6260,  64, 64, 64
L 507.6250, 7.2850, 96.6260,  506.6292, 7.2862, 96.6260,  64, 64, 64
L 507.6245, 156.3750, 96.6260,  507.6250, 7.2850, 96.6260,  64, 64, 64
L 656.6757, 156.3746, 96.6260,  507.6245, 156.3750, 96.6260,  64, 64, 64
L 656.6783, 157.3750, 96.6260,  656.6757, 156.3746, 96.6260,  64, 64, 64
L 659.3749, 157.3750, 96.6260,  656.6783, 157.3750, 96.6260,  64, 64, 64
L 671.6250, 127.6250, 85.6260,  656.3744, 127.6250, 85.6260,  127, 127, 127
L 656.3749, 129.6250, 86.6260,  671.6249, 129.6250, 86.6260,  127, 127, 127
L 671.6249, 131.6250, 87.6260,  656.3749, 131.6250, 87.6260,  127, 127, 127
L 656.3745, 133.6250, 88.6260,  671.6249, 133.6251, 88.6260,  127, 127, 127
L 671.6249, 135.6250, 89.6260,  656.3745, 135.6250, 89.6260,  127, 127, 127
L 656.3741, 137.6250, 90.6260,  671.6249, 137.6250, 90.6260,  127, 127, 127
L 671.6249, 139.6250, 91.6260,  656.3748, 139.6250, 91.6260,  127, 127, 127
L 656.3745, 141.6250, 92.6260,  671.6249, 141.6250, 92.6260,  127, 127, 127
L 671.6249, 143.6250, 93.6260,  656.3749, 143.6250, 93.6260,  127, 127, 127
L 656.3745, 145.6250, 94.6260,  671.6250, 145.6250, 94.6260,  127, 127, 127
L 671.6250, 147.6250, 95.6260,  656.3749, 147.6250, 95.6260,  127, 127, 127
L 656.3749, 152.6250, 96.6260,  656.3749, 125.6250, 85.6260,  64, 64, 64
L 659.3749, 152.6250, 96.6260,  656.3749, 152.6250, 96.6260,  64, 64, 64
L 659.3749, 157.3750, 96.6260,  659.3749, 152.6250, 96.6260,  64, 64, 64
L 671.6249, 152.6250, 96.6260,  671.6250, 125.6250, 85.6260,  64, 64, 64
L 668.6250, 152.6250, 96.6260,  671.6249, 152.6250, 96.6260,  64, 64, 64
L 668.6249, 157.3750, 96.6260,  668.6250, 152.6250, 96.6260,  64, 64, 64
L 671.2848, 157.3750, 96.6260,  668.6249, 157.3750, 96.6260,  64, 64, 64
L 671.2849, 156.3750, 96.6261,  671.2848, 157.3750, 96.6294,  64, 64, 64
L 820.3749, 156.3754, 96.6260,  671.2849, 156.3750, 96.6261,  64, 64, 64
L 820.3749, -156.3750, 96.6260,  820.3749, 156.3754, 96.6260,  64, 64, 64
L 507.6250, -156.3750, 96.6260,  820.3749, -156.3750, 96.6260,  64, 64, 64
L 507.6250, -7.3220, 96.6521,  507.6250, -156.3750, 96.6260,  64, 64, 64
L 506.6250, -7.3274, 96.6266,  507.6250, -7.3220, 96.6521,  64, 64, 64
L 506.6250, -4.6250, 96.6260,  506.6250, -7.3274, 96.6260,  64, 64, 64
L 536.3621, 7.6250, 85.6260,  536.3749, -7.6250, 85.6260,  127, 127, 127
L 534.3646, -7.6250, 86.6260,  534.3632, 7.6250, 86.6260,  127, 127, 127
L 532.3749, 7.6250, 87.6260,  532.3641, -7.6250, 87.6508,  127, 127, 127
L 530.3749, -7.6250, 88.6260,  530.3749, 7.6250, 88.6260,  127, 127, 127
L 528.3749, 7.6250, 89.6261,  528.3749, -7.6250, 89.6260,  127, 127, 127
L 526.3749, -7.6250, 90.6260,  526.3745, 7.6250, 90.6260,  127, 127, 127
L 524.3749, 7.6250, 91.6260,  524.3745, -7.6250, 91.6260,  127, 127, 127
L 522.3748, -7.6250, 92.6260,  522.3748, 7.6250, 92.6260,  127, 127, 127
L 520.3749, 7.6250, 93.6260,  520.3749, -7.6250, 93.6260,  127, 127, 127
L 518.3744, -7.6250, 94.6260,  518.3748, 7.6250, 94.6260,  127, 127, 127
L 516.3744, 7.6250, 95.6403,  516.3741, -7.6250, 95.6260,  127, 127, 127
L 513.3749, 7.6250, 96.6260,  538.3741, 7.6250, 85.6260,  64, 64, 64
L 513.3749, 4.6250, 96.6260,  513.3749, 7.6250, 96.6260,  127, 127, 127
L 506.6240, 4.6250, 96.6260,  513.3749, 4.6250, 96.6260,  64, 64, 64
L 513.3749, -7.6250, 96.6260,  538.3740, -7.6250, 85.6260,  64, 64, 64
L 513.3749, -4.6250, 96.6260,  513.3749, -7.6250, 96.6260,  127, 127, 127
L 506.6250, -4.6250, 96.6260,  513.3749, -4.6250, 96.6260,  64, 64, 64
L 522.6213, -115.3750, 84.6260,  522.6296, -110.6250, 84.6260,  64, 64, 64
L 538.6250, -115.3748, 84.6260,  522.6213, -115.3750, 84.6260,  64, 64, 64
L 538.6245, -139.3750, 84.6260,  538.6250, -115.3748, 84.6260,  64, 64, 64
L 543.3749, -139.3750, 84.6260,  538.6245, -139.3750, 84.6260,  64, 64, 64
L 543.3750, -110.6250, 84.6260,  543.3749, -139.3750, 84.6260,  64, 64, 64
L 522.6296, -110.6250, 84.6260,  543.3750, -110.6250, 84.6260,  64, 64, 64
L 803.3749, 125.3750, 84.6260,  803.3749, 120.6250, 84.6260,  64, 64, 64
L 779.3749, 125.3750, 84.6260,  803.3749, 125.3750, 84.6260,  64, 64, 64
L 779.3759, 141.3750, 84.6260,  779.3749, 125.3750, 84.6260,  64, 64, 64
L 774.6250, 141.3750, 84.6260,  779.3759, 141.3750, 84.6260,  64, 64, 64
L 774.6248, 120.6250, 84.6260,  774.6250, 141.3750, 84.6260,  64, 64, 64
L 803.3749, 120.6250, 84.6260,  774.6248, 120.6250, 84.6260,  64, 64, 64
L 722.4695, -81.9998, 84.6260,  744.0000, -60.4694, 84.6260,  64, 64, 64
L 738.6250, -98.1552, 84.6260,  722.4695, -81.9998, 84.6260,  64, 64, 64
L 738.6249, -151.6253, 84.6260,  738.6250, -98.1552, 84.6260,  64, 64, 64
L 512.3740, -151.6250, 84.6260,  738.6249, -151.6253, 84.6260,  64, 64, 64
L 512.3749, -84.3750, 84.6260,  512.3740, -151.6250, 84.6260,  64, 64, 64
L 544.3749, -84.3750, 84.6260,  512.3749, -84.3750, 84.6260,  64, 64, 64
L 544.3749, -55.3213, 84.6478,  544.3749, -84.3750, 84.6260,  64, 64, 64
L 545.3749, -55.3256, 84.6260,  544.3749, -55.3213, 84.6478,  64, 64, 64
L 545.3749, -52.6250, 84.6260,  545.3749, -55.3256, 84.6260,  64, 64, 64
L 538.6250, -52.6246, 84.6260,  545.3749, -52.6250, 84.6260,  64, 64, 64
L 538.6250, -55.3233, 84.6260,  538.6250, -52.6246, 84.6260,  64, 64, 64
L 539.6250, -55.3231, 84.6260,  538.6250, -55.3233, 84.6260,  64, 64, 64
L 539.6249, -77.1251, 84.6260,  539.6250, -55.3231, 84.6260,  64, 64, 64
L 512.3749, -77.1248, 84.6260,  539.6249, -77.1251, 84.6260,  64, 64, 64
L 512.3749, -18.8246, 84.6260,  512.3749, -77.1248, 84.6260,  64, 64, 64
L 539.6250, -18.8246, 84.6260,  512.3749, -18.8246, 84.6260,  64, 64, 64
L 539.6250, -40.6784, 84.6456,  539.6250, -18.8246, 84.6260,  64, 64, 64
L 538.6250, -40.6756, 84.6260,  539.6250, -40.6784, 84.6456,  64, 64, 64
L 538.6250, -43.3750, 84.6260,  538.6250, -40.6756, 84.6260,  64, 64, 64
L 545.3749, -43.3753, 84.6260,  538.6250, -43.3750, 84.6260,  64, 64, 64
L 545.3749, -40.6497, 84.6260,  545.3749, -43.3753, 84.6260,  64, 64, 64
L 544.3749, -40.7165, 84.6260,  545.3749, -40.6497, 84.6260,  64, 64, 64
L 544.3749, -11.6250, 84.6260,  544.3749, -40.7165, 84.6260,  64, 64, 64
L 538.3740, -11.6250, 84.6260,  544.3749, -11.6250, 84.6260,  64, 64, 64
L 538.3745, 11.6250, 84.6260,  538.3740, -11.6250, 84.6260,  64, 64, 64
L 544.3749, 11.6250, 84.6260,  538.3745, 11.6250, 84.6260,  64, 64, 64
L 544.3745, 40.6777, 84.6477,  544.3749, 11.6250, 84.6260,  64, 64, 64
L 545.3749, 40.6745, 84.6260,  544.3745, 40.6777, 84.6477,  64, 64, 64
L 545.3749, 43.3750, 84.6260,  545.3749, 40.6745, 84.6260,  64, 64, 64
L 538.6250, 43.3751, 84.6260,  545.3749, 43.3750, 84.6260,  64, 64, 64
L 538.6250, 40.6662, 84.6260,  538.6250, 43.3751, 84.6260,  64, 64, 64
L 539.6250, 40.7149, 84.6260,  538.6250, 40.6662, 84.6260,  64, 64, 64
L 539.6248, 18.8750, 84.6260,  539.6250, 40.7149, 84.6260,  64, 64, 64
L 512.3749, 18.8746, 84.6260,  539.6248, 18.8750, 84.6260,  64, 64, 64
L 512.3750, 77.1253, 84.6260,  512.3749, 18.8746, 84.6260,  64, 64, 64
L 539.6250, 77.1253, 84.6260,  512.3750, 77.1253, 84.6260,  64, 64, 64
L 539.6250, 55.3220, 84.6504,  539.6250, 77.1253, 84.6260,  64, 64, 64
L 538.6250, 55.3252, 84.6269,  539.6250, 55.3220, 84.6504,  64, 64, 64
L 538.6250, 52.6250, 84.6260,  538.6250, 55.3252, 84.6260,  64, 64, 64
L 545.3749, 52.6248, 84.6260,  538.6250, 52.6250, 84.6260,  64, 64, 64
L 545.3749, 55.2832, 84.6260,  545.3749, 52.6248, 84.6260,  64, 64, 64
L 544.3749, 55.2850, 84.6260,  545.3749, 55.2832, 84.6403,  64, 64, 64
L 544.3754, 84.3750, 84.6260,  544.3749, 55.2850, 84.6260,  64, 64, 64
L 512.3749, 84.3750, 84.6260,  544.3754, 84.3750, 84.6260,  64, 64, 64
L 512.3749, 151.6250, 84.6260,  512.3749, 84.3750, 84.6260,  64, 64, 64
L 579.6249, 151.6250, 84.6260,  512.3749, 151.6250, 84.6260,  64, 64, 64
L 579.6249, 119.6250, 84.6260,  579.6249, 151.6250, 84.6260,  64, 64, 64
L 608.6775, 119.6250, 84.6461,  579.6249, 119.6250, 84.6260,  64, 64, 64
L 608.6731, 118.6291, 84.6260,  608.6775, 119.6250, 84.6461,  64, 64, 64
L 611.3691, 118.6240, 84.6260,  608.6731, 118.6291, 84.6260,  64, 64, 64
L 611.3752, 125.3750, 84.6260,  611.3691, 118.6240, 84.6260,  64, 64, 64
L 608.6760, 125.3750, 84.6260,  611.3752, 125.3750, 84.6260,  64, 64, 64
L 608.6757, 124.3748, 84.6260,  608.6760, 125.3750, 84.6260,  64, 64, 64
L 586.8744, 124.3750, 84.6260,  608.6757, 124.3748, 84.6260,  64, 64, 64
L 586.8744, 151.6250, 84.6260,  586.8744, 124.3750, 84.6260,  64, 64, 64
L 644.3750, 151.6250, 84.6260,  586.8744, 151.6250, 84.6260,  64, 64, 64
L 644.3752, 124.3750, 84.6260,  644.3750, 151.6250, 84.6260,  64, 64, 64
L 623.3224, 124.3750, 84.6460,  644.3752, 124.3750, 84.6260,  64, 64, 64
L 623.3246, 125.3750, 84.6311,  623.3224, 124.3750, 84.6460,  64, 64, 64
L 620.6249, 125.3750, 84.6260,  623.3246, 125.3750, 84.6260,  64, 64, 64
L 620.6249, 118.6250, 84.6260,  620.6249, 125.3750, 84.6260,  64, 64, 64
L 623.3246, 118.6250, 84.6260,  620.6249, 118.6250, 84.6260,  64, 64, 64
L 623.3230, 119.6250, 84.6260,  623.3246, 118.6250, 84.6290,  64, 64, 64
L 652.3750, 119.6250, 84.6260,  623.3230, 119.6250, 84.6260,  64, 64, 64
L 652.3749, 125.6250, 84.6260,  652.3750, 119.6250, 84.6260,  64, 64, 64
L 675.6250, 125.6250, 84.6260,  652.3749, 125.6250, 84.6260,  64, 64, 64
L 675.6250, 119.6250, 84.6260,  675.6250, 125.6250, 84.6260,  64, 64, 64
L 704.6757, 119.6252, 84.6260,  675.6250, 119.6250, 84.6260,  64, 64, 64
L 704.6757, 118.6256, 84.6260,  704.6757, 119.6252, 84.6260,  64, 64, 64
L 707.3749, 118.6247, 84.6260,  704.6757, 118.6256, 84.6260,  64, 64, 64
L 707.3749, 125.3750, 84.6260,  707.3749, 118.6247, 84.6260,  64, 64, 64
L 704.6760, 125.3750, 84.6260,  707.3749, 125.3750, 84.6260,  64, 64, 64
L 704.6752, 124.3748, 84.6260,  704.6760, 125.3750, 84.6260,  64, 64, 64
L 682.3243, 124.3750, 84.6260,  704.6752, 124.3748, 84.6260,  64, 64, 64
L 682.4175, 151.6250, 84.6260,  682.3243, 124.3750, 84.6260,  64, 64, 64
L 741.6005, 151.6250, 84.6260,  682.4175, 151.6250, 84.6260,  64, 64, 64
L 741.6006, 124.3746, 84.6260,  741.6005, 151.6250, 84.6260,  64, 64, 64
L 719.3227, 124.3748, 84.6496,  741.6006, 124.3746, 84.6260,  64, 64, 64
L 719.3264, 125.3748, 84.6265,  719.3227, 124.3748, 84.6496,  64, 64, 64
L 716.6250, 125.3750, 84.6260,  719.3264, 125.3748, 84.6260,  64, 64, 64
L 716.6248, 118.6250, 84.6260,  716.6250, 125.3750, 84.6260,  64, 64, 64
L 719.3428, 118.6250, 84.6260,  716.6248, 118.6250, 84.6260,  64, 64, 64
L 719.2839, 119.6250, 84.6266,  719.3428, 118.6250, 84.6270,  64, 64, 64
L 748.3749, 119.6250, 84.6260,  719.2839, 119.6250, 84.6266,  64, 64, 64
L 748.3749, 151.6250, 84.6260,  748.3749, 119.6250, 84.6260,  64, 64, 64
L 815.6250, 151.6250, 84.6260,  748.3749, 151.6250, 84.6260,  64, 64, 64
L 815.6250, -76.6250, 84.6260,  815.6250, 151.6250, 84.6260,  64, 64, 64
L 760.1544, -76.6250, 84.6260,  815.6250, -76.6250, 84.6260,  64, 64, 64
L 744.0000, -60.4694, 84.6260,  760.1544, -76.6250, 84.6260,  64, 64, 64
L 643.6355, -27.6250, 57.6259,  658.3750, -27.6250, 57.6259,  127, 127, 127
L 658.3755, -29.6250, 58.6259,  643.6340, -29.6250, 58.6259,  127, 127, 127
L 643.6323, -31.6250, 59.6259,  658.3762, -31.6250, 59.6259,  127, 127, 127
L 658.3766, -33.6250, 60.6259,  643.6308, -33.6250, 60.6259,  127, 127, 127
L 643.6292, -35.6250, 61.6259,  658.3772, -35.6250, 61.6259,  127, 127, 127
L 658.3777, -37.6250, 62.6259,  643.6277, -37.6250, 62.6259,  127, 127, 127
L 643.6262, -39.6250, 63.6259,  658.3782, -39.6250, 63.6259,  127, 127, 127
L 658.3787, -41.6250, 64.6260,  643.6249, -41.6250, 64.6260,  127, 127, 127
L 643.6249, -43.6250, 65.6260,  658.3792, -43.6250, 65.6260,  127, 127, 127
L 658.3799, -45.6250, 66.6260,  643.6099, -45.6250, 66.6260,  127, 127, 127
L 644.5974, -49.6786, 67.6260,  659.2145, -47.5904, 67.6260,  127, 127, 127
L 659.8328, -48.6576, 68.6260,  645.5057, -52.7511, 68.6260,  127, 127, 127
L 648.4673, -56.9236, 69.6260,  660.3849, -48.5082, 69.6260,  127, 127, 127
L 659.7161, -48.7426, 70.6259,  651.5080, -60.3840, 70.6260,  127, 127, 127
L 655.5937, -63.5720, 71.6260,  659.6823, -48.7672, 71.6260,  127, 127, 127
L 660.7269, -49.1822, 72.6260,  658.6031, -64.1243, 72.6260,  127, 127, 127
L 662.6249, -65.2319, 73.6260,  662.6249, -50.3932, 73.6260,  127, 127, 127
L 664.6249, -50.6250, 74.6260,  664.6248, -65.3750, 74.6260,  127, 127, 127
L 666.6250, -65.3750, 75.6260,  666.6250, -50.6250, 75.6260,  127, 127, 127
L 668.6250, -50.6250, 76.6260,  668.6250, -65.3750, 76.6260,  127, 127, 127
L 670.6250, -65.3750, 77.6260,  670.6249, -50.6250, 77.6260,  127, 127, 127
L 672.6249, -50.6250, 78.6260,  672.6249, -65.3748, 78.6260,  127, 127, 127
L 674.6250, -65.3748, 79.6260,  674.6250, -50.6250, 79.6260,  127, 127, 127
L 676.6249, -50.6250, 80.6260,  676.6249, -65.3748, 80.6260,  127, 127, 127
L 678.6250, -65.3748, 81.6260,  678.6250, -50.6250, 81.6260,  127, 127, 127
L 680.6249, -50.6250, 82.6260,  680.6249, -65.3748, 82.6260,  127, 127, 127
L 682.6248, -65.3748, 83.6260,  682.6249, -50.6250, 83.6260,  127, 127, 127
L 689.6250, 3.6248, 57.6259,  689.6249, 18.3752, 57.6259,  127, 127, 127
L 691.6249, 3.6248, 58.6259,  691.6248, 18.3752, 58.6259,  127, 127, 127
L 693.6250, 18.3751, 59.6259,  693.6249, 3.6248, 59.6259,  127, 127, 127
L 695.6249, 3.6248, 60.6259,  695.6248, 18.3751, 60.6259,  127, 127, 127
L 697.6249, 18.3751, 61.6259,  697.6249, 3.6248, 61.6259,  127, 127, 127
L 699.6249, 3.6248, 62.6259,  699.6248, 18.3750, 62.6259,  127, 127, 127
L 701.6249, 18.3750, 63.6259,  701.6249, 3.6248, 63.6259,  127, 127, 127
L 703.6250, 3.6250, 64.6260,  703.6250, 18.3750, 64.6260,  127, 127, 127
L 705.6249, 18.3750, 65.6260,  705.6249, 3.6250, 65.6260,  127, 127, 127
L 707.6250, 3.6250, 66.6260,  707.6250, 18.3750, 66.6260,  127, 127, 127
L 711.6666, 17.3189, 67.6260,  709.5703, 2.6453, 67.6260,  127, 127, 127
L 710.6575, 2.1669, 68.6260,  714.7397, 16.4544, 68.6260,  127, 127, 127
L 722.6700, 10.4687, 70.6260,  710.4243, 2.4510, 70.6260,  127, 127, 127
L 710.5254, 1.9855, 69.6260,  718.8519, 13.4341, 69.6260,  127, 127, 127
L 725.1128, 6.4222, 71.6260,  710.8329, 2.3424, 71.6260,  127, 127, 127
L 711.2042, 1.2650, 72.6260,  726.2289, 3.4115, 72.6260,  127, 127, 127
L 727.2273, -0.6250, 73.6260,  713.6470, -0.6250, 73.6260,  127, 127, 127
L 713.6620, -2.6250, 74.6260,  727.3749, -2.6250, 74.6260,  127, 127, 127
L 727.3749, -4.6250, 75.6260,  713.5044, -4.6250, 75.6260,  127, 127, 127
L 713.3926, -6.6250, 76.6260,  727.3748, -6.6250, 76.6260,  127, 127, 127
L 727.3748, -8.6250, 77.6260,  713.5714, -8.6250, 77.6260,  127, 127, 127
L 713.5139, -10.6250, 78.6260,  727.3746, -10.6250, 78.6260,  127, 127, 127
L 727.3745, -12.6250, 79.6260,  713.4709, -12.6250, 79.6260,  127, 127, 127
L 713.5412, -14.6250, 80.6260,  727.3745, -14.6250, 80.6260,  127, 127, 127
L 727.3745, -16.6250, 81.6260,  713.6072, -16.6250, 81.6260,  127, 127, 127
L 713.6580, -18.6250, 82.6260,  727.3745, -18.6250, 82.6260,  127, 127, 127
L 727.3744, -20.6250, 83.6260,  713.5773, -20.6250, 83.6260,  127, 127, 127
L 726.6245, -53.3750, 84.6260,  726.6250, -22.6250, 84.6260,  64, 64, 64
L 803.3749, -53.3750, 84.6260,  726.6245, -53.3750, 84.6260,  64, 64, 64
L 803.3750, 36.3750, 84.6260,  803.3749, -53.3750, 84.6260,  64, 64, 64
L 625.6249, 36.3751, 84.6260,  803.3750, 36.3750, 84.6260,  64, 64, 64
L 625.6248, -141.3750, 84.6260,  625.6249, 36.3751, 84.6260,  64, 64, 64
L 715.3749, -141.3752, 84.6260,  625.6248, -141.3750, 84.6260,  64, 64, 64
L 715.3750, -64.6250, 84.6260,  715.3749, -141.3752, 84.6260,  64, 64, 64
L 684.6250, -64.6250, 84.6260,  715.3750, -64.6250, 84.6260,  64, 64, 64
L 684.6249, -46.8447, 84.6260,  684.6249, -51.3750, 84.6260,  64, 64, 64
L 708.8441, -22.6250, 84.6260,  684.6249, -46.8447, 84.6260,  64, 64, 64
L 713.3749, -22.6248, 84.6260,  708.8441, -22.6250, 84.6260,  64, 64, 64
L 713.3749, -26.3750, 84.6260,  713.3749, -22.6248, 84.6260,  64, 64, 64
L 712.1553, -26.3750, 84.6260,  713.3749, -26.3750, 84.6260,  64, 64, 64
L 688.3749, -50.1552, 84.6260,  712.1553, -26.3750, 84.6260,  64, 64, 64
L 688.3749, -51.3750, 84.6260,  688.3749, -50.1552, 84.6260,  64, 64, 64
L 684.6249, -51.3750, 84.6260,  688.3749, -51.3750, 84.6260,  64, 64, 64
L 512.3749, 7.6247, 56.6259,  475.7305, 7.6250, 56.6259,  64, 64, 64
L 512.3740, 25.6250, 56.6259,  512.3749, 7.6247, 56.6259,  64, 64, 64
L 591.8445, 25.6250, 56.6259,  512.3740, 25.6250, 56.6259,  64, 64, 64
L 607.6250, 9.8446, 56.6259,  591.8445, 25.6250, 56.6259,  64, 64, 64
L 607.6250, 7.3253, 56.6509,  607.6250, 9.8446, 56.6259,  64, 64, 64
L 606.6250, 7.3291, 56.6259,  607.6250, 7.3253, 56.6509,  64, 64, 64
L 606.6250, 4.6250, 56.6259,  606.6250, 7.3291, 56.6259,  64, 64, 64
L 617.3749, 4.6247, 56.6259,  606.6250, 4.6250, 56.6259,  64, 64, 64
L 617.3749, 7.3362, 56.6259,  617.3749, 4.6247, 56.6259,  64, 64, 64
L 616.3749, 7.2906, 56.6259,  617.3749, 7.3362, 56.6266,  64, 64, 64
L 616.3749, 9.8445, 56.6259,  616.3749, 7.2906, 56.6259,  64, 64, 64
L 652.1547, 45.6250, 56.6259,  616.3749, 9.8445, 56.6259,  64, 64, 64
L 654.6740, 45.6250, 56.6428,  652.1547, 45.6250, 56.6259,  64, 64, 64
L 654.6769, 44.6420, 56.6259,  654.6740, 45.6250, 56.6428,  64, 64, 64
L 657.3748, 44.6212, 56.6259,  654.6769, 44.6420, 56.6259,  64, 64, 64
L 657.3749, 55.3750, 56.6259,  657.3748, 44.6212, 56.6259,  64, 64, 64
L 654.6453, 55.3750, 56.6259,  657.3749, 55.3750, 56.6259,  64, 64, 64
L 654.7093, 54.3746, 56.6259,  654.6453, 55.3750, 56.6259,  64, 64, 64
L 652.1553, 54.3748, 56.6259,  654.7093, 54.3746, 56.6259,  64, 64, 64
L 636.3749, 70.1552, 56.6259,  652.1553, 54.3748, 56.6259,  64, 64, 64
L 636.3746, 151.6250, 56.6259,  636.3749, 70.1552, 56.6259,  64, 64, 64
L 656.3749, 151.6250, 56.6259,  636.3746, 151.6250, 56.6259,  64, 64, 64
L 656.3749, 188.2717, 56.6259,  656.3749, 151.6250, 56.6259,  64, 64, 64
L 671.6245, 151.6250, 56.6259,  671.6250, 188.1485, 56.6259,  64, 64, 64
L 687.6250, 151.6250, 56.6259,  671.6245, 151.6250, 56.6259,  64, 64, 64
L 687.6250, 100.3271, 56.6259,  687.6250, 151.6250, 56.6259,  64, 64, 64
L 686.6250, 100.3268, 56.6296,  687.6250, 100.3271, 56.6259,  64, 64, 64
L 686.6249, 97.6250, 56.6259,  686.6250, 100.3268, 56.6259,  64, 64, 64
L 693.3749, 97.6247, 56.6259,  686.6249, 97.6250, 56.6259,  64, 64, 64
L 693.3749, 100.3269, 56.6259,  693.3749, 97.6247, 56.6259,  64, 64, 64
L 692.3749, 100.3272, 56.6259,  693.3749, 100.3269, 56.6276,  64, 64, 64
L 692.3749, 101.6250, 56.6259,  692.3749, 100.3272, 56.6259,  64, 64, 64
L 716.6742, 101.6251, 56.6445,  692.3749, 101.6250, 56.6259,  64, 64, 64
L 716.6680, 100.6250, 56.6272,  716.6742, 101.6251, 56.6445,  64, 64, 64
L 719.3749, 100.6250, 56.6259,  716.6680, 100.6250, 56.6259,  64, 64, 64
L 719.3751, 107.3750, 56.6259,  719.3749, 100.6250, 56.6259,  64, 64, 64
L 716.7093, 107.3750, 56.6259,  719.3751, 107.3750, 56.6259,  64, 64, 64
L 716.7093, 106.3750, 56.6259,  716.7093, 107.3750, 56.6259,  64, 64, 64
L 692.3749, 106.3750, 56.6259,  716.7093, 106.3750, 56.6259,  64, 64, 64
L 692.3749, 151.6250, 56.6259,  692.3749, 106.3750, 56.6259,  64, 64, 64
L 753.6250, 151.6250, 56.6259,  692.3749, 151.6250, 56.6259,  64, 64, 64
L 753.6250, 106.3748, 56.6259,  753.6250, 151.6250, 56.6259,  64, 64, 64
L 731.3253, 106.3750, 56.6480,  753.6250, 106.3748, 56.6259,  64, 64, 64
L 731.3282, 107.3750, 56.6278,  731.3253, 106.3750, 56.6480,  64, 64, 64
L 728.6250, 107.3750, 56.6259,  731.3282, 107.3750, 56.6259,  64, 64, 64
L 728.6248, 100.6387, 56.6259,  728.6250, 107.3750, 56.6259,  64, 64, 64
L 731.3550, 100.6206, 56.6259,  728.6248, 100.6387, 56.6259,  64, 64, 64
L 731.2894, 101.6250, 56.6259,  731.3550, 100.6206, 56.6259,  64, 64, 64
L 780.6740, 101.6251, 56.6428,  731.2894, 101.6250, 56.6259,  64, 64, 64
L 780.6707, 100.6250, 56.6289,  780.6740, 101.6251, 56.6428,  64, 64, 64
L 783.3749, 100.6247, 56.6259,  780.6707, 100.6250, 56.6259,  64, 64, 64
L 783.3750, 107.3750, 56.6259,  783.3749, 100.6247, 56.6259,  64, 64, 64
L 780.7591, 107.3750, 56.6259,  783.3750, 107.3750, 56.6259,  64, 64, 64
L 780.7093, 106.3750, 56.6259,  780.7591, 107.3750, 56.6259,  64, 64, 64
L 758.3749, 106.3750, 56.6259,  780.7093, 106.3750, 56.6259,  64, 64, 64
L 758.3745, 151.6250, 56.6259,  758.3749, 106.3750, 56.6259,  64, 64, 64
L 815.6250, 151.6250, 56.6259,  758.3745, 151.6250, 56.6259,  64, 64, 64
L 815.6250, 106.3750, 56.6259,  815.6250, 151.6250, 56.6259,  64, 64, 64
L 795.3268, 106.3750, 56.6313,  815.6250, 106.3750, 56.6259,  64, 64, 64
L 795.3270, 106.3750, 56.6259,  795.3270, 107.3721, 56.6272,  64, 64, 64
L 792.6250, 107.3759, 56.6259,  795.3270, 107.3721, 56.6261,  64, 64, 64
L 792.6250, 100.6250, 56.6259,  792.6250, 107.3759, 56.6259,  64, 64, 64
L 795.3278, 100.6250, 56.6259,  792.6250, 100.6250, 56.6259,  64, 64, 64
L 795.3264, 101.6250, 56.6259,  795.3278, 100.6250, 56.6259,  64, 64, 64
L 815.6250, 101.6250, 56.6259,  795.2899, 101.6250, 56.6259,  64, 64, 64
L 815.6250, 84.3750, 56.6259,  815.6250, 101.6250, 56.6259,  64, 64, 64
L 692.3749, 84.3750, 56.6259,  815.6250, 84.3750, 56.6259,  64, 64, 64
L 692.3740, 85.6745, 56.6492,  692.3749, 84.3750, 56.6259,  64, 64, 64
L 693.3748, 85.6701, 56.6259,  692.3740, 85.6745, 56.6492,  64, 64, 64
L 693.3749, 88.3750, 56.6259,  693.3748, 85.6701, 56.6259,  64, 64, 64
L 686.6250, 88.3751, 56.6259,  693.3749, 88.3750, 56.6259,  64, 64, 64
L 686.6250, 85.7360, 56.6259,  686.6250, 88.3751, 56.6259,  64, 64, 64
L 687.6250, 85.6727, 56.6259,  686.6250, 85.7360, 56.6259,  64, 64, 64
L 687.6250, 70.1551, 56.6259,  687.6250, 85.6727, 56.6259,  64, 64, 64
L 671.8445, 54.3748, 56.6259,  687.6250, 70.1551, 56.6259,  64, 64, 64
L 669.3259, 54.3750, 56.6433,  671.8445, 54.3748, 56.6259,  64, 64, 64
L 669.3274, 55.3750, 56.6334,  669.3259, 54.3750, 56.6433,  64, 64, 64
L 666.6250, 55.3750, 56.6259,  669.3274, 55.3750, 56.6259,  64, 64, 64
L 666.6250, 44.6250, 56.6259,  666.6250, 55.3750, 56.6259,  64, 64, 64
L 669.3246, 44.6250, 56.6259,  666.6250, 44.6250, 56.6259,  64, 64, 64
L 669.3260, 45.6250, 56.6259,  669.3246, 44.6250, 56.6403,  64, 64, 64
L 671.8445, 45.6250, 56.6259,  669.3260, 45.6250, 56.6259,  64, 64, 64
L 687.8445, 29.6250, 56.6259,  671.8445, 45.6250, 56.6259,  64, 64, 64
L 796.6250, 29.6250, 56.6259,  687.8445, 29.6250, 56.6259,  64, 64, 64
L 796.6250, -46.6250, 56.6259,  796.6250, 29.6250, 56.6259,  64, 64, 64
L 731.3749, -46.6250, 56.6259,  796.6250, -46.6250, 56.6259,  64, 64, 64
L 731.3750, -22.6250, 56.6259,  731.3749, -46.6250, 56.6259,  64, 64, 64
L 726.6250, -22.6250, 56.6259,  731.3750, -22.6250, 56.6259,  64, 64, 64
L 727.3749, -3.9750, 56.6259,  727.3741, -22.6250, 56.6259,  64, 64, 64
L 727.3750, -1.3875, 56.9000,  727.3749, -3.9750, 56.9000,  64, 64, 64
L 726.5258, 2.4438, 56.9000,  727.3750, -1.3875, 56.9000,  64, 64, 64
L 725.4293, 5.9885, 56.9000,  726.5258, 2.4438, 56.9000,  64, 64, 64
L 722.6381, 9.7745, 56.9000,  725.4293, 5.9885, 56.9000,  64, 64, 64
L 720.2264, 12.3042, 56.9000,  722.6381, 9.7745, 56.9000,  64, 64, 64
L 715.2718, 16.3048, 56.9000,  720.2264, 12.3042, 56.9000,  64, 64, 64
L 707.9127, 18.3750, 56.6259,  715.2718, 16.3048, 56.9000,  64, 64, 64
L 687.6249, 18.3753, 56.6259,  707.9127, 18.3750, 56.6259,  64, 64, 64
L 687.6248, 3.6248, 56.6259,  687.6249, 18.3753, 56.6259,  127, 127, 127
L 707.9113, 3.6250, 56.6259,  687.6248, 3.6248, 56.6259,  64, 64, 64
L 708.7836, 3.1888, 56.9000,  707.9113, 3.6250, 56.9000,  64, 64, 64
L 710.5254, 1.9855, 56.9000,  708.7836, 3.1888, 56.9000,  64, 64, 64
L 711.6540, 0.8154, 56.9000,  710.4243, 2.4510, 56.9000,  64, 64, 64
L 712.6249, -1.8830, 56.6259,  711.6540, 0.8154, 56.9000,  64, 64, 64
L 712.6250, -22.6250, 56.6259,  712.6249, -1.8830, 56.6259,  64, 64, 64
L 708.8445, -22.6250, 56.6259,  712.6250, -22.6250, 56.6259,  64, 64, 64
L 684.6249, -46.8444, 56.6259,  708.8445, -22.6250, 56.6259,  64, 64, 64
L 684.6250, -50.6250, 56.6259,  684.6249, -46.8444, 56.6259,  64, 64, 64
L 663.8840, -50.6250, 56.6259,  684.6250, -50.6250, 56.6259,  64, 64, 64
L 662.1775, -50.1694, 56.9000,  663.8840, -50.6250, 56.9000,  64, 64, 64
L 660.6827, -49.1522, 56.9000,  662.1775, -50.1694, 56.9000,  64, 64, 64
L 659.3082, -47.7779, 56.9000,  660.6827, -49.1522, 56.9000,  64, 64, 64
L 658.3799, -45.9215, 56.6259,  659.3082, -47.7779, 56.9000,  64, 64, 64
L 658.3745, -25.6250, 56.6259,  658.3799, -45.9215, 56.6259,  64, 64, 64
L 643.6371, -25.6249, 56.6259,  658.3745, -25.6250, 56.6259,  127, 127, 127
L 643.6250, -41.2757, 56.6259,  643.6371, -25.6249, 56.6259,  64, 64, 64
L 643.6064, -45.9823, 56.9000,  643.6250, -41.2757, 56.9000,  64, 64, 64
L 645.8400, -51.2109, 56.6259,  643.6064, -45.9823, 56.9000,  64, 64, 64
L 645.6285, -53.1321, 56.9000,  645.8400, -51.2109, 56.9000,  64, 64, 64
L 648.4965, -56.9540, 56.9000,  645.6285, -53.1321, 56.9000,  64, 64, 64
L 651.4633, -59.9936, 56.9000,  648.4965, -56.9540, 56.9000,  64, 64, 64
L 654.5782, -62.4025, 56.9000,  651.5121, -60.3260, 56.9000,  64, 64, 64
L 656.2390, -63.4731, 56.9000,  654.5782, -62.4025, 56.9000,  64, 64, 64
L 663.1440, -65.3750, 56.6259,  656.2390, -63.4731, 56.9000,  64, 64, 64
L 684.6249, -65.3748, 56.6259,  663.1440, -65.3750, 56.6259,  64, 64, 64
L 684.6250, -69.3750, 56.6259,  684.6250, -64.6250, 56.6259,  64, 64, 64
L 708.6250, -69.3750, 56.6259,  684.6250, -69.3750, 56.6259,  64, 64, 64
L 708.6250, -134.6250, 56.6259,  708.6250, -69.3750, 56.6259,  64, 64, 64
L 632.3749, -134.6250, 56.6259,  708.6250, -134.6250, 56.6259,  64, 64, 64
L 632.3752, -25.8449, 56.6259,  632.3749, -134.6250, 56.6259,  64, 64, 64
L 616.3749, -9.8446, 56.6259,  632.3752, -25.8449, 56.6259,  64, 64, 64
L 616.3749, -7.3258, 56.6439,  616.3749, -9.8446, 56.6259,  64, 64, 64
L 617.3749, -7.3281, 56.6259,  616.3749, -7.3258, 56.6439,  64, 64, 64
L 617.3749, -4.6250, 56.6259,  617.3749, -7.3281, 56.6259,  64, 64, 64
L 606.6250, -4.6250, 56.6259,  617.3749, -4.6250, 56.6259,  64, 64, 64
L 606.6250, -7.3272, 56.6259,  606.6250, -4.6250, 56.6259,  64, 64, 64
L 607.6250, -7.3270, 56.6259,  606.6250, -7.3272, 56.6259,  64, 64, 64
L 607.6249, -9.8449, 56.6259,  607.6250, -7.3270, 56.6259,  64, 64, 64
L 591.8445, -25.6250, 56.6259,  607.6249, -9.8449, 56.6259,  64, 64, 64
L 578.3253, -25.6250, 56.6471,  591.8445, -25.6250, 56.6259,  64, 64, 64
L 578.3286, -24.6250, 56.6268,  578.3253, -25.6250, 56.6471,  64, 64, 64
L 575.6299, -24.6250, 56.6259,  578.3286, -24.6250, 56.6259,  64, 64, 64
L 575.6244, -31.3658, 56.6259,  575.6299, -24.6250, 56.6259,  64, 64, 64
L 578.3115, -31.3773, 56.6259,  575.6244, -31.3658, 56.6259,  64, 64, 64
L 578.3270, -30.3750, 56.6259,  578.3115, -31.3773, 56.6268,  64, 64, 64
L 579.6250, -30.3750, 56.6259,  578.3270, -30.3750, 56.6259,  64, 64, 64
L 579.6250, -151.6250, 56.6259,  579.6250, -30.3750, 56.6259,  64, 64, 64
L 562.3741, -151.6250, 56.6259,  579.6250, -151.6250, 56.6259,  64, 64, 64
L 562.3749, -133.3272, 56.6261,  562.3741, -151.6250, 56.6259,  64, 64, 64
L 563.3749, -133.3269, 56.6272,  562.3749, -133.3272, 56.6261,  64, 64, 64
L 563.3749, -130.6250, 56.6259,  563.3749, -133.3269, 56.6259,  64, 64, 64
L 556.6250, -130.6250, 56.6259,  563.3749, -130.6250, 56.6259,  64, 64, 64
L 556.6250, -130.6250, 56.6259,  556.6249, -133.1451, 56.6259,  64, 64, 64
L 557.8125, -133.1442, 56.3235,  557.8125, -151.6253, 56.3134,  64, 64, 64
L 557.8125, -133.1450, 56.3134,  556.6249, -133.1451, 56.3147,  64, 64, 64
L 556.6810, -133.1122, 56.6278,  556.6810, -133.1122, 56.6259,  64, 64, 64
L 512.3737, -151.6250, 56.6259,  557.8125, -151.6253, 56.6259,  64, 64, 64
L 512.3749, -96.3750, 56.6259,  512.3737, -151.6250, 56.6259,  64, 64, 64
L 557.6250, -96.3750, 56.6259,  512.3749, -96.3750, 56.6259,  64, 64, 64
L 557.6250, -118.8363, 56.3134,  556.6250, -118.8363, 56.3134,  64, 64, 64
L 557.6250, -96.3750, 56.6259,  557.6250, -118.8363, 56.6259,  64, 64, 64
L 556.6250, -121.3673, 56.6259,  556.6250, -118.8363, 56.6259,  64, 64, 64
L 563.3749, -121.3760, 56.6259,  556.6250, -121.3673, 56.6259,  64, 64, 64
L 563.3749, -118.6727, 56.6259,  563.3749, -121.3760, 56.6259,  64, 64, 64
L 562.3741, -118.6727, 56.6259,  563.3749, -118.6727, 56.6259,  64, 64, 64
L 562.3749, -69.3272, 56.6261,  562.3741, -118.7094, 56.6259,  64, 64, 64
L 563.3749, -69.2653, 56.6272,  562.3749, -69.3272, 56.6261,  64, 64, 64
L 563.3749, -66.6250, 56.6259,  563.3749, -69.2653, 56.6259,  64, 64, 64
L 556.6250, -66.6250, 56.6259,  563.3749, -66.6250, 56.6259,  64, 64, 64
L 556.6250, -69.2907, 56.6259,  556.6250, -66.6250, 56.6259,  64, 64, 64
L 557.6250, -69.2904, 56.6259,  556.6250, -69.2907, 56.6270,  64, 64, 64
L 557.6249, -91.6250, 56.6259,  557.6250, -69.2904, 56.6259,  64, 64, 64
L 512.3730, -91.6250, 56.6259,  557.6249, -91.6250, 56.6259,  64, 64, 64
L 512.3749, -30.3750, 56.6259,  512.3730, -91.6250, 56.6259,  64, 64, 64
L 557.6250, -30.3749, 56.6259,  512.3749, -30.3750, 56.6259,  64, 64, 64
L 557.6250, -54.6743, 56.6473,  557.6250, -30.3749, 56.6259,  64, 64, 64
L 557.6250, -54.6730, 56.6285,  556.6250, -54.6743, 56.6259,  64, 64, 64
L 556.6250, -57.3750, 56.6259,  556.6250, -54.6743, 56.6259,  64, 64, 64
L 563.3749, -57.3751, 56.6259,  556.6250, -57.3750, 56.6259,  64, 64, 64
L 563.3749, -54.6728, 56.6259,  563.3749, -57.3751, 56.6259,  64, 64, 64
L 562.3745, -54.6728, 56.6259,  563.3749, -54.6728, 56.6259,  64, 64, 64
L 562.3749, -30.3750, 56.6259,  562.3745, -54.6728, 56.6259,  64, 64, 64
L 563.6725, -30.3750, 56.6259,  562.3749, -30.3750, 56.6259,  64, 64, 64
L 563.6725, -31.3750, 56.6259,  563.6725, -30.3750, 56.6259,  64, 64, 64
L 566.3749, -31.3747, 56.6259,  563.6725, -31.3750, 56.6259,  64, 64, 64
L 566.3749, -24.6250, 56.6259,  566.3749, -31.3747, 56.6259,  64, 64, 64
L 563.6725, -24.6250, 56.6259,  566.3749, -24.6250, 56.6259,  64, 64, 64
L 563.6725, -25.6250, 56.6259,  563.6725, -24.6250, 56.6259,  64, 64, 64
L 512.3749, -25.6250, 56.6259,  563.6725, -25.6250, 56.6259,  64, 64, 64
L 512.3749, -7.6250, 56.6259,  512.3749, -25.6250, 56.6259,  64, 64, 64
L 475.7511, -7.6250, 56.6259,  512.3749, -7.6250, 56.6259,  64, 64, 64
L 852.4316, -188.2016, 56.6259,  475.7755, -188.1657, 56.6259,  64, 64, 64
L 852.4347, 188.4311, 56.6259,  852.4316, -188.2016, 56.6259,  64, 64, 64
L 671.6250, 188.1485, 56.6259,  852.4347, 188.4311, 56.6259,  64, 64, 64
L 475.7533, 188.2890, 56.6259,  656.3749, 188.2717, 56.6259,  64, 64, 64
L 475.7305, 7.6250, 56.6259,  475.7533, 188.2890, 56.6259,  64, 64, 64
L 475.7755, -188.1657, 56.6259,  475.7511, -7.6250, 56.6259,  64, 64, 64
L 72.8447, 30.3750, 57.6259,  63.1552, 30.3750, 57.6259,  0, 0, 255
L 80.6250, 38.1552, 57.6259,  72.8447, 30.3750, 57.6259,  0, 0, 255
L 80.6250, 121.8447, 57.6259,  80.6250, 38.1552, 57.6259,  0, 0, 255
L 72.8447, 129.6250, 57.6259,  80.6250, 121.8447, 57.6259,  0, 0, 255
L 63.1552, 129.6250, 57.6259,  72.8447, 129.6250, 57.6259,  0, 0, 255
L 55.4936, 121.9632, 57.6259,  63.1552, 129.6250, 57.6259,  0, 0, 255
L 55.3750, 38.1552, 57.6259,  55.4936, 121.9632, 57.6259,  0, 0, 255
L 63.1552, 30.3750, 57.6259,  55.3750, 38.1552, 57.6259,  0, 0, 255
L 72.8447, -30.3750, 57.6259,  80.6250, -38.3402, 57.6259,  0, 0, 255
L 63.1552, -30.3750, 57.6259,  72.8447, -30.3750, 57.6259,  0, 0, 255
L 55.3750, -38.1552, 57.6259,  63.1552, -30.3750, 57.6259,  0, 0, 255
L 55.3750, -121.8447, 57.6259,  55.3750, -38.1552, 57.6259,  0, 0, 255
L 63.1552, -129.6250, 57.6259,  55.3750, -121.8447, 57.6259,  0, 0, 255
L 72.8447, -129.6250, 57.6259,  63.1552, -129.6250, 57.6259,  0, 0, 255
L 80.6250, -121.8447, 57.6259,  72.8447, -129.6250, 57.6259,  0, 0, 255
L 80.6250, -38.3402, 57.6259,  80.6250, -121.8447, 57.6259,  0, 0, 255
L 408.6250, 38.1552, 57.6259,  400.8446, 30.3750, 57.6259,  0, 0, 255
L 408.6250, 121.8447, 57.6259,  408.6250, 38.1552, 57.6259,  0, 0, 255
L 400.8446, 129.6250, 57.6259,  408.6250, 121.8447, 57.6259,  0, 0, 255
L 391.1549, 129.6250, 57.6259,  400.8446, 129.6250, 57.6259,  0, 0, 255
L 383.3750, 121.8445, 57.6259,  391.1549, 129.6250, 57.6259,  0, 0, 255
L 383.3750, 38.1554, 57.6259,  383.3750, 121.8445, 57.6259,  0, 0, 255
L 391.1553, 30.3750, 57.6259,  383.3750, 38.1554, 57.6259,  0, 0, 255
L 400.8446, 30.3750, 57.6259,  391.1553, 30.3750, 57.6259,  0, 0, 255
L 408.6250, -38.1552, 57.6259,  408.6250, -121.8445, 57.6259,  0, 0, 255
L 400.8446, -30.3750, 57.6259,  408.6250, -38.1552, 57.6259,  0, 0, 255
L 391.1553, -30.3750, 57.6259,  400.8446, -30.3750, 57.6259,  0, 0, 255
L 383.3750, -38.1554, 57.6259,  391.1553, -30.3750, 57.6259,  0, 0, 255
L 383.3750, -121.8447, 57.6259,  383.3750, -38.1554, 57.6259,  0, 0, 255
L 391.1553, -129.6250, 57.6259,  383.3750, -121.8447, 57.6259,  0, 0, 255
L 400.8446, -129.6250, 57.6259,  391.1553, -129.6250, 57.6259,  0, 0, 255
L 408.6250, -121.8447, 57.6259,  400.8446, -129.6250, 57.6259,  0, 0, 255
L 315.3750, -37.1552, 58.6259,  322.1553, -30.3750, 58.6259,  0, 127, 0
L 315.3761, -53.1542, 58.6259,  315.3750, -37.1552, 58.6259,  0, 127, 0
L 285.1569, -83.3750, 58.6259,  315.3761, -53.1542, 58.6259,  0, 127, 0
L 269.1553, -83.3750, 58.6259,  285.1569, -83.3750, 58.6259,  0, 127, 0
L 262.3750, -90.1552, 58.6259,  269.1553, -83.3750, 58.6259,  0, 127, 0
L 262.3750, -101.8447, 58.6259,  262.3750, -90.1552, 58.6259,  0, 127, 0
L 269.1553, -108.6250, 58.6259,  262.3750, -101.8447, 58.6259,  0, 127, 0
L 290.8446, -108.6250, 58.6259,  269.1553, -108.6250, 58.6259,  0, 127, 0
L 340.6250, -58.8447, 58.6259,  290.8446, -108.6250, 58.6259,  0, 127, 0
L 340.6250, -37.1552, 58.6259,  340.6250, -58.8447, 58.6259,  0, 127, 0
L 333.8446, -30.3750, 58.6259,  340.6250, -37.1552, 58.6259,  0, 127, 0
L 322.1553, -30.3750, 58.6259,  333.8446, -30.3750, 58.6259,  0, 127, 0
L 262.3750, 90.1554, 58.6259,  262.4830, 101.9527, 58.6259,  0, 127, 0
L 269.1553, 83.3750, 58.6259,  262.3750, 90.1554, 58.6259,  0, 127, 0
L 285.1546, 83.3756, 58.6259,  269.1553, 83.3750, 58.6259,  0, 127, 0
L 315.3750, 53.1554, 58.6259,  285.1546, 83.3756, 58.6259,  0, 127, 0
L 315.3750, 37.1554, 58.6259,  315.3750, 53.1554, 58.6259,  0, 127, 0
L 322.1553, 30.3750, 58.6259,  315.3750, 37.1554, 58.6259,  0, 127, 0
L 333.8446, 30.3750, 58.6259,  322.1553, 30.3750, 58.6259,  0, 127, 0
L 340.6250, 37.1552, 58.6259,  333.8446, 30.3750, 58.6259,  0, 127, 0
L 340.6250, 58.8447, 58.6259,  340.6250, 37.1552, 58.6259,  0, 127, 0
L 290.8446, 108.6250, 58.6259,  340.6250, 58.8447, 58.6259,  0, 127, 0
L 269.1553, 108.6250, 58.6259,  290.8446, 108.6250, 58.6259,  0, 127, 0
L 262.4830, 101.9527, 58.6259,  269.1553, 108.6250, 58.6259,  0, 127, 0
L 141.8446, 30.3750, 58.6259,  130.1553, 30.3750, 58.6259,  0, 127, 0
L 148.6250, 37.1552, 58.6259,  141.8446, 30.3750, 58.6259,  0, 127, 0
L 148.6237, 53.1542, 58.6259,  148.6250, 37.1552, 58.6259,  0, 127, 0
L 178.8435, 83.3750, 58.6259,  148.6237, 53.1542, 58.6259,  0, 127, 0
L 194.8446, 83.3750, 58.6259,  178.8435, 83.3750, 58.6259,  0, 127, 0
L 201.6250, 90.1552, 58.6259,  194.8446, 83.3750, 58.6259,  0, 127, 0
L 201.6250, 101.8447, 58.6259,  201.6250, 90.1552, 58.6259,  0, 127, 0
L 194.8446, 108.6250, 58.6259,  201.6250, 101.8447, 58.6259,  0, 127, 0
L 173.1552, 108.6250, 58.6259,  194.8446, 108.6250, 58.6259,  0, 127, 0
L 123.3750, 58.8447, 58.6259,  173.1552, 108.6250, 58.6259,  0, 127, 0
L 123.3750, 37.1552, 58.6259,  123.3750, 58.8447, 58.6259,  0, 127, 0
L 130.1553, 30.3750, 58.6259,  123.3750, 37.1552, 58.6259,  0, 127, 0
L 178.8449, -83.3753, 58.6259,  194.8446, -83.3750, 58.6259,  0, 127, 0
L 148.6250, -53.1554, 58.6259,  178.8449, -83.3753, 58.6259,  0, 127, 0
L 148.6250, -37.1552, 58.6259,  148.6250, -53.1554, 58.6259,  0, 127, 0
L 141.8446, -30.3750, 58.6259,  148.6250, -37.1552, 58.6259,  0, 127, 0
L 130.1553, -30.3750, 58.6259,  141.8446, -30.3750, 58.6259,  0, 127, 0
L 123.3750, -37.1552, 58.6259,  130.1553, -30.3750, 58.6259,  0, 127, 0
L 123.3751, -58.6219, 58.6259,  123.3750, -37.1552, 58.6259,  0, 127, 0
L 173.1553, -108.6250, 58.6259,  123.3751, -58.6219, 58.6259,  0, 127, 0
L 194.8446, -108.6250, 58.6259,  173.1553, -108.6250, 58.6259,  0, 127, 0
L 201.6250, -101.8447, 58.6259,  194.8446, -108.6250, 58.6259,  0, 127, 0
L 201.6250, -90.1551, 58.6259,  201.6250, -101.8447, 58.6259,  0, 127, 0
L 194.8446, -83.3750, 58.6259,  201.6250, -90.1551, 58.6259,  0, 127, 0
L 228.3750, -11.6250, 86.6054,  228.3748, -40.3750, 59.6259,  64, 64, 64
L 235.6248, -11.6249, 86.6260,  235.6250, -40.3750, 59.6259,  64, 64, 64
L 235.6250, 11.6249, 86.6260,  235.6250, 40.3750, 59.6259,  64, 64, 64
L 228.3750, 11.6250, 86.6260,  228.3750, 40.3750, 59.6259,  64, 64, 64
L 220.3750, 11.6250, 86.6260,  228.3750, 11.6250, 86.6260,  64, 64, 64
L 220.3750, -11.6250, 86.6260,  220.3750, 11.6250, 86.6260,  64, 64, 64
L 228.3750, -11.6250, 86.6260,  220.3750, -11.6250, 86.6260,  64, 64, 64
L 243.6250, -11.6250, 86.6260,  235.6248, -11.6249, 86.6260,  64, 64, 64
L 243.6250, 11.6250, 86.6260,  243.6250, -11.6250, 86.6260,  64, 64, 64
L 235.6250, 11.6249, 86.6260,  243.6250, 11.6250, 86.6260,  64, 64, 64
L 235.6250, 40.3750, 56.6259,  272.3749, 40.3750, 56.6259,  64, 64, 64
L 236.3750, 42.3750, 56.6259,  236.3750, 40.3750, 56.6259,  64, 64, 64
L 227.6245, 42.3750, 56.6259,  236.3750, 42.3750, 56.6259,  127, 127, 127
L 227.6250, 40.3750, 56.6259,  227.6245, 42.3750, 56.6259,  64, 64, 64
L 191.6250, 40.3750, 56.6259,  228.3750, 40.3750, 56.6259,  64, 64, 64
L 191.6250, -40.3750, 56.6259,  191.6250, 40.3750, 56.6259,  64, 64, 64
L 228.3748, -40.3750, 56.6259,  191.6250, -40.3750, 56.6259,  64, 64, 64
L 227.6250, -42.3750, 56.6259,  227.6250, -40.3750, 56.6259,  64, 64, 64
L 236.3750, -42.3750, 56.6259,  227.6250, -42.3750, 56.6259,  127, 127, 127
L 236.3750, -40.3750, 56.6259,  236.3750, -42.3750, 56.6259,  64, 64, 64
L 272.3752, -40.3750, 56.6259,  235.6250, -40.3750, 56.6259,  64, 64, 64
L 272.3749, 40.3750, 56.6259,  272.3752, -40.3750, 56.6259,  64, 64, 64
L 413.1875, 37.9217, 56.3134,  401.7740, 25.8125, 56.3134,  64, 64, 64
L 413.1884, 122.7680, 56.3134,  413.1875, 37.9217, 56.3134,  64, 64, 64
L 401.1066, 134.1585, 56.3134,  413.1884, 122.7680, 56.3134,  64, 64, 64
L 390.9261, 134.1913, 56.3134,  401.1066, 134.1585, 56.3134,  64, 64, 64
L 378.8124, 122.7810, 56.3134,  390.9261, 134.1913, 56.3134,  64, 64, 64
L 378.8115, 37.9232, 56.3134,  378.8124, 122.7810, 56.3134,  64, 64, 64
L 390.9223, 25.8123, 56.3134,  378.8115, 37.9232, 56.3134,  64, 64, 64
L 401.7740, 25.8125, 56.3134,  390.9223, 25.8123, 56.3134,  64, 64, 64
L 378.8122, -37.9224, 56.3134,  390.9232, -25.8115, 56.3134,  64, 64, 64
L 378.8113, -122.7640, 56.3134,  378.8122, -37.9224, 56.3134,  64, 64, 64
L 390.7452, -134.1150, 56.3134,  378.8113, -122.7640, 56.3134,  64, 64, 64
L 401.1080, -134.2543, 56.3134,  390.7452, -134.1150, 56.3134,  64, 64, 64
L 413.1874, -122.7770, 56.3134,  401.1080, -134.2543, 56.3134,  64, 64, 64
L 413.1881, -37.9230, 56.3134,  413.1874, -122.7770, 56.3134,  64, 64, 64
L 401.7780, -25.8125, 56.3134,  413.1881, -37.9230, 56.3134,  64, 64, 64
L 390.9232, -25.8115, 56.3134,  401.7780, -25.8125, 56.3134,  64, 64, 64
L 310.8124, -36.9215, 56.3134,  321.9223, -25.8124, 56.3134,  64, 64, 64
L 310.8124, -52.5585, 56.3134,  310.8124, -36.9215, 56.3134,  64, 64, 64
L 285.8890, -78.6457, 56.3134,  310.8124, -52.5585, 56.3134,  64, 64, 64
L 268.8894, -78.8456, 56.3134,  285.8890, -78.6457, 56.3134,  64, 64, 64
L 257.8124, -89.9196, 56.3134,  268.8894, -78.8456, 56.3134,  64, 64, 64
L 257.8122, -102.7750, 56.3134,  257.8124, -89.9196, 56.3134,  64, 64, 64
L 268.9214, -113.1877, 56.3134,  257.8122, -102.7750, 56.3134,  64, 64, 64
L 291.7670, -113.1884, 56.3134,  268.9214, -113.1877, 56.3134,  64, 64, 64
L 345.1870, -59.7860, 56.3134,  291.7670, -113.1884, 56.3134,  64, 64, 64
L 345.2137, -36.9485, 56.3134,  345.1870, -59.7860, 56.3134,  64, 64, 64
L 334.7760, -25.8125, 56.3134,  345.2137, -36.9485, 56.3134,  64, 64, 64
L 321.9223, -25.8124, 56.3134,  334.7760, -25.8125, 56.3134,  64, 64, 64
L 268.9211, 78.8121, 56.3134,  257.8125, 89.9223, 56.3134,  64, 64, 64
L 284.9223, 78.8125, 56.3134,  268.9211, 78.8121, 56.3134,  64, 64, 64
L 310.8125, 52.9222, 56.3134,  284.9223, 78.8125, 56.3134,  64, 64, 64
L 310.8124, 36.9224, 56.3134,  310.8125, 52.9222, 56.3134,  64, 64, 64
L 321.9214, 25.8120, 56.3134,  310.8124, 36.9224, 56.3134,  64, 64, 64
L 334.7780, 25.8126, 56.3134,  321.9214, 25.8120, 56.3134,  64, 64, 64
L 345.3460, 36.7693, 56.3134,  334.7780, 25.8126, 56.3134,  64, 64, 64
L 345.1922, 59.7280, 56.3134,  345.3460, 36.7693, 56.3134,  64, 64, 64
L 291.7880, 113.1877, 56.3134,  345.1922, 59.7280, 56.3134,  64, 64, 64
L 269.3321, 113.1876, 56.3134,  291.7880, 113.1877, 56.3134,  64, 64, 64
L 257.8124, 102.9620, 56.3134,  269.3321, 113.1876, 56.3134,  64, 64, 64
L 257.8125, 89.9223, 56.3134,  257.8124, 102.9620, 56.3134,  64, 64, 64
L 85.1875, 37.9221, 56.3134,  73.7730, 25.8123, 56.3134,  64, 64, 64
L 85.1886, 122.7640, 56.3134,  85.1875, 37.9221, 56.3134,  64, 64, 64
L 73.7780, 134.1873, 56.3134,  85.1886, 122.7640, 56.3134,  64, 64, 64
L 62.9236, 134.1888, 56.3134,  73.7780, 134.1873, 56.3134,  64, 64, 64
L 50.8125, 122.7760, 56.3134,  62.9236, 134.1888, 56.3134,  64, 64, 64
L 50.8117, 38.1820, 56.3134,  50.8125, 122.7760, 56.3134,  64, 64, 64
L 62.9082, 25.8124, 56.3134,  50.8117, 38.1820, 56.3134,  64, 64, 64
L 73.7730, 25.8123, 56.3134,  62.9082, 25.8124, 56.3134,  64, 64, 64
L 153.1875, 36.9219, 56.3134,  142.7750, 25.8124, 56.3134,  64, 64, 64
L 153.1875, 52.9222, 56.3134,  153.1875, 36.9219, 56.3134,  64, 64, 64
L 179.7760, 78.8125, 56.3134,  153.1875, 52.9222, 56.3134,  64, 64, 64
L 195.7600, 78.8109, 56.3134,  179.7760, 78.8125, 56.3134,  64, 64, 64
L 206.1879, 89.9214, 56.3134,  195.7600, 78.8109, 56.3134,  64, 64, 64
L 206.1875, 102.7340, 56.3134,  206.1879, 89.9214, 56.3134,  64, 64, 64
L 195.2871, 113.1873, 56.3134,  206.1875, 102.7340, 56.3134,  64, 64, 64
L 172.9241, 113.1893, 56.3134,  195.2871, 113.1873, 56.3134,  64, 64, 64
L 118.8123, 59.7880, 56.3134,  172.9241, 113.1893, 56.3134,  64, 64, 64
L 118.8122, 37.6617, 56.3134,  118.8123, 59.7880, 56.3134,  64, 64, 64
L 129.6358, 25.8125, 56.3134,  118.8122, 37.6617, 56.3134,  64, 64, 64
L 142.7750, 25.8124, 56.3134,  129.6358, 25.8125, 56.3134,  64, 64, 64
L 118.8110, -59.7630, 56.3134,  118.8127, -36.9221, 56.3134,  64, 64, 64
L 172.9222, -113.1875, 56.3134,  118.8110, -59.7630, 56.3134,  64, 64, 64
L 195.7600, -113.1890, 56.3134,  172.9222, -113.1875, 56.3134,  64, 64, 64
L 206.1875, -102.7940, 56.3134,  195.7600, -113.1890, 56.3134,  64, 64, 64
L 206.1875, -89.9223, 56.3134,  206.1875, -102.7940, 56.3134,  64, 64, 64
L 195.7830, -78.8125, 56.3134,  206.1875, -89.9223, 56.3134,  64, 64, 64
L 179.7750, -78.8125, 56.3134,  195.7830, -78.8125, 56.3134,  64, 64, 64
L 153.1875, -52.9222, 56.3134,  179.7750, -78.8125, 56.3134,  64, 64, 64
L 153.1876, -37.4500, 56.3134,  153.1875, -52.9222, 56.3134,  64, 64, 64
L 142.1065, -25.8125, 56.3134,  153.1876, -37.4500, 56.3134,  64, 64, 64
L 129.9217, -25.8125, 56.3134,  142.1065, -25.8125, 56.3134,  64, 64, 64
L 118.8127, -36.9221, 56.3134,  129.9217, -25.8125, 56.3134,  64, 64, 64
L 85.1876, -37.9224, 56.3134,  85.1876, -122.7750, 56.3134,  64, 64, 64
L 73.7760, -25.8124, 56.3134,  85.1876, -37.9224, 56.3134,  64, 64, 64
L 62.9224, -25.8123, 56.3134,  73.7760, -25.8124, 56.3134,  64, 64, 64
L 50.8123, -37.9204, 56.3134,  62.9224, -25.8123, 56.3134,  64, 64, 64
L 50.8113, -122.1637, 56.3134,  50.8123, -37.9204, 56.3134,  64, 64, 64
L 62.9247, -134.1872, 56.3134,  50.8113, -122.1637, 56.3134,  64, 64, 64
L 73.7630, -134.1888, 56.3134,  62.9247, -134.1872, 56.3134,  64, 64, 64
L 85.1876, -122.7750, 56.3134,  73.7630, -134.1888, 56.3134,  64, 64, 64
L -223.6250, 3.6246, 56.6259,  -243.4737, 3.6250, 56.6259,  64, 64, 64
L -247.9472, 0.2666, 56.9000,  -248.6250, -1.8850, 56.6259,  64, 64, 64
L -246.8771, 1.5915, 56.9000,  -247.9472, 0.2666, 56.9000,  64, 64, 64
L -245.8357, 2.6339, 56.9000,  -246.8771, 1.5915, 56.9000,  64, 64, 64
L -243.4737, 3.6250, 56.6259,  -245.8357, 2.6339, 56.9000,  64, 64, 64
L -248.6250, -22.6250, 80.2132,  -248.6250, -1.8850, 72.7245,  64, 64, 64
L -248.6250, -22.6250, 83.9322,  -248.6250, -21.2389, 83.4147,  64, 64, 64
L -244.8485, -22.6210, 83.9322,  -249.3750, -22.6258, 83.9322,  64, 64, 64
L -220.6250, -46.8432, 83.9330,  -244.8485, -22.6210, 83.9322,  64, 64, 64
L -220.6250, -51.3750, 83.9338,  -220.6250, -46.8432, 83.9333,  64, 64, 64
L -339.3750, 120.6250, 84.6260,  -339.3749, 125.3752, 84.6260,  64, 64, 64
L -315.3750, 141.3750, 84.6260,  -310.6250, 141.3750, 84.6260,  64, 64, 64
L -315.3750, 125.3750, 84.6260,  -315.3750, 141.3750, 84.6260,  64, 64, 64
L -339.3749, 125.3752, 84.6260,  -315.3750, 125.3750, 84.6260,  64, 64, 64
L -310.6250, 120.6250, 84.6260,  -339.3750, 120.6250, 84.6260,  64, 64, 64
L -310.6250, 141.3750, 84.6260,  -310.6250, 120.6250, 84.6260,  64, 64, 64
L -356.3750, -156.3754, 96.6260,  -43.6242, -156.3750, 96.6260,  64, 64, 64
L -356.3752, 156.3750, 96.6260,  -356.3750, -156.3754, 96.6260,  64, 64, 64
L -207.3194, 156.3750, 96.6829,  -356.3752, 156.3750, 96.6260,  64, 64, 64
L -207.3284, 157.3750, 96.6364,  -207.3194, 156.3750, 96.6829,  64, 64, 64
L -204.6250, 157.3750, 96.6260,  -207.3284, 157.3750, 96.6260,  64, 64, 64
L -207.6250, 127.6250, 85.6260,  -192.3750, 127.6250, 85.6260,  127, 127, 127
L -192.3747, 129.6250, 86.6260,  -207.6250, 129.6250, 86.6260,  127, 127, 127
L -207.6250, 131.6250, 87.6260,  -192.3750, 131.6250, 87.6260,  127, 127, 127
L -192.3747, 133.6250, 88.6260,  -207.6250, 133.6250, 88.6260,  127, 127, 127
L -207.6250, 135.6250, 89.6260,  -192.3748, 135.6250, 89.6260,  127, 127, 127
L -192.3748, 137.6250, 90.6260,  -207.6250, 137.6250, 90.6260,  127, 127, 127
L -207.6250, 139.6250, 91.6260,  -192.3748, 139.6250, 91.6260,  127, 127, 127
L -192.3747, 141.6250, 92.6260,  -207.6250, 141.6250, 92.6260,  127, 127, 127
L -207.6250, 143.6250, 93.6260,  -192.3750, 143.6250, 93.6260,  127, 127, 127
L -192.3747, 145.6250, 94.6260,  -207.6250, 145.6250, 94.6260,  127, 127, 127
L -207.6250, 147.6322, 95.6260,  -192.3747, 147.6250, 95.6260,  127, 127, 127
L -207.6250, 152.6250, 96.6260,  -207.6250, 125.6250, 85.6260,  64, 64, 64
L -204.6250, 152.6250, 96.6260,  -207.6250, 152.6250, 96.6260,  64, 64, 64
L -204.6250, 157.3750, 96.6260,  -204.6250, 152.6250, 96.6260,  64, 64, 64
L -192.3750, 152.6250, 96.6260,  -192.3747, 125.6250, 85.6260,  64, 64, 64
L -195.3750, 152.6250, 96.6260,  -192.3750, 152.6250, 96.6260,  64, 64, 64
L -195.3750, 157.3750, 96.6260,  -195.3750, 152.6250, 96.6260,  64, 64, 64
L -192.6228, 157.3747, 96.6265,  -195.3750, 157.3750, 96.6260,  64, 64, 64
L -192.7149, 156.3748, 96.6260,  -192.6228, 157.3747, 96.6260,  64, 64, 64
L -43.6250, 156.3750, 96.6260,  -192.7149, 156.3748, 96.6260,  64, 64, 64
L -43.6250, 7.3208, 96.6663,  -43.6250, 156.3750, 96.6260,  64, 64, 64
L -42.6250, 7.3277, 96.6260,  -43.6250, 7.3208, 96.6663,  64, 64, 64
L -42.6250, 4.6250, 96.6260,  -42.6250, 7.3277, 96.6260,  64, 64, 64
L -42.6250, -7.9520, 96.6260,  -42.6250, -4.6252, 96.6260,  64, 64, 64
L -43.6250, -7.2850, 96.6260,  -42.6250, -7.9520, 96.6419,  64, 64, 64
L -43.6242, -156.3750, 96.6260,  -43.6250, -7.2850, 96.6260,  64, 64, 64
L -367.6250, -167.6250, 96.6260,  -32.3751, -167.6250, 96.6260,  64, 64, 64
L -367.6250, 167.6250, 96.6260,  -367.6250, -167.6250, 96.6260,  64, 64, 64
L -32.3748, 167.6250, 96.6260,  -367.6250, 167.6250, 96.6260,  64, 64, 64
L -32.3751, -167.6250, 96.6260,  -32.3748, 167.6250, 96.6260,  64, 64, 64
L -72.3750, 7.6250, 85.6260,  -72.3748, -7.6250, 85.6260,  127, 127, 127
L -70.3750, -7.6250, 86.6260,  -70.3748, 7.6250, 86.6260,  127, 127, 127
L -68.3748, 7.6250, 87.6260,  -68.3750, -7.6250, 87.6260,  127, 127, 127
L -66.3750, -7.6250, 88.6260,  -66.3750, 7.6250, 88.6260,  127, 127, 127
L -64.3750, 7.6250, 89.6260,  -64.3750, -7.6250, 89.6260,  127, 127, 127
L -62.3750, -7.6250, 90.6260,  -62.3750, 7.6250, 90.6260,  127, 127, 127
L -60.3750, 7.6250, 91.6260,  -60.3750, -7.6250, 91.6260,  127, 127, 127
L -58.3750, -7.6250, 92.6260,  -58.3750, 7.6250, 92.6260,  127, 127, 127
L -56.3750, 7.6250, 93.6260,  -56.3750, -7.6250, 93.6260,  127, 127, 127
L -54.3750, -7.6250, 94.6260,  -54.3750, 7.6250, 94.6260,  127, 127, 127
L -52.3750, 7.6250, 95.6260,  -52.3748, -7.6250, 95.6260,  127, 127, 127
L -49.3750, 7.6250, 96.6260,  -74.3750, 7.6250, 85.6260,  64, 64, 64
L -49.3750, 4.6250, 96.6260,  -49.3750, 7.6250, 96.6260,  64, 64, 64
L -42.6250, 4.6250, 96.6260,  -49.3750, 4.6250, 96.6260,  64, 64, 64
L -49.3750, -7.6250, 96.6260,  -74.3750, -7.6250, 85.6260,  64, 64, 64
L -49.3750, -4.6250, 96.6260,  -49.3750, -7.6250, 96.6260,  64, 64, 64
L -42.6250, -4.6252, 96.6260,  -49.3750, -4.6250, 96.6260,  64, 64, 64
L -74.6250, -139.3750, 84.6260,  -79.3750, -139.3750, 84.6260,  64, 64, 64
L -74.6250, -115.3750, 84.6260,  -74.6250, -139.3750, 84.6260,  64, 64, 64
L -58.6250, -115.3756, 84.6260,  -74.6250, -115.3750, 84.6260,  64, 64, 64
L -58.6250, -110.6250, 84.6260,  -58.6250, -115.3756, 84.6260,  64, 64, 64
L -79.3750, -110.6247, 84.6260,  -58.6250, -110.6250, 84.6260,  64, 64, 64
L -79.3750, -139.3750, 84.6260,  -79.3750, -110.6247, 84.6260,  64, 64, 64
L -161.6245, 36.3750, 119.6260,  -161.6339, -140.4456, 119.6260,  64, 64, 64
L -339.3786, 36.3750, 119.6260,  -161.6245, 36.3750, 119.6260,  64, 64, 64
L -339.3750, -67.3750, 112.6260,  -351.6250, -67.3748, 112.6260,  127, 127, 127
L -351.6250, -65.3748, 113.6260,  -339.3750, -65.3750, 113.6260,  127, 127, 127
L -339.3750, -63.3750, 114.6872,  -351.6250, -63.3750, 114.6260,  127, 127, 127
L -351.6250, -61.3750, 115.6260,  -339.3750, -61.3750, 115.6260,  127, 127, 127
L -339.3749, -59.3750, 116.6607,  -351.6250, -59.3748, 116.6260,  127, 127, 127
L -351.6250, -57.3750, 117.6260,  -339.3750, -57.3750, 117.6260,  127, 127, 127
L -339.3750, -55.3750, 118.6260,  -351.6250, -55.3748, 118.6260,  127, 127, 127
L -339.2205, -55.6260, 119.6128,  -339.3750, -69.3750, 111.6260,  64, 64, 64
L -339.3786, 36.3750, 119.6260,  -339.2205, -55.6260, 119.6128,  64, 64, 64
L -351.6249, -54.5337, 119.6260,  -351.6250, -69.3626, 111.6266,  64, 64, 64
L -351.6250, 51.6250, 119.6260,  -351.6249, -54.5337, 119.6260,  64, 64, 64
L -314.6249, 51.6240, 119.6260,  -351.6250, 51.6250, 119.6260,  64, 64, 64
L -314.6250, 76.6250, 119.6260,  -314.6249, 51.6240, 119.6260,  64, 64, 64
L -319.3750, 56.3750, 119.6260,  -351.6250, 56.3750, 119.6260,  64, 64, 64
L -303.3224, 76.6250, 119.6413,  -314.6250, 76.6250, 119.6260,  64, 64, 64
L -303.3272, 75.6250, 119.6260,  -303.3224, 76.6250, 119.6413,  64, 64, 64
L -300.6249, 75.6250, 119.6260,  -303.3272, 75.6250, 119.6260,  64, 64, 64
L -300.6250, 82.3750, 119.6260,  -300.6249, 75.6250, 119.6260,  64, 64, 64
L -303.2857, 82.3750, 119.6260,  -300.6250, 82.3750, 119.6260,  64, 64, 64
L -303.2850, 81.3750, 119.6260,  -303.2857, 82.3750, 119.6272,  64, 64, 64
L -319.3754, 81.3753, 119.6260,  -303.2850, 81.3750, 119.6260,  64, 64, 64
L -319.3750, 56.3750, 119.6260,  -319.3754, 81.3753, 119.6260,  64, 64, 64
L -351.6250, 127.6250, 119.6260,  -351.6250, 56.3750, 119.6260,  64, 64, 64
L -309.6250, 127.6243, 119.6260,  -351.6250, 127.6250, 119.6260,  64, 64, 64
L -309.6250, 132.3750, 119.6260,  -309.6250, 127.6243, 119.6260,  64, 64, 64
L -351.6250, 132.3750, 119.6260,  -309.6250, 132.3750, 119.6260,  64, 64, 64
L -351.6250, 151.6250, 119.6260,  -351.6250, 132.3750, 119.6260,  64, 64, 64
L -191.3747, 151.6250, 119.6260,  -351.6250, 151.6250, 119.6260,  64, 64, 64
L -191.3750, 56.3750, 119.6260,  -191.3747, 151.6250, 119.6260,  64, 64, 64
L -273.6250, 56.3750, 119.6260,  -191.3750, 56.3750, 119.6260,  64, 64, 64
L -273.6249, 81.3756, 119.6260,  -273.6250, 56.3750, 119.6260,  64, 64, 64
L -288.6770, 81.3750, 119.6400,  -273.6249, 81.3756, 119.6260,  64, 64, 64
L -288.6748, 82.3750, 119.6260,  -288.6770, 81.3750, 119.6400,  64, 64, 64
L -291.3749, 82.3750, 119.6260,  -288.6748, 82.3750, 119.6260,  64, 64, 64
L -291.3752, 75.6250, 119.6260,  -291.3749, 82.3750, 119.6260,  64, 64, 64
L -288.6437, 75.6250, 119.6260,  -291.3752, 75.6250, 119.6260,  64, 64, 64
L -288.7149, 76.6251, 119.6260,  -288.6437, 75.6250, 119.6260,  64, 64, 64
L -278.3745, 76.6250, 119.6260,  -288.7149, 76.6251, 119.6260,  64, 64, 64
L -278.3759, 51.6242, 119.6260,  -278.3745, 76.6250, 119.6260,  64, 64, 64
L -172.3750, 85.6760, 119.6269,  -171.3750, 85.6758, 119.6260,  64, 64, 64
L -172.3750, 88.3750, 119.6260,  -172.3750, 85.6760, 119.6260,  64, 64, 64
L -165.6409, 88.3750, 119.6260,  -172.3750, 88.3750, 119.6260,  64, 64, 64
L -165.6195, 85.7137, 119.6260,  -165.6409, 88.3750, 119.6260,  64, 64, 64
L -166.6250, 85.7149, 119.6260,  -165.6195, 85.7137, 119.6260,  64, 64, 64
L -166.6250, 56.3750, 119.6260,  -166.6250, 85.7149, 119.6260,  64, 64, 64
L -144.6250, 56.3750, 119.6260,  -166.6250, 56.3750, 119.6260,  64, 64, 64
L -144.6250, 33.3750, 119.6260,  -144.6250, 56.3750, 119.6260,  64, 64, 64
L -114.3207, 33.3750, 119.6666,  -144.6250, 33.3750, 119.6260,  64, 64, 64
L -114.3259, 34.3750, 119.6298,  -114.3207, 33.3750, 119.6666,  64, 64, 64
L -111.6250, 34.3750, 119.6260,  -114.3259, 34.3750, 119.6260,  64, 64, 64
L -111.6250, 27.6250, 119.6260,  -111.6250, 34.3750, 119.6260,  64, 64, 64
L -114.2857, 27.6250, 119.6260,  -111.6250, 27.6250, 119.6260,  64, 64, 64
L -114.2848, 28.6250, 119.6260,  -114.2857, 27.6250, 119.6270,  64, 64, 64
L -149.3750, 28.6250, 119.6260,  -114.2848, 28.6250, 119.6260,  64, 64, 64
L -149.3750, 51.6250, 119.6260,  -149.3750, 28.6250, 119.6260,  64, 64, 64
L -171.3750, 51.6248, 119.6260,  -149.3750, 51.6250, 119.6260,  64, 64, 64
L -171.3750, 85.7149, 119.6260,  -171.3750, 51.6248, 119.6260,  64, 64, 64
L -186.6250, 51.6246, 119.6260,  -278.3759, 51.6242, 119.6260,  64, 64, 64
L -186.6250, 150.6250, 119.6260,  -186.6250, 51.6246, 119.6260,  64, 64, 64
L -171.3746, 150.6250, 119.6260,  -186.6250, 150.6250, 119.6260,  64, 64, 64
L -171.3750, 100.3230, 119.6380,  -171.3746, 150.6250, 119.6260,  64, 64, 64
L -172.3711, 100.3251, 119.6260,  -171.3750, 100.3230, 119.6380,  64, 64, 64
L -172.3770, 97.6250, 119.6260,  -172.3711, 100.3251, 119.6261,  64, 64, 64
L -165.6250, 97.6250, 119.6260,  -172.3770, 97.6250, 119.6260,  64, 64, 64
L -165.6250, 100.3143, 119.6260,  -165.6250, 97.6250, 119.6260,  64, 64, 64
L -166.6250, 100.3239, 119.6260,  -165.6250, 100.3143, 119.6260,  64, 64, 64
L -166.6250, 151.6250, 119.6260,  -166.6250, 100.3239, 119.6260,  64, 64, 64
L -48.3748, 151.6250, 119.6260,  -166.6250, 151.6250, 119.6260,  64, 64, 64
L -48.3750, 33.3750, 119.6260,  -48.3748, 151.6250, 119.6260,  64, 64, 64
L -99.6791, 33.3750, 119.6646,  -48.3750, 33.3750, 119.6260,  64, 64, 64
L -99.6718, 34.3750, 119.6260,  -99.6791, 33.3750, 119.6646,  64, 64, 64
L -102.3748, 34.3750, 119.6260,  -99.6718, 34.3750, 119.6260,  64, 64, 64
L -102.3752, 27.6298, 119.6260,  -102.3748, 34.3750, 119.6260,  64, 64, 64
L -99.7145, 27.6243, 119.6260,  -102.3752, 27.6298, 119.6260,  64, 64, 64
L -99.7149, 28.6250, 119.6260,  -99.7145, 27.6243, 119.6293,  64, 64, 64
L -49.3750, 28.6250, 119.6260,  -99.7149, 28.6250, 119.6260,  64, 64, 64
L -49.3750, 13.3750, 119.6260,  -49.3750, 28.6250, 119.6260,  64, 64, 64
L -149.3750, 13.3765, 119.6260,  -49.3750, 13.3750, 119.6260,  64, 64, 64
L -149.3750, -78.3750, 119.6260,  -149.3750, 13.3765, 119.6260,  64, 64, 64
L -124.3750, -78.3750, 119.6260,  -149.3750, -78.3750, 119.6260,  64, 64, 64
L -124.3750, -88.7149, 119.6260,  -124.3750, -78.3750, 119.6260,  64, 64, 64
L -48.3750, -151.6250, 119.6260,  -48.3750, 8.6240, 119.6260,  64, 64, 64
L -124.3750, -88.6786, 119.6586,  -124.3750, -88.6758, 119.6260,  64, 64, 64
L -125.3750, -88.6740, 119.6260,  -124.3750, -88.6786, 119.6586,  64, 64, 64
L -125.3750, -91.3750, 119.6260,  -125.3750, -88.6740, 119.6260,  64, 64, 64
L -118.6250, -91.3750, 119.6260,  -125.3750, -91.3750, 119.6260,  64, 64, 64
L -118.6250, -88.6820, 119.6260,  -118.6250, -91.3750, 119.6260,  64, 64, 64
L -119.6250, -88.7149, 119.6260,  -118.6250, -88.6820, 119.6260,  64, 64, 64
L -119.6250, -73.6250, 119.6260,  -119.6250, -88.7149, 119.6260,  64, 64, 64
L -144.6250, -73.6250, 119.6260,  -119.6250, -73.6250, 119.6260,  64, 64, 64
L -144.6250, 8.6250, 119.6260,  -144.6250, -73.6250, 119.6260,  64, 64, 64
L -48.3750, 8.6240, 119.6260,  -144.6250, 8.6250, 119.6260,  64, 64, 64
L -68.6250, -151.6250, 119.6260,  -48.3750, -151.6250, 119.6260,  64, 64, 64
L -68.6235, -109.6250, 119.6260,  -68.6250, -151.6250, 119.6260,  64, 64, 64
L -73.3750, -109.6250, 119.6260,  -68.6235, -109.6250, 119.6260,  64, 64, 64
L -73.3750, -151.6250, 119.6260,  -73.3750, -109.6250, 119.6260,  64, 64, 64
L -144.6250, -151.6250, 119.6260,  -73.3750, -151.6250, 119.6260,  64, 64, 64
L -144.6250, -119.3748, 119.6260,  -144.6250, -151.6250, 119.6260,  64, 64, 64
L -119.6250, -119.3756, 119.6260,  -144.6250, -119.3748, 119.6260,  64, 64, 64
L -119.6250, -103.3209, 119.6636,  -119.6250, -119.3756, 119.6260,  64, 64, 64
L -118.6247, -103.3265, 119.6294,  -119.6250, -103.3209, 119.6636,  64, 64, 64
L -118.6251, -100.6250, 119.6260,  -118.6247, -103.3265, 119.6260,  64, 64, 64
L -125.3750, -100.6250, 119.6260,  -118.6251, -100.6250, 119.6260,  64, 64, 64
L -125.3750, -103.3639, 119.6260,  -125.3750, -100.6250, 119.6260,  64, 64, 64
L -124.3750, -103.2850, 119.6260,  -125.3750, -103.3639, 119.6282,  64, 64, 64
L -124.3750, -114.6250, 119.6260,  -124.3750, -103.2850, 119.6260,  64, 64, 64
L -149.3750, -114.6250, 119.6260,  -124.3750, -114.6250, 119.6260,  64, 64, 64
L -149.3750, -151.6250, 119.6260,  -149.3750, -114.6250, 119.6260,  64, 64, 64
L -265.3750, -141.3750, 112.6260,  -265.3747, -151.6250, 112.6260,  127, 127, 127
L -263.3750, -151.6250, 113.6260,  -263.3750, -141.3750, 113.6260,  127, 127, 127
L -261.3750, -141.3750, 114.6260,  -261.3747, -151.6250, 114.6260,  127, 127, 127
L -259.3750, -151.6250, 115.6260,  -259.3750, -141.3750, 115.6260,  127, 127, 127
L -257.3750, -141.3750, 116.6260,  -257.3747, -151.6250, 116.6260,  127, 127, 127
L -255.3750, -151.6250, 117.6260,  -255.3750, -141.3750, 117.6260,  127, 127, 127
L -253.3747, -151.6250, 118.6260,  -255.3750, -151.6250, 117.6260,  127, 127, 127
L -253.3750, -141.3750, 118.6260,  -253.3747, -151.6250, 118.6260,  127, 127, 127
L -252.4652, -141.2933, 119.6260,  -267.3750, -141.3750, 111.6260,  64, 64, 64
L -162.7661, -141.3750, 119.6260,  -252.4652, -141.2933, 119.6260,  64, 64, 64
L -251.7617, -151.6250, 119.6260,  -267.3621, -151.6250, 111.6260,  64, 64, 64
L -149.3747, -151.6250, 119.6260,  -252.2940, -151.6250, 119.6260,  64, 64, 64
L -267.3750, -141.3750, 111.6260,  -267.3745, -151.6250, 111.6260,  127, 127, 127
L -279.3750, -141.3755, 111.6260,  -267.3750, -141.3750, 111.6260,  64, 64, 64
L -339.3750, -69.3747, 111.6260,  -339.3750, -81.3750, 111.6260,  64, 64, 64
L -351.6250, -69.3626, 111.6261,  -339.3750, -69.3747, 111.6260,  127, 127, 127
L -351.6250, -151.6252, 111.6260,  -351.6250, -69.3626, 111.6261,  64, 64, 64
L -267.3620, -151.6250, 111.6263,  -351.6250, -151.6252, 111.6260,  64, 64, 64
L -279.4696, -65.0000, 85.6260,  -263.0000, -81.4697, 85.6260,  127, 127, 127
L -265.0000, -83.4697, 86.6260,  -281.4696, -67.0000, 86.6260,  127, 127, 127
L -283.4696, -69.0000, 87.6260,  -267.0000, -85.4697, 87.6260,  127, 127, 127
L -269.0000, -87.4697, 88.6260,  -285.4696, -71.0000, 88.6260,  127, 127, 127
L -287.4696, -73.0000, 89.6260,  -271.0000, -89.4697, 89.6260,  127, 127, 127
L -273.0000, -91.4697, 90.6260,  -289.4696, -75.0000, 90.6260,  127, 127, 127
L -291.4696, -77.0000, 91.6260,  -275.0000, -93.4697, 91.6260,  127, 127, 127
L -277.0000, -95.4697, 92.6260,  -293.4696, -79.0000, 92.6260,  127, 127, 127
L -295.4696, -81.0000, 93.6260,  -279.0000, -97.4697, 93.6260,  127, 127, 127
L -279.3750, -99.9470, 94.6260,  -297.9460, -81.3748, 94.6260,  127, 127, 127
L -299.9460, -81.3750, 95.6260,  -279.3750, -101.9470, 95.6260,  127, 127, 127
L -279.3747, -103.9480, 96.6260,  -301.9460, -81.3750, 96.6260,  127, 127, 127
L -303.9460, -81.3750, 97.6260,  -279.3750, -105.9470, 97.6260,  127, 127, 127
L -279.3750, -107.9470, 98.6260,  -305.9460, -81.3750, 98.6260,  127, 127, 127
L -307.9460, -81.3748, 99.6260,  -279.3750, -109.9470, 99.6260,  127, 127, 127
L -279.3747, -111.9480, 100.6260,  -309.9460, -81.3750, 100.6260,  127, 127, 127
L -311.9460, -81.3750, 101.6260,  -279.3750, -113.9470, 101.6260,  127, 127, 127
L -279.3750, -115.9470, 102.6260,  -313.9460, -81.3750, 102.6260,  127, 127, 127
L -315.9460, -81.3750, 103.6260,  -279.3750, -117.9470, 103.6260,  127, 127, 127
L -279.3747, -119.9480, 104.6260,  -317.9460, -81.3748, 104.6260,  127, 127, 127
L -319.9460, -81.3750, 105.6260,  -279.3750, -121.9470, 105.6260,  127, 127, 127
L -279.3747, -123.9480, 106.6260,  -321.9460, -81.3750, 106.6260,  127, 127, 127
L -323.9460, -81.3750, 107.6260,  -279.3750, -125.9470, 107.6260,  127, 127, 127
L -279.3750, -127.9470, 108.6260,  -325.9480, -81.3747, 108.6260,  127, 127, 127
L -327.9460, -81.3748, 109.6260,  -279.3750, -129.9460, 109.6260,  127, 127, 127
L -279.3747, -131.9470, 110.6260,  -329.9460, -81.3750, 110.6260,  127, 127, 127
L -279.3750, -97.8447, 96.6260,  -279.3750, -141.3755, 111.6260,  64, 64, 64
L -279.3750, -97.8447, 93.6260,  -260.9999, -79.4697, 85.6260,  64, 64, 64
L -327.1118, -81.3750, 109.6260,  -339.3750, -81.3750, 111.6260,  64, 64, 64
L -295.8446, -81.3750, 94.6715,  -327.1118, -81.3750, 109.6260,  64, 64, 64
L -295.8446, -81.3750, 93.6260,  -277.4696, -63.0000, 85.6260,  64, 64, 64
L -296.1553, -76.6250, 84.6260,  -279.9999, -60.4695, 84.6260,  64, 64, 64
L -339.3750, -76.6250, 84.6260,  -296.1553, -76.6250, 84.6260,  64, 64, 64
L -351.6250, 151.6250, 84.6260,  -351.6250, -76.6250, 84.6260,  64, 64, 64
L -284.3750, 151.6250, 84.6260,  -351.6250, 151.6250, 84.6260,  64, 64, 64
L -284.3670, 119.6250, 84.6260,  -284.3750, 151.6250, 84.6260,  64, 64, 64
L -255.3228, 119.6250, 84.6389,  -284.3670, 119.6250, 84.6260,  64, 64, 64
L -255.3252, 118.6250, 84.6265,  -255.3228, 119.6250, 84.6389,  64, 64, 64
L -252.6250, 118.6250, 84.6260,  -255.3252, 118.6250, 84.6260,  64, 64, 64
L -252.6250, 125.3684, 84.6260,  -252.6250, 118.6250, 84.6260,  64, 64, 64
L -255.3240, 125.3790, 84.6260,  -252.6250, 125.3684, 84.6260,  64, 64, 64
L -255.3240, 124.3750, 84.6260,  -255.3240, 125.3790, 84.6260,  64, 64, 64
L -277.3120, 124.3750, 84.6516,  -255.3240, 124.3750, 84.6260,  64, 64, 64
L -277.5020, 151.6250, 84.6747,  -277.3120, 124.3750, 84.6260,  64, 64, 64
L -218.8191, 151.6250, 84.6400,  -277.5020, 151.6250, 84.6260,  64, 64, 64
L -218.8063, 124.3750, 84.6631,  -218.8191, 151.6250, 84.6260,  64, 64, 64
L -240.6778, 124.3748, 84.6500,  -218.8063, 124.3750, 84.6260,  64, 64, 64
L -240.6741, 125.3750, 84.6260,  -240.6778, 124.3748, 84.6500,  64, 64, 64
L -243.3750, 125.3750, 84.6260,  -240.6741, 125.3750, 84.6260,  64, 64, 64
L -243.3750, 118.6250, 84.6260,  -243.3750, 125.3750, 84.6260,  64, 64, 64
L -240.7101, 118.6250, 84.6260,  -243.3750, 118.6250, 84.6260,  64, 64, 64
L -240.7149, 119.6250, 84.6260,  -240.7101, 118.6250, 84.6273,  64, 64, 64
L -211.6244, 119.6250, 84.6260,  -240.7149, 119.6250, 84.6260,  64, 64, 64
L -211.6250, 125.6250, 84.6260,  -211.6244, 119.6250, 84.6260,  64, 64, 64
L -188.3750, 125.6250, 84.6260,  -211.6250, 125.6250, 84.6260,  64, 64, 64
L -188.3750, 119.6244, 84.6260,  -188.3750, 125.6250, 84.6260,  64, 64, 64
L -159.3231, 119.6250, 84.6383,  -188.3750, 119.6244, 84.6260,  64, 64, 64
L -159.3265, 118.6247, 84.6324,  -159.3231, 119.6250, 84.6383,  64, 64, 64
L -156.6250, 118.6251, 84.6260,  -159.3265, 118.6247, 84.6260,  64, 64, 64
L -156.6247, 125.3750, 84.6260,  -156.6250, 118.6251, 84.6260,  64, 64, 64
L -159.3240, 125.3750, 84.6260,  -156.6247, 125.3750, 84.6260,  64, 64, 64
L -159.3240, 124.3750, 84.6260,  -159.3240, 125.3750, 84.6269,  64, 64, 64
L -181.1829, 151.6250, 84.6260,  -181.1829, 124.3750, 84.6260,  64, 64, 64
L -181.1721, 124.3750, 84.6260,  -159.3240, 124.3750, 84.6260,  64, 64, 64
L -122.8185, 151.6248, 84.6260,  -181.1829, 151.6250, 84.6260,  64, 64, 64
L -122.8136, 124.3750, 84.6379,  -122.8185, 151.6248, 84.6260,  64, 64, 64
L -144.6768, 124.3750, 84.6381,  -122.8136, 124.3750, 84.6260,  64, 64, 64
L -144.6732, 125.3750, 84.6260,  -144.6768, 124.3750, 84.6381,  64, 64, 64
L -147.3746, 125.3750, 84.6260,  -144.6732, 125.3750, 84.6260,  64, 64, 64
L -147.3750, 118.6250, 84.6260,  -147.3746, 125.3750, 84.6260,  64, 64, 64
L -144.6439, 118.6250, 84.6260,  -147.3750, 118.6250, 84.6260,  64, 64, 64
L -144.7149, 119.6250, 84.6260,  -144.6439, 118.6250, 84.6260,  64, 64, 64
L -115.6250, 119.6250, 84.6260,  -144.7149, 119.6250, 84.6260,  64, 64, 64
L -115.6250, 151.6250, 84.6260,  -115.6250, 119.6250, 84.6260,  64, 64, 64
L -48.3748, 151.6250, 84.6260,  -115.6250, 151.6250, 84.6260,  64, 64, 64
L -48.3750, 84.3750, 84.6260,  -48.3748, 151.6250, 84.6260,  64, 64, 64
L -80.3750, 84.3750, 84.6436,  -48.3750, 84.3750, 84.6260,  64, 64, 64
L -80.3750, 55.3228, 84.6417,  -80.3750, 84.3750, 84.6260,  64, 64, 64
L -81.3750, 55.3262, 84.6260,  -80.3750, 55.3228, 84.6417,  64, 64, 64
L -81.3750, 52.6250, 84.6260,  -81.3750, 55.3262, 84.6260,  64, 64, 64
L -74.6312, 52.6250, 84.6260,  -81.3750, 52.6250, 84.6260,  64, 64, 64
L -74.6221, 55.3237, 84.6260,  -74.6312, 52.6250, 84.6260,  64, 64, 64
L -75.6250, 55.3241, 84.6260,  -74.6221, 55.3237, 84.6278,  64, 64, 64
L -75.6250, 77.1830, 84.6260,  -75.6250, 55.3241, 84.6260,  64, 64, 64
L -48.3750, 77.2710, 84.7374,  -75.6250, 77.1875, 84.6450,  64, 64, 64
L -48.3750, 19.7460, 84.6260,  -48.3750, 77.2710, 84.6260,  64, 64, 64
L -75.6250, 19.7500, 84.6260,  -48.3750, 19.7460, 84.6260,  64, 64, 64
L -75.6250, 40.6781, 84.6543,  -75.6250, 19.7500, 84.6260,  64, 64, 64
L -74.6250, 40.6739, 84.6260,  -75.6250, 40.6781, 84.6543,  64, 64, 64
L -74.6250, 43.3750, 84.6260,  -74.6250, 40.6739, 84.6260,  64, 64, 64
L -81.3481, 43.3753, 84.6260,  -74.6250, 43.3750, 84.6260,  64, 64, 64
L -81.3840, 40.7179, 84.6260,  -81.3481, 43.3753, 84.6260,  64, 64, 64
L -80.3750, 40.7149, 84.6260,  -81.3840, 40.7179, 84.6466,  64, 64, 64
L -80.3756, 11.6250, 84.6260,  -80.3750, 40.7149, 84.6260,  64, 64, 64
L -74.3750, 11.6250, 84.6260,  -80.3756, 11.6250, 84.6260,  64, 64, 64
L -74.3750, -11.6250, 84.6260,  -74.3750, 11.6250, 84.6260,  64, 64, 64
L -48.3750, -18.8670, 84.6260,  -75.6250, -18.8670, 84.6260,  64, 64, 64
L -48.3750, -77.3300, 84.6260,  -75.6250, -77.3280, 84.6260,  64, 64, 64
L -80.3614, -11.6250, 84.6260,  -74.3750, -11.6250, 84.6260,  64, 64, 64
L -80.3750, -40.6775, 84.6452,  -80.3614, -11.6250, 84.6260,  64, 64, 64
L -81.3750, -40.6747, 84.6260,  -80.3750, -40.6775, 84.6452,  64, 64, 64
L -81.3750, -43.3750, 84.6260,  -81.3750, -40.6747, 84.6260,  64, 64, 64
L -74.6250, -43.3750, 84.6260,  -81.3750, -43.3750, 84.6260,  64, 64, 64
L -74.6250, -40.6441, 84.6260,  -74.6250, -43.3750, 84.6260,  64, 64, 64
L -75.6250, -40.7149, 84.6260,  -74.6250, -40.6441, 84.6260,  64, 64, 64
L -75.6250, -18.8670, 84.6260,  -75.6250, -40.7149, 84.6260,  64, 64, 64
L -48.3750, -77.3300, 84.6260,  -48.3750, -18.8670, 84.6260,  64, 64, 64
L -75.6250, -55.3183, 84.6944,  -75.6250, -77.3280, 84.6260,  64, 64, 64
L -74.6250, -55.3303, 84.6273,  -75.6250, -55.3183, 84.6944,  64, 64, 64
L -74.6250, -52.6281, 84.6260,  -74.6250, -55.3303, 84.6260,  64, 64, 64
L -81.3750, -52.6242, 84.6260,  -74.6250, -52.6281, 84.6260,  64, 64, 64
L -81.3750, -55.2845, 84.6260,  -81.3750, -52.6242, 84.6260,  64, 64, 64
L -80.3750, -55.2849, 84.6260,  -81.3750, -55.2845, 84.6260,  64, 64, 64
L -80.3752, -84.3750, 84.6260,  -80.3750, -55.2849, 84.6260,  64, 64, 64
L -48.3750, -84.3750, 84.6260,  -80.3752, -84.3750, 84.6260,  64, 64, 64
L -48.3750, -151.6250, 84.6260,  -48.3750, -84.3750, 84.6260,  64, 64, 64
L -274.6250, -151.6250, 84.6260,  -48.3750, -151.6250, 84.6260,  64, 64, 64
L -274.6250, -98.1551, 84.6260,  -274.6250, -141.3754, 84.6260,  64, 64, 64
L -258.4694, -82.1000, 84.6260,  -274.6250, -98.1551, 84.6260,  64, 64, 64
L -279.9999, -60.4695, 84.6260,  -258.4694, -82.1000, 84.6260,  127, 127, 127
L -262.6247, -53.3753, 84.6260,  -262.6249, -22.6250, 84.6260,  64, 64, 64
L -339.3752, -53.3753, 84.6260,  -262.6247, -53.3753, 84.6260,  64, 64, 64
L -339.3752, 36.3750, 84.6260,  -339.3752, -53.3753, 84.6260,  64, 64, 64
L -161.6250, 36.3751, 84.6260,  -339.3752, 36.3750, 84.6260,  64, 64, 64
L -161.6246, -141.3750, 84.6260,  -161.6250, 36.3751, 84.6260,  64, 64, 64
L -251.3751, -141.3754, 84.6260,  -161.6246, -141.3750, 84.6260,  64, 64, 64
L -251.3754, -64.6250, 84.6260,  -251.3751, -141.3754, 84.6260,  64, 64, 64
L -220.6250, -64.6250, 84.6260,  -251.3754, -64.6250, 84.6260,  64, 64, 64
L -179.6247, -25.6250, 56.6259,  -179.6250, -46.4740, 56.6259,  64, 64, 64
L -194.3750, -27.6250, 57.6259,  -179.6247, -27.6250, 57.6259,  127, 127, 127
L -179.6247, -29.6250, 58.6259,  -194.3750, -29.6250, 58.6259,  127, 127, 127
L -194.3750, -31.6249, 59.6259,  -179.6247, -31.6250, 59.6259,  127, 127, 127
L -179.6247, -33.6250, 60.6259,  -194.3750, -33.6250, 60.6259,  127, 127, 127
L -194.3750, -35.6250, 61.6259,  -179.6248, -35.6250, 61.6259,  127, 127, 127
L -179.6248, -37.6250, 62.6259,  -194.3750, -37.6250, 62.6259,  127, 127, 127
L -194.3750, -39.6250, 63.6259,  -179.6248, -39.6250, 63.6259,  127, 127, 127
L -179.6248, -41.6250, 64.6260,  -194.3750, -41.6250, 64.6260,  127, 127, 127
L -194.3750, -43.6250, 65.6260,  -179.6250, -43.6250, 65.6260,  127, 127, 127
L -179.6250, -45.6250, 66.6260,  -194.3750, -45.6250, 66.6260,  127, 127, 127
L -195.2144, -47.5904, 67.6260,  -180.5349, -49.6876, 67.6260,  127, 127, 127
L -181.5201, -52.7471, 68.6260,  -195.8331, -48.6576, 68.6260,  127, 127, 127
L -195.8331, -48.6576, 69.6260,  -184.5033, -56.8973, 69.6260,  127, 127, 127
L -187.5269, -60.1270, 70.6260,  -195.9564, -48.4222, 70.6260,  127, 127, 127
L -195.6749, -48.7727, 71.6260,  -191.5833, -63.9340, 71.6260,  127, 127, 127
L -194.5875, -64.2353, 72.6260,  -196.7350, -49.2032, 72.6260,  127, 127, 127
L -198.6250, -50.3933, 73.6260,  -198.6250, -65.2909, 73.6260,  127, 127, 127
L -200.6250, -65.3752, 74.6260,  -200.6250, -50.6250, 74.6260,  127, 127, 127
L -202.6250, -50.6250, 75.6260,  -202.6250, -65.3750, 75.6260,  127, 127, 127
L -204.6250, -65.3750, 76.6260,  -204.6250, -50.6250, 76.6260,  127, 127, 127
L -206.6250, -50.6250, 77.6260,  -206.6250, -65.3748, 77.6260,  127, 127, 127
L -208.6250, -65.3748, 78.6260,  -208.6250, -50.6250, 78.6260,  127, 127, 127
L -210.6250, -50.6250, 79.6260,  -210.6250, -64.6250, 79.6260,  127, 127, 127
L -212.6250, -65.3748, 80.6260,  -212.6250, -50.6250, 80.6260,  127, 127, 127
L -214.6250, -50.6250, 81.6260,  -214.6248, -65.3747, 81.6260,  127, 127, 127
L -216.6250, -65.3747, 82.6260,  -216.6250, -50.6250, 82.6260,  127, 127, 127
L -218.6250, -50.6250, 83.6260,  -218.6250, -65.3747, 83.6260,  127, 127, 127
L -224.3750, -51.3748, 84.6260,  -220.6250, -51.3750, 84.6260,  64, 64, 64
L -224.3750, -50.1552, 84.6260,  -224.3750, -51.3748, 84.6260,  64, 64, 64
L -248.1553, -26.3750, 84.6260,  -224.3750, -50.1552, 84.6260,  64, 64, 64
L -249.3750, -26.3750, 84.6260,  -248.1553, -26.3750, 84.6260,  64, 64, 64
L -249.3750, -22.6258, 84.6260,  -249.3750, -26.3750, 84.6260,  64, 64, 64
L -233.6250, 18.3751, 61.6259,  -233.6250, 3.6248, 61.6259,  127, 127, 127
L -225.6247, 3.6246, 57.9000,  -225.6250, 18.3750, 57.6259,  127, 127, 127
L -227.6246, 18.3750, 58.9000,  -227.6250, 3.6248, 58.6259,  127, 127, 127
L -229.6245, 3.6248, 59.9000,  -229.6250, 18.3750, 59.6259,  127, 127, 127
L -231.6245, 18.3750, 60.9000,  -231.6250, 3.6248, 60.6259,  127, 127, 127
L -235.6245, 18.3751, 62.9000,  -235.6250, 3.6248, 62.6259,  127, 127, 127
L -237.6245, 3.6248, 63.9000,  -237.6250, 18.3751, 63.6259,  127, 127, 127
L -239.6245, 18.3752, 64.1000,  -239.6250, 3.6248, 64.6260,  127, 127, 127
L -241.6246, 3.6250, 65.1000,  -241.6250, 18.3750, 65.6260,  127, 127, 127
L -243.6245, 18.4856, 66.1000,  -243.6250, 3.6250, 66.6260,  127, 127, 127
L -245.5837, 2.7395, 67.1000,  -247.6794, 17.4095, 67.1000,  127, 127, 127
L -250.7774, 16.5873, 68.1000,  -246.6749, 2.2273, 68.6260,  127, 127, 127
L -246.7725, 2.3252, 69.1000,  -254.9129, 13.5178, 69.6260,  127, 127, 127
L -258.4710, 10.4984, 70.1000,  -246.1779, 1.8657, 70.6124,  127, 127, 127
L -246.3761, 2.2120, 71.1000,  -261.1175, 6.4236, 71.6260,  127, 127, 127
L -262.2819, 3.4194, 72.1000,  -247.4030, 1.2417, 72.6260,  127, 127, 127
L -248.3930, -0.6247, 73.1000,  -263.2930, -0.6250, 73.6260,  127, 127, 127
L -263.3749, -2.6248, 74.1000,  -248.6250, -2.6250, 74.6260,  127, 127, 127
L -248.6250, -4.6247, 75.1000,  -263.3749, -4.6250, 75.6260,  127, 127, 127
L -263.3749, -6.6247, 76.1000,  -248.6250, -6.6250, 76.6260,  127, 127, 127
L -251.2326, -8.6248, 77.1000,  -263.3747, -8.6250, 77.6260,  127, 127, 127
L -248.6250, -8.6250, 77.6260,  -251.2326, -8.6248, 77.1000,  127, 127, 127
L -263.3747, -10.6248, 78.1000,  -248.6250, -10.6250, 78.6260,  127, 127, 127
L -251.3421, -12.6248, 79.1000,  -262.6250, -12.6250, 79.6260,  127, 127, 127
L -248.6250, -12.6250, 79.6260,  -251.3421, -12.6248, 79.1000,  127, 127, 127
L -263.3747, -14.6247, 80.1000,  -248.6250, -14.6250, 80.6260,  127, 127, 127
L -251.4154, -16.6248, 81.1000,  -263.3747, -16.6250, 81.6260,  127, 127, 127
L -248.6250, -16.6250, 81.6260,  -251.4154, -16.6248, 81.1000,  127, 127, 127
L -263.3747, -18.6248, 82.1000,  -248.6250, -18.6250, 82.6260,  127, 127, 127
L -248.6250, -20.6340, 83.6260,  -263.3745, -20.6191, 83.1000,  127, 127, 127
L -48.3750, -7.6247, 56.6259,  -11.9916, -7.6250, 56.6259,  64, 64, 64
L -48.3750, -25.6250, 56.6259,  -48.3750, -7.6247, 56.6259,  64, 64, 64
L -99.6744, -25.6250, 56.6480,  -48.3750, -25.6250, 56.6259,  64, 64, 64
L -99.6713, -24.6250, 56.6259,  -99.6928, -31.3881, 56.6480,  64, 64, 64
L -102.3750, -24.6250, 56.6259,  -99.6713, -24.6250, 56.6259,  64, 64, 64
L -102.3750, -31.3367, 56.6259,  -102.3750, -24.6250, 56.6259,  64, 64, 64
L -99.6928, -31.3881, 56.6259,  -102.3750, -31.3367, 56.6259,  64, 64, 64
L -98.3750, -30.3750, 56.6259,  -99.7094, -30.3750, 56.6259,  64, 64, 64
L -98.3748, -54.6743, 56.6460,  -98.3750, -30.3750, 56.6259,  64, 64, 64
L -99.3748, -54.6711, 56.6259,  -92.6250, -54.6921, 56.6460,  64, 64, 64
L -99.3751, -57.3750, 56.6259,  -99.3748, -54.6711, 56.6259,  64, 64, 64
L -92.6250, -57.3750, 56.6259,  -99.3751, -57.3750, 56.6259,  64, 64, 64
L -92.6250, -54.6921, 56.6259,  -92.6250, -57.3750, 56.6259,  64, 64, 64
L -93.6250, -30.3749, 56.6259,  -93.6250, -54.7094, 56.6259,  64, 64, 64
L -48.3750, -30.3750, 56.6259,  -93.6250, -30.3749, 56.6259,  64, 64, 64
L -48.3748, -91.6250, 56.6259,  -48.3750, -30.3750, 56.6259,  64, 64, 64
L -93.6250, -91.6250, 56.6259,  -48.3748, -91.6250, 56.6259,  64, 64, 64
L -93.6250, -69.2877, 56.6621,  -93.6250, -91.6250, 56.6259,  64, 64, 64
L -92.6250, -69.2984, 56.6259,  -99.3752, -69.2261, 56.6621,  64, 64, 64
L -92.6250, -66.6250, 56.6259,  -92.6250, -69.2984, 56.6259,  64, 64, 64
L -99.3735, -66.6250, 56.6259,  -92.6250, -66.6250, 56.6259,  64, 64, 64
L -99.3752, -69.2261, 56.6259,  -99.3735, -66.6250, 56.6259,  64, 64, 64
L -98.3748, -118.7125, 56.6659,  -98.3750, -69.2905, 56.6259,  64, 64, 64
L -99.3750, -121.3750, 56.6259,  -99.3750, -118.6169, 56.6259,  64, 64, 64
L -92.6250, -121.3750, 56.6259,  -99.3750, -121.3750, 56.6259,  64, 64, 64
L -92.6250, -118.6156, 56.6259,  -92.6250, -121.3750, 56.6259,  64, 64, 64
L -93.6250, -96.3748, 56.6259,  -93.6250, -118.5801, 56.6259,  64, 64, 64
L -48.3750, -96.3750, 56.6259,  -93.6250, -96.3748, 56.6259,  64, 64, 64
L -48.3750, -151.6250, 56.6259,  -48.3750, -96.3750, 56.6259,  64, 64, 64
L -93.6236, -151.6250, 56.6259,  -48.3750, -151.6250, 56.6259,  64, 64, 64
L -93.6250, -133.3251, 56.6524,  -93.6236, -151.6250, 56.6411,  64, 64, 64
L -92.6250, -130.6250, 56.6259,  -92.6250, -133.3651, 56.6259,  64, 64, 64
L -99.3733, -130.6250, 56.6259,  -92.6250, -130.6250, 56.6259,  64, 64, 64
L -99.3755, -133.3860, 56.6259,  -99.3733, -130.6250, 56.6259,  64, 64, 64
L -98.3750, -151.6250, 56.6259,  -98.3750, -133.2906, 56.6259,  64, 64, 64
L -115.6250, -151.6250, 56.6259,  -98.3750, -151.6250, 56.6259,  64, 64, 64
L -115.6250, -30.3750, 56.6259,  -115.6250, -151.6250, 56.6259,  64, 64, 64
L -114.3255, -30.3750, 56.6477,  -115.6250, -30.3750, 56.6259,  64, 64, 64
L -111.6250, -31.3750, 56.6259,  -114.3846, -31.3750, 56.6259,  64, 64, 64
L -111.6250, -24.6369, 56.6259,  -111.6250, -31.3750, 56.6259,  64, 64, 64
L -114.3832, -24.6197, 56.6259,  -111.6250, -24.6369, 56.6259,  64, 64, 64
L -127.8447, -25.6250, 56.6259,  -114.2904, -25.6250, 56.6259,  64, 64, 64
L -143.6250, -9.8446, 56.6259,  -127.8447, -25.6250, 56.6259,  64, 64, 64
L -143.6250, -7.3259, 56.6417,  -143.6250, -9.8446, 56.6259,  64, 64, 64
L -142.6250, -4.6250, 56.6259,  -142.6250, -7.3830, 56.6259,  64, 64, 64
L -153.3750, -4.6249, 56.6259,  -142.6250, -4.6250, 56.6259,  64, 64, 64
L -153.3750, -7.3868, 56.6259,  -153.3750, -4.6249, 56.6259,  64, 64, 64
L -152.3750, -9.8446, 56.6259,  -152.3750, -7.2906, 56.6259,  64, 64, 64
L -168.3750, -25.8446, 56.6259,  -152.3750, -9.8446, 56.6259,  64, 64, 64
L -168.3750, -134.6250, 56.6259,  -168.3750, -25.8446, 56.6259,  64, 64, 64
L -244.6250, -134.6250, 56.6259,  -168.3750, -134.6250, 56.6259,  64, 64, 64
L -244.6250, -69.3748, 56.6259,  -244.6250, -134.6250, 56.6259,  64, 64, 64
L -220.6250, -69.3752, 56.6259,  -244.6250, -69.3748, 56.6259,  64, 64, 64
L -220.6250, -64.6250, 56.6259,  -220.6250, -69.3752, 56.6259,  64, 64, 64
L -198.9368, -65.3750, 56.6259,  -220.6250, -65.3747, 56.6259,  64, 64, 64
L -194.5920, -64.2038, 56.9000,  -198.9368, -65.3750, 56.9000,  64, 64, 64
L -192.5950, -63.4359, 56.9000,  -194.5875, -64.2353, 56.9000,  64, 64, 64
L -188.3370, -60.4943, 56.9000,  -192.5950, -63.4359, 56.9000,  64, 64, 64
L -185.3089, -57.8395, 56.9000,  -188.3370, -60.4943, 56.9000,  64, 64, 64
L -181.7136, -53.3273, 56.9000,  -185.3089, -57.8395, 56.9000,  64, 64, 64
L -180.5485, -49.7417, 56.9000,  -181.7136, -53.3273, 56.9000,  64, 64, 64
L -179.6250, -46.4740, 56.9000,  -180.5349, -49.6876, 56.9000,  64, 64, 64
L -194.3750, -25.6249, 56.6259,  -179.6247, -25.6250, 56.6259,  127, 127, 127
L -194.3750, -45.9114, 56.6259,  -194.3750, -25.6249, 56.6259,  64, 64, 64
L -195.3024, -47.7663, 56.6259,  -194.3750, -45.9114, 56.6259,  64, 64, 64
L -197.2221, -49.6918, 56.6259,  -195.3024, -47.7663, 56.6259,  64, 64, 64
L -199.8850, -50.6250, 56.6259,  -197.2221, -49.6918, 56.6259,  64, 64, 64
L -220.6250, -50.6250, 56.6259,  -199.8850, -50.6250, 56.6259,  64, 64, 64
L -220.6250, -46.8445, 56.6259,  -220.6250, -50.6250, 56.6259,  64, 64, 64
L -244.8446, -22.6250, 56.6259,  -220.6250, -46.8445, 56.6259,  64, 64, 64
L -248.6250, -22.6250, 56.6259,  -244.8446, -22.6250, 56.6259,  64, 64, 64
L -223.6250, 18.3750, 56.6259,  -223.6250, 3.6246, 56.6259,  127, 127, 127
L -239.5824, 18.3752, 56.9000,  -223.6250, 18.3750, 56.6259,  64, 64, 64
L -244.4230, 18.3747, 56.6259,  -239.5824, 18.3752, 56.9000,  64, 64, 64
L -250.7512, 16.5943, 56.9000,  -244.4230, 18.3747, 56.9000,  64, 64, 64
L -254.8293, 13.5969, 56.9000,  -250.7512, 16.5943, 56.9000,  64, 64, 64
L -258.8650, 10.5103, 56.9000,  -254.8293, 13.5969, 56.9000,  64, 64, 64
L -261.7513, 5.5414, 56.9000,  -258.8650, 10.5103, 56.9000,  64, 64, 64
L -263.3750, -0.9524, 56.9000,  -261.7513, 5.5414, 56.9000,  64, 64, 64
L -263.3745, -22.6250, 56.6259,  -263.3750, -0.9524, 56.6259,  64, 64, 64
L -267.3749, -22.6250, 56.6259,  -262.6249, -22.6250, 56.6259,  64, 64, 64
L -267.3750, -46.6250, 56.6259,  -267.3749, -22.6250, 56.6259,  64, 64, 64
L -332.6250, -46.6250, 56.6259,  -267.3750, -46.6250, 56.6259,  64, 64, 64
L -332.6250, 29.6250, 56.6259,  -332.6250, -46.6250, 56.6259,  64, 64, 64
L -223.8448, 29.6248, 56.6259,  -332.6250, 29.6250, 56.6259,  64, 64, 64
L -207.8446, 45.6250, 56.6259,  -223.8448, 29.6248, 56.6259,  64, 64, 64
L -205.3256, 45.6250, 56.6441,  -207.8446, 45.6250, 56.6259,  64, 64, 64
L -205.3286, 44.6250, 56.6259,  -205.2954, 55.3750, 56.6441,  64, 64, 64
L -202.6250, 44.6250, 56.6259,  -205.3286, 44.6250, 56.6259,  64, 64, 64
L -202.6246, 55.3750, 56.6259,  -202.6250, 44.6250, 56.6259,  64, 64, 64
L -205.2954, 55.3750, 56.6259,  -202.6246, 55.3750, 56.6259,  64, 64, 64
L -207.8446, 54.3750, 56.6259,  -205.2906, 54.3750, 56.6261,  64, 64, 64
L -223.6250, 70.1552, 56.6259,  -207.8446, 54.3750, 56.6259,  64, 64, 64
L -223.6250, 85.6744, 56.6469,  -223.6250, 70.1552, 56.6259,  64, 64, 64
L -222.6250, 85.6705, 56.6259,  -223.6250, 85.6744, 56.6469,  64, 64, 64
L -222.6250, 88.3750, 56.6259,  -222.6250, 85.6705, 56.6259,  64, 64, 64
L -229.3750, 88.3752, 56.6259,  -222.6250, 88.3750, 56.6259,  64, 64, 64
L -229.3750, 85.7092, 56.6259,  -229.3750, 88.3752, 56.6259,  64, 64, 64
L -228.3748, 85.7094, 56.6266,  -229.3750, 85.7092, 56.6259,  64, 64, 64
L -228.3750, 84.3750, 56.6259,  -228.3748, 85.7094, 56.6266,  64, 64, 64
L -351.6250, 84.3750, 56.6259,  -228.3750, 84.3750, 56.6259,  64, 64, 64
L -351.6250, 101.6250, 56.6259,  -351.6250, 84.3750, 56.6259,  64, 64, 64
L -331.2876, 101.6250, 56.6587,  -351.6250, 101.6250, 56.6259,  64, 64, 64
L -331.2663, 100.6250, 56.6259,  -331.2876, 101.6250, 56.6587,  64, 64, 64
L -328.6240, 100.6250, 56.6259,  -331.2663, 100.6250, 56.6259,  64, 64, 64
L -328.6318, 107.3750, 56.6259,  -328.6240, 100.6250, 56.6259,  64, 64, 64
L -331.2905, 107.3750, 56.6259,  -328.6318, 107.3750, 56.6259,  64, 64, 64
L -331.2905, 106.3750, 56.6259,  -331.2905, 107.3750, 56.6274,  64, 64, 64
L -351.6250, 106.3750, 56.6259,  -331.2905, 106.3750, 56.6259,  64, 64, 64
L -351.6250, 151.6250, 56.6259,  -351.6250, 106.3750, 56.6259,  64, 64, 64
L -294.3745, 151.6250, 56.6259,  -351.6250, 151.6250, 56.6259,  64, 64, 64
L -294.3750, 106.3748, 56.6259,  -294.3745, 151.6250, 56.6259,  64, 64, 64
L -316.6738, 106.3755, 56.6259,  -294.3750, 106.3748, 56.6259,  64, 64, 64
L -316.6976, 107.3750, 56.6259,  -316.6738, 106.3755, 56.6398,  64, 64, 64
L -319.3749, 107.3750, 56.6259,  -316.6976, 107.3750, 56.6259,  64, 64, 64
L -319.3752, 100.6250, 56.6259,  -319.3749, 107.3750, 56.6259,  64, 64, 64
L -316.6478, 100.6250, 56.6259,  -319.3752, 100.6250, 56.6259,  64, 64, 64
L -316.7094, 101.6250, 56.6259,  -316.6478, 100.6250, 56.6259,  64, 64, 64
L -267.3249, 101.6250, 56.6539,  -316.7094, 101.6250, 56.6259,  64, 64, 64
L -267.3270, 101.1461, 56.6268,  -267.3249, 101.6250, 56.6539,  64, 64, 64
L -265.2436, 100.6250, 56.6259,  -266.8512, 100.6250, 56.6259,  64, 64, 64
L -264.6250, 107.3750, 56.6259,  -264.6250, 101.1510, 56.6259,  64, 64, 64
L -267.1451, 107.3750, 56.6259,  -264.6250, 107.3750, 56.6259,  64, 64, 64
L -289.6249, 106.1868, 56.3134,  -267.1451, 106.1875, 56.3134,  64, 64, 64
L -267.1453, 106.1875, 56.3134,  -267.1451, 107.3750, 56.3147,  64, 64, 64
L -289.6250, 151.6252, 56.6259,  -289.6249, 106.1868, 56.6259,  64, 64, 64
L -228.3745, 151.6250, 56.6259,  -289.6250, 151.6252, 56.6259,  64, 64, 64
L -228.3750, 106.3750, 56.6259,  -228.3745, 151.6250, 56.6259,  64, 64, 64
L -252.6733, 106.3750, 56.6319,  -228.3750, 106.3750, 56.6259,  64, 64, 64
L -252.7575, 107.3750, 56.6259,  -252.6733, 106.3750, 56.6319,  64, 64, 64
L -255.3750, 107.3750, 56.6259,  -252.7575, 107.3750, 56.6259,  64, 64, 64
L -255.3750, 100.6250, 56.6259,  -255.3750, 107.3750, 56.6259,  64, 64, 64
L -252.6452, 100.6250, 56.6259,  -255.3750, 100.6250, 56.6259,  64, 64, 64
L -252.7093, 101.6250, 56.6259,  -252.6452, 100.6250, 56.6259,  64, 64, 64
L -228.3750, 101.6250, 56.6259,  -252.7093, 101.6250, 56.6259,  64, 64, 64
L -228.3750, 100.3258, 56.6441,  -228.3750, 101.6250, 56.6259,  64, 64, 64
L -229.3750, 100.3282, 56.6259,  -228.3750, 100.3258, 56.6441,  64, 64, 64
L -229.3750, 97.6251, 56.6259,  -229.3750, 100.3282, 56.6259,  64, 64, 64
L -222.6250, 97.6230, 56.6259,  -229.3750, 97.6251, 56.6259,  64, 64, 64
L -222.6250, 100.3555, 56.6259,  -222.6250, 97.6230, 56.6259,  64, 64, 64
L -223.6250, 100.2904, 56.6259,  -222.6250, 100.3555, 56.6278,  64, 64, 64
L -223.6250, 151.6250, 56.6259,  -223.6250, 100.2904, 56.6259,  64, 64, 64
L -207.6250, 151.6250, 56.6259,  -223.6250, 151.6250, 56.6259,  64, 64, 64
L -207.6250, 188.2200, 56.6259,  -207.6250, 151.6250, 56.6259,  64, 64, 64
L -192.3751, 151.6250, 56.6259,  -192.3750, 188.3064, 56.6259,  64, 64, 64
L -172.3745, 151.6250, 56.6259,  -192.3751, 151.6250, 56.6259,  64, 64, 64
L -172.3750, 70.1552, 56.6259,  -172.3745, 151.6250, 56.6259,  64, 64, 64
L -188.1553, 54.3750, 56.6259,  -172.3750, 70.1552, 56.6259,  64, 64, 64
L -190.6727, 54.3748, 56.6259,  -188.1553, 54.3750, 56.6259,  64, 64, 64
L -190.6727, 55.3750, 56.6259,  -190.6727, 44.6250, 56.6259,  64, 64, 64
L -193.3750, 55.3750, 56.6259,  -190.6727, 55.3750, 56.6259,  64, 64, 64
L -193.3750, 44.6250, 56.6259,  -193.3750, 55.3750, 56.6259,  64, 64, 64
L -190.6727, 44.6250, 56.6259,  -193.3750, 44.6250, 56.6259,  64, 64, 64
L -188.1551, 45.6250, 56.6259,  -190.6727, 45.6250, 56.6259,  64, 64, 64
L -152.3750, 9.8446, 56.6259,  -188.1551, 45.6250, 56.6259,  64, 64, 64
L -152.3750, 7.3272, 56.6259,  -152.3750, 9.8446, 56.6259,  64, 64, 64
L -153.3750, 7.3272, 56.6259,  -142.6250, 7.3272, 56.6259,  64, 64, 64
L -153.3750, 4.6250, 56.6259,  -153.3750, 7.3272, 56.6259,  64, 64, 64
L -142.6250, 4.6250, 56.6259,  -153.3750, 4.6250, 56.6259,  64, 64, 64
L -142.6250, 7.3272, 56.6259,  -142.6250, 4.6250, 56.6259,  64, 64, 64
L -143.6250, 9.8446, 56.6259,  -143.6250, 7.2906, 56.6259,  64, 64, 64
L -127.8445, 25.6250, 56.6259,  -143.6250, 9.8446, 56.6259,  64, 64, 64
L -48.3748, 25.6250, 56.6259,  -127.8445, 25.6250, 56.6259,  64, 64, 64
L -48.3753, 7.6250, 56.6259,  -48.3748, 25.6250, 56.6259,  64, 64, 64
L -11.6030, 7.6250, 56.6259,  -48.3753, 7.6250, 56.6259,  64, 64, 64
L -11.7571, 188.3960, 56.6259,  -11.6030, 7.6250, 56.6259,  64, 64, 64
L -192.3750, 188.3064, 56.6259,  -11.7571, 188.3960, 56.6259,  64, 64, 64
L -388.3743, 188.3471, 56.6259,  -207.6250, 188.2200, 56.7096,  64, 64, 64
L -388.1961, -188.2113, 56.6259,  -388.3743, 188.3471, 56.6259,  64, 64, 64
L -11.7248, -188.1619, 56.6259,  -388.1961, -188.2113, 56.6259,  64, 64, 64
L -11.9916, -7.6250, 56.7293,  -11.7248, -188.1619, 56.6259,  64, 64, 64
L -445.6250, -244.6250, 56.6259,  183.6250, -244.6250, 56.6259,  64, 64, 64
L -445.6250, 1101.6250, 56.6259,  -445.6250, -244.6250, 56.6259,  64, 64, 64
L 905.6249, 1101.6250, 56.6259,  -445.6250, 1101.6250, 56.6259,  64, 64, 64
L 905.6250, -244.6250, 56.6259,  905.6249, 1101.6250, 56.6259,  64, 64, 64
L 280.3747, -244.6250, 56.6259,  905.6250, -244.6250, 56.6259,  64, 64, 64
L 1091.3727, 495.6250, 55.8973,  1342.6249, 495.6250, 55.8973,  0, 0, 240
L 1091.3749, 352.3750, 55.8973,  1091.3727, 495.6250, 55.8973,  0, 0, 240
L 1342.6250, 352.3750, 55.8973,  1091.3749, 352.3750, 55.8973,  0, 0, 240
L 1342.6250, 495.6250, 55.8898,  1342.6250, 352.3750, 55.8973,  0, 0, 240
L 1258.3750, 712.1553, 58.6259,  1258.3750, 723.8445, 58.6259,  0, 127, 0
L 1265.1552, 705.3749, 58.6259,  1258.3750, 712.1553, 58.6259,  0, 127, 0
L 1286.8445, 705.3749, 58.6259,  1265.1552, 705.3749, 58.6259,  0, 127, 0
L 1336.5387, 755.6910, 58.6259,  1286.8445, 705.3749, 58.6259,  0, 127, 0
L 1336.6249, 894.8445, 58.6259,  1336.5387, 755.6910, 58.6259,  0, 127, 0
L 1286.8445, 944.6249, 58.6259,  1336.6249, 894.8445, 58.6259,  0, 127, 0
L 1265.1537, 944.6250, 58.6259,  1286.8445, 944.6249, 58.6259,  0, 127, 0
L 1258.3749, 937.8445, 58.6259,  1265.1537, 944.6250, 58.6259,  0, 127, 0
L 1258.3749, 926.1553, 58.6259,  1258.3749, 937.8445, 58.6259,  0, 127, 0
L 1265.1552, 919.3749, 58.6259,  1258.3749, 926.1553, 58.6259,  0, 127, 0
L 1281.1554, 919.3744, 58.6259,  1265.1552, 919.3749, 58.6259,  0, 127, 0
L 1311.3749, 889.1553, 58.6259,  1281.1554, 919.3744, 58.6259,  0, 127, 0
L 1311.3748, 760.8445, 58.6259,  1311.3749, 889.1553, 58.6259,  0, 127, 0
L 1281.1558, 730.6250, 58.6259,  1311.3748, 760.8445, 58.6259,  0, 127, 0
L 1265.7931, 730.6248, 58.6259,  1281.1558, 730.6250, 58.6259,  0, 127, 0
L 1258.3750, 723.8445, 58.6259,  1265.7931, 730.6248, 58.6259,  0, 127, 0
L 1147.1552, 705.3749, 58.6259,  1097.3749, 755.1553, 58.6259,  0, 127, 0
L 1168.8445, 705.3749, 58.6259,  1147.1552, 705.3749, 58.6259,  0, 127, 0
L 1175.6250, 712.1553, 58.6259,  1168.8445, 705.3749, 58.6259,  0, 127, 0
L 1175.6249, 723.8445, 58.6259,  1175.6250, 712.1553, 58.6259,  0, 127, 0
L 1168.8444, 730.6250, 58.6259,  1175.6249, 723.8445, 58.6259,  0, 127, 0
L 1152.8444, 730.6249, 58.6259,  1168.8444, 730.6250, 58.6259,  0, 127, 0
L 1122.6250, 760.8442, 58.6259,  1152.8444, 730.6249, 58.6259,  0, 127, 0
L 1122.6249, 889.1552, 58.6259,  1122.6250, 760.8442, 58.6259,  0, 127, 0
L 1152.8434, 919.3749, 58.6259,  1122.6249, 889.1552, 58.6259,  0, 127, 0
L 1168.8445, 919.3749, 58.6259,  1152.8434, 919.3749, 58.6259,  0, 127, 0
L 1175.6250, 926.1553, 58.6259,  1168.8445, 919.3749, 58.6259,  0, 127, 0
L 1175.6249, 937.8445, 58.6259,  1175.6250, 926.1553, 58.6259,  0, 127, 0
L 1168.8445, 944.6249, 58.6259,  1175.6249, 937.8445, 58.6259,  0, 127, 0
L 1147.1537, 944.6250, 58.6259,  1168.8445, 944.6249, 58.6259,  0, 127, 0
L 1097.3748, 894.8445, 58.6259,  1147.1537, 944.6250, 58.6259,  0, 127, 0
L 1097.3749, 755.1553, 58.6259,  1097.3748, 894.8445, 58.6259,  0, 127, 0
L 1258.3749, 129.1553, 58.6259,  1258.3749, 140.8446, 58.6259,  0, 127, 0
L 1265.1552, 122.3750, 58.6259,  1258.3749, 129.1553, 58.6259,  0, 127, 0
L 1281.1476, 122.3752, 58.6259,  1265.1552, 122.3750, 58.6259,  0, 127, 0
L 1311.3750, 92.1556, 58.6259,  1281.1476, 122.3752, 58.6259,  0, 127, 0
L 1311.3750, -36.1552, 58.6259,  1311.3750, 92.1556, 58.6259,  0, 127, 0
L 1281.1552, -66.3750, 58.6259,  1311.3750, -36.1552, 58.6259,  0, 127, 0
L 1265.1552, -66.3750, 58.6259,  1281.1552, -66.3750, 58.6259,  0, 127, 0
L 1258.3749, -73.1554, 58.6259,  1265.1552, -66.3750, 58.6259,  0, 127, 0
L 1258.3749, -84.8444, 58.6259,  1258.3749, -73.1554, 58.6259,  0, 127, 0
L 1265.1552, -91.6250, 58.6259,  1258.3749, -84.8444, 58.6259,  0, 127, 0
L 1286.8445, -91.6250, 58.6259,  1265.1552, -91.6250, 58.6259,  0, 127, 0
L 1336.6250, -41.8447, 58.6259,  1286.8445, -91.6250, 58.6259,  0, 127, 0
L 1336.6249, 97.8447, 58.6259,  1336.6250, -41.8447, 58.6259,  0, 127, 0
L 1286.8445, 147.6250, 58.6259,  1336.6249, 97.8447, 58.6259,  0, 127, 0
L 1265.1532, 147.6250, 58.6259,  1286.8445, 147.6250, 58.6259,  0, 127, 0
L 1258.3749, 140.8446, 58.6259,  1265.1532, 147.6250, 58.6259,  0, 127, 0
L 1175.6250, 129.1553, 58.6259,  1168.8445, 122.3750, 58.6259,  0, 127, 0
L 1175.6249, 140.8446, 58.6259,  1175.6250, 129.1553, 58.6259,  0, 127, 0
L 1168.8445, 147.6250, 58.6259,  1175.6249, 140.8446, 58.6259,  0, 127, 0
L 1147.1536, 147.6250, 58.6259,  1168.8445, 147.6250, 58.6259,  0, 127, 0
L 1097.3749, 97.8445, 58.6259,  1147.1536, 147.6250, 58.6259,  0, 127, 0
L 1097.3749, -41.8445, 58.6259,  1097.3749, 97.8445, 58.6259,  0, 127, 0
L 1147.1552, -91.6250, 58.6259,  1097.3749, -41.8445, 58.6259,  0, 127, 0
L 1168.8445, -91.6250, 58.6259,  1147.1552, -91.6250, 58.6259,  0, 127, 0
L 1175.6250, -84.8447, 58.6259,  1168.8445, -91.6250, 58.6259,  0, 127, 0
L 1175.6250, -73.1551, 58.6259,  1175.6250, -84.8447, 58.6259,  0, 127, 0
L 1168.8445, -66.3748, 58.6259,  1175.6250, -73.1551, 58.6259,  0, 127, 0
L 1152.8445, -66.3750, 58.6259,  1168.8445, -66.3748, 58.6259,  0, 127, 0
L 1122.6249, -36.1828, 58.6259,  1152.8445, -66.3750, 58.6259,  0, 127, 0
L 1122.6243, 92.1548, 58.6259,  1122.6249, -36.1828, 58.6259,  0, 127, 0
L 1152.8417, 122.3750, 58.6259,  1122.6243, 92.1548, 58.6259,  0, 127, 0
L 1168.8445, 122.3750, 58.6259,  1152.8417, 122.3750, 58.6259,  0, 127, 0
L 1214.6249, 39.6250, 86.6260,  1214.6249, 68.3750, 59.6259,  64, 64, 64
L 1207.3750, 39.6250, 86.6260,  1207.3748, 68.3748, 59.6259,  64, 64, 64
L 1214.6248, 16.3750, 86.6260,  1214.6250, -12.3750, 59.6259,  64, 64, 64
L 1207.3749, 16.3750, 86.6260,  1207.3748, -12.3750, 59.6259,  64, 64, 64
L 1222.6250, 16.3750, 86.6260,  1214.6248, 16.3750, 86.6260,  64, 64, 64
L 1222.6250, 39.6250, 86.6260,  1222.6250, 16.3750, 86.6260,  64, 64, 64
L 1214.6249, 39.6250, 86.6260,  1222.6250, 39.6250, 86.6260,  64, 64, 64
L 1199.3749, 39.6250, 86.6260,  1207.3750, 39.6250, 86.6260,  64, 64, 64
L 1199.3749, 16.3750, 86.6260,  1199.3749, 39.6250, 86.6260,  64, 64, 64
L 1207.3749, 16.3750, 86.6260,  1199.3749, 16.3750, 86.6260,  64, 64, 64
L 1206.6227, -14.3750, 56.6259,  1206.6250, -12.3750, 56.6259,  64, 64, 64
L 1215.3737, -14.3751, 56.6259,  1206.6227, -14.3750, 56.6259,  64, 64, 64
L 1215.3749, -12.3750, 56.6259,  1215.3737, -14.3751, 56.6259,  64, 64, 64
L 1251.3748, -12.3752, 56.6259,  1214.6250, -12.3750, 56.6259,  64, 64, 64
L 1251.3750, 68.3750, 56.6259,  1251.3748, -12.3752, 56.6259,  64, 64, 64
L 1214.6249, 68.3750, 56.6259,  1251.3750, 68.3750, 56.6259,  64, 64, 64
L 1215.3748, 70.3750, 56.6259,  1215.3749, 68.3750, 56.6259,  64, 64, 64
L 1206.6250, 70.3750, 56.6259,  1215.3748, 70.3750, 56.6259,  64, 64, 64
L 1206.6250, 68.3748, 56.6259,  1206.6250, 70.3750, 56.6259,  64, 64, 64
L 1170.6250, 68.3753, 56.6259,  1207.3748, 68.3748, 56.6259,  64, 64, 64
L 1170.6243, -12.3750, 56.6259,  1170.6250, 68.3753, 56.6259,  64, 64, 64
L 1207.3748, -12.3750, 56.6259,  1170.6243, -12.3750, 56.6259,  64, 64, 64
L 1169.1548, -96.3752, 56.6259,  1146.8444, -96.3750, 56.6259,  64, 64, 64
L 1264.8438, -96.3750, 56.6259,  1253.6249, -85.1551, 56.6259,  64, 64, 64
L 1287.1552, -96.3750, 56.6259,  1264.8438, -96.3750, 56.6259,  64, 64, 64
L 1341.3748, -42.1554, 56.6259,  1287.1552, -96.3750, 56.6259,  64, 64, 64
L 1341.3749, 98.1554, 56.6259,  1341.3748, -42.1554, 56.6259,  64, 64, 64
L 1287.1552, 152.3750, 56.6259,  1341.3749, 98.1554, 56.6259,  64, 64, 64
L 1264.8445, 152.3752, 56.6259,  1287.1552, 152.3750, 56.6259,  64, 64, 64
L 1253.6250, 141.1553, 56.6259,  1264.8445, 152.3752, 56.6259,  64, 64, 64
L 1253.6243, 128.8451, 56.6259,  1253.6250, 141.1553, 56.6259,  64, 64, 64
L 1264.8445, 117.6250, 56.6259,  1253.6243, 128.8451, 56.6259,  64, 64, 64
L 1280.8445, 117.6250, 56.6259,  1264.8445, 117.6250, 56.6259,  64, 64, 64
L 1306.6250, 91.8445, 56.6259,  1280.8445, 117.6250, 56.6259,  64, 64, 64
L 1306.6250, -35.8447, 56.6259,  1306.6250, 91.8445, 56.6259,  64, 64, 64
L 1280.8445, -61.6251, 56.6259,  1306.6250, -35.8447, 56.6259,  64, 64, 64
L 1264.8445, -61.6250, 56.6259,  1280.8445, -61.6251, 56.6259,  64, 64, 64
L 1253.6249, -72.8445, 56.6259,  1264.8445, -61.6250, 56.6259,  64, 64, 64
L 1253.6249, -85.1551, 56.6259,  1253.6249, -72.8445, 56.6259,  64, 64, 64
L 1180.3748, -85.1570, 56.6259,  1169.1548, -96.3752, 56.6259,  64, 64, 64
L 1180.3749, -72.8447, 56.6259,  1180.3748, -85.1570, 56.6259,  64, 64, 64
L 1169.1559, -61.6250, 56.6259,  1180.3749, -72.8447, 56.6259,  64, 64, 64
L 1153.1531, -61.6250, 56.6259,  1169.1559, -61.6250, 56.6259,  64, 64, 64
L 1127.3749, -35.8447, 56.6259,  1153.1531, -61.6250, 56.6259,  64, 64, 64
L 1127.3749, 91.8445, 56.6259,  1127.3749, -35.8447, 56.6259,  64, 64, 64
L 1153.1552, 117.6250, 56.6259,  1127.3749, 91.8445, 56.6259,  64, 64, 64
L 1169.1548, 117.6244, 56.6259,  1153.1552, 117.6250, 56.6259,  64, 64, 64
L 1180.3748, 128.8446, 56.6259,  1169.1548, 117.6244, 56.6259,  64, 64, 64
L 1180.3749, 141.1553, 56.6259,  1180.3748, 128.8446, 56.6259,  64, 64, 64
L 1169.1554, 152.3750, 56.6259,  1180.3749, 141.1553, 56.6259,  64, 64, 64
L 1146.8445, 152.3753, 56.6259,  1169.1554, 152.3750, 56.6259,  64, 64, 64
L 1092.6250, 98.1564, 56.6259,  1146.8445, 152.3753, 56.6259,  64, 64, 64
L 1092.6248, -42.1552, 56.6259,  1092.6250, 98.1564, 56.6259,  64, 64, 64
L 1146.8444, -96.3750, 56.6259,  1092.6248, -42.1552, 56.6259,  64, 64, 64
L 166.8936, 495.1055, 190.6273,  179.3747, 495.1064, 190.6260,  64, 64, 64
L 166.8936, 495.1055, 190.6260,  166.8936, 482.6250, 190.6260,  64, 64, 64
L 297.1066, 495.9710, 190.6394,  284.6250, 495.1360, 190.6260,  64, 64, 64
L 297.1035, 482.6250, 190.6305,  297.1066, 495.9710, 190.6260,  64, 64, 64
L 297.1041, 368.8937, 190.6291,  297.1066, 381.3750, 190.6260,  64, 64, 64
L 284.6250, 368.8937, 190.6260,  297.1041, 368.8937, 190.6260,  64, 64, 64
L 166.8936, 368.8937, 190.6260,  179.3750, 368.8937, 190.6260,  64, 64, 64
L 166.8936, 381.3750, 190.6260,  166.8936, 368.8937, 190.6260,  64, 64, 64
L 272.3749, 394.6250, 192.6260,  191.6246, 394.6250, 192.6260,  64, 64, 64
L 272.3750, 469.3749, 192.6260,  272.3749, 394.6250, 192.6260,  64, 64, 64
L 191.6250, 469.3752, 192.6260,  272.3750, 469.3749, 192.6260,  64, 64, 64
L 191.6246, 394.6250, 192.6260,  191.6250, 469.3752, 192.6260,  64, 64, 64
L 274.3750, 392.6236, 191.6260,  189.6243, 392.6250, 191.6260,  64, 64, 64
L 274.3752, 471.3752, 191.6260,  274.3750, 392.6236, 191.6260,  64, 64, 64
L 189.6250, 471.3754, 191.6260,  274.3752, 471.3752, 191.6260,  64, 64, 64
L 189.6243, 392.6250, 191.6260,  189.6250, 471.3754, 191.6260,  64, 64, 64
L 276.3750, 390.6243, 190.6260,  187.6392, 390.6250, 190.6260,  64, 64, 64
L 276.3756, 473.3750, 190.6260,  276.3750, 390.6243, 190.6260,  64, 64, 64
L 187.6247, 473.3759, 190.6260,  276.3756, 473.3750, 190.6260,  64, 64, 64
L 187.6392, 390.6250, 190.6333,  187.6247, 473.3759, 190.6260,  64, 64, 64
L 284.6250, 369.3750, 189.6260,  179.3750, 369.3750, 189.6260,  240, 240, 240
L 284.6250, 381.3750, 189.6260,  284.6250, 368.8937, 189.6260,  64, 64, 64
L 179.3748, 380.6250, 189.6260,  284.6250, 380.6250, 189.6260,  240, 240, 240
L 179.3750, 368.8937, 189.6260,  179.3747, 381.3747, 189.6260,  64, 64, 64
L 167.3750, 381.3750, 189.6260,  167.3669, 482.6250, 189.6260,  240, 240, 240
L 179.3747, 381.3747, 189.6260,  166.8936, 381.3750, 189.6260,  64, 64, 64
L 178.6250, 482.6250, 189.6260,  178.6250, 381.3749, 189.6260,  240, 240, 240
L 166.8936, 482.6250, 189.6260,  179.3750, 482.6250, 189.6260,  64, 64, 64
L 285.3750, 381.3750, 189.6260,  285.3743, 482.6250, 189.6260,  240, 240, 240
L 297.1066, 381.3750, 189.6260,  284.6250, 381.3750, 189.6260,  64, 64, 64
L 296.6250, 482.6250, 189.6260,  296.6250, 381.3750, 189.6260,  240, 240, 240
L 284.6250, 482.6250, 189.6260,  297.1035, 482.6250, 189.6260,  64, 64, 64
L 179.3750, 482.6250, 189.6260,  179.3747, 495.1064, 189.6260,  64, 64, 64
L 284.6250, 483.3750, 189.6260,  179.3750, 483.3750, 189.6260,  240, 240, 240
L 284.6250, 495.1360, 189.6260,  284.6250, 482.6250, 189.6260,  64, 64, 64
L 179.3750, 494.6250, 189.6260,  284.6250, 494.6250, 189.6260,  240, 240, 240
L 236.6247, 552.6268, 190.6260,  236.6250, 563.3749, 190.6260,  64, 64, 64
L 239.2804, 552.6244, 190.6260,  236.6247, 552.6268, 190.6260,  64, 64, 64
L 239.2744, 553.6250, 190.6260,  239.2804, 552.6244, 190.6297,  64, 64, 64
L 353.6249, 553.6249, 190.6260,  239.2744, 553.6250, 190.6260,  64, 64, 64
L 353.6250, 439.3197, 190.6593,  353.6249, 553.6249, 190.6260,  64, 64, 64
L 352.6250, 439.3254, 190.6260,  353.6250, 439.3197, 190.6593,  64, 64, 64
L 352.6250, 436.6247, 190.6260,  352.6250, 439.3254, 190.6260,  64, 64, 64
L 363.3639, 436.6250, 190.6260,  352.6250, 436.6247, 190.6260,  64, 64, 64
L 363.3781, 439.2799, 190.6260,  363.3639, 436.6250, 190.6260,  64, 64, 64
L 362.3750, 439.2850, 190.6260,  363.3781, 439.2799, 190.6603,  64, 64, 64
L 362.3750, 562.3749, 190.6260,  362.3750, 439.2850, 190.6260,  64, 64, 64
L 239.3185, 562.3750, 190.6930,  362.3750, 562.3749, 190.6260,  64, 64, 64
L 239.3962, 563.3749, 190.6260,  239.3185, 562.3750, 190.6930,  64, 64, 64
L 236.6250, 563.3749, 190.6260,  239.3962, 563.3749, 190.6260,  64, 64, 64
L 100.6252, 439.3238, 190.6297,  101.6250, 439.3238, 190.6290,  64, 64, 64
L 100.6243, 436.6331, 190.6260,  100.6252, 439.3238, 190.6260,  64, 64, 64
L 111.3750, 436.6245, 190.6260,  100.6243, 436.6331, 190.6260,  64, 64, 64
L 111.3750, 439.3231, 190.6260,  111.3750, 436.6245, 190.6260,  64, 64, 64
L 110.3750, 439.3240, 190.6260,  111.3750, 439.3231, 190.6339,  64, 64, 64
L 110.3748, 553.6249, 190.6260,  110.3750, 439.3240, 190.6260,  64, 64, 64
L 224.6778, 553.6250, 190.6504,  110.3748, 553.6249, 190.6260,  64, 64, 64
L 224.6719, 552.6250, 190.6305,  224.6778, 553.6250, 190.6504,  64, 64, 64
L 227.3750, 552.6250, 190.6260,  224.6719, 552.6250, 190.6260,  64, 64, 64
L 227.3750, 563.3749, 190.6260,  227.3750, 552.6250, 190.6260,  64, 64, 64
L 224.7135, 563.3749, 190.6260,  227.3750, 563.3749, 190.6260,  64, 64, 64
L 224.7149, 562.3740, 190.6260,  224.7135, 563.3749, 190.6260,  64, 64, 64
L 101.6250, 562.3750, 190.6260,  224.7149, 562.3740, 190.6260,  64, 64, 64
L 101.6250, 439.2848, 190.6260,  101.6250, 562.3750, 190.6260,  64, 64, 64
L 224.6777, 301.6250, 190.6491,  101.6250, 301.6249, 190.6260,  64, 64, 64
L 224.6741, 300.6250, 190.6348,  224.6777, 301.6250, 190.6491,  64, 64, 64
L 227.3745, 300.6250, 190.6260,  224.6741, 300.6250, 190.6260,  64, 64, 64
L 227.3750, 311.3750, 190.6260,  227.3745, 300.6250, 190.6260,  64, 64, 64
L 224.7196, 311.3750, 190.6260,  227.3750, 311.3750, 190.6260,  64, 64, 64
L 224.7150, 310.3750, 190.6260,  224.7196, 311.3750, 190.6560,  64, 64, 64
L 110.3750, 310.3750, 190.6260,  224.7150, 310.3750, 190.6260,  64, 64, 64
L 239.3231, 310.3750, 190.6382,  353.6250, 310.3750, 190.6260,  64, 64, 64
L 239.3243, 311.3749, 190.6283,  239.3231, 310.3750, 190.6382,  64, 64, 64
L 236.6250, 311.3750, 190.6260,  239.3243, 311.3749, 190.6260,  64, 64, 64
L 236.6250, 300.6250, 190.6260,  236.6250, 311.3750, 190.6260,  64, 64, 64
L 239.3243, 300.6250, 190.6260,  236.6250, 300.6250, 190.6260,  64, 64, 64
L 239.3238, 301.6250, 190.6260,  239.3243, 300.6250, 190.6260,  64, 64, 64
L 362.3750, 301.6250, 190.6260,  239.2847, 301.6250, 190.6260,  64, 64, 64
L 362.3747, 424.6789, 190.6450,  362.3750, 301.6250, 190.6260,  64, 64, 64
L 363.3749, 424.6748, 190.6260,  362.3747, 424.6789, 190.6450,  64, 64, 64
L 363.3750, 427.3750, 190.6260,  363.3749, 424.6748, 190.6260,  64, 64, 64
L 352.6249, 427.3749, 190.6260,  363.3750, 427.3750, 190.6260,  64, 64, 64
L 352.6250, 424.6725, 190.6260,  352.6249, 427.3749, 190.6260,  64, 64, 64
L 353.6250, 424.7176, 190.6261,  352.6250, 424.6725, 190.6260,  64, 64, 64
L 353.6250, 310.3750, 190.6260,  353.6250, 424.7176, 190.6261,  64, 64, 64
L 110.3747, 424.6757, 190.6260,  110.3750, 310.3750, 190.6260,  64, 64, 64
L 111.3750, 424.6757, 190.6260,  110.3747, 424.6757, 190.6260,  64, 64, 64
L 111.3750, 427.3750, 190.6260,  111.3750, 424.6757, 190.6260,  64, 64, 64
L 100.6390, 427.3749, 190.6260,  111.3750, 427.3750, 190.6260,  64, 64, 64
L 100.6201, 424.7121, 190.6260,  100.6390, 427.3749, 190.6260,  64, 64, 64
L 101.6250, 424.7149, 190.6260,  100.6201, 424.7121, 190.6260,  64, 64, 64
L 101.6250, 301.6249, 190.6260,  101.6250, 424.7149, 190.6260,  64, 64, 64
L 78.3750, 581.8445, 190.6260,  78.3751, 419.3088, 190.6260,  64, 64, 64
L 82.1552, 585.6250, 190.6260,  78.3750, 581.8445, 190.6260,  64, 64, 64
L 381.8446, 585.6249, 190.6260,  82.1552, 585.6250, 190.6260,  64, 64, 64
L 385.6250, 581.8445, 190.6260,  381.8446, 585.6249, 190.6260,  64, 64, 64
L 385.6250, 282.1553, 190.6260,  385.6250, 581.8445, 190.6260,  64, 64, 64
L 381.8446, 278.3750, 190.6260,  385.6250, 282.1553, 190.6260,  64, 64, 64
L 82.1554, 278.3750, 190.6260,  381.8446, 278.3750, 190.6260,  64, 64, 64
L 78.3750, 282.1553, 190.6260,  82.1554, 278.3750, 190.6260,  64, 64, 64
L 78.3773, 435.8890, 190.6260,  78.3750, 282.1553, 190.6260,  64, 64, 64
L 1333.9390, 295.1191, 60.6259,  1335.7488, 299.4511, 60.6259,  64, 64, 64
L 1335.7306, 290.7937, 60.6259,  1333.9390, 295.1191, 60.6259,  64, 64, 64
L 1340.9600, 288.9601, 60.6259,  1335.7306, 290.7937, 60.6259,  64, 64, 64
L 1344.4003, 290.7787, 60.6259,  1340.9600, 288.9601, 60.6259,  64, 64, 64
L 1346.1946, 295.1109, 60.6259,  1344.4003, 290.7787, 60.6259,  64, 64, 64
L 1344.4015, 299.4397, 60.6259,  1346.1946, 295.1109, 60.6259,  64, 64, 64
L 1340.1143, 301.2194, 60.6259,  1344.4015, 299.4397, 60.6259,  64, 64, 64
L 1335.7488, 299.4511, 60.6259,  1340.1143, 301.2194, 60.6259,  64, 64, 64
L 1347.2206, 353.4146, 60.6259,  1351.5525, 351.6198, 60.6259,  64, 64, 64
L 1342.8888, 351.6197, 60.6259,  1347.2206, 353.4146, 60.6259,  64, 64, 64
L 1341.9518, 347.2857, 60.6259,  1342.8888, 351.6197, 60.6259,  64, 64, 64
L 1342.8892, 342.9578, 60.6259,  1341.9518, 347.2857, 60.6259,  64, 64, 64
L 1347.1962, 341.1514, 60.6259,  1342.8892, 342.9578, 60.6259,  64, 64, 64
L 1351.5525, 342.9565, 60.6259,  1347.1962, 341.1514, 60.6259,  64, 64, 64
L 1353.3472, 347.2880, 60.6259,  1351.5525, 342.9565, 60.6259,  64, 64, 64
L 1351.5525, 351.6198, 60.6259,  1353.3472, 347.2880, 60.6259,  64, 64, 64
L 1395.7758, 360.3383, 60.6259,  1400.7417, 362.4300, 60.6259,  64, 64, 64
L 1393.9445, 355.9180, 60.6259,  1395.7758, 360.3383, 60.6259,  64, 64, 64
L 1395.7389, 351.5864, 60.6259,  1393.9445, 355.9180, 60.6259,  64, 64, 64
L 1400.7068, 349.7916, 60.6259,  1395.7389, 351.5864, 60.6259,  64, 64, 64
L 1404.3964, 351.5837, 60.6259,  1400.7068, 349.7916, 60.6259,  64, 64, 64
L 1406.2267, 355.8469, 60.6259,  1404.3964, 351.5837, 60.6259,  64, 64, 64
L 1404.4026, 360.2497, 60.6259,  1406.2267, 355.8469, 60.6259,  64, 64, 64
L 1400.7417, 362.4300, 60.6259,  1404.4026, 360.2497, 60.6259,  64, 64, 64
L 1395.2544, 488.9309, 60.6259,  1393.4595, 493.2631, 60.6259,  64, 64, 64
L 1399.5861, 487.1367, 60.6259,  1395.2544, 488.9309, 60.6259,  64, 64, 64
L 1403.9175, 488.9315, 60.6259,  1399.5861, 487.1367, 60.6259,  64, 64, 64
L 1405.7123, 493.2633, 60.6259,  1403.9175, 488.9315, 60.6259,  64, 64, 64
L 1403.9175, 497.5948, 60.6259,  1405.7123, 493.2633, 60.6259,  64, 64, 64
L 1399.5861, 499.3895, 60.6259,  1403.9175, 497.5948, 60.6259,  64, 64, 64
L 1395.2544, 497.5950, 60.6259,  1399.5861, 499.3895, 60.6259,  64, 64, 64
L 1393.4595, 493.2631, 60.6259,  1395.2544, 497.5950, 60.6259,  64, 64, 64
L 1341.8495, 500.7663, 60.6259,  1343.6442, 505.9750, 60.6259,  64, 64, 64
L 1343.6443, 496.4341, 60.6259,  1341.8495, 500.7663, 60.6259,  64, 64, 64
L 1347.9761, 494.6394, 60.6259,  1343.6443, 496.4341, 60.6259,  64, 64, 64
L 1352.3079, 496.4340, 60.6259,  1347.9761, 494.6394, 60.6259,  64, 64, 64
L 1354.1023, 500.7660, 60.6259,  1352.3079, 496.4340, 60.6259,  64, 64, 64
L 1352.3079, 505.9760, 60.6259,  1354.1023, 500.7660, 60.6259,  64, 64, 64
L 1347.9762, 506.8924, 60.6259,  1352.3079, 505.9760, 60.6259,  64, 64, 64
L 1343.6442, 505.9750, 60.6259,  1347.9762, 506.8924, 60.6259,  64, 64, 64
L 1340.9600, 546.1669, 60.6259,  1335.6768, 547.9619, 60.6259,  64, 64, 64
L 1344.3412, 547.9615, 60.6259,  1340.9600, 546.1669, 60.6259,  64, 64, 64
L 1346.1454, 552.3160, 60.6259,  1344.3412, 547.9615, 60.6259,  64, 64, 64
L 1344.2681, 556.6553, 60.6259,  1346.1454, 552.3160, 60.6259,  64, 64, 64
L 1340.9600, 558.4197, 60.6259,  1344.2681, 556.6553, 60.6259,  64, 64, 64
L 1335.6775, 556.6249, 60.6259,  1340.9600, 558.4197, 60.6259,  64, 64, 64
L 1333.8932, 552.3179, 60.6259,  1335.6775, 556.6249, 60.6259,  64, 64, 64
L 1335.6768, 547.9619, 60.6259,  1333.8932, 552.3179, 60.6259,  64, 64, 64
L 1099.8969, 552.8420, 60.6259,  1098.1023, 548.5103, 60.6259,  64, 64, 64
L 1098.1023, 557.1738, 60.6259,  1099.8969, 552.8420, 60.6259,  64, 64, 64
L 1093.7704, 558.9683, 60.6259,  1098.1023, 557.1738, 60.6259,  64, 64, 64
L 1089.4386, 557.1738, 60.6259,  1093.7704, 558.9683, 60.6259,  64, 64, 64
L 1087.6438, 552.8423, 60.6259,  1089.4386, 557.1738, 60.6259,  64, 64, 64
L 1089.4386, 548.5103, 60.6259,  1087.6438, 552.8423, 60.6259,  64, 64, 64
L 1093.7704, 546.7155, 60.6259,  1089.4386, 548.5103, 60.6259,  64, 64, 64
L 1098.1023, 548.5103, 60.6259,  1093.7704, 546.7155, 60.6259,  64, 64, 64
L 1085.8512, 494.9307, 60.6259,  1081.5409, 496.7431, 60.6259,  64, 64, 64
L 1090.2074, 496.7355, 60.6259,  1085.8512, 494.9307, 60.6259,  64, 64, 64
L 1092.2300, 501.6720, 60.6259,  1090.2074, 496.7355, 60.6259,  64, 64, 64
L 1090.2074, 505.3990, 60.6259,  1092.2300, 501.6720, 60.6259,  64, 64, 64
L 1085.8759, 507.1936, 60.6259,  1090.2074, 505.3990, 60.6259,  64, 64, 64
L 1081.5442, 505.3990, 60.6259,  1085.8759, 507.1936, 60.6259,  64, 64, 64
L 1079.7493, 501.6720, 60.6259,  1081.5442, 505.3990, 60.6259,  64, 64, 64
L 1081.5409, 496.7431, 60.6259,  1079.7493, 501.6720, 60.6259,  64, 64, 64
L 1037.8451, 488.4723, 60.6259,  1033.7990, 486.7959, 60.6259,  64, 64, 64
L 1039.9291, 492.9137, 60.6259,  1037.9646, 488.5219, 60.6259,  64, 64, 64
L 1038.1309, 497.2542, 60.6259,  1039.9291, 492.9137, 60.6259,  64, 64, 64
L 1033.8324, 499.3500, 60.6259,  1038.1309, 497.2542, 60.6259,  64, 64, 64
L 1029.4712, 497.2622, 60.6259,  1033.8324, 499.3500, 60.6259,  64, 64, 64
L 1027.6686, 492.9318, 60.6259,  1029.4712, 497.2622, 60.6259,  64, 64, 64
L 1029.3080, 488.9753, 60.6259,  1027.6686, 492.9318, 60.6259,  64, 64, 64
L 1033.7990, 486.7959, 60.6259,  1029.6626, 488.5097, 60.6259,  64, 64, 64
L 1038.8671, 358.6662, 60.6259,  1040.6586, 354.3426, 60.6259,  64, 64, 64
L 1034.5707, 360.4850, 60.6259,  1038.8671, 358.6662, 60.6259,  64, 64, 64
L 1030.2002, 358.6741, 60.6259,  1034.5707, 360.4850, 60.6259,  64, 64, 64
L 1028.4054, 354.3424, 60.6259,  1030.2002, 358.6741, 60.6259,  64, 64, 64
L 1030.2002, 350.1080, 60.6259,  1028.4054, 354.3424, 60.6259,  64, 64, 64
L 1034.5320, 348.2160, 60.6259,  1030.2002, 350.1080, 60.6259,  64, 64, 64
L 1038.8639, 350.1080, 60.6259,  1034.5320, 348.2160, 60.6259,  64, 64, 64
L 1040.6586, 354.3426, 60.6259,  1038.8639, 350.1080, 60.6259,  64, 64, 64
L 1092.5359, 347.2436, 60.6259,  1090.2588, 342.9121, 60.6259,  64, 64, 64
L 1090.2581, 351.5778, 60.6259,  1092.5359, 347.2436, 60.6259,  64, 64, 64
L 1085.9092, 353.3627, 60.6259,  1090.2581, 351.5778, 60.6259,  64, 64, 64
L 1081.5929, 351.5753, 60.6259,  1085.9092, 353.3627, 60.6259,  64, 64, 64
L 1079.8257, 347.1827, 60.6259,  1081.5929, 351.5753, 60.6259,  64, 64, 64
L 1081.5955, 342.9119, 60.6259,  1079.8257, 347.1827, 60.6259,  64, 64, 64
L 1085.9269, 341.1173, 60.6259,  1081.5955, 342.9119, 60.6259,  64, 64, 64
L 1090.2588, 342.9121, 60.6259,  1085.9269, 341.1173, 60.6259,  64, 64, 64
L 1101.6078, 294.9938, 60.6259,  1099.2660, 290.6619, 60.6259,  64, 64, 64
L 1099.2660, 299.3254, 60.6259,  1101.6078, 294.9938, 60.6259,  64, 64, 64
L 1094.9341, 301.1200, 60.6259,  1099.2660, 299.3254, 60.6259,  64, 64, 64
L 1090.6023, 299.3253, 60.6259,  1094.9341, 301.1200, 60.6259,  64, 64, 64
L 1088.8296, 295.4610, 60.6259,  1090.6023, 299.3253, 60.6259,  64, 64, 64
L 1090.6001, 290.6598, 60.6259,  1088.8296, 295.4610, 60.6259,  64, 64, 64
L 1094.9500, 288.8736, 60.6259,  1090.6001, 290.6598, 60.6259,  64, 64, 64
L 1099.2660, 290.6619, 60.6259,  1094.9500, 288.8736, 60.6259,  64, 64, 64
L 1343.1552, 287.6250, 59.6259,  1090.8444, 287.6249, 59.6259,  127, 127, 127
L 1024.6248, 496.1553, 58.6259,  1090.8296, 562.3600, 58.6259,  127, 127, 127
L 1024.6250, 351.8444, 58.6259,  1024.6248, 496.1553, 58.6259,  127, 127, 127
L 1090.8444, 287.6249, 59.6259,  1026.6249, 351.8446, 59.6259,  127, 127, 127
L 1407.3395, 351.8081, 59.6259,  1343.1552, 287.6250, 59.6259,  127, 127, 127
L 1407.3759, 496.1544, 59.6259,  1407.3395, 351.8081, 59.6259,  127, 127, 127
L 1343.1624, 560.3686, 59.6259,  1407.3759, 496.1544, 59.6259,  127, 127, 127
L 1090.8445, 560.3750, 59.6259,  1343.1624, 560.3686, 59.6259,  127, 127, 127
L 1026.6249, 496.1557, 59.6259,  1090.8445, 560.3750, 59.6259,  127, 127, 127
L 1026.6249, 351.8446, 59.6259,  1026.6249, 496.1557, 59.6259,  127, 127, 127
L 1090.8329, 285.6360, 58.6259,  1024.6250, 351.8444, 58.6259,  127, 127, 127
L 1343.1508, 285.6206, 58.6259,  1090.8329, 285.6360, 58.6259,  127, 127, 127
L 1409.3748, 351.8441, 58.6259,  1343.1508, 285.6206, 58.6259,  127, 127, 127
L 1409.3750, 496.1551, 58.6259,  1409.3748, 351.8441, 58.6259,  127, 127, 127
L 1343.1581, 562.3649, 58.6259,  1409.3750, 496.1551, 58.6259,  127, 127, 127
L 1090.8296, 562.3600, 58.6259,  1343.1581, 562.3649, 58.6259,  127, 127, 127
L 1022.6249, 496.1560, 57.6259,  1090.8444, 564.3749, 57.6259,  127, 127, 127
L 1022.6249, 351.8446, 57.6259,  1022.6249, 496.1560, 57.6259,  127, 127, 127
L 1090.8445, 283.6245, 57.6259,  1022.6249, 351.8446, 57.6259,  127, 127, 127
L 1343.1548, 283.6249, 57.6259,  1090.8445, 283.6245, 57.6259,  127, 127, 127
L 1411.3748, 351.8052, 57.6259,  1343.1548, 283.6249, 57.6259,  127, 127, 127
L 1411.3749, 496.1553, 57.6259,  1411.3748, 351.8052, 57.6259,  127, 127, 127
L 1343.1552, 564.3749, 57.6259,  1411.3749, 496.1553, 57.6259,  127, 127, 127
L 1090.8444, 564.3749, 57.6259,  1343.1552, 564.3749, 57.6259,  127, 127, 127
L 1020.6250, 496.1555, 56.6259,  1090.8445, 566.3750, 56.6259,  127, 127, 127
L 1020.6241, 351.8451, 56.6259,  1020.6250, 496.1555, 56.6259,  127, 127, 127
L 1090.8444, 281.6250, 56.6259,  1020.6241, 351.8451, 56.6259,  127, 127, 127
L 1343.1552, 281.6249, 56.6259,  1090.8444, 281.6250, 56.6259,  127, 127, 127
L 1413.3749, 351.8437, 56.6259,  1343.1552, 281.6249, 56.6259,  127, 127, 127
L 1413.3748, 496.1553, 56.6259,  1413.3749, 351.8437, 56.6259,  127, 127, 127
L 1343.1398, 566.3749, 56.6259,  1413.3748, 496.1553, 56.6259,  127, 127, 127
L 1090.8445, 566.3750, 56.6259,  1343.1398, 566.3749, 56.6259,  127, 127, 127
L 1214.6248, 813.3749, 86.6260,  1214.6250, 784.6250, 59.6259,  64, 64, 64
L 1207.3748, 813.3749, 86.6260,  1207.3749, 784.6250, 59.6259,  64, 64, 64
L 1214.6244, 836.6249, 86.6260,  1214.6250, 865.3749, 59.6259,  64, 64, 64
L 1207.3749, 836.6250, 86.6260,  1207.3749, 865.3748, 59.6259,  64, 64, 64
L 1199.3743, 836.6250, 86.6260,  1207.3749, 836.6250, 86.6260,  64, 64, 64
L 1199.3749, 813.3749, 86.6260,  1199.3743, 836.6250, 86.6260,  64, 64, 64
L 1207.3748, 813.3749, 86.6260,  1199.3749, 813.3749, 86.6260,  64, 64, 64
L 1222.6250, 813.3746, 86.6260,  1214.6248, 813.3749, 86.6260,  64, 64, 64
L 1222.6250, 836.6249, 86.6260,  1222.6250, 813.3746, 86.6260,  64, 64, 64
L 1214.6244, 836.6249, 86.6260,  1222.6250, 836.6249, 86.6260,  64, 64, 64
L 1170.6249, 784.6250, 56.6259,  1170.6249, 865.3749, 56.6259,  64, 64, 64
L 1207.3749, 784.6250, 56.6259,  1170.6249, 784.6250, 56.6259,  64, 64, 64
L 1206.6249, 782.6249, 56.6259,  1206.6249, 784.6250, 56.6259,  64, 64, 64
L 1215.3748, 782.6246, 56.6259,  1206.6249, 782.6249, 56.6259,  64, 64, 64
L 1215.3748, 784.6249, 56.6259,  1215.3748, 782.6246, 56.6259,  64, 64, 64
L 1251.3748, 784.6250, 56.6259,  1214.6250, 784.6250, 56.6259,  64, 64, 64
L 1251.3755, 865.3749, 56.6259,  1251.3748, 784.6250, 56.6259,  64, 64, 64
L 1214.6250, 865.3749, 56.6259,  1251.3755, 865.3749, 56.6259,  64, 64, 64
L 1215.3749, 867.3749, 56.6259,  1215.3749, 865.3749, 56.6259,  64, 64, 64
L 1206.6250, 867.3750, 56.6259,  1215.3749, 867.3749, 56.6259,  64, 64, 64
L 1206.6250, 865.3748, 56.6259,  1206.6250, 867.3750, 56.6259,  64, 64, 64
L 1170.6249, 865.3749, 56.6259,  1207.3749, 865.3748, 56.6259,  64, 64, 64
L 1153.1552, 914.6250, 56.6259,  1127.3749, 888.8445, 56.6259,  64, 64, 64
L 1169.1526, 914.6227, 56.6259,  1153.1552, 914.6250, 56.6259,  64, 64, 64
L 1180.3750, 925.8445, 56.6259,  1169.1526, 914.6227, 56.6259,  64, 64, 64
L 1169.1559, 949.3749, 56.6259,  1180.3749, 938.1550, 56.6259,  64, 64, 64
L 1146.8451, 949.3757, 56.6259,  1169.1559, 949.3749, 56.6259,  64, 64, 64
L 1092.6249, 895.1567, 56.6259,  1146.8451, 949.3757, 56.6259,  64, 64, 64
L 1092.6238, 754.8452, 56.6259,  1092.6249, 895.1567, 56.6259,  64, 64, 64
L 1146.8411, 700.6281, 56.6259,  1092.6238, 754.8452, 56.6259,  64, 64, 64
L 1169.9939, 700.5692, 56.6259,  1146.8411, 700.6281, 56.6259,  64, 64, 64
L 1180.3749, 711.8442, 56.6259,  1169.9939, 700.5692, 56.6259,  64, 64, 64
L 1180.3748, 724.1553, 56.6259,  1180.3749, 711.8442, 56.6259,  64, 64, 64
L 1169.1552, 735.3749, 56.6259,  1180.3748, 724.1553, 56.6259,  64, 64, 64
L 1153.1552, 735.3749, 56.6259,  1169.1552, 735.3749, 56.6259,  64, 64, 64
L 1127.3750, 761.1552, 56.6259,  1153.1552, 735.3749, 56.6259,  64, 64, 64
L 1127.3748, 888.8445, 56.6259,  1127.3750, 761.1552, 56.6259,  64, 64, 64
L 1180.3749, 938.1550, 56.6259,  1180.3750, 925.8445, 56.6259,  64, 64, 64
L 1264.8445, 949.3750, 56.6259,  1287.1552, 949.3749, 56.6259,  64, 64, 64
L 1253.6250, 938.1558, 56.6259,  1264.8445, 949.3750, 56.6259,  64, 64, 64
L 1253.6248, 925.8441, 56.6259,  1253.6250, 938.1558, 56.6259,  64, 64, 64
L 1264.8444, 914.6250, 56.6259,  1253.6248, 925.8441, 56.6259,  64, 64, 64
L 1280.8318, 914.6250, 56.6259,  1264.8444, 914.6250, 56.6259,  64, 64, 64
L 1306.6250, 888.8445, 56.6259,  1280.8318, 914.6250, 56.6259,  64, 64, 64
L 1306.6250, 761.1544, 56.6259,  1306.6250, 888.8445, 56.6259,  64, 64, 64
L 1281.6675, 736.1980, 56.6259,  1306.6250, 761.1544, 56.6259,  64, 64, 64
L 1264.7876, 735.3183, 56.6259,  1281.6675, 736.1980, 56.6259,  64, 64, 64
L 1253.6250, 724.1558, 56.6259,  1264.7876, 735.3183, 56.6259,  64, 64, 64
L 1253.6227, 711.8465, 56.6259,  1253.6250, 724.1558, 56.6259,  64, 64, 64
L 1264.8444, 700.6250, 56.6259,  1253.6227, 711.8465, 56.6259,  64, 64, 64
L 1287.1530, 700.6218, 56.6259,  1264.8444, 700.6250, 56.6259,  64, 64, 64
L 1341.3748, 754.8442, 56.6259,  1287.1530, 700.6218, 56.6259,  64, 64, 64
L 1341.3750, 895.1548, 56.6259,  1341.3748, 754.8442, 56.6259,  64, 64, 64
L 1287.1552, 949.3749, 56.6259,  1341.3750, 895.1548, 56.6259,  64, 64, 64
L 1406.6249, 720.3749, 56.6259,  1406.6370, 929.6249, 56.6259,  64, 64, 64
L 1404.6250, 720.3749, 56.6259,  1406.6249, 720.3749, 56.6259,  64, 64, 64
L 1404.6250, 717.6249, 56.6259,  1404.6250, 720.3749, 56.6259,  64, 64, 64
L 1423.3429, 717.6248, 56.6259,  1404.6250, 717.6249, 56.6259,  64, 64, 64
L 1423.3855, 720.3749, 56.6259,  1423.3429, 717.6248, 56.6259,  64, 64, 64
L 1418.3749, 720.3749, 56.6259,  1423.3855, 720.3749, 56.6259,  64, 64, 64
L 1418.3749, 929.6250, 56.6259,  1418.3749, 720.3749, 56.6259,  64, 64, 64
L 1423.3749, 929.6246, 56.6259,  1418.3749, 929.6250, 56.6259,  64, 64, 64
L 1423.3748, 932.3749, 56.6259,  1423.3749, 929.6246, 56.6259,  64, 64, 64
L 1404.6250, 932.3749, 56.6259,  1423.3748, 932.3749, 56.6259,  64, 64, 64
L 1404.6250, 929.6250, 56.6259,  1404.6250, 932.3749, 56.6259,  64, 64, 64
L 1406.6370, 929.6250, 56.6259,  1404.6250, 929.6250, 56.6259,  64, 64, 64
L 1486.6448, 1028.9871, 56.6259,  1483.9810, 1035.6011, 56.6259,  64, 64, 64
L 1493.3582, 1026.2056, 56.6259,  1486.6448, 1028.9871, 56.6259,  64, 64, 64
L 1499.9928, 1028.9540, 56.6259,  1493.3582, 1026.2056, 56.6259,  64, 64, 64
L 1502.7417, 1035.5896, 56.6259,  1499.9928, 1028.9540, 56.6259,  64, 64, 64
L 1499.9756, 1042.2294, 56.6259,  1502.7417, 1035.5896, 56.6259,  64, 64, 64
L 1493.3593, 1044.9706, 56.6259,  1499.9756, 1042.2294, 56.6259,  64, 64, 64
L 1486.7310, 1042.2393, 56.6259,  1493.3593, 1044.9706, 56.6259,  64, 64, 64
L 1483.9810, 1035.6011, 56.6259,  1486.7310, 1042.2393, 56.6259,  64, 64, 64
L 1371.1132, 1026.7300, 56.6259,  1364.4080, 1028.7610, 56.6259,  64, 64, 64
L 1377.6525, 1028.7820, 56.6259,  1371.1132, 1026.7300, 56.6259,  64, 64, 64
L 1380.4551, 1035.3213, 56.6259,  1377.6525, 1028.7820, 56.6259,  64, 64, 64
L 1377.6652, 1042.5590, 56.6259,  1380.4551, 1035.3213, 56.6259,  64, 64, 64
L 1371.3180, 1044.8046, 56.6259,  1377.6652, 1042.5590, 56.6259,  64, 64, 64
L 1364.3975, 1042.5590, 56.6259,  1371.3180, 1044.8046, 56.6259,  64, 64, 64
L 1361.6454, 1035.4292, 56.6259,  1364.3975, 1042.5590, 56.6259,  64, 64, 64
L 1364.4080, 1028.7610, 56.6259,  1361.6454, 1035.4292, 56.6259,  64, 64, 64
L 1376.4888, 819.4040, 56.6259,  1369.8544, 816.2921, 56.6259,  64, 64, 64
L 1379.2311, 825.6602, 56.6259,  1376.4888, 819.4040, 56.6259,  64, 64, 64
L 1376.4927, 832.3074, 56.6259,  1379.2311, 825.6602, 56.6259,  64, 64, 64
L 1369.8550, 835.5790, 56.6259,  1376.4927, 832.3074, 56.6259,  64, 64, 64
L 1363.2217, 832.3096, 56.6259,  1369.8550, 835.5790, 56.6259,  64, 64, 64
L 1360.4656, 825.6891, 56.6259,  1363.2217, 832.3096, 56.6259,  64, 64, 64
L 1363.2206, 819.4070, 56.6259,  1360.4656, 825.6891, 56.6259,  64, 64, 64
L 1369.8544, 816.2921, 56.6259,  1363.2206, 819.4070, 56.6259,  64, 64, 64
L 1375.4186, 621.5117, 56.6259,  1378.1355, 614.9542, 56.6259,  64, 64, 64
L 1368.8003, 624.3568, 56.6259,  1375.4186, 621.5117, 56.6259,  64, 64, 64
L 1362.1188, 621.5883, 56.6259,  1368.8003, 624.3568, 56.6259,  64, 64, 64
L 1359.3700, 614.9547, 56.6259,  1362.1188, 621.5883, 56.6259,  64, 64, 64
L 1362.1188, 608.3201, 56.6259,  1359.3700, 614.9547, 56.6259,  64, 64, 64
L 1368.7533, 605.5714, 56.6259,  1362.1188, 608.3201, 56.6259,  64, 64, 64
L 1375.3871, 608.3202, 56.6259,  1368.7533, 605.5714, 56.6259,  64, 64, 64
L 1378.1355, 614.9542, 56.6259,  1375.3871, 608.3202, 56.6259,  64, 64, 64
L 1493.6720, 623.6321, 56.6259,  1500.2094, 621.1932, 56.6259,  64, 64, 64
L 1487.6548, 620.8949, 56.6259,  1493.6720, 623.6321, 56.6259,  64, 64, 64
L 1484.3042, 614.2767, 56.6259,  1487.6548, 620.8949, 56.6259,  64, 64, 64
L 1487.1554, 607.5887, 56.6259,  1484.3042, 614.2767, 56.6259,  64, 64, 64
L 1493.6991, 604.8774, 56.6259,  1487.1554, 607.5887, 56.6259,  64, 64, 64
L 1500.3329, 607.6263, 56.6259,  1493.6991, 604.8774, 56.6259,  64, 64, 64
L 1503.8158, 614.2604, 56.6259,  1500.3329, 607.6263, 56.6259,  64, 64, 64
L 1500.2094, 621.1932, 56.6259,  1503.8158, 614.2604, 56.6259,  64, 64, 64
L 1525.3750, 1000.3749, 56.6259,  1525.3748, 649.6249, 56.6259,  64, 64, 64
L 1406.6248, 1000.3751, 56.6259,  1525.3750, 1000.3749, 56.6259,  64, 64, 64
L 1406.6250, 944.3746, 56.6259,  1406.6248, 1000.3751, 56.6259,  64, 64, 64
L 1404.6250, 944.3750, 56.6259,  1406.6250, 944.3746, 56.6259,  64, 64, 64
L 1404.6250, 941.6249, 56.6259,  1404.6250, 944.3750, 56.6259,  64, 64, 64
L 1423.3749, 941.6245, 56.6259,  1404.6250, 941.6249, 56.6259,  64, 64, 64
L 1423.3749, 944.3750, 56.6259,  1423.3749, 941.6245, 56.6259,  64, 64, 64
L 1418.3749, 944.3750, 56.6259,  1423.3749, 944.3750, 56.6259,  64, 64, 64
L 1418.3749, 988.6250, 56.6259,  1418.3749, 944.3750, 56.6259,  64, 64, 64
L 1513.6250, 988.6249, 56.6259,  1418.3749, 988.6250, 56.6259,  64, 64, 64
L 1513.6250, 947.3746, 56.6259,  1513.6250, 988.6249, 56.6259,  64, 64, 64
L 1472.6249, 947.3763, 56.6259,  1513.6250, 947.3746, 56.6259,  64, 64, 64
L 1472.6233, 876.6250, 56.6259,  1472.6249, 947.3763, 56.6259,  64, 64, 64
L 1472.6238, 774.6250, 56.6259,  1472.6249, 867.3749, 56.6259,  64, 64, 64
L 1481.3748, 774.6248, 56.6259,  1472.6238, 774.6250, 56.6259,  64, 64, 64
L 1481.3750, 867.3749, 56.6259,  1481.3748, 774.6248, 56.6259,  64, 64, 64
L 1472.6249, 867.3749, 56.6259,  1481.3750, 867.3749, 56.6259,  64, 64, 64
L 1481.3748, 876.6250, 56.6259,  1472.6233, 876.6250, 56.6259,  64, 64, 64
L 1481.3749, 937.6250, 56.6259,  1481.3748, 876.6250, 56.6259,  64, 64, 64
L 1513.6250, 937.6249, 56.6259,  1481.3749, 937.6250, 56.6259,  64, 64, 64
L 1513.6250, 704.3745, 56.6259,  1513.6250, 937.6249, 56.6259,  64, 64, 64
L 1481.3749, 704.3749, 56.6259,  1513.6250, 704.3745, 56.6259,  64, 64, 64
L 1481.3748, 765.3749, 56.6259,  1481.3749, 704.3749, 56.6259,  64, 64, 64
L 1472.6250, 765.3749, 56.6259,  1481.3748, 765.3749, 56.6259,  64, 64, 64
L 1472.6248, 694.6250, 56.6259,  1472.6250, 765.3749, 56.6259,  64, 64, 64
L 1513.6250, 694.6249, 56.6259,  1472.6248, 694.6250, 56.6259,  64, 64, 64
L 1513.6250, 661.3741, 56.6259,  1513.6250, 694.6249, 56.6259,  64, 64, 64
L 1418.3749, 661.3749, 56.6259,  1513.6250, 661.3741, 56.6259,  64, 64, 64
L 1418.3749, 705.6250, 56.6259,  1418.3749, 661.3749, 56.6259,  64, 64, 64
L 1423.3748, 705.6246, 56.6259,  1418.3749, 705.6250, 56.6259,  64, 64, 64
L 1423.3749, 708.3749, 56.6259,  1423.3748, 705.6246, 56.6259,  64, 64, 64
L 1404.6250, 708.3749, 56.6259,  1423.3749, 708.3749, 56.6259,  64, 64, 64
L 1404.6250, 705.6250, 56.6259,  1404.6250, 708.3749, 56.6259,  64, 64, 64
L 1406.6736, 705.6250, 56.7160,  1404.6250, 705.6250, 56.6259,  64, 64, 64
L 1406.6227, 649.6250, 56.6259,  1406.6736, 705.6250, 56.7160,  64, 64, 64
L 1525.3748, 649.6249, 56.6259,  1406.6227, 649.6250, 56.6259,  64, 64, 64
L 1508.5978, -197.8243, 56.6259,  1505.8494, -191.1903, 56.6259,  64, 64, 64
L 1515.2306, -200.5738, 56.6259,  1508.5978, -197.8243, 56.6259,  64, 64, 64
L 1521.8661, -197.8246, 56.6259,  1515.2306, -200.5738, 56.6259,  64, 64, 64
L 1524.6150, -191.1904, 56.6259,  1521.8661, -197.8246, 56.6259,  64, 64, 64
L 1521.8705, -184.5671, 56.6259,  1524.6150, -191.1904, 56.6259,  64, 64, 64
L 1515.2354, -181.8063, 56.6259,  1521.8705, -184.5671, 56.6259,  64, 64, 64
L 1508.5978, -184.5560, 56.6259,  1515.2354, -181.8063, 56.6259,  64, 64, 64
L 1505.8494, -191.1903, 56.6259,  1508.5978, -184.5560, 56.6259,  64, 64, 64
L 1362.7156, -185.7293, 56.6259,  1369.3495, -182.9807, 56.6259,  64, 64, 64
L 1359.9668, -192.3634, 56.6259,  1362.7156, -185.7293, 56.6259,  64, 64, 64
L 1362.7155, -198.9979, 56.6259,  1359.9668, -192.3634, 56.6259,  64, 64, 64
L 1369.3499, -201.7461, 56.6259,  1362.7155, -198.9979, 56.6259,  64, 64, 64
L 1375.9845, -198.9975, 56.6259,  1369.3499, -201.7461, 56.6259,  64, 64, 64
L 1378.7323, -192.3635, 56.6259,  1375.9845, -198.9975, 56.6259,  64, 64, 64
L 1375.9839, -185.7293, 56.6259,  1378.7323, -192.3635, 56.6259,  64, 64, 64
L 1369.3495, -182.9807, 56.6259,  1375.9839, -185.7293, 56.6259,  64, 64, 64
L 1362.9607, 26.3169, 56.6259,  1369.5945, 29.6550, 56.6259,  64, 64, 64
L 1360.2122, 19.6827, 56.6259,  1362.9607, 26.3169, 56.6259,  64, 64, 64
L 1362.9607, 13.4870, 56.6259,  1360.2122, 19.6827, 56.6259,  64, 64, 64
L 1369.5950, 10.3001, 56.6259,  1362.9607, 13.4870, 56.6259,  64, 64, 64
L 1376.2289, 13.4870, 56.6259,  1369.5950, 10.3001, 56.6259,  64, 64, 64
L 1378.9773, 19.6828, 56.6259,  1376.2289, 13.4870, 56.6259,  64, 64, 64
L 1376.2289, 26.3169, 56.6259,  1378.9773, 19.6828, 56.6259,  64, 64, 64
L 1369.5945, 29.6550, 56.6259,  1376.2289, 26.3169, 56.6259,  64, 64, 64
L 1375.5768, 239.2557, 56.6259,  1378.4357, 232.5807, 56.6259,  64, 64, 64
L 1369.5811, 241.9627, 56.6259,  1375.5768, 239.2557, 56.6259,  64, 64, 64
L 1362.4174, 239.2112, 56.6259,  1369.5811, 241.9627, 56.6259,  64, 64, 64
L 1359.6685, 232.5777, 56.6259,  1362.4174, 239.2112, 56.6259,  64, 64, 64
L 1362.4174, 225.9430, 56.6259,  1359.6685, 232.5777, 56.6259,  64, 64, 64
L 1369.5049, 223.1939, 56.6259,  1362.4174, 225.9430, 56.6259,  64, 64, 64
L 1375.6852, 225.9430, 56.6259,  1369.5049, 223.1939, 56.6259,  64, 64, 64
L 1378.4357, 232.5807, 56.6259,  1375.6852, 225.9430, 56.6259,  64, 64, 64
L 1515.2378, 224.6161, 56.6259,  1508.3794, 227.3691, 56.6259,  64, 64, 64
L 1521.7367, 227.5846, 56.6259,  1515.2378, 224.6161, 56.6259,  64, 64, 64
L 1524.3960, 234.3200, 56.6259,  1521.7367, 227.5846, 56.6259,  64, 64, 64
L 1521.6476, 240.6371, 56.6259,  1524.3960, 234.3200, 56.6259,  64, 64, 64
L 1515.1720, 243.3876, 56.6259,  1521.6476, 240.6371, 56.6259,  64, 64, 64
L 1508.3793, 240.6374, 56.6259,  1515.1720, 243.3876, 56.6259,  64, 64, 64
L 1505.6304, 234.3700, 56.6259,  1508.3793, 240.6374, 56.6259,  64, 64, 64
L 1508.3794, 227.3691, 56.6259,  1505.6304, 234.3700, 56.6259,  64, 64, 64
L 1497.3749, 142.3750, 56.6259,  1497.3749, 132.6248, 56.6259,  64, 64, 64
L 1513.6250, 63.6250, 56.6259,  1481.3749, 63.6250, 56.6259,  64, 64, 64
L 1513.6249, -31.6250, 56.6259,  1513.6250, 63.6250, 56.6259,  64, 64, 64
L 1481.3749, -31.6250, 56.6259,  1513.6249, -31.6250, 56.6259,  64, 64, 64
L 1481.3738, 63.6250, 56.6259,  1481.3749, -31.6250, 56.6259,  64, 64, 64
L 1525.3832, 195.3978, 56.6259,  1525.1470, -155.3750, 56.6259,  64, 64, 64
L 1406.6238, 195.3751, 56.6259,  1525.3832, 195.3978, 56.6259,  64, 64, 64
L 1406.6249, 139.3750, 56.6259,  1406.6238, 195.3751, 56.6259,  64, 64, 64
L 1404.6250, 139.3750, 56.6259,  1406.6249, 139.3750, 56.6259,  64, 64, 64
L 1404.6243, 136.6248, 56.6259,  1404.6250, 139.3750, 56.6259,  64, 64, 64
L 1423.3744, 136.6250, 56.6259,  1404.6243, 136.6248, 56.6259,  64, 64, 64
L 1423.3749, 139.3750, 56.6259,  1423.3744, 136.6250, 56.6259,  64, 64, 64
L 1418.3749, 139.3750, 56.6259,  1423.3749, 139.3750, 56.6259,  64, 64, 64
L 1418.3749, 183.6250, 56.6259,  1418.3749, 139.3750, 56.6259,  64, 64, 64
L 1513.6250, 183.6250, 56.6259,  1418.3749, 183.6250, 56.6259,  64, 64, 64
L 1513.6249, 72.3750, 56.6259,  1513.6250, 183.6250, 56.6259,  64, 64, 64
L 1481.3749, 72.3750, 56.6259,  1513.6249, 72.3750, 56.6259,  64, 64, 64
L 1481.3749, 132.6250, 56.6259,  1481.3749, 72.3750, 56.6259,  64, 64, 64
L 1497.3749, 132.6248, 56.6259,  1481.3749, 132.6250, 56.6259,  64, 64, 64
L 1472.6248, 142.3750, 56.6259,  1497.3749, 142.3750, 56.6259,  64, 64, 64
L 1472.6250, 72.3747, 56.6259,  1472.6248, 142.3750, 56.6259,  64, 64, 64
L 1418.3749, 72.3750, 56.6259,  1472.6250, 72.3747, 56.6259,  64, 64, 64
L 1418.3738, 124.6250, 56.6259,  1418.3749, 72.3750, 56.6259,  64, 64, 64
L 1423.3748, 124.6250, 56.6259,  1418.3738, 124.6250, 56.6259,  64, 64, 64
L 1423.3749, 127.3286, 56.6259,  1423.3748, 124.6250, 56.6259,  64, 64, 64
L 1404.6250, 127.3781, 56.6259,  1423.3749, 127.3286, 56.6259,  64, 64, 64
L 1404.6250, 124.6250, 56.6259,  1404.6250, 127.3781, 56.6259,  64, 64, 64
L 1406.8041, 124.6250, 56.6259,  1404.6250, 124.6250, 56.6259,  64, 64, 64
L 1406.6249, 27.3750, 56.6259,  1406.8041, 124.6250, 56.6259,  64, 64, 64
L 1404.6250, 27.3750, 56.6259,  1406.6249, 27.3750, 56.6259,  64, 64, 64
L 1404.6250, 24.6250, 56.6259,  1404.6250, 27.3750, 56.6259,  64, 64, 64
L 1423.3749, 24.6250, 56.6259,  1404.6250, 24.6250, 56.6259,  64, 64, 64
L 1423.3748, 27.3751, 56.6259,  1418.3748, 27.3750, 56.6259,  64, 64, 64
L 1423.3748, 27.3751, 56.6259,  1423.3749, 24.6250, 56.6259,  64, 64, 64
L 1418.3749, 27.3750, 56.6259,  1418.3750, 27.9268, 56.6259,  64, 64, 64
L 1418.3738, 63.6250, 56.6259,  1418.3749, 27.3750, 56.6259,  64, 64, 64
L 1472.6250, 63.6250, 56.6259,  1418.3738, 63.6250, 56.6259,  64, 64, 64
L 1472.6250, -31.6250, 56.6259,  1472.6250, 63.6250, 56.6259,  64, 64, 64
L 1418.3749, -31.6250, 56.6259,  1472.6250, -31.6250, 56.6259,  64, 64, 64
L 1418.3726, 12.6250, 56.6259,  1418.3749, -31.6250, 56.6259,  64, 64, 64
L 1423.3749, 12.6250, 56.6259,  1418.3726, 12.6250, 56.6259,  64, 64, 64
L 1423.3750, 15.3750, 56.6259,  1423.3749, 12.6250, 56.6259,  64, 64, 64
L 1404.6250, 15.3750, 56.6259,  1423.3750, 15.3750, 56.6259,  64, 64, 64
L 1404.6250, 12.6250, 56.6259,  1404.6250, 15.3750, 56.6259,  64, 64, 64
L 1406.6365, 12.6250, 56.6259,  1404.6250, 12.6250, 56.6259,  64, 64, 64
L 1406.6249, -84.6250, 56.6259,  1406.6365, 12.6250, 56.6259,  64, 64, 64
L 1404.6244, -84.6250, 56.6259,  1406.6249, -84.6250, 56.6259,  64, 64, 64
L 1404.6260, -87.3750, 56.6259,  1404.6244, -84.6250, 56.6259,  64, 64, 64
L 1423.3694, -87.3750, 56.6259,  1404.6260, -87.3750, 56.6259,  64, 64, 64
L 1423.3761, -84.6260, 56.6259,  1423.3694, -87.3750, 56.6259,  64, 64, 64
L 1418.3737, -84.6250, 56.6259,  1423.3761, -84.6260, 56.6259,  64, 64, 64
L 1418.3750, -40.3750, 56.6259,  1418.3737, -84.6250, 56.6259,  64, 64, 64
L 1513.6250, -40.3750, 56.6259,  1418.3750, -40.3750, 56.6259,  64, 64, 64
L 1513.6250, -72.6250, 56.6259,  1513.6250, -40.3750, 56.6259,  64, 64, 64
L 1499.3726, -72.6250, 56.6259,  1513.6250, -72.6250, 56.6259,  64, 64, 64
L 1499.3766, -71.6250, 56.6259,  1499.3726, -72.6250, 56.6259,  64, 64, 64
L 1497.6250, -71.6250, 56.6259,  1499.3766, -71.6250, 56.6259,  64, 64, 64
L 1497.6250, -76.3683, 56.6259,  1497.6250, -71.6250, 56.6259,  64, 64, 64
L 1499.3571, -76.3752, 56.6259,  1497.6250, -76.3683, 56.6259,  64, 64, 64
L 1499.3750, -75.3750, 56.6259,  1499.3571, -76.3752, 56.6259,  64, 64, 64
L 1513.6250, -75.3750, 56.6259,  1499.3750, -75.3750, 56.6259,  64, 64, 64
L 1513.6250, -112.6250, 56.6259,  1513.6250, -75.3750, 56.6259,  64, 64, 64
L 1475.3738, -112.6250, 56.6259,  1513.6250, -112.6250, 56.6259,  64, 64, 64
L 1475.3749, -75.3750, 56.6259,  1475.3738, -112.6250, 56.6259,  64, 64, 64
L 1488.6250, -75.3748, 56.6259,  1475.3749, -75.3750, 56.6259,  64, 64, 64
L 1488.6250, -76.3748, 56.6259,  1488.6250, -75.3748, 56.6259,  64, 64, 64
L 1490.3749, -76.3750, 56.6259,  1488.6250, -76.3748, 56.6259,  64, 64, 64
L 1490.3748, -71.6250, 56.6259,  1490.3749, -76.3750, 56.6259,  64, 64, 64
L 1488.6250, -71.6250, 56.6259,  1490.3748, -71.6250, 56.6259,  64, 64, 64
L 1488.6250, -72.6250, 56.6259,  1488.6250, -71.6250, 56.6259,  64, 64, 64
L 1472.6250, -72.6250, 56.6259,  1488.6250, -72.6250, 56.6259,  64, 64, 64
L 1472.6244, -115.3750, 56.6259,  1472.6250, -72.6250, 56.6259,  64, 64, 64
L 1513.6250, -115.3750, 56.6259,  1472.6244, -115.3750, 56.6259,  64, 64, 64
L 1513.6249, -143.6250, 56.6259,  1513.6250, -115.3750, 56.6259,  64, 64, 64
L 1418.3733, -143.6250, 56.6259,  1513.6249, -143.6250, 56.6259,  64, 64, 64
L 1418.3749, -99.3750, 56.6259,  1418.3733, -143.6250, 56.6259,  64, 64, 64
L 1423.3749, -99.3750, 56.6259,  1418.3749, -99.3750, 56.6259,  64, 64, 64
L 1423.3750, -96.6250, 56.6259,  1423.3749, -99.3750, 56.6259,  64, 64, 64
L 1404.6310, -96.6250, 56.6259,  1423.3750, -96.6250, 56.6259,  64, 64, 64
L 1404.6216, -99.3750, 56.6259,  1404.6310, -96.6250, 56.6259,  64, 64, 64
L 1406.7433, -99.3750, 56.6259,  1404.6216, -99.3750, 56.6259,  64, 64, 64
L 1406.6198, -155.3750, 56.6259,  1406.7433, -99.3750, 56.6259,  64, 64, 64
L 1525.1470, -155.3750, 56.6259,  1406.6198, -155.3750, 56.6259,  64, 64, 64
L 1185.3749, -439.3876, 56.6259,  1185.3748, -499.3710, 56.6259,  0, 127, 0
L 1184.4363, -434.3440, 56.9000,  1185.3749, -439.3876, 56.9000,  0, 127, 0
L 1180.3716, -425.8487, 56.9000,  1184.4363, -434.3440, 56.9000,  0, 127, 0
L 1177.7013, -423.1705, 56.9000,  1180.3716, -425.8487, 56.9000,  0, 127, 0
L 1176.1768, -422.0000, 56.9000,  1177.7013, -423.1705, 56.9000,  0, 127, 0
L 1174.7184, -421.2820, 56.9000,  1176.1768, -422.0000, 56.9000,  0, 127, 0
L 1170.8837, -419.2240, 56.9000,  1174.7184, -421.2820, 56.9000,  0, 127, 0
L 1165.2653, -417.6410, 56.9000,  1170.8837, -419.2240, 56.9000,  0, 127, 0
L 1131.5259, -417.6250, 56.6259,  1165.2653, -417.6410, 56.9000,  0, 127, 0
L 1130.7201, -417.6245, 56.9000,  1131.5259, -417.6250, 56.9000,  0, 127, 0
L 1125.4783, -416.7130, 56.9000,  1130.7201, -417.6245, 56.9000,  0, 127, 0
L 1122.1122, -415.1367, 56.9000,  1125.4783, -416.7130, 56.9000,  0, 127, 0
L 1118.2383, -412.7081, 56.6259,  1122.1122, -415.1367, 56.9000,  0, 127, 0
L 1083.1558, -377.6250, 56.6259,  1118.2383, -412.7081, 56.6259,  0, 127, 0
L 1063.8494, -377.6249, 56.6259,  1083.1558, -377.6250, 56.6259,  0, 127, 0
L 1040.6250, -399.8401, 56.6259,  1063.8494, -377.6249, 56.6259,  0, 127, 0
L 1040.6248, -420.1551, 56.6259,  1040.6250, -399.8401, 56.6259,  0, 127, 0
L 1071.2820, -450.8125, 56.6259,  1040.6248, -420.1551, 56.6259,  0, 127, 0
L 1073.4535, -452.9841, 56.9000,  1071.2820, -450.8125, 56.9000,  0, 127, 0
L 1075.6709, -456.1823, 56.9000,  1073.4535, -452.9841, 56.9000,  0, 127, 0
L 1077.3678, -459.5751, 56.9000,  1075.6709, -456.1823, 56.9000,  0, 127, 0
L 1077.8932, -461.3822, 56.9000,  1077.3678, -459.5751, 56.9000,  0, 127, 0
L 1078.2057, -462.9461, 56.9000,  1077.8932, -461.3822, 56.9000,  0, 127, 0
L 1078.6095, -464.9612, 56.6259,  1078.2057, -462.9461, 56.9000,  0, 127, 0
L 1078.6249, -496.7739, 56.6259,  1078.6095, -464.9612, 56.6259,  0, 127, 0
L 1078.7300, -499.5674, 56.9000,  1078.6249, -496.7739, 56.9000,  0, 127, 0
L 1079.5154, -503.8713, 56.9000,  1078.7300, -499.5674, 56.9000,  0, 127, 0
L 1083.1409, -511.1224, 56.9000,  1079.5154, -503.8713, 56.9000,  0, 127, 0
L 1084.7400, -512.6049, 56.9000,  1083.1409, -511.1224, 56.9000,  0, 127, 0
L 1086.4380, -515.7679, 56.9000,  1084.7400, -512.6049, 56.9000,  0, 127, 0
L 1089.2273, -516.9357, 56.9000,  1086.4380, -515.7679, 56.9000,  0, 127, 0
L 1093.1498, -518.9944, 56.9000,  1089.2273, -516.9357, 56.9000,  0, 127, 0
L 1099.4910, -520.3749, 56.6259,  1093.1498, -518.9944, 56.9000,  0, 127, 0
L 1162.2726, -520.3749, 56.6259,  1099.4910, -520.3749, 56.6259,  0, 127, 0
L 1164.2979, -520.3754, 56.9000,  1162.2726, -520.3749, 56.9000,  0, 127, 0
L 1169.4755, -519.4877, 56.9000,  1164.2979, -520.3754, 56.9000,  0, 127, 0
L 1173.2931, -517.9230, 56.9000,  1169.4755, -519.4877, 56.9000,  0, 127, 0
L 1176.8223, -515.5694, 56.9000,  1173.2931, -517.9230, 56.9000,  0, 127, 0
L 1180.2090, -512.4216, 56.9000,  1176.8223, -515.5694, 56.9000,  0, 127, 0
L 1183.9977, -504.8433, 56.9000,  1180.2090, -512.4216, 56.9000,  0, 127, 0
L 1184.5719, -503.5270, 56.9000,  1183.9977, -504.8433, 56.9000,  0, 127, 0
L 1184.8898, -501.4633, 56.9000,  1184.5719, -503.5270, 56.9000,  0, 127, 0
L 1185.3748, -499.3710, 56.6259,  1184.8898, -501.4633, 56.9000,  0, 127, 0
L 1248.6244, -497.8829, 56.9000,  1248.6249, -492.3684, 56.6259,  0, 127, 0
L 1248.7483, -499.6564, 56.9000,  1248.6244, -497.8829, 56.9000,  0, 127, 0
L 1249.5573, -503.8901, 56.9000,  1248.7483, -499.6564, 56.9000,  0, 127, 0
L 1253.6646, -512.1960, 56.9000,  1249.5573, -503.8901, 56.9000,  0, 127, 0
L 1256.6626, -515.2260, 56.9000,  1253.6646, -512.1960, 56.9000,  0, 127, 0
L 1259.8987, -517.3690, 56.9000,  1256.6626, -515.2260, 56.9000,  0, 127, 0
L 1261.6863, -518.2626, 56.9000,  1259.8987, -517.3690, 56.9000,  0, 127, 0
L 1263.2863, -519.2349, 56.9000,  1261.6863, -518.2626, 56.9000,  0, 127, 0
L 1267.4607, -520.7500, 56.9000,  1263.2863, -519.2349, 56.9000,  0, 127, 0
L 1269.3230, -520.3749, 56.6259,  1267.4607, -520.7500, 56.9000,  0, 127, 0
L 1331.2588, -520.3749, 56.6259,  1269.3230, -520.3749, 56.6259,  0, 127, 0
L 1334.3660, -520.3750, 56.9000,  1331.2588, -520.3749, 56.9000,  0, 127, 0
L 1339.3711, -519.5085, 56.9000,  1334.3660, -520.3750, 56.9000,  0, 127, 0
L 1343.9806, -517.4641, 56.9000,  1339.3711, -519.5085, 56.9000,  0, 127, 0
L 1347.1570, -515.3736, 56.9000,  1343.9806, -517.4641, 56.9000,  0, 127, 0
L 1350.3134, -512.2123, 56.9000,  1347.1570, -515.3736, 56.9000,  0, 127, 0
L 1354.8429, -504.6702, 56.9000,  1350.3134, -512.2123, 56.9000,  0, 127, 0
L 1354.6023, -502.9037, 56.9000,  1354.8429, -504.6702, 56.9000,  0, 127, 0
L 1354.9043, -501.3912, 56.9000,  1354.6023, -502.9037, 56.9000,  0, 127, 0
L 1355.3749, -468.5523, 56.6259,  1354.9043, -501.3912, 56.9000,  0, 127, 0
L 1355.3750, -466.2572, 56.9000,  1355.3749, -468.5523, 56.9000,  0, 127, 0
L 1355.4987, -464.4196, 56.9000,  1355.3750, -466.2572, 56.9000,  0, 127, 0
L 1356.3573, -460.1238, 56.9000,  1355.4987, -464.4196, 56.9000,  0, 127, 0
L 1358.1924, -456.4533, 56.9000,  1356.3573, -460.1238, 56.9000,  0, 127, 0
L 1360.2914, -453.2386, 56.6259,  1358.1924, -456.4533, 56.9000,  0, 127, 0
L 1391.3748, -422.1567, 56.6259,  1360.2914, -453.2386, 56.6259,  0, 127, 0
L 1391.3759, -401.8455, 56.6259,  1391.3748, -422.1567, 56.6259,  0, 127, 0
L 1370.1552, -380.6250, 56.6259,  1391.3759, -401.8455, 56.6259,  0, 127, 0
L 1348.8450, -380.6245, 56.6259,  1370.1552, -380.6250, 56.6259,  0, 127, 0
L 1320.2345, -409.2350, 56.6259,  1348.8450, -380.6245, 56.6259,  0, 127, 0
L 1316.9701, -412.4990, 56.9000,  1320.2345, -409.2350, 56.9000,  0, 127, 0
L 1314.2522, -414.3802, 56.9000,  1316.9701, -412.4990, 56.9000,  0, 127, 0
L 1310.8505, -416.1551, 56.9000,  1314.2522, -414.3802, 56.9000,  0, 127, 0
L 1304.9628, -417.6250, 56.6259,  1310.8505, -416.1551, 56.9000,  0, 127, 0
L 1275.1033, -417.6249, 56.6259,  1304.9628, -417.6250, 56.6259,  0, 127, 0
L 1269.7365, -417.6243, 56.9000,  1275.1033, -417.6249, 56.9000,  0, 127, 0
L 1267.9457, -417.8270, 56.9000,  1269.7365, -417.6243, 56.9000,  0, 127, 0
L 1266.2466, -418.1677, 56.9000,  1267.9457, -417.8270, 56.9000,  0, 127, 0
L 1264.3130, -418.4232, 56.9000,  1266.2466, -418.1677, 56.9000,  0, 127, 0
L 1260.6154, -420.2726, 56.9000,  1264.3130, -418.4232, 56.9000,  0, 127, 0
L 1257.3853, -422.2921, 56.9000,  1260.6154, -420.2726, 56.9000,  0, 127, 0
L 1253.7920, -425.5756, 56.9000,  1257.3853, -422.2921, 56.9000,  0, 127, 0
L 1250.1332, -432.8935, 56.9000,  1253.7920, -425.5756, 56.9000,  0, 127, 0
L 1249.5313, -434.4297, 56.9000,  1250.1332, -432.8935, 56.9000,  0, 127, 0
L 1249.1509, -436.3297, 56.9000,  1249.5313, -434.4297, 56.9000,  0, 127, 0
L 1248.6514, -438.8297, 56.6259,  1249.1509, -436.3297, 56.9000,  0, 127, 0
L 1248.6244, -494.9279, 56.6259,  1248.6514, -438.8297, 56.6259,  0, 127, 0
L 1275.2885, -583.6249, 56.6259,  1279.1935, -583.6249, 56.6259,  0, 127, 0
L 1270.4977, -583.6237, 56.9000,  1275.2885, -583.6249, 56.9000,  0, 127, 0
L 1264.1193, -584.5204, 56.9000,  1270.4977, -583.6237, 56.9000,  0, 127, 0
L 1259.6819, -586.7607, 56.9000,  1264.1193, -584.5204, 56.9000,  0, 127, 0
L 1256.4594, -589.9900, 56.9000,  1259.6819, -586.7607, 56.9000,  0, 127, 0
L 1253.7748, -591.6096, 56.9000,  1256.4594, -589.9900, 56.9000,  0, 127, 0
L 1250.4690, -599.6670, 56.9000,  1253.7748, -591.6096, 56.9000,  0, 127, 0
L 1249.5115, -600.5262, 56.9000,  1250.4690, -599.6670, 56.9000,  0, 127, 0
L 1249.1211, -602.4773, 56.9000,  1249.5115, -600.5262, 56.9000,  0, 127, 0
L 1248.6250, -605.1200, 56.6259,  1249.1211, -602.4773, 56.9000,  0, 127, 0
L 1248.6249, -658.1312, 56.6259,  1248.6250, -605.1200, 56.6259,  0, 127, 0
L 1248.6248, -663.7693, 56.9000,  1248.6249, -658.1312, 56.9000,  0, 127, 0
L 1248.7439, -665.6345, 56.9000,  1248.6248, -663.7693, 56.9000,  0, 127, 0
L 1249.5645, -669.9678, 56.9000,  1248.7439, -665.6345, 56.9000,  0, 127, 0
L 1252.8113, -676.4647, 56.9000,  1249.5645, -669.9678, 56.9000,  0, 127, 0
L 1253.4777, -678.8600, 56.9000,  1252.8113, -676.4647, 56.9000,  0, 127, 0
L 1256.4657, -680.9964, 56.9000,  1253.4777, -678.8600, 56.9000,  0, 127, 0
L 1259.7566, -683.2980, 56.9000,  1256.4657, -680.9964, 56.9000,  0, 127, 0
L 1261.4043, -684.1216, 56.9000,  1259.7566, -683.2980, 56.9000,  0, 127, 0
L 1263.6840, -685.1970, 56.9000,  1261.4043, -684.1216, 56.9000,  0, 127, 0
L 1269.2007, -686.3749, 56.6259,  1263.6840, -685.1970, 56.9000,  0, 127, 0
L 1299.6139, -686.3749, 56.6259,  1269.2007, -686.3749, 56.6259,  0, 127, 0
L 1303.7588, -686.3750, 56.9000,  1299.6139, -686.3749, 56.9000,  0, 127, 0
L 1308.3976, -687.1906, 56.9000,  1303.7588, -686.3750, 56.9000,  0, 127, 0
L 1309.9124, -687.8757, 56.9000,  1308.3976, -687.1906, 56.9000,  0, 127, 0
L 1311.5990, -688.7195, 56.9000,  1309.9124, -687.8757, 56.9000,  0, 127, 0
L 1315.6514, -691.2181, 56.6259,  1311.5990, -688.7195, 56.9000,  0, 127, 0
L 1349.8423, -726.3749, 56.6259,  1315.6514, -691.2181, 56.6259,  0, 127, 0
L 1367.1547, -726.3751, 56.6259,  1349.8423, -726.3749, 56.6259,  0, 127, 0
L 1388.3749, -705.1554, 56.6259,  1367.1547, -726.3751, 56.6259,  0, 127, 0
L 1388.3748, -683.8461, 56.6259,  1388.3749, -705.1554, 56.6259,  0, 127, 0
L 1360.2914, -654.7613, 56.6259,  1388.3748, -683.8461, 56.6259,  0, 127, 0
L 1358.3257, -651.8127, 56.9000,  1360.2914, -654.7613, 56.9000,  0, 127, 0
L 1356.9412, -649.4210, 56.9000,  1358.3257, -651.8127, 56.9000,  0, 127, 0
L 1356.2448, -647.3102, 56.9000,  1356.9412, -649.4210, 56.9000,  0, 127, 0
L 1355.8556, -645.3636, 56.9000,  1356.2448, -647.3102, 56.9000,  0, 127, 0
L 1355.3749, -609.5991, 56.6259,  1355.8556, -645.3636, 56.9000,  0, 127, 0
L 1355.5696, -603.3707, 56.9000,  1355.3749, -609.5991, 56.9000,  0, 127, 0
L 1354.3855, -599.9319, 56.9000,  1355.5696, -603.3707, 56.9000,  0, 127, 0
L 1350.5492, -592.2598, 56.9000,  1354.3855, -599.9319, 56.9000,  0, 127, 0
L 1349.4004, -590.8700, 56.9000,  1350.5492, -592.2598, 56.9000,  0, 127, 0
L 1348.1215, -589.5905, 56.9000,  1349.4004, -590.8700, 56.9000,  0, 127, 0
L 1346.6847, -588.3386, 56.9000,  1348.1215, -589.5905, 56.9000,  0, 127, 0
L 1340.5153, -584.7197, 56.9000,  1346.6847, -588.3386, 56.9000,  0, 127, 0
L 1336.8478, -583.9868, 56.9000,  1340.5153, -584.7197, 56.9000,  0, 127, 0
L 1335.1139, -583.6403, 56.6259,  1336.8478, -583.9868, 56.9000,  0, 127, 0
L 1335.3882, -583.6951, 56.9000,  1335.1139, -583.6403, 56.6259,  0, 127, 0
L 1272.5105, -583.6241, 56.9000,  1335.3882, -583.6951, 56.9000,  0, 127, 0
L 1270.8097, -583.6250, 56.6259,  1272.5105, -583.6241, 56.9000,  0, 127, 0
L 1185.3750, -606.3440, 56.9000,  1185.3749, -606.2569, 56.6259,  0, 127, 0
L 1185.1924, -604.4740, 56.9000,  1185.3750, -606.3440, 56.9000,  0, 127, 0
L 1184.7676, -601.9243, 56.9000,  1185.1924, -604.4740, 56.9000,  0, 127, 0
L 1184.5601, -600.2806, 56.9000,  1184.7676, -601.9243, 56.9000,  0, 127, 0
L 1180.4362, -592.2410, 56.9000,  1184.5601, -600.2806, 56.9000,  0, 127, 0
L 1177.3174, -588.7603, 56.9000,  1180.4362, -592.2410, 56.9000,  0, 127, 0
L 1174.5098, -586.8383, 56.9000,  1177.3174, -588.7603, 56.9000,  0, 127, 0
L 1171.1084, -585.1348, 56.9000,  1174.5098, -586.8383, 56.9000,  0, 127, 0
L 1165.9408, -583.6363, 56.6259,  1171.1084, -585.1348, 56.9000,  0, 127, 0
L 1103.2024, -583.6249, 56.6259,  1165.9408, -583.6363, 56.6259,  0, 127, 0
L 1099.3694, -583.5425, 56.9000,  1103.2024, -583.6249, 56.9000,  0, 127, 0
L 1096.2190, -584.1733, 56.9000,  1099.3694, -583.5425, 56.9000,  0, 127, 0
L 1094.2963, -584.4316, 56.9000,  1096.2190, -584.1733, 56.9000,  0, 127, 0
L 1090.3334, -586.3760, 56.9000,  1094.2963, -584.4316, 56.9000,  0, 127, 0
L 1086.7980, -588.6711, 56.9000,  1090.3334, -586.3760, 56.9000,  0, 127, 0
L 1083.8268, -591.6423, 56.9000,  1086.7980, -588.6711, 56.9000,  0, 127, 0
L 1080.8250, -598.9955, 56.9000,  1083.8268, -591.6423, 56.9000,  0, 127, 0
L 1079.4894, -600.6376, 56.9000,  1080.8250, -598.9955, 56.9000,  0, 127, 0
L 1079.1393, -602.3900, 56.9000,  1079.4894, -600.6376, 56.9000,  0, 127, 0
L 1078.6449, -604.8605, 56.6259,  1079.1393, -602.3900, 56.9000,  0, 127, 0
L 1078.6249, -634.1030, 56.6259,  1078.6449, -604.8605, 56.6259,  0, 127, 0
L 1078.6238, -638.3356, 56.9000,  1078.6249, -634.1030, 56.9000,  0, 127, 0
L 1078.4346, -639.9120, 56.9000,  1078.6238, -638.3356, 56.9000,  0, 127, 0
L 1077.6421, -643.8757, 56.9000,  1078.4346, -639.9120, 56.9000,  0, 127, 0
L 1075.8224, -647.5157, 56.9000,  1077.6421, -643.8757, 56.9000,  0, 127, 0
L 1073.7189, -650.7454, 56.6259,  1075.8224, -647.5157, 56.9000,  0, 127, 0
L 1040.6249, -683.8443, 56.6259,  1073.7189, -650.7454, 56.6259,  0, 127, 0
L 1040.6249, -704.1599, 56.6259,  1040.6249, -683.8443, 56.6259,  0, 127, 0
L 1063.8495, -726.3749, 56.6259,  1040.6249, -704.1599, 56.6259,  0, 127, 0
L 1079.1548, -726.3750, 56.6259,  1063.8495, -726.3749, 56.6259,  0, 127, 0
L 1114.2372, -691.2922, 56.6259,  1079.1548, -726.3750, 56.6259,  0, 127, 0
L 1116.6619, -689.6761, 56.9000,  1114.2372, -691.2922, 56.9000,  0, 127, 0
L 1120.8748, -687.4820, 56.9000,  1116.6619, -689.6761, 56.9000,  0, 127, 0
L 1126.1360, -686.3795, 56.9000,  1120.8748, -687.4820, 56.9000,  0, 127, 0
L 1164.1399, -686.3749, 56.6259,  1126.1360, -686.3795, 56.9000,  0, 127, 0
L 1170.1393, -685.3500, 56.9000,  1164.1399, -686.3749, 56.9000,  0, 127, 0
L 1176.8301, -681.7007, 56.9000,  1170.1393, -685.3500, 56.9000,  0, 127, 0
L 1180.2571, -678.3241, 56.9000,  1176.8301, -681.7007, 56.9000,  0, 127, 0
L 1184.1747, -670.8042, 56.9000,  1180.2571, -678.3241, 56.9000,  0, 127, 0
L 1184.5164, -669.3301, 56.9000,  1184.1747, -670.8042, 56.9000,  0, 127, 0
L 1184.8965, -667.4280, 56.9000,  1184.5164, -669.3301, 56.9000,  0, 127, 0
L 1185.3749, -605.6454, 56.6259,  1184.8965, -667.4280, 56.9000,  0, 127, 0
L 1035.4982, -520.3808, 56.9000,  1021.3160, -520.3748, 56.6259,  0, 127, 0
L 1039.1990, -519.7784, 56.9000,  1035.4982, -520.3808, 56.9000,  0, 127, 0
L 1049.1121, -515.4152, 56.9000,  1039.1990, -519.7784, 56.9000,  0, 127, 0
L 1052.1697, -512.4216, 56.9000,  1049.1121, -515.4152, 56.9000,  0, 127, 0
L 1054.2941, -509.2518, 56.9000,  1052.1697, -512.4216, 56.9000,  0, 127, 0
L 1056.8467, -505.6698, 56.9000,  1054.2941, -509.2518, 56.9000,  0, 127, 0
L 1056.5398, -504.2135, 56.9000,  1056.8467, -505.6698, 56.9000,  0, 127, 0
L 1057.2228, -463.1933, 56.9000,  1056.5398, -504.2135, 56.9000,  0, 127, 0
L 1056.2256, -459.6125, 56.9000,  1057.2228, -463.1933, 56.9000,  0, 127, 0
L 1054.6476, -456.3292, 56.9000,  1056.2256, -459.6125, 56.9000,  0, 127, 0
L 1052.3903, -452.8591, 56.9000,  1054.6476, -456.3292, 56.9000,  0, 127, 0
L 1019.3749, -419.8446, 56.6259,  1052.3903, -452.8591, 56.9000,  0, 127, 0
L 1019.3749, -376.1553, 56.6259,  1019.3749, -419.8446, 56.6259,  0, 127, 0
L 1039.1548, -356.3750, 56.6259,  1019.3749, -376.1553, 56.6259,  0, 127, 0
L 1082.8512, -356.3750, 56.6259,  1039.1548, -356.3750, 56.6259,  0, 127, 0
L 1111.3134, -383.5790, 56.6259,  1082.8512, -356.3750, 56.6259,  0, 127, 0
L 1115.9054, -387.4361, 56.9000,  1111.3134, -383.5790, 56.9000,  0, 127, 0
L 1117.8329, -388.8408, 56.9000,  1115.9054, -387.4361, 56.9000,  0, 127, 0
L 1118.6780, -389.9041, 56.9000,  1117.8329, -388.8408, 56.9000,  0, 127, 0
L 1124.5685, -393.2971, 56.9000,  1118.6780, -389.9041, 56.9000,  0, 127, 0
L 1129.8556, -394.3750, 56.9000,  1124.5685, -393.2971, 56.9000,  0, 127, 0
L 1162.5601, -394.3750, 56.6259,  1129.8556, -394.3750, 56.9000,  0, 127, 0
L 1164.2853, -394.3754, 56.9000,  1162.5601, -394.3750, 56.9000,  0, 127, 0
L 1169.7753, -393.4275, 56.9000,  1164.2853, -394.3754, 56.9000,  0, 127, 0
L 1173.6714, -391.5837, 56.9000,  1169.7753, -393.4275, 56.9000,  0, 127, 0
L 1176.9657, -389.4735, 56.9000,  1173.6714, -391.5837, 56.9000,  0, 127, 0
L 1180.3206, -386.1990, 56.9000,  1176.9657, -389.4735, 56.9000,  0, 127, 0
L 1183.9739, -378.8908, 56.9000,  1180.3206, -386.1990, 56.9000,  0, 127, 0
L 1184.5374, -377.2248, 56.9000,  1183.9739, -378.8908, 56.9000,  0, 127, 0
L 1184.8866, -375.4775, 56.9000,  1184.5374, -377.2248, 56.9000,  0, 127, 0
L 1185.4290, -359.7228, 56.6259,  1184.8866, -375.4775, 56.9000,  0, 127, 0
L 1248.6249, -371.5720, 56.6259,  1248.6250, -360.1188, 56.6259,  0, 127, 0
L 1248.6244, -372.5445, 56.9000,  1248.6249, -371.5720, 56.9000,  0, 127, 0
L 1249.6139, -378.6090, 56.9000,  1248.6244, -372.5445, 56.9000,  0, 127, 0
L 1253.5862, -386.1172, 56.9000,  1249.6139, -378.6090, 56.9000,  0, 127, 0
L 1256.1360, -388.6668, 56.9000,  1253.5862, -386.1172, 56.9000,  0, 127, 0
L 1257.5232, -389.7996, 56.9000,  1256.1360, -388.6668, 56.9000,  0, 127, 0
L 1259.1388, -390.8768, 56.9000,  1257.5232, -389.7996, 56.9000,  0, 127, 0
L 1263.3490, -393.9440, 56.9000,  1259.1388, -390.8768, 56.9000,  0, 127, 0
L 1268.7627, -394.3557, 56.9000,  1263.3490, -393.9440, 56.9000,  0, 127, 0
L 1300.7946, -394.3750, 56.6259,  1268.7627, -394.3557, 56.9000,  0, 127, 0
L 1302.9247, -394.3752, 56.9000,  1300.7946, -394.3750, 56.9000,  0, 127, 0
L 1309.1005, -393.3695, 56.9000,  1302.9247, -394.3752, 56.9000,  0, 127, 0
L 1312.3733, -391.7327, 56.9000,  1309.1005, -393.3695, 56.9000,  0, 127, 0
L 1316.1486, -389.3713, 56.9000,  1312.3733, -391.7327, 56.9000,  0, 127, 0
L 1349.1552, -356.3750, 56.6259,  1316.1486, -389.3713, 56.9000,  0, 127, 0
L 1392.8445, -356.3750, 56.6259,  1349.1552, -356.3750, 56.6259,  0, 127, 0
L 1414.6250, -378.1548, 56.6259,  1392.8445, -356.3750, 56.6259,  0, 127, 0
L 1414.6250, -421.8446, 56.6259,  1414.6250, -378.1548, 56.6259,  0, 127, 0
L 1401.9600, -434.5095, 56.6259,  1414.6250, -421.8446, 56.6259,  0, 127, 0
L 1384.1283, -452.3405, 56.9000,  1401.9600, -434.5095, 56.9000,  0, 127, 0
L 1383.1674, -453.5710, 56.9000,  1384.1283, -452.3405, 56.9000,  0, 127, 0
L 1381.4209, -456.3177, 56.9000,  1383.1674, -453.5710, 56.9000,  0, 127, 0
L 1380.5967, -457.9657, 56.9000,  1381.4209, -456.3177, 56.9000,  0, 127, 0
L 1379.7732, -459.2167, 56.9000,  1380.5967, -457.9657, 56.9000,  0, 127, 0
L 1379.1183, -462.4879, 56.9000,  1379.7732, -459.2167, 56.9000,  0, 127, 0
L 1378.6249, -625.4113, 56.6259,  1379.1183, -462.4879, 56.9000,  0, 127, 0
L 1378.5757, -642.7961, 56.9000,  1378.6249, -625.4113, 56.9000,  0, 127, 0
L 1379.5956, -648.3030, 56.9000,  1378.5757, -642.7961, 56.9000,  0, 127, 0
L 1381.5590, -651.9570, 56.9000,  1379.5956, -648.3030, 56.9000,  0, 127, 0
L 1383.6709, -655.2016, 56.9000,  1381.5590, -651.9570, 56.9000,  0, 127, 0
L 1416.6250, -688.1543, 56.6259,  1383.6709, -655.2016, 56.9000,  0, 127, 0
L 1416.6250, -731.8340, 56.6259,  1416.6250, -688.1543, 56.6259,  0, 127, 0
L 1394.8549, -751.6250, 56.6259,  1416.6250, -731.8340, 56.6259,  0, 127, 0
L 1351.1482, -751.6250, 56.6259,  1394.8549, -751.6250, 56.6259,  0, 127, 0
L 1318.3621, -720.5054, 56.9000,  1351.1482, -751.6250, 56.9000,  0, 127, 0
L 1316.8014, -719.8240, 56.9000,  1318.3621, -720.5054, 56.9000,  0, 127, 0
L 1312.8019, -716.4814, 56.9000,  1316.8014, -719.8240, 56.9000,  0, 127, 0
L 1309.5236, -714.7217, 56.9000,  1312.8019, -716.4814, 56.9000,  0, 127, 0
L 1304.6204, -713.7413, 56.9000,  1309.5236, -714.7217, 56.9000,  0, 127, 0
L 1160.1908, -713.6248, 56.6259,  1304.6204, -713.7413, 56.9000,  0, 127, 0
L 1127.8528, -713.6245, 56.9000,  1160.1908, -713.6248, 56.9000,  0, 127, 0
L 1121.2870, -714.4731, 56.9000,  1127.8528, -713.6245, 56.9000,  0, 127, 0
L 1117.2028, -716.4788, 56.9000,  1121.2870, -714.4731, 56.9000,  0, 127, 0
L 1115.4292, -717.5955, 56.9000,  1117.2028, -716.4788, 56.9000,  0, 127, 0
L 1113.8451, -718.6522, 56.6259,  1115.4292, -717.5955, 56.9000,  0, 127, 0
L 1080.8445, -751.6250, 56.6259,  1113.8451, -718.6522, 56.3150,  0, 127, 0
L 1037.1536, -751.6250, 56.6259,  1080.8445, -751.6250, 56.6259,  0, 127, 0
L 1015.3749, -729.8445, 56.6259,  1037.1536, -751.6250, 56.6259,  0, 127, 0
L 1015.3749, -686.1553, 56.6259,  1015.3749, -729.8445, 56.6259,  0, 127, 0
L 1042.5746, -658.9554, 56.6259,  1015.3749, -686.1553, 56.6259,  0, 127, 0
L 1050.8340, -651.4469, 56.9000,  1042.5746, -658.9554, 56.9000,  0, 127, 0
L 1052.2759, -648.2866, 56.9000,  1050.8340, -651.4469, 56.9000,  0, 127, 0
L 1053.9966, -644.8456, 56.9000,  1052.2759, -648.2866, 56.9000,  0, 127, 0
L 1054.5939, -642.9482, 56.9000,  1053.9966, -644.8456, 56.9000,  0, 127, 0
L 1054.9120, -641.3531, 56.9000,  1054.5939, -642.9482, 56.9000,  0, 127, 0
L 1055.3749, -610.5815, 56.6259,  1054.9120, -641.3531, 56.9000,  0, 127, 0
L 1055.4292, -604.2332, 56.9000,  1055.3749, -610.5815, 56.9000,  0, 127, 0
L 1054.4319, -599.2469, 56.9000,  1055.4292, -604.2332, 56.9000,  0, 127, 0
L 1052.5276, -595.2166, 56.9000,  1054.4319, -599.2469, 56.9000,  0, 127, 0
L 1050.5331, -592.1429, 56.9000,  1052.5276, -595.2166, 56.9000,  0, 127, 0
L 1047.7244, -589.1938, 56.9000,  1050.5331, -592.1429, 56.9000,  0, 127, 0
L 1040.1620, -585.1615, 56.9000,  1047.7244, -589.1938, 56.9000,  0, 127, 0
L 1034.3722, -583.6245, 56.9000,  1040.1620, -585.1615, 56.9000,  0, 127, 0
L 1022.6150, -583.6250, 56.6259,  1034.3722, -583.6245, 56.9000,  0, 127, 0
L 1021.9290, -653.9987, 57.6259,  1020.9900, -583.6250, 57.6486,  64, 64, 64
L 988.9901, -686.9410, 57.6492,  1021.9290, -653.9987, 57.6259,  64, 64, 64
L 989.8970, -730.2571, 57.6773,  988.9901, -686.9410, 57.6492,  64, 64, 64
L 1036.7018, -777.9160, 57.6890,  989.8970, -730.2571, 57.6773,  64, 64, 64
L 1081.5900, -777.7878, 57.6259,  1036.7018, -777.9160, 57.6890,  64, 64, 64
L 1110.9418, -747.9113, 57.6259,  1081.5900, -777.7878, 57.6259,  64, 64, 64
L 1319.2771, -747.8943, 57.6259,  1110.9418, -747.9113, 57.6259,  64, 64, 64
L 1351.6460, -779.9076, 57.6259,  1319.2771, -747.8943, 57.6259,  64, 64, 64
L 1394.8167, -779.9922, 57.6405,  1351.6460, -779.9076, 57.6259,  64, 64, 64
L 1442.9220, -732.3360, 57.6259,  1394.8167, -779.9922, 57.6405,  64, 64, 64
L 1442.8893, -688.1230, 57.6259,  1442.9220, -732.3360, 57.6259,  64, 64, 64
L 1412.9490, -658.1775, 57.6259,  1442.8893, -688.1230, 57.6259,  64, 64, 64
L 1412.9495, -449.9415, 57.6259,  1412.9490, -658.1775, 57.6259,  64, 64, 64
L 1440.9108, -421.8953, 57.6259,  1412.9495, -449.9415, 57.6259,  64, 64, 64
L 1440.9965, -377.9664, 57.6430,  1440.9108, -421.8953, 57.6259,  64, 64, 64
L 1392.8621, -330.1609, 57.6259,  1440.9965, -377.9664, 57.6430,  64, 64, 64
L 1349.1399, -330.1698, 57.6259,  1392.8621, -330.1609, 57.6259,  64, 64, 64
L 1319.8781, -359.9707, 57.6259,  1349.1399, -330.1698, 57.6259,  64, 64, 64
L 1248.6250, -360.1188, 57.6259,  1319.8781, -359.9707, 57.6259,  64, 64, 64
L 1115.3595, -360.7530, 57.6259,  1185.4290, -359.7228, 57.7486,  64, 64, 64
L 1083.1122, -328.1229, 57.6328,  1115.3595, -360.7530, 57.6259,  64, 64, 64
L 1039.1637, -328.1494, 57.6259,  1083.1122, -328.1229, 57.6328,  64, 64, 64
L 990.9800, -375.9366, 57.6563,  1039.1637, -328.1494, 57.6259,  64, 64, 64
L 991.6520, -419.8081, 57.6259,  990.9800, -375.9366, 57.6563,  64, 64, 64
L 1021.4111, -450.2208, 57.6259,  991.6520, -419.8081, 57.6259,  64, 64, 64
L 1021.3160, -520.3748, 57.6259,  1021.4111, -450.2208, 57.6259,  64, 64, 64
L 968.6250, -665.8445, 56.6259,  1000.6250, -633.8445, 56.6259,  64, 64, 64
L 968.6250, -750.1553, 56.6259,  968.6250, -665.8445, 56.6259,  64, 64, 64
L 1016.8445, -798.3748, 56.6259,  968.6250, -750.1553, 56.6259,  64, 64, 64
L 1101.1458, -798.3843, 56.6259,  1016.8445, -798.3748, 56.6259,  64, 64, 64
L 1131.1552, -768.3749, 56.6259,  1101.1458, -798.3843, 56.6259,  64, 64, 64
L 1298.8445, -768.3749, 56.6259,  1131.1552, -768.3749, 56.6259,  64, 64, 64
L 1330.8444, -800.3749, 56.6259,  1298.8445, -768.3749, 56.6259,  64, 64, 64
L 1415.1552, -800.3749, 56.6259,  1330.8444, -800.3749, 56.6259,  64, 64, 64
L 1463.3748, -752.1553, 56.6259,  1415.1552, -800.3749, 56.6259,  64, 64, 64
L 1463.3749, -667.8445, 56.6259,  1463.3748, -752.1553, 56.6259,  64, 64, 64
L 1433.3749, -637.8445, 56.6259,  1463.3749, -667.8445, 56.6259,  64, 64, 64
L 1433.3748, -470.1553, 56.6259,  1433.3749, -637.8445, 56.6259,  64, 64, 64
L 1461.3749, -442.1553, 56.6259,  1433.3748, -470.1553, 56.6259,  64, 64, 64
L 1461.3595, -357.8294, 56.6259,  1461.3749, -442.1553, 56.6259,  64, 64, 64
L 1413.1548, -309.6250, 56.6259,  1461.3595, -357.8294, 56.6259,  64, 64, 64
L 1328.8444, -309.6249, 56.6259,  1413.1548, -309.6250, 56.6259,  64, 64, 64
L 1298.8445, -339.6250, 56.6259,  1328.8444, -309.6249, 56.6259,  64, 64, 64
L 1248.6248, -339.6249, 56.6259,  1298.8445, -339.6250, 56.6259,  64, 64, 64
L 1248.6250, -360.1188, 56.6259,  1248.6248, -339.6249, 56.6259,  64, 64, 64
L 1185.3749, -339.6250, 56.6259,  1185.3749, -359.7230, 56.6259,  64, 64, 64
L 1135.1537, -339.6250, 56.6259,  1185.3749, -339.6250, 56.6259,  64, 64, 64
L 1103.1552, -307.6250, 56.6259,  1135.1537, -339.6250, 56.6259,  64, 64, 64
L 1018.8445, -307.6247, 56.6259,  1103.1552, -307.6250, 56.6259,  64, 64, 64
L 970.6250, -355.8498, 56.6259,  1018.8445, -307.6247, 56.6259,  64, 64, 64
L 970.6248, -440.1551, 56.6259,  970.6250, -355.8498, 56.6259,  64, 64, 64
L 1000.6250, -470.1553, 56.6259,  970.6248, -440.1551, 56.6259,  64, 64, 64
L 1000.6248, -520.3772, 56.6259,  1000.6250, -470.1553, 56.6259,  64, 64, 64
L 1021.3160, -520.2917, 56.6259,  1000.6248, -520.3772, 56.6259,  64, 64, 64
L 1000.6250, -583.6249, 56.6259,  1020.9900, -583.6250, 56.6259,  64, 64, 64
L 1000.6249, -633.8445, 56.6259,  1000.6250, -583.6249, 56.6259,  64, 64, 64
L 752.8445, -597.3749, 58.6259,  759.6250, -604.1548, 58.6259,  0, 127, 0
L 741.1553, -597.3749, 58.6259,  752.8445, -597.3749, 58.6259,  0, 127, 0
L 734.3749, -604.1553, 58.6259,  741.1553, -597.3749, 58.6259,  0, 127, 0
L 734.3749, -620.1552, 58.6259,  734.3749, -604.1553, 58.6259,  0, 127, 0
L 704.1553, -650.3749, 58.6259,  734.3749, -620.1552, 58.6259,  0, 127, 0
L 575.8445, -650.3750, 58.6259,  704.1553, -650.3749, 58.6259,  0, 127, 0
L 545.6249, -620.1552, 58.6259,  575.8445, -650.3750, 58.6259,  0, 127, 0
L 545.6250, -604.1544, 58.6259,  545.6249, -620.1552, 58.6259,  0, 127, 0
L 538.8445, -597.3749, 58.6259,  545.6250, -604.1544, 58.6259,  0, 127, 0
L 527.1553, -597.3749, 58.6259,  538.8445, -597.3749, 58.6259,  0, 127, 0
L 520.3749, -604.1553, 58.6259,  527.1553, -597.3749, 58.6259,  0, 127, 0
L 520.3749, -625.8445, 58.6259,  520.3749, -604.1553, 58.6259,  0, 127, 0
L 570.1553, -675.6250, 58.6259,  520.3749, -625.8445, 58.6259,  0, 127, 0
L 709.8445, -675.6250, 58.6259,  570.1553, -675.6250, 58.6259,  0, 127, 0
L 759.6250, -625.8445, 58.6259,  709.8445, -675.6250, 58.6259,  0, 127, 0
L 759.6250, -604.1553, 58.6259,  759.6250, -625.8445, 58.6259,  0, 127, 0
L 741.1553, -514.6250, 58.6259,  734.3749, -507.8446, 58.6259,  0, 127, 0
L 752.8445, -514.6249, 58.6259,  741.1553, -514.6250, 58.6259,  0, 127, 0
L 759.6250, -507.8446, 58.6259,  752.8445, -514.6249, 58.6259,  0, 127, 0
L 759.6250, -486.1553, 58.6259,  759.6250, -507.8446, 58.6259,  0, 127, 0
L 709.8445, -436.3750, 58.6259,  759.6250, -486.1553, 58.6259,  0, 127, 0
L 570.1553, -436.3750, 58.6259,  709.8445, -436.3750, 58.6259,  0, 127, 0
L 520.3749, -486.1553, 58.6259,  570.1553, -436.3750, 58.6259,  0, 127, 0
L 520.3749, -507.8446, 58.6259,  520.3749, -486.1553, 58.6259,  0, 127, 0
L 527.1553, -514.6250, 58.6259,  520.3749, -507.8446, 58.6259,  0, 127, 0
L 538.8445, -514.6249, 58.6259,  527.1553, -514.6250, 58.6259,  0, 127, 0
L 545.6250, -507.8446, 58.6259,  538.8445, -514.6249, 58.6259,  0, 127, 0
L 545.6245, -491.8448, 58.6259,  545.6250, -507.8446, 58.6259,  0, 127, 0
L 575.8442, -461.6250, 58.6259,  545.6245, -491.8448, 58.6259,  0, 127, 0
L 704.1552, -461.6249, 58.6259,  575.8442, -461.6250, 58.6259,  0, 127, 0
L 734.3749, -491.8446, 58.6259,  704.1552, -461.6249, 58.6259,  0, 127, 0
L 734.3749, -507.8446, 58.6259,  734.3749, -491.8446, 58.6259,  0, 127, 0
L 741.1548, -514.6250, 58.6259,  734.3749, -507.8446, 58.6259,  0, 127, 0
L 651.6250, -559.6250, 86.6260,  680.3748, -559.6250, 59.6259,  64, 64, 64
L 651.6249, -552.3749, 86.6260,  680.3740, -552.3748, 59.6259,  64, 64, 64
L 597.6249, -551.6250, 56.6259,  599.6250, -551.6250, 56.6259,  64, 64, 64
L 628.3749, -552.3749, 86.6260,  599.6250, -552.3740, 59.6259,  64, 64, 64
L 628.3749, -559.6249, 86.6260,  599.6250, -559.6250, 59.6259,  64, 64, 64
L 628.3749, -567.6249, 86.6260,  628.3749, -559.6249, 86.6260,  64, 64, 64
L 651.6249, -567.6249, 86.6260,  628.3749, -567.6249, 86.6260,  64, 64, 64
L 651.6250, -559.6250, 86.6260,  651.6249, -567.6249, 86.6260,  64, 64, 64
L 651.6250, -544.3737, 86.6260,  651.6249, -552.3749, 86.6260,  64, 64, 64
L 628.3749, -544.3749, 86.6260,  651.6250, -544.3737, 86.6260,  64, 64, 64
L 628.3749, -552.3749, 86.6260,  628.3749, -544.3749, 86.6260,  64, 64, 64
L 597.6249, -560.3749, 56.6259,  597.6249, -551.6250, 56.6259,  64, 64, 64
L 599.6250, -560.3749, 56.6259,  597.6249, -560.3749, 56.6259,  64, 64, 64
L 599.6248, -596.3748, 56.6259,  599.6250, -559.6250, 56.6259,  64, 64, 64
L 680.3749, -596.3749, 56.6259,  599.6248, -596.3748, 56.6259,  64, 64, 64
L 680.3748, -559.6250, 56.6259,  680.3749, -596.3749, 56.6259,  64, 64, 64
L 682.3749, -560.3749, 56.6259,  680.3749, -560.3749, 56.6259,  64, 64, 64
L 682.3749, -551.6249, 56.6259,  682.3749, -560.3749, 56.6259,  64, 64, 64
L 680.3740, -551.6250, 56.6259,  682.3749, -551.6249, 56.6259,  64, 64, 64
L 680.3749, -515.6250, 56.6259,  680.3740, -552.3748, 56.6259,  64, 64, 64
L 599.6250, -515.6241, 56.6259,  680.3749, -515.6250, 56.6259,  64, 64, 64
L 599.6250, -552.3740, 56.6259,  599.6250, -515.6241, 56.6259,  64, 64, 64
L 539.1552, -519.3749, 56.6259,  526.8445, -519.3749, 56.6259,  64, 64, 64
L 550.3749, -508.1553, 56.6259,  539.1552, -519.3749, 56.6259,  64, 64, 64
L 550.3749, -492.1553, 56.6259,  550.3749, -508.1553, 56.6259,  64, 64, 64
L 576.1553, -466.3750, 56.6259,  550.3749, -492.1553, 56.6259,  64, 64, 64
L 703.8445, -466.3749, 56.6259,  576.1553, -466.3750, 56.6259,  64, 64, 64
L 729.6250, -492.1553, 56.6259,  703.8445, -466.3749, 56.6259,  64, 64, 64
L 729.6249, -508.1553, 56.6259,  729.6250, -492.1553, 56.6259,  64, 64, 64
L 740.8445, -519.3749, 56.6259,  729.6249, -508.1553, 56.6259,  64, 64, 64
L 753.1547, -519.3754, 56.6259,  740.8445, -519.3749, 56.6259,  64, 64, 64
L 764.3750, -508.1551, 56.6259,  753.1547, -519.3754, 56.6259,  64, 64, 64
L 764.3712, -485.8408, 56.6259,  764.3750, -508.1551, 56.6259,  64, 64, 64
L 710.1552, -431.6250, 56.6259,  764.3712, -485.8408, 56.6259,  64, 64, 64
L 569.8445, -431.6249, 56.6259,  710.1552, -431.6250, 56.6259,  64, 64, 64
L 515.6250, -485.8446, 56.6259,  569.8445, -431.6249, 56.6259,  64, 64, 64
L 515.6248, -508.1551, 56.6259,  515.6250, -485.8446, 56.6259,  64, 64, 64
L 526.8445, -519.3749, 56.6259,  515.6248, -508.1551, 56.6259,  64, 64, 64
L 569.8445, -680.3749, 56.6259,  516.2440, -626.7740, 56.6259,  64, 64, 64
L 710.1544, -680.3755, 56.6259,  569.8445, -680.3749, 56.6259,  64, 64, 64
L 764.3749, -626.1570, 56.6259,  710.1544, -680.3755, 56.6259,  64, 64, 64
L 764.3750, -603.8445, 56.6259,  764.3749, -626.1570, 56.6259,  64, 64, 64
L 753.1508, -592.6249, 56.6259,  764.3750, -603.8445, 56.6259,  64, 64, 64
L 740.8445, -592.6250, 56.6259,  753.1508, -592.6249, 56.6259,  64, 64, 64
L 729.6249, -603.8445, 56.6259,  740.8445, -592.6250, 56.6259,  64, 64, 64
L 729.6250, -619.8445, 56.6259,  729.6249, -603.8445, 56.6259,  64, 64, 64
L 703.8445, -645.6250, 56.6259,  729.6250, -619.8445, 56.6259,  64, 64, 64
L 576.1553, -645.6250, 56.6259,  703.8445, -645.6250, 56.6259,  64, 64, 64
L 550.3749, -619.8445, 56.6259,  576.1553, -645.6250, 56.6259,  64, 64, 64
L 550.3750, -603.8445, 56.6259,  550.3749, -619.8445, 56.6259,  64, 64, 64
L 539.1553, -592.6250, 56.6259,  550.3750, -603.8445, 56.6259,  64, 64, 64
L 526.8445, -592.6249, 56.6259,  539.1553, -592.6250, 56.6259,  64, 64, 64
L 515.6249, -603.8445, 56.6259,  526.8445, -592.6249, 56.6259,  64, 64, 64
L 515.6250, -625.7436, 56.6259,  515.6249, -603.8445, 56.6259,  64, 64, 64
L 418.8100, -845.5909, 56.6259,  424.6422, -842.8423, 56.6259,  64, 64, 64
L 415.2592, -852.2259, 56.6259,  418.8100, -845.5909, 56.6259,  64, 64, 64
L 418.1380, -858.8600, 56.6259,  415.2592, -852.2259, 56.6259,  64, 64, 64
L 424.6139, -861.6194, 56.6259,  418.1380, -858.8600, 56.6259,  64, 64, 64
L 431.2762, -858.8592, 56.6259,  424.6139, -861.6194, 56.6259,  64, 64, 64
L 434.2490, -852.2250, 56.6259,  431.2762, -858.8592, 56.6259,  64, 64, 64
L 431.2762, -845.5909, 56.6259,  434.2490, -852.2250, 56.6259,  64, 64, 64
L 424.6422, -842.8423, 56.6259,  431.2762, -845.5909, 56.6259,  64, 64, 64
L 431.4418, -703.4438, 56.6259,  434.9200, -710.1912, 56.6259,  64, 64, 64
L 424.9716, -700.4808, 56.6259,  431.4418, -703.4438, 56.6259,  64, 64, 64
L 418.2423, -702.9828, 56.6259,  424.9716, -700.4808, 56.6259,  64, 64, 64
L 415.2515, -709.5112, 56.6259,  418.2423, -702.9828, 56.6259,  64, 64, 64
L 417.7540, -716.2421, 56.6259,  415.2515, -709.5112, 56.6259,  64, 64, 64
L 424.2825, -719.2331, 56.6259,  417.7540, -716.2421, 56.6259,  64, 64, 64
L 431.1330, -716.7305, 56.6259,  424.2825, -719.2331, 56.6259,  64, 64, 64
L 434.9200, -710.1912, 56.6259,  431.1330, -716.7305, 56.6259,  64, 64, 64
L 641.4891, -703.2385, 56.6259,  644.2371, -709.8712, 56.6259,  64, 64, 64
L 634.9175, -700.4622, 56.6259,  641.4891, -703.2385, 56.6259,  64, 64, 64
L 628.2201, -703.2369, 56.6259,  634.9175, -700.4622, 56.6259,  64, 64, 64
L 625.4705, -709.8737, 56.6259,  628.2201, -703.2369, 56.6259,  64, 64, 64
L 628.2560, -716.5290, 56.6259,  625.4705, -709.8737, 56.6259,  64, 64, 64
L 634.9886, -719.1980, 56.6259,  628.2560, -716.5290, 56.6259,  64, 64, 64
L 641.4885, -716.5051, 56.6259,  635.2581, -719.8650, 56.6259,  64, 64, 64
L 644.2371, -709.8712, 56.6259,  641.4885, -716.5051, 56.6259,  64, 64, 64
L 853.9067, -716.4709, 56.6259,  847.9229, -718.9637, 56.6259,  64, 64, 64
L 856.6484, -709.8533, 56.6259,  853.9067, -716.4709, 56.6259,  64, 64, 64
L 853.8998, -703.2192, 56.6259,  856.6484, -709.8533, 56.6259,  64, 64, 64
L 847.2657, -700.4706, 56.6259,  853.8998, -703.2192, 56.6259,  64, 64, 64
L 840.6343, -703.2128, 56.6259,  847.2657, -700.4706, 56.6259,  64, 64, 64
L 837.8831, -709.8537, 56.6259,  840.6343, -703.2128, 56.6259,  64, 64, 64
L 840.6317, -716.4872, 56.6259,  837.8831, -709.8537, 56.6259,  64, 64, 64
L 846.8622, -719.6880, 56.6259,  840.6317, -716.4872, 56.6259,  64, 64, 64
L 840.6144, -846.1688, 56.6259,  847.2468, -843.4210, 56.6259,  64, 64, 64
L 837.8397, -852.7449, 56.6259,  840.6144, -846.1688, 56.6259,  64, 64, 64
L 840.6127, -859.4377, 56.6259,  837.8397, -852.7449, 56.6259,  64, 64, 64
L 847.2518, -862.1884, 56.6259,  840.6127, -859.4377, 56.6259,  64, 64, 64
L 853.8962, -859.3727, 56.6259,  847.2518, -862.1884, 56.6259,  64, 64, 64
L 856.6671, -852.8940, 56.6259,  854.5220, -859.2440, 56.6259,  64, 64, 64
L 853.8809, -846.1695, 56.6259,  856.6671, -852.8940, 56.6259,  64, 64, 64
L 847.2468, -843.4210, 56.6259,  853.8809, -846.1695, 56.6259,  64, 64, 64
L 678.3749, -820.3749, 56.6259,  585.6250, -820.3749, 56.6259,  64, 64, 64
L 678.3749, -811.6250, 56.6259,  678.3749, -820.3749, 56.6259,  64, 64, 64
L 585.6250, -811.6250, 56.6259,  678.3749, -811.6250, 56.6259,  64, 64, 64
L 585.6250, -820.3749, 56.6259,  585.6250, -811.6250, 56.6259,  64, 64, 64
L 740.6249, -745.6250, 56.6259,  531.3749, -745.6572, 56.6259,  64, 64, 64
L 740.6248, -743.6407, 56.6259,  740.6249, -745.6250, 56.6259,  64, 64, 64
L 743.3749, -743.6191, 56.6259,  740.6248, -743.6407, 56.6259,  64, 64, 64
L 743.3749, -762.3750, 56.6259,  743.3749, -743.6191, 56.6259,  64, 64, 64
L 740.6249, -762.3750, 56.6259,  743.3749, -762.3750, 56.6259,  64, 64, 64
L 740.6250, -757.3738, 56.6259,  740.6249, -762.3750, 56.6259,  64, 64, 64
L 531.3749, -757.3749, 56.6259,  740.6250, -757.3738, 56.6259,  64, 64, 64
L 531.3749, -762.3749, 56.6259,  531.3749, -757.3749, 56.6259,  64, 64, 64
L 528.6250, -762.3749, 56.6259,  531.3749, -762.3749, 56.6259,  64, 64, 64
L 528.6249, -743.6250, 56.6259,  528.6250, -762.3749, 56.6259,  64, 64, 64
L 531.3749, -743.6250, 56.6259,  528.6249, -743.6250, 56.6259,  64, 64, 64
L 531.3749, -745.6250, 56.6259,  531.3749, -743.6250, 56.6259,  64, 64, 64
L 460.6372, -745.6245, 56.6259,  516.6249, -745.6357, 56.6358,  64, 64, 64
L 811.3628, -864.3751, 56.6259,  460.6247, -864.3592, 56.6383,  64, 64, 64
L 811.3615, -745.6371, 56.6302,  811.3628, -864.3751, 56.6259,  64, 64, 64
L 755.3741, -745.6250, 56.6259,  811.3615, -745.6371, 56.6259,  64, 64, 64
L 755.3751, -743.6250, 56.6259,  755.3741, -745.6250, 56.6259,  64, 64, 64
L 752.6249, -743.6250, 56.6259,  755.3751, -743.6250, 56.6259,  64, 64, 64
L 752.6248, -762.3750, 56.6259,  752.6249, -743.6250, 56.6259,  64, 64, 64
L 755.3749, -762.3750, 56.6259,  752.6248, -762.3750, 56.6259,  64, 64, 64
L 755.3749, -757.3749, 56.6259,  755.3749, -762.3750, 56.6259,  64, 64, 64
L 799.6250, -757.3745, 56.6259,  755.3749, -757.3749, 56.6259,  64, 64, 64
L 799.6249, -852.6250, 56.6259,  799.6250, -757.3745, 56.6259,  64, 64, 64
L 758.3740, -852.6250, 56.6259,  799.6249, -852.6250, 56.6259,  64, 64, 64
L 758.3755, -811.6250, 56.6259,  758.3740, -852.6250, 56.6259,  64, 64, 64
L 687.6250, -811.6245, 56.6259,  758.3755, -811.6250, 56.6259,  64, 64, 64
L 687.6250, -820.3251, 56.6259,  687.6250, -811.6245, 56.6259,  64, 64, 64
L 748.6250, -820.3749, 56.6259,  687.6250, -820.3251, 56.6259,  64, 64, 64
L 748.6249, -852.6250, 56.6259,  748.6250, -820.3749, 56.6259,  64, 64, 64
L 515.3741, -852.6250, 56.6259,  748.6249, -852.6250, 56.6259,  64, 64, 64
L 515.3749, -820.3749, 56.6259,  515.3741, -852.6250, 56.6259,  64, 64, 64
L 576.3749, -820.3750, 56.6259,  515.3749, -820.3749, 56.6259,  64, 64, 64
L 576.3749, -811.6667, 56.6259,  576.3749, -820.3750, 56.6259,  64, 64, 64
L 505.6250, -811.6226, 56.6259,  576.3749, -811.6667, 56.6259,  64, 64, 64
L 505.6250, -852.6250, 56.6259,  505.6250, -811.6226, 56.6259,  64, 64, 64
L 472.3745, -852.6250, 56.6259,  505.6250, -852.6250, 56.6259,  64, 64, 64
L 472.3750, -757.3750, 56.6259,  472.3745, -852.6250, 56.6259,  64, 64, 64
L 516.6250, -757.3750, 56.6259,  472.3750, -757.3750, 56.6259,  64, 64, 64
L 516.6245, -762.3749, 56.6259,  516.6250, -757.3750, 56.6259,  64, 64, 64
L 519.3749, -762.3749, 56.6259,  516.6245, -762.3749, 56.6259,  64, 64, 64
L 519.3750, -743.6250, 56.6259,  519.3749, -762.3749, 56.6259,  64, 64, 64
L 516.6249, -743.6250, 56.6259,  519.3750, -743.6250, 56.6259,  64, 64, 64
L 516.6249, -745.6250, 56.6259,  516.6249, -743.6250, 56.6259,  64, 64, 64
L 460.6247, -864.3592, 56.6259,  460.6372, -745.6245, 56.6259,  64, 64, 64
L -879.6250, 495.6250, 56.5148,  -628.3749, 495.6250, 56.5148,  0, 0, 240
L -879.6250, 352.3740, 56.5148,  -879.6250, 495.6250, 56.5148,  0, 0, 240
L -628.3749, 352.3750, 56.5148,  -879.6250, 352.3740, 56.5148,  0, 0, 240
L -628.3749, 495.6250, 56.5133,  -628.3749, 352.3750, 56.5148,  0, 0, 240
L -705.8445, 730.6250, 58.6259,  -689.8445, 730.6249, 58.6259,  0, 127, 0
L -712.6250, 723.8445, 58.6259,  -705.8445, 730.6250, 58.6259,  0, 127, 0
L -712.6250, 712.1544, 58.6259,  -712.6250, 723.8445, 58.6259,  0, 127, 0
L -705.8445, 705.3748, 58.6259,  -712.6250, 712.1544, 58.6259,  0, 127, 0
L -684.1552, 705.3749, 58.6259,  -705.8445, 705.3748, 58.6259,  0, 127, 0
L -634.3749, 755.1553, 58.6259,  -684.1552, 705.3749, 58.6259,  0, 127, 0
L -634.3749, 894.8445, 58.6259,  -634.3749, 755.1553, 58.6259,  0, 127, 0
L -684.1553, 944.6250, 58.6259,  -634.3749, 894.8445, 58.6259,  0, 127, 0
L -705.8445, 944.6249, 58.6259,  -684.1553, 944.6250, 58.6259,  0, 127, 0
L -712.6250, 937.8445, 58.6259,  -705.8445, 944.6249, 58.6259,  0, 127, 0
L -712.6250, 926.1544, 58.6259,  -712.6250, 937.8445, 58.6259,  0, 127, 0
L -705.8445, 919.3749, 58.6259,  -712.6250, 926.1544, 58.6259,  0, 127, 0
L -689.8445, 919.3750, 58.6259,  -705.8445, 919.3749, 58.6259,  0, 127, 0
L -659.6439, 889.1742, 58.6259,  -689.8445, 919.3750, 58.6259,  0, 127, 0
L -659.6241, 760.8452, 58.6259,  -659.6439, 889.1742, 58.6259,  0, 127, 0
L -689.8445, 730.6249, 58.6259,  -659.6241, 760.8452, 58.6259,  0, 127, 0
L -848.3752, 889.1548, 58.6259,  -848.3749, 760.8445, 58.6259,  0, 127, 0
L -818.1553, 919.3749, 58.6259,  -848.3752, 889.1548, 58.6259,  0, 127, 0
L -802.1552, 919.3749, 58.6259,  -818.1553, 919.3749, 58.6259,  0, 127, 0
L -795.3749, 926.1553, 58.6259,  -802.1552, 919.3749, 58.6259,  0, 127, 0
L -795.3749, 937.8445, 58.6259,  -795.3749, 926.1553, 58.6259,  0, 127, 0
L -802.1553, 944.6250, 58.6259,  -795.3749, 937.8445, 58.6259,  0, 127, 0
L -823.8445, 944.6250, 58.6259,  -802.1553, 944.6250, 58.6259,  0, 127, 0
L -873.6250, 894.8445, 58.6259,  -823.8445, 944.6250, 58.6259,  0, 127, 0
L -873.6250, 755.1544, 58.6259,  -873.6250, 894.8445, 58.6259,  0, 127, 0
L -823.8445, 705.3749, 58.6259,  -873.6250, 755.1544, 58.6259,  0, 127, 0
L -802.1553, 705.3749, 58.6259,  -823.8445, 705.3749, 58.6259,  0, 127, 0
L -795.3749, 712.1552, 58.6259,  -802.1553, 705.3749, 58.6259,  0, 127, 0
L -795.3749, 723.8445, 58.6259,  -795.3749, 712.1552, 58.6259,  0, 127, 0
L -802.1553, 730.6250, 58.6259,  -795.3749, 723.8445, 58.6259,  0, 127, 0
L -818.1550, 730.6248, 58.6259,  -802.1553, 730.6250, 58.6259,  0, 127, 0
L -848.3749, 760.8445, 58.6259,  -818.1550, 730.6248, 58.6259,  0, 127, 0
L -802.1553, -66.3750, 58.6259,  -795.3749, -73.1552, 58.6259,  0, 127, 0
L -818.1548, -66.3755, 58.6259,  -802.1553, -66.3750, 58.6259,  0, 127, 0
L -848.3749, -36.1559, 58.6259,  -818.1548, -66.3755, 58.6259,  0, 127, 0
L -848.3754, 92.1547, 58.6259,  -848.3749, -36.1559, 58.6259,  0, 127, 0
L -818.1556, 122.3750, 58.6259,  -848.3754, 92.1547, 58.6259,  0, 127, 0
L -802.1553, 122.3750, 58.6259,  -818.1556, 122.3750, 58.6259,  0, 127, 0
L -795.3749, 129.1553, 58.6259,  -802.1553, 122.3750, 58.6259,  0, 127, 0
L -795.3749, 140.8446, 58.6259,  -795.3749, 129.1553, 58.6259,  0, 127, 0
L -802.1553, 147.6250, 58.6259,  -795.3749, 140.8446, 58.6259,  0, 127, 0
L -823.8445, 147.6250, 58.6259,  -802.1553, 147.6250, 58.6259,  0, 127, 0
L -873.6250, 97.8445, 58.6259,  -823.8445, 147.6250, 58.6259,  0, 127, 0
L -873.6250, -41.8447, 58.6259,  -873.6250, 97.8445, 58.6259,  0, 127, 0
L -823.8445, -91.6251, 58.6259,  -873.6250, -41.8447, 58.6259,  0, 127, 0
L -802.1547, -91.6250, 58.6259,  -823.8445, -91.6251, 58.6259,  0, 127, 0
L -795.3749, -84.8445, 58.6259,  -802.1547, -91.6250, 58.6259,  0, 127, 0
L -795.3749, -73.1554, 58.6259,  -795.3749, -84.8445, 58.6259,  0, 127, 0
L -689.8440, -66.3750, 58.6259,  -659.6250, -36.1554, 58.6259,  0, 127, 0
L -705.8445, -66.3750, 58.6259,  -689.8440, -66.3750, 58.6259,  0, 127, 0
L -712.6250, -73.1552, 58.6259,  -705.8445, -66.3750, 58.6259,  0, 127, 0
L -712.6250, -84.8447, 58.6259,  -712.6250, -73.1552, 58.6259,  0, 127, 0
L -705.8445, -91.6251, 58.6259,  -712.6250, -84.8447, 58.6259,  0, 127, 0
L -684.1539, -91.6250, 58.6259,  -705.8445, -91.6251, 58.6259,  0, 127, 0
L -634.3749, -41.8447, 58.6259,  -684.1539, -91.6250, 58.6259,  0, 127, 0
L -634.3749, 97.8445, 58.6259,  -634.3749, -41.8447, 58.6259,  0, 127, 0
L -684.1553, 147.6250, 58.6259,  -634.3749, 97.8445, 58.6259,  0, 127, 0
L -705.8445, 147.6250, 58.6259,  -684.1553, 147.6250, 58.6259,  0, 127, 0
L -712.6250, 140.8446, 58.6259,  -705.8445, 147.6250, 58.6259,  0, 127, 0
L -712.6250, 129.1553, 58.6259,  -712.6250, 140.8446, 58.6259,  0, 127, 0
L -705.8445, 122.3748, 58.6259,  -712.6250, 129.1553, 58.6259,  0, 127, 0
L -689.8445, 122.3750, 58.6259,  -705.8445, 122.3748, 58.6259,  0, 127, 0
L -659.6250, 92.1552, 58.6259,  -689.8445, 122.3750, 58.6259,  0, 127, 0
L -659.6250, -36.1554, 58.6259,  -659.6250, 92.1552, 58.6259,  0, 127, 0
L -757.6250, 16.3750, 86.6260,  -757.6250, -12.3750, 59.6259,  64, 64, 64
L -750.3749, 16.3730, 86.6260,  -750.3748, -12.3749, 59.6259,  64, 64, 64
L -750.3749, 39.6250, 86.6260,  -750.3749, 68.3750, 59.6259,  64, 64, 64
L -757.6249, 39.6250, 86.6179,  -757.6249, 68.3750, 59.6259,  64, 64, 64
L -765.6250, 39.6250, 86.6260,  -757.6249, 39.6250, 86.6260,  64, 64, 64
L -765.6250, 16.3750, 86.6260,  -765.6250, 39.6250, 86.6260,  64, 64, 64
L -757.6250, 16.3750, 86.6260,  -765.6250, 16.3750, 86.6260,  64, 64, 64
L -742.3749, 16.3750, 86.6260,  -750.3749, 16.3730, 86.6260,  64, 64, 64
L -742.3745, 39.6250, 86.6260,  -742.3749, 16.3750, 86.6260,  64, 64, 64
L -750.3749, 39.6250, 86.6260,  -742.3745, 39.6250, 86.6260,  64, 64, 64
L -794.3752, -12.3750, 56.6259,  -794.3749, 68.3750, 56.6259,  64, 64, 64
L -757.6250, -12.3750, 56.6259,  -794.3752, -12.3750, 56.6259,  64, 64, 64
L -758.3750, -14.3751, 56.6259,  -758.3750, -12.3750, 56.6259,  64, 64, 64
L -749.6250, -14.3719, 56.6259,  -758.3750, -14.3751, 56.6259,  64, 64, 64
L -749.6250, -12.3749, 56.6259,  -749.6250, -14.3719, 56.6259,  64, 64, 64
L -713.6249, -12.3755, 56.6259,  -750.3748, -12.3749, 56.6259,  64, 64, 64
L -713.6245, 68.3750, 56.6259,  -713.6249, -12.3755, 56.6259,  64, 64, 64
L -750.3749, 68.3750, 56.6259,  -713.6245, 68.3750, 56.6259,  64, 64, 64
L -749.6249, 70.3750, 56.6259,  -749.6250, 68.3750, 56.6259,  64, 64, 64
L -758.3749, 70.3752, 56.6259,  -749.6249, 70.3750, 56.6259,  64, 64, 64
L -758.3749, 68.3750, 56.6259,  -758.3749, 70.3752, 56.6259,  64, 64, 64
L -794.3749, 68.3750, 56.6259,  -757.6249, 68.3750, 56.6259,  64, 64, 64
L -801.6689, 152.3694, 56.6259,  -790.6249, 141.1160, 56.6259,  64, 64, 64
L -824.7690, 152.4533, 56.6259,  -801.6689, 152.3694, 56.6259,  64, 64, 64
L -878.3749, 98.1552, 56.6259,  -824.7690, 152.4533, 56.6259,  64, 64, 64
L -878.3751, -42.1535, 56.6259,  -878.3749, 98.1552, 56.6259,  64, 64, 64
L -824.2740, -96.3750, 56.6259,  -878.3751, -42.1535, 56.6259,  64, 64, 64
L -801.8476, -96.3753, 56.6259,  -824.2740, -96.3750, 56.6259,  64, 64, 64
L -790.6249, -85.1931, 56.6259,  -801.8476, -96.3753, 56.6259,  64, 64, 64
L -790.6245, -72.8452, 56.6259,  -790.6249, -85.1931, 56.6259,  64, 64, 64
L -801.8438, -61.6250, 56.6259,  -790.6245, -72.8452, 56.6259,  64, 64, 64
L -817.8445, -61.6250, 56.6259,  -801.8438, -61.6250, 56.6259,  64, 64, 64
L -843.6250, -35.8447, 56.6259,  -817.8445, -61.6250, 56.6259,  64, 64, 64
L -843.6250, 91.8447, 56.6259,  -843.6250, -35.8447, 56.6259,  64, 64, 64
L -817.8445, 117.6251, 56.6259,  -843.6250, 91.8447, 56.6259,  64, 64, 64
L -801.8445, 117.6250, 56.6259,  -817.8445, 117.6251, 56.6259,  64, 64, 64
L -790.6250, 128.8446, 56.6259,  -801.8445, 117.6250, 56.6259,  64, 64, 64
L -790.6249, 141.1160, 56.6259,  -790.6250, 128.8446, 56.6259,  64, 64, 64
L -706.1553, 117.6250, 56.6259,  -717.3749, 128.8446, 56.6259,  64, 64, 64
L -690.1541, 117.6250, 56.6259,  -706.1553, 117.6250, 56.6259,  64, 64, 64
L -664.3749, 91.8447, 56.6259,  -690.1541, 117.6250, 56.6259,  64, 64, 64
L -664.3749, -35.8447, 56.6259,  -664.3749, 91.8447, 56.6259,  64, 64, 64
L -690.1553, -61.6250, 56.6259,  -664.3749, -35.8447, 56.6259,  64, 64, 64
L -706.1552, -61.6250, 56.6259,  -690.1553, -61.6250, 56.6259,  64, 64, 64
L -717.3749, -72.8445, 56.6259,  -706.1552, -61.6250, 56.6259,  64, 64, 64
L -717.3749, -85.1554, 56.6259,  -717.3749, -72.8445, 56.6259,  64, 64, 64
L -706.1556, -96.3750, 56.6259,  -717.3749, -85.1554, 56.6259,  64, 64, 64
L -683.8451, -96.3755, 56.6259,  -706.1556, -96.3750, 56.6259,  64, 64, 64
L -629.6249, -42.1554, 56.6259,  -683.8451, -96.3755, 56.6259,  64, 64, 64
L -629.6241, 98.1546, 56.6259,  -629.6249, -42.1554, 56.6259,  64, 64, 64
L -683.8445, 152.3750, 56.6259,  -629.6241, 98.1546, 56.6259,  64, 64, 64
L -706.1556, 152.3750, 56.6259,  -683.8445, 152.3750, 56.6259,  64, 64, 64
L -717.3749, 141.1433, 56.6259,  -706.1556, 152.3750, 56.6259,  64, 64, 64
L -717.3749, 128.8446, 56.6259,  -717.3749, 141.1433, 56.6259,  64, 64, 64
L -637.2045, 547.9189, 60.6259,  -639.8610, 552.3354, 60.6259,  64, 64, 64
L -632.8613, 546.1277, 60.6259,  -637.2045, 547.9189, 60.6259,  64, 64, 64
L -628.4669, 547.9482, 60.6259,  -632.8613, 546.1277, 60.6259,  64, 64, 64
L -626.6862, 552.4149, 60.6259,  -628.4669, 547.9482, 60.6259,  64, 64, 64
L -628.5107, 556.7464, 60.6259,  -626.6862, 552.4149, 60.6259,  64, 64, 64
L -632.8702, 558.5529, 60.6259,  -628.5107, 556.7464, 60.6259,  64, 64, 64
L -637.2643, 556.7323, 60.6259,  -632.8702, 558.5529, 60.6259,  64, 64, 64
L -639.8610, 552.3354, 60.6259,  -637.2643, 556.7323, 60.6259,  64, 64, 64
L -618.6462, 505.3448, 60.6259,  -616.8260, 500.9510, 60.6259,  64, 64, 64
L -623.3570, 507.1675, 60.6259,  -618.6462, 505.3448, 60.6259,  64, 64, 64
L -627.4355, 505.3446, 60.6259,  -623.3570, 507.1675, 60.6259,  64, 64, 64
L -629.2516, 500.9443, 60.6259,  -627.4355, 505.3446, 60.6259,  64, 64, 64
L -627.4471, 496.5606, 60.6259,  -629.2516, 500.9443, 60.6259,  64, 64, 64
L -623.1760, 494.7461, 60.6259,  -627.4471, 496.5606, 60.6259,  64, 64, 64
L -618.6462, 496.5572, 60.6259,  -623.1760, 494.7461, 60.6259,  64, 64, 64
L -616.8260, 500.9510, 60.6259,  -618.6462, 496.5572, 60.6259,  64, 64, 64
L -567.7921, 486.6003, 60.6259,  -572.1861, 484.7798, 60.6259,  64, 64, 64
L -565.9717, 490.9943, 60.6259,  -567.7921, 486.6003, 60.6259,  64, 64, 64
L -567.7921, 495.3883, 60.6259,  -565.9717, 490.9943, 60.6259,  64, 64, 64
L -572.1870, 497.2085, 60.6259,  -567.7921, 495.3883, 60.6259,  64, 64, 64
L -576.5801, 495.3883, 60.6259,  -572.1870, 497.2085, 60.6259,  64, 64, 64
L -578.4006, 490.9943, 60.6259,  -576.5801, 495.3883, 60.6259,  64, 64, 64
L -576.5801, 486.6003, 60.6259,  -578.4006, 490.9943, 60.6259,  64, 64, 64
L -572.1861, 484.7798, 60.6259,  -576.5801, 486.6003, 60.6259,  64, 64, 64
L -572.2820, 351.6188, 60.6259,  -576.4102, 353.4397, 60.6259,  64, 64, 64
L -567.6570, 353.3530, 60.6259,  -572.2820, 351.6188, 60.6259,  64, 64, 64
L -565.8011, 357.8324, 60.6259,  -567.6570, 353.3530, 60.6259,  64, 64, 64
L -567.6218, 362.2264, 60.6259,  -565.8011, 357.8324, 60.6259,  64, 64, 64
L -572.1400, 364.4610, 60.6259,  -567.6218, 362.2264, 60.6259,  64, 64, 64
L -576.4030, 362.2411, 60.6259,  -572.1400, 364.4610, 60.6259,  64, 64, 64
L -578.2313, 357.8353, 60.6259,  -576.4030, 362.2411, 60.6259,  64, 64, 64
L -576.4102, 353.4397, 60.6259,  -578.2313, 357.8353, 60.6259,  64, 64, 64
L -623.4700, 341.6720, 60.6259,  -627.8636, 342.8878, 60.6259,  64, 64, 64
L -619.7660, 342.8874, 60.6259,  -623.4700, 341.6720, 60.6259,  64, 64, 64
L -617.2527, 347.2753, 60.6259,  -619.7660, 342.8874, 60.6259,  64, 64, 64
L -619.7469, 351.6734, 60.6259,  -617.2527, 347.2753, 60.6259,  64, 64, 64
L -623.4479, 353.5142, 60.6259,  -619.7469, 351.6734, 60.6259,  64, 64, 64
L -627.9017, 351.5887, 60.6259,  -623.4479, 353.5142, 60.6259,  64, 64, 64
L -629.6603, 347.2244, 60.6259,  -627.9017, 351.5887, 60.6259,  64, 64, 64
L -627.8636, 342.8878, 60.6259,  -629.6603, 347.2244, 60.6259,  64, 64, 64
L -637.1028, 292.1044, 60.6259,  -638.9233, 296.4984, 60.6259,  64, 64, 64
L -632.7089, 290.2841, 60.6259,  -637.1028, 292.1044, 60.6259,  64, 64, 64
L -628.3151, 292.1043, 60.6259,  -632.7089, 290.2841, 60.6259,  64, 64, 64
L -626.4944, 296.4984, 60.6259,  -628.3151, 292.1043, 60.6259,  64, 64, 64
L -628.3160, 300.8947, 60.6259,  -626.4944, 296.4984, 60.6259,  64, 64, 64
L -632.7281, 302.7049, 60.6259,  -628.3160, 300.8947, 60.6259,  64, 64, 64
L -637.1028, 300.8926, 60.6259,  -632.7281, 302.7049, 60.6259,  64, 64, 64
L -638.9233, 296.4984, 60.6259,  -637.1028, 300.8926, 60.6259,  64, 64, 64
L -882.8274, 296.1469, 60.6259,  -881.6899, 300.5409, 60.6259,  64, 64, 64
L -881.6800, 291.7529, 60.6259,  -882.8274, 296.1469, 60.6259,  64, 64, 64
L -876.6128, 289.9325, 60.6259,  -881.6800, 291.7529, 60.6259,  64, 64, 64
L -872.2603, 291.7359, 60.6259,  -876.6128, 289.9325, 60.6259,  64, 64, 64
L -870.3968, 296.1428, 60.6259,  -872.2603, 291.7359, 60.6259,  64, 64, 64
L -872.2191, 300.5409, 60.6259,  -870.3968, 296.1428, 60.6259,  64, 64, 64
L -876.6128, 302.3614, 60.6259,  -872.2191, 300.5409, 60.6259,  64, 64, 64
L -881.6899, 300.5409, 60.6259,  -876.6128, 302.3614, 60.6259,  64, 64, 64
L -890.9917, 347.4547, 60.6259,  -889.1711, 351.8489, 60.6259,  64, 64, 64
L -889.1711, 343.6090, 60.6259,  -890.9917, 347.4547, 60.6259,  64, 64, 64
L -884.7772, 341.2404, 60.6259,  -889.1711, 343.6090, 60.6259,  64, 64, 64
L -880.3834, 343.6090, 60.6259,  -884.7772, 341.2404, 60.6259,  64, 64, 64
L -878.5627, 347.4549, 60.6259,  -880.3834, 343.6090, 60.6259,  64, 64, 64
L -880.3834, 351.8489, 60.6259,  -878.5627, 347.4549, 60.6259,  64, 64, 64
L -884.7772, 353.6693, 60.6259,  -880.3834, 351.8489, 60.6259,  64, 64, 64
L -889.1711, 351.8489, 60.6259,  -884.7772, 353.6693, 60.6259,  64, 64, 64
L -942.4199, 356.3489, 60.6259,  -940.6534, 360.7649, 60.6259,  64, 64, 64
L -940.5410, 351.9667, 60.6259,  -942.4199, 356.3489, 60.6259,  64, 64, 64
L -936.5480, 350.2432, 60.6259,  -940.5410, 351.9667, 60.6259,  64, 64, 64
L -931.7593, 352.8510, 60.6259,  -936.5480, 350.2432, 60.6259,  64, 64, 64
L -929.9874, 356.4950, 60.6259,  -931.7593, 352.8510, 60.6259,  64, 64, 64
L -931.8946, 360.8838, 60.6259,  -929.9874, 356.4950, 60.6259,  64, 64, 64
L -936.2767, 362.6415, 60.6259,  -931.8946, 360.8838, 60.6259,  64, 64, 64
L -940.6534, 360.7649, 60.6259,  -936.2767, 362.6415, 60.6259,  64, 64, 64
L -937.1028, 498.2903, 60.6259,  -932.7087, 496.4698, 60.6259,  64, 64, 64
L -941.3260, 496.5407, 60.6259,  -937.1028, 498.2903, 60.6259,  64, 64, 64
L -943.3278, 492.1014, 60.6259,  -941.5900, 496.2450, 60.6259,  64, 64, 64
L -941.4968, 487.6820, 60.6259,  -943.3278, 492.1014, 60.6259,  64, 64, 64
L -937.1027, 485.8614, 60.6259,  -941.4968, 487.6820, 60.6259,  64, 64, 64
L -932.7095, 487.6816, 60.6259,  -937.1027, 485.8614, 60.6259,  64, 64, 64
L -930.8860, 492.7060, 60.6259,  -932.7095, 487.6816, 60.6259,  64, 64, 64
L -932.7087, 496.4698, 60.6259,  -930.8860, 492.7060, 60.6259,  64, 64, 64
L -890.7569, 500.8770, 60.6259,  -888.9446, 505.2866, 60.6259,  64, 64, 64
L -888.9432, 496.4993, 60.6259,  -890.7569, 500.8770, 60.6259,  64, 64, 64
L -884.5493, 494.6788, 60.6259,  -888.9432, 496.4993, 60.6259,  64, 64, 64
L -880.1563, 496.4988, 60.6259,  -884.5493, 494.6788, 60.6259,  64, 64, 64
L -878.3250, 500.8697, 60.6259,  -880.1563, 496.4988, 60.6259,  64, 64, 64
L -880.1553, 505.2871, 60.6259,  -878.3250, 500.8697, 60.6259,  64, 64, 64
L -884.5493, 507.1077, 60.6259,  -880.1553, 505.2871, 60.6259,  64, 64, 64
L -888.9446, 505.2866, 60.6259,  -884.5493, 507.1077, 60.6259,  64, 64, 64
L -880.6449, 547.8321, 60.6259,  -882.4662, 552.2283, 60.6259,  64, 64, 64
L -876.2341, 546.2130, 60.6259,  -880.6449, 547.8321, 60.6259,  64, 64, 64
L -871.8625, 547.8324, 60.6259,  -876.2341, 546.2130, 60.6259,  64, 64, 64
L -870.9300, 552.1720, 60.6259,  -871.8625, 547.8324, 60.6259,  64, 64, 64
L -871.8976, 556.6389, 60.6259,  -870.9300, 552.1720, 60.6259,  64, 64, 64
L -876.2518, 558.4429, 60.6259,  -871.8976, 556.6389, 60.6259,  64, 64, 64
L -880.6458, 556.6223, 60.6259,  -876.2518, 558.4429, 60.6259,  64, 64, 64
L -882.4662, 552.2283, 60.6259,  -880.6458, 556.6223, 60.6259,  64, 64, 64
L -944.3672, 496.1634, 59.6259,  -880.1349, 560.3749, 59.6259,  127, 127, 127
L -944.3749, 351.8446, 59.6259,  -944.3672, 496.1634, 59.6259,  127, 127, 127
L -880.1552, 287.6250, 59.6259,  -944.3749, 351.8446, 59.6259,  127, 127, 127
L -627.8448, 287.6247, 59.6259,  -880.1552, 287.6250, 59.6259,  127, 127, 127
L -563.6250, 351.8444, 59.6259,  -627.8448, 287.6247, 59.6259,  127, 127, 127
L -563.6249, 496.1553, 59.6259,  -563.6250, 351.8444, 59.6259,  127, 127, 127
L -627.8583, 560.3702, 59.6276,  -563.6249, 496.1553, 59.6259,  127, 127, 127
L -628.3185, 560.3704, 59.6259,  -628.3840, 560.3749, 59.6259,  64, 64, 64
L -880.1349, 560.3749, 59.6259,  -627.8583, 560.3702, 59.6259,  127, 127, 127
L -946.3668, 496.1637, 58.6259,  -880.1544, 562.3750, 58.6259,  127, 127, 127
L -946.3751, 351.8448, 58.6259,  -946.3668, 496.1637, 58.6259,  127, 127, 127
L -880.1631, 285.6326, 58.6259,  -946.3751, 351.8448, 58.6259,  127, 127, 127
L -627.8445, 285.6249, 58.6259,  -880.1631, 285.6326, 58.6259,  127, 127, 127
L -561.6335, 351.8355, 58.6259,  -627.8445, 285.6249, 58.6259,  127, 127, 127
L -561.6246, 496.1551, 58.6259,  -561.6335, 351.8355, 58.6259,  127, 127, 127
L -627.8447, 562.3750, 58.6259,  -561.6246, 496.1551, 58.6259,  127, 127, 127
L -880.1544, 562.3750, 58.6259,  -627.8447, 562.3750, 58.6259,  127, 127, 127
L -948.3749, 496.1553, 57.6259,  -880.1548, 564.3752, 57.6259,  127, 127, 127
L -948.3899, 351.8596, 57.6259,  -948.3749, 496.1553, 57.6259,  127, 127, 127
L -880.1552, 283.6250, 57.6259,  -948.3899, 351.8596, 57.6259,  127, 127, 127
L -627.8447, 283.6247, 57.6259,  -880.1552, 283.6250, 57.6259,  127, 127, 127
L -559.6249, 351.8446, 57.6259,  -627.8447, 283.6247, 57.6259,  127, 127, 127
L -559.6249, 496.1551, 57.6259,  -559.6249, 351.8446, 57.6259,  127, 127, 127
L -627.8350, 564.3654, 57.6259,  -559.6249, 496.1551, 57.6259,  127, 127, 127
L -880.1548, 564.3752, 57.6259,  -627.8350, 564.3654, 57.6259,  127, 127, 127
L -950.3749, 496.1555, 56.6259,  -880.1553, 566.3749, 56.6259,  127, 127, 127
L -950.3749, 351.8446, 56.6259,  -950.3749, 496.1555, 56.6259,  127, 127, 127
L -880.1556, 281.6250, 56.6259,  -950.3749, 351.8446, 56.6259,  127, 127, 127
L -627.8445, 281.6250, 56.6259,  -880.1556, 281.6250, 56.6259,  127, 127, 127
L -557.6250, 351.8446, 56.6259,  -627.8445, 281.6250, 56.6259,  127, 127, 127
L -557.6249, 496.1553, 56.6259,  -557.6250, 351.8446, 56.6259,  127, 127, 127
L -627.8445, 566.3749, 56.6259,  -557.6249, 496.1553, 56.6259,  127, 127, 127
L -880.1553, 566.3749, 56.6259,  -627.8445, 566.3749, 56.6259,  127, 127, 127
L -757.6250, 813.3749, 86.6260,  -757.6250, 784.6250, 59.6259,  64, 64, 64
L -750.3749, 813.3749, 86.6260,  -750.3763, 784.6249, 59.6259,  64, 64, 64
L -758.3749, 865.3749, 56.6259,  -758.3749, 867.3748, 56.6259,  64, 64, 64
L -758.3749, 867.3748, 56.6259,  -749.6245, 867.3749, 56.6259,  64, 64, 64
L -750.3750, 836.6250, 86.6260,  -750.3748, 865.3744, 59.6259,  64, 64, 64
L -757.6249, 836.6250, 86.6260,  -757.6250, 865.3749, 59.6259,  64, 64, 64
L -765.6250, 836.6249, 86.6260,  -757.6249, 836.6250, 86.6260,  64, 64, 64
L -765.6250, 813.3748, 86.6260,  -765.6250, 836.6249, 86.6260,  64, 64, 64
L -757.6250, 813.3749, 86.6260,  -765.6250, 813.3748, 86.6260,  64, 64, 64
L -742.3749, 813.3749, 86.6260,  -750.3749, 813.3749, 86.6260,  64, 64, 64
L -742.3749, 836.6250, 86.6260,  -742.3749, 813.3749, 86.6260,  64, 64, 64
L -750.3750, 836.6250, 86.6260,  -742.3749, 836.6250, 86.6260,  64, 64, 64
L -749.6245, 867.3749, 56.6259,  -749.6250, 865.3737, 56.6259,  64, 64, 64
L -794.3749, 865.3749, 56.6259,  -757.6250, 865.3749, 56.6259,  64, 64, 64
L -794.3750, 784.6250, 56.6259,  -794.3749, 865.3749, 56.6259,  64, 64, 64
L -757.6250, 784.6250, 56.6259,  -794.3750, 784.6250, 56.6259,  64, 64, 64
L -758.3750, 782.6249, 56.6259,  -758.3750, 784.6250, 56.6259,  64, 64, 64
L -749.6248, 782.6248, 56.6259,  -758.3750, 782.6249, 56.6259,  64, 64, 64
L -749.6249, 784.6249, 56.6259,  -749.6248, 782.6248, 56.6259,  64, 64, 64
L -713.6250, 784.6250, 56.6259,  -750.3763, 784.6249, 56.6259,  64, 64, 64
L -713.6246, 865.3749, 56.6259,  -713.6250, 784.6250, 56.6259,  64, 64, 64
L -750.3748, 865.3744, 56.6259,  -713.6246, 865.3749, 56.6259,  64, 64, 64
L -706.1553, 914.6249, 56.6259,  -717.3749, 925.8445, 56.6259,  64, 64, 64
L -690.1544, 914.6250, 56.6259,  -706.1553, 914.6249, 56.6259,  64, 64, 64
L -664.3749, 888.8445, 56.6259,  -690.1544, 914.6250, 56.6259,  64, 64, 64
L -664.3749, 761.1553, 56.6259,  -664.3749, 888.8445, 56.6259,  64, 64, 64
L -690.1553, 735.3749, 56.6259,  -664.3749, 761.1553, 56.6259,  64, 64, 64
L -706.1548, 735.3751, 56.6259,  -690.1553, 735.3749, 56.6259,  64, 64, 64
L -717.3749, 724.1553, 56.6259,  -706.1548, 735.3751, 56.6259,  64, 64, 64
L -717.3749, 711.8445, 56.6259,  -717.3749, 724.1553, 56.6259,  64, 64, 64
L -706.1552, 700.6249, 56.6259,  -717.3749, 711.8445, 56.6259,  64, 64, 64
L -683.8445, 700.6249, 56.6259,  -706.1552, 700.6249, 56.6259,  64, 64, 64
L -629.6249, 754.8445, 56.6259,  -683.8445, 700.6249, 56.6259,  64, 64, 64
L -629.6245, 895.1548, 56.6259,  -629.6249, 754.8445, 56.6259,  64, 64, 64
L -683.8445, 949.3749, 56.6259,  -629.6245, 895.1548, 56.6259,  64, 64, 64
L -706.1548, 949.3751, 56.6259,  -683.8445, 949.3749, 56.6259,  64, 64, 64
L -717.3749, 938.1553, 56.6259,  -706.1548, 949.3751, 56.6259,  64, 64, 64
L -717.3749, 925.8445, 56.6259,  -717.3749, 938.1553, 56.6259,  64, 64, 64
L -878.3754, 754.8450, 56.6259,  -878.3746, 895.1556, 56.6259,  64, 64, 64
L -824.1553, 700.6249, 56.6259,  -878.3754, 754.8450, 56.6259,  64, 64, 64
L -801.8445, 700.6248, 56.6259,  -824.1553, 700.6249, 56.6259,  64, 64, 64
L -790.6250, 711.8445, 56.6259,  -801.8445, 700.6248, 56.6259,  64, 64, 64
L -790.6245, 724.1548, 56.6259,  -790.6250, 711.8445, 56.6259,  64, 64, 64
L -801.8445, 735.3749, 56.6259,  -790.6245, 724.1548, 56.6259,  64, 64, 64
L -817.8445, 735.3749, 56.6259,  -801.8445, 735.3749, 56.6259,  64, 64, 64
L -843.6250, 761.1553, 56.6259,  -817.8445, 735.3749, 56.6259,  64, 64, 64
L -843.6250, 888.8445, 56.6259,  -843.6250, 761.1553, 56.6259,  64, 64, 64
L -817.8445, 914.6250, 56.6259,  -843.6250, 888.8445, 56.6259,  64, 64, 64
L -801.8445, 914.6249, 56.6259,  -817.8445, 914.6250, 56.6259,  64, 64, 64
L -790.6268, 925.8428, 56.6259,  -801.8445, 914.6249, 56.6259,  64, 64, 64
L -790.5978, 938.1284, 56.6259,  -790.6268, 925.8428, 56.6259,  64, 64, 64
L -801.8445, 949.3749, 56.6259,  -790.5978, 938.1284, 56.6259,  64, 64, 64
L -824.1553, 949.3749, 56.6259,  -801.8445, 949.3749, 56.6259,  64, 64, 64
L -878.3746, 895.1556, 56.6259,  -824.1553, 949.3749, 56.6259,  64, 64, 64
L -1021.3749, 867.3749, 56.6259,  -1012.6250, 867.3749, 56.6259,  64, 64, 64
L -1021.3751, 774.6250, 56.6259,  -1021.3749, 867.3749, 56.6259,  64, 64, 64
L -1012.6249, 774.6250, 56.6259,  -1021.3751, 774.6250, 56.6259,  64, 64, 64
L -1012.6241, 765.3749, 56.6259,  -1021.3749, 765.3749, 56.6259,  64, 64, 64
L -1012.6250, 867.3749, 56.6259,  -1012.6249, 774.6250, 56.6259,  64, 64, 64
L -963.3749, 929.6249, 56.6259,  -963.3749, 932.3749, 56.6259,  64, 64, 64
L -958.3740, 929.6250, 56.6259,  -963.3749, 929.6249, 56.6259,  64, 64, 64
L -958.3749, 720.3749, 56.6259,  -958.3740, 929.6250, 56.6259,  64, 64, 64
L -963.3749, 720.3749, 56.6259,  -958.3749, 720.3749, 56.6259,  64, 64, 64
L -963.3749, 717.6249, 56.6259,  -963.3749, 720.3749, 56.6259,  64, 64, 64
L -944.6345, 717.6246, 56.6259,  -963.3749, 717.6249, 56.6259,  64, 64, 64
L -944.6213, 720.3749, 56.6259,  -944.6345, 717.6246, 56.6259,  64, 64, 64
L -946.6360, 720.3749, 56.6259,  -944.6213, 720.3749, 56.6259,  64, 64, 64
L -946.6249, 929.6250, 56.6259,  -946.6360, 720.3749, 56.6259,  64, 64, 64
L -944.6249, 929.6250, 56.6259,  -946.6249, 929.6250, 56.6259,  64, 64, 64
L -944.6249, 932.3749, 56.6259,  -944.6249, 929.6250, 56.6259,  64, 64, 64
L -963.3749, 932.3749, 56.6259,  -944.6249, 932.3749, 56.6259,  64, 64, 64
L -1065.3750, 649.6249, 56.6259,  -1065.3622, 1000.3749, 56.6280,  64, 64, 64
L -946.6249, 649.6245, 56.6259,  -1065.3750, 649.6249, 56.6259,  64, 64, 64
L -946.6250, 705.6249, 56.6259,  -946.6249, 649.6245, 56.6259,  64, 64, 64
L -944.6250, 705.6249, 56.6259,  -946.6250, 705.6249, 56.6259,  64, 64, 64
L -944.6250, 708.3749, 56.6259,  -944.6250, 705.6249, 56.6259,  64, 64, 64
L -963.3749, 708.3750, 56.6259,  -944.6250, 708.3749, 56.6259,  64, 64, 64
L -963.3749, 705.6249, 56.6259,  -963.3749, 708.3750, 56.6259,  64, 64, 64
L -958.3737, 705.6250, 56.6259,  -963.3749, 705.6249, 56.6259,  64, 64, 64
L -958.3749, 661.3749, 56.6259,  -958.3737, 705.6250, 56.6259,  64, 64, 64
L -1053.6250, 661.3749, 56.6259,  -958.3749, 661.3749, 56.6259,  64, 64, 64
L -1053.6249, 694.6250, 56.6259,  -1053.6250, 661.3749, 56.6259,  64, 64, 64
L -1012.6249, 694.6241, 56.6259,  -1053.6249, 694.6250, 56.6259,  64, 64, 64
L -1012.6241, 765.3749, 56.6259,  -1012.6249, 694.6241, 56.6259,  64, 64, 64
L -1021.3749, 704.3749, 56.6259,  -1021.3749, 765.3749, 56.6259,  64, 64, 64
L -1053.6250, 704.3749, 56.6259,  -1021.3749, 704.3749, 56.6259,  64, 64, 64
L -1053.6249, 937.6250, 56.6259,  -1053.6250, 704.3749, 56.6259,  64, 64, 64
L -1021.3741, 937.6250, 56.6259,  -1053.6249, 937.6250, 56.6259,  64, 64, 64
L -1021.3754, 876.6250, 56.6259,  -1021.3741, 937.6250, 56.6259,  64, 64, 64
L -1012.6249, 876.6250, 56.6259,  -1021.3754, 876.6250, 56.6259,  64, 64, 64
L -1012.6245, 947.3749, 56.6259,  -1012.6249, 876.6250, 56.6259,  64, 64, 64
L -1053.6250, 947.3749, 56.6259,  -1012.6245, 947.3749, 56.6259,  64, 64, 64
L -1053.6250, 988.6249, 56.6259,  -1053.6250, 947.3749, 56.6259,  64, 64, 64
L -958.3741, 988.6250, 56.6259,  -1053.6250, 988.6249, 56.6259,  64, 64, 64
L -958.3749, 944.3749, 56.6259,  -958.3741, 988.6250, 56.6259,  64, 64, 64
L -963.3749, 944.3749, 56.6259,  -958.3749, 944.3749, 56.6259,  64, 64, 64
L -963.3749, 941.6249, 56.6259,  -963.3749, 944.3749, 56.6259,  64, 64, 64
L -944.6249, 941.6248, 56.6259,  -963.3749, 941.6249, 56.6259,  64, 64, 64
L -944.6249, 944.3749, 56.6259,  -944.6249, 941.6248, 56.6259,  64, 64, 64
L -946.6368, 944.3749, 56.6259,  -944.6249, 944.3749, 56.6259,  64, 64, 64
L -946.6241, 1000.3749, 56.6259,  -946.6368, 944.3749, 56.6259,  64, 64, 64
L -1065.3622, 1000.3749, 56.6259,  -946.6241, 1000.3749, 56.6259,  64, 64, 64
L -1032.9601, 1042.8844, 56.6259,  -1030.2046, 1036.2477, 56.6259,  64, 64, 64
L -1039.6155, 1045.6415, 56.6259,  -1032.9601, 1042.8844, 56.6259,  64, 64, 64
L -1046.2880, 1042.7212, 56.6259,  -1039.6155, 1045.6415, 56.6259,  64, 64, 64
L -1048.9717, 1036.2538, 56.6259,  -1046.2880, 1042.7212, 56.6259,  64, 64, 64
L -1046.2461, 1029.6299, 56.6259,  -1048.9717, 1036.2538, 56.6259,  64, 64, 64
L -1039.6875, 1026.8235, 56.6259,  -1046.2461, 1029.6299, 56.6259,  64, 64, 64
L -1032.9535, 1029.6133, 56.6259,  -1039.6875, 1026.8235, 56.6259,  64, 64, 64
L -1030.2046, 1036.2477, 56.6259,  -1032.9535, 1029.6133, 56.6259,  64, 64, 64
L -905.4610, 1028.9954, 56.6259,  -911.6797, 1026.2686, 56.6259,  64, 64, 64
L -902.3174, 1035.7029, 56.6259,  -905.4610, 1028.9954, 56.6259,  64, 64, 64
L -904.9615, 1042.2505, 56.6259,  -902.3174, 1035.7029, 56.6259,  64, 64, 64
L -911.6757, 1045.3250, 56.6259,  -904.9615, 1042.2505, 56.6259,  64, 64, 64
L -918.3096, 1042.2842, 56.6259,  -911.6757, 1045.3250, 56.6259,  64, 64, 64
L -921.6140, 1035.6521, 56.6259,  -918.3096, 1042.2842, 56.6259,  64, 64, 64
L -918.2808, 1029.3600, 56.6259,  -921.6140, 1035.6521, 56.6259,  64, 64, 64
L -911.6797, 1026.2686, 56.6259,  -918.2808, 1029.3600, 56.6259,  64, 64, 64
L -905.3238, 818.7537, 56.6259,  -911.9646, 816.2700, 56.6259,  64, 64, 64
L -902.6058, 825.4430, 56.6259,  -905.3238, 818.7537, 56.6259,  64, 64, 64
L -905.3295, 832.1850, 56.6259,  -902.6058, 825.4430, 56.6259,  64, 64, 64
L -911.9596, 834.7721, 56.6259,  -905.3295, 832.1850, 56.6259,  64, 64, 64
L -918.6144, 831.9806, 56.6259,  -911.9596, 834.7721, 56.6259,  64, 64, 64
L -921.3491, 825.3899, 56.6259,  -918.6144, 831.9806, 56.6259,  64, 64, 64
L -918.5986, 818.7512, 56.6259,  -921.3491, 825.3899, 56.6259,  64, 64, 64
L -911.9646, 816.2700, 56.6259,  -918.5986, 818.7512, 56.6259,  64, 64, 64
L -917.8459, 607.6005, 56.6259,  -919.8253, 614.2318, 56.6259,  64, 64, 64
L -910.4542, 604.8437, 56.6259,  -917.8459, 607.6005, 56.6259,  64, 64, 64
L -903.8088, 607.5967, 56.6259,  -910.4542, 604.8437, 56.6259,  64, 64, 64
L -901.6020, 614.2308, 56.6259,  -903.8088, 607.5967, 56.6259,  64, 64, 64
L -903.8087, 620.8644, 56.6259,  -901.6020, 614.2308, 56.6259,  64, 64, 64
L -910.4388, 623.6154, 56.6259,  -903.8087, 620.8644, 56.6259,  64, 64, 64
L -917.7690, 620.8654, 56.6259,  -910.4388, 623.6154, 56.6259,  64, 64, 64
L -919.8253, 614.2318, 56.6259,  -917.7690, 620.8654, 56.6259,  64, 64, 64
L -1032.8903, 608.5519, 56.6259,  -1039.3134, 605.3940, 56.6259,  64, 64, 64
L -1029.9308, 614.7766, 56.6259,  -1032.5215, 608.5235, 56.6259,  64, 64, 64
L -1032.6764, 621.4052, 56.6259,  -1029.9308, 614.7766, 56.6259,  64, 64, 64
L -1039.2166, 624.1996, 56.6259,  -1032.6764, 621.4052, 56.6259,  64, 64, 64
L -1045.9474, 621.4108, 56.6259,  -1039.2166, 624.1996, 56.6259,  64, 64, 64
L -1048.6963, 614.7761, 56.6259,  -1045.9474, 621.4108, 56.6259,  64, 64, 64
L -1045.9429, 608.1404, 56.6259,  -1048.6963, 614.7761, 56.6259,  64, 64, 64
L -1039.3134, 605.3940, 56.6259,  -1045.9429, 608.1404, 56.6259,  64, 64, 64
L -1032.9551, 238.2420, 56.6259,  -1030.2072, 231.6077, 56.6259,  64, 64, 64
L -1039.5896, 240.9908, 56.6259,  -1032.9551, 238.2420, 56.6259,  64, 64, 64
L -1046.2244, 238.2423, 56.6259,  -1039.5896, 240.9908, 56.6259,  64, 64, 64
L -1048.9706, 231.6041, 56.6259,  -1046.2244, 238.2423, 56.6259,  64, 64, 64
L -1046.2244, 224.9747, 56.6259,  -1048.9706, 231.6041, 56.6259,  64, 64, 64
L -1039.5956, 222.2227, 56.6259,  -1046.2244, 224.9747, 56.6259,  64, 64, 64
L -1032.9556, 224.9739, 56.6259,  -1039.5956, 222.2227, 56.6259,  64, 64, 64
L -1030.2072, 231.6077, 56.6259,  -1032.9556, 224.9739, 56.6259,  64, 64, 64
L -904.4199, 224.9353, 56.6259,  -911.5400, 222.1868, 56.6259,  64, 64, 64
L -901.6721, 231.5669, 56.6259,  -904.4199, 224.9353, 56.6259,  64, 64, 64
L -904.3817, 238.1878, 56.6259,  -901.6721, 231.5669, 56.6259,  64, 64, 64
L -911.4700, 240.9491, 56.6259,  -904.3817, 238.1878, 56.6259,  64, 64, 64
L -917.6511, 238.2933, 56.6259,  -911.4700, 240.9491, 56.6259,  64, 64, 64
L -920.4369, 231.5695, 56.6259,  -917.6511, 238.2933, 56.6259,  64, 64, 64
L -917.6882, 224.9353, 56.6259,  -920.4369, 231.5695, 56.6259,  64, 64, 64
L -911.5400, 222.1868, 56.6259,  -917.6882, 224.9353, 56.6259,  64, 64, 64
L -904.9048, 14.3470, 56.6259,  -911.5384, 11.5986, 56.6259,  64, 64, 64
L -902.1530, 20.9747, 56.6259,  -904.9048, 14.3470, 56.6259,  64, 64, 64
L -904.9044, 27.6156, 56.6259,  -902.1530, 20.9747, 56.6259,  64, 64, 64
L -911.5384, 30.3642, 56.6259,  -904.9044, 27.6156, 56.6259,  64, 64, 64
L -918.1725, 27.6156, 56.6259,  -911.5384, 30.3642, 56.6259,  64, 64, 64
L -920.9213, 20.9811, 56.6259,  -918.1725, 27.6156, 56.6259,  64, 64, 64
L -918.1631, 14.3434, 56.6259,  -920.9213, 20.9811, 56.6259,  64, 64, 64
L -911.5384, 11.5986, 56.6259,  -918.1631, 14.3434, 56.6259,  64, 64, 64
L -911.2509, -199.7990, 56.6259,  -917.8849, -197.5020, 56.6259,  64, 64, 64
L -904.6191, -197.5140, 56.6259,  -911.2509, -199.7990, 56.6259,  64, 64, 64
L -901.8592, -190.4373, 56.6259,  -904.6191, -197.5140, 56.6259,  64, 64, 64
L -904.6165, -183.7821, 56.6259,  -901.8592, -190.4373, 56.6259,  64, 64, 64
L -911.2502, -181.3320, 56.6259,  -904.6165, -183.7821, 56.6259,  64, 64, 64
L -917.8849, -183.7821, 56.6259,  -911.2502, -181.3320, 56.6259,  64, 64, 64
L -920.6335, -190.4162, 56.6259,  -917.8849, -183.7821, 56.6259,  64, 64, 64
L -917.8849, -197.5020, 56.6259,  -920.6335, -190.4162, 56.6259,  64, 64, 64
L -1045.7603, -184.5321, 56.6259,  -1039.1260, -181.7837, 56.6259,  64, 64, 64
L -1048.5088, -191.1664, 56.6259,  -1045.7603, -184.5321, 56.6259,  64, 64, 64
L -1045.7603, -197.8004, 56.6259,  -1048.5088, -191.1664, 56.6259,  64, 64, 64
L -1039.1260, -200.5491, 56.6259,  -1045.7603, -197.8004, 56.6259,  64, 64, 64
L -1032.4921, -197.8004, 56.6259,  -1039.1260, -200.5491, 56.6259,  64, 64, 64
L -1029.7411, -191.1709, 56.6259,  -1032.4921, -197.8004, 56.6259,  64, 64, 64
L -1032.4917, -184.5322, 56.6259,  -1029.7411, -191.1709, 56.6259,  64, 64, 64
L -1039.1260, -181.7837, 56.6259,  -1032.4917, -184.5322, 56.6259,  64, 64, 64
L -1021.3749, -31.6250, 56.6259,  -1021.3732, 63.6250, 56.6259,  64, 64, 64
L -1053.6250, -31.6250, 56.6259,  -1021.3749, -31.6250, 56.6259,  64, 64, 64
L -1053.6248, 63.6255, 56.6259,  -1053.6250, -31.6250, 56.6259,  64, 64, 64
L -1021.3748, 63.6250, 56.6259,  -1053.6248, 63.6255, 56.6259,  64, 64, 64
L -944.6249, -99.3750, 56.6259,  -946.6250, -99.3750, 56.6259,  64, 64, 64
L -944.6250, -96.6250, 56.6259,  -944.6249, -99.3750, 56.6259,  64, 64, 64
L -963.3750, -96.6248, 56.6259,  -944.6250, -96.6250, 56.6259,  64, 64, 64
L -963.3750, -99.3750, 56.6259,  -963.3750, -96.6248, 56.6259,  64, 64, 64
L -958.3749, -99.3750, 56.6259,  -963.3750, -99.3750, 56.6259,  64, 64, 64
L -958.3749, -143.6250, 56.6259,  -958.3749, -99.3750, 56.6259,  64, 64, 64
L -1053.6249, -143.6250, 56.6259,  -958.3749, -143.6250, 56.6268,  64, 64, 64
L -1053.6250, -113.3748, 56.6259,  -1053.6249, -143.6250, 56.6259,  64, 64, 64
L -1012.6250, -113.3751, 56.6259,  -1053.6250, -113.3748, 56.6259,  64, 64, 64
L -1012.6248, -70.6250, 56.6259,  -1012.6250, -113.3751, 56.6259,  64, 64, 64
L -1028.6250, -70.6250, 56.6259,  -1012.6248, -70.6250, 56.6259,  64, 64, 64
L -1028.6248, -69.6250, 56.6259,  -1028.6250, -70.6250, 56.6259,  64, 64, 64
L -1030.3749, -69.6250, 56.6259,  -1028.6248, -69.6250, 56.6259,  64, 64, 64
L -1030.3748, -74.3750, 56.6259,  -1030.3749, -69.6250, 56.6259,  64, 64, 64
L -1028.6250, -74.3750, 56.6259,  -1030.3748, -74.3750, 56.6259,  64, 64, 64
L -1028.6250, -73.3748, 56.6259,  -1028.6250, -74.3750, 56.6259,  64, 64, 64
L -1015.3749, -73.3750, 56.6259,  -1028.6250, -73.3748, 56.6259,  64, 64, 64
L -1015.3749, -110.6250, 56.6259,  -1015.3749, -73.3750, 56.6259,  64, 64, 64
L -1053.6250, -110.6250, 56.6259,  -1015.3749, -110.6250, 56.6259,  64, 64, 64
L -1053.6250, -73.3748, 56.6259,  -1053.6250, -110.6250, 56.6259,  64, 64, 64
L -1039.3749, -73.3750, 56.6259,  -1053.6250, -73.3748, 56.6259,  64, 64, 64
L -1039.3749, -74.3750, 56.6259,  -1039.3749, -73.3750, 56.6259,  64, 64, 64
L -1037.6250, -74.3750, 56.6259,  -1039.3749, -74.3750, 56.6259,  64, 64, 64
L -1037.6248, -69.6250, 56.6259,  -1037.6250, -74.3750, 56.6259,  64, 64, 64
L -1039.3748, -69.6250, 56.6259,  -1037.6248, -69.6250, 56.6259,  64, 64, 64
L -1039.3749, -70.6250, 56.6259,  -1039.3748, -69.6250, 56.6259,  64, 64, 64
L -1053.6250, -70.6250, 56.6259,  -1039.3749, -70.6250, 56.6259,  64, 64, 64
L -1053.6249, -40.3748, 56.6259,  -1053.6250, -70.6250, 56.6259,  64, 64, 64
L -958.3749, -40.3750, 56.6259,  -1053.6249, -40.3748, 56.6259,  64, 64, 64
L -958.3749, -84.6250, 56.6259,  -958.3749, -40.3750, 56.6259,  64, 64, 64
L -963.3749, -84.6247, 56.6259,  -958.3749, -84.6250, 56.6259,  64, 64, 64
L -963.3750, -87.3750, 56.6259,  -963.3749, -84.6247, 56.6259,  64, 64, 64
L -944.6250, -87.3752, 56.6259,  -963.3750, -87.3750, 56.6259,  64, 64, 64
L -944.6250, -84.6250, 56.6259,  -944.6250, -87.3752, 56.6259,  64, 64, 64
L -946.6400, -84.6250, 56.6364,  -944.6250, -84.6250, 56.6259,  64, 64, 64
L -946.6250, 12.6250, 56.6259,  -946.6400, -84.6250, 56.6364,  64, 64, 64
L -944.6250, 12.6250, 56.6259,  -946.6250, 12.6250, 56.6259,  64, 64, 64
L -944.6250, 15.3750, 56.6259,  -944.6250, 12.6250, 56.6259,  64, 64, 64
L -963.3749, 15.3750, 56.6259,  -944.6250, 15.3750, 56.6259,  64, 64, 64
L -963.3750, 12.6250, 56.6259,  -963.3749, 15.3750, 56.6259,  64, 64, 64
L -958.3741, 12.6250, 56.6259,  -963.3750, 12.6250, 56.6259,  64, 64, 64
L -958.3749, -31.6250, 56.6259,  -958.3741, 12.6250, 56.6259,  64, 64, 64
L -1012.6249, -31.6250, 56.6259,  -958.3749, -31.6250, 56.6259,  64, 64, 64
L -1012.6250, 63.6250, 56.6259,  -1012.6249, -31.6250, 56.6259,  64, 64, 64
L -958.3741, 63.6250, 56.6259,  -1012.6250, 63.6250, 56.6259,  64, 64, 64
L -958.3749, 27.3750, 56.6259,  -958.3741, 63.6250, 56.6259,  64, 64, 64
L -963.3749, 27.3752, 56.6259,  -958.3749, 27.3750, 56.6259,  64, 64, 64
L -963.3749, 24.6250, 56.6259,  -963.3749, 27.3752, 56.6259,  64, 64, 64
L -944.6250, 24.6250, 56.6259,  -963.3749, 24.6250, 56.6259,  64, 64, 64
L -944.6250, 27.3750, 56.6259,  -944.6250, 24.6250, 56.6259,  64, 64, 64
L -946.6368, 27.3750, 56.6259,  -944.6250, 27.3750, 56.6259,  64, 64, 64
L -946.6250, 124.6250, 56.6259,  -946.6368, 27.3750, 56.6259,  64, 64, 64
L -944.6250, 124.6250, 56.6259,  -946.6250, 124.6250, 56.6259,  64, 64, 64
L -944.6249, 127.3750, 56.6259,  -944.6250, 124.6250, 56.6259,  64, 64, 64
L -963.3749, 127.3752, 56.6259,  -944.6249, 127.3750, 56.6259,  64, 64, 64
L -963.3749, 124.6250, 56.6259,  -963.3749, 127.3752, 56.6259,  64, 64, 64
L -958.3740, 124.6250, 56.6259,  -963.3749, 124.6250, 56.6259,  64, 64, 64
L -958.3750, 72.3750, 56.6259,  -958.3740, 124.6250, 56.6259,  64, 64, 64
L -1012.6250, 72.3750, 56.6259,  -958.3750, 72.3750, 56.6259,  64, 64, 64
L -1012.6244, 142.3750, 56.6259,  -1012.6250, 72.3750, 56.6259,  64, 64, 64
L -1037.3748, 142.3754, 56.6259,  -1012.6244, 142.3750, 56.6259,  64, 64, 64
L -1037.3749, 132.6250, 56.6259,  -1037.3748, 142.3754, 56.6259,  64, 64, 64
L -1021.3744, 132.6250, 56.6259,  -1037.3749, 132.6250, 56.6259,  64, 64, 64
L -1021.3749, 72.3750, 56.6259,  -1021.3744, 132.6250, 56.6259,  64, 64, 64
L -1053.6250, 72.3750, 56.6259,  -1021.3749, 72.3750, 56.6259,  64, 64, 64
L -1053.6249, 183.6250, 56.6259,  -1053.6250, 72.3750, 56.6259,  64, 64, 64
L -958.3749, 183.6250, 56.6259,  -1053.6249, 183.6250, 56.6259,  64, 64, 64
L -958.3749, 139.3750, 56.6259,  -958.3749, 183.6250, 56.6259,  64, 64, 64
L -963.3749, 139.3917, 56.6259,  -958.3749, 139.3750, 56.6259,  64, 64, 64
L -963.3749, 136.6250, 56.6259,  -963.3749, 139.3917, 56.6259,  64, 64, 64
L -944.6250, 136.6246, 56.6259,  -963.3749, 136.6250, 56.6259,  64, 64, 64
L -944.6249, 139.3750, 56.6259,  -944.6250, 136.6246, 56.6259,  64, 64, 64
L -946.6355, 139.3750, 56.6259,  -944.6249, 139.3750, 56.6259,  64, 64, 64
L -946.6241, 195.3750, 56.6259,  -946.6355, 139.3750, 56.6259,  64, 64, 64
L -1065.3748, 195.3752, 56.6259,  -946.6241, 195.3750, 56.6259,  64, 64, 64
L -1065.3749, -155.3750, 56.6259,  -1065.3748, 195.3752, 56.6259,  64, 64, 64
L -946.6250, -155.3751, 56.6259,  -1065.3749, -155.3750, 56.6259,  64, 64, 64
L -946.6250, -99.3748, 56.6259,  -946.6250, -155.3751, 56.6259,  64, 64, 64
L -68.8447, -514.6250, 58.6259,  -75.6250, -507.8446, 58.6259,  0, 127, 0
L -57.1552, -514.6250, 58.6259,  -68.8447, -514.6250, 58.6259,  0, 127, 0
L -50.3750, -507.8446, 58.6259,  -57.1552, -514.6250, 58.6259,  0, 127, 0
L -50.3750, -486.1553, 58.6259,  -50.3750, -507.8446, 58.6259,  0, 127, 0
L -100.1552, -436.3750, 58.6259,  -50.3750, -486.1553, 58.6259,  0, 127, 0
L -239.8446, -436.3750, 58.6259,  -100.1552, -436.3750, 58.6259,  0, 127, 0
L -289.6250, -486.1553, 58.6259,  -239.8446, -436.3750, 58.6259,  0, 127, 0
L -289.6250, -507.8446, 58.6259,  -289.6250, -486.1553, 58.6259,  0, 127, 0
L -282.8446, -514.6250, 58.6259,  -289.6250, -507.8446, 58.6259,  0, 127, 0
L -271.1546, -514.6250, 58.6259,  -282.8446, -514.6250, 58.6259,  0, 127, 0
L -264.3750, -507.8446, 58.6259,  -271.1546, -514.6250, 58.6259,  0, 127, 0
L -264.3750, -491.8351, 58.6259,  -264.3750, -507.8446, 58.6259,  0, 127, 0
L -233.5016, -461.6250, 58.6259,  -264.3750, -491.8351, 58.6259,  0, 127, 0
L -105.8447, -461.6249, 58.6259,  -233.5016, -461.6250, 58.6259,  0, 127, 0
L -75.6250, -491.8446, 58.6259,  -105.8447, -461.6249, 58.6259,  0, 127, 0
L -75.6250, -507.8446, 58.6259,  -75.6250, -491.8446, 58.6259,  0, 127, 0
L -234.1548, -650.3754, 58.6259,  -105.8445, -650.3749, 58.6259,  0, 127, 0
L -264.3750, -620.1553, 58.6259,  -234.1548, -650.3754, 58.6259,  0, 127, 0
L -264.3750, -604.1553, 58.6259,  -264.3750, -620.1553, 58.6259,  0, 127, 0
L -271.1553, -597.3749, 58.6259,  -264.3750, -604.1553, 58.6259,  0, 127, 0
L -282.8446, -597.3749, 58.6259,  -271.1553, -597.3749, 58.6259,  0, 127, 0
L -289.6250, -604.1553, 58.6259,  -282.8446, -597.3749, 58.6259,  0, 127, 0
L -289.6250, -625.8445, 58.6259,  -289.6250, -604.1553, 58.6259,  0, 127, 0
L -239.8446, -675.6250, 58.6259,  -289.6250, -625.8445, 58.6259,  0, 127, 0
L -100.1552, -675.6250, 58.6259,  -239.8446, -675.6250, 58.6259,  0, 127, 0
L -50.3748, -625.8445, 58.6259,  -100.1552, -675.6250, 58.6259,  0, 127, 0
L -50.3750, -604.1553, 58.6259,  -50.3748, -625.8445, 58.6259,  0, 127, 0
L -57.1552, -597.3749, 58.6259,  -50.3750, -604.1553, 58.6259,  0, 127, 0
L -68.8445, -597.3749, 58.6259,  -57.1552, -597.3749, 58.6259,  0, 127, 0
L -75.6250, -604.1553, 58.6259,  -68.8445, -597.3749, 58.6259,  0, 127, 0
L -75.6235, -620.1539, 58.6259,  -75.6250, -604.1553, 58.6259,  0, 127, 0
L -105.8445, -650.3749, 58.6259,  -75.6235, -620.1539, 58.6259,  0, 127, 0
L -158.3750, -559.6250, 86.6260,  -129.6244, -559.6249, 59.6259,  64, 64, 64
L -158.3750, -552.3749, 86.6260,  -129.6312, -552.3741, 59.6259,  64, 64, 64
L -181.6250, -559.6250, 86.6260,  -210.3750, -559.6250, 59.6259,  64, 64, 64
L -181.6250, -552.3745, 86.6260,  -210.3746, -552.3758, 59.6259,  64, 64, 64
L -181.6250, -567.6250, 86.6260,  -181.6250, -559.6250, 86.6260,  64, 64, 64
L -158.3748, -567.6250, 86.6260,  -181.6250, -567.6250, 86.6260,  64, 64, 64
L -158.3750, -559.6250, 86.6260,  -158.3748, -567.6250, 86.6260,  64, 64, 64
L -158.3750, -544.3749, 86.6260,  -158.3750, -552.3749, 86.6260,  64, 64, 64
L -181.6250, -544.3749, 86.6260,  -158.3750, -544.3749, 86.6260,  64, 64, 64
L -181.6250, -552.3745, 86.6260,  -181.6250, -544.3749, 86.6260,  64, 64, 64
L -129.6250, -596.3750, 56.6259,  -210.3750, -596.3749, 56.6259,  64, 64, 64
L -129.6250, -559.6250, 56.6259,  -129.6250, -596.3750, 56.6259,  64, 64, 64
L -127.6251, -560.3749, 56.6259,  -129.6250, -560.3749, 56.6259,  64, 64, 64
L -127.6240, -551.6250, 56.6259,  -127.6251, -560.3749, 56.6259,  64, 64, 64
L -129.6250, -551.6250, 56.6259,  -127.6240, -551.6250, 56.6259,  64, 64, 64
L -129.6250, -515.6250, 56.6259,  -129.6250, -552.3741, 56.6259,  64, 64, 64
L -210.3750, -515.6244, 56.6259,  -129.6250, -515.6250, 56.6259,  64, 64, 64
L -210.3746, -552.3758, 56.6259,  -210.3750, -515.6244, 56.6259,  64, 64, 64
L -212.3734, -551.6249, 56.6259,  -210.3746, -551.6250, 56.6259,  64, 64, 64
L -212.3754, -560.3749, 56.6259,  -212.3734, -551.6249, 56.6259,  64, 64, 64
L -210.3750, -560.3749, 56.6259,  -212.3754, -560.3749, 56.6259,  64, 64, 64
L -210.3750, -596.3749, 56.6259,  -210.3750, -559.6250, 56.6259,  64, 64, 64
L -283.1548, -592.6245, 56.6259,  -270.8444, -592.6250, 56.6259,  64, 64, 64
L -294.3754, -603.8443, 56.6259,  -283.1548, -592.6245, 56.6259,  64, 64, 64
L -294.3754, -626.1548, 56.6259,  -294.3754, -603.8443, 56.6259,  64, 64, 64
L -240.1559, -680.3749, 56.6259,  -294.3754, -626.1548, 56.6259,  64, 64, 64
L -99.8442, -680.3751, 56.6259,  -240.1559, -680.3749, 56.6259,  64, 64, 64
L -45.6250, -626.1556, 56.6259,  -99.8442, -680.3751, 56.6259,  64, 64, 64
L -45.6244, -603.8451, 56.6259,  -45.6250, -626.1556, 56.6259,  64, 64, 64
L -56.8445, -592.6249, 56.6259,  -45.6244, -603.8451, 56.6259,  64, 64, 64
L -69.1551, -592.6246, 56.6259,  -56.8445, -592.6249, 56.6259,  64, 64, 64
L -80.3750, -603.8445, 56.6259,  -69.1551, -592.6246, 56.6259,  64, 64, 64
L -80.3750, -619.8445, 56.6259,  -80.3750, -603.8445, 56.6259,  64, 64, 64
L -106.1552, -645.6250, 56.6259,  -80.3750, -619.8445, 56.6259,  64, 64, 64
L -233.8446, -645.6249, 56.6259,  -106.1552, -645.6250, 56.6259,  64, 64, 64
L -259.6250, -619.8445, 56.6259,  -233.8446, -645.6249, 56.6259,  64, 64, 64
L -259.6018, -603.8677, 56.6259,  -259.6250, -619.8445, 56.6259,  64, 64, 64
L -270.8444, -592.6250, 56.6259,  -259.6018, -603.8677, 56.6259,  64, 64, 64
L -283.1553, -519.3749, 56.6259,  -294.3749, -508.1553, 56.6259,  64, 64, 64
L -270.8448, -519.3750, 56.6259,  -283.1553, -519.3749, 56.6259,  64, 64, 64
L -259.6249, -508.1567, 56.6259,  -270.8448, -519.3750, 56.6259,  64, 64, 64
L -259.6250, -492.1549, 56.6259,  -259.6249, -508.1567, 56.6259,  64, 64, 64
L -233.8446, -466.3749, 56.6259,  -259.6250, -492.1549, 56.6259,  64, 64, 64
L -106.1554, -466.3750, 56.6259,  -233.8446, -466.3749, 56.6259,  64, 64, 64
L -80.3750, -492.1553, 56.6259,  -106.1554, -466.3750, 56.6259,  64, 64, 64
L -80.3759, -508.1544, 56.6259,  -80.3750, -492.1553, 56.6259,  64, 64, 64
L -69.1556, -519.3749, 56.6259,  -80.3759, -508.1544, 56.6259,  64, 64, 64
L -56.8447, -519.3750, 56.6259,  -69.1556, -519.3749, 56.6259,  64, 64, 64
L -45.6246, -508.1553, 56.6259,  -56.8447, -519.3750, 56.6259,  64, 64, 64
L -45.6238, -485.8457, 56.6259,  -45.6246, -508.1553, 56.6259,  64, 64, 64
L -99.8439, -431.6250, 56.6259,  -45.6238, -485.8457, 56.6259,  64, 64, 64
L -240.1553, -431.6249, 56.6259,  -99.8439, -431.6250, 56.6259,  64, 64, 64
L -294.3750, -485.8446, 56.6259,  -240.1553, -431.6249, 56.6259,  64, 64, 64
L -294.3749, -508.1553, 56.6259,  -294.3750, -485.8446, 56.6259,  64, 64, 64
L 280.3752, -269.4520, 56.6259,  280.3745, -234.9523, 56.6259,  64, 64, 64
L 279.3501, -273.1451, 56.6259,  280.3752, -269.4520, 56.6259,  64, 64, 64
L 276.2733, -278.2733, 56.6259,  279.3501, -273.1451, 56.6259,  64, 64, 64
L 271.1413, -281.3523, 56.6259,  276.2733, -278.2733, 56.6259,  64, 64, 64
L 266.9651, -282.3777, 56.6259,  271.1413, -281.3523, 56.6259,  64, 64, 64
L 262.8548, -281.3503, 56.6259,  266.9651, -282.3777, 56.6259,  64, 64, 64
L 257.7266, -278.2733, 56.6259,  262.8548, -281.3503, 56.6259,  64, 64, 64
L 254.6496, -273.1449, 56.6259,  257.7266, -278.2733, 56.6259,  64, 64, 64
L 253.6250, -269.4610, 56.6259,  254.6496, -273.1449, 56.6259,  64, 64, 64
L 253.6250, -234.9536, 56.6259,  253.6250, -269.4610, 56.6259,  64, 64, 64
L 254.6496, -230.8548, 56.6259,  253.6250, -234.9536, 56.6259,  64, 64, 64
L 257.7266, -225.7265, 56.6259,  254.6496, -230.8548, 56.6259,  64, 64, 64
L 262.8537, -222.6502, 56.6259,  257.7266, -225.7265, 56.6259,  64, 64, 64
L 266.9947, -221.6120, 56.6259,  262.8537, -222.6502, 56.6259,  64, 64, 64
L 271.1449, -222.6496, 56.6259,  266.9947, -221.6120, 56.6259,  64, 64, 64
L 276.2733, -225.7266, 56.6259,  271.1449, -222.6496, 56.6259,  64, 64, 64
L 279.3505, -230.8562, 56.6259,  276.2733, -225.7266, 56.6259,  64, 64, 64
L 280.3745, -234.9523, 56.6259,  279.3505, -230.8562, 56.6259,  64, 64, 64
L 184.6496, -230.8548, 56.6259,  183.6250, -234.9539, 56.6259,  64, 64, 64
L 187.7266, -225.7266, 56.6259,  184.6496, -230.8548, 56.6259,  64, 64, 64
L 192.8548, -222.6496, 56.6259,  187.7266, -225.7266, 56.6259,  64, 64, 64
L 197.1600, -221.6129, 56.6259,  192.8548, -222.6496, 56.6259,  64, 64, 64
L 201.1999, -222.6826, 56.6259,  197.1600, -221.6129, 56.6259,  64, 64, 64
L 206.2733, -225.7266, 56.6259,  201.1999, -222.6826, 56.6259,  64, 64, 64
L 209.3503, -230.8548, 56.6259,  206.2733, -225.7266, 56.6259,  64, 64, 64
L 210.3750, -234.9538, 56.6259,  209.3503, -230.8548, 56.6259,  64, 64, 64
L 210.3750, -269.4610, 56.6259,  210.3750, -234.9538, 56.6259,  64, 64, 64
L 209.3503, -273.1451, 56.6259,  210.3750, -269.4610, 56.6259,  64, 64, 64
L 206.2733, -278.2733, 56.6259,  209.3503, -273.1451, 56.6259,  64, 64, 64
L 201.1389, -281.3539, 56.6259,  206.2733, -278.2733, 56.6259,  64, 64, 64
L 196.9309, -282.3691, 56.6259,  201.1389, -281.3539, 56.6259,  64, 64, 64
L 192.8549, -281.3503, 56.6259,  196.9309, -282.3691, 56.6259,  64, 64, 64
L 187.7265, -278.2733, 56.6259,  192.8549, -281.3503, 56.6259,  64, 64, 64
L 184.6496, -273.1451, 56.6259,  187.7265, -278.2733, 56.6259,  64, 64, 64
L 183.6250, -269.4610, 56.6259,  184.6496, -273.1451, 56.6259,  64, 64, 64
L 183.6250, -234.9539, 56.6259,  183.6250, -269.4610, 56.6259,  64, 64, 64
L -289.3743, -360.4375, 56.6259,  -289.3573, -362.3749, 56.6259,  64, 64, 64
L -286.6250, -362.3750, 56.6259,  -289.3573, -362.3749, 56.6259,  64, 64, 64
L -286.6247, -343.6250, 56.6259,  -286.6250, -362.3750, 56.6259,  64, 64, 64
L -289.3750, -343.6250, 56.6259,  -286.6247, -343.6250, 56.6259,  64, 64, 64
L -289.3747, -348.6250, 56.6259,  -289.3750, -343.6250, 56.6259,  64, 64, 64
L -333.6250, -348.6249, 56.6259,  -289.3747, -348.6250, 56.6259,  64, 64, 64
L -333.6250, -253.3745, 56.6259,  -333.6250, -348.6249, 56.6259,  64, 64, 64
L -222.3750, -253.3750, 56.6259,  -333.6250, -253.3745, 56.6259,  64, 64, 64
L -222.3748, -287.6250, 56.6259,  -222.3750, -253.3750, 56.6259,  64, 64, 64
L -282.6250, -287.6250, 56.6259,  -222.3748, -287.6250, 56.6259,  64, 64, 64
L -282.6240, -271.6250, 56.6259,  -282.6250, -287.6250, 56.6259,  64, 64, 64
L -292.3749, -271.6250, 56.6259,  -282.6240, -271.6250, 56.6259,  64, 64, 64
L -292.3749, -296.3750, 56.6259,  -292.3749, -271.6250, 56.6259,  64, 64, 64
L -222.3750, -296.3750, 56.6259,  -292.3749, -296.3750, 56.6259,  64, 64, 64
L -222.3750, -348.6250, 56.6259,  -222.3750, -296.3750, 56.6259,  64, 64, 64
L -274.6250, -348.6250, 56.6259,  -222.3750, -348.6250, 56.6259,  64, 64, 64
L -274.6249, -343.6250, 56.6259,  -274.6250, -348.6250, 56.6259,  64, 64, 64
L -277.3749, -343.6249, 56.6259,  -274.6249, -343.6250, 56.6259,  64, 64, 64
L -277.3750, -362.3750, 56.6259,  -277.3749, -343.6249, 56.6259,  64, 64, 64
L -274.6653, -362.3750, 56.6259,  -277.3750, -362.3750, 56.6259,  64, 64, 64
L -274.6250, -360.3587, 56.6259,  -274.6653, -362.3750, 56.6259,  64, 64, 64
L -177.3750, -360.3749, 56.6259,  -274.6250, -360.3587, 56.6259,  64, 64, 64
L -177.3752, -362.3749, 56.6259,  -177.3750, -360.3749, 56.6259,  64, 64, 64
L -174.6250, -362.3750, 56.6259,  -177.3752, -362.3749, 56.6259,  64, 64, 64
L -174.6247, -343.6250, 56.6259,  -174.6250, -362.3750, 56.6259,  64, 64, 64
L -177.3750, -343.6249, 56.6259,  -174.6247, -343.6250, 56.6259,  64, 64, 64
L -177.3750, -348.6250, 56.6259,  -177.3750, -343.6249, 56.6259,  64, 64, 64
L -213.6250, -348.6250, 56.6259,  -177.3750, -348.6250, 56.6259,  64, 64, 64
L -213.6250, -294.3747, 56.6259,  -213.6250, -348.6250, 56.6259,  64, 64, 64
L -126.3750, -294.3750, 56.6259,  -213.6250, -294.3750, 56.6259,  64, 64, 64
L -126.3750, -348.6250, 56.6259,  -126.3750, -294.3750, 56.6259,  64, 64, 64
L -162.6250, -348.6250, 56.6259,  -126.3750, -348.6250, 56.6259,  64, 64, 64
L -162.6247, -343.6250, 56.6259,  -162.6250, -348.6250, 56.6259,  64, 64, 64
L -165.3750, -343.6250, 56.6259,  -162.6247, -343.6250, 56.6259,  64, 64, 64
L -165.3752, -362.3750, 56.6259,  -165.3750, -343.6250, 56.6259,  64, 64, 64
L -162.6250, -362.3750, 56.6259,  -165.3752, -362.3750, 56.6259,  64, 64, 64
L -162.6250, -360.3625, 56.6259,  -162.6250, -362.3750, 56.6259,  64, 64, 64
L -65.3750, -360.3749, 56.6259,  -162.6250, -360.3625, 56.6259,  64, 64, 64
L -65.3750, -362.3749, 56.6259,  -65.3750, -360.3749, 56.6259,  64, 64, 64
L -62.6250, -362.3750, 56.6259,  -65.3750, -362.3749, 56.6259,  64, 64, 64
L -62.6250, -343.6250, 56.6259,  -62.6250, -362.3750, 56.6259,  64, 64, 64
L -65.3750, -343.6250, 56.6259,  -62.6250, -343.6250, 56.6259,  64, 64, 64
L -65.3750, -348.6250, 56.6259,  -65.3750, -343.6250, 56.6259,  64, 64, 64
L -109.6250, -348.6250, 56.6259,  -65.3750, -348.6250, 56.6259,  64, 64, 64
L -109.6250, -296.3745, 56.6259,  -109.6250, -348.6250, 56.6259,  64, 64, 64
L -39.6441, -296.3756, 56.6259,  -109.6250, -296.3745, 56.6259,  64, 64, 64
L -39.6193, -271.6250, 56.6259,  -39.6441, -296.3756, 56.6259,  64, 64, 64
L -49.3750, -271.6243, 56.6259,  -39.6193, -271.6250, 56.6259,  64, 64, 64
L -49.3750, -287.6250, 56.6259,  -49.3750, -271.6243, 56.6259,  64, 64, 64
L -109.6250, -287.6250, 56.6259,  -49.3750, -287.6250, 56.6259,  64, 64, 64
L -109.6250, -253.3750, 56.6259,  -109.6250, -287.6250, 56.6259,  64, 64, 64
L -6.3750, -253.3750, 56.6259,  -109.6250, -253.3750, 56.6259,  64, 64, 64
L -6.3750, -348.6250, 56.6259,  -6.3750, -253.3750, 56.6259,  64, 64, 64
L -50.6250, -348.6250, 56.6259,  -6.3750, -348.6250, 56.6259,  64, 64, 64
L -50.6250, -348.6250, 56.6259,  -50.6250, -343.6249, 56.6259,  64, 64, 64
L -53.3750, -343.6250, 56.6259,  -50.6250, -343.6249, 56.6259,  64, 64, 64
L -53.3750, -362.3750, 56.6259,  -53.3750, -343.6250, 56.6259,  64, 64, 64
L -50.6250, -362.3750, 56.6259,  -53.3750, -362.3750, 56.6259,  64, 64, 64
L -50.6250, -360.3645, 56.6259,  -50.6250, -362.3750, 56.6259,  64, 64, 64
L 5.3752, -360.3754, 56.6259,  -50.6250, -360.3645, 56.6259,  64, 64, 64
L 5.3624, -256.3750, 56.6276,  5.3752, -360.3754, 56.6259,  64, 64, 64
L 183.6250, -256.3747, 56.6259,  5.3624, -256.3750, 56.6276,  64, 64, 64
L -213.6250, -253.3746, 56.6259,  -213.6250, -289.6250, 56.6259,  64, 64, 64
L -126.3750, -253.3750, 56.6259,  -213.6250, -253.3746, 56.6259,  64, 64, 64
L -126.3748, -289.6250, 56.6259,  -126.3750, -253.3750, 56.6259,  64, 64, 64
L -213.6250, -289.6250, 56.6259,  -126.3748, -289.6250, 56.6259,  64, 64, 64
L 592.3740, -289.6250, 56.6259,  679.6250, -289.6250, 56.6259,  64, 64, 64
L 592.3751, -253.3750, 56.6259,  592.3740, -289.6250, 56.6259,  64, 64, 64
L 679.6250, -253.3750, 56.6259,  592.3751, -253.3750, 56.6259,  64, 64, 64
L 679.6250, -289.6250, 56.6259,  679.6250, -253.3750, 56.6259,  64, 64, 64
L 460.6370, -256.3750, 56.6259,  280.3627, -256.3750, 56.6263,  64, 64, 64
L 460.6245, -360.3632, 56.6259,  460.6370, -256.3750, 56.6259,  64, 64, 64
L 516.6250, -360.3745, 56.6259,  460.6245, -360.3632, 56.6259,  64, 64, 64
L 516.6248, -362.3749, 56.6259,  516.6250, -360.3745, 56.6259,  64, 64, 64
L 519.3749, -362.3750, 56.6259,  516.6248, -362.3749, 56.6259,  64, 64, 64
L 519.3750, -343.6250, 56.6259,  519.3749, -362.3750, 56.6259,  64, 64, 64
L 516.6250, -343.6250, 56.6259,  519.3750, -343.6250, 56.6259,  64, 64, 64
L 516.6250, -348.6250, 56.6259,  516.6250, -343.6250, 56.6259,  64, 64, 64
L 472.3750, -348.6250, 56.6259,  516.6250, -348.6250, 56.6259,  64, 64, 64
L 472.3750, -253.3750, 56.6259,  472.3750, -348.6250, 56.6259,  64, 64, 64
L 583.6249, -253.3750, 56.6259,  472.3750, -253.3750, 56.6259,  64, 64, 64
L 583.6250, -287.6250, 56.6259,  583.6249, -253.3750, 56.6259,  64, 64, 64
L 523.3749, -287.6250, 56.6259,  583.6250, -287.6250, 56.6259,  64, 64, 64
L 523.3750, -271.6250, 56.6259,  523.3749, -287.6250, 56.6259,  64, 64, 64
L 513.6811, -271.6250, 56.6259,  523.3750, -271.6250, 56.6259,  64, 64, 64
L 513.6103, -296.3750, 56.6259,  513.6811, -271.6250, 56.6259,  64, 64, 64
L 583.6250, -296.3750, 56.6259,  513.6103, -296.3750, 56.6259,  64, 64, 64
L 583.6249, -348.6250, 56.6259,  583.6250, -296.3750, 56.6259,  64, 64, 64
L 531.3740, -348.6250, 56.6259,  583.6249, -348.6250, 56.6259,  64, 64, 64
L 531.3750, -343.6250, 56.6259,  531.3740, -348.6250, 56.6259,  64, 64, 64
L 528.6249, -343.6250, 56.6259,  531.3750, -343.6250, 56.6259,  64, 64, 64
L 528.6248, -362.3750, 56.6259,  528.6249, -343.6250, 56.6259,  64, 64, 64
L 531.3680, -362.3750, 56.6259,  528.6248, -362.3750, 56.6259,  64, 64, 64
L 531.3749, -360.3647, 56.6259,  531.3680, -362.3750, 56.6259,  64, 64, 64
L 628.6250, -360.3745, 56.6259,  531.3749, -360.3647, 56.6259,  64, 64, 64
L 628.6241, -362.3749, 56.6259,  628.6250, -360.3745, 56.6259,  64, 64, 64
L 631.3749, -362.3750, 56.6259,  628.6241, -362.3749, 56.6259,  64, 64, 64
L 631.3749, -343.6250, 56.6259,  631.3749, -362.3750, 56.6259,  64, 64, 64
L 628.6249, -343.6250, 56.6259,  631.3749, -343.6250, 56.6259,  64, 64, 64
L 628.6250, -348.6250, 56.6259,  628.6249, -343.6250, 56.6259,  64, 64, 64
L 592.3745, -348.6250, 56.6259,  628.6250, -348.6250, 56.6259,  64, 64, 64
L 592.3749, -294.3750, 56.6259,  592.3745, -348.6250, 56.6259,  64, 64, 64
L 679.6250, -294.3750, 56.6259,  592.3749, -294.3750, 56.6259,  64, 64, 64
L 679.6250, -348.6250, 56.6259,  679.6250, -294.3750, 56.6259,  64, 64, 64
L 643.3750, -348.6250, 56.6259,  679.6250, -348.6250, 56.6259,  64, 64, 64
L 643.3750, -343.6250, 56.6259,  643.3750, -348.6250, 56.6259,  64, 64, 64
L 640.6249, -343.6250, 56.6259,  643.3750, -343.6250, 56.6259,  64, 64, 64
L 640.6250, -362.3750, 56.6259,  640.6249, -343.6250, 56.6259,  64, 64, 64
L 643.3749, -362.3750, 56.6259,  640.6250, -362.3750, 56.6259,  64, 64, 64
L 643.3749, -360.3632, 56.6259,  643.3749, -362.3750, 56.6259,  64, 64, 64
L 740.6250, -360.3750, 56.6259,  643.3749, -360.3632, 56.6259,  64, 64, 64
L 740.6249, -362.3749, 56.6259,  740.6250, -360.3750, 56.6259,  64, 64, 64
L 743.3749, -362.3750, 56.6259,  740.6249, -362.3749, 56.6259,  64, 64, 64
L 743.3750, -343.6250, 56.6259,  743.3749, -362.3750, 56.6259,  64, 64, 64
L 740.6249, -343.6250, 56.6259,  743.3750, -343.6250, 56.6259,  64, 64, 64
L 740.6250, -348.6250, 56.6259,  740.6249, -343.6250, 56.6259,  64, 64, 64
L 696.3749, -348.6250, 56.6259,  740.6250, -348.6250, 56.6259,  64, 64, 64
L 696.3749, -296.3750, 56.6259,  696.3749, -348.6250, 56.6259,  64, 64, 64
L 766.3749, -296.3754, 56.6259,  696.3749, -296.3750, 56.6259,  64, 64, 64
L 766.3750, -271.6250, 56.6259,  766.3749, -296.3754, 56.6259,  64, 64, 64
L 756.6250, -271.6250, 56.6259,  766.3750, -271.6250, 56.6259,  64, 64, 64
L 756.6250, -287.6250, 56.6259,  756.6250, -271.6250, 56.6259,  64, 64, 64
L 696.3740, -287.6250, 56.6259,  756.6250, -287.6250, 56.6259,  64, 64, 64
L 696.3750, -253.3750, 56.6259,  696.3740, -287.6250, 56.6259,  64, 64, 64
L 799.6250, -253.3747, 56.6259,  696.3750, -253.3750, 56.6259,  64, 64, 64
L 799.6250, -348.6249, 56.6259,  799.6250, -253.3747, 56.6259,  64, 64, 64
L 755.3749, -348.6250, 56.6259,  799.6250, -348.6249, 56.6259,  64, 64, 64
L 755.3750, -343.6249, 56.6259,  755.3749, -348.6250, 56.6259,  64, 64, 64
L 752.6249, -343.6250, 56.6259,  755.3750, -343.6249, 56.6259,  64, 64, 64
L 752.6249, -362.3750, 56.6259,  752.6249, -343.6250, 56.6259,  64, 64, 64
L 755.3749, -362.3750, 56.6259,  752.6249, -362.3750, 56.6259,  64, 64, 64
L 755.3749, -360.3636, 56.6259,  755.3749, -362.3750, 56.6259,  64, 64, 64
L 811.3750, -360.3752, 56.6259,  755.3749, -360.3636, 56.6259,  64, 64, 64
L 811.3553, -259.3553, 56.6510,  811.3750, -360.3752, 56.6259,  64, 64, 64
L 920.3750, -259.3752, 56.6259,  811.3553, -259.3553, 56.6510,  64, 64, 64
L 920.3398, -155.3400, 56.6895,  920.3750, -259.3752, 56.6259,  64, 64, 64
L 1021.3749, -155.3761, 56.6259,  920.3398, -155.3400, 56.6895,  64, 64, 64
L 1021.3749, -99.3750, 56.6259,  1021.3749, -155.3761, 56.6259,  64, 64, 64
L 1023.3749, -99.3750, 56.6259,  1021.3749, -99.3750, 56.6259,  64, 64, 64
L 1023.3749, -96.6250, 56.6259,  1023.3749, -99.3750, 56.6259,  64, 64, 64
L 1004.6250, -96.6250, 56.6259,  1023.3749, -96.6250, 56.6259,  64, 64, 64
L 1004.6250, -99.3703, 56.6259,  1004.6250, -96.6250, 56.6259,  64, 64, 64
L 1009.6250, -99.3750, 56.6259,  1004.6250, -99.3703, 56.6259,  64, 64, 64
L 1009.6250, -143.6250, 56.6259,  1009.6250, -99.3750, 56.6259,  64, 64, 64
L 914.3738, -143.6250, 56.6259,  1009.6250, -143.6250, 56.6259,  64, 64, 64
L 914.3749, -32.3750, 56.6259,  914.3738, -143.6250, 56.6259,  64, 64, 64
L 948.6250, -32.3750, 56.6259,  914.3749, -32.3750, 56.6259,  64, 64, 64
L 948.6250, -92.6250, 56.6259,  948.6250, -32.3750, 56.6259,  64, 64, 64
L 932.6249, -92.6239, 56.6259,  948.6250, -92.6250, 56.6259,  64, 64, 64
L 932.6249, -102.3750, 56.6259,  932.6249, -92.6239, 56.6259,  64, 64, 64
L 957.3749, -102.3750, 56.6259,  932.6249, -102.3750, 56.6259,  64, 64, 64
L 957.3749, -32.3750, 56.6259,  957.3749, -102.3750, 56.6259,  64, 64, 64
L 1009.6250, -32.3750, 56.6259,  957.3749, -32.3750, 56.6259,  64, 64, 64
L 1009.6250, -84.6250, 56.6259,  1009.6250, -32.3750, 56.6259,  64, 64, 64
L 1004.6250, -84.6250, 56.6259,  1009.6250, -84.6250, 56.6259,  64, 64, 64
L 1004.6250, -87.3750, 56.6259,  1004.6250, -84.6250, 56.6259,  64, 64, 64
L 1023.3749, -87.3750, 56.6259,  1004.6250, -87.3750, 56.6259,  64, 64, 64
L 1023.3749, -84.6250, 56.6259,  1023.3749, -87.3750, 56.6259,  64, 64, 64
L 1021.3586, -84.6250, 56.6259,  1023.3749, -84.6250, 56.6259,  64, 64, 64
L 1021.3749, 12.6250, 56.6259,  1021.3586, -84.6250, 56.6259,  64, 64, 64
L 914.3749, -23.6250, 56.6259,  950.6250, -23.6250, 56.6259,  64, 64, 64
L 914.3749, 63.6250, 56.6259,  914.3749, -23.6250, 56.6259,  64, 64, 64
L 950.6250, 63.6250, 56.6259,  914.3749, 63.6250, 56.6259,  64, 64, 64
L 950.6250, -23.6250, 56.6259,  950.6250, 63.6250, 56.6259,  64, 64, 64
L 1023.3749, 12.6250, 56.6259,  1021.3740, 12.6250, 56.6259,  64, 64, 64
L 1023.3749, 15.3750, 56.6259,  1023.3749, 12.6250, 56.6259,  64, 64, 64
L 1004.6250, 15.3750, 56.6259,  1023.3749, 15.3750, 56.6259,  64, 64, 64
L 1004.6250, 12.6250, 56.6259,  1004.6250, 15.3750, 56.6259,  64, 64, 64
L 1009.6250, 12.6250, 56.6259,  1004.6250, 12.6250, 56.6259,  64, 64, 64
L 1009.6250, -23.6250, 56.6259,  1009.6250, 12.6250, 56.6259,  64, 64, 64
L 955.3740, -23.6250, 56.6259,  1009.6250, -23.6250, 56.6259,  64, 64, 64
L 955.3749, 63.6250, 56.6259,  955.3740, -23.6250, 56.6259,  64, 64, 64
L 1009.6250, 63.6250, 56.6259,  955.3749, 63.6250, 56.6259,  64, 64, 64
L 1009.6250, 27.3750, 56.6259,  1009.6250, 63.6250, 56.6259,  64, 64, 64
L 1004.6250, 27.3750, 56.6259,  1009.6250, 27.3750, 56.6259,  64, 64, 64
L 1004.6250, 24.6250, 56.6259,  1004.6250, 27.3750, 56.6259,  64, 64, 64
L 1023.3749, 24.6250, 56.6259,  1004.6250, 24.6250, 56.6259,  64, 64, 64
L 1023.3749, 27.3747, 56.6259,  1023.3749, 24.6250, 56.6259,  64, 64, 64
L 1021.3749, 27.3750, 56.6259,  1023.3749, 27.3747, 56.6259,  64, 64, 64
L 1021.3749, 124.6250, 56.6259,  1021.3749, 27.3750, 56.6259,  64, 64, 64
L 1023.3749, 124.6250, 56.6259,  1021.3749, 124.6250, 56.6259,  64, 64, 64
L 1023.3749, 127.3750, 56.6259,  1023.3749, 124.6250, 56.6259,  64, 64, 64
L 1004.6250, 127.3750, 56.6259,  1023.3749, 127.3750, 56.6259,  64, 64, 64
L 1004.6250, 124.6250, 56.6259,  1004.6250, 127.3750, 56.6259,  64, 64, 64
L 1009.6250, 124.6250, 56.6259,  1004.6250, 124.6250, 56.6259,  64, 64, 64
L 1009.6249, 80.3750, 56.6259,  1009.6250, 124.6250, 56.6259,  64, 64, 64
L 957.3749, 80.3750, 56.6259,  1009.6249, 80.3750, 56.6259,  64, 64, 64
L 957.3751, 150.3748, 56.6259,  957.3749, 80.3750, 56.6259,  64, 64, 64
L 932.6250, 150.3754, 56.6259,  957.3751, 150.3748, 56.6259,  64, 64, 64
L 932.6248, 140.6250, 56.6259,  932.6250, 150.3754, 56.6259,  64, 64, 64
L 948.6250, 140.6250, 56.6259,  932.6248, 140.6250, 56.6259,  64, 64, 64
L 948.6250, 80.3748, 56.6259,  948.6250, 140.6250, 56.6259,  64, 64, 64
L 914.3749, 80.3750, 56.6259,  948.6250, 80.3748, 56.6259,  64, 64, 64
L 914.3749, 183.6250, 56.6259,  914.3749, 80.3750, 56.6259,  64, 64, 64
L 1009.6249, 183.6250, 56.6259,  914.3749, 183.6250, 56.6259,  64, 64, 64
L 1009.6250, 139.3750, 56.6259,  1009.6249, 183.6250, 56.6259,  64, 64, 64
L 1004.6250, 139.3752, 56.6259,  1009.6250, 139.3750, 56.6259,  64, 64, 64
L 1004.6249, 136.6250, 56.6259,  1004.6250, 139.3752, 56.6259,  64, 64, 64
L 1023.3503, 136.6250, 56.6259,  1004.6249, 136.6250, 56.6259,  64, 64, 64
L 1023.3835, 139.3750, 56.6259,  1023.3503, 136.6250, 56.6259,  64, 64, 64
L 1021.3641, 139.3750, 56.6259,  1023.3835, 139.3750, 56.6259,  64, 64, 64
L 1021.3750, 195.3750, 56.6259,  1021.3641, 139.3750, 56.6259,  64, 64, 64
L 920.3749, 195.3750, 56.6259,  1021.3750, 195.3750, 56.6259,  64, 64, 64
L 920.3749, 649.6249, 56.6259,  920.3749, 195.3750, 56.6259,  64, 64, 64
L 1021.3749, 649.6246, 56.6259,  920.3749, 649.6249, 56.6259,  64, 64, 64
L 1021.3737, 705.6250, 56.6259,  1021.3749, 649.6246, 56.6259,  64, 64, 64
L 1023.3749, 705.6246, 56.6259,  1021.3737, 705.6250, 56.6259,  64, 64, 64
L 1023.3749, 708.3749, 56.6259,  1023.3749, 705.6246, 56.6259,  64, 64, 64
L 1004.6250, 708.3749, 56.6259,  1023.3749, 708.3749, 56.6259,  64, 64, 64
L 1004.6250, 705.6250, 56.6259,  1004.6250, 708.3749, 56.6259,  64, 64, 64
L 1009.6250, 705.6250, 56.6259,  1004.6250, 705.6250, 56.6259,  64, 64, 64
L 1009.6250, 661.3749, 56.6259,  1009.6250, 705.6250, 56.6259,  64, 64, 64
L 914.3749, 661.3749, 56.6259,  1009.6250, 661.3749, 56.6259,  64, 64, 64
L 914.3749, 772.6249, 56.6259,  914.3749, 661.3749, 56.6259,  64, 64, 64
L 948.6249, 772.6250, 56.6259,  914.3749, 772.6249, 56.6259,  64, 64, 64
L 948.6250, 712.3736, 56.6259,  948.6249, 772.6250, 56.6259,  64, 64, 64
L 932.6250, 712.3754, 56.6259,  948.6250, 712.3736, 56.6259,  64, 64, 64
L 932.6250, 702.6249, 56.6259,  932.6250, 712.3754, 56.6259,  64, 64, 64
L 957.3749, 702.6250, 56.6259,  932.6250, 702.6249, 56.6259,  64, 64, 64
L 957.3749, 772.6250, 56.6259,  957.3749, 702.6250, 56.6259,  64, 64, 64
L 1009.6249, 772.6248, 56.6259,  957.3749, 772.6250, 56.6259,  64, 64, 64
L 1009.6250, 720.3749, 56.6259,  1009.6249, 772.6248, 56.6259,  64, 64, 64
L 1004.6250, 720.3750, 56.6259,  1009.6250, 720.3749, 56.6259,  64, 64, 64
L 1004.6250, 717.6249, 56.6259,  1004.6250, 720.3750, 56.6259,  64, 64, 64
L 1023.3749, 717.6250, 56.6259,  1004.6250, 717.6249, 56.6259,  64, 64, 64
L 1023.3749, 720.3749, 56.6259,  1023.3749, 717.6250, 56.6259,  64, 64, 64
L 1021.3642, 720.3749, 56.6259,  1023.3749, 720.3749, 56.6259,  64, 64, 64
L 1021.3585, 817.6250, 56.6411,  1021.3642, 720.3749, 56.6259,  64, 64, 64
L 950.6250, 781.3737, 56.6259,  950.6250, 868.6250, 56.6259,  64, 64, 64
L 914.3749, 781.3750, 56.6259,  950.6250, 781.3737, 56.6259,  64, 64, 64
L 914.3749, 868.6250, 56.6259,  914.3749, 781.3750, 56.6259,  64, 64, 64
L 950.6249, 868.6250, 56.6259,  914.3749, 868.6250, 56.6259,  64, 64, 64
L 1009.6250, 781.3749, 56.6259,  1009.6250, 817.6250, 56.6259,  64, 64, 64
L 955.3749, 781.3750, 56.6259,  1009.6250, 781.3749, 56.6259,  64, 64, 64
L 955.3749, 868.6250, 56.6259,  955.3749, 781.3750, 56.6259,  64, 64, 64
L 1009.6250, 868.6249, 56.6259,  955.3749, 868.6250, 56.6259,  64, 64, 64
L 1009.6250, 832.3737, 56.6259,  1009.6250, 868.6249, 56.6259,  64, 64, 64
L 1023.3749, 817.6249, 56.6259,  1021.3740, 817.6250, 56.6259,  64, 64, 64
L 1023.3749, 820.3749, 56.6259,  1023.3749, 817.6249, 56.6259,  64, 64, 64
L 1004.6250, 820.3749, 56.6259,  1023.3749, 820.3749, 56.6259,  64, 64, 64
L 1004.6250, 817.6249, 56.6259,  1004.6250, 820.3749, 56.6259,  64, 64, 64
L 1009.6250, 817.6249, 56.6259,  1004.6250, 817.6249, 56.6259,  64, 64, 64
L 1004.6250, 832.3749, 56.6259,  1009.6250, 832.3749, 56.6259,  64, 64, 64
L 1004.6250, 829.6249, 56.6259,  1004.6250, 832.3749, 56.6259,  64, 64, 64
L 1023.3749, 829.6250, 56.6259,  1004.6250, 829.6249, 56.6259,  64, 64, 64
L 1023.3749, 832.3749, 56.6259,  1023.3749, 829.6250, 56.6259,  64, 64, 64
L 1021.3627, 832.3749, 56.6261,  1023.3749, 832.3749, 56.6259,  64, 64, 64
L 1021.3745, 929.6250, 56.6259,  1021.3627, 832.3749, 56.6261,  64, 64, 64
L 1023.3698, 929.6249, 56.6259,  1021.3745, 929.6250, 56.6259,  64, 64, 64
L 1023.3769, 932.3749, 56.6259,  1023.3698, 929.6249, 56.6259,  64, 64, 64
L 1004.6250, 932.3749, 56.6259,  1023.3769, 932.3749, 56.6259,  64, 64, 64
L 1004.6250, 929.6249, 56.6259,  1004.6250, 932.3749, 56.6259,  64, 64, 64
L 1009.6249, 929.6250, 56.6259,  1004.6250, 929.6249, 56.6259,  64, 64, 64
L 1009.6250, 885.3736, 56.6259,  1009.6249, 929.6250, 56.6259,  64, 64, 64
L 957.3749, 885.3749, 56.6259,  1009.6250, 885.3736, 56.6259,  64, 64, 64
L 957.3754, 955.3749, 56.6259,  957.3749, 885.3749, 56.6259,  64, 64, 64
L 932.6250, 955.3750, 56.6259,  957.3754, 955.3749, 56.6259,  64, 64, 64
L 932.6250, 945.6249, 56.6259,  932.6250, 955.3750, 56.6259,  64, 64, 64
L 948.6249, 945.6250, 56.6259,  932.6250, 945.6249, 56.6259,  64, 64, 64
L 948.6250, 885.3740, 56.6259,  948.6249, 945.6250, 56.6259,  64, 64, 64
L 914.3749, 885.3749, 56.6259,  948.6250, 885.3740, 56.6259,  64, 64, 64
L 914.3749, 988.6250, 56.6259,  914.3749, 885.3749, 56.6259,  64, 64, 64
L 1009.6249, 988.6249, 56.6259,  914.3749, 988.6250, 56.6259,  64, 64, 64
L 1009.6249, 944.3750, 56.6259,  1009.6249, 988.6249, 56.6259,  64, 64, 64
L 1004.6250, 944.3750, 56.6259,  1009.6249, 944.3750, 56.6259,  64, 64, 64
L 1004.6250, 941.6248, 56.6259,  1004.6250, 944.3750, 56.6259,  64, 64, 64
L 1023.3749, 941.6250, 56.6259,  1004.6250, 941.6248, 56.6259,  64, 64, 64
L 1023.3749, 944.3749, 56.6259,  1023.3749, 941.6250, 56.6259,  64, 64, 64
L 1021.3360, 944.3749, 56.6259,  1023.3749, 944.3749, 56.6259,  64, 64, 64
L 1021.3760, 1000.3750, 56.6259,  1021.3360, 944.3749, 56.6259,  64, 64, 64
L 920.3531, 1000.3531, 56.6572,  1021.3760, 1000.3750, 56.6259,  64, 64, 64
L 994.1580, 1191.6250, 56.6259,  1166.6370, 1191.6248, 56.6259,  64, 64, 64
L 920.3625, 1115.9126, 56.6263,  994.1580, 1191.6250, 56.6259,  64, 64, 64
L 920.3749, 1000.3749, 56.6259,  920.3625, 1115.9126, 56.6263,  64, 64, 64
L 948.6037, 1037.4408, 56.6259,  945.8555, 1030.8075, 56.6259,  64, 64, 64
L 945.8677, 1044.7061, 56.6259,  948.6037, 1037.4408, 56.6259,  64, 64, 64
L 939.2213, 1046.8241, 56.6259,  945.8677, 1044.7061, 56.6259,  64, 64, 64
L 932.5873, 1044.7570, 56.6259,  939.2213, 1046.8241, 56.6259,  64, 64, 64
L 929.8387, 1037.4417, 56.6259,  932.5873, 1044.7570, 56.6259,  64, 64, 64
L 932.5873, 1030.8074, 56.6259,  929.8387, 1037.4417, 56.6259,  64, 64, 64
L 939.2214, 1028.5879, 56.6259,  932.5873, 1030.8074, 56.6259,  64, 64, 64
L 945.8555, 1030.8075, 56.6259,  939.2214, 1028.5879, 56.6259,  64, 64, 64
L 1062.4540, 1029.8268, 56.6259,  1055.8196, 1026.3311, 56.6259,  64, 64, 64
L 1065.2018, 1035.7134, 56.6259,  1062.4540, 1029.8268, 56.6259,  64, 64, 64
L 1062.4529, 1042.3478, 56.6259,  1065.2018, 1035.7134, 56.6259,  64, 64, 64
L 1055.8191, 1045.9679, 56.6259,  1062.4529, 1042.3478, 56.6259,  64, 64, 64
L 1049.1801, 1042.3456, 56.6259,  1055.8191, 1045.9679, 56.6259,  64, 64, 64
L 1046.4712, 1035.6298, 56.6259,  1049.1801, 1042.3456, 56.6259,  64, 64, 64
L 1049.1847, 1029.7970, 56.6259,  1046.4712, 1035.6298, 56.6259,  64, 64, 64
L 1055.8196, 1026.3311, 56.6259,  1049.1847, 1029.7970, 56.6259,  64, 64, 64
L 1064.2106, 817.8907, 56.6259,  1057.5762, 815.1420, 56.6259,  64, 64, 64
L 1066.9590, 824.5248, 56.6259,  1064.2106, 817.8907, 56.6259,  64, 64, 64
L 1064.2106, 831.1588, 56.6259,  1066.9590, 824.5248, 56.6259,  64, 64, 64
L 1057.5767, 833.9076, 56.6259,  1064.2106, 831.1588, 56.6259,  64, 64, 64
L 1050.9424, 831.1589, 56.6259,  1057.5767, 833.9076, 56.6259,  64, 64, 64
L 1048.1913, 824.5303, 56.6259,  1050.9424, 831.1589, 56.6259,  64, 64, 64
L 1050.9423, 817.8904, 56.6259,  1048.1913, 824.5303, 56.6259,  64, 64, 64
L 1057.5762, 815.1420, 56.6259,  1050.9423, 817.8904, 56.6259,  64, 64, 64
L 1046.9762, 609.8152, 56.6259,  1044.2278, 616.4492, 56.6259,  64, 64, 64
L 1053.6105, 607.6620, 56.6259,  1046.9762, 609.8152, 56.6259,  64, 64, 64
L 1060.2448, 609.8148, 56.6259,  1053.6105, 607.6620, 56.6259,  64, 64, 64
L 1062.9933, 616.4492, 56.6259,  1060.2448, 609.8148, 56.6259,  64, 64, 64
L 1060.2448, 623.8329, 56.6259,  1062.9933, 616.4492, 56.6259,  64, 64, 64
L 1053.6106, 625.8318, 56.6259,  1060.2448, 623.8329, 56.6259,  64, 64, 64
L 1046.9762, 623.8300, 56.6259,  1053.6106, 625.8318, 56.6259,  64, 64, 64
L 1044.2278, 616.4492, 56.6259,  1046.9762, 623.8300, 56.6259,  64, 64, 64
L 949.1847, 615.3586, 56.6259,  946.4361, 608.7245, 56.6259,  64, 64, 64
L 946.4361, 621.9927, 56.6259,  949.1847, 615.3586, 56.6259,  64, 64, 64
L 939.8019, 624.7413, 56.6259,  946.4361, 621.9927, 56.6259,  64, 64, 64
L 933.1680, 621.9928, 56.6259,  939.8019, 624.7413, 56.6259,  64, 64, 64
L 930.4193, 615.3586, 56.6259,  933.1680, 621.9928, 56.6259,  64, 64, 64
L 933.1680, 608.7245, 56.6259,  930.4193, 615.3586, 56.6259,  64, 64, 64
L 939.8019, 605.9759, 56.6259,  933.1680, 608.7245, 56.6259,  64, 64, 64
L 946.4361, 608.7245, 56.6259,  939.8019, 605.9759, 56.6259,  64, 64, 64
L 945.6588, 239.5410, 56.6259,  948.4073, 232.4199, 56.6259,  64, 64, 64
L 939.2450, 241.8026, 56.6259,  945.6588, 239.5410, 56.6259,  64, 64, 64
L 932.3904, 239.5400, 56.6259,  939.2450, 241.8026, 56.6259,  64, 64, 64
L 929.6418, 232.4199, 56.6259,  932.3904, 239.5400, 56.6259,  64, 64, 64
L 932.3904, 225.7857, 56.6259,  929.6418, 232.4199, 56.6259,  64, 64, 64
L 939.2469, 223.3720, 56.6259,  932.3904, 225.7857, 56.6259,  64, 64, 64
L 945.6588, 225.7857, 56.6259,  939.2469, 223.3720, 56.6259,  64, 64, 64
L 948.4073, 232.4199, 56.6259,  945.6588, 225.7857, 56.6259,  64, 64, 64
L 1064.6189, 226.2283, 56.6259,  1057.9513, 223.5613, 56.6259,  64, 64, 64
L 1067.4489, 232.8283, 56.6259,  1064.6189, 226.2283, 56.6259,  64, 64, 64
L 1064.7815, 239.4955, 56.6259,  1067.4489, 232.8283, 56.6259,  64, 64, 64
L 1058.1819, 242.3254, 56.6259,  1064.7815, 239.4955, 56.6259,  127, 127, 127
L 1051.5143, 239.6584, 56.6259,  1058.1819, 242.3254, 56.6259,  127, 127, 127
L 1048.6847, 233.5850, 56.6259,  1051.5143, 239.6584, 56.6259,  64, 64, 64
L 1051.3516, 226.3911, 56.6259,  1048.6847, 233.5850, 56.6259,  64, 64, 64
L 1057.9513, 223.5613, 56.6259,  1051.3516, 226.3911, 56.6259,  64, 64, 64
L 1065.3052, 13.1595, 56.6259,  1058.6709, 10.4114, 56.6259,  64, 64, 64
L 1068.5398, 19.7941, 56.6259,  1065.3052, 13.1595, 56.6259,  64, 64, 64
L 1065.3053, 26.4282, 56.6259,  1068.5398, 19.7941, 56.6259,  64, 64, 64
L 1058.6709, 29.1768, 56.6259,  1065.3053, 26.4282, 56.6259,  64, 64, 64
L 1052.4240, 26.4303, 56.6259,  1058.6709, 29.1768, 56.6259,  64, 64, 64
L 1049.2688, 19.8413, 56.6259,  1052.4240, 26.4303, 56.6259,  64, 64, 64
L 1052.3710, 13.1600, 56.6259,  1049.2688, 19.8413, 56.6259,  64, 64, 64
L 1058.6709, 10.4114, 56.6259,  1052.3710, 13.1600, 56.6259,  64, 64, 64
L 1051.8423, -199.5238, 56.6259,  1049.9380, -192.8898, 56.6259,  64, 64, 64
L 1058.4762, -202.2725, 56.6259,  1051.8423, -199.5238, 56.6259,  64, 64, 64
L 1065.1105, -199.5238, 56.6259,  1058.4762, -202.2725, 56.6259,  64, 64, 64
L 1067.8589, -192.8898, 56.6259,  1065.1105, -199.5238, 56.6259,  64, 64, 64
L 1065.1105, -186.2556, 56.6259,  1067.8589, -192.8898, 56.6259,  64, 64, 64
L 1058.4762, -183.5070, 56.6259,  1065.1105, -186.2556, 56.6259,  64, 64, 64
L 1051.8423, -186.2555, 56.6259,  1058.4762, -183.5070, 56.6259,  64, 64, 64
L 1049.9380, -192.8898, 56.6259,  1051.8423, -186.2555, 56.6259,  64, 64, 64
L 943.4709, -200.6705, 56.6259,  936.8369, -203.4190, 56.6259,  64, 64, 64
L 946.2195, -194.3630, 56.6259,  943.4709, -200.6705, 56.6259,  64, 64, 64
L 943.4713, -187.4022, 56.6259,  946.2195, -194.3630, 56.6259,  64, 64, 64
L 936.8369, -184.6536, 56.6259,  943.4713, -187.4022, 56.6259,  64, 64, 64
L 930.2078, -187.4002, 56.6259,  936.8369, -184.6536, 56.6259,  64, 64, 64
L 927.4332, -193.9853, 56.6259,  930.2078, -187.4002, 56.6259,  64, 64, 64
L 930.2028, -200.6705, 56.6259,  927.4332, -193.9853, 56.6259,  64, 64, 64
L 936.8369, -203.4190, 56.6259,  930.2028, -200.6705, 56.6259,  64, 64, 64
L 852.3740, -285.2660, 56.6259,  845.8456, -288.2570, 56.6259,  64, 64, 64
L 854.8766, -278.5353, 56.6259,  852.3740, -285.2660, 56.6259,  64, 64, 64
L 851.8890, -272.1380, 56.6259,  854.8766, -278.5353, 56.6259,  64, 64, 64
L 845.2096, -269.4791, 56.6259,  851.8890, -272.1380, 56.6259,  64, 64, 64
L 838.6266, -272.4952, 56.6259,  845.2096, -269.4791, 56.6259,  64, 64, 64
L 836.1240, -279.2259, 56.6259,  838.6266, -272.4952, 56.6259,  64, 64, 64
L 839.1149, -285.7545, 56.6259,  836.1240, -279.2259, 56.6259,  64, 64, 64
L 845.8456, -288.2570, 56.6259,  839.1149, -285.7545, 56.6259,  64, 64, 64
L 845.4755, -403.7379, 56.6259,  838.8582, -400.9777, 56.6259,  64, 64, 64
L 852.1281, -400.9816, 56.6259,  845.4755, -403.7379, 56.6259,  64, 64, 64
L 854.8768, -394.3475, 56.6259,  852.1281, -400.9816, 56.6259,  64, 64, 64
L 852.1282, -387.7137, 56.6259,  854.8768, -394.3475, 56.6259,  64, 64, 64
L 845.4990, -384.9626, 56.6259,  852.1282, -387.7137, 56.6259,  64, 64, 64
L 838.8599, -387.7133, 56.6259,  845.4990, -384.9626, 56.6259,  64, 64, 64
L 836.1113, -394.3473, 56.6259,  838.8599, -387.7133, 56.6259,  64, 64, 64
L 838.8582, -400.9777, 56.6259,  836.1113, -394.3473, 56.6259,  64, 64, 64
L 684.4128, -401.1170, 56.6259,  681.6642, -394.3775, 56.6259,  64, 64, 64
L 691.4670, -403.7604, 56.6259,  684.4128, -401.1170, 56.6259,  64, 64, 64
L 697.6811, -401.1170, 56.6259,  691.4670, -403.7604, 56.6259,  64, 64, 64
L 700.4297, -394.3775, 56.6259,  697.6811, -401.1170, 56.6259,  64, 64, 64
L 697.6812, -387.7440, 56.6259,  700.4297, -394.3775, 56.6259,  64, 64, 64
L 691.5380, -384.9920, 56.6259,  697.6812, -387.7440, 56.6259,  64, 64, 64
L 684.4127, -387.7434, 56.6259,  691.5380, -384.9920, 56.6259,  64, 64, 64
L 681.6642, -394.3775, 56.6259,  684.4127, -387.7434, 56.6259,  64, 64, 64
L 579.9073, -403.7654, 56.6259,  573.2732, -401.1690, 56.6259,  64, 64, 64
L 586.5386, -401.1810, 56.6259,  579.9073, -403.7654, 56.6259,  64, 64, 64
L 589.3033, -394.4150, 56.6259,  586.5386, -401.1810, 56.6259,  64, 64, 64
L 586.5420, -387.7497, 56.6259,  589.3033, -394.4150, 56.6259,  64, 64, 64
L 579.9153, -384.9966, 56.6259,  586.5420, -387.7497, 56.6259,  64, 64, 64
L 573.2732, -387.7486, 56.6259,  579.9153, -384.9966, 56.6259,  64, 64, 64
L 570.5247, -394.3826, 56.6259,  573.2732, -387.7486, 56.6259,  64, 64, 64
L 573.2732, -401.1690, 56.6259,  570.5247, -394.3826, 56.6259,  64, 64, 64
L 419.1652, -387.7277, 56.6259,  425.7991, -384.9793, 56.6259,  64, 64, 64
L 416.4148, -394.3582, 56.6259,  419.1652, -387.7277, 56.6259,  64, 64, 64
L 419.1648, -400.9961, 56.6259,  416.4148, -394.3582, 56.6259,  64, 64, 64
L 425.7989, -403.7447, 56.6259,  419.1648, -400.9961, 56.6259,  64, 64, 64
L 432.4331, -400.9961, 56.6259,  425.7989, -403.7447, 56.6259,  64, 64, 64
L 435.1816, -394.3620, 56.6259,  432.4331, -400.9961, 56.6259,  64, 64, 64
L 432.4331, -387.7278, 56.6259,  435.1816, -394.3620, 56.6259,  64, 64, 64
L 425.7991, -384.9793, 56.6259,  432.4331, -387.7278, 56.6259,  64, 64, 64
L 425.7486, -287.7595, 56.6259,  419.2468, -285.6560, 56.6259,  64, 64, 64
L 432.2583, -285.6240, 56.6259,  425.7486, -287.7595, 56.6259,  64, 64, 64
L 434.9553, -278.5527, 56.6259,  432.2583, -285.6240, 56.6259,  64, 64, 64
L 432.2583, -272.4300, 56.6259,  434.9553, -278.5527, 56.6259,  64, 64, 64
L 425.7486, -269.3460, 56.6259,  432.2583, -272.4300, 56.6259,  64, 64, 64
L 419.2389, -272.4300, 56.6259,  425.7486, -269.3460, 56.6259,  64, 64, 64
L 416.5416, -278.5532, 56.6259,  419.2389, -272.4300, 56.6259,  64, 64, 64
L 419.2468, -285.6560, 56.6259,  416.5416, -278.5532, 56.6259,  64, 64, 64
L 49.5317, -278.1421, 56.6259,  46.7832, -284.7762, 56.6259,  64, 64, 64
L 46.7832, -271.5079, 56.6259,  49.5317, -278.1421, 56.6259,  64, 64, 64
L 40.1477, -268.7586, 56.6259,  46.7832, -271.5079, 56.6259,  64, 64, 64
L 33.5084, -271.5260, 56.6259,  40.1477, -268.7586, 56.6259,  64, 64, 64
L 30.7619, -278.1311, 56.6259,  33.5084, -271.5260, 56.6259,  64, 64, 64
L 33.5148, -284.7758, 56.6259,  30.7619, -278.1311, 56.6259,  64, 64, 64
L 40.1439, -287.5269, 56.6259,  33.5148, -284.7758, 56.6259,  64, 64, 64
L 46.7832, -284.7762, 56.6259,  40.1439, -287.5269, 56.6259,  64, 64, 64
L 40.5010, -403.8786, 56.6259,  33.4209, -401.1274, 56.6259,  64, 64, 64
L 46.6893, -401.1279, 56.6259,  40.5010, -403.8786, 56.6259,  64, 64, 64
L 49.4380, -394.4938, 56.6259,  46.6893, -401.1279, 56.6259,  64, 64, 64
L 46.6893, -387.8598, 56.6259,  49.4380, -394.4938, 56.6259,  64, 64, 64
L 40.5530, -385.1111, 56.6259,  46.6893, -387.8598, 56.6259,  64, 64, 64
L 33.4211, -387.8596, 56.6259,  40.5530, -385.1111, 56.6259,  64, 64, 64
L 30.6725, -394.4938, 56.6259,  33.4211, -387.8596, 56.6259,  64, 64, 64
L 33.4209, -401.1274, 56.6259,  30.6725, -394.4938, 56.6259,  64, 64, 64
L -170.7510, -404.3741, 56.6259,  -176.7093, -401.6256, 56.6259,  64, 64, 64
L -163.4411, -401.6256, 56.6259,  -170.7510, -404.3741, 56.6259,  64, 64, 64
L -160.6924, -394.9914, 56.6259,  -163.4411, -401.6256, 56.6259,  64, 64, 64
L -163.4411, -388.3573, 56.6259,  -160.6924, -394.9914, 56.6259,  64, 64, 64
L -170.7510, -385.6086, 56.6259,  -163.4411, -388.3573, 56.6259,  64, 64, 64
L -176.7093, -388.3573, 56.6259,  -170.7510, -385.6086, 56.6259,  64, 64, 64
L -179.4578, -394.9914, 56.6259,  -176.7093, -388.3573, 56.6259,  64, 64, 64
L -176.7093, -401.6256, 56.6259,  -179.4578, -394.9914, 56.6259,  64, 64, 64
L -389.2533, -395.3038, 56.6259,  -386.5047, -388.6696, 56.6259,  64, 64, 64
L -386.5047, -401.9379, 56.6259,  -389.2533, -395.3038, 56.6259,  64, 64, 64
L -379.8706, -404.6865, 56.6259,  -386.5047, -401.9379, 56.6259,  64, 64, 64
L -373.2366, -401.9379, 56.6259,  -379.8706, -404.6865, 56.6259,  64, 64, 64
L -370.4879, -395.3038, 56.6259,  -373.2366, -401.9379, 56.6259,  64, 64, 64
L -373.2364, -388.6696, 56.6259,  -370.4879, -395.3038, 56.6259,  64, 64, 64
L -379.8706, -385.9211, 56.6259,  -373.2364, -388.6696, 56.6259,  64, 64, 64
L -386.5047, -388.6696, 56.6259,  -379.8706, -385.9211, 56.6259,  64, 64, 64
L -379.4331, -288.1741, 56.6259,  -386.6720, -285.4254, 56.6259,  64, 64, 64
L -372.7989, -285.4254, 56.6259,  -379.4331, -288.1741, 56.6259,  64, 64, 64
L -370.5040, -278.7914, 56.6259,  -372.7989, -285.4254, 56.6259,  64, 64, 64
L -372.7988, -272.1576, 56.6259,  -370.5040, -278.7914, 56.6259,  64, 64, 64
L -379.4286, -269.4067, 56.6259,  -372.7988, -272.1576, 56.6259,  64, 64, 64
L -386.6700, -272.1571, 56.6259,  -379.4286, -269.4067, 56.6259,  64, 64, 64
L -388.8158, -278.7914, 56.6259,  -386.6700, -272.1571, 56.6259,  64, 64, 64
L -386.6720, -285.4254, 56.6259,  -388.8158, -278.7914, 56.6259,  64, 64, 64
L -479.2964, -201.3320, 56.6259,  -485.9307, -198.2846, 56.6259,  64, 64, 64
L -472.6623, -198.2846, 56.6259,  -479.2964, -201.3320, 56.6259,  64, 64, 64
L -469.9137, -191.6505, 56.6259,  -472.6623, -198.2846, 56.6259,  64, 64, 64
L -472.6623, -185.1650, 56.6259,  -469.9137, -191.6505, 56.6259,  64, 64, 64
L -479.2966, -182.2678, 56.6259,  -472.6623, -185.1650, 56.6259,  64, 64, 64
L -485.9307, -185.1650, 56.6259,  -479.2966, -182.2678, 56.6259,  64, 64, 64
L -488.6793, -191.6505, 56.6259,  -485.9307, -185.1650, 56.6259,  64, 64, 64
L -485.9307, -198.2846, 56.6259,  -488.6793, -191.6505, 56.6259,  64, 64, 64
L -604.5113, -190.6194, 56.6259,  -601.7628, -183.9852, 56.6259,  64, 64, 64
L -601.7627, -197.2535, 56.6259,  -604.5113, -190.6194, 56.6259,  64, 64, 64
L -595.1285, -200.2100, 56.6259,  -601.7627, -197.2535, 56.6259,  64, 64, 64
L -588.4944, -197.2535, 56.6259,  -595.1285, -200.2100, 56.6259,  64, 64, 64
L -585.7458, -190.6194, 56.6259,  -588.4944, -197.2535, 56.6259,  64, 64, 64
L -588.4944, -183.9851, 56.6259,  -585.7458, -190.6194, 56.6259,  64, 64, 64
L -595.1285, -181.2366, 56.6259,  -588.4944, -183.9851, 56.6259,  64, 64, 64
L -601.7628, -183.9852, 56.6259,  -595.1285, -181.2366, 56.6259,  64, 64, 64
L -599.7930, 26.2112, 56.6259,  -593.1111, 28.9796, 56.6259,  64, 64, 64
L -602.5620, 19.5288, 56.6259,  -599.7930, 26.2112, 56.6259,  64, 64, 64
L -599.7853, 12.8440, 56.6259,  -602.5620, 19.5288, 56.6259,  64, 64, 64
L -593.1110, 10.7890, 56.6259,  -599.7853, 12.8440, 56.6259,  64, 64, 64
L -586.4297, 12.8470, 56.6259,  -593.1110, 10.7890, 56.6259,  64, 64, 64
L -583.6575, 19.5213, 56.6259,  -586.4297, 12.8470, 56.6259,  64, 64, 64
L -586.4292, 26.2112, 56.6259,  -583.6575, 19.5213, 56.6259,  64, 64, 64
L -593.1111, 28.9796, 56.6259,  -586.4292, 26.2112, 56.6259,  64, 64, 64
L -590.3124, 238.5800, 56.6259,  -587.5439, 231.3761, 56.6259,  64, 64, 64
L -596.9941, 240.8266, 56.6259,  -590.3124, 238.5800, 56.6259,  64, 64, 64
L -603.6761, 238.5840, 56.6259,  -596.9941, 240.8266, 56.6259,  64, 64, 64
L -606.4446, 231.3761, 56.6259,  -603.6761, 238.5840, 56.6259,  64, 64, 64
L -603.6761, 224.6942, 56.6259,  -606.4446, 231.3761, 56.6259,  64, 64, 64
L -596.9944, 221.9258, 56.6259,  -603.6761, 224.6942, 56.6259,  64, 64, 64
L -590.3124, 224.6941, 56.6259,  -596.9944, 221.9258, 56.6259,  64, 64, 64
L -587.5439, 231.3761, 56.6259,  -590.3124, 224.6941, 56.6259,  64, 64, 64
L -486.5851, 238.4043, 56.6259,  -479.9032, 241.1727, 56.6259,  64, 64, 64
L -489.3534, 231.7223, 56.6259,  -486.5851, 238.4043, 56.6259,  64, 64, 64
L -486.5851, 225.4050, 56.6259,  -489.3534, 231.7223, 56.6259,  64, 64, 64
L -479.9032, 222.2719, 56.6259,  -486.5851, 225.4050, 56.6259,  64, 64, 64
L -473.2212, 225.4040, 56.6259,  -479.9032, 222.2719, 56.6259,  64, 64, 64
L -470.4528, 231.7223, 56.6259,  -473.2212, 225.4040, 56.6259,  64, 64, 64
L -473.2212, 238.4043, 56.6259,  -470.4528, 231.7223, 56.6259,  64, 64, 64
L -479.9032, 241.1727, 56.6259,  -473.2212, 238.4043, 56.6259,  64, 64, 64
L -486.6020, 607.6669, 56.6259,  -488.8285, 614.3488, 56.6259,  64, 64, 64
L -479.3783, 604.8985, 56.6259,  -486.6020, 607.6669, 56.6259,  64, 64, 64
L -472.6974, 607.6663, 56.6259,  -479.3783, 604.8985, 56.6259,  64, 64, 64
L -469.9225, 614.3360, 56.6259,  -472.6974, 607.6663, 56.6259,  64, 64, 64
L -472.6970, 621.3120, 56.6259,  -469.9225, 614.3360, 56.6259,  64, 64, 64
L -479.3788, 623.7989, 56.6259,  -472.6970, 621.3120, 56.6259,  64, 64, 64
L -486.6000, 621.3080, 56.6259,  -479.3788, 623.7989, 56.6259,  64, 64, 64
L -488.8285, 614.3488, 56.6259,  -486.6000, 621.3080, 56.6259,  64, 64, 64
L -603.2773, 621.7378, 56.6259,  -596.5955, 624.5059, 56.6259,  64, 64, 64
L -606.4579, 615.5569, 56.6259,  -603.2773, 621.7378, 56.6259,  64, 64, 64
L -603.2775, 608.3736, 56.6259,  -606.4579, 615.5569, 56.6259,  64, 64, 64
L -596.5955, 605.6053, 56.6259,  -603.2775, 608.3736, 56.6259,  64, 64, 64
L -589.9148, 608.3727, 56.6259,  -596.5955, 605.6053, 56.6259,  64, 64, 64
L -587.1414, 615.4700, 56.6259,  -589.9148, 608.3727, 56.6259,  64, 64, 64
L -589.9135, 621.7375, 56.6259,  -587.1414, 615.4700, 56.6259,  64, 64, 64
L -596.5955, 624.5059, 56.6259,  -589.9135, 621.7375, 56.6259,  64, 64, 64
L -601.2255, 831.4185, 56.6259,  -594.5438, 834.1870, 56.6259,  64, 64, 64
L -603.9941, 824.7365, 56.6259,  -601.2255, 831.4185, 56.6259,  64, 64, 64
L -601.2504, 818.1146, 56.6259,  -603.9941, 824.7365, 56.6259,  64, 64, 64
L -594.5526, 815.2825, 56.6259,  -601.2504, 818.1146, 56.6259,  64, 64, 64
L -587.8618, 818.5470, 56.6259,  -594.5526, 815.2825, 56.6259,  64, 64, 64
L -585.9319, 824.7365, 56.6259,  -587.8618, 818.5470, 56.6259,  64, 64, 64
L -587.8618, 831.4185, 56.6259,  -585.9319, 824.7365, 56.6259,  64, 64, 64
L -594.5438, 834.1870, 56.6259,  -587.8618, 831.4185, 56.6259,  64, 64, 64
L -590.2020, 1042.4130, 56.6259,  -587.4337, 1035.3595, 56.6259,  64, 64, 64
L -596.8755, 1044.8135, 56.6259,  -590.2020, 1042.4130, 56.6259,  64, 64, 64
L -603.5660, 1042.4159, 56.6259,  -596.8755, 1044.8135, 56.6259,  64, 64, 64
L -606.3345, 1035.3595, 56.6259,  -603.5660, 1042.4159, 56.6259,  64, 64, 64
L -603.5662, 1028.6779, 56.6259,  -606.3345, 1035.3595, 56.6259,  64, 64, 64
L -596.8840, 1025.9092, 56.6259,  -603.5662, 1028.6779, 56.6259,  64, 64, 64
L -590.2024, 1028.6774, 56.6259,  -596.8840, 1025.9092, 56.6259,  64, 64, 64
L -587.4337, 1035.3595, 56.6259,  -590.2024, 1028.6774, 56.6259,  64, 64, 64
L -489.3080, 1036.3831, 56.6259,  -486.2624, 1043.6509, 56.6259,  64, 64, 64
L -486.2624, 1029.7007, 56.6259,  -489.3080, 1036.3831, 56.6259,  64, 64, 64
L -479.5788, 1026.9313, 56.6259,  -486.2624, 1029.7007, 56.6259,  64, 64, 64
L -472.8956, 1029.7106, 56.6259,  -479.5788, 1026.9313, 56.6259,  64, 64, 64
L -470.1263, 1036.3738, 56.6259,  -472.8956, 1029.7106, 56.6259,  64, 64, 64
L -472.8985, 1043.6487, 56.6259,  -470.1263, 1036.3738, 56.6259,  64, 64, 64
L -479.5804, 1045.8334, 56.6259,  -472.8985, 1043.6487, 56.6259,  64, 64, 64
L -486.2624, 1043.6509, 56.6259,  -479.5804, 1045.8334, 56.6259,  64, 64, 64
L -534.1833, 1191.5625, 56.6259,  -706.6249, 1191.5624, 56.6259,  64, 64, 64
L -460.4374, 1115.8998, 56.6259,  -534.1833, 1191.5625, 56.6259,  64, 64, 64
L -460.4375, 1000.4374, 56.6259,  -460.4374, 1115.8998, 56.6259,  64, 64, 64
L -561.4373, 1000.4374, 56.6259,  -460.4375, 1000.4374, 56.6259,  64, 64, 64
L -454.4370, 868.5624, 56.6259,  -490.5625, 868.5625, 56.6259,  64, 64, 64
L -454.4375, 781.4375, 56.6259,  -454.4370, 868.5624, 56.6259,  64, 64, 64
L -490.5625, 781.4366, 56.6259,  -454.4375, 781.4375, 56.6259,  64, 64, 64
L -490.5625, 868.5625, 56.6259,  -490.5625, 781.4366, 56.6259,  64, 64, 64
L -561.4374, 944.4374, 56.6259,  -561.4373, 1000.4374, 56.6259,  64, 64, 64
L -563.4374, 944.4374, 56.6259,  -561.4374, 944.4374, 56.6259,  64, 64, 64
L -563.4374, 941.5623, 56.6259,  -563.4374, 944.4374, 56.6259,  64, 64, 64
L -544.5625, 941.5624, 56.6259,  -563.4374, 941.5623, 56.6259,  64, 64, 64
L -544.5625, 944.4374, 56.6259,  -544.5625, 941.5624, 56.6259,  64, 64, 64
L -549.5625, 944.4375, 56.6259,  -544.5625, 944.4374, 56.6259,  64, 64, 64
L -549.5624, 988.5625, 56.7494,  -549.5625, 944.4375, 56.6259,  64, 64, 64
L -454.4370, 988.5625, 56.6259,  -549.5624, 988.5625, 56.7494,  64, 64, 64
L -454.4375, 885.4374, 56.6259,  -454.4370, 988.5625, 56.6259,  64, 64, 64
L -488.5625, 885.4374, 56.6259,  -454.4375, 885.4374, 56.6259,  64, 64, 64
L -488.5625, 929.5625, 56.6259,  -488.5625, 885.4374, 56.6259,  64, 64, 64
L -472.5625, 929.5624, 56.6259,  -488.5625, 929.5625, 56.6259,  64, 64, 64
L -472.5625, 939.4374, 56.6259,  -472.5625, 929.5624, 56.6259,  64, 64, 64
L -497.4375, 939.4375, 56.6259,  -472.5625, 939.4374, 56.6259,  64, 64, 64
L -497.4375, 885.4374, 56.6259,  -497.4375, 939.4375, 56.6259,  64, 64, 64
L -549.5625, 885.4375, 56.6259,  -497.4375, 885.4374, 56.6259,  64, 64, 64
L -549.5625, 929.5624, 56.6259,  -549.5625, 885.4375, 56.6259,  64, 64, 64
L -544.5692, 929.5620, 56.6259,  -549.5625, 929.5624, 56.6259,  64, 64, 64
L -544.5608, 932.4325, 56.6259,  -544.5692, 929.5620, 56.6259,  64, 64, 64
L -563.4374, 932.4376, 56.6259,  -544.5608, 932.4325, 56.6259,  64, 64, 64
L -563.4374, 929.5625, 56.6259,  -563.4374, 932.4376, 56.6259,  64, 64, 64
L -561.4365, 929.5625, 56.6259,  -563.4374, 929.5625, 56.6259,  64, 64, 64
L -561.4375, 832.4374, 56.6259,  -561.4365, 929.5625, 56.6259,  64, 64, 64
L -563.4374, 832.4376, 56.6259,  -561.4375, 832.4374, 56.6259,  64, 64, 64
L -563.4374, 829.5624, 56.6259,  -563.4374, 832.4376, 56.6259,  64, 64, 64
L -544.5625, 829.5625, 56.6259,  -563.4374, 829.5624, 56.6259,  64, 64, 64
L -544.5625, 832.4374, 56.6259,  -544.5625, 829.5625, 56.6259,  64, 64, 64
L -549.5625, 832.4374, 56.6259,  -544.5625, 832.4374, 56.6259,  64, 64, 64
L -549.5620, 868.5625, 56.6259,  -549.5625, 832.4374, 56.6259,  64, 64, 64
L -495.4372, 868.5625, 56.6259,  -549.5620, 868.5625, 56.6259,  64, 64, 64
L -495.4375, 781.4375, 56.6259,  -495.4372, 868.5625, 56.6259,  64, 64, 64
L -549.5624, 781.4375, 56.6259,  -495.4375, 781.4375, 56.6259,  64, 64, 64
L -549.5625, 817.5624, 56.6259,  -549.5624, 781.4375, 56.6259,  64, 64, 64
L -544.5625, 817.5623, 56.6259,  -549.5625, 817.5624, 56.6259,  64, 64, 64
L -544.5620, 820.4376, 56.6259,  -544.5625, 817.5623, 56.6259,  64, 64, 64
L -563.4244, 820.4374, 56.6259,  -544.5620, 820.4376, 56.6259,  64, 64, 64
L -563.4409, 817.5647, 56.6259,  -563.4244, 820.4374, 56.6259,  64, 64, 64
L -561.4371, 817.5625, 56.6259,  -563.4409, 817.5647, 56.6259,  64, 64, 64
L -561.4374, 720.4374, 56.6259,  -561.4371, 817.5625, 56.6259,  64, 64, 64
L -563.4374, 720.4374, 56.6259,  -561.4374, 720.4374, 56.6259,  64, 64, 64
L -563.4374, 717.5625, 56.6259,  -563.4374, 720.4374, 56.6259,  64, 64, 64
L -544.5625, 717.5621, 56.6259,  -563.4374, 717.5625, 56.6259,  64, 64, 64
L -544.5625, 720.4374, 56.6259,  -544.5625, 717.5621, 56.6259,  64, 64, 64
L -549.5625, 720.4374, 56.6259,  -544.5625, 720.4374, 56.6259,  64, 64, 64
L -549.5624, 772.5624, 56.6259,  -549.5625, 720.4374, 56.6259,  64, 64, 64
L -497.4374, 772.5625, 56.6259,  -549.5624, 772.5624, 56.6259,  64, 64, 64
L -497.4381, 702.5624, 56.6259,  -497.4374, 772.5625, 56.6259,  64, 64, 64
L -472.5905, 702.5615, 56.6259,  -497.4381, 702.5624, 56.6259,  64, 64, 64
L -472.5550, 712.4374, 56.6259,  -472.5905, 702.5615, 56.6259,  64, 64, 64
L -488.5625, 712.4366, 56.6259,  -472.5550, 712.4374, 56.6259,  64, 64, 64
L -488.5625, 772.5625, 56.6259,  -488.5625, 712.4366, 56.6259,  64, 64, 64
L -454.4370, 772.5625, 56.6259,  -488.5625, 772.5625, 56.6259,  64, 64, 64
L -454.4375, 661.4374, 56.6259,  -454.4370, 772.5625, 56.6259,  64, 64, 64
L -549.5624, 661.4374, 56.6259,  -454.4375, 661.4374, 56.6259,  64, 64, 64
L -549.5625, 705.5624, 56.6259,  -549.5624, 661.4374, 56.6259,  64, 64, 64
L -544.5625, 705.5624, 56.6259,  -549.5625, 705.5624, 56.6259,  64, 64, 64
L -544.5625, 708.4376, 56.6259,  -544.5625, 705.5624, 56.6259,  64, 64, 64
L -563.4276, 708.4279, 56.6259,  -544.5625, 708.4376, 56.6259,  64, 64, 64
L -563.4406, 705.5624, 56.6259,  -563.4276, 708.4279, 56.6259,  64, 64, 64
L -561.4366, 705.5625, 56.6259,  -563.4406, 705.5624, 56.6259,  64, 64, 64
L -561.4375, 649.5624, 56.6259,  -561.4366, 705.5625, 56.6259,  64, 64, 64
L -460.4370, 649.5624, 56.6259,  -561.4375, 649.5624, 56.6259,  64, 64, 64
L -460.4375, 195.4375, 56.6259,  -460.4370, 649.5624, 56.6259,  64, 64, 64
L -561.4374, 195.4379, 56.6259,  -460.4375, 195.4375, 56.6259,  64, 64, 64
L -561.4374, 139.4375, 56.6259,  -561.4374, 195.4379, 56.6259,  64, 64, 64
L -563.4374, 139.4375, 56.6259,  -561.4374, 139.4375, 56.6259,  64, 64, 64
L -563.4374, 136.5625, 56.6259,  -563.4374, 139.4375, 56.6259,  64, 64, 64
L -544.5625, 136.5622, 56.6259,  -563.4374, 136.5625, 56.6259,  64, 64, 64
L -544.5625, 139.4375, 56.6259,  -544.5625, 136.5622, 56.6259,  64, 64, 64
L -549.5625, 139.4375, 56.6259,  -544.5625, 139.4375, 56.6259,  64, 64, 64
L -549.5625, 183.5625, 56.6259,  -549.5625, 139.4375, 56.6259,  64, 64, 64
L -454.4370, 183.5625, 56.6259,  -549.5625, 183.5625, 56.6259,  64, 64, 64
L -454.4375, 80.4375, 56.6259,  -454.4370, 183.5625, 56.6259,  64, 64, 64
L -488.5625, 80.4375, 56.6259,  -454.4375, 80.4375, 56.6259,  64, 64, 64
L -488.5625, 140.5625, 56.6259,  -488.5625, 80.4375, 56.6259,  64, 64, 64
L -472.5625, 140.5625, 56.6259,  -488.5625, 140.5625, 56.6259,  64, 64, 64
L -472.5625, 150.4375, 56.6259,  -472.5625, 140.5625, 56.6259,  64, 64, 64
L -497.4375, 150.4375, 56.6259,  -472.5625, 150.4375, 56.6259,  64, 64, 64
L -497.4375, 80.4375, 56.6259,  -497.4375, 150.4375, 56.6259,  64, 64, 64
L -549.5625, 80.4375, 56.6259,  -497.4375, 80.4375, 56.6259,  64, 64, 64
L -549.5624, 124.5625, 56.6259,  -549.5625, 80.4375, 56.6259,  64, 64, 64
L -544.5620, 124.5625, 56.6259,  -549.5624, 124.5625, 56.6259,  64, 64, 64
L -544.5638, 127.4375, 56.6259,  -544.5620, 124.5625, 56.6259,  64, 64, 64
L -563.4388, 127.4375, 56.6259,  -544.5638, 127.4375, 56.6259,  64, 64, 64
L -563.4319, 124.5625, 56.6259,  -563.4388, 127.4375, 56.6259,  64, 64, 64
L -561.4366, 124.5625, 56.6259,  -563.4319, 124.5625, 56.6259,  64, 64, 64
L -561.4374, 27.4374, 56.6259,  -561.4366, 124.5625, 56.6259,  64, 64, 64
L -454.4375, 63.5623, 56.6259,  -490.5625, 63.5625, 56.6259,  64, 64, 64
L -454.4375, -23.5625, 56.6259,  -454.4375, 63.5623, 56.6259,  64, 64, 64
L -490.5625, -23.5625, 56.6259,  -454.4375, -23.5625, 56.6259,  64, 64, 64
L -490.5625, 63.5625, 56.6259,  -490.5625, -23.5625, 56.6259,  64, 64, 64
L -563.4374, 27.4375, 56.6259,  -561.4374, 27.4375, 56.6259,  64, 64, 64
L -563.4373, 24.5625, 56.6259,  -563.4374, 27.4375, 56.6259,  64, 64, 64
L -544.6058, 24.5625, 56.6259,  -563.4373, 24.5625, 56.6259,  64, 64, 64
L -544.5452, 27.4375, 56.6259,  -544.6058, 24.5625, 56.6259,  64, 64, 64
L -549.5625, 27.4375, 56.6259,  -544.5452, 27.4375, 56.6259,  64, 64, 64
L -549.5625, 63.5625, 56.6259,  -549.5625, 27.4375, 56.6259,  64, 64, 64
L -495.4370, 63.5625, 56.6259,  -549.5625, 63.5625, 56.6259,  64, 64, 64
L -495.4370, -23.5625, 56.6259,  -495.4370, 63.5625, 56.6259,  64, 64, 64
L -549.5624, -23.5625, 56.6259,  -495.4370, -23.5625, 56.6259,  64, 64, 64
L -549.5625, 12.5625, 56.6259,  -549.5624, -23.5625, 56.6259,  64, 64, 64
L -544.5625, 12.5625, 56.6259,  -549.5625, 12.5625, 56.6259,  64, 64, 64
L -544.5625, 15.4375, 56.6259,  -544.5625, 12.5625, 56.6259,  64, 64, 64
L -563.4231, 15.4375, 56.6259,  -544.5625, 15.4375, 56.6259,  64, 64, 64
L -563.4442, 12.5625, 56.6259,  -563.4231, 15.4375, 56.6259,  64, 64, 64
L -561.4375, 12.5625, 56.6259,  -563.4442, 12.5625, 56.6259,  64, 64, 64
L -561.4375, -84.5625, 56.6259,  -561.4375, 12.5625, 56.6259,  64, 64, 64
L -563.4374, -84.5622, 56.6259,  -561.4375, -84.5625, 56.6259,  64, 64, 64
L -563.4374, -87.4377, 56.6259,  -563.4374, -84.5622, 56.6259,  64, 64, 64
L -544.5625, -87.4375, 56.6259,  -563.4374, -87.4377, 56.6259,  64, 64, 64
L -544.5625, -84.5824, 56.6259,  -544.5625, -87.4375, 56.6259,  64, 64, 64
L -549.5625, -84.5625, 56.6259,  -544.5625, -84.5824, 56.6259,  64, 64, 64
L -549.5625, -32.4375, 56.6259,  -549.5625, -84.5625, 56.6259,  64, 64, 64
L -497.4375, -32.4375, 56.6259,  -549.5625, -32.4375, 56.6259,  64, 64, 64
L -497.4375, -102.4375, 56.6259,  -497.4375, -32.4375, 56.6259,  64, 64, 64
L -472.5625, -102.4382, 56.6259,  -497.4375, -102.4375, 56.6259,  64, 64, 64
L -472.5624, -92.5625, 56.6259,  -472.5625, -102.4382, 56.6259,  64, 64, 64
L -488.5625, -92.5625, 56.6259,  -472.5624, -92.5625, 56.6259,  64, 64, 64
L -488.5625, -32.4373, 56.6259,  -488.5625, -92.5625, 56.6259,  64, 64, 64
L -454.4375, -32.4375, 56.6259,  -488.5625, -32.4373, 56.6259,  64, 64, 64
L -454.4375, -143.5625, 56.6259,  -454.4375, -32.4375, 56.6259,  64, 64, 64
L -549.5625, -143.5625, 56.7494,  -454.4375, -143.5625, 56.6259,  64, 64, 64
L -549.5625, -99.4375, 56.6259,  -549.5625, -143.5625, 56.7494,  64, 64, 64
L -544.5625, -99.4375, 56.6259,  -549.5625, -99.4375, 56.6259,  64, 64, 64
L -544.5625, -96.5625, 56.6259,  -544.5625, -99.4375, 56.6259,  64, 64, 64
L -563.4374, -96.5625, 56.6259,  -544.5625, -96.5625, 56.6259,  64, 64, 64
L -563.4374, -99.4375, 56.6259,  -563.4374, -96.5625, 56.6259,  64, 64, 64
L -561.4375, -99.4375, 56.6259,  -563.4374, -99.4375, 56.6259,  64, 64, 64
L -561.4379, -155.4375, 56.6259,  -561.4375, -99.4375, 56.6259,  64, 64, 64
L -460.4375, -155.4375, 56.6259,  -561.4379, -155.4375, 56.6259,  64, 64, 64
L -460.4377, -259.4375, 56.6259,  -460.4375, -155.4375, 56.6259,  64, 64, 64
L -345.4375, -259.4374, 56.6259,  -460.4377, -259.4375, 56.6259,  64, 64, 64
L -345.4375, -360.4374, 56.6259,  -345.4375, -259.4374, 56.6259,  64, 64, 64
L -289.3743, -360.4375, 56.6259,  -345.4375, -360.4374, 56.6259,  64, 64, 64
L -785.5304, -608.1105, 56.9000,  -785.5624, -623.1850, 56.6259,  0, 127, 0
L -786.3019, -604.2535, 56.9000,  -785.5304, -608.1105, 56.9000,  0, 127, 0
L -786.4464, -603.1266, 56.9000,  -786.3019, -604.2535, 56.9000,  0, 127, 0
L -788.5384, -598.9021, 56.9000,  -786.4464, -603.1266, 56.9000,  0, 127, 0
L -790.4442, -595.9355, 56.9000,  -788.5384, -598.9021, 56.9000,  0, 127, 0
L -793.6050, -592.7074, 56.9000,  -790.4442, -595.9355, 56.9000,  0, 127, 0
L -801.1811, -588.9194, 56.9000,  -793.6050, -592.7074, 56.9000,  0, 127, 0
L -807.9220, -587.5625, 56.6259,  -801.1811, -588.9194, 56.9000,  0, 127, 0
L -858.5352, -587.5624, 56.6259,  -807.9220, -587.5625, 56.6259,  0, 127, 0
L -863.9053, -587.5616, 56.9000,  -858.5352, -587.5624, 56.6259,  0, 127, 0
L -866.3935, -587.4316, 56.9000,  -863.9053, -587.5616, 56.9000,  0, 127, 0
L -870.2260, -588.1980, 56.9000,  -866.3935, -587.4316, 56.9000,  0, 127, 0
L -880.1622, -592.5428, 56.9000,  -870.2260, -588.1980, 56.9000,  0, 127, 0
L -883.8979, -595.4709, 56.9000,  -880.1622, -592.5428, 56.9000,  0, 127, 0
L -885.1790, -598.3785, 56.9000,  -883.8979, -595.4709, 56.9000,  0, 127, 0
L -887.5880, -602.1385, 56.9000,  -885.1790, -598.3785, 56.9000,  0, 127, 0
L -887.5981, -603.7567, 56.9000,  -887.5880, -602.1385, 56.9000,  0, 127, 0
L -887.9502, -605.5140, 56.9000,  -887.5981, -603.7567, 56.9000,  0, 127, 0
L -888.4374, -642.9542, 56.9000,  -887.9502, -605.5140, 56.9000,  0, 127, 0
L -889.4174, -647.8564, 56.9000,  -888.4374, -642.9542, 56.9000,  0, 127, 0
L -891.3782, -651.7784, 56.9000,  -889.4174, -647.8564, 56.9000,  0, 127, 0
L -893.3387, -654.7195, 56.9000,  -891.3782, -651.7784, 56.9000,  0, 127, 0
L -928.4374, -688.8205, 56.6259,  -893.3387, -654.7195, 56.9000,  0, 127, 0
L -928.4374, -706.1811, 56.6259,  -928.4374, -688.8205, 56.6259,  0, 127, 0
L -907.1811, -727.4374, 56.6259,  -928.4374, -706.1811, 56.6259,  0, 127, 0
L -885.8237, -727.4374, 56.6259,  -907.1811, -727.4374, 56.6259,  0, 127, 0
L -862.3387, -704.8558, 56.6259,  -885.8237, -727.4374, 56.6259,  0, 127, 0
L -858.3542, -700.9741, 56.9000,  -862.3387, -704.8558, 56.6259,  0, 127, 0
L -857.3864, -700.5800, 56.9000,  -858.3542, -700.9741, 56.9000,  0, 127, 0
L -855.9720, -698.8411, 56.9000,  -857.3864, -700.5800, 56.9000,  0, 127, 0
L -854.6616, -697.9673, 56.9000,  -855.9720, -698.8411, 56.9000,  0, 127, 0
L -849.8575, -695.4178, 56.9000,  -854.6616, -697.9673, 56.9000,  0, 127, 0
L -845.6064, -694.5680, 56.9000,  -849.8575, -695.4178, 56.9000,  0, 127, 0
L -807.1077, -694.4683, 56.9000,  -845.6064, -694.5680, 56.9000,  0, 127, 0
L -802.6915, -693.5850, 56.9000,  -807.1077, -694.4683, 56.9000,  0, 127, 0
L -795.7253, -690.3528, 56.9000,  -802.6915, -693.5850, 56.9000,  0, 127, 0
L -794.7029, -689.6898, 56.9000,  -795.7253, -690.3528, 56.9000,  0, 127, 0
L -791.3998, -687.1990, 56.9000,  -794.7029, -689.6898, 56.9000,  0, 127, 0
L -790.3690, -685.8431, 56.9000,  -791.3998, -687.1990, 56.9000,  0, 127, 0
L -788.3839, -682.7485, 56.9000,  -790.3690, -685.8431, 56.9000,  0, 127, 0
L -787.5164, -681.1390, 56.9000,  -788.3839, -682.7485, 56.9000,  0, 127, 0
L -786.8268, -679.9433, 56.9000,  -787.5164, -681.1390, 56.9000,  0, 127, 0
L -786.5782, -679.1254, 56.9000,  -786.8268, -679.9433, 56.9000,  0, 127, 0
L -785.8696, -675.5796, 56.9000,  -786.5782, -679.1254, 56.9000,  0, 127, 0
L -785.5624, -611.8690, 56.6259,  -785.5625, -673.1567, 56.6259,  0, 127, 0
L -722.3975, -674.2472, 56.9000,  -722.4374, -663.2480, 56.6259,  0, 127, 0
L -721.4448, -679.8920, 56.9000,  -722.3975, -674.2472, 56.9000,  0, 127, 0
L -719.3324, -683.2914, 56.9000,  -721.4448, -679.8920, 56.9000,  0, 127, 0
L -718.2964, -684.8452, 56.9000,  -719.3324, -683.2914, 56.9000,  0, 127, 0
L -717.8685, -685.7513, 56.9000,  -718.2964, -684.8452, 56.9000,  0, 127, 0
L -714.4020, -689.2889, 56.9000,  -717.8685, -685.7513, 56.9000,  0, 127, 0
L -707.9904, -692.4946, 56.9000,  -714.4020, -689.2889, 56.9000,  0, 127, 0
L -706.5892, -693.3288, 56.9000,  -707.9904, -692.4946, 56.9000,  0, 127, 0
L -701.2241, -694.4379, 56.9000,  -706.5892, -693.3288, 56.9000,  0, 127, 0
L -696.3260, -694.4370, 56.6259,  -701.2241, -694.4379, 56.9000,  0, 127, 0
L -668.1290, -694.4379, 56.9000,  -696.3260, -694.4370, 56.9000,  0, 127, 0
L -662.1434, -695.4175, 56.9000,  -668.1290, -694.4379, 56.9000,  0, 127, 0
L -658.2213, -697.3784, 56.9000,  -662.1434, -695.4175, 56.9000,  0, 127, 0
L -655.2790, -699.3396, 56.9000,  -658.2213, -697.3784, 56.9000,  0, 127, 0
L -624.1825, -730.4374, 56.6259,  -655.2790, -699.3396, 56.9000,  0, 127, 0
L -603.8184, -730.4374, 56.6259,  -624.1825, -730.4374, 56.6259,  0, 127, 0
L -582.5625, -709.1812, 56.6259,  -603.8184, -730.4374, 56.6259,  0, 127, 0
L -582.5616, -687.8192, 56.6259,  -582.5625, -709.1812, 56.6259,  0, 127, 0
L -614.6590, -655.7222, 56.9000,  -582.5616, -687.8192, 56.6259,  0, 127, 0
L -616.6207, -652.7802, 56.9000,  -614.6590, -655.7222, 56.9000,  0, 127, 0
L -618.1888, -649.6425, 56.9000,  -616.6207, -652.7802, 56.9000,  0, 127, 0
L -618.7587, -647.9717, 56.9000,  -618.1888, -649.6425, 56.9000,  0, 127, 0
L -619.9220, -646.3061, 56.9000,  -618.7587, -647.9717, 56.9000,  0, 127, 0
L -619.5447, -608.4130, 56.9000,  -619.9220, -646.3061, 56.9000,  0, 127, 0
L -620.5024, -603.1490, 56.9000,  -619.5447, -608.4130, 56.9000,  0, 127, 0
L -622.5356, -598.9062, 56.9000,  -620.5024, -603.1490, 56.9000,  0, 127, 0
L -624.5873, -595.7931, 56.9000,  -622.5356, -598.9062, 56.9000,  0, 127, 0
L -627.2441, -593.1363, 56.9000,  -624.5873, -595.7931, 56.9000,  0, 127, 0
L -635.5569, -588.9820, 56.9000,  -627.2441, -593.1363, 56.9000,  0, 127, 0
L -641.1251, -587.5625, 56.6259,  -635.5569, -588.9820, 56.9000,  0, 127, 0
L -695.4076, -587.5623, 56.6259,  -641.1251, -587.5625, 56.6259,  0, 127, 0
L -697.4034, -587.5616, 56.9000,  -695.4076, -587.5623, 56.6259,  0, 127, 0
L -699.1019, -587.5620, 56.9000,  -697.4034, -587.5616, 56.9000,  0, 127, 0
L -705.5413, -588.3819, 56.9000,  -699.1019, -587.5620, 56.9000,  0, 127, 0
L -714.2010, -592.6114, 56.9000,  -705.5413, -588.3819, 56.9000,  0, 127, 0
L -717.2988, -595.6577, 56.9000,  -714.2010, -592.6114, 56.9000,  0, 127, 0
L -719.1008, -598.2213, 56.9000,  -717.2988, -595.6577, 56.9000,  0, 127, 0
L -721.3427, -602.4791, 56.9000,  -719.1008, -598.2213, 56.9000,  0, 127, 0
L -721.7306, -604.4194, 56.9000,  -721.3427, -602.4791, 56.9000,  0, 127, 0
L -722.4374, -607.9578, 56.6259,  -721.7306, -604.4194, 56.9000,  0, 127, 0
L -722.4374, -669.8523, 56.6259,  -722.4374, -607.9578, 56.6259,  0, 127, 0
L -786.5824, -432.8564, 56.6259,  -785.5624, -437.9567, 56.6259,  0, 127, 0
L -788.6208, -428.7798, 56.6259,  -786.5824, -432.8564, 56.6259,  0, 127, 0
L -790.6576, -425.7248, 56.6259,  -788.6208, -428.7798, 56.6259,  0, 127, 0
L -793.7404, -422.6404, 56.6259,  -790.6576, -425.7248, 56.6259,  0, 127, 0
L -801.8563, -418.5826, 56.6259,  -793.7404, -422.6404, 56.6259,  0, 127, 0
L -806.9563, -417.5625, 56.6259,  -801.8563, -418.5826, 56.6259,  0, 127, 0
L -807.2585, -417.5625, 56.6259,  -807.1472, -417.5625, 56.6259,  0, 127, 0
L -840.9466, -417.5625, 56.6259,  -806.9563, -417.5625, 56.6259,  0, 127, 0
L -845.8513, -416.5835, 56.6259,  -840.9466, -417.5625, 56.6259,  0, 127, 0
L -849.7762, -414.6227, 56.6259,  -845.8513, -416.5835, 56.6259,  0, 127, 0
L -852.7205, -412.6607, 56.6259,  -849.7762, -414.6227, 56.6259,  0, 127, 0
L -885.8129, -379.5625, 56.6259,  -852.7205, -412.6607, 56.6259,  0, 127, 0
L -906.1865, -379.5622, 56.6259,  -885.8129, -379.5625, 56.6259,  0, 127, 0
L -928.4374, -402.8240, 56.6259,  -906.1865, -379.5622, 56.6259,  0, 127, 0
L -928.4375, -418.1811, 56.6259,  -928.4374, -402.8240, 56.6259,  0, 127, 0
L -893.3398, -453.2787, 56.6259,  -928.4375, -418.1811, 56.6259,  0, 127, 0
L -891.5150, -456.1580, 56.6259,  -893.3398, -453.2787, 56.6259,  0, 127, 0
L -889.4214, -460.1351, 56.6259,  -891.5150, -456.1580, 56.6259,  0, 127, 0
L -888.4374, -465.1073, 56.6259,  -889.4214, -460.1351, 56.6259,  0, 127, 0
L -888.4374, -504.4340, 56.6259,  -888.4374, -465.1073, 56.6259,  0, 127, 0
L -887.4174, -509.1431, 56.6259,  -888.4374, -504.4340, 56.6259,  0, 127, 0
L -885.3790, -513.2201, 56.6259,  -887.4174, -509.1431, 56.6259,  0, 127, 0
L -883.3400, -516.2784, 56.6259,  -885.3790, -513.2201, 56.6259,  0, 127, 0
L -880.2593, -519.3594, 56.6259,  -883.3400, -516.2784, 56.6259,  0, 127, 0
L -872.1434, -523.4174, 56.6259,  -880.2593, -519.3594, 56.6259,  0, 127, 0
L -867.4340, -524.4374, 56.6259,  -872.1434, -523.4174, 56.6259,  0, 127, 0
L -806.9565, -524.4374, 56.6259,  -867.4340, -524.4374, 56.6259,  0, 127, 0
L -801.8567, -523.4175, 56.6259,  -806.9565, -524.4374, 56.6259,  0, 127, 0
L -793.7408, -519.3596, 56.6259,  -801.8567, -523.4175, 56.6259,  0, 127, 0
L -790.6599, -516.2787, 56.6259,  -793.7408, -519.3596, 56.6259,  0, 127, 0
L -788.6208, -513.2201, 56.6259,  -790.6599, -516.2787, 56.6259,  0, 127, 0
L -786.5824, -509.1433, 56.6259,  -788.6208, -513.2201, 56.6259,  0, 127, 0
L -785.5625, -504.4360, 56.6259,  -786.5824, -509.1433, 56.6259,  0, 127, 0
L -785.5624, -437.9567, 56.6259,  -785.5625, -504.4360, 56.6259,  0, 127, 0
L -721.4175, -432.8568, 56.6259,  -719.3792, -428.7803, 56.6259,  0, 127, 0
L -722.4374, -437.9565, 56.6259,  -721.4175, -432.8568, 56.6259,  0, 127, 0
L -722.4374, -504.4320, 56.6259,  -722.4374, -437.9565, 56.6259,  0, 127, 0
L -721.4174, -509.1433, 56.6259,  -722.4374, -504.4320, 56.6259,  0, 127, 0
L -719.4692, -513.3940, 56.6259,  -721.4174, -509.1433, 56.6259,  0, 127, 0
L -717.3555, -516.2631, 56.6259,  -719.4692, -513.3940, 56.6259,  0, 127, 0
L -714.2591, -519.3594, 56.6259,  -717.3555, -516.2631, 56.6259,  0, 127, 0
L -706.1431, -523.4175, 56.6259,  -714.2591, -519.3594, 56.6259,  0, 127, 0
L -701.4350, -524.4374, 56.6259,  -706.1431, -523.4175, 56.6259,  0, 127, 0
L -640.9579, -524.4376, 56.6259,  -701.4350, -524.4374, 56.6259,  0, 127, 0
L -635.8564, -523.4175, 56.6259,  -640.9579, -524.4376, 56.6259,  0, 127, 0
L -627.7405, -519.3594, 56.6259,  -635.8564, -523.4175, 56.6259,  0, 127, 0
L -624.7454, -516.3642, 56.6259,  -627.7405, -519.3594, 56.6259,  0, 127, 0
L -622.6376, -513.2535, 56.6259,  -624.7454, -516.3642, 56.6259,  0, 127, 0
L -620.5823, -509.1431, 56.6259,  -622.6376, -513.2535, 56.6259,  0, 127, 0
L -619.5625, -504.4360, 56.6259,  -620.5823, -509.1431, 56.6259,  0, 127, 0
L -619.5625, -469.1435, 56.6259,  -619.5625, -504.4360, 56.6259,  0, 127, 0
L -618.5955, -464.2094, 56.6259,  -619.5625, -469.1435, 56.6259,  0, 127, 0
L -616.7544, -460.4871, 56.6259,  -618.5955, -464.2094, 56.6259,  0, 127, 0
L -614.6602, -457.2789, 56.6259,  -616.7544, -460.4871, 56.6259,  0, 127, 0
L -579.5624, -422.1818, 56.6259,  -614.6602, -457.2789, 56.6259,  0, 127, 0
L -579.5624, -402.8244, 56.6259,  -579.5624, -422.1818, 56.6259,  0, 127, 0
L -601.8129, -379.5625, 56.6259,  -579.5624, -402.8244, 56.6259,  0, 127, 0
L -621.4355, -379.5625, 56.6259,  -601.8129, -379.5625, 56.6259,  0, 127, 0
L -655.2784, -412.6600, 56.6259,  -622.2064, -379.6138, 56.6259,  0, 127, 0
L -658.5790, -414.5128, 56.6259,  -655.2784, -412.6600, 56.6259,  0, 127, 0
L -662.1511, -416.5840, 56.6259,  -658.5790, -414.5128, 56.6259,  0, 127, 0
L -667.4330, -417.5625, 56.6259,  -662.1511, -416.5840, 56.6259,  0, 127, 0
L -701.4310, -417.5624, 56.6259,  -667.4330, -417.5625, 56.6259,  0, 127, 0
L -706.1432, -418.5824, 56.6259,  -701.4310, -417.5624, 56.6259,  0, 127, 0
L -714.2589, -422.6403, 56.6259,  -706.1432, -418.5824, 56.6259,  0, 127, 0
L -717.3398, -425.7212, 56.6259,  -714.2589, -422.6403, 56.6259,  0, 127, 0
L -719.3792, -428.7803, 56.6259,  -717.3398, -425.7212, 56.6259,  0, 127, 0
L -722.4374, -375.4340, 56.6259,  -722.4374, -360.3722, 56.6259,  0, 127, 0
L -721.4175, -380.1431, 56.6259,  -722.4374, -375.4340, 56.6259,  0, 127, 0
L -717.3596, -388.2590, 56.6259,  -721.4175, -380.1431, 56.6259,  0, 127, 0
L -714.2786, -391.3399, 56.6259,  -717.3596, -388.2590, 56.6259,  0, 127, 0
L -711.2200, -393.3790, 56.6259,  -714.2786, -391.3399, 56.6259,  0, 127, 0
L -707.1534, -395.4123, 56.6259,  -711.2200, -393.3790, 56.6259,  0, 127, 0
L -702.4709, -396.4374, 56.6259,  -707.1534, -395.4123, 56.6259,  0, 127, 0
L -666.9568, -396.4375, 56.6259,  -702.4709, -396.4374, 56.6259,  0, 127, 0
L -661.8564, -395.4175, 56.6259,  -666.9568, -396.4375, 56.6259,  0, 127, 0
L -657.7798, -393.3790, 56.6259,  -661.8564, -395.4175, 56.6259,  0, 127, 0
L -654.7213, -391.3401, 56.6259,  -657.7798, -393.3790, 56.6259,  0, 127, 0
L -621.8187, -358.4374, 56.6259,  -654.7213, -391.3401, 56.6259,  0, 127, 0
L -578.1811, -358.4375, 56.6259,  -621.8187, -358.4374, 56.6259,  0, 127, 0
L -558.4374, -378.1811, 56.6259,  -578.1811, -358.4375, 56.6259,  0, 127, 0
L -558.4374, -421.8270, 56.6259,  -558.4374, -378.1811, 56.6259,  0, 127, 0
L -591.4185, -456.8392, 56.6259,  -558.4374, -421.8270, 56.6259,  0, 127, 0
L -593.3791, -459.7801, 56.6259,  -591.4185, -456.8392, 56.6259,  0, 127, 0
L -595.4174, -463.8566, 56.6259,  -593.3791, -459.7801, 56.6259,  0, 127, 0
L -596.4375, -468.9567, 56.6259,  -595.4174, -463.8566, 56.6259,  0, 127, 0
L -596.4374, -504.4340, 56.6259,  -596.4375, -468.9567, 56.6259,  0, 127, 0
L -595.4174, -509.1431, 56.6259,  -596.4374, -504.4340, 56.6259,  0, 127, 0
L -593.3821, -513.2133, 56.6259,  -595.4174, -509.1431, 56.6259,  0, 127, 0
L -591.3404, -516.2781, 56.6259,  -593.3821, -513.2133, 56.6259,  0, 127, 0
L -588.2591, -519.3595, 56.6259,  -591.3404, -516.2781, 56.6259,  0, 127, 0
L -580.1431, -523.4175, 56.6259,  -588.2591, -519.3595, 56.6259,  0, 127, 0
L -575.4350, -524.4374, 56.6259,  -580.1431, -523.4175, 56.6259,  0, 127, 0
L -562.4041, -524.4374, 56.6259,  -575.4350, -524.4374, 56.6259,  0, 127, 0
L -575.4340, -587.5624, 56.6259,  -562.7440, -587.5624, 56.6259,  0, 127, 0
L -580.1431, -588.5824, 56.6259,  -575.4340, -587.5624, 56.6259,  0, 127, 0
L -588.2591, -592.6403, 56.6259,  -580.1431, -588.5824, 56.6259,  0, 127, 0
L -591.3396, -595.7209, 56.6259,  -588.2591, -592.6403, 56.6259,  0, 127, 0
L -593.3791, -598.7802, 56.6259,  -591.3396, -595.7209, 56.6259,  0, 127, 0
L -595.4175, -602.8568, 56.6259,  -593.3791, -598.7802, 56.6259,  0, 127, 0
L -596.4374, -607.9565, 56.6259,  -595.4175, -602.8568, 56.6259,  0, 127, 0
L -596.4374, -643.4300, 56.6259,  -596.4374, -607.9565, 56.6259,  0, 127, 0
L -595.4174, -648.1432, 56.6259,  -596.4374, -643.4300, 56.6259,  0, 127, 0
L -593.3792, -652.2195, 56.6259,  -595.4174, -648.1432, 56.6259,  0, 127, 0
L -591.3397, -655.2789, 56.6259,  -593.3792, -652.2195, 56.6259,  0, 127, 0
L -558.4374, -688.1811, 56.6259,  -591.3397, -655.2789, 56.6259,  0, 127, 0
L -558.4374, -731.8188, 56.6259,  -558.4374, -688.1811, 56.6259,  0, 127, 0
L -580.1811, -753.5625, 56.6259,  -558.4374, -731.8188, 56.6259,  0, 127, 0
L -623.8188, -753.5624, 56.6259,  -580.1811, -753.5625, 56.6259,  0, 127, 0
L -654.7214, -722.6597, 56.6259,  -623.8188, -753.5624, 56.6259,  0, 127, 0
L -657.7401, -720.6471, 56.6259,  -654.7214, -722.6597, 56.6259,  0, 127, 0
L -661.8553, -718.5826, 56.6259,  -657.7401, -720.6471, 56.6259,  0, 127, 0
L -666.9561, -717.5625, 56.6259,  -661.8553, -718.5826, 56.6259,  0, 127, 0
L -845.4340, -717.5624, 56.6259,  -666.9561, -717.5625, 56.6259,  0, 127, 0
L -850.1431, -718.5824, 56.6259,  -845.4340, -717.5624, 56.6259,  0, 127, 0
L -854.1313, -720.5765, 56.6259,  -850.1431, -718.5824, 56.6259,  0, 127, 0
L -857.2718, -722.6531, 56.6259,  -854.1313, -720.5765, 56.6259,  0, 127, 0
L -890.1811, -755.5625, 56.6259,  -857.2718, -722.6531, 56.6259,  0, 127, 0
L -933.8065, -755.5624, 56.6259,  -890.1811, -755.5625, 56.6259,  0, 127, 0
L -953.5625, -733.8306, 56.6259,  -933.8065, -755.5624, 56.6259,  0, 127, 0
L -953.5625, -690.1721, 56.6259,  -953.5625, -733.8306, 56.6259,  0, 127, 0
L -920.5560, -655.1069, 56.6259,  -953.5625, -690.1721, 56.6259,  0, 127, 0
L -918.6281, -652.2346, 56.6259,  -920.5560, -655.1069, 56.6259,  0, 127, 0
L -916.5824, -648.1434, 56.6259,  -918.6281, -652.2346, 56.6259,  0, 127, 0
L -915.5625, -643.4380, 56.6259,  -916.5824, -648.1434, 56.6259,  0, 127, 0
L -915.5625, -464.9565, 56.6259,  -915.5625, -643.4380, 56.6259,  0, 127, 0
L -916.5823, -459.8568, 56.6259,  -915.5625, -464.9565, 56.6259,  0, 127, 0
L -918.5239, -455.9737, 56.6259,  -916.5823, -459.8568, 56.6259,  0, 127, 0
L -920.6269, -452.7604, 56.6259,  -918.5239, -455.9737, 56.6259,  0, 127, 0
L -953.5625, -418.8229, 56.6259,  -920.6269, -452.7604, 56.6259,  0, 127, 0
L -953.5625, -376.1807, 56.6259,  -953.5625, -418.8229, 56.6259,  0, 127, 0
L -931.8187, -354.4374, 56.6259,  -953.5625, -376.1807, 56.6259,  0, 127, 0
L -888.1811, -354.4375, 56.6259,  -931.8187, -354.4374, 56.6259,  0, 127, 0
L -853.2786, -389.3399, 56.6259,  -888.1811, -354.4375, 56.6259,  0, 127, 0
L -850.2202, -391.3788, 56.6259,  -853.2786, -389.3399, 56.6259,  0, 127, 0
L -846.1431, -393.4173, 56.6259,  -850.2202, -391.3788, 56.6259,  0, 127, 0
L -841.4340, -394.4374, 56.6259,  -846.1431, -393.4173, 56.6259,  0, 127, 0
L -805.9565, -394.4375, 56.6259,  -841.4340, -394.4374, 56.6259,  0, 127, 0
L -800.8567, -393.4175, 56.6259,  -805.9565, -394.4375, 56.6259,  0, 127, 0
L -796.8278, -391.4030, 56.6259,  -800.8567, -393.4175, 56.6259,  0, 127, 0
L -793.7278, -389.3466, 56.6259,  -796.8318, -391.4051, 56.6259,  0, 127, 0
L -790.6403, -386.2590, 56.6259,  -793.7278, -389.3466, 56.6259,  0, 127, 0
L -786.5824, -378.1431, 56.6259,  -790.6403, -386.2590, 56.6259,  0, 127, 0
L -785.5624, -373.4320, 56.6259,  -786.5824, -378.1431, 56.6259,  0, 127, 0
L -785.5625, -360.1786, 56.6259,  -785.5624, -373.4320, 56.6259,  0, 127, 0
L 1750.5625, -910.8187, 222.6260,  1571.8184, -1089.5625, 222.6260,  64, 64, 64
L 1750.5624, 2172.8174, 222.6260,  1750.5625, -910.8187, 222.6260,  64, 64, 64
L 1571.8207, 2349.5625, 222.6260,  1750.5624, 2172.8174, 222.6260,  64, 64, 64
L -1111.8202, 2349.5625, 222.6260,  1571.8207, 2349.5625, 222.6260,  64, 64, 64
L -1290.5624, 2172.8174, 222.6260,  -1111.8202, 2349.5625, 222.6260,  64, 64, 64
L -1290.5625, -910.8188, 222.6260,  -1290.5624, 2172.8174, 222.6260,  64, 64, 64
L -1111.8185, -1089.5624, 222.6260,  -1290.5625, -910.8188, 222.6260,  64, 64, 64
L 1571.8184, -1089.5625, 222.6260,  -1111.8185, -1089.5624, 222.6260,  64, 64, 64
L 452.8270, -1003.3293, 226.1260,  443.3985, -1003.3293, 226.1260,  255, 0, 255
L 418.4375, -984.1811, 223.6260,  418.4375, -1047.6526, 223.6260,  64, 64, 64
L 425.1811, -977.4374, 223.6260,  418.4375, -984.1811, 223.6260,  64, 64, 64
L 470.8188, -977.4374, 223.6260,  425.1811, -977.4374, 223.6260,  64, 64, 64
L 477.5625, -984.1811, 223.6260,  470.8188, -977.4374, 223.6260,  64, 64, 64
L 477.5625, -1047.6558, 223.6260,  477.5625, -984.1811, 223.6260,  64, 64, 64
L 788.4374, -984.1812, 223.6260,  788.4373, -1047.6552, 223.6260,  64, 64, 64
L 795.1812, -977.4374, 223.6260,  788.4374, -984.1812, 223.6260,  64, 64, 64
L 840.8187, -977.4374, 223.6260,  795.1812, -977.4374, 223.6260,  64, 64, 64
L 847.5625, -984.1811, 223.6260,  840.8187, -977.4374, 223.6260,  64, 64, 64
L 847.5621, -1047.4373, 223.6260,  847.5625, -984.1811, 223.6260,  64, 64, 64
L 1185.4374, -984.1812, 223.6260,  1185.4374, -1047.4373, 223.6260,  64, 64, 64
L 1192.1812, -977.4374, 223.6260,  1185.4374, -984.1812, 223.6260,  64, 64, 64
L 1237.8185, -977.4373, 223.6260,  1192.1812, -977.4374, 223.6260,  64, 64, 64
L 1244.5625, -984.1811, 223.6260,  1237.8185, -977.4373, 223.6260,  64, 64, 64
L 1244.5597, -1047.6536, 223.6260,  1244.5625, -984.1811, 223.6260,  64, 64, 64
L 1645.1797, -580.5625, 223.6260,  1708.4373, -580.5625, 223.6260,  64, 64, 64
L 1638.4374, -573.8187, 223.6260,  1645.1797, -580.5625, 223.6260,  64, 64, 64
L 1638.4374, -528.1812, 223.6260,  1638.4374, -573.8187, 223.6260,  64, 64, 64
L 1645.1808, -521.4374, 223.6260,  1638.4374, -528.1812, 223.6260,  64, 64, 64
L 1708.6486, -521.4373, 223.6260,  1645.1808, -521.4374, 223.6260,  64, 64, 64
L 1645.1812, -195.5625, 223.6260,  1708.6431, -195.5625, 223.6260,  64, 64, 64
L 1638.4375, -188.8188, 223.6260,  1645.1812, -195.5625, 223.6260,  64, 64, 64
L 1638.4375, -143.1811, 223.6260,  1638.4375, -188.8188, 223.6260,  64, 64, 64
L 1645.1808, -136.4375, 223.6260,  1638.4375, -143.1811, 223.6260,  64, 64, 64
L 1708.6521, -136.4375, 223.6260,  1645.1808, -136.4375, 223.6260,  64, 64, 64
L 1645.1812, 169.4375, 223.6260,  1708.6508, 169.4375, 223.6260,  64, 64, 64
L 1638.4373, 176.1813, 223.6260,  1645.1812, 169.4375, 223.6260,  64, 64, 64
L 1638.4373, 221.8186, 223.6260,  1638.4373, 176.1813, 223.6260,  64, 64, 64
L 1645.1808, 228.5625, 223.6260,  1638.4373, 221.8186, 223.6260,  64, 64, 64
L 1708.4374, 228.5625, 223.6260,  1645.1808, 228.5625, 223.6260,  64, 64, 64
L 1645.1812, 611.4374, 223.6260,  1708.4374, 611.4374, 223.6260,  64, 64, 64
L 1638.4374, 618.1812, 223.6260,  1645.1812, 611.4374, 223.6260,  64, 64, 64
L 1638.4374, 663.8185, 223.6260,  1638.4374, 618.1812, 223.6260,  64, 64, 64
L 1645.1812, 670.5625, 223.6260,  1638.4374, 663.8185, 223.6260,  64, 64, 64
L 1708.6537, 670.5625, 223.6260,  1645.1812, 670.5625, 223.6260,  64, 64, 64
L 1645.1812, 975.4374, 223.6260,  1708.6431, 975.4374, 223.6260,  64, 64, 64
L 1638.4374, 982.1812, 223.6260,  1645.1812, 975.4374, 223.6260,  64, 64, 64
L 1638.4374, 1027.8185, 223.6260,  1638.4374, 982.1812, 223.6260,  64, 64, 64
L 1645.1812, 1034.5625, 223.6260,  1638.4374, 1027.8185, 223.6260,  64, 64, 64
L 1708.6431, 1034.5586, 223.6260,  1645.1812, 1034.5625, 223.6260,  64, 64, 64
L 1645.1812, 1497.4374, 223.6260,  1708.6504, 1497.4374, 223.6260,  64, 64, 64
L 1638.4374, 1504.1812, 223.6260,  1645.1812, 1497.4374, 223.6260,  64, 64, 64
L 1638.4374, 1549.8185, 223.6260,  1638.4374, 1504.1812, 223.6260,  64, 64, 64
L 1645.1812, 1556.5625, 223.6260,  1638.4374, 1549.8185, 223.6260,  64, 64, 64
L 1708.6519, 1556.5590, 223.6260,  1645.1812, 1556.5625, 223.6260,  64, 64, 64
L 1645.1812, 2015.4374, 223.6260,  1708.6443, 2015.4374, 223.6260,  64, 64, 64
L 1638.4375, 2022.1812, 223.6260,  1645.1812, 2015.4374, 223.6260,  64, 64, 64
L 1638.4375, 2067.8184, 223.6260,  1638.4375, 2022.1812, 223.6260,  64, 64, 64
L 1645.1812, 2074.5625, 223.6260,  1638.4375, 2067.8184, 223.6260,  64, 64, 64
L 1708.4374, 2074.5618, 223.6260,  1645.1812, 2074.5625, 223.6260,  64, 64, 64
L 1244.5625, 2246.1807, 223.6260,  1244.5625, 2309.6460, 223.6260,  64, 64, 64
L 1237.8185, 2239.4368, 223.6260,  1244.5625, 2246.1807, 223.6260,  64, 64, 64
L 1192.1813, 2239.4373, 223.6260,  1237.8185, 2239.4368, 223.6260,  64, 64, 64
L 1185.4374, 2246.1807, 223.6260,  1192.1813, 2239.4373, 223.6260,  64, 64, 64
L 1185.4386, 2309.6521, 223.6260,  1185.4374, 2246.1807, 223.6260,  64, 64, 64
L 844.5625, 2246.1812, 223.6260,  844.5625, 2309.6431, 223.6260,  64, 64, 64
L 837.8188, 2239.4373, 223.6260,  844.5625, 2246.1812, 223.6260,  64, 64, 64
L 792.1812, 2239.4373, 223.6260,  837.8188, 2239.4373, 223.6260,  64, 64, 64
L 785.4374, 2246.1812, 223.6260,  792.1812, 2239.4373, 223.6260,  64, 64, 64
L 785.4397, 2309.6431, 223.6260,  785.4374, 2246.1812, 223.6260,  64, 64, 64
L 479.5625, 2246.1780, 223.6260,  479.5625, 2309.4368, 223.6260,  64, 64, 64
L 472.8184, 2239.4373, 223.6260,  479.5625, 2246.1780, 223.6260,  64, 64, 64
L 427.1815, 2239.4373, 223.6260,  472.8184, 2239.4373, 223.6260,  64, 64, 64
L 420.4375, 2246.1807, 223.6260,  427.1815, 2239.4373, 223.6260,  64, 64, 64
L 420.4375, 2309.4368, 223.6260,  420.4375, 2246.1807, 223.6260,  64, 64, 64
L 41.5625, 2246.1763, 222.6260,  41.5625, 2309.4368, 223.6260,  64, 64, 64
L 34.8188, 2239.4373, 222.6260,  41.5625, 2246.1763, 222.6260,  64, 64, 64
L -10.8188, 2239.4373, 222.6260,  34.8188, 2239.4373, 222.6260,  64, 64, 64
L -17.5622, 2246.1807, 223.3190,  -10.8188, 2239.4373, 222.6260,  64, 64, 64
L -17.5615, 2309.4368, 223.6260,  -17.5622, 2246.1807, 223.3190,  64, 64, 64
L -321.4375, 2246.1812, 223.6260,  -321.4375, 2309.6443, 223.6260,  64, 64, 64
L -328.1815, 2239.4373, 223.6260,  -321.4375, 2246.1812, 223.6260,  64, 64, 64
L -373.8184, 2239.4368, 223.6260,  -328.1815, 2239.4373, 223.6260,  64, 64, 64
L -380.5625, 2246.1812, 223.6260,  -373.8184, 2239.4368, 223.6260,  64, 64, 64
L -380.5625, 2309.6497, 223.6260,  -380.5625, 2246.1812, 223.6260,  64, 64, 64
L -725.4374, 2246.1807, 223.6260,  -725.4373, 2309.6487, 223.6260,  64, 64, 64
L -732.1812, 2239.4373, 223.6260,  -725.4374, 2246.1807, 223.6260,  64, 64, 64
L -777.8187, 2239.4373, 223.6260,  -732.1812, 2239.4373, 223.6260,  64, 64, 64
L -784.5625, 2246.1763, 223.6260,  -777.8187, 2239.4373, 223.6260,  64, 64, 64
L -784.5625, 2309.4368, 223.6260,  -784.5625, 2246.1763, 223.6260,  64, 64, 64
L -1187.1812, 2072.5625, 223.6260,  -1248.4374, 2072.5625, 223.6260,  64, 64, 64
L -1180.4374, 2065.8184, 223.6260,  -1187.1812, 2072.5625, 223.6260,  64, 64, 64
L -1180.4374, 2020.1812, 223.6260,  -1180.4374, 2065.8184, 223.6260,  64, 64, 64
L -1187.1808, 2013.4374, 223.6260,  -1180.4374, 2020.1812, 223.6260,  64, 64, 64
L -1248.6437, 2013.4374, 223.6260,  -1187.1808, 2013.4374, 223.6260,  64, 64, 64
L -1186.1792, 1551.5625, 223.6260,  -1248.4374, 1551.5641, 223.6202,  64, 64, 64
L -1179.4374, 1544.8185, 223.6260,  -1186.1792, 1551.5625, 223.6260,  64, 64, 64
L -1179.4374, 1544.8185, 223.6260,  -1179.4374, 1499.1812, 223.6260,  64, 64, 64
L -1186.1812, 1492.4374, 223.6260,  -1179.4374, 1499.1812, 223.6260,  64, 64, 64
L -1248.4374, 1492.4373, 223.6260,  -1186.1812, 1492.4374, 223.6260,  64, 64, 64
L -1185.1812, 1036.5625, 223.6260,  -1248.4374, 1036.5625, 223.6260,  64, 64, 64
L -1178.4375, 1029.8185, 223.6260,  -1185.1812, 1036.5625, 223.6260,  64, 64, 64
L -1178.4374, 984.1811, 223.6260,  -1178.4375, 1029.8185, 223.6260,  64, 64, 64
L -1185.1812, 977.4374, 223.6260,  -1178.4374, 984.1811, 223.6260,  64, 64, 64
L -1248.6521, 977.4374, 223.6260,  -1185.1812, 977.4374, 223.6260,  64, 64, 64
L -1185.1801, 670.5625, 223.6260,  -1248.6497, 670.5625, 223.6260,  64, 64, 64
L -1178.4373, 663.8184, 223.6260,  -1185.1801, 670.5625, 223.6260,  64, 64, 64
L -1178.4374, 618.1812, 223.6260,  -1178.4373, 663.8184, 223.6260,  64, 64, 64
L -1185.1808, 611.4374, 223.6260,  -1178.4374, 618.1812, 223.6260,  64, 64, 64
L -1248.6509, 611.4373, 223.6260,  -1185.1808, 611.4374, 223.6260,  64, 64, 64
L -1185.1801, 229.5625, 223.6260,  -1248.6537, 229.5625, 223.6260,  64, 64, 64
L -1178.4374, 222.8186, 223.6260,  -1185.1801, 229.5625, 223.6260,  64, 64, 64
L -1178.4374, 177.1812, 223.6260,  -1178.4374, 222.8186, 223.6260,  64, 64, 64
L -1185.1812, 170.4375, 223.6260,  -1178.4374, 177.1812, 223.6260,  64, 64, 64
L -1248.6509, 170.4375, 223.6260,  -1185.1812, 170.4375, 223.6260,  64, 64, 64
L -1185.1812, -135.4375, 223.6260,  -1248.6449, -135.4375, 223.6260,  64, 64, 64
L -1178.4374, -142.1812, 223.6260,  -1185.1812, -135.4375, 223.6260,  64, 64, 64
L -1178.4374, -187.8187, 223.6260,  -1178.4374, -142.1812, 223.6260,  64, 64, 64
L -1185.1808, -194.5625, 223.6260,  -1178.4374, -187.8187, 223.6260,  64, 64, 64
L -1185.1812, -521.4374, 223.6260,  -1248.6569, -521.4374, 223.6260,  64, 64, 64
L -1178.4374, -528.1812, 223.6260,  -1185.1812, -521.4374, 223.6260,  64, 64, 64
L -1178.4374, -573.8185, 223.6260,  -1178.4374, -528.1812, 223.6260,  64, 64, 64
L -1185.1808, -580.5625, 223.6260,  -1178.4374, -573.8185, 223.6260,  64, 64, 64
L -1248.6521, -580.5625, 223.6260,  -1185.1808, -580.5625, 223.6260,  64, 64, 64
L -784.5625, -984.1805, 223.6260,  -784.5625, -1047.6509, 223.6260,  64, 64, 64
L -777.8187, -977.4374, 223.6260,  -784.5625, -984.1805, 223.6260,  64, 64, 64
L -732.1812, -977.4374, 223.6260,  -777.8187, -977.4374, 223.6260,  64, 64, 64
L -725.4374, -984.1812, 223.6260,  -732.1812, -977.4374, 223.6260,  64, 64, 64
L -725.4373, -1047.6569, 223.6260,  -725.4374, -984.1812, 223.6260,  64, 64, 64
L -382.5625, -984.1811, 223.6260,  -382.5622, -1047.6447, 223.6260,  64, 64, 64
L -375.8186, -977.4373, 223.6260,  -382.5625, -984.1811, 223.6260,  64, 64, 64
L -330.1811, -977.4374, 223.6260,  -375.8186, -977.4373, 223.6260,  64, 64, 64
L -323.4375, -984.1811, 223.6260,  -330.1811, -977.4374, 223.6260,  64, 64, 64
L -323.4375, -1047.4374, 223.6260,  -323.4375, -984.1811, 223.6260,  64, 64, 64
L -16.5625, -984.1805, 223.6260,  -16.5625, -1047.4374, 223.6260,  64, 64, 64
L -9.8186, -977.4374, 223.6260,  -16.5625, -984.1805, 223.6260,  64, 64, 64
L 35.8188, -977.4374, 223.6260,  -9.8186, -977.4374, 223.6260,  64, 64, 64
L 42.5625, -984.1811, 223.6260,  35.8188, -977.4374, 223.6260,  64, 64, 64
L 42.5625, -1047.6509, 223.6260,  42.5625, -984.1811, 223.6260,  64, 64, 64
L -16.5625, -1047.4374, 222.6260,  -42.4290, -1047.4374, 222.6260,  64, 64, 64
L 1185.4374, -1047.4373, 222.6260,  847.5621, -1047.4373, 222.6260,  64, 64, 64
L 1708.6521, -910.9659, 222.6260,  1571.9872, -1047.6309, 222.6260,  64, 64, 64
L 1708.4374, 611.4374, 222.6260,  1708.4374, 228.5625, 222.6260,  64, 64, 64
L 1708.4373, 2173.1807, 222.6260,  1708.4374, 2074.5618, 222.6260,  64, 64, 64
L 1571.9668, 2309.6509, 222.6260,  1708.4373, 2173.1807, 222.6260,  64, 64, 64
L 41.5625, 2309.4368, 222.6260,  420.4375, 2309.4368, 222.6260,  64, 64, 64
L -1248.6509, 2172.9668, 222.6260,  -1112.1812, 2309.4368, 222.6260,  64, 64, 64
L -1248.4374, 1036.5625, 222.6260,  -1248.4374, 1492.4373, 222.6260,  64, 64, 64
L -1111.9673, -1047.6504, 222.6260,  -1248.6426, -910.9755, 222.6260,  64, 64, 64
L -18.9456, -1047.4374, 222.6260,  -323.4375, -1047.4374, 222.6260,  64, 64, 64
L 325.1675, -1026.1758, 66.3760,  335.4666, -1026.1917, 66.3760,  255, 0, 255
L 128.6430, -1026.1100, 66.3760,  138.7906, -1026.1167, 66.3760,  255, 0, 255
L -920.5752, 1517.4408, 57.6259,  -925.5593, 1515.3760, 57.6259,  64, 64, 64
L -918.5027, 1522.4424, 57.6259,  -920.5752, 1517.4408, 57.6259,  64, 64, 64
L -920.5752, 1527.4446, 57.6259,  -918.5027, 1522.4424, 57.6259,  64, 64, 64
L -925.5771, 1529.5170, 57.6259,  -920.5752, 1527.4446, 57.6259,  64, 64, 64
L -930.5789, 1527.4446, 57.6259,  -925.5771, 1529.5170, 57.6259,  64, 64, 64
L -924.8361, 1623.2699, 57.6259,  -919.8350, 1620.9297, 57.6259,  64, 64, 64
L -929.8386, 1620.9302, 57.6259,  -924.8361, 1623.2699, 57.6259,  64, 64, 64
L -931.9115, 1615.9280, 57.6259,  -929.8386, 1620.9302, 57.6259,  64, 64, 64
L -929.8386, 1610.9258, 57.6259,  -931.9115, 1615.9280, 57.6259,  64, 64, 64
L -924.8365, 1608.8539, 57.6259,  -929.8386, 1610.9258, 57.6259,  64, 64, 64
L -919.8350, 1610.9263, 57.6259,  -924.8365, 1608.8539, 57.6259,  64, 64, 64
L -917.7626, 1615.9280, 57.6259,  -919.8350, 1610.9263, 57.6259,  64, 64, 64
L -919.8350, 1620.9297, 57.6259,  -917.7626, 1615.9280, 57.6259,  64, 64, 64
L -1009.6250, 1627.4374, 56.6259,  -915.5588, 1627.4373, 56.6259,  64, 64, 64
L -1116.4373, 1627.4374, 56.6259,  -1022.3663, 1627.4373, 56.6259,  64, 64, 64
L -1116.4375, 1420.5619, 56.6259,  -1116.4373, 1627.4374, 56.6259,  64, 64, 64
L -1022.3749, 1420.5623, 56.6259,  -1116.4375, 1420.5619, 56.6259,  64, 64, 64
L -915.5625, 1420.5625, 56.6259,  -1009.6250, 1420.5625, 56.6259,  64, 64, 64
L -915.5588, 1627.4373, 56.6259,  -915.5625, 1420.5625, 56.6259,  64, 64, 64
L -881.5624, 1526.4373, 56.6259,  -881.5624, 1517.5624, 56.6259,  64, 64, 64
L -890.4374, 1526.4375, 56.6259,  -881.5624, 1526.4373, 56.6259,  64, 64, 64
L -890.4375, 1517.5624, 56.6259,  -890.4374, 1526.4375, 56.6259,  64, 64, 64
L -881.5624, 1517.5624, 56.6259,  -890.4375, 1517.5624, 56.6259,  64, 64, 64
L -935.5625, 1326.5625, 56.6259,  -944.4374, 1326.5625, 56.6259,  64, 64, 64
L -935.5625, 1335.4373, 56.6259,  -935.5625, 1326.5625, 56.6259,  64, 64, 64
L -944.4374, 1335.4375, 56.6259,  -935.5625, 1335.4373, 56.6259,  64, 64, 64
L -944.4374, 1326.5625, 56.6259,  -944.4374, 1335.4375, 56.6259,  64, 64, 64
L -1087.5625, 1326.5625, 56.6259,  -1096.4375, 1326.5625, 56.6259,  64, 64, 64
L -1087.5623, 1335.4374, 56.6259,  -1087.5625, 1326.5625, 56.6259,  64, 64, 64
L -1096.4373, 1335.4373, 56.6259,  -1087.5623, 1335.4374, 56.6259,  64, 64, 64
L -1096.4375, 1326.5625, 56.6259,  -1096.4373, 1335.4373, 56.6259,  64, 64, 64
L -1160.4374, 1395.5625, 56.6259,  -1160.4373, 1404.4374, 56.6259,  64, 64, 64
L -1151.5623, 1395.5608, 56.6259,  -1160.4374, 1395.5625, 56.6259,  64, 64, 64
L -1151.5625, 1404.4374, 56.6259,  -1151.5623, 1395.5608, 56.6259,  64, 64, 64
L -1160.4373, 1404.4374, 56.6259,  -1151.5625, 1404.4374, 56.6259,  64, 64, 64
L -1160.4374, 1647.5623, 56.6259,  -1151.5619, 1647.5625, 56.6259,  64, 64, 64
L -1160.4374, 1656.4374, 56.6259,  -1160.4374, 1647.5623, 56.6259,  64, 64, 64
L -1151.5619, 1647.5625, 56.6259,  -1151.5625, 1656.4374, 56.6259,  64, 64, 64
L -1160.4374, 1656.4374, 56.6259,  -1151.5625, 1656.4374, 56.6259,  64, 64, 64
L -1096.4373, 1718.4374, 56.6259,  -1087.5625, 1718.4373, 56.6259,  64, 64, 64
L -1096.4375, 1709.5625, 56.6259,  -1096.4373, 1718.4374, 56.6259,  64, 64, 64
L -1087.5625, 1709.5625, 56.6259,  -1096.4375, 1709.5625, 56.6259,  64, 64, 64
L -1087.5625, 1718.4373, 56.6259,  -1087.5625, 1709.5625, 56.6259,  64, 64, 64
L -944.4375, 1718.4374, 56.6259,  -935.5625, 1718.4373, 56.6259,  64, 64, 64
L -944.4374, 1709.5625, 56.6259,  -944.4375, 1718.4374, 56.6259,  64, 64, 64
L -935.5624, 1709.5625, 56.6259,  -944.4374, 1709.5625, 56.6259,  64, 64, 64
L -935.5625, 1718.4373, 56.6259,  -935.5624, 1709.5625, 56.6259,  64, 64, 64
L -776.5620, 1377.5625, 56.6259,  -776.5625, 1667.4373, 56.6259,  64, 64, 64
L -822.5330, 1377.5623, 56.6259,  -776.5620, 1377.5625, 56.6259,  64, 64, 64
L -826.1693, 1378.5912, 56.6259,  -822.5330, 1377.5623, 56.6259,  64, 64, 64
L -831.3187, 1381.6808, 56.6259,  -826.1693, 1378.5912, 56.6259,  64, 64, 64
L -834.4084, 1386.8306, 56.6259,  -831.3187, 1381.6808, 56.6259,  64, 64, 64
L -835.4510, 1391.2997, 56.6259,  -834.4084, 1386.8306, 56.6259,  64, 64, 64
L -834.3932, 1395.1946, 56.6259,  -835.4510, 1391.2997, 56.6259,  64, 64, 64
L -831.3187, 1400.3185, 56.6259,  -834.3932, 1395.1946, 56.6259,  64, 64, 64
L -826.1693, 1403.4081, 56.6259,  -831.3187, 1400.3185, 56.6259,  64, 64, 64
L -822.5430, 1404.4374, 56.6259,  -826.1693, 1403.4081, 56.6259,  64, 64, 64
L -802.4374, 1404.4374, 56.6259,  -822.5430, 1404.4374, 56.6259,  64, 64, 64
L -802.4374, 1420.5625, 56.6259,  -802.4374, 1404.4374, 56.6259,  64, 64, 64
L -802.4366, 1461.5625, 58.6259,  -850.4374, 1461.5625, 58.6259,  64, 64, 64
L -802.4374, 1420.5625, 56.6259,  -802.4366, 1461.5625, 58.6259,  64, 64, 64
L -850.4375, 1420.5623, 56.6259,  -802.4374, 1420.5625, 56.6259,  64, 64, 64
L -850.4374, 1485.5625, 56.6259,  -850.4375, 1420.5623, 56.6259,  64, 64, 64
L -890.4375, 1485.5619, 56.6259,  -850.4374, 1485.5625, 56.6259,  64, 64, 64
L -890.4374, 1492.4374, 56.6259,  -890.4375, 1485.5619, 56.6259,  64, 64, 64
L -866.4374, 1492.4374, 56.6259,  -890.4374, 1492.4374, 56.6259,  64, 64, 64
L -866.4366, 1515.5625, 56.6259,  -866.4374, 1492.4374, 56.6259,  64, 64, 64
L -867.4266, 1515.5625, 56.6259,  -866.4366, 1515.5625, 56.6259,  64, 64, 64
L -867.4407, 1517.4374, 56.6259,  -867.4266, 1515.5625, 56.6259,  64, 64, 64
L -861.5625, 1517.4373, 56.6259,  -867.4407, 1517.4374, 56.6259,  64, 64, 64
L -861.5625, 1490.4363, 56.6259,  -861.5625, 1517.4373, 56.6259,  64, 64, 64
L -833.5625, 1490.4374, 56.6259,  -861.5625, 1490.4363, 56.6259,  64, 64, 64
L -833.5625, 1485.5625, 56.6259,  -833.5625, 1490.4374, 56.6259,  64, 64, 64
L -845.5624, 1485.5625, 56.6259,  -833.5625, 1485.5625, 56.6259,  64, 64, 64
L -845.5625, 1466.4363, 56.6259,  -845.5624, 1485.5625, 56.6259,  64, 64, 64
L -806.4376, 1466.4380, 56.6259,  -845.5625, 1466.4363, 56.6259,  64, 64, 64
L -806.4370, 1485.5625, 56.6259,  -806.4376, 1466.4380, 56.6259,  64, 64, 64
L -826.4374, 1485.5625, 56.6259,  -806.4370, 1485.5625, 56.6259,  64, 64, 64
L -826.4374, 1490.4374, 56.6259,  -826.4374, 1485.5625, 56.6259,  64, 64, 64
L -806.4387, 1490.4373, 56.6259,  -826.4374, 1490.4374, 56.6259,  64, 64, 64
L -806.4365, 1553.5625, 56.6259,  -806.4387, 1490.4373, 56.6259,  64, 64, 64
L -826.4374, 1553.5623, 56.6259,  -806.4365, 1553.5625, 56.6259,  64, 64, 64
L -826.4374, 1558.4369, 56.6259,  -826.4374, 1553.5623, 56.6259,  64, 64, 64
L -806.4374, 1558.4373, 56.6259,  -826.4374, 1558.4369, 56.6259,  64, 64, 64
L -806.4374, 1577.5625, 56.6259,  -806.4374, 1558.4373, 56.6259,  64, 64, 64
L -845.5624, 1577.5625, 56.6259,  -806.4374, 1577.5625, 56.6259,  64, 64, 64
L -845.5625, 1558.4374, 56.6259,  -845.5624, 1577.5625, 56.6259,  64, 64, 64
L -833.5625, 1558.4373, 56.6259,  -845.5625, 1558.4374, 56.6259,  64, 64, 64
L -833.5625, 1553.5625, 56.6259,  -833.5625, 1558.4373, 56.6259,  64, 64, 64
L -861.5624, 1553.5625, 56.6259,  -833.5625, 1553.5625, 56.6259,  64, 64, 64
L -861.5625, 1526.5625, 56.6259,  -861.5624, 1553.5625, 56.6259,  64, 64, 64
L -867.4369, 1526.5625, 56.6259,  -861.5625, 1526.5625, 56.6259,  64, 64, 64
L -867.4375, 1528.4076, 56.6259,  -867.4369, 1526.5625, 56.6259,  64, 64, 64
L -866.4374, 1528.4374, 56.6259,  -867.4375, 1528.4076, 56.6259,  64, 64, 64
L -866.4374, 1551.5624, 56.6259,  -866.4374, 1528.4374, 56.6259,  64, 64, 64
L -890.4363, 1551.5624, 56.6259,  -866.4374, 1551.5624, 56.6259,  64, 64, 64
L -890.4375, 1558.4374, 56.6259,  -890.4363, 1551.5624, 56.6259,  64, 64, 64
L -850.4374, 1558.4374, 56.6259,  -890.4375, 1558.4374, 56.6259,  64, 64, 64
L -802.4375, 1582.4374, 58.6259,  -802.4374, 1627.4369, 58.6259,  64, 64, 64
L -850.4374, 1582.4374, 58.6259,  -802.4375, 1582.4374, 58.6259,  64, 64, 64
L -850.4374, 1558.4374, 56.6259,  -850.7663, 1558.6570, 56.6259,  64, 64, 64
L -850.4374, 1627.4374, 56.6259,  -850.4374, 1558.4374, 56.6259,  64, 64, 64
L -802.4374, 1627.4369, 56.6259,  -850.4374, 1627.4374, 56.6259,  64, 64, 64
L -802.4374, 1640.5624, 56.6259,  -802.4374, 1627.4373, 56.6259,  64, 64, 64
L -822.5210, 1640.5613, 56.6259,  -802.4374, 1640.5624, 56.6259,  64, 64, 64
L -826.1693, 1641.5912, 56.6259,  -822.5210, 1640.5613, 56.6259,  64, 64, 64
L -831.3116, 1644.6768, 56.6259,  -826.1693, 1641.5912, 56.6259,  64, 64, 64
L -834.4073, 1649.8257, 56.6259,  -831.3116, 1644.6768, 56.6259,  64, 64, 64
L -835.4510, 1653.9988, 56.6259,  -834.4073, 1649.8257, 56.6259,  64, 64, 64
L -834.4089, 1658.1685, 56.6259,  -835.4510, 1653.9988, 56.6259,  64, 64, 64
L -831.3188, 1663.3185, 56.6259,  -834.4089, 1658.1685, 56.6259,  64, 64, 64
L -826.1693, 1666.4081, 56.6259,  -831.3188, 1663.3185, 56.6259,  64, 64, 64
L -822.5510, 1667.4373, 56.6259,  -826.1693, 1666.4081, 56.6259,  64, 64, 64
L -776.5625, 1667.4373, 56.6259,  -822.5510, 1667.4373, 56.6259,  64, 64, 64
L -822.5380, 1710.5623, 56.6259,  -776.6250, 1710.5625, 56.6259,  64, 64, 64
L -826.1688, 1711.5911, 56.6259,  -822.5380, 1710.5623, 56.6259,  64, 64, 64
L -831.3188, 1714.6808, 56.6259,  -826.1688, 1711.5911, 56.6259,  64, 64, 64
L -834.4084, 1719.8306, 56.6259,  -831.3188, 1714.6808, 56.6259,  64, 64, 64
L -835.4509, 1723.9999, 56.6259,  -834.4084, 1719.8306, 56.6259,  64, 64, 64
L -834.4084, 1728.1691, 56.6259,  -835.4509, 1723.9999, 56.6259,  64, 64, 64
L -831.3187, 1733.3185, 56.6259,  -834.4084, 1728.1691, 56.6259,  64, 64, 64
L -826.1689, 1736.4081, 56.6259,  -831.3187, 1733.3185, 56.6259,  64, 64, 64
L -822.5430, 1737.4373, 56.6259,  -826.1689, 1736.4081, 56.6259,  64, 64, 64
L -802.4374, 1737.4374, 56.6259,  -822.5430, 1737.4373, 56.6259,  64, 64, 64
L -802.4374, 1749.5625, 56.6259,  -802.4374, 1737.4374, 56.6259,  64, 64, 64
L -903.5624, 1749.5625, 56.6259,  -802.4374, 1749.5625, 56.6259,  64, 64, 64
L -903.5625, 1709.5625, 56.6259,  -903.5624, 1749.5625, 56.6259,  64, 64, 64
L -910.4374, 1709.5625, 56.6259,  -903.5625, 1709.5625, 56.6259,  64, 64, 64
L -910.4366, 1733.5625, 56.6259,  -910.4374, 1709.5625, 56.6259,  64, 64, 64
L -933.5624, 1733.5625, 56.6259,  -910.4374, 1733.5625, 56.6259,  64, 64, 64
L -933.5625, 1732.5625, 56.6259,  -933.5624, 1733.5625, 56.6259,  64, 64, 64
L -935.4374, 1732.5625, 56.6259,  -933.5625, 1732.5625, 56.6259,  64, 64, 64
L -935.4374, 1738.4373, 56.6259,  -935.4374, 1732.5625, 56.6259,  64, 64, 64
L -908.4374, 1738.4375, 56.6259,  -935.4374, 1738.4373, 56.6259,  64, 64, 64
L -908.4374, 1766.4373, 56.6259,  -908.4374, 1738.4375, 56.6259,  64, 64, 64
L -903.5625, 1766.4374, 56.6259,  -908.4374, 1766.4373, 56.6259,  64, 64, 64
L -903.5625, 1754.4352, 56.6259,  -903.5625, 1766.4374, 56.6259,  64, 64, 64
L -884.4374, 1754.4374, 56.6259,  -903.5625, 1754.4352, 56.6259,  64, 64, 64
L -884.4374, 1793.5625, 56.6259,  -884.4374, 1754.4374, 56.6259,  64, 64, 64
L -903.5625, 1793.5624, 56.6259,  -884.4374, 1793.5625, 56.6259,  64, 64, 64
L -903.5625, 1773.5625, 56.6259,  -903.5625, 1793.5624, 56.6259,  64, 64, 64
L -908.4374, 1773.5625, 56.6259,  -903.5625, 1773.5625, 56.6259,  64, 64, 64
L -908.4374, 1793.5625, 56.6259,  -908.4374, 1773.5625, 56.6259,  64, 64, 64
L -971.5624, 1793.5625, 56.6259,  -908.4374, 1793.5625, 56.6259,  64, 64, 64
L -971.5625, 1773.5625, 56.6259,  -971.5624, 1793.5625, 56.6259,  64, 64, 64
L -976.4374, 1773.5623, 56.6259,  -971.5625, 1773.5625, 56.6259,  64, 64, 64
L -976.4374, 1793.5625, 56.6259,  -976.4374, 1773.5623, 56.6259,  64, 64, 64
L -995.2353, 1793.5624, 56.6259,  -976.4374, 1793.5625, 56.6259,  64, 64, 64
L -995.5625, 1754.4363, 56.6259,  -995.2353, 1793.5624, 56.6259,  64, 64, 64
L -976.4374, 1754.4374, 56.6259,  -995.5625, 1754.4363, 56.6259,  64, 64, 64
L -976.4375, 1766.4374, 56.6259,  -976.4374, 1754.4374, 56.6259,  64, 64, 64
L -971.5625, 1766.4373, 56.6259,  -976.4375, 1766.4374, 56.6259,  64, 64, 64
L -971.5625, 1738.4374, 56.6259,  -971.5625, 1766.4373, 56.6259,  64, 64, 64
L -944.5625, 1738.4373, 56.6259,  -971.5625, 1738.4374, 56.6259,  64, 64, 64
L -944.5625, 1732.6155, 56.6259,  -944.5625, 1738.4373, 56.6259,  64, 64, 64
L -946.4344, 1732.5342, 56.6259,  -944.5625, 1732.6155, 56.6259,  64, 64, 64
L -946.4370, 1733.5625, 56.6259,  -946.4344, 1732.5342, 56.6259,  64, 64, 64
L -969.5624, 1733.5625, 56.6259,  -946.4370, 1733.5625, 56.6259,  64, 64, 64
L -969.5625, 1709.5625, 56.6259,  -969.5624, 1733.5625, 56.6259,  64, 64, 64
L -976.4374, 1709.5625, 56.6259,  -969.5625, 1709.5625, 56.6259,  64, 64, 64
L -976.4374, 1749.5625, 56.6259,  -976.4374, 1709.5625, 56.6259,  64, 64, 64
L -1000.4374, 1797.5625, 58.6259,  -1000.4374, 1749.5624, 58.6259,  64, 64, 64
L -1031.5625, 1797.5624, 58.6259,  -1000.4374, 1797.5625, 58.6259,  64, 64, 64
L -1031.5619, 1749.5624, 58.6259,  -1031.5625, 1797.5624, 58.6259,  64, 64, 64
L -1055.5625, 1749.5624, 56.6259,  -976.4374, 1749.5625, 56.6259,  64, 64, 64
L -1055.5625, 1709.5625, 56.6259,  -1055.5625, 1749.5624, 56.6259,  64, 64, 64
L -1062.4375, 1709.5625, 56.6259,  -1055.5625, 1709.5625, 56.6259,  64, 64, 64
L -1062.4375, 1733.5625, 56.6259,  -1062.4375, 1709.5625, 56.6259,  64, 64, 64
L -1085.5624, 1733.5625, 56.6259,  -1062.4375, 1733.5625, 56.6259,  64, 64, 64
L -1085.5822, 1732.5625, 56.6259,  -1085.5624, 1733.5625, 56.6259,  64, 64, 64
L -1087.4374, 1732.5625, 56.6259,  -1085.5822, 1732.5625, 56.6259,  64, 64, 64
L -1087.4374, 1732.5625, 56.6259,  -1087.4374, 1738.4373, 56.6259,  64, 64, 64
L -1060.4374, 1738.4374, 56.6259,  -1087.4374, 1738.4373, 56.6259,  64, 64, 64
L -1060.4373, 1766.4374, 56.6259,  -1060.4374, 1738.4374, 56.6259,  64, 64, 64
L -1055.5625, 1766.4374, 56.6259,  -1060.4373, 1766.4374, 56.6259,  64, 64, 64
L -1055.5625, 1754.4352, 56.6259,  -1055.5625, 1766.4374, 56.6259,  64, 64, 64
L -1036.4374, 1754.4374, 56.6259,  -1055.5625, 1754.4352, 56.6259,  64, 64, 64
L -1036.4374, 1793.5625, 56.6259,  -1036.4374, 1754.4374, 56.6259,  64, 64, 64
L -1055.5625, 1793.5624, 56.6259,  -1036.4374, 1793.5625, 56.6259,  64, 64, 64
L -1055.5625, 1773.5625, 56.6259,  -1055.5625, 1793.5624, 56.6259,  64, 64, 64
L -1060.4374, 1773.5625, 56.6259,  -1055.5625, 1773.5625, 56.6259,  64, 64, 64
L -1060.4352, 1793.5625, 56.6259,  -1060.4374, 1773.5625, 56.6259,  64, 64, 64
L -1123.5624, 1793.5624, 56.6259,  -1060.4352, 1793.5625, 56.6259,  64, 64, 64
L -1123.5624, 1773.5625, 56.6259,  -1123.5624, 1793.5624, 56.6259,  64, 64, 64
L -1128.4374, 1773.5625, 56.6259,  -1123.5624, 1773.5625, 56.6259,  64, 64, 64
L -1128.4374, 1793.5625, 56.6259,  -1128.4374, 1773.5625, 56.6259,  64, 64, 64
L -1147.5625, 1793.5623, 56.6259,  -1128.4374, 1793.5625, 56.6259,  64, 64, 64
L -1147.5625, 1754.4374, 56.6259,  -1147.5625, 1793.5623, 56.6259,  64, 64, 64
L -1128.4374, 1754.4374, 56.6259,  -1147.5625, 1754.4374, 56.6259,  64, 64, 64
L -1128.4373, 1766.4374, 56.6259,  -1128.4374, 1754.4374, 56.6259,  64, 64, 64
L -1123.5651, 1766.4373, 56.6259,  -1128.4373, 1766.4374, 56.6259,  64, 64, 64
L -1123.5624, 1738.4374, 56.6259,  -1123.5651, 1766.4373, 56.6259,  64, 64, 64
L -1096.5625, 1738.4373, 56.6259,  -1123.5624, 1738.4374, 56.6259,  64, 64, 64
L -1096.5625, 1732.5646, 56.6259,  -1096.5625, 1738.4373, 56.6259,  64, 64, 64
L -1096.5625, 1732.5646, 56.6259,  -1098.4373, 1732.5813, 56.6259,  64, 64, 64
L -1098.4374, 1733.5625, 56.6259,  -1098.4373, 1732.5813, 56.6259,  64, 64, 64
L -1121.5624, 1733.5625, 56.6259,  -1098.4374, 1733.5625, 56.6259,  64, 64, 64
L -1121.5625, 1710.4341, 56.6259,  -1121.5624, 1733.5625, 56.6259,  64, 64, 64
L -1127.4640, 1709.5625, 56.6259,  -1121.8910, 1709.5757, 56.6259,  64, 64, 64
L -1128.4374, 1749.5625, 56.6259,  -1128.4374, 1710.3512, 56.6259,  64, 64, 64
L -1151.8251, 1749.5625, 56.6259,  -1191.5623, 1711.8123, 56.6259,  64, 64, 64
L -1152.4374, 1749.5625, 56.6259,  -1128.4358, 1749.5625, 56.6259,  64, 64, 64
L -1152.4358, 1797.5625, 58.6259,  -1152.4374, 1749.5625, 58.6259,  64, 64, 64
L -1237.5625, 1797.5624, 58.6259,  -1152.4358, 1797.5625, 58.6259,  64, 64, 64
L -1237.5625, 1712.4374, 58.6259,  -1237.5625, 1797.5624, 58.6259,  64, 64, 64
L -1191.5624, 1712.4373, 58.6259,  -1237.5625, 1712.4374, 58.6259,  64, 64, 64
L -1191.5624, 1688.4374, 56.6259,  -1191.5624, 1712.4373, 56.6259,  64, 64, 64
L -1151.5625, 1688.4373, 56.6259,  -1191.5624, 1688.4374, 56.6259,  64, 64, 64
L -1151.5618, 1681.5623, 56.6259,  -1151.5625, 1688.4373, 56.6259,  64, 64, 64
L -1175.5624, 1681.5625, 56.6259,  -1151.5618, 1681.5623, 56.6259,  64, 64, 64
L -1175.5625, 1658.4374, 56.6259,  -1175.5624, 1681.5625, 56.6259,  64, 64, 64
L -1174.5634, 1658.4374, 56.6259,  -1175.5625, 1658.4374, 56.6259,  64, 64, 64
L -1174.5602, 1656.5625, 56.6259,  -1174.5634, 1658.4374, 56.6259,  64, 64, 64
L -1180.4373, 1656.5625, 56.6259,  -1174.5602, 1656.5625, 56.6259,  64, 64, 64
L -1180.4374, 1683.5625, 56.6259,  -1180.4373, 1656.5625, 56.6259,  64, 64, 64
L -1208.4374, 1683.5625, 56.6259,  -1180.4374, 1683.5625, 56.6259,  64, 64, 64
L -1208.4373, 1688.4374, 56.6259,  -1208.4374, 1683.5625, 56.6259,  64, 64, 64
L -1196.4374, 1688.4374, 56.6259,  -1208.4373, 1688.4374, 56.6259,  64, 64, 64
L -1196.4352, 1707.5625, 56.6259,  -1196.4374, 1688.4374, 56.6259,  64, 64, 64
L -1235.5623, 1707.5624, 56.6259,  -1196.4352, 1707.5625, 56.6259,  64, 64, 64
L -1235.5625, 1688.4374, 56.6259,  -1235.5623, 1707.5624, 56.6259,  64, 64, 64
L -1215.5624, 1688.4374, 56.6259,  -1235.5625, 1688.4374, 56.6259,  64, 64, 64
L -1215.5619, 1683.5625, 56.6259,  -1215.5624, 1688.4374, 56.6259,  64, 64, 64
L -1235.5625, 1683.5624, 56.6259,  -1215.5619, 1683.5625, 56.6259,  64, 64, 64
L -1235.5625, 1620.4374, 56.6259,  -1235.5625, 1683.5624, 56.6259,  64, 64, 64
L -1215.5625, 1620.4373, 56.6259,  -1235.5625, 1620.4374, 56.6259,  64, 64, 64
L -1215.5625, 1615.5625, 56.6259,  -1215.5625, 1620.4373, 56.6259,  64, 64, 64
L -1235.5624, 1596.4374, 56.6259,  -1196.4374, 1596.4374, 56.6259,  64, 64, 64
L -1235.5625, 1615.5624, 56.6259,  -1215.5625, 1615.5625, 56.6259,  64, 64, 64
L -1235.5624, 1596.4374, 56.6259,  -1235.5625, 1615.5624, 56.6259,  64, 64, 64
L -1196.4374, 1615.5625, 56.6259,  -1196.4374, 1596.4374, 56.6259,  64, 64, 64
L -1208.4374, 1615.5625, 56.6259,  -1196.4374, 1615.5625, 56.6259,  64, 64, 64
L -1208.4374, 1620.4264, 56.6259,  -1208.4374, 1615.5625, 56.6259,  64, 64, 64
L -1180.4374, 1620.4374, 56.6259,  -1208.4374, 1620.4264, 56.6259,  64, 64, 64
L -1180.4374, 1647.4375, 56.6259,  -1180.4374, 1620.4374, 56.6259,  64, 64, 64
L -1174.5625, 1647.4374, 56.6259,  -1180.4374, 1647.4375, 56.6259,  64, 64, 64
L -1174.5625, 1645.5673, 56.6259,  -1174.5625, 1647.4374, 56.6259,  64, 64, 64
L -1175.5625, 1645.5624, 56.6259,  -1174.5625, 1645.5673, 56.6259,  64, 64, 64
L -1175.5624, 1645.5625, 56.6259,  -1175.9080, 1645.5625, 56.6259,  64, 64, 64
L -1175.5625, 1622.4374, 56.6259,  -1175.5624, 1645.5625, 56.6259,  64, 64, 64
L -1151.5625, 1622.4373, 56.6259,  -1175.5625, 1622.4374, 56.6259,  64, 64, 64
L -1151.5625, 1615.5625, 56.6259,  -1151.5625, 1622.4373, 56.6259,  64, 64, 64
L -1237.5625, 1591.5624, 58.6259,  -1191.5624, 1591.5625, 58.6259,  64, 64, 64
L -1237.5625, 1558.2571, 60.6212,  -1237.5625, 1591.5624, 58.6259,  64, 64, 64
L -1191.5625, 1558.2500, 60.6580,  -1237.5625, 1558.2571, 60.6212,  64, 64, 64
L -1191.5624, 1615.5625, 56.6259,  -1151.5625, 1615.5625, 56.6259,  64, 64, 64
L -1191.5625, 1558.2500, 56.6259,  -1191.5624, 1615.5625, 56.6259,  64, 64, 64
L -1187.5625, 1561.4374, 56.6259,  -1191.5625, 1561.4374, 56.6259,  64, 64, 64
L -1194.4374, 1482.5625, 57.6259,  -1194.4374, 1462.4374, 57.6259,  0, 127, 0
L -1235.5624, 1482.5625, 57.6259,  -1194.4374, 1482.5625, 57.6259,  0, 127, 0
L -1235.5625, 1462.4363, 57.6259,  -1235.5624, 1482.5625, 57.6259,  0, 127, 0
L -1194.4374, 1462.4374, 57.6259,  -1235.5625, 1462.4363, 57.6259,  0, 127, 0
L -1192.1969, 1337.5625, 57.6259,  -1154.4375, 1294.8344, 57.6259,  0, 127, 0
L -1235.5623, 1337.5625, 57.6259,  -1192.1969, 1337.5625, 57.6259,  0, 127, 0
L -1235.5625, 1249.4358, 57.6259,  -1235.5623, 1337.5625, 57.6259,  0, 127, 0
L -1154.4375, 1249.4374, 57.6259,  -1235.5625, 1249.4358, 57.6259,  0, 127, 0
L -1154.4375, 1294.8344, 57.6259,  -1154.4375, 1249.4374, 57.6259,  0, 127, 0
L -1029.5624, 1292.5625, 57.6259,  -1002.4370, 1292.5625, 57.6259,  0, 127, 0
L -1029.5625, 1249.4347, 57.6259,  -1029.5624, 1292.5625, 57.6259,  0, 127, 0
L -1002.4374, 1249.4374, 57.6259,  -1029.5625, 1249.4347, 57.6259,  0, 127, 0
L -1002.4370, 1292.5625, 57.6259,  -1002.4374, 1249.4374, 57.6259,  0, 127, 0
L -877.5625, 1292.5624, 57.6259,  -804.4370, 1292.5625, 57.6259,  0, 127, 0
L -877.5625, 1249.4363, 57.6259,  -877.5625, 1292.5624, 57.6259,  0, 127, 0
L -804.4374, 1249.4374, 57.6259,  -877.5625, 1249.4363, 57.6259,  0, 127, 0
L -804.4374, 1292.5625, 57.6259,  -804.4374, 1249.4374, 57.6259,  0, 127, 0
L -879.5625, 1295.4374, 56.6259,  -802.4374, 1295.4374, 56.6259,  64, 64, 64
L -1031.5624, 1295.4374, 56.6259,  -997.9303, 1295.4374, 56.6259,  64, 64, 64
L -1191.5625, 1340.1663, 56.6259,  -1151.8030, 1295.4373, 56.6259,  64, 64, 64
L -1191.5623, 1485.6371, 56.6259,  -1191.5625, 1454.4258, 56.6259,  64, 64, 64
L -1187.5623, 1485.6371, 56.6259,  -1187.5625, 1561.4374, 56.6259,  64, 64, 64
L -1237.5624, 1485.6375, 60.4157,  -1187.5623, 1485.6371, 60.4157,  64, 64, 64
L -1237.5625, 1460.4358, 58.6259,  -1237.5624, 1485.6375, 60.4157,  64, 64, 64
L -1191.5619, 1460.4374, 58.6259,  -1237.5625, 1460.4358, 58.6259,  64, 64, 64
L -1191.5619, 1460.4374, 56.6259,  -1191.5625, 1436.4358, 56.6259,  64, 64, 64
L -1151.5625, 1436.4375, 56.6259,  -1191.5625, 1436.4369, 56.6259,  64, 64, 64
L -1151.5623, 1429.5625, 56.6259,  -1151.5625, 1436.4375, 56.6259,  64, 64, 64
L -1175.5624, 1429.5625, 56.6259,  -1151.5623, 1429.5625, 56.6259,  64, 64, 64
L -1175.5625, 1406.4375, 56.6259,  -1175.5624, 1429.5625, 56.6259,  64, 64, 64
L -1174.5625, 1406.4375, 56.6259,  -1175.5625, 1406.4375, 56.6259,  64, 64, 64
L -1174.5625, 1404.5625, 56.6259,  -1174.5625, 1406.4375, 56.6259,  64, 64, 64
L -1180.4375, 1404.5625, 56.6259,  -1174.5625, 1404.5625, 56.6259,  64, 64, 64
L -1180.4374, 1431.5625, 56.6259,  -1180.4375, 1404.5625, 56.6259,  64, 64, 64
L -1208.4352, 1431.5625, 56.6259,  -1180.4374, 1431.5625, 56.6259,  64, 64, 64
L -1208.4375, 1436.4375, 56.6259,  -1208.4352, 1431.5625, 56.6259,  64, 64, 64
L -1196.4347, 1436.4375, 56.6259,  -1208.4375, 1436.4375, 56.6259,  64, 64, 64
L -1196.4363, 1455.5625, 56.6259,  -1196.4347, 1436.4375, 56.6259,  64, 64, 64
L -1235.5624, 1455.5623, 56.6259,  -1196.4363, 1455.5625, 56.6259,  64, 64, 64
L -1235.5625, 1436.4363, 56.6259,  -1235.5624, 1455.5623, 56.6259,  64, 64, 64
L -1215.5619, 1436.4375, 56.6259,  -1235.5625, 1436.4363, 56.6259,  64, 64, 64
L -1215.5625, 1431.5625, 56.6259,  -1215.5619, 1436.4375, 56.6259,  64, 64, 64
L -1235.5625, 1431.5624, 56.6259,  -1215.5625, 1431.5625, 56.6259,  64, 64, 64
L -1235.5625, 1368.4362, 56.6259,  -1235.5625, 1431.5624, 56.6259,  64, 64, 64
L -1215.5625, 1368.4374, 56.6259,  -1235.5625, 1368.4362, 56.6259,  64, 64, 64
L -1215.5625, 1363.5625, 56.6259,  -1215.5625, 1368.4374, 56.6259,  64, 64, 64
L -1235.5624, 1363.5624, 56.6259,  -1215.5625, 1363.5625, 56.6259,  64, 64, 64
L -1235.5624, 1344.4374, 56.6259,  -1235.5624, 1363.5624, 56.6259,  64, 64, 64
L -1196.4374, 1344.4374, 56.6259,  -1235.5624, 1344.4374, 56.6259,  64, 64, 64
L -1196.4373, 1363.5625, 56.6259,  -1196.4374, 1344.4374, 56.6259,  64, 64, 64
L -1208.4375, 1363.5625, 56.6259,  -1196.4373, 1363.5625, 56.6259,  64, 64, 64
L -1208.4373, 1368.4374, 56.6259,  -1208.4375, 1363.5625, 56.6259,  64, 64, 64
L -1180.4374, 1368.4374, 56.6259,  -1208.4373, 1368.4374, 56.6259,  64, 64, 64
L -1180.4290, 1395.4374, 56.6259,  -1180.4374, 1368.4374, 56.6259,  64, 64, 64
L -1174.5625, 1395.4373, 56.6259,  -1180.4290, 1395.4374, 56.6259,  64, 64, 64
L -1174.5625, 1393.6176, 56.6259,  -1174.5625, 1395.4373, 56.6259,  64, 64, 64
L -1175.5624, 1393.5625, 56.6259,  -1174.5625, 1393.6176, 56.6259,  64, 64, 64
L -1175.5625, 1370.4374, 56.6259,  -1175.5624, 1393.5625, 56.6259,  64, 64, 64
L -1151.5625, 1370.4373, 56.6259,  -1175.5625, 1370.4374, 56.6259,  64, 64, 64
L -1151.5625, 1363.5625, 56.6259,  -1151.5625, 1370.4373, 56.6259,  64, 64, 64
L -1191.5624, 1363.5625, 56.6259,  -1151.5625, 1363.5625, 56.6259,  64, 64, 64
L -1191.5625, 1339.5625, 56.6259,  -1191.5624, 1363.5625, 56.6259,  64, 64, 64
L -1237.5625, 1339.5624, 58.6259,  -1191.5625, 1339.5625, 58.6259,  64, 64, 64
L -1237.5625, 1247.4374, 58.6259,  -1237.5625, 1339.5624, 58.6259,  64, 64, 64
L -1152.4374, 1247.4374, 58.6259,  -1237.5625, 1247.4374, 58.6259,  64, 64, 64
L -1152.4373, 1295.4369, 58.6259,  -1152.4374, 1247.4374, 58.6259,  64, 64, 64
L -1128.4374, 1295.4374, 56.6259,  -1152.4373, 1295.4369, 56.6259,  64, 64, 64
L -1128.4374, 1335.4375, 56.6259,  -1128.4374, 1295.4374, 56.6259,  64, 64, 64
L -1121.5625, 1335.4374, 56.6259,  -1128.4374, 1335.4375, 56.6259,  64, 64, 64
L -1121.5625, 1311.4363, 56.6259,  -1121.5625, 1335.4374, 56.6259,  64, 64, 64
L -1098.4374, 1311.4374, 56.6259,  -1121.5625, 1311.4363, 56.6259,  64, 64, 64
L -1098.4363, 1312.4373, 56.6259,  -1098.4374, 1311.4374, 56.6259,  64, 64, 64
L -1096.5625, 1312.4374, 56.6259,  -1098.4363, 1312.4373, 56.6259,  64, 64, 64
L -1096.5625, 1306.5625, 56.6259,  -1096.5625, 1312.4374, 56.6259,  64, 64, 64
L -1123.5623, 1306.5625, 56.6259,  -1096.5625, 1306.5625, 56.6259,  64, 64, 64
L -1123.5625, 1278.5625, 56.6259,  -1123.5623, 1306.5625, 56.6259,  64, 64, 64
L -1128.4374, 1278.5625, 56.6259,  -1123.5625, 1278.5625, 56.6259,  64, 64, 64
L -1128.4363, 1290.5625, 56.6259,  -1128.4374, 1278.5625, 56.6259,  64, 64, 64
L -1147.5625, 1290.5624, 56.6259,  -1128.4363, 1290.5625, 56.6259,  64, 64, 64
L -1147.5624, 1251.4374, 56.6259,  -1147.5625, 1290.5624, 56.6259,  64, 64, 64
L -1128.4374, 1251.4374, 56.6259,  -1147.5624, 1251.4374, 56.6259,  64, 64, 64
L -1128.4373, 1271.4352, 56.6259,  -1128.4374, 1251.4374, 56.6259,  64, 64, 64
L -1123.5625, 1271.4375, 56.6259,  -1128.4373, 1271.4352, 56.6259,  64, 64, 64
L -1123.5625, 1251.4363, 56.6259,  -1123.5625, 1271.4375, 56.6259,  64, 64, 64
L -1060.4374, 1251.4375, 56.6259,  -1123.5625, 1251.4363, 56.6259,  64, 64, 64
L -1060.4373, 1271.4374, 56.6259,  -1060.4374, 1251.4375, 56.6259,  64, 64, 64
L -1055.5625, 1271.4373, 56.6259,  -1060.4373, 1271.4374, 56.6259,  64, 64, 64
L -1055.5625, 1251.4375, 56.6259,  -1055.5625, 1271.4373, 56.6259,  64, 64, 64
L -1036.4374, 1251.4375, 56.6259,  -1055.5625, 1251.4375, 56.6259,  64, 64, 64
L -1036.4374, 1290.5625, 56.6259,  -1036.4374, 1251.4375, 56.6259,  64, 64, 64
L -1055.5624, 1290.5625, 56.6259,  -1036.4374, 1290.5625, 56.6259,  64, 64, 64
L -1055.5625, 1278.6609, 56.6259,  -1055.5624, 1290.5625, 56.6259,  64, 64, 64
L -1060.4375, 1278.5424, 56.6259,  -1055.5625, 1278.6609, 56.6259,  64, 64, 64
L -1060.4374, 1306.5625, 56.6259,  -1060.4375, 1278.5424, 56.6259,  64, 64, 64
L -1087.4375, 1306.5625, 56.6259,  -1060.4374, 1306.5625, 56.6259,  64, 64, 64
L -1087.4373, 1312.4375, 56.6259,  -1087.4375, 1306.5625, 56.6259,  64, 64, 64
L -1085.5619, 1312.4373, 56.6259,  -1087.4373, 1312.4375, 56.6259,  64, 64, 64
L -1085.5625, 1311.4363, 56.6259,  -1085.5619, 1312.4373, 56.6259,  64, 64, 64
L -1062.4374, 1311.4374, 56.6259,  -1085.5625, 1311.4363, 56.6259,  64, 64, 64
L -1062.4373, 1335.4374, 56.6259,  -1062.4374, 1311.4374, 56.6259,  64, 64, 64
L -1055.5625, 1335.4373, 56.6259,  -1062.4373, 1335.4374, 56.6259,  64, 64, 64
L -1055.5625, 1295.4374, 56.6259,  -1055.5625, 1335.4373, 56.6259,  64, 64, 64
L -1031.5624, 1295.4374, 56.6259,  -1055.5625, 1295.4374, 56.6259,  64, 64, 64
L -1031.5624, 1247.4374, 58.6259,  -1031.5624, 1295.4374, 58.6259,  64, 64, 64
L -1000.4374, 1247.4373, 58.6259,  -1031.5624, 1247.4374, 58.6259,  64, 64, 64
L -1000.4374, 1295.4374, 58.6259,  -1000.4374, 1247.4373, 58.6259,  64, 64, 64
L -976.4374, 1295.4374, 56.6259,  -1000.4374, 1295.4374, 56.6259,  64, 64, 64
L -976.4374, 1335.4374, 56.6259,  -976.4374, 1295.4374, 56.6259,  64, 64, 64
L -969.5624, 1335.4375, 56.6259,  -976.4374, 1335.4374, 56.6259,  64, 64, 64
L -969.5625, 1311.4363, 56.6259,  -969.5624, 1335.4375, 56.6259,  64, 64, 64
L -946.4374, 1311.4374, 56.6259,  -969.5625, 1311.4363, 56.6259,  64, 64, 64
L -935.4374, 1306.5625, 56.6259,  -908.4374, 1306.5625, 56.6259,  64, 64, 64
L -935.4374, 1312.4375, 56.6259,  -935.4374, 1306.5625, 56.6259,  64, 64, 64
L -946.4374, 1312.4374, 56.6259,  -946.4374, 1311.4373, 56.6259,  64, 64, 64
L -944.5625, 1312.4374, 56.6259,  -946.4374, 1312.4374, 56.6259,  64, 64, 64
L -944.5625, 1306.5652, 56.6259,  -944.5625, 1312.4374, 56.6259,  64, 64, 64
L -971.5624, 1306.5625, 56.6259,  -944.5625, 1306.5652, 56.6259,  64, 64, 64
L -971.5625, 1278.5625, 56.6259,  -971.5624, 1306.5625, 56.6259,  64, 64, 64
L -976.4375, 1278.5624, 56.6259,  -971.5625, 1278.5625, 56.6259,  64, 64, 64
L -976.4375, 1290.5625, 56.6259,  -976.4375, 1278.5624, 56.6259,  64, 64, 64
L -995.5625, 1290.5624, 56.6259,  -976.4375, 1290.5625, 56.6259,  64, 64, 64
L -995.5624, 1251.4375, 56.6259,  -995.5625, 1290.5624, 56.6259,  64, 64, 64
L -976.4375, 1251.4374, 56.6259,  -995.5624, 1251.4375, 56.6259,  64, 64, 64
L -976.4374, 1271.4369, 56.6259,  -976.4375, 1251.4374, 56.6259,  64, 64, 64
L -971.5625, 1271.4374, 56.6259,  -976.4374, 1271.4369, 56.6259,  64, 64, 64
L -971.5625, 1251.4368, 56.6259,  -971.5625, 1271.4374, 56.6259,  64, 64, 64
L -908.4374, 1251.4374, 56.6259,  -971.5625, 1251.4368, 56.6259,  64, 64, 64
L -908.4374, 1271.4374, 56.6259,  -908.4374, 1251.4374, 56.6259,  64, 64, 64
L -903.5625, 1271.4374, 56.6259,  -908.4374, 1271.4374, 56.6259,  64, 64, 64
L -903.5623, 1251.4374, 56.6259,  -884.4374, 1251.4374, 56.6259,  64, 64, 64
L -903.5623, 1251.4374, 56.6259,  -903.5625, 1271.4374, 56.6259,  64, 64, 64
L -884.4365, 1290.5625, 56.6259,  -884.4374, 1251.4374, 56.6259,  64, 64, 64
L -903.5625, 1290.5624, 56.6259,  -884.4365, 1290.5625, 56.6259,  64, 64, 64
L -903.5625, 1278.5707, 56.6259,  -903.5625, 1290.5624, 56.6259,  64, 64, 64
L -908.4374, 1278.5751, 56.6259,  -903.5625, 1278.5707, 56.6259,  64, 64, 64
L -908.4374, 1306.5625, 56.6259,  -908.4374, 1278.5751, 56.6259,  64, 64, 64
L -933.5652, 1312.4352, 56.6259,  -935.4374, 1312.4375, 56.6259,  64, 64, 64
L -933.5625, 1311.4374, 56.6259,  -933.5652, 1312.4352, 56.6259,  64, 64, 64
L -910.4374, 1311.4374, 56.6259,  -933.5625, 1311.4374, 56.6259,  64, 64, 64
L -910.4374, 1335.4374, 56.6259,  -910.4374, 1311.4374, 56.6259,  64, 64, 64
L -903.5625, 1335.4374, 56.6259,  -910.4374, 1335.4374, 56.6259,  64, 64, 64
L -903.5625, 1295.4374, 56.6259,  -903.5625, 1335.4374, 56.6259,  64, 64, 64
L -879.5625, 1295.4374, 56.6259,  -903.5625, 1295.4374, 56.6259,  64, 64, 64
L -879.5625, 1247.4373, 58.6259,  -879.5625, 1295.4374, 58.6259,  64, 64, 64
L -802.4374, 1247.4375, 58.6259,  -879.5625, 1247.4373, 58.6259,  64, 64, 64
L -802.4374, 1295.4374, 56.6259,  -802.4374, 1247.4375, 58.6259,  64, 64, 64
L -802.4365, 1307.5625, 56.6259,  -802.4374, 1295.4374, 56.6259,  64, 64, 64
L -822.5430, 1307.5625, 56.6259,  -802.4365, 1307.5625, 56.6259,  64, 64, 64
L -826.1693, 1308.5912, 56.6259,  -822.5430, 1307.5625, 56.6259,  64, 64, 64
L -831.3185, 1311.6808, 56.6259,  -826.1693, 1308.5912, 56.6259,  64, 64, 64
L -834.4070, 1316.8279, 56.6259,  -831.3185, 1311.6808, 56.6259,  64, 64, 64
L -835.4496, 1321.4500, 56.6259,  -834.4070, 1316.8279, 56.6259,  64, 64, 64
L -834.4084, 1325.1692, 56.6259,  -835.4496, 1321.4500, 56.6259,  64, 64, 64
L -831.3188, 1330.3185, 56.6259,  -834.4084, 1325.1692, 56.6259,  64, 64, 64
L -826.1910, 1333.3954, 56.6259,  -831.3188, 1330.3185, 56.6259,  64, 64, 64
L -822.5380, 1334.4373, 56.6259,  -826.1910, 1333.3954, 56.6259,  64, 64, 64
L -776.5625, 1334.4374, 56.6259,  -822.5380, 1334.4373, 56.6259,  64, 64, 64
L -776.5625, 1150.9507, 56.6259,  -776.5625, 1334.4374, 56.6259,  64, 64, 64
L -777.5931, 1146.8268, 56.6259,  -776.5625, 1150.9507, 56.6259,  64, 64, 64
L -780.6810, 1141.6808, 56.6259,  -777.5931, 1146.8268, 56.6259,  64, 64, 64
L -785.8287, 1138.5923, 56.6259,  -780.6810, 1141.6808, 56.6259,  64, 64, 64
L -790.3100, 1137.5497, 56.6259,  -785.8287, 1138.5923, 56.6259,  64, 64, 64
L -794.1689, 1138.5912, 56.6259,  -790.3100, 1137.5497, 56.6259,  64, 64, 64
L -799.3188, 1141.6808, 56.6259,  -794.1689, 1138.5912, 56.6259,  64, 64, 64
L -802.4018, 1146.8195, 56.6259,  -799.3188, 1141.6808, 56.6259,  64, 64, 64
L -803.4375, 1150.9490, 56.6259,  -802.4018, 1146.8195, 56.6259,  64, 64, 64
L -803.4374, 1191.5625, 56.6259,  -803.4375, 1150.9490, 56.6259,  64, 64, 64
L -1239.5625, 1191.5624, 56.6259,  -803.4374, 1191.5625, 56.6259,  64, 64, 64
L -1239.5625, 1046.4374, 56.6259,  -1239.5625, 1191.5624, 56.6259,  64, 64, 64
L -1186.5625, 1046.4384, 56.6259,  -1239.5625, 1046.4374, 56.6259,  64, 64, 64
L -1186.5625, 967.5625, 56.6259,  -1186.5625, 1046.4384, 56.6259,  64, 64, 64
L -1236.5624, 967.5625, 56.6259,  -1186.5625, 967.5625, 56.6259,  64, 64, 64
L -1236.5625, 680.4374, 56.6259,  -1236.5624, 967.5625, 56.6259,  64, 64, 64
L -1186.5625, 680.4382, 56.6259,  -1236.5625, 680.4374, 56.6259,  64, 64, 64
L -1186.5625, 601.5625, 56.6259,  -1186.5625, 680.4382, 56.6259,  64, 64, 64
L -1236.5625, 601.5624, 56.6259,  -1186.5625, 601.5625, 56.6259,  64, 64, 64
L -1236.5625, 239.4371, 56.6259,  -1236.5625, 601.5624, 56.6259,  64, 64, 64
L -1186.5625, 239.4375, 56.6259,  -1236.5625, 239.4371, 56.6259,  64, 64, 64
L -1186.5625, 160.5625, 56.6259,  -1186.5625, 239.4375, 56.6259,  64, 64, 64
L -1236.5625, 160.5625, 56.6259,  -1186.5625, 160.5625, 56.6259,  64, 64, 64
L -1236.5625, -125.5625, 56.6259,  -1236.5625, 160.5625, 56.6259,  64, 64, 64
L -1186.5625, -125.5625, 56.6259,  -1236.5625, -125.5625, 56.6259,  64, 64, 64
L -1186.5625, -204.4375, 56.6259,  -1186.5625, -125.5625, 56.6259,  64, 64, 64
L -1236.5625, -204.4373, 56.6259,  -1186.5625, -204.4375, 56.6259,  64, 64, 64
L -1236.5625, -512.5624, 56.6259,  -1236.5625, -204.4373, 56.6259,  64, 64, 64
L -1186.5625, -512.5608, 56.6259,  -1236.5625, -512.5624, 56.6259,  64, 64, 64
L -1186.5625, -591.4375, 56.6259,  -1186.5625, -512.5608, 56.6259,  64, 64, 64
L -1236.5625, -591.4374, 56.6259,  -1186.5625, -591.4375, 56.6259,  64, 64, 64
L -1236.5624, -910.8188, 56.6259,  -1236.5625, -591.4374, 56.6259,  64, 64, 64
L -1111.8185, -1035.5625, 56.6259,  -1236.5624, -910.8188, 56.6259,  64, 64, 64
L -794.4374, -1035.5625, 56.6259,  -1111.8185, -1035.5625, 56.6259,  64, 64, 64
L -794.4374, -985.5624, 56.6259,  -794.4374, -1035.5625, 56.6259,  64, 64, 64
L -715.5625, -985.5625, 56.6259,  -794.4374, -985.5624, 56.6259,  64, 64, 64
L -715.5624, -1035.5625, 56.6259,  -715.5625, -985.5625, 56.6259,  64, 64, 64
L -392.4375, -1035.5625, 56.6259,  -715.5624, -1035.5625, 56.6259,  64, 64, 64
L -313.5625, -985.5625, 56.6259,  -392.6501, -985.5625, 56.6259,  64, 64, 64
L -313.5625, -1035.5625, 56.6259,  -313.5625, -985.5625, 56.6259,  64, 64, 64
L -26.4375, -1035.5625, 56.6259,  -313.5625, -1035.5625, 56.6259,  64, 64, 64
L -26.4375, -985.5625, 56.6259,  -26.4375, -1035.5625, 56.6259,  64, 64, 64
L 52.4375, -985.5625, 56.6259,  -26.4375, -985.5625, 56.6259,  64, 64, 64
L 52.4375, -1038.5625, 56.6259,  52.4375, -985.5625, 56.6259,  64, 64, 64
L 117.5625, -1038.5625, 56.6259,  52.4375, -1038.5625, 56.6259,  64, 64, 64
L 117.5625, -1008.5625, 56.6259,  117.5625, -1038.5625, 56.6259,  64, 64, 64
L 125.5625, -1008.5625, 56.6259,  117.5625, -1008.5625, 56.6259,  64, 64, 64
L 125.5625, -998.5625, 56.6259,  125.5625, -1008.5625, 56.6259,  64, 64, 64
L 128.3745, -998.5625, 56.6259,  125.5625, -998.5625, 56.6259,  64, 64, 64
L 137.5625, -1000.5625, 56.6259,  128.3746, -1000.5625, 56.6259,  127, 127, 127
L 140.4372, -1008.5625, 56.6259,  140.4376, -998.6250, 56.6259,  64, 64, 64
L 148.4375, -1008.5625, 56.6259,  140.4372, -1008.5625, 56.6259,  64, 64, 64
L 148.4375, -1038.5625, 56.6259,  148.4375, -1008.5625, 56.6259,  64, 64, 64
L 183.5625, -1038.5625, 56.6259,  148.4375, -1038.5625, 56.6259,  64, 64, 64
L 210.4375, -1025.9452, 56.6259,  209.4086, -1021.8306, 56.6259,  64, 64, 64
L 210.4375, -1218.4373, 56.6259,  210.4375, -1025.9452, 56.6259,  64, 64, 64
L 183.5625, -1025.9452, 56.6259,  183.5625, -1038.5625, 56.6259,  64, 64, 64
L 184.6065, -1021.8052, 56.6259,  183.5625, -1025.9452, 56.6259,  64, 64, 64
L 187.6810, -1016.6810, 56.6259,  184.6065, -1021.8052, 56.6259,  64, 64, 64
L 192.8306, -1013.5912, 56.6259,  187.6810, -1016.6810, 56.6259,  64, 64, 64
L 196.9966, -1012.5497, 56.6259,  192.8306, -1013.5912, 56.6259,  64, 64, 64
L 201.1798, -1013.6009, 56.6259,  196.9966, -1012.5497, 56.6259,  64, 64, 64
L 206.3200, -1016.6829, 56.6259,  201.1798, -1013.6009, 56.6259,  64, 64, 64
L 209.4086, -1021.8306, 56.6259,  206.3200, -1016.6829, 56.6259,  64, 64, 64
L 179.3307, -1465.2958, 56.6259,  136.4375, -1465.1133, 56.6259,  255, 0, 255
L 327.3460, -1470.3650, 56.6259,  284.6757, -1470.5558, 56.6259,  255, 0, 255
L 327.5625, -1395.4374, 56.6259,  253.5612, -1395.4374, 56.6259,  64, 64, 64
L 253.5612, -1395.4374, 56.6259,  253.7630, -1025.4009, 56.6259,  64, 64, 64
L 210.4375, -1218.4373, 56.6259,  -156.1811, -1218.4374, 56.6259,  64, 64, 64
L -156.1811, -1218.4374, 56.6259,  -188.1810, -1186.4374, 56.6259,  64, 64, 64
L -188.1810, -1186.4374, 56.6259,  -219.8189, -1186.4374, 56.6259,  64, 64, 64
L -219.8189, -1186.4374, 56.6259,  -251.8188, -1218.4375, 56.6259,  64, 64, 64
L -251.8188, -1218.4375, 56.6259,  -307.4375, -1218.4375, 56.6259,  64, 64, 64
L -307.4375, -1218.4375, 56.6259,  -307.4375, -1124.4374, 56.6259,  64, 64, 64
L -350.5625, -1167.5768, 56.6259,  -350.5625, -1261.5625, 56.6259,  64, 64, 64
L -350.5625, -1261.5625, 56.6259,  -251.8188, -1261.5623, 56.6259,  64, 64, 64
L -251.8188, -1261.5623, 56.6259,  -219.8188, -1293.5625, 56.6259,  64, 64, 64
L -219.8188, -1293.5625, 56.6259,  -188.1811, -1293.5625, 56.6259,  64, 64, 64
L -188.1811, -1293.5625, 56.6259,  -156.1811, -1261.5623, 56.6259,  64, 64, 64
L -156.1811, -1261.5623, 56.6259,  210.4373, -1261.5625, 56.6259,  64, 64, 64
L 210.4373, -1261.5625, 56.6259,  210.4375, -1395.4374, 56.6259,  64, 64, 64
L 210.4375, -1395.4374, 56.6259,  136.4375, -1395.4374, 56.6259,  64, 64, 64
L 136.4375, -1395.4374, 56.6259,  136.4375, -1465.1133, 56.6259,  64, 64, 64
L 179.3623, -1438.5613, 56.6259,  284.6406, -1438.5624, 56.6259,  64, 64, 64
L -389.5950, -1167.3062, 56.6259,  -389.6841, -1124.6205, 56.6259,  255, 0, 255
L -925.5593, 1515.3760, 57.6259,  -930.5770, 1517.4363, 57.6259,  64, 64, 64
L -930.5770, 1517.4363, 57.6259,  -932.6512, 1522.4429, 57.6259,  64, 64, 64
L -932.6512, 1522.4429, 57.6259,  -930.5789, 1527.4446, 57.6259,  64, 64, 64
L -925.5173, 1438.4690, 57.6259,  -920.9747, 1436.5868, 57.6259,  64, 64, 64
L -920.9747, 1436.5868, 57.6259,  -918.9017, 1431.5851, 57.6259,  64, 64, 64
L -918.9017, 1431.5851, 57.6259,  -920.9740, 1426.5829, 57.6259,  64, 64, 64
L -920.9740, 1426.5829, 57.6259,  -925.9755, 1424.5105, 57.6259,  64, 64, 64
L -925.9755, 1424.5105, 57.6259,  -930.9774, 1426.5829, 57.6259,  64, 64, 64
L -930.9774, 1426.5829, 57.6259,  -933.5010, 1431.5840, 57.6259,  64, 64, 64
L -933.5010, 1431.5840, 57.6259,  -930.9760, 1436.5912, 57.6259,  64, 64, 64
L -930.9760, 1436.5912, 57.6259,  -926.3990, 1438.6189, 57.6259,  64, 64, 64
L -992.9958, 1432.5734, 57.6259,  -995.4839, 1427.6194, 57.6259,  64, 64, 64
L -995.4839, 1427.6194, 57.6259,  -1000.2500, 1425.5669, 57.6259,  64, 64, 64
L -1000.2500, 1425.5669, 57.6259,  -1004.9565, 1427.6194, 57.6259,  64, 64, 64
L -1004.9565, 1427.6194, 57.6259,  -1007.9000, 1432.5735, 57.6259,  64, 64, 64
L -1007.9000, 1432.5735, 57.6259,  -1004.9564, 1437.5280, 57.6259,  64, 64, 64
L -1004.9564, 1437.5280, 57.6259,  -1000.2300, 1439.5800, 57.6259,  64, 64, 64
L -1000.2300, 1439.5800, 57.6259,  -995.4850, 1437.5276, 57.6259,  64, 64, 64
L -995.4850, 1437.5276, 57.6259,  -992.9958, 1432.5734, 57.6259,  64, 64, 64
L -1025.3423, 1432.5768, 57.6259,  -1027.3948, 1427.6232, 57.6259,  64, 64, 64
L -1027.3948, 1427.6232, 57.6259,  -1032.3490, 1425.5707, 57.6259,  64, 64, 64
L -1032.3490, 1425.5707, 57.6259,  -1037.3030, 1427.6233, 57.6259,  64, 64, 64
L -1037.3030, 1427.6233, 57.6259,  -1039.3550, 1432.5774, 57.6259,  64, 64, 64
L -1039.3550, 1432.5774, 57.6259,  -1037.2980, 1437.5425, 57.6259,  64, 64, 64
L -1037.2980, 1437.5425, 57.6259,  -1032.3467, 1439.5829, 57.6259,  64, 64, 64
L -1032.3467, 1439.5829, 57.6259,  -1027.3948, 1437.5314, 57.6259,  64, 64, 64
L -1027.3948, 1437.5314, 57.6259,  -1025.3423, 1432.5768, 57.6259,  64, 64, 64
L -1099.6630, 1431.2433, 57.6259,  -1101.7155, 1426.2896, 57.6259,  64, 64, 64
L -1101.7155, 1426.2896, 57.6259,  -1106.6740, 1424.2354, 57.6259,  64, 64, 64
L -1106.6740, 1424.2354, 57.6259,  -1111.6238, 1426.2898, 57.6259,  64, 64, 64
L -1111.6238, 1426.2898, 57.6259,  -1113.6603, 1431.2057, 57.6259,  64, 64, 64
L -1113.6603, 1431.2057, 57.6259,  -1111.6283, 1436.1956, 57.6259,  64, 64, 64
L -1111.6283, 1436.1956, 57.6259,  -1106.6696, 1438.2500, 57.6259,  64, 64, 64
L -1106.6696, 1438.2500, 57.6259,  -1101.7155, 1436.1974, 57.6259,  64, 64, 64
L -1101.7155, 1436.1974, 57.6259,  -1099.6630, 1431.2433, 57.6259,  64, 64, 64
L -1106.4905, 1512.8643, 57.6259,  -1111.4574, 1514.9220, 57.6259,  64, 64, 64
L -1111.4574, 1514.9220, 57.6259,  -1113.5126, 1519.8821, 57.6259,  64, 64, 64
L -1113.5126, 1519.8821, 57.6259,  -1111.4563, 1524.8307, 57.6259,  64, 64, 64
L -1111.4563, 1524.8307, 57.6259,  -1106.5033, 1526.8827, 57.6259,  64, 64, 64
L -1106.5033, 1526.8827, 57.6259,  -1101.5497, 1524.8301, 57.6259,  64, 64, 64
L -1101.5497, 1524.8301, 57.6259,  -1099.4971, 1519.8760, 57.6259,  64, 64, 64
L -1099.4971, 1519.8760, 57.6259,  -1101.5275, 1514.9751, 57.6259,  64, 64, 64
L -1101.5275, 1514.9751, 57.6259,  -1106.4905, 1512.8643, 57.6259,  64, 64, 64
L -1108.2350, 1606.4009, 57.6259,  -1112.9773, 1608.4539, 57.6259,  64, 64, 64
L -1112.9773, 1608.4539, 57.6259,  -1115.2140, 1613.3866, 57.6259,  64, 64, 64
L -1115.2140, 1613.3866, 57.6259,  -1112.9823, 1618.3595, 57.6259,  64, 64, 64
L -1112.9823, 1618.3595, 57.6259,  -1108.2570, 1620.4131, 57.6259,  64, 64, 64
L -1108.2570, 1620.4131, 57.6259,  -1102.9878, 1618.3279, 57.6259,  64, 64, 64
L -1102.9878, 1618.3279, 57.6259,  -1101.7200, 1613.3567, 57.6259,  64, 64, 64
L -1101.7200, 1613.3567, 57.6259,  -1103.7339, 1608.4518, 57.6259,  64, 64, 64
L -1103.7339, 1608.4518, 57.6259,  -1108.2350, 1606.4009, 57.6259,  64, 64, 64
L -1040.7245, 1613.7570, 57.6259,  -1038.6720, 1618.7107, 57.6259,  64, 64, 64
L -1038.6720, 1618.7107, 57.6259,  -1033.7179, 1620.7632, 57.6259,  64, 64, 64
L -1033.7179, 1620.7632, 57.6259,  -1028.7642, 1618.7107, 57.6259,  64, 64, 64
L -1028.7642, 1618.7107, 57.6259,  -1026.7251, 1613.7896, 57.6259,  64, 64, 64
L -1026.7251, 1613.7896, 57.6259,  -1028.7588, 1608.8047, 57.6259,  64, 64, 64
L -1028.7588, 1608.8047, 57.6259,  -1033.7179, 1606.7500, 57.6259,  64, 64, 64
L -1033.7179, 1606.7500, 57.6259,  -1038.6720, 1608.8025, 57.6259,  64, 64, 64
L -1038.6720, 1608.8025, 57.6259,  -1040.7245, 1613.7570, 57.6259,  64, 64, 64
L -1003.9370, 1618.7842, 57.6259,  -998.9828, 1620.8368, 57.6259,  64, 64, 64
L -998.9828, 1620.8368, 57.6259,  -994.2900, 1618.7842, 57.6259,  64, 64, 64
L -994.2900, 1618.7842, 57.6259,  -991.9764, 1613.8301, 57.6259,  64, 64, 64
L -991.9764, 1613.8301, 57.6259,  -994.1479, 1608.9109, 57.6259,  64, 64, 64
L -994.1479, 1608.9109, 57.6259,  -998.9785, 1606.8219, 57.6259,  64, 64, 64
L -998.9785, 1606.8219, 57.6259,  -1003.9465, 1608.8799, 57.6259,  64, 64, 64
L -1003.9465, 1608.8799, 57.6259,  -1005.9886, 1613.8324, 57.6259,  64, 64, 64
L -1005.9886, 1613.8324, 57.6259,  -1003.9370, 1618.7842, 57.6259,  64, 64, 64
L -1022.3663, 1627.4373, 55.5853,  -1022.3749, 1562.3749, 55.4412,  64, 64, 64
L -1019.6227, 1562.3749, 55.4412,  -1056.3748, 1562.3749, 55.4412,  64, 64, 64
L -1056.3748, 1562.3749, 55.4412,  -1056.3749, 1481.6250, 55.4200,  64, 64, 64
L -1056.3749, 1481.6250, 55.4200,  -1019.6245, 1481.6250, 55.4200,  64, 64, 64
L -1022.3749, 1481.6250, 55.4200,  -1022.3749, 1420.5623, 55.4200,  64, 64, 64
L -1009.6250, 1420.5625, 55.2284,  -1009.6249, 1481.6250, 55.2284,  64, 64, 64
L -1012.3596, 1481.6250, 55.2284,  -975.6249, 1481.6248, 55.2284,  64, 64, 64
L -975.6249, 1481.6248, 55.2284,  -975.6250, 1562.3749, 55.2295,  64, 64, 64
L -975.6250, 1562.3749, 55.2304,  -1012.3156, 1562.3748, 55.2304,  64, 64, 64
L -1009.6250, 1562.3749, 55.2304,  -1009.6250, 1627.4374, 55.2304,  64, 64, 64
L -1009.6250, 1600.6250, 51.7147,  -936.3749, 1600.6250, 51.7147,  0, 0, 255
L -936.3749, 1600.6250, 51.7147,  -936.3749, 1443.3749, 51.7147,  0, 0, 255
L -936.3749, 1443.3749, 51.7147,  -1009.6250, 1443.3727, 51.7197,  0, 0, 255
L -1022.3749, 1443.3749, 52.7150,  -1095.6250, 1443.3749, 52.7050,  0, 0, 255
L -1095.6250, 1443.3749, 52.7050,  -1095.6250, 1600.6249, 52.7050,  0, 0, 255
L -1095.6250, 1600.6249, 52.7050,  -1022.3749, 1600.6250, 52.7050,  0, 0, 255
L -1012.3749, 1533.6250, 83.6260,  -1004.3749, 1533.6250, 83.6260,  64, 64, 64
L -1004.3749, 1533.6250, 83.6260,  -1004.3749, 1510.3750, 83.6260,  64, 64, 64
L -1004.3749, 1510.3750, 83.6260,  -1012.3749, 1510.3749, 83.6260,  64, 64, 64
L -1019.6250, 1510.3750, 83.6260,  -1027.6250, 1510.3738, 83.6260,  64, 64, 64
L -1027.6250, 1510.3738, 83.6260,  -1027.6249, 1533.6250, 83.6260,  64, 64, 64
L -1027.6249, 1533.6250, 83.6260,  -1019.6250, 1533.6250, 83.6260,  64, 64, 64
L -1019.6250, 1533.6250, 83.6260,  -1019.6249, 1561.3749, 56.6259,  64, 64, 64
L -1012.3749, 1533.6250, 83.6260,  -1012.3749, 1561.3749, 56.6259,  64, 64, 64
L -1019.6249, 1561.3749, 56.6259,  -1019.6227, 1562.3749, 56.6259,  64, 64, 64
L -1012.4532, 1561.3749, 56.6259,  -1012.3156, 1562.3748, 56.6259,  64, 64, 64
L -1019.6250, 1510.3750, 83.6260,  -1019.6249, 1482.6250, 56.6259,  64, 64, 64
L -1019.6249, 1482.6250, 56.6259,  -1019.6245, 1481.6250, 56.6259,  64, 64, 64
L -1012.3749, 1510.3749, 83.6260,  -1012.3733, 1482.6250, 56.6259,  64, 64, 64
L -1012.3733, 1482.6250, 56.6259,  -1012.3596, 1481.6250, 56.6259,  64, 64, 64
L -1194.3749, 1561.3749, 57.6259,  -1235.6250, 1561.3711, 57.6259,  0, 127, 0
L -1235.6250, 1561.3711, 57.6259,  -1235.6250, 1589.6249, 57.6259,  0, 127, 0
L -1235.6250, 1589.6249, 57.6259,  -1194.3749, 1589.6250, 57.6259,  0, 127, 0
L -1194.3749, 1589.6250, 57.6259,  -1194.3749, 1561.3749, 57.6259,  0, 127, 0
L -1235.6250, 1714.3727, 57.6259,  -1235.6250, 1795.6249, 57.6259,  0, 127, 0
L -1235.6250, 1795.6249, 57.6259,  -1154.3749, 1795.6250, 57.6259,  0, 127, 0
L -1154.3749, 1795.6250, 57.6259,  -1154.3749, 1750.1609, 57.6259,  0, 127, 0
L -1154.3749, 1750.1609, 57.6259,  -1192.1493, 1714.3749, 57.6259,  0, 127, 0
L -1192.1493, 1714.3749, 57.6259,  -1235.6250, 1714.3722, 57.6259,  0, 127, 0
L -1029.6250, 1752.3727, 57.6259,  -1029.6250, 1795.6249, 57.6259,  0, 127, 0
L -1029.6250, 1795.6249, 57.6259,  -1002.3749, 1795.6250, 57.6259,  0, 127, 0
L -1002.3749, 1795.6250, 57.6259,  -1002.3749, 1752.3749, 57.6259,  0, 127, 0
L -1002.3749, 1752.3749, 57.6259,  -1029.6250, 1752.3743, 57.6259,  0, 127, 0
L -877.6250, 1752.3727, 57.6259,  -877.6250, 1795.6248, 57.6259,  0, 127, 0
L -877.6250, 1795.6248, 57.6259,  -804.3749, 1795.6250, 57.6259,  0, 127, 0
L -804.3749, 1795.6250, 57.6259,  -804.3749, 1752.3749, 57.6259,  0, 127, 0
L -804.3749, 1752.3749, 57.6259,  -877.6250, 1752.3732, 57.6259,  0, 127, 0
L -879.6240, 1749.5625, 58.6259,  -879.6249, 1797.6250, 58.6259,  64, 64, 64
L -879.6249, 1797.6250, 58.6259,  -802.3749, 1797.6250, 58.6259,  64, 64, 64
L -802.3749, 1797.6250, 58.6259,  -802.3749, 1749.6250, 56.6259,  64, 64, 64
L -804.3749, 1624.6250, 57.6259,  -804.3749, 1584.3749, 57.6259,  0, 127, 0
L -804.3749, 1584.3749, 57.6259,  -847.6250, 1584.3733, 57.6259,  0, 127, 0
L -847.6250, 1584.3733, 57.6259,  -847.6250, 1624.6249, 57.6259,  0, 127, 0
L -847.6250, 1624.6249, 57.6259,  -804.3744, 1624.6250, 57.6259,  0, 127, 0
L -847.6249, 1459.6250, 57.6259,  -804.3749, 1459.6250, 57.6259,  0, 127, 0
L -804.3748, 1459.6250, 57.6259,  -804.3749, 1423.3749, 57.6259,  0, 127, 0
L -804.3749, 1423.3749, 57.6259,  -847.6250, 1423.3733, 57.6259,  0, 127, 0
L -847.6250, 1423.3733, 57.6259,  -847.6250, 1459.6249, 57.6259,  0, 127, 0
L -776.6250, 1710.5625, 56.6259,  -776.6249, 1894.4600, 56.6259,  64, 64, 64
L -776.6249, 1894.4600, 56.6259,  -777.6493, 1898.1437, 56.6259,  64, 64, 64
L -777.6493, 1898.1437, 56.6259,  -780.7317, 1903.2759, 56.6259,  64, 64, 64
L -780.7317, 1903.2759, 56.6259,  -785.8547, 1906.3501, 56.6259,  64, 64, 64
L -785.8547, 1906.3501, 56.6259,  -790.0000, 1907.3865, 56.6259,  64, 64, 64
L -790.0000, 1907.3865, 56.6259,  -794.1431, 1906.3506, 56.6259,  64, 64, 64
L -794.1431, 1906.3506, 56.6259,  -799.2737, 1903.2721, 56.6259,  64, 64, 64
L -799.2737, 1903.2721, 56.6259,  -802.3501, 1898.1449, 56.6259,  64, 64, 64
L -802.3501, 1898.1449, 56.6259,  -803.2928, 1894.3749, 56.6259,  64, 64, 64
L -800.3749, 1894.3750, 56.6259,  -832.6249, 1894.3705, 56.6259,  64, 64, 64
L -832.6250, 1894.3710, 56.6259,  -832.6250, 1901.3748, 56.6259,  64, 64, 64
L -832.6250, 1901.3748, 56.6259,  -856.6250, 1901.3749, 56.6259,  64, 64, 64
L -856.6250, 1901.3749, 56.6259,  -856.6250, 1941.3749, 56.6259,  64, 64, 64
L -856.6250, 1941.3749, 56.6259,  -863.3760, 1941.3749, 56.6259,  64, 64, 64
L -863.3760, 1941.3749, 56.6259,  -863.3603, 1917.3749, 56.6351,  64, 64, 64
L -863.3603, 1917.3749, 56.6351,  -886.6250, 1917.3733, 56.6259,  64, 64, 64
L -886.6250, 1917.3733, 56.6259,  -886.6354, 1918.3749, 56.6259,  64, 64, 64
L -886.6354, 1918.3749, 56.6259,  -888.3749, 1918.3749, 56.6259,  64, 64, 64
L -888.3749, 1918.3749, 56.6259,  -888.3749, 1912.6248, 56.6259,  64, 64, 64
L -888.3749, 1912.6248, 56.6259,  -861.3749, 1912.6250, 56.6259,  64, 64, 64
L -861.3749, 1912.6250, 56.6259,  -861.3749, 1884.6250, 56.6259,  64, 64, 64
L -861.3749, 1884.6250, 56.6259,  -856.6250, 1884.6250, 56.6259,  64, 64, 64
L -856.6250, 1884.6250, 56.6259,  -856.6250, 1896.6250, 56.6259,  64, 64, 64
L -856.6250, 1896.6250, 56.6259,  -837.3749, 1896.6250, 56.6259,  64, 64, 64
L -837.3749, 1896.6250, 56.6259,  -837.3749, 1857.3761, 56.6259,  64, 64, 64
L -837.3749, 1857.3761, 56.6259,  -856.6250, 1857.3726, 56.6259,  64, 64, 64
L -856.6250, 1857.3726, 56.6259,  -856.6250, 1877.3749, 56.6259,  64, 64, 64
L -856.6250, 1877.3749, 56.6259,  -861.3749, 1877.3749, 56.6259,  64, 64, 64
L -861.3749, 1877.3749, 56.6259,  -861.3749, 1857.3749, 56.6259,  64, 64, 64
L -861.3749, 1857.3749, 56.6259,  -924.6250, 1857.3722, 56.6259,  64, 64, 64
L -924.6250, 1857.3722, 56.6259,  -924.6250, 1877.3748, 56.6259,  64, 64, 64
L -924.6250, 1877.3748, 56.6259,  -929.3745, 1877.3749, 56.6259,  64, 64, 64
L -929.3745, 1877.3749, 56.6259,  -929.3749, 1857.3748, 56.6259,  64, 64, 64
L -929.3749, 1857.3748, 56.6259,  -948.6250, 1857.3749, 56.6259,  64, 64, 64
L -948.6250, 1857.3749, 56.6259,  -948.6250, 1896.6250, 56.6259,  64, 64, 64
L -948.6250, 1896.6250, 56.6259,  -929.3730, 1896.6250, 56.6259,  64, 64, 64
L -929.3730, 1896.6250, 56.6259,  -929.3750, 1884.6250, 56.6259,  64, 64, 64
L -929.3750, 1884.6250, 56.6259,  -924.6250, 1884.6250, 56.6259,  64, 64, 64
L -924.6250, 1884.6250, 56.6259,  -924.6250, 1912.6250, 56.6259,  64, 64, 64
L -924.6250, 1912.6250, 56.6259,  -897.6250, 1912.6250, 56.6259,  64, 64, 64
L -897.6250, 1912.6250, 56.6259,  -897.6250, 1918.3749, 56.6259,  64, 64, 64
L -897.6250, 1918.3749, 56.6259,  -899.3749, 1918.3748, 56.6259,  64, 64, 64
L -899.3749, 1918.3748, 56.6259,  -899.3749, 1917.3749, 56.6259,  64, 64, 64
L -899.3749, 1917.3749, 56.6259,  -922.6371, 1917.3749, 56.6259,  64, 64, 64
L -922.6371, 1917.3749, 56.6259,  -922.6245, 1941.3749, 56.6259,  64, 64, 64
L -922.6245, 1941.3749, 56.6259,  -929.3749, 1941.3749, 56.6259,  64, 64, 64
L -929.3749, 1941.3749, 56.6259,  -929.3749, 1901.3749, 56.6259,  64, 64, 64
L -929.3749, 1901.3749, 56.6259,  -1008.6250, 1901.3726, 56.6259,  64, 64, 64
L -984.6250, 1901.3727, 58.6259,  -984.6249, 1855.3726, 58.6259,  64, 64, 64
L -984.6249, 1855.3726, 58.6259,  -953.3749, 1855.3749, 58.6259,  64, 64, 64
L -953.3749, 1855.3749, 58.6259,  -953.3749, 1901.3738, 58.6259,  64, 64, 64
L -1008.6250, 1901.3726, 56.6259,  -1008.6250, 1941.3748, 56.6259,  64, 64, 64
L -1008.6250, 1941.3748, 56.6259,  -1015.3754, 1941.3749, 56.6259,  64, 64, 64
L -1015.3754, 1941.3749, 56.6259,  -1015.3627, 1917.3749, 56.6259,  64, 64, 64
L -1015.3627, 1917.3749, 56.6259,  -1038.6250, 1917.3727, 56.6259,  64, 64, 64
L -1038.6250, 1917.3727, 56.6259,  -1038.6250, 1918.3749, 56.6259,  64, 64, 64
L -1038.6250, 1918.3749, 56.6259,  -1040.3748, 1918.3749, 56.6259,  64, 64, 64
L -1040.3748, 1918.3749, 56.6259,  -1040.3749, 1912.6244, 56.6259,  64, 64, 64
L -1040.3749, 1912.6244, 56.6259,  -1013.3749, 1912.6250, 56.6259,  64, 64, 64
L -1013.3749, 1912.6250, 56.6259,  -1013.3749, 1884.6250, 56.6259,  64, 64, 64
L -1013.3749, 1884.6250, 56.6259,  -1008.6250, 1884.6250, 56.6259,  64, 64, 64
L -1008.6250, 1884.6250, 56.6259,  -1008.6250, 1896.6250, 56.6259,  64, 64, 64
L -1008.6250, 1896.6250, 56.6259,  -989.3749, 1896.6250, 56.6259,  64, 64, 64
L -989.3749, 1896.6250, 56.6259,  -989.3749, 1857.3766, 56.6259,  64, 64, 64
L -989.3749, 1857.3766, 56.6259,  -1008.6250, 1857.3716, 56.6259,  64, 64, 64
L -1008.6250, 1857.3716, 56.6259,  -1008.6250, 1877.3750, 56.6259,  64, 64, 64
L -1008.6250, 1877.3750, 56.6259,  -1013.3745, 1877.3716, 56.6259,  64, 64, 64
L -1013.3745, 1877.3716, 56.6259,  -1013.3749, 1857.3749, 56.6259,  64, 64, 64
L -1013.3749, 1857.3749, 56.6259,  -1076.6250, 1857.3726, 56.6259,  64, 64, 64
L -1076.6250, 1857.3726, 56.6259,  -1076.6250, 1877.3748, 56.6259,  64, 64, 64
L -1076.6250, 1877.3748, 56.6259,  -1081.3749, 1877.3749, 56.6259,  64, 64, 64
L -1081.3749, 1877.3749, 56.6259,  -1081.3749, 1857.3748, 56.6259,  64, 64, 64
L -1081.3749, 1857.3748, 56.6259,  -1100.6250, 1857.3678, 56.6259,  64, 64, 64
L -1100.6250, 1857.3678, 56.6259,  -1100.6249, 1896.6250, 56.6259,  64, 64, 64
L -1100.6249, 1896.6250, 56.6259,  -1081.3722, 1896.6250, 56.6259,  64, 64, 64
L -1081.3722, 1896.6250, 56.6259,  -1081.3738, 1884.6193, 56.6259,  64, 64, 64
L -1081.3738, 1884.6193, 56.6259,  -1076.6250, 1884.6681, 56.6259,  64, 64, 64
L -1076.6250, 1884.6681, 56.6259,  -1076.6250, 1912.6250, 56.6259,  64, 64, 64
L -1076.6250, 1912.6250, 56.6259,  -1049.6249, 1912.6250, 56.6259,  64, 64, 64
L -1049.6249, 1912.6250, 56.6259,  -1049.6249, 1918.3755, 56.6259,  64, 64, 64
L -1049.6249, 1918.3755, 56.6259,  -1051.3750, 1918.3721, 56.6259,  64, 64, 64
L -1051.3750, 1918.3721, 56.6259,  -1051.3750, 1917.3749, 56.6259,  64, 64, 64
L -1051.3750, 1917.3749, 56.6259,  -1074.6370, 1917.3749, 56.6259,  64, 64, 64
L -1074.6370, 1917.3749, 56.6259,  -1074.6244, 1941.3749, 56.6259,  64, 64, 64
L -1074.6244, 1941.3749, 56.6259,  -1081.3748, 1941.3750, 56.6259,  64, 64, 64
L -1081.3748, 1941.3750, 56.6259,  -1081.3749, 1901.3749, 56.6259,  64, 64, 64
L -1081.3749, 1901.3749, 56.6259,  -1191.6250, 1901.3711, 56.6259,  64, 64, 64
L -1191.6250, 1901.3711, 56.6259,  -1191.6249, 2003.6250, 56.6259,  64, 64, 64
L -1191.6249, 2003.6250, 56.6259,  -1188.6250, 2003.6250, 56.6259,  64, 64, 64
L -1188.6250, 2003.6250, 56.6259,  -1188.6250, 2082.3743, 56.6259,  64, 64, 64
L -1188.6250, 2006.8206, 60.5388,  -1237.6250, 2006.8206, 60.5388,  64, 64, 64
L -1237.6250, 2006.8206, 60.5388,  -1237.6250, 1855.3749, 58.6259,  64, 64, 64
L -1237.6250, 1855.3749, 58.6259,  -1105.3749, 1855.3749, 58.6259,  64, 64, 64
L -1105.3749, 1855.3749, 58.6259,  -1105.3749, 1901.3738, 58.6259,  64, 64, 64
L -1188.6250, 2082.3743, 56.6259,  -1191.6250, 2082.3748, 56.6259,  64, 64, 64
L -1191.6250, 2082.3748, 56.6259,  -1191.6250, 2172.8484, 56.6259,  64, 64, 64
L -1191.6250, 2172.8484, 56.6259,  -1165.8405, 2199.6250, 56.6259,  64, 64, 64
L -1165.8405, 2199.6250, 56.6259,  -1081.3749, 2199.6250, 56.6259,  64, 64, 64
L -1105.3750, 2199.6250, 58.6259,  -1105.3749, 2245.6250, 58.6259,  64, 64, 64
L -1105.3749, 2245.6250, 58.6259,  -1164.8444, 2245.6250, 58.6259,  64, 64, 64
L -1164.8444, 2245.6250, 58.6259,  -1237.6250, 2172.8445, 58.6259,  64, 64, 64
L -1237.6250, 2172.8445, 58.6259,  -1237.6250, 2079.1753, 60.5407,  64, 64, 64
L -1237.6250, 2079.1753, 60.5407,  -1188.6250, 2079.1697, 60.5441,  64, 64, 64
L -1081.3749, 2199.6250, 56.6259,  -1081.3748, 2159.6250, 56.6259,  64, 64, 64
L -1081.3748, 2159.6250, 56.6259,  -1074.6238, 2159.6243, 56.6259,  64, 64, 64
L -1074.6238, 2159.6243, 56.6259,  -1074.6370, 2183.6248, 56.6259,  64, 64, 64
L -1074.6370, 2183.6248, 56.6259,  -1051.3727, 2183.6250, 56.6259,  64, 64, 64
L -1051.3727, 2183.6250, 56.6259,  -1051.3722, 2182.6250, 56.6259,  64, 64, 64
L -1051.3722, 2182.6250, 56.6259,  -1049.6248, 2182.6248, 56.6259,  64, 64, 64
L -1049.6248, 2182.6248, 56.6259,  -1049.6250, 2188.3748, 56.6259,  64, 64, 64
L -1049.6250, 2188.3748, 56.6259,  -1076.6250, 2188.3748, 56.6259,  64, 64, 64
L -1076.6250, 2188.3748, 56.6259,  -1076.6250, 2216.3748, 56.6259,  64, 64, 64
L -1076.6250, 2216.3748, 56.6259,  -1081.3749, 2216.3748, 56.6259,  64, 64, 64
L -1081.3749, 2216.3748, 56.6259,  -1081.3749, 2204.3748, 56.6259,  64, 64, 64
L -1081.3749, 2204.3748, 56.6259,  -1100.6249, 2204.3748, 56.6259,  64, 64, 64
L -1100.6249, 2204.3748, 56.6259,  -1100.6249, 2243.6250, 56.6259,  64, 64, 64
L -1100.6249, 2243.6250, 56.6259,  -1081.3749, 2243.6250, 56.6259,  64, 64, 64
L -1081.3749, 2243.6250, 56.6259,  -1081.3744, 2223.6243, 56.6259,  64, 64, 64
L -1081.3744, 2223.6243, 56.6259,  -1076.6248, 2223.6250, 56.6259,  64, 64, 64
L -1076.6248, 2223.6250, 56.6259,  -1076.6250, 2243.6250, 56.6259,  64, 64, 64
L -1076.6250, 2243.6250, 56.6259,  -1013.3749, 2243.6250, 56.6259,  64, 64, 64
L -1013.3749, 2243.6250, 56.6259,  -1013.3749, 2223.6250, 56.6259,  64, 64, 64
L -1013.3749, 2223.6250, 56.6259,  -1008.6250, 2223.6250, 56.6259,  64, 64, 64
L -1008.6250, 2223.6250, 56.6259,  -1008.6249, 2243.6250, 56.6259,  64, 64, 64
L -1008.6249, 2243.6250, 56.6259,  -989.3749, 2243.6248, 56.6259,  64, 64, 64
L -989.3749, 2243.6248, 56.6259,  -989.3749, 2204.3748, 56.6259,  64, 64, 64
L -989.3749, 2204.3748, 56.6259,  -1008.6250, 2204.3748, 56.6259,  64, 64, 64
L -1008.6250, 2204.3748, 56.6259,  -1008.6254, 2216.3748, 56.6259,  64, 64, 64
L -1008.6254, 2216.3748, 56.6259,  -1013.3749, 2216.3738, 56.6259,  64, 64, 64
L -1013.3749, 2216.3738, 56.6259,  -1013.3749, 2188.3748, 56.6259,  64, 64, 64
L -1013.3749, 2188.3748, 56.6259,  -1040.3748, 2188.3748, 56.6259,  64, 64, 64
L -1040.3748, 2188.3748, 56.6259,  -1040.3749, 2182.6250, 56.6259,  64, 64, 64
L -1040.3749, 2182.6250, 56.6259,  -1038.6250, 2182.6250, 56.6259,  64, 64, 64
L -1038.6250, 2182.6250, 56.6259,  -1038.6249, 2183.6250, 56.6259,  64, 64, 64
L -1038.6249, 2183.6250, 56.6259,  -1015.3618, 2183.6250, 56.6261,  64, 64, 64
L -1015.3618, 2183.6250, 56.6261,  -1015.3759, 2159.6248, 56.6259,  64, 64, 64
L -1015.3759, 2159.6248, 56.6259,  -1008.6245, 2159.6248, 56.6259,  64, 64, 64
L -1008.6245, 2159.6248, 56.6259,  -1008.6250, 2199.6250, 56.6259,  64, 64, 64
L -1008.6250, 2199.6250, 56.6259,  -929.3749, 2199.6250, 56.6259,  64, 64, 64
L -953.3749, 2199.6250, 58.6259,  -953.3749, 2245.6250, 58.6259,  64, 64, 64
L -953.3749, 2245.6250, 58.6259,  -984.6249, 2245.6250, 58.6259,  64, 64, 64
L -984.6249, 2245.6250, 58.6259,  -984.6250, 2199.6250, 58.6259,  64, 64, 64
L -929.3749, 2199.6250, 56.6259,  -929.3749, 2159.6243, 56.6259,  64, 64, 64
L -929.3749, 2159.6243, 56.6259,  -922.6230, 2159.6243, 56.6259,  64, 64, 64
L -922.6230, 2159.6243, 56.6259,  -922.6371, 2183.6250, 56.6259,  64, 64, 64
L -922.6371, 2183.6250, 56.6259,  -899.3749, 2183.6250, 56.6259,  64, 64, 64
L -899.3749, 2183.6250, 56.6259,  -899.3749, 2182.6309, 56.6259,  64, 64, 64
L -899.3749, 2182.6309, 56.6259,  -897.6250, 2182.6226, 56.6259,  64, 64, 64
L -897.6250, 2182.6226, 56.6259,  -897.6250, 2188.3743, 56.6259,  64, 64, 64
L -897.6250, 2188.3743, 56.6259,  -924.6250, 2188.3748, 56.6259,  64, 64, 64
L -924.6250, 2188.3748, 56.6259,  -924.6250, 2216.3743, 56.6259,  64, 64, 64
L -924.6250, 2216.3743, 56.6259,  -929.3749, 2216.3748, 56.6259,  64, 64, 64
L -929.3749, 2216.3748, 56.6259,  -929.3749, 2204.3748, 56.6259,  64, 64, 64
L -929.3749, 2204.3748, 56.6259,  -948.6250, 2204.3699, 56.6259,  64, 64, 64
L -948.6250, 2204.3699, 56.6259,  -948.6249, 2243.6250, 56.6259,  64, 64, 64
L -948.6249, 2243.6250, 56.6259,  -929.3740, 2243.6250, 56.6259,  64, 64, 64
L -929.3740, 2243.6250, 56.6259,  -929.3749, 2223.6250, 56.6259,  64, 64, 64
L -929.3749, 2223.6250, 56.6259,  -924.6250, 2223.6250, 56.6259,  64, 64, 64
L -924.6250, 2223.6250, 56.6259,  -924.6249, 2243.6250, 56.6259,  64, 64, 64
L -924.6249, 2243.6250, 56.6259,  -861.3735, 2243.6250, 56.6259,  64, 64, 64
L -861.3735, 2243.6250, 56.6259,  -861.3749, 2223.6221, 56.6259,  64, 64, 64
L -861.3749, 2223.6221, 56.6259,  -856.6249, 2223.6438, 56.6259,  64, 64, 64
L -856.6249, 2223.6438, 56.6259,  -856.6249, 2243.6248, 56.6259,  64, 64, 64
L -856.6249, 2243.6248, 56.6259,  -837.3749, 2243.6250, 56.6259,  64, 64, 64
L -837.3749, 2243.6250, 56.6259,  -837.3749, 2204.3748, 56.6259,  64, 64, 64
L -837.3749, 2204.3748, 56.6259,  -856.6250, 2204.3748, 56.6259,  64, 64, 64
L -856.6250, 2204.3748, 56.6259,  -856.6407, 2216.3743, 56.6259,  64, 64, 64
L -856.6407, 2216.3743, 56.6259,  -861.3723, 2216.3748, 56.6259,  64, 64, 64
L -861.3723, 2216.3748, 56.6259,  -861.3749, 2188.3748, 56.6259,  64, 64, 64
L -861.3749, 2188.3748, 56.6259,  -888.3749, 2188.3748, 56.6259,  64, 64, 64
L -888.3749, 2188.3748, 56.6259,  -888.3748, 2182.6250, 56.6259,  64, 64, 64
L -888.3748, 2182.6250, 56.6259,  -886.6250, 2182.6250, 56.6259,  64, 64, 64
L -886.6250, 2182.6250, 56.6259,  -886.6249, 2183.6250, 56.6259,  64, 64, 64
L -886.6249, 2183.6250, 56.6259,  -863.3617, 2183.6250, 56.6261,  64, 64, 64
L -863.3617, 2183.6250, 56.6261,  -863.3754, 2159.6243, 56.6259,  64, 64, 64
L -863.3754, 2159.6243, 56.6259,  -856.6248, 2159.6250, 56.6259,  64, 64, 64
L -856.6248, 2159.6250, 56.6259,  -856.6249, 2199.6250, 56.6259,  64, 64, 64
L -856.6249, 2199.6250, 56.6259,  -832.6245, 2199.6250, 56.6259,  64, 64, 64
L -832.6245, 2199.6250, 56.6259,  -832.6250, 2247.6250, 56.6259,  64, 64, 64
L -832.6250, 2247.6250, 56.6259,  -832.6249, 2298.6250, 58.6259,  64, 64, 64
L -832.6249, 2298.6250, 58.6259,  -791.1785, 2298.6250, 60.5379,  64, 64, 64
L -791.1785, 2298.6250, 60.5379,  -791.1785, 2247.6248, 60.5427,  64, 64, 64
L -832.6250, 2247.6248, 56.6259,  -715.6250, 2247.6250, 56.6259,  64, 64, 64
L -715.6250, 2247.6250, 56.6259,  -715.6249, 2250.6250, 56.6259,  64, 64, 64
L -715.6249, 2250.6250, 56.6259,  -628.3749, 2250.6250, 56.6259,  64, 64, 64
L -628.3749, 2250.6250, 56.6259,  -628.3749, 2091.3748, 56.6261,  64, 64, 64
L -628.3749, 2091.3748, 60.6259,  -589.3750, 2091.3748, 60.6259,  64, 64, 64
L -589.3750, 2091.3748, 60.6259,  -589.3749, 2298.6250, 60.6259,  64, 64, 64
L -589.3749, 2298.6250, 60.6259,  -718.8381, 2298.6250, 60.6259,  64, 64, 64
L -718.8381, 2298.6250, 60.6259,  -718.8381, 2247.6248, 60.6259,  64, 64, 64
L -628.3749, 2094.2798, 56.6259,  -632.1099, 2093.3616, 56.6259,  64, 64, 64
L -632.1099, 2093.3616, 56.6259,  -636.9195, 2090.4866, 56.6259,  64, 64, 64
L -636.9195, 2090.4866, 56.6259,  -640.3228, 2085.2544, 56.6259,  64, 64, 64
L -640.3228, 2085.2544, 56.6259,  -641.3864, 2081.0000, 56.6259,  64, 64, 64
L -641.3864, 2081.0000, 56.6259,  -640.3502, 2076.8545, 56.6259,  64, 64, 64
L -640.3502, 2076.8545, 56.6259,  -637.2851, 2071.7461, 56.6259,  64, 64, 64
L -637.2851, 2071.7461, 56.6259,  -632.1479, 2068.6497, 56.6259,  64, 64, 64
L -632.1479, 2068.6497, 56.6259,  -628.4750, 2067.6250, 56.6259,  64, 64, 64
L -628.4750, 2067.6250, 56.6259,  -533.8871, 2067.6248, 56.6032,  64, 64, 64
L -533.8871, 2067.6248, 56.6032,  -325.5851, 2067.6248, 6.6260,  64, 64, 64
L -325.5851, 2067.6248, 6.6260,  -322.6250, 2067.6250, 6.6260,  64, 64, 64
L -322.6249, 2024.3748, 6.6260,  -326.1080, 2024.3749, 6.6330,  64, 64, 64
L -326.1080, 2024.3749, 6.6330,  -529.4968, 2024.3750, 55.5469,  64, 64, 64
L -529.4968, 2024.3750, 55.5469,  -535.5131, 2024.3750, 56.6259,  64, 64, 64
L -535.5131, 2024.3750, 56.6259,  -628.4650, 2024.3748, 56.6259,  64, 64, 64
L -628.4650, 2024.3748, 56.6259,  -632.1450, 2023.3501, 56.6259,  64, 64, 64
L -632.1450, 2023.3501, 56.6259,  -637.2729, 2020.2732, 56.6259,  64, 64, 64
L -637.2729, 2020.2732, 56.6259,  -640.3501, 2015.1449, 56.6259,  64, 64, 64
L -640.3501, 2015.1449, 56.6259,  -641.3286, 2011.2311, 56.6259,  64, 64, 64
L -641.3286, 2011.2311, 56.6259,  -640.3907, 2006.9192, 56.6259,  64, 64, 64
L -640.3907, 2006.9192, 56.6259,  -637.2747, 2001.7273, 56.6259,  64, 64, 64
L -637.2747, 2001.7273, 56.6259,  -632.1450, 1998.6497, 56.6259,  64, 64, 64
L -632.1450, 1998.6497, 56.6259,  -628.3749, 1997.7072, 56.6259,  64, 64, 64
L -628.3749, 2000.6248, 56.6259,  -628.3749, 1894.3749, 56.6259,  64, 64, 64
L -628.3749, 1894.3749, 56.6259,  -709.6250, 1894.3760, 56.6261,  64, 64, 64
L -706.7200, 1894.3760, 56.6261,  -709.7071, 1894.3749, 57.6259,  64, 64, 64
L -628.3749, 2000.6248, 60.6259,  -589.3749, 2000.6250, 60.6259,  64, 64, 64
L -589.3749, 2000.6250, 60.6259,  -589.3749, 1855.3749, 60.6259,  64, 64, 64
L -589.3749, 1855.3749, 60.6259,  -709.6250, 1855.3749, 60.6259,  64, 64, 64
L -709.6250, 1855.3749, 60.6259,  -709.6250, 1894.3760, 60.6259,  64, 64, 64
L -706.8698, 1894.3759, 56.8367,  -707.5964, 1898.5630, 56.6259,  64, 64, 64
L -707.5964, 1898.5630, 56.6259,  -710.7252, 1903.2710, 56.6259,  64, 64, 64
L -710.7252, 1903.2710, 56.6259,  -715.8544, 1906.3499, 56.6259,  64, 64, 64
L -715.8544, 1906.3499, 56.6259,  -720.1000, 1907.3865, 56.6259,  64, 64, 64
L -720.1000, 1907.3865, 56.6259,  -724.1702, 1906.3351, 56.6259,  64, 64, 64
L -724.1702, 1906.3351, 56.6259,  -729.2390, 1903.2936, 56.6259,  64, 64, 64
L -729.2390, 1903.2936, 56.6259,  -732.3564, 1898.1366, 56.6259,  64, 64, 64
L -732.3564, 1898.1366, 56.6259,  -733.3749, 1893.9280, 56.6259,  64, 64, 64
L -733.3749, 1893.9280, 56.6259,  -733.3748, 1545.6249, 56.6259,  64, 64, 64
L -733.3748, 1502.3749, 56.6259,  -733.3749, 1150.9535, 56.6259,  64, 64, 64
L -733.3749, 1150.9535, 56.6259,  -732.3501, 1146.8549, 56.6259,  64, 64, 64
L -732.3501, 1146.8549, 56.6259,  -729.2748, 1141.7289, 56.6259,  64, 64, 64
L -729.2748, 1141.7289, 56.6259,  -724.2507, 1138.7128, 56.6259,  64, 64, 64
L -724.2507, 1138.7128, 56.6259,  -719.9964, 1137.6084, 56.6259,  64, 64, 64
L -719.9964, 1137.6084, 56.6259,  -715.8523, 1138.6509, 56.6259,  64, 64, 64
L -715.8523, 1138.6509, 56.6259,  -710.7208, 1141.7300, 56.6259,  64, 64, 64
L -710.7208, 1141.7300, 56.6259,  -707.6498, 1146.8533, 56.6259,  64, 64, 64
L -707.6498, 1146.8533, 56.6259,  -706.6249, 1150.9540, 56.6259,  64, 64, 64
L -706.6249, 1150.9540, 56.6259,  -706.6249, 1191.5624, 56.6259,  64, 64, 64
L -863.6249, 2007.8444, 56.6259,  -898.8474, 1972.6238, 56.6259,  127, 127, 127
L -898.8474, 1972.6238, 56.6259,  -1035.1675, 1972.6371, 56.6259,  127, 127, 127
L -1035.1675, 1972.6371, 56.6259,  -1070.3748, 2007.8444, 56.6259,  127, 127, 127
L -1070.3748, 2007.8444, 56.6259,  -1070.3749, 2080.1182, 56.6259,  127, 127, 127
L -1070.3749, 2080.1182, 56.6668,  -1035.1543, 2115.3572, 56.6291,  127, 127, 127
L -1035.1543, 2115.3572, 56.6433,  -898.8445, 2115.3748, 56.6259,  127, 127, 127
L -898.8445, 2115.3748, 56.6259,  -863.6245, 2080.1543, 56.6259,  127, 127, 127
L -863.6245, 2080.1543, 56.6259,  -863.6249, 2007.8444, 56.6259,  127, 127, 127
L -865.6375, 2007.8318, 58.6259,  -898.8448, 1974.6244, 58.6259,  127, 127, 127
L -898.8448, 1974.6244, 58.6259,  -1035.1552, 1974.6249, 58.6259,  127, 127, 127
L -1035.1552, 1974.6249, 58.6259,  -1068.3750, 2007.8451, 58.6259,  127, 127, 127
L -1068.3750, 2007.8451, 58.6259,  -1068.3622, 2080.2227, 58.6259,  127, 127, 127
L -1068.3622, 2080.2227, 58.6259,  -1035.1624, 2113.3660, 58.6259,  127, 127, 127
L -1035.1624, 2113.3660, 58.6259,  -898.8369, 2113.3672, 58.6259,  127, 127, 127
L -898.8369, 2113.3672, 58.6259,  -865.6245, 2080.1543, 58.6259,  127, 127, 127
L -865.6245, 2080.1543, 58.6259,  -865.6375, 2007.8318, 58.6259,  127, 127, 127
L -866.6375, 2007.8307, 59.6259,  -898.8500, 1975.6370, 59.6259,  127, 127, 127
L -898.8500, 1975.6370, 59.6259,  -1035.1498, 1975.6370, 59.6259,  127, 127, 127
L -1035.1498, 1975.6370, 59.6259,  -1067.3628, 2007.8495, 59.6259,  127, 127, 127
L -1067.3628, 2007.8495, 59.6261,  -1067.3621, 2080.1475, 59.6285,  127, 127, 127
L -1067.3621, 2080.1475, 59.6330,  -1035.1509, 2112.3577, 59.6366,  127, 127, 127
L -1035.1509, 2112.3577, 59.6428,  -898.8499, 2112.3611, 59.6313,  127, 127, 127
L -898.8499, 2112.3611, 59.6285,  -866.6241, 2080.1548, 59.6259,  127, 127, 127
L -866.6241, 2080.1548, 59.6259,  -866.6375, 2007.8307, 59.6259,  127, 127, 127
L -870.6250, 2016.3749, 60.6259,  -870.6250, 2007.8444, 60.6259,  127, 127, 127
L -870.6250, 2007.8444, 60.6259,  -898.8445, 1979.6250, 60.6259,  127, 127, 127
L -898.8445, 1979.6250, 60.6259,  -907.3751, 1979.6250, 60.6259,  127, 127, 127
L -907.3751, 1979.6250, 60.6259,  -907.3749, 1988.3749, 60.6259,  127, 127, 127
L -907.3749, 1988.3749, 60.6259,  -899.1553, 1988.3749, 60.6259,  127, 127, 127
L -899.1553, 1988.3749, 60.6259,  -879.3749, 2008.1552, 60.6259,  127, 127, 127
L -879.3749, 2008.1552, 60.6259,  -879.3749, 2016.3749, 60.6259,  127, 127, 127
L -879.3749, 2016.3749, 60.6259,  -870.6250, 2016.3749, 60.6259,  127, 127, 127
L -962.6250, 1988.3749, 60.6259,  -962.6250, 1979.6250, 60.6259,  127, 127, 127
L -962.6250, 1979.6250, 60.6259,  -971.3749, 1979.6250, 60.6259,  127, 127, 127
L -971.3749, 1979.6250, 60.6259,  -971.3749, 1988.3748, 60.6259,  127, 127, 127
L -971.3749, 1988.3748, 60.6259,  -962.6250, 1988.3749, 60.6259,  127, 127, 127
L -1026.6250, 1988.3749, 60.6259,  -1026.6250, 1979.6249, 60.6259,  127, 127, 127
L -1026.6250, 1979.6249, 60.6259,  -1035.1554, 1979.6249, 60.6259,  127, 127, 127
L -1035.1554, 1979.6249, 60.6259,  -1063.3750, 2007.8450, 60.6259,  127, 127, 127
L -1063.3750, 2007.8450, 60.6259,  -1063.3749, 2016.3748, 60.6259,  127, 127, 127
L -1063.3749, 2016.3748, 60.6259,  -1054.6250, 2016.3749, 60.6259,  127, 127, 127
L -1054.6250, 2016.3749, 60.6259,  -1054.6250, 2008.1552, 60.6259,  127, 127, 127
L -1054.6250, 2008.1552, 60.6259,  -1034.8444, 1988.3749, 60.6259,  127, 127, 127
L -1034.8444, 1988.3749, 60.6259,  -1026.6250, 1988.3749, 60.6259,  127, 127, 127
L -1054.6250, 2071.6250, 60.6259,  -1063.3750, 2071.6250, 60.6259,  127, 127, 127
L -1063.3750, 2071.6250, 60.6259,  -1063.3748, 2080.1553, 60.6259,  127, 127, 127
L -1063.3748, 2080.1553, 60.6259,  -1035.1552, 2108.3748, 60.6259,  127, 127, 127
L -1035.1552, 2108.3748, 60.6259,  -1026.6244, 2108.3748, 60.6259,  127, 127, 127
L -1026.6244, 2108.3748, 60.6259,  -1026.6250, 2099.6243, 60.6259,  127, 127, 127
L -1026.6250, 2099.6243, 60.6259,  -1034.8445, 2099.6250, 60.6259,  127, 127, 127
L -1034.8445, 2099.6250, 60.6259,  -1054.6249, 2079.8445, 60.6259,  127, 127, 127
L -1054.6249, 2079.8445, 60.6259,  -1054.6250, 2071.6250, 60.6259,  127, 127, 127
L -971.3749, 2099.6248, 60.6259,  -971.3749, 2108.3748, 60.6259,  127, 127, 127
L -971.3749, 2108.3748, 60.6259,  -962.6250, 2108.3743, 60.6259,  127, 127, 127
L -962.6250, 2108.3743, 60.6259,  -962.6250, 2099.6238, 60.6259,  127, 127, 127
L -962.6250, 2099.6238, 60.6259,  -971.3749, 2099.6248, 60.6259,  127, 127, 127
L -907.3749, 2108.3748, 60.6259,  -898.8445, 2108.3743, 60.6259,  127, 127, 127
L -898.8445, 2108.3743, 60.6259,  -870.6250, 2080.1548, 60.6259,  127, 127, 127
L -870.6250, 2080.1548, 60.6259,  -870.6250, 2071.6250, 60.6259,  127, 127, 127
L -870.6250, 2071.6250, 60.6259,  -879.3749, 2071.6250, 60.6259,  127, 127, 127
L -879.3749, 2071.6250, 60.6259,  -879.3748, 2079.8445, 60.6259,  127, 127, 127
L -879.3748, 2079.8445, 60.6259,  -899.1554, 2099.6248, 60.6259,  127, 127, 127
L -899.1554, 2099.6248, 60.6259,  -907.3749, 2099.6365, 60.6259,  127, 127, 127
L -907.3749, 2099.6365, 60.6259,  -907.3749, 2108.3748, 60.6259,  127, 127, 127
L -897.3749, 2159.6243, 56.6259,  -897.3749, 2168.3743, 56.6259,  64, 64, 64
L -897.3749, 2168.3743, 56.6259,  -888.6250, 2168.3748, 56.6259,  64, 64, 64
L -888.6250, 2168.3748, 56.6259,  -888.6249, 2159.6250, 56.6259,  64, 64, 64
L -888.6249, 2159.6250, 56.6259,  -897.3749, 2159.6243, 56.6259,  64, 64, 64
L -1040.6250, 2168.3750, 56.6259,  -1040.6248, 2159.6243, 56.6259,  64, 64, 64
L -1040.6248, 2159.6243, 56.6259,  -1049.3750, 2159.6250, 56.6259,  64, 64, 64
L -1049.3750, 2159.6250, 56.6259,  -1049.3748, 2168.3750, 56.6259,  64, 64, 64
L -1049.3748, 2168.3750, 56.6259,  -1040.6250, 2168.3750, 56.6259,  64, 64, 64
L -1049.3748, 1932.6250, 56.6259,  -1049.3749, 1941.3749, 56.6259,  64, 64, 64
L -1049.3749, 1941.3749, 56.6259,  -1040.6244, 1941.3749, 56.6259,  64, 64, 64
L -1040.6244, 1941.3749, 56.6259,  -1040.6250, 1932.6244, 56.6259,  64, 64, 64
L -1040.6250, 1932.6244, 56.6259,  -1049.3748, 1932.6250, 56.6259,  64, 64, 64
L -897.3749, 1932.6249, 56.6259,  -897.3749, 1941.3750, 56.6259,  64, 64, 64
L -897.3749, 1941.3750, 56.6259,  -888.6246, 1941.3743, 56.6259,  64, 64, 64
L -888.6246, 1941.3743, 56.6259,  -888.6249, 1932.6244, 56.6259,  64, 64, 64
L -888.6249, 1932.6244, 56.6259,  -897.3749, 1932.6249, 56.6259,  64, 64, 64
L -875.0000, 2008.5801, 63.6259,  -877.2794, 2009.7201, 63.6259,  64, 64, 64
L -877.2794, 2009.7201, 63.6259,  -878.4192, 2012.0000, 63.6259,  64, 64, 64
L -878.4192, 2012.0000, 63.6259,  -877.2794, 2014.2793, 63.6259,  64, 64, 64
L -877.2794, 2014.2793, 63.6259,  -874.9999, 2015.4192, 63.6259,  64, 64, 64
L -874.9999, 2015.4192, 63.6259,  -872.7205, 2014.2793, 63.6259,  64, 64, 64
L -872.7205, 2014.2793, 63.6259,  -871.5806, 2011.9994, 63.6259,  64, 64, 64
L -871.5806, 2011.9994, 63.6259,  -872.7204, 2009.7205, 63.6259,  64, 64, 64
L -872.7204, 2009.7205, 63.6259,  -875.0000, 2008.5801, 63.6259,  64, 64, 64
L -899.5806, 1983.9998, 63.6259,  -900.7205, 1981.7201, 63.6259,  64, 64, 64
L -900.7205, 1981.7201, 63.6259,  -902.9872, 1980.5868, 63.6259,  64, 64, 64
L -902.9872, 1980.5868, 63.6259,  -905.2784, 1981.7179, 63.6259,  64, 64, 64
L -905.2784, 1981.7179, 63.6259,  -906.4192, 1983.9999, 63.6259,  64, 64, 64
L -906.4192, 1983.9999, 63.6259,  -905.2794, 1986.2793, 63.6259,  64, 64, 64
L -905.2794, 1986.2793, 63.6259,  -902.9999, 1987.4191, 63.6259,  64, 64, 64
L -902.9999, 1987.4191, 63.6259,  -900.7205, 1986.2793, 63.6259,  64, 64, 64
L -900.7205, 1986.2793, 63.6259,  -899.5806, 1983.9998, 63.6259,  64, 64, 64
L -964.7209, 1981.7200, 63.6259,  -967.3500, 1980.5785, 63.6259,  64, 64, 64
L -967.3500, 1980.5785, 63.6259,  -969.2798, 1981.7206, 63.6259,  64, 64, 64
L -969.2798, 1981.7206, 63.6259,  -970.4153, 1983.9921, 63.6259,  64, 64, 64
L -970.4153, 1983.9921, 63.6259,  -969.2813, 1986.2782, 63.6259,  64, 64, 64
L -969.2813, 1986.2782, 63.6259,  -966.9998, 1987.4192, 63.6259,  64, 64, 64
L -966.9998, 1987.4192, 63.6259,  -964.7201, 1986.2787, 63.6259,  64, 64, 64
L -964.7201, 1986.2787, 63.6259,  -963.5788, 1983.9961, 63.6259,  64, 64, 64
L -963.5788, 1983.9961, 63.6259,  -964.7209, 1981.7200, 63.6259,  64, 64, 64
L -1028.7255, 1986.2819, 63.6259,  -1027.5796, 1983.9994, 63.6259,  64, 64, 64
L -1027.5796, 1983.9994, 63.6259,  -1028.7211, 1981.7251, 63.6259,  64, 64, 64
L -1028.7211, 1981.7251, 63.6259,  -1031.2699, 1980.5784, 63.6259,  64, 64, 64
L -1031.2699, 1980.5784, 63.6259,  -1033.2793, 1981.7205, 63.6259,  64, 64, 64
L -1033.2793, 1981.7205, 63.6259,  -1034.4186, 1983.9988, 63.6259,  64, 64, 64
L -1034.4186, 1983.9988, 63.6259,  -1033.2793, 1986.2793, 63.6259,  64, 64, 64
L -1033.2793, 1986.2793, 63.6259,  -1031.0000, 1987.4192, 63.6259,  64, 64, 64
L -1031.0000, 1987.4192, 63.6259,  -1028.7255, 1986.2819, 63.6259,  64, 64, 64
L -1058.9998, 2008.5801, 63.6259,  -1061.2793, 2009.7201, 63.6259,  64, 64, 64
L -1061.2793, 2009.7201, 63.6259,  -1062.4152, 2011.9922, 63.6259,  64, 64, 64
L -1062.4152, 2011.9922, 63.6259,  -1061.2814, 2014.2782, 63.6259,  64, 64, 64
L -1061.2814, 2014.2782, 63.6259,  -1058.9977, 2015.4198, 63.6259,  64, 64, 64
L -1058.9977, 2015.4198, 63.6259,  -1056.7201, 2014.2787, 63.6259,  64, 64, 64
L -1056.7201, 2014.2787, 63.6259,  -1055.5796, 2011.9977, 63.6259,  64, 64, 64
L -1055.5796, 2011.9977, 63.6259,  -1056.7201, 2009.7211, 63.6259,  64, 64, 64
L -1056.7201, 2009.7211, 63.6259,  -1058.9998, 2008.5801, 63.6259,  64, 64, 64
L -1058.9999, 2072.5801, 63.6259,  -1061.2793, 2073.7200, 63.6259,  64, 64, 64
L -1061.2793, 2073.7200, 63.6259,  -1062.4153, 2075.9932, 63.6259,  64, 64, 64
L -1062.4153, 2075.9932, 63.6259,  -1061.2804, 2078.2776, 63.6259,  64, 64, 64
L -1061.2804, 2078.2776, 63.6259,  -1059.1780, 2079.4102, 63.6259,  64, 64, 64
L -1059.1780, 2079.4102, 63.6259,  -1056.7216, 2078.2815, 63.6259,  64, 64, 64
L -1056.7216, 2078.2815, 63.6259,  -1055.5806, 2075.9998, 63.6259,  64, 64, 64
L -1055.5806, 2075.9998, 63.6259,  -1056.7201, 2073.7200, 63.6259,  64, 64, 64
L -1056.7201, 2073.7200, 63.6259,  -1058.9999, 2072.5801, 63.6259,  64, 64, 64
L -1033.2813, 2106.2781, 63.6259,  -1031.0000, 2107.4185, 63.6259,  64, 64, 64
L -1031.0000, 2107.4185, 63.6259,  -1028.7206, 2106.2793, 63.6259,  64, 64, 64
L -1028.7206, 2106.2793, 63.6259,  -1027.5784, 2103.9949, 63.6259,  64, 64, 64
L -1027.5784, 2103.9949, 63.6259,  -1028.7206, 2101.7195, 63.6259,  64, 64, 64
L -1028.7206, 2101.7195, 63.6259,  -1031.3500, 2100.5784, 63.6259,  64, 64, 64
L -1031.3500, 2100.5784, 63.6259,  -1033.2793, 2101.7205, 63.6259,  64, 64, 64
L -1033.2793, 2101.7205, 63.6259,  -1034.4158, 2103.9932, 63.6259,  64, 64, 64
L -1034.4158, 2103.9932, 63.6259,  -1033.2813, 2106.2781, 63.6259,  64, 64, 64
L -966.9999, 2107.4192, 63.6259,  -964.7202, 2106.2791, 63.6259,  64, 64, 64
L -964.7202, 2106.2791, 63.6259,  -963.5788, 2103.9961, 63.6259,  64, 64, 64
L -963.5788, 2103.9961, 63.6259,  -964.7208, 2101.7200, 63.6259,  64, 64, 64
L -964.7208, 2101.7200, 63.6259,  -967.1000, 2100.5806, 63.6259,  64, 64, 64
L -967.1000, 2100.5806, 63.6259,  -969.2794, 2101.7200, 63.6259,  64, 64, 64
L -969.2794, 2101.7200, 63.6259,  -970.4193, 2103.9998, 63.6259,  64, 64, 64
L -970.4193, 2103.9998, 63.6259,  -969.2794, 2106.2793, 63.6259,  64, 64, 64
L -969.2794, 2106.2793, 63.6259,  -966.9999, 2107.4192, 63.6259,  64, 64, 64
L -899.3749, 2008.3749, 56.4861,  -1034.6250, 2008.3722, 56.4902,  0, 0, 240
L -1034.6250, 2008.3722, 56.4902,  -1034.6249, 2079.6250, 56.4902,  0, 0, 240
L -1034.6249, 2079.6250, 56.4902,  -899.3749, 2079.6250, 56.4913,  0, 0, 240
L -899.3749, 2079.6250, 56.4913,  -899.3749, 2008.3749, 56.4913,  0, 0, 240
L -877.2794, 2078.2793, 63.6259,  -875.0000, 2079.4185, 63.6259,  64, 64, 64
L -875.0000, 2079.4185, 63.6259,  -872.7205, 2078.2793, 63.6259,  64, 64, 64
L -872.7205, 2078.2793, 63.6259,  -871.5806, 2075.9998, 63.6259,  64, 64, 64
L -871.5806, 2075.9998, 63.6259,  -872.7204, 2073.7200, 63.6259,  64, 64, 64
L -872.7204, 2073.7200, 63.6259,  -875.0000, 2072.5801, 63.6259,  64, 64, 64
L -875.0000, 2072.5801, 63.6259,  -877.2794, 2073.7200, 63.6259,  64, 64, 64
L -877.2794, 2073.7200, 63.6259,  -878.4192, 2075.9998, 63.6259,  64, 64, 64
L -878.4192, 2075.9998, 63.6259,  -877.2794, 2078.2793, 63.6259,  64, 64, 64
L -899.5806, 2103.9998, 63.6259,  -900.7205, 2101.7200, 63.6259,  64, 64, 64
L -900.7205, 2101.7200, 63.6259,  -902.9995, 2100.5801, 63.6259,  64, 64, 64
L -902.9995, 2100.5801, 63.6259,  -905.2795, 2101.7205, 63.6259,  64, 64, 64
L -905.2795, 2101.7205, 63.6259,  -906.4189, 2103.9998, 63.6259,  64, 64, 64
L -906.4189, 2103.9998, 63.6259,  -905.2794, 2106.2793, 63.6259,  64, 64, 64
L -905.2794, 2106.2793, 63.6259,  -902.9998, 2107.4185, 63.6259,  64, 64, 64
L -902.9998, 2107.4185, 63.6259,  -900.7205, 2106.2793, 63.6259,  64, 64, 64
L -900.7205, 2106.2793, 63.6259,  -899.5806, 2103.9998, 63.6259,  64, 64, 64
L -982.6250, 2202.3716, 57.6259,  -982.6249, 2243.6250, 57.6259,  0, 127, 0
L -982.6249, 2243.6250, 57.6259,  -955.3735, 2243.6250, 57.6259,  0, 127, 0
L -955.3735, 2243.6250, 57.6259,  -955.3749, 2202.3748, 57.6259,  0, 127, 0
L -955.3749, 2202.3748, 57.6259,  -982.6250, 2202.3704, 57.6259,  0, 127, 0
L -1107.3737, 2243.6250, 57.6259,  -1107.3750, 2202.3748, 57.6259,  0, 127, 0
L -1107.3750, 2202.3748, 57.6259,  -1166.1592, 2202.3748, 57.6259,  0, 127, 0
L -1166.1592, 2202.3748, 57.6259,  -1194.3750, 2173.1509, 57.6259,  0, 127, 0
L -1194.3750, 2173.1509, 57.6259,  -1194.3423, 2082.3423, 57.6259,  0, 127, 0
L -1194.3423, 2082.3423, 57.6259,  -1235.6425, 2082.3523, 57.6447,  0, 127, 0
L -1235.6425, 2082.3523, 57.6447,  -1235.6250, 2172.8445, 57.6259,  0, 127, 0
L -1235.6250, 2172.8445, 57.6259,  -1164.8136, 2243.6553, 57.6259,  0, 127, 0
L -1164.8136, 2243.6553, 57.6259,  -1107.3512, 2243.6470, 57.6584,  0, 127, 0
L -1235.6250, 2003.6249, 57.6259,  -1194.3749, 2003.6250, 57.6259,  0, 127, 0
L -1194.3749, 2003.6250, 57.6259,  -1194.3622, 1898.6248, 57.6259,  0, 127, 0
L -1194.3622, 1898.6248, 57.6259,  -1107.3733, 1898.6250, 57.6259,  0, 127, 0
L -1107.3733, 1898.6250, 57.6259,  -1107.3749, 1857.3749, 57.6259,  0, 127, 0
L -1107.3749, 1857.3749, 57.6259,  -1235.6250, 1857.3749, 57.6259,  0, 127, 0
L -1235.6250, 1857.3749, 57.6259,  -1235.6250, 2003.6249, 57.6259,  0, 127, 0
L -955.3736, 1898.6250, 57.6259,  -955.3749, 1857.3749, 57.6259,  0, 127, 0
L -955.3749, 1857.3749, 57.6259,  -982.6250, 1857.3715, 57.6259,  0, 127, 0
L -982.6250, 1857.3715, 57.6259,  -982.6249, 1898.6250, 57.6259,  0, 127, 0
L -982.6249, 1898.6250, 57.6259,  -955.3749, 1898.6250, 57.6259,  0, 127, 0
L -803.3741, 1890.6250, 58.6259,  -803.3749, 1857.3749, 58.6259,  0, 127, 0
L -803.3749, 1857.3749, 58.6259,  -829.6250, 1857.3721, 58.6259,  0, 127, 0
L -829.6250, 1857.3721, 58.6259,  -829.6249, 1890.6250, 58.6259,  0, 127, 0
L -829.6249, 1890.6250, 58.6259,  -803.3749, 1890.6250, 58.6259,  0, 127, 0
L -800.3749, 1894.3750, 60.6259,  -800.3749, 1855.3749, 60.6259,  64, 64, 64
L -800.3749, 1855.3749, 60.6259,  -832.6249, 1855.3749, 60.6259,  64, 64, 64
L -832.6249, 1855.3749, 60.6259,  -832.6249, 1894.3705, 60.6259,  64, 64, 64
L -591.3749, 1997.6250, 58.6259,  -591.3749, 1857.3749, 58.6259,  0, 127, 0
L -591.3749, 1857.3749, 58.6259,  -706.6250, 1857.3749, 58.6259,  0, 127, 0
L -706.6250, 1857.3749, 58.6259,  -706.6250, 1890.6249, 58.6259,  0, 127, 0
L -706.6250, 1890.6249, 58.6259,  -624.6250, 1890.6249, 58.6259,  0, 127, 0
L -624.6250, 1890.6249, 58.6259,  -624.6250, 1997.6249, 58.6259,  0, 127, 0
L -624.6250, 1997.6249, 58.6259,  -591.3745, 1997.6250, 58.6259,  0, 127, 0
L -591.3749, 2094.3748, 58.6259,  -624.6250, 2094.3748, 58.6259,  0, 127, 0
L -624.6250, 2094.3748, 58.6259,  -624.6249, 2254.3750, 58.6259,  0, 127, 0
L -624.6249, 2254.3750, 58.6259,  -715.6250, 2254.3677, 58.6259,  0, 127, 0
L -715.6250, 2254.3677, 58.6259,  -715.6250, 2296.6250, 58.6259,  0, 127, 0
L -715.6250, 2296.6250, 58.6259,  -591.3749, 2296.6250, 58.6259,  0, 127, 0
L -591.3749, 2296.6250, 58.6259,  -591.3749, 2094.3748, 58.6259,  0, 127, 0
L -830.6250, 2250.3721, 57.6259,  -830.6250, 2296.6248, 57.6259,  0, 127, 0
L -830.6250, 2296.6248, 57.6259,  -794.3737, 2296.6250, 57.6259,  0, 127, 0
L -794.3737, 2296.6250, 57.6259,  -794.3749, 2250.3748, 57.6259,  0, 127, 0
L -794.3749, 2250.3748, 57.6259,  -830.6250, 2250.3743, 57.6259,  0, 127, 0
L -167.6250, 1844.3749, 3.2070,  -167.6250, 2015.6250, 3.2070,  0, 0, 255
L -168.3750, 2015.6250, 3.2070,  -159.6250, 2015.6250, 3.2070,  0, 0, 255
L -159.6250, 2015.6250, 3.2070,  -159.6250, 2076.3748, 3.2070,  0, 0, 255
L -159.6250, 2076.3748, 3.2070,  -168.3750, 2076.3748, 3.2070,  0, 0, 255
L -167.6250, 2076.3748, 3.2070,  -167.6250, 2247.6250, 3.2070,  0, 0, 255
L -167.6250, 2247.6248, 3.2070,  -56.3748, 2247.6250, 3.2070,  0, 0, 255
L -56.3748, 2247.6248, 3.2070,  -56.3750, 2076.3748, 3.2070,  0, 0, 255
L -55.6250, 2076.3748, 3.2070,  -64.3751, 2076.3748, 3.2070,  0, 0, 255
L -64.3751, 2076.3748, 3.2070,  -64.3750, 2015.6248, 3.2070,  0, 0, 255
L -64.3750, 2015.6248, 3.2050,  -55.6250, 2015.6250, 3.2050,  0, 0, 255
L -56.3750, 2015.6250, 3.2050,  -56.3697, 1975.6250, 3.2050,  0, 0, 255
L -56.3697, 1975.6250, 3.2050,  201.6250, 1975.6250, 3.2050,  0, 0, 255
L 201.6250, 1976.3711, 3.2050,  201.6250, 1967.6244, 3.2050,  0, 0, 255
L 201.6250, 1967.6244, 3.2050,  262.3750, 1967.6250, 3.2050,  0, 0, 255
L 262.3750, 1967.6250, 3.2050,  262.3750, 1976.3749, 3.2050,  0, 0, 255
L 262.3750, 1975.6250, 3.2050,  520.3749, 1975.6250, 3.2050,  0, 0, 255
L 520.3749, 1975.6250, 3.2050,  520.3741, 2015.6250, 3.2050,  0, 0, 255
L 519.6250, 2015.6221, 3.2050,  528.3749, 2015.6554, 3.2050,  0, 0, 255
L 528.3749, 2015.6554, 3.2050,  528.3749, 2076.3743, 3.2050,  0, 0, 255
L 528.3749, 2076.3743, 3.2050,  519.6250, 2076.3748, 3.2050,  0, 0, 255
L 520.3749, 2076.3748, 3.2050,  520.3736, 2247.6243, 3.2050,  0, 0, 255
L 520.3736, 2247.6250, 3.2050,  631.6250, 2247.6250, 3.2050,  0, 0, 255
L 631.6250, 2247.6243, 3.2050,  631.6250, 2076.3748, 3.2050,  0, 0, 255
L 632.3749, 2076.3748, 3.2050,  623.6250, 2076.3748, 3.2050,  0, 0, 255
L 623.6250, 2076.3748, 3.2050,  623.6250, 2015.6248, 3.1540,  0, 0, 255
L 623.6250, 2015.6248, 3.1540,  632.3749, 2015.6249, 3.1540,  0, 0, 255
L 631.6248, 2015.6249, 3.1540,  631.6250, 1844.3749, 3.1540,  0, 0, 255
L 631.6250, 1844.3749, 3.1540,  304.3750, 1844.3749, 3.1540,  0, 0, 255
L 304.3750, 1844.3749, 3.1540,  304.3750, 1916.3749, 3.1540,  0, 0, 255
L 304.3750, 1916.3749, 3.1540,  262.3750, 1916.3749, 3.1540,  0, 0, 255
L 262.3752, 1915.6250, 3.1540,  262.3724, 1924.3749, 3.1540,  0, 0, 255
L 262.3724, 1924.3749, 3.1540,  201.6250, 1924.3749, 3.1330,  0, 0, 255
L 201.6250, 1924.3749, 3.1330,  201.6250, 1915.6250, 3.1330,  0, 0, 255
L 201.6250, 1916.3738, 3.1330,  159.6250, 1916.3749, 3.1330,  0, 0, 255
L 159.6250, 1916.3749, 3.1330,  159.6250, 1844.3749, 3.1330,  0, 0, 255
L 159.6250, 1844.3749, 3.1330,  -167.6250, 1844.3722, 3.1330,  0, 0, 255
L -864.6249, 2007.8444, 57.6259,  -898.8445, 1973.6249, 57.6259,  127, 127, 127
L -898.8445, 1973.6249, 57.6259,  -1035.1552, 1973.6249, 57.6259,  127, 127, 127
L -1035.1552, 1973.6249, 57.6259,  -1069.3726, 2007.8423, 57.6259,  127, 127, 127
L -1069.3726, 2007.8423, 57.6259,  -1069.3749, 2080.1553, 57.6259,  127, 127, 127
L -1069.3749, 2080.1553, 57.6259,  -1035.1554, 2114.3748, 57.6259,  127, 127, 127
L -1035.1554, 2114.3748, 57.6259,  -898.8306, 2114.3611, 57.6308,  127, 127, 127
L -898.8306, 2114.3611, 57.6259,  -864.6249, 2080.1548, 57.6259,  127, 127, 127
L -864.6249, 2080.1548, 57.6259,  -864.6249, 2007.8444, 57.6259,  127, 127, 127
L -733.3748, 1545.6249, 56.6259,  -688.3719, 1545.6249, 56.3207,  64, 64, 64
L -688.3719, 1545.6249, 55.8950,  -650.6320, 1545.6244, 51.8140,  64, 64, 64
L -650.6320, 1545.6244, 51.8140,  -329.6745, 1545.6248, -71.1060,  64, 64, 64
L -329.6745, 1545.6248, -71.1060,  -208.6245, 1545.6249, -71.3739,  64, 64, 64
L -34.8986, 1502.3611, -71.3679,  -329.1476, 1502.3749, -71.3067,  64, 64, 64
L -329.1476, 1502.3749, -71.3067,  -660.8107, 1502.3750, 55.4110,  64, 64, 64
L -660.8107, 1502.3750, 55.4110,  -665.4872, 1502.3749, 56.6259,  64, 64, 64
L -665.4872, 1502.3749, 56.6259,  -733.3748, 1502.3749, 56.6259,  64, 64, 64
L -208.6245, 1545.6249, -71.3739,  -208.6383, 1615.6250, -71.3739,  64, 64, 64
L -208.6383, 1615.6250, -71.3739,  -195.3750, 1615.6250, -71.3739,  64, 64, 64
L -195.3750, 1615.6250, -71.3739,  -195.3750, 1614.6250, -71.3739,  64, 64, 64
L -195.3750, 1614.6250, -71.3739,  -193.6250, 1614.6250, -71.3739,  64, 64, 64
L -193.6250, 1614.6250, -71.3739,  -193.6250, 1625.3750, -71.3739,  64, 64, 64
L -193.6250, 1625.3750, -71.3739,  -195.3592, 1625.3733, -71.3739,  64, 64, 64
L -195.3592, 1625.3733, -71.3739,  -195.3750, 1624.3749, -71.3739,  64, 64, 64
L -195.3750, 1624.3749, -71.3739,  -223.6250, 1624.3726, -71.3739,  64, 64, 64
L -223.6250, 1624.3726, -71.3739,  -223.6250, 1703.3748, -71.3739,  64, 64, 64
L -223.6250, 1703.3748, -71.3739,  -244.3750, 1703.3749, -71.3739,  64, 64, 64
L -244.3750, 1703.3749, -71.3739,  -244.3750, 1624.3749, -71.3739,  64, 64, 64
L -244.3750, 1624.3749, -71.3739,  -263.6250, 1624.3726, -71.3739,  64, 64, 64
L -263.6250, 1624.3726, -71.3739,  -263.6250, 1647.3748, -71.3739,  64, 64, 64
L -263.6250, 1647.3748, -71.3739,  -268.3750, 1647.3749, -71.3739,  64, 64, 64
L -268.3750, 1647.3749, -71.3739,  -268.3750, 1640.3749, -71.3739,  64, 64, 64
L -268.3750, 1640.3749, -71.3739,  -291.6250, 1640.3726, -71.3739,  64, 64, 64
L -291.6250, 1640.3726, -71.3739,  -291.6250, 1663.6250, -71.3739,  64, 64, 64
L -291.6250, 1663.6250, -71.3739,  -268.3750, 1663.6250, -71.3739,  64, 64, 64
L -268.3750, 1663.6250, -71.3739,  -268.3749, 1656.6250, -71.3739,  64, 64, 64
L -268.3749, 1656.6250, -71.3739,  -263.6250, 1656.6250, -71.3739,  64, 64, 64
L -263.6250, 1656.6250, -71.3739,  -263.6250, 1703.3748, -71.3739,  64, 64, 64
L -263.6250, 1703.3748, -71.3739,  -268.3750, 1703.3749, -71.3739,  64, 64, 64
L -268.3750, 1703.3749, -71.3739,  -268.3750, 1696.3749, -71.3739,  64, 64, 64
L -268.3750, 1696.3749, -71.3739,  -291.6250, 1696.3722, -71.3739,  64, 64, 64
L -291.6250, 1696.3722, -71.3739,  -291.6250, 1719.6250, -71.3739,  64, 64, 64
L -291.6250, 1719.6250, -71.3739,  -268.3750, 1719.6250, -71.3739,  64, 64, 64
L -268.3750, 1719.6250, -71.3739,  -268.3389, 1712.6248, -71.3739,  64, 64, 64
L -268.3389, 1712.6248, -71.3739,  -263.6250, 1712.6250, -71.3739,  64, 64, 64
L -263.6250, 1712.6250, -71.3739,  -263.6250, 1719.6249, -71.3739,  64, 64, 64
L -263.6250, 1719.6249, -71.3739,  -199.6250, 1719.6250, -71.3739,  64, 64, 64
L -199.6250, 1719.6250, -71.3739,  -199.6250, 1728.3727, -71.3739,  64, 64, 64
L -199.6250, 1728.3727, -71.3739,  -267.6250, 1728.3749, -71.3739,  64, 64, 64
L -267.6250, 1728.3749, -71.3739,  -267.6250, 1779.6250, -71.3739,  64, 64, 64
L -267.6250, 1779.6250, -71.3739,  -106.3747, 1779.6250, -71.3739,  64, 64, 64
L -106.3747, 1779.6250, -71.3739,  -106.3750, 1728.3749, -71.3739,  64, 64, 64
L -106.3750, 1728.3749, -71.3739,  -176.3420, 1728.3749, -71.3739,  64, 64, 64
L -176.3420, 1728.3749, -71.3739,  -176.3768, 1719.6250, -71.3739,  64, 64, 64
L -176.3768, 1719.6250, -71.3739,  -110.3750, 1719.6250, -71.3739,  64, 64, 64
L -110.3750, 1719.6250, -71.3739,  -110.3252, 1712.6249, -71.3739,  64, 64, 64
L -110.3252, 1712.6249, -71.3739,  -105.6250, 1712.6249, -71.3739,  64, 64, 64
L -105.6250, 1712.6249, -71.3739,  -105.6250, 1719.6250, -71.3739,  64, 64, 64
L -105.6250, 1719.6250, -71.3739,  -82.3748, 1719.6250, -71.3739,  64, 64, 64
L -82.3748, 1719.6250, -71.3739,  -82.3750, 1696.3749, -71.3739,  64, 64, 64
L -82.3750, 1696.3749, -71.3739,  -105.6250, 1696.3749, -71.3739,  64, 64, 64
L -105.6250, 1696.3749, -71.3739,  -105.6250, 1703.3749, -71.3739,  64, 64, 64
L -105.6250, 1703.3749, -71.3739,  -110.3750, 1703.3749, -71.3739,  64, 64, 64
L -110.3750, 1703.3749, -71.3739,  -110.3750, 1656.6250, -71.3739,  64, 64, 64
L -110.3750, 1656.6250, -71.3739,  -105.6250, 1656.6250, -71.3739,  64, 64, 64
L -105.6250, 1656.6250, -71.3739,  -105.6250, 1663.6249, -71.3739,  64, 64, 64
L -105.6250, 1663.6249, -71.3739,  -82.3750, 1663.6250, -71.3739,  64, 64, 64
L -82.3750, 1663.6250, -71.3739,  -82.3750, 1640.3749, -71.3739,  64, 64, 64
L -82.3750, 1640.3749, -71.3739,  -105.6250, 1640.3744, -71.3739,  64, 64, 64
L -105.6250, 1640.3744, -71.3739,  -105.6250, 1647.3748, -71.3739,  64, 64, 64
L -105.6250, 1647.3748, -71.3739,  -110.3750, 1647.3749, -71.3739,  64, 64, 64
L -110.3750, 1647.3749, -71.3739,  -110.3750, 1624.3749, -71.3739,  64, 64, 64
L -110.3750, 1624.3749, -71.3739,  -129.6250, 1624.3722, -71.3739,  64, 64, 64
L -129.6250, 1624.3722, -71.3739,  -129.6401, 1703.3748, -71.3739,  64, 64, 64
L -129.6401, 1703.3748, -71.3739,  -150.3750, 1703.3749, -71.3739,  64, 64, 64
L -150.3750, 1703.3749, -71.3739,  -150.3750, 1624.3749, -71.3739,  64, 64, 64
L -150.3750, 1624.3749, -71.3739,  -178.6250, 1624.3738, -71.3739,  64, 64, 64
L -178.6250, 1624.3738, -71.3739,  -178.7230, 1625.3761, -71.3739,  64, 64, 64
L -178.7230, 1625.3761, -71.3739,  -180.3673, 1625.3694, -71.3739,  64, 64, 64
L -180.3673, 1625.3694, -71.3739,  -180.3684, 1614.6255, -71.3739,  64, 64, 64
L -180.3684, 1614.6255, -71.3739,  -178.6562, 1614.6248, -71.3739,  64, 64, 64
L -178.6562, 1614.6248, -71.3739,  -178.6250, 1615.6250, -71.3739,  64, 64, 64
L -178.6250, 1615.6250, -71.3739,  -165.3625, 1615.6250, -71.3736,  64, 64, 64
L -165.3625, 1615.6250, -71.3736,  -165.3750, 1546.3594, -71.3739,  64, 64, 64
L -164.5364, 1545.6249, -71.3739,  -34.9391, 1545.6249, -71.3739,  64, 64, 64
L -34.9391, 1545.6249, -71.3739,  -30.8534, 1546.6504, -71.3739,  64, 64, 64
L -30.8534, 1546.6504, -71.3739,  -25.7266, 1549.7262, -71.3739,  64, 64, 64
L -25.7266, 1549.7262, -71.3739,  -22.6497, 1554.8545, -71.3739,  64, 64, 64
L -22.6497, 1554.8545, -71.3739,  -21.6133, 1558.9999, -71.3739,  64, 64, 64
L -21.6133, 1558.9999, -71.3739,  -22.6496, 1563.1449, -71.3739,  64, 64, 64
L -22.6496, 1563.1449, -71.3739,  -25.7203, 1568.2626, -71.3739,  64, 64, 64
L -25.7203, 1568.2626, -71.3739,  -30.8521, 1571.3495, -71.3739,  64, 64, 64
L -30.8521, 1571.3495, -71.3739,  -34.9543, 1572.3750, -71.3739,  64, 64, 64
L -34.9543, 1572.3750, -71.3739,  -43.6250, 1572.3749, -71.3739,  64, 64, 64
L -43.6250, 1572.3749, -71.3739,  -43.6251, 1575.9076, -71.3739,  64, 64, 64
L -43.6251, 1575.9076, -71.3739,  94.2343, 1766.6919, -71.3739,  64, 64, 64
L 94.2343, 1766.6919, -71.3739,  123.2129, 1791.6884, -71.3739,  64, 64, 64
L 123.2129, 1791.6884, -71.3739,  157.1475, 1809.6526, -71.3739,  64, 64, 64
L 157.1475, 1809.6526, -71.3739,  180.5580, 1816.6250, -71.3739,  64, 64, 64
L 180.5580, 1816.6250, -71.3739,  283.9442, 1816.6250, -71.3739,  64, 64, 64
L 283.9442, 1816.6250, -71.3739,  306.8505, 1809.6532, -71.3739,  64, 64, 64
L 306.8505, 1809.6532, -71.3739,  340.7413, 1791.7123, -71.3739,  64, 64, 64
L 340.7413, 1791.7123, -71.3739,  369.6904, 1766.7719, -71.3739,  64, 64, 64
L 369.6904, 1766.7719, -71.3739,  477.6815, 1630.7975, -71.3739,  64, 64, 64
L 477.6815, 1630.7975, -71.3739,  507.6250, 1575.9076, -71.3739,  64, 64, 64
L 507.6250, 1575.9076, -71.3739,  507.6250, 1572.3749, -71.3739,  64, 64, 64
L 507.6250, 1572.3749, -71.3739,  498.9535, 1572.3749, -71.3739,  64, 64, 64
L 498.9535, 1572.3749, -71.3739,  494.8546, 1571.3501, -71.3739,  64, 64, 64
L 494.8546, 1571.3501, -71.3739,  489.7266, 1568.2732, -71.3739,  64, 64, 64
L 489.7266, 1568.2732, -71.3739,  486.6496, 1563.1449, -71.3739,  64, 64, 64
L 486.6496, 1563.1449, -71.3739,  485.6200, 1559.2627, -71.3739,  64, 64, 64
L 485.6200, 1559.2627, -71.3739,  486.6465, 1554.8595, -71.3739,  64, 64, 64
L 486.6465, 1554.8595, -71.3739,  489.7266, 1549.7262, -71.3739,  64, 64, 64
L 489.7266, 1549.7262, -71.3739,  494.8550, 1546.6493, -71.3739,  64, 64, 64
L 494.8550, 1546.6493, -71.3739,  498.9542, 1545.6248, -71.3739,  64, 64, 64
L 498.9542, 1545.6248, -71.3739,  625.3750, 1545.6250, -71.3739,  64, 64, 64
L 625.3750, 1545.6250, -71.3739,  625.3736, 1615.6250, -71.3739,  64, 64, 64
L 625.3736, 1615.6250, -71.3739,  638.6249, 1615.6250, -71.3739,  64, 64, 64
L 638.6249, 1615.6250, -71.3739,  638.6381, 1614.6250, -71.3739,  64, 64, 64
L 638.6381, 1614.6250, -71.3739,  640.3749, 1614.6250, -71.3739,  64, 64, 64
L 640.3749, 1614.6250, -71.3739,  640.3749, 1625.3688, -71.3739,  64, 64, 64
L 640.3749, 1625.3688, -71.3739,  638.6250, 1625.3765, -71.3739,  64, 64, 64
L 638.6250, 1625.3765, -71.3739,  638.6250, 1624.3738, -71.3739,  64, 64, 64
L 638.6250, 1624.3738, -71.3739,  610.3749, 1624.3749, -71.3739,  64, 64, 64
L 610.3749, 1624.3749, -71.3739,  610.3749, 1703.3749, -71.3739,  64, 64, 64
L 610.3749, 1703.3749, -71.3739,  589.6250, 1703.3749, -71.3739,  64, 64, 64
L 589.6250, 1703.3749, -71.3739,  589.6250, 1624.3749, -71.3739,  64, 64, 64
L 589.6250, 1624.3749, -71.3739,  570.3750, 1624.3749, -71.3739,  64, 64, 64
L 570.3750, 1624.3749, -71.3739,  570.3750, 1647.3749, -71.3739,  64, 64, 64
L 570.3750, 1647.3749, -71.3739,  565.6249, 1647.3749, -71.3739,  64, 64, 64
L 565.6249, 1647.3749, -71.3739,  565.6249, 1640.3749, -71.3739,  64, 64, 64
L 565.6249, 1640.3749, -71.3739,  542.3749, 1640.3749, -71.3739,  64, 64, 64
L 542.3749, 1640.3749, -71.3739,  542.3740, 1663.6250, -71.3739,  64, 64, 64
L 542.3740, 1663.6250, -71.3739,  565.6250, 1663.6249, -71.3739,  64, 64, 64
L 565.6250, 1663.6249, -71.3739,  565.6481, 1656.6261, -71.3739,  64, 64, 64
L 565.6481, 1656.6261, -71.3739,  570.3749, 1656.6249, -71.3739,  64, 64, 64
L 570.3749, 1656.6249, -71.3739,  570.3749, 1703.3738, -71.3739,  64, 64, 64
L 570.3749, 1703.3738, -71.3739,  565.6250, 1703.3749, -71.3739,  64, 64, 64
L 565.6250, 1703.3749, -71.3739,  565.6250, 1696.3749, -71.3739,  64, 64, 64
L 565.6250, 1696.3749, -71.3739,  542.3750, 1696.3749, -71.3739,  64, 64, 64
L 542.3750, 1696.3749, -71.3739,  542.3733, 1719.6250, -71.3739,  64, 64, 64
L 542.3733, 1719.6250, -71.3739,  565.6249, 1719.6250, -71.3739,  64, 64, 64
L 565.6249, 1719.6250, -71.3739,  565.6250, 1712.6249, -71.3739,  64, 64, 64
L 565.6250, 1712.6249, -71.3739,  570.3749, 1712.6249, -71.3739,  64, 64, 64
L 570.3749, 1712.6249, -71.3739,  570.3749, 1719.6250, -71.3739,  64, 64, 64
L 570.3749, 1719.6250, -71.3739,  636.3749, 1719.6250, -71.3739,  64, 64, 64
L 636.3749, 1719.6250, -71.3739,  636.3749, 1728.3749, -71.3739,  64, 64, 64
L 636.3749, 1728.3749, -71.3739,  566.3749, 1728.3749, -71.3739,  64, 64, 64
L 566.3749, 1728.3749, -71.3739,  566.3735, 1779.6250, -71.3739,  64, 64, 64
L 566.3735, 1779.6250, -71.3739,  727.6249, 1779.6250, -71.3739,  64, 64, 64
L 727.6249, 1779.6250, -71.3739,  727.6250, 1728.3722, -71.3739,  64, 64, 64
L 727.6250, 1728.3722, -71.3739,  659.6250, 1728.3749, -71.3739,  64, 64, 64
L 659.6250, 1728.3749, -71.3739,  659.6250, 1719.6250, -71.3739,  64, 64, 64
L 659.6250, 1719.6250, -71.3739,  723.6249, 1719.6250, -71.3739,  64, 64, 64
L 723.6249, 1719.6250, -71.3739,  723.6250, 1712.6249, -71.3739,  64, 64, 64
L 723.6250, 1712.6249, -71.3739,  728.3750, 1712.6249, -71.3739,  64, 64, 64
L 728.3750, 1712.6249, -71.3739,  728.3740, 1719.6250, -71.3739,  64, 64, 64
L 728.3740, 1719.6250, -71.3739,  751.6249, 1719.6250, -71.3739,  64, 64, 64
L 751.6249, 1719.6250, -71.3739,  751.6250, 1696.3749, -71.3739,  64, 64, 64
L 751.6250, 1696.3749, -71.3739,  728.3749, 1696.3749, -71.3739,  64, 64, 64
L 728.3749, 1696.3749, -71.3739,  728.3749, 1703.3748, -71.3739,  64, 64, 64
L 728.3749, 1703.3748, -71.3739,  723.6250, 1703.3749, -71.3739,  64, 64, 64
L 723.6250, 1703.3749, -71.3739,  723.6250, 1656.6199, -71.3739,  64, 64, 64
L 723.6250, 1656.6199, -71.3739,  728.3749, 1656.6602, -71.3739,  64, 64, 64
L 728.3749, 1656.6602, -71.3739,  728.3745, 1663.6250, -71.3739,  64, 64, 64
L 728.3745, 1663.6250, -71.3739,  751.6249, 1663.6250, -71.3739,  64, 64, 64
L 751.6249, 1663.6250, -71.3739,  751.6250, 1640.3749, -71.3739,  64, 64, 64
L 751.6250, 1640.3749, -71.3739,  728.3749, 1640.3749, -71.3739,  64, 64, 64
L 728.3749, 1640.3749, -71.3739,  728.3749, 1647.3748, -71.3739,  64, 64, 64
L 728.3749, 1647.3748, -71.3739,  723.6250, 1647.3749, -71.3739,  64, 64, 64
L 723.6250, 1647.3749, -71.3739,  723.6250, 1624.3733, -71.3739,  64, 64, 64
L 723.6250, 1624.3733, -71.3739,  704.3749, 1624.3749, -71.3739,  64, 64, 64
L 704.3749, 1624.3749, -71.3739,  704.3577, 1703.1122, -71.3739,  64, 64, 64
L 704.1219, 1703.3748, -71.3739,  684.6653, 1703.3749, -71.3739,  64, 64, 64
L 683.6249, 1702.5652, -71.3739,  683.6249, 1624.3749, -71.3739,  64, 64, 64
L 683.6249, 1624.3749, -71.3739,  655.3749, 1624.3749, -71.3739,  64, 64, 64
L 655.3749, 1624.3749, -71.3739,  655.3397, 1625.3744, -71.3739,  64, 64, 64
L 655.3397, 1625.3744, -71.3739,  653.6250, 1625.3750, -71.3739,  64, 64, 64
L 653.6250, 1625.3750, -71.3739,  653.6250, 1614.6626, -71.3739,  64, 64, 64
L 653.6250, 1614.6626, -71.3739,  655.3749, 1614.6115, -71.3739,  64, 64, 64
L 655.3749, 1614.6115, -71.3739,  655.3749, 1615.6250, -71.3739,  64, 64, 64
L 655.3749, 1615.6250, -71.3739,  668.6371, 1615.6248, -71.3739,  64, 64, 64
L 668.6371, 1615.6248, -71.3739,  668.6245, 1545.6249, -71.3739,  64, 64, 64
L 668.6245, 1545.6249, -71.3739,  788.9749, 1545.6370, -71.3726,  64, 64, 64
L 788.9749, 1545.6370, -71.3726,  1113.1908, 1545.6011, 52.1456,  64, 64, 64
L 1113.1908, 1545.6011, 52.1456,  1127.2317, 1545.6514, 56.6719,  64, 64, 64
L 1127.2317, 1545.6514, 56.6719,  1193.3748, 1545.6366, 56.6259,  64, 64, 64
L 1193.3622, 1502.3750, 56.6259,  1125.1808, 1502.3628, 56.6259,  64, 64, 64
L 1178.7925, 1502.3722, 51.5953,  1101.5232, 1502.3750, 47.8417,  64, 64, 64
L 1101.5232, 1502.3750, 47.8417,  1088.7898, 1502.3761, 43.1863,  64, 64, 64
L 1088.7898, 1502.3761, 43.1863,  1082.3689, 1502.3750, 40.5317,  64, 64, 64
L 1082.3689, 1502.3750, 40.5317,  1074.8611, 1502.3761, 38.6060,  64, 64, 64
L 1074.8611, 1502.3761, 38.6060,  1062.6332, 1502.3750, 33.7050,  64, 64, 64
L 1062.6332, 1502.3750, 33.7050,  1055.1438, 1502.3760, 30.4960,  64, 64, 64
L 1055.1438, 1502.3760, 30.4960,  1041.5105, 1502.3750, 24.9807,  64, 64, 64
L 1041.5105, 1502.3750, 24.9807,  1033.3783, 1502.3566, 22.2331,  64, 64, 64
L 1033.3783, 1502.3566, 22.2331,  1028.2831, 1502.3750, 19.9880,  64, 64, 64
L 1028.2831, 1502.3750, 19.9880,  1013.2093, 1502.3750, 14.2628,  64, 64, 64
L 1013.2093, 1502.3750, 14.2628,  1006.6154, 1502.3760, 12.2500,  64, 64, 64
L 1006.6154, 1502.3760, 12.2500,  993.9437, 1502.3750, 6.8526,  64, 64, 64
L 993.9437, 1502.3750, 6.8526,  985.2877, 1502.3760, 3.9070,  64, 64, 64
L 985.2877, 1502.3760, 3.9070,  978.8649, 1502.3749, 1.9930,  64, 64, 64
L 978.8649, 1502.3749, 1.9930,  950.8275, 1502.3750, -9.4893,  64, 64, 64
L 950.8275, 1502.3750, -9.4893,  942.7104, 1502.3156, -12.2255,  64, 64, 64
L 942.7104, 1502.3156, -12.2255,  937.1493, 1502.3750, -14.7276,  64, 64, 64
L 937.1493, 1502.3750, -14.7276,  916.6013, 1502.3771, -22.3929,  64, 64, 64
L 916.6013, 1502.3771, -22.3929,  910.1245, 1502.3750, -25.8660,  64, 64, 64
L 910.1245, 1502.3750, -25.8660,  895.1706, 1502.3965, -30.5680,  64, 64, 64
L 895.1706, 1502.3965, -30.5680,  882.3635, 1502.3750, -35.6664,  64, 64, 64
L 882.3635, 1502.3750, -35.6664,  868.8885, 1502.3750, -40.5658,  64, 64, 64
L 868.8885, 1502.3750, -40.5658,  862.8398, 1502.3750, -43.1036,  64, 64, 64
L 862.8398, 1502.3750, -43.1036,  848.9016, 1502.3755, -48.2175,  64, 64, 64
L 848.9016, 1502.3755, -48.2175,  842.9596, 1502.3750, -50.6685,  64, 64, 64
L 842.9596, 1502.3750, -50.6685,  828.9523, 1502.3759, -55.7811,  64, 64, 64
L 828.9523, 1502.3759, -55.7811,  821.5258, 1502.3750, -58.8340,  64, 64, 64
L 821.5258, 1502.3750, -58.8340,  807.5438, 1502.3759, -63.8883,  64, 64, 64
L 807.5438, 1502.3759, -63.8883,  794.4420, 1502.3750, -69.1555,  64, 64, 64
L 794.4420, 1502.3750, -69.1555,  789.2110, 1502.3759, -70.8498,  64, 64, 64
L 789.2110, 1502.3759, -70.8498,  498.9465, 1502.3727, -71.3739,  64, 64, 64
L 498.9465, 1502.3727, -71.3739,  494.8548, 1501.3501, -71.3739,  64, 64, 64
L 494.8548, 1501.3501, -71.3739,  489.7339, 1498.2775, -71.3739,  64, 64, 64
L 489.7339, 1498.2775, -71.3739,  486.6503, 1493.1475, -71.3739,  64, 64, 64
L 486.6503, 1493.1475, -71.3739,  485.6145, 1489.4198, -71.3739,  64, 64, 64
L 485.6145, 1489.4198, -71.3739,  486.6490, 1484.8560, -71.3739,  64, 64, 64
L 486.6490, 1484.8560, -71.3739,  489.7269, 1479.7261, -71.3739,  64, 64, 64
L 489.7269, 1479.7261, -71.3739,  494.8550, 1476.6493, -71.3739,  64, 64, 64
L 494.8550, 1476.6493, -71.3739,  498.9540, 1475.6248, -71.3739,  64, 64, 64
L 498.9540, 1475.6248, -71.3739,  507.6250, 1475.6250, -71.3739,  64, 64, 64
L 507.6250, 1475.6250, -71.3739,  507.6250, 1472.9198, -71.3739,  64, 64, 64
L 507.6250, 1472.9198, -71.3739,  477.6886, 1417.2117, -71.3739,  64, 64, 64
L 477.6886, 1417.2117, -71.3739,  369.7280, 1281.2605, -71.3739,  64, 64, 64
L 369.7280, 1281.2605, -71.3739,  340.7871, 1256.3113, -71.3739,  64, 64, 64
L 340.7871, 1256.3113, -71.3739,  306.8568, 1238.3483, -71.3739,  64, 64, 64
L 306.8568, 1238.3483, -71.3739,  283.9442, 1231.3749, -71.3739,  64, 64, 64
L 283.9442, 1231.3749, -71.3739,  180.5610, 1231.3749, -71.3739,  64, 64, 64
L 180.5610, 1231.3749, -71.3739,  157.1435, 1238.3478, -71.3739,  64, 64, 64
L 157.1435, 1238.3478, -71.3739,  123.2313, 1256.3018, -71.3739,  64, 64, 64
L 123.2313, 1256.3018, -71.3739,  94.3723, 1281.1736, -71.3739,  64, 64, 64
L 94.3723, 1281.1736, -71.3739,  -13.6875, 1417.2095, -71.3739,  64, 64, 64
L -13.6875, 1417.2095, -71.3739,  -43.6250, 1472.9220, -71.3739,  64, 64, 64
L -43.6250, 1472.9220, -71.3739,  -43.6250, 1475.6249, -71.3739,  64, 64, 64
L -43.6250, 1475.6249, -71.3739,  -34.9538, 1475.6249, -71.3739,  64, 64, 64
L -34.9538, 1475.6249, -71.3739,  -30.8550, 1476.6493, -71.3739,  64, 64, 64
L -30.8550, 1476.6493, -71.3739,  -25.7267, 1479.7262, -71.3739,  64, 64, 64
L -25.7267, 1479.7262, -71.3739,  -22.6496, 1484.8545, -71.3739,  64, 64, 64
L -22.6496, 1484.8545, -71.3739,  -21.6133, 1488.9999, -71.3739,  64, 64, 64
L -21.6133, 1488.9999, -71.3739,  -22.6511, 1493.1508, -71.3739,  64, 64, 64
L -22.6511, 1493.1508, -71.3739,  -25.7277, 1498.2748, -71.3739,  64, 64, 64
L -25.7277, 1498.2748, -71.3739,  -30.8552, 1501.3501, -71.3739,  64, 64, 64
L -30.8552, 1501.3501, -71.3739,  -34.8986, 1502.3611, -71.3739,  64, 64, 64
L 49.6475, 1597.1376, -71.3739,  68.6933, 1631.2195, -71.3739,  64, 64, 64
L 68.6933, 1631.2195, -71.3739,  93.7570, 1659.2908, -71.3739,  64, 64, 64
L 93.7570, 1659.2908, -71.3739,  122.7864, 1684.3108, -71.3739,  64, 64, 64
L 122.7864, 1684.3108, -71.3739,  156.8687, 1702.3550, -71.3739,  64, 64, 64
L 156.8687, 1702.3550, -71.3739,  193.6372, 1711.2946, -71.3739,  64, 64, 64
L 193.6372, 1711.2946, -71.3739,  193.6227, 1718.9064, -71.3739,  64, 64, 64
L 193.6227, 1718.9064, -71.3739,  194.6531, 1722.1624, -71.3739,  64, 64, 64
L 194.6531, 1722.1624, -71.3739,  197.7321, 1726.2676, -71.3739,  64, 64, 64
L 197.7321, 1726.2676, -71.3739,  201.8237, 1729.3362, -71.3739,  64, 64, 64
L 201.8237, 1729.3362, -71.3739,  205.1000, 1730.3949, -71.3739,  64, 64, 64
L 205.1000, 1730.3949, -71.3739,  208.1444, 1729.3467, -71.3739,  64, 64, 64
L 208.1444, 1729.3467, -71.3739,  212.2639, 1726.2731, -71.3739,  64, 64, 64
L 212.2639, 1726.2731, -71.3739,  215.3363, 1722.1764, -71.3739,  64, 64, 64
L 215.3363, 1722.1764, -71.3739,  216.3753, 1719.5978, -71.3739,  64, 64, 64
L 216.3753, 1719.5978, -71.3739,  216.3750, 1638.9390, -71.3739,  64, 64, 64
L 216.3750, 1638.9390, -71.3739,  215.3365, 1635.8234, -71.3739,  64, 64, 64
L 215.3365, 1635.8234, -71.3739,  212.2677, 1631.7321, -71.3739,  64, 64, 64
L 212.2677, 1631.7321, -71.3739,  208.1759, 1628.6631, -71.3739,  64, 64, 64
L 208.1759, 1628.6631, -71.3739,  205.0000, 1627.6045, -71.3739,  64, 64, 64
L 205.0000, 1627.6045, -71.3739,  201.8238, 1628.6631, -71.3739,  64, 64, 64
L 201.8238, 1628.6631, -71.3739,  197.7322, 1631.7317, -71.3739,  64, 64, 64
L 197.7322, 1631.7317, -71.3739,  194.6634, 1635.8230, -71.3739,  64, 64, 64
L 194.6634, 1635.8230, -71.3739,  193.6250, 1638.9390, -71.3739,  64, 64, 64
L 193.6250, 1638.9390, -71.3739,  193.6250, 1646.5226, -71.3739,  64, 64, 64
L 193.6372, 1646.5258, -71.3739,  156.9678, 1637.5684, -71.9989,  64, 64, 64
L 156.9678, 1637.5684, -71.9989,  132.1317, 1625.6012, -71.9989,  64, 64, 64
L 132.1317, 1625.6012, -71.9989,  128.1795, 1621.5525, -71.9989,  64, 64, 64
L 128.1795, 1621.5525, -71.9989,  114.3525, 1596.8616, -71.9989,  64, 64, 64
L 114.3525, 1596.8616, -71.9989,  105.3790, 1560.9673, -71.9989,  64, 64, 64
L 105.3790, 1560.9673, -71.9989,  100.5678, 1525.3959, -71.9989,  64, 64, 64
L 100.5678, 1525.3959, -71.9989,  100.9826, 1519.5408, -71.9989,  64, 64, 64
L 100.9826, 1519.5408, -71.9989,  105.2426, 1488.1021, -71.9989,  64, 64, 64
L 105.2426, 1488.1021, -71.9989,  114.3516, 1451.1393, -71.9989,  64, 64, 64
L 114.3516, 1451.1393, -71.9989,  128.3025, 1426.2284, -71.9989,  64, 64, 64
L 128.3025, 1426.2284, -71.9989,  132.4540, 1422.1980, -71.9989,  64, 64, 64
L 132.4540, 1422.1980, -71.9989,  157.5494, 1410.2522, -71.9989,  64, 64, 64
L 157.5494, 1410.2522, -71.9989,  194.3967, 1401.3257, -71.9989,  64, 64, 64
L 194.3967, 1401.3257, -71.9989,  232.4000, 1396.3783, -71.9989,  64, 64, 64
L 232.4000, 1396.3783, -71.9989,  270.5018, 1401.5082, -71.9989,  64, 64, 64
L 270.5018, 1401.5082, -71.9989,  306.8715, 1410.3550, -71.9989,  64, 64, 64
L 306.8715, 1410.3550, -71.9989,  330.9601, 1422.4905, -71.9989,  64, 64, 64
L 330.9601, 1422.4905, -71.9989,  334.8224, 1426.4330, -71.9989,  64, 64, 64
L 334.8224, 1426.4330, -71.9989,  349.6501, 1451.1464, -71.9989,  64, 64, 64
L 349.6501, 1451.1464, -71.9989,  358.6311, 1487.7090, -71.9989,  64, 64, 64
L 358.6311, 1487.7090, -71.9989,  363.5310, 1523.3396, -71.9989,  64, 64, 64
L 363.5310, 1523.3396, -71.9989,  363.4458, 1525.2985, -71.9989,  64, 64, 64
L 363.4458, 1525.2985, -71.9989,  358.6304, 1560.9318, -71.9989,  64, 64, 64
L 358.6304, 1560.9318, -71.9989,  349.6492, 1596.8556, -71.9989,  64, 64, 64
L 349.6492, 1596.8556, -71.9989,  334.7017, 1621.7676, -71.9989,  64, 64, 64
L 334.7017, 1621.7676, -71.9989,  330.5448, 1625.8079, -71.9989,  64, 64, 64
L 330.5448, 1625.8079, -71.9989,  306.7671, 1637.6703, -71.9989,  64, 64, 64
L 306.7671, 1637.6703, -71.9989,  270.3625, 1646.5270, -71.9986,  64, 64, 64
L 270.3625, 1646.5271, -71.3739,  270.3767, 1638.9441, -71.3739,  64, 64, 64
L 270.3767, 1638.9441, -71.3739,  269.3365, 1635.8235, -71.3739,  64, 64, 64
L 269.3365, 1635.8235, -71.3739,  266.2678, 1631.7321, -71.3739,  64, 64, 64
L 266.2678, 1631.7321, -71.3739,  262.1763, 1628.6631, -71.3739,  64, 64, 64
L 262.1763, 1628.6631, -71.3739,  258.9997, 1627.6045, -71.3739,  64, 64, 64
L 258.9997, 1627.6045, -71.3739,  255.8233, 1628.6631, -71.3739,  64, 64, 64
L 255.8233, 1628.6631, -71.3739,  251.7321, 1631.7317, -71.3739,  64, 64, 64
L 251.7321, 1631.7317, -71.3739,  248.6633, 1635.8234, -71.3739,  64, 64, 64
L 248.6633, 1635.8234, -71.3739,  247.6248, 1638.9391, -71.3739,  64, 64, 64
L 247.6248, 1638.9391, -71.3739,  247.6247, 1719.6010, -71.9989,  64, 64, 64
L 247.6247, 1719.6010, -71.3739,  248.6633, 1722.1758, -71.3739,  64, 64, 64
L 248.6633, 1722.1758, -71.3739,  251.7321, 1726.2676, -71.3739,  64, 64, 64
L 251.7321, 1726.2676, -71.3739,  255.8235, 1729.3362, -71.3739,  64, 64, 64
L 255.8235, 1729.3362, -71.3739,  258.9999, 1730.3949, -71.3739,  64, 64, 64
L 258.9999, 1730.3949, -71.3739,  262.1764, 1729.3362, -71.3739,  64, 64, 64
L 262.1764, 1729.3362, -71.3739,  266.2678, 1726.2676, -71.3739,  64, 64, 64
L 266.2678, 1726.2676, -71.3739,  269.3365, 1722.1758, -71.3739,  64, 64, 64
L 269.3365, 1722.1758, -71.3739,  270.3750, 1719.6060, -71.3739,  64, 64, 64
L 270.3750, 1719.6060, -71.3739,  270.3750, 1711.2946, -71.3739,  64, 64, 64
L 270.3750, 1711.2946, -71.3739,  307.3700, 1702.2959, -71.9989,  64, 64, 64
L 307.3700, 1702.2959, -71.9989,  340.9599, 1684.5292, -71.9989,  64, 64, 64
L 340.9599, 1684.5292, -71.9989,  370.7862, 1658.8168, -71.9989,  64, 64, 64
L 370.7862, 1658.8168, -71.9989,  395.3863, 1631.1310, -71.9989,  64, 64, 64
L 395.3863, 1631.1310, -71.9989,  414.6213, 1596.6598, -71.9989,  64, 64, 64
L 414.6213, 1596.6598, -71.9989,  414.8618, 1595.1001, -71.9989,  64, 64, 64
L 414.8618, 1595.1001, -71.9989,  423.4766, 1560.6454, -71.9989,  64, 64, 64
L 423.4766, 1560.6454, -71.9989,  428.3045, 1524.5480, -71.9989,  64, 64, 64
L 428.3045, 1524.5480, -71.9989,  423.3009, 1486.4220, -71.9989,  64, 64, 64
L 423.3009, 1486.4220, -71.9989,  414.3188, 1450.7260, -71.9989,  64, 64, 64
L 414.3188, 1450.7260, -71.9989,  395.3057, 1416.7771, -71.9989,  64, 64, 64
L 395.3057, 1416.7771, -71.9989,  369.9547, 1388.3848, -71.9989,  64, 64, 64
L 369.9547, 1388.3848, -71.9989,  340.8158, 1363.3451, -71.9989,  64, 64, 64
L 340.8158, 1363.3451, -71.9989,  339.9155, 1363.6000, -71.9989,  64, 64, 64
L 339.9155, 1363.6000, -71.9989,  306.6342, 1345.3805, -71.9989,  64, 64, 64
L 306.6342, 1345.3805, -71.9989,  304.8374, 1345.8689, -71.9989,  64, 64, 64
L 304.8374, 1345.8689, -71.9989,  268.9431, 1336.4816, -71.9989,  64, 64, 64
L 268.9431, 1336.4816, -71.9989,  231.4804, 1331.5525, -71.9989,  64, 64, 64
L 231.4804, 1331.5525, -71.9989,  229.7211, 1331.9236, -71.9989,  64, 64, 64
L 229.7211, 1331.9236, -71.9989,  198.3345, 1336.5070, -71.9989,  64, 64, 64
L 198.3345, 1336.5070, -71.9989,  190.6074, 1337.4380, -71.9989,  64, 64, 64
L 190.6074, 1337.4380, -71.9989,  156.4033, 1345.7581, -71.9989,  64, 64, 64
L 156.4033, 1345.7581, -71.9989,  154.8822, 1346.6957, -71.9989,  64, 64, 64
L 154.8822, 1346.6957, -71.9989,  122.7090, 1363.7267, -71.9989,  64, 64, 64
L 122.7090, 1363.7267, -71.9989,  93.5245, 1388.9137, -71.9989,  64, 64, 64
L 93.5245, 1388.9137, -71.9989,  68.6799, 1416.7914, -71.9989,  64, 64, 64
L 68.6799, 1416.7914, -71.9989,  49.5367, 1451.5861, -71.9989,  64, 64, 64
L 49.5367, 1451.5861, -71.9989,  40.5711, 1487.1681, -71.9989,  64, 64, 64
L 40.5711, 1487.1681, -71.9989,  35.8885, 1522.1969, -71.9989,  64, 64, 64
L 35.8885, 1522.1969, -71.9989,  35.6219, 1524.6000, -71.3739,  64, 64, 64
L 35.6219, 1524.6000, -71.3739,  36.1270, 1527.7527, -71.9989,  64, 64, 64
L 36.1270, 1527.7527, -71.9989,  40.8530, 1561.9601, -71.9989,  64, 64, 64
L 40.8530, 1561.9601, -71.9989,  49.6475, 1597.1376, -71.9989,  64, 64, 64
L 48.6037, 1592.9628, -71.9989,  49.8600, 1594.5807, -71.3739,  64, 64, 64
L 1193.3748, 1545.6366, 56.6259,  1193.3749, 1894.2100, 56.6259,  64, 64, 64
L 1193.3749, 1894.2100, 56.6259,  1192.3549, 1898.1370, 56.6259,  64, 64, 64
L 1192.3549, 1898.1370, 56.6259,  1189.2732, 1903.2732, 56.6259,  64, 64, 64
L 1189.2732, 1903.2732, 56.6259,  1184.1449, 1906.3501, 56.6259,  64, 64, 64
L 1184.1449, 1906.3501, 56.6259,  1180.8820, 1907.3643, 56.6259,  64, 64, 64
L 1180.8820, 1907.3643, 56.6259,  1175.8732, 1906.3611, 56.6259,  64, 64, 64
L 1175.8732, 1906.3611, 56.6259,  1170.7266, 1903.2732, 56.6259,  64, 64, 64
L 1170.7266, 1903.2732, 56.6259,  1167.6493, 1898.1448, 56.6259,  64, 64, 64
L 1167.6493, 1898.1448, 56.6259,  1166.7072, 1894.3749, 56.6259,  64, 64, 64
L 1169.6248, 1894.3748, 56.6259,  1088.3749, 1894.3749, 56.6259,  64, 64, 64
L 1088.3749, 1894.3749, 56.6259,  1088.3882, 2000.6248, 56.6259,  64, 64, 64
L 1088.3882, 2000.6248, 60.6259,  1049.3749, 2000.6250, 60.6259,  64, 64, 64
L 1049.3749, 2000.6250, 60.6259,  1049.3749, 1855.3749, 60.6259,  64, 64, 64
L 1049.3749, 1855.3749, 60.6259,  1169.6250, 1855.3733, 60.6259,  64, 64, 64
L 1169.6250, 1855.3733, 60.6259,  1169.6248, 1894.3748, 60.6259,  64, 64, 64
L 1088.3749, 1997.8501, 56.6259,  1092.2466, 1998.5752, 56.6259,  64, 64, 64
L 1092.2466, 1998.5752, 56.6259,  1097.2715, 2001.7239, 56.6259,  64, 64, 64
L 1097.2715, 2001.7239, 56.6259,  1100.3501, 2006.8544, 56.6259,  64, 64, 64
L 1100.3501, 2006.8544, 56.6259,  1101.3903, 2011.1559, 56.6259,  64, 64, 64
L 1101.3903, 2011.1559, 56.6259,  1100.3467, 2015.1503, 56.6259,  64, 64, 64
L 1100.3467, 2015.1503, 56.6259,  1097.2732, 2020.2732, 56.6259,  64, 64, 64
L 1097.2732, 2020.2732, 56.6259,  1092.1449, 2023.3501, 56.6259,  64, 64, 64
L 1092.1449, 2023.3501, 56.6259,  1088.4600, 2024.3749, 56.6259,  64, 64, 64
L 1088.4600, 2024.3749, 56.6259,  994.6086, 2024.3749, 56.6259,  64, 64, 64
L 994.6086, 2024.3749, 56.6259,  966.2277, 2024.3761, 50.3070,  64, 64, 64
L 966.2277, 2024.3761, 50.3070,  931.8011, 2024.3761, 42.3110,  64, 64, 64
L 949.1400, 2024.3755, 45.9802,  931.8011, 2024.3761, 42.3110,  64, 64, 64
L 931.8011, 2024.3761, 42.3110,  924.8531, 2024.3755, 40.1651,  64, 64, 64
L 924.8531, 2024.3755, 40.1651,  916.3147, 2024.3761, 38.3083,  64, 64, 64
L 916.3147, 2024.3761, 38.3083,  900.3769, 2024.3750, 34.2340,  64, 64, 64
L 900.3769, 2024.3750, 34.2340,  890.8873, 2024.3761, 32.1957,  64, 64, 64
L 890.8873, 2024.3761, 32.1957,  884.1259, 2024.3750, 30.3438,  64, 64, 64
L 884.1259, 2024.3750, 30.3438,  785.3939, 2024.3755, 6.6260,  64, 64, 64
L 861.2450, 2024.3761, 25.1670,  785.3939, 2024.3755, 6.6260,  64, 64, 64
L 785.3939, 2024.3755, 6.6260,  782.6221, 2024.3744, 6.6260,  64, 64, 64
L 782.6221, 2024.3744, 6.6260,  782.6710, 2004.3268, 6.7111,  64, 64, 64
L 782.6710, 2004.3268, 6.7111,  735.3749, 2004.3749, 6.6260,  64, 64, 64
L 735.3749, 2004.3749, 6.6260,  735.3749, 2024.3749, 6.6260,  64, 64, 64
L 735.3749, 2024.3749, 6.6260,  719.9532, 2024.3748, 6.6260,  64, 64, 64
L 719.9532, 2024.3748, 6.6260,  715.8546, 2023.3501, 6.6260,  64, 64, 64
L 715.8546, 2023.3501, 6.6260,  710.7264, 2020.2732, 6.6260,  64, 64, 64
L 710.7264, 2020.2732, 6.6260,  707.6497, 2015.1449, 6.6260,  64, 64, 64
L 707.6497, 2015.1449, 6.6260,  706.6131, 2011.8998, 6.6260,  64, 64, 64
L 706.6131, 2011.8998, 6.6260,  707.6412, 2006.8882, 6.6260,  64, 64, 64
L 707.6412, 2006.8882, 6.6260,  710.7256, 2001.7262, 6.6260,  64, 64, 64
L 710.7256, 2001.7262, 6.6260,  715.8547, 1998.6497, 6.6260,  64, 64, 64
L 715.8547, 1998.6497, 6.6260,  719.9536, 1997.6248, 6.6260,  64, 64, 64
L 719.9536, 1997.6248, 6.6260,  732.6250, 1997.6250, 6.6260,  64, 64, 64
L 732.6250, 1997.6250, 6.6260,  732.6250, 1844.3749, 6.6260,  64, 64, 64
L 732.6250, 1844.3749, 6.6260,  631.6250, 1844.3749, 6.6260,  64, 64, 64
L 1088.4579, 2067.6248, 56.6259,  992.8474, 2067.6248, 56.3982,  64, 64, 64
L 992.8474, 2067.6248, 56.3982,  975.2437, 2067.6238, 52.4029,  64, 64, 64
L 975.2437, 2067.6238, 52.4029,  965.7297, 2067.6243, 49.9348,  64, 64, 64
L 965.7297, 2067.6243, 49.9348,  932.4406, 2067.6233, 42.1839,  64, 64, 64
L 932.4406, 2067.6233, 42.1839,  923.5235, 2067.6243, 39.8498,  64, 64, 64
L 923.5235, 2067.6243, 39.8498,  912.6592, 2067.6233, 37.4286,  64, 64, 64
L 912.6592, 2067.6233, 37.4286,  902.5483, 2067.6243, 34.7745,  64, 64, 64
L 902.5483, 2067.6243, 34.7745,  883.1788, 2067.6233, 30.3416,  64, 64, 64
L 883.1788, 2067.6233, 30.3416,  873.2850, 2067.6243, 27.7040,  64, 64, 64
L 873.2850, 2067.6243, 27.7040,  854.4032, 2067.6233, 23.4241,  64, 64, 64
L 854.4032, 2067.6233, 23.4241,  843.1371, 2067.6243, 20.4970,  64, 64, 64
L 843.1371, 2067.6243, 20.4970,  833.5943, 2067.6226, 18.4228,  64, 64, 64
L 833.5943, 2067.6226, 18.4228,  785.8369, 2067.6243, 6.6260,  64, 64, 64
L 785.8369, 2067.6243, 6.6260,  782.6250, 2067.6243, 6.6260,  64, 64, 64
L 782.6250, 2067.6243, 6.6260,  782.6249, 2087.6250, 6.6260,  64, 64, 64
L 782.6249, 2087.6250, 6.6260,  735.3749, 2087.6250, 6.6260,  64, 64, 64
L 735.3749, 2087.6250, 6.6260,  735.3750, 2067.6248, 6.6260,  64, 64, 64
L 735.3750, 2067.6248, 6.6260,  719.9410, 2067.6248, 6.6260,  64, 64, 64
L 719.9410, 2067.6248, 6.6260,  715.8542, 2068.6492, 6.6260,  64, 64, 64
L 715.8542, 2068.6492, 6.6260,  710.7270, 2071.7256, 6.6260,  64, 64, 64
L 710.7270, 2071.7256, 6.6260,  707.6476, 2076.8621, 6.6260,  64, 64, 64
L 707.6476, 2076.8621, 6.6260,  706.6132, 2080.9998, 6.6260,  64, 64, 64
L 706.6132, 2080.9998, 6.6260,  707.6497, 2085.1448, 6.6260,  64, 64, 64
L 707.6497, 2085.1448, 6.6260,  710.7264, 2090.2725, 6.6260,  64, 64, 64
L 710.7264, 2090.2725, 6.6260,  715.8156, 2093.3262, 6.6260,  64, 64, 64
L 715.8156, 2093.3262, 6.6260,  719.9433, 2094.3750, 6.6260,  64, 64, 64
L 719.9433, 2094.3750, 6.6260,  732.6250, 2094.3704, 6.6260,  64, 64, 64
L 732.6250, 2094.3704, 6.6260,  732.6249, 2247.6250, 6.6260,  64, 64, 64
L 732.6249, 2247.6250, 6.6260,  631.6250, 2247.6243, 6.6260,  64, 64, 64
L 632.3749, 2068.3748, 6.6260,  672.3749, 2068.3743, 6.6260,  64, 64, 64
L 672.3749, 2068.3743, 6.6260,  672.3748, 2023.6249, 6.6260,  64, 64, 64
L 632.3749, 2023.6249, 6.6260,  672.3748, 2023.6249, 6.6260,  64, 64, 64
L 632.3749, 2024.3737, 6.6260,  632.3749, 2015.6249, 6.6260,  64, 64, 64
L 632.3749, 2076.3748, 6.6260,  632.3749, 2067.6250, 6.6260,  64, 64, 64
L 632.3749, 2067.6250, 26.6260,  623.6250, 2067.6250, 26.6260,  64, 64, 64
L 623.6250, 2067.6250, 26.6260,  623.6249, 2069.6250, 26.6260,  64, 64, 64
L 623.6249, 2069.6250, 26.6260,  528.3749, 2069.6250, 26.6260,  64, 64, 64
L 528.3749, 2069.6250, 26.6260,  528.3749, 2067.6250, 26.6260,  64, 64, 64
L 528.3749, 2067.6250, 26.6260,  519.6250, 2067.6250, 26.6260,  64, 64, 64
L 519.6249, 2024.3748, 26.6260,  528.3749, 2024.3749, 26.6260,  64, 64, 64
L 528.3749, 2024.3749, 26.6260,  528.3749, 2022.3748, 26.6260,  64, 64, 64
L 528.3749, 2022.3748, 26.6260,  623.6250, 2022.3732, 26.6260,  64, 64, 64
L 623.6250, 2022.3732, 26.6260,  623.6248, 2024.3749, 26.6260,  64, 64, 64
L 623.6248, 2024.3749, 26.6260,  632.3749, 2024.3737, 26.6260,  64, 64, 64
L 634.3749, 2023.6249, 25.6260,  634.3749, 2068.3743, 25.6260,  64, 64, 64
L 636.3749, 2068.3743, 24.6260,  636.3749, 2023.6249, 24.6260,  64, 64, 64
L 638.3505, 2023.6249, 23.5520,  638.3752, 2068.3743, 23.6260,  64, 64, 64
L 640.3750, 2068.3743, 22.6260,  640.3750, 2023.6249, 22.6260,  64, 64, 64
L 642.3749, 2023.6249, 21.6260,  642.3749, 2068.3743, 21.6260,  64, 64, 64
L 644.3749, 2068.3743, 20.6260,  644.3749, 2023.6249, 20.6260,  64, 64, 64
L 646.3749, 2023.6249, 19.6260,  646.3749, 2068.3743, 19.6260,  64, 64, 64
L 648.3749, 2068.3743, 18.6260,  648.3750, 2023.6249, 18.6083,  64, 64, 64
L 650.3749, 2023.6249, 17.6260,  650.3749, 2068.3743, 17.6260,  64, 64, 64
L 652.3749, 2068.3743, 16.6260,  652.3749, 2023.6249, 16.6260,  64, 64, 64
L 654.3749, 2023.6249, 15.6259,  654.3749, 2068.3743, 15.6259,  64, 64, 64
L 656.3749, 2068.3743, 14.6259,  656.3749, 2023.6249, 14.6259,  64, 64, 64
L 658.3749, 2023.6249, 13.6259,  658.3749, 2068.3743, 13.6259,  64, 64, 64
L 660.3750, 2068.3743, 12.6259,  660.3750, 2023.6249, 12.6259,  64, 64, 64
L 662.3750, 2023.6249, 11.6259,  662.3750, 2068.3743, 11.6259,  64, 64, 64
L 664.3750, 2068.3743, 10.6259,  664.3750, 2023.6249, 10.6259,  64, 64, 64
L 666.3749, 2023.6249, 9.6259,  666.3749, 2068.3743, 9.6259,  64, 64, 64
L 668.3749, 2068.3743, 8.6259,  668.3749, 2023.6249, 8.6259,  64, 64, 64
L 670.3749, 2023.6249, 7.6260,  670.3749, 2068.3743, 7.6260,  64, 64, 64
L 519.6249, 2024.3748, 6.6260,  519.6250, 2015.6221, 6.6260,  64, 64, 64
L 519.6250, 2067.6250, 6.6260,  519.6250, 2076.3748, 6.6260,  64, 64, 64
L 519.6249, 2068.3726, 6.6260,  477.6250, 2068.3748, 6.6260,  64, 64, 64
L 479.6247, 2068.3748, 6.6260,  479.6250, 2023.6250, 6.6260,  64, 64, 64
L 477.6250, 2023.6250, 6.6260,  519.6249, 2023.6250, 6.6260,  64, 64, 64
L 477.6250, 2023.6250, 5.6260,  477.6250, 2068.3748, 5.6260,  64, 64, 64
L 477.6250, 2067.6250, 5.6260,  253.6250, 2067.6243, 5.6260,  64, 64, 64
L 253.6250, 2067.6243, 5.6260,  253.6250, 2075.6243, 5.6260,  64, 64, 64
L 253.7306, 2075.6248, 5.6260,  210.3750, 2075.6250, 5.6260,  64, 64, 64
L 210.3750, 2075.6250, 5.6260,  210.3750, 2067.6243, 5.6260,  64, 64, 64
L 210.3750, 2067.6243, 5.6260,  -13.6250, 2067.6250, 5.6260,  64, 64, 64
L -13.6250, 2068.3748, 5.6260,  -13.6250, 2023.6377, 5.6260,  64, 64, 64
L -13.6250, 2024.3749, 5.6260,  210.3750, 2024.3748, 5.6260,  64, 64, 64
L 210.3750, 2024.3748, 5.6260,  210.3750, 2016.3749, 5.6260,  64, 64, 64
L 209.6247, 2016.3748, 5.6260,  254.3750, 2016.3727, 5.6260,  64, 64, 64
L 253.6250, 2016.3727, 5.6260,  253.6248, 2024.3749, 5.6260,  64, 64, 64
L 253.6248, 2024.3749, 5.6260,  477.6551, 2024.3749, 5.6260,  64, 64, 64
L 517.6250, 2023.6250, 25.6260,  517.6249, 2068.3726, 25.6260,  64, 64, 64
L 515.6249, 2068.3726, 24.6260,  515.6248, 2023.6250, 24.6260,  64, 64, 64
L 513.6250, 2023.6250, 23.6260,  513.6250, 2068.3726, 23.6260,  64, 64, 64
L 511.6250, 2068.3726, 22.6260,  511.6250, 2023.6250, 22.6260,  64, 64, 64
L 509.6250, 2023.6250, 21.6260,  509.6250, 2068.3726, 21.6260,  64, 64, 64
L 507.6250, 2068.3733, 20.6260,  507.6249, 2023.6250, 20.6260,  64, 64, 64
L 505.6250, 2023.6250, 19.6260,  505.6250, 2068.3733, 19.6260,  64, 64, 64
L 503.6250, 2068.3733, 18.6260,  503.6249, 2023.6250, 18.6260,  64, 64, 64
L 501.6250, 2023.6250, 17.6260,  501.6250, 2068.3733, 17.6260,  64, 64, 64
L 499.6250, 2068.3738, 16.6260,  499.6249, 2023.6250, 16.6260,  64, 64, 64
L 497.6250, 2023.6250, 15.6259,  497.6250, 2068.3738, 15.6259,  64, 64, 64
L 495.6250, 2068.3738, 14.6259,  495.6249, 2023.6250, 14.6259,  64, 64, 64
L 493.6250, 2023.6250, 13.6259,  493.6250, 2068.3738, 13.6259,  64, 64, 64
L 491.6250, 2068.3738, 12.6259,  491.6249, 2023.6250, 12.6259,  64, 64, 64
L 489.6250, 2023.6250, 11.6259,  489.6250, 2068.3743, 11.6259,  64, 64, 64
L 487.6250, 2068.3743, 10.6259,  487.6249, 2023.6250, 10.6259,  64, 64, 64
L 485.6250, 2023.6250, 9.6259,  485.6249, 2068.3743, 9.6259,  64, 64, 64
L 483.6249, 2068.3743, 8.6259,  483.6250, 2023.6250, 8.6259,  64, 64, 64
L 481.6250, 2023.6250, 7.6260,  481.6249, 2068.3743, 7.6260,  64, 64, 64
L 523.9999, 2023.4192, 30.6260,  526.2794, 2022.2793, 30.6260,  64, 64, 64
L 526.2794, 2022.2793, 30.6260,  527.4193, 2020.0000, 30.6260,  64, 64, 64
L 527.4193, 2020.0000, 30.6260,  526.2797, 2017.7206, 30.6260,  64, 64, 64
L 526.2797, 2017.7206, 30.6260,  524.2700, 2016.5789, 30.6260,  64, 64, 64
L 524.2700, 2016.5789, 30.6260,  521.7204, 2017.7205, 30.6260,  64, 64, 64
L 521.7204, 2017.7205, 30.6260,  520.5806, 2019.9998, 30.6260,  64, 64, 64
L 520.5806, 2019.9998, 30.6260,  521.7202, 2022.2792, 30.6260,  64, 64, 64
L 521.7202, 2022.2792, 30.6260,  523.9999, 2023.4192, 30.6260,  64, 64, 64
L 526.2794, 2069.7200, 30.6260,  523.9998, 2068.5801, 30.6260,  64, 64, 64
L 523.9998, 2068.5801, 30.6260,  521.7202, 2069.7200, 30.6260,  64, 64, 64
L 521.7202, 2069.7200, 30.6260,  520.5806, 2071.9993, 30.6260,  64, 64, 64
L 520.5806, 2071.9993, 30.6260,  521.7201, 2074.2791, 30.6260,  64, 64, 64
L 521.7201, 2074.2791, 30.6260,  524.0000, 2075.4192, 30.6260,  64, 64, 64
L 524.0000, 2075.4192, 30.6260,  526.2794, 2074.2791, 30.6260,  64, 64, 64
L 526.2794, 2074.2791, 30.6260,  527.4193, 2071.9998, 30.6260,  64, 64, 64
L 527.4193, 2071.9998, 30.6260,  526.2794, 2069.7200, 30.6260,  64, 64, 64
L 624.5806, 2071.9998, 30.6260,  625.7205, 2074.2793, 30.6260,  64, 64, 64
L 625.7205, 2074.2793, 30.6260,  628.0000, 2075.4185, 30.6260,  64, 64, 64
L 628.0000, 2075.4185, 30.6260,  630.2794, 2074.2793, 30.6260,  64, 64, 64
L 630.2794, 2074.2793, 30.6260,  631.4208, 2071.9966, 30.6260,  64, 64, 64
L 631.4208, 2071.9966, 30.6260,  630.2663, 2069.7134, 30.6260,  64, 64, 64
L 630.2663, 2069.7134, 30.6260,  628.0000, 2068.5801, 30.6260,  64, 64, 64
L 628.0000, 2068.5801, 30.6260,  625.7205, 2069.7200, 30.6260,  64, 64, 64
L 625.7205, 2069.7200, 30.6260,  624.5806, 2071.9998, 30.6260,  64, 64, 64
L 631.4192, 2020.0000, 30.6260,  630.2794, 2017.7205, 30.6260,  64, 64, 64
L 630.2794, 2017.7205, 30.6260,  627.9999, 2016.5806, 30.6260,  64, 64, 64
L 627.9999, 2016.5806, 30.6260,  625.7202, 2017.7201, 30.6260,  64, 64, 64
L 625.7202, 2017.7201, 30.6260,  624.5806, 2019.9999, 30.6260,  64, 64, 64
L 624.5806, 2019.9999, 30.6260,  625.7204, 2022.2792, 30.6260,  64, 64, 64
L 625.7204, 2022.2792, 30.6260,  627.9999, 2023.4192, 30.6260,  64, 64, 64
L 627.9999, 2023.4192, 30.6260,  630.2794, 2022.2793, 30.6260,  64, 64, 64
L 630.2794, 2022.2793, 30.6260,  631.4192, 2020.0000, 30.6260,  64, 64, 64
L 210.3750, 1976.3748, 25.6260,  210.3750, 1967.6250, 25.6260,  64, 64, 64
L 210.3750, 1967.6250, 25.6260,  208.3750, 1967.6249, 25.6260,  64, 64, 64
L 208.3750, 1967.6249, 25.6260,  208.3750, 1924.3750, 25.6260,  64, 64, 64
L 208.3750, 1924.3750, 25.6260,  210.3833, 1924.3622, 25.6260,  64, 64, 64
L 210.3833, 1924.3622, 25.6260,  210.3745, 1915.6248, 25.6260,  64, 64, 64
L 253.6250, 1915.6250, 25.6260,  253.6250, 1924.3749, 25.6260,  64, 64, 64
L 253.6250, 1924.3749, 25.6260,  255.6250, 1924.3749, 25.6260,  64, 64, 64
L 255.6250, 1924.3749, 25.6260,  255.6250, 1967.6250, 25.6260,  64, 64, 64
L 255.6250, 1967.6250, 25.6260,  253.6250, 1967.6250, 25.6260,  64, 64, 64
L 253.6250, 1967.6250, 25.6260,  253.6250, 1976.3748, 25.6260,  64, 64, 64
L 262.3750, 1976.3749, 6.6260,  253.6250, 1976.3748, 6.6260,  64, 64, 64
L 254.3750, 1976.3749, 6.6260,  254.3750, 2016.3727, 6.6260,  64, 64, 64
L 254.3750, 2014.3750, 6.6260,  209.6247, 2014.3748, 6.6260,  64, 64, 64
L 209.6247, 2016.3748, 6.6260,  209.6250, 1976.3743, 6.6260,  64, 64, 64
L 210.3750, 1976.3748, 6.6260,  201.6250, 1976.3711, 6.6260,  64, 64, 64
L 209.6250, 1978.3749, 24.6260,  254.3750, 1978.3749, 24.6260,  64, 64, 64
L 254.3750, 1980.3749, 23.6260,  209.6250, 1980.3749, 23.6260,  64, 64, 64
L 209.6248, 1982.3750, 22.6260,  254.3750, 1982.3639, 22.6260,  64, 64, 64
L 254.3750, 1984.3755, 21.6260,  209.6248, 1984.3605, 21.6311,  64, 64, 64
L 209.6248, 1986.3595, 20.6356,  254.3750, 1986.3628, 20.6262,  64, 64, 64
L 254.3750, 1988.3750, 19.6260,  209.6248, 1988.3622, 19.6262,  64, 64, 64
L 209.6248, 1990.3649, 18.6260,  254.3750, 1990.3628, 18.6260,  64, 64, 64
L 254.3750, 1992.3750, 17.6260,  209.6248, 1992.3748, 17.6260,  64, 64, 64
L 209.6248, 1994.3749, 16.6260,  254.3750, 1994.3749, 16.6260,  64, 64, 64
L 254.3750, 1996.3749, 15.6259,  209.6248, 1996.3749, 15.6259,  64, 64, 64
L 209.6248, 1998.3749, 14.6259,  254.3750, 1998.3749, 14.6259,  64, 64, 64
L 254.3750, 2000.3749, 13.6259,  209.6247, 2000.3749, 13.6259,  64, 64, 64
L 209.6247, 2002.3749, 12.6259,  254.3750, 2002.3749, 12.6259,  64, 64, 64
L 254.3750, 2004.3750, 11.6259,  209.6247, 2004.3748, 11.6259,  64, 64, 64
L 209.6247, 2006.3749, 10.6259,  254.3750, 2006.3749, 10.6259,  64, 64, 64
L 254.3750, 2008.3750, 9.6259,  209.6247, 2008.3748, 9.6259,  64, 64, 64
L 209.6247, 2010.3749, 8.6259,  254.3750, 2010.3749, 8.6259,  64, 64, 64
L 254.3750, 2012.3749, 7.6260,  209.6247, 2012.3749, 7.6260,  64, 64, 64
L 262.3752, 1915.6250, 6.6260,  253.6250, 1915.6250, 6.6260,  64, 64, 64
L 254.3750, 1915.6250, 6.6260,  254.3750, 1877.6250, 6.6260,  64, 64, 64
L 254.3750, 1877.6250, 6.6260,  209.6247, 1877.6248, 6.6260,  64, 64, 64
L 209.6247, 1877.6248, 6.6260,  209.6250, 1915.6249, 6.6260,  64, 64, 64
L 210.3745, 1915.6248, 6.6260,  201.6250, 1915.6250, 6.6260,  64, 64, 64
L 254.3750, 1913.6248, 24.6260,  209.6250, 1913.6248, 24.6260,  64, 64, 64
L 209.6250, 1911.6250, 23.6260,  254.3750, 1911.6244, 23.6260,  64, 64, 64
L 254.3750, 1909.6248, 22.6260,  209.6250, 1909.6320, 22.6260,  64, 64, 64
L 209.6250, 1907.6250, 21.6260,  254.3750, 1907.6250, 21.6260,  64, 64, 64
L 254.3750, 1905.6250, 20.6260,  209.6248, 1905.6248, 20.6260,  64, 64, 64
L 209.6248, 1903.6250, 19.6260,  254.3750, 1903.6250, 19.6260,  64, 64, 64
L 254.3750, 1901.6250, 18.6260,  209.6248, 1901.6250, 18.6260,  64, 64, 64
L 209.6248, 1899.6250, 17.6260,  254.3750, 1899.6248, 17.6260,  64, 64, 64
L 254.3750, 1897.6250, 16.6260,  209.6248, 1897.6250, 16.6260,  64, 64, 64
L 209.6248, 1895.6249, 15.6259,  254.3750, 1895.6249, 15.6259,  64, 64, 64
L 254.3750, 1893.6250, 14.6259,  209.6248, 1893.6248, 14.6259,  64, 64, 64
L 209.6248, 1891.6248, 13.6259,  254.3750, 1891.6250, 13.6259,  64, 64, 64
L 254.3750, 1889.6250, 12.6259,  209.6247, 1889.6248, 12.6259,  64, 64, 64
L 209.6247, 1887.6244, 11.6259,  254.3750, 1887.6366, 11.6259,  64, 64, 64
L 254.3750, 1885.6249, 10.6259,  209.6247, 1885.6249, 10.6259,  64, 64, 64
L 209.6247, 1883.6250, 9.6259,  254.3750, 1883.6244, 9.6259,  64, 64, 64
L 254.3750, 1881.6250, 8.6259,  209.6247, 1881.6248, 8.6259,  64, 64, 64
L 209.6247, 1879.6250, 7.6260,  254.3750, 1879.6248, 7.6260,  64, 64, 64
L 255.7257, 1922.2820, 29.6260,  258.0000, 1923.4192, 29.6260,  64, 64, 64
L 258.0000, 1923.4192, 29.6260,  260.2794, 1922.2792, 29.6260,  64, 64, 64
L 260.2794, 1922.2792, 29.6260,  261.4211, 1919.9960, 29.6260,  64, 64, 64
L 261.4211, 1919.9960, 29.6260,  260.2791, 1917.7201, 29.6260,  64, 64, 64
L 260.2791, 1917.7201, 29.6260,  257.9913, 1916.5762, 29.6260,  64, 64, 64
L 257.9913, 1916.5762, 29.6260,  255.7195, 1917.7223, 29.6260,  64, 64, 64
L 255.7195, 1917.7223, 29.6260,  254.5662, 1920.2880, 29.6260,  64, 64, 64
L 254.5662, 1920.2880, 29.6260,  255.7257, 1922.2820, 29.6260,  64, 64, 64
L 208.2795, 1917.7201, 29.6260,  205.9998, 1916.5806, 29.6260,  64, 64, 64
L 205.9998, 1916.5806, 29.6260,  203.7204, 1917.7201, 29.6260,  64, 64, 64
L 203.7204, 1917.7201, 29.6260,  202.5765, 1920.8196, 29.6260,  64, 64, 64
L 202.5765, 1920.8196, 29.6260,  203.7186, 1922.2726, 29.6260,  64, 64, 64
L 203.7186, 1922.2726, 29.6260,  205.9987, 1923.4197, 29.6260,  64, 64, 64
L 205.9987, 1923.4197, 29.6260,  208.2795, 1922.2792, 29.6260,  64, 64, 64
L 208.2795, 1922.2792, 29.6260,  209.4192, 1919.9998, 29.6260,  64, 64, 64
L 209.4192, 1919.9998, 29.6260,  208.2795, 1917.7201, 29.6260,  64, 64, 64
L 208.2788, 1969.7200, 29.6260,  205.9997, 1968.5806, 29.6260,  64, 64, 64
L 205.9997, 1968.5806, 29.6260,  203.7204, 1969.7205, 29.6260,  64, 64, 64
L 203.7204, 1969.7205, 29.6260,  202.5807, 1971.9999, 29.6260,  64, 64, 64
L 202.5807, 1971.9999, 29.6260,  203.7204, 1974.2793, 29.6260,  64, 64, 64
L 203.7204, 1974.2793, 29.6260,  206.0000, 1975.4192, 29.6260,  64, 64, 64
L 206.0000, 1975.4192, 29.6260,  208.2794, 1974.2793, 29.6260,  64, 64, 64
L 208.2794, 1974.2793, 29.6260,  209.4211, 1971.9960, 29.6260,  64, 64, 64
L 209.4211, 1971.9960, 29.6260,  208.2788, 1969.7200, 29.6260,  64, 64, 64
L 254.5807, 1971.9998, 29.6260,  255.7204, 1974.2793, 29.6260,  64, 64, 64
L 255.7204, 1974.2793, 29.6260,  257.9999, 1975.4192, 29.6260,  64, 64, 64
L 257.9999, 1975.4192, 29.6260,  260.2794, 1974.2792, 29.6260,  64, 64, 64
L 260.2794, 1974.2792, 29.6260,  261.4193, 1971.9999, 29.6260,  64, 64, 64
L 261.4193, 1971.9999, 29.6260,  260.2794, 1969.7201, 29.6260,  64, 64, 64
L 260.2794, 1969.7201, 29.6260,  257.9999, 1968.5801, 29.6260,  64, 64, 64
L 257.9999, 1968.5801, 29.6260,  255.7204, 1969.7201, 29.6260,  64, 64, 64
L 255.7204, 1969.7201, 29.6260,  254.5807, 1971.9998, 29.6260,  64, 64, 64
L -57.7205, 2017.7205, 30.6260,  -60.1000, 2016.5806, 30.6260,  64, 64, 64
L -60.1000, 2016.5806, 30.6260,  -62.2794, 2017.7201, 30.6260,  64, 64, 64
L -62.2794, 2017.7201, 30.6260,  -63.4192, 2019.9999, 30.6260,  64, 64, 64
L -63.4192, 2019.9999, 30.6260,  -62.2794, 2022.2793, 30.6260,  64, 64, 64
L -62.2794, 2022.2793, 30.6260,  -59.9962, 2023.4209, 30.6260,  64, 64, 64
L -59.9962, 2023.4209, 30.6260,  -57.7201, 2022.2787, 30.6260,  64, 64, 64
L -57.7201, 2022.2787, 30.6260,  -56.5807, 2019.9998, 30.6260,  64, 64, 64
L -56.5807, 2019.9998, 30.6260,  -57.7205, 2017.7205, 30.6260,  64, 64, 64
L -59.9998, 2068.5806, 30.6260,  -62.2794, 2069.7195, 30.6260,  64, 64, 64
L -62.2794, 2069.7195, 30.6260,  -63.4192, 2071.9998, 30.6260,  64, 64, 64
L -63.4192, 2071.9998, 30.6260,  -62.2794, 2074.2793, 30.6260,  64, 64, 64
L -62.2794, 2074.2793, 30.6260,  -59.9998, 2075.4185, 30.6260,  64, 64, 64
L -59.9998, 2075.4185, 30.6260,  -57.7205, 2074.2793, 30.6260,  64, 64, 64
L -57.7205, 2074.2793, 30.6260,  -56.5784, 2071.9954, 30.6260,  64, 64, 64
L -56.5784, 2071.9954, 30.6260,  -57.7214, 2069.7195, 30.6260,  64, 64, 64
L -57.7214, 2069.7195, 30.6260,  -59.9998, 2068.5806, 30.6260,  64, 64, 64
L -160.5807, 2071.9993, 30.6260,  -161.7204, 2069.7205, 30.6260,  64, 64, 64
L -161.7204, 2069.7205, 30.6260,  -164.3000, 2068.5801, 30.6260,  64, 64, 64
L -164.3000, 2068.5801, 30.6260,  -166.2798, 2069.7205, 30.6260,  64, 64, 64
L -166.2798, 2069.7205, 30.6260,  -167.4192, 2071.9998, 30.6260,  64, 64, 64
L -167.4192, 2071.9998, 30.6260,  -166.2795, 2074.2791, 30.6260,  64, 64, 64
L -166.2795, 2074.2791, 30.6260,  -164.2000, 2075.4192, 30.6260,  64, 64, 64
L -164.2000, 2075.4192, 30.6260,  -161.7204, 2074.2793, 30.6260,  64, 64, 64
L -161.7204, 2074.2793, 30.6260,  -160.5807, 2071.9993, 30.6260,  64, 64, 64
L -160.5807, 2019.9999, 30.6260,  -161.7205, 2017.7201, 30.6260,  64, 64, 64
L -161.7205, 2017.7201, 30.6260,  -164.1000, 2016.5806, 30.6260,  64, 64, 64
L -164.1000, 2016.5806, 30.6260,  -166.2794, 2017.7201, 30.6260,  64, 64, 64
L -166.2794, 2017.7201, 30.6260,  -167.4192, 2019.9999, 30.6260,  64, 64, 64
L -167.4192, 2019.9999, 30.6260,  -166.2795, 2022.2793, 30.6260,  64, 64, 64
L -166.2795, 2022.2793, 30.6260,  -164.0000, 2023.4192, 30.6260,  64, 64, 64
L -164.0000, 2023.4192, 30.6260,  -161.7204, 2022.2793, 30.6260,  64, 64, 64
L -161.7204, 2022.2793, 30.6260,  -160.5807, 2019.9999, 30.6260,  64, 64, 64
L -168.3750, 2015.6250, 6.6260,  -168.3748, 2024.3748, 6.6260,  64, 64, 64
L -168.3748, 2023.6249, 6.6260,  -208.3750, 2023.6248, 6.6260,  64, 64, 64
L -208.3750, 2023.6248, 6.6260,  -208.3750, 2068.3748, 6.6260,  64, 64, 64
L -208.3750, 2068.3748, 6.6260,  -168.3750, 2068.3748, 6.6260,  64, 64, 64
L -168.3750, 2067.6250, 6.6260,  -168.3750, 2076.3748, 6.6260,  64, 64, 64
L -168.3750, 2067.6250, 26.6260,  -159.6250, 2067.6250, 26.6260,  64, 64, 64
L -159.6250, 2067.6250, 26.6260,  -159.6250, 2069.6250, 26.6260,  64, 64, 64
L -159.6250, 2069.6250, 26.6260,  -64.3750, 2069.6250, 26.6260,  64, 64, 64
L -64.3750, 2069.6250, 26.6260,  -64.3750, 2067.6250, 26.6260,  64, 64, 64
L -64.3750, 2067.6250, 26.6260,  -55.6250, 2067.6250, 26.6260,  64, 64, 64
L -55.6250, 2015.6250, 6.6260,  -55.6250, 2024.3749, 6.6260,  64, 64, 64
L -55.6250, 2023.6249, 6.6260,  -13.6250, 2023.6377, 6.6260,  64, 64, 64
L -15.6250, 2023.6370, 6.6260,  -15.6250, 2068.3743, 6.6260,  64, 64, 64
L -13.6250, 2068.3748, 6.6260,  -55.6250, 2068.3704, 6.6260,  64, 64, 64
L -55.6250, 2067.6250, 6.6260,  -55.6250, 2076.3748, 6.6260,  64, 64, 64
L -55.6250, 2024.3749, 26.6260,  -64.3750, 2024.3748, 26.6260,  64, 64, 64
L -64.3750, 2024.3748, 26.6260,  -64.3750, 2022.3748, 26.6260,  64, 64, 64
L -64.3750, 2022.3748, 26.6260,  -159.6250, 2022.3727, 26.6260,  64, 64, 64
L -159.6250, 2022.3727, 26.6260,  -159.6250, 2024.3749, 26.6260,  64, 64, 64
L -159.6250, 2024.3749, 26.6260,  -168.3748, 2024.3748, 26.6260,  64, 64, 64
L -170.3617, 2023.6249, 25.6260,  -170.3754, 2068.3743, 25.6260,  64, 64, 64
L -172.3750, 2068.3743, 24.6260,  -172.3750, 2023.6248, 24.6260,  64, 64, 64
L -174.3750, 2023.6248, 23.6260,  -174.3750, 2068.3743, 23.6260,  64, 64, 64
L -176.3750, 2068.3743, 22.6260,  -176.3750, 2023.6248, 22.6260,  64, 64, 64
L -178.3750, 2023.6248, 21.6260,  -178.3750, 2068.3743, 21.6260,  64, 64, 64
L -180.3750, 2068.3743, 20.6260,  -180.3750, 2023.6248, 20.6260,  64, 64, 64
L -182.3753, 2023.6248, 19.6260,  -182.3658, 2068.3743, 19.6260,  64, 64, 64
L -184.3750, 2068.3743, 18.6260,  -184.3750, 2023.6248, 18.6260,  64, 64, 64
L -186.3750, 2023.6248, 17.6260,  -186.3750, 2068.3743, 17.6260,  64, 64, 64
L -188.3750, 2068.3743, 16.6260,  -188.3750, 2023.6248, 16.6260,  64, 64, 64
L -190.3750, 2023.6248, 15.6259,  -190.3750, 2068.3743, 15.6259,  64, 64, 64
L -192.3750, 2068.3743, 14.6259,  -192.3750, 2023.6248, 14.6259,  64, 64, 64
L -194.3750, 2023.6248, 13.6259,  -194.3750, 2068.3743, 13.6259,  64, 64, 64
L -196.3750, 2068.3743, 12.6259,  -196.3750, 2023.6248, 12.6259,  64, 64, 64
L -198.3750, 2023.6248, 11.6259,  -198.3750, 2068.3743, 11.6259,  64, 64, 64
L -200.3750, 2068.3743, 10.6259,  -200.3750, 2023.6248, 10.6259,  64, 64, 64
L -202.3750, 2023.6248, 9.6259,  -202.3750, 2068.3743, 9.6259,  64, 64, 64
L -204.3750, 2068.3743, 8.6259,  -204.3750, 2023.6248, 8.6259,  64, 64, 64
L -206.3750, 2023.6248, 7.6260,  -206.3750, 2068.3743, 7.6260,  64, 64, 64
L -53.6250, 2068.3704, 25.6260,  -53.6250, 2023.6255, 25.6260,  64, 64, 64
L -51.6250, 2023.6260, 24.6260,  -51.6250, 2068.3704, 24.6260,  64, 64, 64
L -49.6250, 2068.3704, 23.6260,  -49.6250, 2023.6266, 23.6260,  64, 64, 64
L -47.6250, 2023.6272, 22.6260,  -47.6250, 2068.3711, 22.6260,  64, 64, 64
L -45.6250, 2068.3711, 21.6260,  -45.6250, 2023.6277, 21.6260,  64, 64, 64
L -43.6250, 2023.6283, 20.6260,  -43.6250, 2068.3716, 20.6260,  64, 64, 64
L -41.6250, 2068.3716, 19.6260,  -41.6250, 2023.6292, 19.6260,  64, 64, 64
L -39.6250, 2023.6298, 18.6260,  -39.6250, 2068.3716, 18.6260,  64, 64, 64
L -37.6250, 2068.3721, 17.6260,  -37.6250, 2023.6304, 17.6260,  64, 64, 64
L -35.6250, 2023.6310, 16.6260,  -35.6250, 2068.3721, 16.6260,  64, 64, 64
L -33.6250, 2068.3726, 15.6259,  -33.6250, 2023.6316, 15.6259,  64, 64, 64
L -31.6250, 2023.6321, 14.6259,  -31.6250, 2068.3726, 14.6259,  64, 64, 64
L -29.6250, 2068.3726, 13.6259,  -29.6250, 2023.6327, 13.6259,  64, 64, 64
L -27.6249, 2023.6332, 12.6259,  -27.6300, 2068.3726, 12.6259,  64, 64, 64
L -25.6250, 2068.3733, 11.6259,  -25.6249, 2023.6338, 11.6259,  64, 64, 64
L -23.6250, 2023.6344, 10.6259,  -23.6250, 2068.3733, 10.6259,  64, 64, 64
L -21.6250, 2068.3738, 9.6259,  -21.6250, 2023.6353, 9.6259,  64, 64, 64
L -19.6250, 2023.6355, 8.6259,  -19.6250, 2068.3738, 8.6259,  64, 64, 64
L -17.6250, 2068.3743, 7.6260,  -17.6250, 2023.6365, 7.6260,  64, 64, 64
L -168.7066, 1844.3749, 6.6260,  -274.6250, 1844.3749, 6.6260,  64, 64, 64
L -274.6250, 1844.3749, 6.6260,  -274.6250, 1997.6349, 6.6260,  64, 64, 64
L -274.6250, 1997.6349, 6.6260,  -261.8913, 1997.6238, 6.6260,  64, 64, 64
L -261.8913, 1997.6238, 6.6260,  -257.8299, 1998.6642, 6.6260,  64, 64, 64
L -257.8299, 1998.6642, 6.6260,  -252.7265, 2001.7266, 6.6260,  64, 64, 64
L -252.7265, 2001.7266, 6.6260,  -249.6501, 2006.8528, 6.6260,  64, 64, 64
L -249.6501, 2006.8528, 6.6260,  -248.6144, 2010.9955, 6.6260,  64, 64, 64
L -248.6144, 2010.9955, 6.6260,  -249.6518, 2015.1482, 6.6260,  64, 64, 64
L -249.6518, 2015.1482, 6.6260,  -252.7265, 2020.2732, 6.6260,  64, 64, 64
L -252.7265, 2020.2732, 6.6260,  -257.8548, 2023.3501, 6.6260,  64, 64, 64
L -257.8548, 2023.3501, 6.6260,  -261.9537, 2024.3749, 6.6260,  64, 64, 64
L -261.9537, 2024.3749, 6.6260,  -277.3616, 2024.3748, 6.6260,  64, 64, 64
L -277.3616, 2024.3748, 6.6262,  -277.3750, 2004.3749, 6.6260,  64, 64, 64
L -277.3750, 2004.3749, 6.6260,  -322.6250, 2004.3589, 6.6260,  64, 64, 64
L -322.6250, 2004.3589, 6.6260,  -322.6249, 2024.3748, 6.6260,  64, 64, 64
L -322.6250, 2067.6250, 6.6260,  -322.6250, 2087.6250, 6.6260,  64, 64, 64
L -322.6250, 2087.6250, 6.6260,  -277.3750, 2087.6272, 6.6260,  64, 64, 64
L -277.3750, 2087.6272, 6.6260,  -277.3749, 2067.6250, 6.6260,  64, 64, 64
L -277.3749, 2067.6250, 6.6260,  -261.9538, 2067.6243, 6.6260,  64, 64, 64
L -261.9538, 2067.6243, 6.6260,  -257.8548, 2068.6492, 6.6260,  64, 64, 64
L -257.8548, 2068.6492, 6.6260,  -252.7266, 2071.7261, 6.6260,  64, 64, 64
L -252.7266, 2071.7261, 6.6260,  -249.6495, 2076.8550, 6.6260,  64, 64, 64
L -249.6495, 2076.8550, 6.6260,  -248.5992, 2081.5630, 6.6260,  64, 64, 64
L -248.5992, 2081.5630, 6.6260,  -249.6545, 2085.1526, 6.6260,  64, 64, 64
L -249.6545, 2085.1526, 6.6260,  -252.7257, 2090.2725, 6.6260,  64, 64, 64
L -252.7257, 2090.2725, 6.6260,  -257.8553, 2093.3501, 6.6260,  64, 64, 64
L -257.8553, 2093.3501, 6.6260,  -261.9538, 2094.3748, 6.6260,  64, 64, 64
L -261.9538, 2094.3748, 6.6260,  -274.6250, 2094.3733, 6.6260,  64, 64, 64
L -274.6250, 2094.3733, 6.6260,  -274.6249, 2247.6250, 6.6260,  64, 64, 64
L -274.6249, 2247.6250, 6.6260,  -167.6250, 2247.6250, 6.6265,  64, 64, 64
L -227.6408, 2247.6248, 6.6260,  -227.6408, 2234.5618, 6.6260,  64, 64, 64
L -227.6408, 2234.5618, 6.6260,  -214.2209, 2234.5613, 6.6260,  64, 64, 64
L -214.2209, 2234.5613, 6.6260,  -214.2207, 2247.6248, 6.6260,  64, 64, 64
L -226.3934, 1857.6138, 6.6260,  -212.9693, 1857.6133, 6.6260,  64, 64, 64
L -212.9693, 1857.6133, 6.6260,  -213.2750, 1844.3749, 6.6260,  64, 64, 64
L -226.3934, 1857.6138, 6.6260,  -226.3934, 1844.3749, 6.6260,  64, 64, 64
L 686.7173, 2247.6248, 6.6260,  686.7173, 2234.5618, 6.6260,  64, 64, 64
L 686.7173, 2234.5618, 6.6260,  673.2974, 2234.5618, 6.6260,  64, 64, 64
L 673.2974, 2234.5618, 6.6260,  673.2974, 2247.6243, 6.6260,  64, 64, 64
L 674.2480, 1844.3749, 6.6260,  674.2480, 1857.4375, 6.6260,  64, 64, 64
L 674.2480, 1857.4375, 6.6260,  687.6680, 1857.4375, 6.6260,  64, 64, 64
L 687.6680, 1857.4375, 6.6260,  687.6680, 1844.3749, 6.6260,  64, 64, 64
L 520.3736, 2247.6243, 6.6260,  366.3750, 2247.6250, 6.6260,  64, 64, 64
L 366.3750, 2247.6250, 6.6260,  366.3750, 2127.6250, 6.6260,  64, 64, 64
L 366.3750, 2127.6250, 6.6260,  364.3747, 2127.6250, 6.6260,  64, 64, 64
L 364.3747, 2127.6250, 6.6260,  364.3750, 2084.3748, 6.6260,  64, 64, 64
L 364.3750, 2084.3748, 6.6260,  366.3747, 2084.3748, 6.6260,  64, 64, 64
L 366.3747, 2084.3748, 6.6260,  366.3750, 2075.6250, 6.6260,  64, 64, 64
L 366.3750, 2075.6250, 6.6260,  357.6250, 2075.6250, 6.6260,  64, 64, 64
L 357.6250, 2075.6250, 6.6260,  357.6250, 2077.6250, 6.6260,  64, 64, 64
L 314.3750, 2075.6128, 6.6260,  305.6250, 2075.6260, 6.6260,  64, 64, 64
L 305.6250, 2075.6260, 6.6260,  305.6250, 2077.6250, 6.6260,  64, 64, 64
L 305.6250, 2077.6250, 6.6260,  262.3750, 2077.6250, 6.6260,  64, 64, 64
L 262.3750, 2077.6250, 6.6260,  262.3750, 2075.6250, 6.6260,  64, 64, 64
L 357.6250, 2077.6250, 6.6260,  314.3750, 2077.6250, 6.6260,  64, 64, 64
L 314.3750, 2077.6250, 6.6260,  314.3750, 2075.6128, 6.6260,  64, 64, 64
L 262.3750, 2075.6250, 6.6260,  253.6250, 2075.6243, 6.6260,  64, 64, 64
L 210.3750, 2075.6250, 6.6260,  201.6250, 2075.6250, 6.6260,  64, 64, 64
L 201.6250, 2075.6250, 6.6260,  201.6250, 2077.6250, 6.6260,  64, 64, 64
L 201.6250, 2077.6250, 6.6260,  158.3750, 2077.6250, 6.6260,  64, 64, 64
L 158.3750, 2077.6250, 6.6260,  158.3750, 2075.6250, 6.6260,  64, 64, 64
L 158.3750, 2075.6250, 6.6260,  149.6250, 2075.6243, 6.6260,  64, 64, 64
L 149.6250, 2075.6243, 6.6260,  149.6250, 2077.6250, 6.6260,  64, 64, 64
L 149.6250, 2077.6250, 6.6260,  106.3750, 2077.6250, 6.6260,  64, 64, 64
L 106.3750, 2077.6250, 6.6260,  106.3750, 2075.6250, 6.6260,  64, 64, 64
L 106.3750, 2075.6250, 6.6260,  97.6250, 2075.6250, 6.6260,  64, 64, 64
L 97.6250, 2075.6250, 6.6260,  97.6250, 2084.3748, 6.6260,  64, 64, 64
L 97.6250, 2084.3748, 6.6260,  99.6250, 2084.3748, 6.6260,  64, 64, 64
L 99.6250, 2084.3748, 6.6260,  99.6250, 2127.6248, 6.6260,  64, 64, 64
L 99.6250, 2127.6248, 6.6260,  97.6250, 2127.6250, 6.6260,  64, 64, 64
L 97.6250, 2127.6250, 6.6260,  97.6250, 2247.6248, 6.6260,  64, 64, 64
L 97.6250, 2247.6248, 6.6260,  -56.3748, 2247.6248, 6.6260,  64, 64, 64
L 253.6151, 2084.3743, 9.6259,  253.7306, 2075.6248, 5.6260,  64, 64, 64
L 210.3750, 2084.3748, 9.6259,  210.3746, 2075.6250, 5.6260,  64, 64, 64
L 210.3750, 2083.6250, 9.6259,  253.6250, 2083.6250, 9.6259,  64, 64, 64
L 253.6250, 2081.6248, 8.6259,  210.3750, 2081.6250, 8.6259,  64, 64, 64
L 210.3750, 2079.6250, 7.6260,  253.6250, 2079.6250, 7.6260,  64, 64, 64
L 253.6250, 2077.6250, 6.6260,  210.3747, 2077.6250, 6.6260,  64, 64, 64
L 210.3750, 2084.3748, 10.6259,  106.3750, 2084.3748, 10.6259,  64, 64, 64
L 106.3750, 2084.3748, 10.6259,  106.3750, 2135.6250, 10.6259,  64, 64, 64
L 106.3750, 2135.6250, 10.6259,  225.6250, 2135.6250, 10.6259,  64, 64, 64
L 225.6250, 2135.6250, 10.6259,  225.6250, 2134.6250, 10.6259,  64, 64, 64
L 225.6250, 2134.6250, 10.6259,  227.3750, 2134.6250, 10.6259,  64, 64, 64
L 227.3750, 2134.6250, 10.6259,  227.3750, 2145.3748, 10.6259,  64, 64, 64
L 227.3750, 2145.3748, 10.6259,  225.6255, 2145.3743, 10.6259,  64, 64, 64
L 225.6255, 2145.3743, 10.6259,  225.6250, 2144.3721, 10.6259,  64, 64, 64
L 225.6250, 2144.3721, 10.6259,  106.3750, 2144.3748, 10.6259,  64, 64, 64
L 106.3750, 2144.3748, 10.6259,  106.3748, 2239.6250, 10.6259,  64, 64, 64
L 106.3748, 2239.6250, 10.6259,  357.6250, 2239.6250, 10.6259,  64, 64, 64
L 357.6250, 2239.6250, 10.6259,  357.6250, 2144.3748, 10.6259,  64, 64, 64
L 357.6250, 2144.3748, 10.6259,  238.3750, 2144.3748, 10.6259,  64, 64, 64
L 238.3750, 2144.3748, 10.6259,  238.3750, 2145.3748, 10.6259,  64, 64, 64
L 238.3750, 2145.3748, 10.6259,  236.6250, 2145.3743, 10.6259,  64, 64, 64
L 236.6250, 2145.3743, 10.6259,  236.6250, 2134.6038, 10.6259,  64, 64, 64
L 236.6250, 2134.6038, 10.6259,  238.3428, 2134.6768, 10.6259,  64, 64, 64
L 238.3428, 2134.6768, 10.6259,  238.3750, 2135.6250, 10.6259,  64, 64, 64
L 238.3750, 2135.6250, 10.6259,  357.6250, 2135.6250, 10.6259,  64, 64, 64
L 357.6250, 2135.6250, 10.6259,  357.6250, 2084.3748, 10.6259,  64, 64, 64
L 357.6250, 2084.3748, 10.6259,  253.6151, 2084.3743, 10.6259,  64, 64, 64
L 255.7202, 2082.2791, 15.6259,  257.9997, 2083.4185, 15.6259,  64, 64, 64
L 257.9997, 2083.4185, 15.6259,  260.2794, 2082.2793, 15.6259,  64, 64, 64
L 260.2794, 2082.2793, 15.6259,  261.4193, 2079.9993, 15.6259,  64, 64, 64
L 261.4193, 2079.9993, 15.6259,  260.2794, 2077.7200, 15.6259,  64, 64, 64
L 260.2794, 2077.7200, 15.6259,  257.9997, 2076.5801, 15.6259,  64, 64, 64
L 257.9997, 2076.5801, 15.6259,  255.7204, 2077.7200, 15.6259,  64, 64, 64
L 255.7204, 2077.7200, 15.6259,  254.5807, 2079.9998, 15.6259,  64, 64, 64
L 254.5807, 2079.9998, 15.6259,  255.7202, 2082.2791, 15.6259,  64, 64, 64
L 208.2794, 2082.2793, 15.6259,  209.4192, 2079.9998, 15.6259,  64, 64, 64
L 209.4192, 2079.9998, 15.6259,  208.2794, 2077.7200, 15.6259,  64, 64, 64
L 208.2794, 2077.7200, 15.6259,  205.9918, 2076.5767, 15.6259,  64, 64, 64
L 205.9918, 2076.5767, 15.6259,  203.6959, 2077.7688, 15.6259,  64, 64, 64
L 203.6959, 2077.7688, 15.6259,  202.5807, 2079.9998, 15.6259,  64, 64, 64
L 202.5807, 2079.9998, 15.6259,  203.7204, 2082.2793, 15.6259,  64, 64, 64
L 203.7204, 2082.2793, 15.6259,  206.1000, 2083.4192, 15.6259,  64, 64, 64
L 206.1000, 2083.4192, 15.6259,  208.2794, 2082.2793, 15.6259,  64, 64, 64
L 156.2795, 2082.2793, 15.6259,  157.4196, 2079.9988, 15.6259,  64, 64, 64
L 157.4196, 2079.9988, 15.6259,  156.2778, 2077.7195, 15.6259,  64, 64, 64
L 156.2778, 2077.7195, 15.6259,  153.9996, 2076.5806, 15.6259,  64, 64, 64
L 153.9996, 2076.5806, 15.6259,  151.7204, 2077.7200, 15.6259,  64, 64, 64
L 151.7204, 2077.7200, 15.6259,  150.5807, 2079.9998, 15.6259,  64, 64, 64
L 150.5807, 2079.9998, 15.6259,  151.7204, 2082.2793, 15.6259,  64, 64, 64
L 151.7204, 2082.2793, 15.6259,  154.2000, 2083.4185, 15.6259,  64, 64, 64
L 154.2000, 2083.4185, 15.6259,  156.2795, 2082.2793, 15.6259,  64, 64, 64
L 104.2796, 2082.2791, 15.6259,  105.4193, 2079.9998, 15.6259,  64, 64, 64
L 105.4193, 2079.9998, 15.6259,  104.2793, 2077.7200, 15.6259,  64, 64, 64
L 104.2793, 2077.7200, 15.6259,  101.9583, 2076.5596, 15.6259,  64, 64, 64
L 101.9583, 2076.5596, 15.6259,  99.6321, 2077.8965, 15.6259,  64, 64, 64
L 99.6321, 2077.8965, 15.6259,  98.5806, 2079.9998, 15.6259,  64, 64, 64
L 98.5806, 2079.9998, 15.6259,  99.7205, 2082.2793, 15.6259,  64, 64, 64
L 99.7205, 2082.2793, 15.6264,  102.2000, 2083.4192, 15.6264,  64, 64, 64
L 102.2000, 2083.4192, 15.6264,  104.2796, 2082.2791, 15.6264,  64, 64, 64
L 104.2793, 2129.7200, 15.6264,  102.0000, 2128.5801, 15.6264,  64, 64, 64
L 102.0000, 2128.5801, 15.6264,  99.7205, 2129.7200, 15.6264,  64, 64, 64
L 99.7205, 2129.7200, 15.6264,  98.5806, 2131.9998, 15.6264,  64, 64, 64
L 98.5806, 2131.9998, 15.6264,  99.7205, 2134.2791, 15.6264,  64, 64, 64
L 99.7205, 2134.2791, 15.6264,  102.1000, 2135.4192, 15.6264,  64, 64, 64
L 102.1000, 2135.4192, 15.6264,  104.2796, 2134.2791, 15.6264,  64, 64, 64
L 104.2796, 2134.2791, 15.6264,  105.4193, 2131.9993, 15.6264,  64, 64, 64
L 105.4193, 2131.9993, 15.6264,  104.2793, 2129.7200, 15.6264,  64, 64, 64
L 358.5806, 2131.9993, 15.6264,  359.7205, 2134.2793, 15.6264,  64, 64, 64
L 359.7205, 2134.2793, 15.6264,  361.9997, 2135.4185, 15.6264,  64, 64, 64
L 361.9997, 2135.4185, 15.6264,  364.2794, 2134.2793, 15.6264,  64, 64, 64
L 364.2794, 2134.2793, 15.6264,  365.4193, 2131.9993, 15.6264,  64, 64, 64
L 365.4193, 2131.9993, 15.6264,  364.2794, 2129.7200, 15.6264,  64, 64, 64
L 364.2794, 2129.7200, 15.6264,  361.9997, 2128.5806, 15.6264,  64, 64, 64
L 361.9997, 2128.5806, 15.6264,  359.7203, 2129.7200, 15.6264,  64, 64, 64
L 359.7203, 2129.7200, 15.6264,  358.5806, 2131.9993, 15.6264,  64, 64, 64
L 359.7205, 2082.2793, 15.6264,  362.2000, 2083.4185, 15.6264,  64, 64, 64
L 362.2000, 2083.4185, 15.6263,  364.2796, 2082.2791, 15.6263,  64, 64, 64
L 364.2796, 2082.2791, 15.6263,  365.4193, 2079.9993, 15.6263,  64, 64, 64
L 365.4193, 2079.9993, 15.6263,  364.2794, 2077.7200, 15.6263,  64, 64, 64
L 364.2794, 2077.7200, 15.6263,  361.9995, 2076.5806, 15.6263,  64, 64, 64
L 361.9995, 2076.5806, 15.6263,  359.7203, 2077.7200, 15.6263,  64, 64, 64
L 359.7203, 2077.7200, 15.6263,  358.5806, 2079.9998, 15.6263,  64, 64, 64
L 358.5806, 2079.9998, 15.6263,  359.7205, 2082.2793, 15.6263,  64, 64, 64
L 312.2807, 2082.2769, 15.6263,  313.4193, 2079.9993, 15.6263,  64, 64, 64
L 313.4193, 2079.9993, 15.6263,  312.2794, 2077.7200, 15.6263,  64, 64, 64
L 312.2794, 2077.7200, 15.6263,  310.0000, 2076.5806, 15.6263,  64, 64, 64
L 310.0000, 2076.5806, 15.6263,  307.7207, 2077.7200, 15.6263,  64, 64, 64
L 307.7207, 2077.7200, 15.6263,  306.5806, 2079.9998, 15.6263,  64, 64, 64
L 306.5806, 2079.9998, 15.6263,  307.7205, 2082.2793, 15.6263,  64, 64, 64
L 307.7205, 2082.2793, 15.6263,  310.5200, 2083.4214, 15.6263,  64, 64, 64
L 310.5200, 2083.4214, 15.6263,  312.2807, 2082.2769, 15.6263,  64, 64, 64
L 159.6250, 1844.3749, 6.6260,  183.6382, 1844.3749, 6.6299,  64, 64, 64
L 183.6382, 1844.3749, 6.6299,  183.6237, 1857.4148, 6.6260,  64, 64, 64
L 183.6237, 1857.4148, 6.6260,  184.6496, 1861.1449, 6.6260,  64, 64, 64
L 184.6496, 1861.1449, 6.6260,  187.7266, 1866.2732, 6.6260,  64, 64, 64
L 187.7266, 1866.2732, 6.6260,  192.8549, 1869.3501, 6.6260,  64, 64, 64
L 192.8549, 1869.3501, 6.6260,  197.7900, 1870.3882, 6.6260,  64, 64, 64
L 197.7900, 1870.3882, 6.6260,  201.1486, 1869.3478, 6.6260,  64, 64, 64
L 201.1486, 1869.3478, 6.6260,  206.2733, 1866.2732, 6.6260,  64, 64, 64
L 206.2733, 1866.2732, 6.6260,  209.3503, 1861.1449, 6.6260,  64, 64, 64
L 209.3503, 1861.1449, 6.6260,  210.3750, 1857.4611, 6.6260,  64, 64, 64
L 210.3750, 1857.4611, 6.6260,  210.3750, 1792.9535, 6.6260,  64, 64, 64
L 210.3750, 1792.9535, 6.6260,  209.3502, 1788.8544, 6.6260,  64, 64, 64
L 209.3502, 1788.8544, 6.6260,  206.2733, 1783.7266, 6.6260,  64, 64, 64
L 206.2733, 1783.7266, 6.6260,  201.1447, 1780.6493, 6.6260,  64, 64, 64
L 201.1447, 1780.6493, 6.6260,  196.9998, 1779.6133, 6.6260,  64, 64, 64
L 196.9998, 1779.6133, 6.6260,  192.8548, 1780.6497, 6.6260,  64, 64, 64
L 192.8548, 1780.6497, 6.6260,  187.7266, 1783.7262, 6.6260,  64, 64, 64
L 187.7266, 1783.7262, 6.6260,  184.6496, 1788.8549, 6.6260,  64, 64, 64
L 184.6496, 1788.8549, 6.6260,  183.6250, 1792.9535, 6.6260,  64, 64, 64
L 183.6250, 1792.9535, 6.6260,  183.6250, 1816.6250, 6.6260,  64, 64, 64
L 183.6250, 1816.6250, 6.6260,  180.5600, 1816.6250, 6.6260,  64, 64, 64
L 180.5600, 1816.6250, 6.6260,  157.2030, 1809.5862, 6.6260,  64, 64, 64
L 157.2030, 1809.5862, 6.6260,  123.2129, 1791.6884, 6.6260,  64, 64, 64
L 123.2129, 1791.6884, 6.6260,  94.4021, 1766.8512, 6.6260,  64, 64, 64
L -43.6250, 1575.9076, 6.6260,  -43.6250, 1472.9220, 6.6260,  64, 64, 64
L -43.6251, 1575.9076, 6.6260,  94.4021, 1766.8512, 6.6260,  64, 64, 64
L -43.6250, 1472.9220, 6.6260,  -13.6875, 1417.2094, 6.6260,  64, 64, 64
L -13.6875, 1417.2094, 6.6260,  94.1265, 1281.7577, 6.6260,  64, 64, 64
L 94.1265, 1281.7577, 6.6260,  123.2128, 1256.3113, 6.6260,  64, 64, 64
L 123.2128, 1256.3113, 6.6260,  157.1437, 1238.3478, 6.6260,  64, 64, 64
L 157.1437, 1238.3478, 6.6260,  180.5610, 1231.3749, 6.6260,  64, 64, 64
L 180.5610, 1231.3749, 6.6260,  283.9438, 1231.3748, 6.6260,  64, 64, 64
L 283.9438, 1231.3748, 6.6260,  306.8559, 1238.3478, 6.6260,  64, 64, 64
L 306.8559, 1238.3478, 6.6260,  340.7325, 1256.2826, 6.6260,  64, 64, 64
L 340.7325, 1256.2826, 6.6260,  369.9322, 1281.5182, 6.6260,  64, 64, 64
L 369.9322, 1281.5182, 6.6260,  477.6875, 1417.2094, 6.6260,  64, 64, 64
L 477.6875, 1417.2094, 6.6260,  507.6250, 1472.9220, 6.6260,  64, 64, 64
L 507.6250, 1472.9220, 6.6260,  507.6250, 1575.9076, 6.6260,  64, 64, 64
L 507.6250, 1575.9076, 6.6260,  477.5572, 1630.9540, 6.6260,  64, 64, 64
L 477.5572, 1630.9540, 6.6260,  370.3100, 1766.1421, 6.6260,  64, 64, 64
L 370.3100, 1766.1421, 6.6260,  340.8519, 1791.6321, 6.6260,  64, 64, 64
L 340.8519, 1791.6321, 6.6260,  306.8559, 1809.6519, 6.6260,  64, 64, 64
L 306.8559, 1809.6519, 6.6260,  283.9442, 1816.6249, 6.6260,  64, 64, 64
L 283.9442, 1816.6249, 6.6260,  280.3750, 1816.6249, 6.6260,  64, 64, 64
L 280.3750, 1816.6249, 6.6260,  280.3749, 1792.9535, 6.6260,  64, 64, 64
L 280.3749, 1792.9535, 6.6260,  279.3503, 1788.8549, 6.6260,  64, 64, 64
L 279.3503, 1788.8549, 6.6260,  276.2733, 1783.7266, 6.6260,  64, 64, 64
L 276.2733, 1783.7266, 6.6260,  271.1451, 1780.6493, 6.6260,  64, 64, 64
L 271.1451, 1780.6493, 6.6260,  266.9184, 1779.5929, 6.6260,  64, 64, 64
L 266.9184, 1779.5929, 6.6260,  262.8435, 1780.6565, 6.6260,  64, 64, 64
L 262.8435, 1780.6565, 6.6260,  257.7268, 1783.7262, 6.6260,  64, 64, 64
L 257.7268, 1783.7262, 6.6260,  254.6496, 1788.8545, 6.6260,  64, 64, 64
L 254.6496, 1788.8545, 6.6260,  253.6248, 1792.9539, 6.6260,  64, 64, 64
L 253.6248, 1792.9539, 6.6260,  253.6245, 1857.8158, 6.6260,  64, 64, 64
L 253.6245, 1857.8158, 6.6260,  254.6508, 1861.1469, 6.6260,  64, 64, 64
L 254.6508, 1861.1469, 6.6260,  257.7266, 1866.2732, 6.6260,  64, 64, 64
L 257.7266, 1866.2732, 6.6260,  262.8537, 1869.3499, 6.6260,  64, 64, 64
L 262.8537, 1869.3499, 6.6260,  266.9999, 1870.3865, 6.6260,  64, 64, 64
L 266.9999, 1870.3865, 6.6260,  271.1453, 1869.3499, 6.6260,  64, 64, 64
L 271.1453, 1869.3499, 6.6260,  276.2733, 1866.2732, 6.6260,  64, 64, 64
L 276.2733, 1866.2732, 6.6260,  279.3503, 1861.1449, 6.6260,  64, 64, 64
L 279.3503, 1861.1449, 6.6260,  280.3750, 1857.4618, 6.6260,  64, 64, 64
L 280.3750, 1857.4618, 6.6260,  280.3750, 1844.3749, 6.6260,  64, 64, 64
L 280.3750, 1844.3749, 6.6260,  304.3750, 1844.3749, 6.6260,  64, 64, 64
L 212.3750, 1735.3749, 6.6260,  193.9550, 1735.3749, 6.6260,  64, 64, 64
L 193.9550, 1735.3749, 6.6260,  156.8702, 1726.3539, 6.6260,  64, 64, 64
L 156.8702, 1726.3539, 6.6260,  122.7871, 1709.3125, 6.6260,  64, 64, 64
L 122.7871, 1709.3125, 6.6260,  93.7338, 1683.2643, 6.6260,  64, 64, 64
L 93.7338, 1683.2643, 6.6260,  44.6957, 1631.2240, 6.6260,  64, 64, 64
L 44.6957, 1631.2240, 6.6260,  25.6482, 1597.1393, 6.6260,  64, 64, 64
L 25.6482, 1597.1393, 6.6260,  16.6311, 1561.7061, 6.6260,  64, 64, 64
L 16.6311, 1561.7061, 6.6260,  11.6216, 1523.9999, 6.6260,  64, 64, 64
L 11.6216, 1523.9999, 6.6260,  16.6311, 1486.9292, 6.6260,  64, 64, 64
L 16.6311, 1486.9292, 6.6260,  25.6482, 1450.8605, 6.6260,  64, 64, 64
L 25.6482, 1450.8605, 6.6260,  44.6965, 1416.7743, 6.6260,  64, 64, 64
L 44.6965, 1416.7743, 6.6260,  93.7361, 1364.7328, 6.6260,  64, 64, 64
L 93.7361, 1364.7328, 6.6260,  122.7870, 1338.6869, 6.6260,  64, 64, 64
L 122.7870, 1338.6869, 6.6260,  156.8703, 1321.6454, 6.6260,  64, 64, 64
L 156.8703, 1321.6454, 6.6260,  193.9547, 1312.6250, 6.6260,  64, 64, 64
L 193.9547, 1312.6250, 6.6260,  270.4520, 1312.6250, 6.6260,  64, 64, 64
L 270.4520, 1312.6250, 6.6260,  307.1297, 1321.6454, 6.6260,  64, 64, 64
L 307.1297, 1321.6454, 6.6260,  341.2126, 1338.6868, 6.6260,  64, 64, 64
L 341.2126, 1338.6868, 6.6260,  370.2660, 1364.7350, 6.6260,  64, 64, 64
L 370.2660, 1364.7350, 6.6260,  419.3041, 1416.7754, 6.6260,  64, 64, 64
L 419.3041, 1416.7754, 6.6260,  438.3516, 1450.8604, 6.6260,  64, 64, 64
L 438.3516, 1450.8604, 6.6260,  447.3688, 1486.9290, 6.6260,  64, 64, 64
L 447.3688, 1486.9290, 6.6260,  452.3783, 1523.9999, 6.6260,  64, 64, 64
L 452.3783, 1523.9999, 6.6260,  447.3688, 1561.7079, 6.6260,  64, 64, 64
L 447.3688, 1561.7079, 6.6260,  438.3516, 1597.1393, 6.6260,  64, 64, 64
L 438.3516, 1597.1393, 6.6260,  419.3034, 1631.2255, 6.6260,  64, 64, 64
L 419.3034, 1631.2255, 6.6260,  370.2649, 1683.2654, 6.6260,  64, 64, 64
L 370.2649, 1683.2654, 6.6260,  341.2124, 1709.3130, 6.6260,  64, 64, 64
L 341.2124, 1709.3130, 6.6260,  307.1299, 1726.3539, 6.6260,  64, 64, 64
L 307.1299, 1726.3539, 6.6260,  270.4520, 1735.3748, 6.6260,  64, 64, 64
L 270.4520, 1735.3748, 6.6260,  251.6250, 1735.3749, 6.6260,  64, 64, 64
L 251.6250, 1735.3749, 6.6260,  251.6250, 1722.6370, 5.6260,  64, 64, 64
L 251.6250, 1722.6370, 5.6260,  251.6250, 1718.6370, 3.6261,  64, 64, 64
L 251.6250, 1718.6370, 3.6261,  251.6250, 1698.6249, 2.6259,  64, 64, 64
L 251.6250, 1710.6316, -6.3739,  270.6424, 1710.4574, -6.9989,  64, 64, 64
L 270.6424, 1710.4574, -6.9989,  306.8675, 1701.6458, -6.9989,  64, 64, 64
L 306.8675, 1701.6458, -6.9989,  340.7884, 1683.6873, -6.9989,  64, 64, 64
L 340.7884, 1683.6873, -6.9989,  369.7380, 1658.7300, -6.9989,  64, 64, 64
L 369.7380, 1658.7300, -6.9989,  394.6936, 1630.7793, -6.9989,  64, 64, 64
L 394.6936, 1630.7793, -6.9989,  413.6487, 1596.8584, -6.9989,  64, 64, 64
L 413.6487, 1596.8584, -6.9989,  422.6315, 1560.9253, -6.9989,  64, 64, 64
L 422.6315, 1560.9253, -6.9989,  427.2434, 1526.7936, -6.9989,  64, 64, 64
L 427.2434, 1526.7936, -6.9989,  426.7683, 1517.6884, -6.9989,  64, 64, 64
L 426.7683, 1517.6884, -6.9989,  422.5308, 1486.6709, -6.9989,  64, 64, 64
L 422.5308, 1486.6709, -6.9989,  413.6480, 1451.1388, -6.9989,  64, 64, 64
L 413.6480, 1451.1388, -6.9989,  394.4408, 1416.9369, -6.9989,  64, 64, 64
L 394.4408, 1416.9369, -6.9989,  369.7348, 1389.2664, -6.9989,  64, 64, 64
L 369.7348, 1389.2664, -6.9989,  345.8937, 1368.7251, -6.9989,  64, 64, 64
L 345.8937, 1368.7251, -6.9989,  339.9164, 1363.8506, -6.9989,  64, 64, 64
L 339.9164, 1363.8506, -6.9989,  306.8647, 1346.3528, -6.9989,  64, 64, 64
L 306.8647, 1346.3528, -6.9989,  269.9306, 1337.3689, -6.9989,  64, 64, 64
L 269.9306, 1337.3689, -6.9989,  231.9995, 1332.3783, -6.9989,  64, 64, 64
L 231.9995, 1332.3783, -6.9989,  192.6482, 1337.7146, -6.9989,  64, 64, 64
L 192.6482, 1337.7146, -6.9989,  157.1326, 1346.3539, -6.9989,  64, 64, 64
L 157.1326, 1346.3539, -6.9989,  123.2129, 1364.3113, -6.9989,  64, 64, 64
L 123.2129, 1364.3113, -6.9989,  99.1346, 1385.5647, -6.9989,  64, 64, 64
L 99.1346, 1385.5647, -6.9989,  93.2824, 1390.3671, -6.9989,  64, 64, 64
L 93.2824, 1390.3671, -6.9989,  69.3068, 1417.2194, -6.9989,  64, 64, 64
L 69.3068, 1417.2194, -6.9989,  50.3513, 1451.1404, -6.9989,  64, 64, 64
L 50.3513, 1451.1404, -6.9989,  41.3688, 1487.7079, -6.9989,  64, 64, 64
L 41.3688, 1487.7079, -6.9989,  36.8228, 1520.7139, -6.9989,  64, 64, 64
L 36.8228, 1520.7139, -6.9989,  37.2601, 1530.5210, -6.9989,  64, 64, 64
L 37.2601, 1530.5210, -6.9989,  41.2781, 1560.2548, -6.9989,  64, 64, 64
L 41.2781, 1560.2548, -6.9989,  50.3521, 1596.8611, -6.9989,  64, 64, 64
L 50.3521, 1596.8611, -6.9989,  69.4545, 1630.9456, -6.9989,  64, 64, 64
L 69.4545, 1630.9456, -6.9989,  94.2656, 1658.7338, -6.9989,  64, 64, 64
L 94.2656, 1658.7338, -6.9989,  118.2548, 1679.4169, -6.9989,  64, 64, 64
L 118.2548, 1679.4169, -6.9989,  123.9740, 1684.9159, -6.9989,  64, 64, 64
L 123.9740, 1684.9159, -6.9989,  127.2697, 1685.8400, -6.3739,  64, 64, 64
L 127.2697, 1685.8400, -6.3739,  157.1357, 1701.6470, -6.9989,  64, 64, 64
L 157.1357, 1701.6470, -6.9989,  194.4660, 1710.6250, -6.9989,  64, 64, 64
L 194.4660, 1710.6250, -6.9989,  212.3387, 1710.6193, -6.9989,  64, 64, 64
L 212.3748, 1698.6244, -6.3739,  251.6250, 1698.6249, -6.3739,  64, 64, 64
L 212.3750, 1735.3749, 6.6260,  212.3750, 1722.6370, 5.6260,  64, 64, 64
L 212.3750, 1722.6370, 5.6260,  212.3750, 1718.6370, 3.6259,  64, 64, 64
L 212.3750, 1718.6370, 3.6259,  212.3748, 1698.6244, 1.6259,  64, 64, 64
L 212.3750, 1722.6250, 5.6260,  251.6250, 1722.6249, 5.6260,  64, 64, 64
L 251.6250, 1720.6250, 4.6260,  212.3750, 1720.6249, 4.6260,  64, 64, 64
L 212.3747, 1718.6250, 3.6259,  251.6250, 1718.6250, 3.6259,  64, 64, 64
L 251.6250, 1716.6249, 2.6259,  212.3750, 1716.6250, 2.6259,  64, 64, 64
L 212.3748, 1714.6250, 1.6259,  251.6250, 1714.6249, 1.6259,  64, 64, 64
L 251.6250, 1712.6249, 0.6260,  212.3747, 1712.6250, 0.6260,  64, 64, 64
L 212.3360, 1710.6250, -0.3740,  251.6250, 1710.6250, -0.3740,  64, 64, 64
L 212.3748, 1706.6250, -2.3740,  251.6250, 1706.6248, -2.3740,  64, 64, 64
L 251.6250, 1704.6250, -3.3740,  212.3748, 1704.6248, -3.3740,  64, 64, 64
L 212.3748, 1702.6250, -4.3739,  251.6250, 1702.6249, -4.3739,  64, 64, 64
L 251.6250, 1700.6250, -5.3739,  212.3748, 1700.6248, -5.3739,  64, 64, 64
L 212.5383, 1708.6298, -1.3740,  251.6250, 1708.6248, -1.3740,  64, 64, 64
L 251.9823, 1694.6283, -11.3740,  270.6594, 1694.4534, -11.9990,  64, 64, 64
L 270.6594, 1694.4534, -11.9990,  306.8666, 1685.6460, -11.9990,  64, 64, 64
L 306.8666, 1685.6460, -11.9990,  340.7841, 1667.6895, -11.9990,  64, 64, 64
L 340.7841, 1667.6895, -11.9990,  361.3693, 1649.6476, -11.9990,  64, 64, 64
L 361.3693, 1649.6476, -11.9990,  378.7810, 1630.6226, -11.9990,  64, 64, 64
L 378.7810, 1630.6226, -11.9990,  397.6485, 1596.8595, -11.9990,  64, 64, 64
L 397.6485, 1596.8595, -11.9990,  406.6313, 1560.9269, -11.9990,  64, 64, 64
L 406.6313, 1560.9269, -11.9990,  411.2742, 1526.5707, -11.9990,  64, 64, 64
L 411.2742, 1526.5707, -11.9990,  410.7855, 1517.8097, -11.9990,  64, 64, 64
L 410.7855, 1517.8097, -11.9990,  406.8342, 1488.5741, -11.9990,  64, 64, 64
L 406.8342, 1488.5741, -11.9990,  406.3407, 1485.9097, -11.9990,  64, 64, 64
L 406.3407, 1485.9097, -11.9990,  397.6480, 1451.1388, -11.9990,  64, 64, 64
L 397.6480, 1451.1388, -11.9990,  378.6951, 1417.2234, -11.9990,  64, 64, 64
L 378.6951, 1417.2234, -11.9990,  360.3365, 1397.9070, -11.9990,  64, 64, 64
L 360.3365, 1397.9070, -11.9990,  340.6566, 1380.2426, -11.9990,  64, 64, 64
L 340.6566, 1380.2426, -11.9990,  306.8518, 1362.3456, -11.3740,  64, 64, 64
L 306.8518, 1362.3456, -11.3740,  269.6249, 1353.3290, -11.9990,  64, 64, 64
L 269.6249, 1353.3290, -11.9990,  231.8772, 1348.3943, -11.9990,  64, 64, 64
L 231.8772, 1348.3943, -11.9990,  202.2737, 1352.2903, -11.9990,  64, 64, 64
L 202.2737, 1352.2903, -11.9990,  194.7140, 1353.3687, -11.3740,  64, 64, 64
L 194.7140, 1353.3687, -11.3740,  157.1339, 1362.3533, -11.9990,  64, 64, 64
L 157.1339, 1362.3533, -11.9990,  123.2164, 1380.3096, -11.9990,  64, 64, 64
L 123.2164, 1380.3096, -11.9990,  102.7167, 1398.8423, -11.9990,  64, 64, 64
L 102.7167, 1398.8423, -11.9990,  85.3045, 1417.2234, -11.9990,  64, 64, 64
L 85.3045, 1417.2234, -11.9990,  66.3516, 1451.1393, -11.9990,  64, 64, 64
L 66.3516, 1451.1393, -11.9990,  57.3688, 1487.7068, -11.9990,  64, 64, 64
L 57.3688, 1487.7068, -11.9990,  52.6287, 1522.1471, -11.9990,  64, 64, 64
L 52.6287, 1522.1471, -11.9990,  53.1227, 1529.5115, -11.9990,  64, 64, 64
L 53.1227, 1529.5115, -11.9990,  57.5403, 1561.6144, -11.9990,  64, 64, 64
L 57.5403, 1561.6144, -11.9990,  66.3517, 1596.8606, -11.9990,  64, 64, 64
L 66.3517, 1596.8606, -11.9990,  85.3048, 1630.7759, -11.9990,  64, 64, 64
L 85.3048, 1630.7759, -11.9990,  103.6895, 1650.1155, -11.9990,  64, 64, 64
L 103.6895, 1650.1155, -11.9990,  123.4300, 1667.8030, -11.9990,  64, 64, 64
L 123.4300, 1667.8030, -11.9990,  157.1347, 1685.6465, -11.9990,  64, 64, 64
L 157.1347, 1685.6465, -11.9990,  194.1565, 1694.6249, -11.9990,  64, 64, 64
L 194.1565, 1694.6249, -11.9990,  211.3298, 1694.6248, -11.3740,  64, 64, 64
L 211.3298, 1694.6248, -7.3739,  251.9823, 1694.6250, -7.3739,  64, 64, 64
L 251.9823, 1694.6283, -7.3739,  251.9823, 1688.6250, -10.3740,  64, 64, 64
L 251.9823, 1688.6249, -10.3740,  251.9790, 1686.6250, -11.3740,  64, 64, 64
L 251.9790, 1686.6250, -11.3740,  212.4310, 1686.6250, -11.3740,  64, 64, 64
L 212.6380, 1694.6250, -7.3739,  212.5410, 1690.6248, -9.3740,  64, 64, 64
L 212.5410, 1690.6250, -9.3740,  212.8200, 1686.6250, -11.3740,  64, 64, 64
L 212.6440, 1692.6250, -8.3740,  251.9906, 1692.6250, -8.3740,  64, 64, 64
L 252.6400, 1690.6250, -9.3740,  212.5410, 1690.6248, -9.3740,  64, 64, 64
L 212.8240, 1688.6249, -10.3740,  251.9823, 1688.6249, -10.3740,  64, 64, 64
L 251.9586, 1678.6282, -16.3739,  270.5443, 1678.4811, -16.9989,  64, 64, 64
L 270.5443, 1678.4811, -16.9989,  306.8670, 1669.6459, -16.9989,  64, 64, 64
L 306.8670, 1669.6459, -16.9989,  340.7758, 1651.6935, -16.9989,  64, 64, 64
L 340.7758, 1651.6935, -16.9989,  353.9363, 1638.7323, -16.9989,  64, 64, 64
L 353.9363, 1638.7323, -16.9989,  362.7687, 1630.6454, -16.9989,  64, 64, 64
L 362.7687, 1630.6454, -16.9989,  381.6483, 1596.8604, -16.9989,  64, 64, 64
L 381.6483, 1596.8604, -16.9989,  390.6317, 1560.9247, -16.9989,  64, 64, 64
L 390.6317, 1560.9247, -16.9989,  395.2669, 1526.6216, -16.9989,  64, 64, 64
L 395.2669, 1526.6216, -16.9989,  394.7826, 1517.7859, -16.9989,  64, 64, 64
L 394.7826, 1517.7859, -16.9989,  390.5604, 1486.7896, -16.9989,  64, 64, 64
L 390.5604, 1486.7896, -16.9989,  381.6478, 1451.1382, -16.9989,  64, 64, 64
L 381.6478, 1451.1382, -16.9989,  362.7022, 1417.2361, -16.9989,  64, 64, 64
L 362.7022, 1417.2361, -16.9989,  349.3768, 1404.9080, -16.9989,  64, 64, 64
L 349.3768, 1404.9080, -16.9989,  340.7728, 1396.3040, -16.9989,  64, 64, 64
L 340.7728, 1396.3040, -16.9989,  306.8657, 1378.3528, -16.9989,  64, 64, 64
L 306.8657, 1378.3528, -16.9989,  269.6583, 1369.3334, -16.9989,  64, 64, 64
L 269.6583, 1369.3334, -16.9989,  232.2000, 1364.3782, -16.9989,  64, 64, 64
L 232.2000, 1364.3782, -16.9989,  192.6177, 1369.7222, -16.9989,  64, 64, 64
L 192.6177, 1369.7222, -16.9989,  157.1850, 1378.4146, -16.9989,  64, 64, 64
L 157.1850, 1378.4146, -16.9989,  123.2246, 1396.3053, -16.9989,  64, 64, 64
L 123.2246, 1396.3053, -16.9989,  110.1291, 1409.2074, -16.9989,  64, 64, 64
L 110.1291, 1409.2074, -16.9989,  101.2014, 1417.4076, -16.9989,  64, 64, 64
L 101.2014, 1417.4076, -16.9989,  82.3513, 1451.1403, -16.9989,  64, 64, 64
L 82.3513, 1451.1403, -16.9989,  73.3684, 1487.7389, -16.9989,  64, 64, 64
L 73.3684, 1487.7389, -16.9989,  68.4481, 1523.4883, -16.9989,  64, 64, 64
L 68.4481, 1523.4883, -16.9989,  68.5563, 1525.3152, -16.9989,  64, 64, 64
L 68.5563, 1525.3152, -16.9989,  73.3692, 1560.9303, -16.9989,  64, 64, 64
L 73.3692, 1560.9303, -16.9989,  82.3521, 1596.8615, -16.9989,  64, 64, 64
L 82.3521, 1596.8615, -16.9989,  101.2981, 1630.7643, -16.9989,  64, 64, 64
L 101.2981, 1630.7643, -16.9989,  112.6248, 1641.1222, -16.9989,  64, 64, 64
L 112.6248, 1641.1222, -16.9989,  122.2330, 1651.6980, -16.9989,  64, 64, 64
L 122.2330, 1651.6980, -16.9989,  157.1336, 1669.6465, -16.9989,  64, 64, 64
L 157.1336, 1669.6465, -16.9989,  194.4520, 1678.6250, -16.9989,  64, 64, 64
L 194.4520, 1678.6250, -16.9989,  211.6250, 1678.6250, -16.3739,  64, 64, 64
L 211.6250, 1678.6250, -12.3740,  251.9587, 1678.6250, -12.3740,  64, 64, 64
L 251.9586, 1678.6282, -12.3740,  251.9693, 1676.6277, -13.3740,  64, 64, 64
L 251.9693, 1676.6250, -13.3740,  251.9844, 1672.6248, -15.3740,  64, 64, 64
L 251.9844, 1672.6250, -15.3740,  251.9942, 1670.6250, -16.3739,  64, 64, 64
L 251.9942, 1670.6250, -16.3739,  212.2200, 1670.6248, -16.3739,  64, 64, 64
L 212.7000, 1678.6250, -12.3740,  212.1690, 1676.6331, -13.3740,  64, 64, 64
L 212.1700, 1676.6250, -13.3740,  212.2200, 1670.6248, -16.3739,  64, 64, 64
L 212.1690, 1676.6331, -13.3740,  251.9693, 1676.6277, -13.3808,  64, 64, 64
L 251.9787, 1674.6250, -14.3740,  212.1630, 1674.6250, -14.3740,  64, 64, 64
L 212.4600, 1672.6250, -15.3740,  251.9844, 1672.6248, -15.3740,  64, 64, 64
L 252.6710, 1662.6277, -21.3739,  270.6979, 1662.4440, -21.9989,  64, 64, 64
L 270.6979, 1662.4440, -21.9989,  306.8704, 1653.6454, -21.9989,  64, 64, 64
L 306.8704, 1653.6454, -21.9989,  340.7787, 1636.6908, -21.9989,  64, 64, 64
L 340.7787, 1636.6908, -21.9989,  346.9911, 1630.2466, -21.9989,  64, 64, 64
L 346.9911, 1630.2466, -21.9989,  365.6485, 1596.8595, -21.9989,  64, 64, 64
L 365.6485, 1596.8595, -21.9989,  374.6313, 1560.9280, -21.9989,  64, 64, 64
L 374.6313, 1560.9280, -21.9989,  379.6055, 1524.1139, -21.9989,  64, 64, 64
L 379.6055, 1524.1139, -21.9989,  374.5724, 1486.8362, -21.9989,  64, 64, 64
L 374.5724, 1486.8362, -21.9989,  366.8600, 1452.5823, -21.9989,  64, 64, 64
L 366.8600, 1452.5823, -21.9989,  365.4429, 1450.7704, -21.9989,  64, 64, 64
L 365.4429, 1450.7704, -21.9989,  346.6970, 1417.2273, -21.9989,  64, 64, 64
L 346.6970, 1417.2273, -21.9989,  340.3690, 1411.1039, -21.9989,  64, 64, 64
L 340.3690, 1411.1039, -21.9989,  306.8688, 1394.3539, -21.9989,  64, 64, 64
L 306.8688, 1394.3539, -21.9989,  269.6745, 1385.3356, -21.9989,  64, 64, 64
L 269.6745, 1385.3356, -21.9989,  232.3000, 1380.3782, -21.9989,  64, 64, 64
L 232.3000, 1380.3782, -21.9989,  192.8549, 1385.6647, -21.9989,  64, 64, 64
L 192.8549, 1385.6647, -21.9989,  157.1339, 1394.3533, -21.9989,  64, 64, 64
L 157.1339, 1394.3533, -21.9989,  123.2248, 1412.3053, -21.9989,  64, 64, 64
L 123.2248, 1412.3053, -21.9989,  118.3670, 1417.6768, -21.9989,  64, 64, 64
L 118.3670, 1417.6768, -21.9989,  98.3506, 1451.1437, -21.9989,  64, 64, 64
L 98.3506, 1451.1437, -21.9989,  89.3687, 1487.7090, -21.9989,  64, 64, 64
L 89.3687, 1487.7090, -21.9989,  84.6574, 1521.9358, -21.9989,  64, 64, 64
L 84.6574, 1521.9358, -21.9989,  85.1563, 1529.7549, -21.9989,  64, 64, 64
L 85.1563, 1529.7549, -21.9989,  89.5140, 1561.5092, -21.9989,  64, 64, 64
L 89.5140, 1561.5092, -21.9989,  98.3522, 1596.8617, -21.9989,  64, 64, 64
L 98.3522, 1596.8617, -21.9989,  117.3028, 1630.7725, -21.9989,  64, 64, 64
L 117.3028, 1630.7725, -21.9989,  122.5977, 1635.8855, -21.9989,  64, 64, 64
L 122.5977, 1635.8855, -21.9989,  157.1322, 1653.6460, -21.9989,  64, 64, 64
L 157.1322, 1653.6460, -21.9989,  194.4600, 1662.6250, -21.9989,  64, 64, 64
L 194.4600, 1662.6250, -21.9989,  212.8020, 1662.6250, -21.3739,  64, 64, 64
L 212.8020, 1662.6250, -17.3739,  252.6720, 1662.6250, -17.3891,  64, 64, 64
L 252.6710, 1662.6277, -17.3891,  252.8410, 1660.6248, -18.3984,  64, 64, 64
L 252.8400, 1660.6343, -18.3984,  252.9800, 1658.6250, -19.4085,  64, 64, 64
L 252.9790, 1658.6377, -19.4085,  252.9450, 1656.6248, -20.4058,  64, 64, 64
L 252.9460, 1656.6366, -20.4058,  252.1009, 1654.6382, -21.3739,  64, 64, 64
L 252.1009, 1654.6382, -21.3739,  212.9060, 1654.6248, -21.3739,  64, 64, 64
L 212.8020, 1662.6250, -17.3739,  212.7480, 1658.6248, -19.3739,  64, 64, 64
L 212.7480, 1658.6250, -19.3739,  212.9060, 1654.6248, -21.3739,  64, 64, 64
L 212.6970, 1660.6250, -18.3739,  252.8410, 1660.6248, -18.3739,  64, 64, 64
L 252.9800, 1658.6250, -19.3739,  212.7480, 1658.6248, -19.3739,  64, 64, 64
L 212.8240, 1656.6250, -20.3739,  252.9450, 1656.6248, -20.3739,  64, 64, 64
L 307.1390, 1638.3494, -21.3739,  319.2212, 1632.3090, -21.9989,  64, 64, 64
L 319.2212, 1632.3090, -21.9989,  331.3523, 1626.2433, -21.9989,  64, 64, 64
L 331.3523, 1626.2433, -21.9989,  335.4196, 1622.1111, -21.9989,  64, 64, 64
L 335.4196, 1622.1111, -21.9989,  350.3813, 1597.9397, -21.9989,  64, 64, 64
L 350.3813, 1597.9397, -21.9989,  359.3867, 1561.7000, -21.9989,  64, 64, 64
L 359.3867, 1561.7000, -21.9989,  364.2545, 1524.9203, -21.9989,  64, 64, 64
L 364.2545, 1524.9203, -21.9989,  364.2576, 1523.1045, -21.9989,  64, 64, 64
L 364.2576, 1523.1045, -21.9989,  359.4395, 1487.4490, -21.9989,  64, 64, 64
L 359.4395, 1487.4490, -21.9989,  350.3344, 1450.7896, -21.9989,  64, 64, 64
L 350.3344, 1450.7896, -21.9989,  335.5140, 1425.3550, -21.9989,  64, 64, 64
L 335.5140, 1425.3550, -21.9989,  331.2870, 1421.4976, -21.9989,  64, 64, 64
L 331.2870, 1421.4976, -21.9989,  329.8539, 1421.6598, -21.9989,  64, 64, 64
L 329.8539, 1421.6598, -21.9989,  306.5040, 1409.3638, -21.9989,  64, 64, 64
L 306.5040, 1409.3638, -21.9989,  305.2099, 1409.1746, -21.9989,  64, 64, 64
L 305.2099, 1409.1746, -21.9989,  274.7830, 1401.7748, -21.9989,  64, 64, 64
L 274.7830, 1401.7748, -21.9989,  266.2624, 1400.1294, -21.9989,  64, 64, 64
L 266.2624, 1400.1294, -21.9989,  231.8247, 1395.5983, -21.9989,  64, 64, 64
L 231.8247, 1395.5983, -21.9989,  193.1921, 1400.8101, -21.9989,  64, 64, 64
L 193.1921, 1400.8101, -21.9989,  156.6514, 1409.6980, -21.9989,  64, 64, 64
L 156.6514, 1409.6980, -21.9989,  131.7254, 1421.7150, -21.9989,  64, 64, 64
L 131.7254, 1421.7150, -21.9989,  127.5207, 1425.9474, -21.9989,  64, 64, 64
L 127.5207, 1425.9474, -21.9989,  113.5212, 1451.8610, -21.9989,  64, 64, 64
L 113.5212, 1451.8610, -21.9989,  104.6252, 1486.9495, -21.9989,  64, 64, 64
L 104.6252, 1486.9495, -21.9989,  99.7379, 1523.1355, -21.9989,  64, 64, 64
L 99.7379, 1523.1355, -21.9989,  99.7322, 1524.8212, -21.9989,  64, 64, 64
L 99.7322, 1524.8212, -21.9989,  104.6573, 1561.2664, -21.9989,  64, 64, 64
L 104.6573, 1561.2664, -21.9989,  113.5641, 1596.8073, -21.9989,  64, 64, 64
L 113.5641, 1596.8073, -21.9989,  113.8782, 1597.5470, -21.3739,  64, 64, 64
L 113.8782, 1597.5470, -21.3739,  127.7265, 1622.2797, -21.9989,  64, 64, 64
L 127.7265, 1622.2797, -21.9989,  132.5770, 1626.5884, -21.9989,  64, 64, 64
L 132.5770, 1626.5884, -21.9989,  133.7067, 1627.2277, -21.9989,  64, 64, 64
L 133.7067, 1627.2277, -21.9989,  157.1459, 1638.4871, -21.9989,  64, 64, 64
L 157.1459, 1638.4871, -21.9989,  194.9710, 1647.4092, -21.9989,  64, 64, 64
L 194.9710, 1647.4092, -21.9989,  270.2688, 1647.3750, -21.9989,  64, 64, 64
L 270.2688, 1647.3750, -21.9989,  280.5604, 1644.8179, -21.9989,  64, 64, 64
L 280.5604, 1644.8179, -21.9989,  307.1390, 1638.3494, -21.3739,  64, 64, 64
L 205.5766, 1716.7227, 10.6259,  199.6747, 1714.2422, 10.6259,  64, 64, 64
L 199.6747, 1714.2422, 10.6259,  193.7852, 1716.6823, 10.6259,  64, 64, 64
L 193.7852, 1716.6823, 10.6259,  191.3459, 1722.5696, 10.6259,  64, 64, 64
L 191.3459, 1722.5696, 10.6259,  193.7852, 1728.4574, 10.6259,  64, 64, 64
L 193.7852, 1728.4574, 10.6259,  199.6365, 1730.8810, 10.6259,  64, 64, 64
L 199.6365, 1730.8810, 10.6259,  205.5560, 1728.4673, 10.6259,  64, 64, 64
L 205.5560, 1728.4673, 10.6259,  207.9990, 1722.5696, 10.6259,  64, 64, 64
L 207.9990, 1722.5696, 10.6259,  205.5766, 1716.7227, 10.6259,  64, 64, 64
L 134.5749, 1696.5790, 10.6259,  132.1357, 1690.6918, 10.6259,  64, 64, 64
L 132.1357, 1690.6918, 10.6259,  126.2481, 1688.2522, 10.6259,  64, 64, 64
L 126.2481, 1688.2522, 10.6259,  120.3609, 1690.6913, 10.6259,  64, 64, 64
L 120.3609, 1690.6913, 10.6259,  117.9215, 1696.5790, 10.6259,  64, 64, 64
L 117.9215, 1696.5790, 10.6259,  120.3609, 1702.4666, 10.6259,  64, 64, 64
L 120.3609, 1702.4666, 10.6259,  126.2483, 1704.9054, 10.6259,  64, 64, 64
L 126.2483, 1704.9054, 10.6259,  132.1357, 1702.4666, 10.6259,  64, 64, 64
L 132.1357, 1702.4666, 10.6259,  134.5749, 1696.5790, 10.6259,  64, 64, 64
L 69.9397, 1644.2759, 10.6259,  72.3790, 1638.3882, 10.6259,  64, 64, 64
L 72.3790, 1638.3882, 10.6259,  69.9398, 1632.5011, 10.6259,  64, 64, 64
L 69.9398, 1632.5011, 10.6259,  64.5210, 1630.6178, 10.6259,  64, 64, 64
L 64.5210, 1630.6178, 10.6259,  58.1649, 1632.5010, 10.6259,  64, 64, 64
L 58.1649, 1632.5010, 10.6259,  55.7257, 1638.3882, 10.6259,  64, 64, 64
L 55.7257, 1638.3882, 10.6259,  58.1649, 1644.2759, 10.6259,  64, 64, 64
L 58.1649, 1644.2759, 10.6259,  64.5230, 1646.7150, 10.6259,  64, 64, 64
L 64.5230, 1646.7150, 10.6259,  69.9397, 1644.2759, 10.6259,  64, 64, 64
L 30.7088, 1568.3600, 10.6259,  36.2533, 1564.8622, 10.6259,  64, 64, 64
L 36.2533, 1564.8622, 10.6259,  37.9536, 1558.7205, 10.6259,  64, 64, 64
L 37.9536, 1558.7205, 10.6259,  34.8119, 1553.1758, 10.6259,  64, 64, 64
L 34.8119, 1553.1758, 10.6259,  28.6703, 1551.4756, 10.6259,  64, 64, 64
L 28.6703, 1551.4756, 10.6259,  23.1258, 1554.6171, 10.6259,  64, 64, 64
L 23.1258, 1554.6171, 10.6259,  21.4255, 1560.7588, 10.6259,  64, 64, 64
L 21.4255, 1560.7588, 10.6259,  24.5670, 1566.3030, 10.6259,  64, 64, 64
L 24.5670, 1566.3030, 10.6259,  30.7088, 1568.3600, 10.6259,  64, 64, 64
L 29.4131, 1496.3710, 10.6259,  35.3006, 1493.5978, 10.6259,  64, 64, 64
L 35.3006, 1493.5978, 10.6259,  37.7398, 1487.7101, 10.6259,  64, 64, 64
L 37.7398, 1487.7101, 10.6259,  35.3006, 1481.8230, 10.6259,  64, 64, 64
L 35.3006, 1481.8230, 10.6259,  29.4131, 1479.3838, 10.6259,  64, 64, 64
L 29.4131, 1479.3838, 10.6259,  23.5259, 1481.8230, 10.6259,  64, 64, 64
L 23.5259, 1481.8230, 10.6259,  21.8660, 1487.7101, 10.6259,  64, 64, 64
L 21.8660, 1487.7101, 10.6259,  23.5258, 1493.5978, 10.6259,  64, 64, 64
L 23.5258, 1493.5978, 10.6259,  29.4131, 1496.3710, 10.6259,  64, 64, 64
L 57.5613, 1416.8373, 10.6259,  63.4277, 1419.2676, 10.6259,  64, 64, 64
L 63.4277, 1419.2676, 10.6259,  69.3346, 1416.8406, 10.6259,  64, 64, 64
L 69.3346, 1416.8406, 10.6259,  71.7754, 1410.9500, 10.6259,  64, 64, 64
L 71.7754, 1410.9500, 10.6259,  69.3362, 1405.6250, 10.6259,  64, 64, 64
L 69.3362, 1405.6250, 10.6259,  63.4450, 1402.6216, 10.6259,  64, 64, 64
L 63.4450, 1402.6216, 10.6259,  57.5613, 1405.6250, 10.6259,  64, 64, 64
L 57.5613, 1405.6250, 10.6259,  55.1221, 1410.9500, 10.6259,  64, 64, 64
L 55.1221, 1410.9500, 10.6259,  57.5613, 1416.8373, 10.6259,  64, 64, 64
L 121.1493, 1356.4745, 10.6259,  127.3690, 1358.9137, 10.6259,  64, 64, 64
L 127.3690, 1358.9137, 10.6259,  132.9242, 1356.4745, 10.6259,  64, 64, 64
L 132.9242, 1356.4745, 10.6259,  135.3634, 1350.5872, 10.6259,  64, 64, 64
L 135.3634, 1350.5872, 10.6259,  132.9242, 1344.6996, 10.6259,  64, 64, 64
L 132.9242, 1344.6996, 10.6259,  127.2620, 1342.2560, 10.6259,  64, 64, 64
L 127.2620, 1342.2560, 10.6259,  121.1482, 1344.7007, 10.6259,  64, 64, 64
L 121.1482, 1344.7007, 10.6259,  118.7103, 1350.5872, 10.6259,  64, 64, 64
L 118.7103, 1350.5872, 10.6259,  121.1493, 1356.4745, 10.6259,  64, 64, 64
L 186.4301, 1324.7841, 10.6259,  188.8693, 1330.6714, 10.6259,  64, 64, 64
L 188.8693, 1330.6714, 10.6259,  194.7612, 1333.1122, 10.6259,  64, 64, 64
L 194.7612, 1333.1122, 10.6259,  200.6443, 1330.6709, 10.6259,  64, 64, 64
L 200.6443, 1330.6709, 10.6259,  203.8460, 1324.7809, 10.6259,  64, 64, 64
L 203.8460, 1324.7809, 10.6259,  200.6436, 1318.8965, 10.6259,  64, 64, 64
L 200.6436, 1318.8965, 10.6259,  194.7566, 1316.4574, 10.6259,  64, 64, 64
L 194.7566, 1316.4574, 10.6259,  188.8694, 1318.8969, 10.6259,  64, 64, 64
L 188.8694, 1318.8969, 10.6259,  186.4301, 1324.7841, 10.6259,  64, 64, 64
L 259.1886, 1326.1376, 10.6259,  261.6261, 1332.2100, 10.6259,  64, 64, 64
L 261.6261, 1332.2100, 10.6259,  267.5145, 1334.4645, 10.6259,  64, 64, 64
L 267.5145, 1334.4645, 10.6259,  273.4028, 1332.2477, 10.6259,  64, 64, 64
L 273.4028, 1332.2477, 10.6259,  275.8419, 1326.1371, 10.6259,  64, 64, 64
L 275.8419, 1326.1371, 10.6259,  273.4024, 1320.2500, 10.6259,  64, 64, 64
L 273.4024, 1320.2500, 10.6259,  267.5149, 1317.8108, 10.6259,  64, 64, 64
L 267.5149, 1317.8108, 10.6259,  261.6277, 1320.2500, 10.6259,  64, 64, 64
L 261.6277, 1320.2500, 10.6259,  259.1886, 1326.1376, 10.6259,  64, 64, 64
L 328.4144, 1349.3324, 10.6259,  330.8537, 1355.2201, 10.6259,  64, 64, 64
L 330.8537, 1355.2201, 10.6259,  336.7457, 1357.6613, 10.6259,  64, 64, 64
L 336.7457, 1357.6613, 10.6259,  342.6288, 1355.2194, 10.6259,  64, 64, 64
L 342.6288, 1355.2194, 10.6259,  345.6770, 1349.3324, 10.6259,  64, 64, 64
L 345.6770, 1349.3324, 10.6259,  342.6284, 1343.4452, 10.6259,  64, 64, 64
L 342.6284, 1343.4452, 10.6259,  336.7411, 1341.6100, 10.6259,  64, 64, 64
L 336.7411, 1341.6100, 10.6259,  330.8535, 1343.4452, 10.6259,  64, 64, 64
L 330.8535, 1343.4452, 10.6259,  328.4144, 1349.3324, 10.6259,  64, 64, 64
L 392.6750, 1401.7118, 10.6259,  390.2357, 1407.5995, 10.6259,  64, 64, 64
L 390.2357, 1407.5995, 10.6259,  392.6750, 1413.4867, 10.6259,  64, 64, 64
L 392.6750, 1413.4867, 10.6259,  398.5625, 1415.9263, 10.6259,  64, 64, 64
L 398.5625, 1415.9263, 10.6259,  404.4497, 1413.4871, 10.6259,  64, 64, 64
L 404.4497, 1413.4871, 10.6259,  406.8890, 1407.5995, 10.6259,  64, 64, 64
L 406.8890, 1407.5995, 10.6259,  404.4499, 1401.7122, 10.6259,  64, 64, 64
L 404.4499, 1401.7122, 10.6259,  398.5620, 1399.2726, 10.6259,  64, 64, 64
L 398.5620, 1399.2726, 10.6259,  392.6750, 1401.7118, 10.6259,  64, 64, 64
L 434.2108, 1479.5536, 10.6259,  428.2785, 1481.9695, 10.6259,  64, 64, 64
L 428.2785, 1481.9695, 10.6259,  425.8376, 1487.8611, 10.6259,  64, 64, 64
L 425.8376, 1487.8611, 10.6259,  428.2769, 1493.7487, 10.6259,  64, 64, 64
L 428.2769, 1493.7487, 10.6259,  434.1644, 1496.1875, 10.6259,  64, 64, 64
L 434.1644, 1496.1875, 10.6259,  440.5160, 1493.7483, 10.6259,  64, 64, 64
L 440.5160, 1493.7483, 10.6259,  442.4909, 1487.8611, 10.6259,  64, 64, 64
L 442.4909, 1487.8611, 10.6259,  440.5180, 1481.9738, 10.6259,  64, 64, 64
L 440.5180, 1481.9738, 10.6259,  434.2108, 1479.5536, 10.6259,  64, 64, 64
L 441.1207, 1554.8102, 10.6259,  435.4288, 1551.9446, 10.6259,  64, 64, 64
L 435.4288, 1551.9446, 10.6259,  429.3779, 1553.9441, 10.6259,  64, 64, 64
L 429.3779, 1553.9441, 10.6259,  426.5122, 1559.6364, 10.6259,  64, 64, 64
L 426.5122, 1559.6364, 10.6259,  428.5117, 1565.6873, 10.6259,  64, 64, 64
L 428.5117, 1565.6873, 10.6259,  434.2037, 1568.5529, 10.6259,  64, 64, 64
L 434.2037, 1568.5529, 10.6259,  440.2545, 1566.5530, 10.6259,  64, 64, 64
L 440.2545, 1566.5530, 10.6259,  443.1202, 1560.8615, 10.6259,  64, 64, 64
L 443.1202, 1560.8615, 10.6259,  441.1207, 1554.8102, 10.6259,  64, 64, 64
L 403.1967, 1633.1497, 10.6259,  396.9938, 1631.7571, 10.6259,  64, 64, 64
L 396.9938, 1631.7571, 10.6259,  391.6095, 1635.1659, 10.6259,  64, 64, 64
L 391.6095, 1635.1659, 10.6259,  390.2137, 1641.3842, 10.6259,  64, 64, 64
L 390.2137, 1641.3842, 10.6259,  393.6227, 1646.7682, 10.6259,  64, 64, 64
L 393.6227, 1646.7682, 10.6259,  399.8405, 1648.1641, 10.6259,  64, 64, 64
L 399.8405, 1648.1641, 10.6259,  405.2248, 1644.7549, 10.6259,  64, 64, 64
L 405.2248, 1644.7549, 10.6259,  406.6417, 1638.4435, 10.6259,  64, 64, 64
L 406.6417, 1638.4435, 10.6259,  403.1967, 1633.1497, 10.6259,  64, 64, 64
L 344.5054, 1697.3230, 10.6259,  342.6610, 1691.4357, 10.6259,  64, 64, 64
L 342.6610, 1691.4357, 10.6259,  336.1786, 1688.9965, 10.6259,  64, 64, 64
L 336.1786, 1688.9965, 10.6259,  330.2914, 1691.4352, 10.6259,  64, 64, 64
L 330.2914, 1691.4352, 10.6259,  327.8521, 1697.3230, 10.6259,  64, 64, 64
L 327.8521, 1697.3230, 10.6259,  330.2914, 1703.2107, 10.6259,  64, 64, 64
L 330.2914, 1703.2107, 10.6259,  336.1791, 1705.6497, 10.6259,  64, 64, 64
L 336.1791, 1705.6497, 10.6259,  342.6630, 1703.2101, 10.6259,  64, 64, 64
L 342.6630, 1703.2101, 10.6259,  344.5054, 1697.3230, 10.6259,  64, 64, 64
L 272.6340, 1722.9496, 10.6259,  269.6241, 1717.6238, 10.6259,  64, 64, 64
L 269.6241, 1717.6238, 10.6259,  263.7368, 1714.6227, 10.6259,  64, 64, 64
L 263.7368, 1714.6227, 10.6259,  257.8494, 1717.6227, 10.6259,  64, 64, 64
L 257.8494, 1717.6227, 10.6259,  255.4102, 1722.9496, 10.6259,  64, 64, 64
L 255.4102, 1722.9496, 10.6259,  257.8493, 1728.8368, 10.6259,  64, 64, 64
L 257.8493, 1728.8368, 10.6259,  263.7366, 1731.2759, 10.6259,  64, 64, 64
L 263.7366, 1731.2759, 10.6259,  269.6243, 1728.8368, 10.6259,  64, 64, 64
L 269.6243, 1728.8368, 10.6259,  272.6340, 1722.9496, 10.6259,  64, 64, 64
L 1088.4579, 2067.6248, 56.6259,  1092.1449, 2068.6492, 56.6259,  64, 64, 64
L 1092.1449, 2068.6492, 56.6259,  1097.2732, 2071.7266, 56.6259,  64, 64, 64
L 1097.2732, 2071.7266, 56.6259,  1100.3501, 2076.8545, 56.6259,  64, 64, 64
L 1100.3501, 2076.8545, 56.6259,  1101.3864, 2080.9998, 56.6259,  64, 64, 64
L 1101.3864, 2080.9998, 56.6259,  1100.3501, 2085.1453, 56.6259,  64, 64, 64
L 1100.3501, 2085.1453, 56.6259,  1097.2732, 2090.2725, 56.6259,  64, 64, 64
L 1097.2732, 2090.2725, 56.6259,  1092.1458, 2093.3494, 56.6259,  64, 64, 64
L 1092.1458, 2093.3494, 56.6259,  1088.3749, 2094.2925, 56.6259,  64, 64, 64
L 1088.3749, 2091.3748, 56.6259,  1088.3727, 2250.6250, 56.6259,  64, 64, 64
L 1088.3727, 2250.6250, 56.6259,  1178.8373, 2250.6243, 56.6259,  64, 64, 64
L 1175.6250, 2250.6248, 56.6259,  1175.6272, 2247.6250, 56.6259,  64, 64, 64
L 1175.6272, 2247.6250, 56.6259,  1294.6250, 2247.6250, 56.6259,  64, 64, 64
L 1294.6250, 2247.6250, 56.6259,  1294.6250, 2199.6248, 56.6259,  64, 64, 64
L 1292.6250, 2247.6250, 58.6259,  1292.6250, 2298.6248, 58.6259,  64, 64, 64
L 1292.6250, 2298.6248, 58.6259,  1251.1775, 2298.6250, 60.5390,  64, 64, 64
L 1251.1775, 2298.6250, 60.5390,  1251.1747, 2247.6250, 60.5593,  64, 64, 64
L 1178.8373, 2250.6243, 60.6259,  1178.8617, 2298.6250, 60.7441,  64, 64, 64
L 1178.8617, 2298.6250, 60.7441,  1049.3749, 2298.6250, 60.6259,  64, 64, 64
L 1049.3749, 2298.6250, 60.6259,  1049.3749, 2091.3748, 60.6259,  64, 64, 64
L 1049.3749, 2091.3748, 60.6259,  1088.3749, 2091.3748, 60.6259,  64, 64, 64
L 1294.6250, 2199.6248, 56.6259,  1318.6249, 2199.6248, 56.6259,  64, 64, 64
L 1318.6249, 2199.6248, 56.6259,  1318.6250, 2159.6250, 56.6259,  64, 64, 64
L 1318.6250, 2159.6250, 56.6259,  1325.3750, 2159.6250, 56.6259,  64, 64, 64
L 1325.3750, 2159.6250, 56.6259,  1325.3750, 2183.6250, 56.6259,  64, 64, 64
L 1325.3750, 2183.6250, 56.6259,  1348.6250, 2183.6250, 56.6259,  64, 64, 64
L 1348.6250, 2183.6250, 56.6259,  1348.6283, 2182.6250, 56.6259,  64, 64, 64
L 1348.6283, 2182.6250, 56.6259,  1350.3749, 2182.6250, 56.6259,  64, 64, 64
L 1350.3749, 2182.6250, 56.6259,  1350.3737, 2188.3748, 56.6259,  64, 64, 64
L 1350.3737, 2188.3748, 56.6259,  1323.3750, 2188.3748, 56.6259,  64, 64, 64
L 1323.3750, 2188.3748, 56.6259,  1323.3748, 2216.3743, 56.6259,  64, 64, 64
L 1323.3748, 2216.3743, 56.6259,  1318.6248, 2216.3748, 56.6259,  64, 64, 64
L 1318.6248, 2216.3748, 56.6259,  1318.6250, 2204.3711, 56.6259,  64, 64, 64
L 1318.6250, 2204.3711, 56.6259,  1299.3749, 2204.3826, 56.6259,  64, 64, 64
L 1299.3749, 2204.3826, 56.6259,  1299.3749, 2243.6250, 56.6259,  64, 64, 64
L 1299.3749, 2243.6250, 56.6259,  1318.6249, 2243.6250, 56.6259,  64, 64, 64
L 1318.6249, 2243.6250, 56.6259,  1318.6331, 2223.6238, 56.6259,  64, 64, 64
L 1318.6331, 2223.6238, 56.6259,  1323.3750, 2223.6370, 56.6259,  64, 64, 64
L 1323.3750, 2223.6370, 56.6259,  1323.3715, 2243.6250, 56.6259,  64, 64, 64
L 1323.3715, 2243.6250, 56.6259,  1386.6249, 2243.6250, 56.6259,  64, 64, 64
L 1386.6249, 2243.6250, 56.6259,  1386.6250, 2223.6250, 56.6259,  64, 64, 64
L 1386.6250, 2223.6250, 56.6259,  1391.3748, 2223.6250, 56.6259,  64, 64, 64
L 1391.3748, 2223.6250, 56.6259,  1391.3750, 2243.6250, 56.6259,  64, 64, 64
L 1391.3750, 2243.6250, 56.6259,  1410.6244, 2243.6250, 56.6259,  64, 64, 64
L 1410.6244, 2243.6250, 56.6259,  1410.6250, 2204.3748, 56.6259,  64, 64, 64
L 1410.6250, 2204.3748, 56.6259,  1391.3750, 2204.3748, 56.6259,  64, 64, 64
L 1391.3750, 2204.3748, 56.6259,  1391.3750, 2216.3743, 56.6259,  64, 64, 64
L 1391.3750, 2216.3743, 56.6259,  1386.6250, 2216.3748, 56.6259,  64, 64, 64
L 1386.6250, 2216.3748, 56.6259,  1386.6250, 2188.3748, 56.6259,  64, 64, 64
L 1386.6250, 2188.3748, 56.6259,  1359.6250, 2188.3748, 56.6259,  64, 64, 64
L 1359.6250, 2188.3748, 56.6259,  1359.6250, 2182.6250, 56.6259,  64, 64, 64
L 1359.6250, 2182.6250, 56.6259,  1361.3550, 2182.6250, 56.6259,  64, 64, 64
L 1361.3550, 2182.6250, 56.6259,  1361.3749, 2183.6250, 56.6259,  64, 64, 64
L 1361.3749, 2183.6250, 56.6259,  1384.6370, 2183.6243, 56.6259,  64, 64, 64
L 1384.6370, 2183.6243, 56.6259,  1384.6327, 2159.6250, 56.6259,  64, 64, 64
L 1384.6327, 2159.6250, 56.6259,  1391.3749, 2159.6250, 56.6259,  64, 64, 64
L 1391.3749, 2159.6250, 56.6259,  1391.3726, 2199.6250, 56.6259,  64, 64, 64
L 1391.3726, 2199.6250, 56.6259,  1468.6250, 2199.6250, 56.6259,  64, 64, 64
L 1468.6250, 2199.6250, 56.6259,  1468.6349, 2159.6250, 56.6259,  64, 64, 64
L 1444.6250, 2199.6250, 58.6259,  1444.6249, 2245.6250, 58.6259,  64, 64, 64
L 1444.6249, 2245.6250, 58.6259,  1415.3749, 2245.6250, 58.6259,  64, 64, 64
L 1415.3738, 2245.6250, 58.6259,  1415.3749, 2243.6250, 57.6259,  64, 64, 64
L 1468.6349, 2159.6250, 56.6259,  1475.3749, 2159.6243, 56.6259,  64, 64, 64
L 1475.3749, 2159.6243, 56.6259,  1475.3749, 2183.6250, 56.6259,  64, 64, 64
L 1475.3749, 2183.6250, 56.6259,  1498.6250, 2183.6248, 56.6259,  64, 64, 64
L 1498.6250, 2183.6248, 56.6259,  1498.6332, 2182.6226, 56.6259,  64, 64, 64
L 1498.6332, 2182.6226, 56.6259,  1500.3748, 2182.6331, 56.6259,  64, 64, 64
L 1500.3748, 2182.6331, 56.6259,  1500.3749, 2188.3743, 56.6259,  64, 64, 64
L 1500.3749, 2188.3743, 56.6259,  1473.3749, 2188.3748, 56.6259,  64, 64, 64
L 1473.3749, 2188.3748, 56.6259,  1473.3749, 2216.3743, 56.6259,  64, 64, 64
L 1473.3749, 2216.3743, 56.6259,  1468.6250, 2216.3748, 56.6259,  64, 64, 64
L 1468.6250, 2216.3748, 56.6259,  1468.6250, 2204.3748, 56.6259,  64, 64, 64
L 1468.6250, 2204.3748, 56.6259,  1449.3749, 2204.3748, 56.6259,  64, 64, 64
L 1449.3749, 2204.3748, 56.6259,  1449.3750, 2243.6250, 56.6259,  64, 64, 64
L 1449.3750, 2243.6250, 56.6259,  1468.6249, 2243.6250, 56.6259,  64, 64, 64
L 1468.6249, 2243.6250, 56.6259,  1468.6250, 2223.6248, 56.6259,  64, 64, 64
L 1468.6250, 2223.6248, 56.6259,  1473.3749, 2223.6248, 56.6259,  64, 64, 64
L 1473.3749, 2223.6248, 56.6259,  1473.3726, 2243.6250, 56.6259,  64, 64, 64
L 1473.3726, 2243.6250, 56.6259,  1536.6250, 2243.6248, 56.6259,  64, 64, 64
L 1536.6250, 2243.6248, 56.6259,  1536.6250, 2223.6238, 56.6259,  64, 64, 64
L 1536.6250, 2223.6238, 56.6259,  1541.3749, 2223.6309, 56.6259,  64, 64, 64
L 1541.3749, 2223.6309, 56.6259,  1541.3750, 2243.6250, 56.6259,  64, 64, 64
L 1541.3750, 2243.6250, 56.6259,  1560.6248, 2243.6250, 56.6259,  64, 64, 64
L 1560.6248, 2243.6250, 56.6259,  1560.6250, 2204.3748, 56.6259,  64, 64, 64
L 1560.6250, 2204.3748, 56.6259,  1541.3749, 2204.3750, 56.6259,  64, 64, 64
L 1541.3749, 2204.3750, 56.6259,  1541.3749, 2216.3748, 56.6259,  64, 64, 64
L 1541.3749, 2216.3748, 56.6259,  1536.6250, 2216.3743, 56.6259,  64, 64, 64
L 1536.6250, 2216.3743, 56.6259,  1536.6250, 2188.3704, 56.6259,  64, 64, 64
L 1536.6250, 2188.3704, 56.6259,  1509.6249, 2188.3748, 56.6259,  64, 64, 64
L 1509.6249, 2188.3748, 56.6259,  1509.6249, 2182.6250, 56.6259,  64, 64, 64
L 1509.6249, 2182.6250, 56.6259,  1511.3750, 2182.6250, 56.6259,  64, 64, 64
L 1511.3750, 2182.6250, 56.6259,  1511.3738, 2183.6250, 56.6259,  64, 64, 64
L 1511.3738, 2183.6250, 56.6259,  1534.6370, 2183.6248, 56.6259,  64, 64, 64
L 1534.6249, 2183.6250, 56.6259,  1534.6249, 2159.6243, 56.6259,  64, 64, 64
L 1534.6249, 2159.6243, 56.6259,  1541.3750, 2159.6250, 56.6259,  64, 64, 64
L 1541.3750, 2159.6250, 56.6259,  1541.3749, 2199.6250, 56.6259,  64, 64, 64
L 1541.3749, 2199.6250, 56.6259,  1625.8313, 2199.6250, 56.6259,  64, 64, 64
L 1625.8313, 2199.6250, 56.6259,  1649.6250, 2172.8572, 56.6259,  64, 64, 64
L 1649.6250, 2172.8572, 56.6259,  1649.6250, 2084.3748, 56.6259,  64, 64, 64
L 1649.6250, 2084.3748, 56.6259,  1646.6250, 2084.3748, 56.6259,  64, 64, 64
L 1646.6250, 2084.3748, 56.6259,  1646.6250, 2005.6250, 56.6259,  64, 64, 64
L 1646.6250, 2005.6250, 56.6259,  1649.6250, 2005.6249, 56.6259,  64, 64, 64
L 1649.6250, 2005.6249, 56.6259,  1649.6250, 1901.3749, 56.6259,  64, 64, 64
L 1649.6250, 1901.3749, 56.6259,  1541.3749, 1901.3749, 56.6259,  64, 64, 64
L 1565.3749, 1901.3749, 58.6259,  1565.3749, 1855.3749, 58.6259,  64, 64, 64
L 1565.3749, 1855.3749, 58.6259,  1697.6250, 1855.3722, 58.6259,  64, 64, 64
L 1697.6250, 1855.3722, 58.6259,  1697.6250, 2008.8206, 60.5388,  64, 64, 64
L 1697.6250, 2008.8206, 60.5388,  1646.6250, 2008.8206, 60.5388,  64, 64, 64
L 1646.6250, 2081.1792, 60.5427,  1697.6250, 2081.1692, 60.5623,  64, 64, 64
L 1697.6250, 2081.1692, 60.5623,  1697.6250, 2172.8445, 58.6259,  64, 64, 64
L 1697.6250, 2172.8445, 58.6259,  1624.8445, 2245.6248, 58.6259,  64, 64, 64
L 1624.8445, 2245.6248, 58.6259,  1565.3749, 2245.6250, 58.6259,  64, 64, 64
L 1565.3749, 2245.6250, 58.6259,  1565.3749, 2199.6250, 58.6259,  64, 64, 64
L 1541.3749, 1901.3749, 56.6259,  1541.3748, 1941.3749, 56.6259,  64, 64, 64
L 1541.3748, 1941.3749, 56.6259,  1534.6244, 1941.3749, 56.6259,  64, 64, 64
L 1534.6244, 1941.3749, 56.6259,  1534.6250, 1917.3732, 56.6259,  64, 64, 64
L 1534.6250, 1917.3732, 56.6259,  1511.3749, 1917.3749, 56.6259,  64, 64, 64
L 1511.3749, 1917.3749, 56.6259,  1511.3749, 1918.3749, 56.6259,  64, 64, 64
L 1511.3749, 1918.3749, 56.6259,  1509.6248, 1918.3748, 56.6259,  64, 64, 64
L 1509.6248, 1918.3748, 56.6259,  1509.6250, 1912.6250, 56.6259,  64, 64, 64
L 1509.6250, 1912.6250, 56.6259,  1536.6250, 1912.6249, 56.6259,  64, 64, 64
L 1536.6250, 1912.6249, 56.6259,  1536.6338, 1884.6250, 56.6259,  64, 64, 64
L 1536.6338, 1884.6250, 56.6259,  1541.3749, 1884.6250, 56.6259,  64, 64, 64
L 1541.3749, 1884.6250, 56.6259,  1541.3749, 1896.6250, 56.6259,  64, 64, 64
L 1541.3749, 1896.6250, 56.6259,  1560.6249, 1896.6250, 56.6259,  64, 64, 64
L 1560.6249, 1896.6250, 56.6259,  1560.6249, 1857.3749, 56.6259,  64, 64, 64
L 1560.6249, 1857.3749, 56.6259,  1541.3749, 1857.3749, 56.6259,  64, 64, 64
L 1541.3749, 1857.3749, 56.6259,  1541.3749, 1877.3750, 56.6259,  64, 64, 64
L 1541.3749, 1877.3750, 56.6259,  1536.6250, 1877.3727, 56.6259,  64, 64, 64
L 1536.6250, 1877.3727, 56.6259,  1536.6250, 1857.3727, 56.6259,  64, 64, 64
L 1536.6250, 1857.3727, 56.6259,  1473.3749, 1857.3749, 56.6259,  64, 64, 64
L 1473.3749, 1857.3749, 56.6259,  1473.3683, 1877.3744, 56.6259,  64, 64, 64
L 1473.3683, 1877.3744, 56.6259,  1468.6250, 1877.3738, 56.6259,  64, 64, 64
L 1468.6250, 1877.3738, 56.6259,  1468.6250, 1857.3749, 56.6259,  64, 64, 64
L 1468.6250, 1857.3749, 56.6259,  1449.3766, 1857.3749, 56.6259,  64, 64, 64
L 1449.3766, 1857.3749, 56.6259,  1449.3716, 1896.6250, 56.6259,  64, 64, 64
L 1449.3716, 1896.6250, 56.6259,  1468.6248, 1896.6250, 56.6259,  64, 64, 64
L 1468.6248, 1896.6250, 56.6259,  1468.6399, 1884.6337, 56.6259,  64, 64, 64
L 1468.6399, 1884.6337, 56.6259,  1473.3749, 1884.6282, 56.6259,  64, 64, 64
L 1473.3749, 1884.6282, 56.6259,  1473.3716, 1912.6250, 56.6259,  64, 64, 64
L 1473.3716, 1912.6250, 56.6259,  1500.3744, 1912.6250, 56.6259,  64, 64, 64
L 1500.3744, 1912.6250, 56.6259,  1500.3749, 1918.3794, 56.6259,  64, 64, 64
L 1500.3749, 1918.3794, 56.6259,  1498.6250, 1918.3584, 56.6259,  64, 64, 64
L 1498.6250, 1918.3584, 56.6259,  1498.6250, 1917.3733, 56.6259,  64, 64, 64
L 1498.6250, 1917.3733, 56.6259,  1475.3622, 1917.3749, 56.6259,  64, 64, 64
L 1475.3622, 1917.3749, 56.6259,  1475.3750, 1941.3749, 56.6259,  64, 64, 64
L 1475.3750, 1941.3749, 56.6259,  1468.6248, 1941.3748, 56.6259,  64, 64, 64
L 1468.6248, 1941.3748, 56.6259,  1468.6250, 1901.3749, 56.6259,  64, 64, 64
L 1468.6250, 1901.3749, 56.6259,  1389.3749, 1901.3749, 56.6259,  64, 64, 64
L 1389.3749, 1901.3749, 56.6259,  1389.3749, 1941.3748, 56.6259,  64, 64, 64
L 1389.3749, 1941.3748, 56.6259,  1382.6248, 1941.3749, 56.6259,  64, 64, 64
L 1382.6248, 1941.3749, 56.6259,  1382.6250, 1917.3749, 56.6259,  64, 64, 64
L 1382.6250, 1917.3749, 56.6259,  1359.3748, 1917.3749, 56.6259,  64, 64, 64
L 1359.3748, 1917.3749, 56.6259,  1359.3748, 1918.3750, 56.6259,  64, 64, 64
L 1359.3748, 1918.3750, 56.6259,  1357.6250, 1918.3750, 56.6259,  64, 64, 64
L 1357.6250, 1918.3750, 56.6259,  1357.6250, 1912.6249, 56.6259,  64, 64, 64
L 1357.6250, 1912.6249, 56.6259,  1384.6250, 1912.6249, 56.6259,  64, 64, 64
L 1384.6250, 1912.6249, 56.6259,  1384.6250, 1884.6250, 56.6259,  64, 64, 64
L 1384.6250, 1884.6250, 56.6259,  1389.3700, 1884.6250, 56.6259,  64, 64, 64
L 1389.3700, 1884.6250, 56.6259,  1389.3726, 1896.6250, 56.6259,  64, 64, 64
L 1389.3726, 1896.6250, 56.6259,  1408.6250, 1896.6249, 56.6259,  64, 64, 64
L 1408.6250, 1896.6249, 56.6259,  1408.6250, 1857.3727, 56.6259,  64, 64, 64
L 1408.6250, 1857.3727, 56.6259,  1389.3748, 1857.3749, 56.6259,  64, 64, 64
L 1389.3748, 1857.3749, 56.6259,  1389.3749, 1877.3749, 56.6259,  64, 64, 64
L 1389.3749, 1877.3749, 56.6259,  1384.6250, 1877.3749, 56.6259,  64, 64, 64
L 1384.6250, 1877.3749, 56.6259,  1384.6250, 1857.3722, 56.6259,  64, 64, 64
L 1384.6250, 1857.3722, 56.6259,  1321.3749, 1857.3749, 56.6259,  64, 64, 64
L 1321.3749, 1857.3749, 56.6259,  1321.3749, 1877.3748, 56.6259,  64, 64, 64
L 1321.3749, 1877.3748, 56.6259,  1316.6250, 1877.3749, 56.6259,  64, 64, 64
L 1316.6250, 1877.3749, 56.6259,  1316.6250, 1857.3727, 56.6259,  64, 64, 64
L 1316.6250, 1857.3727, 56.6259,  1297.3761, 1857.3761, 56.6259,  64, 64, 64
L 1297.3761, 1857.3761, 56.6259,  1297.3726, 1896.6250, 56.6259,  64, 64, 64
L 1297.3726, 1896.6250, 56.6259,  1316.6250, 1896.6249, 56.6259,  64, 64, 64
L 1316.6250, 1896.6249, 56.6259,  1316.6250, 1884.6250, 56.6259,  64, 64, 64
L 1316.6250, 1884.6250, 56.6259,  1321.3749, 1884.6250, 56.6259,  64, 64, 64
L 1321.3749, 1884.6250, 56.6259,  1321.3733, 1912.6250, 56.6259,  64, 64, 64
L 1321.3733, 1912.6250, 56.6259,  1348.3748, 1912.6250, 56.6259,  64, 64, 64
L 1348.3748, 1912.6250, 56.6259,  1348.3749, 1918.3750, 56.6259,  64, 64, 64
L 1348.3749, 1918.3750, 56.6259,  1346.6250, 1918.3749, 56.6259,  64, 64, 64
L 1346.6250, 1918.3749, 56.6259,  1346.6250, 1917.3733, 56.6259,  64, 64, 64
L 1346.6250, 1917.3733, 56.6259,  1323.3628, 1917.3749, 56.6259,  64, 64, 64
L 1323.3628, 1917.3749, 56.6259,  1323.3750, 1941.3749, 56.6259,  64, 64, 64
L 1323.3750, 1941.3749, 56.6259,  1316.6248, 1941.3744, 56.6259,  64, 64, 64
L 1316.6248, 1941.3744, 56.6259,  1316.6250, 1901.3749, 56.6259,  64, 64, 64
L 1316.6250, 1901.3749, 56.6259,  1292.6248, 1901.3749, 56.6259,  64, 64, 64
L 1292.6248, 1901.3749, 56.6259,  1292.6250, 1894.3738, 56.6259,  64, 64, 64
L 1292.6250, 1894.3738, 56.6259,  1260.3749, 1894.3749, 56.6263,  64, 64, 64
L 1263.2798, 1894.3749, 56.6263,  1262.3539, 1898.1376, 56.6259,  64, 64, 64
L 1262.3539, 1898.1376, 56.6259,  1259.2675, 1903.2765, 56.6259,  64, 64, 64
L 1259.2675, 1903.2765, 56.6259,  1254.1449, 1906.3501, 56.6259,  64, 64, 64
L 1254.1449, 1906.3501, 56.6259,  1249.9998, 1907.3864, 56.6259,  64, 64, 64
L 1249.9998, 1907.3864, 56.6259,  1245.8545, 1906.3501, 56.6259,  64, 64, 64
L 1245.8545, 1906.3501, 56.6259,  1240.7262, 1903.2731, 56.6259,  64, 64, 64
L 1240.7262, 1903.2731, 56.6259,  1237.6493, 1898.1449, 56.6259,  64, 64, 64
L 1237.6493, 1898.1449, 56.6259,  1236.6249, 1894.4600, 56.6259,  64, 64, 64
L 1236.6249, 1894.4600, 56.6259,  1236.6249, 1710.6249, 56.6259,  64, 64, 64
L 1236.6249, 1710.6249, 56.6259,  1282.5448, 1710.6249, 56.6259,  64, 64, 64
L 1282.5448, 1710.6249, 56.6259,  1286.1459, 1711.6498, 56.6259,  64, 64, 64
L 1286.1459, 1711.6498, 56.6259,  1291.2732, 1714.7262, 56.6259,  64, 64, 64
L 1291.2732, 1714.7262, 56.6259,  1294.3501, 1719.8545, 56.6259,  64, 64, 64
L 1294.3501, 1719.8545, 56.6259,  1295.3893, 1724.1299, 56.6259,  64, 64, 64
L 1295.3893, 1724.1299, 56.6259,  1294.3477, 1728.1492, 56.6259,  64, 64, 64
L 1294.3477, 1728.1492, 56.6259,  1291.2704, 1733.2776, 56.6259,  64, 64, 64
L 1291.2704, 1733.2776, 56.6259,  1286.1464, 1736.3499, 56.6259,  64, 64, 64
L 1286.1464, 1736.3499, 56.6259,  1282.4629, 1737.3748, 56.6259,  64, 64, 64
L 1282.4629, 1737.3748, 56.6259,  1262.3749, 1737.3749, 56.6259,  64, 64, 64
L 1262.3749, 1737.3749, 56.6259,  1262.3749, 1749.6249, 56.6259,  64, 64, 64
L 1262.3749, 1749.6249, 56.6259,  1363.6250, 1749.6249, 56.6259,  64, 64, 64
L 1363.6250, 1749.6249, 56.6259,  1363.6250, 1709.6250, 56.6259,  64, 64, 64
L 1339.6250, 1749.6249, 58.6259,  1339.6249, 1797.6250, 58.6259,  64, 64, 64
L 1339.6249, 1797.6250, 58.6259,  1262.3733, 1797.6250, 58.6259,  64, 64, 64
L 1262.3733, 1797.6250, 58.6259,  1262.3749, 1749.6249, 56.6259,  64, 64, 64
L 1363.6250, 1709.6250, 56.6259,  1370.3749, 1709.6248, 56.6259,  64, 64, 64
L 1370.3749, 1709.6248, 56.6259,  1370.3744, 1733.6250, 56.6259,  64, 64, 64
L 1370.3744, 1733.6250, 56.6259,  1393.6250, 1733.6249, 56.6259,  64, 64, 64
L 1393.6250, 1733.6249, 56.6259,  1393.6250, 1732.6250, 56.6259,  64, 64, 64
L 1393.6250, 1732.6250, 56.6259,  1395.3748, 1732.6249, 56.6259,  64, 64, 64
L 1395.3748, 1732.6249, 56.6259,  1395.3749, 1738.3749, 56.6259,  64, 64, 64
L 1395.3749, 1738.3749, 56.6259,  1368.3749, 1738.3749, 56.6259,  64, 64, 64
L 1368.3749, 1738.3749, 56.6259,  1368.3744, 1766.3749, 56.6259,  64, 64, 64
L 1368.3744, 1766.3749, 56.6259,  1363.6250, 1766.3748, 56.6259,  64, 64, 64
L 1363.6250, 1766.3748, 56.6259,  1363.6250, 1754.3722, 56.6259,  64, 64, 64
L 1363.6250, 1754.3722, 56.6259,  1344.3749, 1754.3749, 56.6259,  64, 64, 64
L 1344.3749, 1754.3749, 56.6259,  1344.3749, 1793.6249, 56.6259,  64, 64, 64
L 1344.3749, 1793.6249, 56.6259,  1363.6249, 1793.6250, 56.6259,  64, 64, 64
L 1363.6249, 1793.6250, 56.6259,  1363.6250, 1773.6250, 56.6259,  64, 64, 64
L 1363.6250, 1773.6250, 56.6259,  1368.3749, 1773.6250, 56.6259,  64, 64, 64
L 1368.3749, 1773.6250, 56.6259,  1368.3749, 1793.6250, 56.6259,  64, 64, 64
L 1368.3749, 1793.6250, 56.6259,  1431.6249, 1793.6250, 56.6259,  64, 64, 64
L 1431.6249, 1793.6250, 56.6259,  1431.6250, 1773.6624, 56.6259,  64, 64, 64
L 1431.6250, 1773.6624, 56.6259,  1436.3748, 1773.6187, 56.6259,  64, 64, 64
L 1436.3748, 1773.6187, 56.6259,  1436.3749, 1793.6250, 56.6259,  64, 64, 64
L 1436.3749, 1793.6250, 56.6259,  1455.6248, 1793.6249, 56.6259,  64, 64, 64
L 1455.6248, 1793.6249, 56.6259,  1455.6250, 1754.3749, 56.6259,  64, 64, 64
L 1455.6250, 1754.3749, 56.6259,  1436.3749, 1754.3749, 56.6259,  64, 64, 64
L 1436.3749, 1754.3749, 56.6259,  1436.3748, 1766.3749, 56.6259,  64, 64, 64
L 1436.3748, 1766.3749, 56.6259,  1431.6250, 1766.3744, 56.6259,  64, 64, 64
L 1431.6250, 1766.3744, 56.6259,  1431.6250, 1738.3737, 56.6259,  64, 64, 64
L 1431.6250, 1738.3737, 56.6259,  1404.6250, 1738.3749, 56.6259,  64, 64, 64
L 1404.6250, 1738.3749, 56.6259,  1404.6250, 1732.6244, 56.6259,  64, 64, 64
L 1404.6250, 1732.6244, 56.6259,  1406.3715, 1732.6266, 56.6259,  64, 64, 64
L 1406.3715, 1732.6266, 56.6259,  1406.3749, 1733.6250, 56.6259,  64, 64, 64
L 1406.3749, 1733.6250, 56.6259,  1429.6370, 1733.6249, 56.6259,  64, 64, 64
L 1429.6370, 1733.6249, 56.6259,  1429.6238, 1709.6248, 56.6259,  64, 64, 64
L 1429.6238, 1709.6248, 56.6259,  1436.3750, 1709.6250, 56.6259,  64, 64, 64
L 1436.3750, 1709.6250, 56.6259,  1436.3749, 1749.6250, 56.6259,  64, 64, 64
L 1436.3749, 1749.6250, 56.6259,  1515.6248, 1749.6250, 56.6259,  64, 64, 64
L 1515.6248, 1749.6250, 56.6259,  1515.6249, 1709.6250, 56.6259,  64, 64, 64
L 1491.6249, 1749.6250, 58.6259,  1491.6249, 1797.6250, 58.6259,  64, 64, 64
L 1491.6249, 1797.6250, 58.6259,  1460.3749, 1797.6250, 58.6259,  64, 64, 64
L 1460.3749, 1797.6250, 58.6259,  1460.3749, 1749.6250, 58.6259,  64, 64, 64
L 1515.6249, 1709.6250, 56.6259,  1522.3749, 1709.6248, 56.6259,  64, 64, 64
L 1522.3749, 1709.6248, 56.6259,  1522.3749, 1733.6250, 56.6259,  64, 64, 64
L 1522.3749, 1733.6250, 56.6259,  1545.6249, 1733.6250, 56.6259,  64, 64, 64
L 1545.6249, 1733.6250, 56.6259,  1545.6398, 1732.6250, 56.6259,  64, 64, 64
L 1545.6398, 1732.6250, 56.6259,  1547.3748, 1732.6250, 56.6259,  64, 64, 64
L 1547.3748, 1732.6250, 56.6259,  1547.3749, 1738.3748, 56.6259,  64, 64, 64
L 1547.3749, 1738.3748, 56.6259,  1520.3749, 1738.3749, 56.6259,  64, 64, 64
L 1520.3749, 1738.3749, 56.6259,  1520.3748, 1766.3749, 56.6259,  64, 64, 64
L 1520.3748, 1766.3749, 56.6259,  1515.6250, 1766.3749, 56.6259,  64, 64, 64
L 1515.6250, 1766.3749, 56.6259,  1515.6250, 1754.3749, 56.6259,  64, 64, 64
L 1515.6250, 1754.3749, 56.6259,  1496.3749, 1754.3749, 56.6259,  64, 64, 64
L 1496.3749, 1754.3749, 56.6259,  1496.3749, 1793.6250, 56.6259,  64, 64, 64
L 1496.3749, 1793.6250, 56.6259,  1515.6250, 1793.6249, 56.6259,  64, 64, 64
L 1515.6250, 1793.6249, 56.6259,  1515.6250, 1773.6250, 56.6259,  64, 64, 64
L 1515.6250, 1773.6250, 56.6259,  1520.3749, 1773.6250, 56.6259,  64, 64, 64
L 1520.3749, 1773.6250, 56.6259,  1520.3727, 1793.6250, 56.6259,  64, 64, 64
L 1520.3727, 1793.6250, 56.6259,  1583.6250, 1793.6249, 56.6259,  64, 64, 64
L 1583.6250, 1793.6249, 56.6259,  1583.6250, 1773.6249, 56.6259,  64, 64, 64
L 1583.6250, 1773.6249, 56.6259,  1588.3748, 1773.6250, 56.6259,  64, 64, 64
L 1588.3748, 1773.6250, 56.6259,  1588.3749, 1793.6250, 56.6259,  64, 64, 64
L 1588.3749, 1793.6250, 56.6259,  1607.6248, 1793.6250, 56.6259,  64, 64, 64
L 1607.6248, 1793.6250, 56.6259,  1607.6250, 1754.3750, 56.6259,  64, 64, 64
L 1607.6250, 1754.3750, 56.6259,  1588.3749, 1754.3750, 56.6259,  64, 64, 64
L 1588.3749, 1754.3750, 56.6259,  1588.3748, 1766.3749, 56.6259,  64, 64, 64
L 1588.3748, 1766.3749, 56.6259,  1583.6250, 1766.3749, 56.6259,  64, 64, 64
L 1583.6250, 1766.3749, 56.6259,  1583.6250, 1738.3727, 56.6259,  64, 64, 64
L 1583.6250, 1738.3727, 56.6259,  1556.6250, 1738.3749, 56.6259,  64, 64, 64
L 1556.6250, 1738.3749, 56.6259,  1556.6250, 1732.6250, 56.6259,  64, 64, 64
L 1556.6250, 1732.6250, 56.6259,  1558.3749, 1732.6250, 56.6259,  64, 64, 64
L 1558.3749, 1732.6250, 56.6259,  1558.3749, 1733.6250, 56.6259,  64, 64, 64
L 1558.3749, 1733.6250, 56.6259,  1581.6371, 1733.6250, 56.6261,  64, 64, 64
L 1581.6371, 1733.6250, 56.6261,  1581.6244, 1709.6249, 56.6259,  64, 64, 64
L 1581.6244, 1709.6249, 56.6259,  1588.3748, 1709.6249, 56.6259,  64, 64, 64
L 1588.3748, 1709.6249, 56.6259,  1588.3749, 1749.6249, 56.6259,  64, 64, 64
L 1588.3749, 1749.6249, 56.6259,  1612.3748, 1749.6249, 56.6259,  64, 64, 64
L 1611.8501, 1749.6249, 56.6259,  1651.6250, 1711.8384, 56.6259,  64, 64, 64
L 1651.6250, 1712.3749, 58.6259,  1697.6250, 1712.3749, 58.6259,  64, 64, 64
L 1697.6250, 1712.3749, 58.6259,  1697.6250, 1797.6249, 58.6259,  64, 64, 64
L 1697.6250, 1797.6249, 58.6259,  1612.3749, 1797.6250, 58.6259,  64, 64, 64
L 1612.3749, 1797.6250, 58.6259,  1612.3748, 1749.6249, 58.6259,  64, 64, 64
L 1651.6250, 1712.3749, 56.6259,  1651.6249, 1688.3749, 56.6259,  64, 64, 64
L 1651.6249, 1688.3749, 56.6259,  1611.6249, 1688.3749, 56.6259,  64, 64, 64
L 1611.6249, 1688.3749, 56.6259,  1611.6255, 1681.6250, 56.6259,  64, 64, 64
L 1611.6255, 1681.6250, 56.6259,  1635.6250, 1681.6250, 56.6259,  64, 64, 64
L 1635.6250, 1681.6250, 56.6259,  1635.6250, 1658.3749, 56.6259,  64, 64, 64
L 1635.6250, 1658.3749, 56.6259,  1634.6250, 1658.3748, 56.6259,  64, 64, 64
L 1634.6250, 1658.3748, 56.6259,  1634.6250, 1656.6250, 56.6259,  64, 64, 64
L 1634.6250, 1656.6250, 56.6259,  1640.3749, 1656.6250, 56.6259,  64, 64, 64
L 1640.3749, 1656.6250, 56.6259,  1640.3748, 1683.6250, 56.6259,  64, 64, 64
L 1640.3748, 1683.6250, 56.6259,  1668.3749, 1683.6355, 56.6259,  64, 64, 64
L 1668.3749, 1683.6355, 56.6259,  1668.3749, 1688.3748, 56.6259,  64, 64, 64
L 1668.3749, 1688.3748, 56.6259,  1656.3749, 1688.3749, 56.6259,  64, 64, 64
L 1656.3749, 1688.3749, 56.6259,  1656.3721, 1707.6250, 56.6259,  64, 64, 64
L 1695.6248, 1707.6250, 56.6259,  1695.6250, 1688.3749, 56.6259,  64, 64, 64
L 1695.6250, 1688.3749, 56.6259,  1675.6250, 1688.3749, 56.6259,  64, 64, 64
L 1656.3750, 1707.6250, 56.6259,  1695.6248, 1707.6250, 56.6259,  64, 64, 64
L 1675.6250, 1688.3749, 56.6259,  1675.6250, 1683.6250, 56.6259,  64, 64, 64
L 1675.6250, 1683.6250, 56.6259,  1695.6250, 1683.6250, 56.6259,  64, 64, 64
L 1695.6250, 1683.6250, 56.6259,  1695.6250, 1620.3749, 56.6259,  64, 64, 64
L 1695.6250, 1620.3749, 56.6259,  1675.6250, 1620.3749, 56.6259,  64, 64, 64
L 1675.6250, 1620.3749, 56.6259,  1675.6250, 1615.6250, 56.6259,  64, 64, 64
L 1675.6250, 1615.6250, 56.6259,  1695.6250, 1615.6249, 56.6259,  64, 64, 64
L 1695.6250, 1615.6249, 56.6259,  1695.6250, 1596.3749, 56.6259,  64, 64, 64
L 1695.6250, 1596.3749, 56.6259,  1656.3749, 1596.3749, 56.6259,  64, 64, 64
L 1656.3749, 1596.3749, 56.6259,  1656.3722, 1615.6250, 56.6259,  64, 64, 64
L 1656.3722, 1615.6250, 56.6259,  1668.3749, 1615.6250, 56.6259,  64, 64, 64
L 1668.3749, 1615.6250, 56.6259,  1668.3748, 1620.3749, 56.6259,  64, 64, 64
L 1668.3748, 1620.3749, 56.6259,  1640.3749, 1620.3749, 56.6259,  64, 64, 64
L 1640.3749, 1620.3749, 56.6259,  1640.3743, 1647.3749, 56.6259,  64, 64, 64
L 1640.3743, 1647.3749, 56.6259,  1634.6250, 1647.3748, 56.6259,  64, 64, 64
L 1634.6250, 1647.3748, 56.6259,  1634.6249, 1645.6250, 56.6259,  64, 64, 64
L 1634.6249, 1645.6250, 56.6259,  1635.6249, 1645.6250, 56.6259,  64, 64, 64
L 1635.6249, 1645.6250, 56.6259,  1635.6250, 1622.3593, 56.6259,  64, 64, 64
L 1635.6250, 1622.3593, 56.6259,  1611.6250, 1622.3755, 56.6259,  64, 64, 64
L 1611.6250, 1622.3755, 56.6259,  1611.6250, 1615.6248, 56.6259,  64, 64, 64
L 1611.6250, 1615.6248, 56.6259,  1651.6249, 1615.6250, 56.6259,  64, 64, 64
L 1651.6249, 1615.6250, 56.6259,  1651.6250, 1566.3749, 56.6259,  64, 64, 64
L 1651.6250, 1566.3749, 56.6259,  1646.6250, 1566.3748, 56.6259,  64, 64, 64
L 1646.6250, 1566.3748, 56.6259,  1646.6250, 1487.6250, 56.6259,  64, 64, 64
L 1646.6250, 1487.6250, 56.6259,  1651.6249, 1487.6249, 56.6259,  64, 64, 64
L 1651.6249, 1487.6249, 56.6259,  1651.6249, 1436.3750, 56.6259,  64, 64, 64
L 1651.6249, 1436.3750, 56.6259,  1611.6248, 1436.3750, 56.6259,  64, 64, 64
L 1646.6250, 1490.8157, 60.5350,  1697.6249, 1490.8190, 60.5369,  64, 64, 64
L 1697.6249, 1490.8190, 60.5369,  1697.6250, 1460.3749, 58.6259,  64, 64, 64
L 1697.6250, 1460.3749, 58.6259,  1651.6249, 1460.3749, 58.6259,  64, 64, 64
L 1646.6250, 1563.1509, 60.6638,  1697.6250, 1563.1780, 60.5412,  64, 64, 64
L 1697.6250, 1563.1780, 60.5412,  1697.6249, 1591.6250, 58.6259,  64, 64, 64
L 1697.6249, 1591.6250, 58.6259,  1651.6249, 1591.6250, 58.6259,  64, 64, 64
L 1611.6248, 1436.3750, 56.6259,  1611.6250, 1429.6248, 56.6259,  64, 64, 64
L 1611.6250, 1429.6248, 56.6259,  1635.6250, 1429.6250, 56.6259,  64, 64, 64
L 1635.6250, 1429.6250, 56.6259,  1635.6250, 1406.3750, 56.6259,  64, 64, 64
L 1635.6250, 1406.3750, 56.6259,  1634.6250, 1406.3748, 56.6259,  64, 64, 64
L 1634.6250, 1406.3748, 56.6259,  1634.6250, 1404.6250, 56.6259,  64, 64, 64
L 1634.6250, 1404.6250, 56.6259,  1640.3749, 1404.6248, 56.6259,  64, 64, 64
L 1640.3749, 1404.6248, 56.6259,  1640.3732, 1431.6250, 56.6259,  64, 64, 64
L 1640.3732, 1431.6250, 56.6259,  1668.3749, 1431.6250, 56.6259,  64, 64, 64
L 1668.3749, 1431.6250, 56.6259,  1668.3750, 1436.3750, 56.6259,  64, 64, 64
L 1668.3750, 1436.3750, 56.6259,  1656.3749, 1436.3750, 56.6259,  64, 64, 64
L 1656.3749, 1436.3750, 56.6259,  1656.3738, 1455.6250, 56.6259,  64, 64, 64
L 1656.3738, 1455.6250, 56.6259,  1695.6248, 1455.6249, 56.6259,  64, 64, 64
L 1695.6248, 1455.6249, 56.6259,  1695.6250, 1436.3733, 56.6259,  64, 64, 64
L 1695.6250, 1436.3733, 56.6259,  1675.6250, 1436.3749, 56.6259,  64, 64, 64
L 1675.6250, 1436.3749, 56.6259,  1675.6250, 1431.6248, 56.6259,  64, 64, 64
L 1675.6250, 1431.6248, 56.6259,  1695.6249, 1431.6250, 56.6259,  64, 64, 64
L 1695.6249, 1431.6250, 56.6259,  1695.6250, 1368.3749, 56.6259,  64, 64, 64
L 1695.6250, 1368.3749, 56.6259,  1675.6250, 1368.3748, 56.6259,  64, 64, 64
L 1675.6250, 1368.3748, 56.6259,  1675.6250, 1363.6248, 56.6259,  64, 64, 64
L 1675.6250, 1363.6248, 56.6259,  1695.6249, 1363.6250, 56.6259,  64, 64, 64
L 1695.6249, 1363.6250, 56.6259,  1695.6250, 1344.3749, 56.6259,  64, 64, 64
L 1695.6250, 1344.3749, 56.6259,  1656.3750, 1344.3749, 56.6259,  64, 64, 64
L 1656.3750, 1344.3749, 56.6259,  1656.3737, 1363.6250, 56.6259,  64, 64, 64
L 1656.3737, 1363.6250, 56.6259,  1668.3749, 1363.6250, 56.6259,  64, 64, 64
L 1668.3749, 1363.6250, 56.6259,  1668.3749, 1368.3748, 56.6259,  64, 64, 64
L 1668.3749, 1368.3748, 56.6259,  1640.3749, 1368.3749, 56.6259,  64, 64, 64
L 1640.3749, 1368.3749, 56.6259,  1640.3749, 1395.3749, 56.6259,  64, 64, 64
L 1640.3749, 1395.3749, 56.6259,  1634.6250, 1395.3748, 56.6259,  64, 64, 64
L 1634.6250, 1395.3748, 56.6259,  1634.6250, 1393.6250, 56.6259,  64, 64, 64
L 1634.6250, 1393.6250, 56.6259,  1635.6250, 1393.6249, 56.6259,  64, 64, 64
L 1635.6250, 1393.6249, 56.6259,  1635.6250, 1370.3611, 56.6261,  64, 64, 64
L 1635.6250, 1370.3611, 56.6261,  1635.6250, 1370.3611, 56.1100,  64, 64, 64
L 1635.6250, 1370.3749, 56.6259,  1611.6250, 1370.3749, 56.6259,  64, 64, 64
L 1611.6250, 1370.3749, 56.6259,  1611.6248, 1363.6248, 56.6259,  64, 64, 64
L 1611.6248, 1363.6248, 56.6259,  1651.6248, 1363.6250, 56.6259,  64, 64, 64
L 1651.6248, 1363.6250, 56.6259,  1651.6249, 1339.6250, 56.6259,  64, 64, 64
L 1651.6249, 1340.1425, 56.6259,  1611.8313, 1295.3749, 56.6259,  64, 64, 64
L 1612.3749, 1295.3749, 56.6259,  1588.3750, 1295.3749, 56.6259,  64, 64, 64
L 1612.3749, 1295.3749, 58.6259,  1612.3749, 1247.3749, 58.6259,  64, 64, 64
L 1612.3749, 1247.3749, 58.6259,  1697.6250, 1247.3722, 58.6259,  64, 64, 64
L 1697.6250, 1247.3722, 58.6259,  1697.6250, 1339.6249, 58.6259,  64, 64, 64
L 1697.6250, 1339.6249, 58.6259,  1651.6249, 1339.6250, 58.6259,  64, 64, 64
L 1588.3750, 1295.3749, 56.6259,  1588.3749, 1335.3749, 56.6259,  64, 64, 64
L 1588.3749, 1335.3749, 56.6259,  1581.6244, 1335.3749, 56.6259,  64, 64, 64
L 1581.6244, 1335.3749, 56.6259,  1581.6249, 1311.3749, 56.6259,  64, 64, 64
L 1581.6249, 1311.3749, 56.6259,  1558.3749, 1311.3749, 56.6259,  64, 64, 64
L 1558.3749, 1311.3749, 56.6259,  1558.3748, 1312.3749, 56.6259,  64, 64, 64
L 1558.3748, 1312.3749, 56.6259,  1556.6250, 1312.3749, 56.6259,  64, 64, 64
L 1556.6250, 1312.3749, 56.6259,  1556.6250, 1306.6249, 56.6259,  64, 64, 64
L 1556.6250, 1306.6249, 56.6259,  1583.6249, 1306.6249, 56.6259,  64, 64, 64
L 1583.6249, 1306.6249, 56.6259,  1583.6249, 1278.6249, 56.6259,  64, 64, 64
L 1583.6249, 1278.6249, 56.6259,  1588.3749, 1278.6249, 56.6259,  64, 64, 64
L 1588.3749, 1278.6249, 56.6259,  1588.3750, 1290.6250, 56.6259,  64, 64, 64
L 1588.3750, 1290.6250, 56.6259,  1607.6249, 1290.6250, 56.6259,  64, 64, 64
L 1607.6249, 1290.6250, 56.6259,  1607.6250, 1251.3749, 56.6259,  64, 64, 64
L 1607.6250, 1267.3643, 56.6259,  1607.6250, 1267.3633, 56.6259,  64, 64, 64
L 1607.6250, 1251.3749, 56.6259,  1588.3750, 1251.3749, 56.6259,  64, 64, 64
L 1588.3750, 1251.3749, 56.6259,  1588.3617, 1271.3749, 56.6259,  64, 64, 64
L 1588.3617, 1271.3749, 56.6259,  1583.6249, 1271.3749, 56.6259,  64, 64, 64
L 1583.6249, 1271.3749, 56.6259,  1583.6249, 1251.3749, 56.6259,  64, 64, 64
L 1583.6249, 1251.3749, 56.6259,  1520.3749, 1251.3748, 56.6259,  64, 64, 64
L 1520.3749, 1251.3748, 56.6259,  1520.3749, 1271.3748, 56.6259,  64, 64, 64
L 1520.3749, 1271.3748, 56.6259,  1515.6248, 1271.3749, 56.6259,  64, 64, 64
L 1515.6248, 1271.3749, 56.6259,  1515.6250, 1251.3737, 56.6259,  64, 64, 64
L 1515.6250, 1251.3749, 56.6259,  1496.3760, 1251.3749, 56.6259,  64, 64, 64
L 1496.3760, 1251.3749, 56.6259,  1496.3727, 1290.6250, 56.6259,  64, 64, 64
L 1496.3727, 1290.6250, 56.6259,  1515.6249, 1290.6250, 56.6259,  64, 64, 64
L 1515.6249, 1290.6250, 56.6259,  1515.6250, 1278.6250, 56.6259,  64, 64, 64
L 1515.6250, 1278.6250, 56.6259,  1520.3749, 1278.6250, 56.6259,  64, 64, 64
L 1520.3749, 1278.6250, 56.6259,  1520.3732, 1306.6250, 56.6259,  64, 64, 64
L 1520.3732, 1306.6250, 56.6259,  1547.3750, 1306.6250, 56.6259,  64, 64, 64
L 1547.3750, 1306.6250, 56.6259,  1547.3721, 1312.3766, 56.6259,  64, 64, 64
L 1547.3721, 1312.3766, 56.6259,  1545.6266, 1312.3687, 56.6259,  64, 64, 64
L 1545.6266, 1312.3687, 56.6259,  1545.6250, 1311.3733, 56.6259,  64, 64, 64
L 1545.6250, 1311.3733, 56.6259,  1522.3749, 1311.3748, 56.6259,  64, 64, 64
L 1522.3628, 1311.3749, 56.6259,  1522.3628, 1311.3749, 56.9000,  64, 64, 64
L 1522.3749, 1335.3749, 56.6259,  1522.3749, 1311.3748, 56.6259,  64, 64, 64
L 1522.3749, 1335.3749, 56.6259,  1515.6248, 1335.3748, 56.6259,  64, 64, 64
L 1515.6248, 1335.3748, 56.6259,  1515.6250, 1295.3749, 56.6259,  64, 64, 64
L 1515.6250, 1295.3749, 56.6259,  1436.3749, 1295.3749, 56.6259,  64, 64, 64
L 1460.3749, 1295.3748, 58.6259,  1460.3749, 1247.3749, 58.6259,  64, 64, 64
L 1460.3749, 1247.3749, 58.6259,  1491.6250, 1247.3737, 58.6259,  64, 64, 64
L 1491.6250, 1247.3737, 58.6259,  1491.6250, 1295.3748, 58.6259,  64, 64, 64
L 1436.3749, 1295.3749, 56.6259,  1436.3750, 1335.3749, 56.6259,  64, 64, 64
L 1436.3750, 1335.3749, 56.6259,  1429.6232, 1335.3749, 56.6259,  64, 64, 64
L 1429.6232, 1335.3749, 56.6259,  1429.6465, 1311.3749, 56.6563,  64, 64, 64
L 1429.6465, 1311.3749, 56.6563,  1406.3749, 1311.3749, 56.6259,  64, 64, 64
L 1406.3749, 1312.3748, 56.6259,  1404.6248, 1312.3749, 56.6259,  64, 64, 64
L 1404.6248, 1312.3749, 56.6259,  1404.6250, 1306.6250, 56.6259,  64, 64, 64
L 1404.6250, 1306.6250, 56.6259,  1431.6249, 1306.6250, 56.6259,  64, 64, 64
L 1431.6249, 1306.6250, 56.6259,  1431.6283, 1278.6250, 56.6259,  64, 64, 64
L 1431.6283, 1278.6250, 56.6259,  1436.3566, 1278.6250, 56.6259,  64, 64, 64
L 1436.3566, 1278.6250, 56.6259,  1436.3727, 1290.6250, 56.6259,  64, 64, 64
L 1436.3727, 1290.6250, 56.6259,  1455.6249, 1290.6250, 56.6259,  64, 64, 64
L 1455.6249, 1290.6250, 56.6259,  1455.6250, 1251.3749, 56.6259,  64, 64, 64
L 1455.6250, 1251.3749, 56.6259,  1436.3750, 1251.3749, 56.6259,  64, 64, 64
L 1436.3750, 1251.3749, 56.6259,  1436.3748, 1271.3749, 56.6259,  64, 64, 64
L 1436.3748, 1271.3749, 56.6259,  1431.6250, 1271.3744, 56.6259,  64, 64, 64
L 1431.6250, 1271.3744, 56.6259,  1431.6250, 1251.3749, 56.6259,  64, 64, 64
L 1431.6250, 1251.3749, 56.6259,  1368.3749, 1251.3749, 56.6259,  64, 64, 64
L 1368.3749, 1251.3749, 56.6259,  1368.3749, 1271.3748, 56.6259,  64, 64, 64
L 1368.3749, 1271.3748, 56.6259,  1363.6250, 1271.3749, 56.6259,  64, 64, 64
L 1363.6250, 1271.3749, 56.6259,  1363.6250, 1251.3749, 56.6259,  64, 64, 64
L 1363.6250, 1251.3749, 56.6259,  1344.3766, 1251.3750, 56.6259,  64, 64, 64
L 1344.3766, 1251.3750, 56.6259,  1344.3722, 1290.6250, 56.6259,  64, 64, 64
L 1344.3722, 1290.6250, 56.6259,  1363.6250, 1290.6249, 56.6259,  64, 64, 64
L 1363.6250, 1290.6249, 56.6259,  1363.6250, 1278.6250, 56.6259,  64, 64, 64
L 1363.6250, 1278.6250, 56.6259,  1368.3749, 1278.6250, 56.6259,  64, 64, 64
L 1368.3749, 1278.6250, 56.6259,  1368.3727, 1306.6250, 56.6259,  64, 64, 64
L 1368.3727, 1306.6250, 56.6259,  1395.3748, 1306.6250, 56.6259,  64, 64, 64
L 1395.3748, 1306.6250, 56.6259,  1395.3749, 1312.3748, 56.6259,  64, 64, 64
L 1395.3749, 1312.3748, 56.6259,  1393.6498, 1312.3749, 56.6259,  64, 64, 64
L 1393.6498, 1312.3749, 56.6259,  1393.6250, 1311.3733, 56.6259,  64, 64, 64
L 1393.6250, 1311.3733, 56.6259,  1370.3622, 1311.3749, 56.6259,  64, 64, 64
L 1406.3749, 1311.3749, 56.6259,  1406.3749, 1312.3748, 56.6259,  64, 64, 64
L 1370.3749, 1311.3749, 56.6259,  1370.3748, 1335.3749, 56.6259,  64, 64, 64
L 1370.3748, 1335.3749, 56.6259,  1363.6248, 1335.3748, 56.6259,  64, 64, 64
L 1363.6248, 1335.3748, 56.6259,  1363.6250, 1295.3749, 56.6259,  64, 64, 64
L 1363.6250, 1295.3749, 56.6259,  1262.3749, 1295.3749, 56.6259,  64, 64, 64
L 1262.3749, 1295.3749, 56.6259,  1262.3749, 1307.6370, 56.6259,  64, 64, 64
L 1262.3749, 1307.6370, 56.6259,  1282.4518, 1307.6244, 56.6259,  64, 64, 64
L 1282.4518, 1307.6244, 56.6259,  1286.1448, 1308.6493, 56.6259,  64, 64, 64
L 1286.1448, 1308.6493, 56.6259,  1291.2732, 1311.7262, 56.6259,  64, 64, 64
L 1291.2732, 1311.7262, 56.6259,  1294.3501, 1316.8549, 56.6259,  64, 64, 64
L 1294.3501, 1316.8549, 56.6259,  1295.3821, 1320.9845, 56.6259,  64, 64, 64
L 1295.3821, 1320.9845, 56.6259,  1294.3533, 1325.1393, 56.6259,  64, 64, 64
L 1294.3533, 1325.1393, 56.6259,  1291.2732, 1330.2732, 56.6259,  64, 64, 64
L 1291.2732, 1330.2732, 56.6259,  1286.1449, 1333.3501, 56.6259,  64, 64, 64
L 1286.1449, 1333.3501, 56.6259,  1282.4629, 1334.3749, 56.6259,  64, 64, 64
L 1282.4629, 1334.3749, 56.6259,  1236.6250, 1334.3748, 56.6259,  64, 64, 64
L 1236.6250, 1334.3748, 56.6259,  1236.6248, 1150.9563, 56.6259,  64, 64, 64
L 1236.6248, 1150.9563, 56.6259,  1237.6493, 1146.8550, 56.6259,  64, 64, 64
L 1237.6493, 1146.8550, 56.6259,  1240.7262, 1141.7262, 56.6259,  64, 64, 64
L 1240.7262, 1141.7262, 56.6259,  1245.8545, 1138.6497, 56.6259,  64, 64, 64
L 1245.8545, 1138.6497, 56.6259,  1250.1060, 1137.6105, 56.6259,  64, 64, 64
L 1250.1060, 1137.6105, 56.6259,  1254.1294, 1138.6465, 56.6259,  64, 64, 64
L 1254.1294, 1138.6465, 56.6259,  1259.2726, 1141.7260, 56.6259,  64, 64, 64
L 1259.2726, 1141.7260, 56.6259,  1262.3501, 1146.8550, 56.6259,  64, 64, 64
L 1262.3501, 1146.8550, 56.6259,  1263.3750, 1150.9539, 56.6259,  64, 64, 64
L 1263.3750, 1150.9539, 56.6259,  1263.3628, 1191.6250, 56.6261,  64, 64, 64
L 1166.6315, 1191.6250, 56.6259,  1166.6248, 1151.1980, 56.6259,  64, 64, 64
L 1166.6248, 1151.1980, 56.6259,  1167.6443, 1146.8628, 56.6259,  64, 64, 64
L 1167.6443, 1146.8628, 56.6259,  1170.7262, 1141.7262, 56.6259,  64, 64, 64
L 1170.7262, 1141.7262, 56.6259,  1175.8550, 1138.6493, 56.6259,  64, 64, 64
L 1175.8550, 1138.6493, 56.6259,  1179.9999, 1137.6133, 56.6259,  64, 64, 64
L 1179.9999, 1137.6133, 56.6259,  1184.1670, 1138.6548, 56.6259,  64, 64, 64
L 1184.1670, 1138.6548, 56.6259,  1189.2737, 1141.7277, 56.6259,  64, 64, 64
L 1189.2737, 1141.7277, 56.6259,  1192.3501, 1146.8545, 56.6259,  64, 64, 64
L 1192.3501, 1146.8545, 56.6259,  1193.3749, 1150.9535, 56.6259,  64, 64, 64
L 1193.3749, 1150.9535, 56.6259,  1193.3622, 1502.3750, 56.6261,  64, 64, 64
L 1236.6249, 1379.3113, 56.6259,  1236.6249, 1667.3748, 56.6259,  64, 64, 64
L 1236.6249, 1667.3748, 56.6259,  1282.6050, 1667.3749, 56.6259,  64, 64, 64
L 1282.6050, 1667.3749, 56.6259,  1286.1465, 1666.3490, 56.6259,  64, 64, 64
L 1286.1465, 1666.3490, 56.6259,  1291.2732, 1663.2731, 56.6259,  64, 64, 64
L 1291.2732, 1663.2731, 56.6259,  1294.3501, 1658.1449, 56.6259,  64, 64, 64
L 1294.3501, 1658.1449, 56.6259,  1295.3864, 1653.9998, 56.6259,  64, 64, 64
L 1295.3864, 1653.9998, 56.6259,  1294.3501, 1649.8545, 56.6259,  64, 64, 64
L 1294.3501, 1649.8545, 56.6259,  1291.2732, 1644.7266, 56.6259,  64, 64, 64
L 1291.2732, 1644.7266, 56.6259,  1286.1449, 1641.6497, 56.6259,  64, 64, 64
L 1286.1449, 1641.6497, 56.6259,  1282.4600, 1640.6249, 56.6259,  64, 64, 64
L 1282.4600, 1640.6249, 56.6259,  1262.3749, 1640.6249, 56.6259,  64, 64, 64
L 1237.4695, 1377.6250, 56.6259,  1282.5690, 1377.6248, 56.6259,  64, 64, 64
L 1282.5690, 1377.6248, 56.6259,  1286.1465, 1378.6504, 56.6259,  64, 64, 64
L 1286.1465, 1378.6504, 56.6259,  1291.2732, 1381.7262, 56.6259,  64, 64, 64
L 1291.2732, 1381.7262, 56.6259,  1294.3501, 1386.8549, 56.6259,  64, 64, 64
L 1294.3501, 1386.8549, 56.6259,  1295.3865, 1391.0000, 56.6259,  64, 64, 64
L 1295.3865, 1391.0000, 56.6259,  1294.3501, 1395.1449, 56.6259,  64, 64, 64
L 1294.3501, 1395.1449, 56.6259,  1291.2732, 1400.2732, 56.6259,  64, 64, 64
L 1291.2732, 1400.2732, 56.6259,  1286.1447, 1403.3501, 56.6259,  64, 64, 64
L 1286.1447, 1403.3501, 56.6259,  1282.4430, 1404.3750, 56.6259,  64, 64, 64
L 1282.4430, 1404.3750, 56.6259,  1262.3749, 1404.3749, 56.6259,  64, 64, 64
L 1262.3749, 1404.3749, 56.6259,  1262.3727, 1420.6250, 56.6259,  64, 64, 64
L 1262.3727, 1420.6250, 56.6259,  1310.3750, 1420.6250, 56.6259,  64, 64, 64
L 1310.3750, 1420.6250, 56.6259,  1310.3733, 1485.6250, 56.6259,  64, 64, 64
L 1310.3738, 1461.6248, 58.6259,  1262.3749, 1461.6250, 58.6259,  64, 64, 64
L 1262.3749, 1461.6250, 58.6259,  1262.3749, 1420.6250, 56.6259,  64, 64, 64
L 1339.6250, 1295.3749, 58.6259,  1339.6250, 1247.3749, 58.6259,  64, 64, 64
L 1339.6250, 1247.3749, 58.6259,  1262.3749, 1247.3749, 58.6259,  64, 64, 64
L 1262.3749, 1247.3749, 58.6259,  1262.3749, 1295.3749, 56.6259,  64, 64, 64
L 1310.3711, 1485.6250, 56.6259,  1350.3749, 1485.6250, 56.6259,  64, 64, 64
L 1350.3749, 1485.6250, 56.6259,  1350.3748, 1492.3749, 56.6259,  64, 64, 64
L 1350.3748, 1492.3749, 56.6259,  1326.3749, 1492.3749, 56.6259,  64, 64, 64
L 1326.3749, 1492.3749, 56.6259,  1326.3727, 1515.6250, 56.6259,  64, 64, 64
L 1326.3727, 1515.6250, 56.6259,  1327.3749, 1515.6250, 56.6259,  64, 64, 64
L 1327.3749, 1515.6250, 56.6259,  1327.3749, 1517.3749, 56.6259,  64, 64, 64
L 1327.3749, 1517.3749, 56.6259,  1321.6250, 1517.3744, 56.6259,  64, 64, 64
L 1321.6250, 1517.3744, 56.6259,  1321.6250, 1490.3749, 56.6259,  64, 64, 64
L 1321.6250, 1490.3749, 56.6259,  1293.6250, 1490.3749, 56.6259,  64, 64, 64
L 1293.6250, 1490.3749, 56.6259,  1293.6250, 1485.6250, 56.6259,  64, 64, 64
L 1293.6250, 1485.6250, 56.6259,  1305.6249, 1485.6250, 56.6259,  64, 64, 64
L 1305.6250, 1466.3744, 56.6259,  1305.6250, 1485.6249, 56.6259,  64, 64, 64
L 1305.6250, 1466.3744, 56.6259,  1266.3761, 1466.3750, 56.6259,  64, 64, 64
L 1266.3761, 1466.3750, 56.6259,  1266.3726, 1485.6250, 56.6259,  64, 64, 64
L 1266.3726, 1485.6250, 56.6259,  1286.3749, 1485.6250, 56.6259,  64, 64, 64
L 1286.3749, 1485.6250, 56.6259,  1286.3748, 1490.3749, 56.6259,  64, 64, 64
L 1286.3748, 1490.3749, 56.6259,  1266.3749, 1490.3749, 56.6259,  64, 64, 64
L 1266.3749, 1490.3749, 56.6259,  1266.3749, 1553.6250, 56.6259,  64, 64, 64
L 1266.3749, 1553.6250, 56.6259,  1286.3749, 1553.6250, 56.6259,  64, 64, 64
L 1286.3749, 1553.6250, 56.6259,  1286.3748, 1558.3749, 56.6259,  64, 64, 64
L 1286.3748, 1558.3749, 56.6259,  1266.3749, 1558.3749, 56.6259,  64, 64, 64
L 1266.3749, 1558.3749, 56.6259,  1266.3749, 1577.6250, 56.6259,  64, 64, 64
L 1266.3749, 1577.6250, 56.6259,  1305.6250, 1577.6250, 56.6259,  64, 64, 64
L 1305.6250, 1577.6250, 56.6259,  1305.6250, 1558.3749, 56.6259,  64, 64, 64
L 1305.6250, 1558.3749, 56.6259,  1293.6250, 1558.3749, 56.6259,  64, 64, 64
L 1293.6250, 1558.3749, 56.6259,  1293.6250, 1553.6250, 56.6259,  64, 64, 64
L 1293.6250, 1553.6250, 56.6259,  1321.6250, 1553.6249, 56.6259,  64, 64, 64
L 1321.6250, 1553.6249, 56.6259,  1321.6399, 1526.6250, 56.6259,  64, 64, 64
L 1321.6399, 1526.6250, 56.6259,  1327.3749, 1526.6250, 56.6259,  64, 64, 64
L 1327.3749, 1526.6250, 56.6259,  1327.3748, 1528.3749, 56.6259,  64, 64, 64
L 1327.3748, 1528.3749, 56.6259,  1326.3749, 1528.3749, 56.6259,  64, 64, 64
L 1326.3749, 1528.3749, 56.6259,  1326.3749, 1551.6370, 56.6259,  64, 64, 64
L 1326.3749, 1551.6370, 56.6259,  1350.3749, 1551.6238, 56.6259,  64, 64, 64
L 1350.3749, 1551.6238, 56.6259,  1350.3749, 1558.3749, 56.6259,  64, 64, 64
L 1350.3749, 1558.3749, 56.6259,  1310.3749, 1558.3749, 56.6259,  64, 64, 64
L 1310.3749, 1558.3749, 56.6259,  1310.3749, 1627.3749, 56.6259,  64, 64, 64
L 1310.3749, 1627.3749, 56.6259,  1262.3755, 1627.3749, 56.6259,  64, 64, 64
L 1262.3749, 1627.3749, 56.6259,  1262.3733, 1640.6370, 56.6259,  64, 64, 64
L 1262.3755, 1627.3749, 58.6259,  1262.3749, 1582.3749, 58.6259,  64, 64, 64
L 1262.3749, 1582.3749, 58.6259,  1310.3748, 1582.3749, 58.6259,  64, 64, 64
L 1341.6249, 1526.3750, 56.6259,  1350.3748, 1526.3748, 56.6259,  64, 64, 64
L 1350.3748, 1526.3748, 56.6259,  1350.3749, 1517.6249, 56.6259,  64, 64, 64
L 1350.3749, 1517.6249, 56.6259,  1341.6249, 1517.6244, 56.6259,  64, 64, 64
L 1341.6249, 1517.6244, 56.6259,  1341.6249, 1526.3750, 56.6259,  64, 64, 64
L 1395.6250, 1326.6249, 56.6259,  1395.6248, 1335.3748, 56.6259,  64, 64, 64
L 1395.6248, 1335.3748, 56.6259,  1404.3748, 1335.3749, 56.6259,  64, 64, 64
L 1404.3748, 1335.3749, 56.6259,  1404.3749, 1326.6249, 56.6259,  64, 64, 64
L 1404.3749, 1326.6249, 56.6259,  1395.6250, 1326.6249, 56.6259,  64, 64, 64
L 1547.6250, 1326.6249, 56.6259,  1547.6248, 1335.3749, 56.6259,  64, 64, 64
L 1547.6248, 1335.3749, 56.6259,  1556.3748, 1335.3749, 56.6259,  64, 64, 64
L 1556.3748, 1335.3749, 56.6259,  1556.3749, 1326.6249, 56.6259,  64, 64, 64
L 1556.3749, 1326.6249, 56.6259,  1547.6250, 1326.6249, 56.6259,  64, 64, 64
L 1620.3749, 1395.6249, 56.6259,  1611.6250, 1395.6244, 56.6259,  64, 64, 64
L 1611.6250, 1395.6244, 56.6259,  1611.6248, 1404.3750, 56.6259,  64, 64, 64
L 1611.6248, 1404.3750, 56.6259,  1620.3748, 1404.3750, 56.6259,  64, 64, 64
L 1620.3748, 1404.3750, 56.6259,  1620.3749, 1395.6249, 56.6259,  64, 64, 64
L 1620.3749, 1647.6250, 56.6259,  1611.6250, 1647.6248, 56.6259,  64, 64, 64
L 1611.6250, 1647.6248, 56.6259,  1611.6248, 1656.3748, 56.6259,  64, 64, 64
L 1611.6248, 1656.3748, 56.6259,  1620.3748, 1656.3749, 56.6259,  64, 64, 64
L 1620.3748, 1656.3749, 56.6259,  1620.3749, 1647.6250, 56.6259,  64, 64, 64
L 1556.3748, 1718.3749, 56.6259,  1556.3749, 1709.6250, 56.6259,  64, 64, 64
L 1556.3749, 1709.6250, 56.6259,  1547.6249, 1709.6250, 56.6259,  64, 64, 64
L 1547.6249, 1709.6250, 56.6259,  1547.6249, 1718.3748, 56.6259,  64, 64, 64
L 1547.6249, 1718.3748, 56.6259,  1556.3748, 1718.3749, 56.6259,  64, 64, 64
L 1404.3748, 1718.3749, 56.6259,  1404.3749, 1709.6250, 56.6259,  64, 64, 64
L 1404.3749, 1709.6250, 56.6259,  1395.6250, 1709.6250, 56.6259,  64, 64, 64
L 1395.6250, 1709.6250, 56.6259,  1395.6250, 1718.3749, 56.6259,  64, 64, 64
L 1395.6250, 1718.3749, 56.6259,  1404.3748, 1718.3749, 56.6259,  64, 64, 64
L 1377.6270, 1627.3749, 56.6259,  1471.6250, 1627.3748, 56.6259,  64, 64, 64
L 1484.3727, 1627.3748, 56.6259,  1578.3750, 1627.3749, 56.6259,  64, 64, 64
L 1578.3750, 1627.3749, 56.6259,  1578.3748, 1420.6250, 56.6259,  64, 64, 64
L 1578.3748, 1420.6250, 56.6259,  1484.3755, 1420.6250, 56.6259,  64, 64, 64
L 1471.6250, 1420.6250, 56.6259,  1377.6250, 1420.6370, 56.6259,  64, 64, 64
L 1377.6250, 1420.6370, 56.6259,  1377.6270, 1627.3749, 56.6259,  64, 64, 64
L 1382.5999, 1616.1161, 57.6259,  1387.5530, 1618.1685, 57.6259,  64, 64, 64
L 1387.5530, 1618.1685, 57.6259,  1392.5071, 1616.1161, 57.6259,  64, 64, 64
L 1392.5071, 1616.1161, 57.6259,  1394.5597, 1611.1620, 57.6259,  64, 64, 64
L 1394.5597, 1611.1620, 57.6259,  1392.5071, 1606.2079, 57.6259,  64, 64, 64
L 1392.5071, 1606.2079, 57.6259,  1387.5530, 1604.1554, 57.6259,  64, 64, 64
L 1387.5530, 1604.1554, 57.6259,  1382.5995, 1606.2079, 57.6259,  64, 64, 64
L 1382.5995, 1606.2079, 57.6259,  1380.5442, 1611.1675, 57.6259,  64, 64, 64
L 1380.5442, 1611.1675, 57.6259,  1382.5999, 1616.1161, 57.6259,  64, 64, 64
L 1387.4585, 1530.4644, 57.6259,  1392.4164, 1528.4810, 57.6259,  64, 64, 64
L 1392.4164, 1528.4810, 57.6259,  1394.5302, 1523.5525, 57.6259,  64, 64, 64
L 1394.5302, 1523.5525, 57.6259,  1392.5387, 1518.5735, 57.6259,  64, 64, 64
L 1392.5387, 1518.5735, 57.6259,  1387.6100, 1516.4606, 57.6259,  64, 64, 64
L 1387.6100, 1516.4606, 57.6259,  1382.6310, 1518.4518, 57.6259,  64, 64, 64
L 1382.6310, 1518.4518, 57.6259,  1380.5154, 1523.3859, 57.6259,  64, 64, 64
L 1380.5154, 1523.3859, 57.6259,  1382.5470, 1528.4518, 57.6259,  64, 64, 64
L 1382.5470, 1528.4518, 57.6259,  1387.4585, 1530.4644, 57.6259,  64, 64, 64
L 1388.1454, 1439.8700, 57.6259,  1393.1227, 1437.1747, 57.6259,  64, 64, 64
L 1393.1227, 1437.1747, 57.6259,  1395.2361, 1432.8910, 57.6259,  64, 64, 64
L 1395.2361, 1432.8910, 57.6259,  1393.2444, 1427.1104, 57.6259,  64, 64, 64
L 1393.2444, 1427.1104, 57.6259,  1388.3158, 1424.9972, 57.6259,  64, 64, 64
L 1388.3158, 1424.9972, 57.6259,  1383.3372, 1426.9888, 57.6259,  64, 64, 64
L 1383.3372, 1426.9888, 57.6259,  1381.2240, 1431.9170, 57.6259,  64, 64, 64
L 1381.2240, 1431.9170, 57.6259,  1383.2184, 1436.9043, 57.6259,  64, 64, 64
L 1383.2184, 1436.9043, 57.6259,  1388.1454, 1439.8700, 57.6259,  64, 64, 64
L 1455.3893, 1433.5977, 57.6259,  1457.6227, 1438.4728, 57.6259,  64, 64, 64
L 1457.6227, 1438.4728, 57.6259,  1462.7870, 1440.3926, 57.6259,  64, 64, 64
L 1462.7870, 1440.3926, 57.6259,  1467.5314, 1438.8998, 57.6259,  64, 64, 64
L 1467.5314, 1438.8998, 57.6259,  1469.3932, 1433.8196, 57.6259,  64, 64, 64
L 1467.1597, 1428.2068, 57.6259,  1462.1337, 1426.3383, 57.6259,  64, 64, 64
L 1462.1337, 1426.3383, 57.6259,  1457.2587, 1428.5717, 57.6259,  64, 64, 64
L 1457.2587, 1428.5717, 57.6259,  1455.3893, 1433.5977, 57.6259,  64, 64, 64
L 1469.3932, 1433.8196, 57.6259,  1467.1597, 1428.2068, 57.6259,  64, 64, 64
L 1489.3517, 1427.3058, 57.6259,  1487.2992, 1432.2598, 57.6259,  64, 64, 64
L 1487.2992, 1432.2598, 57.6259,  1489.3517, 1437.2134, 57.6259,  64, 64, 64
L 1489.3517, 1437.2134, 57.6259,  1494.3058, 1439.2660, 57.6259,  64, 64, 64
L 1494.3058, 1439.2660, 57.6259,  1499.2599, 1437.2134, 57.6259,  64, 64, 64
L 1499.2599, 1437.2134, 57.6259,  1501.3124, 1432.2599, 57.6259,  64, 64, 64
L 1501.3124, 1432.2599, 57.6259,  1499.2599, 1427.3058, 57.6259,  64, 64, 64
L 1499.2599, 1427.3058, 57.6259,  1494.3053, 1425.2532, 57.6259,  64, 64, 64
L 1494.3053, 1425.2532, 57.6259,  1489.3517, 1427.3058, 57.6259,  64, 64, 64
L 1561.3318, 1433.4668, 57.6259,  1563.3844, 1438.4209, 57.6259,  64, 64, 64
L 1563.3844, 1438.4209, 57.6259,  1568.3384, 1440.4734, 57.6259,  64, 64, 64
L 1568.3384, 1440.4734, 57.6259,  1573.2925, 1438.4209, 57.6259,  64, 64, 64
L 1573.2925, 1438.4209, 57.6259,  1575.3450, 1433.4668, 57.6259,  64, 64, 64
L 1575.3450, 1433.4668, 57.6259,  1573.2925, 1428.5127, 57.6259,  64, 64, 64
L 1573.2925, 1428.5127, 57.6259,  1568.3384, 1426.4601, 57.6259,  64, 64, 64
L 1568.3384, 1426.4601, 57.6259,  1563.3844, 1428.5127, 57.6259,  64, 64, 64
L 1563.3844, 1428.5127, 57.6259,  1561.3318, 1433.4668, 57.6259,  64, 64, 64
L 1568.3450, 1516.5601, 57.6259,  1563.4164, 1518.6730, 57.6259,  64, 64, 64
L 1563.4164, 1518.6730, 57.6259,  1561.4247, 1523.6521, 57.6259,  64, 64, 64
L 1561.4247, 1523.6521, 57.6259,  1563.5381, 1528.5806, 57.6259,  64, 64, 64
L 1563.5381, 1528.5806, 57.6259,  1568.5171, 1530.5719, 57.6259,  64, 64, 64
L 1568.5171, 1530.5719, 57.6259,  1573.4452, 1528.4590, 57.6259,  64, 64, 64
L 1573.4452, 1528.4590, 57.6259,  1575.4369, 1523.4800, 57.6259,  64, 64, 64
L 1575.4369, 1523.4800, 57.6259,  1573.3240, 1518.5518, 57.6259,  64, 64, 64
L 1573.3240, 1518.5518, 57.6259,  1568.3450, 1516.5601, 57.6259,  64, 64, 64
L 1567.7914, 1604.3561, 57.6259,  1562.8378, 1606.4087, 57.6259,  64, 64, 64
L 1562.8378, 1606.4087, 57.6259,  1560.7852, 1611.3628, 57.6259,  64, 64, 64
L 1560.7852, 1611.3628, 57.6259,  1562.8378, 1616.3168, 57.6259,  64, 64, 64
L 1562.8378, 1616.3168, 57.6259,  1567.7914, 1618.3694, 57.6259,  64, 64, 64
L 1567.7914, 1618.3694, 57.6259,  1572.7455, 1616.3169, 57.6259,  64, 64, 64
L 1572.7455, 1616.3169, 57.6259,  1574.7981, 1611.3628, 57.6259,  64, 64, 64
L 1574.7981, 1611.3628, 57.6259,  1572.7455, 1606.4086, 57.6259,  64, 64, 64
L 1572.7455, 1606.4086, 57.6259,  1567.7914, 1604.3561, 57.6259,  64, 64, 64
L 1501.3959, 1610.3932, 57.6259,  1499.2831, 1605.4651, 57.6259,  64, 64, 64
L 1499.2831, 1605.4651, 57.6259,  1494.3042, 1603.4734, 57.6259,  64, 64, 64
L 1494.3042, 1603.4734, 57.6259,  1489.3759, 1605.5868, 57.6259,  64, 64, 64
L 1489.3759, 1605.5868, 57.6259,  1487.3842, 1610.5657, 57.6259,  64, 64, 64
L 1487.3842, 1610.5657, 57.6259,  1489.4972, 1615.4939, 57.6259,  64, 64, 64
L 1489.4972, 1615.4939, 57.6259,  1494.4762, 1617.4855, 57.6259,  64, 64, 64
L 1494.4762, 1617.4855, 57.6259,  1499.4048, 1615.3722, 57.6259,  64, 64, 64
L 1499.4048, 1615.3722, 57.6259,  1501.3959, 1610.3932, 57.6259,  64, 64, 64
L 1467.8134, 1611.6393, 57.6259,  1465.8217, 1606.6603, 57.6259,  64, 64, 64
L 1465.8217, 1606.6603, 57.6259,  1460.8932, 1604.5474, 57.6259,  64, 64, 64
L 1460.8932, 1604.5474, 57.6259,  1455.9142, 1606.5387, 57.6259,  64, 64, 64
L 1455.9142, 1606.5387, 57.6259,  1453.8013, 1611.4673, 57.6259,  64, 64, 64
L 1453.8013, 1611.4673, 57.6259,  1455.7925, 1616.4463, 57.6259,  64, 64, 64
L 1455.7925, 1616.4463, 57.6259,  1460.7111, 1618.5552, 57.6259,  64, 64, 64
L 1460.7111, 1618.5552, 57.6259,  1465.6991, 1616.5702, 57.6259,  64, 64, 64
L 1465.6991, 1616.5702, 57.6259,  1467.8134, 1611.6393, 57.6259,  64, 64, 64
L 1471.6250, 1627.3748, 52.6741,  1471.6250, 1562.3749, 52.6741,  64, 64, 64
L 1471.6250, 1481.6249, 52.6741,  1471.6250, 1420.6250, 52.6741,  64, 64, 64
L 1471.6250, 1443.3749, 52.6741,  1398.3749, 1443.3749, 52.6661,  0, 0, 255
L 1398.3749, 1443.3749, 52.6661,  1398.3733, 1600.6250, 52.6670,  0, 0, 255
L 1398.3733, 1600.6250, 52.6670,  1471.6249, 1600.6250, 52.6670,  0, 0, 255
L 1484.3738, 1600.6250, 52.4562,  1557.6249, 1600.6250, 52.4551,  0, 0, 255
L 1557.6249, 1600.6250, 52.4551,  1557.6250, 1443.3749, 52.4549,  0, 0, 255
L 1557.6250, 1443.3749, 52.4549,  1484.3749, 1443.3749, 52.4549,  0, 0, 255
L 1484.3733, 1481.6250, 52.4549,  1484.3755, 1420.6250, 52.4549,  64, 64, 64
L 1481.6249, 1481.6250, 52.4549,  1518.3748, 1481.6250, 52.4523,  64, 64, 64
L 1518.3748, 1481.6250, 52.4523,  1518.3749, 1562.3749, 52.4474,  64, 64, 64
L 1518.3749, 1562.3749, 52.4474,  1481.6250, 1562.3748, 52.4420,  64, 64, 64
L 1484.3748, 1562.3749, 52.4420,  1484.3727, 1627.3748, 52.4420,  64, 64, 64
L 1474.3749, 1562.3748, 52.5125,  1437.6248, 1562.3749, 52.5118,  64, 64, 64
L 1437.6248, 1562.3749, 52.5116,  1437.6250, 1481.6250, 52.5165,  64, 64, 64
L 1437.6250, 1481.6250, 52.5165,  1474.3733, 1481.6248, 52.5165,  64, 64, 64
L 1474.3749, 1510.3749, 83.6260,  1466.3749, 1510.3749, 83.6260,  64, 64, 64
L 1466.3749, 1510.3749, 83.6260,  1466.3749, 1533.6250, 83.6260,  64, 64, 64
L 1466.3749, 1533.6250, 83.6260,  1474.3749, 1533.6250, 83.6260,  64, 64, 64
L 1481.6248, 1533.6250, 83.6260,  1489.6249, 1533.6250, 83.6260,  64, 64, 64
L 1489.6249, 1533.6250, 83.6260,  1489.6250, 1510.3749, 83.6260,  64, 64, 64
L 1489.6250, 1510.3749, 83.6260,  1481.6249, 1510.3749, 83.6260,  64, 64, 64
L 1481.6249, 1510.3749, 83.6260,  1481.6249, 1481.6250, 56.6259,  64, 64, 64
L 1474.3733, 1481.6248, 56.6259,  1474.3749, 1510.3749, 83.6260,  64, 64, 64
L 1474.3749, 1533.6250, 83.6260,  1474.3749, 1562.3748, 56.6259,  64, 64, 64
L 1481.6250, 1562.3748, 56.6259,  1481.6248, 1533.6250, 83.6260,  64, 64, 64
L 1337.6250, 1292.6249, 57.6259,  1337.6250, 1249.3749, 57.6259,  0, 127, 0
L 1337.6250, 1249.3749, 57.6259,  1264.3749, 1249.3577, 57.6259,  0, 127, 0
L 1264.3749, 1249.3577, 57.6259,  1264.3716, 1292.6250, 57.6259,  0, 127, 0
L 1264.3716, 1292.6250, 57.6259,  1337.6249, 1292.6250, 57.6259,  0, 127, 0
L 1489.6250, 1292.6249, 57.6259,  1489.6250, 1249.3749, 57.6259,  0, 127, 0
L 1489.6250, 1249.3749, 57.6259,  1462.3749, 1249.3749, 57.6259,  0, 127, 0
L 1462.3749, 1249.3749, 57.6259,  1462.3738, 1292.6250, 57.6259,  0, 127, 0
L 1462.3738, 1292.6250, 57.6259,  1489.6249, 1292.6250, 57.6259,  0, 127, 0
L 1614.3748, 1294.8577, 57.6259,  1652.1664, 1337.6250, 57.6259,  0, 127, 0
L 1652.1664, 1337.6250, 57.6259,  1695.6250, 1337.6249, 57.6259,  0, 127, 0
L 1695.6250, 1337.6249, 57.6259,  1695.6250, 1249.3749, 57.6259,  0, 127, 0
L 1695.6250, 1249.3749, 57.6259,  1614.3749, 1249.3749, 57.6259,  0, 127, 0
L 1614.3749, 1249.3749, 57.6259,  1614.3749, 1294.8578, 57.6259,  0, 127, 0
L 1654.3722, 1487.6250, 57.6259,  1695.6250, 1487.6249, 57.6259,  0, 127, 0
L 1695.6250, 1487.6249, 57.6259,  1695.6250, 1462.3749, 57.6259,  0, 127, 0
L 1695.6250, 1462.3749, 57.6259,  1654.3749, 1462.3749, 57.6259,  0, 127, 0
L 1654.3749, 1462.3749, 57.6259,  1654.3726, 1487.6250, 57.6259,  0, 127, 0
L 1654.3738, 1589.6250, 57.6259,  1695.6250, 1589.6249, 57.6259,  0, 127, 0
L 1695.6250, 1589.6249, 57.6259,  1695.6250, 1566.3749, 57.6259,  0, 127, 0
L 1695.6250, 1566.3749, 57.6259,  1654.3749, 1566.3749, 57.6259,  0, 127, 0
L 1654.3749, 1566.3749, 57.6259,  1654.3722, 1589.6250, 57.6259,  0, 127, 0
L 1614.3749, 1750.1613, 57.6259,  1614.3722, 1795.6250, 57.6259,  0, 127, 0
L 1614.3722, 1795.6250, 57.6259,  1695.6249, 1795.6250, 57.6259,  0, 127, 0
L 1695.6249, 1795.6250, 57.6259,  1695.6250, 1714.3749, 57.6259,  0, 127, 0
L 1695.6250, 1714.3749, 57.6259,  1652.1493, 1714.3749, 57.6259,  0, 127, 0
L 1652.1493, 1714.3749, 57.6259,  1614.3749, 1750.1613, 57.6259,  0, 127, 0
L 1462.3749, 1752.3749, 57.6259,  1462.3749, 1795.6250, 57.6259,  0, 127, 0
L 1462.3749, 1795.6250, 57.6259,  1489.6249, 1795.6250, 57.6259,  0, 127, 0
L 1489.6249, 1795.6250, 57.6259,  1489.6250, 1752.3749, 57.6259,  0, 127, 0
L 1489.6250, 1752.3749, 57.6259,  1462.3749, 1752.3749, 57.6259,  0, 127, 0
L 1337.6250, 1752.3727, 57.6259,  1264.3749, 1752.3749, 57.6259,  0, 127, 0
L 1264.3749, 1752.3749, 57.6259,  1264.3727, 1795.6250, 57.6259,  0, 127, 0
L 1264.3727, 1795.6250, 57.6259,  1337.6249, 1795.6250, 57.6259,  0, 127, 0
L 1337.6249, 1795.6250, 57.6259,  1337.6250, 1752.3749, 57.6259,  0, 127, 0
L 1307.6250, 1624.6249, 57.6259,  1307.6250, 1584.3749, 57.6259,  0, 127, 0
L 1307.6250, 1584.3749, 57.6259,  1264.3749, 1584.3749, 57.6259,  0, 127, 0
L 1264.3749, 1584.3749, 57.6259,  1264.3722, 1624.6250, 57.6259,  0, 127, 0
L 1264.3722, 1624.6250, 57.6259,  1307.6249, 1624.6250, 57.6259,  0, 127, 0
L 1307.6249, 1459.6250, 57.6259,  1307.6250, 1423.3749, 57.6259,  0, 127, 0
L 1307.6250, 1423.3749, 57.6259,  1264.3749, 1423.3749, 57.6259,  0, 127, 0
L 1264.3749, 1423.3749, 57.6259,  1264.3727, 1459.6250, 57.6259,  0, 127, 0
L 1264.3727, 1459.6250, 57.6259,  1307.6249, 1459.6250, 57.6259,  0, 127, 0
L 1166.6250, 1890.6249, 58.6259,  1166.6250, 1857.3749, 58.6259,  0, 127, 0
L 1166.6250, 1857.3749, 58.6259,  1051.3749, 1857.3749, 58.6259,  0, 127, 0
L 1051.3749, 1857.3749, 58.6259,  1051.3727, 1997.6250, 58.6259,  0, 127, 0
L 1051.3727, 1997.6250, 58.6259,  1084.6249, 1997.6250, 58.6259,  0, 127, 0
L 1084.6249, 1997.6250, 58.6259,  1084.6249, 1890.6250, 58.6259,  0, 127, 0
L 1084.6249, 1890.6250, 58.6259,  1166.6249, 1890.6250, 58.6259,  0, 127, 0
L 1084.6250, 2094.3748, 58.6259,  1051.3749, 2094.3748, 58.6259,  0, 127, 0
L 1051.3749, 2094.3748, 58.6259,  1051.3744, 2296.6250, 58.6259,  0, 127, 0
L 1051.3744, 2296.6250, 58.6259,  1175.6250, 2296.6250, 58.6259,  0, 127, 0
L 1175.6250, 2296.6250, 58.6259,  1175.6250, 2254.3748, 58.6259,  0, 127, 0
L 1175.6250, 2254.3748, 58.6259,  1084.6250, 2254.3743, 58.6259,  0, 127, 0
L 1084.6250, 2254.3743, 58.6259,  1084.6250, 2094.3748, 58.6259,  0, 127, 0
L 1254.3749, 2250.3748, 57.6259,  1254.3715, 2296.6250, 57.6259,  0, 127, 0
L 1254.3715, 2296.6250, 57.6259,  1290.6250, 2296.6248, 57.6259,  0, 127, 0
L 1290.6250, 2296.6248, 57.6259,  1290.6250, 2250.3748, 57.6259,  0, 127, 0
L 1290.6250, 2250.3748, 57.6259,  1254.3749, 2250.3748, 57.6259,  0, 127, 0
L 1415.3749, 2202.3748, 57.6259,  1442.6250, 2202.3716, 57.6259,  0, 127, 0
L 1442.6250, 2202.3716, 57.6259,  1442.6250, 2243.6248, 57.6259,  0, 127, 0
L 1442.6250, 2243.6248, 57.6259,  1415.3749, 2243.6250, 57.6259,  0, 127, 0
L 1415.3749, 2243.6250, 57.6259,  1415.3749, 2202.3748, 57.6259,  0, 127, 0
L 1567.3749, 2202.3748, 57.6259,  1567.3722, 2243.6250, 57.6259,  0, 127, 0
L 1567.3722, 2243.6250, 57.6259,  1624.8445, 2243.6248, 57.6259,  0, 127, 0
L 1624.8445, 2243.6248, 57.6259,  1695.6249, 2172.8445, 57.6259,  0, 127, 0
L 1695.6249, 2172.8445, 57.6259,  1695.6304, 2084.3748, 57.6259,  0, 127, 0
L 1695.6304, 2084.3748, 57.6259,  1652.3749, 2084.3689, 57.6259,  0, 127, 0
L 1652.3749, 2084.3689, 57.6259,  1652.3748, 2173.1431, 57.6259,  0, 127, 0
L 1652.3748, 2173.1431, 57.6259,  1626.1670, 2202.3750, 57.6259,  0, 127, 0
L 1626.1670, 2202.3750, 57.6259,  1567.3749, 2202.3748, 57.6259,  0, 127, 0
L 1652.3744, 2005.6250, 57.6259,  1695.6250, 2005.6249, 57.6259,  0, 127, 0
L 1695.6250, 2005.6249, 57.6259,  1695.6349, 1857.3749, 57.6259,  0, 127, 0
L 1695.6349, 1857.3749, 57.6259,  1567.3749, 1857.3749, 57.6259,  0, 127, 0
L 1567.3749, 1857.3749, 57.6259,  1567.3727, 1898.6250, 57.6259,  0, 127, 0
L 1567.3727, 1898.6250, 57.6259,  1652.3621, 1898.6375, 57.6259,  0, 127, 0
L 1652.3621, 1898.6375, 57.6259,  1652.3639, 2005.6250, 57.6259,  0, 127, 0
L 1442.6250, 1898.6249, 57.6259,  1442.6250, 1857.3749, 57.6259,  0, 127, 0
L 1442.6250, 1857.3744, 57.6259,  1415.3749, 1857.3749, 57.6259,  0, 127, 0
L 1415.3749, 1857.3749, 57.6259,  1415.3732, 1898.6250, 57.6259,  0, 127, 0
L 1415.3732, 1898.6250, 57.6259,  1442.6249, 1898.6250, 57.6259,  0, 127, 0
L 1289.6249, 1890.6250, 58.6259,  1289.6250, 1857.3749, 58.6259,  0, 127, 0
L 1289.6250, 1857.3749, 58.6259,  1263.3749, 1857.3749, 58.6259,  0, 127, 0
L 1263.3749, 1857.3749, 58.6259,  1263.3749, 1890.6250, 58.6259,  0, 127, 0
L 1263.3749, 1890.6250, 58.6259,  1289.6249, 1890.6250, 58.6259,  0, 127, 0
L 1292.6250, 1894.3738, 60.6259,  1292.6250, 1855.3749, 60.6259,  64, 64, 64
L 1292.6250, 1855.3749, 60.6259,  1260.3748, 1855.3749, 60.6259,  64, 64, 64
L 1260.3748, 1855.3749, 60.6259,  1260.3749, 1894.3749, 60.6259,  64, 64, 64
L 1348.6250, 1932.6250, 56.6259,  1348.6250, 1941.3749, 56.6259,  64, 64, 64
L 1348.6250, 1941.3749, 56.6259,  1357.3749, 1941.3749, 56.6259,  64, 64, 64
L 1357.3749, 1941.3749, 56.6259,  1357.3749, 1932.6248, 56.6259,  64, 64, 64
L 1357.3749, 1932.6248, 56.6259,  1348.6250, 1932.6250, 56.6259,  64, 64, 64
L 1413.3749, 1901.3748, 58.6259,  1413.3749, 1855.3750, 58.6259,  64, 64, 64
L 1413.3749, 1855.3750, 58.6259,  1444.6250, 1855.3732, 58.6259,  64, 64, 64
L 1444.6250, 1855.3732, 58.6259,  1444.6248, 1901.3748, 58.6259,  64, 64, 64
L 1500.6250, 1932.6249, 56.6259,  1500.6248, 1941.3749, 56.6259,  64, 64, 64
L 1500.6248, 1941.3749, 56.6259,  1509.3749, 1941.3748, 56.6259,  64, 64, 64
L 1509.3749, 1941.3748, 56.6259,  1509.3748, 1932.6249, 56.6259,  64, 64, 64
L 1509.3748, 1932.6249, 56.6259,  1500.6250, 1932.6249, 56.6259,  64, 64, 64
L 1509.3748, 2168.3748, 56.6259,  1509.3749, 2159.6243, 56.6259,  64, 64, 64
L 1509.3749, 2159.6243, 56.6259,  1500.6249, 2159.6250, 56.6259,  64, 64, 64
L 1500.6249, 2159.6250, 56.6259,  1500.6249, 2168.3743, 56.6259,  64, 64, 64
L 1500.6249, 2168.3743, 56.6259,  1509.3748, 2168.3748, 56.6259,  64, 64, 64
L 1359.3749, 2159.6243, 56.6259,  1350.6250, 2159.6250, 56.6259,  64, 64, 64
L 1350.6250, 2159.6250, 56.6259,  1350.6248, 2168.3748, 56.6259,  64, 64, 64
L 1350.6248, 2168.3748, 56.6259,  1359.3748, 2168.3748, 56.6259,  64, 64, 64
L 1359.3748, 2168.3748, 56.6259,  1359.3749, 2159.6243, 56.6259,  64, 64, 64
L 1360.8444, 2117.3748, 56.6259,  1497.1552, 2117.3748, 56.6259,  127, 127, 127
L 1497.1552, 2117.3748, 56.6259,  1532.3748, 2082.1553, 56.6259,  127, 127, 127
L 1532.3748, 2082.1553, 56.6259,  1532.3749, 2009.8440, 56.6259,  127, 127, 127
L 1532.3749, 2009.8440, 56.6259,  1497.1548, 1974.6248, 56.6259,  127, 127, 127
L 1497.1548, 1974.6248, 56.6259,  1360.8445, 1974.6248, 56.6259,  127, 127, 127
L 1360.8445, 1974.6248, 56.6259,  1325.6249, 2009.8444, 56.6259,  127, 127, 127
L 1325.6249, 2009.8444, 56.6259,  1325.6250, 2082.1548, 56.6259,  127, 127, 127
L 1325.6250, 2082.1548, 56.6259,  1360.8444, 2117.3748, 56.6259,  127, 127, 127
L 1360.8512, 2116.3748, 57.6259,  1497.1670, 2116.3628, 57.6259,  127, 127, 127
L 1497.1670, 2116.3628, 57.6259,  1531.3750, 2082.1548, 57.6259,  127, 127, 127
L 1531.3750, 2082.1548, 57.6259,  1531.3748, 2009.8444, 57.6259,  127, 127, 127
L 1531.3748, 2009.8444, 57.6259,  1497.1552, 1975.6248, 57.6259,  127, 127, 127
L 1497.1552, 1975.6248, 57.6259,  1360.8440, 1975.6250, 57.6259,  127, 127, 127
L 1360.8440, 1975.6250, 57.6259,  1326.6248, 2009.8534, 57.6259,  127, 127, 127
L 1326.6248, 2009.8534, 57.6259,  1326.6349, 2082.1653, 57.6259,  127, 127, 127
L 1326.6349, 2082.1653, 57.6259,  1360.8512, 2116.3748, 57.6259,  127, 127, 127
L 1360.8313, 2115.3611, 58.6259,  1497.1554, 2115.3748, 58.6259,  127, 127, 127
L 1497.1554, 2115.3748, 58.6259,  1530.3750, 2082.1548, 58.6259,  127, 127, 127
L 1530.3750, 2082.1548, 58.6259,  1530.3748, 2009.8434, 58.6259,  127, 127, 127
L 1530.3748, 2009.8434, 58.6259,  1497.1382, 1976.6249, 58.6259,  127, 127, 127
L 1497.1382, 1976.6249, 58.6259,  1360.8357, 1976.6332, 58.6259,  127, 127, 127
L 1360.8357, 1976.6332, 58.6259,  1327.6244, 2009.8445, 58.6259,  127, 127, 127
L 1327.6244, 2009.8445, 58.6259,  1327.6250, 2082.1553, 58.6259,  127, 127, 127
L 1327.6250, 2082.1553, 58.6259,  1360.8313, 2115.3611, 58.6259,  127, 127, 127
L 1360.8444, 2114.3748, 59.6259,  1497.1664, 2114.3633, 59.6259,  127, 127, 127
L 1497.1664, 2114.3633, 59.6259,  1529.3749, 2082.1553, 59.6259,  127, 127, 127
L 1529.3749, 2082.1553, 59.6259,  1529.3748, 2009.8444, 59.6259,  127, 127, 127
L 1529.3748, 2009.8444, 59.6259,  1497.1552, 1977.6248, 59.6259,  127, 127, 127
L 1497.1552, 1977.6248, 59.6259,  1360.8444, 1977.6249, 59.6259,  127, 127, 127
L 1360.8444, 1977.6249, 59.6259,  1328.6249, 2009.8445, 59.6259,  127, 127, 127
L 1328.6249, 2009.8445, 59.6259,  1328.6249, 2082.1558, 59.6259,  127, 127, 127
L 1328.6249, 2082.1558, 59.6259,  1360.8444, 2114.3748, 59.6259,  127, 127, 127
L 1360.8444, 2110.3748, 60.6259,  1369.3748, 2110.3748, 60.6259,  127, 127, 127
L 1369.3748, 2110.3748, 60.6259,  1369.3749, 2101.6243, 60.6259,  127, 127, 127
L 1369.3749, 2101.6243, 60.6259,  1361.1552, 2101.6250, 60.6259,  127, 127, 127
L 1361.1552, 2101.6250, 60.6259,  1341.3749, 2081.8445, 60.6259,  127, 127, 127
L 1341.3749, 2081.8445, 60.6259,  1341.3748, 2073.6250, 60.6259,  127, 127, 127
L 1341.3748, 2073.6250, 60.6259,  1332.6250, 2073.6250, 60.6259,  127, 127, 127
L 1332.6250, 2073.6250, 60.6259,  1332.6248, 2082.1548, 60.6259,  127, 127, 127
L 1332.6248, 2082.1548, 60.6259,  1360.8444, 2110.3748, 60.6259,  127, 127, 127
L 1424.6248, 2101.6243, 60.6259,  1424.6250, 2110.3743, 60.6259,  127, 127, 127
L 1424.6250, 2110.3743, 60.6259,  1433.3748, 2110.3748, 60.6259,  127, 127, 127
L 1433.3748, 2110.3748, 60.6259,  1433.3749, 2101.6250, 60.6259,  127, 127, 127
L 1433.3749, 2101.6250, 60.6259,  1424.6248, 2101.6243, 60.6259,  127, 127, 127
L 1488.6250, 2101.6250, 60.6259,  1488.6248, 2110.3743, 60.6259,  127, 127, 127
L 1488.6248, 2110.3743, 60.6259,  1497.1554, 2110.3748, 60.6259,  127, 127, 127
L 1497.1554, 2110.3748, 60.6259,  1525.3748, 2082.1553, 60.6259,  127, 127, 127
L 1525.3748, 2082.1553, 60.6259,  1525.3749, 2073.6250, 60.6259,  127, 127, 127
L 1525.3749, 2073.6250, 60.6259,  1516.6249, 2073.6250, 60.6259,  127, 127, 127
L 1516.6249, 2073.6250, 60.6259,  1516.6249, 2081.8445, 60.6259,  127, 127, 127
L 1516.6249, 2081.8445, 60.6259,  1496.8445, 2101.6250, 60.6259,  127, 127, 127
L 1496.8445, 2101.6250, 60.6259,  1488.6250, 2101.6250, 60.6259,  127, 127, 127
L 1516.6249, 2018.3749, 60.6259,  1525.3748, 2018.3749, 60.6259,  127, 127, 127
L 1525.3748, 2018.3749, 60.6259,  1525.3749, 2009.8445, 60.6259,  127, 127, 127
L 1525.3749, 2009.8445, 60.6259,  1497.1548, 1981.6248, 60.6259,  127, 127, 127
L 1497.1548, 1981.6248, 60.6259,  1488.6248, 1981.6250, 60.6259,  127, 127, 127
L 1488.6248, 1981.6250, 60.6259,  1488.6250, 1990.3748, 60.6259,  127, 127, 127
L 1488.6250, 1990.3748, 60.6259,  1496.8445, 1990.3749, 60.6259,  127, 127, 127
L 1496.8445, 1990.3749, 60.6259,  1516.6249, 2010.1552, 60.6259,  127, 127, 127
L 1516.6249, 2010.1552, 60.6259,  1516.6249, 2018.3749, 60.6259,  127, 127, 127
L 1433.3749, 1981.6250, 60.6259,  1424.6250, 1981.6250, 60.6259,  127, 127, 127
L 1424.6250, 1981.6250, 60.6259,  1424.6250, 1990.3748, 60.6259,  127, 127, 127
L 1424.6250, 1990.3748, 60.6259,  1433.3749, 1990.3749, 60.6259,  127, 127, 127
L 1433.3749, 1990.3749, 60.6259,  1433.3749, 1981.6250, 60.6259,  127, 127, 127
L 1369.3749, 1990.3748, 60.6259,  1369.3749, 1981.6250, 60.6259,  127, 127, 127
L 1369.3749, 1981.6250, 60.6259,  1360.8444, 1981.6250, 60.6259,  127, 127, 127
L 1360.8444, 1981.6250, 60.6259,  1332.6248, 2009.8445, 60.6259,  127, 127, 127
L 1332.6248, 2009.8445, 60.6259,  1332.6250, 2018.3749, 60.6259,  127, 127, 127
L 1332.6250, 2018.3749, 60.6259,  1341.3748, 2018.3749, 60.6259,  127, 127, 127
L 1341.3748, 2018.3749, 60.6259,  1341.3749, 2010.1554, 60.6259,  127, 127, 127
L 1341.3749, 2010.1554, 60.6259,  1361.1552, 1990.3749, 60.6259,  127, 127, 127
L 1361.1552, 1990.3749, 60.6259,  1369.3749, 1990.3748, 60.6259,  127, 127, 127
L 1362.7201, 1988.2793, 63.6259,  1365.0000, 1989.4192, 63.6259,  64, 64, 64
L 1365.0000, 1989.4192, 63.6259,  1367.2792, 1988.2793, 63.6259,  64, 64, 64
L 1367.2792, 1988.2793, 63.6259,  1368.4191, 1985.9999, 63.6259,  64, 64, 64
L 1368.4191, 1985.9999, 63.6259,  1367.2793, 1983.7205, 63.6259,  64, 64, 64
L 1367.2793, 1983.7205, 63.6259,  1364.9998, 1982.5806, 63.6259,  64, 64, 64
L 1364.9998, 1982.5806, 63.6259,  1362.7201, 1983.7205, 63.6259,  64, 64, 64
L 1362.7201, 1983.7205, 63.6259,  1361.5806, 1985.9998, 63.6259,  64, 64, 64
L 1361.5806, 1985.9998, 63.6259,  1362.7201, 1988.2793, 63.6259,  64, 64, 64
L 1339.2793, 2011.7201, 63.6259,  1336.9949, 2010.5779, 63.6259,  64, 64, 64
L 1336.9949, 2010.5779, 63.6259,  1334.7200, 2011.7211, 63.6259,  64, 64, 64
L 1334.7200, 2011.7211, 63.6259,  1333.5806, 2013.9998, 63.6259,  64, 64, 64
L 1333.5806, 2013.9998, 63.6259,  1334.7201, 2016.2791, 63.6259,  64, 64, 64
L 1334.7201, 2016.2791, 63.6259,  1336.9999, 2017.4192, 63.6259,  64, 64, 64
L 1336.9999, 2017.4192, 63.6259,  1339.2793, 2016.2792, 63.6259,  64, 64, 64
L 1339.2793, 2016.2792, 63.6259,  1340.4191, 2014.0000, 63.6259,  64, 64, 64
L 1340.4191, 2014.0000, 63.6259,  1339.2793, 2011.7201, 63.6259,  64, 64, 64
L 1336.9998, 2074.5806, 63.6259,  1334.7201, 2075.7205, 63.6259,  64, 64, 64
L 1334.7201, 2075.7205, 63.6259,  1333.5785, 2078.3899, 63.6259,  64, 64, 64
L 1333.5785, 2078.3899, 63.6259,  1334.7206, 2080.2793, 63.6259,  64, 64, 64
L 1334.7206, 2080.2793, 63.6259,  1336.9834, 2081.4109, 63.6259,  64, 64, 64
L 1336.9834, 2081.4109, 63.6259,  1339.2769, 2080.2842, 63.6259,  64, 64, 64
L 1339.2769, 2080.2842, 63.6259,  1340.4220, 2077.9932, 63.6259,  64, 64, 64
L 1340.4220, 2077.9932, 63.6259,  1339.2771, 2075.7190, 63.6259,  64, 64, 64
L 1339.2771, 2075.7190, 63.6259,  1336.9998, 2074.5806, 63.6259,  64, 64, 64
L 1361.5806, 2105.9998, 63.6259,  1362.7201, 2108.2791, 63.6259,  64, 64, 64
L 1362.7201, 2108.2791, 63.6259,  1364.9977, 2109.4180, 63.6259,  64, 64, 64
L 1364.9977, 2109.4180, 63.6259,  1367.2791, 2108.2798, 63.6259,  64, 64, 64
L 1367.2791, 2108.2798, 63.6259,  1368.4192, 2105.9993, 63.6259,  127, 127, 127
L 1368.4192, 2105.9993, 63.6259,  1367.2791, 2103.7200, 63.6259,  64, 64, 64
L 1367.2791, 2103.7200, 63.6259,  1364.9998, 2102.5806, 63.6259,  64, 64, 64
L 1364.9998, 2102.5806, 63.6259,  1362.7205, 2103.7200, 63.6259,  64, 64, 64
L 1362.7205, 2103.7200, 63.6259,  1361.5806, 2105.9998, 63.6259,  64, 64, 64
L 1425.5806, 2105.9993, 63.6259,  1426.7201, 2108.2791, 63.6259,  64, 64, 64
L 1426.7201, 2108.2791, 63.6259,  1429.0000, 2109.4192, 63.6259,  64, 64, 64
L 1429.0000, 2109.4192, 63.6259,  1431.2793, 2108.2793, 63.6259,  64, 64, 64
L 1431.2793, 2108.2793, 63.6259,  1432.4220, 2105.9939, 63.6259,  64, 64, 64
L 1432.4220, 2105.9939, 63.6259,  1431.2771, 2103.7190, 63.6259,  64, 64, 64
L 1431.2771, 2103.7190, 63.6259,  1428.9998, 2102.5806, 63.6259,  64, 64, 64
L 1428.9998, 2102.5806, 63.6259,  1426.7205, 2103.7200, 63.6259,  64, 64, 64
L 1426.7205, 2103.7200, 63.6259,  1425.5806, 2105.9993, 63.6259,  64, 64, 64
L 1489.5806, 2105.9998, 63.6259,  1490.7201, 2108.2791, 63.6259,  64, 64, 64
L 1490.7201, 2108.2791, 63.6259,  1492.9994, 2109.4192, 63.6259,  64, 64, 64
L 1492.9994, 2109.4192, 63.6259,  1495.2793, 2108.2793, 63.6259,  64, 64, 64
L 1495.2793, 2108.2793, 63.6259,  1496.4214, 2105.9949, 63.6259,  64, 64, 64
L 1496.4214, 2105.9949, 63.6259,  1495.2780, 2103.7195, 63.6259,  64, 64, 64
L 1495.2780, 2103.7195, 63.6259,  1492.9994, 2102.5801, 63.6259,  64, 64, 64
L 1492.9994, 2102.5801, 63.6259,  1490.7201, 2103.7200, 63.6259,  64, 64, 64
L 1490.7201, 2103.7200, 63.6259,  1489.5806, 2105.9998, 63.6259,  64, 64, 64
L 1518.7201, 2080.2793, 63.6259,  1520.9977, 2081.4180, 63.6259,  64, 64, 64
L 1520.9977, 2081.4180, 63.6259,  1523.2791, 2080.2798, 63.6259,  64, 64, 64
L 1523.2791, 2080.2798, 63.6259,  1524.4192, 2077.9998, 63.6259,  64, 64, 64
L 1524.4192, 2077.9998, 63.6259,  1523.2791, 2075.7195, 63.6259,  64, 64, 64
L 1523.2791, 2075.7195, 63.6259,  1520.9994, 2074.5801, 63.6259,  64, 64, 64
L 1520.9994, 2074.5801, 63.6259,  1518.7201, 2075.7200, 63.6259,  64, 64, 64
L 1518.7201, 2075.7200, 63.6259,  1517.5806, 2077.9998, 63.6259,  64, 64, 64
L 1517.5806, 2077.9998, 63.6259,  1518.7201, 2080.2793, 63.6259,  64, 64, 64
L 1518.7201, 2016.2793, 63.6259,  1520.9999, 2017.4192, 63.6259,  64, 64, 64
L 1520.9999, 2017.4192, 63.6259,  1523.2726, 2016.2826, 63.6259,  64, 64, 64
L 1523.2726, 2016.2826, 63.6259,  1524.4164, 2013.9950, 63.6259,  64, 64, 64
L 1524.4164, 2013.9950, 63.6259,  1523.2792, 2011.7201, 63.6259,  64, 64, 64
L 1523.2792, 2011.7201, 63.6259,  1521.2000, 2010.5906, 63.6259,  64, 64, 64
L 1521.2000, 2010.5906, 63.6259,  1518.7206, 2011.7190, 63.6259,  64, 64, 64
L 1518.7206, 2011.7190, 63.6259,  1517.5806, 2013.9998, 63.6259,  64, 64, 64
L 1517.5806, 2013.9998, 63.6259,  1518.7201, 2016.2793, 63.6259,  64, 64, 64
L 1495.2732, 1988.2826, 63.6259,  1496.4192, 1986.0000, 63.6259,  64, 64, 64
L 1496.4192, 1986.0000, 63.6259,  1495.2791, 1983.7201, 63.6259,  64, 64, 64
L 1495.2791, 1983.7201, 63.6259,  1493.4500, 1982.5829, 63.6259,  64, 64, 64
L 1493.4500, 1982.5829, 63.6259,  1490.7195, 1983.7217, 63.6259,  64, 64, 64
L 1490.7195, 1983.7217, 63.6259,  1489.5806, 1986.0000, 63.6259,  64, 64, 64
L 1489.5806, 1986.0000, 63.6259,  1490.7201, 1988.2793, 63.6259,  64, 64, 64
L 1490.7201, 1988.2793, 63.6259,  1493.0000, 1989.4192, 63.6259,  64, 64, 64
L 1493.0000, 1989.4192, 63.6259,  1495.2732, 1988.2826, 63.6259,  64, 64, 64
L 1431.2791, 1988.2798, 63.6261,  1432.4192, 1986.0000, 63.6261,  64, 64, 64
L 1432.4192, 1986.0000, 63.6261,  1431.2793, 1983.7201, 63.6261,  64, 64, 64
L 1431.2793, 1983.7201, 63.6261,  1428.9998, 1982.5806, 63.6261,  64, 64, 64
L 1428.9998, 1982.5806, 63.6261,  1426.7194, 1983.7206, 63.6261,  64, 64, 64
L 1426.7194, 1983.7206, 63.6261,  1425.5818, 1986.2699, 63.6261,  64, 64, 64
L 1425.5818, 1986.2699, 63.6261,  1426.7201, 1988.2793, 63.6261,  64, 64, 64
L 1426.7201, 1988.2793, 63.6261,  1428.9988, 1989.4186, 63.6261,  64, 64, 64
L 1428.9988, 1989.4186, 63.6261,  1431.2791, 1988.2798, 63.6261,  64, 64, 64
L 1361.3749, 2010.3749, 56.6640,  1361.3732, 2081.6250, 56.6620,  0, 0, 240
L 1361.3732, 2081.6250, 56.6620,  1496.6250, 2081.6248, 56.6620,  0, 0, 240
L 1496.6250, 2081.6248, 56.6620,  1496.6250, 2010.3749, 56.6620,  0, 0, 240
L 1496.6250, 2010.3749, 56.6620,  1361.3749, 2010.3749, 56.6700,  0, 0, 240
L 1263.3749, 1191.6250, 56.6259,  1699.6250, 1191.6249, 56.6259,  64, 64, 64
L 1699.6250, 1044.3749, 56.6259,  1699.6249, 1191.6250, 56.6259,  64, 64, 64
L 1699.6250, 1044.3749, 56.6259,  1646.6249, 1044.3749, 56.6259,  64, 64, 64
L 1646.6249, 1044.3749, 56.6259,  1646.6249, 965.6250, 56.6259,  64, 64, 64
L 1646.6249, 965.6250, 56.6259,  1696.6250, 965.6249, 56.6259,  64, 64, 64
L 1696.6250, 965.6249, 56.6259,  1696.6250, 680.3749, 56.6259,  64, 64, 64
L 1696.6250, 680.3749, 56.6259,  1646.6249, 680.3749, 56.6259,  64, 64, 64
L 1646.6249, 680.3749, 56.6259,  1646.6249, 601.6249, 56.6259,  64, 64, 64
L 1646.6249, 601.6249, 56.6259,  1696.6250, 601.6249, 56.6259,  64, 64, 64
L 1696.6250, 601.6249, 56.6259,  1696.6250, 238.3750, 56.6259,  64, 64, 64
L 1696.6250, 238.3750, 56.6259,  1646.6244, 238.3750, 56.6259,  64, 64, 64
L 1646.6244, 238.3750, 56.6259,  1646.6250, 159.6248, 56.6259,  64, 64, 64
L 1646.6250, 159.6248, 56.6259,  1696.6250, 159.6250, 56.6259,  64, 64, 64
L 1696.6250, 159.6250, 56.6259,  1696.6250, -126.6250, 56.6259,  64, 64, 64
L 1696.6250, -126.6250, 56.6259,  1646.6250, -126.6250, 56.6259,  64, 64, 64
L 1646.6250, -126.6250, 56.6259,  1646.6250, -205.3772, 56.6259,  64, 64, 64
L 1646.6250, -205.3772, 56.6259,  1696.6250, -205.3746, 56.6259,  64, 64, 64
L 1696.6250, -205.3746, 56.6259,  1696.6250, -511.6250, 56.6259,  64, 64, 64
L 1696.6250, -511.6250, 56.6259,  1646.6250, -511.6250, 56.6259,  64, 64, 64
L 1646.6250, -511.6250, 56.6259,  1646.6250, -590.3750, 56.6259,  64, 64, 64
L 1646.6250, -590.3750, 56.6259,  1696.6250, -590.3736, 56.6259,  64, 64, 64
L 1696.6250, -590.3736, 56.6259,  1696.6250, -910.8445, 56.6259,  64, 64, 64
L 1696.6250, -910.8445, 56.6259,  1571.8445, -1035.6250, 56.6259,  64, 64, 64
L 1571.8445, -1035.6250, 56.6259,  1254.3749, -1035.6250, 56.6259,  64, 64, 64
L 1254.3749, -1035.6250, 56.6259,  1254.3748, -985.6248, 56.6259,  64, 64, 64
L 1254.3748, -985.6248, 56.6259,  1175.6250, -985.6250, 56.6259,  64, 64, 64
L 1175.6250, -985.6250, 56.6259,  1175.6249, -1035.6250, 56.6259,  64, 64, 64
L 1175.6249, -1035.6250, 56.6259,  857.3749, -1035.6250, 56.6259,  64, 64, 64
L 857.3749, -1035.6250, 56.6259,  857.3749, -985.6248, 56.6259,  64, 64, 64
L 857.3749, -985.6248, 56.6259,  778.6245, -985.6250, 56.6259,  64, 64, 64
L 778.6245, -985.6250, 56.6259,  778.6250, -1035.6250, 56.6259,  64, 64, 64
L 778.6250, -1035.6250, 56.6259,  487.3750, -1035.6250, 56.6259,  64, 64, 64
L 487.3750, -1035.6250, 56.6259,  487.3750, -985.6248, 56.6259,  64, 64, 64
L 487.3750, -985.6248, 56.6259,  408.6250, -985.6250, 56.6259,  64, 64, 64
L 408.6250, -985.6250, 56.6259,  408.6250, -1038.6249, 56.6259,  64, 64, 64
L 408.6250, -1038.6249, 56.6259,  345.3750, -1038.6250, 56.6259,  64, 64, 64
L 345.3750, -1038.6250, 56.6259,  345.3750, -1008.6250, 56.6259,  64, 64, 64
L 345.3750, -1008.6250, 56.6259,  337.3750, -1008.6250, 56.6259,  64, 64, 64
L 337.3750, -1008.6250, 56.6259,  337.3750, -998.6250, 56.6259,  64, 64, 64
L 337.3750, -998.6250, 56.6259,  334.6250, -998.6250, 56.6259,  64, 64, 64
L 334.6250, -998.6250, 56.6259,  334.6250, -1000.6250, 56.6259,  64, 64, 64
L 334.6250, -1000.6250, 56.6259,  325.3750, -1000.6250, 56.6259,  127, 127, 127
L 325.3750, -1000.6250, 56.6259,  325.3688, -998.6250, 56.6259,  64, 64, 64
L 325.3688, -998.6250, 56.6259,  322.6243, -998.6250, 56.6259,  64, 64, 64
L 322.6243, -998.6250, 56.6259,  322.6250, -1008.6250, 56.6259,  64, 64, 64
L 322.6250, -1008.6250, 56.6259,  314.6249, -1008.6250, 56.6259,  64, 64, 64
L 314.6249, -1008.6250, 56.6259,  314.6250, -1038.6250, 56.6259,  64, 64, 64
L 314.6250, -1038.6250, 56.6259,  280.3750, -1038.6250, 56.6259,  64, 64, 64
L 280.3750, -1038.6250, 56.6259,  280.3750, -1025.9535, 56.6259,  64, 64, 64
L 280.3750, -1025.9535, 56.6259,  279.3489, -1021.8495, 56.6259,  64, 64, 64
L 279.3489, -1021.8495, 56.6259,  276.2730, -1016.7264, 56.6259,  64, 64, 64
L 276.2730, -1016.7264, 56.6259,  271.1447, -1013.6494, 56.6259,  64, 64, 64
L 271.1447, -1013.6494, 56.6259,  266.9997, -1012.6133, 56.6259,  64, 64, 64
L 266.9997, -1012.6133, 56.6259,  262.8548, -1013.6495, 56.6259,  64, 64, 64
L 262.8548, -1013.6495, 56.6259,  257.7266, -1016.7267, 56.6259,  64, 64, 64
L 257.7266, -1016.7267, 56.6259,  254.6497, -1021.8546, 56.6259,  64, 64, 64
L 254.6497, -1021.8546, 56.6259,  253.7630, -1025.4009, 56.6259,  64, 64, 64
L 334.6250, -1011.3750, 62.6259,  342.6250, -1011.3745, 62.6259,  64, 64, 64
L 342.6250, -1011.3745, 62.6259,  342.6250, -1036.6249, 62.6259,  64, 64, 64
L 317.3750, -1036.4618, 62.6259,  317.3750, -1011.3749, 62.6259,  64, 64, 64
L 317.3743, -1036.6250, 62.6259,  342.6250, -1036.6250, 62.6259,  64, 64, 64
L 325.3743, -1011.3749, 62.6259,  317.3750, -1011.3749, 62.6259,  64, 64, 64
L 325.3743, -1011.3749, 61.6259,  325.3745, -1000.6250, 56.6259,  64, 64, 64
L 334.6250, -1011.3750, 61.6259,  334.6250, -1000.6250, 56.6259,  64, 64, 64
L 334.6250, -1010.6250, 61.6259,  325.3750, -1010.6250, 61.6259,  127, 127, 127
L 325.3745, -1008.6250, 60.6259,  334.6250, -1008.6250, 60.6259,  127, 127, 127
L 334.6250, -1006.6250, 59.6259,  325.3750, -1006.6250, 59.6259,  127, 127, 127
L 325.3747, -1004.6249, 58.6259,  334.6250, -1004.6249, 58.6259,  127, 127, 127
L 334.6250, -1002.6249, 57.6259,  325.3750, -1002.6354, 57.6259,  127, 127, 127
L 137.6250, -1011.3751, 62.6259,  145.6250, -1011.3737, 62.6259,  64, 64, 64
L 145.6250, -1011.3737, 62.6259,  145.6250, -1036.6250, 62.6259,  64, 64, 64
L 145.6250, -1036.6250, 62.6259,  120.3750, -1036.6250, 62.6259,  64, 64, 64
L 120.3750, -1036.6250, 62.6259,  120.3750, -1011.3749, 62.6259,  64, 64, 64
L 120.3750, -1011.3749, 62.6259,  128.3747, -1011.3750, 62.6259,  64, 64, 64
L 128.3747, -1011.3750, 61.6259,  128.3745, -998.5625, 56.6259,  64, 64, 64
L 137.6250, -1011.3751, 61.6259,  137.6250, -998.6250, 56.6259,  64, 64, 64
L 137.6250, -998.6250, 56.6259,  140.4376, -998.6250, 56.6259,  64, 64, 64
L 137.6250, -1010.6250, 61.6259,  128.3750, -1010.6250, 61.6259,  127, 127, 127
L 128.3746, -1008.6250, 60.6259,  137.6250, -1008.6250, 60.6259,  127, 127, 127
L 137.6250, -1006.6250, 59.6259,  128.3750, -1006.6250, 59.6259,  127, 127, 127
L 128.3748, -1004.6250, 58.6259,  137.6250, -1004.6250, 58.6259,  127, 127, 127
L 137.6250, -1002.6250, 57.6259,  128.3747, -1002.6250, 57.6259,  127, 127, 127
L 231.9947, -706.3807, 56.6259,  185.8610, -698.3556, 56.6259,  127, 127, 127
L 185.8610, -698.3556, 56.6259,  128.7276, -662.2712, 56.6259,  127, 127, 127
L 128.7276, -662.2712, 56.6259,  93.6422, -607.1360, 56.6259,  127, 127, 127
L 93.6422, -607.1360, 56.6259,  85.6192, -560.1299, 56.6259,  127, 127, 127
L 85.6192, -560.1299, 56.6259,  93.6437, -512.8608, 56.6259,  127, 127, 127
L 93.6437, -512.8608, 56.6259,  128.7284, -457.7278, 56.6259,  127, 127, 127
L 128.7284, -457.7278, 56.6259,  185.8656, -421.6413, 56.6259,  127, 127, 127
L 185.8656, -421.6413, 56.6259,  232.2000, -413.6190, 56.6259,  127, 127, 127
L 232.2000, -413.6190, 56.6259,  278.1365, -421.6426, 56.6259,  127, 127, 127
L 278.1365, -421.6426, 56.6259,  335.2737, -457.7294, 56.6259,  127, 127, 127
L 335.2737, -457.7294, 56.6259,  370.3550, -512.8596, 56.6259,  127, 127, 127
L 370.3550, -512.8596, 56.6259,  378.3802, -559.9977, 56.6259,  127, 127, 127
L 378.3802, -559.9977, 56.6259,  370.3550, -607.1423, 56.6259,  127, 127, 127
L 370.3550, -607.1423, 56.6259,  334.2703, -662.2718, 56.6259,  127, 127, 127
L 334.2703, -662.2718, 56.6259,  278.1388, -698.3564, 56.6259,  127, 127, 127
L 278.1388, -698.3564, 56.6259,  231.9947, -706.3807, 56.6259,  127, 127, 127
L 229.1333, -700.1871, 57.6259,  222.8014, -697.9600, 57.6259,  64, 64, 64
L 222.8014, -697.9600, 57.6259,  220.4986, -690.4044, 57.6259,  64, 64, 64
L 220.4986, -690.4044, 57.6259,  223.6024, -684.1001, 57.6259,  64, 64, 64
L 223.6024, -684.1001, 57.6259,  230.2624, -681.8083, 57.6259,  64, 64, 64
L 230.2624, -681.8083, 57.6259,  236.5945, -684.8994, 57.6259,  64, 64, 64
L 236.5945, -684.8994, 57.6259,  238.8873, -691.5623, 57.6259,  64, 64, 64
L 238.8873, -691.5623, 57.6259,  235.7961, -697.8943, 57.6259,  64, 64, 64
L 235.7961, -697.8943, 57.6259,  229.1333, -700.1871, 57.6259,  64, 64, 64
L 145.7204, -660.3640, 57.6259,  139.2786, -663.2200, 57.6259,  64, 64, 64
L 139.2786, -663.2200, 57.6259,  132.7049, -660.6833, 57.6259,  64, 64, 64
L 132.7049, -660.6833, 57.6259,  129.8488, -654.2418, 57.6259,  64, 64, 64
L 129.8488, -654.2418, 57.6259,  132.3854, -647.6681, 57.6259,  64, 64, 64
L 132.3854, -647.6681, 57.6259,  138.8268, -644.8120, 57.6259,  64, 64, 64
L 138.8268, -644.8120, 57.6259,  145.4009, -647.3486, 57.6259,  64, 64, 64
L 145.4009, -647.3486, 57.6259,  148.2567, -653.7900, 57.6259,  64, 64, 64
L 148.2567, -653.7900, 57.6259,  145.7204, -660.3640, 57.6259,  64, 64, 64
L 103.7181, -565.6144, 57.6259,  97.2083, -568.3115, 57.6259,  64, 64, 64
L 97.2083, -568.3115, 57.6259,  90.6988, -565.6144, 57.6259,  64, 64, 64
L 90.6988, -565.6144, 57.6259,  88.1600, -559.1046, 57.6259,  64, 64, 64
L 88.1600, -559.1046, 57.6259,  90.6988, -552.5951, 57.6259,  64, 64, 64
L 90.6988, -552.5951, 57.6259,  97.2083, -549.8979, 57.6259,  64, 64, 64
L 97.2083, -549.8979, 57.6259,  103.7181, -552.5950, 57.6259,  64, 64, 64
L 103.7181, -552.5950, 57.6259,  106.4150, -559.1046, 57.6259,  64, 64, 64
L 106.4150, -559.1046, 57.6259,  103.7181, -565.6144, 57.6259,  64, 64, 64
L 130.4364, -474.7158, 57.6259,  127.4141, -468.3270, 57.6259,  64, 64, 64
L 127.4141, -468.3270, 57.6259,  129.7932, -461.7010, 57.6259,  64, 64, 64
L 129.7932, -461.7010, 57.6259,  136.4271, -458.5627, 57.6259,  64, 64, 64
L 136.4271, -458.5627, 57.6259,  142.7838, -461.7850, 57.6259,  64, 64, 64
L 142.7838, -461.7850, 57.6259,  145.8474, -467.5059, 57.6259,  64, 64, 64
L 145.8474, -467.5059, 57.6259,  143.4309, -474.6830, 57.6259,  64, 64, 64
L 143.4309, -474.6830, 57.6259,  137.1002, -477.6290, 57.6259,  64, 64, 64
L 137.1002, -477.6290, 57.6259,  130.4364, -474.7158, 57.6259,  64, 64, 64
L 222.6569, -425.7656, 57.6259,  225.3539, -419.2561, 57.6259,  64, 64, 64
L 225.3539, -419.2561, 57.6259,  231.8853, -416.5500, 57.6259,  64, 64, 64
L 231.8853, -416.5500, 57.6259,  238.3744, -419.2588, 57.6259,  64, 64, 64
L 238.3744, -419.2588, 57.6259,  241.7030, -425.7658, 57.6259,  64, 64, 64
L 241.7030, -425.7658, 57.6259,  238.3592, -432.3090, 57.6259,  64, 64, 64
L 238.3592, -432.3090, 57.6259,  231.8601, -434.9710, 57.6259,  64, 64, 64
L 231.8601, -434.9710, 57.6259,  225.3533, -432.2751, 57.6259,  64, 64, 64
L 225.3533, -432.2751, 57.6259,  222.6569, -425.7656, 57.6259,  64, 64, 64
L 320.4451, -462.9836, 57.6259,  326.9762, -460.2778, 57.6259,  64, 64, 64
L 326.9762, -460.2778, 57.6259,  333.5115, -463.5900, 57.6259,  64, 64, 64
L 333.5115, -463.5900, 57.6259,  336.1587, -469.4999, 57.6259,  64, 64, 64
L 336.1587, -469.4999, 57.6259,  333.4644, -476.3100, 57.6259,  64, 64, 64
L 333.4644, -476.3100, 57.6259,  326.9549, -478.7001, 57.6259,  64, 64, 64
L 326.9549, -478.7001, 57.6259,  320.4447, -476.3100, 57.6259,  64, 64, 64
L 320.4447, -476.3100, 57.6259,  317.7481, -469.4932, 57.6259,  64, 64, 64
L 317.7481, -469.4932, 57.6259,  320.4451, -462.9836, 57.6259,  64, 64, 64
L 365.3774, -550.8650, 57.6259,  371.8872, -553.5620, 57.6259,  64, 64, 64
L 371.8872, -553.5620, 57.6259,  374.5842, -560.7180, 57.6259,  64, 64, 64
L 374.5842, -560.7180, 57.6259,  371.8872, -566.5815, 57.6259,  64, 64, 64
L 371.8872, -566.5815, 57.6259,  365.3774, -569.2784, 57.6259,  64, 64, 64
L 365.3774, -569.2784, 57.6259,  358.8679, -566.5815, 57.6259,  64, 64, 64
L 358.8679, -566.5815, 57.6259,  356.1707, -560.7180, 57.6259,  64, 64, 64
L 356.1707, -560.7180, 57.6259,  358.8679, -553.5621, 57.6259,  64, 64, 64
L 358.8679, -553.5621, 57.6259,  365.3774, -550.8650, 57.6259,  64, 64, 64
L 331.1782, -648.4347, 57.6259,  333.3890, -655.1251, 57.6259,  64, 64, 64
L 333.3890, -655.1251, 57.6259,  330.2205, -661.4189, 57.6259,  64, 64, 64
L 330.2205, -661.4189, 57.6259,  323.5301, -663.6296, 57.6259,  64, 64, 64
L 323.5301, -663.6296, 57.6259,  317.2364, -660.4610, 57.6259,  64, 64, 64
L 317.2364, -660.4610, 57.6259,  315.2550, -653.7704, 57.6259,  64, 64, 64
L 315.2550, -653.7704, 57.6259,  318.1942, -647.4770, 57.6259,  64, 64, 64
L 318.1942, -647.4770, 57.6259,  324.8845, -645.2662, 57.6259,  64, 64, 64
L 324.8845, -645.2662, 57.6259,  331.1782, -648.4347, 57.6259,  64, 64, 64
L 277.8466, -669.6458, 56.6259,  314.7280, -642.7341, 56.6259,  127, 127, 127
L 314.7280, -642.7341, 56.6259,  341.6458, -606.8459, 56.6259,  127, 127, 127
L 341.6458, -606.8459, 56.6259,  349.6197, -559.9999, 56.6259,  127, 127, 127
L 349.6197, -559.9999, 56.6259,  341.6455, -513.1520, 56.6259,  127, 127, 127
L 341.6455, -513.1520, 56.6259,  315.7323, -477.2697, 56.6259,  127, 127, 127
L 315.7323, -477.2697, 56.6259,  277.8521, -450.3548, 56.6259,  127, 127, 127
L 277.8521, -450.3548, 56.6259,  231.9995, -442.3806, 56.6259,  127, 127, 127
L 231.9995, -442.3806, 56.6259,  186.1479, -450.3548, 56.6259,  127, 127, 127
L 186.1479, -450.3548, 56.6259,  148.2676, -477.2697, 56.6259,  127, 127, 127
L 148.2676, -477.2697, 56.6259,  122.3550, -513.1486, 56.6259,  127, 127, 127
L 122.3550, -513.1486, 56.6259,  114.3803, -559.9999, 56.6259,  127, 127, 127
L 114.3803, -559.9999, 56.6259,  122.3829, -606.8893, 56.6259,  127, 127, 127
L 122.3829, -606.8893, 56.6259,  148.2676, -642.7300, 56.6259,  127, 127, 127
L 148.2676, -642.7300, 56.6259,  186.1568, -669.6465, 56.6259,  127, 127, 127
L 186.1568, -669.6465, 56.6259,  231.9995, -677.6194, 56.6259,  127, 127, 127
L 231.9995, -677.6194, 56.6259,  277.8494, -669.6454, 56.6259,  127, 127, 127
L 238.8319, -566.8561, 56.6259,  224.9937, -566.8563, 56.6259,  64, 64, 64
L 224.9937, -566.8563, 56.6259,  224.9937, -553.5000, 56.6259,  64, 64, 64
L 224.9937, -553.5000, 56.6259,  238.9671, -553.7000, 56.6259,  64, 64, 64
L 238.9671, -553.7000, 56.6259,  238.8319, -566.8561, 56.6259,  64, 64, 64
L 240.9130, -568.9830, 58.5426,  223.7477, -568.9830, 58.5315,  64, 64, 64
L 223.7477, -568.9830, 58.5315,  223.7477, -551.7546, 58.5078,  64, 64, 64
L 223.7477, -551.7546, 58.5078,  240.9140, -551.7546, 58.5033,  64, 64, 64
L 240.9140, -551.7546, 58.5031,  240.9130, -568.9830, 58.5031,  64, 64, 64
L 234.8131, -564.5742, 60.1614,  234.3260, -560.1910, 59.5401,  64, 64, 64
L 234.3260, -560.1910, 59.5401,  234.8620, -558.2378, 59.5403,  64, 64, 64
L 234.8620, -558.2378, 59.5403,  235.5312, -556.8605, 59.5364,  64, 64, 64
L 235.5312, -556.8605, 59.5364,  237.5260, -557.6882, 59.5525,  64, 64, 64
L 237.5260, -557.6882, 59.5525,  237.3680, -559.6381, 59.5640,  64, 64, 64
L 237.3680, -559.6381, 59.5640,  238.1291, -561.4088, 59.5531,  64, 64, 64
L 238.1291, -561.4088, 59.5531,  238.4259, -563.3840, 59.5364,  64, 64, 64
L 238.4259, -563.3840, 59.5364,  237.1107, -564.7762, 59.5364,  64, 64, 64
L 237.1107, -564.7762, 59.5364,  235.3070, -565.4655, 59.5364,  64, 64, 64
L 235.3070, -565.4655, 59.5364,  234.8131, -564.5742, 60.1614,  64, 64, 64
L 229.5219, -560.4865, 60.1619,  229.3736, -562.4687, 59.5401,  64, 64, 64
L 229.3736, -562.4687, 59.5401,  228.9155, -565.3527, 59.5388,  64, 64, 64
L 228.9155, -565.3527, 59.5388,  227.4320, -564.9261, 59.5364,  64, 64, 64
L 227.4320, -564.9261, 59.5364,  225.4325, -563.7618, 59.5364,  64, 64, 64
L 225.4325, -563.7618, 59.5364,  225.5791, -561.8998, 59.5514,  64, 64, 64
L 225.5791, -561.8998, 59.5514,  226.3106, -560.8320, 59.5570,  64, 64, 64
L 226.3106, -560.8320, 59.5570,  226.5901, -558.2739, 59.5763,  64, 64, 64
L 226.5901, -558.2739, 59.5763,  227.7389, -556.8252, 59.6165,  64, 64, 64
L 227.7389, -556.8252, 59.6165,  229.4938, -557.5598, 59.5364,  64, 64, 64
L 229.4938, -557.5598, 59.5364,  229.5952, -559.5561, 59.5399,  64, 64, 64
L 229.5952, -559.5561, 59.5399,  229.4937, -560.8555, 60.1614,  64, 64, 64
L 231.7973, -565.1893, 60.1614,  231.4841, -565.1857, 60.1614,  64, 64, 64
L 231.4841, -565.1857, 60.1614,  230.9172, -565.9510, 60.1614,  64, 64, 64
L 230.9172, -565.9510, 60.1614,  230.4936, -564.8157, 60.1614,  64, 64, 64
L 230.4936, -564.8157, 60.1614,  230.4715, -564.6992, 60.1614,  64, 64, 64
L 230.4715, -564.6992, 60.1614,  230.7486, -564.5048, 60.1614,  64, 64, 64
L 230.7486, -564.5048, 60.1614,  231.4704, -564.3360, 60.1614,  64, 64, 64
L 231.4704, -564.3360, 60.1614,  232.2350, -564.4542, 60.1614,  64, 64, 64
L 232.2350, -564.4542, 60.1614,  232.2620, -564.6044, 60.1614,  64, 64, 64
L 232.2620, -564.6044, 60.1614,  232.3952, -564.8174, 60.1614,  64, 64, 64
L 232.3952, -564.8174, 60.1614,  231.7785, -565.1910, 60.1614,  64, 64, 64
L 209.6486, -571.1639, 52.8970,  207.6187, -559.9999, 52.8930,  64, 64, 64
L 207.6187, -559.9999, 52.8930,  209.6449, -548.8564, 52.8930,  64, 64, 64
L 209.6449, -548.8564, 52.8930,  213.7326, -542.7247, 52.8930,  64, 64, 64
L 213.7326, -542.7247, 52.8930,  221.8540, -537.6487, 52.8930,  64, 64, 64
L 221.8540, -537.6487, 52.8930,  232.1600, -535.6178, 52.8930,  64, 64, 64
L 232.1600, -535.6178, 52.8930,  242.1410, -537.6457, 52.8930,  64, 64, 64
L 242.1410, -537.6457, 52.8930,  250.2710, -542.7306, 52.8930,  64, 64, 64
L 250.2710, -542.7306, 52.8930,  254.3550, -548.8564, 52.8930,  64, 64, 64
L 254.3550, -548.8564, 52.8930,  256.3811, -560.0000, 52.8930,  64, 64, 64
L 256.3811, -560.0000, 52.8930,  254.3565, -571.1349, 52.8930,  64, 64, 64
L 254.3565, -571.1349, 52.8930,  250.2673, -577.2750, 52.8930,  64, 64, 64
L 250.2673, -577.2750, 52.8930,  242.1407, -582.3541, 52.8930,  64, 64, 64
L 242.1407, -582.3541, 52.8930,  232.1200, -584.3821, 52.8930,  64, 64, 64
L 232.1200, -584.3821, 52.8930,  221.8455, -582.3505, 52.8930,  64, 64, 64
L 221.8455, -582.3505, 52.8930,  214.7427, -577.2771, 52.8930,  64, 64, 64
L 214.7427, -577.2771, 52.8930,  209.6486, -571.1639, 52.8930,  64, 64, 64
L 136.3549, -606.8509, 52.8930,  128.3804, -560.0000, 52.8850,  0, 0, 255
L 128.3804, -560.0000, 52.8850,  136.3548, -513.1495, 52.8850,  0, 0, 255
L 136.3548, -513.1495, 52.8850,  156.2676, -485.2703, 52.8850,  0, 0, 255
L 156.2676, -485.2703, 52.8850,  186.1484, -464.3548, 52.8850,  0, 0, 255
L 186.1484, -464.3548, 52.8850,  231.9995, -456.3806, 52.8850,  0, 0, 255
L 231.9995, -456.3806, 52.8850,  277.8512, -464.3546, 52.8850,  0, 0, 255
L 277.8512, -464.3546, 52.8850,  307.7321, -485.2703, 52.8850,  0, 0, 255
L 307.7321, -485.2703, 52.8850,  327.6449, -513.1489, 52.8850,  0, 0, 255
L 327.6449, -513.1489, 52.8850,  335.6195, -559.9999, 52.8850,  0, 0, 255
L 335.6195, -559.9999, 52.8850,  327.6449, -606.8510, 52.8850,  0, 0, 255
L 327.6449, -606.8510, 52.8850,  307.7323, -634.7296, 52.8850,  0, 0, 255
L 307.7323, -634.7296, 52.8850,  277.8521, -655.6450, 52.8850,  0, 0, 255
L 277.8521, -655.6450, 52.8850,  231.9995, -663.6194, 52.8850,  0, 0, 255
L 231.9995, -663.6194, 52.8850,  186.1521, -655.6458, 52.8950,  0, 0, 255
L 186.1521, -655.6458, 52.8950,  156.2676, -634.7296, 52.8950,  0, 0, 255
L 156.2676, -634.7296, 52.8950,  136.3543, -606.8472, 52.8950,  0, 0, 255
L 5.3750, -745.6249, 56.6259,  5.3750, -864.3750, 56.6259,  64, 64, 64
L -345.3749, -864.3257, 56.6259,  -345.3749, -745.6245, 56.6259,  64, 64, 64
L -345.3749, -745.6245, 56.6259,  -289.3750, -745.6359, 56.6259,  64, 64, 64
L -289.3750, -745.6359, 56.6259,  -289.3749, -743.6250, 56.6259,  64, 64, 64
L -289.3749, -743.6250, 56.6259,  -286.6250, -743.6250, 56.6259,  64, 64, 64
L -286.6250, -743.6250, 56.6259,  -286.6249, -762.3749, 56.6259,  64, 64, 64
L -286.6249, -762.3749, 56.6259,  -289.3750, -762.3749, 56.6259,  64, 64, 64
L -289.3750, -762.3749, 56.6259,  -289.3750, -757.3749, 56.6259,  64, 64, 64
L -289.3750, -757.3749, 56.6259,  -333.6250, -757.3735, 56.6259,  64, 64, 64
L -333.6250, -757.3735, 56.6259,  -333.6250, -852.6250, 56.6259,  64, 64, 64
L -333.6250, -852.6250, 56.6259,  -300.3750, -852.6250, 56.6259,  64, 64, 64
L -300.3750, -852.6250, 56.6259,  -300.3749, -811.6250, 56.6259,  64, 64, 64
L -300.3749, -811.6250, 56.6259,  -229.6250, -811.6250, 56.6259,  64, 64, 64
L -229.6250, -811.6250, 56.6259,  -229.6250, -820.3749, 56.6259,  64, 64, 64
L -229.6250, -820.3749, 56.6259,  -290.6250, -820.3738, 56.6259,  64, 64, 64
L -290.6250, -820.3738, 56.6259,  -290.6250, -852.6250, 56.6259,  64, 64, 64
L -290.6250, -852.6250, 56.6259,  -57.3750, -852.6250, 56.6259,  64, 64, 64
L -57.3750, -852.6250, 56.6259,  -57.3750, -820.3749, 56.6259,  64, 64, 64
L -57.3750, -820.3749, 56.6259,  -118.3750, -820.3749, 56.6259,  64, 64, 64
L -118.3750, -820.3749, 56.6259,  -118.3750, -811.6250, 56.6259,  64, 64, 64
L -118.3750, -811.6250, 56.6259,  -47.6250, -811.6250, 56.6259,  64, 64, 64
L -47.6250, -811.6250, 56.6259,  -47.6251, -852.6250, 56.6259,  64, 64, 64
L -47.6251, -852.6250, 56.6259,  -6.3750, -852.6250, 56.6259,  64, 64, 64
L -6.3750, -852.6250, 56.6259,  -6.3750, -757.3749, 56.6259,  64, 64, 64
L -6.3750, -757.3749, 56.6259,  -50.6250, -757.3740, 56.6259,  64, 64, 64
L -50.6250, -757.3740, 56.6259,  -50.6250, -762.3749, 56.6259,  64, 64, 64
L -50.6250, -762.3749, 56.6259,  -53.3750, -762.3749, 56.6259,  64, 64, 64
L -53.3750, -762.3749, 56.6259,  -53.3750, -743.6250, 56.6259,  64, 64, 64
L -53.3750, -743.6250, 56.6259,  -50.6250, -743.6250, 56.6259,  64, 64, 64
L -50.6250, -743.6250, 56.6259,  -50.6250, -745.6250, 56.6259,  64, 64, 64
L -50.6250, -745.6250, 56.6259,  5.3750, -745.6249, 56.6259,  64, 64, 64
L 5.3750, -864.3750, 56.6259,  -345.3749, -864.3257, 56.6259,  64, 64, 64
L 30.8177, -838.1915, 56.6259,  33.5611, -831.5701, 56.6259,  64, 64, 64
L 33.5611, -831.5701, 56.6259,  40.2030, -828.8183, 56.6259,  64, 64, 64
L 40.2030, -828.8183, 56.6259,  46.8200, -831.5670, 56.6259,  64, 64, 64
L 46.8200, -831.5670, 56.6259,  49.5782, -838.2036, 56.6259,  64, 64, 64
L 49.5782, -838.2036, 56.6259,  46.8280, -844.8416, 56.6259,  64, 64, 64
L 46.8280, -844.8416, 56.6259,  40.1946, -847.5869, 56.6259,  64, 64, 64
L 40.1946, -847.5869, 56.6259,  33.4898, -844.8089, 56.6259,  64, 64, 64
L 33.4898, -844.8089, 56.6259,  30.8177, -838.1915, 56.6259,  64, 64, 64
L 40.5433, -720.9446, 56.6259,  33.9091, -718.1960, 56.6259,  64, 64, 64
L 33.9091, -718.1960, 56.6259,  31.1604, -711.5620, 56.6259,  64, 64, 64
L 31.1604, -711.5620, 56.6259,  33.9091, -704.9279, 56.6259,  64, 64, 64
L 33.9091, -704.9279, 56.6259,  40.5431, -702.1792, 56.6259,  64, 64, 64
L 40.5431, -702.1792, 56.6259,  47.1773, -704.9279, 56.6259,  64, 64, 64
L 47.1773, -704.9279, 56.6259,  49.9260, -711.5620, 56.6259,  64, 64, 64
L 49.9260, -711.5620, 56.6259,  47.1773, -718.1960, 56.6259,  64, 64, 64
L 47.1773, -718.1960, 56.6259,  40.5433, -720.9446, 56.6259,  64, 64, 64
L -65.3750, -743.6250, 56.6259,  -62.6250, -743.6250, 56.6259,  64, 64, 64
L -62.6250, -743.6250, 56.6259,  -62.6250, -762.3749, 56.6259,  64, 64, 64
L -62.6250, -762.3749, 56.6259,  -65.3786, -762.3749, 56.6259,  64, 64, 64
L -65.3786, -762.3749, 56.6259,  -65.3750, -757.3749, 56.6259,  64, 64, 64
L -65.3750, -757.3749, 56.6259,  -274.6250, -757.3740, 56.6259,  64, 64, 64
L -274.6250, -757.3740, 56.6259,  -274.6249, -762.3749, 56.6259,  64, 64, 64
L -274.6249, -762.3749, 56.6259,  -277.3749, -762.3749, 56.6259,  64, 64, 64
L -277.3749, -762.3749, 56.6259,  -277.3750, -743.6250, 56.6259,  64, 64, 64
L -277.3750, -743.6250, 56.6259,  -274.6250, -743.6250, 56.6259,  64, 64, 64
L -274.6250, -743.6250, 56.6259,  -274.6250, -745.6249, 56.6259,  64, 64, 64
L -274.6250, -745.6249, 56.6259,  -65.3750, -745.6371, 56.6259,  64, 64, 64
L -65.3750, -745.6371, 56.6259,  -65.3750, -743.6250, 56.6259,  64, 64, 64
L -160.4061, -710.5643, 56.6259,  -163.1546, -717.1984, 56.6259,  64, 64, 64
L -163.1546, -717.1984, 56.6259,  -169.7961, -719.9501, 56.6259,  64, 64, 64
L -169.7961, -719.9501, 56.6259,  -176.4233, -717.1978, 56.6259,  64, 64, 64
L -176.4233, -717.1978, 56.6259,  -179.1716, -710.5643, 56.6259,  64, 64, 64
L -179.1716, -710.5643, 56.6259,  -176.4228, -703.9302, 56.6259,  64, 64, 64
L -176.4228, -703.9302, 56.6259,  -169.7888, -701.1816, 56.6259,  64, 64, 64
L -169.7888, -701.1816, 56.6259,  -163.1546, -703.9302, 56.6259,  64, 64, 64
L -163.1546, -703.9302, 56.6259,  -160.4061, -710.5643, 56.6259,  64, 64, 64
L -370.8799, -710.2675, 56.6259,  -373.6284, -716.9016, 56.6259,  64, 64, 64
L -373.6284, -716.9016, 56.6259,  -380.2626, -719.6503, 56.6259,  64, 64, 64
L -380.2626, -719.6503, 56.6259,  -386.8967, -716.9017, 56.6259,  64, 64, 64
L -386.8967, -716.9017, 56.6259,  -389.6453, -710.2675, 56.6259,  64, 64, 64
L -389.6453, -710.2675, 56.6259,  -386.8967, -703.6334, 56.6259,  64, 64, 64
L -386.8967, -703.6334, 56.6259,  -380.2626, -700.8848, 56.6259,  64, 64, 64
L -380.2626, -700.8848, 56.6259,  -373.6286, -703.6334, 56.6259,  64, 64, 64
L -373.6286, -703.6334, 56.6259,  -370.8799, -710.2675, 56.6259,  64, 64, 64
L -380.9639, -829.5644, 56.6259,  -374.3297, -832.3129, 56.6259,  64, 64, 64
L -374.3297, -832.3129, 56.6259,  -371.5812, -838.9470, 56.6259,  64, 64, 64
L -371.5812, -838.9470, 56.6259,  -374.3297, -845.5813, 56.6259,  64, 64, 64
L -374.3297, -845.5813, 56.6259,  -380.9639, -848.3297, 56.6259,  64, 64, 64
L -380.9639, -848.3297, 56.6259,  -387.5980, -845.5811, 56.6259,  64, 64, 64
L -387.5980, -845.5811, 56.6259,  -390.3512, -838.9357, 56.6259,  64, 64, 64
L -390.3512, -838.9357, 56.6259,  -387.5966, -832.3124, 56.6259,  64, 64, 64
L -387.5966, -832.3124, 56.6259,  -380.9639, -829.5644, 56.6259,  64, 64, 64
L -511.6250, -752.1553, 56.6259,  -559.8445, -800.3750, 56.6259,  64, 64, 64
L -559.8445, -800.3750, 56.6259,  -644.1553, -800.3749, 56.6259,  64, 64, 64
L -644.1553, -800.3749, 56.6259,  -672.1553, -772.3749, 56.6259,  64, 64, 64
L -672.1553, -772.3749, 56.6259,  -839.1403, -772.3748, 56.6259,  64, 64, 64
L -1002.3750, -754.1552, 56.6259,  -1002.3749, -669.8445, 56.6259,  64, 64, 64
L -1002.3749, -669.8445, 56.6259,  -970.3749, -637.8445, 56.6259,  64, 64, 64
L -970.3749, -637.8445, 56.6259,  -970.3749, -470.1517, 56.6259,  64, 64, 64
L -970.3749, -470.1517, 56.6259,  -1000.3749, -439.1517, 56.6259,  64, 64, 64
L -1000.3749, -439.1517, 56.6259,  -1000.3749, -355.8446, 56.6259,  64, 64, 64
L -1000.3749, -355.8446, 56.6259,  -952.1553, -307.6250, 56.6259,  64, 64, 64
L -952.1553, -307.6250, 56.6259,  -867.8442, -307.6250, 56.6259,  64, 64, 64
L -867.8442, -307.6250, 56.6259,  -835.8445, -339.6250, 56.6259,  64, 64, 64
L -835.8445, -339.6250, 56.6259,  -785.6241, -339.6250, 56.6259,  64, 64, 64
L -785.6241, -339.6250, 56.6259,  -785.6367, -360.1039, 56.6259,  64, 64, 64
L -722.3749, -359.6657, 56.6259,  -722.3749, -339.6249, 56.6259,  64, 64, 64
L -722.3749, -339.6249, 56.6259,  -672.1541, -339.6250, 56.6259,  64, 64, 64
L -672.1541, -339.6250, 56.6259,  -642.1548, -309.6247, 56.6259,  64, 64, 64
L -642.1548, -309.6247, 56.6259,  -557.8443, -309.6250, 56.6259,  64, 64, 64
L -557.8443, -309.6250, 56.6259,  -509.6250, -357.8446, 56.6259,  64, 64, 64
L -509.6250, -357.8446, 56.6259,  -509.6250, -442.1555, 56.6259,  64, 64, 64
L -509.6250, -442.1555, 56.6259,  -541.6250, -474.1548, 56.6259,  64, 64, 64
L -541.6250, -474.1548, 56.6259,  -541.6249, -524.3750, 56.6259,  64, 64, 64
L -541.6249, -524.3750, 56.6259,  -562.3726, -524.3749, 56.6259,  64, 64, 64
L -561.8624, -587.6620, 56.6259,  -541.6249, -587.6237, 56.6259,  64, 64, 64
L -541.6249, -587.6237, 56.6259,  -541.6250, -637.8445, 56.6259,  64, 64, 64
L -541.6250, -637.8445, 56.6259,  -511.6250, -667.8445, 56.6259,  64, 64, 64
L -511.6250, -667.8445, 56.6259,  -511.6250, -752.1553, 56.6259,  64, 64, 64
L -1002.3750, -754.1552, 56.6259,  -954.1268, -802.4034, 56.6259,  64, 64, 64
L -954.1268, -802.4034, 56.6259,  -868.6946, -802.1389, 58.4240,  64, 64, 64
L -868.6946, -802.1389, 56.6259,  -839.1403, -772.3748, 56.6259,  64, 64, 64
L -562.7440, -587.5624, 57.6259,  -561.9382, -658.1201, 57.6259,  64, 64, 64
L -561.9382, -658.1201, 57.6259,  -532.8149, -688.2776, 57.6259,  64, 64, 64
L -532.8149, -688.2776, 57.6259,  -532.5470, -732.1420, 57.6572,  64, 64, 64
L -532.5470, -732.1420, 57.6572,  -579.8159, -779.8328, 57.6396,  64, 64, 64
L -579.8159, -779.8328, 57.6396,  -623.6982, -779.8863, 57.6259,  64, 64, 64
L -623.6982, -779.8863, 57.6259,  -651.7029, -751.9510, 57.6259,  64, 64, 64
L -651.7029, -751.9510, 57.6259,  -860.1085, -752.8250, 57.6281,  64, 64, 64
L -860.1085, -752.8250, 57.6281,  -890.6960, -782.9329, 57.6259,  64, 64, 64
L -890.6960, -782.9329, 57.6259,  -933.9492, -782.8110, 57.6828,  64, 64, 64
L -933.9492, -782.8110, 57.6828,  -981.7410, -734.1719, 57.6259,  64, 64, 64
L -981.7410, -734.1719, 57.6259,  -981.7390, -690.4272, 57.6259,  64, 64, 64
L -981.7390, -690.4272, 57.6259,  -949.7886, -658.2790, 57.6259,  64, 64, 64
L -949.7886, -658.2790, 57.6259,  -949.8256, -449.6945, 57.6259,  64, 64, 64
L -949.8256, -449.6945, 57.6259,  -979.8287, -419.5772, 57.7338,  64, 64, 64
L -979.8287, -419.5772, 57.7338,  -979.7790, -375.9379, 57.6259,  64, 64, 64
L -979.7790, -375.9379, 57.6259,  -932.1518, -328.2642, 57.6259,  64, 64, 64
L -932.1518, -328.2642, 57.6259,  -887.6094, -328.2506, 57.6704,  64, 64, 64
L -887.6094, -328.2506, 57.6704,  -855.9474, -360.3100, 57.6289,  64, 64, 64
L -855.9474, -360.3100, 57.6289,  -785.6367, -360.1039, 57.6259,  64, 64, 64
L -721.8917, -360.8100, 57.6259,  -651.7109, -360.7420, 57.6259,  64, 64, 64
L -651.7109, -360.7420, 57.6259,  -621.7867, -329.9612, 57.6638,  64, 64, 64
L -621.7867, -329.9612, 57.6638,  -577.8961, -330.5320, 57.6480,  64, 64, 64
L -577.8961, -330.5320, 57.6480,  -530.7690, -377.9021, 57.6407,  64, 64, 64
L -530.7690, -377.9021, 57.6407,  -530.1168, -421.7853, 57.6259,  64, 64, 64
L -530.1168, -421.7853, 57.6259,  -562.3727, -454.1666, 57.6259,  64, 64, 64
L -562.3727, -454.1666, 57.6259,  -562.3726, -524.3749, 57.6259,  64, 64, 64
L -253.3750, 926.6249, 84.6260,  -253.3750, 1003.3751, 84.6260,  64, 64, 64
L -253.3750, 1003.3751, 84.6260,  -163.6246, 1003.3749, 84.6260,  64, 64, 64
L -163.6246, 1003.3749, 84.6260,  -163.6250, 825.6245, 84.6260,  64, 64, 64
L -163.6250, 825.6245, 84.6260,  -341.3756, 825.6248, 84.6260,  64, 64, 64
L -341.3756, 825.6248, 84.6260,  -341.3625, 915.3750, 84.6263,  64, 64, 64
L -341.3625, 915.3750, 84.6260,  -264.6247, 915.3749, 84.6260,  64, 64, 64
L -264.6247, 915.3749, 84.6260,  -264.6250, 884.6250, 84.6260,  64, 64, 64
L -222.6246, 926.6250, 84.6260,  -253.3750, 926.6249, 84.6260,  64, 64, 64
L -260.4728, 943.9968, 84.6260,  -282.0000, 922.4692, 84.6260,  127, 127, 127
L -282.0000, 922.4692, 84.6260,  -298.1551, 938.6250, 84.6260,  64, 64, 64
L -298.1551, 938.6250, 84.6260,  -351.6250, 938.6250, 84.6260,  64, 64, 64
L -351.6250, 938.6250, 84.6260,  -351.6250, 712.3749, 84.6260,  64, 64, 64
L -351.6250, 712.3749, 84.6260,  -284.3750, 712.3749, 84.6260,  64, 64, 64
L -284.3750, 712.3749, 84.6260,  -284.3750, 744.3750, 84.6260,  64, 64, 64
L -284.3750, 744.3750, 84.6260,  -255.2849, 744.3749, 84.6260,  64, 64, 64
L -255.2849, 744.3749, 84.6260,  -255.3294, 745.3749, 84.6260,  64, 64, 64
L -255.3294, 745.3749, 84.6260,  -252.6226, 745.3749, 84.6260,  64, 64, 64
L -252.6226, 745.3749, 84.6260,  -252.6460, 738.6250, 84.6260,  64, 64, 64
L -252.6460, 738.6250, 84.6260,  -255.3257, 738.6250, 84.6260,  64, 64, 64
L -255.3257, 738.6250, 84.6260,  -255.3224, 739.6250, 84.6450,  64, 64, 64
L -255.3224, 739.6250, 84.6450,  -276.4368, 739.6249, 84.6260,  64, 64, 64
L -276.5110, 712.3749, 84.6260,  -219.2620, 712.3749, 84.6260,  64, 64, 64
L -219.2315, 739.6248, 84.6260,  -240.7149, 739.6250, 84.6260,  64, 64, 64
L -240.7149, 739.6250, 84.6260,  -240.7135, 738.6250, 84.6260,  64, 64, 64
L -240.7135, 738.6250, 84.6260,  -243.3750, 738.6250, 84.6260,  64, 64, 64
L -243.3750, 738.6250, 84.6260,  -243.3750, 745.3749, 84.6260,  64, 64, 64
L -243.3750, 745.3749, 84.6260,  -240.6758, 745.3749, 84.6260,  64, 64, 64
L -240.6758, 745.3749, 84.6260,  -240.6759, 744.3745, 84.6269,  64, 64, 64
L -240.6759, 744.3745, 84.6269,  -211.6250, 744.3749, 84.6260,  64, 64, 64
L -211.6250, 744.3749, 84.6260,  -211.6250, 738.3741, 84.6260,  64, 64, 64
L -211.6250, 738.3741, 84.6260,  -188.3750, 738.3750, 84.6260,  64, 64, 64
L -188.3750, 738.3750, 84.6260,  -188.3750, 744.3749, 84.6260,  64, 64, 64
L -188.3750, 744.3749, 84.6260,  -159.2849, 744.3749, 84.6260,  64, 64, 64
L -159.2849, 744.3749, 84.6260,  -159.2811, 745.3749, 84.6490,  64, 64, 64
L -159.2811, 745.3749, 84.6260,  -156.6247, 745.3749, 84.6260,  64, 64, 64
L -156.6247, 745.3749, 84.6260,  -156.6250, 738.6250, 84.6260,  64, 64, 64
L -156.6250, 738.6250, 84.6260,  -159.3249, 738.6250, 84.6260,  64, 64, 64
L -159.3249, 738.6250, 84.6289,  -159.3224, 739.6250, 84.6444,  64, 64, 64
L -159.3224, 739.6250, 84.6444,  -181.1753, 739.6250, 84.6260,  64, 64, 64
L -181.1753, 739.6250, 84.6260,  -181.1753, 712.3749, 84.6260,  64, 64, 64
L -181.1753, 712.3749, 84.6260,  -122.8247, 712.3749, 84.6260,  64, 64, 64
L -122.8247, 712.3749, 84.6260,  -122.8243, 739.6249, 84.6260,  64, 64, 64
L -122.8243, 739.6249, 84.6260,  -144.7150, 739.6250, 84.6260,  64, 64, 64
L -144.7150, 739.6250, 84.6260,  -144.7136, 738.6250, 84.6260,  64, 64, 64
L -144.7136, 738.6250, 84.6260,  -147.3750, 738.6250, 84.6260,  64, 64, 64
L -147.3750, 738.6250, 84.6260,  -147.3750, 745.3749, 84.6260,  64, 64, 64
L -147.3750, 745.3749, 84.6260,  -144.6721, 745.3749, 84.6260,  64, 64, 64
L -144.6721, 745.3749, 84.6260,  -144.6783, 744.3748, 84.6550,  64, 64, 64
L -144.6783, 744.3748, 84.6550,  -115.6248, 744.3749, 84.6260,  64, 64, 64
L -115.6248, 744.3749, 84.6260,  -115.6250, 712.3749, 84.6260,  64, 64, 64
L -115.6250, 712.3749, 84.6260,  -48.3750, 712.3749, 84.6260,  64, 64, 64
L -48.3750, 712.3749, 84.6260,  -48.3750, 779.6249, 84.6260,  64, 64, 64
L -48.3750, 779.6249, 84.6260,  -80.3753, 779.6249, 84.6260,  64, 64, 64
L -80.3753, 779.6249, 84.6260,  -80.3746, 808.7148, 84.6260,  64, 64, 64
L -80.3746, 808.7148, 84.6260,  -81.3750, 808.7177, 84.6537,  64, 64, 64
L -81.3750, 808.7177, 84.6260,  -81.3748, 811.3750, 84.6260,  64, 64, 64
L -81.3748, 811.3750, 84.6260,  -74.6250, 811.3749, 84.6260,  64, 64, 64
L -74.6250, 811.3749, 84.6260,  -74.6250, 808.6739, 84.6260,  64, 64, 64
L -74.6250, 808.6739, 84.6260,  -75.6251, 808.6778, 84.6492,  64, 64, 64
L -75.6251, 808.6778, 84.6492,  -75.6250, 786.8243, 84.6260,  64, 64, 64
L -75.6250, 786.8243, 84.6260,  -48.3750, 786.8243, 84.6260,  64, 64, 64
L -48.3750, 786.8243, 84.6260,  -48.3750, 845.1747, 84.6260,  64, 64, 64
L -48.3750, 845.1747, 84.6260,  -75.6243, 845.1749, 84.6260,  64, 64, 64
L -75.6243, 845.1749, 84.6260,  -75.6250, 823.2842, 84.6260,  64, 64, 64
L -75.6250, 823.2842, 84.6260,  -74.6247, 823.2853, 84.6274,  64, 64, 64
L -74.6247, 823.2853, 84.6260,  -74.6257, 820.6250, 84.6260,  64, 64, 64
L -74.6257, 820.6250, 84.6260,  -81.3750, 820.6250, 84.6260,  64, 64, 64
L -81.3750, 820.6250, 84.6260,  -81.3750, 823.3260, 84.6260,  64, 64, 64
L -81.3750, 823.3260, 84.6269,  -80.3750, 823.3224, 84.6447,  64, 64, 64
L -80.3750, 823.3224, 84.6447,  -80.3750, 852.3749, 84.6260,  64, 64, 64
L -80.3750, 852.3749, 84.6260,  -74.3750, 852.3749, 84.6260,  64, 64, 64
L -74.3750, 852.3749, 84.6260,  -74.3744, 875.6249, 84.6260,  64, 64, 64
L -74.3744, 875.6249, 84.6260,  -80.3750, 875.6248, 84.6260,  64, 64, 64
L -80.3750, 875.6248, 84.6260,  -80.3750, 904.7148, 84.6260,  64, 64, 64
L -80.3750, 904.7148, 84.6260,  -81.3750, 904.6532, 84.6260,  64, 64, 64
L -81.3750, 904.6532, 84.6260,  -81.3750, 907.3749, 84.6260,  64, 64, 64
L -81.3750, 907.3749, 84.6260,  -74.6250, 907.3749, 84.6260,  64, 64, 64
L -74.6250, 907.3749, 84.6260,  -74.6250, 904.6725, 84.6260,  64, 64, 64
L -74.6250, 904.6725, 84.6260,  -75.6251, 904.6774, 84.6514,  64, 64, 64
L -75.6251, 904.6774, 84.6514,  -75.6250, 883.3025, 84.6260,  64, 64, 64
L -48.3750, 883.3011, 84.6260,  -75.6250, 883.3025, 84.6260,  64, 64, 64
L -48.3750, 883.3011, 84.6260,  -48.3750, 940.8079, 84.6260,  64, 64, 64
L -48.3750, 940.8079, 84.7056,  -75.6248, 940.7540, 84.6260,  64, 64, 64
L -75.6248, 940.7540, 84.6260,  -75.6250, 919.2849, 84.6260,  64, 64, 64
L -75.6250, 919.2849, 84.6260,  -74.6250, 919.3603, 84.6283,  64, 64, 64
L -74.6250, 919.3603, 84.6260,  -74.6250, 916.6250, 84.6260,  64, 64, 64
L -74.6250, 916.6250, 84.6260,  -81.3750, 916.6250, 84.6260,  64, 64, 64
L -81.3750, 916.6250, 84.6260,  -81.3750, 919.3238, 84.6260,  64, 64, 64
L -81.3750, 919.3238, 84.6273,  -80.3750, 919.3241, 84.6261,  64, 64, 64
L -80.3750, 919.3241, 84.6261,  -80.3750, 948.3749, 84.6260,  64, 64, 64
L -80.3750, 948.3749, 84.6260,  -48.3750, 948.3750, 84.6260,  64, 64, 64
L -48.3750, 948.3750, 84.6260,  -48.3748, 1015.6250, 84.6260,  64, 64, 64
L -48.3748, 1015.6250, 84.6260,  -276.6250, 1015.6250, 84.6260,  64, 64, 64
L -276.6250, 1015.6250, 84.6260,  -276.6250, 960.1553, 84.6260,  64, 64, 64
L -276.6250, 960.1553, 84.6260,  -260.4728, 943.9968, 84.6260,  64, 64, 64
L -339.3750, 738.6249, 84.6260,  -339.3750, 743.3751, 84.6260,  64, 64, 64
L -339.3750, 743.3751, 84.6260,  -310.6247, 743.3749, 84.6260,  64, 64, 64
L -310.6247, 743.3749, 84.6260,  -310.6250, 722.6248, 84.6260,  64, 64, 64
L -310.6250, 722.6248, 84.6260,  -315.3754, 722.6249, 84.6260,  64, 64, 64
L -315.3754, 722.6249, 84.6260,  -315.3745, 738.6249, 84.6260,  64, 64, 64
L -315.3745, 738.6249, 84.6260,  -339.3750, 738.6249, 84.6260,  64, 64, 64
L -276.5110, 712.3749, 84.6260,  -276.4368, 739.6249, 84.6260,  64, 64, 64
L -219.2620, 712.3749, 84.6260,  -219.2315, 739.6248, 84.6260,  64, 64, 64
L -79.3750, 974.6250, 84.6260,  -79.3750, 1003.3749, 84.6260,  64, 64, 64
L -79.3750, 1003.3749, 84.6260,  -74.6240, 1003.3749, 84.6260,  64, 64, 64
L -74.6240, 1003.3749, 84.6260,  -74.6250, 979.3740, 84.6260,  64, 64, 64
L -74.6250, 979.3740, 84.6260,  -58.6250, 979.3749, 84.6260,  64, 64, 64
L -58.6250, 979.3749, 84.6260,  -58.6250, 974.6241, 84.6260,  64, 64, 64
L -58.6250, 974.6241, 84.6260,  -79.3750, 974.6250, 84.6260,  64, 64, 64
L -43.6250, 856.7148, 96.6260,  -42.6250, 856.7131, 96.6260,  64, 64, 64
L -42.6250, 856.7131, 96.6260,  -42.6250, 859.3749, 96.6260,  64, 64, 64
L -42.6250, 859.3749, 96.6260,  -47.3750, 859.3749, 96.6260,  64, 64, 64
L -47.3750, 859.3749, 96.6260,  -47.3750, 856.3749, 96.6260,  64, 64, 64
L -47.3750, 856.3749, 96.6260,  -74.3748, 856.3749, 85.6260,  64, 64, 64
L -43.6250, 871.3234, 96.6260,  -42.6250, 871.3232, 96.6265,  64, 64, 64
L -42.6250, 871.3232, 96.6260,  -42.6251, 868.6246, 96.6260,  64, 64, 64
L -42.6251, 868.6246, 96.6260,  -47.3750, 868.6250, 96.6260,  64, 64, 64
L -47.3750, 868.6250, 96.6260,  -47.3750, 871.6249, 96.6260,  64, 64, 64
L -47.3750, 871.6249, 96.6260,  -74.3746, 871.6250, 85.6260,  64, 64, 64
L -72.3748, 871.6250, 85.6260,  -72.3750, 856.3749, 85.6260,  64, 64, 64
L -52.3750, 856.3749, 95.6556,  -52.3748, 871.6250, 95.6260,  127, 127, 127
L -54.3750, 871.6250, 94.6260,  -54.3750, 856.3749, 94.6260,  127, 127, 127
L -56.3750, 856.3749, 93.6260,  -56.3750, 871.6250, 93.6260,  127, 127, 127
L -58.3748, 871.6250, 92.6260,  -58.3750, 856.3749, 92.6260,  127, 127, 127
L -60.3750, 856.3749, 91.6260,  -60.3748, 871.6250, 91.6260,  127, 127, 127
L -62.3750, 871.6250, 90.6260,  -62.3750, 856.3749, 90.6260,  64, 64, 64
L -64.3750, 856.3749, 89.6260,  -64.3748, 871.6250, 89.6260,  64, 64, 64
L -66.3750, 871.6250, 88.6260,  -66.3750, 856.3749, 88.6260,  64, 64, 64
L -68.3750, 856.3749, 87.6260,  -68.3748, 871.6250, 87.6260,  64, 64, 64
L -70.3748, 871.6250, 86.6260,  -70.3750, 856.3749, 86.6260,  64, 64, 64
L -43.6250, 871.2840, 96.6260,  -43.6250, 1020.3751, 96.6260,  64, 64, 64
L -43.6250, 1020.3751, 96.6260,  -356.3750, 1020.3749, 96.6260,  64, 64, 64
L -356.3750, 1020.3749, 96.6260,  -356.3749, 707.6246, 96.6260,  64, 64, 64
L -356.3749, 707.6246, 96.6260,  -207.2846, 707.6250, 96.6260,  64, 64, 64
L -207.2846, 707.6250, 96.6260,  -207.2843, 706.6250, 96.6295,  64, 64, 64
L -207.2843, 706.6250, 96.6260,  -204.6250, 706.6250, 96.6260,  64, 64, 64
L -204.6250, 706.6250, 96.6260,  -204.6250, 713.3749, 96.6260,  64, 64, 64
L -204.6250, 713.3749, 96.6260,  -207.6250, 713.3750, 96.6260,  64, 64, 64
L -207.6250, 713.3750, 96.6260,  -207.6250, 738.3744, 85.6260,  64, 64, 64
L -192.6759, 707.6250, 96.6260,  -192.6758, 706.6250, 96.6260,  64, 64, 64
L -192.6758, 706.6250, 96.6260,  -195.3750, 706.6250, 96.6260,  64, 64, 64
L -195.3750, 706.6250, 96.6260,  -195.3750, 713.3749, 96.6260,  64, 64, 64
L -195.3750, 713.3749, 96.6260,  -192.3750, 713.3750, 96.6260,  64, 64, 64
L -192.3750, 713.3750, 96.6260,  -192.3750, 738.3749, 85.6260,  64, 64, 64
L -192.3750, 736.3749, 85.6260,  -207.6250, 736.3740, 85.6260,  64, 64, 64
L -207.6250, 716.3749, 95.6260,  -192.3750, 716.3749, 95.6260,  127, 127, 127
L -192.3750, 718.3749, 94.6260,  -207.6250, 718.3748, 94.6260,  127, 127, 127
L -207.6250, 720.3746, 93.6260,  -192.3750, 720.3749, 93.6260,  127, 127, 127
L -192.3750, 722.3749, 92.6260,  -207.6250, 722.3745, 92.6260,  127, 127, 127
L -207.6250, 724.3750, 91.6260,  -192.3748, 724.3750, 91.6260,  127, 127, 127
L -192.3750, 726.3750, 90.6260,  -207.6250, 726.3750, 90.6260,  64, 64, 64
L -207.6250, 728.3749, 89.6260,  -192.3750, 728.3749, 89.6260,  64, 64, 64
L -192.3748, 730.3749, 88.6260,  -207.6250, 730.3746, 88.6260,  64, 64, 64
L -207.6250, 732.3749, 87.6260,  -192.3750, 732.3750, 87.6260,  64, 64, 64
L -192.3750, 734.3749, 86.6260,  -207.6250, 734.3741, 86.6260,  64, 64, 64
L -192.6759, 707.6250, 96.6260,  -43.6246, 707.6250, 96.6260,  64, 64, 64
L -43.6246, 707.6250, 96.6260,  -43.6250, 856.7148, 96.6260,  64, 64, 64
L -32.3751, 696.3749, 96.6260,  -32.3748, 1031.6250, 96.6260,  64, 64, 64
L -32.3748, 1031.6250, 96.6260,  -367.6250, 1031.6250, 96.6260,  64, 64, 64
L -367.6250, 1031.6250, 96.6260,  -367.6250, 696.3749, 96.6260,  64, 64, 64
L -367.6250, 696.3749, 96.6260,  -32.3751, 696.3749, 96.6260,  64, 64, 64
L -341.3749, 943.3750, 111.6260,  -297.8441, 943.3741, 94.6260,  64, 64, 64
L -297.8441, 943.3741, 93.6260,  -279.4696, 924.9998, 85.6260,  64, 64, 64
L -281.3625, 1003.3749, 111.6260,  -281.3754, 959.8450, 94.6260,  64, 64, 64
L -281.3754, 959.8450, 93.6260,  -262.9997, 941.4695, 85.6260,  64, 64, 64
L -281.3743, 993.2241, 110.7762,  -331.1258, 943.3750, 110.6577,  127, 127, 127
L -329.1121, 943.3746, 109.6260,  -281.3750, 991.1271, 109.6603,  127, 127, 127
L -281.3745, 989.1503, 108.6978,  -327.1118, 943.3750, 108.6260,  127, 127, 127
L -325.1868, 943.3750, 107.7424,  -281.3750, 987.1355, 107.6756,  127, 127, 127
L -281.3745, 985.1122, 106.6260,  -323.1240, 943.3750, 106.6544,  127, 127, 127
L -321.1311, 943.3750, 105.6677,  -281.3747, 983.1719, 105.7257,  127, 127, 127
L -281.3747, 981.1121, 104.6260,  -319.1215, 943.3750, 104.6488,  127, 127, 127
L -317.1152, 943.3750, 103.6349,  -281.3750, 979.1511, 103.6995,  127, 127, 127
L -281.3750, 977.1503, 102.6985,  -315.1211, 943.3750, 102.6480,  127, 127, 127
L -313.1118, 943.3750, 101.6260,  -281.3750, 975.1507, 101.6989,  127, 127, 127
L -281.3750, 973.1476, 100.6949,  -311.1306, 943.3750, 100.6671,  127, 127, 127
L -309.1154, 943.3750, 99.6353,  -281.3750, 971.1341, 99.6731,  127, 127, 127
L -281.3750, 969.1118, 98.6260,  -307.1152, 943.3750, 98.6346,  127, 127, 127
L -305.1238, 943.3750, 97.6539,  -281.3750, 967.1517, 97.7005,  127, 127, 127
L -281.3750, 965.1481, 96.6954,  -303.1145, 943.3750, 96.6330,  127, 127, 127
L -301.1118, 943.3749, 95.6260,  -281.3750, 963.1698, 95.7236,  127, 127, 127
L -281.3747, 961.1121, 94.6260,  -299.1182, 943.3749, 94.6415,  127, 127, 127
L -297.4782, 943.8500, 93.6260,  -281.8500, 959.4781, 93.6260,  127, 127, 127
L -279.5470, 957.5244, 92.7593,  -295.4827, 941.1299, 92.6474,  127, 127, 127
L -293.5788, 939.1089, 91.8344,  -277.8600, 955.4781, 91.6260,  127, 127, 127
L -275.8600, 953.4781, 90.6260,  -291.4940, 937.2410, 90.6878,  127, 127, 127
L -289.4782, 935.8500, 89.6260,  -273.8600, 951.4781, 89.6260,  127, 127, 127
L -271.8600, 949.4781, 88.6260,  -287.4782, 933.8500, 88.6260,  127, 127, 127
L -285.5009, 931.3120, 87.7078,  -269.2710, 947.4968, 87.6965,  127, 127, 127
L -267.3660, 945.5063, 86.7215,  -283.4791, 929.9300, 86.6299,  127, 127, 127
L -281.4782, 927.8500, 85.6260,  -265.0000, 943.4695, 85.6260,  127, 127, 127
L -341.3749, 943.3750, 111.6260,  -341.3750, 931.3749, 111.6260,  64, 64, 64
L -341.3750, 931.3749, 111.6260,  -341.3736, 914.8799, 119.6260,  127, 127, 127
L -341.3736, 914.8799, 119.6260,  -341.3750, 825.6241, 119.6260,  64, 64, 64
L -341.3750, 825.6241, 119.6260,  -163.6246, 825.6249, 119.6260,  64, 64, 64
L -163.6246, 825.6249, 119.6260,  -163.6250, 1003.3750, 119.6260,  64, 64, 64
L -163.6250, 1003.3750, 119.6260,  -250.9063, 1003.3749, 119.6260,  64, 64, 64
L -250.9063, 1003.3749, 119.6260,  -269.3750, 1003.3749, 111.6260,  64, 64, 64
L -269.3750, 1003.3749, 111.6260,  -281.3625, 1003.3749, 111.6260,  64, 64, 64
L -269.3623, 1015.6250, 111.6260,  -351.6250, 1015.6250, 111.6260,  64, 64, 64
L -351.6250, 1015.6250, 111.6260,  -351.6250, 931.3618, 111.6260,  64, 64, 64
L -351.6250, 931.3618, 111.6260,  -351.6250, 916.7450, 119.6260,  127, 127, 127
L -351.6250, 916.7450, 119.6260,  -351.6250, 813.3749, 119.6260,  64, 64, 64
L -351.6250, 813.3749, 119.6260,  -314.6250, 813.3749, 119.6260,  64, 64, 64
L -351.6250, 917.3749, 118.6260,  -341.3749, 917.3749, 118.6260,  127, 127, 127
L -341.3750, 919.3749, 117.6260,  -351.6250, 919.3749, 117.6260,  127, 127, 127
L -351.6250, 921.3749, 116.6260,  -341.3750, 921.3749, 116.6260,  127, 127, 127
L -341.3750, 923.3749, 115.6260,  -351.6250, 923.3749, 115.6260,  127, 127, 127
L -351.6250, 925.3749, 114.6260,  -341.3750, 925.3749, 114.6260,  127, 127, 127
L -341.3750, 927.3749, 113.6260,  -351.6250, 927.3749, 113.6260,  127, 127, 127
L -351.6250, 929.3749, 112.6260,  -341.3749, 929.3749, 112.6260,  127, 127, 127
L -341.3749, 931.3749, 111.6260,  -351.6250, 931.3622, 111.6260,  127, 127, 127
L -314.6250, 813.3749, 119.6260,  -314.6250, 788.3740, 119.6260,  64, 64, 64
L -314.6250, 788.3740, 119.6260,  -303.2850, 788.3749, 119.6260,  64, 64, 64
L -303.2850, 788.3749, 119.6260,  -303.2848, 789.3749, 119.6303,  64, 64, 64
L -303.2848, 789.3749, 119.6260,  -300.6247, 789.3749, 119.6260,  64, 64, 64
L -300.6247, 789.3749, 119.6260,  -300.6250, 782.6250, 119.6260,  64, 64, 64
L -300.6250, 782.6250, 119.6260,  -303.3258, 782.6250, 119.6260,  64, 64, 64
L -303.3258, 782.6250, 119.6312,  -303.3215, 783.6250, 119.6555,  64, 64, 64
L -303.3215, 783.6250, 119.6555,  -319.3749, 783.6250, 119.6260,  64, 64, 64
L -319.3749, 783.6250, 119.6260,  -319.3750, 808.6250, 119.6260,  64, 64, 64
L -319.3750, 808.6250, 119.6260,  -351.6250, 808.6249, 119.6260,  64, 64, 64
L -351.6250, 808.6249, 119.6260,  -351.6250, 737.3749, 119.6260,  64, 64, 64
L -351.6250, 737.3749, 119.6260,  -309.6250, 737.3749, 119.6260,  64, 64, 64
L -309.6250, 737.3749, 119.6260,  -309.6250, 732.6250, 119.6260,  64, 64, 64
L -309.6250, 732.6250, 119.6260,  -351.6250, 732.6250, 119.6260,  64, 64, 64
L -351.6250, 732.6250, 119.6260,  -351.6250, 712.3749, 119.6260,  64, 64, 64
L -351.6250, 712.3749, 119.6260,  -191.3750, 712.3749, 119.6260,  64, 64, 64
L -191.3750, 712.3749, 119.6260,  -191.3745, 808.6250, 119.6260,  64, 64, 64
L -191.3745, 808.6250, 119.6260,  -273.6250, 808.6250, 119.6260,  64, 64, 64
L -273.6250, 808.6250, 119.6260,  -273.6250, 783.6250, 119.6260,  64, 64, 64
L -273.6250, 783.6250, 119.6260,  -288.7149, 783.6250, 119.6260,  64, 64, 64
L -288.7149, 783.6250, 119.6260,  -288.7133, 782.6250, 119.6260,  64, 64, 64
L -288.7133, 782.6250, 119.6260,  -291.3752, 782.6250, 119.6260,  64, 64, 64
L -291.3752, 782.6250, 119.6260,  -291.3749, 789.3749, 119.6260,  64, 64, 64
L -291.3749, 789.3749, 119.6260,  -288.6739, 789.3749, 119.6260,  64, 64, 64
L -288.6739, 789.3749, 119.6260,  -288.6779, 788.3741, 119.6509,  64, 64, 64
L -288.6779, 788.3741, 119.6509,  -278.3750, 788.3749, 119.6260,  64, 64, 64
L -278.3750, 788.3749, 119.6260,  -278.3750, 813.3752, 119.6260,  64, 64, 64
L -278.3750, 813.3752, 119.6260,  -186.6246, 813.3749, 119.6260,  64, 64, 64
L -186.6246, 813.3749, 119.6260,  -186.6250, 713.3745, 119.6260,  64, 64, 64
L -186.6250, 713.3745, 119.6260,  -171.3750, 713.3749, 119.6260,  64, 64, 64
L -171.3750, 713.3749, 119.6260,  -171.3750, 763.7148, 119.6260,  64, 64, 64
L -171.3750, 763.7148, 119.6260,  -172.3750, 763.7173, 119.6474,  64, 64, 64
L -172.3750, 763.7173, 119.6260,  -172.3750, 766.3749, 119.6260,  64, 64, 64
L -172.3750, 766.3749, 119.6260,  -165.6250, 766.3749, 119.6260,  64, 64, 64
L -165.6250, 766.3749, 119.6260,  -165.6251, 763.6733, 119.6260,  64, 64, 64
L -165.6251, 763.6733, 119.6260,  -166.6250, 763.6774, 119.6448,  64, 64, 64
L -166.6250, 763.6774, 119.6448,  -166.6250, 712.3745, 119.6260,  64, 64, 64
L -166.6250, 712.3745, 119.6260,  -48.3750, 712.3750, 119.6260,  64, 64, 64
L -48.3750, 712.3750, 119.6260,  -48.3748, 830.6250, 119.6260,  64, 64, 64
L -48.3748, 830.6250, 119.6260,  -99.7150, 830.6250, 119.6260,  64, 64, 64
L -99.7150, 830.6250, 119.6260,  -99.6891, 829.6250, 119.6260,  64, 64, 64
L -99.6891, 829.6250, 119.6260,  -102.3750, 829.6250, 119.6260,  64, 64, 64
L -102.3750, 829.6250, 119.6260,  -102.3750, 836.3687, 119.6260,  64, 64, 64
L -102.3750, 836.3687, 119.6260,  -99.6740, 836.3763, 119.6260,  64, 64, 64
L -99.6740, 836.3763, 119.6260,  -99.6777, 835.3745, 119.6479,  64, 64, 64
L -99.6777, 835.3745, 119.6479,  -49.3750, 835.3749, 119.6260,  64, 64, 64
L -114.3241, 835.3749, 119.6260,  -114.3239, 836.3749, 119.6265,  64, 64, 64
L -114.3239, 836.3749, 119.6260,  -111.6250, 836.3748, 119.6260,  64, 64, 64
L -111.6250, 836.3748, 119.6260,  -111.6250, 829.6250, 119.6260,  64, 64, 64
L -111.6250, 829.6250, 119.6260,  -114.3269, 829.6250, 119.6260,  64, 64, 64
L -114.3269, 829.6250, 119.6268,  -114.3228, 830.6250, 119.6480,  64, 64, 64
L -114.3228, 830.6250, 119.6480,  -143.6250, 830.6250, 119.6260,  64, 64, 64
L -143.6250, 830.6250, 119.6260,  -143.6250, 808.6248, 119.6260,  64, 64, 64
L -143.6250, 808.6248, 119.6260,  -166.6250, 808.6250, 119.6260,  64, 64, 64
L -166.6250, 808.6250, 119.6260,  -166.6250, 778.3234, 119.6260,  64, 64, 64
L -166.6250, 778.3234, 119.6260,  -165.6250, 778.3237, 119.6316,  64, 64, 64
L -165.6250, 778.3237, 119.6260,  -165.6250, 775.6250, 119.6260,  64, 64, 64
L -165.6250, 775.6250, 119.6260,  -172.3750, 775.6249, 119.6260,  64, 64, 64
L -172.3750, 775.6249, 119.6260,  -172.3750, 778.3260, 119.6260,  64, 64, 64
L -172.3750, 778.3260, 119.6334,  -171.3750, 778.3218, 119.6538,  64, 64, 64
L -171.3750, 778.3218, 119.6538,  -171.3750, 813.3749, 119.6260,  64, 64, 64
L -171.3750, 813.3749, 119.6260,  -148.3748, 813.3750, 119.6260,  64, 64, 64
L -148.3748, 813.3750, 119.6260,  -148.3750, 835.3751, 119.6260,  64, 64, 64
L -148.3750, 835.3751, 119.6260,  -114.2850, 835.3749, 119.6260,  64, 64, 64
L -49.3750, 835.3749, 119.6260,  -49.3748, 850.6250, 119.6260,  64, 64, 64
L -49.3748, 850.6250, 119.6260,  -148.3750, 850.6250, 119.6260,  64, 64, 64
L -148.3750, 850.6250, 119.6260,  -148.3750, 942.3750, 119.6260,  64, 64, 64
L -148.3750, 942.3750, 119.6260,  -123.3750, 942.3749, 119.6260,  64, 64, 64
L -123.3750, 942.3749, 119.6260,  -123.3747, 952.7148, 119.6260,  64, 64, 64
L -123.3747, 952.7148, 119.6260,  -124.3750, 952.7129, 119.6268,  64, 64, 64
L -124.3750, 952.7129, 119.6260,  -124.3750, 955.3749, 119.6260,  64, 64, 64
L -124.3750, 955.3749, 119.6260,  -117.6250, 955.3749, 119.6260,  64, 64, 64
L -117.6250, 955.3749, 119.6260,  -117.6250, 952.6736, 119.6260,  64, 64, 64
L -117.6250, 952.6736, 119.6260,  -118.6252, 952.6771, 119.6431,  64, 64, 64
L -118.6252, 952.6771, 119.6431,  -118.6260, 937.6249, 119.6260,  64, 64, 64
L -118.6260, 937.6249, 119.6260,  -143.6250, 937.6250, 119.6260,  64, 64, 64
L -143.6250, 937.6250, 119.6260,  -143.6250, 855.3749, 119.6260,  64, 64, 64
L -143.6250, 855.3749, 119.6260,  -48.3750, 855.3749, 119.6260,  64, 64, 64
L -48.3750, 855.3749, 119.6260,  -48.3748, 1015.6250, 119.6260,  64, 64, 64
L -48.3748, 1015.6250, 119.6260,  -67.6250, 1015.6250, 119.6260,  64, 64, 64
L -67.6250, 1015.6250, 119.6260,  -67.6250, 973.6250, 119.6260,  64, 64, 64
L -67.6250, 973.6250, 119.6260,  -72.3750, 973.6250, 119.6260,  64, 64, 64
L -72.3750, 973.6250, 119.6260,  -72.3750, 1015.6250, 119.6260,  64, 64, 64
L -72.3750, 1015.6250, 119.6260,  -143.6250, 1015.6250, 119.6260,  64, 64, 64
L -143.6250, 1015.6250, 119.6260,  -143.6250, 983.3749, 119.6260,  64, 64, 64
L -143.6250, 983.3749, 119.6260,  -118.6250, 983.3749, 119.6260,  64, 64, 64
L -118.6250, 983.3749, 119.6260,  -118.6250, 967.2840, 119.6260,  64, 64, 64
L -118.6250, 967.2840, 119.6260,  -117.6250, 967.2818, 119.6402,  64, 64, 64
L -117.6250, 967.2818, 119.6260,  -117.6250, 964.6250, 119.6260,  64, 64, 64
L -117.6250, 964.6250, 119.6260,  -124.3750, 964.6250, 119.6260,  64, 64, 64
L -124.3750, 964.6250, 119.6260,  -124.3750, 967.3229, 119.6260,  64, 64, 64
L -124.3750, 967.3229, 119.6410,  -123.3750, 967.3224, 119.6432,  64, 64, 64
L -123.3750, 967.3224, 119.6432,  -123.3748, 978.6250, 119.6260,  64, 64, 64
L -123.3748, 978.6250, 119.6260,  -148.3754, 978.6250, 119.6260,  64, 64, 64
L -148.3754, 978.6250, 119.6260,  -148.3746, 1015.6250, 119.6260,  64, 64, 64
L -148.3746, 1015.6250, 119.6260,  -269.3623, 1015.6250, 111.6260,  64, 64, 64
L -255.3750, 1003.3749, 118.6260,  -255.3747, 1015.6250, 118.6260,  127, 127, 127
L -257.3750, 1015.6250, 117.6260,  -257.3750, 1003.3749, 117.6260,  127, 127, 127
L -259.3750, 1003.3749, 116.6260,  -259.3747, 1015.6250, 116.6260,  127, 127, 127
L -261.3750, 1015.6250, 115.6260,  -261.3750, 1003.3749, 115.6260,  127, 127, 127
L -263.3750, 1003.3749, 114.6260,  -263.3750, 1015.6250, 114.6260,  127, 127, 127
L -265.3750, 1015.6250, 113.6260,  -265.3750, 1003.3749, 113.6260,  127, 127, 127
L -267.3750, 1003.3749, 112.6260,  -267.3750, 1015.6250, 112.6260,  127, 127, 127
L -269.3750, 1015.6250, 111.6260,  -269.3750, 1003.3749, 111.6260,  127, 127, 127
L -162.7760, 613.1874, 56.3134,  -77.9218, 613.1875, 56.3134,  64, 64, 64
L -77.9218, 613.1875, 56.3134,  -65.8119, 601.7690, 56.3134,  64, 64, 64
L -65.8119, 601.7690, 56.3134,  -65.8125, 590.9216, 56.3134,  64, 64, 64
L -65.8125, 590.9216, 56.3134,  -77.9227, 578.8120, 56.3134,  64, 64, 64
L -77.9227, 578.8120, 56.3134,  -161.5432, 578.8124, 56.3134,  64, 64, 64
L -162.4350, 579.1666, 56.3134,  -174.1879, 590.9225, 56.3134,  64, 64, 64
L -174.1879, 590.9225, 56.3134,  -174.1875, 601.7800, 56.3134,  64, 64, 64
L -174.1875, 601.7800, 56.3134,  -162.7760, 613.1874, 56.3134,  64, 64, 64
L -225.8125, 601.7750, 56.3134,  -225.8125, 590.9221, 56.3134,  64, 64, 64
L -225.8125, 590.9221, 56.3134,  -237.9226, 578.8120, 56.3134,  64, 64, 64
L -237.9226, 578.8120, 56.3134,  -322.7810, 578.8124, 56.3134,  64, 64, 64
L -322.7810, 578.8124, 56.3134,  -334.1884, 590.9230, 56.3134,  64, 64, 64
L -334.1884, 590.9230, 56.3134,  -334.1875, 601.7820, 56.3134,  64, 64, 64
L -334.1875, 601.7820, 56.3134,  -322.7690, 613.1879, 56.3134,  64, 64, 64
L -322.7690, 613.1879, 56.3134,  -237.9222, 613.1874, 56.3134,  64, 64, 64
L -236.9223, 545.1874, 56.3134,  -225.8120, 534.7700, 56.3134,  64, 64, 64
L -225.8120, 534.7700, 56.3134,  -225.8125, 521.9217, 56.3134,  64, 64, 64
L -225.8125, 521.9217, 56.3134,  -236.9225, 510.8122, 56.3134,  64, 64, 64
L -236.9225, 510.8122, 56.3134,  -252.9223, 510.8125, 56.3134,  64, 64, 64
L -252.9223, 510.8125, 56.3134,  -278.8125, 484.9223, 56.3134,  64, 64, 64
L -278.8125, 484.9223, 56.3134,  -278.8124, 468.9218, 56.3134,  64, 64, 64
L -278.8124, 468.9218, 56.3134,  -289.9223, 457.8125, 56.3134,  64, 64, 64
L -289.9223, 457.8125, 56.3134,  -302.7810, 457.8125, 56.3134,  64, 64, 64
L -302.7810, 457.8125, 56.3134,  -313.1877, 468.9225, 56.3134,  64, 64, 64
L -313.1877, 468.9225, 56.3134,  -313.1874, 491.7880, 56.3134,  64, 64, 64
L -313.1874, 491.7880, 56.3134,  -259.7740, 545.1876, 56.3134,  64, 64, 64
L -259.7740, 545.1876, 56.3134,  -236.9223, 545.1874, 56.3134,  64, 64, 64
L -174.1875, 521.9225, 56.3134,  -174.1875, 534.7750, 56.3134,  64, 64, 64
L -174.1875, 534.7750, 56.3134,  -163.7720, 545.1879, 56.3134,  64, 64, 64
L -163.7720, 545.1879, 56.3134,  -140.9218, 545.1874, 56.3134,  64, 64, 64
L -140.9218, 545.1874, 56.3134,  -86.8121, 491.7720, 56.3134,  64, 64, 64
L -86.8121, 491.7720, 56.3134,  -86.8125, 469.1046, 56.3134,  64, 64, 64
L -86.8125, 469.1046, 56.3134,  -97.7930, 457.8125, 56.3134,  64, 64, 64
L -97.7930, 457.8125, 56.3134,  -110.7890, 457.8125, 56.3134,  64, 64, 64
L -110.7890, 457.8125, 56.3134,  -121.1877, 468.9225, 56.3134,  64, 64, 64
L -121.1877, 468.9225, 56.3134,  -121.1875, 484.9223, 56.3134,  64, 64, 64
L -121.1875, 484.9223, 56.3134,  -147.7740, 510.8125, 56.3134,  64, 64, 64
L -147.7740, 510.8125, 56.3134,  -163.7830, 510.8124, 56.3134,  64, 64, 64
L -163.7830, 510.8124, 56.3134,  -174.1875, 521.9225, 56.3134,  64, 64, 64
L -302.7740, 406.1875, 56.3134,  -289.9216, 406.1875, 56.3134,  64, 64, 64
L -289.9216, 406.1875, 56.3134,  -278.8118, 395.7690, 56.3134,  64, 64, 64
L -278.8118, 395.7690, 56.3134,  -278.8125, 379.7760, 56.3134,  64, 64, 64
L -278.8125, 379.7760, 56.3134,  -252.9223, 353.1875, 56.3134,  64, 64, 64
L -252.9223, 353.1875, 56.3134,  -236.9221, 353.1875, 56.3134,  64, 64, 64
L -236.9221, 353.1875, 56.3134,  -225.8118, 342.7690, 56.3134,  64, 64, 64
L -225.8118, 342.7690, 56.3134,  -225.8125, 329.9214, 56.3134,  64, 64, 64
L -225.8125, 329.9214, 56.3134,  -236.9226, 318.8122, 56.3134,  64, 64, 64
L -236.9226, 318.8122, 56.3134,  -259.7810, 318.8125, 56.3134,  64, 64, 64
L -259.7810, 318.8125, 56.3134,  -313.1881, 372.9229, 56.3134,  64, 64, 64
L -313.1881, 372.9229, 56.3134,  -313.1874, 395.7850, 56.3134,  64, 64, 64
L -313.1874, 395.7850, 56.3134,  -302.7740, 406.1875, 56.3134,  64, 64, 64
L -174.1875, 329.9223, 56.3134,  -174.1875, 342.7790, 56.3134,  64, 64, 64
L -174.1875, 342.7790, 56.3134,  -163.7740, 353.1877, 56.3134,  64, 64, 64
L -163.7740, 353.1877, 56.3134,  -147.7750, 353.1875, 56.3134,  64, 64, 64
L -147.7750, 353.1875, 56.3134,  -121.1875, 379.7760, 56.3134,  64, 64, 64
L -121.1875, 379.7760, 56.3134,  -121.1875, 395.7810, 56.3134,  64, 64, 64
L -121.1875, 395.7810, 56.3134,  -110.7720, 406.1877, 56.3134,  64, 64, 64
L -110.7720, 406.1877, 56.3134,  -97.9217, 406.1875, 56.3134,  64, 64, 64
L -97.9217, 406.1875, 56.3134,  -86.8121, 395.7720, 56.3134,  64, 64, 64
L -86.8121, 395.7720, 56.3134,  -86.8125, 372.9218, 56.3134,  64, 64, 64
L -86.8125, 372.9218, 56.3134,  -140.9228, 318.8118, 56.3134,  64, 64, 64
L -140.9228, 318.8118, 56.3134,  -163.7800, 318.8125, 56.3134,  64, 64, 64
L -163.7800, 318.8125, 56.3134,  -174.1875, 329.9223, 56.3134,  64, 64, 64
L 172.9222, 750.8125, 56.3134,  118.8119, 804.9228, 56.3134,  64, 64, 64
L 118.8119, 804.9228, 56.3134,  118.8125, 827.7820, 56.3134,  64, 64, 64
L 118.8125, 827.7820, 56.3134,  129.9227, 838.1879, 56.3134,  64, 64, 64
L 129.9227, 838.1879, 56.3134,  142.7760, 838.1874, 56.3134,  64, 64, 64
L 142.7760, 838.1874, 56.3134,  153.1798, 827.8520, 56.3134,  64, 64, 64
L 153.1798, 827.8520, 56.3134,  153.2349, 811.2990, 56.3134,  64, 64, 64
L 153.2349, 811.2990, 56.3134,  179.7760, 785.1875, 56.3134,  64, 64, 64
L 179.7760, 785.1875, 56.3134,  195.7800, 785.1875, 56.3134,  64, 64, 64
L 195.7800, 785.1875, 56.3134,  206.1875, 774.7750, 56.3134,  64, 64, 64
L 206.1875, 774.7750, 56.3134,  206.1875, 761.9217, 56.3134,  64, 64, 64
L 206.1875, 761.9217, 56.3134,  195.7690, 750.8116, 56.3134,  64, 64, 64
L 195.7690, 750.8116, 56.3134,  172.9222, 750.8125, 56.3134,  64, 64, 64
L 257.8125, 761.9221, 56.3134,  257.8125, 774.7750, 56.3134,  64, 64, 64
L 257.8125, 774.7750, 56.3134,  268.9227, 785.1877, 56.3134,  64, 64, 64
L 268.9227, 785.1877, 56.3134,  284.9223, 785.1874, 56.3134,  64, 64, 64
L 284.9223, 785.1874, 56.3134,  310.8125, 811.7660, 56.3134,  64, 64, 64
L 310.8125, 811.7660, 56.3134,  310.8124, 827.7820, 56.3134,  64, 64, 64
L 310.8124, 827.7820, 56.3134,  321.9225, 838.1876, 56.3134,  64, 64, 64
L 321.9225, 838.1876, 56.3134,  334.7830, 838.1874, 56.3134,  64, 64, 64
L 334.7830, 838.1874, 56.3134,  345.1879, 827.7700, 56.3134,  64, 64, 64
L 345.1879, 827.7700, 56.3134,  345.1874, 804.9219, 56.3134,  64, 64, 64
L 345.1874, 804.9219, 56.3134,  291.7700, 750.8120, 56.3134,  64, 64, 64
L 291.7700, 750.8120, 56.3134,  268.9214, 750.8124, 56.3134,  64, 64, 64
L 268.9214, 750.8124, 56.3134,  257.8125, 761.9221, 56.3134,  64, 64, 64
L 321.9221, 889.8125, 56.3134,  310.8124, 900.9221, 56.3134,  64, 64, 64
L 310.8124, 900.9221, 56.3134,  310.8125, 916.9221, 56.3134,  64, 64, 64
L 310.8125, 916.9221, 56.3134,  284.9223, 942.8125, 56.3134,  64, 64, 64
L 284.9223, 942.8125, 56.3134,  268.9223, 942.8125, 56.3134,  64, 64, 64
L 268.9223, 942.8125, 56.3134,  257.8122, 953.9224, 56.3134,  64, 64, 64
L 257.8122, 953.9224, 56.3134,  257.8125, 966.7800, 56.3134,  64, 64, 64
L 257.8125, 966.7800, 56.3134,  268.9227, 977.1877, 56.3134,  64, 64, 64
L 268.9227, 977.1877, 56.3134,  291.7760, 977.1874, 56.3134,  64, 64, 64
L 291.7760, 977.1874, 56.3134,  345.1879, 923.7710, 56.3134,  64, 64, 64
L 345.1879, 923.7710, 56.3134,  345.1874, 900.9216, 56.3134,  64, 64, 64
L 345.1874, 900.9216, 56.3134,  334.7700, 889.8120, 56.3134,  64, 64, 64
L 334.7700, 889.8120, 56.3134,  321.9221, 889.8125, 56.3134,  64, 64, 64
L 206.1875, 966.7740, 56.3134,  206.1875, 953.9217, 56.3134,  64, 64, 64
L 206.1875, 953.9217, 56.3134,  195.7710, 942.8120, 56.3134,  64, 64, 64
L 195.7710, 942.8120, 56.3134,  179.7760, 942.8124, 56.3134,  64, 64, 64
L 179.7760, 942.8124, 56.3134,  153.1875, 916.9222, 56.3134,  64, 64, 64
L 153.1875, 916.9222, 56.3134,  153.1875, 900.9221, 56.3134,  64, 64, 64
L 153.1875, 900.9221, 56.3134,  142.7720, 889.8120, 56.3134,  64, 64, 64
L 142.7720, 889.8120, 56.3134,  129.9221, 889.8124, 56.3134,  64, 64, 64
L 129.9221, 889.8124, 56.3134,  118.8122, 900.9224, 56.3134,  64, 64, 64
L 118.8122, 900.9224, 56.3134,  118.8125, 923.7830, 56.3134,  64, 64, 64
L 118.8125, 923.7830, 56.3134,  172.9227, 977.1879, 56.3134,  64, 64, 64
L 172.9227, 977.1879, 56.3134,  195.7830, 977.1874, 56.3134,  64, 64, 64
L 195.7830, 977.1874, 56.3134,  206.1875, 966.7740, 56.3134,  64, 64, 64
L 378.8124, 900.9222, 56.3134,  378.8125, 985.7750, 56.3134,  64, 64, 64
L 378.8125, 985.7750, 56.3134,  390.9229, 997.1879, 56.3134,  64, 64, 64
L 390.9229, 997.1879, 56.3134,  401.7810, 997.1874, 56.3134,  64, 64, 64
L 401.7810, 997.1874, 56.3134,  413.1879, 985.7710, 56.3134,  64, 64, 64
L 413.1879, 985.7710, 56.3134,  413.1874, 900.9211, 56.3134,  64, 64, 64
L 413.1874, 900.9211, 56.3134,  401.7740, 888.8124, 56.3134,  64, 64, 64
L 401.7740, 888.8124, 56.3134,  390.9223, 888.8124, 56.3134,  64, 64, 64
L 390.9223, 888.8124, 56.3134,  378.8124, 900.9222, 56.3134,  64, 64, 64
L 390.9223, 838.1874, 56.3134,  401.7760, 838.1874, 56.3134,  64, 64, 64
L 401.7760, 838.1874, 56.3134,  413.1877, 826.7740, 56.3134,  64, 64, 64
L 413.1877, 826.7740, 56.3134,  413.1874, 741.9210, 56.3134,  64, 64, 64
L 413.1874, 741.9210, 56.3134,  401.7720, 729.8121, 56.3134,  64, 64, 64
L 401.7720, 729.8121, 56.3134,  390.9216, 729.8124, 56.3134,  64, 64, 64
L 390.9216, 729.8124, 56.3134,  378.8122, 741.9222, 56.3134,  64, 64, 64
L 378.8122, 741.9222, 56.3134,  378.8125, 826.7750, 56.3134,  64, 64, 64
L 378.8125, 826.7750, 56.3134,  390.9223, 838.1874, 56.3134,  64, 64, 64
L 550.7880, 491.4345, 56.3134,  604.9482, 545.2120, 56.3134,  64, 64, 64
L 604.9482, 545.2120, 56.3134,  627.7830, 545.1865, 56.3134,  64, 64, 64
L 627.7830, 545.1865, 56.3134,  638.1879, 534.7710, 56.3134,  64, 64, 64
L 638.1879, 534.7710, 56.3134,  638.1874, 521.9213, 56.3134,  64, 64, 64
L 638.1874, 521.9213, 56.3134,  627.7700, 510.8120, 56.3134,  64, 64, 64
L 627.7700, 510.8120, 56.3134,  611.7620, 510.8125, 56.3134,  64, 64, 64
L 611.7620, 510.8125, 56.3134,  585.1874, 484.9223, 56.3134,  64, 64, 64
L 585.1874, 484.9223, 56.3134,  585.1876, 468.9221, 56.3134,  64, 64, 64
L 585.1876, 468.9221, 56.3134,  574.7690, 457.8118, 56.3134,  64, 64, 64
L 574.7690, 457.8118, 56.3134,  561.9221, 457.8125, 56.3134,  64, 64, 64
L 561.9221, 457.8125, 56.3134,  550.8124, 468.9223, 56.3134,  64, 64, 64
L 550.8124, 490.5770, 56.3134,  550.8124, 468.9223, 56.3134,  64, 64, 64
L 561.9222, 406.1875, 56.3134,  574.7750, 406.1875, 56.3134,  64, 64, 64
L 574.7750, 406.1875, 56.3134,  585.1875, 395.7740, 56.3134,  64, 64, 64
L 585.1875, 395.7740, 56.3134,  585.1874, 379.7760, 56.3134,  64, 64, 64
L 585.1874, 379.7760, 56.3134,  611.7740, 353.1875, 56.3134,  64, 64, 64
L 611.7740, 353.1875, 56.3134,  627.7750, 353.1875, 56.3134,  64, 64, 64
L 627.7750, 353.1875, 56.3134,  638.1874, 342.7760, 56.3134,  64, 64, 64
L 638.1874, 342.7760, 56.3134,  638.1874, 329.9221, 56.3134,  64, 64, 64
L 638.1874, 329.9221, 56.3134,  627.7729, 318.8122, 56.3134,  64, 64, 64
L 627.7729, 318.8122, 56.3134,  604.9220, 318.8125, 56.3134,  64, 64, 64
L 604.9220, 318.8125, 56.3134,  550.8124, 372.9223, 56.3134,  64, 64, 64
L 550.8124, 372.9223, 56.3134,  550.8124, 395.7780, 56.3134,  64, 64, 64
L 550.8124, 395.7780, 56.3134,  561.9222, 406.1875, 56.3134,  64, 64, 64
L 689.8124, 342.7595, 56.3134,  700.9283, 353.1875, 56.3134,  64, 64, 64
L 700.9283, 353.1875, 56.3134,  716.9222, 353.1874, 56.3134,  64, 64, 64
L 716.9222, 353.1874, 56.3134,  742.8125, 379.7720, 56.3134,  64, 64, 64
L 742.8125, 379.7720, 56.3134,  742.8125, 395.7760, 56.3134,  64, 64, 64
L 742.8125, 395.7760, 56.3134,  753.9221, 406.1874, 56.3134,  64, 64, 64
L 753.9221, 406.1874, 56.3134,  766.7750, 406.1875, 56.3134,  64, 64, 64
L 766.7750, 406.1875, 56.3134,  777.1877, 395.7720, 56.3134,  64, 64, 64
L 777.1877, 395.7720, 56.3134,  777.1874, 372.9223, 56.3134,  64, 64, 64
L 777.1874, 372.9223, 56.3134,  723.7750, 318.8124, 56.3134,  64, 64, 64
L 723.7750, 318.8124, 56.3134,  700.9221, 318.8125, 56.3134,  64, 64, 64
L 700.9221, 318.8125, 56.3134,  689.8124, 329.9223, 56.3134,  64, 64, 64
L 689.8124, 329.9223, 56.3134,  689.8124, 342.7595, 56.3134,  64, 64, 64
L 753.9221, 457.8125, 56.3134,  742.8120, 468.9225, 56.3134,  64, 64, 64
L 742.8120, 468.9225, 56.3134,  742.8125, 484.9223, 56.3134,  64, 64, 64
L 742.8125, 484.9223, 56.3134,  716.9222, 510.8125, 56.3134,  64, 64, 64
L 716.9222, 510.8125, 56.3134,  700.9221, 510.8125, 56.3134,  64, 64, 64
L 700.9221, 510.8125, 56.3134,  689.8123, 521.9224, 56.3134,  64, 64, 64
L 689.8123, 521.9224, 56.3134,  689.8124, 534.7800, 56.3134,  64, 64, 64
L 689.8124, 534.7800, 56.3134,  700.9225, 545.1876, 56.3134,  64, 64, 64
L 700.9225, 545.1876, 56.3134,  723.7800, 545.1874, 56.3134,  64, 64, 64
L 723.7800, 545.1874, 56.3134,  777.1874, 491.7760, 56.3134,  64, 64, 64
L 777.1874, 491.7760, 56.3134,  777.1874, 468.9214, 56.3134,  64, 64, 64
L 777.1874, 468.9214, 56.3134,  766.7740, 457.8124, 56.3134,  64, 64, 64
L 766.7740, 457.8124, 56.3134,  753.9221, 457.8125, 56.3134,  64, 64, 64
L 700.9221, 285.1875, 56.3134,  785.7830, 285.1875, 56.3134,  64, 64, 64
L 785.7830, 285.1875, 56.3134,  797.1882, 273.7690, 56.3134,  64, 64, 64
L 797.1882, 273.7690, 56.3134,  797.1874, 262.9134, 56.3134,  64, 64, 64
L 797.1874, 262.9134, 56.3134,  784.9307, 250.8115, 56.3134,  64, 64, 64
L 784.9307, 250.8115, 56.3134,  700.9216, 250.8125, 56.3134,  64, 64, 64
L 700.9216, 250.8125, 56.3134,  688.8120, 262.9225, 56.3134,  64, 64, 64
L 688.8120, 262.9225, 56.3134,  688.8125, 273.7760, 56.3134,  64, 64, 64
L 688.8125, 273.7760, 56.3134,  700.9221, 285.1875, 56.3134,  64, 64, 64
L 638.1874, 273.7760, 56.3134,  638.1874, 262.9223, 56.3134,  64, 64, 64
L 638.1874, 262.9223, 56.3134,  626.7740, 250.8122, 56.3134,  64, 64, 64
L 626.7740, 250.8122, 56.3134,  541.9221, 250.8125, 56.3134,  64, 64, 64
L 541.9221, 250.8125, 56.3134,  529.7865, 262.9481, 56.3134,  64, 64, 64
L 529.7865, 262.9481, 56.3134,  529.8144, 273.8030, 56.3134,  64, 64, 64
L 529.8144, 273.8030, 56.3134,  542.1072, 285.3724, 56.3134,  64, 64, 64
L 542.1072, 285.3724, 56.3134,  626.7870, 285.1865, 56.3134,  64, 64, 64
L 626.7870, 285.1865, 56.3134,  638.1874, 273.7760, 56.3134,  64, 64, 64
L 786.7750, 578.8124, 56.3134,  701.9219, 578.8125, 56.3134,  64, 64, 64
L 701.9219, 578.8125, 56.3134,  689.8123, 590.9225, 56.3134,  64, 64, 64
L 689.8123, 590.9225, 56.3134,  689.8125, 601.7770, 56.3134,  64, 64, 64
L 689.8125, 601.7770, 56.3134,  701.9225, 613.1876, 56.3134,  64, 64, 64
L 701.9225, 613.1876, 56.3134,  786.7750, 613.1874, 56.3134,  64, 64, 64
L 786.7750, 613.1874, 56.3134,  798.1877, 601.7710, 56.3134,  64, 64, 64
L 798.1877, 601.7710, 56.3134,  798.1874, 590.9217, 56.3134,  64, 64, 64
L 798.1874, 590.9217, 56.3134,  786.7750, 578.8124, 56.3134,  64, 64, 64
L 626.7740, 578.8124, 56.3134,  541.9222, 578.8124, 56.3134,  64, 64, 64
L 541.9222, 578.8124, 56.3134,  529.8123, 590.9224, 56.3134,  64, 64, 64
L 529.8123, 590.9224, 56.3134,  529.8124, 601.7780, 56.3134,  64, 64, 64
L 529.8124, 601.7780, 56.3134,  541.9225, 613.1877, 56.3134,  64, 64, 64
L 541.9225, 613.1877, 56.3134,  626.7820, 613.1874, 56.3134,  64, 64, 64
L 626.7820, 613.1874, 56.3134,  638.3608, 600.9041, 56.3134,  64, 64, 64
L 638.3608, 600.9041, 56.3134,  638.1740, 590.9084, 56.3134,  64, 64, 64
L 638.1740, 590.9084, 56.3134,  626.7740, 578.8124, 56.3134,  64, 64, 64
L 85.1875, 826.7750, 56.3134,  85.1875, 741.9214, 56.3134,  64, 64, 64
L 85.1875, 741.9214, 56.3134,  73.7760, 729.8121, 56.3134,  64, 64, 64
L 73.7760, 729.8121, 56.3134,  62.9219, 729.8125, 56.3134,  64, 64, 64
L 62.9219, 729.8125, 56.3134,  50.8123, 741.9222, 56.3134,  64, 64, 64
L 50.8123, 741.9222, 56.3134,  50.8125, 826.7750, 56.3134,  64, 64, 64
L 50.8125, 826.7750, 56.3134,  62.9228, 838.1879, 56.3134,  64, 64, 64
L 62.9228, 838.1879, 56.3134,  73.7800, 838.1874, 56.3134,  64, 64, 64
L 73.7800, 838.1874, 56.3134,  85.1875, 826.7750, 56.3134,  64, 64, 64
L 84.7052, 901.4401, 56.3134,  73.7760, 889.8124, 56.3134,  64, 64, 64
L 73.7760, 889.8124, 56.3134,  62.8890, 889.8125, 56.3134,  64, 64, 64
L 62.8890, 889.8125, 56.3134,  50.8119, 901.9239, 56.3134,  64, 64, 64
L 50.8119, 901.9239, 56.3134,  50.8125, 986.7800, 56.3134,  64, 64, 64
L 50.8125, 986.7800, 56.3134,  62.9224, 998.1875, 56.3134,  64, 64, 64
L 62.9224, 998.1875, 56.3134,  73.7840, 998.1874, 56.3134,  64, 64, 64
L 73.7840, 998.1874, 56.3134,  85.1881, 986.7690, 56.3134,  64, 64, 64
L 85.1881, 986.7690, 56.3134,  85.1875, 902.2863, 56.3134,  64, 64, 64
L -163.7760, 285.1874, 56.3134,  -78.9218, 285.1875, 56.3134,  64, 64, 64
L -78.9218, 285.1875, 56.3134,  -66.8121, 273.7720, 56.3134,  64, 64, 64
L -66.8121, 273.7720, 56.3134,  -66.8125, 262.9223, 56.3134,  64, 64, 64
L -66.8125, 262.9223, 56.3134,  -78.9223, 250.8123, 56.3134,  64, 64, 64
L -78.9223, 250.8123, 56.3134,  -163.7810, 250.8125, 56.3134,  64, 64, 64
L -163.7810, 250.8125, 56.3134,  -175.1875, 262.9223, 56.3134,  64, 64, 64
L -175.1875, 262.9223, 56.3134,  -175.1875, 273.7760, 56.3134,  64, 64, 64
L -175.1875, 273.7760, 56.3134,  -163.7760, 285.1874, 56.3134,  64, 64, 64
L -237.9223, 285.1875, 56.3134,  -225.8121, 273.7740, 56.3134,  64, 64, 64
L -225.8121, 273.7740, 56.3134,  -225.8125, 262.9223, 56.3134,  64, 64, 64
L -225.8125, 262.9223, 56.3134,  -237.9223, 250.8125, 56.3134,  64, 64, 64
L -237.9223, 250.8125, 56.3134,  -322.7810, 250.8125, 56.3134,  64, 64, 64
L -322.7810, 250.8125, 56.3134,  -334.1879, 262.9227, 56.3134,  64, 64, 64
L -334.1879, 262.9227, 56.3134,  -334.1874, 273.7830, 56.3134,  64, 64, 64
L -334.1874, 273.7830, 56.3134,  -322.7740, 285.1877, 56.3134,  64, 64, 64
L -322.7740, 285.1877, 56.3134,  -237.9223, 285.1875, 56.3134,  64, 64, 64
L -237.9222, 613.1874, 56.3134,  -225.8125, 601.7750, 56.3134,  64, 64, 64
L 562.7750, 462.1875, 58.3134,  555.1874, 469.7760, 58.3134,  0, 127, 0
L 555.1874, 469.7760, 58.3134,  555.1874, 490.9223, 58.3134,  0, 127, 0
L 555.1874, 490.9223, 58.3134,  605.7690, 540.8125, 58.3134,  0, 127, 0
L 605.7690, 540.8125, 58.3134,  626.9221, 540.8125, 58.3134,  0, 127, 0
L 626.9221, 540.8125, 58.3134,  633.8124, 533.9222, 58.3134,  0, 127, 0
L 633.8124, 533.9222, 58.3134,  633.8125, 522.7750, 58.3134,  0, 127, 0
L 633.8125, 522.7750, 58.3134,  626.9221, 515.1874, 58.3134,  0, 127, 0
L 626.9221, 515.1874, 58.3134,  610.9213, 515.1874, 58.3134,  0, 127, 0
L 610.9213, 515.1874, 58.3134,  580.8120, 485.7720, 58.3134,  0, 127, 0
L 580.8120, 485.7720, 58.3134,  580.8125, 469.7760, 58.3134,  0, 127, 0
L 580.8125, 469.7760, 58.3134,  573.9222, 462.1875, 58.3134,  0, 127, 0
L 573.9222, 462.1875, 58.3134,  562.7750, 462.1875, 58.3134,  0, 127, 0
L 562.7700, 401.8125, 58.3134,  573.9221, 401.8125, 58.3134,  0, 127, 0
L 573.9221, 401.8125, 58.3134,  580.8124, 394.9223, 58.3134,  0, 127, 0
L 580.8124, 394.9223, 58.3134,  580.8125, 378.9216, 58.3134,  0, 127, 0
L 580.8125, 378.9216, 58.3134,  610.9225, 348.8120, 58.3134,  0, 127, 0
L 610.9225, 348.8120, 58.3134,  626.9221, 348.8125, 58.3134,  0, 127, 0
L 626.9221, 348.8125, 58.3134,  633.8124, 341.9223, 58.3134,  0, 127, 0
L 633.8124, 341.9223, 58.3134,  633.8125, 330.7760, 58.3134,  0, 127, 0
L 633.8125, 330.7760, 58.3134,  626.9224, 323.1875, 58.3134,  0, 127, 0
L 626.9224, 323.1875, 58.3134,  605.7750, 323.1875, 58.3134,  0, 127, 0
L 605.7750, 323.1875, 58.3134,  555.1874, 373.7760, 58.3134,  0, 127, 0
L 555.1874, 373.7760, 58.3134,  555.1874, 394.9223, 58.3134,  0, 127, 0
L 555.1874, 394.9223, 58.3134,  562.7679, 401.8125, 58.3134,  0, 127, 0
L 694.1874, 533.9222, 58.3134,  701.7650, 540.8125, 58.3134,  0, 127, 0
L 701.7650, 540.8125, 58.3134,  722.9221, 540.8125, 58.3134,  0, 127, 0
L 722.9221, 540.8125, 58.3134,  772.8124, 490.9223, 58.3134,  0, 127, 0
L 772.8124, 490.9223, 58.3134,  772.8125, 469.7760, 58.3134,  0, 127, 0
L 772.8125, 469.7760, 58.3134,  765.9222, 462.1875, 58.3134,  0, 127, 0
L 765.9222, 462.1875, 58.3134,  754.7750, 462.1875, 58.3134,  0, 127, 0
L 754.7750, 462.1875, 58.3134,  747.1875, 469.7760, 58.3134,  0, 127, 0
L 747.1875, 469.7760, 58.3134,  747.1874, 485.7790, 58.3134,  0, 127, 0
L 747.1874, 485.7790, 58.3134,  717.7750, 515.1874, 58.3134,  0, 127, 0
L 717.7750, 515.1874, 58.3134,  701.7750, 515.1874, 58.3134,  0, 127, 0
L 701.7750, 515.1874, 58.3134,  694.1874, 522.5724, 58.3134,  0, 127, 0
L 694.1874, 522.5724, 58.3134,  694.1874, 533.9221, 58.3134,  0, 127, 0
L 754.7750, 401.8125, 58.3134,  765.9221, 401.8125, 58.3134,  0, 127, 0
L 765.9221, 401.8125, 58.3134,  772.8124, 394.9223, 58.3134,  0, 127, 0
L 772.8124, 394.9223, 58.3134,  772.8125, 373.7760, 58.3134,  0, 127, 0
L 772.8125, 373.7760, 58.3134,  722.9222, 323.1875, 58.3134,  0, 127, 0
L 722.9222, 323.1875, 58.3134,  701.7750, 323.1875, 58.3134,  0, 127, 0
L 701.7750, 323.1875, 58.3134,  694.1874, 330.7760, 58.3134,  0, 127, 0
L 694.1874, 330.7760, 58.3134,  694.1874, 341.9223, 58.3134,  0, 127, 0
L 694.1874, 341.9223, 58.3134,  701.7690, 348.8125, 58.3134,  0, 127, 0
L 701.7690, 348.8125, 58.3134,  717.7820, 348.8125, 58.3134,  0, 127, 0
L 717.7820, 348.8125, 58.3134,  747.1879, 378.9227, 58.3134,  0, 127, 0
L 747.1879, 378.9227, 58.3134,  747.1874, 394.9221, 58.3134,  0, 127, 0
L 747.1874, 394.9221, 58.3134,  754.7750, 401.8125, 58.3134,  0, 127, 0
L -116.8125, 394.9223, 58.3134,  -109.9223, 401.8125, 58.3134,  0, 127, 0
L -109.9223, 401.8125, 58.3134,  -98.7760, 401.8125, 58.3134,  0, 127, 0
L -98.7760, 401.8125, 58.3134,  -91.1875, 394.9223, 58.3134,  0, 127, 0
L -91.1875, 394.9223, 58.3134,  -91.1875, 373.7760, 58.3134,  0, 127, 0
L -91.1875, 373.7760, 58.3134,  -141.7760, 323.1875, 58.3134,  0, 127, 0
L -141.7760, 323.1875, 58.3134,  -162.9223, 323.1875, 58.3134,  0, 127, 0
L -162.9223, 323.1875, 58.3134,  -169.8125, 330.7720, 58.3134,  0, 127, 0
L -169.8125, 330.7720, 58.3134,  -169.8125, 341.9223, 58.3134,  0, 127, 0
L -169.8125, 341.9223, 58.3134,  -162.9223, 348.8125, 58.3134,  0, 127, 0
L -162.9223, 348.8125, 58.3134,  -146.9219, 348.8125, 58.3134,  0, 127, 0
L -146.9219, 348.8125, 58.3134,  -116.8121, 378.9227, 58.3134,  0, 127, 0
L -116.8121, 378.9227, 58.3134,  -116.8125, 394.9223, 58.3134,  0, 127, 0
L -230.1875, 330.7760, 58.3134,  -237.7760, 323.1875, 58.3134,  0, 127, 0
L -237.7760, 323.1875, 58.3134,  -258.9223, 323.1874, 58.3134,  0, 127, 0
L -258.9223, 323.1874, 58.3134,  -308.8125, 373.7720, 58.3134,  0, 127, 0
L -308.8125, 373.7720, 58.3134,  -308.8125, 394.9223, 58.3134,  0, 127, 0
L -308.8125, 394.9223, 58.3134,  -301.9223, 401.8125, 58.3134,  0, 127, 0
L -301.9223, 401.8125, 58.3134,  -290.7760, 401.8125, 58.3134,  0, 127, 0
L -290.7760, 401.8125, 58.3134,  -283.1875, 394.9223, 58.3134,  0, 127, 0
L -283.1875, 394.9223, 58.3134,  -283.1874, 378.9218, 58.3134,  0, 127, 0
L -283.1874, 378.9218, 58.3134,  -253.7750, 348.8124, 58.3134,  0, 127, 0
L -253.7750, 348.8124, 58.3134,  -237.7760, 348.8125, 58.3134,  0, 127, 0
L -237.7760, 348.8125, 58.3134,  -230.1875, 341.9223, 58.3134,  0, 127, 0
L -230.1875, 341.9223, 58.3134,  -230.1876, 330.7740, 58.3134,  0, 127, 0
L -283.1874, 469.7760, 58.3134,  -290.7760, 462.1875, 58.3134,  0, 127, 0
L -290.7760, 462.1875, 58.3134,  -301.9223, 462.1875, 58.3134,  0, 127, 0
L -301.9223, 462.1875, 58.3134,  -308.8125, 469.7740, 58.3134,  0, 127, 0
L -308.8125, 469.7740, 58.3134,  -308.8125, 490.9223, 58.3134,  0, 127, 0
L -308.8125, 490.9223, 58.3134,  -258.9223, 540.8124, 58.3134,  0, 127, 0
L -258.9223, 540.8124, 58.3134,  -237.7760, 540.8125, 58.3134,  0, 127, 0
L -237.7760, 540.8125, 58.3134,  -230.1875, 533.9222, 58.3134,  0, 127, 0
L -230.1875, 533.9222, 58.3134,  -230.1875, 522.7750, 58.3134,  0, 127, 0
L -230.1875, 522.7750, 58.3134,  -237.7760, 515.1875, 58.3134,  0, 127, 0
L -237.7760, 515.1875, 58.3134,  -253.7760, 515.1875, 58.3134,  0, 127, 0
L -253.7760, 515.1875, 58.3134,  -283.1879, 485.7720, 58.3134,  0, 127, 0
L -283.1879, 485.7720, 58.3134,  -283.1875, 469.7760, 58.3134,  0, 127, 0
L -169.8125, 522.7700, 58.3134,  -169.8125, 533.9222, 58.3134,  0, 127, 0
L -169.8125, 533.9222, 58.3134,  -162.9223, 540.8124, 58.3134,  0, 127, 0
L -162.9223, 540.8124, 58.3134,  -141.7760, 540.8125, 58.3134,  0, 127, 0
L -141.7760, 540.8125, 58.3134,  -91.1875, 490.9223, 58.3134,  0, 127, 0
L -91.1875, 490.9223, 58.3134,  -91.1875, 469.7760, 58.3134,  0, 127, 0
L -91.1875, 469.7760, 58.3134,  -98.7760, 462.1875, 58.3134,  0, 127, 0
L -98.7760, 462.1875, 58.3134,  -109.9223, 462.1875, 58.3134,  0, 127, 0
L -109.9223, 462.1875, 58.3134,  -116.8125, 469.7720, 58.3134,  0, 127, 0
L -116.8125, 469.7720, 58.3134,  -116.8125, 485.7850, 58.3134,  0, 127, 0
L -116.8125, 485.7850, 58.3134,  -146.9224, 515.1875, 58.3134,  0, 127, 0
L -146.9224, 515.1875, 58.3134,  -162.9224, 515.1875, 58.3134,  0, 127, 0
L -162.9224, 515.1875, 58.3134,  -169.8125, 522.7660, 58.3134,  0, 127, 0
L 123.1875, 805.7750, 58.3134,  123.1875, 826.9222, 58.3134,  0, 127, 0
L 123.1875, 826.9222, 58.3134,  130.7740, 833.8125, 58.3134,  0, 127, 0
L 130.7740, 833.8125, 58.3134,  141.9223, 833.8125, 58.3134,  0, 127, 0
L 141.9223, 833.8125, 58.3134,  148.8125, 826.9222, 58.3134,  0, 127, 0
L 148.8125, 826.9222, 58.3134,  148.8125, 810.9109, 58.3134,  0, 127, 0
L 148.8125, 810.9109, 58.3134,  179.2250, 780.8120, 58.3134,  0, 127, 0
L 179.2250, 780.8120, 58.3134,  194.9223, 780.8125, 58.3134,  0, 127, 0
L 194.9223, 780.8125, 58.3134,  201.8125, 773.9222, 58.3134,  0, 127, 0
L 201.8125, 773.9222, 58.3134,  201.8125, 762.7750, 58.3134,  0, 127, 0
L 201.8125, 762.7750, 58.3134,  194.9223, 755.1874, 58.3134,  0, 127, 0
L 194.9223, 755.1874, 58.3134,  173.7750, 755.1874, 58.3134,  0, 127, 0
L 173.7750, 755.1874, 58.3134,  123.1875, 805.7750, 58.3134,  0, 127, 0
L 130.7760, 894.1874, 58.3134,  123.1875, 901.7750, 58.3134,  0, 127, 0
L 123.1875, 901.7750, 58.3134,  123.1875, 922.9222, 58.3134,  0, 127, 0
L 123.1875, 922.9222, 58.3134,  173.7750, 972.8125, 58.3134,  0, 127, 0
L 173.7750, 972.8125, 58.3134,  194.9223, 972.8125, 58.3134,  0, 127, 0
L 194.9223, 972.8125, 58.3134,  201.8125, 965.9222, 58.3134,  0, 127, 0
L 201.8125, 965.9222, 58.3134,  201.8125, 954.7700, 58.3134,  0, 127, 0
L 201.8125, 954.7700, 58.3134,  194.9223, 947.1874, 58.3134,  0, 127, 0
L 194.9223, 947.1874, 58.3134,  178.9217, 947.1874, 58.3134,  0, 127, 0
L 178.9217, 947.1874, 58.3134,  148.8119, 917.7690, 58.3134,  0, 127, 0
L 148.8119, 917.7690, 58.3134,  148.8125, 901.7750, 58.3134,  0, 127, 0
L 148.8125, 901.7750, 58.3134,  141.9223, 894.1874, 58.3134,  0, 127, 0
L 141.9223, 894.1874, 58.3134,  130.7760, 894.1874, 58.3134,  0, 127, 0
L 269.7740, 972.8125, 58.3134,  290.9221, 972.8125, 58.3134,  0, 127, 0
L 290.9221, 972.8125, 58.3134,  340.8124, 922.9224, 58.3134,  0, 127, 0
L 340.8124, 922.9224, 58.3134,  340.8125, 901.7750, 58.3134,  0, 127, 0
L 340.8125, 901.7750, 58.3134,  333.9223, 894.1874, 58.3134,  0, 127, 0
L 333.9223, 894.1874, 58.3134,  322.7760, 894.1874, 58.3134,  0, 127, 0
L 322.7760, 894.1874, 58.3134,  315.1875, 901.7750, 58.3134,  0, 127, 0
L 315.1875, 901.7750, 58.3134,  315.1875, 917.7790, 58.3134,  0, 127, 0
L 315.1875, 917.7790, 58.3134,  285.7830, 947.1874, 58.3134,  0, 127, 0
L 285.7830, 947.1874, 58.3134,  269.7760, 947.1874, 58.3134,  0, 127, 0
L 269.7760, 947.1874, 58.3134,  262.1875, 954.7750, 58.3134,  0, 127, 0
L 262.1875, 954.7750, 58.3134,  262.1874, 965.9222, 58.3134,  0, 127, 0
L 262.1874, 965.9222, 58.3134,  269.7760, 972.8125, 58.3134,  0, 127, 0
L 333.9223, 833.8125, 58.3134,  340.8125, 826.9222, 58.3134,  0, 127, 0
L 340.8125, 826.9222, 58.3134,  340.8125, 805.7750, 58.3134,  0, 127, 0
L 340.8125, 805.7750, 58.3134,  290.9223, 755.1874, 58.3134,  0, 127, 0
L 290.9223, 755.1874, 58.3134,  269.7760, 755.1874, 58.3134,  0, 127, 0
L 269.7760, 755.1874, 58.3134,  262.1875, 762.1647, 58.3134,  0, 127, 0
L 262.1875, 762.1647, 58.3134,  262.1875, 773.9222, 58.3134,  0, 127, 0
L 262.1875, 773.9222, 58.3134,  269.7740, 780.8125, 58.3134,  0, 127, 0
L 269.7740, 780.8125, 58.3134,  285.7850, 780.8125, 58.3134,  0, 127, 0
L 285.7850, 780.8125, 58.3134,  315.1881, 810.9220, 58.3134,  0, 127, 0
L 315.1881, 810.9220, 58.3134,  315.1874, 826.9222, 58.3134,  0, 127, 0
L 315.1874, 826.9222, 58.3134,  322.7740, 833.8125, 58.3134,  0, 127, 0
L 322.7740, 833.8125, 58.3134,  333.9221, 833.8125, 58.3134,  0, 127, 0
L 408.8125, 825.9222, 57.3134,  408.8125, 742.7750, 57.3134,  0, 0, 255
L 408.8125, 742.7750, 57.3134,  400.9223, 734.1874, 57.3134,  0, 0, 255
L 400.9223, 734.1874, 57.3134,  391.7760, 734.1874, 57.3134,  0, 0, 255
L 391.7760, 734.1874, 57.3134,  383.1875, 742.7770, 57.3134,  0, 0, 255
L 383.1875, 742.7770, 57.3134,  383.1874, 825.9222, 57.3134,  0, 0, 255
L 383.1874, 825.9222, 57.3134,  391.7740, 833.8125, 57.3134,  0, 0, 255
L 391.7740, 833.8125, 57.3134,  400.9221, 833.8125, 57.3134,  0, 0, 255
L 400.9221, 833.8125, 57.3134,  408.8125, 825.9222, 57.3134,  0, 0, 255
L 400.9223, 893.1874, 57.3134,  391.7760, 893.1874, 57.3134,  0, 0, 255
L 391.7760, 893.1874, 57.3134,  383.1875, 901.7770, 57.3134,  0, 0, 255
L 383.1875, 901.7770, 57.3134,  383.1874, 984.9221, 57.3134,  0, 0, 255
L 383.1874, 984.9221, 57.3134,  391.7720, 992.8125, 57.3134,  0, 0, 255
L 391.7720, 992.8125, 57.3134,  400.9221, 992.8125, 57.3134,  0, 0, 255
L 400.9221, 992.8125, 57.3134,  408.8125, 984.9221, 57.3134,  0, 0, 255
L 408.8125, 984.9221, 57.3134,  408.8125, 901.7679, 57.3134,  0, 0, 255
L 408.8125, 901.7679, 57.3134,  400.9223, 893.1874, 57.3134,  0, 0, 255
L 80.8125, 985.9222, 57.3134,  80.8125, 902.7750, 57.3134,  0, 0, 255
L 80.8125, 902.7750, 57.3134,  72.9223, 894.1874, 57.3134,  0, 0, 255
L 72.9223, 894.1874, 57.3134,  63.7780, 894.1874, 57.3134,  0, 0, 255
L 63.7780, 894.1874, 57.3134,  55.1875, 902.7750, 57.3134,  0, 0, 255
L 55.1875, 902.7750, 57.3134,  55.1873, 985.9221, 57.3134,  0, 0, 255
L 55.1873, 985.9221, 57.3134,  63.7750, 993.8125, 57.3134,  0, 0, 255
L 63.7750, 993.8125, 57.3134,  73.1419, 993.5927, 57.3134,  0, 0, 255
L 73.1419, 993.5927, 57.3134,  80.8125, 985.9222, 57.3134,  0, 0, 255
L 80.8125, 825.9222, 57.3134,  80.8125, 742.7750, 57.3134,  0, 0, 255
L 80.8125, 742.7750, 57.3134,  72.9223, 734.1874, 57.3134,  0, 0, 255
L 72.9223, 734.1874, 57.3134,  63.7750, 734.1874, 57.3134,  0, 0, 255
L 63.7750, 734.1874, 57.3134,  55.1875, 742.7750, 57.3134,  0, 0, 255
L 55.1875, 742.7750, 57.3134,  55.1875, 825.9222, 57.3134,  0, 0, 255
L 55.1875, 825.9222, 57.3134,  63.7750, 833.8125, 57.3134,  0, 0, 255
L 63.7750, 833.8125, 57.3134,  72.9223, 833.8125, 57.3134,  0, 0, 255
L 72.9223, 833.8125, 57.3134,  80.8125, 825.9222, 57.3134,  0, 0, 255
L -70.1875, 591.7800, 57.3134,  -78.7760, 583.1874, 57.3134,  0, 0, 255
L -78.7760, 583.1874, 57.3134,  -161.9223, 583.1874, 57.3134,  0, 0, 255
L -161.9223, 583.1874, 57.3134,  -169.8125, 591.7750, 57.3134,  0, 0, 255
L -169.8125, 591.7750, 57.3134,  -169.8125, 600.9224, 57.3134,  0, 0, 255
L -169.8125, 600.9224, 57.3134,  -161.9223, 608.8125, 57.3134,  0, 0, 255
L -161.9223, 608.8125, 57.3134,  -78.7760, 608.8125, 57.3134,  0, 0, 255
L -78.7760, 608.8125, 57.3134,  -70.1875, 600.9222, 57.3134,  0, 0, 255
L -70.1875, 600.9222, 57.3134,  -70.1875, 591.7800, 57.3134,  0, 0, 255
L -238.7760, 583.1874, 57.3134,  -321.9223, 583.1874, 57.3134,  0, 0, 255
L -321.9223, 583.1874, 57.3134,  -329.8125, 591.7729, 57.3134,  0, 0, 255
L -329.8125, 591.7729, 57.3134,  -329.8125, 600.9221, 57.3134,  0, 0, 255
L -321.5262, 608.8124, 57.3134,  -238.7740, 608.8125, 57.3134,  0, 0, 255
L -238.7740, 608.8125, 57.3134,  -230.1875, 600.9224, 57.3134,  0, 0, 255
L -230.1875, 600.9224, 57.3134,  -230.1875, 591.7750, 57.3134,  0, 0, 255
L -230.1875, 591.7750, 57.3134,  -238.7760, 583.1874, 57.3134,  0, 0, 255
L -321.9221, 608.8125, 57.3134,  -329.8125, 600.9222, 57.3134,  0, 0, 255
L -321.9223, 255.1875, 57.3134,  -329.8125, 263.7740, 57.3134,  0, 0, 255
L -329.8125, 263.7740, 57.3134,  -329.8125, 272.9223, 57.3134,  0, 0, 255
L -329.8125, 272.9223, 57.3134,  -321.9223, 280.8125, 57.3134,  0, 0, 255
L -321.9223, 280.8125, 57.3134,  -238.7740, 280.8125, 57.3134,  0, 0, 255
L -230.1875, 272.9193, 57.3134,  -238.7740, 280.8125, 57.3134,  0, 0, 255
L -230.1876, 272.4200, 57.3134,  -230.1875, 263.7760, 57.3134,  0, 0, 255
L -230.1875, 263.7760, 57.3134,  -238.7760, 255.1875, 57.3134,  0, 0, 255
L -238.7760, 255.1875, 57.3134,  -321.9223, 255.1875, 57.3134,  0, 0, 255
L -170.7994, 272.9352, 57.3134,  -162.9223, 280.8125, 57.3134,  0, 0, 255
L -162.9223, 280.8125, 57.3134,  -79.7760, 280.8125, 57.3134,  0, 0, 255
L -79.7760, 280.8125, 57.3134,  -71.1875, 272.9223, 57.3134,  0, 0, 255
L -71.1875, 272.9223, 57.3134,  -71.1875, 263.7760, 57.3134,  0, 0, 255
L -71.1875, 263.7760, 57.3134,  -79.7760, 255.1875, 57.3134,  0, 0, 255
L -79.7760, 255.1875, 57.3134,  -162.9223, 255.1875, 57.3134,  0, 0, 255
L -162.9223, 255.1875, 57.3134,  -170.8125, 263.7740, 57.3134,  0, 0, 255
L -170.8125, 263.7740, 57.3134,  -170.8125, 272.9223, 57.3134,  0, 0, 255
L 542.7750, 280.8125, 57.3134,  625.9221, 280.8125, 57.3134,  0, 0, 255
L 625.9222, 280.8125, 57.3134,  633.8124, 272.9223, 57.3134,  0, 0, 255
L 633.8124, 272.9223, 57.3134,  633.8125, 263.7760, 57.3134,  0, 0, 255
L 633.8125, 263.7760, 57.3134,  625.9222, 255.1875, 57.3134,  0, 0, 255
L 541.7958, 255.4693, 57.3134,  534.1874, 263.7760, 57.3134,  0, 0, 255
L 534.1874, 263.7760, 57.3134,  534.1874, 272.9223, 57.3134,  0, 0, 255
L 534.1874, 272.9223, 57.3134,  542.7750, 280.8125, 57.3134,  0, 0, 255
L 542.7750, 255.1875, 57.3134,  625.9221, 255.1873, 57.3134,  0, 0, 255
L 693.1874, 272.9221, 57.3134,  701.7679, 280.8125, 57.3134,  0, 0, 255
L 701.7679, 280.8125, 57.3134,  784.9221, 280.8125, 57.3134,  0, 0, 255
L 784.9221, 280.8125, 57.3134,  792.8125, 272.9223, 57.3134,  0, 0, 255
L 792.8125, 272.9223, 57.3134,  792.8125, 263.7760, 57.3134,  0, 0, 255
L 792.8125, 263.7760, 57.3134,  784.7259, 255.1875, 57.3134,  0, 0, 255
L 784.7259, 255.1875, 57.3134,  701.7750, 255.1875, 57.3134,  0, 0, 255
L 701.7750, 255.1875, 57.3134,  693.1874, 263.7760, 57.3134,  0, 0, 255
L 693.1874, 263.7760, 57.3134,  693.1874, 272.9223, 57.3134,  0, 0, 255
L 793.8125, 591.7740, 57.3134,  785.8378, 583.1874, 57.3134,  0, 0, 255
L 785.8378, 583.1874, 57.3134,  702.7500, 583.1901, 57.3134,  0, 0, 255
L 702.7500, 583.1901, 57.3134,  694.1874, 591.7750, 57.3134,  0, 0, 255
L 694.1874, 591.7750, 57.3134,  694.1874, 600.9222, 57.3134,  0, 0, 255
L 694.1874, 600.9222, 57.3134,  702.7690, 608.8125, 57.3134,  0, 0, 255
L 702.7690, 608.8125, 57.3134,  785.9221, 608.8125, 57.3134,  0, 0, 255
L 785.9221, 608.8125, 57.3134,  793.8125, 600.9221, 57.3134,  0, 0, 255
L 793.8125, 600.9221, 57.3134,  793.8125, 591.7750, 57.3134,  0, 0, 255
L 633.8125, 591.7700, 57.3134,  625.9221, 583.1874, 57.3134,  0, 0, 255
L 625.9221, 583.1874, 57.3134,  542.7750, 583.1874, 57.3134,  0, 0, 255
L 542.7750, 583.1874, 57.3134,  534.1874, 591.7770, 57.3134,  0, 0, 255
L 534.1874, 591.7770, 57.3134,  534.1874, 600.9222, 57.3134,  0, 0, 255
L 534.1874, 600.9222, 57.3134,  542.7700, 608.8125, 57.3134,  0, 0, 255
L 542.7700, 608.8125, 57.3134,  625.9222, 608.8124, 57.3134,  0, 0, 255
L 625.9222, 608.8124, 57.3134,  633.8125, 600.9221, 57.3134,  0, 0, 255
L 633.8125, 600.9221, 57.3134,  633.8125, 591.7750, 57.3134,  0, 0, 255
L 623.8125, 435.6250, 56.3134,  623.8125, 472.1875, 56.3134,  64, 64, 64
L 623.8125, 472.1875, 56.3134,  704.1874, 472.1874, 56.3134,  64, 64, 64
L 704.1874, 472.1874, 56.3134,  704.1874, 435.6250, 56.3134,  64, 64, 64
L 704.1874, 436.1875, 56.3134,  706.1874, 436.1874, 56.3134,  64, 64, 64
L 706.1874, 436.1874, 56.3134,  706.1874, 427.8125, 56.3134,  64, 64, 64
L 706.1874, 427.8125, 56.3134,  704.1874, 427.8125, 56.3134,  64, 64, 64
L 704.1874, 428.3750, 56.3134,  704.1874, 391.8125, 56.3134,  64, 64, 64
L 704.1874, 391.8125, 56.3134,  623.8120, 391.8125, 56.3134,  64, 64, 64
L 623.8120, 391.8125, 56.3134,  623.8125, 428.3745, 56.3134,  64, 64, 64
L 623.8125, 427.8125, 56.3134,  621.8121, 427.8124, 56.3134,  64, 64, 64
L 621.8121, 427.8124, 56.3134,  621.8125, 436.1879, 56.3134,  64, 64, 64
L 621.8125, 436.1879, 56.3134,  623.8125, 436.1875, 56.3134,  64, 64, 64
L 652.3750, 435.6249, 86.6260,  652.3749, 443.6250, 86.6260,  64, 64, 64
L 652.3749, 443.6250, 86.6260,  675.6249, 443.6250, 86.6260,  64, 64, 64
L 675.6250, 443.6250, 86.6260,  675.6249, 435.6249, 86.6260,  64, 64, 64
L 675.6250, 428.3750, 86.6260,  675.6250, 420.3747, 86.6260,  64, 64, 64
L 675.6250, 420.3747, 86.6260,  652.3750, 420.3750, 86.6260,  64, 64, 64
L 652.3750, 420.3750, 86.6260,  652.3750, 428.3750, 86.6260,  64, 64, 64
L 652.3750, 428.3750, 86.6260,  623.8125, 428.3745, 59.6259,  64, 64, 64
L 652.3750, 435.6249, 86.6260,  623.8125, 435.6250, 59.6259,  64, 64, 64
L 675.6250, 428.3750, 86.6260,  704.1874, 428.3750, 59.6259,  64, 64, 64
L 675.6249, 435.6249, 86.6260,  704.1874, 435.6250, 59.6259,  64, 64, 64
L 192.5733, 904.3749, 56.6259,  228.3750, 904.3741, 56.6259,  64, 64, 64
L 227.6250, 904.3744, 56.6259,  227.6415, 906.3749, 56.6259,  64, 64, 64
L 227.6415, 906.3749, 56.6259,  236.3750, 906.3749, 56.6259,  64, 64, 64
L 236.3750, 906.3749, 56.6259,  236.3750, 904.3749, 56.6259,  64, 64, 64
L 235.6250, 904.3748, 56.6259,  272.3749, 904.3749, 56.6259,  64, 64, 64
L 272.3749, 904.3749, 56.6259,  272.3750, 823.6249, 56.6259,  64, 64, 64
L 272.3750, 823.6249, 56.6259,  235.6254, 823.6250, 56.6259,  64, 64, 64
L 236.3750, 823.6250, 56.6259,  236.3750, 821.6250, 56.6259,  64, 64, 64
L 236.3750, 821.6250, 56.6259,  227.6250, 821.6249, 56.6259,  64, 64, 64
L 227.6250, 821.6249, 56.6259,  227.6250, 823.6250, 56.6259,  64, 64, 64
L 228.3736, 823.6250, 56.6259,  191.6246, 823.6250, 56.6259,  64, 64, 64
L 191.6246, 823.6250, 56.6259,  191.6250, 903.6888, 56.6259,  64, 64, 64
L 235.6250, 875.6250, 86.6260,  243.6250, 875.6250, 86.6260,  64, 64, 64
L 243.6250, 875.6250, 86.6260,  243.6250, 852.3741, 86.6260,  64, 64, 64
L 243.6250, 852.3741, 86.6260,  235.6250, 852.3750, 86.6260,  64, 64, 64
L 228.3750, 852.3749, 86.6260,  220.3750, 852.3749, 86.6260,  64, 64, 64
L 220.3750, 852.3749, 86.6260,  220.3750, 875.6250, 86.6260,  64, 64, 64
L 220.3750, 875.6250, 86.6260,  228.3750, 875.6250, 86.6260,  64, 64, 64
L 228.3750, 875.6250, 86.6260,  228.3750, 904.3741, 59.6259,  64, 64, 64
L 235.6250, 875.6250, 86.6260,  235.6250, 904.3748, 59.6259,  64, 64, 64
L 235.6250, 852.3750, 86.6260,  235.6254, 823.6250, 59.6259,  64, 64, 64
L 228.3750, 852.3749, 86.6260,  228.3736, 823.6250, 59.6259,  64, 64, 64
L -159.6250, 428.3750, 56.6259,  -159.6250, 391.6245, 56.6259,  64, 64, 64
L -159.6250, 391.6245, 56.6259,  -240.3751, 391.6250, 56.6259,  64, 64, 64
L -240.3751, 391.6250, 56.6259,  -240.3746, 428.3749, 56.6259,  64, 64, 64
L -240.3746, 427.6250, 56.6259,  -242.3750, 427.6250, 56.6259,  64, 64, 64
L -242.3750, 427.6250, 56.6259,  -242.3750, 436.3750, 56.6259,  64, 64, 64
L -242.3750, 436.3750, 56.6259,  -240.3750, 436.3750, 56.6259,  64, 64, 64
L -240.3750, 435.6250, 56.6259,  -240.3750, 472.3749, 56.6259,  64, 64, 64
L -240.3750, 472.3749, 56.6259,  -159.6246, 472.3750, 56.6259,  64, 64, 64
L -159.6246, 472.3750, 56.6259,  -159.6250, 435.6250, 56.6259,  64, 64, 64
L -159.6250, 436.3747, 56.6259,  -157.6247, 436.3740, 56.6259,  64, 64, 64
L -157.6247, 436.3740, 56.6259,  -157.6250, 427.6250, 56.6259,  64, 64, 64
L -157.6250, 427.6250, 56.6259,  -159.6250, 427.6250, 56.6259,  64, 64, 64
L -188.3682, 428.3749, 86.6260,  -188.3750, 420.3750, 86.6260,  64, 64, 64
L -188.3750, 420.3750, 86.6260,  -211.6250, 420.3750, 86.6260,  64, 64, 64
L -211.6250, 420.3750, 86.6260,  -211.6250, 428.3750, 86.6260,  64, 64, 64
L -211.6250, 435.6250, 86.6260,  -211.6250, 443.6250, 86.6260,  64, 64, 64
L -211.6250, 443.6250, 86.6260,  -188.3748, 443.6250, 86.6260,  64, 64, 64
L -188.3748, 443.6250, 86.6260,  -188.3750, 435.6249, 86.6260,  64, 64, 64
L -188.3750, 435.6249, 86.6260,  -159.6250, 435.6250, 59.6259,  64, 64, 64
L -188.3682, 428.3749, 86.6260,  -159.6250, 428.3750, 59.6259,  64, 64, 64
L -211.6250, 428.3750, 86.6260,  -240.3746, 428.3749, 59.6259,  64, 64, 64
L -211.6250, 435.6250, 86.6260,  -240.3750, 435.6250, 59.6259,  64, 64, 64
L 23.6250, 543.8445, 56.6259,  23.6250, 632.1553, 56.6259,  64, 64, 64
L 23.6250, 632.1553, 56.6259,  31.8448, 640.3751, 56.6259,  64, 64, 64
L 31.8448, 640.3751, 56.6259,  120.1556, 640.3749, 56.6259,  64, 64, 64
L 120.1556, 640.3749, 56.6259,  128.3750, 632.1552, 56.6259,  64, 64, 64
L 128.3750, 632.1552, 56.6259,  128.3750, 600.1553, 56.6259,  64, 64, 64
L 128.3750, 600.1553, 56.6259,  136.1553, 592.3749, 56.6259,  64, 64, 64
L 136.1553, 592.3749, 56.6259,  327.8444, 592.3748, 56.6259,  64, 64, 64
L 327.8444, 592.3748, 56.6259,  335.6250, 600.1543, 56.6259,  64, 64, 64
L 335.6250, 600.1543, 56.6259,  335.6249, 632.1553, 56.6259,  64, 64, 64
L 335.6249, 632.1553, 56.6259,  343.8448, 640.3750, 56.6259,  64, 64, 64
L 343.8448, 640.3750, 56.6259,  432.1553, 640.3749, 56.6259,  64, 64, 64
L 432.1553, 640.3749, 56.6259,  440.3750, 632.1553, 56.6259,  64, 64, 64
L 440.3750, 632.1553, 56.6259,  440.3750, 543.8442, 56.6259,  64, 64, 64
L 440.3750, 543.8442, 56.6259,  432.1478, 535.6174, 56.6259,  64, 64, 64
L 432.1478, 535.6174, 56.6259,  400.1553, 535.6250, 56.6259,  64, 64, 64
L 400.1553, 535.6250, 56.6259,  392.3750, 527.8445, 56.6259,  64, 64, 64
L 392.3750, 527.8445, 56.6259,  392.3750, 336.1553, 56.6259,  64, 64, 64
L 392.3750, 336.1553, 56.6259,  400.1553, 328.3750, 56.6259,  64, 64, 64
L 400.1553, 328.3750, 56.6259,  432.1730, 328.3750, 56.6259,  64, 64, 64
L 432.1730, 328.3750, 56.6259,  440.3750, 320.1530, 56.6259,  64, 64, 64
L 440.3750, 320.1530, 56.6259,  440.3750, 231.8446, 56.6259,  64, 64, 64
L 440.3750, 231.8446, 56.6259,  432.2397, 223.7093, 56.6259,  64, 64, 64
L 432.2397, 223.7093, 56.6259,  343.8453, 223.6243, 56.6259,  64, 64, 64
L 343.8453, 223.6243, 56.6259,  335.6245, 231.8452, 56.6259,  64, 64, 64
L 335.6245, 231.8452, 56.6259,  335.6250, 263.8446, 56.6259,  64, 64, 64
L 335.6250, 263.8446, 56.6259,  327.8446, 271.6250, 56.6259,  64, 64, 64
L 327.8446, 271.6250, 56.6259,  273.1553, 271.6250, 56.6259,  64, 64, 64
L 273.1553, 271.6250, 56.6259,  265.3750, 263.8446, 56.6259,  64, 64, 64
L 265.3750, 263.8446, 56.6259,  265.3750, 255.8446, 56.6259,  64, 64, 64
L 265.3750, 255.8446, 56.6259,  263.3750, 253.8446, 56.6259,  64, 64, 64
L 263.3750, 253.8446, 56.6259,  263.3750, 233.1553, 56.6259,  64, 64, 64
L 263.3750, 233.1553, 56.6259,  265.3750, 231.1553, 56.6259,  64, 64, 64
L 265.3750, 231.1553, 56.6259,  265.3749, 226.8446, 56.6259,  64, 64, 64
L 265.3749, 226.8446, 56.6259,  262.1553, 223.6250, 56.6259,  64, 64, 64
L 262.1553, 223.6250, 56.6259,  257.8448, 223.6246, 56.6259,  64, 64, 64
L 257.8448, 223.6246, 56.6259,  254.6248, 226.8446, 56.6259,  64, 64, 64
L 254.6248, 226.8446, 56.6259,  254.6250, 231.1383, 56.6259,  64, 64, 64
L 254.6250, 231.1383, 56.6259,  256.6250, 233.1553, 56.6259,  64, 64, 64
L 256.6250, 233.1553, 56.6259,  256.6250, 253.8446, 56.6259,  64, 64, 64
L 256.6250, 253.8446, 56.6259,  254.6250, 255.8446, 56.6259,  64, 64, 64
L 254.6250, 255.8446, 56.6259,  254.6250, 264.3749, 56.6259,  64, 64, 64
L 209.3750, 264.3750, 56.6259,  209.3750, 255.8446, 56.6259,  64, 64, 64
L 209.3750, 255.8446, 56.6259,  207.3750, 253.8446, 56.6259,  64, 64, 64
L 207.3750, 253.8446, 56.6259,  207.3750, 233.1553, 56.6259,  64, 64, 64
L 207.3750, 233.1553, 56.6259,  209.3750, 231.1553, 56.6259,  64, 64, 64
L 209.3750, 231.1553, 56.6259,  209.3750, 226.8476, 56.6259,  64, 64, 64
L 209.3750, 226.8476, 56.6259,  206.2059, 223.6750, 56.6259,  64, 64, 64
L 206.2059, 223.6750, 56.6259,  201.8512, 223.6180, 56.6259,  64, 64, 64
L 201.8512, 223.6180, 56.6259,  198.6250, 226.8446, 56.6259,  64, 64, 64
L 198.6250, 226.8446, 56.6259,  198.6250, 231.1553, 56.6259,  64, 64, 64
L 198.6250, 231.1553, 56.6259,  200.6250, 233.1552, 56.6259,  64, 64, 64
L 200.6250, 233.1552, 56.6259,  200.6250, 253.8446, 56.6259,  64, 64, 64
L 200.6250, 253.8446, 56.6259,  198.6242, 255.8454, 56.6259,  64, 64, 64
L 198.6242, 255.8454, 56.6259,  198.6250, 263.8446, 56.6259,  64, 64, 64
L 198.6250, 263.8446, 56.6259,  190.8446, 271.6250, 56.6259,  64, 64, 64
L 190.8446, 271.6250, 56.6259,  136.1553, 271.6250, 56.6259,  64, 64, 64
L 136.1553, 271.6250, 56.6259,  128.3750, 263.8446, 56.6259,  64, 64, 64
L 128.3750, 263.8446, 56.6259,  128.3750, 231.8445, 56.6259,  64, 64, 64
L 128.3750, 231.8445, 56.6259,  120.1551, 223.6247, 56.6259,  64, 64, 64
L 120.1551, 223.6247, 56.6259,  31.8445, 223.6250, 56.6259,  64, 64, 64
L 31.8445, 223.6250, 56.6259,  23.6249, 231.8447, 56.6259,  64, 64, 64
L 23.6249, 231.8447, 56.6259,  23.6250, 320.1553, 56.6259,  64, 64, 64
L 23.6250, 320.1553, 56.6259,  31.8448, 328.3752, 56.6259,  64, 64, 64
L 31.8448, 328.3752, 56.6259,  63.8447, 328.3750, 56.6259,  64, 64, 64
L 63.8447, 328.3750, 56.6259,  71.6251, 336.1553, 56.6259,  64, 64, 64
L 71.6251, 336.1553, 56.6259,  71.6251, 527.8445, 56.6259,  64, 64, 64
L 71.6251, 527.8445, 56.6259,  63.8447, 535.6250, 56.6259,  64, 64, 64
L 63.8447, 535.6250, 56.6259,  31.8441, 535.6250, 56.6259,  64, 64, 64
L 31.8441, 535.6250, 56.6259,  23.6250, 543.8445, 56.6259,  64, 64, 64
L 254.6250, 264.3749, 56.6259,  256.6250, 264.3750, 56.6259,  64, 64, 64
L 256.6250, 264.3750, 56.6259,  256.6250, 271.6250, 56.6259,  64, 64, 64
L 256.6250, 271.6250, 56.6259,  254.6247, 271.6249, 56.6259,  64, 64, 64
L 254.6247, 271.6249, 56.6259,  254.6250, 280.3749, 56.6259,  64, 64, 64
L 254.6250, 280.3749, 56.6259,  259.3750, 280.3750, 56.6259,  64, 64, 64
L 259.3750, 280.3750, 56.6259,  259.3750, 278.3749, 56.6259,  64, 64, 64
L 259.3750, 278.3749, 56.6259,  353.8324, 278.3627, 56.6261,  64, 64, 64
L 353.8324, 278.3627, 56.6261,  385.6370, 310.1673, 56.6259,  64, 64, 64
L 385.6370, 310.1673, 56.6259,  385.6250, 534.1553, 56.6259,  64, 64, 64
L 385.6250, 534.1553, 56.6259,  393.8446, 542.3749, 56.6259,  64, 64, 64
L 393.8446, 542.3749, 56.6259,  425.8446, 542.3749, 56.6259,  64, 64, 64
L 425.8446, 542.3749, 56.6259,  433.6250, 550.1544, 56.6259,  64, 64, 64
L 433.6250, 550.1544, 56.6259,  433.6250, 625.8445, 56.6259,  64, 64, 64
L 433.6250, 625.8445, 56.6259,  425.8446, 633.6250, 56.6259,  64, 64, 64
L 425.8446, 633.6250, 56.6259,  350.1553, 633.6250, 56.6259,  64, 64, 64
L 350.1553, 633.6250, 56.6259,  342.3750, 625.8445, 56.6259,  64, 64, 64
L 342.3750, 625.8445, 56.6259,  342.3749, 593.8445, 56.6259,  64, 64, 64
L 342.3749, 593.8445, 56.6259,  334.1553, 585.6248, 56.6259,  64, 64, 64
L 334.1553, 585.6248, 56.6259,  129.8323, 585.6249, 56.6259,  64, 64, 64
L 129.8323, 585.6249, 56.6259,  121.6250, 593.8448, 56.6259,  64, 64, 64
L 121.6250, 593.8448, 56.6259,  121.6251, 625.8445, 56.6259,  64, 64, 64
L 121.6251, 625.8445, 56.6259,  113.8447, 633.6250, 56.6259,  64, 64, 64
L 113.8447, 633.6250, 56.6259,  38.1454, 633.6150, 56.6259,  64, 64, 64
L 38.1454, 633.6150, 56.6259,  30.3750, 625.8445, 56.6259,  64, 64, 64
L 30.3750, 625.8445, 56.6259,  30.3750, 550.1553, 56.6259,  64, 64, 64
L 30.3750, 550.1553, 56.6259,  38.1554, 542.3749, 56.6259,  64, 64, 64
L 38.1554, 542.3749, 56.6259,  70.1552, 542.3750, 56.6259,  64, 64, 64
L 70.1552, 542.3750, 56.6259,  78.3751, 534.1552, 56.6259,  64, 64, 64
L 78.3751, 534.1552, 56.6259,  78.3750, 310.1553, 56.6259,  64, 64, 64
L 78.3750, 310.1553, 56.6259,  110.1552, 278.3750, 56.6259,  64, 64, 64
L 110.1552, 278.3750, 56.6259,  204.6250, 278.3745, 56.6259,  64, 64, 64
L 204.6250, 278.3745, 56.6259,  204.6250, 280.3550, 56.6259,  64, 64, 64
L 204.6250, 280.3550, 56.6259,  209.3754, 280.3772, 56.6259,  64, 64, 64
L 209.3754, 280.3772, 56.6259,  209.3750, 271.6250, 56.6259,  64, 64, 64
L 209.3750, 271.6250, 56.6259,  207.3747, 271.6250, 56.6259,  64, 64, 64
L 207.3747, 271.6250, 56.6259,  207.3750, 264.3749, 56.6259,  64, 64, 64
L 207.3750, 264.3749, 56.6259,  209.3750, 264.3750, 56.6259,  64, 64, 64
L 222.3750, 311.6250, 56.6259,  208.1552, 311.6250, 56.6259,  64, 64, 64
L 208.1552, 311.6250, 56.6259,  192.1553, 295.6249, 56.6259,  64, 64, 64
L 192.1553, 295.6249, 56.6259,  121.8447, 295.6250, 56.6259,  64, 64, 64
L 121.8447, 295.6250, 56.6259,  95.6239, 321.8455, 56.6259,  64, 64, 64
L 95.6239, 321.8455, 56.6259,  95.6250, 422.3752, 56.6259,  64, 64, 64
L 95.6250, 422.3752, 56.6259,  222.3757, 422.3749, 56.6259,  64, 64, 64
L 222.3757, 422.3749, 56.6259,  222.3750, 311.6250, 56.6259,  64, 64, 64
L 208.3750, 312.4558, 57.6259,  208.3750, 408.3749, 57.6259,  64, 64, 64
L 208.3750, 408.3749, 57.6259,  95.6247, 408.3750, 57.6259,  64, 64, 64
L 95.6250, 441.6284, 56.6259,  95.6250, 542.1563, 56.6259,  64, 64, 64
L 95.6250, 542.1563, 56.6259,  121.8456, 568.3759, 56.6259,  64, 64, 64
L 121.8456, 568.3759, 56.6259,  192.1565, 568.3749, 56.6259,  64, 64, 64
L 192.1565, 568.3749, 56.6259,  208.1932, 552.3369, 56.6259,  64, 64, 64
L 208.3750, 552.3373, 56.6259,  222.3766, 552.3785, 56.6259,  64, 64, 64
L 222.3766, 552.3785, 56.6259,  222.3545, 441.6243, 56.6259,  64, 64, 64
L 222.3545, 441.6243, 56.6259,  95.6250, 441.6284, 56.6259,  64, 64, 64
L 95.6250, 455.6250, 57.6259,  208.3754, 455.6249, 57.6259,  64, 64, 64
L 208.3754, 455.6249, 57.6259,  208.3750, 552.3373, 57.6259,  64, 64, 64
L 241.6436, 552.3749, 56.6259,  255.6250, 552.3749, 56.6259,  64, 64, 64
L 255.8446, 552.3749, 56.6259,  271.8448, 568.3751, 56.6259,  64, 64, 64
L 271.8448, 568.3751, 56.6259,  342.1553, 568.3749, 56.6259,  64, 64, 64
L 342.1553, 568.3749, 56.6259,  368.3629, 542.1672, 56.6259,  64, 64, 64
L 368.3629, 542.1672, 56.6259,  368.3752, 441.6247, 56.6259,  64, 64, 64
L 368.3752, 441.6247, 56.6259,  241.6245, 441.6249, 56.6259,  64, 64, 64
L 241.6245, 441.6249, 56.6259,  241.6436, 552.3749, 56.6379,  64, 64, 64
L 255.6250, 552.3749, 57.6259,  255.6250, 455.6245, 57.6259,  64, 64, 64
L 255.6250, 455.6245, 57.6259,  368.3734, 455.6249, 57.6259,  64, 64, 64
L 368.3750, 422.3493, 56.6259,  368.3749, 321.8446, 56.6259,  64, 64, 64
L 368.3749, 321.8446, 56.6259,  342.1546, 295.6243, 56.6259,  64, 64, 64
L 342.1546, 295.6243, 56.6259,  271.7864, 295.6250, 56.6259,  64, 64, 64
L 271.7864, 295.6250, 56.6259,  255.8446, 311.6250, 56.6259,  64, 64, 64
L 255.6250, 311.6250, 56.6259,  241.6242, 311.6249, 56.6259,  64, 64, 64
L 241.6242, 311.6249, 56.6259,  241.6250, 422.3808, 56.6259,  64, 64, 64
L 241.6250, 422.3808, 56.6259,  368.3750, 422.3493, 56.6437,  64, 64, 64
L 368.3750, 408.3750, 57.6259,  255.6244, 408.3750, 57.6259,  64, 64, 64
L 255.6244, 408.3750, 57.6259,  255.6250, 311.6250, 57.6259,  64, 64, 64
L 251.3796, 324.8890, 57.3134,  251.3796, 318.8408, 57.3134,  64, 64, 64
L 251.3796, 318.8408, 57.3134,  246.1314, 318.8408, 57.3134,  64, 64, 64
L 246.1314, 318.8408, 57.3134,  246.1314, 324.8900, 57.3134,  64, 64, 64
L 246.1314, 324.8900, 57.3134,  251.3796, 324.8890, 57.3134,  64, 64, 64
L 212.4105, 324.9030, 57.3134,  217.6587, 324.9030, 57.3134,  64, 64, 64
L 217.6587, 324.9030, 57.3134,  217.6587, 318.8412, 57.3134,  64, 64, 64
L 217.6587, 318.8412, 57.3134,  212.4102, 318.8442, 57.3134,  64, 64, 64
L 212.4102, 318.8442, 57.3134,  212.4105, 324.9030, 57.3134,  64, 64, 64
L 108.3094, 417.4966, 57.3134,  108.3094, 412.2486, 57.3134,  64, 64, 64
L 108.3094, 412.2486, 57.3134,  103.6090, 412.2486, 57.3134,  64, 64, 64
L 103.6090, 412.2486, 57.3134,  103.6140, 417.4972, 57.3134,  64, 64, 64
L 103.6140, 417.4972, 57.3134,  108.3094, 417.4966, 57.3134,  64, 64, 64
L 108.3101, 447.4550, 57.3134,  103.6180, 447.4550, 57.3134,  64, 64, 64
L 103.6180, 447.4550, 57.3134,  103.6220, 452.2943, 57.3134,  64, 64, 64
L 103.6220, 452.2943, 57.3134,  108.3101, 452.2934, 57.3134,  64, 64, 64
L 108.3101, 452.2934, 57.3134,  108.3101, 447.4550, 57.3134,  64, 64, 64
L 217.8027, 541.3577, 57.3134,  212.5546, 541.3577, 57.3134,  64, 64, 64
L 212.5546, 541.3577, 57.3134,  212.5546, 546.6056, 57.3134,  64, 64, 64
L 212.5546, 546.6056, 57.3134,  217.8026, 546.6058, 57.3134,  64, 64, 64
L 217.8026, 546.6058, 57.3134,  217.8027, 541.3577, 57.3134,  64, 64, 64
L 245.9821, 541.3524, 57.3134,  245.9821, 546.5892, 57.3134,  64, 64, 64
L 245.9821, 546.5892, 57.3190,  251.2184, 546.5909, 57.3134,  64, 64, 64
L 251.2184, 546.5909, 57.3205,  251.2211, 541.3524, 57.3134,  64, 64, 64
L 251.2211, 541.3524, 57.3134,  245.9821, 541.3524, 57.3134,  64, 64, 64
L 355.2060, 446.6822, 57.3134,  355.2060, 451.9306, 57.3134,  64, 64, 64
L 355.2060, 451.9306, 57.3134,  360.2690, 451.9300, 57.3134,  64, 64, 64
L 360.2690, 451.9300, 57.3134,  360.2687, 446.6806, 57.3134,  64, 64, 64
L 360.2687, 446.6806, 57.3134,  355.2060, 446.6822, 57.3134,  64, 64, 64
L 355.2420, 417.5355, 57.3136,  360.2624, 417.5355, 57.3136,  64, 64, 64
L 360.2624, 417.5355, 57.3134,  360.2617, 412.2971, 57.3134,  64, 64, 64
L 360.2617, 412.2971, 57.3134,  355.2150, 412.2971, 57.3134,  64, 64, 64
L 355.2150, 412.2971, 57.3134,  355.2420, 417.5355, 57.3134,  64, 64, 64
L 359.6250, 230.3750, 71.6260,  350.1553, 230.3750, 71.6260,  64, 64, 64
L 350.1553, 230.3750, 71.6260,  342.3750, 238.1553, 71.6260,  64, 64, 64
L 342.3750, 238.1553, 71.6260,  342.3749, 278.3641, 57.6259,  64, 64, 64
L 359.6372, 230.3747, 71.6260,  359.6250, 241.8446, 71.6260,  64, 64, 64
L 359.8446, 241.6250, 71.6260,  353.6250, 247.8446, 71.6260,  64, 64, 64
L 353.6250, 247.8446, 71.6260,  353.6250, 278.3627, 57.6259,  64, 64, 64
L 342.3750, 250.3750, 70.6260,  353.6250, 250.3745, 70.6260,  64, 64, 64
L 353.6250, 252.3746, 69.6260,  342.3750, 252.3750, 69.6260,  64, 64, 64
L 342.3750, 254.3750, 68.6260,  353.6250, 254.3746, 68.6260,  64, 64, 64
L 353.6250, 256.3747, 67.6260,  342.3750, 256.3750, 67.6260,  64, 64, 64
L 342.3750, 258.3750, 66.6260,  353.6250, 258.3747, 66.6260,  64, 64, 64
L 353.6250, 260.3747, 65.6260,  342.3750, 260.3750, 65.6260,  64, 64, 64
L 342.3750, 262.3750, 64.6260,  353.6250, 262.3747, 64.6260,  64, 64, 64
L 353.6250, 264.3747, 63.6259,  342.3750, 264.3750, 63.6259,  64, 64, 64
L 342.3750, 266.3750, 62.6259,  353.6250, 266.3747, 62.6261,  64, 64, 64
L 353.6250, 268.3747, 61.6259,  342.3750, 268.3750, 61.6259,  64, 64, 64
L 342.3750, 270.3750, 60.6259,  353.6250, 270.3747, 60.6259,  64, 64, 64
L 353.6250, 272.3749, 59.6259,  342.3750, 272.3750, 59.6259,  64, 64, 64
L 342.3750, 274.3750, 58.6259,  353.6250, 274.3747, 58.6259,  64, 64, 64
L 353.6250, 276.3747, 57.6259,  342.3750, 276.3750, 57.6259,  64, 64, 64
L 433.6250, 238.1553, 90.6260,  425.8446, 230.3750, 90.6260,  64, 64, 64
L 425.8446, 230.3750, 90.6260,  396.2282, 230.3750, 90.6260,  64, 64, 64
L 396.2282, 230.3750, 90.6260,  359.6250, 230.3745, 71.6260,  64, 64, 64
L 395.6306, 230.3750, 89.6260,  395.6250, 241.6250, 89.6260,  127, 127, 127
L 393.6250, 241.6250, 88.6260,  393.6250, 230.3750, 88.6260,  127, 127, 127
L 391.6250, 230.3747, 87.6260,  391.6250, 241.6250, 87.6260,  127, 127, 127
L 389.6250, 241.6250, 86.6260,  389.6250, 230.3748, 86.6260,  127, 127, 127
L 387.6250, 230.3748, 85.6260,  387.6250, 241.6250, 85.6260,  127, 127, 127
L 385.6250, 241.6250, 84.6260,  385.6250, 230.3750, 84.6260,  127, 127, 127
L 383.6250, 230.3747, 83.6260,  383.6250, 241.6250, 83.6260,  127, 127, 127
L 381.6250, 241.6250, 82.6260,  381.6250, 230.3750, 82.6260,  127, 127, 127
L 379.6250, 230.3746, 81.6260,  379.6250, 241.6250, 81.6260,  127, 127, 127
L 377.6250, 241.6250, 80.6260,  377.6250, 230.3747, 80.6260,  127, 127, 127
L 375.6250, 230.3750, 79.6260,  375.6250, 241.6250, 79.6260,  127, 127, 127
L 373.6250, 241.6250, 78.6260,  373.6250, 230.3748, 78.6260,  127, 127, 127
L 371.6250, 230.3750, 77.6260,  371.6250, 241.6250, 77.6260,  127, 127, 127
L 369.6250, 241.6250, 76.6260,  369.6250, 230.3750, 76.6260,  127, 127, 127
L 367.6250, 230.3748, 75.6260,  367.6250, 241.6250, 75.6260,  64, 64, 64
L 365.6250, 241.6251, 74.6260,  365.6250, 230.3750, 74.6260,  64, 64, 64
L 363.6250, 230.3748, 73.6260,  363.6250, 241.6250, 73.6260,  64, 64, 64
L 361.6250, 241.6250, 72.6260,  361.6250, 230.3750, 72.6260,  64, 64, 64
L 409.3749, 241.6250, 90.6260,  409.3749, 247.3750, 90.6260,  64, 64, 64
L 409.3749, 247.3750, 90.6260,  407.6250, 247.3750, 90.6260,  64, 64, 64
L 407.6250, 247.3750, 90.6260,  407.6250, 246.3747, 90.6260,  64, 64, 64
L 407.6250, 246.3747, 90.6260,  356.1553, 246.3750, 90.6260,  64, 64, 64
L 356.1553, 246.3750, 90.6260,  354.3750, 248.1553, 90.6260,  64, 64, 64
L 354.3750, 248.1553, 90.6260,  354.3750, 270.3750, 90.6260,  64, 64, 64
L 354.3750, 270.3750, 90.6260,  342.1553, 270.3750, 90.6260,  64, 64, 64
L 342.1553, 270.3750, 90.6260,  334.1551, 278.3750, 90.6260,  64, 64, 64
L 334.1551, 278.3750, 90.6260,  129.8440, 278.3747, 90.6260,  64, 64, 64
L 129.8440, 278.3747, 90.6260,  121.8447, 270.3750, 90.6260,  64, 64, 64
L 121.8447, 270.3750, 90.6260,  109.6247, 270.3749, 90.6260,  64, 64, 64
L 109.6247, 270.3749, 90.6260,  109.6250, 248.1553, 90.6260,  64, 64, 64
L 109.6250, 248.1553, 90.6260,  107.8447, 246.3750, 90.6260,  64, 64, 64
L 107.8447, 246.3750, 90.6260,  56.3750, 246.3750, 90.6260,  64, 64, 64
L 56.3750, 246.3750, 90.6260,  56.3750, 247.3750, 90.6260,  64, 64, 64
L 56.3750, 247.3750, 90.6260,  54.6250, 247.3750, 90.6260,  64, 64, 64
L 54.6250, 247.3750, 90.6260,  54.6250, 241.6250, 90.6260,  64, 64, 64
L 54.6250, 241.6250, 90.6260,  68.2550, 241.6250, 90.6239,  64, 64, 64
L 104.1552, 241.6250, 71.6260,  110.3750, 247.8446, 71.6260,  64, 64, 64
L 110.3750, 247.8446, 71.6260,  110.3750, 278.3749, 57.6259,  64, 64, 64
L 121.6250, 278.3750, 57.6259,  121.6250, 249.9335, 71.6260,  64, 64, 64
L 121.6250, 249.9335, 71.6260,  121.6250, 238.1553, 71.6260,  64, 64, 64
L 121.6250, 238.1553, 71.6260,  113.8447, 230.3750, 71.6260,  64, 64, 64
L 113.8447, 230.3750, 71.6260,  104.3627, 230.3750, 71.6260,  64, 64, 64
L 104.3627, 230.3750, 71.6260,  67.8559, 230.3750, 90.6260,  64, 64, 64
L 67.8559, 230.3750, 90.6260,  38.1554, 230.3750, 90.6260,  64, 64, 64
L 38.1554, 230.3750, 90.6260,  30.3750, 238.1553, 90.6260,  64, 64, 64
L 30.3750, 238.1553, 90.6260,  30.3750, 268.3401, 90.1577,  64, 64, 64
L 30.3750, 268.3401, 90.1577,  30.3750, 304.3750, 71.6260,  64, 64, 64
L 30.3750, 304.3750, 71.6260,  30.3750, 313.8446, 71.6260,  64, 64, 64
L 30.3750, 313.8446, 71.6260,  38.1552, 321.6250, 71.6260,  64, 64, 64
L 38.1552, 321.6250, 71.6260,  78.3756, 321.6250, 57.6259,  64, 64, 64
L 78.3753, 310.3750, 57.6259,  47.8611, 310.3750, 71.6260,  64, 64, 64
L 47.8611, 310.3750, 71.6260,  40.6250, 304.1725, 71.6260,  64, 64, 64
L 40.6250, 268.3743, 90.6260,  40.6250, 255.6250, 90.6260,  64, 64, 64
L 40.6250, 255.6250, 90.6260,  46.3750, 255.6250, 90.6260,  64, 64, 64
L 46.3750, 255.6250, 90.6260,  46.3750, 257.3750, 90.6260,  64, 64, 64
L 46.3750, 257.3750, 90.6260,  45.3750, 257.3750, 90.6260,  64, 64, 64
L 45.3750, 257.3750, 90.6260,  45.3750, 307.1736, 90.6260,  64, 64, 64
L 30.3750, 268.3750, 89.6260,  40.6250, 268.3743, 89.6260,  127, 127, 127
L 40.6250, 268.3743, 89.6260,  40.6250, 304.1725, 72.6260,  64, 64, 64
L 40.6250, 270.3749, 88.6260,  30.3750, 270.3750, 88.6260,  127, 127, 127
L 30.3750, 272.3750, 87.6260,  40.6250, 272.3747, 87.6260,  127, 127, 127
L 40.6250, 274.3747, 86.6260,  30.3750, 274.3750, 86.6260,  127, 127, 127
L 30.3750, 276.3750, 85.6260,  40.6250, 276.3747, 85.6260,  127, 127, 127
L 40.6250, 278.3750, 84.6260,  30.3750, 278.3750, 84.6260,  127, 127, 127
L 30.3750, 280.3750, 83.6260,  40.6250, 280.3747, 83.6260,  127, 127, 127
L 40.6250, 282.3750, 82.6260,  30.3750, 282.3750, 82.6260,  127, 127, 127
L 30.3750, 284.3750, 81.6260,  40.6250, 284.3747, 81.6260,  127, 127, 127
L 40.6250, 286.3750, 80.6260,  30.3750, 286.3750, 80.6260,  127, 127, 127
L 30.3750, 288.3750, 79.6260,  40.6250, 288.3745, 79.6260,  127, 127, 127
L 40.6250, 290.3747, 78.6260,  30.3750, 290.3750, 78.6260,  127, 127, 127
L 30.3750, 292.3750, 77.6260,  40.6250, 292.3747, 77.6260,  127, 127, 127
L 40.6250, 294.3750, 76.6260,  30.3750, 294.3750, 76.6260,  127, 127, 127
L 30.3750, 296.3750, 75.6260,  40.6250, 296.3749, 75.6260,  64, 64, 64
L 40.6250, 298.3747, 74.6260,  30.3750, 298.3750, 74.6260,  64, 64, 64
L 30.3750, 300.3750, 73.6260,  40.6250, 300.3747, 73.6260,  64, 64, 64
L 40.6250, 302.3747, 72.6260,  30.3750, 302.3749, 72.6260,  64, 64, 64
L 30.3750, 304.3750, 71.6260,  40.8613, 304.3750, 71.6260,  64, 64, 64
L 50.3750, 310.3750, 70.6260,  50.3750, 321.6250, 70.6260,  64, 64, 64
L 52.3750, 321.6250, 69.6260,  52.3750, 310.3750, 69.6260,  64, 64, 64
L 54.3750, 310.3750, 68.6260,  54.3750, 321.6250, 68.6260,  64, 64, 64
L 56.3750, 321.6250, 67.6260,  56.3750, 310.3750, 67.6260,  64, 64, 64
L 58.3750, 310.3749, 66.6260,  58.3750, 321.6250, 66.6260,  64, 64, 64
L 60.3750, 321.6250, 65.6260,  60.3750, 310.3750, 65.6260,  64, 64, 64
L 62.3750, 310.3750, 64.6260,  62.3750, 321.6250, 64.6260,  64, 64, 64
L 64.3750, 321.6250, 63.6259,  64.3750, 310.3750, 63.6259,  64, 64, 64
L 66.3750, 310.3749, 62.6259,  66.3750, 321.6250, 62.6259,  64, 64, 64
L 68.3750, 321.6250, 61.6259,  68.3750, 310.3750, 61.6259,  64, 64, 64
L 70.3750, 310.3750, 60.6259,  70.3750, 321.6250, 60.6259,  64, 64, 64
L 72.3750, 321.6250, 59.6259,  72.3750, 310.3750, 59.6259,  64, 64, 64
L 74.3750, 310.3750, 58.6259,  74.3750, 321.6250, 58.6259,  64, 64, 64
L 76.3750, 321.6250, 57.6259,  76.3750, 310.3750, 57.6259,  64, 64, 64
L 54.6250, 241.6250, 89.6260,  104.1552, 241.6250, 72.6260,  64, 64, 64
L 68.3627, 241.6250, 89.6260,  68.3750, 230.3750, 89.6260,  127, 127, 127
L 70.3750, 230.3750, 88.6260,  70.3748, 241.6250, 88.6260,  127, 127, 127
L 72.3750, 241.6250, 87.6260,  72.3750, 230.3750, 87.6260,  127, 127, 127
L 74.3750, 230.3750, 86.6260,  74.3748, 241.6250, 86.6260,  127, 127, 127
L 76.3750, 241.6250, 85.6260,  76.3750, 230.3750, 85.6260,  127, 127, 127
L 78.3750, 230.3750, 84.6260,  78.3750, 241.6250, 84.6260,  127, 127, 127
L 80.3750, 241.6250, 83.6260,  80.3750, 230.3750, 83.6260,  127, 127, 127
L 82.3750, 230.3750, 82.6260,  82.3748, 241.6250, 82.6260,  127, 127, 127
L 84.3750, 241.6250, 81.6260,  84.3750, 230.3750, 81.6260,  127, 127, 127
L 86.3750, 230.3750, 80.6260,  86.3750, 241.6250, 80.6260,  127, 127, 127
L 88.3750, 241.6250, 79.6260,  88.3750, 230.3750, 79.6260,  127, 127, 127
L 90.3750, 230.3750, 78.6260,  90.3750, 241.6250, 78.6260,  127, 127, 127
L 92.3750, 241.6250, 77.6260,  92.3750, 230.3750, 77.6260,  127, 127, 127
L 94.3750, 230.3750, 76.6260,  94.3750, 241.6250, 76.6260,  127, 127, 127
L 96.3750, 241.6250, 75.6260,  96.3750, 230.3750, 75.6260,  64, 64, 64
L 98.3750, 230.3750, 74.6260,  98.3750, 241.6250, 74.6260,  64, 64, 64
L 100.3750, 241.6250, 73.6260,  100.3750, 230.3750, 73.6260,  64, 64, 64
L 102.3750, 230.3750, 72.6260,  102.3750, 241.6250, 72.6260,  64, 64, 64
L 104.3750, 241.8446, 71.6260,  104.3750, 230.3750, 71.6260,  64, 64, 64
L 110.3750, 250.3750, 70.6260,  121.6250, 250.3750, 70.6260,  64, 64, 64
L 121.6250, 252.3750, 69.6260,  110.3750, 252.3750, 69.6260,  64, 64, 64
L 110.3750, 254.3750, 68.6260,  121.6250, 254.3750, 68.6260,  64, 64, 64
L 121.6250, 256.3750, 67.6260,  110.3750, 256.3750, 67.6260,  64, 64, 64
L 110.3750, 258.3750, 66.6260,  121.6250, 258.3750, 66.6260,  64, 64, 64
L 121.6250, 260.3750, 65.6260,  110.3750, 260.3750, 65.6260,  64, 64, 64
L 110.3750, 262.3750, 64.6260,  121.6250, 262.3750, 64.6260,  64, 64, 64
L 121.6250, 264.3750, 63.6259,  110.3750, 264.3750, 63.6259,  64, 64, 64
L 110.3750, 266.3750, 62.6259,  121.6250, 266.3750, 62.6259,  64, 64, 64
L 121.6250, 268.3750, 61.6259,  110.3750, 268.3750, 61.6259,  64, 64, 64
L 110.3750, 270.3750, 60.6259,  121.6250, 270.3750, 60.6259,  64, 64, 64
L 121.6250, 272.3750, 59.6259,  110.3750, 272.3750, 59.6259,  64, 64, 64
L 110.3750, 274.3750, 58.6259,  121.6250, 274.3750, 58.6259,  64, 64, 64
L 121.6250, 276.3750, 57.6259,  110.3750, 276.3750, 57.6259,  64, 64, 64
L 409.3749, 241.6250, 89.6260,  359.8446, 241.6250, 72.6260,  64, 64, 64
L 418.6250, 257.3747, 90.6260,  417.6250, 257.3750, 90.6260,  64, 64, 64
L 417.6250, 257.3750, 90.6260,  417.6250, 255.6250, 90.6260,  64, 64, 64
L 417.6250, 255.6250, 90.6260,  423.3750, 255.6250, 90.6260,  64, 64, 64
L 423.3750, 255.6250, 90.6260,  423.3750, 267.7275, 90.6260,  64, 64, 64
L 423.3750, 267.7275, 90.6260,  423.3750, 304.1723, 72.6260,  64, 64, 64
L 423.3750, 304.1723, 71.6260,  416.1399, 310.3750, 71.6260,  64, 64, 64
L 416.1399, 310.3750, 71.6260,  385.6250, 310.3750, 57.6259,  64, 64, 64
L 433.6250, 238.1553, 89.6260,  433.6250, 304.3623, 71.6260,  64, 64, 64
L 433.6250, 304.3623, 71.6260,  433.6250, 313.8446, 71.6260,  64, 64, 64
L 433.6250, 313.8446, 71.6260,  425.8446, 321.6250, 71.6260,  64, 64, 64
L 425.8446, 321.6250, 71.6260,  414.2746, 321.6250, 71.6260,  64, 64, 64
L 414.2746, 321.6250, 71.6260,  385.6250, 321.6250, 57.6259,  64, 64, 64
L 423.3750, 268.3750, 89.6260,  433.6250, 268.3747, 89.6260,  127, 127, 127
L 433.6250, 270.3750, 88.6260,  423.3749, 270.3750, 88.6260,  127, 127, 127
L 423.3750, 272.3750, 87.6260,  433.6250, 272.3747, 87.6260,  127, 127, 127
L 433.6250, 274.3750, 86.6260,  423.3750, 274.3750, 86.6260,  127, 127, 127
L 423.3750, 276.3750, 85.6260,  433.6250, 276.3747, 85.6260,  127, 127, 127
L 433.6250, 278.3747, 84.6260,  423.3750, 278.3750, 84.6260,  127, 127, 127
L 423.3750, 280.3750, 83.6260,  433.6250, 280.3749, 83.6260,  127, 127, 127
L 433.6250, 282.3747, 82.6260,  423.3750, 282.3750, 82.6260,  127, 127, 127
L 423.3750, 284.3750, 81.6260,  433.6250, 284.3747, 81.6260,  127, 127, 127
L 433.6250, 286.3747, 80.6260,  423.3750, 286.3750, 80.6260,  127, 127, 127
L 423.3749, 288.3750, 79.6260,  433.6250, 288.3747, 79.6260,  127, 127, 127
L 433.6250, 290.3747, 78.6260,  423.3750, 290.3750, 78.6260,  127, 127, 127
L 423.3750, 292.3750, 77.6260,  433.6250, 292.3747, 77.6260,  127, 127, 127
L 433.6250, 294.3750, 76.6260,  423.3750, 294.3750, 76.6260,  127, 127, 127
L 423.3750, 296.3750, 75.6260,  433.6250, 296.3747, 75.6260,  64, 64, 64
L 433.6250, 298.3747, 74.6260,  423.3750, 298.3750, 74.6260,  64, 64, 64
L 423.3750, 300.3750, 73.6260,  433.6250, 300.3747, 73.6260,  64, 64, 64
L 433.6250, 302.3747, 72.6260,  423.3750, 302.3750, 72.6260,  64, 64, 64
L 423.1386, 304.3750, 71.6260,  433.6250, 304.3750, 71.6260,  64, 64, 64
L 413.6250, 310.3750, 70.6260,  413.6250, 321.6250, 70.6260,  64, 64, 64
L 411.6250, 321.6250, 69.6260,  411.6250, 310.3750, 69.6260,  64, 64, 64
L 409.6250, 310.3747, 68.6260,  409.6250, 321.6250, 68.6260,  64, 64, 64
L 407.6250, 321.6250, 67.6260,  407.6250, 310.3747, 67.6260,  64, 64, 64
L 405.6250, 310.3747, 66.6260,  405.6250, 321.6250, 66.6260,  64, 64, 64
L 403.6250, 321.6250, 65.6260,  403.6250, 310.3750, 65.6260,  64, 64, 64
L 401.6250, 310.3747, 64.6260,  401.6250, 321.6250, 64.6260,  64, 64, 64
L 399.6250, 321.6250, 63.6259,  399.6250, 310.3747, 63.6259,  64, 64, 64
L 397.6250, 310.3747, 62.6259,  397.6250, 321.6250, 62.6259,  64, 64, 64
L 395.6250, 321.6250, 61.6259,  395.6250, 310.3750, 61.6259,  64, 64, 64
L 393.6250, 310.3747, 60.6259,  393.6250, 321.6250, 60.6259,  64, 64, 64
L 391.6250, 321.6250, 59.6259,  391.6250, 310.3750, 59.6259,  64, 64, 64
L 389.6250, 310.3747, 58.6259,  389.6250, 321.6250, 58.6259,  64, 64, 64
L 387.6250, 321.6250, 57.6259,  387.6250, 310.3750, 57.6259,  64, 64, 64
L 209.4375, 272.3940, 56.6259,  254.5625, 272.3937, 56.6259,  64, 64, 64
L 418.5625, 257.4372, 90.6260,  418.5625, 307.2357, 90.6260,  64, 64, 64
L 418.5625, 307.2357, 90.6260,  415.8385, 309.5625, 90.6260,  64, 64, 64
L 415.8385, 309.5625, 90.6260,  393.5613, 309.5625, 90.6260,  64, 64, 64
L 393.5613, 309.5625, 90.6260,  393.5625, 321.8186, 90.6260,  64, 64, 64
L 393.5625, 321.8186, 90.6260,  385.5620, 329.8190, 90.6260,  64, 64, 64
L 385.5620, 329.8190, 90.6260,  385.5625, 534.1816, 90.6260,  64, 64, 64
L 385.5625, 534.1816, 90.6260,  393.8188, 542.4376, 90.6260,  64, 64, 64
L 393.8188, 542.4376, 90.6260,  425.8188, 542.4374, 90.6260,  64, 64, 64
L 425.8188, 542.4374, 90.6260,  433.5625, 550.1805, 90.6260,  64, 64, 64
L 433.5625, 550.1805, 90.6260,  433.5625, 625.8187, 90.6260,  64, 64, 64
L 433.5625, 625.8187, 90.6260,  425.8188, 633.5624, 90.6260,  64, 64, 64
L 425.8188, 633.5624, 90.6260,  350.1811, 633.5625, 90.6260,  64, 64, 64
L 350.1811, 633.5625, 90.6260,  342.4375, 625.8187, 90.6260,  64, 64, 64
L 342.4375, 625.8187, 90.6260,  342.4375, 593.8187, 90.6260,  64, 64, 64
L 342.4375, 593.8187, 90.6260,  334.1811, 585.5624, 90.6260,  64, 64, 64
L 334.1811, 585.5624, 90.6260,  291.4375, 585.5625, 90.6260,  64, 64, 64
L 291.4375, 585.5625, 90.6260,  291.4375, 570.4374, 90.6260,  64, 64, 64
L 291.4375, 570.4374, 90.6260,  299.6392, 570.4374, 90.6260,  64, 64, 64
L 299.6392, 570.4374, 90.6260,  299.6370, 571.4374, 90.6260,  64, 64, 64
L 299.6370, 571.4374, 90.6260,  302.4375, 571.4374, 90.6260,  64, 64, 64
L 302.4375, 571.4374, 90.6260,  302.4374, 562.5625, 90.6260,  64, 64, 64
L 302.4374, 562.5625, 90.6260,  299.6096, 562.5625, 90.6260,  64, 64, 64
L 299.6096, 562.5625, 90.6260,  299.6161, 563.5625, 90.6633,  64, 64, 64
L 299.6161, 563.5625, 90.6633,  291.4375, 563.5625, 90.6260,  64, 64, 64
L 291.4375, 446.4375, 90.6260,  363.5625, 446.4370, 90.6260,  64, 64, 64
L 363.5625, 446.4370, 90.6260,  363.5625, 527.8187, 90.6260,  64, 64, 64
L 363.5625, 527.8187, 90.6260,  327.8188, 563.5625, 90.6260,  64, 64, 64
L 327.8188, 563.5625, 90.6260,  314.3605, 563.5625, 90.6260,  64, 64, 64
L 314.3605, 563.5625, 90.6260,  314.4383, 562.5625, 90.6273,  64, 64, 64
L 314.4383, 562.5625, 90.6260,  311.5625, 562.5625, 90.6260,  64, 64, 64
L 311.5625, 562.5625, 90.6260,  311.5625, 571.4374, 90.6260,  64, 64, 64
L 311.5625, 571.4374, 90.6260,  314.3910, 571.4374, 90.6260,  64, 64, 64
L 314.3910, 571.4374, 90.6289,  314.3847, 570.4374, 90.6505,  64, 64, 64
L 314.3847, 570.4374, 90.6505,  334.1813, 570.4374, 90.6260,  64, 64, 64
L 334.1813, 570.4374, 90.6260,  370.4374, 534.1811, 90.6260,  64, 64, 64
L 370.4374, 534.1811, 90.6260,  370.4375, 445.8186, 90.6260,  64, 64, 64
L 370.4375, 445.8186, 90.6260,  364.1811, 439.5624, 90.6260,  64, 64, 64
L 364.1811, 439.5624, 90.6260,  245.8187, 439.5625, 90.6260,  64, 64, 64
L 245.8187, 439.5625, 90.6260,  239.8188, 445.5625, 90.6260,  64, 64, 64
L 239.8188, 445.5625, 90.6260,  224.1811, 445.5625, 90.6260,  64, 64, 64
L 224.1811, 445.5625, 90.6260,  218.1811, 439.5624, 90.6260,  64, 64, 64
L 218.1811, 439.5624, 90.6260,  99.8187, 439.5625, 90.6260,  64, 64, 64
L 99.8187, 439.5625, 90.6260,  93.5617, 445.8195, 90.6260,  64, 64, 64
L 93.5617, 445.8195, 90.6260,  93.5625, 534.1811, 90.6260,  64, 64, 64
L 93.5625, 534.1811, 90.6260,  129.8187, 570.4374, 90.6260,  64, 64, 64
L 129.8187, 570.4374, 90.6260,  149.6391, 570.4374, 90.6260,  64, 64, 64
L 149.6391, 570.4374, 90.6260,  149.5866, 571.4374, 90.6260,  64, 64, 64
L 149.5866, 571.4374, 90.6260,  152.4375, 571.4374, 90.6260,  64, 64, 64
L 152.4375, 571.4374, 90.6260,  152.4375, 562.5625, 90.6260,  64, 64, 64
L 152.4375, 562.5625, 90.6260,  149.6072, 562.5625, 90.6260,  64, 64, 64
L 149.6072, 562.5625, 90.6276,  149.6165, 563.5625, 90.6662,  64, 64, 64
L 149.6165, 563.5625, 90.6662,  136.1812, 563.5625, 90.6260,  64, 64, 64
L 136.1812, 563.5625, 90.6260,  100.4375, 527.8187, 90.6260,  64, 64, 64
L 100.4375, 527.8187, 90.6260,  100.4375, 446.4375, 90.6260,  64, 64, 64
L 100.4375, 446.4375, 90.6260,  172.5625, 446.4372, 90.6260,  64, 64, 64
L 172.5625, 446.4372, 90.6260,  172.5625, 563.5625, 90.6260,  64, 64, 64
L 172.5625, 563.5625, 90.6260,  164.3607, 563.5625, 90.6260,  64, 64, 64
L 164.3607, 563.5625, 90.6260,  164.3592, 562.5625, 90.6353,  64, 64, 64
L 164.3592, 562.5625, 90.6260,  161.5625, 562.5625, 90.6260,  64, 64, 64
L 161.5625, 562.5625, 90.6260,  161.5625, 571.4374, 90.6260,  64, 64, 64
L 161.5625, 571.4374, 90.6260,  164.3903, 571.4374, 90.6260,  64, 64, 64
L 164.3903, 571.4374, 90.6277,  164.3831, 570.4374, 90.6694,  64, 64, 64
L 164.3831, 570.4374, 90.6694,  172.5625, 570.4374, 90.6260,  64, 64, 64
L 172.5625, 570.4374, 90.6260,  172.5625, 585.5625, 90.6260,  64, 64, 64
L 172.5625, 585.5625, 90.6260,  129.8187, 585.5625, 90.6260,  64, 64, 64
L 129.8187, 585.5625, 90.6260,  121.5625, 593.8187, 90.6260,  64, 64, 64
L 121.5625, 593.8187, 90.6260,  121.5625, 625.8187, 90.6260,  64, 64, 64
L 121.5625, 625.8187, 90.6260,  113.8187, 633.5624, 90.6260,  64, 64, 64
L 113.8187, 633.5624, 90.6260,  38.1811, 633.5625, 90.6260,  64, 64, 64
L 38.1811, 633.5625, 90.6260,  30.4375, 625.8188, 90.6260,  64, 64, 64
L 30.4375, 625.8188, 90.6260,  30.4375, 550.1811, 90.6260,  64, 64, 64
L 30.4375, 550.1811, 90.6260,  38.1811, 542.4374, 90.6260,  64, 64, 64
L 38.1811, 542.4374, 90.6260,  70.1826, 542.4374, 90.6260,  64, 64, 64
L 70.1826, 542.4374, 90.6260,  78.4375, 534.1810, 90.6260,  64, 64, 64
L 78.4375, 534.1810, 90.6260,  78.4375, 329.8186, 90.6260,  64, 64, 64
L 78.4375, 329.8186, 90.6260,  70.4375, 321.8188, 90.6260,  64, 64, 64
L 70.4375, 321.8188, 90.6260,  70.4375, 309.5618, 90.6260,  64, 64, 64
L 70.4375, 309.5618, 90.6260,  48.1617, 309.5625, 90.6260,  64, 64, 64
L 48.1617, 309.5625, 90.6260,  45.3750, 307.1736, 90.6260,  64, 64, 64
L 93.5625, 329.8186, 90.6260,  93.5625, 365.6392, 90.6260,  64, 64, 64
L 93.5625, 365.6392, 90.6260,  92.5625, 365.6071, 90.6260,  64, 64, 64
L 92.5625, 365.6071, 90.6260,  92.5625, 368.4375, 90.6260,  64, 64, 64
L 92.5625, 368.4375, 90.6260,  101.4375, 368.4374, 90.6260,  64, 64, 64
L 101.4375, 368.4374, 90.6260,  101.4375, 365.6048, 90.6260,  64, 64, 64
L 101.4375, 365.6048, 90.6260,  100.4372, 365.6157, 90.6578,  64, 64, 64
L 100.4372, 365.6157, 90.6578,  100.4375, 336.4375, 90.6260,  64, 64, 64
L 100.4375, 336.4375, 90.6260,  136.4375, 336.4375, 90.6260,  64, 64, 64
L 136.4375, 336.4375, 90.6260,  136.4375, 302.3849, 90.6260,  64, 64, 64
L 136.4375, 302.3849, 90.6330,  157.5625, 302.3872, 90.6294,  64, 64, 64
L 157.5625, 302.3872, 90.6260,  157.5625, 417.5625, 90.6260,  64, 64, 64
L 157.5625, 417.5625, 90.6260,  100.4375, 417.5625, 90.6260,  64, 64, 64
L 100.4375, 417.5625, 90.6260,  100.4375, 380.3607, 90.6260,  64, 64, 64
L 100.4375, 380.3607, 90.6260,  101.4375, 380.3494, 90.6872,  64, 64, 64
L 101.4375, 380.3494, 90.6260,  101.4375, 377.5625, 90.6260,  64, 64, 64
L 101.4375, 377.5625, 90.6260,  92.5625, 377.5625, 90.6260,  64, 64, 64
L 92.5625, 377.5625, 90.6260,  92.5625, 380.3908, 90.6260,  64, 64, 64
L 92.5625, 380.3908, 90.6329,  93.5625, 380.3845, 90.6508,  64, 64, 64
L 93.5625, 380.3845, 90.6508,  93.5625, 418.1822, 90.6260,  64, 64, 64
L 93.5625, 418.1822, 90.6260,  99.8187, 424.4375, 90.6260,  64, 64, 64
L 99.8187, 424.4375, 90.6260,  218.1812, 424.4374, 90.6260,  64, 64, 64
L 218.1812, 424.4374, 90.6260,  224.4379, 418.1807, 90.6260,  64, 64, 64
L 224.4379, 418.1807, 90.6260,  224.4375, 299.8188, 90.6260,  64, 64, 64
L 224.4375, 299.8188, 90.6260,  218.1811, 293.5624, 90.6260,  64, 64, 64
L 218.1811, 293.5624, 90.6260,  192.3606, 293.5625, 90.6260,  64, 64, 64
L 192.3606, 293.5625, 90.6260,  192.3870, 292.5625, 90.6307,  64, 64, 64
L 189.5625, 292.5625, 90.6260,  189.5625, 301.4375, 90.6260,  64, 64, 64
L 189.5625, 301.4375, 90.6260,  192.3884, 301.4375, 90.6260,  64, 64, 64
L 192.3884, 301.4375, 90.6304,  192.3848, 300.4374, 90.6508,  64, 64, 64
L 192.3848, 300.4374, 90.6508,  217.5625, 300.4375, 90.6260,  64, 64, 64
L 217.5625, 300.4375, 90.6260,  217.5625, 417.5625, 90.6260,  64, 64, 64
L 217.5625, 417.5625, 90.6260,  164.4375, 417.5625, 90.6260,  64, 64, 64
L 164.4375, 417.5625, 90.6260,  164.4375, 300.4375, 90.6260,  64, 64, 64
L 164.4375, 300.4375, 90.6260,  177.6391, 300.4375, 90.6260,  64, 64, 64
L 177.6391, 300.4375, 90.6260,  177.5960, 301.4375, 90.6260,  64, 64, 64
L 177.5960, 301.4375, 90.6260,  180.4375, 301.4374, 90.6260,  64, 64, 64
L 180.4375, 301.4374, 90.6260,  180.4375, 292.5625, 90.6260,  64, 64, 64
L 180.4375, 292.5625, 90.6260,  177.6083, 292.5625, 90.6260,  64, 64, 64
L 177.6083, 292.5625, 90.6260,  177.6160, 293.5625, 90.6602,  64, 64, 64
L 192.3870, 292.5625, 90.6260,  189.5625, 292.5625, 90.6260,  64, 64, 64
L 177.6131, 293.5625, 90.6260,  129.8187, 293.5625, 90.6260,  64, 64, 64
L 129.8187, 293.5625, 90.6260,  93.5625, 329.8186, 90.6260,  64, 64, 64
L 239.5625, 293.5624, 90.6260,  239.5625, 418.1811, 90.6260,  64, 64, 64
L 239.5625, 418.1811, 90.6260,  245.8188, 424.4374, 90.6260,  64, 64, 64
L 245.8188, 424.4374, 90.6260,  364.1811, 424.4375, 90.6260,  64, 64, 64
L 364.1811, 424.4375, 90.6260,  370.4375, 418.1811, 90.6260,  64, 64, 64
L 370.4375, 418.1811, 90.6260,  370.4375, 380.3607, 90.6260,  64, 64, 64
L 370.4375, 380.3607, 90.6260,  371.4375, 380.3591, 90.6380,  64, 64, 64
L 371.4375, 380.3591, 90.6260,  371.4374, 377.5625, 90.6260,  64, 64, 64
L 371.4374, 377.5625, 90.6260,  362.5625, 377.5625, 90.6260,  64, 64, 64
L 362.5625, 377.5625, 90.6260,  362.5625, 380.3888, 90.6260,  64, 64, 64
L 362.5625, 380.3888, 90.6287,  363.5625, 380.3847, 90.6509,  64, 64, 64
L 363.5625, 380.3847, 90.6509,  363.5625, 417.5624, 90.6260,  64, 64, 64
L 363.5625, 417.5624, 90.6260,  310.4375, 417.5625, 90.6260,  64, 64, 64
L 310.4375, 417.5625, 90.6260,  310.4375, 300.4375, 90.6260,  64, 64, 64
L 310.4375, 300.4375, 90.6260,  333.5625, 300.4366, 90.6260,  64, 64, 64
L 333.5625, 300.4372, 90.6260,  333.5625, 330.4374, 90.6260,  64, 64, 64
L 333.5625, 330.4374, 90.6260,  363.5625, 330.4375, 90.6260,  64, 64, 64
L 363.5625, 330.4375, 90.6260,  363.5625, 365.6392, 90.6260,  64, 64, 64
L 363.5625, 365.6392, 90.6260,  362.5625, 365.6472, 90.6704,  64, 64, 64
L 362.5625, 365.6472, 90.6260,  362.5625, 368.4375, 90.6260,  64, 64, 64
L 362.5625, 368.4375, 90.6260,  371.4375, 368.4375, 90.6260,  64, 64, 64
L 371.4375, 368.4375, 90.6260,  371.4374, 365.6111, 90.6260,  64, 64, 64
L 371.4374, 365.6111, 90.6260,  370.4374, 365.6154, 90.6531,  64, 64, 64
L 370.4374, 365.6154, 90.6531,  370.4375, 329.8181, 90.6260,  64, 64, 64
L 370.4375, 329.8181, 90.6260,  334.1809, 293.5620, 90.6260,  64, 64, 64
L 334.1809, 293.5620, 90.6260,  290.3865, 293.5625, 90.6260,  64, 64, 64
L 290.3865, 293.5625, 90.6260,  290.3863, 292.5625, 90.6290,  64, 64, 64
L 290.3863, 292.5625, 90.6260,  287.5625, 292.5625, 90.6260,  64, 64, 64
L 287.5625, 292.5625, 90.6260,  287.5625, 301.4375, 90.6260,  64, 64, 64
L 287.5625, 301.4375, 90.6260,  290.3881, 301.4374, 90.6260,  64, 64, 64
L 290.3881, 301.4374, 90.6380,  290.3842, 300.4374, 90.6559,  64, 64, 64
L 290.3842, 300.4374, 90.6559,  303.5625, 300.4375, 90.6260,  64, 64, 64
L 303.5625, 300.4375, 90.6260,  303.5625, 417.5625, 90.6260,  64, 64, 64
L 303.5625, 417.5625, 90.6260,  246.4375, 417.5625, 90.6260,  64, 64, 64
L 246.4375, 417.5625, 90.6260,  246.4375, 300.4375, 90.6260,  64, 64, 64
L 246.4375, 300.4375, 90.6260,  275.6392, 300.4372, 90.6260,  64, 64, 64
L 275.6392, 300.4372, 90.6260,  275.6374, 301.4375, 90.6260,  64, 64, 64
L 275.6374, 301.4375, 90.6260,  278.4375, 301.4375, 90.6260,  64, 64, 64
L 278.4375, 301.4375, 90.6260,  278.4374, 292.5625, 90.6260,  64, 64, 64
L 278.4374, 292.5625, 90.6260,  275.6096, 292.5625, 90.6260,  64, 64, 64
L 275.6096, 292.5625, 90.6260,  275.6163, 293.5625, 90.6645,  64, 64, 64
L 275.6163, 293.5625, 90.6645,  239.5625, 293.5624, 90.6260,  64, 64, 64
L 284.5625, 452.4375, 90.6260,  179.4375, 452.4375, 90.6260,  64, 64, 64
L 179.4375, 452.4375, 90.6260,  179.4375, 519.5625, 90.6260,  64, 64, 64
L 179.4375, 519.5625, 90.6260,  224.6391, 519.5625, 90.6260,  64, 64, 64
L 239.3607, 519.5625, 90.6260,  239.3694, 518.8373, 90.6260,  64, 64, 64
L 239.3728, 518.5625, 90.6260,  236.5625, 518.5625, 90.6260,  64, 64, 64
L 236.5625, 518.5625, 90.6260,  236.5625, 527.4374, 90.6260,  64, 64, 64
L 236.5625, 527.4374, 90.6260,  239.3897, 527.4374, 90.6260,  64, 64, 64
L 239.3897, 527.4374, 90.6296,  239.3840, 526.4373, 90.6582,  64, 64, 64
L 239.3840, 526.4373, 90.6582,  284.5625, 526.4365, 90.6260,  64, 64, 64
L 284.5625, 526.4365, 90.6260,  284.5625, 585.5625, 90.6260,  64, 64, 64
L 284.5625, 585.5625, 90.6260,  179.4375, 585.5625, 90.6260,  64, 64, 64
L 179.4375, 585.5625, 90.6260,  179.4375, 526.4374, 90.6260,  64, 64, 64
L 179.4375, 526.4374, 90.6260,  224.6391, 526.4374, 90.6260,  64, 64, 64
L 224.6391, 526.4374, 90.6260,  224.6133, 527.4375, 90.6260,  64, 64, 64
L 224.6133, 527.4375, 90.6260,  227.4375, 527.4375, 90.6260,  64, 64, 64
L 227.4375, 527.4375, 90.6260,  227.4375, 518.5625, 90.6260,  64, 64, 64
L 227.4375, 518.5625, 90.6260,  224.6134, 518.5625, 90.6260,  64, 64, 64
L 224.6134, 518.5625, 90.6273,  224.6131, 519.5625, 90.6260,  64, 64, 64
L 233.1811, 577.5624, 90.6260,  230.8183, 577.5626, 90.6260,  64, 64, 64
L 230.8183, 577.5626, 90.6260,  228.5625, 579.8187, 90.6260,  64, 64, 64
L 228.5625, 579.8187, 90.6260,  228.5625, 582.1811, 90.6260,  64, 64, 64
L 228.5625, 582.1811, 90.6260,  230.8190, 584.4377, 90.6260,  64, 64, 64
L 230.8190, 584.4377, 90.6260,  233.1829, 584.4355, 90.6260,  64, 64, 64
L 233.1829, 584.4355, 90.6260,  235.4850, 582.1335, 90.6260,  64, 64, 64
L 235.4850, 582.1335, 90.6260,  235.4230, 579.8040, 90.6260,  64, 64, 64
L 235.4230, 579.8040, 90.6260,  233.1811, 577.5624, 90.6260,  64, 64, 64
L 85.1492, 583.8125, 130.1260,  85.1492, 576.2043, 130.1260,  127, 64, 0
L 235.4883, 578.6870, 93.1260,  228.3120, 578.6869, 93.1260,  150, 0, 200
L -127.6250, -820.3754, 56.6259,  -220.3750, -820.3749, 56.6259,  64, 64, 64
L -220.3750, -820.3749, 56.6259,  -220.3750, -811.6245, 56.6259,  64, 64, 64
L -220.3750, -811.6245, 56.6259,  -127.6248, -811.6250, 56.6259,  64, 64, 64
L -127.6248, -811.6250, 56.6259,  -127.6250, -820.3754, 56.6259,  64, 64, 64
P 230.9208, -1550.8949, 56.1060,  0, 127, 0,  3,  to_Dawnshroud_Peaks
P -379.6379, -1152.6758, 56.9000,  0, 127, 0,  3,  to_Marus_Seru
P 232.0000, -1166.0000, 0.0000,  0, 0, 0,  1,  Succor
P 1000.0000, -1200.0000, 56.0000,  0, 0, 0,  2,  HF:_L28_H28
P 230.9208, 2500.0000, 56.1060,  0, 0, 0,  1,  Map_updated_by_Goodurden
