L -665.402, 1795.169, 20.2580, -662.28, 1803.185, 17.3600,  0, 0, 0
L -662.28, 1803.185, 17.3600, -647.58, 1814.258, 18.9662,  0, 0, 0
L -647.58, 1814.258, 18.9662, -613.731, 1821.822, 4.9303,  0, 0, 0
L -613.731, 1821.822, 4.9303, -545.953, 1821.753, -0.5564,  0, 0, 0
L -545.953, 1821.753, -0.5564, -511.677, 1831.543, 5.8876,  0, 0, 0
L -511.677, 1831.543, 5.8876, -483.162, 1853.265, 9.7080,  0, 0, 0
L -483.162, 1853.265, 9.7080, -448.869, 1927.203, 1.7373,  0, 0, 0
L -448.869, 1927.203, -0.6230, -455.51, 2584.409, 7.3007,  0, 0, 0
L -455.51, 2584.409, 7.3007, -541.46, 2592.376, -0.6230,  0, 0, 0
L -541.46, 2592.376, -0.6230, -878.406, 2578.929, 11.6303,  0, 0, 0
L -878.406, 2578.929, 11.6303, -881.974, 2546.748, -0.6228,  0, 0, 0
L -881.974, 2546.748, -0.6228, -863.586, 1874.147, 0.8010,  0, 0, 0
L -863.586, 1874.147, 0.8010, -849.056, 1853.393, 9.3666,  0, 0, 0
L -849.056, 1853.393, 9.3666, -832.18, 1850.735, 9.8590,  0, 0, 0
L -832.18, 1850.735, 9.8590, -791.093, 1847.301, 10.9732,  0, 0, 0
L -791.093, 1847.301, 10.9732, -760.048, 1844.729, 10.3467,  0, 0, 0
L -760.048, 1844.729, 10.3467, -743.684, 1826.992, 18.9147,  0, 0, 0
L 1390.978, -2591.268, 109.3769, 1390.611, -2241.678, 112.1256,  0, 0, 0
L 1390.611, -2241.678, 112.1256, 1323.833, -2174.065, 109.3770,  0, 0, 0
L 1323.833, -2174.065, 109.3770, 575.689, -2131.557, 120.3768,  0, 0, 0
L 575.689, -2131.557, 74.4369, 512.985, -2073.08, 36.5913,  0, 0, 0
L 512.985, -2073.08, 61.4019, 534.084, -1819.297, 274.6272,  0, 0, 0
L 534.084, -1819.297, 274.6272, 534.708, -1734.246, 311.2046,  0, 0, 0
L 534.708, -1734.246, 311.2046, 635.448, -1598.308, 205.7716,  0, 0, 0
L 635.448, -1598.308, 205.7716, 689.388, -1479.037, 119.0961,  0, 0, 0
L 1390.978, -2591.268, 109.3769, 1336.202, -2642.946, 109.3770,  0, 0, 0
L 1336.202, -2642.946, 109.3770, 553.313, -2716.136, -59.2469,  0, 0, 0
L -2448.152, -2910.668, 85.9789, -2505.861, -2858.109, 109.3770,  0, 0, 0
L -2505.861, -2858.109, 109.3770, -2733.876, -2858.314, 113.4940,  0, 0, 0
L -2733.876, -2858.314, 113.4940, -2936.886, -2879.817, 125.0411,  0, 0, 0
L -2936.886, -2879.817, 117.3346, -3162.012, -2873.462, 125.3277,  0, 0, 0
L -3162.012, -2873.462, 125.3277, -3208.765, -2770.019, 121.4839,  0, 0, 0
L -3208.765, -2770.019, 121.4839, -3216.527, -2536.212, 119.5713,  0, 0, 0
L -3216.527, -2536.212, 119.5713, -3194.302, -2366.441, 122.6212,  0, 0, 0
L -3194.302, -2366.441, 122.6212, -3163.116, -2330.018, 115.6950,  0, 0, 0
L -3163.116, -2330.018, 115.6950, -2946.255, -2328.471, 114.0655,  0, 0, 0
L -2946.255, -2328.471, 114.0655, -2669.344, -2381.883, 114.4317,  0, 0, 0
L -2669.344, -2381.883, 114.4317, -2547.982, -2387.426, 131.1420,  0, 0, 0
L -2547.982, -2387.426, 131.1420, -2475.486, -2381.512, 109.5049,  0, 0, 0
L -2475.486, -2381.512, 109.5049, -2417.979, -2332.569, 97.1418,  0, 0, 0
L -2417.979, -2332.569, 113.0935, -2478.151, -2260.934, 225.1135,  0, 0, 0
L -2478.151, -2260.934, 225.1135, -2576.262, -2197.231, 309.3876,  0, 0, 0
L -2576.262, -2197.231, 309.3876, -2492.012, -1925.538, 336.4110,  0, 0, 0
L -2492.012, -1925.538, 336.4110, -2521.82, -1791.703, 275.8855,  0, 0, 0
L -2521.82, -1791.703, 275.8855, -2526.324, -1625.688, 176.0554,  0, 0, 0
L -2526.324, -1625.688, 176.0554, -2497.828, -1520.869, 140.9413,  0, 0, 0
L -2497.828, -1520.869, 140.9413, -2506.426, -1168.992, 132.6802,  0, 0, 0
L -2506.426, -1168.992, 132.6802, -2437.303, -985.023, 113.3066,  0, 0, 0
L -2437.303, -985.023, 113.3066, -2486.887, -727.632, 262.4702,  0, 0, 0
L -2486.887, -727.632, 262.4702, -2394.553, -550.537, 368.1293,  0, 0, 0
L -2394.553, -550.537, 368.1293, -2404.394, -224.145, -22.4537,  0, 0, 0
L -2529.538, 1451.512, -21.3454, -2574.424, 1564.156, 196.4636,  0, 0, 0
L -2574.424, 1564.156, 196.4636, -2475.751, 1668.406, 248.2413,  0, 0, 0
L -2475.751, 1668.406, 248.2413, -2499.048, 1798.975, 89.3770,  0, 0, 0
L -1823.726, 2591.272, 15.0771, -1798.839, 2457.568, 114.1488,  0, 0, 0
L -1798.839, 2457.568, 114.1488, -1782.953, 2418.179, 57.5657,  0, 0, 0
L -1782.953, 2418.179, 57.5657, -1745.85, 2371.845, -24.3434,  0, 0, 0
L -1745.85, 2371.845, -24.3434, -1644.924, 2350.16, -93.3026,  0, 0, 0
L -1644.924, 2350.16, -93.3026, -1565.337, 2317.552, -104.2479,  0, 0, 0
L -126.422, 1396.817, 142.0028, -79.934, 1262.035, 189.0421,  0, 0, 0
L -79.934, 1262.035, 189.0421, -12.602, 1148.644, 183.6837,  0, 0, 0
L -12.602, 1148.644, 183.6837, 153.572, 1060.11, 116.3474,  0, 0, 0
L 347.158, 216.763, 200.3324, 301.763, 98.248, 377.5919,  0, 0, 0
L 301.763, 98.248, 377.5919, 292.906, -15.696, 417.4193,  0, 0, 0
L 292.906, -15.696, 417.4193, 321.3, -374.273, 172.6410,  0, 0, 0
L 321.3, -374.273, 172.6410, 400.382, -496.94, 94.3657,  0, 0, 0
L -2196.935, 2850.321, -0.5707, -2161.641, 2861.14, -0.1481,  0, 0, 0
L -2218.966, 2818.119, -0.3963, -2196.935, 2850.321, -0.5707,  0, 0, 0
L -2212.965, 2777.443, -0.7191, -2218.966, 2818.119, -0.3963,  0, 0, 0
L -2185.698, 2744.416, -0.7191, -2212.965, 2777.443, -0.7191,  0, 0, 0
L -2147.296, 2730.6, -0.7191, -2185.698, 2744.416, -0.7191,  0, 0, 0
L -2111.469, 2742.692, -0.7191, -2147.296, 2730.6, -0.7191,  0, 0, 0
L -2092.612, 2774.973, -0.5676, -2111.469, 2742.692, -0.7191,  0, 0, 0
L -2097.478, 2814.723, -0.3024, -2092.612, 2774.973, -0.5676,  0, 0, 0
L -2124.841, 2848.486, -0.6475, -2097.478, 2814.723, -0.3024,  0, 0, 0
L -2161.641, 2861.14, -0.1549, -2124.841, 2848.486, -0.6475,  0, 0, 0
L -2043.722, 3001.593, -1.9111, -2225.95, 3007.399, 2.5512,  0, 0, 0
L -2225.088, 2946.146, 17.7586, -2234.351, 2923.481, 6.4116,  0, 0, 0
L -396.866, -1138.547, 171.9132, -314.724, -1126.67, 159.4379,  127, 127, 127
L -510.031, -1188.723, 184.1705, -396.866, -1138.547, 172.9989,  127, 127, 127
L -567.651, -1280.381, 188.6852, -510.031, -1188.723, 184.1707,  127, 127, 127
L -626.909, -1401.21, 157.1737, -567.651, -1280.381, 188.4162,  127, 127, 127
L -636.925, -1511.537, 135.4693, -626.909, -1401.21, 157.1737,  127, 127, 127
L -640.312, -1619.996, 120.8950, -636.925, -1511.537, 135.4693,  127, 127, 127
L -643.51, -1715.323, 93.7698, -640.312, -1619.996, 119.9955,  127, 127, 127
L -655.577, -1813.125, 81.6517, -643.51, -1715.323, 93.7698,  127, 127, 127
L -686.626, -1930.695, 87.2265, -655.577, -1813.125, 81.6517,  127, 127, 127
L -749.635, -2007.679, 75.8896, -686.626, -1930.695, 87.2265,  127, 127, 127
L -855.696, -2137.74, 65.2382, -749.635, -2007.679, 75.7393,  127, 127, 127
L -1012.53, -2127.606, 63.4200, -855.696, -2137.74, 64.8383,  127, 127, 127
L -1192.107, -2116.246, 69.1496, -1012.53, -2127.606, 63.4200,  127, 127, 127
L -1289.46, -2103.68, 62.2764, -1192.107, -2116.246, 69.1145,  127, 127, 127
L -1366.967, -2022.794, 64.9630, -1289.46, -2103.68, 62.5340,  127, 127, 127
L -1438.903, -1899.49, 73.3764, -1366.967, -2022.794, 64.9630,  127, 127, 127
L -1516.293, -1895.45, 81.1816, -1438.903, -1899.49, 73.7009,  127, 127, 127
L -1598.213, -1925.33, 89.1264, -1516.293, -1895.45, 81.1816,  127, 127, 127
L -1613.122, -2000.715, 101.9458, -1598.213, -1925.33, 89.4061,  127, 127, 127
L -1720.477, -2089.539, 118.5738, -1613.122, -2000.715, 103.4172,  127, 127, 127
L -1867.395, -2128.689, 138.1675, -1720.477, -2089.539, 118.5738,  127, 127, 127
L -1907.501, -2203.745, 137.3083, -1867.395, -2128.689, 147.5350,  127, 127, 127
L -1872.158, -2275.595, 120.3876, -1907.501, -2203.745, 137.3083,  127, 127, 127
L -1889.202, -2323.422, 106.5644, -1872.158, -2275.595, 120.3876,  127, 127, 127
L -1927.701, -2370.226, 88.3050, -1889.202, -2323.422, 106.5622,  127, 127, 127
L -1925.143, -2413.471, 62.6190, -1927.701, -2370.226, 88.3050,  127, 127, 127
L -1860.105, -2464.619, 63.2685, -1925.143, -2413.471, 62.6190,  127, 127, 127
L -1784.601, -2480.8, 70.3884, -1860.105, -2464.619, 63.5621,  127, 127, 127
L -1655.126, -2482.411, 79.3819, -1784.601, -2480.8, 70.6323,  127, 127, 127
L -1610.473, -2555.354, 58.3286, -1655.126, -2482.411, 79.3819,  127, 127, 127
L -1599.606, -2640.99, 56.7254, -1610.473, -2555.354, 58.3286,  127, 127, 127
L -1589.439, -2683.136, 46.1120, -1599.606, -2640.99, 56.9810,  127, 127, 127
L -1485.105, -2817.895, 53.9078, -1589.439, -2683.136, 46.1120,  127, 127, 127
L -1447.393, -2915.71, 40.9170, -1485.105, -2817.895, 53.9078,  127, 127, 127
L -1385.51, -2977.405, 37.5664, -1447.393, -2915.71, 40.9170,  127, 127, 127
L -1354.488, -2985.281, 35.4508, -1385.51, -2977.405, 37.5664,  127, 127, 127
L -1251.686, -2970.385, 40.1822, -1354.488, -2985.281, 35.4508,  127, 127, 127
L -1168.402, -2906.557, 46.4300, -1251.686, -2970.385, 40.7956,  127, 127, 127
L -1077.22, -2850.422, 43.1381, -1168.402, -2906.557, 46.4300,  127, 127, 127
L -1008.945, -2847.305, 26.4620, -1077.22, -2850.422, 43.1381,  127, 127, 127
L -902.168, -2795.439, -5.4070, -1008.945, -2847.305, 26.1070,  127, 127, 127
L -829.898, -2728.565, -9.6569, -902.168, -2795.439, -5.4070,  127, 127, 127
L -662.013, -2697.466, -30.2593, -829.898, -2728.565, -9.6569,  127, 127, 127
L -590.37, -2739.434, -28.9415, -662.013, -2697.466, -30.2593,  127, 127, 127
L -520.703, -2740.739, -40.3293, -590.37, -2739.434, -28.9415,  127, 127, 127
L -451.852, -2650.336, -38.8010, -520.703, -2740.739, -40.3293,  127, 127, 127
L -340.596, -2551.771, -44.5915, -451.852, -2650.336, -38.8010,  127, 127, 127
L -336.532, -2509.767, -37.6007, -340.596, -2551.771, -44.5915,  127, 127, 127
L -311.307, -2348.875, -26.3648, -336.532, -2509.767, -37.2415,  127, 127, 127
L -239.303, -2281.127, -38.1358, -311.307, -2348.875, -26.3648,  127, 127, 127
L -156.869, -2239.633, -26.4024, -239.303, -2281.127, -37.6980,  127, 127, 127
L -121.948, -2141.244, -13.1103, -156.869, -2239.633, -25.8197,  127, 127, 127
L -104.033, -2044.516, 97.2259, -121.948, -2141.244, -12.4239,  127, 127, 127
L -150.142, -1966.258, 106.2091, -104.033, -2044.516, 98.2750,  127, 127, 127
L -147.695, -1915.562, 114.6000, -150.142, -1966.258, 107.2343,  127, 127, 127
L -69.58, -1863.163, 122.5164, -147.695, -1915.562, 115.1100,  127, 127, 127
L -33.113, -1795.644, 133.9192, -69.58, -1863.163, 123.6340,  127, 127, 127
L -113.981, -1737.181, 137.1360, -33.113, -1795.644, 134.6119,  127, 127, 127
L -192.664, -1732.367, 146.7222, -113.981, -1737.181, 137.4232,  127, 127, 127
L -307.047, -1728.125, 146.7283, -192.664, -1732.367, 146.7222,  127, 127, 127
L -346.162, -1712.177, 145.7524, -307.047, -1728.125, 146.4550,  127, 127, 127
L -350.526, -1617.518, 146.8160, -346.162, -1712.177, 145.7524,  127, 127, 127
L -313.428, -1543.312, 139.3524, -350.526, -1617.518, 146.8160,  127, 127, 127
L -219.017, -1442.601, 104.6886, -313.428, -1543.312, 138.9074,  127, 127, 127
L -168.306, -1375.98, 105.6417, -219.017, -1442.601, 104.6886,  127, 127, 127
L -165.372, -1255.308, 111.5113, -168.306, -1375.98, 106.3396,  127, 127, 127
L -183.473, -1164.91, 117.9470, -165.372, -1255.308, 112.5677,  127, 127, 127
L -259.56, -1127.371, 124.9780, -183.473, -1164.91, 118.6209,  127, 127, 127
L -314.724, -1126.67, 130.6540, -259.56, -1127.371, 125.8247,  127, 127, 127
L -1463.034, -1173.616, 79.1770, -1408.245, -1086.345, 95.6997,  127, 127, 127
L -1481.662, -1264.308, 66.2057, -1463.034, -1173.616, 78.6280,  127, 127, 127
L -1450.52, -1364.84, 72.5636, -1481.662, -1264.308, 66.2057,  127, 127, 127
L -1423.711, -1457.536, 72.4373, -1450.52, -1364.84, 72.5636,  127, 127, 127
L -1402.395, -1581.928, 75.4616, -1423.711, -1457.536, 72.5610,  127, 127, 127
L -1347.53, -1680.334, 88.3225, -1402.395, -1581.928, 75.8259,  127, 127, 127
L -1340.225, -1782.28, 84.4602, -1347.53, -1680.334, 88.4849,  127, 127, 127
L -1327.56, -1851.213, 93.1359, -1340.225, -1782.28, 84.4602,  127, 127, 127
L -1240.523, -1923.228, 67.7058, -1327.56, -1851.213, 93.1359,  127, 127, 127
L -1043.274, -1949.697, 76.6373, -1240.523, -1923.228, 67.5768,  127, 127, 127
L -928.664, -1880.905, 76.7806, -1043.274, -1949.697, 76.2045,  127, 127, 127
L -850.457, -1746.222, 83.6535, -928.664, -1880.905, 76.2999,  127, 127, 127
L -819.723, -1696.364, 94.8371, -850.457, -1746.222, 83.6535,  127, 127, 127
L -746.502, -1617.42, 116.7651, -819.723, -1696.364, 94.8371,  127, 127, 127
L -696.666, -1421.435, 151.9626, -746.502, -1617.42, 117.4719,  127, 127, 127
L -623.051, -1244.838, 186.1410, -696.666, -1421.435, 151.9626,  127, 127, 127
L -559.053, -1173.773, 177.1263, -623.051, -1244.838, 186.1410,  127, 127, 127
L -509.268, -1104.348, 181.1501, -559.053, -1173.773, 177.1263,  127, 127, 127
L -399.579, -1069.223, 144.6233, -509.268, -1104.348, 181.9171,  127, 127, 127
L -314.217, -1037.646, 88.6243, -399.579, -1069.223, 144.6233,  127, 127, 127
L -297.326, -1003.894, 68.9300, -314.217, -1037.646, 87.9836,  127, 127, 127
L -297.326, -1003.894, 78.1606, -312.655, -953.831, 73.2342,  127, 127, 127
L -370.176, -872.183, 61.2787, -312.655, -953.831, 60.1351,  127, 127, 127
L -408.376, -794.715, 61.2980, -370.176, -872.183, 61.2787,  127, 127, 127
L -419.411, -703.54, 64.5348, -408.376, -794.715, 60.9664,  127, 127, 127
L -349.502, -632.199, 59.7689, -419.411, -703.54, 64.5348,  127, 127, 127
L -249.309, -572.88, 61.9459, -349.502, -632.199, 59.4414,  127, 127, 127
L -75.9, -556.779, 58.1640, -249.309, -572.88, 61.8442,  127, 127, 127
L 1.643, -520.25, 62.6666, -75.9, -556.779, 58.1640,  127, 127, 127
L 42.836, -511.13, 58.2914, 1.643, -520.25, 62.5046,  127, 127, 127
L 155.772, -505.68, 74.1329, 42.836, -511.13, 58.2914,  127, 127, 127
L 187.944, -457.378, 90.8383, 155.772, -505.68, 74.1329,  127, 127, 127
L 185.677, -381.947, 81.5735, 187.944, -457.378, 90.8383,  127, 127, 127
L 111.65, -347.462, 75.9526, 185.677, -381.947, 81.5735,  127, 127, 127
L 34.145, -322.97, 63.5431, 111.65, -347.462, 75.5126,  127, 127, 127
L -4.178, -270.106, 56.6691, 34.145, -322.97, 63.9352,  127, 127, 127
L -62.548, -164.49, 62.4547, -4.178, -270.106, 56.6691,  127, 127, 127
L -124.395, -131.811, 98.3329, -62.548, -164.49, 62.4547,  127, 127, 127
L -271.227, -168.526, 132.3129, -124.395, -131.811, 101.3509,  127, 127, 127
L -432.212, -243.191, 156.3100, -271.227, -168.526, 132.9266,  127, 127, 127
L -540.655, -256.772, 154.4858, -432.212, -243.191, 156.3100,  127, 127, 127
L -609.337, -249.452, 159.8290, -540.655, -256.772, 154.4858,  127, 127, 127
L -674.902, -181.528, 168.7367, -609.337, -249.452, 158.6834,  127, 127, 127
L -716.3, -126.715, 154.8800, -674.902, -181.528, 169.2220,  127, 127, 127
L -756.559, -101.612, 158.2024, -716.3, -126.715, 154.8800,  127, 127, 127
L -789.504, -161.989, 277.8378, -756.559, -101.612, 158.2024,  127, 127, 127
L -815.173, -293.709, 296.3509, -789.504, -161.989, 280.2560,  127, 127, 127
L -915.139, -463.247, 301.9415, -815.173, -293.709, 297.2812,  127, 127, 127
L -1002.873, -601.789, 292.8700, -915.139, -463.247, 301.9415,  127, 127, 127
L -1084.48, -725.348, 253.3740, -1002.873, -601.789, 292.8700,  127, 127, 127
L -1201.942, -862.964, 187.6427, -1084.48, -725.348, 252.8613,  127, 127, 127
L -1315.434, -978.22, 149.7931, -1201.942, -862.964, 187.6400,  127, 127, 127
L -1408.245, -1086.345, 142.3252, -1315.434, -978.22, 149.7931,  127, 127, 127
L -1719.188, 723.144, 7.3190, -1704.941, 734.236, 3.4533,  127, 127, 127
L -1739.837, 671.346, 9.9015, -1719.188, 723.144, 7.6060,  127, 127, 127
L -1757.234, 600.264, 13.8613, -1739.837, 671.346, 10.3412,  127, 127, 127
L -1756.174, 530.656, 24.4908, -1757.234, 600.264, 14.7529,  127, 127, 127
L -1740.848, 444.339, 31.8015, -1756.174, 530.656, 25.3127,  127, 127, 127
L -1676.941, 411.258, 52.1116, -1740.848, 444.339, 32.6664,  127, 127, 127
L -1590.997, 337.894, 63.9380, -1676.941, 411.258, 53.1103,  127, 127, 127
L -1499.995, 322.728, 83.1508, -1590.997, 337.894, 64.4104,  127, 127, 127
L -1342.94, 299.344, 72.2348, -1499.995, 322.728, 84.3687,  127, 127, 127
L -1242.728, 239.12, 71.2626, -1342.94, 299.344, 72.2192,  127, 127, 127
L -1214.07, 148.192, 71.2107, -1242.728, 239.12, 71.2626,  127, 127, 127
L -1185.724, 129.202, 131.4910, -1214.07, 148.192, 71.2107,  127, 127, 127
L -1218.658, 48.536, 120.7269, -1185.724, 129.202, 130.5643,  127, 127, 127
L -1238.624, -5.647, 118.9001, -1218.658, 48.536, 120.4227,  127, 127, 127
L -1306.528, -49.47, 126.4274, -1238.624, -5.647, 118.9001,  127, 127, 127
L -1560.203, -15.923, 82.8478, -1306.528, -49.47, 126.4260,  127, 127, 127
L -1689.648, -11.94, -12.5145, -1560.203, -15.923, 7.7497,  127, 127, 127
L -1827.476, -11.477, -24.5138, -1689.648, -11.94, -12.5145,  127, 127, 127
L -1898.017, -12.101, -38.5673, -1827.476, -11.477, -24.5138,  127, 127, 127
L -1953.58, -27.731, -31.4183, -1898.017, -12.101, -38.9258,  127, 127, 127
L -1995.235, -67.728, -25.7479, -1953.58, -27.731, -31.3226,  127, 127, 127
L -1972.242, -104.302, -9.2584, -1995.235, -67.728, -25.7479,  127, 127, 127
L -1849.934, -129.163, 84.1680, -1972.242, -104.302, -6.3666,  127, 127, 127
L -1753.511, -141.971, 155.2911, -1849.934, -129.163, 83.7826,  127, 127, 127
L -1724.145, -168.301, 260.3976, -1753.511, -141.971, 155.3580,  127, 127, 127
L -1619.342, -247.516, 277.5663, -1724.145, -168.301, 261.3213,  127, 127, 127
L -1479.046, -491.88, 266.2728, -1509.676, -360.718, 277.9542,  127, 127, 127
L -1480.35, -626.323, 232.5657, -1479.046, -491.88, 265.9073,  127, 127, 127
L -1489.51, -750.936, 183.8351, -1480.35, -626.323, 232.2060,  127, 127, 127
L -1489.351, -893.419, 176.4935, -1489.51, -750.936, 183.4191,  127, 127, 127
L -1470.494, -933.655, 189.7524, -1489.351, -893.419, 177.2839,  127, 127, 127
L -1405.982, -932.467, 210.1760, -1470.494, -933.655, 191.4317,  127, 127, 127
L -1332.487, -876.418, 236.6890, -1405.982, -932.467, 211.4334,  127, 127, 127
L -1163.405, -701.4, 265.7581, -1332.487, -876.418, 237.5537,  127, 127, 127
L -1038.338, -537.963, 294.4780, -1163.405, -701.4, 272.9589,  127, 127, 127
L -964.989, -422.906, 295.5307, -1038.338, -537.963, 294.4780,  127, 127, 127
L -885.16, -297.517, 260.6447, -964.989, -422.906, 295.5307,  127, 127, 127
L -871.081, -227.113, 217.1524, -885.16, -297.517, 260.6447,  127, 127, 127
L -850.443, 257.63, 29.3460, -854.934, 119.13, 97.5584,  127, 127, 127
L -844.347, 409.685, 5.8178, -850.443, 257.63, 29.3470,  127, 127, 127
L -860.084, 524.588, 1.6403, -844.347, 409.685, 5.8178,  127, 127, 127
L -906.569, 606.37, 1.9141, -860.084, 524.588, 1.5123,  127, 127, 127
L -991.901, 661.545, 9.2492, -906.569, 606.37, 1.9141,  127, 127, 127
L -1073.049, 645.276, 13.2845, -991.901, 661.545, 9.2492,  127, 127, 127
L -1221.933, 632.682, 14.4754, -1073.049, 645.276, 13.5596,  127, 127, 127
L -1350.569, 629.952, 7.2342, -1221.933, 632.682, 14.2391,  127, 127, 127
L -1445.225, 654.561, -11.2622, -1350.569, 629.952, 7.2342,  127, 127, 127
L -1662.972, 752.227, -13.4596, -1445.294, 654.596, -11.4608,  127, 127, 127
L -1704.941, 734.236, -9.3849, -1662.972, 752.227, -13.8080,  127, 127, 127
L -2045.928, 2923.44, 4.5420, -2043.722, 3001.593, 13.2172,  0, 0, 0
L -1951.983, 2719.253, 21.2074, -2045.928, 2923.44, 4.5420,  0, 0, 0
L -1872.863, 2715.504, 32.8420, -1951.983, 2719.253, 14.8810,  0, 0, 0
L -1823.726, 2591.272, 10.6198, -1872.863, 2715.504, 32.8420,  0, 0, 0
L -1473.723, 2312.998, -88.9249, -1565.337, 2317.552, -104.8572,  0, 0, 0
L -1329.118, 2273.338, -48.4191, -1473.723, 2312.998, -88.3963,  0, 0, 0
L -1265.041, 2251.788, -60.2302, -1329.118, 2273.338, -47.9926,  0, 0, 0
L -1181.127, 2175.424, -56.8489, -1265.041, 2251.788, -60.2302,  0, 0, 0
L -1132.688, 2055.855, -33.9100, -1181.127, 2175.424, -56.8489,  0, 0, 0
L -1156.227, 1997.678, -65.8371, -1132.688, 2055.855, -32.8374,  0, 0, 0
L -1149.011, 1844.451, -54.1650, -1156.227, 1997.678, -65.8371,  0, 0, 0
L -1119.069, 1673.593, -39.5065, -1149.011, 1844.451, -53.8382,  0, 0, 0
L -1061.509, 1596.793, 14.2066, -1119.069, 1673.593, -39.5065,  0, 0, 0
L -940.704, 1589.96, 30.9240, -1061.509, 1596.793, 14.8407,  0, 0, 0
L -907.118, 1621.443, 18.4436, -940.704, 1589.96, 29.9234,  0, 0, 0
L -901.581, 1713.102, 12.1767, -907.118, 1621.443, 18.1220,  0, 0, 0
L -817.514, 1800.67, 24.6924, -901.581, 1713.102, 12.1767,  0, 0, 0
L -743.684, 1826.992, 31.4817, -817.514, 1800.67, 24.6924,  0, 0, 0
L -641.282, 1739.854, 27.2052, -665.402, 1795.169, 60.3511,  0, 0, 0
L -607.495, 1650.51, 25.4129, -641.282, 1739.854, 27.2052,  0, 0, 0
L -562.242, 1602.744, 51.1599, -607.495, 1650.51, 25.4129,  0, 0, 0
L -465.228, 1560.569, 152.5743, -562.242, 1602.744, 50.6681,  0, 0, 0
L -414.895, 1567.635, 125.7988, -465.228, 1560.569, 152.6948,  0, 0, 0
L -332.222, 1560.772, 122.2656, -414.895, 1567.635, 125.7988,  0, 0, 0
L -292.438, 1547.251, 139.9596, -332.222, 1560.772, 122.2656,  0, 0, 0
L -126.422, 1396.817, 172.4596, -292.438, 1547.251, 140.7110,  0, 0, 0
L 258.568, 964.9, 114.9677, 153.572, 1060.11, 111.7593,  0, 0, 0
L 290.577, 817.748, 123.3783, 258.568, 964.9, 114.9679,  0, 0, 0
L 308.392, 681.332, 118.4599, 290.577, 817.748, 122.8448,  0, 0, 0
L 323.459, 568.582, 112.6387, 308.392, 681.332, 118.6520,  0, 0, 0
L 365.74, 447.54, 116.2288, 323.459, 568.582, 112.6387,  0, 0, 0
L 357.096, 299.744, 116.3889, 365.74, 447.54, 115.7167,  0, 0, 0
L 347.158, 216.763, 178.6728, 357.096, 299.744, 116.3889,  0, 0, 0
L 675.963, -752.849, 133.5320, 400.382, -496.94, 94.3216,  0, 0, 0
L 694, -906.959, 120.5655, 675.963, -752.849, 134.5500,  0, 0, 0
L 709.141, -1167.924, 125.3679, 694, -906.959, 120.1547,  0, 0, 0
L 686.5, -1436.487, 162.3766, 709.141, -1167.924, 126.1268,  0, 0, 0
L 692.569, -1480.442, 127.8952, 686.5, -1436.487, 163.7110,  0, 0, 0
L 653.808, -2946.193, -15.6422, 553.313, -2716.136, -46.7584,  0, 0, 0
L 693.709, -3225.204, 4.9348, 653.808, -2946.193, -14.3901,  0, 0, 0
L 636.596, -3272.863, 13.4946, 693.709, -3225.204, 4.9348,  0, 0, 0
L 510.252, -3283.723, 25.4494, 636.596, -3272.863, 13.4946,  0, 0, 0
L 474.777, -3262.33, 11.2734, 510.252, -3283.723, 25.4494,  0, 0, 0
L 464.63, -3158.2, -3.2248, 474.777, -3262.33, 11.2734,  0, 0, 0
L 426.965, -3151.634, -18.3580, 464.63, -3158.2, -3.7233,  0, 0, 0
L 208.602, -3128.126, -63.2295, 426.965, -3151.634, -18.3580,  0, 0, 0
L -44.329, -3133.979, -58.4144, 208.602, -3128.126, -63.2297,  0, 0, 0
L -274.367, -3125.814, -53.1670, -44.329, -3133.979, -58.4560,  0, 0, 0
L -456.019, -3129.831, -62.6625, -274.367, -3125.814, -53.1670,  0, 0, 0
L -598.683, -3110.718, -56.7199, -456.019, -3129.831, -62.6625,  0, 0, 0
L -641.298, -3066.92, -46.8412, -598.683, -3110.718, -56.7199,  0, 0, 0
L -707.168, -2927.279, -27.9899, -641.298, -3066.92, -46.8412,  0, 0, 0
L -813.007, -2884.925, -11.6319, -707.168, -2927.279, -27.6508,  0, 0, 0
L -934.067, -2901.885, 29.4085, -813.007, -2884.925, -11.6320,  0, 0, 0
L -1016.505, -2999.937, 41.3768, -934.067, -2901.885, 29.4085,  0, 0, 0
L -1083.86, -3106.881, 36.7745, -1016.505, -2999.937, 41.3768,  0, 0, 0
L -1292.455, -3135.936, 36.6477, -1083.86, -3106.881, 36.7745,  0, 0, 0
L -1452.571, -3152.532, 37.7997, -1292.455, -3135.936, 36.6383,  0, 0, 0
L -1611.664, -3150.742, 38.2100, -1452.571, -3152.532, 37.7997,  0, 0, 0
L -1779.304, -3106.659, 42.4299, -1611.664, -3150.742, 38.2100,  0, 0, 0
L -1915.252, -3102.429, 42.8808, -1779.304, -3106.659, 43.2040,  0, 0, 0
L -1974.886, -3092.353, 38.2561, -1915.252, -3102.429, 43.2299,  0, 0, 0
L -2076.391, -3089.544, 38.7881, -1974.886, -3092.353, 38.2561,  0, 0, 0
L -2139.922, -3105.782, 38.3866, -2076.391, -3089.544, 38.5255,  0, 0, 0
L -2208.09, -3133.444, 37.5471, -2139.922, -3105.782, 38.3868,  0, 0, 0
L -2258.94, -3133.319, 37.8532, -2208.09, -3133.444, 37.5471,  0, 0, 0
L -2411.343, -3088.394, 56.3286, -2258.94, -3133.319, 37.8532,  0, 0, 0
L -2439.277, -2990.906, 70.8016, -2411.343, -3088.394, 56.8211,  0, 0, 0
L -2448.152, -2910.668, 93.4654, -2439.277, -2990.906, 71.1873,  0, 0, 0
L -2448.107, -187.117, -16.1194, -2404.394, -224.145, -15.8970,  0, 0, 0
L -2448.41, -36.975, -9.6776, -2448.107, -187.117, -16.1194,  0, 0, 0
L -2468.071, 49.48, -9.5326, -2448.41, -36.975, -9.7309,  0, 0, 0
L -2515.027, 149.238, -23.6312, -2468.071, 49.48, -9.5326,  0, 0, 0
L -2566.606, 213.881, -18.9610, -2515.027, 149.238, -23.6412,  0, 0, 0
L -2570.477, 276.522, -6.6127, -2566.606, 213.881, -18.9610,  0, 0, 0
L -2571.198, 311.338, -21.9818, -2570.477, 276.522, -24.7117,  0, 0, 0
L -2521.524, 517.799, -26.7103, -2571.198, 311.338, -22.2402,  0, 0, 0
L -2552.521, 687.48, -29.8797, -2521.524, 517.799, -26.7103,  0, 0, 0
L -2530.679, 778.749, -18.5169, -2552.521, 687.48, -29.7516,  0, 0, 0
L -2475.104, 881.529, -32.5683, -2530.679, 778.749, -28.7881,  0, 0, 0
L -2461.929, 949.981, -31.8859, -2475.104, 881.529, -34.1655,  0, 0, 0
L -2593.305, 1135.114, -15.7590, -2461.929, 949.981, -31.8859,  0, 0, 0
L -2529.538, 1451.512, -1.1805, -2593.305, 1135.114, -15.7590,  0, 0, 0
L -2556.379, 1882.114, 91.3588, -2499.048, 1798.975, 90.8212,  0, 0, 0
L -2551.992, 2028.666, 91.2536, -2556.379, 1882.114, 91.3588,  0, 0, 0
L -2568.029, 2106.906, 65.4508, -2551.992, 2028.666, 91.2536,  0, 0, 0
L -2596.353, 2317.832, 65.3127, -2568.029, 2106.906, 65.4508,  0, 0, 0
L -2726.16, 2511.358, 83.3200, -2596.353, 2317.832, 66.9568,  0, 0, 0
L -2724.689, 2680.818, 80.8015, -2726.16, 2511.358, 83.3200,  0, 0, 0
L -2691.688, 2731.608, 82.7450, -2724.689, 2680.818, 80.8015,  0, 0, 0
L -2551.48, 2814.973, 77.6000, -2691.688, 2731.608, 82.7450,  0, 0, 0
L -2516.171, 2830.507, 16.2985, -2551.48, 2814.973, 20.9846,  0, 0, 0
L -2509.471, 2833.455, 9.8656, -2516.171, 2830.507, 16.2989,  0, 0, 0
L -2475.053, 2845.758, 0.8028, -2509.471, 2833.455, 5.7050,  0, 0, 0
L -2360.137, 2836.501, 12.3356, -2475.053, 2845.758, 0.6268,  0, 0, 0
L -2286.68, 2814.223, 23.2957, -2360.137, 2836.501, 14.2553,  0, 0, 0
L -2234.351, 2923.481, 15.6880, -2286.68, 2814.223, 23.2957,  0, 0, 0
L -2225.95, 3007.399, 16.2483, -2225.088, 2946.146, 17.5508,  0, 0, 0
L -2106.685, 2962.71, -0.6379, -2106.203, 2940.668, -0.5557,  127, 64, 0
L -2106.203, 2940.668, -0.5557, -2105.538, 2935.42, -0.5324,  127, 64, 0
L -2105.538, 2935.42, -0.5324, -2102.87, 2924.635, -0.4517,  127, 64, 0
L -2102.87, 2924.635, -0.4517, -2094.226, 2893.84, 0.1935,  127, 64, 0
L -2094.226, 2893.84, 0.1935, -2087.219, 2877.22, 0.5093,  127, 64, 0
L -2087.219, 2877.22, 0.5093, -2058.683, 2819.551, 0.6717,  127, 64, 0
L -2058.683, 2819.551, 0.6717, -2054.602, 2809.751, 0.6665,  127, 64, 0
L -2054.602, 2809.751, 0.6665, -2053.431, 2806.219, 0.6551,  127, 64, 0
L -2053.431, 2806.219, 0.6551, -2043.529, 2769.184, 0.1971,  127, 64, 0
L -2043.529, 2769.184, 0.1971, -2041.019, 2762.367, 0.1548,  127, 64, 0
L -2041.019, 2762.367, 0.1548, -2037.24, 2754.669, 0.1041,  127, 64, 0
L -2037.24, 2754.669, 0.1041, -2032.359, 2746.685, 0.5820,  127, 64, 0
L -2032.359, 2746.685, 0.5820, -2025.556, 2737.569, 0.2830,  127, 64, 0
L -2025.556, 2737.569, 0.2830, -2021.681, 2733.262, 0.2230,  127, 64, 0
L -2021.681, 2733.262, 0.2230, -2004.51, 2716.677, -0.3006,  127, 64, 0
L -2004.51, 2716.677, -0.3006, -1999.992, 2713.65, -0.4280,  127, 64, 0
L -1999.992, 2713.65, -0.4280, -1996.912, 2711.601, -0.5009,  127, 64, 0
L -1996.912, 2711.601, -0.5009, -1993.037, 2709.153, -0.4692,  127, 64, 0
L -1993.037, 2709.153, -0.4692, -1989.177, 2707.403, -0.4896,  127, 64, 0
L -1989.177, 2707.403, -0.4896, -1986.652, 2706.139, -0.5049,  127, 64, 0
L -1986.652, 2706.139, -0.5049, -1980.68, 2704.483, -0.5341,  127, 64, 0
L -1980.68, 2704.483, -0.5341, -1974.113, 2703.561, -0.5555,  127, 64, 0
L -1974.113, 2703.561, -0.5555, -1961.931, 2702.787, -0.6231,  127, 64, 0
L -1961.931, 2702.787, -0.6231, -1957.436, 2702.311, -0.6636,  127, 64, 0
L -1957.436, 2702.311, -0.6636, -1953.258, 2701.451, -0.6687,  127, 64, 0
L -1953.258, 2701.451, -0.6687, -1948.073, 2699.875, -0.3524,  127, 64, 0
L -1948.073, 2699.875, -0.3524, -1942.854, 2697.802, -0.1400,  127, 64, 0
L -1942.854, 2697.802, -0.1400, -1933.903, 2693.516, 0.4923,  127, 64, 0
L -1933.903, 2693.516, 0.4923, -1914.549, 2683.13, 1.2819,  127, 64, 0
L -1914.549, 2683.13, 1.2819, -1903.398, 2676.348, 1.4481,  127, 64, 0
L -1903.398, 2676.348, 1.4481, -1895.946, 2671.522, 1.5786,  127, 64, 0
L -1895.946, 2671.522, 1.5786, -1887.629, 2663.939, 1.8923,  127, 64, 0
L -1887.629, 2663.939, 1.8923, -1883.925, 2661.396, 1.8379,  127, 64, 0
L -1883.925, 2661.396, 1.8379, -1879.322, 2656.89, 2.4899,  127, 64, 0
L -1879.322, 2656.89, 2.4899, -1878.08, 2655.506, 2.5489,  127, 64, 0
L -1878.08, 2655.506, 2.5489, -1875.353, 2651.193, 2.4306,  127, 64, 0
L -1875.353, 2651.193, 2.4306, -1871.914, 2646.556, 2.2252,  127, 64, 0
L -1871.914, 2646.556, 2.2252, -1869.37, 2641.459, 2.3330,  127, 64, 0
L -1869.37, 2641.459, 2.3330, -1866.715, 2634.676, 2.9730,  127, 64, 0
L -1866.715, 2634.676, 2.9730, -1866.136, 2632.867, 2.1701,  127, 64, 0
L -1866.136, 2632.867, 2.1701, -1865.282, 2628.988, 2.2652,  127, 64, 0
L -1865.282, 2628.988, 2.2652, -1864.614, 2624.632, 2.3315,  127, 64, 0
L -1864.614, 2624.632, 2.3315, -1864.064, 2615.529, 2.3496,  127, 64, 0
L -1864.064, 2615.529, 2.3496, -1864.536, 2604.771, 2.2086,  127, 64, 0
L -1864.536, 2604.771, 2.2086, -1865.608, 2597.573, 2.2590,  127, 64, 0
L -1865.608, 2597.573, 2.2590, -1869.203, 2586.845, 2.4930,  127, 64, 0
L -1869.203, 2586.845, 2.4930, -1875.329, 2570.99, 2.4306,  127, 64, 0
L -1875.329, 2570.99, 2.4306, -1876.926, 2567.852, 2.1274,  127, 64, 0
L -1876.926, 2567.852, 2.1274, -1880.341, 2561.203, 1.7881,  127, 64, 0
L -1880.341, 2561.203, 1.7881, -1884.489, 2555.54, 1.3409,  127, 64, 0
L -1884.489, 2555.54, 1.3409, -1887.424, 2551.893, 1.3008,  127, 64, 0
L -1887.424, 2551.893, 1.3008, -1895.998, 2540.842, 1.2340,  127, 64, 0
L -1895.998, 2540.842, 1.2340, -1903.957, 2531.682, 1.7970,  127, 64, 0
L -1903.957, 2531.682, 1.7970, -1910.681, 2524.566, 1.6580,  127, 64, 0
L -1910.681, 2524.566, 1.6580, -1938.263, 2495.923, -0.2380,  127, 64, 0
L -1938.263, 2495.923, -0.2380, -1975.035, 2459.851, 0.3620,  127, 64, 0
L -1957.579, 2476.891, -0.2062, -1975.035, 2459.851, 0.3620,  127, 64, 0
L -1975.035, 2459.851, 0.3620, -1982.272, 2453.292, -0.2522,  127, 64, 0
L -1982.272, 2453.292, -0.2522, -1989.612, 2446.939, 0.2259,  127, 64, 0
L -1989.612, 2446.939, 0.2259, -2015.389, 2424.238, 0.1487,  127, 64, 0
L -2015.389, 2424.238, 0.1487, -2022.596, 2417.793, -0.3066,  127, 64, 0
L -2022.596, 2417.793, -0.3066, -2044.953, 2398.104, -0.7191,  127, 64, 0
L -2044.953, 2398.104, -0.7191, -2067.317, 2378.847, -0.7191,  127, 64, 0
L -2067.317, 2378.847, -0.7191, -2083.611, 2364.278, -0.7191,  127, 64, 0
L -2083.611, 2364.278, -0.7191, -2089.649, 2357.125, 0.9480,  127, 64, 0
L -2089.649, 2357.125, 0.9480, -2095.436, 2350.77, 0.4237,  127, 64, 0
L -2095.436, 2350.77, 0.4237, -2098.673, 2347.497, -0.3757,  127, 64, 0
L -2098.673, 2347.497, -0.3757, -2106.867, 2337.707, -0.7191,  127, 64, 0
L -2106.867, 2337.707, -0.7191, -2112.691, 2332.214, -0.7190,  127, 64, 0
L -2112.691, 2332.214, -0.7190, -2127.285, 2320.385, -0.7159,  127, 64, 0
L -2127.285, 2320.385, -0.7159, -2136.861, 2312.347, -1.1822,  127, 64, 0
L -2136.861, 2312.347, -1.1822, -2168.278, 2288.192, -1.2360,  127, 64, 0
L -2168.278, 2288.192, -1.2360, -2191.28, 2269.42, -0.9209,  127, 64, 0
L -2191.28, 2269.42, -0.9209, -2202.252, 2259.83, -0.8674,  127, 64, 0
L -2202.252, 2259.83, -0.8674, -2206.926, 2255.26, -0.8261,  127, 64, 0
L -2206.926, 2255.26, -0.8261, -2210.277, 2251.615, -1.1097,  127, 64, 0
L -2210.277, 2251.615, -1.1097, -2211.346, 2250.267, -1.1995,  127, 64, 0
L -2211.346, 2250.267, -1.1995, -2214.202, 2245.732, -1.5508,  127, 64, 0
L -2214.202, 2245.732, -1.5508, -2215.882, 2242.591, -1.8036,  127, 64, 0
L -2215.882, 2242.591, -1.8036, -2216.714, 2240.775, -1.9519,  127, 64, 0
L -2216.714, 2240.775, -1.9519, -2217.351, 2239.132, -2.4605,  127, 64, 0
L -2217.351, 2239.132, -2.4605, -2218.43, 2235.593, -3.8285,  127, 64, 0
L -2218.43, 2235.593, -3.8285, -2218.844, 2233.74, -4.5125,  127, 64, 0
L -2218.844, 2233.74, -4.5125, -2219.114, 2231.939, -5.1264,  127, 64, 0
L -2219.114, 2231.939, -5.1264, -2218.63, 2215.157, -12.2950,  127, 64, 0
L -2218.63, 2215.157, -12.2950, -2218.231, 2213.198, -13.7440,  127, 64, 0
L -2218.231, 2213.198, -13.7440, -2217.949, 2211.379, -15.4620,  127, 64, 0
L -2217.949, 2211.379, -15.4620, -2217.159, 2209.596, -16.9002,  127, 64, 0
L -2217.159, 2209.596, -16.9002, -2216.51, 2208.632, -17.8501,  127, 64, 0
L -2216.51, 2208.632, -17.8501, -2215.72, 2206.443, -19.5494,  127, 64, 0
L -2215.72, 2206.443, -19.5494, -2212.957, 2201.525, -22.1250,  127, 64, 0
L -2212.957, 2201.525, -22.1250, -2210.053, 2196.777, -25.9473,  127, 64, 0
L -2210.053, 2196.777, -25.9473, -2204.876, 2188.53, -31.3555,  127, 64, 0
L -2204.876, 2188.53, -31.3555, -2199.546, 2180.122, -36.3997,  127, 64, 0
L -2199.546, 2180.122, -36.3997, -2183.883, 2155.488, -48.8930,  127, 64, 0
L -2183.883, 2155.488, -48.8930, -2176.371, 2144.254, -53.5080,  127, 64, 0
L -2176.371, 2144.254, -53.5080, -2171.192, 2136.212, -56.1897,  127, 64, 0
L -2171.192, 2136.212, -56.1897, -2165.14, 2128.204, -59.6801,  127, 64, 0
L -2165.14, 2128.204, -59.6801, -2155.411, 2114.768, -62.9742,  127, 64, 0
L -2155.411, 2114.768, -62.9742, -2144.084, 2100.208, -65.4722,  127, 64, 0
L -2144.084, 2100.208, -65.4722, -2137.69, 2092.505, -71.2292,  127, 64, 0
L -2137.69, 2092.505, -71.2292, -2136.59, 2091.202, -72.1390,  127, 64, 0
L -2136.59, 2091.202, -72.1390, -2133.311, 2087.486, -75.2723,  127, 64, 0
L -2133.311, 2087.486, -75.2723, -2131.956, 2086.189, -75.6510,  127, 64, 0
L -2131.956, 2086.189, -75.6510, -2128.29, 2082.317, -75.6795,  127, 64, 0
L -2128.29, 2082.317, -75.6795, -2124.94, 2079.22, -75.7075,  127, 64, 0
L -2124.94, 2079.22, -75.7075, -2122.448, 2077.403, -74.7312,  127, 64, 0
L -2122.448, 2077.403, -74.7312, -2115.257, 2071.139, -75.7190,  127, 64, 0
L -2115.257, 2071.139, -75.7190, -2107.001, 2064.854, -75.7850,  127, 64, 0
L -2107.001, 2064.854, -75.7850, -2090.284, 2054.11, -76.4485,  127, 64, 0
L -2090.284, 2054.11, -76.4485, -2086.853, 2052.141, -76.6019,  127, 64, 0
L -2086.853, 2052.141, -76.6019, -2080.041, 2048.695, -77.1893,  127, 64, 0
L -2080.041, 2048.695, -77.1893, -2075.059, 2046.602, -77.6093,  127, 64, 0
L -2075.059, 2046.602, -77.6093, -2071.128, 2045.153, -77.9368,  127, 64, 0
L -2071.128, 2045.153, -77.9368, -2063.885, 2042.932, -78.4929,  127, 64, 0
L -2063.885, 2042.932, -78.4929, -2054.359, 2040.76, -79.5716,  127, 64, 0
L -2054.359, 2040.76, -79.5716, -2049.175, 2039.836, -80.1864,  127, 64, 0
L -2049.175, 2039.836, -80.1864, -2039.953, 2038.66, -81.1675,  127, 64, 0
L -2039.953, 2038.66, -81.1675, -2017.147, 2036.498, -83.8726,  127, 64, 0
L -2017.147, 2036.498, -83.8726, -2013.605, 2036.356, -84.2627,  127, 64, 0
L -2013.605, 2036.356, -84.2627, -2003.68, 2036.353, -85.3215,  127, 64, 0
L -2003.68, 2036.353, -85.3215, -1994.201, 2036.825, -86.2978,  127, 64, 0
L -1994.201, 2036.825, -86.2978, -1987.984, 2037.708, -86.7903,  127, 64, 0
L -1987.984, 2037.708, -86.7903, -1980.66, 2039.642, -87.6744,  127, 64, 0
L -1980.66, 2039.642, -87.6744, -1974.348, 2042.78, -88.5134,  127, 64, 0
L -1974.348, 2042.78, -88.5134, -1964.699, 2045.87, -89.5473,  127, 64, 0
L -1964.699, 2045.87, -89.5473, -1960.172, 2047.566, -89.9621,  127, 64, 0
L -1960.172, 2047.566, -89.9621, -1958.373, 2048.329, -90.1293,  127, 64, 0
L -1958.373, 2048.329, -90.1293, -1954.95, 2048.546, -90.4402,  127, 64, 0
L -1954.95, 2048.546, -90.4402, -1939.602, 2049.112, -92.1547,  127, 64, 0
L -1939.602, 2049.112, -92.1547, -1935.223, 2050.229, -92.7042,  127, 64, 0
L -1935.223, 2050.229, -92.7042, -1931.485, 2051.452, -93.2005,  127, 64, 0
L -1931.485, 2051.452, -93.2005, -1916.66, 2058.117, -95.2017,  127, 64, 0
L -1916.66, 2058.117, -95.2017, -1912.632, 2059.46, -95.6871,  127, 64, 0
L -1912.632, 2059.46, -95.6871, -1906.977, 2060.709, -96.3686,  127, 64, 0
L -1906.977, 2060.709, -96.3686, -1888.614, 2063.624, -98.5093,  127, 64, 0
L -1888.614, 2063.624, -98.5093, -1877.496, 2066.365, -99.9652,  127, 64, 0
L -1877.496, 2066.365, -99.9652, -1868.222, 2069.148, -101.3460,  127, 64, 0
L -1868.222, 2069.148, -101.3460, -1848.837, 2077.42, -104.1958,  127, 64, 0
L -1848.837, 2077.42, -104.1958, -1843.613, 2080.35, -105.9210,  127, 64, 0
L -1843.613, 2080.35, -105.9210, -1832.844, 2086.535, -106.5968,  127, 64, 0
L -1832.844, 2086.535, -106.5968, -1824.457, 2091.523, -107.4946,  127, 64, 0
L -1824.457, 2091.523, -107.4946, -1810.189, 2098.6, -108.1753,  127, 64, 0
L -1810.189, 2098.6, -108.1753, -1805.067, 2102.221, -108.7558,  127, 64, 0
L -1805.067, 2102.221, -108.7558, -1801.175, 2105.323, -109.2831,  127, 64, 0
L -1801.175, 2105.323, -109.2831, -1798.574, 2108.313, -109.6688,  127, 64, 0
L -1798.574, 2108.313, -109.6688, -1792.325, 2116.809, -110.8915,  127, 64, 0
L -1792.325, 2116.809, -110.8915, -1783.948, 2128.651, -112.4953,  127, 64, 0
L -1783.948, 2128.651, -112.4953, -1774.023, 2146.264, -114.7951,  127, 64, 0
L -1774.023, 2146.264, -114.7951, -1756.567, 2180.923, -118.7188,  127, 64, 0
L -1756.567, 2180.923, -118.7188, -1754.419, 2185.852, -119.5630,  127, 64, 0
L -1754.419, 2185.852, -119.5630, -1745.546, 2209.283, -118.6280,  127, 64, 0
L -1745.546, 2209.283, -118.6280, -1742.681, 2216.267, -118.9264,  127, 64, 0
L -1742.681, 2216.267, -118.9264, -1740.137, 2221.48, -119.1499,  127, 64, 0
L -1740.137, 2221.48, -119.1499, -1737.089, 2225.687, -118.5520,  127, 64, 0
L -1737.089, 2225.687, -118.5520, -1727.216, 2237.103, -116.9244,  127, 64, 0
L -1727.216, 2237.103, -116.9244, -1720.626, 2244.302, -115.8298,  127, 64, 0
L -1720.626, 2244.302, -115.8298, -1711.4, 2254.396, -115.9390,  127, 64, 0
L -1711.4, 2254.396, -115.9390, -1706.583, 2260.582, -114.6726,  127, 64, 0
L -1706.583, 2260.582, -114.6726, -1699.946, 2269.898, -113.8058,  127, 64, 0
L -1699.946, 2269.898, -113.8058, -1696.105, 2273.962, -113.4274,  127, 64, 0
L -1696.105, 2273.962, -113.4274, -1693.21, 2276.504, -113.4077,  127, 64, 0
L -1693.21, 2276.504, -113.4077, -1690.098, 2278.602, -113.4138,  127, 64, 0
L -1690.098, 2278.602, -113.4138, -1686.518, 2280.573, -113.4407,  127, 64, 0
L -1686.518, 2280.573, -113.4407, -1669.085, 2288.838, -113.4695,  127, 64, 0
L -1669.085, 2288.838, -113.4695, -1663.621, 2290.62, -113.4497,  127, 64, 0
L -1663.621, 2290.62, -113.4497, -1657.184, 2292.135, -113.4187,  127, 64, 0
L -1657.184, 2292.135, -113.4187, -1652.456, 2292.94, -113.1997,  127, 64, 0
L -1652.456, 2292.94, -113.1997, -1644.043, 2293.948, -112.5947,  127, 64, 0
L -1644.043, 2293.948, -112.5947, -1634.099, 2294.838, -111.8949,  127, 64, 0
L -1634.099, 2294.838, -111.8949, -1624.396, 2295.545, -110.9214,  127, 64, 0
L -1624.396, 2295.545, -110.9214, -1604.851, 2296.384, -108.1944,  127, 64, 0
L -1604.851, 2296.384, -108.1944, -1595.021, 2296.496, -106.8468,  127, 64, 0
L -1595.021, 2296.496, -106.8468, -1570.427, 2296.958, -105.2729,  127, 64, 0
L -1570.427, 2296.958, -105.2729, -1550.446, 2295.894, -105.4077,  127, 64, 0
L -1550.446, 2295.894, -105.4077, -1534.166, 2296.217, -104.8173,  127, 64, 0
L -1534.166, 2296.217, -104.8173, -1504.446, 2296.914, -101.5597,  127, 64, 0
L -1504.446, 2296.914, -101.5597, -1489.34, 2297.124, -98.8721,  127, 64, 0
L -1489.34, 2297.124, -98.8721, -1484.302, 2296.814, -97.7565,  127, 64, 0
L -1484.302, 2296.814, -97.7565, -1476.363, 2295.289, -95.8520,  127, 64, 0
L -1476.363, 2295.289, -95.8520, -1466.836, 2292.947, -93.5596,  127, 64, 0
L -1466.836, 2292.947, -93.5596, -1460.919, 2291.782, -91.6469,  127, 64, 0
L -1460.919, 2291.782, -91.6469, -1448.42, 2289.238, -86.8880,  127, 64, 0
L -1448.42, 2289.238, -86.8880, -1437.056, 2285.963, -83.4621,  127, 64, 0
L -1437.056, 2285.963, -83.4621, -1398.883, 2274.835, -73.9418,  127, 64, 0
L -1398.883, 2274.835, -73.9418, -1389.405, 2272.24, -71.9451,  127, 64, 0
L -1389.405, 2272.24, -71.9451, -1380.13, 2269.302, -70.7514,  127, 64, 0
L -1380.13, 2269.302, -70.7514, -1370.908, 2266.202, -70.3058,  127, 64, 0
L -1370.908, 2266.202, -70.3058, -1362.149, 2262.732, -70.2460,  127, 64, 0
L -1362.149, 2262.732, -70.2460, -1353.632, 2258.94, -69.7980,  127, 64, 0
L -1353.632, 2258.94, -69.7980, -1343.304, 2253.148, -69.4642,  127, 64, 0
L -1343.304, 2253.148, -69.4642, -1328.625, 2244.26, -69.4235,  127, 64, 0
L -1328.625, 2244.26, -69.4235, -1326.214, 2243.215, -69.4188,  0, 0, 0
L -1326.214, 2243.215, -69.4188, -1292.841, 2222.109, -69.3659,  127, 64, 0
L -1292.841, 2222.109, -69.3659, -1275.915, 2212.124, -68.8683,  127, 64, 0
L -1275.915, 2212.124, -68.8683, -1267.377, 2207.415, -68.5764,  127, 64, 0
L -1267.377, 2207.415, -68.5764, -1250.373, 2197.484, -68.5032,  127, 64, 0
L -1250.373, 2197.484, -68.5032, -1242.402, 2193.929, -68.1962,  127, 64, 0
L -1242.402, 2193.929, -68.1962, -1216.483, 2181.731, -66.8730,  127, 64, 0
L -1216.483, 2181.731, -66.8730, -1211.467, 2178.994, -66.7061,  127, 64, 0
L -1211.467, 2178.994, -66.7061, -1206.584, 2175.633, -66.5975,  127, 64, 0
L -1206.584, 2175.633, -66.5975, -1204.238, 2173.275, -66.5687,  127, 64, 0
L -1204.238, 2173.275, -66.5687, -1198.167, 2167.961, -66.5559,  127, 64, 0
L -1198.167, 2167.961, -66.5559, -1193.164, 2162.537, -66.5161,  127, 64, 0
L -1193.164, 2162.537, -66.5161, -1190.289, 2158.997, -66.4626,  127, 64, 0
L -1190.289, 2158.997, -66.4626, -1184.377, 2151.271, -66.6119,  127, 64, 0
L -1184.377, 2151.271, -66.6119, -1179.257, 2143.248, -66.8820,  127, 64, 0
L -1179.257, 2143.248, -66.8820, -1176.56, 2136.294, -67.1775,  127, 64, 0
L -1176.56, 2136.294, -67.1775, -1168.009, 2116.561, -67.2566,  127, 64, 0
L -1168.009, 2116.561, -67.2566, -1165.519, 2107.479, -67.3442,  127, 64, 0
L -1165.519, 2107.479, -67.3442, -1164.588, 2103.938, -67.4920,  127, 64, 0
L -1164.588, 2103.938, -67.4920, -1164.311, 2101.275, -67.5550,  127, 64, 0
L -1164.311, 2101.275, -67.5550, -1164.278, 2089.649, -68.1700,  127, 64, 0
L -1164.278, 2089.649, -68.1700, -1164.266, 2033.666, -77.2494,  127, 64, 0
L -1164.266, 2033.666, -77.2494, -1164.896, 2028.72, -77.4830,  127, 64, 0
L -1164.896, 2028.72, -77.4830, -1166.461, 2018.533, -77.3122,  127, 64, 0
L -1166.461, 2018.533, -77.3122, -1166.632, 2016.183, -77.2762,  127, 64, 0
L -1166.632, 2016.183, -77.2762, -1167.242, 2006.906, -76.6607,  127, 64, 0
L -1167.242, 2006.906, -76.6607, -1167.837, 1996.747, -76.4552,  127, 64, 0
L -1167.837, 1996.747, -76.4552, -1168.315, 1981.453, -76.1567,  127, 64, 0
L -1168.315, 1981.453, -76.1567, -1169.926, 1967.811, -75.9665,  127, 64, 0
L -1169.926, 1967.811, -75.9665, -1173.453, 1945.809, -75.5519,  127, 64, 0
L -1173.453, 1945.809, -75.5519, -1173.698, 1944.164, -75.3751,  127, 64, 0
L -1173.698, 1944.164, -75.3751, -1174.193, 1940.72, -75.2253,  127, 64, 0
L -1174.193, 1940.72, -75.2253, -1174.945, 1928.137, -75.4612,  127, 64, 0
L -1174.945, 1928.137, -75.4612, -1175.489, 1906.165, -75.6059,  127, 64, 0
L -1175.489, 1906.165, -75.6059, -1175.971, 1820.169, -76.5956,  127, 64, 0
L -1175.971, 1820.169, -76.5956, -1177.71, 1809.132, -75.9646,  127, 64, 0
L -1177.71, 1809.132, -75.9646, -1178.29, 1801.347, -75.4596,  127, 64, 0
L -1178.29, 1801.347, -75.4596, -1179.109, 1767.303, -72.6448,  127, 64, 0
L -1179.109, 1767.303, -72.6448, -1185.131, 1727.383, -71.5901,  127, 64, 0
L -1185.131, 1727.383, -71.5901, -1188.241, 1687.5, -67.4548,  127, 64, 0
L -1188.241, 1687.5, -67.4548, -1189.233, 1669.741, -65.1590,  127, 64, 0
L -1189.233, 1669.741, -65.1590, -1190.097, 1667.981, -64.9210,  127, 64, 0
L -1190.097, 1667.981, -64.9210, -1190.587, 1666.124, -64.6411,  127, 64, 0
L -1190.587, 1666.124, -64.6411, -1190.618, 1664.287, -64.3346,  127, 64, 0
L -1190.618, 1664.287, -64.3346, -1191.104, 1661.834, -63.9361,  127, 64, 0
L -1191.104, 1661.834, -63.9361, -1191.912, 1660.333, -63.7319,  127, 64, 0
L -1191.912, 1660.333, -63.7319, -1191.866, 1658.447, -63.4136,  127, 64, 0
L -1191.866, 1658.447, -63.4136, -1191.392, 1650.108, -61.9870,  127, 64, 0
L -1191.392, 1650.108, -61.9870, -1191.031, 1648.159, -61.6420,  127, 64, 0
L -1191.031, 1648.159, -61.6420, -1191.527, 1645.438, -61.2025,  127, 64, 0
L -1191.527, 1645.438, -61.2025, -1191.615, 1643.472, -60.8862,  127, 64, 0
L -1191.615, 1643.472, -60.8862, -1192.103, 1640.895, -60.4705,  127, 64, 0
L -1192.103, 1640.895, -60.4705, -1192.286, 1639.253, -60.1510,  127, 64, 0
L -1192.286, 1639.253, -60.1510, -1191.836, 1635.435, -59.3235,  127, 64, 0
L -1191.836, 1635.435, -59.3235, -1191.395, 1633.526, -58.8483,  127, 64, 0
L -1191.395, 1633.526, -58.8483, -1191.868, 1627.923, -58.1456,  127, 64, 0
L -1191.868, 1627.923, -58.1456, -1192.877, 1621.727, -57.6321,  127, 64, 0
L -1192.877, 1621.727, -57.6321, -1192.431, 1619.838, -57.3922,  127, 64, 0
L -1192.431, 1619.838, -57.3922, -1191.252, 1616.354, -56.9089,  127, 64, 0
L -1191.252, 1616.354, -56.9089, -1190.867, 1614.497, -56.6668,  127, 64, 0
L -1190.867, 1614.497, -56.6668, -1191.364, 1603.839, -55.9857,  127, 64, 0
L -1191.364, 1603.839, -55.9857, -1191.573, 1601.905, -56.8800,  127, 64, 0
L -1191.573, 1601.905, -56.8800, -1190.518, 1591.456, -55.8243,  127, 64, 0
L -1190.518, 1591.456, -55.8243, -1189.981, 1589.299, -55.6475,  127, 64, 0
L -1189.981, 1589.299, -55.6475, -1187.361, 1582.257, -54.8913,  127, 64, 0
L -1187.361, 1582.257, -54.8913, -1184.025, 1570.754, -54.7990,  127, 64, 0
L -1184.025, 1570.754, -54.7990, -1181.122, 1556.364, -53.2815,  127, 64, 0
L -1181.122, 1556.364, -53.2815, -1178.156, 1546.381, -52.5551,  127, 64, 0
L -1178.156, 1546.381, -52.5551, -1171.501, 1526.928, -51.1681,  127, 64, 0
L -1171.501, 1526.928, -51.1681, -1156.924, 1490.172, -48.7430,  127, 64, 0
L -1156.924, 1490.172, -48.7430, -1144.43, 1456.231, -45.3825,  127, 64, 0
L -1144.43, 1456.231, -45.3825, -1139.144, 1444.891, -43.7522,  127, 64, 0
L -1139.144, 1444.891, -43.7522, -1134.393, 1434.763, -41.2987,  127, 64, 0
L -1134.393, 1434.763, -41.2987, -1133.467, 1432.975, -40.7950,  127, 64, 0
L -1133.467, 1432.975, -40.7950, -1128.297, 1423.872, -39.2145,  127, 64, 0
L -1128.297, 1423.872, -39.2145, -1121.026, 1412.798, -37.5510,  127, 64, 0
L -1121.026, 1412.798, -37.5510, -1098.566, 1383.381, -29.3626,  127, 64, 0
L -1098.566, 1383.381, -29.3626, -1090.854, 1374.371, -26.7988,  127, 64, 0
L -1090.854, 1374.371, -26.7988, -1076.992, 1359.878, -22.5920,  127, 64, 0
L -1076.992, 1359.878, -22.5920, -1071.017, 1352.183, -19.8628,  127, 64, 0
L -1071.017, 1352.183, -19.8628, -1064.657, 1344.9, -18.8115,  127, 64, 0
L -1064.657, 1344.9, -18.8115, -1058.232, 1337.706, -16.5354,  127, 64, 0
L -1058.232, 1337.706, -16.5354, -1055.705, 1335.36, -15.8801,  127, 64, 0
L -1055.705, 1335.36, -15.8801, -1021.599, 1305.915, -5.1700,  127, 64, 0
L -1021.599, 1305.915, -5.1700, -1007.648, 1293.257, -1.8546,  127, 64, 0
L -1007.648, 1293.257, -1.8546, -993.254, 1279.625, -1.1335,  127, 64, 0
L -993.254, 1279.625, -1.1335, -984.943, 1272.276, -0.7446,  127, 64, 0
L -984.943, 1272.276, -0.7446, -980.392, 1268.398, -0.6965,  127, 64, 0
L -980.392, 1268.398, -0.6965, -977.088, 1266.498, -0.6932,  127, 64, 0
L -977.088, 1266.498, -0.6932, -973.853, 1265.389, -0.6875,  127, 64, 0
L -973.853, 1265.389, -0.6875, -970.512, 1263.768, -0.6792,  127, 64, 0
L -970.512, 1263.768, -0.6792, -968.116, 1263.37, -0.6723,  127, 64, 0
L -968.116, 1263.37, -0.6723, -962.998, 1261.749, -0.6536,  127, 64, 0
L -962.998, 1261.749, -0.6536, -959.028, 1261.106, -0.6382,  127, 64, 0
L -959.028, 1261.106, -0.6382, -956.978, 1260.938, -0.6463,  127, 64, 0
L -956.978, 1260.938, -0.6463, -949.198, 1260.762, -0.6743,  127, 64, 0
L -949.198, 1260.762, -0.6743, -940.046, 1261.135, -0.6836,  127, 64, 0
L -940.046, 1261.135, -0.6836, -935.444, 1262.535, -0.6816,  127, 64, 0
L -935.444, 1262.535, -0.6816, -927.706, 1264.272, -0.6075,  127, 64, 0
L -927.706, 1264.272, -0.6075, -923.421, 1265.958, -0.5987,  127, 64, 0
L -923.421, 1265.958, -0.5987, -920.198, 1267.604, -0.5963,  127, 64, 0
L -920.198, 1267.604, -0.5963, -918.146, 1269.205, -0.5958,  127, 64, 0
L -918.146, 1269.205, -0.5958, -914.42, 1272.808, -0.5980,  127, 64, 0
L -914.42, 1272.808, -0.5980, -912.463, 1274.87, -0.6018,  127, 64, 0
L -912.463, 1274.87, -0.6018, -908.299, 1279.926, -0.6362,  127, 64, 0
L -908.299, 1279.926, -0.6362, -906.311, 1283.186, -0.6644,  127, 64, 0
L -906.311, 1283.186, -0.6644, -904.312, 1291.664, -0.6952,  127, 64, 0
L -904.312, 1291.664, -0.6952, -903.271, 1296.87, -0.6921,  127, 64, 0
L -903.271, 1296.87, -0.6921, -902.66, 1301.976, -0.6925,  127, 64, 0
L -902.66, 1301.976, -0.6925, -904.251, 1351.183, -0.6028,  127, 64, 0
L -904.251, 1351.183, -0.6028, -905.36, 1362.4, -0.1185,  127, 64, 0
L -905.36, 1362.4, -0.1185, -905.276, 1375.813, -0.9180,  127, 64, 0
L -905.276, 1375.813, -0.9180, -905.324, 1377.692, 0.2170,  127, 64, 0
L -905.324, 1377.692, 0.2170, -904.836, 1403.663, 0.4395,  127, 64, 0
L -904.836, 1403.663, 0.4395, -901.126, 1429.38, -0.2839,  127, 64, 0
L -901.126, 1429.38, -0.2839, -898.845, 1440.831, 0.4666,  127, 64, 0
L -898.845, 1440.831, 0.4666, -896.08, 1453.187, 0.1876,  127, 64, 0
L -896.08, 1453.187, 0.1876, -893.445, 1464.932, 0.3476,  127, 64, 0
L -893.445, 1464.932, 0.3476, -892.029, 1472.841, 0.4200,  127, 64, 0
L -892.029, 1472.841, 0.4200, -890.876, 1481.57, -0.1805,  127, 64, 0
L -890.876, 1481.57, -0.1805, -890.258, 1487.99, -0.5790,  127, 64, 0
L -890.258, 1487.99, -0.5790, -890.214, 1489.734, 0.5490,  127, 64, 0
L -890.214, 1489.734, 0.5490, -891.285, 1508.127, 0.7749,  127, 64, 0
L -891.285, 1508.127, 0.7749, -891.408, 1509.957, 0.9536,  127, 64, 0
L -891.408, 1509.957, 0.9536, -891.98, 1521.652, 2.6717,  127, 64, 0
L -891.98, 1521.652, 2.6717, -890.18, 1522.348, 2.4205,  127, 64, 0
L -890.18, 1522.348, 2.4205, -882.117, 1525.954, 0.4447,  127, 64, 0
L -882.117, 1525.954, 0.4447, -871.13, 1527.664, -0.2244,  127, 64, 0
L -871.13, 1527.664, -0.2244, -867.404, 1528.26, -0.2837,  127, 64, 0
L -867.404, 1528.26, -0.2837, -862.42, 1528.676, -0.3529,  127, 64, 0
L -862.42, 1528.676, -0.3529, -868.957, 1504.427, -0.4726,  127, 64, 0
L -868.957, 1504.427, -0.4726, -870.054, 1498.172, -0.5074,  127, 64, 0
L -870.054, 1498.172, -0.5074, -872.053, 1474.769, -0.7150,  127, 64, 0
L -872.053, 1474.769, -0.7150, -880.248, 1428.734, -0.7180,  127, 64, 0
L -880.248, 1428.734, -0.7180, -882.09, 1411.92, -0.7185,  127, 64, 0
L -882.09, 1411.92, -0.7185, -882.622, 1400.747, -0.7187,  127, 64, 0
L -882.622, 1400.747, -0.7187, -883.145, 1369.246, -0.7188,  127, 64, 0
L -883.145, 1369.246, -0.7188, -882.649, 1332.259, -0.6838,  127, 64, 0
L -882.649, 1332.259, -0.6838, -882.621, 1325.373, -0.7057,  127, 64, 0
L -882.621, 1325.373, -0.7057, -879.487, 1314.668, -0.7082,  127, 64, 0
L -879.487, 1314.668, -0.7082, -876.023, 1301.79, -0.7106,  127, 64, 0
L -876.023, 1301.79, -0.7106, -874.329, 1297.124, -0.7117,  127, 64, 0
L -874.329, 1297.124, -0.7117, -869.246, 1285.996, -0.7191,  127, 64, 0
L -869.246, 1285.996, -0.7191, -862.19, 1275.505, -0.7191,  127, 64, 0
L -862.19, 1275.505, -0.7191, -856.954, 1268.36, -0.7191,  127, 64, 0
L -856.954, 1268.36, -0.7191, -852.194, 1262.835, -0.7191,  127, 64, 0
L -852.194, 1262.835, -0.7191, -848.206, 1258.92, -0.7191,  127, 64, 0
L -848.206, 1258.92, -0.7191, -844.26, 1255.84, -0.7191,  127, 64, 0
L -844.26, 1255.84, -0.7191, -840.087, 1253.69, -0.7191,  127, 64, 0
L -840.087, 1253.69, -0.7191, -835.092, 1250.529, -0.7191,  127, 64, 0
L -835.092, 1250.529, -0.7191, -817.619, 1242.521, -0.7191,  127, 64, 0
L -817.619, 1242.521, -0.7191, -809.424, 1238.577, -0.7191,  127, 64, 0
L -809.424, 1238.577, -0.7191, -791.359, 1231.53, -0.7191,  127, 64, 0
L -791.359, 1231.53, -0.7191, -783.371, 1228.305, -0.7191,  127, 64, 0
L -783.371, 1228.305, -0.7191, -779.849, 1226.357, -0.7191,  127, 64, 0
L -779.849, 1226.357, -0.7191, -773.011, 1221.858, -0.7191,  127, 64, 0
L -773.011, 1221.858, -0.7191, -746.424, 1200.94, -0.7190,  127, 64, 0
L -746.424, 1200.94, -0.7190, -736.132, 1191.773, -0.7190,  127, 64, 0
L -736.132, 1191.773, -0.7190, -723.16, 1178.802, -0.7191,  127, 64, 0
L -723.16, 1178.802, -0.7191, -718.376, 1173.359, -0.7191,  127, 64, 0
L -718.376, 1173.359, -0.7191, -713.308, 1166.206, -0.7191,  127, 64, 0
L -713.308, 1166.206, -0.7191, -711.081, 1162.586, -0.7191,  127, 64, 0
L -711.081, 1162.586, -0.7191, -707.984, 1156.46, -0.7191,  127, 64, 0
L -707.984, 1156.46, -0.7191, -704.728, 1148.436, -0.7191,  127, 64, 0
L -704.728, 1148.436, -0.7191, -701.932, 1143.341, -0.7191,  127, 64, 0
L -701.932, 1143.341, -0.7191, -698.005, 1137.574, -0.7191,  127, 64, 0
L -698.005, 1137.574, -0.7191, -694.597, 1133.486, -0.7191,  127, 64, 0
L -694.597, 1133.486, -0.7191, -692.388, 1131.206, -0.4921,  127, 64, 0
L -692.388, 1131.206, -0.4921, -688.874, 1128.227, -0.6727,  127, 64, 0
L -688.874, 1128.227, -0.6727, -682.453, 1122.802, -0.7191,  127, 64, 0
L -682.453, 1122.802, -0.7191, -675.677, 1117.891, -0.7191,  127, 64, 0
L -675.677, 1117.891, -0.7191, -641.693, 1094.737, -0.7191,  127, 64, 0
L -641.693, 1094.737, -0.7191, -626.01, 1083.357, -0.5074,  127, 64, 0
L -626.01, 1083.357, -0.5074, -600.405, 1064.552, -0.7191,  127, 64, 0
L -600.405, 1064.552, -0.7191, -595.644, 1060.763, -0.7191,  127, 64, 0
L -595.644, 1060.763, -0.7191, -546.016, 1015.295, -0.7191,  127, 64, 0
L -546.016, 1015.295, -0.7191, -531.28, 1000.542, -0.7191,  127, 64, 0
L -531.28, 1000.542, -0.7191, -526.211, 994.809, -0.7191,  127, 64, 0
L -526.211, 994.809, -0.7191, -520.327, 987.484, -0.7191,  127, 64, 0
L -520.327, 987.484, -0.7191, -514.111, 978.252, -0.7191,  127, 64, 0
L -514.111, 978.252, -0.7191, -499.433, 952.138, -0.7191,  127, 64, 0
L -499.433, 952.138, -0.7191, -494.699, 945.406, -0.7191,  127, 64, 0
L -494.699, 945.406, -0.7191, -490.574, 940.458, -0.7191,  127, 64, 0
L -490.574, 940.458, -0.7191, -464.34, 911.758, -0.7191,  127, 64, 0
L -464.34, 911.758, -0.7191, -449.51, 894.637, -0.7191,  127, 64, 0
L -449.51, 894.637, -0.7191, -443.652, 886.601, -0.7191,  127, 64, 0
L -443.652, 886.601, -0.7191, -437.663, 878.733, 0.3830,  127, 64, 0
L -437.663, 878.733, 0.3830, -432.031, 871.268, -0.7191,  127, 64, 0
L -432.031, 871.268, -0.7191, -422.615, 857.494, -0.7191,  127, 64, 0
L -422.615, 857.494, -0.7191, -418.708, 850.505, -0.7191,  127, 64, 0
L -418.708, 850.505, -0.7191, -413.09, 839.409, -0.7191,  127, 64, 0
L -413.09, 839.409, -0.7191, -407.566, 826.35, -0.7191,  127, 64, 0
L -407.566, 826.35, -0.7191, -404.888, 818.518, 0.2140,  127, 64, 0
L -404.888, 818.518, 0.2140, -404.223, 816.996, -0.7120,  127, 64, 0
L -404.223, 816.996, -0.7120, -404.049, 815.639, -0.2673,  127, 64, 0
L -404.049, 815.639, -0.2673, -403.198, 813.894, -0.7189,  127, 64, 0
L -403.198, 813.894, -0.7189, -395.666, 789.479, -0.7191,  127, 64, 0
L -395.666, 789.479, -0.7191, -393.46, 781.686, -0.5820,  127, 64, 0
L -393.46, 781.686, -0.5820, -392.997, 779.957, -0.2476,  127, 64, 0
L -392.997, 779.957, -0.2476, -392.366, 777.532, -0.7190,  127, 64, 0
L -392.366, 777.532, -0.7190, -383.857, 734.473, -0.7191,  127, 64, 0
L -383.857, 734.473, -0.7191, -382.011, 721.306, -0.2027,  127, 64, 0
L -382.011, 721.306, -0.2027, -381.151, 716.693, -0.3269,  127, 64, 0
L -381.151, 716.693, -0.3269, -379.973, 702.562, -0.1342,  127, 64, 0
L -379.973, 702.562, -0.1342, -379.456, 665.562, -0.7191,  127, 64, 0
L -379.456, 665.562, -0.7191, -378.884, 647.988, -0.7191,  127, 64, 0
L -378.884, 647.988, -0.7191, -373.224, 610.976, -0.7191,  127, 64, 0
L -373.224, 610.976, -0.7191, -372.631, 604.203, -0.7191,  127, 64, 0
L -372.631, 604.203, -0.7191, -371.999, 591.217, -0.7191,  127, 64, 0
L -371.999, 591.217, -0.7191, -371.281, 585.657, -0.6361,  127, 64, 0
L -371.281, 585.657, -0.6361, -367.688, 563.415, 0.4021,  127, 64, 0
L -367.688, 563.415, 0.4021, -366.44, 561.299, 0.9360,  127, 64, 0
L -366.44, 561.299, 0.9360, -366.18, 559.395, -0.3120,  127, 64, 0
L -366.18, 559.395, -0.3120, -365.698, 555.938, -0.7191,  127, 64, 0
L -365.698, 555.938, -0.7191, -365.548, 554.47, -0.7191,  127, 64, 0
L -365.548, 554.47, -0.7191, -365.947, 543.726, -0.7191,  127, 64, 0
L -365.947, 543.726, -0.7191, -367.342, 531.321, -0.7191,  127, 64, 0
L -367.342, 531.321, -0.7191, -366.852, 496.511, -0.7191,  127, 64, 0
L -366.852, 496.511, -0.7191, -365.195, 483.726, -0.7191,  127, 64, 0
L -365.195, 483.726, -0.7191, -359.916, 457.303, -0.7191,  127, 64, 0
L -359.916, 457.303, -0.7191, -355.371, 443.197, -0.2180,  127, 64, 0
L -355.371, 443.197, -0.2180, -352.504, 433.836, -0.1926,  127, 64, 0
L -352.504, 433.836, -0.1926, -352.109, 432.506, -0.3884,  127, 64, 0
L -352.109, 432.506, -0.3884, -351.681, 431.462, -0.7190,  127, 64, 0
L -351.681, 431.462, -0.7190, -348.561, 418.225, -0.7048,  127, 64, 0
L -348.561, 418.225, -0.7048, -346.595, 408.945, 0.2080,  127, 64, 0
L -346.595, 408.945, 0.2080, -341.594, 386.453, -0.4006,  127, 64, 0
L -341.594, 386.453, -0.4006, -336.303, 369.785, -0.5475,  127, 64, 0
L -336.303, 369.785, -0.5475, -335.652, 368.692, -0.5729,  127, 64, 0
L -335.652, 368.692, -0.5729, -333.109, 361.714, 0.2393,  127, 64, 0
L -333.109, 361.714, 0.2393, -331.889, 358.878, -0.5200,  127, 64, 0
L -331.889, 358.878, -0.5200, -327.698, 347.759, -0.2970,  127, 64, 0
L -327.698, 347.759, -0.2970, -322.568, 338.689, 0.3098,  127, 64, 0
L -322.568, 338.689, 0.3098, -311.472, 316.175, -0.3304,  127, 64, 0
L -311.472, 316.175, -0.3304, -309.959, 312.981, -0.8460,  127, 64, 0
L -309.959, 312.981, -0.8460, -308.287, 309.318, -0.6491,  127, 64, 0
L -308.287, 309.318, -0.6491, -303.681, 295.602, -0.6958,  127, 64, 0
L -303.681, 295.602, -0.6958, -299.298, 285.889, -0.1645,  127, 64, 0
L -299.298, 285.889, -0.1645, -298.204, 283.598, -0.1506,  127, 64, 0
L -298.204, 283.598, -0.1506, -297.565, 282.477, -0.8590,  127, 64, 0
L -297.565, 282.477, -0.8590, -295.719, 279.851, -0.8300,  127, 64, 0
L -295.719, 279.851, -0.8300, -293.836, 277.701, 0.5990,  127, 64, 0
L -293.836, 277.701, 0.5990, -292.487, 276.353, 0.1165,  127, 64, 0
L -292.487, 276.353, 0.1165, -291.204, 275.339, 0.1482,  127, 64, 0
L -291.204, 275.339, 0.1482, -286.45, 271.822, 0.5793,  127, 64, 0
L -286.45, 271.822, 0.5793, -285.449, 270.742, 1.2090,  127, 64, 0
L -285.449, 270.742, 1.2090, -283.29, 269.803, 2.2740,  127, 64, 0
L -283.29, 269.803, 2.2740, -281.448, 269.667, 2.5219,  127, 64, 0
L -281.448, 269.667, 2.5219, -279.704, 269.76, 3.2717,  127, 64, 0
L -279.704, 269.76, 3.2717, -278.255, 270.58, 3.7067,  127, 64, 0
L -278.255, 270.58, 3.7067, -270.152, 275.43, 6.7521,  127, 64, 0
L -270.152, 275.43, 6.7521, -261.176, 281.564, 12.6520,  127, 64, 0
L -261.176, 281.564, 12.6520, -255.971, 285.598, 14.6491,  127, 64, 0
L -255.971, 285.598, 14.6491, -251.146, 289.564, 16.9501,  127, 64, 0
L -251.146, 289.564, 16.9501, -246.84, 293.767, 19.9030,  127, 64, 0
L -246.84, 293.767, 19.9030, -238.207, 302.499, 24.8410,  127, 64, 0
L -238.207, 302.499, 24.8410, -235.316, 305.716, 27.2422,  127, 64, 0
L -235.316, 305.716, 27.2422, -234.231, 307.311, 27.8902,  127, 64, 0
L -234.231, 307.311, 27.8902, -223.502, 324.578, 36.8892,  127, 64, 0
L -223.502, 324.578, 36.8892, -222.386, 326.205, 37.5808,  127, 64, 0
L -222.386, 326.205, 37.5808, -217.011, 333.926, 41.4341,  127, 64, 0
L -217.011, 333.926, 41.4341, -206.157, 349.919, 48.4112,  127, 64, 0
L -206.157, 349.919, 48.4112, -200.521, 360.25, 53.2640,  127, 64, 0
L -200.521, 360.25, 53.2640, -197.678, 364.282, 54.6927,  127, 64, 0
L -197.678, 364.282, 54.6927, -196.04, 364.713, 55.2648,  127, 64, 0
L -196.04, 364.713, 55.2648, -194.617, 363.658, 55.6170,  127, 64, 0
L -194.617, 363.658, 55.6170, -188.19, 358.565, 55.2225,  127, 64, 0
L -188.19, 358.565, 55.2225, -187.125, 357.525, 55.6886,  127, 64, 0
L -187.125, 357.525, 55.6886, -183.16, 353.283, 58.6530,  127, 64, 0
L -183.16, 353.283, 58.6530, -183.333, 351.67, 58.9300,  127, 64, 0
L -183.333, 351.67, 58.9300, -184.291, 348.926, 57.5739,  127, 64, 0
L -184.291, 348.926, 57.5739, -184.903, 347.209, 56.9739,  127, 64, 0
L -184.903, 347.209, 56.9739, -185.392, 345.866, 56.3278,  127, 64, 0
L -185.392, 345.866, 56.3278, -186.309, 343.393, 54.7567,  127, 64, 0
L -186.309, 343.393, 54.7567, -186.723, 342.306, 54.4192,  127, 64, 0
L -186.723, 342.306, 54.4192, -187.539, 340.223, 54.5290,  127, 64, 0
L -187.539, 340.223, 54.5290, -188.253, 338.437, 53.4451,  127, 64, 0
L -188.253, 338.437, 53.4451, -188.99, 336.66, 52.5664,  127, 64, 0
L -188.99, 336.66, 52.5664, -189.562, 335.347, 51.7349,  127, 64, 0
L -189.562, 335.347, 51.7349, -190.381, 333.558, 51.3235,  127, 64, 0
L -190.381, 333.558, 51.3235, -192.611, 328.822, 49.5985,  127, 64, 0
L -192.611, 328.822, 49.5985, -193.482, 327.244, 48.4100,  127, 64, 0
L -193.482, 327.244, 48.4100, -195.01, 323.942, 47.3231,  127, 64, 0
L -195.01, 323.942, 47.3231, -195.965, 322.223, 46.8215,  127, 64, 0
L -195.965, 322.223, 46.8215, -201.53, 313.133, 42.7672,  127, 64, 0
L -201.53, 313.133, 42.7672, -206.688, 304.905, 36.6197,  127, 64, 0
L -206.688, 304.905, 36.6197, -208.178, 303.268, 36.9940,  127, 64, 0
L -208.178, 303.268, 36.9940, -208.583, 302.138, 35.5557,  127, 64, 0
L -208.583, 302.138, 35.5557, -211.259, 298.666, 33.4063,  127, 64, 0
L -211.259, 298.666, 33.4063, -212.335, 297.35, 33.1629,  127, 64, 0
L -212.335, 297.35, 33.1629, -213.529, 295.959, 32.6721,  127, 64, 0
L -213.529, 295.959, 32.6721, -222.053, 287.181, 27.5515,  127, 64, 0
L -222.053, 287.181, 27.5515, -229.68, 278.562, 21.5324,  127, 64, 0
L -229.68, 278.562, 21.5324, -233.972, 274.402, 17.9730,  127, 64, 0
L -233.972, 274.402, 17.9730, -236.502, 272.415, 16.9919,  127, 64, 0
L -236.502, 272.415, 16.9919, -249.898, 259.711, 9.7603,  127, 64, 0
L -249.898, 259.711, 9.7603, -256.897, 253.441, 6.5979,  127, 64, 0
L -256.897, 253.441, 6.5979, -273.55, 238.435, 0.4679,  127, 64, 0
L -273.55, 238.435, 0.4679, -275.109, 236.958, 0.1200,  127, 64, 0
L -275.109, 236.958, 0.1200, -278.658, 233.421, -0.7044,  127, 64, 0
L -278.658, 233.421, -0.7044, -282.219, 229.406, -0.7191,  127, 64, 0
L -282.219, 229.406, -0.7191, -287.468, 222.499, -0.7191,  127, 64, 0
L -287.468, 222.499, -0.7191, -290.622, 217.405, -0.7191,  127, 64, 0
L -290.622, 217.405, -0.7191, -292.205, 214.25, -0.7191,  127, 64, 0
L -292.205, 214.25, -0.7191, -293.429, 210.893, -0.7191,  127, 64, 0
L -293.429, 210.893, -0.7191, -293.986, 208.73, -0.7191,  127, 64, 0
L -293.986, 208.73, -0.7191, -294.324, 206.4, -0.7191,  127, 64, 0
L -294.324, 206.4, -0.7191, -293.919, 197.788, -0.7191,  127, 64, 0
L -293.919, 197.788, -0.7191, -289.212, 157.9, -0.7191,  127, 64, 0
L -292.395, 186.126, -0.7191, -289.212, 157.9, -0.7191,  127, 64, 0
L -289.212, 157.9, -0.7191, -290.268, 131.796, -0.7191,  127, 64, 0
L -290.268, 131.796, -0.7191, -290.323, 122.954, -0.7191,  127, 64, 0
L -290.323, 122.954, -0.7191, -290.029, 104.726, -0.3400,  127, 64, 0
L -290.029, 104.726, -0.3400, -289.669, 102.206, -0.2700,  127, 64, 0
L -289.669, 102.206, -0.2700, -289.275, 100.282, 0.1791,  127, 64, 0
L -289.275, 100.282, 0.1791, -287.865, 95.247, 0.3842,  127, 64, 0
L -287.865, 95.247, 0.3842, -281.239, 78.146, 4.9130,  127, 64, 0
L -281.239, 78.146, 4.9130, -278.954, 72.508, 4.3966,  127, 64, 0
L -278.954, 72.508, 4.3966, -275.934, 66.52, 5.1586,  127, 64, 0
L -275.934, 66.52, 5.1586, -274.965, 64.807, 5.7168,  127, 64, 0
L -274.965, 64.807, 5.7168, -273.505, 62.397, 6.8315,  127, 64, 0
L -273.505, 62.397, 6.8315, -271.719, 59.772, 7.7352,  127, 64, 0
L -271.719, 59.772, 7.7352, -268.973, 56.596, 9.2152,  127, 64, 0
L -268.973, 56.596, 9.2152, -264.158, 51.354, 12.8280,  127, 64, 0
L -264.158, 51.354, 12.8280, -256.968, 45.764, 13.7726,  127, 64, 0
L -256.968, 45.764, 13.7726, -249.34, 39.341, 15.9718,  127, 64, 0
L -249.34, 39.341, 15.9718, -248.169, 38.235, 16.3429,  127, 64, 0
L -248.169, 38.235, 16.3429, -231.205, 22.113, 29.3780,  127, 64, 0
L -231.205, 22.113, 29.3780, -230.016, 20.854, 29.8534,  127, 64, 0
L -230.016, 20.854, 29.8534, -226.434, 17.614, 31.6569,  127, 64, 0
L -226.434, 17.614, 31.6569, -224.644, 16.264, 31.9505,  127, 64, 0
L -224.644, 16.264, 31.9505, -222.97, 15.178, 33.4870,  127, 64, 0
L -222.97, 15.178, 33.4870, -214.5, 9.796, 37.4964,  127, 64, 0
L -214.5, 9.796, 37.4964, -212.216, 2.94, 38.2957,  127, 64, 0
L -212.216, 2.94, 38.2957, -210.871, -0.757, 38.5097,  127, 64, 0
L -210.871, -0.757, 38.5097, -207.496, -8.506, 40.2862,  127, 64, 0
L -207.496, -8.506, 40.2862, -206.545, -10.545, 41.1002,  127, 64, 0
L -206.545, -10.545, 41.1002, -205.623, -11.889, 41.4765,  127, 64, 0
L -205.623, -11.889, 41.4765, -197.181, -24.272, 43.4776,  127, 64, 0
L -197.181, -24.272, 43.4776, -192.135, -32.525, 45.5530,  127, 64, 0
L -192.135, -32.525, 45.5530, -186.537, -40.615, 44.9692,  127, 64, 0
L -186.537, -40.615, 44.9692, -182.163, -47.64, 47.1010,  127, 64, 0
L -182.163, -47.64, 47.1010, -176.934, -56.126, 47.1522,  127, 64, 0
L -176.934, -56.126, 47.1522, -171.836, -64.21, 49.3650,  127, 64, 0
L -171.836, -64.21, 49.3650, -169.712, -68.772, 49.7479,  127, 64, 0
L -169.712, -68.772, 49.7479, -162.142, -74.299, 50.1452,  127, 64, 0
L -162.142, -74.299, 50.1452, -156.85, -77.342, 49.9581,  127, 64, 0
L -156.85, -77.342, 49.9581, -151.254, -79.822, 49.7379,  127, 64, 0
L -151.254, -79.822, 49.7379, -145.374, -81.831, 49.4780,  127, 64, 0
L -145.374, -81.831, 49.4780, -140.391, -83.978, 49.1691,  127, 64, 0
L -140.391, -83.978, 49.1691, -133.606, -84.175, 48.5352,  127, 64, 0
L -133.606, -84.175, 48.5352, -125.7, -84.907, 47.8590,  127, 64, 0
L -125.7, -84.907, 47.8590, -115.963, -85.423, 45.1570,  127, 64, 0
L -115.963, -85.423, 45.1570, -106.486, -85.814, 43.7231,  127, 64, 0
L -106.486, -85.814, 43.7231, -96.882, -86.311, 43.7256,  127, 64, 0
L -96.882, -86.311, 43.7256, -87.288, -86.973, 44.4697,  127, 64, 0
L -87.288, -86.973, 44.4697, -77.077, -87.774, 43.4147,  127, 64, 0
L -77.077, -87.774, 43.4147, -66.913, -88.819, 42.6790,  127, 64, 0
L -66.913, -88.819, 42.6790, -61.251, -89.853, 41.1700,  127, 64, 0
L -61.251, -89.853, 41.1700, -58.802, -90.373, 40.6751,  127, 64, 0
L -58.802, -90.373, 40.6751, -54.392, -91.538, 39.9536,  127, 64, 0
L -54.392, -91.538, 39.9536, -50.086, -92.902, 39.2272,  127, 64, 0
L -50.086, -92.902, 39.2272, -46.782, -94.269, 38.8205,  127, 64, 0
L -46.782, -94.269, 38.8205, -44.904, -95.21, 38.4786,  127, 64, 0
L -44.904, -95.21, 38.4786, -43.236, -96.164, 38.4558,  127, 64, 0
L -43.236, -96.164, 38.4558, -40.083, -98.359, 38.1773,  127, 64, 0
L -40.083, -98.359, 38.1773, -37.36, -100.675, 37.8907,  127, 64, 0
L -37.36, -100.675, 37.8907, -30.949, -107.225, 37.2175,  127, 64, 0
L -30.949, -107.225, 37.2175, -27.49, -111.326, 36.8526,  127, 64, 0
L -27.49, -111.326, 36.8526, -21.076, -119.99, 36.2918,  127, 64, 0
L -21.076, -119.99, 36.2918, -17.012, -126.412, 36.6814,  127, 64, 0
L -17.012, -126.412, 36.6814, -12.084, -136.946, 37.2312,  127, 64, 0
L -12.084, -136.946, 37.2312, -8.009, -145.636, 37.7492,  127, 64, 0
L -8.009, -145.636, 37.7492, -2.593, -161.224, 39.6060,  127, 64, 0
L -2.593, -161.224, 39.6060, 0.407, -170.691, 40.9000,  127, 64, 0
L 0.407, -170.691, 40.9000, 4.951, -184.31, 41.9962,  127, 64, 0
L 4.951, -184.31, 41.9962, 6.446, -187.706, 42.5752,  127, 64, 0
L 6.446, -187.706, 42.5752, 8.002, -190.677, 43.2877,  127, 64, 0
L 8.002, -190.677, 43.2877, 12.698, -199.224, 44.7706,  127, 64, 0
L 12.698, -199.224, 44.7706, 16.58, -206.479, 45.4356,  127, 64, 0
L 16.58, -206.479, 45.4356, 17.877, -209.474, 45.2477,  127, 64, 0
L 17.877, -209.474, 45.2477, 18.507, -211.242, 45.2712,  127, 64, 0
L 18.507, -211.242, 45.2712, 19.945, -216.732, 45.6477,  127, 64, 0
L 19.945, -216.732, 45.6477, 20.714, -220.364, 45.5236,  127, 64, 0
L 20.714, -220.364, 45.5236, 21.467, -223.123, 46.1290,  127, 64, 0
L 21.467, -223.123, 46.1290, 22.845, -226.613, 46.7912,  127, 64, 0
L 22.845, -226.613, 46.7912, 24.062, -229.103, 47.1985,  127, 64, 0
L 24.062, -229.103, 47.1985, 24.973, -230.745, 47.1612,  127, 64, 0
L 24.973, -230.745, 47.1612, 27.62, -235.101, 46.7567,  127, 64, 0
L 27.62, -235.101, 46.7567, 28.709, -236.685, 46.6614,  127, 64, 0
L 28.709, -236.685, 46.6614, 31.741, -240.441, 47.7753,  127, 64, 0
L 31.741, -240.441, 47.7753, 37.02, -245.973, 47.6122,  127, 64, 0
L 37.02, -245.973, 47.6122, 38.381, -247.268, 47.3363,  127, 64, 0
L 38.381, -247.268, 47.3363, 40.972, -249.465, 46.3451,  127, 64, 0
L 40.972, -249.465, 46.3451, 45.507, -252.731, 46.3498,  127, 64, 0
L 45.507, -252.731, 46.3498, 53.609, -258.158, 45.1308,  127, 64, 0
L 53.609, -258.158, 45.1308, 61.618, -263.721, 42.8066,  127, 64, 0
L 61.618, -263.721, 42.8066, 76.958, -274.247, 41.5315,  127, 64, 0
L 76.958, -274.247, 41.5315, 81.443, -276.668, 41.7982,  127, 64, 0
L 81.443, -276.668, 41.7982, 84.001, -277.849, 41.9007,  127, 64, 0
L 84.001, -277.849, 41.9007, 89.217, -279.98, 41.9016,  127, 64, 0
L 89.217, -279.98, 41.9016, 107.441, -286.398, 42.7090,  127, 64, 0
L 107.441, -286.398, 42.7090, 111.828, -287.637, 42.2601,  127, 64, 0
L 111.828, -287.637, 42.2601, 124.131, -289.406, 42.6448,  127, 64, 0
L 124.131, -289.406, 42.6448, 147.446, -292.645, 44.5373,  127, 64, 0
L 147.446, -292.645, 44.5373, 154.87, -293.948, 46.2804,  127, 64, 0
L 154.87, -293.948, 46.2804, 156.446, -294.413, 46.8849,  127, 64, 0
L 156.446, -294.413, 46.8849, 161.071, -295.875, 48.3125,  127, 64, 0
L 161.071, -295.875, 48.3125, 168.928, -299.107, 50.5283,  127, 64, 0
L 168.928, -299.107, 50.5283, 176.366, -303.11, 52.1991,  127, 64, 0
L 176.366, -303.11, 52.1991, 183.976, -307.806, 53.9602,  127, 64, 0
L 183.976, -307.806, 53.9602, 186.855, -309.929, 54.6469,  127, 64, 0
L 186.855, -309.929, 54.6469, 201.946, -321.852, 59.1529,  127, 64, 0
L 201.946, -321.852, 59.1529, 203.041, -322.842, 59.4866,  127, 64, 0
L 203.041, -322.842, 59.4866, 208.987, -328.531, 61.8243,  127, 64, 0
L 208.987, -328.531, 61.8243, 214.112, -334.325, 63.9114,  127, 64, 0
L 214.112, -334.325, 63.9114, 215.921, -336.714, 64.7576,  127, 64, 0
L 215.921, -336.714, 64.7576, 216.982, -338.264, 65.1744,  127, 64, 0
L 216.982, -338.264, 65.1744, 217.744, -339.474, 65.5948,  127, 64, 0
L 217.744, -339.474, 65.5948, 219.929, -343.775, 66.6385,  127, 64, 0
L 219.929, -343.775, 66.6385, 221.664, -348.422, 67.6650,  127, 64, 0
L 221.664, -348.422, 67.6650, 225.618, -360.588, 70.5160,  127, 64, 0
L 225.618, -360.588, 70.5160, 229.593, -370.948, 71.9389,  127, 64, 0
L 229.593, -370.948, 71.9389, 233.051, -380.447, 73.9806,  127, 64, 0
L 233.051, -380.447, 73.9806, 233.524, -382.796, 74.3387,  127, 64, 0
L 233.524, -382.796, 74.3387, 234.011, -383.987, 74.6189,  127, 64, 0
L 234.011, -383.987, 74.6189, 235.148, -389.187, 76.1925,  127, 64, 0
L 235.148, -389.187, 76.1925, 236.569, -397.114, 77.6834,  127, 64, 0
L 236.569, -397.114, 77.6834, 238.16, -406.284, 81.2068,  127, 64, 0
L 238.16, -406.284, 81.2068, 238.641, -409.197, 81.7578,  127, 64, 0
L 238.641, -409.197, 81.7578, 238.875, -411.156, 81.9796,  127, 64, 0
L 238.875, -411.156, 81.9796, 238.26, -424.119, 82.2411,  127, 64, 0
L 238.26, -424.119, 82.2411, 237.664, -429.677, 82.2407,  127, 64, 0
L 237.664, -429.677, 82.2407, 237.251, -432.555, 82.9990,  127, 64, 0
L 237.251, -432.555, 82.9990, 235.504, -441.92, 80.9651,  127, 64, 0
L 235.504, -441.92, 80.9651, 232.23, -454.473, 79.2580,  127, 64, 0
L 232.23, -454.473, 79.2580, 231.712, -456.271, 78.6067,  127, 64, 0
L 231.712, -456.271, 78.6067, 231.211, -457.674, 78.4459,  127, 64, 0
L 231.211, -457.674, 78.4459, 228.559, -465.238, 76.6410,  127, 64, 0
L 228.559, -465.238, 76.6410, 228.073, -466.679, 76.4241,  127, 64, 0
L 228.073, -466.679, 76.4241, 227.623, -468.378, 76.6100,  127, 64, 0
L 227.623, -468.378, 76.6100, 226.52, -471.582, 75.4474,  127, 64, 0
L 226.52, -471.582, 75.4474, 225.62, -474.721, 74.5036,  127, 64, 0
L 225.62, -474.721, 74.5036, 225.117, -476.531, 74.2340,  127, 64, 0
L 225.117, -476.531, 74.2340, 224.754, -477.869, 73.8585,  127, 64, 0
L 224.754, -477.869, 73.8585, 224.214, -479.901, 73.5083,  127, 64, 0
L 224.214, -479.901, 73.5083, 222.894, -484.923, 71.4933,  127, 64, 0
L 222.894, -484.923, 71.4933, 222.511, -486.467, 71.2514,  127, 64, 0
L 222.511, -486.467, 71.2514, 221.523, -490.199, 70.1675,  127, 64, 0
L 221.523, -490.199, 70.1675, 220.946, -492.726, 69.8691,  127, 64, 0
L 220.946, -492.726, 69.8691, 221.134, -493.9, 69.2943,  127, 64, 0
L 221.134, -493.9, 69.2943, 219.733, -495.768, 68.4809,  127, 64, 0
L 219.733, -495.768, 68.4809, 219.11, -497.541, 68.2723,  127, 64, 0
L 219.11, -497.541, 68.2723, 218.599, -498.878, 67.9427,  127, 64, 0
L 218.599, -498.878, 67.9427, 218.043, -500.196, 67.4581,  127, 64, 0
L 218.043, -500.196, 67.4581, 217.429, -501.488, 66.8220,  127, 64, 0
L 217.429, -501.488, 66.8220, 216.692, -502.868, 66.3341,  127, 64, 0
L 216.692, -502.868, 66.3341, 215.979, -504.548, 66.2205,  127, 64, 0
L 215.979, -504.548, 66.2205, 214.986, -505.541, 65.8615,  127, 64, 0
L 214.986, -505.541, 65.8615, 208.588, -514.439, 62.2351,  127, 64, 0
L 208.588, -514.439, 62.2351, 203.094, -522.167, 60.2770,  127, 64, 0
L 203.094, -522.167, 60.2770, 202.403, -523.264, 59.6477,  127, 64, 0
L 202.403, -523.264, 59.6477, 201.597, -524.658, 58.9908,  127, 64, 0
L 201.597, -524.658, 58.9908, 200.982, -525.799, 58.6347,  127, 64, 0
L 200.982, -525.799, 58.6347, 200.262, -527.189, 58.4132,  127, 64, 0
L 200.262, -527.189, 58.4132, 197.453, -532.535, 56.7209,  127, 64, 0
L 197.453, -532.535, 56.7209, 196.637, -533.923, 56.3778,  127, 64, 0
L 196.637, -533.923, 56.3778, 195.924, -535.593, 55.9491,  127, 64, 0
L 195.924, -535.593, 55.9491, 195.013, -536.442, 55.2787,  127, 64, 0
L 195.013, -536.442, 55.2787, 194.2, -537.619, 55.1576,  127, 64, 0
L 194.2, -537.619, 55.1576, 194.209, -538.777, 54.8776,  127, 64, 0
L 194.209, -538.777, 54.8776, 192.398, -540.118, 54.3858,  127, 64, 0
L 192.398, -540.118, 54.3858, 192.145, -541.235, 54.1870,  127, 64, 0
L 192.145, -541.235, 54.1870, 190.537, -542.124, 53.8611,  127, 64, 0
L 190.537, -542.124, 53.8611, 188.109, -544.565, 52.9540,  127, 64, 0
L 188.109, -544.565, 52.9540, 186.619, -545.917, 52.7419,  127, 64, 0
L 186.619, -545.917, 52.7419, 181.747, -550.62, 51.3444,  127, 64, 0
L 181.747, -550.62, 51.3444, 178.367, -552.636, 50.5885,  127, 64, 0
L 178.367, -552.636, 50.5885, 172.595, -556.475, 48.7680,  127, 64, 0
L 172.595, -556.475, 48.7680, 172.157, -557.188, 48.2053,  127, 64, 0
L 172.157, -557.188, 48.2053, 164.725, -560.633, 46.8817,  127, 64, 0
L 164.725, -560.633, 46.8817, 156.493, -564.579, 44.8085,  127, 64, 0
L 156.493, -564.579, 44.8085, 147.012, -569.23, 44.2807,  127, 64, 0
L 147.012, -569.23, 44.2807, 112.819, -585.48, 44.2807,  127, 64, 0
L 112.819, -585.48, 44.2807, 44.498, -619.668, 44.2807,  127, 64, 0
L 44.498, -619.668, 44.2807, 33.842, -625.908, 44.2807,  127, 64, 0
L 33.842, -625.908, 44.2807, 25.459, -631.153, 44.2807,  127, 64, 0
L 25.459, -631.153, 44.2807, 16.747, -637.112, 44.2807,  127, 64, 0
L 16.747, -637.112, 44.2807, -7.084, -655.18, 44.2807,  127, 64, 0
L -7.084, -655.18, 44.2807, -15.993, -662.124, 44.2807,  127, 64, 0
L -15.993, -662.124, 44.2807, -25.032, -670.47, 44.2807,  127, 64, 0
L -25.032, -670.47, 44.2807, -38.564, -684.269, 44.2807,  127, 64, 0
L -38.564, -684.269, 44.2807, -62.924, -710.191, 44.2807,  127, 64, 0
L -62.924, -710.191, 44.2807, -83.774, -729.42, 44.2807,  127, 64, 0
L -83.774, -729.42, 44.2807, -91.45, -738.217, 44.2807,  127, 64, 0
L -91.45, -738.217, 44.2807, -91.84, -739.779, 44.2807,  127, 64, 0
L -91.84, -739.779, 44.2807, -93.993, -741.93, 44.2807,  127, 64, 0
L -93.993, -741.93, 44.2807, -96.894, -748.204, 44.2807,  127, 64, 0
L -96.894, -748.204, 44.2807, -102.207, -761.253, 44.2807,  127, 64, 0
L -102.207, -761.253, 44.2807, -109.469, -776.125, 44.2807,  127, 64, 0
L -109.469, -776.125, 44.2807, -114.927, -785.265, 44.2807,  127, 64, 0
L -114.927, -785.265, 44.2807, -130.567, -807.625, 44.2807,  127, 64, 0
L -130.567, -807.625, 44.2807, -138.21, -821.236, 44.2807,  127, 64, 0
L -138.21, -821.236, 44.2807, -144.298, -832.645, 44.2807,  127, 64, 0
L -144.298, -832.645, 44.2807, -146.954, -841.202, 44.2807,  127, 64, 0
L -146.954, -841.202, 44.2807, -149.38, -850.597, 44.2807,  127, 64, 0
L -149.38, -850.597, 44.2807, -150.008, -854.436, 44.2807,  127, 64, 0
L -150.008, -854.436, 44.2807, -150.557, -860.852, 44.2807,  127, 64, 0
L -150.557, -860.852, 44.2807, -150.12, -878.72, 44.2807,  127, 64, 0
L -150.12, -878.72, 44.2807, -149.201, -884.595, 44.2807,  127, 64, 0
L -149.201, -884.595, 44.2807, -139.382, -928.237, 44.4052,  127, 64, 0
L -139.382, -928.237, 44.4052, -138.501, -934.888, 44.4322,  127, 64, 0
L -138.501, -934.888, 44.4322, -138.894, -948.171, 45.1582,  127, 64, 0
L -138.894, -948.171, 45.1582, -139.898, -952.801, 45.4136,  127, 64, 0
L -139.898, -952.801, 45.4136, -141.403, -957.481, 45.6533,  127, 64, 0
L -141.403, -957.481, 45.6533, -142.614, -960.465, 45.8429,  127, 64, 0
L -142.614, -960.465, 45.8429, -143.202, -961.769, 46.8004,  127, 64, 0
L -143.202, -961.769, 46.8004, -144.562, -963.61, 46.6786,  127, 64, 0
L -144.562, -963.61, 46.6786, -144.499, -964.421, 46.3727,  127, 64, 0
L -144.499, -964.421, 46.3727, -147.701, -970.621, 46.7406,  127, 64, 0
L -147.701, -970.621, 46.7406, -154.134, -983.98, 48.4737,  127, 64, 0
L -154.134, -983.98, 48.4737, -158.512, -991.22, 49.2810,  127, 64, 0
L -158.512, -991.22, 49.2810, -162.612, -998.667, 50.3141,  127, 64, 0
L -162.612, -998.667, 50.3141, -167.574, -1007.269, 51.3986,  127, 64, 0
L -167.574, -1007.269, 51.3986, -177.018, -1023.563, 55.5005,  127, 64, 0
L -177.018, -1023.563, 55.5005, -177.735, -1024.853, 55.6443,  127, 64, 0
L -177.735, -1024.853, 55.6443, -182.376, -1033.276, 57.5061,  127, 64, 0
L -182.376, -1033.276, 57.5061, -187.482, -1041.505, 61.6608,  127, 64, 0
L -187.482, -1041.505, 61.6608, -188.157, -1044.527, 62.5110,  127, 64, 0
L -188.157, -1044.527, 62.5110, -189.523, -1048.311, 62.9709,  127, 64, 0
L -189.523, -1048.311, 62.9709, -189.849, -1049.472, 63.4890,  127, 64, 0
L -189.849, -1049.472, 63.4890, -190.184, -1050.907, 63.3263,  127, 64, 0
L -190.184, -1050.907, 63.3263, -189.715, -1056.212, 64.7030,  127, 64, 0
L -189.715, -1056.212, 64.7030, -188.335, -1060.337, 64.6350,  127, 64, 0
L -188.335, -1060.337, 64.6350, -185.485, -1064.302, 64.4680,  127, 64, 0
L -185.485, -1064.302, 64.4680, -153.027, -1109.117, 63.7047,  127, 64, 0
L -153.027, -1109.117, 63.7047, -147.481, -1118.735, 63.7212,  127, 64, 0
L -147.481, -1118.735, 63.7212, -141.118, -1129.133, 63.7792,  127, 64, 0
L -141.118, -1129.133, 63.7792, -136.579, -1138.812, 63.8684,  127, 64, 0
L -136.579, -1138.812, 63.8684, -132.692, -1150.334, 63.9720,  127, 64, 0
L -132.692, -1150.334, 63.9720, -127.059, -1172.398, 64.7260,  127, 64, 0
L -127.059, -1172.398, 64.7260, -119.904, -1212.193, 64.1730,  127, 64, 0
L -119.904, -1212.193, 64.1730, -119.061, -1220.514, 64.2022,  127, 64, 0
L -119.061, -1220.514, 64.2022, -117.947, -1242.179, 64.2697,  127, 64, 0
L -117.947, -1242.179, 64.2697, -117.432, -1269.55, 64.2811,  127, 64, 0
L -117.432, -1269.55, 64.2811, -118.008, -1308.518, 64.3294,  127, 64, 0
L -118.008, -1308.518, 64.3294, -120.377, -1331.153, 64.3121,  127, 64, 0
L -120.377, -1331.153, 64.3121, -122.527, -1345.138, 64.3602,  127, 64, 0
L -122.527, -1345.138, 64.3602, -123.25, -1351.553, 64.3512,  127, 64, 0
L -123.25, -1351.553, 64.3512, -125.952, -1359.272, 64.3370,  127, 64, 0
L -125.952, -1359.272, 64.3370, -129.432, -1367.9, 64.3340,  127, 64, 0
L -129.432, -1367.9, 64.3340, -129.925, -1369.292, 64.4115,  127, 64, 0
L -129.925, -1369.292, 64.4115, -131.146, -1373.821, 64.9445,  127, 64, 0
L -131.146, -1373.821, 64.9445, -131.862, -1377.3, 65.3970,  127, 64, 0
L -131.862, -1377.3, 65.3970, -132.968, -1390.748, 66.4950,  127, 64, 0
L -132.968, -1390.748, 66.4950, -134.272, -1400.456, 67.1400,  127, 64, 0
L -134.272, -1400.456, 67.1400, -135.365, -1403.913, 67.4204,  127, 64, 0
L -135.365, -1403.913, 67.4204, -136.984, -1418.771, 70.4900,  127, 64, 0
L -136.984, -1418.771, 70.4900, -138.4, -1424.962, 71.1903,  127, 64, 0
L -138.4, -1424.962, 71.1903, -139.361, -1428.336, 71.7467,  127, 64, 0
L -139.361, -1428.336, 71.7467, -140.396, -1430.651, 72.3799,  127, 64, 0
L -140.396, -1430.651, 72.3799, -142.04, -1433.67, 73.5920,  127, 64, 0
L -142.04, -1433.67, 73.5920, -145.964, -1439.865, 74.6658,  127, 64, 0
L -145.964, -1439.865, 74.6658, -147.275, -1441.895, 75.9730,  127, 64, 0
L -147.275, -1441.895, 75.9730, -149.04, -1444.151, 75.8084,  127, 64, 0
L -149.04, -1444.151, 75.8084, -153.579, -1448.386, 76.9150,  127, 64, 0
L -153.579, -1448.386, 76.9150, -158.719, -1454.563, 78.8982,  127, 64, 0
L -158.719, -1454.563, 78.8982, -161.497, -1456.379, 80.1740,  127, 64, 0
L -161.497, -1456.379, 80.1740, -172.35, -1464.188, 84.4810,  127, 64, 0
L -172.35, -1464.188, 84.4810, -174.294, -1465.905, 84.2994,  127, 64, 0
L -174.294, -1465.905, 84.2994, -182.091, -1469.764, 87.8820,  127, 64, 0
L -182.091, -1469.764, 87.8820, -200.848, -1479.45, 95.5529,  127, 64, 0
L -200.848, -1479.45, 95.5529, -207.39, -1482.828, 97.5450,  127, 64, 0
L -207.39, -1482.828, 97.5450, -212.891, -1486.585, 99.5572,  127, 64, 0
L -212.891, -1486.585, 99.5572, -220.215, -1491.484, 102.3696,  127, 64, 0
L -220.215, -1491.484, 102.3696, -226.932, -1496.315, 105.2023,  127, 64, 0
L -226.932, -1496.315, 105.2023, -228.967, -1497.926, 105.3987,  127, 64, 0
L -228.967, -1497.926, 105.3987, -230.845, -1499.514, 106.9369,  127, 64, 0
L -230.845, -1499.514, 106.9369, -235.976, -1504.369, 109.4545,  127, 64, 0
L -235.976, -1504.369, 109.4545, -254.12, -1523.224, 117.8546,  127, 64, 0
L -254.12, -1523.224, 117.8546, -263.634, -1532.96, 121.1440,  127, 64, 0
L -263.634, -1532.96, 121.1440, -266.479, -1537.367, 122.4545,  127, 64, 0
L -266.479, -1537.367, 122.4545, -272.966, -1545.863, 124.6204,  127, 64, 0
L -272.966, -1545.863, 124.6204, -282.867, -1559.801, 131.7539,  127, 64, 0
L -282.867, -1559.801, 131.7539, -285.044, -1563.261, 133.3660,  127, 64, 0
L -285.044, -1563.261, 133.3660, -290.158, -1571.559, 134.6161,  127, 64, 0
L -290.158, -1571.559, 134.6161, -293.381, -1577.134, 136.3984,  127, 64, 0
L -293.381, -1577.134, 136.3984, -294.617, -1579.415, 136.8682,  127, 64, 0
L -294.617, -1579.415, 136.8682, -296.933, -1583.645, 137.2038,  127, 64, 0
L -296.933, -1583.645, 137.2038, -297.543, -1585.399, 137.2543,  127, 64, 0
L -297.543, -1585.399, 137.2543, -299.222, -1589.735, 137.1248,  127, 64, 0
L -299.222, -1589.735, 137.1248, -301.168, -1595.166, 137.3214,  127, 64, 0
L -301.168, -1595.166, 137.3214, -302.668, -1599.709, 137.1790,  127, 64, 0
L -302.668, -1599.709, 137.1790, -304.91, -1607.812, 137.9131,  127, 64, 0
L -304.91, -1607.812, 137.9131, -306.366, -1614.633, 138.1169,  127, 64, 0
L -306.366, -1614.633, 138.1169, -306.959, -1619.643, 137.6426,  127, 64, 0
L -306.959, -1619.643, 137.6426, -306.536, -1639.81, 135.2957,  127, 64, 0
L -306.536, -1639.81, 135.2957, -304.248, -1653.976, 135.1577,  127, 64, 0
L -304.248, -1653.976, 135.1577, -303.415, -1657.455, 135.2041,  127, 64, 0
L -303.415, -1657.455, 135.2041, -302.112, -1661.449, 135.4766,  127, 64, 0
L -302.112, -1661.449, 135.4766, -301.196, -1664.574, 135.7370,  127, 64, 0
L -301.196, -1664.574, 135.7370, -299.394, -1667.176, 136.3410,  127, 64, 0
L -299.394, -1667.176, 136.3410, -298.357, -1668.847, 136.5729,  127, 64, 0
L -298.357, -1668.847, 136.5729, -296.672, -1671.269, 137.7380,  127, 64, 0
L -296.672, -1671.269, 137.7380, -294.846, -1673.644, 137.7533,  127, 64, 0
L -294.846, -1673.644, 137.7533, -291.611, -1677.289, 139.8330,  127, 64, 0
L -287.888, -1680.964, 140.4243, -286.566, -1682.168, 140.5366,  127, 64, 0
L -286.566, -1682.168, 140.5366, -284.323, -1684.862, 140.4712,  127, 64, 0
L -284.323, -1684.862, 140.4712, -282.355, -1685.929, 140.4216,  127, 64, 0
L -282.355, -1685.929, 140.4216, -280.164, -1686.86, 140.4960,  127, 64, 0
L -280.164, -1686.86, 140.4960, -276.471, -1688.666, 140.8281,  127, 64, 0
L -276.471, -1688.666, 140.8281, -273.86, -1689.721, 141.1365,  127, 64, 0
L -273.86, -1689.721, 141.1365, -270.187, -1691.18, 141.7300,  127, 64, 0
L -270.187, -1691.18, 141.7300, -268.859, -1691.402, 140.9789,  127, 64, 0
L -268.859, -1691.402, 140.9789, -256.421, -1694.291, 140.4228,  127, 64, 0
L -256.421, -1694.291, 140.4228, -226.514, -1700.641, 139.8179,  127, 64, 0
L -226.514, -1700.641, 139.8179, -207.643, -1704.361, 138.2812,  127, 64, 0
L -207.643, -1704.361, 138.2812, -188.264, -1707.788, 137.5141,  127, 64, 0
L -188.264, -1707.788, 137.5141, -169.656, -1710.24, 137.1400,  127, 64, 0
L -169.656, -1710.24, 137.1400, -159.345, -1711.162, 136.2452,  127, 64, 0
L -159.345, -1711.162, 136.2452, -149.981, -1711.898, 137.9795,  127, 64, 0
L -149.981, -1711.898, 137.9795, -130.971, -1713.238, 132.6966,  127, 64, 0
L -130.971, -1713.238, 132.6966, -121.224, -1713.527, 129.3804,  127, 64, 0
L -121.224, -1713.527, 129.3804, -91.069, -1714.413, 125.6961,  127, 64, 0
L -91.069, -1714.413, 125.6961, -85.96, -1714.855, 124.9663,  127, 64, 0
L -85.96, -1714.855, 124.9663, -81.969, -1715.373, 124.8157,  127, 64, 0
L -81.969, -1715.373, 124.8157, -76.997, -1716.277, 123.6813,  127, 64, 0
L -76.997, -1716.277, 123.6813, -71.812, -1717.484, 122.1617,  127, 64, 0
L -71.812, -1717.484, 122.1617, -64.842, -1719.461, 121.2486,  127, 64, 0
L -64.842, -1719.461, 121.2486, -63.361, -1719.969, 121.7730,  127, 64, 0
L -63.361, -1719.969, 121.7730, -55.631, -1723.443, 119.5024,  127, 64, 0
L -55.631, -1723.443, 119.5024, -49.845, -1725.756, 118.1664,  127, 64, 0
L -49.845, -1725.756, 116.8024, -28.902, -1736.441, 115.9264,  127, 64, 0
L -28.902, -1736.441, 115.9264, 0.025, -1752.282, 111.7261,  127, 64, 0
L 0.025, -1752.282, 108.9490, 8.558, -1761.897, 107.7721,  127, 64, 0
L 8.558, -1761.897, 107.7721, 9.779, -1763.438, 107.2647,  127, 64, 0
L 9.779, -1763.438, 107.2647, 11.398, -1765.743, 106.8990,  127, 64, 0
L 11.398, -1765.743, 106.8990, 12.185, -1766.991, 106.6137,  127, 64, 0
L 12.185, -1766.991, 106.6137, 14.565, -1771.493, 106.2707,  127, 64, 0
L 14.565, -1771.493, 106.2707, 16.846, -1775.844, 105.8781,  127, 64, 0
L 16.846, -1775.844, 105.8781, 16.773, -1777.202, 105.7562,  127, 64, 0
L 16.773, -1777.202, 105.7562, 17.167, -1778.53, 105.4887,  127, 64, 0
L 17.167, -1778.53, 105.4887, 17.518, -1779.871, 105.7510,  127, 64, 0
L 17.518, -1779.871, 105.7510, 17.877, -1781.44, 104.4065,  127, 64, 0
L 17.877, -1781.44, 104.4065, 18.146, -1782.845, 103.6585,  127, 64, 0
L 18.146, -1782.845, 103.6585, 18.63, -1787.151, 102.3680,  127, 64, 0
L 18.63, -1787.151, 102.3680, 18.683, -1788.402, 102.7240,  127, 64, 0
L 18.683, -1788.402, 102.7240, 17.863, -1806.491, 99.5940,  127, 64, 0
L 17.863, -1806.491, 88.7382, 4.066, -1831.853, 84.5105,  127, 64, 0
L 4.066, -1831.853, 84.5105, -0.784, -1840.545, 74.7018,  127, 64, 0
L -0.784, -1840.545, 74.7018, -1.435, -1842.177, 74.4488,  127, 64, 0
L -1.435, -1842.177, 74.4488, -6.559, -1850.392, 71.2361,  127, 64, 0
L -6.559, -1850.392, 71.2361, -8.556, -1853.7, 69.6329,  127, 64, 0
L -8.556, -1853.7, 69.6329, -9.555, -1855.28, 68.4825,  127, 64, 0
L -9.555, -1855.28, 68.4825, -17.806, -1867.675, 64.1568,  127, 64, 0
L -17.806, -1867.675, 59.1441, -42.78, -1894.622, 46.9560,  127, 64, 0
L -42.78, -1894.622, 46.9560, -48.351, -1900.861, 43.8920,  127, 64, 0
L -48.351, -1900.861, 43.8920, -49.252, -1901.973, 43.9360,  127, 64, 0
L -49.252, -1901.973, 43.9360, -50.514, -1903.598, 41.6946,  127, 64, 0
L -50.514, -1903.598, 41.6946, -51.419, -1904.82, 41.2364,  127, 64, 0
L -51.419, -1904.82, 41.2364, -52.266, -1906.288, 41.2510,  127, 64, 0
L -52.266, -1906.288, 41.2510, -53.059, -1907.207, 40.6608,  127, 64, 0
L -53.059, -1907.207, 40.6608, -53.843, -1908.451, 40.1227,  127, 64, 0
L -53.843, -1908.451, 40.1227, -54.601, -1909.715, 39.4247,  127, 64, 0
L -54.601, -1909.715, 39.4247, -55.336, -1910.994, 38.5688,  127, 64, 0
L -55.336, -1910.994, 38.5688, -57.456, -1914.805, 36.8395,  127, 64, 0
L -57.456, -1914.805, 36.8395, -61.926, -1923.325, 32.2034,  127, 64, 0
L -61.926, -1923.325, 32.2034, -62.618, -1924.52, 32.5189,  127, 64, 0
L -62.618, -1924.52, 32.5189, -63.511, -1926.752, 32.6524,  127, 64, 0
L -63.511, -1926.752, 32.6524, -64.154, -1928.605, 33.1696,  127, 64, 0
L -64.154, -1928.605, 33.1696, -64.599, -1930.109, 33.3970,  127, 64, 0
L -64.599, -1930.109, 33.3970, -65.083, -1931.593, 32.6886,  127, 64, 0
L -65.083, -1931.593, 32.6886, -65.502, -1933.84, 32.2049,  127, 64, 0
L -65.502, -1933.84, 32.2049, -65.949, -1934.602, 31.4704,  127, 64, 0
L -65.949, -1934.602, 31.4704, -66.3, -1935.989, 31.3493,  127, 64, 0
L -66.3, -1935.989, 31.3493, -66.61, -1937.387, 31.6870,  127, 64, 0
L -66.61, -1937.387, 31.6870, -66.825, -1938.529, 30.7049,  127, 64, 0
L -66.825, -1938.529, 30.7049, -67.279, -1941.806, 29.2814,  127, 64, 0
L -67.279, -1941.806, 29.2814, -67.427, -1943.274, 29.1525,  127, 64, 0
L -67.427, -1943.274, 29.1525, -68.034, -1949.953, 26.8268,  127, 64, 0
L -68.034, -1949.953, 26.8268, -68.599, -1957.803, 25.2854,  127, 64, 0
L -68.599, -1957.803, 25.2854, -68.155, -1982.581, 16.8272,  127, 64, 0
L -68.155, -1982.581, 16.8272, -67.976, -1984.181, 16.6738,  127, 64, 0
L -67.976, -1984.181, 16.6738, -67.535, -1987.992, 15.8811,  127, 64, 0
L -67.535, -1987.992, 15.8811, -67.247, -1988.501, 15.2634,  127, 64, 0
L -67.247, -1988.501, 15.2634, -66.909, -1989.89, 14.4967,  127, 64, 0
L -66.909, -1989.89, 14.4967, -66.534, -1991.225, 13.6166,  127, 64, 0
L -66.534, -1991.225, 13.6166, -66.081, -1992.676, 12.4924,  127, 64, 0
L -66.081, -1992.676, 12.4924, -63.445, -2000.116, 9.6661,  127, 64, 0
L -63.445, -2000.116, 9.6661, -62.35, -2002.673, 7.7080,  127, 64, 0
L -62.35, -2002.673, 7.7080, -61.633, -2004.154, 6.3086,  127, 64, 0
L -61.633, -2004.154, 6.3086, -60.753, -2005.859, 5.6040,  127, 64, 0
L -60.753, -2005.859, 5.6040, -58.533, -2010.53, 4.2154,  127, 64, 0
L -58.533, -2010.53, 4.2154, -57.871, -2011.17, 3.5333,  127, 64, 0
L -57.871, -2011.17, 3.5333, -57.004, -2012.503, 2.5350,  127, 64, 0
L -57.004, -2012.503, 2.5350, -56.092, -2013.821, 1.3520,  127, 64, 0
L -56.092, -2013.821, 1.3520, -55.096, -2015.195, 0.2858,  127, 64, 0
L -55.096, -2015.195, 0.2858, -54.173, -2016.401, 0.1485,  127, 64, 0
L -54.173, -2016.401, 0.1485, -50.157, -2020.789, -1.9892,  127, 64, 0
L -50.157, -2020.789, -1.9892, -49.017, -2021.896, -2.9582,  127, 64, 0
L -49.017, -2021.896, -2.9582, -46.843, -2024.817, -6.1242,  127, 64, 0
L -46.843, -2024.817, -6.1242, -43.411, -2027.893, -7.3260,  127, 64, 0
L -43.411, -2027.893, -7.3260, -39.121, -2032.187, -11.8210,  127, 64, 0
L -39.121, -2032.187, -11.8210, -37.804, -2033.316, -12.6217,  127, 64, 0
L -37.804, -2033.316, -12.6217, -21.187, -2047.576, -23.1916,  127, 64, 0
L -21.187, -2047.576, -23.1916, -19.834, -2048.863, -24.6229,  127, 64, 0
L -19.834, -2048.863, -24.6229, -13.398, -2055.315, -28.4432,  127, 64, 0
L -13.398, -2055.315, -28.4432, -12.458, -2056.393, -29.3475,  127, 64, 0
L -12.458, -2056.393, -29.3475, -11.467, -2057.637, -30.5150,  127, 64, 0
L -11.467, -2057.637, -30.5150, -10.092, -2059.446, -32.4720,  127, 64, 0
L -10.092, -2059.446, -32.4720, -4.244, -2067.412, -36.6405,  127, 64, 0
L -4.244, -2067.412, -36.6405, -3.239, -2068.833, -36.8979,  127, 64, 0
L -3.239, -2068.833, -36.8979, 2.073, -2076.536, -41.2676,  127, 64, 0
L 2.073, -2076.536, -41.2676, 2.84, -2077.734, -42.3091,  127, 64, 0
L 2.84, -2077.734, -42.3091, 3.753, -2079.216, -42.4891,  127, 64, 0
L 3.753, -2079.216, -42.4891, 4.511, -2080.481, -42.8177,  127, 64, 0
L 4.511, -2080.481, -42.8177, 5.627, -2082.417, -43.6293,  127, 64, 0
L 5.627, -2082.417, -43.6293, 7.039, -2085.601, -45.1681,  127, 64, 0
L 7.039, -2085.601, -45.1681, 7.787, -2086.586, -45.3389,  127, 64, 0
L 7.787, -2086.586, -45.3389, 8.444, -2088.66, -45.6903,  127, 64, 0
L 8.444, -2088.66, -45.6903, 9.547, -2090.503, -46.6955,  127, 64, 0
L 9.547, -2090.503, -46.6955, 10.197, -2092.731, -46.8663,  127, 64, 0
L 10.197, -2092.731, -46.8663, 10.755, -2093.536, -47.2186,  127, 64, 0
L 10.755, -2093.536, -47.2186, 11.392, -2095.35, -47.9194,  127, 64, 0
L 11.392, -2095.35, -47.9194, 11.844, -2096.708, -48.6054,  127, 64, 0
L 11.844, -2096.708, -48.6054, 12.583, -2098.113, -49.1777,  127, 64, 0
L 12.583, -2098.113, -49.1777, 15.183, -2107.192, -51.3875,  127, 64, 0
L 15.183, -2107.192, -51.3875, 16.146, -2110.124, -52.4949,  127, 64, 0
L 16.146, -2110.124, -52.4949, 16.62, -2111.522, -52.6236,  127, 64, 0
L 16.62, -2111.522, -52.6236, 18.163, -2116.63, -54.1816,  127, 64, 0
L 18.163, -2116.63, -54.1816, 20.083, -2119.193, -54.7237,  127, 64, 0
L 20.083, -2119.193, -54.7237, 20.066, -2120.879, -55.2770,  127, 64, 0
L 20.066, -2120.879, -55.2770, 20.872, -2122.575, -56.1086,  127, 64, 0
L 20.872, -2122.575, -56.1086, 21.592, -2123.964, -56.4791,  127, 64, 0
L 21.592, -2123.964, -56.4791, 22.389, -2125.414, -56.7332,  127, 64, 0
L 22.389, -2125.414, -56.7332, 23.238, -2126.885, -57.2150,  127, 64, 0
L 23.238, -2126.885, -57.2150, 24, -2128.149, -57.8029,  127, 64, 0
L 24, -2128.149, -57.8029, 24.758, -2129.363, -58.5240,  127, 64, 0
L 24.758, -2129.363, -58.5240, 26.639, -2132.139, -59.1058,  127, 64, 0
L 26.639, -2132.139, -59.1058, 27.47, -2133.247, -59.4966,  127, 64, 0
L 27.47, -2133.247, -59.4966, 28.536, -2134.571, -60.1835,  127, 64, 0
L 28.536, -2134.571, -60.1835, 29.581, -2135.795, -60.4923,  127, 64, 0
L 29.581, -2135.795, -60.4923, 32.634, -2139.184, -61.6983,  127, 64, 0
L 32.634, -2139.184, -61.6983, 34.787, -2141.458, -62.1786,  127, 64, 0
L 34.787, -2141.458, -62.1786, 42.983, -2149.581, -64.6821,  127, 64, 0
L 42.983, -2149.581, -64.6821, 46.197, -2152.361, -65.5808,  127, 64, 0
L 46.197, -2152.361, -65.5808, 50.163, -2155.567, -66.9008,  127, 64, 0
L 50.163, -2155.567, -66.9008, 57.861, -2161.558, -68.9706,  127, 64, 0
L 57.861, -2161.558, -68.9706, 72.194, -2173.425, -69.8863,  127, 64, 0
L 72.194, -2173.425, -69.8863, 77.533, -2178.522, -70.3592,  127, 64, 0
L 77.533, -2178.522, -70.3592, 81.482, -2182.907, -70.4876,  127, 64, 0
L 81.482, -2182.907, -70.4876, 97.933, -2204.653, -70.7143,  127, 64, 0
L 97.933, -2204.653, -70.7143, 112.256, -2221.791, -70.7198,  127, 64, 0
L 112.256, -2221.791, -70.7198, 116.107, -2227.71, -70.7202,  127, 64, 0
L 116.107, -2227.71, -70.7202, 118.566, -2232.526, -70.7206,  127, 64, 0
L 118.566, -2232.526, -70.7206, 124.816, -2246.883, -71.4021,  127, 64, 0
L 124.816, -2246.883, -71.4021, 127.559, -2253.398, -72.6418,  127, 64, 0
L 127.559, -2253.398, -72.6418, 129.193, -2257.847, -72.9761,  127, 64, 0
L 129.193, -2257.847, -72.9761, 129.709, -2259.466, -73.3472,  127, 64, 0
L 129.709, -2259.466, -73.3472, 130.159, -2260.966, -73.8790,  127, 64, 0
L 130.159, -2260.966, -73.8790, 131.103, -2264.464, -74.6016,  127, 64, 0
L 131.103, -2264.464, -74.6016, 131.465, -2265.987, -75.8110,  127, 64, 0
L 131.465, -2265.987, -75.8110, 131.813, -2267.65, -75.8148,  127, 64, 0
L 131.813, -2267.65, -75.8148, 132.253, -2270.161, -76.2664,  127, 64, 0
L 132.253, -2270.161, -76.2664, 132.505, -2271.932, -76.7099,  127, 64, 0
L 132.505, -2271.932, -76.7099, 132.989, -2276.378, -78.1600,  127, 64, 0
L 132.989, -2276.378, -78.1600, 133.121, -2278.277, -78.4547,  127, 64, 0
L 133.121, -2278.277, -78.4547, 132.707, -2294.219, -85.5181,  127, 64, 0
L 132.707, -2294.219, -85.5181, 132.036, -2298.55, -86.4786,  127, 64, 0
L 132.036, -2298.55, -86.4786, 131.734, -2300.223, -87.1045,  127, 64, 0
L 131.734, -2300.223, -87.1045, 130.95, -2304.445, -88.1260,  127, 64, 0
L 130.95, -2304.445, -88.1260, 130.625, -2306.114, -88.6038,  127, 64, 0
L 130.625, -2306.114, -88.6038, 130.104, -2308.748, -89.9852,  127, 64, 0
L 130.104, -2308.748, -89.9852, 129.786, -2310.372, -91.9010,  127, 64, 0
L 129.786, -2310.372, -91.9010, 129.108, -2314.614, -92.1659,  127, 64, 0
L 129.108, -2314.614, -92.1659, 128.618, -2319.472, -94.6171,  127, 64, 0
L 128.618, -2319.472, -94.6171, 128.582, -2320.988, -95.9310,  127, 64, 0
L 128.582, -2320.988, -95.9310, 128.943, -2326.283, -96.6932,  127, 64, 0
L 128.943, -2326.283, -96.6932, 129.52, -2327.85, -97.5942,  127, 64, 0
L 129.52, -2327.85, -97.5942, 129.709, -2329.262, -98.5784,  127, 64, 0
L 129.709, -2329.262, -98.5784, 130.255, -2330.773, -98.8113,  127, 64, 0
L 130.255, -2330.773, -98.8113, 132.216, -2335.322, -99.1774,  127, 64, 0
L 132.216, -2335.322, -99.1774, 134.717, -2339.157, -99.5511,  127, 64, 0
L 134.717, -2339.157, -99.5511, 136.902, -2342.403, -99.8185,  127, 64, 0
L 136.902, -2342.403, -99.8185, 139.67, -2344.955, -100.7430,  127, 64, 0
L 139.67, -2344.955, -100.7430, 144.852, -2348.934, -100.4107,  127, 64, 0
L 144.852, -2348.934, -100.4107, 147.035, -2350.827, -100.6187,  127, 64, 0
L 147.035, -2350.827, -100.6187, 149.489, -2352.202, -100.7138,  127, 64, 0
L 149.489, -2352.202, -100.7138, 153.431, -2353.891, -100.7185,  127, 64, 0
L 153.431, -2353.891, -100.7185, 155.836, -2354.737, -100.7185,  127, 64, 0
L 155.836, -2354.737, -100.7185, 161.965, -2356.56, -100.7185,  127, 64, 0
L 161.965, -2356.56, -100.7185, 169.699, -2358.356, -100.7185,  127, 64, 0
L 169.699, -2358.356, -100.7185, 226.138, -2369.136, -100.7185,  127, 64, 0
L 226.138, -2369.136, -100.7185, 233.408, -2370.847, -100.7185,  127, 64, 0
L 233.408, -2370.847, -100.7185, 243.716, -2374.281, -100.7185,  127, 64, 0
L 243.716, -2374.281, -100.7185, 247.002, -2375.802, -100.7184,  127, 64, 0
L 247.002, -2375.802, -100.7184, 249.962, -2377.552, -100.7184,  127, 64, 0
L 249.962, -2377.552, -100.7184, 254.053, -2380.584, -100.7182,  127, 64, 0
L 254.053, -2380.584, -100.7182, 259.123, -2385.242, -100.7182,  127, 64, 0
L 259.123, -2385.242, -100.7182, 263.256, -2388.879, -100.7181,  127, 64, 0
L 263.256, -2388.879, -100.7181, 264.084, -2391.218, -100.7181,  127, 64, 0
L 264.084, -2391.218, -100.7181, 266.99, -2396.41, -100.7181,  127, 64, 0
L 266.99, -2396.41, -100.7181, 269.235, -2400.91, -100.7181,  127, 64, 0
L 269.235, -2400.91, -100.7181, 279.763, -2429.659, -100.7181,  127, 64, 0
L 279.763, -2429.659, -100.7181, 282.545, -2443.493, -100.7184,  127, 64, 0
L 282.545, -2443.493, -100.7184, 283.859, -2451.308, -100.7185,  127, 64, 0
L 283.859, -2451.308, -100.7185, 285.691, -2472.832, -100.7188,  127, 64, 0
L 285.691, -2472.832, -100.7188, 285.43, -2662.802, -100.7190,  127, 64, 0
L 285.43, -2662.802, -100.7190, 282.231, -2682.601, -100.7190,  127, 64, 0
L 282.231, -2682.601, -100.7190, 279.534, -2696.57, -100.7190,  127, 64, 0
L 279.534, -2696.57, -100.7190, 278.684, -2702.819, -100.7190,  127, 64, 0
L 278.684, -2702.819, -100.7190, 275.965, -2744.773, -100.7190,  127, 64, 0
L 275.965, -2744.773, -100.7190, 275.367, -2749.158, -100.7190,  127, 64, 0
L 275.367, -2749.158, -100.7190, 274.243, -2757.18, -100.7190,  127, 64, 0
L 274.243, -2757.18, -100.7190, 269.257, -2770.19, -100.7190,  127, 64, 0
L 269.257, -2770.19, -100.7190, 267.849, -2777.473, -100.7190,  127, 64, 0
L 267.849, -2777.473, -100.7190, 268.233, -2794.782, -100.7190,  127, 64, 0
L 268.233, -2794.782, -100.7190, 269.011, -2798.271, -100.7190,  127, 64, 0
L 269.011, -2798.271, -100.7190, 270.04, -2801.365, -100.7190,  127, 64, 0
L 270.04, -2801.365, -100.7190, 271.447, -2804.4, -100.7190,  127, 64, 0
L 271.447, -2804.4, -100.7190, 273.441, -2807.575, -100.7190,  127, 64, 0
L 273.441, -2807.575, -100.7190, 276.622, -2811.608, -100.7190,  127, 64, 0
L 276.622, -2811.608, -100.7190, 279.258, -2813.467, -100.7190,  127, 64, 0
L 279.258, -2813.467, -100.7190, 283.2, -2818.497, -100.7190,  127, 64, 0
L 283.2, -2818.497, -100.7190, 288.663, -2822.604, -100.7190,  127, 64, 0
L 288.663, -2822.604, -100.7190, 311.257, -2838.836, -100.7190,  127, 64, 0
L 311.257, -2838.836, -100.7190, 316.837, -2843.232, -100.7190,  127, 64, 0
L 316.837, -2843.232, -100.7190, 330.781, -2857.947, -100.7190,  127, 64, 0
L 330.781, -2857.947, -100.7190, 343.397, -2873.704, -100.7190,  127, 64, 0
L 343.397, -2873.704, -100.7190, 349.727, -2882.551, -100.7190,  127, 64, 0
L 349.727, -2882.551, -100.7190, 353.986, -2890.747, -100.7190,  127, 64, 0
L 353.986, -2890.747, -100.7190, 358.521, -2900.669, -100.7190,  127, 64, 0
L 358.521, -2900.669, -100.7190, 364.209, -2917.674, -100.7190,  127, 64, 0
L 364.209, -2917.674, -100.7190, 368.935, -2937.512, -100.7190,  127, 64, 0
L 368.935, -2937.512, -100.7190, 370.824, -2949.479, -100.7190,  127, 64, 0
L 370.824, -2949.479, -100.7190, 371.37, -2955.894, -100.7190,  127, 64, 0
L 371.37, -2955.894, -100.7190, 370.943, -2964.356, -100.7190,  127, 64, 0
L 370.943, -2964.356, -100.7190, 365.88, -2984.89, -100.7190,  127, 64, 0
L 365.88, -2984.89, -100.7190, 364.971, -2991.17, -100.7190,  127, 64, 0
L 364.971, -2991.17, -100.7190, 364.937, -3003.225, -100.7190,  127, 64, 0
L 364.937, -3003.225, -100.7190, 363.532, -3007.8, -100.7190,  127, 64, 0
L 363.532, -3007.8, -100.7190, 362.145, -3015.524, -100.7190,  127, 64, 0
L 362.145, -3015.524, -100.7190, 356.717, -3028.144, -100.7190,  127, 64, 0
L 356.717, -3028.144, -100.7190, 352.685, -3036.908, -100.7190,  127, 64, 0
L 352.685, -3036.908, -100.7190, 346.202, -3052.624, -97.3519,  127, 64, 0
L 346.202, -3052.624, -97.3519, 344.724, -3056.657, -95.6269,  127, 64, 0
L 344.724, -3056.657, -95.6269, 343.964, -3058.904, -95.2869,  127, 64, 0
L 343.964, -3058.904, -95.2869, 343.494, -3060.397, -94.1388,  127, 64, 0
L 343.494, -3060.397, -94.1388, 343.008, -3062.725, -93.5721,  127, 64, 0
L 343.008, -3062.725, -93.5721, 342.638, -3063.455, -92.9887,  127, 64, 0
L 342.638, -3063.455, -92.9887, 342.186, -3065.233, -92.4375,  127, 64, 0
L 342.186, -3065.233, -92.4375, 341.871, -3066.537, -91.8051,  127, 64, 0
L 341.871, -3066.537, -91.8051, 341.108, -3070.306, -90.6187,  127, 64, 0
L 341.108, -3070.306, -90.6187, 340.643, -3074.756, -88.9256,  127, 64, 0
L 340.643, -3074.756, -88.9256, 340.575, -3075.593, -88.5140,  127, 64, 0
L 340.575, -3075.593, -88.5140, 341, -3080.612, -85.8995,  127, 64, 0
L 341, -3080.612, -85.8995, 341.875, -3081.97, -85.4177,  127, 64, 0
L 341.875, -3081.97, -85.4177, 341.715, -3083.606, -84.9129,  127, 64, 0
L 341.715, -3083.606, -84.9129, 341.992, -3084.407, -84.6029,  127, 64, 0
L 341.992, -3084.407, -84.6029, 343.134, -3086.58, -84.3058,  127, 64, 0
L 343.134, -3086.58, -84.3058, 344.067, -3087.907, -83.1240,  127, 64, 0
L 344.067, -3087.907, -83.1240, 345.123, -3089.161, -82.4351,  127, 64, 0
L 345.123, -3089.161, -82.4351, 346.14, -3090.283, -81.5414,  127, 64, 0
L 346.14, -3090.283, -81.5414, 349.109, -3092.494, -80.1640,  127, 64, 0
L 349.109, -3092.494, -80.1640, 356.751, -3100.664, -74.4583,  127, 64, 0
L 356.751, -3100.664, -74.4583, 361.48, -3104.503, -69.5142,  127, 64, 0
L 361.48, -3104.503, -69.5142, 366.226, -3108.81, -65.7190,  127, 64, 0
L 366.226, -3108.81, -65.7190, 370.471, -3110.824, -63.6970,  127, 64, 0
L 370.471, -3110.824, -63.6970, 372.087, -3111.78, -62.8070,  127, 64, 0
L 372.087, -3111.78, -62.8070, 375.028, -3113.296, -60.7854,  127, 64, 0
L 375.028, -3113.296, -60.7854, 377.035, -3114.68, -60.2804,  127, 64, 0
L 377.035, -3114.68, -60.2804, 378.585, -3114.387, -58.3378,  127, 64, 0
L 378.585, -3114.387, -58.3378, 381.59, -3114.73, -56.3421,  127, 64, 0
L 381.59, -3114.73, -56.3421, 385.205, -3114.704, -54.2522,  127, 64, 0
L 385.205, -3114.704, -54.2522, 386.796, -3114.342, -53.6756,  127, 64, 0
L 386.796, -3114.342, -53.6756, 388.222, -3113.353, -52.9290,  127, 64, 0
L 388.222, -3113.353, -52.9290, 388.528, -3111.538, -53.6410,  127, 64, 0
L 388.528, -3111.538, -53.6410, 389.461, -3110.164, -53.3787,  127, 64, 0
L 389.461, -3110.164, -53.3787, 390.637, -3109.689, -53.8180,  127, 64, 0
L 390.637, -3109.689, -53.8180, 393.516, -3109.376, -51.9378,  127, 64, 0
L 393.516, -3109.376, -51.9378, 399.569, -3109.259, -48.7203,  127, 64, 0
L 399.569, -3109.259, -48.7203, 409.045, -3109.559, -43.1585,  127, 64, 0
L 409.045, -3109.559, -43.1585, 410.694, -3109.706, -42.1418,  127, 64, 0
L 410.694, -3109.706, -42.1418, 429.175, -3111.527, -28.3987,  127, 64, 0
L 429.175, -3111.527, -28.3987, 439.07, -3112.8, -20.5880,  127, 64, 0
L 439.07, -3112.8, -20.5880, 444.001, -3113.695, -18.9120,  127, 64, 0
L 444.001, -3113.695, -18.9120, 453.499, -3115.903, -13.6910,  127, 64, 0
L 453.499, -3115.903, -13.6910, 454.92, -3116.304, -12.7175,  127, 64, 0
L 454.92, -3116.304, -12.7175, 459.148, -3117.385, -9.3634,  127, 64, 0
L 459.148, -3117.385, -9.3634, 466.676, -3117.962, -7.8190,  127, 64, 0
L 466.676, -3117.962, -7.8190, 465.956, -3119.727, -7.3334,  127, 64, 0
L 465.956, -3119.727, -7.3334, 465.262, -3121.526, -7.9015,  127, 64, 0
L 465.262, -3121.526, -7.9015, 464.823, -3122.72, -8.4198,  127, 64, 0
L 464.823, -3122.72, -8.4198, 462.513, -3128.952, -8.8994,  127, 64, 0
L 462.513, -3128.952, -8.8994, 459.716, -3134.599, -9.2832,  127, 64, 0
L 459.716, -3134.599, -9.2832, 458.717, -3136.329, -9.5386,  127, 64, 0
L 458.717, -3136.329, -9.5386, 457.255, -3136.66, -9.7134,  127, 64, 0
L 457.255, -3136.66, -9.7134, 447.88, -3133.776, -13.8194,  127, 64, 0
L 447.88, -3133.776, -13.8194, 438.186, -3131.631, -18.4111,  127, 64, 0
L 438.186, -3131.631, -18.4111, 436.072, -3131.269, -18.7792,  127, 64, 0
L 436.072, -3131.269, -18.7792, 433.231, -3130.928, -19.8164,  127, 64, 0
L 433.231, -3130.928, -19.8164, 426.489, -3130.499, -24.5640,  127, 64, 0
L 426.489, -3130.499, -24.5640, 417.031, -3130.341, -29.8626,  127, 64, 0
L 417.031, -3130.341, -29.8626, 397.951, -3130.846, -42.4144,  127, 64, 0
L 397.951, -3130.846, -42.4144, 388.736, -3131.391, -47.8468,  127, 64, 0
L 388.736, -3131.391, -47.8468, 374.236, -3132.113, -55.6152,  127, 64, 0
L 374.236, -3132.113, -55.6152, 364.684, -3131.57, -59.7257,  127, 64, 0
L 364.684, -3131.57, -59.7257, 363.159, -3131.35, -60.4288,  127, 64, 0
L 363.159, -3131.35, -60.4288, 360.979, -3130.909, -61.7394,  127, 64, 0
L 360.979, -3130.909, -61.7394, 357.78, -3130.754, -63.6022,  127, 64, 0
L 357.78, -3130.754, -63.6022, 352.956, -3128.577, -65.1482,  127, 64, 0
L 352.956, -3128.577, -65.1482, 351.584, -3127.987, -65.9800,  127, 64, 0
L 351.584, -3127.987, -65.9800, 349.511, -3126.964, -67.5750,  127, 64, 0
L 349.511, -3126.964, -67.5750, 341.781, -3122.685, -70.9925,  127, 64, 0
L 341.781, -3122.685, -70.9925, 340.618, -3121.967, -71.9865,  127, 64, 0
L 340.618, -3121.967, -71.9865, 337.239, -3119.687, -75.4232,  127, 64, 0
L 337.239, -3119.687, -75.4232, 332.931, -3116.58, -76.7446,  127, 64, 0
L 332.931, -3116.58, -76.7446, 331.629, -3115.467, -77.6460,  127, 64, 0
L 331.629, -3115.467, -77.6460, 324.248, -3108.794, -81.7507,  127, 64, 0
L 324.248, -3108.794, -81.7507, 323.618, -3107.657, -81.9530,  127, 64, 0
L 323.618, -3107.657, -81.9530, 322.532, -3106.359, -82.3830,  127, 64, 0
L 322.532, -3106.359, -82.3830, 320.926, -3104.532, -83.2938,  127, 64, 0
L 320.926, -3104.532, -83.2938, 320.095, -3103.333, -84.6640,  127, 64, 0
L 320.095, -3103.333, -84.6640, 319.514, -3102.522, -84.5501,  127, 64, 0
L 319.514, -3102.522, -84.5501, 318.451, -3100.578, -84.8102,  127, 64, 0
L 318.451, -3100.578, -84.8102, 317.77, -3099.27, -85.2091,  127, 64, 0
L 317.77, -3099.27, -85.2091, 316.975, -3097.521, -85.9929,  127, 64, 0
L 316.975, -3097.521, -85.9929, 316.48, -3096.135, -86.7669,  127, 64, 0
L 316.48, -3096.135, -86.7669, 316.069, -3094.357, -87.7035,  127, 64, 0
L 316.069, -3094.357, -87.7035, 315.882, -3092.591, -87.8930,  127, 64, 0
L 315.882, -3092.591, -87.8930, 316.812, -3086.9, -89.8350,  127, 64, 0
L 316.812, -3086.9, -89.8350, 317.696, -3075.133, -89.9124,  127, 64, 0
L 317.696, -3075.133, -89.9124, 317.915, -3073.356, -90.3191,  127, 64, 0
L 317.915, -3073.356, -90.3191, 318.381, -3069.58, -91.7244,  127, 64, 0
L 318.381, -3069.58, -91.7244, 318.605, -3067.759, -91.9231,  127, 64, 0
L 318.605, -3067.759, -91.9231, 319.076, -3063.938, -93.1560,  127, 64, 0
L 319.076, -3063.938, -93.1560, 319.257, -3062.472, -93.9175,  127, 64, 0
L 319.257, -3062.472, -93.9175, 319.75, -3058.655, -95.3331,  127, 64, 0
L 319.75, -3058.655, -95.3331, 319.99, -3057.614, -95.6932,  127, 64, 0
L 319.99, -3057.614, -95.6932, 320.372, -3054.766, -96.5572,  127, 64, 0
L 320.372, -3054.766, -96.5572, 320.614, -3053.354, -96.9048,  127, 64, 0
L 320.614, -3053.354, -96.9048, 320.994, -3051.24, -97.2652,  127, 64, 0
L 320.994, -3051.24, -97.2652, 321.262, -3049.787, -97.7188,  127, 64, 0
L 321.262, -3049.787, -97.7188, 322.524, -3043.559, -99.6180,  127, 64, 0
L 322.524, -3043.559, -99.6180, 323.757, -3038.7, -99.8656,  127, 64, 0
L 323.757, -3038.7, -99.8656, 324.198, -3037.15, -100.2969,  127, 64, 0
L 324.198, -3037.15, -100.2969, 325.003, -3034.494, -100.7179,  127, 64, 0
L 325.003, -3034.494, -100.7179, 333.489, -3008.876, -100.7190,  127, 64, 0
L 333.489, -3008.876, -100.7190, 335.474, -3000.425, -100.7190,  127, 64, 0
L 335.474, -3000.425, -100.7190, 337.578, -2987.439, -100.7190,  127, 64, 0
L 337.578, -2987.439, -100.7190, 338.234, -2981.613, -100.7190,  127, 64, 0
L 338.234, -2981.613, -100.7190, 338.793, -2973.383, -100.7190,  127, 64, 0
L 338.793, -2973.383, -100.7190, 338.955, -2955.472, -100.7190,  127, 64, 0
L 338.955, -2955.472, -100.7190, 330.959, -2912.878, -100.7190,  127, 64, 0
L 330.959, -2912.878, -100.7190, 329.095, -2906.292, -100.7190,  127, 64, 0
L 329.095, -2906.292, -100.7190, 327.535, -2902.488, -100.7190,  127, 64, 0
L 327.535, -2902.488, -100.7190, 324.592, -2897.171, -100.7190,  127, 64, 0
L 324.592, -2897.171, -100.7190, 318.447, -2888.587, -100.7190,  127, 64, 0
L 318.447, -2888.587, -100.7190, 316.715, -2886.592, -100.7190,  127, 64, 0
L 316.715, -2886.592, -100.7190, 311.175, -2880.568, -100.7190,  127, 64, 0
L 311.175, -2880.568, -100.7190, 305.677, -2875.374, -100.7190,  127, 64, 0
L 305.677, -2875.374, -100.7190, 261.495, -2839.108, -100.7190,  127, 64, 0
L 261.495, -2839.108, -100.7190, 256.141, -2835.695, -100.7190,  127, 64, 0
L 256.141, -2835.695, -100.7190, 251.947, -2833.586, -100.7190,  127, 64, 0
L 251.947, -2833.586, -100.7190, 247.954, -2832.163, -100.7190,  127, 64, 0
L 247.954, -2832.163, -100.7190, 244.031, -2830.953, -100.7190,  127, 64, 0
L 244.031, -2830.953, -100.7190, 238.564, -2830.365, -100.7190,  127, 64, 0
L 238.564, -2830.365, -100.7190, 233.041, -2829.55, -100.7190,  127, 64, 0
L 233.041, -2829.55, -100.7190, 224.951, -2830.306, -100.7190,  127, 64, 0
L 224.951, -2830.306, -100.7190, 214.374, -2833.623, -100.7190,  127, 64, 0
L 214.374, -2833.623, -100.7190, 205.155, -2836.202, -100.7190,  127, 64, 0
L 205.155, -2836.202, -100.7190, 198.202, -2838.129, -100.7190,  127, 64, 0
L 198.202, -2838.129, -100.7190, 186.103, -2839.584, -100.7190,  127, 64, 0
L 186.103, -2839.584, -100.7190, 177.175, -2841.227, -100.7190,  127, 64, 0
L 177.175, -2841.227, -100.7190, 170.149, -2842.938, -100.7190,  127, 64, 0
L 170.149, -2842.938, -100.7190, 162.93, -2846.309, -100.7190,  127, 64, 0
L 162.93, -2846.309, -100.7190, 144.581, -2853.788, -100.7190,  127, 64, 0
L 144.581, -2853.788, -100.7190, 115.235, -2864.186, -100.7190,  127, 64, 0
L 115.235, -2864.186, -100.7190, 113.502, -2864.628, -100.7190,  127, 64, 0
L 113.502, -2864.628, -100.7190, 107.623, -2865.79, -100.7190,  127, 64, 0
L 107.623, -2865.79, -100.7190, 104.215, -2866.294, -99.8931,  127, 64, 0
L 104.215, -2866.294, -99.8931, 101.723, -2866.54, -100.2720,  127, 64, 0
L 101.723, -2866.54, -100.2720, 99.132, -2866.643, -100.9150,  127, 64, 0
L 99.132, -2866.643, -100.9150, 90.235, -2865.997, -96.2223,  127, 64, 0
L 90.235, -2865.997, -96.2223, 87.455, -2865.762, -95.1397,  127, 64, 0
L 87.455, -2865.762, -95.1397, 79.709, -2865.151, -91.7998,  127, 64, 0
L 79.709, -2865.151, -91.7998, 74.609, -2865.713, -87.3111,  127, 64, 0
L 74.609, -2865.713, -87.3111, 72.811, -2866.684, -85.7861,  127, 64, 0
L 72.811, -2866.684, -85.7861, 64.533, -2867.46, -81.6149,  127, 64, 0
L 64.533, -2867.46, -81.6149, 63.105, -2867.508, -81.1830,  127, 64, 0
L 63.105, -2867.508, -81.1830, 53.981, -2867.419, -77.9801,  127, 64, 0
L 53.981, -2867.419, -77.9801, 42.989, -2867.278, -75.7240,  127, 64, 0
L 42.989, -2867.278, -75.7240, 32.065, -2865.613, -72.9415,  127, 64, 0
L 32.065, -2865.613, -72.9415, 27.716, -2865.792, -72.3474,  127, 64, 0
L 27.716, -2865.792, -72.3474, 20.475, -2864.698, -71.8464,  127, 64, 0
L 20.475, -2864.698, -71.8464, -8.873, -2863.743, -70.7150,  127, 64, 0
L -8.873, -2863.743, -70.7150, -46.312, -2862.464, -70.7163,  127, 64, 0
L -46.312, -2862.464, -70.7163, -75.471, -2863.362, -70.7094,  127, 64, 0
L -75.471, -2863.362, -70.7094, -120.133, -2866.175, -70.3860,  127, 64, 0
L -120.133, -2866.175, -70.3860, -139.683, -2866.59, -70.3971,  127, 64, 0
L -139.683, -2866.59, -70.3971, -159.224, -2866.218, -70.3879,  127, 64, 0
L -159.224, -2866.218, -70.3879, -197.524, -2867.823, -70.2896,  127, 64, 0
L -197.524, -2867.823, -70.2896, -226.695, -2868.79, -70.3536,  127, 64, 0
L -226.695, -2868.79, -70.3536, -235.951, -2868.939, -70.3607,  127, 64, 0
L -235.951, -2868.939, -70.3607, -244.527, -2868.433, -70.4703,  127, 64, 0
L -244.527, -2868.433, -70.4703, -250.843, -2867.757, -70.6520,  127, 64, 0
L -250.843, -2867.757, -70.6520, -260.459, -2866.404, -70.7091,  127, 64, 0
L -260.459, -2866.404, -70.7091, -268.836, -2865.657, -70.7086,  127, 64, 0
L -268.836, -2865.657, -70.7086, -314.012, -2864.834, -70.7188,  127, 64, 0
L -314.012, -2864.834, -70.7188, -326.237, -2865.755, -70.7188,  127, 64, 0
L -326.237, -2865.755, -70.7188, -347.188, -2869.269, -70.7189,  127, 64, 0
L -347.188, -2869.269, -70.7189, -351.459, -2869.718, -70.7189,  127, 64, 0
L -351.459, -2869.718, -70.7189, -355.211, -2869.929, -70.7189,  127, 64, 0
L -355.211, -2869.929, -70.7189, -364.871, -2869.79, -70.7189,  127, 64, 0
L -364.871, -2869.79, -70.7189, -368.219, -2869.566, -70.7189,  127, 64, 0
L -368.219, -2869.566, -70.7189, -371.506, -2869.179, -70.7189,  127, 64, 0
L -371.506, -2869.179, -70.7189, -377.868, -2868.226, -70.7189,  127, 64, 0
L -377.868, -2868.226, -70.7189, -380.242, -2867.313, -70.7189,  127, 64, 0
L -380.242, -2867.313, -70.7189, -383.631, -2866.432, -70.7189,  127, 64, 0
L -383.631, -2866.432, -70.7189, -388.32, -2863.726, -70.7188,  127, 64, 0
L -388.32, -2863.726, -70.7188, -393.611, -2860.466, -70.7188,  127, 64, 0
L -393.611, -2860.466, -70.7188, -396.728, -2858.673, -70.7186,  127, 64, 0
L -396.728, -2858.673, -70.7186, -401.05, -2854.112, -70.7185,  127, 64, 0
L -401.05, -2854.112, -70.7185, -404.525, -2850.261, -70.7185,  127, 64, 0
L -404.525, -2850.261, -70.7185, -420.42, -2831.119, -70.7181,  127, 64, 0
L -420.42, -2831.119, -70.7181, -432.975, -2817.375, -70.7001,  127, 64, 0
L -432.975, -2817.375, -70.7001, -439.849, -2810.138, -70.4896,  127, 64, 0
L -439.849, -2810.138, -70.4896, -446.474, -2803.47, -69.9202,  127, 64, 0
L -446.474, -2803.47, -69.9202, -452.943, -2797.913, -68.9797,  127, 64, 0
L -452.943, -2797.913, -68.9797, -456.337, -2793.906, -68.8750,  127, 64, 0
L -456.337, -2793.906, -68.8750, -459.554, -2791.128, -67.5180,  127, 64, 0
L -459.554, -2791.128, -67.5180, -461.424, -2789.672, -66.5332,  127, 64, 0
L -461.424, -2789.672, -66.5332, -462.647, -2788.767, -66.8530,  127, 64, 0
L -462.647, -2788.767, -66.8530, -465.152, -2787.526, -65.8367,  127, 64, 0
L -465.152, -2787.526, -65.8367, -465.975, -2787.251, -65.6410,  127, 64, 0
L -465.975, -2787.251, -65.6410, -467.123, -2787.18, -64.8636,  127, 64, 0
L -467.123, -2787.18, -64.8636, -468.906, -2786.899, -64.4985,  127, 64, 0
L -468.906, -2786.899, -64.4985, -470.049, -2786.95, -64.4063,  127, 64, 0
L -470.049, -2786.95, -64.4063, -471.928, -2787.212, -64.2395,  127, 64, 0
L -471.928, -2787.212, -64.2395, -473.612, -2787.613, -64.1946,  127, 64, 0
L -473.612, -2787.613, -64.1946, -483.22, -2789.566, -64.5161,  127, 64, 0
L -483.22, -2789.566, -64.5161, -485.194, -2789.524, -64.4124,  127, 64, 0
L -485.194, -2789.524, -64.4124, -507.515, -2788.301, -59.9198,  127, 64, 0
L -507.515, -2788.301, -59.9198, -517.179, -2788.294, -57.8263,  127, 64, 0
L -517.179, -2788.294, -57.8263, -528.275, -2788.409, -55.9074,  127, 64, 0
L -528.275, -2788.409, -55.9074, -537.945, -2788.725, -51.9421,  127, 64, 0
L -537.945, -2788.725, -51.9421, -558.502, -2789.523, -47.4318,  127, 64, 0
L -558.502, -2789.523, -47.4318, -577.717, -2790.46, -46.6356,  127, 64, 0
L -577.717, -2790.46, -46.6356, -616.384, -2791.991, -47.1929,  127, 64, 0
L -616.384, -2791.991, -47.1929, -626.225, -2791.874, -47.1290,  127, 64, 0
L -626.225, -2791.874, -47.1290, -635.613, -2791.537, -47.1965,  127, 64, 0
L -635.613, -2791.537, -47.1965, -655.337, -2790.973, -46.9819,  127, 64, 0
L -655.337, -2790.973, -46.9819, -665.131, -2791.108, -46.8795,  127, 64, 0
L -665.131, -2791.108, -46.8795, -674.428, -2791.512, -46.7920,  127, 64, 0
L -674.428, -2791.512, -46.7920, -684.508, -2792.462, -46.8551,  127, 64, 0
L -684.508, -2792.462, -46.8551, -695.194, -2794.823, -47.4220,  127, 64, 0
L -695.194, -2794.823, -47.4220, -704.933, -2795.134, -47.2015,  127, 64, 0
L -704.933, -2795.134, -47.2015, -715.132, -2796.422, -47.7897,  127, 64, 0
L -715.132, -2796.422, -47.7897, -718.516, -2797.103, -48.1537,  127, 64, 0
L -718.516, -2797.103, -48.1537, -728.28, -2799.143, -47.6486,  127, 64, 0
L -728.28, -2799.143, -47.6486, -738.021, -2800.818, -46.7963,  127, 64, 0
L -738.021, -2800.818, -46.7963, -747.07, -2801.988, -46.2616,  127, 64, 0
L -747.07, -2801.988, -46.2616, -756.414, -2803.598, -45.3029,  127, 64, 0
L -756.414, -2803.598, -45.3029, -765.896, -2804.885, -44.3286,  127, 64, 0
L -765.896, -2804.885, -44.3286, -784.892, -2807.919, -41.3036,  127, 64, 0
L -784.892, -2807.919, -41.3036, -794.507, -2809.504, -39.4686,  127, 64, 0
L -794.507, -2809.504, -39.4686, -816.453, -2813.112, -34.6908,  127, 64, 0
L -816.453, -2813.112, -34.6908, -851.159, -2820.641, -24.7174,  127, 64, 0
L -851.159, -2820.641, -24.7174, -893.306, -2833.333, -11.9635,  127, 64, 0
L -893.306, -2833.333, -11.9635, -902.876, -2836.294, -8.5950,  127, 64, 0
L -902.876, -2836.294, -8.5950, -911.955, -2839.413, -5.6166,  127, 64, 0
L -911.955, -2839.413, -5.6166, -921.627, -2842.818, -3.9940,  127, 64, 0
L -921.627, -2842.818, -3.9940, -924.528, -2844.396, -2.7670,  127, 64, 0
L -924.528, -2844.396, -2.7670, -931.645, -2848.587, 0.2859,  127, 64, 0
L -931.645, -2848.587, 0.2859, -935.426, -2850.274, 1.5222,  127, 64, 0
L -935.426, -2850.274, 1.5222, -940.012, -2853.383, 2.4315,  127, 64, 0
L -940.012, -2853.383, 2.4315, -953.959, -2862.618, 7.7206,  127, 64, 0
L -953.959, -2862.618, 7.7206, -966.57, -2870.194, 12.6748,  127, 64, 0
L -966.57, -2870.194, 12.6748, -967.858, -2871.844, 13.3309,  127, 64, 0
L -967.858, -2871.844, 13.3309, -984.135, -2882.992, 19.2567,  127, 64, 0
L -984.135, -2882.992, 19.2567, -993.597, -2889.28, 21.5533,  127, 64, 0
L -993.597, -2889.28, 21.5533, -1000.256, -2893.624, 23.6539,  127, 64, 0
L -1000.256, -2893.624, 23.6539, -1006.673, -2898.773, 25.9366,  127, 64, 0
L -1006.673, -2898.773, 25.9366, -1012.515, -2903.981, 27.5272,  127, 64, 0
L -1012.515, -2903.981, 27.5272, -1019.943, -2911.286, 29.3360,  127, 64, 0
L -1019.943, -2911.286, 29.3360, -1022.623, -2914.289, 30.1240,  127, 64, 0
L -1022.623, -2914.289, 30.1240, -1031.092, -2924.744, 30.7225,  127, 64, 0
L -1031.092, -2924.744, 30.7225, -1034.267, -2928.203, 30.9177,  127, 64, 0
L -1034.267, -2928.203, 30.9177, -1052.932, -2947.374, 29.3202,  127, 64, 0
L -1052.932, -2947.374, 29.3202, -1055.441, -2950.111, 29.1887,  127, 64, 0
L -1055.441, -2950.111, 29.1887, -1065.133, -2962.467, 27.8644,  127, 64, 0
L -1065.133, -2962.467, 27.8644, -1068.722, -2966.455, 27.2391,  127, 64, 0
L -1068.722, -2966.455, 27.2391, -1071.927, -2969.763, 26.3978,  127, 64, 0
L -1071.927, -2969.763, 26.3978, -1073.587, -2971.393, 26.1138,  127, 64, 0
L -1073.587, -2971.393, 26.1138, -1079.229, -2976.621, 24.4771,  127, 64, 0
L -1079.229, -2976.621, 24.4771, -1089.596, -2986.239, 22.5127,  127, 64, 0
L -1089.596, -2986.239, 22.5127, -1096.232, -2992.539, 21.9503,  127, 64, 0
L -1096.232, -2992.539, 21.9503, -1103.393, -2998.476, 21.9716,  127, 64, 0
L -1103.393, -2998.476, 21.9716, -1105.73, -3000.28, 21.9004,  127, 64, 0
L -1105.73, -3000.28, 21.9004, -1109.382, -3002.859, 21.2591,  127, 64, 0
L -1109.382, -3002.859, 21.2591, -1113.695, -3005.489, 20.6143,  127, 64, 0
L -1113.695, -3005.489, 20.6143, -1119.048, -3008.471, 20.3179,  127, 64, 0
L -1119.048, -3008.471, 20.3179, -1123.634, -3010.799, 19.5213,  127, 64, 0
L -1123.634, -3010.799, 19.5213, -1132.718, -3014.917, 19.8274,  127, 64, 0
L -1132.718, -3014.917, 19.8274, -1141.137, -3018.979, 21.8682,  127, 64, 0
L -1141.137, -3018.979, 21.8682, -1149.583, -3023.288, 21.9283,  127, 64, 0
L -1149.583, -3023.288, 21.9283, -1172.308, -3033.902, 23.1830,  127, 64, 0
L -1172.308, -3033.902, 23.1830, -1175.908, -3035.107, 23.2197,  127, 64, 0
L -1175.908, -3035.107, 23.2197, -1178.376, -3035.74, 23.3372,  127, 64, 0
L -1178.376, -3035.74, 23.3372, -1183.374, -3036.742, 23.6025,  127, 64, 0
L -1183.374, -3036.742, 23.6025, -1193.126, -3038.345, 24.1519,  127, 64, 0
L -1193.126, -3038.345, 24.1519, -1202.505, -3039.344, 24.6178,  127, 64, 0
L -1202.505, -3039.344, 24.6178, -1211.144, -3040.15, 24.7167,  127, 64, 0
L -1211.144, -3040.15, 24.7167, -1230.344, -3042.328, 24.9698,  127, 64, 0
L -1230.344, -3042.328, 24.9698, -1236.728, -3042.711, 24.9437,  127, 64, 0
L -1236.728, -3042.711, 24.9437, -1243.04, -3042.761, 24.9163,  127, 64, 0
L -1243.04, -3042.761, 24.9163, -1265.199, -3041.976, 24.6210,  127, 64, 0
L -1265.199, -3041.976, 24.6210, -1274.114, -3042.669, 24.4787,  127, 64, 0
L -1274.114, -3042.669, 24.4787, -1314.074, -3047.774, 21.7388,  127, 64, 0
L -1295.118, -3045.187, 23.4060, -1314.074, -3047.774, 21.7388,  127, 64, 0
L -1314.074, -3047.774, 21.7388, -1323.97, -3048.539, 21.5850,  127, 64, 0
L -1323.97, -3048.539, 21.5850, -1342.284, -3052.389, 19.5306,  127, 64, 0
L -1342.284, -3052.389, 19.5306, -1351.49, -3054.251, 19.2796,  127, 64, 0
L -1351.49, -3054.251, 19.2796, -1361.05, -3055.931, 19.1986,  127, 64, 0
L -1361.05, -3055.931, 19.1986, -1392.1, -3059.587, 20.1331,  127, 64, 0
L -1392.1, -3059.587, 20.1331, -1401.845, -3060.957, 20.7414,  127, 64, 0
L -1401.845, -3060.957, 20.7414, -1412.693, -3062.14, 21.8101,  127, 64, 0
L -1412.693, -3062.14, 21.8101, -1420.474, -3062.24, 22.5421,  127, 64, 0
L -1420.474, -3062.24, 22.5421, -1425.698, -3061.961, 22.9259,  127, 64, 0
L -1425.698, -3061.961, 22.9259, -1427.299, -3061.791, 23.8890,  127, 64, 0
L -1427.299, -3061.791, 23.8890, -1431.007, -3061.198, 23.3576,  127, 64, 0
L -1431.007, -3061.198, 23.3576, -1435.076, -3060.154, 23.6476,  127, 64, 0
L -1435.076, -3060.154, 23.6476, -1442.922, -3057.52, 24.1151,  127, 64, 0
L -1442.922, -3057.52, 24.1151, -1467.463, -3048.205, 25.5580,  127, 64, 0
L -1467.463, -3048.205, 25.5580, -1470.632, -3046.258, 25.3210,  127, 64, 0
L -1470.632, -3046.258, 25.3210, -1488.513, -3035.455, 26.3209,  127, 64, 0
L -1488.513, -3035.455, 26.3209, -1493.712, -3032.849, 26.8278,  127, 64, 0
L -1493.712, -3032.849, 26.8278, -1502.925, -3028.595, 27.4378,  127, 64, 0
L -1502.925, -3028.595, 27.4378, -1519.083, -3019.874, 28.5431,  127, 64, 0
L -1519.083, -3019.874, 28.5431, -1528.293, -3014.354, 29.4546,  127, 64, 0
L -1528.293, -3014.354, 29.4546, -1533.866, -3010.459, 30.8310,  127, 64, 0
L -1533.866, -3010.459, 30.8310, -1538.487, -3007.159, 30.6092,  127, 64, 0
L -1538.487, -3007.159, 30.6092, -1541.551, -3003.192, 31.2832,  127, 64, 0
L -1541.551, -3003.192, 31.2832, -1544.945, -2998.195, 31.9216,  127, 64, 0
L -1544.945, -2998.195, 31.9216, -1551.166, -2987.784, 32.9857,  127, 64, 0
L -1551.166, -2987.784, 32.9857, -1556.966, -2977.819, 33.9000,  127, 64, 0
L -1556.966, -2977.819, 33.9000, -1563.964, -2963.468, 33.3021,  127, 64, 0
L -1563.964, -2963.468, 33.3021, -1568.579, -2955.179, 33.2832,  127, 64, 0
L -1568.579, -2955.179, 33.2832, -1575.131, -2944.341, 32.8537,  127, 64, 0
L -1575.131, -2944.341, 32.8537, -1589.964, -2921.48, 32.2306,  127, 64, 0
L -1589.964, -2921.48, 32.2306, -1594.392, -2915.629, 32.1259,  127, 64, 0
L -1594.392, -2915.629, 32.1259, -1598.464, -2910.811, 32.3020,  127, 64, 0
L -1598.464, -2910.811, 32.3020, -1605.093, -2903.776, 31.8813,  127, 64, 0
L -1605.093, -2903.776, 31.8813, -1612.573, -2896.97, 31.7195,  127, 64, 0
L -1612.573, -2896.97, 31.7195, -1627.397, -2884.352, 31.3994,  127, 64, 0
L -1627.397, -2884.352, 31.3994, -1641.239, -2871.567, 31.2843,  127, 64, 0
L -1641.239, -2871.567, 31.2843, -1664.113, -2852.252, 31.2823,  127, 64, 0
L -1664.113, -2852.252, 31.2823, -1667.615, -2848.549, 31.2820,  127, 64, 0
L -1667.615, -2848.549, 31.2820, -1671.03, -2844.142, 31.2818,  127, 64, 0
L -1671.03, -2844.142, 31.2818, -1677.465, -2834.351, 31.2815,  127, 64, 0
L -1677.465, -2834.351, 31.2815, -1678.645, -2831.704, 31.2831,  127, 64, 0
L -1678.645, -2831.704, 31.2831, -1681.981, -2827.912, 31.2914,  127, 64, 0
L -1681.981, -2827.912, 31.2914, -1684.622, -2825.368, 31.2914,  127, 64, 0
L -1684.622, -2825.368, 31.2914, -1686.281, -2824.124, 31.2911,  127, 64, 0
L -1686.281, -2824.124, 31.2911, -1687.628, -2823.617, 31.2881,  127, 64, 0
L -1687.628, -2823.617, 31.2881, -1690.669, -2821.374, 31.2817,  127, 64, 0
L -1690.669, -2821.374, 31.2817, -1695.155, -2819.618, 31.2807,  127, 64, 0
L -1695.155, -2819.618, 31.2807, -1701.576, -2817.392, 31.2807,  127, 64, 0
L -1701.576, -2817.392, 31.2807, -1705.331, -2816.572, 31.2807,  127, 64, 0
L -1705.331, -2816.572, 31.2807, -1708.973, -2816.191, 31.2807,  127, 64, 0
L -1708.973, -2816.191, 31.2807, -1711.429, -2816.145, 31.2807,  127, 64, 0
L -1711.429, -2816.145, 31.2807, -1720.843, -2816.665, 31.2807,  127, 64, 0
L -1720.843, -2816.665, 31.2807, -1725.009, -2817.479, 31.2807,  127, 64, 0
L -1725.009, -2817.479, 31.2807, -1726.647, -2817.925, 31.2807,  127, 64, 0
L -1726.647, -2817.925, 31.2807, -1735.436, -2820.837, 31.2807,  127, 64, 0
L -1735.436, -2820.837, 31.2807, -1744.131, -2824.187, 31.2807,  127, 64, 0
L -1744.131, -2824.187, 31.2807, -1752.518, -2827.503, 31.2807,  127, 64, 0
L -1752.518, -2827.503, 31.2807, -1760.297, -2831.442, 31.2807,  127, 64, 0
L -1760.297, -2831.442, 31.2807, -1768.598, -2836.468, 31.2807,  127, 64, 0
L -1768.598, -2836.468, 31.2807, -1778.967, -2843.805, 31.2807,  127, 64, 0
L -1778.967, -2843.805, 31.2807, -1792.975, -2854.572, 31.2807,  127, 64, 0
L -1792.975, -2854.572, 31.2807, -1795.969, -2856.528, 31.2807,  127, 64, 0
L -1795.969, -2856.528, 31.2807, -1804.548, -2861.436, 31.2807,  127, 64, 0
L -1804.548, -2861.436, 31.2807, -1812.389, -2865.551, 31.2807,  127, 64, 0
L -1812.389, -2865.551, 31.2807, -1820.454, -2868.736, 31.2807,  127, 64, 0
L -1820.454, -2868.736, 31.2807, -1830.519, -2871.301, 31.5367,  127, 64, 0
L -1830.519, -2871.301, 31.5367, -1831.518, -2871.676, 31.6261,  127, 64, 0
L -1831.518, -2871.676, 31.6261, -1841.022, -2873.41, 31.6178,  127, 64, 0
L -1841.022, -2873.41, 31.6178, -1843.24, -2873.703, 31.6030,  127, 64, 0
L -1843.24, -2873.703, 31.6030, -1881.927, -2876.47, 31.2807,  127, 64, 0
L -1881.927, -2876.47, 31.2807, -1901.248, -2876.862, 31.2807,  127, 64, 0
L -1901.248, -2876.862, 31.2807, -1949.468, -2874.617, 31.2807,  127, 64, 0
L -1949.468, -2874.617, 31.2807, -2017.029, -2868.623, 31.2807,  127, 64, 0
L -2017.029, -2868.623, 31.2807, -2026.241, -2867.293, 31.2807,  127, 64, 0
L -2026.241, -2867.293, 31.2807, -2029.487, -2866.646, 31.2807,  127, 64, 0
L -2029.487, -2866.646, 31.2807, -2048.888, -2861.619, 31.2807,  127, 64, 0
L -2048.888, -2861.619, 31.2807, -2058.642, -2860.228, 31.2807,  127, 64, 0
L -2058.642, -2860.228, 31.2807, -2083.507, -2857.825, 31.2807,  127, 64, 0
L -2083.507, -2857.825, 31.2807, -2093.332, -2857.273, 31.2807,  127, 64, 0
L -2093.332, -2857.273, 31.2807, -2112.475, -2856.885, 31.2807,  127, 64, 0
L -2112.475, -2856.885, 31.2807, -2137.526, -2857.974, 31.2807,  127, 64, 0
L -2137.526, -2857.974, 31.2807, -2147.484, -2856.546, 31.2807,  127, 64, 0
L -2147.484, -2856.546, 31.2807, -2178.166, -2852.172, 31.2807,  127, 64, 0
L -2178.166, -2852.172, 31.2807, -2183.429, -2851.778, 31.2807,  127, 64, 0
L -2183.429, -2851.778, 31.2807, -2222.062, -2850.795, 31.2807,  127, 64, 0
L -2222.062, -2850.795, 31.2807, -2233.722, -2851.183, 31.2807,  127, 64, 0
L -2233.722, -2851.183, 31.2807, -2276.5, -2855.249, 31.2807,  127, 64, 0
L -2276.5, -2855.249, 31.2807, -2284.048, -2855.63, 31.2807,  127, 64, 0
L -2284.048, -2855.63, 31.2807, -2293.885, -2855.65, 31.2807,  127, 64, 0
L -2293.885, -2855.65, 31.2807, -2327.533, -2854.428, 31.2807,  127, 64, 0
L -2327.533, -2854.428, 31.2807, -2336.498, -2853.798, 31.2807,  127, 64, 0
L -2336.498, -2853.798, 31.2807, -2339.695, -2853.408, 31.2807,  127, 64, 0
L -2339.695, -2853.408, 31.2807, -2345.641, -2852.372, 31.2807,  127, 64, 0
L -2345.641, -2852.372, 31.2807, -2353.23, -2850.65, 31.2807,  127, 64, 0
L -2353.23, -2850.65, 31.2807, -2362.414, -2848.256, 31.2807,  127, 64, 0
L -2362.414, -2848.256, 31.2807, -2371.008, -2845.29, 31.4637,  127, 64, 0
L -2371.008, -2845.29, 31.4637, -2399.104, -2834.888, 32.8828,  127, 64, 0
L -2399.104, -2834.888, 32.8828, -2407.695, -2831.949, 34.5080,  127, 64, 0
L -2407.695, -2831.949, 34.5080, -2417.66, -2829.231, 36.3141,  127, 64, 0
L -2417.66, -2829.231, 36.3141, -2421.43, -2828.932, 37.7188,  127, 64, 0
L -2421.43, -2828.932, 37.7188, -2430.527, -2826.139, 41.5197,  127, 64, 0
L -2430.527, -2826.139, 41.5197, -2450.104, -2821.867, 48.6469,  127, 64, 0
L -2450.104, -2821.867, 48.6469, -2459.665, -2819.541, 53.9515,  127, 64, 0
L -2459.665, -2819.541, 53.9515, -2464.688, -2818.763, 56.4664,  127, 64, 0
L -2464.688, -2818.763, 56.4664, -2474.592, -2814.562, 61.5604,  127, 64, 0
L -2474.592, -2814.562, 61.5604, -2475.732, -2813.31, 62.5379,  127, 64, 0
L -2475.732, -2813.31, 62.5379, -2476.659, -2811.853, 63.7674,  127, 64, 0
L -2476.659, -2811.853, 63.7674, -2515.894, -2750.194, 100.7459,  127, 64, 0
L -2515.894, -2750.194, 100.7459, -2517.002, -2747.635, 101.1307,  127, 64, 0
L -2517.002, -2747.635, 101.1307, -2517.524, -2746.195, 102.9846,  127, 64, 0
L -2517.524, -2746.195, 102.9846, -2518.07, -2744.275, 103.7758,  127, 64, 0
L -2518.07, -2744.275, 103.7758, -2518.467, -2742.63, 105.1130,  127, 64, 0
L -2518.467, -2742.63, 105.1130, -2518.875, -2740.707, 106.1158,  127, 64, 0
L -2518.875, -2740.707, 106.1158, -2520.228, -2735.553, 108.7407,  127, 64, 0
L -2519.155, -2739.303, 106.7712, -2520.228, -2735.553, 108.7407,  127, 64, 0
L -2520.228, -2735.553, 108.7407, -2520.064, -2733.662, 108.9372,  127, 64, 0
L -2520.064, -2733.662, 108.9372, -2515.921, -2733.234, 108.9324,  127, 64, 0
L -2515.921, -2733.234, 108.9324, -2514.082, -2733.181, 108.7625,  127, 64, 0
L -2514.082, -2733.181, 108.7625, -2512.662, -2733.263, 108.1197,  127, 64, 0
L -2512.662, -2733.263, 108.1197, -2510.3, -2733.771, 107.9549,  127, 64, 0
L -2510.3, -2733.771, 107.9549, -2501.847, -2736.825, 107.6735,  127, 64, 0
L -2501.847, -2736.825, 107.6735, -2501.396, -2738.688, 107.3773,  127, 64, 0
L -2501.396, -2738.688, 107.3773, -2501.129, -2739.894, 107.3280,  127, 64, 0
L -2501.129, -2739.894, 107.3280, -2500.68, -2742.473, 106.1311,  127, 64, 0
L -2500.68, -2742.473, 106.1311, -2500.401, -2743.416, 105.3670,  127, 64, 0
L -2500.401, -2743.416, 105.3670, -2499.909, -2745.823, 103.6213,  127, 64, 0
L -2499.909, -2745.823, 103.6213, -2499.581, -2747.425, 102.1551,  127, 64, 0
L -2499.581, -2747.425, 102.1551, -2499.112, -2749.15, 100.3449,  127, 64, 0
L -2499.112, -2749.15, 100.3449, -2498.091, -2751.776, 97.3491,  127, 64, 0
L -2498.091, -2751.776, 97.3491, -2493.908, -2762.148, 91.2330,  127, 64, 0
L -2493.908, -2762.148, 91.2330, -2493.177, -2763.431, 89.6338,  127, 64, 0
L -2493.177, -2763.431, 89.6338, -2492.2, -2764.802, 87.7009,  127, 64, 0
L -2492.2, -2764.802, 87.7009, -2486.648, -2771.368, 84.2522,  127, 64, 0
L -2486.648, -2771.368, 84.2522, -2485.369, -2772.477, 82.9655,  127, 64, 0
L -2485.369, -2772.477, 82.9655, -2483.885, -2773.558, 81.3665,  127, 64, 0
L -2483.885, -2773.558, 81.3665, -2478.961, -2776.833, 78.3079,  127, 64, 0
L -2478.961, -2776.833, 78.3079, -2470.986, -2782.371, 71.4602,  127, 64, 0
L -2470.986, -2782.371, 71.4602, -2462.862, -2787.113, 67.3126,  127, 64, 0
L -2462.862, -2787.113, 67.3126, -2459.015, -2789.504, 63.1195,  127, 64, 0
L -2459.015, -2789.504, 63.1195, -2457.239, -2790.257, 61.4562,  127, 64, 0
L -2457.239, -2790.257, 61.4562, -2447.574, -2795.363, 55.5324,  127, 64, 0
L -2447.574, -2795.363, 55.5324, -2439.581, -2798.572, 51.3607,  127, 64, 0
L -2439.581, -2798.572, 51.3607, -2431.642, -2801.664, 47.9808,  127, 64, 0
L -2431.642, -2801.664, 47.9808, -2425.37, -2803.827, 44.2483,  127, 64, 0
L -2425.37, -2803.827, 44.2483, -2423.634, -2804.241, 43.5367,  127, 64, 0
L -2423.634, -2804.241, 43.5367, -2420.997, -2804.725, 42.9641,  127, 64, 0
L -2420.997, -2804.725, 42.9641, -2408.622, -2805.987, 37.9842,  127, 64, 0
L -2408.622, -2805.987, 37.9842, -2399.148, -2807.59, 35.2083,  127, 64, 0
L -2399.148, -2807.59, 35.2083, -2396.322, -2807.521, 34.5703,  127, 64, 0
L -2396.322, -2807.521, 34.5703, -2390.841, -2808.835, 33.4091,  127, 64, 0
L -2390.841, -2808.835, 33.4091, -2387.863, -2809.802, 32.9879,  127, 64, 0
L -2387.863, -2809.802, 32.9879, -2383.434, -2811.497, 32.3158,  127, 64, 0
L -2383.434, -2811.497, 32.3158, -2374.37, -2815.111, 31.5203,  127, 64, 0
L -2374.37, -2815.111, 31.5203, -2353.506, -2823.334, 31.2807,  127, 64, 0
L -2353.506, -2823.334, 31.2807, -2338.53, -2828.228, 31.2814,  127, 64, 0
L -2338.53, -2828.228, 31.2814, -2335.421, -2829.668, 31.2813,  127, 64, 0
L -2335.421, -2829.668, 31.2813, -2333.351, -2829.396, 31.2813,  127, 64, 0
L -2333.351, -2829.396, 31.2813, -2331.216, -2829.511, 31.2811,  127, 64, 0
L -2331.216, -2829.511, 31.2811, -2322.097, -2829.389, 31.2811,  127, 64, 0
L -2322.097, -2829.389, 31.2811, -2312.3, -2829.72, 31.2811,  127, 64, 0
L -2312.3, -2829.72, 31.2811, -2284.377, -2831.967, 31.2807,  127, 64, 0
L -2284.377, -2831.967, 31.2807, -2274.002, -2831.668, 31.2807,  127, 64, 0
L -2274.002, -2831.668, 31.2807, -2264.985, -2830.999, 31.2807,  127, 64, 0
L -2264.985, -2830.999, 31.2807, -2246.723, -2828.696, 31.2807,  127, 64, 0
L -2246.723, -2828.696, 31.2807, -2216.536, -2826.124, 31.2807,  127, 64, 0
L -2216.536, -2826.124, 31.2807, -2207.458, -2825.707, 31.2807,  127, 64, 0
L -2207.458, -2825.707, 31.2807, -2197.835, -2825.648, 31.2807,  127, 64, 0
L -2197.835, -2825.648, 31.2807, -2179.189, -2826.443, 31.2807,  127, 64, 0
L -2179.189, -2826.443, 31.2807, -2141.272, -2830.198, 31.2807,  127, 64, 0
L -2141.272, -2830.198, 31.2807, -2112.877, -2834.374, 31.2807,  127, 64, 0
L -2112.877, -2834.374, 31.2807, -2104.475, -2834.666, 31.2807,  127, 64, 0
L -2104.475, -2834.666, 31.2807, -2080.042, -2834.262, 31.2807,  127, 64, 0
L -2080.042, -2834.262, 31.2807, -2061.616, -2833.49, 31.2807,  127, 64, 0
L -2061.616, -2833.49, 31.2807, -2041.118, -2833.568, 31.2807,  127, 64, 0
L -2041.118, -2833.568, 31.2807, -2033.304, -2834.734, 31.2807,  127, 64, 0
L -2033.304, -2834.734, 31.2807, -1984.35, -2841.876, 31.2807,  127, 64, 0
L -1984.35, -2841.876, 31.2807, -1957.888, -2847.805, 31.2807,  127, 64, 0
L -1976.272, -2843.491, 31.2807, -1957.888, -2847.805, 31.2807,  127, 64, 0
L -1957.888, -2847.805, 31.2807, -1951.531, -2848.861, 31.2807,  127, 64, 0
L -1951.531, -2848.861, 31.2807, -1942.12, -2850.601, 31.2807,  127, 64, 0
L -1942.12, -2850.601, 31.2807, -1933.161, -2850.85, 31.2807,  127, 64, 0
L -1933.161, -2850.85, 31.2807, -1895.879, -2852.565, 31.2807,  127, 64, 0
L -1895.879, -2852.565, 31.2807, -1883.493, -2852.895, 31.2807,  127, 64, 0
L -1883.493, -2852.895, 31.2807, -1872.277, -2850.842, 31.2807,  127, 64, 0
L -1872.277, -2850.842, 31.2807, -1863.329, -2849.562, 31.5169,  127, 64, 0
L -1863.329, -2849.562, 31.5169, -1858.385, -2848.585, 31.9061,  127, 64, 0
L -1858.385, -2848.585, 31.9061, -1852.704, -2847.333, 31.7580,  127, 64, 0
L -1852.704, -2847.333, 31.7580, -1847.73, -2845.846, 31.9387,  127, 64, 0
L -1847.73, -2845.846, 31.9387, -1844.139, -2844.593, 31.9248,  127, 64, 0
L -1844.139, -2844.593, 31.9248, -1836.506, -2841.504, 31.7715,  127, 64, 0
L -1836.506, -2841.504, 31.7715, -1803.471, -2826.453, 31.2807,  127, 64, 0
L -1803.471, -2826.453, 31.2807, -1786.616, -2818.327, 31.2807,  127, 64, 0
L -1786.616, -2818.327, 31.2807, -1749.979, -2797.81, 31.2807,  127, 64, 0
L -1749.979, -2797.81, 31.2807, -1745.204, -2793.691, 31.2807,  127, 64, 0
L -1745.204, -2793.691, 31.2807, -1741.042, -2790.164, 31.2807,  127, 64, 0
L -1741.042, -2790.164, 31.2807, -1738.691, -2786.801, 31.2807,  127, 64, 0
L -1738.691, -2786.801, 31.2807, -1736.024, -2784.47, 31.2807,  127, 64, 0
L -1736.024, -2784.47, 31.2807, -1734.251, -2781.626, 31.2808,  127, 64, 0
L -1734.251, -2781.626, 31.2808, -1733.456, -2780.268, 31.2808,  127, 64, 0
L -1733.456, -2780.268, 31.2808, -1732.896, -2778.618, 31.2808,  127, 64, 0
L -1732.896, -2778.618, 31.2808, -1732.411, -2776.995, 31.2825,  127, 64, 0
L -1732.411, -2776.995, 31.2825, -1732.064, -2775.292, 31.2854,  127, 64, 0
L -1732.064, -2775.292, 31.2854, -1732.184, -2759.395, 31.3070,  127, 64, 0
L -1732.184, -2759.395, 31.3070, -1733.022, -2757.832, 31.3081,  127, 64, 0
L -1733.022, -2757.832, 31.3081, -1733.883, -2755.455, 31.3108,  127, 64, 0
L -1733.883, -2755.455, 31.3108, -1735.714, -2754.695, 31.3115,  127, 64, 0
L -1735.714, -2754.695, 31.3115, -1736.641, -2752.159, 31.3118,  127, 64, 0
L -1736.641, -2752.159, 31.3118, -1737.968, -2751.776, 31.3118,  127, 64, 0
L -1737.968, -2751.776, 31.3118, -1741.001, -2749.235, 31.3105,  127, 64, 0
L -1741.001, -2749.235, 31.3105, -1751.348, -2743.644, 31.3040,  127, 64, 0
L -1751.348, -2743.644, 31.3040, -1754.252, -2741.638, 31.3026,  127, 64, 0
L -1754.252, -2741.638, 31.3026, -1765.848, -2732.867, 31.3017,  127, 64, 0
L -1765.848, -2732.867, 31.3017, -1770.502, -2729.933, 31.3027,  127, 64, 0
L -1770.502, -2729.933, 31.3027, -1774.614, -2727.861, 31.3195,  127, 64, 0
L -1774.614, -2727.861, 31.3195, -1781.907, -2724.779, 31.3118,  127, 64, 0
L -1781.907, -2724.779, 31.3118, -1790.911, -2721.388, 31.2841,  127, 64, 0
L -1790.911, -2721.388, 31.2841, -1798.357, -2718.217, 31.2852,  127, 64, 0
L -1798.357, -2718.217, 31.2852, -1802.154, -2716.32, 31.2860,  127, 64, 0
L -1802.154, -2716.32, 31.2860, -1806.358, -2713.226, 31.2867,  127, 64, 0
L -1806.358, -2713.226, 31.2867, -1809.132, -2711.203, 31.2872,  127, 64, 0
L -1809.132, -2711.203, 31.2872, -1814.57, -2707.402, 31.2882,  127, 64, 0
L -1814.57, -2707.402, 31.2882, -1822.939, -2702.946, 31.2896,  127, 64, 0
L -1822.939, -2702.946, 31.2896, -1841.151, -2694.613, 31.2880,  127, 64, 0
L -1841.151, -2694.613, 31.2880, -1866.704, -2680.95, 31.3168,  127, 64, 0
L -1866.704, -2680.95, 31.3168, -1891.358, -2669.458, 31.3719,  127, 64, 0
L -1891.358, -2669.458, 31.3719, -1897.031, -2666.135, 31.3891,  127, 64, 0
L -1897.031, -2666.135, 31.3891, -1905.403, -2660.388, 31.3564,  127, 64, 0
L -1905.403, -2660.388, 31.3564, -1916.185, -2651.74, 31.3020,  127, 64, 0
L -1916.185, -2651.74, 31.3020, -1921.396, -2646.896, 31.2813,  127, 64, 0
L -1921.396, -2646.896, 31.2813, -1931.431, -2636.555, 31.2909,  127, 64, 0
L -1931.431, -2636.555, 31.2909, -1938.687, -2628.398, 31.3174,  127, 64, 0
L -1938.687, -2628.398, 31.3174, -1946.141, -2619.177, 31.3479,  127, 64, 0
L -1946.141, -2619.177, 31.3479, -1953.01, -2609.569, 31.3314,  127, 64, 0
L -1953.01, -2609.569, 31.3314, -1959.943, -2598.287, 31.3081,  127, 64, 0
L -1959.943, -2598.287, 31.3081, -1966.015, -2585.298, 31.2857,  127, 64, 0
L -1966.015, -2585.298, 31.2857, -1971.382, -2569.673, 31.2857,  127, 64, 0
L -1971.382, -2569.673, 31.2857, -1975.854, -2551.137, 31.2898,  127, 64, 0
L -1975.854, -2551.137, 31.2898, -1977.657, -2541.14, 31.2894,  127, 64, 0
L -1977.657, -2541.14, 31.2894, -1981.87, -2492.999, 31.4893,  127, 64, 0
L -1981.87, -2492.999, 31.4893, -1984.956, -2470.567, 32.1981,  127, 64, 0
L -1984.956, -2470.567, 32.1981, -1987.698, -2453.218, 34.3522,  127, 64, 0
L -1987.698, -2453.218, 34.3522, -1987.3, -2445.535, 35.6809,  127, 64, 0
L -1987.3, -2445.535, 35.6809, -1987.369, -2444.104, 36.1762,  127, 64, 0
L -1987.369, -2444.104, 36.1762, -1986.929, -2424.346, 40.8104,  127, 64, 0
L -1986.929, -2424.346, 40.8104, -1985.099, -2410.367, 46.5915,  127, 64, 0
L -1985.099, -2410.367, 46.5915, -1984.837, -2408.868, 47.1298,  127, 64, 0
L -1984.837, -2408.868, 47.1298, -1984.346, -2406.182, 48.3196,  127, 64, 0
L -1984.346, -2406.182, 48.3196, -1984.069, -2404.686, 48.8434,  127, 64, 0
L -1984.069, -2404.686, 48.8434, -1979.508, -2385.626, 56.9990,  127, 64, 0
L -1979.508, -2385.626, 56.9990, -1977.725, -2379.9, 59.3327,  127, 64, 0
L -1977.725, -2379.9, 59.3327, -1977.065, -2377.26, 60.4605,  127, 64, 0
L -1977.065, -2377.26, 60.4605, -1976.179, -2375.942, 60.7837,  127, 64, 0
L -1976.179, -2375.942, 60.7837, -1975.36, -2374.152, 61.8190,  127, 64, 0
L -1975.36, -2374.152, 61.8190, -1974.087, -2371.537, 62.7306,  127, 64, 0
L -1974.087, -2371.537, 62.7306, -1969.671, -2363.549, 66.8610,  127, 64, 0
L -1969.671, -2363.549, 66.8610, -1967.607, -2360.9, 68.2682,  127, 64, 0
L -1967.607, -2360.9, 68.2682, -1964.29, -2355.204, 71.7848,  127, 64, 0
L -1964.29, -2355.204, 71.7848, -1962.209, -2351.994, 73.9222,  127, 64, 0
L -1962.209, -2351.994, 73.9222, -1958.217, -2348.426, 75.5811,  127, 64, 0
L -1958.217, -2348.426, 75.5811, -1955.262, -2345.308, 76.8367,  127, 64, 0
L -1955.262, -2345.308, 76.8367, -1953.28, -2343.634, 77.5776,  127, 64, 0
L -1953.28, -2343.634, 77.5776, -1930.87, -2325.8, 90.9813,  127, 64, 0
L -1930.87, -2325.8, 90.9813, -1925.352, -2320.693, 94.8686,  127, 64, 0
L -1925.352, -2320.693, 94.8686, -1917.59, -2312.637, 98.4852,  127, 64, 0
L -1917.59, -2312.637, 98.4852, -1914.105, -2308.436, 100.7282,  127, 64, 0
L -1914.105, -2308.436, 100.7282, -1911.095, -2304.156, 102.5207,  127, 64, 0
L -1911.095, -2304.156, 102.5207, -1907.887, -2298.52, 104.3650,  127, 64, 0
L -1907.887, -2298.52, 104.3650, -1906.303, -2295.16, 105.3713,  127, 64, 0
L -1906.303, -2295.16, 105.3713, -1905.69, -2293.196, 105.9196,  127, 64, 0
L -1905.69, -2293.196, 105.9196, -1905.709, -2289.495, 106.7984,  127, 64, 0
L -1905.709, -2289.495, 106.7984, -1905.237, -2275.302, 111.8700,  127, 64, 0
L -1905.237, -2275.302, 111.8700, -1906.896, -2266.784, 113.1811,  127, 64, 0
L -1906.896, -2266.784, 113.1811, -1907.61, -2263.918, 114.1872,  127, 64, 0
L -1907.61, -2263.918, 114.1872, -1908.159, -2262.275, 115.1180,  127, 64, 0
L -1908.159, -2262.275, 115.1180, -1908.595, -2260.663, 115.4407,  127, 64, 0
L -1908.595, -2260.663, 115.4407, -1909.841, -2257.706, 116.9394,  127, 64, 0
L -1909.841, -2257.706, 116.9394, -1919.529, -2233.381, 124.7545,  127, 64, 0
L -1919.529, -2233.381, 124.7545, -1920.19, -2231.669, 125.4769,  127, 64, 0
L -1920.19, -2231.669, 125.4769, -1920.85, -2229.814, 126.6660,  127, 64, 0
L -1920.85, -2229.814, 126.6660, -1924.145, -2219.314, 130.2627,  127, 64, 0
L -1924.145, -2219.314, 130.2627, -1925.229, -2214.421, 132.1175,  127, 64, 0
L -1925.229, -2214.421, 132.1175, -1925.989, -2209.74, 133.6510,  127, 64, 0
L -1925.989, -2209.74, 133.6510, -1926.518, -2203.142, 135.1222,  127, 64, 0
L -1926.518, -2203.142, 135.1222, -1925.9, -2191.756, 137.5242,  127, 64, 0
L -1925.9, -2191.756, 137.5242, -1924.573, -2180.695, 139.4316,  127, 64, 0
L -1924.573, -2180.695, 139.4316, -1924.127, -2177.821, 139.7767,  127, 64, 0
L -1924.127, -2177.821, 139.7767, -1921.459, -2159.7, 140.3734,  127, 64, 0
L -1921.459, -2159.7, 140.3734, -1919.335, -2152.919, 140.2410,  127, 64, 0
L -1919.335, -2152.919, 140.2410, -1918.393, -2149.931, 139.8814,  127, 64, 0
L -1918.393, -2149.931, 139.8814, -1917.624, -2147.879, 139.8351,  127, 64, 0
L -1917.624, -2147.879, 139.8351, -1914.425, -2141.184, 139.2853,  127, 64, 0
L -1914.425, -2141.184, 139.2853, -1912.652, -2138.734, 139.3360,  127, 64, 0
L -1912.652, -2138.734, 139.3360, -1910.724, -2135.114, 138.9516,  127, 64, 0
L -1910.724, -2135.114, 138.9516, -1909.911, -2133.992, 138.7603,  127, 64, 0
L -1909.911, -2133.992, 138.7603, -1908.038, -2131.595, 137.9632,  127, 64, 0
L -1908.038, -2131.595, 137.9632, -1905.423, -2127.768, 137.1158,  127, 64, 0
L -1905.423, -2127.768, 137.1158, -1896.424, -2118.878, 134.6887,  127, 64, 0
L -1896.424, -2118.878, 134.6887, -1889.649, -2111.98, 132.3697,  127, 64, 0
L -1889.649, -2111.98, 132.3697, -1886.128, -2108.67, 131.5206,  127, 64, 0
L -1886.128, -2108.67, 131.5206, -1885.031, -2107.751, 131.3145,  127, 64, 0
L -1885.031, -2107.751, 131.3145, -1877.26, -2102.846, 128.6337,  127, 64, 0
L -1877.26, -2102.846, 128.6337, -1876.419, -2101.122, 128.4517,  127, 64, 0
L -1876.419, -2101.122, 128.4517, -1867.627, -2096.139, 126.7185,  127, 64, 0
L -1867.627, -2096.139, 126.7185, -1858.06, -2090.788, 124.7182,  127, 64, 0
L -1858.06, -2090.788, 124.7182, -1849.05, -2086.5, 123.2500,  127, 64, 0
L -1849.05, -2086.5, 123.2500, -1841.979, -2083.404, 120.9762,  127, 64, 0
L -1841.979, -2083.404, 120.9762, -1833.332, -2080.262, 118.6608,  127, 64, 0
L -1833.332, -2080.262, 118.6608, -1826.858, -2078.177, 117.6510,  127, 64, 0
L -1826.858, -2078.177, 117.6510, -1817.475, -2075.506, 116.4545,  127, 64, 0
L -1817.475, -2075.506, 116.4545, -1807.968, -2072.946, 114.7489,  127, 64, 0
L -1807.968, -2072.946, 114.7489, -1798.579, -2070.845, 113.6911,  127, 64, 0
L -1798.579, -2070.845, 113.6911, -1789.365, -2069.46, 113.5618,  127, 64, 0
L -1789.365, -2069.46, 113.5618, -1786.401, -2068.56, 113.5553,  127, 64, 0
L -1786.401, -2068.56, 113.5553, -1776.961, -2067.656, 113.4809,  127, 64, 0
L -1776.961, -2067.656, 113.4809, -1757.918, -2066.124, 111.6891,  127, 64, 0
L -1757.918, -2066.124, 111.6891, -1754.152, -2065.595, 111.4851,  127, 64, 0
L -1754.152, -2065.595, 111.4851, -1749.277, -2064.655, 110.8857,  127, 64, 0
L -1749.277, -2064.655, 110.8857, -1739.841, -2062.363, 109.5674,  127, 64, 0
L -1739.841, -2062.363, 109.5674, -1735.633, -2061.129, 109.1577,  127, 64, 0
L -1735.633, -2061.129, 109.1577, -1729.666, -2059.839, 108.6055,  127, 64, 0
L -1729.666, -2059.839, 108.6055, -1720.482, -2055.538, 106.2248,  127, 64, 0
L -1720.482, -2055.538, 106.2248, -1715.024, -2052.955, 105.5892,  127, 64, 0
L -1715.024, -2052.955, 105.5892, -1712.149, -2051.405, 105.1865,  127, 64, 0
L -1712.149, -2051.405, 105.1865, -1707.107, -2048.33, 103.8889,  127, 64, 0
L -1707.107, -2048.33, 103.8889, -1703.36, -2045.726, 102.9419,  127, 64, 0
L -1703.36, -2045.726, 102.9419, -1696.235, -2040.223, 100.4264,  127, 64, 0
L -1696.235, -2040.223, 100.4264, -1693.049, -2037.276, 99.4365,  127, 64, 0
L -1693.049, -2037.276, 99.4365, -1688.559, -2033.168, 97.1988,  127, 64, 0
L -1688.559, -2033.168, 97.1988, -1686.919, -2031.581, 96.7745,  127, 64, 0
L -1686.919, -2031.581, 96.7745, -1680.107, -2024.786, 93.9959,  127, 64, 0
L -1680.107, -2024.786, 93.9959, -1672.414, -2017.376, 91.8530,  127, 64, 0
L -1672.414, -2017.376, 91.8530, -1663.197, -2007.954, 89.6758,  127, 64, 0
L -1663.197, -2007.954, 89.6758, -1656.333, -1998.551, 87.9669,  127, 64, 0
L -1656.333, -1998.551, 87.9669, -1652.588, -1993.199, 87.7880,  127, 64, 0
L -1652.588, -1993.199, 87.7880, -1652.602, -1991.938, 86.7056,  127, 64, 0
L -1652.602, -1991.938, 86.7056, -1650.293, -1989.542, 86.2077,  127, 64, 0
L -1650.293, -1989.542, 86.2077, -1649.451, -1987.325, 85.6838,  127, 64, 0
L -1649.451, -1987.325, 85.6838, -1648.238, -1984.731, 84.5610,  127, 64, 0
L -1648.238, -1984.731, 84.5610, -1647.707, -1983.546, 84.4615,  127, 64, 0
L -1647.707, -1983.546, 84.4615, -1646.313, -1980.299, 83.6507,  127, 64, 0
L -1646.313, -1980.299, 83.6507, -1645.957, -1978.882, 83.5133,  127, 64, 0
L -1645.957, -1978.882, 83.5133, -1644.845, -1976.767, 82.8907,  127, 64, 0
L -1644.845, -1976.767, 82.8907, -1644.437, -1974.519, 82.7369,  127, 64, 0
L -1644.437, -1974.519, 82.7369, -1643.986, -1971.235, 81.9123,  127, 64, 0
L -1643.986, -1971.235, 81.9123, -1643.165, -1966.892, 81.3140,  127, 64, 0
L -1643.165, -1966.892, 81.3140, -1643.663, -1937.754, 76.8983,  127, 64, 0
L -1643.663, -1937.754, 76.8983, -1643.891, -1935.787, 76.6954,  127, 64, 0
L -1643.891, -1935.787, 76.6954, -1643.304, -1925.248, 74.3074,  127, 64, 0
L -1643.304, -1925.248, 74.3074, -1642.663, -1920.532, 73.6175,  127, 64, 0
L -1642.663, -1920.532, 73.6175, -1642.448, -1918.728, 73.3487,  127, 64, 0
L -1642.448, -1918.728, 73.3487, -1641.685, -1915.142, 72.9719,  127, 64, 0
L -1641.685, -1915.142, 72.9719, -1641.16, -1913.434, 72.8037,  127, 64, 0
L -1641.16, -1913.434, 72.8037, -1640.034, -1910.711, 72.4397,  127, 64, 0
L -1640.034, -1910.711, 72.4397, -1639.352, -1909.406, 72.2132,  127, 64, 0
L -1639.352, -1909.406, 72.2132, -1638.572, -1908.102, 71.8807,  127, 64, 0
L -1638.572, -1908.102, 71.8807, -1637.655, -1906.726, 71.7177,  127, 64, 0
L -1637.655, -1906.726, 71.7177, -1634.149, -1902.26, 70.6435,  127, 64, 0
L -1634.149, -1902.26, 70.6435, -1632.277, -1900.155, 70.2575,  127, 64, 0
L -1632.277, -1900.155, 70.2575, -1631.243, -1899.101, 69.9180,  127, 64, 0
L -1631.243, -1899.101, 69.9180, -1622.547, -1891.399, 68.4740,  127, 64, 0
L -1622.547, -1891.399, 68.4740, -1618.085, -1887.241, 67.4752,  127, 64, 0
L -1618.085, -1887.241, 67.4752, -1610.523, -1881.586, 66.7420,  127, 64, 0
L -1610.523, -1881.586, 66.7420, -1602.964, -1875.852, 65.1093,  127, 64, 0
L -1602.964, -1875.852, 65.1093, -1586.414, -1863.236, 60.9253,  127, 64, 0
L -1586.414, -1863.236, 60.9253, -1582.21, -1859.823, 59.5549,  127, 64, 0
L -1582.21, -1859.823, 59.5549, -1575.043, -1853.815, 59.2807,  127, 64, 0
L -1575.043, -1853.815, 59.2807, -1543.393, -1827.491, 59.2807,  127, 64, 0
L -1543.393, -1827.491, 59.2807, -1530.513, -1817.946, 59.2807,  127, 64, 0
L -1530.513, -1817.946, 59.2807, -1525.057, -1813.807, 59.2807,  127, 64, 0
L -1525.057, -1813.807, 59.2807, -1514.632, -1803.538, 59.2807,  127, 64, 0
L -1514.632, -1803.538, 59.2807, -1507.97, -1796.351, 59.2807,  127, 64, 0
L -1507.97, -1796.351, 59.2807, -1504.087, -1791.669, 59.2807,  127, 64, 0
L -1504.087, -1791.669, 59.2807, -1497.327, -1781.715, 59.2807,  127, 64, 0
L -1497.327, -1781.715, 59.2807, -1489.715, -1768.542, 59.2807,  127, 64, 0
L -1489.715, -1768.542, 59.2807, -1487.435, -1763.83, 59.2807,  127, 64, 0
L -1487.435, -1763.83, 59.2807, -1485.969, -1759.67, 59.2807,  127, 64, 0
L -1485.969, -1759.67, 59.2807, -1485.555, -1754.257, 59.2807,  127, 64, 0
L -1485.555, -1754.257, 59.2807, -1480.529, -1728.695, 59.2807,  127, 64, 0
L -1480.529, -1728.695, 59.2807, -1479.951, -1722.42, 59.2807,  127, 64, 0
L -1479.951, -1722.42, 59.2807, -1480.506, -1698.681, 59.2807,  127, 64, 0
L -1480.506, -1698.681, 59.2807, -1483.284, -1655.111, 59.2807,  127, 64, 0
L -1483.284, -1655.111, 59.2807, -1485.727, -1639.449, 59.2807,  127, 64, 0
L -1485.727, -1639.449, 59.2807, -1487.662, -1626.606, 59.2807,  127, 64, 0
L -1487.662, -1626.606, 59.2807, -1491.49, -1614.726, 59.2807,  127, 64, 0
L -1491.49, -1614.726, 59.2807, -1497.896, -1599.806, 59.2807,  127, 64, 0
L -1497.896, -1599.806, 59.2807, -1505.06, -1587.1, 59.2807,  127, 64, 0
L -1505.06, -1587.1, 59.2807, -1512.59, -1575.836, 59.2807,  127, 64, 0
L -1512.59, -1575.836, 59.2807, -1520.727, -1565.44, 59.2807,  127, 64, 0
L -1520.727, -1565.44, 59.2807, -1526.24, -1559.145, 59.2807,  127, 64, 0
L -1526.24, -1559.145, 59.2807, -1538.112, -1547.31, 59.2807,  127, 64, 0
L -1538.112, -1547.31, 59.2807, -1544.642, -1540.846, 59.2807,  127, 64, 0
L -1544.642, -1540.846, 59.2807, -1552.852, -1533.856, 59.2807,  127, 64, 0
L -1552.852, -1533.856, 59.2807, -1560.263, -1528.376, 59.2807,  127, 64, 0
L -1560.263, -1528.376, 59.2807, -1567.506, -1523.844, 59.2807,  127, 64, 0
L -1567.506, -1523.844, 59.2807, -1573.671, -1520.674, 59.2807,  127, 64, 0
L -1573.671, -1520.674, 59.2807, -1579.502, -1518.274, 59.2807,  127, 64, 0
L -1579.502, -1518.274, 59.2807, -1585.021, -1516.6, 59.2807,  127, 64, 0
L -1585.021, -1516.6, 59.2807, -1590.904, -1515.478, 59.2807,  127, 64, 0
L -1590.904, -1515.478, 59.2807, -1594.595, -1515.941, 59.2807,  127, 64, 0
L -1594.595, -1515.941, 59.2807, -1597.499, -1514.954, 59.2807,  127, 64, 0
L -1597.499, -1514.954, 59.2807, -1809.621, -1517.288, 59.2941,  127, 64, 0
L -1809.621, -1517.288, 59.2941, -1862.563, -1520.11, 59.3121,  127, 64, 0
L -1862.563, -1520.11, 59.3121, -1881.528, -1520.4, 59.3115,  127, 64, 0
L -1881.528, -1520.4, 59.3115, -1901.303, -1520.197, 59.3119,  127, 64, 0
L -1901.303, -1520.197, 59.3119, -1908.448, -1519.769, 59.2993,  127, 64, 0
L -1908.448, -1519.769, 59.2993, -1912.092, -1519.355, 59.2865,  127, 64, 0
L -1912.092, -1519.355, 59.2865, -1937.292, -1514.899, 59.1662,  127, 64, 0
L -1937.292, -1514.899, 59.1662, -1940.134, -1514.551, 59.1514,  127, 64, 0
L -1940.134, -1514.551, 59.1514, -1948.255, -1513.976, 59.1377,  127, 64, 0
L -1948.255, -1513.976, 59.1377, -1981.451, -1513.691, 59.1360,  127, 64, 0
L -1981.451, -1513.691, 59.1360, -2006.15, -1512.231, 59.6360,  127, 64, 0
L -2006.15, -1512.231, 59.6360, -2047.624, -1512.18, 59.2214,  127, 64, 0
L -2047.624, -1512.18, 59.2214, -2051.198, -1512, 59.2210,  127, 64, 0
L -2051.198, -1512, 59.2210, -2057.515, -1511.341, 59.2195,  127, 64, 0
L -2057.515, -1511.341, 59.2195, -2064.498, -1510.255, 59.2169,  127, 64, 0
L -2064.498, -1510.255, 59.2169, -2069.623, -1509.193, 59.2143,  127, 64, 0
L -2069.623, -1509.193, 59.2143, -2077.722, -1507.963, 59.2092,  127, 64, 0
L -2077.722, -1507.963, 59.2092, -2096.071, -1501.549, 59.2201,  127, 64, 0
L -2096.071, -1501.549, 59.2201, -2114.152, -1495.291, 59.2389,  127, 64, 0
L -2114.152, -1495.291, 59.2389, -2124.899, -1490.965, 59.2460,  127, 64, 0
L -2124.899, -1490.965, 59.2460, -2132.422, -1487.113, 59.2501,  127, 64, 0
L -2132.422, -1487.113, 59.2501, -2139.919, -1482.398, 59.2531,  127, 64, 0
L -2139.919, -1482.398, 59.2531, -2150.683, -1474.841, 59.2597,  127, 64, 0
L -2150.683, -1474.841, 59.2597, -2156.707, -1469.846, 59.2727,  127, 64, 0
L -2156.707, -1469.846, 59.2727, -2159.519, -1467.923, 59.2792,  127, 64, 0
L -2159.519, -1467.923, 59.2792, -2167.014, -1458.972, 59.2807,  127, 64, 0
L -2167.014, -1458.972, 59.2807, -2176.348, -1447.193, 59.2807,  127, 64, 0
L -2176.348, -1447.193, 59.2807, -2179.444, -1443.563, 59.2807,  127, 64, 0
L -2179.444, -1443.563, 59.2807, -2180.063, -1441.351, 59.2807,  127, 64, 0
L -2180.063, -1441.351, 59.2807, -2182.181, -1436.482, 59.2815,  127, 64, 0
L -2182.181, -1436.482, 59.2815, -2198.663, -1381.215, 59.2835,  127, 64, 0
L -2198.663, -1381.215, 59.2835, -2200.456, -1370.676, 59.2830,  127, 64, 0
L -2200.456, -1370.676, 59.2830, -2201.276, -1362.258, 59.2828,  127, 64, 0
L -2201.276, -1362.258, 59.2828, -2201.239, -1343.955, 59.3579,  127, 64, 0
L -2201.239, -1343.955, 59.3579, -2198.605, -1329.758, 59.2824,  127, 64, 0
L -2198.605, -1329.758, 59.2824, -2190.076, -1291.263, 59.2841,  127, 64, 0
L -2190.076, -1291.263, 59.2841, -2188.658, -1287.704, 59.2843,  127, 64, 0
L -2188.658, -1287.704, 59.2843, -2185.692, -1280.164, 59.2849,  127, 64, 0
L -2185.692, -1280.164, 59.2849, -2176.628, -1264.268, 59.2839,  127, 64, 0
L -2176.628, -1264.268, 59.2839, -2174.68, -1260.222, 59.2832,  127, 64, 0
L -2174.68, -1260.222, 59.2832, -2166.175, -1251.53, 59.2815,  127, 64, 0
L -2166.175, -1251.53, 59.2815, -2164.925, -1249.773, 59.2813,  127, 64, 0
L -2164.925, -1249.773, 59.2813, -2162.608, -1247.917, 59.2811,  127, 64, 0
L -2162.608, -1247.917, 59.2811, -2161.194, -1247.23, 59.2807,  127, 64, 0
L -2161.194, -1247.23, 59.2807, -2158.416, -1245.589, 59.2807,  127, 64, 0
L -2158.416, -1245.589, 59.2807, -2128.027, -1233.848, 59.2807,  127, 64, 0
L -2128.027, -1233.848, 59.2807, -2120.165, -1231.256, 59.2807,  127, 64, 0
L -2120.165, -1231.256, 59.2807, -2111.694, -1228.997, 59.2807,  127, 64, 0
L -2111.694, -1228.997, 59.2807, -2102.39, -1227.399, 59.2807,  127, 64, 0
L -2102.39, -1227.399, 59.2807, -2098.215, -1226.889, 59.2807,  127, 64, 0
L -2098.215, -1226.889, 59.2807, -2088.491, -1226.12, 59.2811,  127, 64, 0
L -2088.491, -1226.12, 59.2811, -2075.518, -1226.143, 59.2897,  127, 64, 0
L -2075.518, -1226.143, 59.2897, -2066.086, -1226.613, 59.2957,  127, 64, 0
L -2066.086, -1226.613, 59.2957, -2056.898, -1227.384, 59.3149,  127, 64, 0
L -2056.898, -1227.384, 59.3149, -2048.338, -1228.532, 59.3389,  127, 64, 0
L -2048.338, -1228.532, 59.3389, -2043.101, -1229.497, 59.3539,  127, 64, 0
L -2043.101, -1229.497, 59.3539, -2000.206, -1240.399, 59.4052,  127, 64, 0
L -2000.206, -1240.399, 59.4052, -1990.562, -1242.992, 59.3948,  127, 64, 0
L -1990.562, -1242.992, 59.3948, -1961.25, -1252.968, 59.4928,  127, 64, 0
L -1961.25, -1252.968, 59.4928, -1924.68, -1266.967, 59.7385,  127, 64, 0
L -1924.68, -1266.967, 59.7385, -1848.261, -1298.282, 59.3641,  127, 64, 0
L -1848.261, -1298.282, 59.3641, -1844.096, -1299.236, 59.4057,  127, 64, 0
L -1844.096, -1299.236, 59.4057, -1842.131, -1299.668, 59.4217,  127, 64, 0
L -1842.131, -1299.668, 59.4217, -1835.029, -1300.859, 59.4605,  127, 64, 0
L -1835.029, -1300.859, 59.4605, -1823.253, -1301.803, 59.4893,  127, 64, 0
L -1823.253, -1301.803, 59.4893, -1814.271, -1302.901, 59.5146,  127, 64, 0
L -1814.271, -1302.901, 59.5146, -1794.506, -1305.894, 59.6114,  127, 64, 0
L -1794.506, -1305.894, 59.6114, -1786.981, -1306.647, 59.6375,  127, 64, 0
L -1786.981, -1306.647, 59.6375, -1741.298, -1308.879, 59.5983,  127, 64, 0
L -1741.298, -1308.879, 59.5983, -1725.629, -1309.969, 59.9938,  127, 64, 0
L -1725.629, -1309.969, 59.9938, -1716.456, -1310.887, 60.2334,  127, 64, 0
L -1716.456, -1310.887, 60.2334, -1698.183, -1313.643, 60.5285,  127, 64, 0
L -1698.183, -1313.643, 60.5285, -1688.551, -1314.887, 60.9076,  127, 64, 0
L -1688.551, -1314.887, 60.9076, -1679.683, -1315.703, 61.4564,  127, 64, 0
L -1679.683, -1315.703, 61.4564, -1669.221, -1316.197, 60.9438,  127, 64, 0
L -1669.221, -1316.197, 60.9438, -1659.424, -1316.422, 60.3838,  127, 64, 0
L -1659.424, -1316.422, 60.3838, -1649.585, -1316.108, 60.3087,  127, 64, 0
L -1649.585, -1316.108, 60.3087, -1642.718, -1315.541, 60.2815,  127, 64, 0
L -1642.718, -1315.541, 60.2815, -1634.733, -1314.485, 60.2308,  127, 64, 0
L -1634.733, -1314.485, 60.2308, -1629.673, -1313.552, 60.1236,  127, 64, 0
L -1629.673, -1313.552, 60.1236, -1624.057, -1312.219, 59.7830,  127, 64, 0
L -1624.057, -1312.219, 59.7830, -1619.155, -1310.803, 59.5294,  127, 64, 0
L -1619.155, -1310.803, 59.5294, -1612.842, -1308.658, 59.2959,  127, 64, 0
L -1612.842, -1308.658, 59.2959, -1605.459, -1305.673, 59.2931,  127, 64, 0
L -1605.459, -1305.673, 59.2931, -1602.106, -1303.751, 59.2912,  127, 64, 0
L -1602.106, -1303.751, 59.2912, -1598.345, -1301.557, 59.2890,  127, 64, 0
L -1598.345, -1301.557, 59.2890, -1594.997, -1299.181, 59.2867,  127, 64, 0
L -1594.997, -1299.181, 59.2867, -1592.237, -1296.346, 59.2837,  127, 64, 0
L -1592.237, -1296.346, 59.2837, -1590.066, -1293.678, 59.2830,  127, 64, 0
L -1590.066, -1293.678, 59.2830, -1587.865, -1290.156, 59.2830,  127, 64, 0
L -1587.865, -1290.156, 59.2830, -1583.858, -1282.207, 59.2826,  127, 64, 0
L -1583.858, -1282.207, 59.2826, -1579.204, -1269.386, 59.2995,  127, 64, 0
L -1579.204, -1269.386, 59.2995, -1574.233, -1248.825, 59.2841,  127, 64, 0
L -1574.233, -1248.825, 59.2841, -1571.468, -1229.136, 59.3425,  127, 64, 0
L -1571.468, -1229.136, 59.3425, -1570.321, -1212.441, 59.4876,  127, 64, 0
L -1570.321, -1212.441, 59.4876, -1570.329, -1196.429, 60.4057,  127, 64, 0
L -1570.329, -1196.429, 60.4057, -1569.264, -1174.958, 62.6505,  127, 64, 0
L -1569.264, -1174.958, 62.6505, -1569.844, -1139.68, 66.9197,  127, 64, 0
L -1569.844, -1139.68, 66.9197, -1570.277, -1132.857, 67.6638,  127, 64, 0
L -1570.277, -1132.857, 67.6638, -1570.366, -1130.297, 67.7317,  127, 64, 0
L -1570.366, -1130.297, 67.7317, -1570.909, -1117.646, 69.4380,  127, 64, 0
L -1570.909, -1117.646, 69.4380, -1571.436, -1097.919, 70.7027,  127, 64, 0
L -1571.436, -1097.919, 70.7027, -1571.977, -1075.734, 73.9158,  127, 64, 0
L -1571.977, -1075.734, 73.9158, -1571.493, -996.231, 90.9613,  127, 64, 0
L -1571.493, -996.231, 90.9613, -1570.949, -981.52, 94.9705,  127, 64, 0
L -1570.949, -981.52, 94.9705, -1570.878, -979.598, 95.2232,  127, 64, 0
L -1570.878, -979.598, 95.2232, -1570.389, -966.454, 97.8182,  127, 64, 0
L -1570.389, -966.454, 97.8182, -1570.255, -963.95, 97.9950,  127, 64, 0
L -1570.255, -963.95, 97.9950, -1570.298, -958.629, 100.4262,  127, 64, 0
L -1570.298, -958.629, 100.4262, -1568.977, -949.871, 103.2049,  127, 64, 0
L -1568.977, -949.871, 103.2049, -1568.285, -943.961, 104.8284,  127, 64, 0
L -1568.285, -943.961, 104.8284, -1567.913, -940.942, 105.3388,  127, 64, 0
L -1567.913, -940.942, 105.3388, -1567.726, -939.431, 105.4425,  127, 64, 0
L -1567.726, -939.431, 105.4425, -1567.268, -935.836, 106.1830,  127, 64, 0
L -1567.268, -935.836, 106.1830, -1566.331, -928.92, 108.5258,  127, 64, 0
L -1566.331, -928.92, 108.5258, -1564.361, -914.424, 112.3571,  127, 64, 0
L -1564.361, -914.424, 112.3571, -1563.939, -911.319, 112.8443,  127, 64, 0
L -1563.939, -911.319, 112.8443, -1563.692, -909.502, 113.8696,  127, 64, 0
L -1563.692, -909.502, 113.8696, -1560.526, -885.687, 120.6940,  127, 64, 0
L -1560.526, -885.687, 120.6940, -1557.844, -860.868, 126.8979,  127, 64, 0
L -1557.844, -860.868, 126.8979, -1556.121, -832.513, 134.7626,  127, 64, 0
L -1556.121, -832.513, 134.7626, -1555.008, -805.782, 143.1537,  127, 64, 0
L -1555.008, -805.782, 143.1537, -1554.509, -729.857, 174.5278,  127, 64, 0
L -1554.509, -729.857, 174.5278, -1554.45, -728.516, 174.9577,  127, 64, 0
L -1554.45, -728.516, 174.9577, -1554.64, -719.635, 178.4842,  127, 64, 0
L -1554.64, -719.635, 178.4842, -1553.127, -713.412, 180.9735,  127, 64, 0
L -1553.127, -713.412, 180.9735, -1551.729, -702.883, 186.1595,  127, 64, 0
L -1551.729, -702.883, 186.1595, -1551.044, -696.628, 188.3137,  127, 64, 0
L -1551.044, -696.628, 188.3137, -1547.626, -670.138, 199.8930,  127, 64, 0
L -1547.626, -670.138, 199.8930, -1547.171, -665.582, 201.5891,  127, 64, 0
L -1547.171, -665.582, 201.5891, -1546.566, -651.754, 206.4915,  127, 64, 0
L -1546.566, -651.754, 206.4915, -1545.01, -647.172, 208.1487,  127, 64, 0
L -1545.01, -647.172, 208.1487, -1540.287, -623.889, 215.9248,  127, 64, 0
L -1540.287, -623.889, 215.9248, -1539.624, -620.417, 216.7446,  127, 64, 0
L -1539.624, -620.417, 216.7446, -1537.541, -601.389, 223.9105,  127, 64, 0
L -1537.541, -601.389, 223.9105, -1536.341, -597.346, 225.6503,  127, 64, 0
L -1536.341, -597.346, 225.6503, -1536.2, -596.109, 226.8170,  127, 64, 0
L -1536.2, -596.109, 226.8170, -1535.014, -581.968, 231.8516,  127, 64, 0
L -1535.014, -581.968, 231.8516, -1534.538, -574.287, 234.7095,  127, 64, 0
L -1534.538, -574.287, 234.7095, -1534.476, -572.812, 235.1705,  127, 64, 0
L -1534.476, -572.812, 235.1705, -1534.969, -512.474, 247.6199,  127, 64, 0
L -1534.969, -512.474, 247.6199, -1535.003, -511.428, 248.6140,  127, 64, 0
L -1535.003, -511.428, 248.6140, -1535.5, -466.628, 254.2657,  127, 64, 0
L -1535.5, -466.628, 254.2657, -1535.521, -464.839, 254.2838,  127, 64, 0
L -1535.521, -464.839, 254.2838, -1536.02, -438.494, 261.4171,  127, 64, 0
L -1536.02, -438.494, 261.4171, -1536.081, -436.526, 262.2377,  127, 64, 0
L -1536.081, -436.526, 262.2377, -1536.538, -424.233, 265.1666,  127, 64, 0
L -1536.538, -424.233, 265.1666, -1537.287, -417.254, 265.9914,  127, 64, 0
L -1537.287, -417.254, 265.9914, -1538.848, -409.266, 267.1471,  127, 64, 0
L -1538.848, -409.266, 267.1471, -1539.198, -407.925, 267.3602,  127, 64, 0
L -1539.198, -407.925, 267.3602, -1541.16, -401.982, 267.4139,  127, 64, 0
L -1541.16, -401.982, 267.4139, -1544.871, -393.403, 267.8953,  127, 64, 0
L -1544.871, -393.403, 267.8953, -1549.084, -384.459, 267.8048,  127, 64, 0
L -1549.084, -384.459, 267.8048, -1553.904, -373.627, 269.8274,  127, 64, 0
L -1553.904, -373.627, 269.8274, -1560.927, -358.593, 268.7898,  127, 64, 0
L -1560.927, -358.593, 268.7898, -1561.907, -356.732, 268.6567,  127, 64, 0
L -1561.907, -356.732, 268.6567, -1567.238, -347.469, 268.7289,  127, 64, 0
L -1567.238, -347.469, 268.7289, -1573.382, -338.205, 268.7427,  127, 64, 0
L -1573.382, -338.205, 268.7427, -1575.973, -334.541, 268.6684,  127, 64, 0
L -1575.973, -334.541, 268.6684, -1578.688, -331.215, 268.4447,  127, 64, 0
L -1578.688, -331.215, 268.4447, -1582.409, -327.103, 267.7782,  127, 64, 0
L -1582.409, -327.103, 267.7782, -1591.101, -318.337, 265.8518,  127, 64, 0
L -1591.101, -318.337, 265.8518, -1601.559, -309.478, 263.5258,  127, 64, 0
L -1601.559, -309.478, 263.5258, -1605.995, -305.211, 261.4357,  127, 64, 0
L -1605.995, -305.211, 261.4357, -1610.513, -302.251, 259.6530,  127, 64, 0
L -1610.513, -302.251, 259.6530, -1612.861, -300.53, 257.7413,  127, 64, 0
L -1612.861, -300.53, 257.7413, -1615.093, -298.563, 257.2307,  127, 64, 0
L -1615.093, -298.563, 257.2307, -1619.215, -296.441, 254.9561,  127, 64, 0
L -1619.215, -296.441, 254.9561, -1627.597, -291.148, 251.2221,  127, 64, 0
L -1627.597, -291.148, 251.2221, -1636.016, -286.139, 247.9362,  127, 64, 0
L -1636.016, -286.139, 247.9362, -1638.238, -285.45, 247.6016,  127, 64, 0
L -1638.238, -285.45, 247.6016, -1639.914, -283.523, 246.7339,  127, 64, 0
L -1639.914, -283.523, 246.7339, -1643.042, -281.618, 244.7086,  127, 64, 0
L -1643.042, -281.618, 244.7086, -1646.229, -278.695, 244.9340,  127, 64, 0
L -1646.229, -278.695, 244.9340, -1653.057, -272.129, 238.5730,  127, 64, 0
L -1653.057, -272.129, 238.5730, -1660.475, -265.668, 234.6396,  127, 64, 0
L -1660.475, -265.668, 234.6396, -1661.593, -264.769, 234.4336,  127, 64, 0
L -1661.593, -264.769, 234.4336, -1672.582, -256.237, 226.2298,  127, 64, 0
L -1672.582, -256.237, 226.2298, -1680.364, -249.964, 220.1300,  127, 64, 0
L -1680.364, -249.964, 220.1300, -1688.659, -244.279, 215.3061,  127, 64, 0
L -1688.659, -244.279, 215.3061, -1695.445, -238.792, 207.1724,  127, 64, 0
L -1695.445, -238.792, 207.1724, -1703.694, -233.197, 202.5577,  127, 64, 0
L -1703.694, -233.197, 202.5577, -1711.496, -228.275, 192.7853,  127, 64, 0
L -1711.496, -228.275, 192.7853, -1719.881, -223.345, 187.6013,  127, 64, 0
L -1719.881, -223.345, 187.6013, -1728.274, -218.551, 180.4221,  127, 64, 0
L -1728.274, -218.551, 180.4221, -1748.612, -206.996, 164.9088,  127, 64, 0
L -1748.612, -206.996, 164.9088, -1755.417, -204.433, 157.2512,  127, 64, 0
L -1755.417, -204.433, 157.2512, -1764.548, -200.365, 152.2120,  127, 64, 0
L -1764.548, -200.365, 152.2120, -1773.628, -197.122, 145.7293,  127, 64, 0
L -1773.628, -197.122, 145.7293, -1783.471, -193.738, 138.4120,  127, 64, 0
L -1783.471, -193.738, 138.4120, -1791.608, -190.707, 128.8551,  127, 64, 0
L -1791.608, -190.707, 128.8551, -1810.209, -184.193, 118.8752,  127, 64, 0
L -1810.209, -184.193, 118.8752, -1819.585, -180.733, 112.2119,  127, 64, 0
L -1819.585, -180.733, 112.2119, -1841.585, -172.999, 95.1039,  127, 64, 0
L -1841.585, -172.999, 95.1039, -1850.091, -169.981, 83.1461,  127, 64, 0
L -1850.091, -169.981, 83.1461, -1851.441, -169.617, 82.9552,  127, 64, 0
L -1851.441, -169.617, 82.9552, -1866.198, -165.775, 70.6222,  127, 64, 0
L -1866.198, -165.775, 70.6222, -1876.295, -163.504, 66.1205,  127, 64, 0
L -1876.295, -163.504, 66.1205, -1884.898, -161.595, 58.1948,  127, 64, 0
L -1884.898, -161.595, 58.1948, -1894.331, -159.841, 51.2929,  127, 64, 0
L -1894.331, -159.841, 51.2929, -1895.586, -159.676, 49.8310,  127, 64, 0
L -1895.586, -159.676, 49.8310, -1900.951, -159.31, 45.5394,  127, 64, 0
L -1900.951, -159.31, 45.5394, -1910.143, -158.829, 40.2890,  127, 64, 0
L -1910.143, -158.829, 40.2890, -1939.45, -157.907, 21.2700,  127, 64, 0
L -1939.45, -157.907, 21.2700, -1969.303, -156.806, 2.9771,  127, 64, 0
L -1969.303, -156.806, 2.9771, -1990.046, -155.939, -7.4943,  127, 64, 0
L -1990.046, -155.939, -7.4943, -1999.441, -155.359, -11.8028,  127, 64, 0
L -1999.441, -155.359, -11.8028, -2008.937, -154.661, -15.5701,  127, 64, 0
L -2008.937, -154.661, -15.5701, -2019.051, -153.779, -20.9460,  127, 64, 0
L -2019.051, -153.779, -20.9460, -2020.317, -153.561, -20.4563,  127, 64, 0
L -2020.317, -153.561, -20.4563, -2029.972, -151.901, -23.7292,  127, 64, 0
L -2029.972, -151.901, -23.7292, -2033.509, -151.113, -25.7155,  127, 64, 0
L -2033.509, -151.113, -25.7155, -2042.266, -148.828, -28.7899,  127, 64, 0
L -2042.266, -148.828, -28.7899, -2046.423, -147.314, -29.8697,  127, 64, 0
L -2046.423, -147.314, -29.8697, -2055.461, -143.895, -33.1373,  127, 64, 0
L -2055.461, -143.895, -33.1373, -2058.586, -142.554, -33.7989,  127, 64, 0
L -2058.586, -142.554, -33.7989, -2066.646, -138.673, -36.4934,  127, 64, 0
L -2066.646, -138.673, -36.4934, -2076.894, -132.807, -38.2770,  127, 64, 0
L -2076.894, -132.807, -38.2770, -2078.289, -131.916, -38.3490,  127, 64, 0
L -2078.289, -131.916, -38.3490, -2082.959, -128.684, -39.1107,  127, 64, 0
L -2082.959, -128.684, -39.1107, -2085.45, -126.646, -39.5876,  127, 64, 0
L -2085.45, -126.646, -39.5876, -2087.96, -124.164, -40.3990,  127, 64, 0
L -2087.96, -124.164, -40.3990, -2090.973, -120.51, -40.2207,  127, 64, 0
L -2090.973, -120.51, -40.2207, -2095.856, -113.556, -40.3355,  127, 64, 0
L -2095.856, -113.556, -40.3355, -2097.553, -110.612, -40.3766,  127, 64, 0
L -2097.553, -110.612, -40.3766, -2099.151, -107.118, -40.4078,  127, 64, 0
L -2099.151, -107.118, -40.4078, -2100.837, -102.45, -40.4258,  127, 64, 0
L -2100.837, -102.45, -40.4258, -2102.628, -95.248, -40.4288,  127, 64, 0
L -2102.628, -95.248, -40.4288, -2108.175, -70.306, -40.7190,  127, 64, 0
L -2108.175, -70.306, -40.7190, -2111.498, -60.523, -40.7190,  127, 64, 0
L -2111.498, -60.523, -40.7190, -2114.171, -54.615, -40.7190,  127, 64, 0
L -2114.171, -54.615, -40.7190, -2118.619, -46.751, -40.7190,  127, 64, 0
L -2118.619, -46.751, -40.7190, -2121.565, -42.263, -40.7190,  127, 64, 0
L -2121.565, -42.263, -40.7190, -2126.247, -36.389, -40.7190,  127, 64, 0
L -2126.247, -36.389, -40.7190, -2131.633, -30.772, -40.7190,  127, 64, 0
L -2131.633, -30.772, -40.7190, -2135.934, -27.611, -40.7190,  127, 64, 0
L -2135.934, -27.611, -40.7190, -2139.27, -24.297, -40.7190,  127, 64, 0
L -2139.27, -24.297, -40.7190, -2142.218, -22.353, -40.7190,  127, 64, 0
L -2142.218, -22.353, -40.7190, -2145.462, -20.655, -40.7190,  127, 64, 0
L -2145.462, -20.655, -40.7190, -2148.587, -19.322, -40.7190,  127, 64, 0
L -2148.587, -19.322, -40.7190, -2152.612, -17.829, -40.7190,  127, 64, 0
L -2152.612, -17.829, -40.7190, -2159.049, -15.785, -40.7190,  127, 64, 0
L -2159.049, -15.785, -40.7190, -2184.574, -8.914, -40.7190,  127, 64, 0
L -2184.574, -8.914, -40.7190, -2190.118, -6.764, -40.7190,  127, 64, 0
L -2190.118, -6.764, -40.7190, -2195.615, -4.379, -40.7190,  127, 64, 0
L -2195.615, -4.379, -40.7190, -2199.581, -1.615, -40.7190,  127, 64, 0
L -2199.581, -1.615, -40.7190, -2205.476, 2.112, -40.7190,  127, 64, 0
L -2205.476, 2.112, -40.7190, -2209.528, 5.41, -40.7190,  127, 64, 0
L -2209.528, 5.41, -40.7190, -2212.623, 8.567, -40.7190,  127, 64, 0
L -2212.623, 8.567, -40.7190, -2232.413, 35.209, -40.7190,  127, 64, 0
L -2232.413, 35.209, -40.7190, -2241.174, 49.197, -40.7190,  127, 64, 0
L -2241.174, 49.197, -40.7190, -2243.852, 54.706, -40.7190,  127, 64, 0
L -2243.852, 54.706, -40.7190, -2245.91, 60.473, -40.7190,  127, 64, 0
L -2245.91, 60.473, -40.7190, -2247.039, 64.892, -40.7190,  127, 64, 0
L -2247.039, 64.892, -40.7190, -2247.583, 68.154, -40.7190,  127, 64, 0
L -2247.583, 68.154, -40.7190, -2247.032, 97.649, -40.7190,  127, 64, 0
L -2247.032, 97.649, -40.7190, -2246.025, 123.632, -40.7190,  127, 64, 0
L -2246.025, 123.632, -40.7190, -2248.057, 316.171, -40.7190,  127, 64, 0
L -2248.057, 316.171, -40.7190, -2247.61, 360.834, -40.7190,  127, 64, 0
L -2247.61, 360.834, -40.7190, -2246.378, 370.647, -40.7190,  127, 64, 0
L -2246.378, 370.647, -40.7190, -2247.54, 384.191, -40.7190,  127, 64, 0
L -2247.54, 384.191, -40.7190, -2250, 407.65, -40.7190,  127, 64, 0
L -2250, 407.65, -40.7190, -2251.153, 421.295, -40.7190,  127, 64, 0
L -2251.153, 421.295, -40.7190, -2250.529, 439.661, -40.7190,  127, 64, 0
L -2250.529, 439.661, -40.7190, -2247.475, 482.381, -40.7190,  127, 64, 0
L -2247.475, 482.381, -40.7190, -2247.974, 502.9, -40.7190,  127, 64, 0
L -2247.974, 502.9, -40.7190, -2251.076, 536.632, -40.7190,  127, 64, 0
L -2251.076, 536.632, -40.7190, -2250.675, 560.317, -40.7190,  127, 64, 0
L -2250.675, 560.317, -40.7190, -2242.847, 611.995, -40.7190,  127, 64, 0
L -2242.847, 611.995, -40.7190, -2242.267, 617.917, -40.7190,  127, 64, 0
L -2242.267, 617.917, -40.7190, -2242.638, 634.435, -40.7190,  127, 64, 0
L -2242.638, 634.435, -40.7190, -2246.913, 652.12, -40.7190,  127, 64, 0
L -2246.913, 652.12, -40.7190, -2247.219, 654.185, -40.7190,  127, 64, 0
L -2247.219, 654.185, -40.7190, -2247.421, 656.418, -40.7190,  127, 64, 0
L -2247.421, 656.418, -40.7190, -2247.606, 667.385, -40.7190,  127, 64, 0
L -2247.606, 667.385, -40.7190, -2246.237, 673.803, -40.7190,  127, 64, 0
L -2246.237, 673.803, -40.7190, -2246.643, 694.957, -40.7190,  127, 64, 0
L -2246.643, 694.957, -40.7190, -2247.261, 700.876, -40.7190,  127, 64, 0
L -2247.261, 700.876, -40.7190, -2247.089, 773.199, -40.7190,  127, 64, 0
L -2247.089, 773.199, -40.7190, -2245.487, 786.52, -40.7190,  127, 64, 0
L -2245.487, 786.52, -40.7190, -2242.189, 796.325, -40.7190,  127, 64, 0
L -2242.189, 796.325, -40.7190, -2238.474, 806.684, -40.7190,  127, 64, 0
L -2238.474, 806.684, -40.7190, -2234.445, 815.317, -40.7190,  127, 64, 0
L -2234.445, 815.317, -40.7190, -2232.199, 820.133, -40.7190,  127, 64, 0
L -2232.199, 820.133, -40.7190, -2224.409, 830.529, -40.7190,  127, 64, 0
L -2224.409, 830.529, -40.7190, -2212.341, 844.586, -40.7190,  127, 64, 0
L -2212.341, 844.586, -40.7190, -2199.077, 857.903, -40.7190,  127, 64, 0
L -2199.077, 857.903, -40.7190, -2191.289, 865.352, -40.7190,  127, 64, 0
L -2191.289, 865.352, -40.7190, -2179.196, 874.641, -40.7190,  127, 64, 0
L -2179.196, 874.641, -40.7190, -2163.154, 886.589, -40.7190,  127, 64, 0
L -2163.154, 886.589, -40.7190, -2139.948, 901.346, -40.7190,  127, 64, 0
L -2139.948, 901.346, -40.7190, -2113.591, 921.981, -40.7190,  127, 64, 0
L -2113.591, 921.981, -40.7190, -2103.605, 929.17, -40.7190,  127, 64, 0
L -2103.605, 929.17, -40.7190, -2097.39, 932.779, -40.7190,  127, 64, 0
L -2097.39, 932.779, -40.7190, -2094.963, 934.18, -40.7190,  127, 64, 0
L -2094.963, 934.18, -40.7190, -2073.132, 942.341, -40.7190,  127, 64, 0
L -2073.132, 942.341, -40.7190, -2070.223, 943.226, -40.7190,  127, 64, 0
L -2070.223, 943.226, -40.7190, -2032.017, 952.212, -40.7190,  127, 64, 0
L -2032.017, 952.212, -40.7190, -2022.416, 954.174, -40.7190,  127, 64, 0
L -2022.416, 954.174, -40.7190, -2012.909, 955.649, -40.7190,  127, 64, 0
L -2012.909, 955.649, -40.7190, -2003.085, 956.793, -40.7190,  127, 64, 0
L -2003.085, 956.793, -40.7190, -1984.316, 958.98, -40.7190,  127, 64, 0
L -1984.316, 958.98, -40.7190, -1901.234, 955.688, -40.7190,  127, 64, 0
L -1901.234, 955.688, -40.7190, -1891.681, 954.39, -40.7190,  127, 64, 0
L -1891.681, 954.39, -40.7190, -1872.071, 952.158, -40.7190,  127, 64, 0
L -1872.071, 952.158, -40.7190, -1778.109, 936.598, -40.7190,  127, 64, 0
L -1816.212, 942.658, -40.7190, -1778.109, 936.598, -40.7190,  127, 64, 0
L -1778.109, 936.598, -40.7190, -1758.079, 932.704, -40.7190,  127, 64, 0
L -1758.079, 932.704, -40.7190, -1739.99, 928.317, -40.7190,  127, 64, 0
L -1739.99, 928.317, -40.7190, -1730.608, 925.475, -40.7190,  127, 64, 0
L -1730.608, 925.475, -40.7190, -1711.921, 918.855, -40.7190,  127, 64, 0
L -1711.921, 918.855, -40.7190, -1606.658, 876.194, -40.7190,  127, 64, 0
L -1606.658, 876.194, -40.7190, -1588.531, 867.958, -40.7190,  127, 64, 0
L -1588.531, 867.958, -40.7190, -1556.54, 851.901, -40.7190,  127, 64, 0
L -1556.54, 851.901, -40.7190, -1522.123, 833.142, -40.7190,  127, 64, 0
L -1522.123, 833.142, -40.7190, -1511.839, 826.978, -40.7190,  127, 64, 0
L -1511.839, 826.978, -40.7190, -1508.936, 824.962, -40.7190,  127, 64, 0
L -1508.936, 824.962, -40.7190, -1500.966, 819.303, -37.3130,  127, 64, 0
L -1500.966, 819.303, -37.3130, -1498.611, 817.174, -34.9757,  127, 64, 0
L -1498.611, 817.174, -34.9757, -1496.972, 815.787, -33.9427,  127, 64, 0
L -1496.972, 815.787, -33.9427, -1477.004, 797.57, -29.6053,  127, 64, 0
L -1477.004, 797.57, -29.6053, -1470.072, 791.703, -28.9280,  127, 64, 0
L -1470.072, 791.703, -28.9280, -1462.28, 785.762, -25.7913,  127, 64, 0
L -1462.28, 785.762, -25.7913, -1454.261, 779.897, -22.4844,  127, 64, 0
L -1454.261, 779.897, -22.4844, -1438.397, 769.77, -17.9722,  127, 64, 0
L -1438.397, 769.77, -17.9722, -1422.096, 758.202, -13.1132,  127, 64, 0
L -1422.096, 758.202, -13.1132, -1414.401, 753.55, -10.8985,  127, 64, 0
L -1414.401, 753.55, -10.8985, -1405.668, 749.106, -8.5105,  127, 64, 0
L -1405.668, 749.106, -8.5105, -1388.423, 741.196, -5.1242,  127, 64, 0
L -1388.423, 741.196, -5.1242, -1374.47, 735.248, -3.5411,  127, 64, 0
L -1374.47, 735.248, -3.5411, -1322.583, 712.966, 0.3008,  127, 64, 0
L -1322.583, 712.966, 0.3008, -1304.417, 706.105, 0.6061,  127, 64, 0
L -1304.417, 706.105, 0.6061, -1297.712, 704.118, 1.4286,  127, 64, 0
L -1297.712, 704.118, 1.4286, -1295.502, 703.442, 1.7134,  127, 64, 0
L -1295.502, 703.442, 1.7134, -1291.12, 702.541, 2.5082,  127, 64, 0
L -1291.12, 702.541, 2.5082, -1281.44, 701.205, 3.9123,  127, 64, 0
L -1281.44, 701.205, 3.9123, -1271.641, 699.687, 4.8954,  127, 64, 0
L -1271.641, 699.687, 4.8954, -1262.52, 698.715, 5.1302,  127, 64, 0
L -1262.52, 698.715, 5.1302, -1249.33, 698.254, 5.5788,  127, 64, 0
L -1249.33, 698.254, 5.5788, -1227.319, 697.755, 7.4955,  127, 64, 0
L -1227.319, 697.755, 7.4955, -1208.219, 698.1, 7.9546,  127, 64, 0
L -1208.219, 698.1, 7.9546, -1188.542, 699.544, 8.2466,  127, 64, 0
L -1188.542, 699.544, 8.2466, -1179.03, 700.622, 8.3023,  127, 64, 0
L -1179.03, 700.622, 8.3023, -1171.856, 701.817, 8.2195,  127, 64, 0
L -1171.856, 701.817, 8.2195, -1162.444, 703.658, 7.8154,  127, 64, 0
L -1162.444, 703.658, 7.8154, -1139.598, 708.292, 5.7956,  127, 64, 0
L -1139.598, 708.292, 5.7956, -1120.292, 712.376, 3.2587,  127, 64, 0
L -1120.292, 712.376, 3.2587, -1105.614, 715.628, 0.5331,  127, 64, 0
L -1105.614, 715.628, 0.5331, -1096.151, 717.995, -0.7912,  127, 64, 0
L -1096.151, 717.995, -0.7912, -1080.685, 721.986, -3.9565,  127, 64, 0
L -1080.685, 721.986, -3.9565, -1070.154, 725.481, -5.2648,  127, 64, 0
L -1070.154, 725.481, -5.2648, -1067.935, 726.317, -5.4519,  127, 64, 0
L -1067.935, 726.317, -5.4519, -1063.959, 728.528, -5.8865,  127, 64, 0
L -1063.959, 728.528, -5.8865, -1062.517, 728.77, -5.9856,  127, 64, 0
L -1062.517, 728.77, -5.9856, -1058.213, 731.24, -5.9127,  127, 64, 0
L -1058.213, 731.24, -5.9127, -1054.712, 733.722, -5.8476,  127, 64, 0
L -1054.712, 733.722, -5.8476, -1047.604, 740.116, -5.4589,  127, 64, 0
L -1047.604, 740.116, -5.4589, -1037.351, 748.72, -4.9173,  127, 64, 0
L -1037.351, 748.72, -4.9173, -1027.209, 759.201, -3.7349,  127, 64, 0
L -1027.209, 759.201, -3.7349, -1023.456, 763.585, -3.2305,  127, 64, 0
L -1023.456, 763.585, -3.2305, -1017.043, 772.195, -2.4634,  127, 64, 0
L -1017.043, 772.195, -2.4634, -1011.05, 781.425, -1.6934,  127, 64, 0
L -1011.05, 781.425, -1.6934, -1008.637, 787.71, -1.1979,  127, 64, 0
L -1008.637, 787.71, -1.1979, -1000.656, 806.277, -1.3163,  127, 64, 0
L -1000.656, 806.277, -1.3163, -988.854, 840.887, -0.5168,  127, 64, 0
L -988.854, 840.887, -0.5168, -981.477, 865.546, -0.7198,  127, 64, 0
L -981.477, 865.546, -0.7198, -975.166, 888.661, -0.7201,  127, 64, 0
L -975.166, 888.661, -0.7201, -966.162, 935.451, -0.7188,  127, 64, 0
L -966.162, 935.451, -0.7188, -964.207, 953.687, -0.7189,  127, 64, 0
L -964.207, 953.687, -0.7189, -960.13, 1008.887, -0.7082,  127, 64, 0
L -960.13, 1008.887, -0.7082, -956.613, 1056.544, -1.8494,  127, 64, 0
L -956.613, 1056.544, -1.8494, -956.034, 1064.442, -1.8379,  127, 64, 0
L -956.034, 1064.442, -1.8379, -956.463, 1085.971, -2.2934,  127, 64, 0
L -956.463, 1085.971, -2.2934, -961.716, 1133.425, -2.2340,  127, 64, 0
L -961.02, 1127.152, -2.3868, -961.716, 1133.425, -2.2340,  127, 64, 0
L -961.716, 1133.425, -2.2340, -963.639, 1150.771, -1.4456,  127, 64, 0
L -963.639, 1150.771, -1.4456, -963.846, 1152.639, -1.1897,  127, 64, 0
L -963.846, 1152.639, -1.1897, -964.506, 1158.599, -1.6384,  127, 64, 0
L -964.506, 1158.599, -1.6384, -965.687, 1166.788, -1.4838,  127, 64, 0
L -965.687, 1166.788, -1.4838, -969.976, 1182.954, -1.1978,  127, 64, 0
L -969.976, 1182.954, -1.1978, -972.212, 1189.329, -1.8120,  127, 64, 0
L -972.212, 1189.329, -1.8120, -977.238, 1199.759, -0.7206,  127, 64, 0
L -977.238, 1199.759, -0.7206, -992.378, 1223.798, -0.6917,  127, 64, 0
L -992.378, 1223.798, -0.6917, -1006.267, 1243.945, -0.7228,  127, 64, 0
L -1006.267, 1243.945, -0.7228, -1013.54, 1253.132, -0.8878,  127, 64, 0
L -1013.54, 1253.132, -0.8878, -1017.636, 1257.63, -0.9781,  127, 64, 0
L -1017.373, 1257.363, -1.2078, -1031.155, 1273.336, -2.8312,  127, 64, 0
L -1031.155, 1273.336, -2.8312, -1041.333, 1278.167, -4.3403,  127, 64, 0
L -1041.333, 1278.167, -4.3403, -1043.301, 1278.899, -4.5949,  127, 64, 0
L -1043.301, 1278.899, -4.5949, -1044.967, 1279.411, -4.6939,  127, 64, 0
L -1044.967, 1279.411, -4.6939, -1046.438, 1279.788, -4.4513,  127, 64, 0
L -1046.438, 1279.788, -4.4513, -1049.213, 1280.332, -4.1581,  127, 64, 0
L -1049.213, 1280.332, -4.1581, -1050.263, 1279.376, -3.9525,  127, 64, 0
L -1050.263, 1279.376, -3.9525, -1055.16, 1274.524, -1.6704,  127, 64, 0
L -1055.16, 1274.524, -1.6704, -1056.493, 1273.787, -0.7233,  127, 64, 0
L -1056.493, 1273.787, -0.7233, -1057.488, 1271.493, -0.1232,  127, 64, 0
L -1057.488, 1271.493, -0.1232, -1059.621, 1267.558, 1.8401,  127, 64, 0
L -1059.621, 1267.558, 1.8401, -1062.879, 1259.698, 4.9379,  127, 64, 0
L -1062.879, 1259.698, 4.9379, -1065.437, 1250.404, 8.1502,  127, 64, 0
L -1065.437, 1250.404, 8.1502, -1065.879, 1249.237, 8.4425,  127, 64, 0
L -1065.879, 1249.237, 8.4425, -1069.12, 1237.167, 12.3809,  127, 64, 0
L -1069.12, 1237.167, 12.3809, -1070.487, 1232.765, 14.3886,  127, 64, 0
L -1070.487, 1232.765, 14.3886, -1071.082, 1230.982, 15.4898,  127, 64, 0
L -1071.082, 1230.982, 15.4898, -1071.434, 1229.967, 15.9525,  127, 64, 0
L -1071.434, 1229.967, 15.9525, -1072.709, 1226.43, 18.1481,  127, 64, 0
L -1072.709, 1226.43, 18.1481, -1076.289, 1217.304, 22.8197,  127, 64, 0
L -1076.289, 1217.304, 22.8197, -1079.415, 1210.576, 25.8420,  127, 64, 0
L -1079.415, 1210.576, 25.8420, -1080.002, 1207.433, 25.9067,  127, 64, 0
L -1080.002, 1207.433, 25.9067, -1083.197, 1196.553, 30.5304,  127, 64, 0
L -1083.197, 1196.553, 30.5304, -1084.958, 1195.661, 31.6356,  127, 64, 0
L -1084.958, 1195.661, 31.6356, -1086.291, 1195.761, 31.7130,  127, 64, 0
L -1086.291, 1195.761, 31.7130, -1088.925, 1196.124, 31.7712,  127, 64, 0
L -1088.925, 1196.124, 31.7712, -1093.031, 1197.954, 31.5825,  127, 64, 0
L -1093.031, 1197.954, 31.5825, -1096.536, 1198.3, 31.2658,  127, 64, 0
L -1096.536, 1198.3, 31.2658, -1098.039, 1198.987, 30.9297,  127, 64, 0
L -1098.039, 1198.987, 30.9297, -1105.622, 1203.309, 30.3300,  127, 64, 0
L -1105.622, 1203.309, 30.3300, -1105.178, 1204.601, 29.8883,  127, 64, 0
L -1105.178, 1204.601, 29.8883, -1103.334, 1209.874, 27.8421,  127, 64, 0
L -1103.334, 1209.874, 27.8421, -1102.915, 1211.479, 27.7495,  127, 64, 0
L -1102.915, 1211.479, 27.7495, -1101.161, 1215.88, 26.8840,  127, 64, 0
L -1101.161, 1215.88, 26.8840, -1100.632, 1217.306, 25.3051,  127, 64, 0
L -1100.632, 1217.306, 25.3051, -1095.999, 1229.76, 21.5961,  127, 64, 0
L -1095.999, 1229.76, 21.5961, -1094.995, 1232.298, 20.1432,  127, 64, 0
L -1094.995, 1232.298, 20.1432, -1091.277, 1241.411, 16.1756,  127, 64, 0
L -1091.277, 1241.411, 16.1756, -1090.593, 1243.161, 15.7592,  127, 64, 0
L -1090.593, 1243.161, 15.7592, -1088.265, 1249.239, 13.3423,  127, 64, 0
L -1088.265, 1249.239, 13.3423, -1087.613, 1251.371, 12.1990,  127, 64, 0
L -1087.613, 1251.371, 12.1990, -1086.274, 1256.223, 10.3842,  127, 64, 0
L -1086.274, 1256.223, 10.3842, -1085.353, 1257.539, 9.7805,  127, 64, 0
L -1085.353, 1257.539, 9.7805, -1084.876, 1259.304, 8.9237,  127, 64, 0
L -1084.876, 1259.304, 8.9237, -1084.473, 1260.357, 8.2440,  127, 64, 0
L -1084.473, 1260.357, 8.2440, -1084.063, 1261.822, 7.6327,  127, 64, 0
L -1084.063, 1261.822, 7.6327, -1083.676, 1263.476, 7.3494,  127, 64, 0
L -1083.676, 1263.476, 7.3494, -1083.418, 1264.972, 6.9132,  127, 64, 0
L -1083.418, 1264.972, 6.9132, -1082.926, 1270.888, 4.2412,  127, 64, 0
L -1082.926, 1270.888, 4.2412, -1083.463, 1271.65, 4.9550,  127, 64, 0
L -1083.463, 1271.65, 4.9550, -1083.209, 1283.376, -0.3882,  127, 64, 0
L -1083.209, 1283.376, -0.3882, -1083.498, 1285.507, -0.9293,  127, 64, 0
L -1083.498, 1285.507, -0.9293, -1083.951, 1287.377, -2.3650,  127, 64, 0
L -1083.951, 1287.377, -2.3650, -1084.287, 1288.953, -3.2300,  127, 64, 0
L -1084.287, 1288.953, -3.2300, -1084.597, 1290.35, -4.4900,  127, 64, 0
L -1084.597, 1290.35, -4.4900, -1085.041, 1292.223, -5.6816,  127, 64, 0
L -1085.041, 1292.223, -5.6816, -1085.513, 1294.134, -6.1715,  127, 64, 0
L -1085.513, 1294.134, -6.1715, -1085.944, 1295.843, -6.4606,  127, 64, 0
L -1085.944, 1295.843, -6.4606, -1086.945, 1298.998, -7.6783,  127, 64, 0
L -1086.945, 1298.998, -7.6783, -1087.213, 1300.712, -8.6964,  127, 64, 0
L -1087.213, 1300.712, -8.6964, -1088.112, 1302.622, -10.1028,  127, 64, 0
L -1088.112, 1302.622, -10.1028, -1088.246, 1304.201, -10.7036,  127, 64, 0
L -1088.246, 1304.201, -10.7036, -1088.974, 1306.594, -11.1984,  127, 64, 0
L -1088.974, 1306.594, -11.1984, -1089.452, 1308.843, -11.7467,  127, 64, 0
L -1089.452, 1308.843, -11.7467, -1089.959, 1309.566, -12.4768,  127, 64, 0
L -1089.959, 1309.566, -12.4768, -1090.556, 1311.205, -13.5076,  127, 64, 0
L -1090.556, 1311.205, -13.5076, -1091.203, 1312.825, -14.3143,  127, 64, 0
L -1091.203, 1312.825, -14.3143, -1092.721, 1314.257, -14.4603,  127, 64, 0
L -1092.721, 1314.257, -14.4603, -1092.539, 1315.703, -14.8087,  127, 64, 0
L -1092.539, 1315.703, -14.8087, -1093.268, 1317.878, -15.3352,  127, 64, 0
L -1093.268, 1317.878, -15.3352, -1095.261, 1319.721, -16.6840,  127, 64, 0
L -1095.261, 1319.721, -16.6840, -1097.455, 1322.943, -17.1159,  127, 64, 0
L -1097.455, 1322.943, -17.1159, -1099.015, 1326.201, -17.3077,  127, 64, 0
L -1099.015, 1326.201, -17.3077, -1100.556, 1328.344, -17.8210,  127, 64, 0
L -1100.556, 1328.344, -17.8210, -1102.381, 1330.778, -19.5030,  127, 64, 0
L -1102.381, 1330.778, -19.5030, -1115.616, 1348.254, -23.8872,  127, 64, 0
L -1115.616, 1348.254, -23.8872, -1131.036, 1369.893, -29.6956,  127, 64, 0
L -1131.036, 1369.893, -29.6956, -1136.301, 1377.565, -32.3667,  127, 64, 0
L -1136.301, 1377.565, -32.3667, -1170.541, 1427.533, -44.8864,  127, 64, 0
L -1170.541, 1427.533, -44.8864, -1173.521, 1432.981, -45.8322,  127, 64, 0
L -1173.521, 1432.981, -45.8322, -1177.844, 1441.821, -47.5574,  127, 64, 0
L -1177.844, 1441.821, -47.5574, -1194.7, 1476.402, -53.2430,  127, 64, 0
L -1194.7, 1476.402, -53.2430, -1196.141, 1479.727, -53.3772,  127, 64, 0
L -1196.141, 1479.727, -53.3772, -1198.342, 1484.64, -54.3447,  127, 64, 0
L -1198.342, 1484.64, -54.3447, -1198.576, 1487.626, -54.8121,  127, 64, 0
L -1198.576, 1487.626, -54.8121, -1208.317, 1536.542, -56.2561,  127, 64, 0
L -1208.317, 1536.542, -56.2561, -1211.145, 1552.32, -57.7629,  127, 64, 0
L -1211.145, 1552.32, -57.7629, -1211.671, 1555.758, -57.9044,  127, 64, 0
L -1211.671, 1555.758, -57.9044, -1212.583, 1560.684, -58.5084,  127, 64, 0
L -1212.583, 1560.684, -58.5084, -1215.261, 1577.471, -58.1221,  127, 64, 0
L -1215.261, 1577.471, -58.1221, -1215.892, 1582.575, -57.4100,  127, 64, 0
L -1215.892, 1582.575, -57.4100, -1216.314, 1586.354, -57.2214,  127, 64, 0
L -1216.314, 1586.354, -57.2214, -1217.633, 1599.572, -57.5210,  127, 64, 0
L -1217.633, 1599.572, -57.5210, -1218.194, 1607.782, -57.5974,  127, 64, 0
L -1218.194, 1607.782, -57.5974, -1218.707, 1623.604, -58.6512,  127, 64, 0
L -1218.707, 1623.604, -58.6512, -1218.145, 1700.623, -70.1817,  127, 64, 0
L -1218.145, 1700.623, -70.1817, -1216.973, 1721.749, -72.2608,  127, 64, 0
L -1216.973, 1721.749, -72.2608, -1216.475, 1729.831, -72.8355,  127, 64, 0
L -1216.475, 1729.831, -72.8355, -1215.153, 1745.341, -72.5815,  127, 64, 0
L -1215.153, 1745.341, -72.5815, -1211.192, 1775.133, -74.2800,  127, 64, 0
L -1211.192, 1775.133, -74.2800, -1210.715, 1777.91, -74.2202,  127, 64, 0
L -1210.715, 1777.91, -74.2202, -1209.988, 1782.968, -74.9021,  127, 64, 0
L -1209.988, 1782.968, -74.9021, -1210.235, 1783.551, -75.2703,  127, 64, 0
L -1210.235, 1783.551, -75.2703, -1209.238, 1786.416, -75.6162,  127, 64, 0
L -1209.238, 1786.416, -75.6162, -1208.97, 1787.959, -75.9326,  127, 64, 0
L -1208.97, 1787.959, -75.9326, -1206.328, 1804.838, -77.3284,  127, 64, 0
L -1206.328, 1804.838, -77.3284, -1205.061, 1818.6, -78.4780,  127, 64, 0
L -1205.061, 1818.6, -78.4780, -1204.579, 1826.458, -78.4094,  127, 64, 0
L -1204.579, 1826.458, -78.4094, -1204.508, 1827.888, -78.4680,  127, 64, 0
L -1204.508, 1827.888, -78.4680, -1204.022, 1836.641, -78.1963,  127, 64, 0
L -1204.022, 1836.641, -78.1963, -1203.291, 1844.166, -76.2146,  127, 64, 0
L -1203.291, 1844.166, -76.2146, -1203.574, 1848.434, -75.7169,  127, 64, 0
L -1203.574, 1848.434, -75.7169, -1189.955, 1953.734, -75.7086,  127, 64, 0
L -1189.955, 1953.734, -75.7086, -1189.378, 1958.846, -74.7999,  127, 64, 0
L -1189.378, 1958.846, -74.7999, -1188.237, 1973.561, -75.4329,  127, 64, 0
L -1188.237, 1973.561, -75.4329, -1187.684, 1982.893, -76.7290,  127, 64, 0
L -1187.684, 1982.893, -76.7290, -1185.974, 2019.751, -76.4775,  127, 64, 0
L -1185.974, 2019.751, -76.4775, -1184.861, 2034.828, -76.2970,  127, 64, 0
L -1184.861, 2034.828, -76.2970, -1184.305, 2042.815, -75.3365,  127, 64, 0
L -1184.305, 2042.815, -75.3365, -1185.655, 2063.275, -72.5300,  127, 64, 0
L -1185.655, 2063.275, -72.5300, -1185.95, 2074.207, -71.1841,  127, 64, 0
L -1185.95, 2074.207, -71.1841, -1188.249, 2088.239, -68.9000,  127, 64, 0
L -1188.249, 2088.239, -68.9000, -1190.73, 2098.818, -69.5216,  127, 64, 0
L -1190.73, 2098.818, -69.5216, -1191.098, 2100.155, -69.7224,  127, 64, 0
L -1191.098, 2100.155, -69.7224, -1191.492, 2101.53, -70.8540,  127, 64, 0
L -1191.492, 2101.53, -70.8540, -1195.263, 2112.86, -70.3271,  127, 64, 0
L -1195.263, 2112.86, -70.3271, -1199.221, 2122.594, -69.9994,  127, 64, 0
L -1199.221, 2122.594, -69.9994, -1204.716, 2133.41, -69.7111,  127, 64, 0
L -1204.716, 2133.41, -69.7111, -1206.582, 2136.198, -69.4929,  127, 64, 0
L -1206.582, 2136.198, -69.4929, -1212.443, 2145.452, -69.4017,  127, 64, 0
L -1212.443, 2145.452, -69.4017, -1215.7, 2149.828, -69.3114,  127, 64, 0
L -1215.7, 2149.828, -69.3114, -1221.514, 2156.56, -69.1356,  127, 64, 0
L -1221.514, 2156.56, -69.1356, -1225.609, 2160.426, -69.7890,  127, 64, 0
L -1225.609, 2160.426, -69.7890, -1229.386, 2163.359, -69.1029,  127, 64, 0
L -1229.386, 2163.359, -69.1029, -1233.285, 2165.713, -69.1756,  127, 64, 0
L -1233.285, 2165.713, -69.1756, -1235.5, 2166.78, -69.2352,  127, 64, 0
L -1235.5, 2166.78, -69.2352, -1242.133, 2169.581, -69.5108,  127, 64, 0
L -1242.133, 2169.581, -69.5108, -1265.129, 2178.303, -70.6898,  127, 64, 0
L -1265.129, 2178.303, -70.6898, -1283.874, 2188.127, -70.8868,  127, 64, 0
L -1283.874, 2188.127, -70.8868, -1339.397, 2218.585, -69.5951,  127, 64, 0
L -1339.397, 2218.585, -69.5951, -1372.838, 2237.858, -69.9406,  127, 64, 0
L -1372.838, 2237.858, -69.9406, -1381.189, 2242.35, -70.5079,  127, 64, 0
L -1381.189, 2242.35, -70.5079, -1388.538, 2245.848, -70.9522,  127, 64, 0
L -1388.538, 2245.848, -70.9522, -1397.442, 2249.356, -72.3310,  127, 64, 0
L -1397.442, 2249.356, -72.3310, -1404.681, 2251.828, -73.6501,  127, 64, 0
L -1404.681, 2251.828, -73.6501, -1413.919, 2254.66, -75.8495,  127, 64, 0
L -1413.919, 2254.66, -75.8495, -1433.004, 2259.827, -81.4890,  127, 64, 0
L -1433.004, 2259.827, -81.4890, -1442.203, 2262.136, -84.4672,  127, 64, 0
L -1442.203, 2262.136, -84.4672, -1470.564, 2268.565, -95.3050,  127, 64, 0
L -1470.564, 2268.565, -95.3050, -1479.705, 2270.286, -97.5880,  127, 64, 0
L -1479.705, 2270.286, -97.5880, -1489.263, 2271.702, -98.9296,  127, 64, 0
L -1489.263, 2271.702, -98.9296, -1507.385, 2273.443, -102.3445,  127, 64, 0
L -1507.385, 2273.443, -102.3445, -1517.073, 2274.578, -103.8760,  127, 64, 0
L -1517.073, 2274.578, -103.8760, -1545.923, 2275.748, -105.9020,  127, 64, 0
L -1545.923, 2275.748, -105.9020, -1555.713, 2276.102, -106.3040,  127, 64, 0
L -1555.713, 2276.102, -106.3040, -1564.973, 2276.217, -107.2967,  127, 64, 0
L -1564.973, 2276.217, -107.2967, -1576.199, 2275.99, -108.8000,  127, 64, 0
L -1576.199, 2275.99, -108.8000, -1585.484, 2275.393, -108.6120,  127, 64, 0
L -1585.484, 2275.393, -108.6120, -1595.317, 2274.369, -109.1315,  127, 64, 0
L -1595.317, 2274.369, -109.1315, -1604.898, 2273.115, -110.6730,  127, 64, 0
L -1604.898, 2273.115, -110.6730, -1614.627, 2271.624, -110.8002,  127, 64, 0
L -1614.627, 2271.624, -110.8002, -1624.257, 2269.817, -111.8533,  127, 64, 0
L -1624.257, 2269.817, -111.8533, -1631.701, 2268.475, -112.8331,  127, 64, 0
L -1631.701, 2268.475, -112.8331, -1640.925, 2265.483, -114.1347,  127, 64, 0
L -1640.925, 2265.483, -114.1347, -1650.449, 2262.51, -114.1718,  127, 64, 0
L -1650.449, 2262.51, -114.1718, -1658.869, 2259.488, -114.4887,  127, 64, 0
L -1658.869, 2259.488, -114.4887, -1665.707, 2256.373, -114.6058,  127, 64, 0
L -1665.707, 2256.373, -114.6058, -1668.562, 2254.881, -114.7896,  127, 64, 0
L -1668.562, 2254.881, -114.7896, -1673.936, 2251.668, -115.4997,  127, 64, 0
L -1673.936, 2251.668, -115.4997, -1682.734, 2246.339, -115.1587,  127, 64, 0
L -1682.734, 2246.339, -115.1587, -1682.994, 2245.499, -115.1937,  127, 64, 0
L -1682.994, 2245.499, -115.1937, -1691.594, 2239.459, -116.5901,  127, 64, 0
L -1691.594, 2239.459, -116.5901, -1695.366, 2235.283, -116.9462,  127, 64, 0
L -1695.366, 2235.283, -116.9462, -1699.062, 2231.211, -117.4318,  127, 64, 0
L -1699.062, 2231.211, -117.4318, -1700.552, 2229.255, -117.6504,  127, 64, 0
L -1700.552, 2229.255, -117.6504, -1701.598, 2227.696, -117.8605,  127, 64, 0
L -1701.598, 2227.696, -117.8605, -1702.37, 2226.439, -118.2039,  127, 64, 0
L -1702.37, 2226.439, -118.2039, -1703.105, 2225.159, -118.7125,  127, 64, 0
L -1703.105, 2225.159, -118.7125, -1703.932, 2223.623, -119.5314,  127, 64, 0
L -1703.932, 2223.623, -119.5314, -1705.636, 2220.223, -120.2175,  127, 64, 0
L -1705.636, 2220.223, -120.2175, -1710.47, 2211.654, -120.4566,  127, 64, 0
L -1710.47, 2211.654, -120.4566, -1711.963, 2206.979, -121.1544,  127, 64, 0
L -1711.963, 2206.979, -121.1544, -1717.171, 2195.237, -121.3615,  127, 64, 0
L -1717.171, 2195.237, -121.3615, -1724.515, 2179.651, -120.3661,  127, 64, 0
L -1724.515, 2179.651, -120.3661, -1728.29, 2172.383, -119.8341,  127, 64, 0
L -1728.29, 2172.383, -119.8341, -1742.53, 2145.487, -116.6744,  127, 64, 0
L -1742.53, 2145.487, -116.6744, -1750.393, 2128.316, -113.8825,  127, 64, 0
L -1750.393, 2128.316, -113.8825, -1757.017, 2111.347, -110.8884,  127, 64, 0
L -1757.017, 2111.347, -110.8884, -1761.375, 2103.809, -109.9930,  127, 64, 0
L -1761.375, 2103.809, -109.9930, -1763.426, 2099.474, -109.5040,  127, 64, 0
L -1763.426, 2099.474, -109.5040, -1767.237, 2094.508, -108.9304,  127, 64, 0
L -1767.237, 2094.508, -108.9304, -1771.045, 2090.416, -108.4847,  127, 64, 0
L -1771.045, 2090.416, -108.4847, -1776.323, 2085.514, -107.9727,  127, 64, 0
L -1776.323, 2085.514, -107.9727, -1788.385, 2075.668, -106.4385,  127, 64, 0
L -1788.385, 2075.668, -106.4385, -1803.228, 2064.887, -104.5658,  127, 64, 0
L -1803.228, 2064.887, -104.5658, -1809.092, 2061.178, -103.9552,  127, 64, 0
L -1809.092, 2061.178, -103.9552, -1813.183, 2058.532, -103.5747,  127, 64, 0
L -1813.183, 2058.532, -103.5747, -1818.117, 2055.805, -103.1619,  127, 64, 0
L -1818.117, 2055.805, -103.1619, -1826.475, 2051.608, -102.4222,  127, 64, 0
L -1826.475, 2051.608, -102.4222, -1831.316, 2049.624, -101.8419,  127, 64, 0
L -1831.316, 2049.624, -101.8419, -1852.666, 2042.944, -99.6971,  127, 64, 0
L -1852.666, 2042.944, -99.6971, -1870.847, 2038.103, -98.6343,  127, 64, 0
L -1870.847, 2038.103, -98.6343, -1922.859, 2024.326, -93.1269,  127, 64, 0
L -1922.859, 2024.326, -93.1269, -1941.147, 2020.204, -91.2968,  127, 64, 0
L -1941.147, 2020.204, -91.2968, -1991.031, 2010.712, -87.9350,  127, 64, 0
L -1991.031, 2010.712, -87.9350, -2000.915, 2008.6, -86.3730,  127, 64, 0
L -2000.915, 2008.6, -86.3730, -2010.196, 2006.534, -85.5561,  127, 64, 0
L -2010.196, 2006.534, -85.5561, -2019.237, 2003.186, -84.3406,  127, 64, 0
L -2019.237, 2003.186, -84.3406, -2023.187, 2001.743, -83.6290,  127, 64, 0
L -2023.187, 2001.743, -83.6290, -2028.381, 1999.555, -82.6323,  127, 64, 0
L -2028.381, 1999.555, -82.6323, -2032.226, 1997.749, -81.9312,  127, 64, 0
L -2032.226, 1997.749, -81.9312, -2035.158, 1996.335, -81.3838,  127, 64, 0
L -2035.158, 1996.335, -81.3838, -2037.942, 1994.163, -80.8113,  127, 64, 0
L -2037.942, 1994.163, -80.8113, -2045.689, 1988.692, -80.2639,  127, 64, 0
L -2045.689, 1988.692, -80.2639, -2048.544, 1986.391, -80.3123,  127, 64, 0
L -2048.544, 1986.391, -80.3123, -2051.002, 1984.175, -80.3781,  127, 64, 0
L -2051.002, 1984.175, -80.3781, -2058.316, 1977.388, -81.2730,  127, 64, 0
L -2058.316, 1977.388, -81.2730, -2065.314, 1971.119, -83.6560,  127, 64, 0
L -2065.314, 1971.119, -83.6560, -2072.92, 1964.664, -84.6504,  127, 64, 0
L -2072.92, 1964.664, -84.6504, -2088.46, 1951.795, -86.1046,  127, 64, 0
L -2088.46, 1951.795, -86.1046, -2092.88, 1948.9, -86.5164,  127, 64, 0
L -2092.88, 1948.9, -86.5164, -2107.575, 1934.447, -86.3292,  127, 64, 0
L -2107.575, 1934.447, -86.3292, -2114.505, 1927.583, -86.3475,  127, 64, 0
L -2114.505, 1927.583, -86.3475, -2121.179, 1920.654, -86.6077,  127, 64, 0
L -2121.179, 1920.654, -86.6077, -2129.43, 1911.708, -86.6157,  127, 64, 0
L -2129.43, 1911.708, -86.6157, -2136.455, 1903.352, -86.5741,  127, 64, 0
L -2136.455, 1903.352, -86.5741, -2145.605, 1891.26, -86.5288,  127, 64, 0
L -2145.605, 1891.26, -86.5288, -2151.26, 1882.245, -86.5108,  127, 64, 0
L -2151.26, 1882.245, -86.5108, -2157.875, 1868.158, -86.5076,  127, 64, 0
L -2157.875, 1868.158, -86.5076, -2163.551, 1851.101, -86.1507,  127, 64, 0
L -2163.551, 1851.101, -86.1507, -2167.166, 1834.217, -85.9164,  127, 64, 0
L -2167.166, 1834.217, -85.9164, -2167.611, 1831.344, -85.8538,  127, 64, 0
L -2167.611, 1831.344, -85.8538, -2168.464, 1824.327, -84.9117,  127, 64, 0
L -2168.464, 1824.327, -84.9117, -2169.584, 1809.916, -80.9056,  127, 64, 0
L -2169.584, 1809.916, -80.9056, -2170.683, 1788.107, -69.7681,  127, 64, 0
L -2170.683, 1788.107, -69.7681, -2171.172, 1769.853, -61.6993,  127, 64, 0
L -2171.172, 1769.853, -61.6993, -2171.227, 1768.333, -61.2081,  127, 64, 0
L -2171.227, 1768.333, -61.2081, -2172.005, 1753.708, -55.4710,  127, 64, 0
L -2172.005, 1753.708, -55.4710, -2172.325, 1741.951, -48.6959,  127, 64, 0
L -2172.325, 1741.951, -48.6959, -2172.882, 1730.553, -41.2362,  127, 64, 0
L -2172.882, 1730.553, -41.2362, -2173.357, 1720.896, -34.9850,  127, 64, 0
L -2173.357, 1720.896, -34.9850, -2173.898, 1713.172, -28.7848,  127, 64, 0
L -2173.898, 1713.172, -28.7848, -2174.623, 1705.644, -25.6500,  127, 64, 0
L -2174.623, 1705.644, -25.6500, -2175.706, 1692.839, -19.9262,  127, 64, 0
L -2175.706, 1692.839, -19.9262, -2176.46, 1690.296, -19.1162,  127, 64, 0
L -2176.46, 1690.296, -19.1162, -2175.315, 1651.347, -0.7380,  127, 64, 0
L -2175.315, 1651.347, -0.7380, -2174.557, 1643.24, 3.9802,  127, 64, 0
L -2174.557, 1643.24, 3.9802, -2173.361, 1636.182, 7.3654,  127, 64, 0
L -2173.361, 1636.182, 7.3654, -2172.978, 1634.479, 7.9954,  127, 64, 0
L -2172.978, 1634.479, 7.9954, -2172.234, 1631.715, 9.4350,  127, 64, 0
L -2172.234, 1631.715, 9.4350, -2171.945, 1630.183, 10.8300,  127, 64, 0
L -2171.945, 1630.183, 10.8300, -2170.628, 1627.304, 11.6614,  127, 64, 0
L -2170.628, 1627.304, 11.6614, -2168.55, 1623.943, 14.4751,  127, 64, 0
L -2168.55, 1623.943, 14.4751, -2166.47, 1619.701, 16.6220,  127, 64, 0
L -2166.47, 1619.701, 16.6220, -2165.138, 1617.851, 17.5300,  127, 64, 0
L -2165.138, 1617.851, 17.5300, -2164.2, 1616.656, 18.7763,  127, 64, 0
L -2164.2, 1616.656, 18.7763, -2163.131, 1615.394, 19.5634,  127, 64, 0
L -2163.131, 1615.394, 19.5634, -2160.032, 1612.438, 22.1465,  127, 64, 0
L -2160.032, 1612.438, 22.1465, -2157.98, 1609.981, 24.2299,  127, 64, 0
L -2157.98, 1609.981, 24.2299, -2144.139, 1596.287, 35.2111,  127, 64, 0
L -2144.139, 1596.287, 35.2111, -2137.276, 1589.286, 39.8517,  127, 64, 0
L -2137.276, 1589.286, 39.8517, -2134.678, 1586.758, 42.3436,  127, 64, 0
L -2134.678, 1586.758, 42.3436, -2133.486, 1585.674, 43.7593,  127, 64, 0
L -2133.486, 1585.674, 43.7593, -2130.995, 1583.786, 45.4110,  127, 64, 0
L -2130.995, 1583.786, 45.4110, -2128.212, 1582.176, 47.3228,  127, 64, 0
L -2128.212, 1582.176, 47.3228, -2121.909, 1579.757, 51.4020,  127, 64, 0
L -2121.909, 1579.757, 51.4020, -2120.159, 1578.399, 52.9660,  127, 64, 0
L -2120.159, 1578.399, 52.9660, -2118.527, 1577.955, 52.7606,  127, 64, 0
L -2118.527, 1577.955, 52.7606, -2116.908, 1577.782, 53.4820,  127, 64, 0
L -2116.908, 1577.782, 53.4820, -2115.089, 1577.458, 54.1766,  127, 64, 0
L -2115.089, 1577.458, 54.1766, -2113.301, 1574.504, 54.4585,  127, 64, 0
L -2113.301, 1574.504, 54.4585, -2112.734, 1572.526, 54.5630,  127, 64, 0
L -2112.734, 1572.526, 54.5630, -2112.238, 1570.736, 54.7483,  127, 64, 0
L -2112.238, 1570.736, 54.7483, -2111.724, 1568.841, 55.2387,  127, 64, 0
L -2111.724, 1568.841, 55.2387, -2111.841, 1567.62, 55.4356,  127, 64, 0
L -2111.841, 1567.62, 55.4356, -2112.338, 1564.438, 55.6347,  127, 64, 0
L -2112.338, 1564.438, 55.6347, -2113.081, 1562.873, 55.6066,  127, 64, 0
L -2113.081, 1562.873, 55.6066, -2113.982, 1561.26, 55.5390,  127, 64, 0
L -2113.982, 1561.26, 55.5390, -2115.132, 1559.879, 55.4778,  127, 64, 0
L -2115.132, 1559.879, 55.4778, -2116.507, 1558.555, 55.5437,  127, 64, 0
L -2116.507, 1558.555, 55.5437, -2120.653, 1556.856, 55.4637,  127, 64, 0
L -2120.653, 1556.856, 55.4637, -2121.469, 1555.121, 55.3323,  127, 64, 0
L -2121.469, 1555.121, 55.3323, -2122.983, 1554.485, 55.1751,  127, 64, 0
L -2122.983, 1554.485, 55.1751, -2124.874, 1553.909, 54.7668,  127, 64, 0
L -2124.874, 1553.909, 54.7668, -2126.615, 1553.707, 54.4724,  127, 64, 0
L -2126.615, 1553.707, 54.4724, -2128.601, 1553.594, 54.3670,  127, 64, 0
L -2128.601, 1553.594, 54.3670, -2132.878, 1553.976, 52.6189,  127, 64, 0
L -2132.878, 1553.976, 52.6189, -2134.909, 1554.45, 52.1713,  127, 64, 0
L -2134.909, 1554.45, 52.1713, -2136.32, 1555.127, 51.4465,  127, 64, 0
L -2136.32, 1555.127, 51.4465, -2138.033, 1555.842, 50.7976,  127, 64, 0
L -2138.033, 1555.842, 50.7976, -2142.177, 1558.371, 48.9031,  127, 64, 0
L -2142.177, 1558.371, 48.9031, -2147.465, 1561.985, 45.2708,  127, 64, 0
L -2147.465, 1561.985, 45.2708, -2149.05, 1563.197, 44.3457,  127, 64, 0
L -2149.05, 1563.197, 44.3457, -2150.471, 1564.378, 42.9116,  127, 64, 0
L -2150.471, 1564.378, 42.9116, -2153.134, 1566.849, 41.5110,  127, 64, 0
L -2153.134, 1566.849, 41.5110, -2157.261, 1571.64, 38.4799,  127, 64, 0
L -2157.261, 1571.64, 38.4799, -2164.005, 1578.269, 33.9457,  127, 64, 0
L -2164.005, 1578.269, 33.9457, -2165.423, 1579.478, 33.1100,  127, 64, 0
L -2165.423, 1579.478, 33.1100, -2171.28, 1589.158, 28.6017,  127, 64, 0
L -2171.28, 1589.158, 28.6017, -2178.606, 1598.579, 23.2097,  127, 64, 0
L -2178.606, 1598.579, 23.2097, -2183.909, 1607.51, 19.2320,  127, 64, 0
L -2183.909, 1607.51, 19.2320, -2185.594, 1609.476, 18.2602,  127, 64, 0
L -2185.594, 1609.476, 18.2602, -2186.401, 1610.69, 17.5425,  127, 64, 0
L -2186.401, 1610.69, 17.5425, -2190.185, 1616.645, 15.1387,  127, 64, 0
L -2190.185, 1616.645, 15.1387, -2191.292, 1618.536, 14.1677,  127, 64, 0
L -2191.292, 1618.536, 14.1677, -2192.08, 1619.941, 13.2609,  127, 64, 0
L -2192.08, 1619.941, 13.2609, -2193.122, 1621.243, 13.1318,  127, 64, 0
L -2193.122, 1621.243, 13.1318, -2193.483, 1622.639, 12.8077,  127, 64, 0
L -2193.483, 1622.639, 12.8077, -2194.088, 1623.886, 12.3703,  127, 64, 0
L -2194.088, 1623.886, 12.3703, -2194.679, 1625.188, 11.7675,  127, 64, 0
L -2194.679, 1625.188, 11.7675, -2195.241, 1626.553, 10.9884,  127, 64, 0
L -2195.241, 1626.553, 10.9884, -2195.689, 1627.769, 10.1805,  127, 64, 0
L -2195.689, 1627.769, 10.1805, -2196.145, 1629.125, 9.6591,  127, 64, 0
L -2196.145, 1629.125, 9.6591, -2196.542, 1630.406, 9.4818,  127, 64, 0
L -2196.542, 1630.406, 9.4818, -2196.93, 1631.783, 9.1387,  127, 64, 0
L -2196.93, 1631.783, 9.1387, -2197.327, 1633.389, 8.5413,  127, 64, 0
L -2197.327, 1633.389, 8.5413, -2197.722, 1635.316, 7.5824,  127, 64, 0
L -2197.722, 1635.316, 7.5824, -2198.453, 1640.63, 4.1994,  127, 64, 0
L -2198.453, 1640.63, 4.1994, -2198.566, 1642.184, 3.9773,  127, 64, 0
L -2198.566, 1642.184, 3.9773, -2198.074, 1666.83, -8.4720,  127, 64, 0
L -2198.074, 1666.83, -8.4720, -2197.989, 1668.221, -8.8454,  127, 64, 0
L -2197.989, 1668.221, -8.8454, -2197.512, 1676.891, -14.7051,  127, 64, 0
L -2197.512, 1676.891, -14.7051, -2196.952, 1695.513, -22.1957,  127, 64, 0
L -2196.952, 1695.513, -22.1957, -2196.925, 1697.381, -23.3548,  127, 64, 0
L -2196.925, 1697.381, -23.3548, -2196.437, 1805.258, -76.3725,  127, 64, 0
L -2196.437, 1805.258, -76.3725, -2196.397, 1806.866, -77.3295,  127, 64, 0
L -2196.397, 1806.866, -77.3295, -2195.86, 1822.738, -81.3519,  127, 64, 0
L -2195.86, 1822.738, -81.3519, -2195.382, 1831.583, -83.1800,  127, 64, 0
L -2195.382, 1831.583, -83.1800, -2195.258, 1833.144, -83.1632,  127, 64, 0
L -2195.258, 1833.144, -83.1632, -2194.999, 1837.995, -84.1115,  127, 64, 0
L -2194.999, 1837.995, -84.1115, -2190.032, 1873.2, -85.3987,  127, 64, 0
L -2190.032, 1873.2, -85.3987, -2182.548, 1909.621, -85.8556,  127, 64, 0
L -2184.363, 1901.18, -85.7883, -2182.548, 1909.621, -85.8556,  127, 64, 0
L -2182.548, 1909.621, -85.8556, -2181.92, 1913.869, -85.8406,  127, 64, 0
L -2181.92, 1913.869, -85.8406, -2181.383, 1922.302, -85.7599,  127, 64, 0
L -2181.383, 1922.302, -85.7599, -2181.867, 1946.807, -84.7827,  127, 64, 0
L -2181.867, 1946.807, -84.7827, -2183.649, 1981.296, -78.6200,  127, 64, 0
L -2183.649, 1981.296, -78.6200, -2184.264, 1988.338, -76.5233,  127, 64, 0
L -2184.264, 1988.338, -76.5233, -2184.942, 1993.368, -75.7216,  127, 64, 0
L -2184.942, 1993.368, -75.7216, -2187.01, 2012.226, -75.7193,  127, 64, 0
L -2187.01, 2012.226, -75.7193, -2187.347, 2016.976, -75.4407,  127, 64, 0
L -2187.347, 2016.976, -75.4407, -2190.38, 2041.978, -75.3495,  127, 64, 0
L -2190.38, 2041.978, -75.3495, -2192.063, 2054.391, -75.7190,  127, 64, 0
L -2192.063, 2054.391, -75.7190, -2192.507, 2057.671, -75.1423,  127, 64, 0
L -2192.507, 2057.671, -75.1423, -2193.396, 2064.414, -72.2976,  127, 64, 0
L -2193.396, 2064.414, -72.2976, -2194.593, 2074.946, -71.9860,  127, 64, 0
L -2194.593, 2074.946, -71.9860, -2195.081, 2079.315, -70.3293,  127, 64, 0
L -2195.081, 2079.315, -70.3293, -2196.002, 2086.444, -69.4445,  127, 64, 0
L -2196.002, 2086.444, -69.4445, -2196.452, 2089.813, -68.8136,  127, 64, 0
L -2196.452, 2089.813, -68.8136, -2198.342, 2103.374, -64.8648,  127, 64, 0
L -2198.342, 2103.374, -64.8648, -2199.024, 2106.84, -63.9716,  127, 64, 0
L -2199.024, 2106.84, -63.9716, -2200.495, 2111.998, -62.6388,  127, 64, 0
L -2200.495, 2111.998, -62.6388, -2202.464, 2115.419, -61.2852,  127, 64, 0
L -2202.464, 2115.419, -61.2852, -2203.96, 2119.84, -59.1353,  127, 64, 0
L -2203.96, 2119.84, -59.1353, -2208.3, 2127.727, -54.9808,  127, 64, 0
L -2208.3, 2127.727, -54.9808, -2209.652, 2130.756, -53.5966,  127, 64, 0
L -2209.652, 2130.756, -53.5966, -2216.707, 2139.821, -47.8344,  127, 64, 0
L -2216.707, 2139.821, -47.8344, -2229.895, 2164.14, -33.1681,  127, 64, 0
L -2229.895, 2164.14, -33.1681, -2233.34, 2169.742, -29.3592,  127, 64, 0
L -2233.34, 2169.742, -29.3592, -2239.569, 2179.135, -23.3227,  127, 64, 0
L -2239.569, 2179.135, -23.3227, -2244.872, 2186.998, -17.6437,  127, 64, 0
L -2244.872, 2186.998, -17.6437, -2248.235, 2191.493, -16.5557,  127, 64, 0
L -2248.235, 2191.493, -16.5557, -2250.642, 2194.854, -14.3208,  127, 64, 0
L -2250.642, 2194.854, -14.3208, -2260.437, 2206.896, -6.1410,  127, 64, 0
L -2260.437, 2206.896, -6.1410, -2265.699, 2212.987, -3.1078,  127, 64, 0
L -2265.699, 2212.987, -3.1078, -2266.669, 2214.398, -2.7833,  127, 64, 0
L -2266.669, 2214.398, -2.7833, -2270.904, 2218.404, -1.7697,  127, 64, 0
L -2270.904, 2218.404, -1.7697, -2274.675, 2221.762, -1.4054,  127, 64, 0
L -2274.675, 2221.762, -1.4054, -2277.088, 2223.533, -1.2055,  127, 64, 0
L -2277.088, 2223.533, -1.2055, -2279.599, 2224.985, -0.9781,  127, 64, 0
L -2279.599, 2224.985, -0.9781, -2282.55, 2226.255, -0.8319,  127, 64, 0
L -2282.55, 2226.255, -0.8319, -2285.968, 2227.29, -0.7191,  127, 64, 0
L -2285.968, 2227.29, -0.7191, -2291.498, 2228.341, -0.7191,  127, 64, 0
L -2291.498, 2228.341, -0.7191, -2293.275, 2228.536, -0.7191,  127, 64, 0
L -2293.275, 2228.536, -0.7191, -2298.006, 2228.777, -0.7191,  127, 64, 0
L -2298.006, 2228.777, -0.7191, -2317.002, 2228.201, -0.7191,  127, 64, 0
L -2317.002, 2228.201, -0.7191, -2345.85, 2226.65, -0.7191,  127, 64, 0
L -2345.85, 2226.65, -0.7191, -2365.078, 2226.299, -0.7191,  127, 64, 0
L -2365.078, 2226.299, -0.7191, -2374.425, 2226.46, -0.9799,  127, 64, 0
L -2374.425, 2226.46, -0.9799, -2383.891, 2226.992, -0.7191,  127, 64, 0
L -2383.891, 2226.992, -0.7191, -2402.342, 2228.512, -0.7191,  127, 64, 0
L -2402.342, 2228.512, -0.7191, -2411.957, 2229.802, -0.7191,  127, 64, 0
L -2411.957, 2229.802, -0.7191, -2418.397, 2231.103, -0.7191,  127, 64, 0
L -2418.397, 2231.103, -0.7191, -2427.836, 2233.722, -0.7191,  127, 64, 0
L -2427.836, 2233.722, -0.7191, -2435.357, 2236.193, -0.7191,  127, 64, 0
L -2435.357, 2236.193, -0.7191, -2441.214, 2238.407, -0.7191,  127, 64, 0
L -2441.214, 2238.407, -0.7191, -2486.035, 2258.247, -0.6715,  127, 64, 0
L -2486.035, 2258.247, -0.6715, -2495.05, 2262.479, -0.6491,  127, 64, 0
L -2495.05, 2262.479, -0.6491, -2503.849, 2266.463, -0.5372,  127, 64, 0
L -2503.849, 2266.463, -0.5372, -2508.443, 2267.791, -0.4620,  127, 64, 0
L -2508.443, 2267.791, -0.4620, -2512.666, 2268.526, -0.3108,  127, 64, 0
L -2512.666, 2268.526, -0.3108, -2517.698, 2268.946, -0.1301,  127, 64, 0
L -2517.698, 2268.946, -0.1301, -2520.071, 2268.756, -0.2300,  127, 64, 0
L -2520.071, 2268.756, -0.2300, -2525.023, 2259.962, 0.8848,  127, 64, 0
L -2525.023, 2259.962, 0.8848, -2526.876, 2256.139, 1.2436,  127, 64, 0
L -2526.876, 2256.139, 1.2436, -2527.435, 2254.869, 1.4978,  127, 64, 0
L -2527.435, 2254.869, 1.4978, -2528.642, 2252.275, 2.3193,  127, 64, 0
L -2528.642, 2252.275, 2.3193, -2532.395, 2243.445, 5.7460,  127, 64, 0
L -2532.395, 2243.445, 5.7460, -2534.182, 2234.371, 7.9969,  127, 64, 0
L -2534.182, 2234.371, 7.9969, -2534.538, 2232.891, 8.6133,  127, 64, 0
L -2534.538, 2232.891, 8.6133, -2536.294, 2224.526, 11.1329,  127, 64, 0
L -2536.294, 2224.526, 11.1329, -2536.966, 2220.554, 12.9304,  127, 64, 0
L -2536.966, 2220.554, 12.9304, -2539.696, 2203.561, 21.6995,  127, 64, 0
L -2539.696, 2203.561, 21.6995, -2539.316, 2196.818, 24.3453,  127, 64, 0
L -2539.316, 2196.818, 24.3453, -2539.405, 2195.254, 25.1112,  127, 64, 0
L -2539.405, 2195.254, 25.1112, -2538.947, 2155.493, 46.5985,  127, 64, 0
L -2538.947, 2155.493, 46.5985, -2536.951, 2140.996, 53.4896,  127, 64, 0
L -2536.951, 2140.996, 53.4896, -2536.011, 2135.163, 56.5298,  127, 64, 0
L -2536.011, 2135.163, 56.5298, -2535.626, 2132.776, 57.5929,  127, 64, 0
L -2535.626, 2132.776, 57.5929, -2535.362, 2131.141, 58.4476,  127, 64, 0
L -2535.362, 2131.141, 58.4476, -2534.645, 2126.224, 60.6848,  127, 64, 0
L -2534.645, 2126.224, 60.6848, -2534.01, 2121.205, 62.3586,  127, 64, 0
L -2534.01, 2121.205, 62.3586, -2534.022, 2113.959, 67.3188,  127, 64, 0
L -2534.022, 2113.959, 67.3188, -2535.538, 2114.702, 67.8620,  127, 64, 0
L -2535.538, 2114.702, 67.8620, -2545.007, 2115.866, 64.5370,  127, 64, 0
L -2545.007, 2115.866, 64.5370, -2546.373, 2115.317, 63.9391,  127, 64, 0
L -2546.373, 2115.317, 63.9391, -2557.495, 2117.238, 62.3430,  127, 64, 0
L -2557.495, 2117.238, 62.3430, -2557.349, 2118.706, 61.8532,  127, 64, 0
L -2557.349, 2118.706, 61.8532, -2556.249, 2129.994, 59.3265,  127, 64, 0
L -2556.249, 2129.994, 59.3265, -2556.117, 2131.464, 58.8684,  127, 64, 0
L -2556.117, 2131.464, 58.8684, -2555.646, 2136.907, 57.8845,  127, 64, 0
L -2555.646, 2136.907, 57.8845, -2555.494, 2137.469, 57.4298,  127, 64, 0
L -2555.494, 2137.469, 57.4298, -2555.051, 2141.695, 55.6871,  127, 64, 0
L -2555.051, 2141.695, 55.6871, -2554.929, 2143.165, 55.4709,  127, 64, 0
L -2554.929, 2143.165, 55.4709, -2555.417, 2170.54, 43.3070,  127, 64, 0
L -2555.417, 2170.54, 43.3070, -2555.979, 2181.585, 37.7015,  127, 64, 0
L -2555.979, 2181.585, 37.7015, -2556.074, 2183.543, 36.5561,  127, 64, 0
L -2556.074, 2183.543, 36.5561, -2556.555, 2194.609, 28.7350,  127, 64, 0
L -2556.555, 2194.609, 28.7350, -2556.627, 2196.582, 27.4840,  127, 64, 0
L -2556.627, 2196.582, 27.4840, -2556.186, 2247.495, 7.2060,  127, 64, 0
L -2556.186, 2247.495, 7.2060, -2556.024, 2249.142, 6.9440,  127, 64, 0
L -2556.024, 2249.142, 6.9440, -2555.337, 2255.275, 5.4637,  127, 64, 0
L -2555.337, 2255.275, 5.4637, -2554.937, 2258.652, 4.5278,  127, 64, 0
L -2554.937, 2258.652, 4.5278, -2554.715, 2259.569, 4.3910,  127, 64, 0
L -2554.715, 2259.569, 4.3910, -2554.245, 2262.711, 3.5259,  127, 64, 0
L -2554.245, 2262.711, 3.5259, -2553.967, 2264.388, 2.8561,  127, 64, 0
L -2553.967, 2264.388, 2.8561, -2553.569, 2266.497, 2.6147,  127, 64, 0
L -2553.569, 2266.497, 2.6147, -2553.237, 2268.119, 2.1789,  127, 64, 0
L -2553.237, 2268.119, 2.1789, -2551.54, 2276.127, 0.7751,  127, 64, 0
L -2551.54, 2276.127, 0.7751, -2551.204, 2277.61, 0.6382,  127, 64, 0
L -2551.204, 2277.61, 0.6382, -2550.389, 2280.958, -0.8000,  127, 64, 0
L -2550.389, 2280.958, -0.8000, -2542.927, 2311.102, -0.7063,  127, 64, 0
L -2542.927, 2311.102, -0.7063, -2542.006, 2315.328, -0.7078,  127, 64, 0
L -2542.006, 2315.328, -0.7078, -2542.338, 2317.194, -0.7085,  127, 64, 0
L -2542.338, 2317.194, -0.7085, -2541.38, 2366.98, -0.7191,  127, 64, 0
L -2541.38, 2366.98, -0.7191, -2538.393, 2384.569, -0.7191,  127, 64, 0
L -2538.393, 2384.569, -0.7191, -2534.157, 2399.314, -0.7191,  127, 64, 0
L -2534.157, 2399.314, -0.7191, -2527.275, 2416.984, -0.7189,  127, 64, 0
L -2527.275, 2416.984, -0.7189, -2523.504, 2424.297, -0.7145,  127, 64, 0
L -2523.504, 2424.297, -0.7145, -2521.871, 2426.968, 0.3387,  127, 64, 0
L -2521.871, 2426.968, 0.3387, -2520.658, 2428.319, 0.2916,  127, 64, 0
L -2520.658, 2428.319, 0.2916, -2519.57, 2429.324, 0.1705,  127, 64, 0
L -2519.57, 2429.324, 0.1705, -2518.433, 2430.298, -0.6550,  127, 64, 0
L -2518.433, 2430.298, -0.6550, -2517.121, 2431.533, -0.8980,  127, 64, 0
L -2517.121, 2431.533, -0.8980, -2514.913, 2434.581, -0.4910,  127, 64, 0
L -2514.913, 2434.581, -0.4910, -2504.53, 2443.11, -0.2479,  127, 64, 0
L -2504.53, 2443.11, -0.2479, -2502.671, 2445.696, -0.2251,  127, 64, 0
L -2502.671, 2445.696, -0.2251, -2500.854, 2448.675, -0.1195,  127, 64, 0
L -2500.854, 2448.675, -0.1195, -2500.115, 2450.39, 0.1067,  127, 64, 0
L -2500.115, 2450.39, 0.1067, -2499.249, 2451.671, 0.7773,  127, 64, 0
L -2499.249, 2451.671, 0.7773, -2498.497, 2452.997, 0.9718,  127, 64, 0
L -2498.497, 2452.997, 0.9718, -2497.524, 2454.219, 0.7502,  127, 64, 0
L -2497.524, 2454.219, 0.7502, -2496.631, 2455.627, 0.3027,  127, 64, 0
L -2496.631, 2455.627, 0.3027, -2495.844, 2457.136, -0.3668,  127, 64, 0
L -2495.844, 2457.136, -0.3668, -2495.173, 2458.55, -0.5120,  127, 64, 0
L -2495.173, 2458.55, -0.5120, -2494.2, 2460.223, -0.6040,  127, 64, 0
L -2494.2, 2460.223, -0.6040, -2493.398, 2461.874, 0.2013,  127, 64, 0
L -2493.398, 2461.874, 0.2013, -2492.628, 2463.199, 1.3165,  127, 64, 0
L -2492.628, 2463.199, 1.3165, -2492.543, 2464.896, 2.3856,  127, 64, 0
L -2492.543, 2464.896, 2.3856, -2490.56, 2467.862, 4.6178,  127, 64, 0
L -2490.56, 2467.862, 4.6178, -2489.572, 2469.49, 4.4090,  127, 64, 0
L -2489.572, 2469.49, 4.4090, -2488.682, 2470.676, 4.7960,  127, 64, 0
L -2488.682, 2470.676, 4.7960, -2487.268, 2472.486, 3.2534,  127, 64, 0
L -2487.268, 2472.486, 3.2534, -2486.349, 2473.602, 2.5594,  127, 64, 0
L -2486.349, 2473.602, 2.5594, -2479.967, 2481.162, 2.2410,  127, 64, 0
L -2479.967, 2481.162, 2.2410, -2474.564, 2487.675, 0.5877,  127, 64, 0
L -2474.564, 2487.675, 0.5877, -2474.555, 2489.274, 0.8260,  127, 64, 0
L -2474.555, 2489.274, 0.8260, -2472.501, 2492.389, -0.4908,  127, 64, 0
L -2472.501, 2492.389, -0.4908, -2471.731, 2494.156, -0.6802,  127, 64, 0
L -2471.731, 2494.156, -0.6802, -2471.113, 2495.601, -0.8252,  127, 64, 0
L -2471.113, 2495.601, -0.8252, -2470.145, 2498.39, -0.7318,  127, 64, 0
L -2470.145, 2498.39, -0.7318, -2469.577, 2499.804, -0.5069,  127, 64, 0
L -2469.577, 2499.804, -0.5069, -2468.203, 2503.452, -0.1346,  127, 64, 0
L -2468.203, 2503.452, -0.1346, -2466.691, 2506.578, 0.2933,  127, 64, 0
L -2466.691, 2506.578, 0.2933, -2466.015, 2507.915, 0.5205,  127, 64, 0
L -2466.015, 2507.915, 0.5205, -2465.031, 2509.487, 1.1812,  127, 64, 0
L -2465.031, 2509.487, 1.1812, -2463.642, 2511.731, 2.6196,  127, 64, 0
L -2463.642, 2511.731, 2.6196, -2463.335, 2512.433, 3.2606,  127, 64, 0
L -2463.335, 2512.433, 3.2606, -2462.735, 2514.745, 3.1118,  127, 64, 0
L -2462.735, 2514.745, 3.1118, -2461.23, 2518.193, 2.1501,  127, 64, 0
L -2461.23, 2518.193, 2.1501, -2461.594, 2519.615, 1.4880,  127, 64, 0
L -2461.594, 2519.615, 1.4880, -2460.401, 2521.425, 0.4215,  127, 64, 0
L -2460.401, 2521.425, 0.4215, -2460.073, 2523.846, -0.1189,  127, 64, 0
L -2460.073, 2523.846, -0.1189, -2460.143, 2524.71, -0.3906,  127, 64, 0
L -2460.143, 2524.71, -0.3906, -2459.251, 2526.207, -0.7820,  127, 64, 0
L -2459.251, 2526.207, -0.7820, -2458.015, 2531.352, -0.5790,  127, 64, 0
L -2459.161, 2527.941, -0.7225, -2458.015, 2531.352, -0.5790,  127, 64, 0
L -2458.015, 2531.352, -0.5790, -2456.049, 2535.719, -0.5584,  127, 64, 0
L -2456.049, 2535.719, -0.5584, -2452.247, 2543.43, -0.1163,  127, 64, 0
L -2452.247, 2543.43, -0.1163, -2452.653, 2545.868, 0.1300,  127, 64, 0
L -2452.653, 2545.868, 0.1300, -2450.238, 2556.788, -0.1238,  127, 64, 0
L -2450.238, 2556.788, -0.1238, -2450.028, 2566.388, -0.2469,  127, 64, 0
L -2450.028, 2566.388, -0.2469, -2449.521, 2567.819, 0.9490,  127, 64, 0
L -2449.521, 2567.819, 0.9490, -2448.577, 2571.85, 0.8460,  127, 64, 0
L -2448.577, 2571.85, 0.8460, -2448.113, 2572.516, 0.6451,  127, 64, 0
L -2448.113, 2572.516, 0.6451, -2447.388, 2574.709, 0.3250,  127, 64, 0
L -2447.388, 2574.709, 0.3250, -2446.914, 2576.454, -0.5262,  127, 64, 0
L -2446.914, 2576.454, -0.5262, -2446.956, 2577.974, -0.4879,  127, 64, 0
L -2446.956, 2577.974, -0.4879, -2446.384, 2588.858, -0.2123,  127, 64, 0
L -2446.384, 2588.858, -0.2123, -2445.228, 2593.885, -0.1554,  127, 64, 0
L -2445.228, 2593.885, -0.1554, -2445.961, 2619.977, -0.2656,  127, 64, 0
L -2445.961, 2619.977, -0.2656, -2446.224, 2627.799, -0.4401,  127, 64, 0
L -2446.224, 2627.799, -0.4401, -2447.718, 2640.994, -0.7008,  127, 64, 0
L -2447.718, 2640.994, -0.7008, -2448.159, 2658.603, -0.5918,  127, 64, 0
L -2448.159, 2658.603, -0.5918, -2449.149, 2663.832, -0.3341,  127, 64, 0
L -2449.149, 2663.832, -0.3341, -2449.503, 2665.494, -0.3527,  127, 64, 0
L -2449.503, 2665.494, -0.3527, -2453.606, 2680.548, 0.5289,  127, 64, 0
L -2453.606, 2680.548, 0.5289, -2456.422, 2688.279, 0.8481,  127, 64, 0
L -2456.422, 2688.279, 0.8481, -2459.952, 2696.347, 0.5010,  127, 64, 0
L -2459.952, 2696.347, 0.5010, -2460.529, 2697.508, 0.7073,  127, 64, 0
L -2460.529, 2697.508, 0.7073, -2461.444, 2699.251, 1.5232,  127, 64, 0
L -2461.444, 2699.251, 1.5232, -2462.146, 2700.541, 1.3944,  127, 64, 0
L -2462.146, 2700.541, 1.3944, -2463.185, 2702.411, 0.8928,  127, 64, 0
L -2463.185, 2702.411, 0.8928, -2463.898, 2703.584, 0.3907,  127, 64, 0
L -2463.898, 2703.584, 0.3907, -2464.855, 2704.898, -0.3244,  127, 64, 0
L -2464.855, 2704.898, -0.3244, -2465.548, 2706.127, -0.4542,  127, 64, 0
L -2465.548, 2706.127, -0.4542, -2470.083, 2712.276, -0.2188,  127, 64, 0
L -2470.083, 2712.276, -0.2188, -2471.357, 2713.834, -0.1970,  127, 64, 0
L -2471.357, 2713.834, -0.1970, -2473.162, 2715.937, -0.5500,  127, 64, 0
L -2473.162, 2715.937, -0.5500, -2480.702, 2723.694, 1.6898,  127, 64, 0
L -2480.702, 2723.694, 1.6898, -2484.128, 2726.904, 2.7010,  127, 64, 0
L -2484.128, 2726.904, 2.7010, -2489.422, 2731.652, 3.7778,  127, 64, 0
L -2489.422, 2731.652, 3.7778, -2496.049, 2736.817, 6.1372,  127, 64, 0
L -2496.049, 2736.817, 6.1372, -2497.231, 2737.623, 6.1809,  127, 64, 0
L -2497.231, 2737.623, 6.1809, -2502.449, 2740.74, 6.7614,  127, 64, 0
L -2502.449, 2740.74, 6.7614, -2508.283, 2743.766, 7.7446,  127, 64, 0
L -2508.283, 2743.766, 7.7446, -2510.104, 2744.621, 9.3760,  127, 64, 0
L -2510.104, 2744.621, 9.3760, -2515.081, 2747.104, 11.4290,  127, 64, 0
L -2515.081, 2747.104, 11.4290, -2516.33, 2747.956, 11.1788,  127, 64, 0
L -2516.33, 2747.956, 11.1788, -2517.493, 2748.541, 11.5464,  127, 64, 0
L -2517.493, 2748.541, 11.5464, -2518.725, 2749.698, 12.2395,  127, 64, 0
L -2518.725, 2749.698, 12.2395, -2521.242, 2749.997, 13.9581,  127, 64, 0
L -2521.242, 2749.997, 13.9581, -2526.25, 2751.974, 18.5642,  127, 64, 0
L -2526.25, 2751.974, 18.5642, -2527.903, 2752.839, 19.9009,  127, 64, 0
L -2527.903, 2752.839, 19.9009, -2529.676, 2753.463, 20.3542,  127, 64, 0
L -2529.676, 2753.463, 20.3542, -2532.122, 2754.18, 21.8680,  127, 64, 0
L -2532.122, 2754.18, 21.8680, -2535.206, 2754.926, 21.7077,  127, 64, 0
L -2535.206, 2754.926, 21.7077, -2539.292, 2755.703, 22.6100,  127, 64, 0
L -2539.292, 2755.703, 22.6100, -2546.245, 2756.664, 25.8118,  127, 64, 0
L -2546.245, 2756.664, 25.8118, -2548.03, 2756.783, 27.2515,  127, 64, 0
L -2548.03, 2756.783, 27.2515, -2550.487, 2756.797, 27.5801,  127, 64, 0
L -2550.487, 2756.797, 27.5801, -2552.406, 2756.7, 28.1066,  127, 64, 0
L -2552.406, 2756.7, 28.1066, -2557.652, 2756.14, 29.6759,  127, 64, 0
L -2557.652, 2756.14, 29.6759, -2560.25, 2755.979, 30.1406,  127, 64, 0
L -2560.25, 2755.979, 30.1406, -2562.062, 2756.155, 30.1150,  127, 64, 0
L -2562.062, 2756.155, 30.1150, -2571.543, 2757.187, 28.4541,  127, 64, 0
L -2571.543, 2757.187, 28.4541, -2573.303, 2757.18, 29.2032,  127, 64, 0
L -2573.303, 2757.18, 29.2032, -2575.282, 2757.415, 29.8372,  127, 64, 0
L -2575.282, 2757.415, 29.8372, -2577.128, 2757.368, 30.5900,  127, 64, 0
L -2577.128, 2757.368, 30.5900, -2578.592, 2757.178, 31.2733,  127, 64, 0
L -2578.592, 2757.178, 31.2733, -2581.492, 2756.635, 33.2079,  127, 64, 0
L -2581.492, 2756.635, 33.2079, -2587.489, 2755.177, 37.3755,  127, 64, 0
L -2587.489, 2755.177, 37.3755, -2592.466, 2753.715, 36.9701,  127, 64, 0
L -2592.466, 2753.715, 36.9701, -2596.989, 2752.154, 37.9600,  127, 64, 0
L -2596.989, 2752.154, 37.9600, -2600.727, 2750.663, 38.8729,  127, 64, 0
L -2600.727, 2750.663, 38.8729, -2603.356, 2749.531, 39.8395,  127, 64, 0
L -2603.356, 2749.531, 39.8395, -2606.948, 2747.716, 43.2584,  127, 64, 0
L -2606.948, 2747.716, 43.2584, -2611.914, 2744.938, 49.5210,  127, 64, 0
L -2611.914, 2744.938, 49.5210, -2613.28, 2744.492, 51.2942,  127, 64, 0
L -2613.28, 2744.492, 51.2942, -2622.706, 2741.258, 55.9149,  127, 64, 0
L -2622.706, 2741.258, 55.9149, -2625.21, 2739.697, 56.4209,  127, 64, 0
L -2625.21, 2739.697, 56.4209, -2628.256, 2737.422, 57.2481,  127, 64, 0
L -2628.256, 2737.422, 57.2481, -2636.547, 2731.946, 61.3569,  127, 64, 0
L -2636.547, 2731.946, 61.3569, -2645.504, 2725.164, 65.8950,  127, 64, 0
L -2645.504, 2725.164, 65.8950, -2646.08, 2724.47, 66.3125,  127, 64, 0
L -2646.08, 2724.47, 66.3125, -2647.177, 2723.669, 66.7683,  127, 64, 0
L -2647.177, 2723.669, 66.7683, -2650.667, 2720.323, 67.9180,  127, 64, 0
L -2650.667, 2720.323, 67.9180, -2651.956, 2719.445, 68.8160,  127, 64, 0
L -2651.956, 2719.445, 68.8160, -2661.442, 2713.661, 70.7609,  127, 64, 0
L -2661.442, 2713.661, 70.7609, -2663.384, 2711.617, 71.7018,  127, 64, 0
L -2663.384, 2711.617, 71.7018, -2681.89, 2690.835, 78.1784,  127, 64, 0
L -2681.89, 2690.835, 78.1784, -2684.991, 2687.865, 79.1657,  127, 64, 0
L -2684.991, 2687.865, 79.1657, -2686.511, 2686.591, 79.2807,  127, 64, 0
L -2686.511, 2686.591, 79.2807, -2693.995, 2694.681, 79.2300,  127, 64, 0
L -2693.995, 2694.681, 79.2300, -2695.946, 2697.348, 79.1214,  127, 64, 0
L -2695.946, 2697.348, 79.1214, -2698.277, 2701.418, 78.8341,  127, 64, 0
L -2698.277, 2701.418, 78.8341, -2700.014, 2704.897, 79.9180,  127, 64, 0
L -2700.014, 2704.897, 79.9180, -2701.257, 2706.608, 79.5030,  127, 64, 0
L -2701.257, 2706.608, 79.5030, -2701.326, 2708.461, 78.9963,  127, 64, 0
L -2701.326, 2708.461, 78.9963, -2700.226, 2709.672, 78.9201,  127, 64, 0
L -2700.226, 2709.672, 78.9201, -2692.015, 2718.592, 76.9386,  127, 64, 0
L -2692.015, 2718.592, 76.9386, -2688.454, 2722.118, 75.9257,  127, 64, 0
L -2688.454, 2722.118, 75.9257, -2681.199, 2728.966, 76.6470,  127, 64, 0
L -2681.199, 2728.966, 76.6470, -2680.075, 2729.923, 76.6967,  127, 64, 0
L -2680.075, 2729.923, 76.6967, -2668.888, 2739.318, 71.4873,  127, 64, 0
L -2668.888, 2739.318, 71.4873, -2663.1, 2743.879, 69.9008,  127, 64, 0
L -2663.1, 2743.879, 69.9008, -2655.423, 2749.782, 62.9044,  127, 64, 0
L -2655.423, 2749.782, 62.9044, -2649.219, 2754.244, 61.1073,  127, 64, 0
L -2649.219, 2754.244, 61.1073, -2644.271, 2757.547, 59.5878,  127, 64, 0
L -2644.271, 2757.547, 59.5878, -2637.096, 2761.845, 56.7558,  127, 64, 0
L -2637.096, 2761.845, 56.7558, -2632.952, 2763.96, 54.6597,  127, 64, 0
L -2632.952, 2763.96, 54.6597, -2629.944, 2765.343, 53.9647,  127, 64, 0
L -2629.944, 2765.343, 53.9647, -2627.089, 2766.514, 52.5895,  127, 64, 0
L -2627.089, 2766.514, 52.5895, -2621.483, 2768.509, 51.3150,  127, 64, 0
L -2621.483, 2768.509, 51.3150, -2612.397, 2771.393, 44.2287,  127, 64, 0
L -2612.397, 2771.393, 44.2287, -2584.184, 2780.314, 27.1075,  127, 64, 0
L -2584.184, 2780.314, 27.1075, -2565.272, 2786.158, 20.3031,  127, 64, 0
L -2565.272, 2786.158, 20.3031, -2563.966, 2786.468, 19.7773,  127, 64, 0
L -2563.966, 2786.468, 19.7773, -2560.052, 2787.194, 18.9533,  127, 64, 0
L -2560.052, 2787.194, 18.9533, -2556.317, 2787.586, 18.4645,  127, 64, 0
L -2556.317, 2787.586, 18.4645, -2554.709, 2787.63, 18.3097,  127, 64, 0
L -2554.709, 2787.63, 18.3097, -2549.444, 2787.302, 17.6000,  127, 64, 0
L -2549.444, 2787.302, 17.6000, -2548.023, 2787.133, 16.7999,  127, 64, 0
L -2548.023, 2787.133, 16.7999, -2544.537, 2786.551, 15.6270,  127, 64, 0
L -2544.537, 2786.551, 15.6270, -2540.166, 2785.417, 14.7103,  127, 64, 0
L -2540.166, 2785.417, 14.7103, -2530.985, 2782.39, 11.3172,  127, 64, 0
L -2530.985, 2782.39, 11.3172, -2522.136, 2779.871, 7.9040,  127, 64, 0
L -2522.136, 2779.871, 7.9040, -2513.074, 2775.591, 5.2065,  127, 64, 0
L -2513.074, 2775.591, 5.2065, -2504.321, 2771.933, 4.2698,  127, 64, 0
L -2504.321, 2771.933, 4.2698, -2502.053, 2770.867, 3.5106,  127, 64, 0
L -2502.053, 2770.867, 3.5106, -2495.731, 2767.6, 2.8130,  127, 64, 0
L -2495.731, 2767.6, 2.8130, -2494.127, 2766.622, 1.6892,  127, 64, 0
L -2494.127, 2766.622, 1.6892, -2489.219, 2763.335, 1.2190,  127, 64, 0
L -2489.219, 2763.335, 1.2190, -2486.93, 2761.689, 0.4489,  127, 64, 0
L -2486.93, 2761.689, 0.4489, -2480.596, 2756.781, -0.5732,  127, 64, 0
L -2480.596, 2756.781, -0.5732, -2474.936, 2752.106, -0.5183,  127, 64, 0
L -2474.936, 2752.106, -0.5183, -2467.152, 2744.514, -0.7138,  127, 64, 0
L -2467.152, 2744.514, -0.7138, -2462.058, 2739.49, -0.7137,  127, 64, 0
L -2462.058, 2739.49, -0.7137, -2456.37, 2732.521, -0.6531,  127, 64, 0
L -2456.37, 2732.521, -0.6531, -2449.486, 2722.916, -0.6666,  127, 64, 0
L -2449.486, 2722.916, -0.6666, -2446.142, 2717.67, -0.7191,  127, 64, 0
L -2446.142, 2717.67, -0.7191, -2442.509, 2710.634, -0.7191,  127, 64, 0
L -2442.509, 2710.634, -0.7191, -2438.657, 2701.523, -0.7191,  127, 64, 0
L -2438.657, 2701.523, -0.7191, -2432.063, 2680.468, -0.7191,  127, 64, 0
L -2432.063, 2680.468, -0.7191, -2426.165, 2653.749, -0.7171,  127, 64, 0
L -2426.165, 2653.749, -0.7171, -2423.425, 2636.416, -0.7158,  127, 64, 0
L -2423.425, 2636.416, -0.7158, -2422.924, 2629.319, -0.7170,  127, 64, 0
L -2422.924, 2629.319, -0.7170, -2423.42, 2577.15, -0.5968,  127, 64, 0
L -2423.42, 2577.15, -0.5968, -2423.932, 2571.854, -0.6591,  127, 64, 0
L -2423.932, 2571.854, -0.6591, -2425.373, 2564.251, -0.7191,  127, 64, 0
L -2425.373, 2564.251, -0.7191, -2428.906, 2552.844, -0.7191,  127, 64, 0
L -2428.906, 2552.844, -0.7191, -2436.588, 2533.408, -0.7191,  127, 64, 0
L -2436.588, 2533.408, -0.7191, -2444.1, 2515.252, -1.9900,  127, 64, 0
L -2444.1, 2515.252, -1.9900, -2452.856, 2494.756, -0.7513,  127, 64, 0
L -2452.856, 2494.756, -0.7513, -2459.271, 2481.771, -1.1000,  127, 64, 0
L -2459.271, 2481.771, -1.1000, -2466.532, 2466.985, -1.3822,  127, 64, 0
L -2466.532, 2466.985, -1.3822, -2471.937, 2457.867, -1.9320,  127, 64, 0
L -2471.937, 2457.867, -1.9320, -2480.373, 2445.426, -0.8128,  127, 64, 0
L -2480.373, 2445.426, -0.8128, -2503.213, 2414.408, -0.8663,  127, 64, 0
L -2503.213, 2414.408, -0.8663, -2505.47, 2410.809, -0.7558,  127, 64, 0
L -2505.47, 2410.809, -0.7558, -2508.27, 2404.964, -0.7191,  127, 64, 0
L -2508.27, 2404.964, -0.7191, -2511.409, 2396.395, -0.7191,  127, 64, 0
L -2511.409, 2396.395, -0.7191, -2516.05, 2376.706, -0.7191,  127, 64, 0
L -2516.05, 2376.706, -0.7191, -2517.459, 2367.189, -0.7191,  127, 64, 0
L -2517.459, 2367.189, -0.7191, -2518.091, 2361.722, -0.7191,  127, 64, 0
L -2518.091, 2361.722, -0.7191, -2518.626, 2352.969, -0.7191,  127, 64, 0
L -2518.626, 2352.969, -0.7191, -2518.187, 2346.373, -0.7191,  127, 64, 0
L -2518.187, 2346.373, -0.7191, -2517.299, 2343.53, -0.7191,  127, 64, 0
L -2517.299, 2343.53, -0.7191, -2499.17, 2304.521, -0.7185,  127, 64, 0
L -2499.17, 2304.521, -0.7185, -2496.325, 2300.308, -0.6987,  127, 64, 0
L -2496.325, 2300.308, -0.6987, -2493.418, 2296.173, -0.7099,  127, 64, 0
L -2493.418, 2296.173, -0.7099, -2486.837, 2287.968, -0.7069,  127, 64, 0
L -2486.837, 2287.968, -0.7069, -2483.41, 2284.376, -0.7064,  127, 64, 0
L -2483.41, 2284.376, -0.7064, -2478.648, 2280.31, -0.7073,  127, 64, 0
L -2478.648, 2280.31, -0.7073, -2476.547, 2278.273, -0.7086,  127, 64, 0
L -2476.547, 2278.273, -0.7086, -2470.409, 2275.259, -0.7191,  127, 64, 0
L -2470.409, 2275.259, -0.7191, -2447.437, 2263.413, -0.7191,  127, 64, 0
L -2447.437, 2263.413, -0.7191, -2439.996, 2260.981, -0.7191,  127, 64, 0
L -2439.996, 2260.981, -0.7191, -2432.5, 2257.142, -0.7191,  127, 64, 0
L -2432.5, 2257.142, -0.7191, -2422.163, 2253.622, -0.7191,  127, 64, 0
L -2422.163, 2253.622, -0.7191, -2418.075, 2252.638, -0.7191,  127, 64, 0
L -2418.075, 2252.638, -0.7191, -2412.452, 2251.851, -0.7191,  127, 64, 0
L -2412.452, 2251.851, -0.7191, -2399.843, 2251.403, -0.7191,  127, 64, 0
L -2399.843, 2251.403, -0.7191, -2316.142, 2251.592, -0.7191,  127, 64, 0
L -2316.142, 2251.592, -0.7191, -2305.857, 2252.388, -0.7191,  127, 64, 0
L -2305.857, 2252.388, -0.7191, -2296.254, 2253.95, -0.7191,  127, 64, 0
L -2296.254, 2253.95, -0.7191, -2269.68, 2259.673, -0.7195,  127, 64, 0
L -2269.68, 2259.673, -0.7195, -2259.977, 2261.908, -0.7196,  127, 64, 0
L -2259.977, 2261.908, -0.7196, -2249.653, 2265.232, -0.7195,  127, 64, 0
L -2249.653, 2265.232, -0.7195, -2240.985, 2268.393, -0.7194,  127, 64, 0
L -2240.985, 2268.393, -0.7194, -2234.7, 2271.532, -0.7191,  127, 64, 0
L -2234.7, 2271.532, -0.7191, -2226.204, 2276.143, -0.7314,  127, 64, 0
L -2226.204, 2276.143, -0.7314, -2218.167, 2280.838, -0.7359,  127, 64, 0
L -2218.167, 2280.838, -0.7359, -2211.636, 2284.993, -0.7391,  127, 64, 0
L -2211.636, 2284.993, -0.7391, -2203.202, 2290.966, -0.7322,  127, 64, 0
L -2203.202, 2290.966, -0.7322, -2104.917, 2371.85, -0.7191,  127, 64, 0
L -2104.917, 2371.85, -0.7191, -2062.646, 2410.313, -0.7191,  127, 64, 0
L -2062.646, 2410.313, -0.7191, -2045.421, 2424.156, -0.7191,  127, 64, 0
L -2045.421, 2424.156, -0.7191, -2036.143, 2430.868, -0.7191,  127, 64, 0
L -2036.143, 2430.868, -0.7191, -2014.53, 2443.709, -0.5345,  127, 64, 0
L -2014.53, 2443.709, -0.5345, -2009.435, 2447.322, -0.5125,  127, 64, 0
L -2009.435, 2447.322, -0.5125, -2005.969, 2449.714, -0.5048,  127, 64, 0
L -2005.969, 2449.714, -0.5048, -2003.54, 2451.956, -0.4927,  127, 64, 0
L -2003.54, 2451.956, -0.4927, -2001.375, 2454.336, -0.4958,  127, 64, 0
L -2001.375, 2454.336, -0.4958, -1998.531, 2458.123, -0.5195,  127, 64, 0
L -1998.531, 2458.123, -0.5195, -1993.451, 2465.808, -0.5884,  127, 64, 0
L -1993.451, 2465.808, -0.5884, -1984.972, 2481.515, -0.7191,  127, 64, 0
L -1984.972, 2481.515, -0.7191, -1980.556, 2487.68, -0.7191,  127, 64, 0
L -1980.556, 2487.68, -0.7191, -1969.097, 2499.679, -0.7191,  127, 64, 0
L -1969.097, 2499.679, -0.7191, -1957.863, 2510.586, -0.7191,  127, 64, 0
L -1957.863, 2510.586, -0.7191, -1943.945, 2523.34, -0.7191,  127, 64, 0
L -1943.945, 2523.34, -0.7191, -1930.202, 2536.989, -0.7191,  127, 64, 0
L -1930.202, 2536.989, -0.7191, -1921.392, 2546.629, -0.7191,  127, 64, 0
L -1921.392, 2546.629, -0.7191, -1914.027, 2556.254, -0.5810,  127, 64, 0
L -1914.027, 2556.254, -0.5810, -1903.418, 2572.821, -0.3006,  127, 64, 0
L -1903.418, 2572.821, -0.3006, -1897.989, 2583.801, -0.4869,  127, 64, 0
L -1897.989, 2583.801, -0.4869, -1895.728, 2589.684, -0.6394,  127, 64, 0
L -1895.728, 2589.684, -0.6394, -1894.016, 2596.625, -0.6002,  127, 64, 0
L -1894.016, 2596.625, -0.6002, -1893.335, 2600.726, -0.5492,  127, 64, 0
L -1893.335, 2600.726, -0.5492, -1893.155, 2606.461, -0.5006,  127, 64, 0
L -1893.155, 2606.461, -0.5006, -1893.151, 2621.269, -0.4603,  127, 64, 0
L -1893.151, 2621.269, -0.4603, -1893.843, 2624.727, -0.2577,  127, 64, 0
L -1893.843, 2624.727, -0.2577, -1894.995, 2628.339, -0.1153,  127, 64, 0
L -1894.995, 2628.339, -0.1153, -1896.679, 2632.297, 0.1340,  127, 64, 0
L -1896.679, 2632.297, 0.1340, -1900.914, 2639.231, 0.1731,  127, 64, 0
L -1900.914, 2639.231, 0.1731, -1903.423, 2642.539, 0.2260,  127, 64, 0
L -1903.423, 2642.539, 0.2260, -1906.149, 2645.426, 0.2474,  127, 64, 0
L -1906.149, 2645.426, 0.2474, -1908.288, 2647.32, 0.2456,  127, 64, 0
L -1908.288, 2647.32, 0.2456, -1911.665, 2649.886, 0.2168,  127, 64, 0
L -1911.665, 2649.886, 0.2168, -1916.358, 2652.83, 0.4210,  127, 64, 0
L -1916.358, 2652.83, 0.4210, -1924.859, 2657.425, -0.2141,  127, 64, 0
L -1924.859, 2657.425, -0.2141, -1934.014, 2661.928, -0.3878,  127, 64, 0
L -1934.014, 2661.928, -0.3878, -1939.143, 2663.915, -0.5064,  127, 64, 0
L -1939.143, 2663.915, -0.5064, -1958.558, 2670.35, -0.7191,  127, 64, 0
L -1958.558, 2670.35, -0.7191, -1982.988, 2677.706, -0.7191,  127, 64, 0
L -1982.988, 2677.706, -0.7191, -1989.693, 2680.891, -0.7191,  127, 64, 0
L -1989.693, 2680.891, -0.7191, -1997.708, 2683.421, -0.7191,  127, 64, 0
L -1997.708, 2683.421, -0.7191, -2003.578, 2686.922, -0.7191,  127, 64, 0
L -2003.578, 2686.922, -0.7191, -2008.949, 2689.921, -0.7070,  127, 64, 0
L -2008.949, 2689.921, -0.7070, -2014.175, 2694.275, -0.6893,  127, 64, 0
L -2014.175, 2694.275, -0.6893, -2046.322, 2723.59, -0.6247,  127, 64, 0
L -2046.322, 2723.59, -0.6247, -2050.577, 2728.244, -0.6199,  127, 64, 0
L -2050.577, 2728.244, -0.6199, -2053.594, 2732.294, -0.6036,  127, 64, 0
L -2053.594, 2732.294, -0.6036, -2058.946, 2741.283, -0.5447,  127, 64, 0
L -2058.946, 2741.283, -0.5447, -2064.357, 2753.187, -0.4834,  127, 64, 0
L -2064.357, 2753.187, -0.4834, -2073.433, 2778.491, -0.2448,  127, 64, 0
L -2073.433, 2778.491, -0.2448, -2075.338, 2781.1, -0.2082,  127, 64, 0
L -2075.338, 2781.1, -0.2082, -2085.536, 2781.649, -0.3434,  127, 64, 0
L -2085.536, 2781.649, -0.3434, -2093.005, 2782.407, -0.4751,  127, 64, 0
L -2093.005, 2782.407, -0.4751, -2096.336, 2805.763, -0.2505,  127, 64, 0
L -2096.336, 2805.763, -0.2505, -2094.979, 2807.299, -0.2377,  127, 64, 0
L -2094.979, 2807.299, -0.2377, -2089.318, 2809.342, -0.6390,  127, 64, 0
L -2089.318, 2809.342, -0.6390, -2089.706, 2813.696, -0.7510,  127, 64, 0
L -2089.706, 2813.696, -0.7510, -2093.375, 2824.409, -0.1742,  127, 64, 0
L -2093.375, 2824.409, -0.1742, -2098.536, 2841.675, -0.1513,  127, 64, 0
L -2098.536, 2841.675, -0.1513, -2104.551, 2854.74, -0.3360,  127, 64, 0
L -2104.551, 2854.74, -0.3360, -2107.9, 2860.758, -0.1000,  127, 64, 0
L -2107.9, 2860.758, -0.1000, -2114.969, 2871.635, 0.4630,  127, 64, 0
L -2114.969, 2871.635, 0.4630, -2121.423, 2879.985, 0.2503,  127, 64, 0
L -2121.423, 2879.985, 0.2503, -2123.661, 2882.419, 0.2591,  127, 64, 0
L -2123.661, 2882.419, 0.2591, -2125.13, 2883.637, 0.2539,  127, 64, 0
L -2125.13, 2883.637, 0.2539, -2127.001, 2883.326, 0.2366,  127, 64, 0
L -2127.001, 2883.326, 0.2366, -2129.238, 2878.921, 0.2556,  127, 64, 0
L -2129.238, 2878.921, 0.2556, -2130.117, 2877.189, 0.1376,  127, 64, 0
L -2130.117, 2877.189, 0.1376, -2133.461, 2852.214, -0.7151,  127, 64, 0
L -2133.461, 2852.214, -0.7151, -2135.352, 2852.354, -0.7191,  127, 64, 0
L -2135.352, 2852.354, -0.7191, -2149.282, 2856.368, -0.4475,  127, 64, 0
L -2149.282, 2856.368, -0.4475, -2150.38, 2857.308, -0.4046,  127, 64, 0
L -2150.38, 2857.308, -0.4046, -2151.92, 2858.195, -0.3595,  127, 64, 0
L -2151.92, 2858.195, -0.3595, -2153.568, 2858.905, -0.2910,  127, 64, 0
L -2153.568, 2858.905, -0.2910, -2154.21, 2860.288, -0.2510,  127, 64, 0
L -2154.21, 2860.288, -0.2510, -2154.934, 2868.384, -0.6620,  127, 64, 0
L -2154.934, 2868.384, -0.6620, -2154.456, 2881.694, 0.2883,  127, 64, 0
L -2154.456, 2881.694, 0.2883, -2154.691, 2887.246, 0.2798,  127, 64, 0
L -2154.691, 2887.246, 0.2798, -2152.876, 2892.479, -0.9060,  127, 64, 0
L -2152.876, 2892.479, -0.9060, -2152.181, 2897.368, 0.4838,  127, 64, 0
L -2152.181, 2897.368, 0.4838, -2149.958, 2904.797, 0.4749,  127, 64, 0
L -2149.958, 2904.797, 0.4749, -2149.012, 2909.849, 0.1403,  127, 64, 0
L -2149.012, 2909.849, 0.1403, -2149.432, 2922.74, -0.4839,  127, 64, 0
L -2149.432, 2922.74, -0.4839, -2153.232, 2944.826, -0.7184,  127, 64, 0
L -2153.232, 2944.826, -0.7184, -2154.349, 2958.556, -0.7178,  127, 64, 0
L -2154.349, 2958.556, -0.7178, -2154.295, 2963.271, -0.7175,  127, 64, 0
L -2154.295, 2963.271, -0.7175, -2152.596, 2963.312, -0.1772,  127, 64, 0
L -2152.596, 2963.312, -0.1772, -2133.202, 2962.975, -0.7173,  127, 64, 0
L -2133.202, 2962.975, -0.7173, -2106.685, 2962.71, -0.6007,  127, 64, 0
L -2160.024, 2041.979, -75.7190, -2161.151, 2028.708, -75.7190,  127, 64, 0
L -2161.151, 2028.708, -75.7190, -2160.725, 2012.33, -75.8451,  127, 64, 0
L -2160.725, 2012.33, -75.8451, -2159.372, 1995.471, -77.2313,  127, 64, 0
L -2159.372, 1995.471, -77.2313, -2159.594, 1988.181, -78.8670,  127, 64, 0
L -2159.594, 1988.181, -78.8670, -2158.266, 1974.409, -81.4061,  127, 64, 0
L -2158.266, 1974.409, -81.4061, -2157.624, 1972.807, -81.9129,  127, 64, 0
L -2157.624, 1972.807, -81.9129, -2156.898, 1967.94, -82.9762,  127, 64, 0
L -2156.898, 1967.94, -82.9762, -2156.532, 1966.327, -83.4415,  127, 64, 0
L -2156.532, 1966.327, -83.4415, -2154.505, 1960.648, -83.7823,  127, 64, 0
L -2154.505, 1960.648, -83.7823, -2154.406, 1959.18, -83.8892,  127, 64, 0
L -2154.406, 1959.18, -83.8892, -2152.175, 1958.122, -84.1990,  127, 64, 0
L -2152.175, 1958.122, -84.1990, -2133.689, 1967.428, -83.9180,  127, 64, 0
L -2133.689, 1967.428, -83.9180, -2125.652, 1971.938, -83.2780,  127, 64, 0
L -2125.652, 1971.938, -83.2780, -2122.636, 1973.783, -82.9372,  127, 64, 0
L -2122.636, 1973.783, -82.9372, -2114.959, 1978.884, -81.7168,  127, 64, 0
L -2114.959, 1978.884, -81.7168, -2099.292, 1990.202, -78.3817,  127, 64, 0
L -2099.292, 1990.202, -78.3817, -2095.314, 1993.601, -77.5584,  127, 64, 0
L -2095.314, 1993.601, -77.5584, -2093.904, 1994.974, -77.3991,  127, 64, 0
L -2093.904, 1994.974, -77.3991, -2092.116, 1996.97, -77.1063,  127, 64, 0
L -2092.116, 1996.97, -77.1063, -2090.941, 1998.543, -77.1250,  127, 64, 0
L -2090.941, 1998.543, -77.1250, -2089.209, 2001.407, -77.2917,  127, 64, 0
L -2089.209, 2001.407, -77.2917, -2088.134, 2004.53, -77.4013,  127, 64, 0
L -2088.134, 2004.53, -77.4013, -2087.234, 2006.137, -77.4474,  127, 64, 0
L -2087.234, 2006.137, -77.4474, -2086.594, 2008.918, -77.4792,  127, 64, 0
L -2086.594, 2008.918, -77.4792, -2086.031, 2013.753, -77.4865,  127, 64, 0
L -2086.031, 2013.753, -77.4865, -2086.527, 2019.473, -77.3961,  127, 64, 0
L -2086.527, 2019.473, -77.3961, -2105.927, 2028.409, -76.6610,  127, 64, 0
L -2105.927, 2028.409, -76.6610, -2115.308, 2032.78, -75.7190,  127, 64, 0
L -2115.308, 2032.78, -75.7190, -2142.324, 2048.461, -75.7190,  127, 64, 0
L -2142.324, 2048.461, -75.7190, -2145.407, 2049.512, -75.7190,  127, 64, 0
L -2145.407, 2049.512, -75.7190, -2149.92, 2050.127, -75.7190,  127, 64, 0
L -2149.92, 2050.127, -75.7190, -2154.256, 2050.23, -75.7190,  127, 64, 0
L -2154.256, 2050.23, -75.7190, -2160.024, 2041.979, -75.7190,  127, 64, 0
L -923.136, 1175.414, -0.5464, -918.449, 1182.572, 0.9560,  127, 64, 0
L -918.449, 1182.572, 0.9560, -917.556, 1183.858, 0.1383,  127, 64, 0
L -917.556, 1183.858, 0.1383, -911.995, 1191.762, -0.2644,  127, 64, 0
L -911.995, 1191.762, -0.2644, -898.079, 1212.561, -0.3918,  127, 64, 0
L -898.079, 1212.561, -0.3918, -891.568, 1222.966, -0.3190,  127, 64, 0
L -891.568, 1222.966, -0.3190, -890.388, 1225.125, 0.9550,  127, 64, 0
L -890.388, 1225.125, 0.9550, -888.178, 1230.122, -0.3902,  127, 64, 0
L -888.178, 1230.122, -0.3902, -887.148, 1231.456, -0.6012,  127, 64, 0
L -887.148, 1231.456, -0.6012, -885.119, 1237.564, -0.6354,  127, 64, 0
L -885.119, 1237.564, -0.6354, -884.058, 1240.528, -0.6455,  127, 64, 0
L -884.058, 1240.528, -0.6455, -884.512, 1246.334, -0.6663,  127, 64, 0
L -884.512, 1246.334, -0.6663, -895.084, 1250.48, -0.6233,  127, 64, 0
L -895.084, 1250.48, -0.6233, -898.374, 1251.314, -0.6025,  127, 64, 0
L -898.374, 1251.314, -0.6025, -900.094, 1251.584, -0.5921,  127, 64, 0
L -900.094, 1251.584, -0.5921, -902.562, 1251.802, -0.5689,  127, 64, 0
L -902.562, 1251.802, -0.5689, -919.099, 1237.786, 0.5390,  127, 64, 0
L -919.099, 1237.786, 0.5390, -925.957, 1231.63, -0.4275,  127, 64, 0
L -925.957, 1231.63, -0.4275, -929.266, 1228.174, -0.4518,  127, 64, 0
L -929.266, 1228.174, -0.4518, -936.075, 1219.989, -0.3867,  127, 64, 0
L -936.075, 1219.989, -0.3867, -938.599, 1216.299, -0.3071,  127, 64, 0
L -938.599, 1216.299, -0.3071, -940.198, 1213.404, -0.2180,  127, 64, 0
L -940.198, 1213.404, -0.2180, -942.654, 1209.534, -0.2340,  127, 64, 0
L -942.654, 1209.534, -0.2340, -942.872, 1206.361, 0.1484,  127, 64, 0
L -942.872, 1206.361, 0.1484, -943.062, 1204.441, 0.2998,  127, 64, 0
L -943.062, 1204.441, 0.2998, -942.89, 1202.281, 0.4853,  127, 64, 0
L -942.89, 1202.281, 0.4853, -942.37, 1200.967, 0.6173,  127, 64, 0
L -942.37, 1200.967, 0.6173, -937.495, 1184.62, 0.6510,  127, 64, 0
L -937.495, 1184.62, 0.6510, -936.29, 1181.586, -0.6380,  127, 64, 0
L -936.29, 1181.586, -0.6380, -934.883, 1178.458, -0.2046,  127, 64, 0
L -934.883, 1178.458, -0.2046, -933.845, 1176.916, -0.2888,  127, 64, 0
L -933.845, 1176.916, -0.2888, -932.839, 1175.384, -0.4668,  127, 64, 0
L -932.839, 1175.384, -0.4668, -932.505, 1173.976, -0.4905,  127, 64, 0
L -932.505, 1173.976, -0.4905, -930.327, 1173.149, -0.5073,  127, 64, 0
L -930.327, 1173.149, -0.5073, -923.136, 1175.414, -0.5526,  127, 64, 0
L -867.965, 1201.955, -0.6322, -860.674, 1203.722, -0.7191,  127, 64, 0
L -860.674, 1203.722, -0.7191, -852.285, 1205.346, -0.7191,  127, 64, 0
L -852.285, 1205.346, -0.7191, -847.457, 1206.309, -0.7191,  127, 64, 0
L -847.457, 1206.309, -0.7191, -837.842, 1207.123, -0.7191,  127, 64, 0
L -837.842, 1207.123, -0.7191, -835.966, 1207.101, -0.7191,  127, 64, 0
L -835.966, 1207.101, -0.7191, -826.328, 1206.604, -0.7191,  127, 64, 0
L -826.328, 1206.604, -0.7191, -824.642, 1206.382, -0.7191,  127, 64, 0
L -824.642, 1206.382, -0.7191, -816.903, 1204.937, -0.7191,  127, 64, 0
L -816.903, 1204.937, -0.7191, -810.185, 1203.227, -0.7191,  127, 64, 0
L -810.185, 1203.227, -0.7191, -805.423, 1201.537, -0.7191,  127, 64, 0
L -805.423, 1201.537, -0.7191, -802.325, 1200.139, -0.7191,  127, 64, 0
L -802.325, 1200.139, -0.7191, -794.573, 1195.937, -0.5111,  127, 64, 0
L -794.573, 1195.937, -0.5111, -781.323, 1188.516, -0.9780,  127, 64, 0
L -781.323, 1188.516, -0.9780, -764.653, 1178.452, -0.7187,  127, 64, 0
L -764.653, 1178.452, -0.7187, -759.258, 1174.692, -0.7187,  127, 64, 0
L -759.258, 1174.692, -0.7187, -756.229, 1172.18, -0.7187,  127, 64, 0
L -756.229, 1172.18, -0.7187, -747.955, 1163.904, -0.7187,  127, 64, 0
L -747.955, 1163.904, -0.7187, -695.159, 1105.433, -0.7191,  127, 64, 0
L -695.159, 1105.433, -0.7191, -681.505, 1091.243, -0.7191,  127, 64, 0
L -681.505, 1091.243, -0.7191, -671.525, 1081.8, -0.7191,  127, 64, 0
L -671.525, 1081.8, -0.7191, -665.695, 1076.917, -0.7191,  127, 64, 0
L -665.695, 1076.917, -0.7191, -660.484, 1073.285, -0.7191,  127, 64, 0
L -660.484, 1073.285, -0.7191, -635.274, 1056.968, -0.7191,  127, 64, 0
L -635.274, 1056.968, -0.7191, -613.007, 1040.789, -0.7191,  127, 64, 0
L -613.007, 1040.789, -0.7191, -602.516, 1032.271, -0.7191,  127, 64, 0
L -602.516, 1032.271, -0.7191, -592.315, 1022.438, -0.7191,  127, 64, 0
L -592.315, 1022.438, -0.7191, -546.406, 977.142, -0.7191,  127, 64, 0
L -546.406, 977.142, -0.7191, -542.4, 972.564, -0.7191,  127, 64, 0
L -542.4, 972.564, -0.7191, -467.502, 870.884, -0.7191,  127, 64, 0
L -467.502, 870.884, -0.7191, -451.019, 842.84, -0.7191,  127, 64, 0
L -451.019, 842.84, -0.7191, -443.108, 826.5, -0.7191,  127, 64, 0
L -443.108, 826.5, -0.7191, -434.288, 807.846, -0.7191,  127, 64, 0
L -434.288, 807.846, -0.7191, -426.37, 785.593, -0.7191,  127, 64, 0
L -426.37, 785.593, -0.7191, -423.302, 774.606, -0.7191,  127, 64, 0
L -423.302, 774.606, -0.7191, -413.278, 728.626, -0.7191,  127, 64, 0
L -413.278, 728.626, -0.7191, -398.44, 647.946, -0.7191,  127, 64, 0
L -398.44, 647.946, -0.7191, -394.732, 614.321, -0.7191,  127, 64, 0
L -394.732, 614.321, -0.7191, -387.269, 486.458, -0.7191,  127, 64, 0
L -387.269, 486.458, -0.7191, -381.855, 441.913, -0.7191,  127, 64, 0
L -381.855, 441.913, -0.7191, -376.43, 418.103, -0.7191,  127, 64, 0
L -376.43, 418.103, -0.7191, -371.476, 401.884, -0.7191,  127, 64, 0
L -371.476, 401.884, -0.7191, -361.551, 372.416, -0.6274,  127, 64, 0
L -361.551, 372.416, -0.6274, -353.987, 347.781, -0.7191,  127, 64, 0
L -353.987, 347.781, -0.7191, -347.419, 332.543, -0.7191,  127, 64, 0
L -347.419, 332.543, -0.7191, -319.287, 275.387, -0.7191,  127, 64, 0
L -319.287, 275.387, -0.7191, -315.883, 266.585, -0.7191,  127, 64, 0
L -315.883, 266.585, -0.7191, -313.837, 259.125, -0.7191,  127, 64, 0
L -313.837, 259.125, -0.7191, -312.588, 252.715, -0.7191,  127, 64, 0
L -312.588, 252.715, -0.7191, -312.995, 246.929, -0.7191,  127, 64, 0
L -312.995, 246.929, -0.7191, -317.628, 232.696, -0.7191,  127, 64, 0
L -317.628, 232.696, -0.7191, -318.952, 225.215, -0.7191,  127, 64, 0
L -318.952, 225.215, -0.7191, -319.492, 217.954, -0.7191,  127, 64, 0
L -319.492, 217.954, -0.7191, -319.01, 197.556, -0.7191,  127, 64, 0
L -319.01, 197.556, -0.7191, -315.912, 171.968, -0.7191,  127, 64, 0
L -315.912, 171.968, -0.7191, -316.251, 148.895, -0.7191,  127, 64, 0
L -316.251, 148.895, -0.7191, -318.028, 142.294, -0.7191,  127, 64, 0
L -318.028, 142.294, -0.7191, -319.836, 137.976, -0.7191,  127, 64, 0
L -319.836, 137.976, -0.7191, -321.337, 135.132, -0.7191,  127, 64, 0
L -321.337, 135.132, -0.7191, -323.353, 132.348, -0.7191,  127, 64, 0
L -323.353, 132.348, -0.7191, -325.433, 129.953, -0.7191,  127, 64, 0
L -325.433, 129.953, -0.7191, -327.898, 127.62, -0.7191,  127, 64, 0
L -327.898, 127.62, -0.7191, -330.845, 125.551, -0.7191,  127, 64, 0
L -330.845, 125.551, -0.7191, -341.961, 121.959, -0.7191,  127, 64, 0
L -341.961, 121.959, -0.7191, -356.635, 118.318, -0.7191,  127, 64, 0
L -356.635, 118.318, -0.7191, -362.702, 117.178, -0.7191,  127, 64, 0
L -362.702, 117.178, -0.7191, -366.028, 116.733, -0.7191,  127, 64, 0
L -366.028, 116.733, -0.7191, -371.154, 116.314, -0.7191,  127, 64, 0
L -371.154, 116.314, -0.7191, -379.427, 116.785, -0.7191,  127, 64, 0
L -379.427, 116.785, -0.7191, -390.47, 116.453, -0.7191,  127, 64, 0
L -390.47, 116.453, -0.7191, -451.516, 121.985, -0.7008,  127, 64, 0
L -451.516, 121.985, -0.7008, -503.581, 127.413, -0.7191,  127, 64, 0
L -503.581, 127.413, -0.7191, -533.585, 129.815, -0.7191,  127, 64, 0
L -533.585, 129.815, -0.7191, -541.028, 130.965, -0.7191,  127, 64, 0
L -541.028, 130.965, -0.7191, -548.936, 132.483, -0.7191,  127, 64, 0
L -548.936, 132.483, -0.7191, -558.39, 134.691, -0.7191,  127, 64, 0
L -558.39, 134.691, -0.7191, -569.609, 138.861, -0.7191,  127, 64, 0
L -569.609, 138.861, -0.7191, -578.374, 141.213, -0.7191,  127, 64, 0
L -578.374, 141.213, -0.7191, -587.24, 144.823, -0.7191,  127, 64, 0
L -587.24, 144.823, -0.7191, -632.63, 167.893, -0.7191,  127, 64, 0
L -632.63, 167.893, -0.7191, -641.073, 172.502, -0.7191,  127, 64, 0
L -641.073, 172.502, -0.7191, -647.682, 176.443, -0.7191,  127, 64, 0
L -647.682, 176.443, -0.7191, -671.641, 192.448, -0.7191,  127, 64, 0
L -671.641, 192.448, -0.7191, -679.348, 197.976, -0.7191,  127, 64, 0
L -679.348, 197.976, -0.7191, -690.559, 206.733, -0.7191,  127, 64, 0
L -690.559, 206.733, -0.7191, -698.914, 214.165, -0.7191,  127, 64, 0
L -698.914, 214.165, -0.7191, -704.317, 219.89, -0.7191,  127, 64, 0
L -704.317, 219.89, -0.7191, -710.551, 226.829, -0.7191,  127, 64, 0
L -710.551, 226.829, -0.7191, -714.841, 234.444, -0.7191,  127, 64, 0
L -714.841, 234.444, -0.7191, -728.934, 260.298, -0.7191,  127, 64, 0
L -728.934, 260.298, -0.7191, -750.691, 304.343, -0.7191,  127, 64, 0
L -750.691, 304.343, -0.7191, -754.282, 313.264, -0.7191,  127, 64, 0
L -754.282, 313.264, -0.7191, -757.415, 323.86, -0.7191,  127, 64, 0
L -757.415, 323.86, -0.7191, -761.448, 345.543, -0.7191,  127, 64, 0
L -761.448, 345.543, -0.7191, -765.497, 381.473, -0.7191,  127, 64, 0
L -765.497, 381.473, -0.7191, -770.161, 403.897, -0.7191,  127, 64, 0
L -770.161, 403.897, -0.7191, -789.541, 483.281, -0.7191,  127, 64, 0
L -789.541, 483.281, -0.7191, -798.205, 506.47, -0.7191,  127, 64, 0
L -798.205, 506.47, -0.7191, -810.235, 537.106, -0.7191,  127, 64, 0
L -810.235, 537.106, -0.7191, -823.545, 569.498, -0.7191,  127, 64, 0
L -823.545, 569.498, -0.7191, -829.178, 582.587, -0.7191,  127, 64, 0
L -829.178, 582.587, -0.7191, -893.515, 679.491, -0.7217,  127, 64, 0
L -847.035, 610.36, -0.7191, -893.515, 679.491, -0.7217,  127, 64, 0
L -893.515, 679.491, -0.7217, -905.84, 702.514, -0.7205,  127, 64, 0
L -905.84, 702.514, -0.7205, -915.639, 722.173, -0.7254,  127, 64, 0
L -915.639, 722.173, -0.7254, -922.607, 739.913, -0.5098,  127, 64, 0
L -922.607, 739.913, -0.5098, -926.422, 748.731, -0.4454,  127, 64, 0
L -926.422, 748.731, -0.4454, -927.571, 756.125, -0.4657,  127, 64, 0
L -927.571, 756.125, -0.4657, -929.199, 767.37, -0.6836,  127, 64, 0
L -929.199, 767.37, -0.6836, -932.084, 813.818, -0.8692,  127, 64, 0
L -932.084, 813.818, -0.8692, -933.6, 819.402, -0.8812,  127, 64, 0
L -933.6, 819.402, -0.8812, -937.206, 836.297, -0.7699,  127, 64, 0
L -937.206, 836.297, -0.7699, -937.61, 841.869, -0.7291,  127, 64, 0
L -937.61, 841.869, -0.7291, -938.355, 843.563, -0.7221,  127, 64, 0
L -938.355, 843.563, -0.7221, -937.28, 856.324, -0.7230,  127, 64, 0
L -937.28, 856.324, -0.7230, -927.686, 915.543, -0.7191,  127, 64, 0
L -927.686, 915.543, -0.7191, -922.039, 965.523, -0.7191,  127, 64, 0
L -922.039, 965.523, -0.7191, -920.921, 981.19, -0.7191,  127, 64, 0
L -920.921, 981.19, -0.7191, -920.405, 994.111, -0.7191,  127, 64, 0
L -920.405, 994.111, -0.7191, -920.938, 1118.331, -0.7191,  127, 64, 0
L -920.938, 1118.331, -0.7191, -920.511, 1125.549, -0.7191,  127, 64, 0
L -920.511, 1125.549, -0.7191, -920.672, 1128.644, -0.7191,  127, 64, 0
L -920.672, 1128.644, -0.7191, -917.236, 1136.236, -0.7191,  127, 64, 0
L -917.236, 1136.236, -0.7191, -902.584, 1164.461, -0.7069,  127, 64, 0
L -902.584, 1164.461, -0.7069, -896.892, 1173.671, -0.6913,  127, 64, 0
L -896.892, 1173.671, -0.6913, -891.38, 1181.536, -0.6228,  127, 64, 0
L -891.38, 1181.536, -0.6228, -885.311, 1187.869, -0.6132,  127, 64, 0
L -885.311, 1187.869, -0.6132, -878.72, 1194.272, -0.6150,  127, 64, 0
L -878.72, 1194.272, -0.6150, -867.965, 1201.955, -0.6972,  127, 64, 0
L -707.311, 179.922, -0.7177, -694.994, 170.534, -0.7191,  127, 64, 0
L -694.994, 170.534, -0.7191, -689.087, 166.41, -0.7191,  127, 64, 0
L -689.087, 166.41, -0.7191, -673.164, 156.346, -0.7191,  127, 64, 0
L -673.164, 156.346, -0.7191, -666.493, 152.543, -0.7191,  127, 64, 0
L -666.493, 152.543, -0.7191, -592.855, 119.742, -0.7191,  127, 64, 0
L -592.855, 119.742, -0.7191, -587.522, 117.376, -0.7191,  127, 64, 0
L -587.522, 117.376, -0.7191, -582.195, 115.812, -0.7191,  127, 64, 0
L -582.195, 115.812, -0.7191, -573.675, 113.387, -0.7191,  127, 64, 0
L -573.675, 113.387, -0.7191, -567.534, 111.951, -0.7191,  127, 64, 0
L -567.534, 111.951, -0.7191, -549.901, 108.889, -0.7191,  127, 64, 0
L -549.901, 108.889, -0.7191, -540.924, 107.511, -0.3701,  127, 64, 0
L -540.924, 107.511, -0.3701, -533.638, 106.588, -0.5732,  127, 64, 0
L -533.638, 106.588, -0.5732, -524.588, 106.141, -0.4088,  127, 64, 0
L -524.588, 106.141, -0.4088, -494.68, 107.2, -0.7191,  127, 64, 0
L -494.68, 107.2, -0.7191, -469.905, 106.261, -0.7191,  127, 64, 0
L -469.905, 106.261, -0.7191, -429.312, 102.922, -0.4783,  127, 64, 0
L -429.312, 102.922, -0.4783, -411.115, 100.572, -0.6657,  127, 64, 0
L -411.115, 100.572, -0.6657, -402.412, 98.923, -0.7191,  127, 64, 0
L -402.412, 98.923, -0.7191, -400.412, 98.437, -0.7191,  127, 64, 0
L -400.412, 98.437, -0.7191, -392.506, 95.994, -0.7191,  127, 64, 0
L -392.506, 95.994, -0.7191, -383.416, 92.463, -0.7191,  127, 64, 0
L -383.416, 92.463, -0.7191, -354.209, 73.185, -0.7191,  127, 64, 0
L -354.209, 73.185, -0.7191, -330.194, 56.379, -0.7191,  127, 64, 0
L -330.194, 56.379, -0.7191, -319.227, 47.883, -0.7191,  127, 64, 0
L -319.227, 47.883, -0.7191, -316.891, 45.863, -0.6914,  127, 64, 0
L -316.891, 45.863, -0.6914, -309.505, 39.218, 1.7370,  127, 64, 0
L -309.505, 39.218, 1.7370, -301.845, 32.757, 3.6631,  127, 64, 0
L -301.845, 32.757, 3.6631, -294.21, 27.201, 5.8474,  127, 64, 0
L -294.21, 27.201, 5.8474, -286.062, 21.593, 8.6821,  127, 64, 0
L -286.062, 21.593, 8.6821, -276.989, 15.435, 12.9819,  127, 64, 0
L -276.989, 15.435, 12.9819, -268.936, 10.166, 16.4825,  127, 64, 0
L -268.936, 10.166, 16.4825, -260.395, 4.663, 19.6034,  127, 64, 0
L -260.395, 4.663, 19.6034, -247.326, -3.966, 25.2213,  127, 64, 0
L -247.326, -3.966, 25.2213, -239.637, -9.526, 28.1929,  127, 64, 0
L -239.637, -9.526, 28.1929, -232.173, -15.604, 31.1021,  127, 64, 0
L -232.173, -15.604, 31.1021, -225.862, -20.446, 34.7115,  127, 64, 0
L -225.862, -20.446, 34.7115, -225.12, -21.756, 35.8180,  127, 64, 0
L -225.12, -21.756, 35.8180, -215.312, -39.285, 41.5694,  127, 64, 0
L -215.312, -39.285, 41.5694, -213.485, -42.16, 42.5116,  127, 64, 0
L -213.485, -42.16, 42.5116, -209.017, -49.604, 44.3980,  127, 64, 0
L -209.017, -49.604, 44.3980, -207.601, -51.834, 44.7008,  127, 64, 0
L -207.601, -51.834, 44.7008, -206.669, -53.256, 45.6099,  127, 64, 0
L -206.669, -53.256, 45.6099, -203.597, -57.769, 46.9986,  127, 64, 0
L -203.597, -57.769, 46.9986, -189.906, -77.229, 50.5247,  127, 64, 0
L -189.906, -77.229, 50.5247, -190.601, -78.661, 50.6552,  127, 64, 0
L -190.601, -78.661, 50.6552, -190.306, -90.765, 54.9157,  127, 64, 0
L -190.306, -90.765, 54.9157, -191.301, -92.621, 56.1180,  127, 64, 0
L -191.301, -92.621, 56.1180, -191.958, -95.999, 58.7430,  127, 64, 0
L -191.958, -95.999, 58.7430, -192.865, -97.519, 58.9737,  127, 64, 0
L -192.865, -97.519, 58.9737, -194.281, -98.757, 59.5546,  127, 64, 0
L -194.281, -98.757, 59.5546, -201.849, -104.427, 62.8269,  127, 64, 0
L -201.849, -104.427, 62.8269, -203.423, -105.361, 63.4724,  127, 64, 0
L -203.423, -105.361, 63.4724, -205.046, -106.209, 63.9921,  127, 64, 0
L -205.046, -106.209, 63.9921, -213.602, -110.302, 67.9127,  127, 64, 0
L -213.602, -110.302, 67.9127, -217.133, -111.832, 69.4124,  127, 64, 0
L -217.133, -111.832, 69.4124, -239.16, -120.252, 80.6577,  127, 64, 0
L -239.16, -120.252, 80.6577, -257.332, -127.605, 90.5728,  127, 64, 0
L -257.332, -127.605, 90.5728, -266.669, -131.38, 96.7112,  127, 64, 0
L -266.669, -131.38, 96.7112, -304.389, -144.463, 116.8420,  127, 64, 0
L -304.389, -144.463, 116.8420, -313.662, -147.898, 119.3422,  127, 64, 0
L -313.662, -147.898, 119.3422, -322.928, -150.94, 122.7005,  127, 64, 0
L -322.928, -150.94, 122.7005, -332.165, -153.627, 126.5086,  127, 64, 0
L -332.165, -153.627, 126.5086, -349.872, -158.604, 137.5432,  127, 64, 0
L -349.872, -158.604, 137.5432, -353.902, -159.544, 140.3480,  127, 64, 0
L -353.902, -159.544, 140.3480, -355.289, -159.63, 140.7939,  127, 64, 0
L -355.289, -159.63, 140.7939, -364.515, -160.654, 144.9875,  127, 64, 0
L -364.515, -160.654, 144.9200, -357.927, -185.726, 137.7709,  127, 64, 0
L -357.927, -185.726, 137.7709, -188.2, -110.232, 61.1514,  127, 64, 0
L -188.2, -110.232, 61.1514, -179.112, -106.696, 58.1570,  127, 64, 0
L -179.112, -106.696, 58.1570, -177.947, -106.236, 57.4427,  127, 64, 0
L -177.947, -106.236, 57.4427, -170.4, -104.148, 55.3363,  127, 64, 0
L -170.4, -104.148, 55.3363, -168.916, -103.819, 55.1989,  127, 64, 0
L -168.916, -103.819, 55.1989, -164.198, -103.224, 53.6933,  127, 64, 0
L -164.198, -103.224, 53.6933, -162.731, -102.87, 53.5645,  127, 64, 0
L -162.731, -102.87, 53.5645, -157.729, -102.625, 52.2775,  127, 64, 0
L -157.729, -102.625, 52.2775, -146.031, -103.232, 50.8006,  127, 64, 0
L -146.031, -103.232, 50.8006, -141.982, -103.652, 50.2359,  127, 64, 0
L -141.982, -103.652, 50.2359, -132.685, -104.987, 49.1841,  127, 64, 0
L -132.685, -104.987, 49.1841, -123.029, -106.647, 48.7353,  127, 64, 0
L -123.029, -106.647, 48.7353, -102.416, -110.549, 48.2760,  127, 64, 0
L -102.416, -110.549, 48.2760, -95.163, -111.622, 47.9474,  127, 64, 0
L -95.163, -111.622, 47.9474, -80.53, -112.71, 46.2015,  127, 64, 0
L -80.53, -112.71, 46.2015, -70.203, -113.534, 44.2972,  127, 64, 0
L -70.203, -113.534, 44.2972, -69.404, -113.75, 44.1345,  127, 64, 0
L -69.404, -113.75, 44.1345, -65.98, -114.381, 43.3258,  127, 64, 0
L -65.98, -114.381, 43.3258, -65.371, -114.751, 42.8408,  127, 64, 0
L -65.371, -114.751, 42.8408, -61.311, -116.146, 42.3500,  127, 64, 0
L -61.311, -116.146, 42.3500, -58.322, -117.454, 41.5234,  127, 64, 0
L -58.322, -117.454, 41.5234, -57.094, -118.951, 41.1377,  127, 64, 0
L -57.094, -118.951, 41.1377, -55.41, -119.108, 40.8868,  127, 64, 0
L -55.41, -119.108, 40.8868, -53.83, -120.2, 40.4938,  127, 64, 0
L -53.83, -120.2, 40.4938, -52.301, -121.365, 40.2912,  127, 64, 0
L -52.301, -121.365, 40.2912, -48.788, -124.343, 39.6372,  127, 64, 0
L -48.788, -124.343, 39.6372, -45.385, -127.642, 39.1529,  127, 64, 0
L -45.385, -127.642, 39.1529, -43.175, -130.163, 38.8922,  127, 64, 0
L -43.175, -130.163, 38.8922, -41.193, -132.92, 38.6865,  127, 64, 0
L -41.193, -132.92, 38.6865, -38.952, -136.888, 38.5210,  127, 64, 0
L -38.952, -136.888, 38.5210, -38.105, -138.642, 38.2278,  127, 64, 0
L -38.105, -138.642, 38.2278, -37.588, -139.983, 38.1433,  127, 64, 0
L -37.588, -139.983, 38.1433, -29.387, -161.181, 39.3684,  127, 64, 0
L -29.387, -161.181, 39.3684, -25.874, -169.652, 40.2875,  127, 64, 0
L -25.874, -169.652, 40.2875, -22.182, -177.948, 40.7710,  127, 64, 0
L -22.182, -177.948, 40.7710, -15.956, -190.688, 42.4269,  127, 64, 0
L -15.956, -190.688, 42.4269, -1.595, -218.11, 45.2060,  127, 64, 0
L -1.595, -218.11, 45.2060, 14.679, -253.308, 45.4078,  127, 64, 0
L 14.679, -253.308, 45.4078, 16.721, -256.827, 45.4457,  127, 64, 0
L 16.721, -256.827, 45.4457, 21.011, -263.464, 45.8841,  127, 64, 0
L 21.011, -263.464, 45.8841, 22.752, -265.262, 45.9224,  127, 64, 0
L 22.752, -265.262, 45.9224, 25.692, -268.631, 45.6011,  127, 64, 0
L 25.692, -268.631, 45.6011, 31.072, -274.652, 45.1454,  127, 64, 0
L 31.072, -274.652, 45.1454, 36.643, -278.971, 44.6846,  127, 64, 0
L 36.643, -278.971, 44.6846, 53.937, -291.306, 43.5339,  127, 64, 0
L 53.937, -291.306, 43.5339, 58.092, -294.403, 43.3295,  127, 64, 0
L 58.092, -294.403, 43.3295, 61.05, -296.776, 43.2079,  127, 64, 0
L 61.05, -296.776, 43.2079, 64.952, -298.754, 43.1799,  127, 64, 0
L 64.952, -298.754, 43.1799, 70.934, -300.688, 43.7944,  127, 64, 0
L 70.934, -300.688, 43.7944, 75.864, -302.442, 43.9491,  127, 64, 0
L 75.864, -302.442, 43.9491, 85.131, -305.615, 43.7376,  127, 64, 0
L 85.131, -305.615, 43.7376, 94.263, -308.486, 43.3012,  127, 64, 0
L 94.263, -308.486, 43.3012, 103.371, -311.125, 43.2747,  127, 64, 0
L 103.371, -311.125, 43.2747, 112.929, -313.654, 43.6296,  127, 64, 0
L 112.929, -313.654, 43.6296, 122.119, -315.802, 44.7310,  127, 64, 0
L 122.119, -315.802, 44.7310, 141.191, -320.835, 46.4247,  127, 64, 0
L 141.191, -320.835, 46.4247, 153.995, -323.828, 48.5268,  127, 64, 0
L 153.995, -323.828, 48.5268, 162.387, -325.454, 50.3449,  127, 64, 0
L 162.387, -325.454, 50.3449, 163.992, -326.158, 50.6570,  127, 64, 0
L 163.992, -326.158, 50.6570, 169.006, -328.484, 52.6000,  127, 64, 0
L 169.006, -328.484, 52.6000, 181.635, -334.186, 55.5506,  127, 64, 0
L 181.635, -334.186, 55.5506, 185.585, -336.639, 56.8239,  127, 64, 0
L 185.585, -336.639, 56.8239, 188.257, -338.516, 57.5206,  127, 64, 0
L 188.257, -338.516, 57.5206, 192.185, -341.48, 59.4132,  127, 64, 0
L 192.185, -341.48, 59.4132, 197.121, -345.684, 61.3817,  127, 64, 0
L 197.121, -345.684, 61.3817, 200.515, -349.118, 62.8153,  127, 64, 0
L 200.515, -349.118, 62.8153, 201.6, -350.367, 63.2256,  127, 64, 0
L 201.6, -350.367, 63.2256, 203.794, -353.136, 64.3657,  127, 64, 0
L 203.794, -353.136, 64.3657, 206.953, -357.585, 65.9166,  127, 64, 0
L 206.953, -357.585, 65.9166, 210.174, -363.563, 67.8481,  127, 64, 0
L 210.174, -363.563, 67.8481, 213.255, -367.455, 69.2608,  127, 64, 0
L 213.255, -367.455, 69.2608, 214.942, -372.558, 70.5442,  127, 64, 0
L 214.942, -372.558, 70.5442, 216.842, -379.103, 72.2413,  127, 64, 0
L 216.842, -379.103, 72.2413, 218.1, -386.452, 73.8975,  127, 64, 0
L 218.1, -386.452, 73.8975, 219.753, -393.413, 76.5267,  127, 64, 0
L 219.753, -393.413, 78.7670, 217.399, -431.707, 78.9290,  127, 64, 0
L 217.399, -431.707, 78.9290, 216.912, -438.13, 78.2883,  127, 64, 0
L 216.912, -438.13, 78.2883, 216.736, -439.713, 78.5250,  127, 64, 0
L 216.736, -439.713, 78.5250, 216.102, -443.313, 77.7466,  127, 64, 0
L 216.102, -443.313, 77.7466, 214.87, -449.132, 77.9201,  127, 64, 0
L 214.87, -449.132, 77.9201, 213.659, -453.296, 78.2707,  127, 64, 0
L 213.659, -453.296, 78.2707, 213.049, -455.12, 78.2613,  127, 64, 0
L 213.049, -455.12, 78.2613, 211.407, -459.916, 75.7976,  127, 64, 0
L 211.407, -459.916, 75.7976, 210.762, -461.646, 75.5340,  127, 64, 0
L 210.762, -461.646, 75.5340, 210.071, -463.45, 75.7370,  127, 64, 0
L 210.071, -463.45, 75.7370, 208.103, -468.498, 74.3341,  127, 64, 0
L 208.103, -468.498, 74.3341, 207.055, -471.165, 73.7229,  127, 64, 0
L 207.055, -471.165, 73.7229, 206.486, -472.33, 73.5370,  127, 64, 0
L 206.486, -472.33, 73.5370, 202.486, -481.372, 69.4188,  127, 64, 0
L 202.486, -481.372, 69.4188, 196.945, -494.912, 65.4969,  127, 64, 0
L 196.945, -494.912, 65.4969, 195.246, -497.5, 64.5237,  127, 64, 0
L 195.246, -497.5, 64.5237, 194.63, -498.293, 63.7695,  127, 64, 0
L 194.63, -498.293, 63.7695, 193.955, -500.846, 62.8984,  127, 64, 0
L 193.955, -500.846, 62.8984, 192.648, -502.153, 62.6161,  127, 64, 0
L 192.648, -502.153, 62.6161, 191.923, -503.491, 62.1499,  127, 64, 0
L 191.923, -503.491, 62.1499, 191.224, -504.74, 61.5563,  127, 64, 0
L 191.224, -504.74, 61.5563, 190.546, -505.898, 60.8667,  127, 64, 0
L 190.546, -505.898, 60.8667, 189.777, -507.158, 60.4110,  127, 64, 0
L 189.777, -507.158, 60.4110, 188.93, -508.475, 60.1724,  127, 64, 0
L 188.93, -508.475, 60.1724, 187.79, -510.188, 59.5835,  127, 64, 0
L 187.79, -510.188, 59.5835, 187.029, -511.292, 59.5590,  127, 64, 0
L 187.029, -511.292, 59.5590, 185.831, -512.965, 58.8342,  127, 64, 0
L 185.831, -512.965, 58.8342, 184.114, -515.256, 57.9799,  127, 64, 0
L 184.114, -515.256, 57.9799, 181.77, -518.25, 57.2486,  127, 64, 0
L 181.77, -518.25, 57.2486, 180.894, -519.325, 56.8160,  127, 64, 0
L 180.894, -519.325, 56.8160, 177.601, -523.393, 55.6623,  127, 64, 0
L 177.601, -523.393, 55.6623, 175.366, -525.165, 54.6000,  127, 64, 0
L 175.366, -525.165, 54.6000, 174.252, -526.133, 54.4707,  127, 64, 0
L 174.252, -526.133, 54.4707, 172.516, -527.543, 53.9542,  127, 64, 0
L 172.516, -527.543, 53.9542, 170.694, -528.915, 53.1799,  127, 64, 0
L 170.694, -528.915, 53.1799, 163.751, -533.577, 51.6625,  127, 64, 0
L 163.751, -533.577, 51.6625, 155.753, -538.334, 50.4059,  127, 64, 0
L 155.753, -538.334, 50.4059, 151.976, -540.38, 49.8781,  127, 64, 0
L 151.976, -540.38, 49.8781, 148.245, -542.68, 49.2672,  127, 64, 0
L 148.245, -542.68, 49.2672, 138.543, -546.5, 47.8594,  127, 64, 0
L 138.543, -546.5, 47.8594, 96.558, -562.36, 44.6497,  127, 64, 0
L 96.558, -562.36, 44.6497, 84.159, -567.845, 44.2807,  127, 64, 0
L 84.159, -567.845, 44.2807, 47.229, -585.986, 44.2807,  127, 64, 0
L 47.229, -585.986, 44.2807, 38.153, -590.276, 44.2807,  127, 64, 0
L 38.153, -590.276, 44.2807, 21.924, -599.75, 44.2807,  127, 64, 0
L 21.924, -599.75, 44.2807, 13.6, -604.921, 44.2807,  127, 64, 0
L 13.6, -604.921, 44.2807, 5.459, -610.435, 44.2807,  127, 64, 0
L 5.459, -610.435, 44.2807, -10.056, -621.673, 44.2807,  127, 64, 0
L -10.056, -621.673, 44.2807, -24.823, -633.653, 44.2807,  127, 64, 0
L -24.823, -633.653, 44.2807, -68.109, -672.84, 44.2807,  127, 64, 0
L -68.109, -672.84, 44.2807, -84.177, -688.216, 44.2807,  127, 64, 0
L -84.177, -688.216, 44.2807, -93.371, -697.687, 44.2807,  127, 64, 0
L -93.371, -697.687, 44.2807, -101.37, -707.211, 44.2807,  127, 64, 0
L -101.37, -707.211, 44.2807, -110.673, -720.192, 44.2807,  127, 64, 0
L -110.673, -720.192, 44.2807, -116.509, -729.577, 44.2807,  127, 64, 0
L -116.509, -729.577, 44.2807, -174.702, -832.463, 44.2807,  127, 64, 0
L -174.702, -832.463, 44.2807, -177.246, -838.859, 44.2807,  127, 64, 0
L -177.246, -838.859, 44.2807, -179.289, -843.814, 44.2807,  127, 64, 0
L -179.289, -843.814, 44.2807, -180.564, -848.656, 44.2807,  127, 64, 0
L -180.564, -848.656, 44.2807, -181.552, -854.294, 44.2807,  127, 64, 0
L -181.552, -854.294, 44.2807, -182.155, -859.807, 44.2807,  127, 64, 0
L -182.155, -859.807, 44.2807, -181.671, -875.676, 44.2807,  127, 64, 0
L -181.671, -875.676, 44.2807, -179.046, -890.951, 44.2807,  127, 64, 0
L -179.046, -890.951, 44.2807, -170.282, -931.901, 44.2807,  127, 64, 0
L -170.282, -931.901, 44.2807, -169.175, -938.839, 44.3100,  127, 64, 0
L -169.175, -938.839, 44.3100, -169.002, -940.62, 44.4911,  127, 64, 0
L -169.002, -940.62, 44.4911, -169.442, -958.775, 46.4590,  127, 64, 0
L -169.442, -958.775, 46.4590, -169.848, -960.493, 46.4861,  127, 64, 0
L -169.848, -960.493, 46.4861, -170.998, -966.326, 46.8369,  127, 64, 0
L -170.998, -966.326, 46.8369, -173.595, -973.743, 47.4196,  127, 64, 0
L -173.595, -973.743, 47.4196, -175.51, -978.373, 47.7239,  127, 64, 0
L -175.51, -978.373, 47.7239, -178.309, -984.322, 47.7385,  127, 64, 0
L -178.309, -984.322, 47.7385, -180.232, -987.325, 48.1002,  127, 64, 0
L -180.232, -987.325, 48.1002, -180.608, -988.469, 48.4472,  127, 64, 0
L -180.608, -988.469, 48.4472, -182.935, -991.939, 49.6492,  127, 64, 0
L -182.935, -991.939, 49.6492, -184.063, -993.51, 50.7710,  127, 64, 0
L -184.063, -993.51, 50.7710, -185.46, -995.929, 50.2456,  127, 64, 0
L -185.46, -995.929, 50.2456, -187.274, -998.37, 50.8682,  127, 64, 0
L -187.274, -998.37, 50.8682, -191.972, -1004.236, 52.6916,  127, 64, 0
L -191.972, -1004.236, 52.6916, -194.939, -1007.763, 55.4290,  127, 64, 0
L -194.939, -1007.763, 55.4290, -203.353, -1017.282, 57.4236,  127, 64, 0
L -203.353, -1017.282, 57.4236, -206.908, -1020.776, 58.4545,  127, 64, 0
L -206.908, -1020.776, 58.4545, -211.387, -1024.501, 59.7162,  127, 64, 0
L -211.387, -1024.501, 59.7162, -218.409, -1030.926, 61.7942,  127, 64, 0
L -218.409, -1030.926, 61.7942, -220.007, -1031.746, 62.1054,  127, 64, 0
L -220.007, -1031.746, 62.1054, -221.553, -1032.408, 62.5553,  127, 64, 0
L -221.553, -1032.408, 62.5553, -231.058, -1036.388, 64.4163,  127, 64, 0
L -231.058, -1036.388, 64.4163, -258.195, -1047.785, 66.9724,  127, 64, 0
L -258.195, -1047.785, 66.9724, -267.292, -1051.425, 68.1247,  127, 64, 0
L -267.292, -1051.425, 68.1247, -279.335, -1056.127, 70.7670,  127, 64, 0
L -279.335, -1056.127, 70.7670, -288.521, -1059.538, 73.3084,  127, 64, 0
L -288.521, -1059.538, 73.3084, -317.05, -1069.308, 85.9740,  127, 64, 0
L -317.05, -1069.308, 85.9740, -330.602, -1073.967, 91.7986,  127, 64, 0
L -330.602, -1073.967, 91.7986, -332.289, -1074.324, 92.4218,  127, 64, 0
L -332.289, -1074.324, 92.4218, -341.683, -1076.486, 96.7690,  127, 64, 0
L -341.683, -1076.486, 96.7690, -362.893, -1083.299, 107.4685,  127, 64, 0
L -362.893, -1083.299, 107.4685, -382.1, -1089.907, 116.5818,  127, 64, 0
L -382.1, -1089.907, 116.5818, -439.642, -1110.747, 140.4942,  127, 64, 0
L -439.642, -1110.747, 140.4942, -449.594, -1114.269, 144.1681,  127, 64, 0
L -449.594, -1114.269, 144.1681, -459.446, -1117.184, 147.4228,  127, 64, 0
L -459.446, -1117.184, 147.4228, -492.292, -1127.816, 156.9608,  127, 64, 0
L -492.292, -1127.816, 156.9608, -498.549, -1130.101, 158.8488,  127, 64, 0
L -498.549, -1130.101, 158.8488, -499.899, -1130.696, 159.2443,  127, 64, 0
L -499.899, -1130.696, 159.2443, -508.367, -1134.758, 161.1244,  127, 64, 0
L -508.367, -1134.758, 161.1244, -515.014, -1138.449, 162.5697,  127, 64, 0
L -515.014, -1138.449, 162.5697, -518.869, -1141.486, 163.4510,  127, 64, 0
L -518.869, -1141.486, 163.4510, -521.557, -1143.573, 164.2477,  127, 64, 0
L -521.557, -1143.573, 164.2477, -525.688, -1146.618, 165.6639,  127, 64, 0
L -525.688, -1146.618, 165.6639, -528.504, -1149.431, 166.6509,  127, 64, 0
L -528.504, -1149.431, 166.6509, -530.107, -1151.178, 167.3956,  127, 64, 0
L -530.107, -1151.178, 167.3956, -534.699, -1156.723, 168.2565,  127, 64, 0
L -534.699, -1156.723, 168.2565, -542.209, -1167.223, 169.7249,  127, 64, 0
L -542.209, -1167.223, 169.7249, -549.532, -1178.377, 171.3157,  127, 64, 0
L -549.532, -1178.377, 171.3157, -553.334, -1184.66, 172.1057,  127, 64, 0
L -553.334, -1184.66, 172.1057, -555.629, -1188.609, 172.7990,  127, 64, 0
L -555.629, -1188.609, 172.7990, -560.502, -1197.274, 174.6475,  127, 64, 0
L -560.502, -1197.274, 174.6475, -576.545, -1224.18, 177.9961,  127, 64, 0
L -576.545, -1224.18, 177.9961, -581.949, -1233.851, 178.7762,  127, 64, 0
L -581.949, -1233.851, 178.7762, -585.44, -1238.892, 179.5953,  127, 64, 0
L -585.44, -1238.892, 179.5953, -591.001, -1246.743, 179.4703,  127, 64, 0
L -591.001, -1246.743, 179.4703, -602.21, -1262.658, 176.7832,  127, 64, 0
L -602.21, -1262.658, 176.7832, -609.499, -1273.697, 174.6271,  127, 64, 0
L -609.499, -1273.697, 174.6271, -610.55, -1274.627, 174.1587,  127, 64, 0
L -610.55, -1274.627, 174.1587, -612.065, -1276.951, 173.7556,  127, 64, 0
L -612.065, -1276.951, 173.7556, -613.022, -1278.516, 173.1644,  127, 64, 0
L -613.022, -1278.516, 173.1644, -614.063, -1280.292, 172.7814,  127, 64, 0
L -614.063, -1280.292, 172.7814, -618.229, -1287.702, 170.7417,  127, 64, 0
L -618.229, -1287.702, 170.7417, -619.103, -1289.366, 170.4780,  127, 64, 0
L -619.103, -1289.366, 170.4780, -619.65, -1290.443, 169.9324,  127, 64, 0
L -619.65, -1290.443, 169.9324, -625.605, -1300.901, 167.3026,  127, 64, 0
L -625.605, -1300.901, 167.3026, -625.497, -1302.525, 166.7490,  127, 64, 0
L -625.497, -1302.525, 166.7490, -632.589, -1318.175, 163.4541,  127, 64, 0
L -632.589, -1318.175, 163.4541, -635.556, -1325.131, 161.2834,  127, 64, 0
L -635.556, -1325.131, 161.2834, -636.244, -1326.783, 160.2204,  127, 64, 0
L -636.244, -1326.783, 160.2204, -636.954, -1328.524, 160.1150,  127, 64, 0
L -636.954, -1328.524, 160.1150, -637.663, -1330.312, 159.5115,  127, 64, 0
L -637.663, -1330.312, 159.5115, -638.35, -1332.109, 158.7316,  127, 64, 0
L -638.35, -1332.109, 158.7316, -639.636, -1335.594, 156.7051,  127, 64, 0
L -639.636, -1335.594, 156.7051, -640.228, -1337.283, 156.5158,  127, 64, 0
L -640.228, -1337.283, 156.5158, -641.218, -1338.937, 156.9400,  127, 64, 0
L -641.218, -1338.937, 156.9400, -641.349, -1340.682, 155.3976,  127, 64, 0
L -641.349, -1340.682, 155.3976, -641.911, -1342.475, 154.5015,  127, 64, 0
L -641.911, -1342.475, 154.5015, -642.462, -1344.272, 154.2929,  127, 64, 0
L -642.462, -1344.272, 154.2929, -643.241, -1346.841, 153.5263,  127, 64, 0
L -643.241, -1346.841, 153.5263, -644.304, -1350.54, 152.8180,  127, 64, 0
L -644.304, -1350.54, 152.8180, -644.835, -1352.135, 152.2906,  127, 64, 0
L -644.835, -1352.135, 152.2906, -645.198, -1353.82, 151.9225,  127, 64, 0
L -645.198, -1353.82, 151.9225, -646.537, -1358.881, 150.4636,  127, 64, 0
L -646.537, -1358.881, 150.4636, -646.983, -1360.615, 150.2741,  127, 64, 0
L -646.983, -1360.615, 150.2741, -647.444, -1362.437, 149.8048,  127, 64, 0
L -647.444, -1362.437, 149.8048, -647.651, -1363.261, 149.5072,  127, 64, 0
L -647.651, -1363.261, 149.5072, -648.559, -1366.955, 148.7513,  127, 64, 0
L -648.559, -1366.955, 148.7513, -648.944, -1368.565, 148.2524,  127, 64, 0
L -648.944, -1368.565, 148.2524, -649.348, -1370.309, 147.9533,  127, 64, 0
L -649.348, -1370.309, 147.9533, -652.516, -1386.553, 147.5065,  127, 64, 0
L -652.516, -1386.553, 147.5065, -653.204, -1391.109, 147.1826,  127, 64, 0
L -653.204, -1391.109, 147.1826, -653.703, -1394.473, 146.7855,  127, 64, 0
L -653.703, -1394.473, 146.7855, -653.986, -1396.376, 146.3064,  127, 64, 0
L -653.986, -1396.376, 146.3064, -654.386, -1399.761, 145.3132,  127, 64, 0
L -654.386, -1399.761, 145.3132, -654.642, -1400.802, 145.1330,  127, 64, 0
L -654.642, -1400.802, 145.1330, -655.029, -1403.414, 144.4131,  127, 64, 0
L -655.029, -1403.414, 144.4131, -655.279, -1405.954, 143.6982,  127, 64, 0
L -655.279, -1405.954, 143.6982, -655.675, -1407.841, 143.2944,  127, 64, 0
L -655.675, -1407.841, 143.2944, -655.913, -1409.57, 142.7413,  127, 64, 0
L -655.913, -1409.57, 142.7413, -657.301, -1420.128, 140.2006,  127, 64, 0
L -657.301, -1420.128, 140.2006, -658.274, -1424.808, 138.3556,  127, 64, 0
L -658.274, -1424.808, 138.3556, -657.997, -1425.769, 137.3380,  127, 64, 0
L -657.997, -1425.769, 137.3380, -658.441, -1429.366, 136.6946,  127, 64, 0
L -658.441, -1429.366, 136.6946, -658.639, -1431.543, 136.5080,  127, 64, 0
L -658.639, -1431.543, 136.5080, -659.237, -1436.39, 134.8231,  127, 64, 0
L -659.237, -1436.39, 134.8231, -660.868, -1452.563, 132.3676,  127, 64, 0
L -660.868, -1452.563, 132.3676, -663.857, -1482.424, 128.3728,  127, 64, 0
L -663.857, -1482.424, 128.3728, -664.506, -1489.143, 127.5180,  127, 64, 0
L -664.506, -1489.143, 127.5180, -664.69, -1490.885, 126.4279,  127, 64, 0
L -664.69, -1490.885, 126.4279, -665.123, -1495.293, 125.5375,  127, 64, 0
L -665.123, -1495.293, 125.5375, -665.29, -1496.985, 124.9260,  127, 64, 0
L -665.29, -1496.985, 124.9260, -666.583, -1510.121, 122.9907,  127, 64, 0
L -666.583, -1510.121, 122.9907, -667.644, -1520.492, 122.1560,  127, 64, 0
L -667.644, -1520.492, 122.1560, -669.327, -1532.723, 120.4505,  127, 64, 0
L -669.327, -1532.723, 120.4505, -670.103, -1536.582, 120.2800,  127, 64, 0
L -670.103, -1536.582, 120.2800, -670.53, -1538.458, 119.6932,  127, 64, 0
L -670.53, -1538.458, 119.6932, -670.951, -1540.198, 119.5040,  127, 64, 0
L -670.951, -1540.198, 119.5040, -671.432, -1542.608, 119.1289,  127, 64, 0
L -671.432, -1542.608, 119.1289, -671.911, -1543.785, 118.9395,  127, 64, 0
L -671.911, -1543.785, 118.9395, -672.445, -1545.587, 118.5418,  127, 64, 0
L -672.445, -1545.587, 118.5418, -673.023, -1547.422, 118.3221,  127, 64, 0
L -673.023, -1547.422, 118.3221, -673.599, -1549.163, 117.9128,  127, 64, 0
L -673.599, -1549.163, 117.9128, -674.163, -1550.814, 117.7329,  127, 64, 0
L -674.163, -1550.814, 117.7329, -674.946, -1552.503, 117.3425,  127, 64, 0
L -674.946, -1552.503, 117.3425, -677.855, -1561.184, 116.2500,  127, 64, 0
L -677.855, -1561.184, 116.2500, -682.577, -1575.737, 114.6000,  127, 64, 0
L -682.577, -1575.737, 114.6000, -683.087, -1577.592, 114.1123,  127, 64, 0
L -683.087, -1577.592, 114.1123, -683.929, -1581.244, 113.5921,  127, 64, 0
L -683.929, -1581.244, 113.5921, -684.319, -1582.725, 113.7640,  127, 64, 0
L -684.319, -1582.725, 113.7640, -687.049, -1594.861, 111.5356,  127, 64, 0
L -687.049, -1594.861, 111.5356, -689.178, -1604.289, 109.3195,  127, 64, 0
L -689.178, -1604.289, 109.3195, -689.597, -1606.748, 109.1206,  127, 64, 0
L -689.597, -1606.748, 109.1206, -692.216, -1616.674, 106.2553,  127, 64, 0
L -690.25, -1608.817, 108.3049, -692.216, -1616.674, 106.2553,  127, 64, 0
L -690.699, -1610.642, 107.9081, -692.216, -1616.674, 106.2553,  127, 64, 0
L -692.216, -1616.674, 106.2553, -692.695, -1618.492, 105.9222,  127, 64, 0
L -692.695, -1618.492, 105.9222, -693.21, -1620.345, 105.2980,  127, 64, 0
L -693.21, -1620.345, 105.2980, -694.195, -1623.646, 104.6830,  127, 64, 0
L -694.195, -1623.646, 104.6830, -694.712, -1625.266, 104.1722,  127, 64, 0
L -694.712, -1625.266, 104.1722, -695.977, -1628.947, 103.3776,  127, 64, 0
L -695.977, -1628.947, 103.3776, -696.574, -1630.587, 102.7943,  127, 64, 0
L -696.574, -1630.587, 102.7943, -697.932, -1634.139, 102.1298,  127, 64, 0
L -697.932, -1634.139, 102.1298, -698.974, -1636.758, 101.1231,  127, 64, 0
L -698.974, -1636.758, 101.1231, -699.651, -1638.415, 100.9338,  127, 64, 0
L -699.651, -1638.415, 100.9338, -701.264, -1641.14, 100.6990,  127, 64, 0
L -701.264, -1641.14, 100.6990, -701.492, -1642.786, 99.3987,  127, 64, 0
L -701.492, -1642.786, 99.3987, -709.182, -1659.884, 95.2566,  127, 64, 0
L -709.182, -1659.884, 95.2566, -710.005, -1661.623, 94.5926,  127, 64, 0
L -710.005, -1661.623, 94.5926, -711.998, -1665.729, 93.5572,  127, 64, 0
L -711.998, -1665.729, 93.5572, -713.157, -1668.508, 92.6615,  127, 64, 0
L -713.157, -1668.508, 92.6615, -715.22, -1672.712, 91.6496,  127, 64, 0
L -715.22, -1672.712, 91.6496, -718.702, -1678.632, 89.5634,  127, 64, 0
L -718.702, -1678.632, 89.5634, -720.975, -1682.693, 88.5289,  127, 64, 0
L -720.975, -1682.693, 88.5289, -722.071, -1684.591, 87.7091,  127, 64, 0
L -722.071, -1684.591, 87.7091, -733.643, -1702.889, 82.6794,  127, 64, 0
L -733.643, -1702.889, 82.6794, -735.382, -1705.44, 81.6565,  127, 64, 0
L -735.382, -1705.44, 81.6565, -746.554, -1721.154, 78.5438,  127, 64, 0
L -746.554, -1721.154, 78.5438, -752.203, -1728.773, 76.7947,  127, 64, 0
L -752.203, -1728.773, 76.7947, -758.134, -1736.571, 74.5198,  127, 64, 0
L -758.134, -1736.571, 74.5198, -776.231, -1759.988, 70.1607,  127, 64, 0
L -776.231, -1759.988, 70.1607, -800.647, -1788.831, 66.4458,  127, 64, 0
L -800.647, -1788.831, 66.4458, -806.67, -1795.923, 66.5682,  127, 64, 0
L -806.67, -1795.923, 66.5682, -819.191, -1810.171, 68.5443,  127, 64, 0
L -819.191, -1810.171, 68.5443, -823.935, -1815.289, 69.1658,  127, 64, 0
L -823.935, -1815.289, 69.1658, -834.417, -1825.687, 70.1710,  127, 64, 0
L -834.417, -1825.687, 70.1710, -841.29, -1832.906, 71.2850,  127, 64, 0
L -841.29, -1832.906, 71.2850, -848.419, -1838.877, 71.2429,  127, 64, 0
L -848.419, -1838.877, 71.2429, -855.243, -1845.719, 70.9367,  127, 64, 0
L -855.243, -1845.719, 70.9367, -862.026, -1852.544, 70.3970,  127, 64, 0
L -862.026, -1852.544, 70.3970, -875.476, -1866.977, 68.1157,  127, 64, 0
L -875.476, -1866.977, 68.1157, -882.099, -1874.258, 66.5019,  127, 64, 0
L -882.099, -1874.258, 66.5019, -902.5, -1896.39, 63.3616,  127, 64, 0
L -902.5, -1896.39, 63.3616, -913.645, -1909.727, 61.9123,  127, 64, 0
L -913.645, -1909.727, 61.9123, -922.853, -1921.214, 61.2742,  127, 64, 0
L -922.853, -1921.214, 61.2742, -928.134, -1928.104, 60.4442,  127, 64, 0
L -928.134, -1928.104, 60.4442, -935.487, -1938.847, 59.4460,  127, 64, 0
L -935.487, -1938.847, 59.4460, -939.186, -1944.924, 58.5944,  127, 64, 0
L -939.186, -1944.924, 58.5944, -943.949, -1953.751, 58.3474,  127, 64, 0
L -943.949, -1953.751, 58.3474, -952.54, -1967.645, 58.4495,  127, 64, 0
L -952.54, -1967.645, 58.4495, -955.674, -1972.544, 58.2389,  127, 64, 0
L -955.674, -1972.544, 58.2389, -960.856, -1979.64, 57.7199,  127, 64, 0
L -960.856, -1979.64, 57.7199, -965.579, -1985.335, 57.2668,  127, 64, 0
L -965.579, -1985.335, 57.2668, -970.945, -1990.91, 56.8504,  127, 64, 0
L -970.945, -1990.91, 56.8504, -974.444, -1993.756, 56.5837,  127, 64, 0
L -974.444, -1993.756, 56.5837, -977.9, -1995.892, 56.3543,  127, 64, 0
L -977.9, -1995.892, 56.3543, -979.607, -1996.774, 56.2685,  127, 64, 0
L -979.607, -1996.774, 56.2685, -982.123, -1997.936, 56.3626,  127, 64, 0
L -982.123, -1997.936, 56.3626, -988.427, -2000.484, 55.7225,  127, 64, 0
L -988.427, -2000.484, 55.7225, -997.644, -2003.815, 52.4067,  127, 64, 0
L -997.644, -2003.815, 52.4067, -1006.722, -2006.86, 52.7689,  127, 64, 0
L -1006.722, -2006.86, 52.7689, -1010.851, -2008.452, 53.5148,  127, 64, 0
L -1010.851, -2008.452, 53.5148, -1015.903, -2009.23, 54.8804,  127, 64, 0
L -1015.903, -2009.23, 54.8804, -1019.953, -2009.963, 55.5891,  127, 64, 0
L -1019.953, -2009.963, 55.5891, -1029.538, -2011.207, 57.2008,  127, 64, 0
L -1029.538, -2011.207, 57.2008, -1038.939, -2012.719, 57.6644,  127, 64, 0
L -1038.939, -2012.719, 57.6644, -1107.671, -2014.746, 57.6086,  127, 64, 0
L -1107.671, -2014.746, 57.6086, -1136.394, -2015.267, 56.8537,  127, 64, 0
L -1136.394, -2015.267, 56.8537, -1155.543, -2015.28, 56.2918,  127, 64, 0
L -1155.543, -2015.28, 56.2918, -1175.204, -2014.404, 55.4217,  127, 64, 0
L -1175.204, -2014.404, 55.4217, -1185.098, -2013.148, 54.9787,  127, 64, 0
L -1185.098, -2013.148, 54.9787, -1193.383, -2011.984, 54.5930,  127, 64, 0
L -1193.383, -2011.984, 54.5930, -1197.423, -2011.197, 54.4061,  127, 64, 0
L -1197.423, -2011.197, 54.4061, -1206.725, -2008.925, 54.1156,  127, 64, 0
L -1206.725, -2008.925, 54.1156, -1216.207, -2006.273, 53.6430,  127, 64, 0
L -1216.207, -2006.273, 53.6430, -1234.192, -2000.226, 52.7214,  127, 64, 0
L -1234.192, -2000.226, 52.7214, -1243.03, -1996.902, 52.5043,  127, 64, 0
L -1243.03, -1996.902, 52.5043, -1251.865, -1993.208, 52.7130,  127, 64, 0
L -1251.865, -1993.208, 52.7130, -1261.503, -1988.998, 51.2115,  127, 64, 0
L -1261.503, -1988.998, 51.2115, -1266.327, -1986.121, 50.6891,  127, 64, 0
L -1266.327, -1986.121, 50.6891, -1274.011, -1981.713, 50.9718,  127, 64, 0
L -1274.011, -1981.713, 50.9718, -1280.673, -1977.35, 50.6417,  127, 64, 0
L -1280.673, -1977.35, 50.6417, -1289.09, -1970.975, 50.3436,  127, 64, 0
L -1289.09, -1970.975, 50.3436, -1294.153, -1966.775, 50.2817,  127, 64, 0
L -1294.153, -1966.775, 50.2817, -1298.684, -1962.779, 50.9238,  127, 64, 0
L -1298.684, -1962.779, 50.9238, -1307.14, -1954.657, 52.6696,  127, 64, 0
L -1307.14, -1954.657, 52.6696, -1317.712, -1943.464, 55.2460,  127, 64, 0
L -1317.712, -1943.464, 55.2460, -1332.73, -1926.993, 59.7424,  127, 64, 0
L -1332.73, -1926.993, 59.7424, -1339.21, -1919.461, 60.5268,  127, 64, 0
L -1339.21, -1919.461, 60.5268, -1341.177, -1917.804, 60.3470,  127, 64, 0
L -1341.177, -1917.804, 60.3470, -1355.85, -1897.937, 61.2342,  127, 64, 0
L -1355.85, -1897.937, 61.2342, -1359.715, -1893.845, 61.2849,  127, 64, 0
L -1359.715, -1893.845, 61.2849, -1363.688, -1886.383, 60.5187,  127, 64, 0
L -1363.688, -1886.383, 60.5187, -1365.846, -1882.981, 59.9431,  127, 64, 0
L -1365.846, -1882.981, 59.9431, -1370.909, -1874.746, 59.5564,  127, 64, 0
L -1370.909, -1874.746, 59.5564, -1377.979, -1862.809, 59.8125,  127, 64, 0
L -1377.979, -1862.809, 59.8125, -1411.245, -1799.486, 59.2807,  127, 64, 0
L -1411.245, -1799.486, 59.2807, -1434.021, -1748.447, 59.2807,  127, 64, 0
L -1434.021, -1748.447, 59.2807, -1441.944, -1725.337, 59.2807,  127, 64, 0
L -1441.944, -1725.337, 59.2807, -1446.272, -1706.412, 59.2807,  127, 64, 0
L -1446.272, -1706.412, 59.2807, -1450.432, -1675.688, 59.2807,  127, 64, 0
L -1450.432, -1675.688, 59.2807, -1453.503, -1647.237, 59.2807,  127, 64, 0
L -1453.503, -1647.237, 59.2807, -1454.966, -1575.751, 59.2807,  127, 64, 0
L -1454.966, -1575.751, 59.2807, -1459.254, -1524.827, 59.2807,  127, 64, 0
L -1459.254, -1524.827, 59.2807, -1460.873, -1462.828, 59.2839,  127, 64, 0
L -1460.873, -1462.828, 59.2839, -1463.232, -1440.584, 59.2886,  127, 64, 0
L -1463.232, -1440.584, 59.2886, -1467.48, -1417.901, 59.2807,  127, 64, 0
L -1467.48, -1417.901, 59.2807, -1476.108, -1383.983, 59.2807,  127, 64, 0
L -1476.108, -1383.983, 59.2807, -1483.542, -1361.523, 59.2807,  127, 64, 0
L -1483.542, -1361.523, 59.2807, -1499.594, -1311.976, 59.4405,  127, 64, 0
L -1496.078, -1322.878, 59.3853, -1499.594, -1311.976, 59.4405,  127, 64, 0
L -1499.594, -1311.976, 59.4405, -1511.69, -1283.43, 59.4194,  127, 64, 0
L -1511.69, -1283.43, 59.4194, -1515.543, -1270.669, 59.3140,  127, 64, 0
L -1515.543, -1270.669, 59.3140, -1519.207, -1251.512, 59.2807,  127, 64, 0
L -1519.207, -1251.512, 59.2807, -1519.871, -1247.419, 59.2993,  127, 64, 0
L -1519.871, -1247.419, 59.2993, -1522.405, -1232.9, 60.2924,  127, 64, 0
L -1522.405, -1232.9, 60.2924, -1523.162, -1224.419, 60.1936,  127, 64, 0
L -1523.162, -1224.419, 60.1936, -1525.115, -1211.368, 61.1075,  127, 64, 0
L -1525.115, -1211.368, 61.1075, -1524.647, -1189.705, 63.4410,  127, 64, 0
L -1524.647, -1189.705, 63.4410, -1523.934, -1183.553, 63.4483,  127, 64, 0
L -1523.934, -1183.553, 63.4483, -1522.251, -1175.921, 64.6750,  127, 64, 0
L -1522.251, -1175.921, 64.6750, -1519.613, -1159.492, 66.8926,  127, 64, 0
L -1519.613, -1159.492, 66.8926, -1518.437, -1157.974, 67.2272,  127, 64, 0
L -1518.437, -1157.974, 67.2272, -1518.146, -1156.847, 67.3532,  127, 64, 0
L -1518.146, -1156.847, 67.3532, -1517.719, -1151.963, 68.3793,  127, 64, 0
L -1517.719, -1151.963, 68.3793, -1514.004, -1144.285, 69.3850,  127, 64, 0
L -1514.004, -1144.285, 69.3850, -1510.703, -1137.386, 70.3188,  127, 64, 0
L -1510.703, -1137.386, 70.3188, -1510.724, -1135.82, 70.3966,  127, 64, 0
L -1510.724, -1135.82, 70.3966, -1509.067, -1134.507, 70.7163,  127, 64, 0
L -1509.067, -1134.507, 70.7163, -1504.284, -1127.105, 71.6323,  127, 64, 0
L -1504.284, -1127.105, 71.6323, -1498.858, -1119.766, 72.4378,  127, 64, 0
L -1498.858, -1119.766, 72.4378, -1494.981, -1114.911, 73.4510,  127, 64, 0
L -1494.981, -1114.911, 73.4510, -1486.872, -1106.4, 74.1277,  127, 64, 0
L -1486.872, -1106.4, 74.1277, -1465.202, -1084.409, 78.7170,  127, 64, 0
L -1465.202, -1084.409, 78.7170, -1437.284, -1056.113, 86.8280,  127, 64, 0
L -1437.284, -1056.113, 86.8280, -1417.363, -1034.598, 94.6058,  127, 64, 0
L -1417.363, -1034.598, 94.6058, -1411.041, -1027.461, 97.6962,  127, 64, 0
L -1411.041, -1027.461, 97.6962, -1385.691, -998.54, 112.2250,  127, 64, 0
L -1385.691, -998.54, 112.2250, -1378.108, -991.468, 115.8519,  127, 64, 0
L -1378.108, -991.468, 115.8519, -1357.581, -969.91, 126.1624,  127, 64, 0
L -1357.581, -969.91, 126.1624, -1344.649, -956.7, 133.3285,  127, 64, 0
L -1344.649, -956.7, 133.3285, -1337.939, -949.99, 136.3925,  127, 64, 0
L -1337.939, -949.99, 136.3925, -1183.477, -795.674, 193.4225,  127, 64, 0
L -1183.477, -795.674, 193.4225, -1177.961, -790.432, 196.6524,  127, 64, 0
L -1177.961, -790.432, 196.6524, -1171.043, -784.684, 199.3980,  127, 64, 0
L -1171.043, -784.684, 199.3980, -1164.048, -777.722, 201.7926,  127, 64, 0
L -1164.048, -777.722, 201.7926, -1150.308, -764.76, 208.1588,  127, 64, 0
L -1150.308, -764.76, 208.1588, -1130.239, -744.634, 221.5700,  127, 64, 0
L -1130.239, -744.634, 221.5700, -1103.01, -714.772, 237.9232,  127, 64, 0
L -1103.01, -714.772, 237.9232, -1096.407, -707.773, 242.2754,  127, 64, 0
L -1096.407, -707.773, 242.2754, -1090.571, -701.519, 246.4721,  127, 64, 0
L -1090.571, -701.519, 246.4721, -1075.379, -688.803, 255.2900,  127, 64, 0
L -1075.379, -688.803, 255.2900, -1061.895, -675.264, 262.3700,  127, 64, 0
L -1061.895, -675.264, 262.3700, -1052.325, -664.614, 267.6392,  127, 64, 0
L -1052.325, -664.614, 267.6392, -1048.05, -659.322, 269.9737,  127, 64, 0
L -1048.05, -659.322, 269.9737, -1046.046, -656.575, 271.5504,  127, 64, 0
L -1046.046, -656.575, 271.5504, -1041.662, -649.715, 273.3184,  127, 64, 0
L -1041.662, -649.715, 273.3184, -1038.551, -643.872, 274.7733,  127, 64, 0
L -1038.551, -643.872, 274.7733, -1037.198, -640.851, 275.4789,  127, 64, 0
L -1037.198, -640.851, 275.4789, -1031.499, -626.121, 277.3204,  127, 64, 0
L -1031.499, -626.121, 277.3204, -1025.217, -606.895, 280.8048,  127, 64, 0
L -1025.217, -606.895, 280.8048, -1023.315, -601.189, 281.5430,  127, 64, 0
L -1023.315, -601.189, 281.5430, -1015.447, -578.79, 283.4857,  127, 64, 0
L -1015.447, -578.79, 283.4857, -1015.13, -577.131, 283.6892,  127, 64, 0
L -1015.13, -577.131, 283.6892, -1012.958, -572.749, 284.5550,  127, 64, 0
L -1012.958, -572.749, 284.5550, -1012.292, -571.184, 284.9735,  127, 64, 0
L -1012.292, -571.184, 284.9735, -1005.314, -555.923, 286.6410,  127, 64, 0
L -1005.314, -555.923, 286.6410, -1002.455, -550.398, 287.3396,  127, 64, 0
L -1002.455, -550.398, 287.3396, -999.631, -545.468, 288.4443,  127, 64, 0
L -999.631, -545.468, 288.4443, -997.555, -542.446, 289.2472,  127, 64, 0
L -997.555, -542.446, 289.2472, -995.244, -539.599, 290.3350,  127, 64, 0
L -995.244, -539.599, 290.3350, -991.506, -535.38, 290.6825,  127, 64, 0
L -991.506, -535.38, 290.6825, -984.596, -528.241, 291.8102,  127, 64, 0
L -984.596, -528.241, 291.8102, -975.141, -518.21, 294.2817,  127, 64, 0
L -975.141, -518.21, 294.2817, -973.085, -515.847, 294.8697,  127, 64, 0
L -973.085, -515.847, 294.8697, -971.284, -513.678, 295.2269,  127, 64, 0
L -971.284, -513.678, 295.2269, -965.848, -506.514, 295.3129,  127, 64, 0
L -965.848, -506.514, 295.3129, -956.536, -492.505, 295.7518,  127, 64, 0
L -956.536, -492.505, 295.7518, -951.363, -484.176, 295.8575,  127, 64, 0
L -951.363, -484.176, 295.8575, -942.553, -470.794, 295.3647,  127, 64, 0
L -942.553, -470.794, 295.3647, -937.088, -463.919, 295.1732,  127, 64, 0
L -937.088, -463.919, 295.1732, -931.53, -455.457, 295.2601,  127, 64, 0
L -931.53, -455.457, 295.2601, -897.575, -407.985, 289.3090,  127, 64, 0
L -897.575, -407.985, 289.3090, -893.174, -402.183, 288.2151,  127, 64, 0
L -893.174, -402.183, 288.2151, -886.636, -392.618, 284.8844,  127, 64, 0
L -886.636, -392.618, 284.8844, -884.393, -389.54, 283.9982,  127, 64, 0
L -884.393, -389.54, 283.9982, -874.624, -372.732, 277.1412,  127, 64, 0
L -874.624, -372.732, 277.1412, -871.972, -368.17, 274.3247,  127, 64, 0
L -871.972, -368.17, 274.3247, -871.014, -366.464, 273.9445,  127, 64, 0
L -871.014, -366.464, 273.9445, -861.719, -348.922, 266.7038,  127, 64, 0
L -861.719, -348.922, 266.7038, -854.624, -334.555, 262.4597,  127, 64, 0
L -854.624, -334.555, 262.4597, -850.409, -325.903, 258.2833,  127, 64, 0
L -850.409, -325.903, 258.2833, -846.294, -317.251, 254.6962,  127, 64, 0
L -846.294, -317.251, 254.6962, -840.239, -304.32, 250.3709,  127, 64, 0
L -840.239, -304.32, 250.3709, -836.216, -295.54, 246.9218,  127, 64, 0
L -836.216, -295.54, 246.9218, -823.34, -267.433, 232.6674,  127, 64, 0
L -823.34, -267.433, 232.6674, -822.166, -264.821, 231.7939,  127, 64, 0
L -822.166, -264.821, 231.7939, -821.376, -263.165, 230.8558,  127, 64, 0
L -821.376, -263.165, 230.8558, -819.298, -258.161, 229.5498,  127, 64, 0
L -819.298, -258.161, 229.5498, -818.888, -257.168, 229.1769,  127, 64, 0
L -818.888, -257.168, 229.1769, -817.049, -252.601, 228.4300,  127, 64, 0
L -817.049, -252.601, 228.4300, -816.69, -251.684, 227.5946,  127, 64, 0
L -816.69, -251.684, 227.5946, -815.619, -248.883, 227.7990,  127, 64, 0
L -815.619, -248.883, 227.7990, -814.592, -246.66, 226.3292,  127, 64, 0
L -814.592, -246.66, 226.3292, -812.33, -239.698, 225.5395,  127, 64, 0
L -812.33, -239.698, 225.5395, -812.012, -238.766, 225.3154,  127, 64, 0
L -812.012, -238.766, 225.3154, -811.036, -235.836, 224.3037,  127, 64, 0
L -811.036, -235.836, 224.3037, -810.395, -233.833, 224.4230,  127, 64, 0
L -810.395, -233.833, 224.4230, -809.423, -230.526, 222.9973,  127, 64, 0
L -809.423, -230.526, 222.9973, -808.845, -228.457, 222.7246,  127, 64, 0
L -808.845, -228.457, 222.7246, -808.337, -226.555, 222.1680,  127, 64, 0
L -808.337, -226.555, 222.1680, -808.094, -225.601, 221.7792,  127, 64, 0
L -808.094, -225.601, 221.7792, -807.399, -222.592, 221.2915,  127, 64, 0
L -807.399, -222.592, 221.2915, -806.909, -220.18, 220.5389,  127, 64, 0
L -806.909, -220.18, 220.5389, -806.704, -219.126, 220.7340,  127, 64, 0
L -806.704, -219.126, 220.7340, -806.316, -217.583, 219.5404,  127, 64, 0
L -806.316, -217.583, 219.5404, -806.133, -216.452, 219.3701,  127, 64, 0
L -806.133, -216.452, 219.3701, -805.94, -213.839, 218.7091,  127, 64, 0
L -805.94, -213.839, 218.7091, -805.447, -211.894, 217.8245,  127, 64, 0
L -805.447, -211.894, 217.8245, -804.876, -207.817, 216.8223,  127, 64, 0
L -804.876, -207.817, 216.8223, -804.278, -202.704, 214.6058,  127, 64, 0
L -804.278, -202.704, 214.6058, -804.982, -181.544, 208.3140,  127, 64, 0
L -804.982, -181.544, 208.3140, -805.392, -174.186, 205.2820,  127, 64, 0
L -805.392, -174.186, 205.2820, -805.476, -173.205, 204.9971,  127, 64, 0
L -805.476, -173.205, 204.9971, -805.968, -167.497, 201.9082,  127, 64, 0
L -805.968, -167.497, 201.9082, -806.57, -160.49, 199.5961,  127, 64, 0
L -806.57, -160.49, 199.5961, -806.731, -158.629, 198.5067,  127, 64, 0
L -806.731, -158.629, 198.5067, -807.378, -151.1, 195.7232,  127, 64, 0
L -807.378, -151.1, 195.7232, -808.667, -145.389, 192.9335,  127, 64, 0
L -808.667, -145.389, 192.9335, -807.971, -143.48, 192.5740,  127, 64, 0
L -807.971, -143.48, 192.5740, -808.457, -136.932, 189.9700,  127, 64, 0
L -808.457, -136.932, 189.9700, -808.597, -135.244, 187.4995,  127, 64, 0
L -808.597, -135.244, 187.4995, -809.07, -128.608, 185.5211,  127, 64, 0
L -809.07, -128.608, 185.5211, -809.209, -126.728, 184.4852,  127, 64, 0
L -809.209, -126.728, 184.4852, -809.646, -120.801, 181.7523,  127, 64, 0
L -809.646, -120.801, 181.7523, -810.137, -119.386, 181.1673,  127, 64, 0
L -810.137, -119.386, 181.1673, -810.25, -110.368, 177.5965,  127, 64, 0
L -810.25, -110.368, 177.5965, -810.866, -86.793, 172.6572,  127, 64, 0
L -810.866, -86.793, 172.6572, -811.363, -66.525, 167.5800,  127, 64, 0
L -811.363, -66.525, 167.5800, -811.408, -64.69, 166.3614,  127, 64, 0
L -811.408, -64.69, 166.3614, -811.897, -44.69, 160.7985,  127, 64, 0
L -811.897, -44.69, 160.7985, -812.443, -7.907, 144.6776,  127, 64, 0
L -812.443, -7.907, 144.6776, -812.471, -6.968, 144.4671,  127, 64, 0
L -812.471, -6.968, 144.4671, -812.939, 3.494, 141.2430,  127, 64, 0
L -812.939, 3.494, 141.2430, -812.992, 4.567, 140.4680,  127, 64, 0
L -812.992, 4.567, 140.4680, -813.457, 14.447, 136.5714,  127, 64, 0
L -813.457, 14.447, 136.5714, -813.529, 16.326, 136.3627,  127, 64, 0
L -813.529, 16.326, 136.3627, -813.997, 29.93, 131.6100,  127, 64, 0
L -813.997, 29.93, 131.6100, -814.549, 44.247, 123.9518,  127, 64, 0
L -814.549, 44.247, 123.9518, -814.616, 45.838, 122.6557,  127, 64, 0
L -814.616, 45.838, 122.6557, -815.093, 59.975, 114.6159,  127, 64, 0
L -815.093, 59.975, 114.6159, -815.612, 81.522, 104.9929,  127, 64, 0
L -815.612, 81.522, 104.9929, -815.639, 83.342, 103.6768,  127, 64, 0
L -815.639, 83.342, 103.6768, -815.148, 149.148, 72.2900,  127, 64, 0
L -815.148, 149.148, 72.2900, -814.614, 170.84, 60.7901,  127, 64, 0
L -814.614, 170.84, 60.7901, -814.578, 172.306, 60.3806,  127, 64, 0
L -814.578, 172.306, 60.3806, -814.093, 191.999, 48.8220,  127, 64, 0
L -814.093, 191.999, 48.8220, -814.053, 193.603, 47.4964,  127, 64, 0
L -814.053, 193.603, 47.4964, -813.577, 209.895, 38.8586,  127, 64, 0
L -813.577, 209.895, 38.8586, -813.528, 211.216, 38.6081,  127, 64, 0
L -813.528, 211.216, 38.6081, -813.049, 224.214, 32.4540,  127, 64, 0
L -813.049, 224.214, 32.4540, -812.978, 226.126, 31.6588,  127, 64, 0
L -812.978, 226.126, 31.6588, -812.5, 239.689, 25.1404,  127, 64, 0
L -812.5, 239.689, 25.1404, -812.429, 240.986, 24.3410,  127, 64, 0
L -812.429, 240.986, 24.3410, -811.949, 253.98, 18.2434,  127, 64, 0
L -811.949, 253.98, 18.2434, -811.892, 255.545, 18.9530,  127, 64, 0
L -811.892, 255.545, 18.9530, -811.398, 268.912, 14.8354,  127, 64, 0
L -811.398, 268.912, 14.8354, -811.348, 270.253, 14.3350,  127, 64, 0
L -811.348, 270.253, 14.3350, -810.866, 283.309, 10.6457,  127, 64, 0
L -810.866, 283.309, 10.6457, -810.074, 312.325, 5.5530,  127, 64, 0
L -810.074, 312.325, 5.5530, -809.056, 322.5, 4.1750,  127, 64, 0
L -809.056, 322.5, 4.1750, -808.654, 325.921, 3.6661,  127, 64, 0
L -808.654, 325.921, 3.6661, -808.392, 327.418, 3.4453,  127, 64, 0
L -808.392, 327.418, 3.4453, -797.207, 339.584, 3.3409,  127, 64, 0
L -797.207, 339.584, 0.6185, -796.257, 339.115, 0.3721,  127, 64, 0
L -796.257, 339.115, 0.3721, -790.371, 331.985, -0.5531,  127, 64, 0
L -790.371, 331.985, -0.5531, -787.543, 327.908, -0.3467,  127, 64, 0
L -787.543, 327.908, -0.3467, -784.602, 322.79, -0.9320,  127, 64, 0
L -784.602, 322.79, -0.9320, -781.556, 316.959, 0.3800,  127, 64, 0
L -781.556, 316.959, 0.3800, -775.622, 305.37, -0.2985,  127, 64, 0
L -775.622, 305.37, -0.2985, -770.998, 295.202, -0.5354,  127, 64, 0
L -770.998, 295.202, -0.5354, -751.422, 248.672, -0.6852,  127, 64, 0
L -751.422, 248.672, -0.6852, -743.369, 230.672, -0.5935,  127, 64, 0
L -743.369, 230.672, -0.5935, -736.015, 218.162, -0.4679,  127, 64, 0
L -736.015, 218.162, -0.4679, -728.002, 205.281, -0.7191,  127, 64, 0
L -728.002, 205.281, -0.7191, -720.576, 194.914, -0.7191,  127, 64, 0
L -720.576, 194.914, -0.7191, -716.168, 189.501, -0.7191,  127, 64, 0
L -716.168, 189.501, -0.7191, -710.986, 183.69, -0.7191,  127, 64, 0
L -710.986, 183.69, -0.7191, -707.311, 179.922, -0.7191,  127, 64, 0
L 21.547, -2158.452, -64.5878, 38.373, -2171.365, -69.8816,  127, 64, 0
L 38.373, -2171.365, -69.8816, 41.419, -2174.132, -70.3268,  127, 64, 0
L 41.419, -2174.132, -70.3268, 61.546, -2193.354, -70.5382,  127, 64, 0
L 61.546, -2193.354, -70.5382, 86.816, -2221.964, -70.7193,  127, 64, 0
L 86.816, -2221.964, -70.7193, 92.375, -2230.276, -70.7202,  127, 64, 0
L 92.375, -2230.276, -70.7202, 104.066, -2249.769, -71.4046,  127, 64, 0
L 104.066, -2249.769, -71.4046, 104.725, -2251.387, -71.5427,  127, 64, 0
L 104.725, -2251.387, -71.5427, 106.43, -2254.323, -72.2686,  127, 64, 0
L 106.43, -2254.323, -72.2686, 107.029, -2255.976, -72.3171,  127, 64, 0
L 107.029, -2255.976, -72.3171, 111.787, -2269.317, -75.9346,  127, 64, 0
L 111.787, -2269.317, -75.9346, 113.114, -2271.625, -76.5327,  127, 64, 0
L 113.114, -2271.625, -76.5327, 112.885, -2272.956, -77.4619,  127, 64, 0
L 112.885, -2272.956, -77.4619, 113.261, -2274.612, -78.4836,  127, 64, 0
L 113.261, -2274.612, -78.4836, 112.786, -2290.204, -84.1692,  127, 64, 0
L 112.786, -2290.204, -84.1692, 112.627, -2291.896, -85.4220,  127, 64, 0
L 112.627, -2291.896, -85.4220, 112.204, -2296.125, -85.8880,  127, 64, 0
L 112.204, -2296.125, -85.8880, 111.542, -2301.362, -88.2079,  127, 64, 0
L 111.542, -2301.362, -88.2079, 111.397, -2302.381, -88.3637,  127, 64, 0
L 111.397, -2302.381, -88.3637, 110.978, -2305.123, -89.1783,  127, 64, 0
L 110.978, -2305.123, -89.1783, 110.69, -2306.935, -90.3610,  127, 64, 0
L 110.69, -2306.935, -90.3610, 110.247, -2309.673, -90.9860,  127, 64, 0
L 110.247, -2309.673, -90.9860, 109.971, -2311.305, -91.2810,  127, 64, 0
L 109.971, -2311.305, -91.2810, 109.538, -2313.819, -92.1469,  127, 64, 0
L 109.538, -2313.819, -92.1469, 109.475, -2315.406, -92.9397,  127, 64, 0
L 109.475, -2315.406, -92.9397, 108.84, -2318.102, -93.4286,  127, 64, 0
L 108.84, -2318.102, -93.4286, 108.617, -2319.831, -93.8568,  127, 64, 0
L 108.617, -2319.831, -93.8568, 108.126, -2325.417, -95.8502,  127, 64, 0
L 108.126, -2325.417, -95.8502, 108.014, -2326.738, -96.1526,  127, 64, 0
L 108.014, -2326.738, -96.1526, 108.458, -2341.814, -99.2747,  127, 64, 0
L 108.458, -2341.814, -99.2747, 109.387, -2346.231, -99.5833,  127, 64, 0
L 109.387, -2346.231, -99.5833, 110.382, -2349.479, -99.8128,  127, 64, 0
L 110.382, -2349.479, -99.8128, 111.014, -2350.99, -99.9851,  127, 64, 0
L 111.014, -2350.99, -99.9851, 116.748, -2355.742, -100.2483,  127, 64, 0
L 116.748, -2355.742, -100.2483, 119.054, -2357.806, -100.3701,  127, 64, 0
L 119.054, -2357.806, -100.3701, 121.173, -2359.132, -100.4484,  127, 64, 0
L 121.173, -2359.132, -100.4484, 127.587, -2362.185, -100.6687,  127, 64, 0
L 127.587, -2362.185, -100.6687, 133.37, -2364.587, -100.8341,  127, 64, 0
L 133.37, -2364.587, -100.8341, 140.879, -2366.786, -100.7604,  127, 64, 0
L 140.879, -2366.786, -100.7604, 210.126, -2382.734, -100.7185,  127, 64, 0
L 210.126, -2382.734, -100.7185, 218.958, -2384.542, -100.7185,  127, 64, 0
L 218.958, -2384.542, -100.7185, 224.823, -2386.598, -100.7185,  127, 64, 0
L 224.823, -2386.598, -100.7185, 229.196, -2388.646, -100.7185,  127, 64, 0
L 229.196, -2388.646, -100.7185, 233.075, -2390.867, -100.7185,  127, 64, 0
L 233.075, -2390.867, -100.7185, 235.972, -2392.956, -100.7185,  127, 64, 0
L 235.972, -2392.956, -100.7185, 237.944, -2394.179, -100.7185,  127, 64, 0
L 237.944, -2394.179, -100.7185, 239.736, -2396.874, -100.7185,  127, 64, 0
L 239.736, -2396.874, -100.7185, 242.813, -2401.208, -100.7185,  127, 64, 0
L 242.813, -2401.208, -100.7185, 249.137, -2412.377, -100.7184,  127, 64, 0
L 249.137, -2412.377, -100.7184, 254.629, -2425.587, -100.7182,  127, 64, 0
L 254.629, -2425.587, -100.7182, 262.155, -2449.341, -100.7185,  127, 64, 0
L 262.155, -2449.341, -100.7185, 264.122, -2456.734, -100.7185,  127, 64, 0
L 264.122, -2456.734, -100.7185, 264.776, -2460.835, -100.7185,  127, 64, 0
L 264.776, -2460.835, -100.7185, 266.164, -2468.188, -100.7186,  127, 64, 0
L 266.164, -2468.188, -100.7186, 270.909, -2613.673, -100.7190,  127, 64, 0
L 270.909, -2613.673, -100.7190, 270.417, -2651.551, -100.7190,  127, 64, 0
L 270.417, -2651.551, -100.7190, 269.158, -2666.304, -100.7190,  127, 64, 0
L 269.158, -2666.304, -100.7190, 266.915, -2680.847, -100.7190,  127, 64, 0
L 266.915, -2680.847, -100.7190, 263.595, -2695.464, -100.7190,  127, 64, 0
L 263.595, -2695.464, -100.7190, 260.067, -2708.414, -100.7190,  127, 64, 0
L 260.067, -2708.414, -100.7190, 254.55, -2722.68, -100.7190,  127, 64, 0
L 254.55, -2722.68, -100.7190, 241.836, -2749.87, -100.7190,  127, 64, 0
L 241.836, -2749.87, -100.7190, 235.813, -2760.797, -100.7190,  127, 64, 0
L 235.813, -2760.797, -100.7190, 229.764, -2769.824, -100.7190,  127, 64, 0
L 229.764, -2769.824, -100.7190, 225.472, -2775.493, -100.7190,  127, 64, 0
L 225.472, -2775.493, -100.7190, 220.923, -2780.784, -100.7190,  127, 64, 0
L 220.923, -2780.784, -100.7190, 213.094, -2789.139, -100.7190,  127, 64, 0
L 213.094, -2789.139, -100.7190, 208.472, -2793.364, -100.7190,  127, 64, 0
L 208.472, -2793.364, -100.7190, 198.867, -2801.121, -100.7190,  127, 64, 0
L 198.867, -2801.121, -100.7190, 194.143, -2804.514, -100.7190,  127, 64, 0
L 194.143, -2804.514, -100.7190, 186.547, -2809.573, -100.7190,  127, 64, 0
L 186.547, -2809.573, -100.7190, 180.521, -2813.272, -100.7190,  127, 64, 0
L 180.521, -2813.272, -100.7190, 165.5, -2821.425, -100.7190,  127, 64, 0
L 165.5, -2821.425, -100.7190, 160.375, -2823.981, -100.7190,  127, 64, 0
L 160.375, -2823.981, -100.7190, 154.735, -2826.367, -100.7190,  127, 64, 0
L 154.735, -2826.367, -100.7190, 144.096, -2829.81, -100.6162,  127, 64, 0
L 144.096, -2829.81, -100.6162, 120.193, -2837.329, -99.4026,  127, 64, 0
L 120.193, -2837.329, -99.4026, 114.013, -2838.981, -98.7907,  127, 64, 0
L 114.013, -2838.981, -98.7907, 110.03, -2839.826, -98.9770,  127, 64, 0
L 110.03, -2839.826, -98.9770, 104.209, -2840.894, -96.2957,  127, 64, 0
L 104.209, -2840.894, -96.2957, 94.509, -2841.85, -93.1628,  127, 64, 0
L 94.509, -2841.85, -93.1628, 83.684, -2842.165, -90.4287,  127, 64, 0
L 83.684, -2842.165, -90.4287, 54.414, -2842.551, -80.1062,  127, 64, 0
L 54.414, -2842.551, -80.1062, 36.692, -2842.711, -74.4877,  127, 64, 0
L 36.692, -2842.711, -74.4877, 26.723, -2843.179, -72.4799,  127, 64, 0
L 26.723, -2843.179, -72.4799, 16.819, -2843.948, -71.1569,  127, 64, 0
L 16.819, -2843.948, -71.1569, 13.091, -2844.424, -70.8299,  127, 64, 0
L 13.091, -2844.424, -70.8299, -7.215, -2848.106, -69.1843,  127, 64, 0
L -7.215, -2848.106, -69.1843, -8.864, -2848.144, -68.9832,  127, 64, 0
L -8.864, -2848.144, -68.9832, -14.984, -2848.314, -69.3770,  127, 64, 0
L -14.984, -2848.314, -69.3770, -25.322, -2847.999, -69.7164,  127, 64, 0
L -25.322, -2847.999, -69.7164, -35.238, -2847.385, -70.6269,  127, 64, 0
L -35.238, -2847.385, -70.6269, -55.207, -2846.194, -70.6445,  127, 64, 0
L -55.207, -2846.194, -70.6445, -65.095, -2845.998, -70.4953,  127, 64, 0
L -65.095, -2845.998, -70.4953, -74.931, -2845.556, -70.2490,  127, 64, 0
L -74.931, -2845.556, -70.2490, -86.014, -2845.934, -70.2489,  127, 64, 0
L -86.014, -2845.934, -70.2489, -95.421, -2845.814, -70.5590,  127, 64, 0
L -95.421, -2845.814, -70.5590, -123.633, -2849.223, -69.9936,  127, 64, 0
L -123.633, -2849.223, -69.9936, -129.48, -2849.584, -69.9878,  127, 64, 0
L -129.48, -2849.584, -69.9878, -210.237, -2851.195, -69.7717,  127, 64, 0
L -210.237, -2851.195, -69.7717, -229.963, -2850.644, -69.7669,  127, 64, 0
L -229.963, -2850.644, -69.7669, -237.716, -2850.108, -69.7514,  127, 64, 0
L -237.716, -2850.108, -69.7514, -246.33, -2848.878, -69.8920,  127, 64, 0
L -246.33, -2848.878, -69.8920, -269.43, -2845.123, -70.2429,  127, 64, 0
L -269.43, -2845.123, -70.2429, -271.166, -2844.939, -70.3543,  127, 64, 0
L -271.166, -2844.939, -70.3543, -280.501, -2844.378, -70.6667,  127, 64, 0
L -280.501, -2844.378, -70.6667, -290.385, -2844.596, -70.6614,  127, 64, 0
L -290.385, -2844.596, -70.6614, -299.851, -2844.54, -70.6778,  127, 64, 0
L -299.851, -2844.54, -70.6778, -311.299, -2846.225, -70.6995,  127, 64, 0
L -311.299, -2846.225, -70.6995, -340.604, -2850.911, -70.7185,  127, 64, 0
L -340.604, -2850.911, -70.7185, -343.225, -2851.215, -70.7185,  127, 64, 0
L -343.225, -2851.215, -70.7185, -352.468, -2851.775, -70.7185,  127, 64, 0
L -352.468, -2851.775, -70.7185, -361.103, -2851.85, -70.7185,  127, 64, 0
L -361.103, -2851.85, -70.7185, -365.206, -2851.564, -70.7185,  127, 64, 0
L -365.206, -2851.564, -70.7185, -368.031, -2851.153, -70.7185,  127, 64, 0
L -368.031, -2851.153, -70.7185, -371.271, -2850.258, -70.7185,  127, 64, 0
L -371.271, -2850.258, -70.7185, -374.715, -2849.81, -70.7185,  127, 64, 0
L -374.715, -2849.81, -70.7185, -379.122, -2846.931, -70.7185,  127, 64, 0
L -379.122, -2846.931, -70.7185, -383.577, -2844.276, -70.7184,  127, 64, 0
L -383.577, -2844.276, -70.7184, -388.552, -2840.7, -70.7184,  127, 64, 0
L -388.552, -2840.7, -70.7184, -394.712, -2835.443, -70.7182,  127, 64, 0
L -394.712, -2835.443, -70.7182, -403.965, -2826.474, -70.7181,  127, 64, 0
L -403.965, -2826.474, -70.7181, -408.936, -2821.213, -70.7181,  127, 64, 0
L -408.936, -2821.213, -70.7181, -413.506, -2815.504, -70.7181,  127, 64, 0
L -413.506, -2815.504, -70.7181, -423.046, -2802.858, -70.5836,  127, 64, 0
L -423.046, -2802.858, -70.5836, -429.26, -2795.476, -70.5610,  127, 64, 0
L -429.26, -2795.476, -70.5610, -431.55, -2792.303, -68.7944,  127, 64, 0
L -431.55, -2792.303, -68.7944, -434.456, -2789.2, -67.3656,  127, 64, 0
L -434.456, -2789.2, -67.3656, -438.167, -2785.571, -65.8606,  127, 64, 0
L -438.167, -2785.571, -65.8606, -439.403, -2784.47, -65.4569,  127, 64, 0
L -439.403, -2784.47, -65.4569, -440.911, -2783.445, -65.8250,  127, 64, 0
L -440.911, -2783.445, -65.8250, -443.239, -2783.119, -65.3220,  127, 64, 0
L -443.239, -2783.119, -65.3220, -441.62, -2781.617, -65.7010,  127, 64, 0
L -441.62, -2781.617, -65.7010, -440.09, -2780.595, -65.1422,  127, 64, 0
L -440.09, -2780.595, -65.1422, -438.194, -2780.176, -65.1981,  127, 64, 0
L -438.194, -2780.176, -65.1981, -433.184, -2779.445, -65.3729,  127, 64, 0
L -433.184, -2779.445, -65.3729, -404.209, -2777.63, -68.3683,  127, 64, 0
L -404.209, -2777.63, -68.3683, -395.18, -2776.619, -68.2038,  127, 64, 0
L -395.18, -2776.619, -68.2038, -386.276, -2775.282, -68.1860,  127, 64, 0
L -386.276, -2775.282, -68.1860, -373.033, -2772.426, -68.4313,  127, 64, 0
L -373.033, -2772.426, -68.4313, -363.133, -2769.815, -69.5137,  127, 64, 0
L -363.133, -2769.815, -69.5137, -308.235, -2752.234, -73.9068,  127, 64, 0
L -308.235, -2752.234, -73.9068, -298.969, -2749.815, -74.1765,  127, 64, 0
L -298.969, -2749.815, -74.1765, -290.667, -2747.625, -75.5137,  127, 64, 0
L -290.667, -2747.625, -75.5137, -251.378, -2738.882, -79.3127,  127, 64, 0
L -251.378, -2738.882, -79.3127, -242.316, -2736.396, -80.2887,  127, 64, 0
L -242.316, -2736.396, -80.2887, -237.422, -2734.802, -80.4376,  127, 64, 0
L -237.422, -2734.802, -80.4376, -229.179, -2731.679, -78.9612,  127, 64, 0
L -229.179, -2731.679, -78.9612, -225.274, -2729.996, -78.3079,  127, 64, 0
L -225.274, -2729.996, -78.3079, -216.389, -2725.755, -76.7125,  127, 64, 0
L -216.389, -2725.755, -76.7125, -212.589, -2723.747, -76.1484,  127, 64, 0
L -212.589, -2723.747, -76.1484, -203.08, -2718.113, -74.8169,  127, 64, 0
L -203.08, -2718.113, -74.8169, -197.577, -2714.271, -74.1100,  127, 64, 0
L -197.577, -2714.271, -74.1100, -184.898, -2704.114, -71.7061,  127, 64, 0
L -184.898, -2704.114, -71.7061, -179.046, -2698.775, -70.6808,  127, 64, 0
L -179.046, -2698.775, -70.6808, -172.17, -2691.363, -70.6997,  127, 64, 0
L -172.17, -2691.363, -70.6997, -162.157, -2678.914, -70.8613,  127, 64, 0
L -162.157, -2678.914, -70.8613, -153.92, -2666.826, -71.1460,  127, 64, 0
L -153.92, -2666.826, -71.1460, -148.976, -2658.681, -71.1817,  127, 64, 0
L -148.976, -2658.681, -71.1817, -146.65, -2653.794, -71.1086,  127, 64, 0
L -146.65, -2653.794, -71.1086, -143.573, -2644.967, -70.9462,  127, 64, 0
L -143.573, -2644.967, -70.9462, -142.129, -2639.562, -70.9134,  127, 64, 0
L -142.129, -2639.562, -70.9134, -140.645, -2632.148, -71.2090,  127, 64, 0
L -140.645, -2632.148, -71.2090, -139.348, -2621.892, -71.4462,  127, 64, 0
L -139.348, -2621.892, -71.4462, -139.515, -2613.815, -71.6908,  127, 64, 0
L -139.515, -2613.815, -71.6908, -139.201, -2587.658, -72.1486,  127, 64, 0
L -139.201, -2587.658, -72.1486, -145.645, -2517.325, -70.8139,  127, 64, 0
L -145.645, -2517.325, -70.8139, -145.192, -2475.957, -70.7760,  127, 64, 0
L -145.192, -2475.957, -70.7760, -143.355, -2453.34, -70.7284,  127, 64, 0
L -143.355, -2453.34, -70.7284, -137.315, -2412.572, -71.3324,  127, 64, 0
L -137.315, -2412.572, -71.3324, -126.92, -2367.252, -71.7818,  127, 64, 0
L -126.92, -2367.252, -71.7818, -122.509, -2337.684, -71.7834,  127, 64, 0
L -122.509, -2337.684, -71.7834, -119.207, -2322.148, -71.6684,  127, 64, 0
L -119.207, -2322.148, -71.6684, -115.985, -2312.285, -71.5177,  127, 64, 0
L -115.985, -2312.285, -71.5177, -110.955, -2298.972, -71.2622,  127, 64, 0
L -110.955, -2298.972, -71.2622, -109.305, -2295.647, -71.1779,  127, 64, 0
L -109.305, -2295.647, -71.1779, -108.485, -2293.929, -71.1140,  127, 64, 0
L -108.485, -2293.929, -71.1140, -105.994, -2290.777, -71.5580,  127, 64, 0
L -105.994, -2290.777, -71.5580, -103.866, -2288.622, -71.1560,  127, 64, 0
L -103.866, -2288.622, -71.1560, -100.917, -2286.235, -70.9662,  127, 64, 0
L -100.917, -2286.235, -70.9662, -98.261, -2284.504, -70.9304,  127, 64, 0
L -98.261, -2284.504, -70.9304, -94.086, -2282.366, -70.8803,  127, 64, 0
L -94.086, -2282.366, -70.8803, -90.556, -2280.839, -70.8396,  127, 64, 0
L -90.556, -2280.839, -70.8396, -87.042, -2279.648, -70.8031,  127, 64, 0
L -87.042, -2279.648, -70.8031, -83.879, -2278.846, -70.7747,  127, 64, 0
L -83.879, -2278.846, -70.7747, -71.544, -2276.229, -70.6985,  127, 64, 0
L -71.544, -2276.229, -70.6985, -65.746, -2274.251, -70.7162,  127, 64, 0
L -65.746, -2274.251, -70.7162, -60.601, -2271.951, -70.7446,  127, 64, 0
L -60.601, -2271.951, -70.7446, -56.073, -2269.421, -70.7667,  127, 64, 0
L -56.073, -2269.421, -70.7667, -50.23, -2265.523, -70.7865,  127, 64, 0
L -50.23, -2265.523, -70.7865, -43.354, -2260.153, -70.9668,  127, 64, 0
L -43.354, -2260.153, -70.9668, -33.802, -2251.504, -70.7630,  127, 64, 0
L -33.802, -2251.504, -70.7630, -29.857, -2247.412, -70.7626,  127, 64, 0
L -29.857, -2247.412, -70.7626, -17.859, -2232.892, -70.7514,  127, 64, 0
L -17.859, -2232.892, -70.7514, -8.861, -2219.748, -70.7326,  127, 64, 0
L -8.861, -2219.748, -70.7326, -4.112, -2212.21, -70.7190,  127, 64, 0
L -4.112, -2212.21, -70.7190, -0.796, -2206.623, -70.6753,  127, 64, 0
L -0.796, -2206.623, -70.6753, 4.902, -2194.554, -70.1912,  127, 64, 0
L 4.902, -2194.554, -70.1912, 8.593, -2185.459, -69.9016,  127, 64, 0
L 8.593, -2185.459, -69.9016, 19.997, -2158.841, -64.5174,  127, 64, 0
L 19.997, -2158.841, -64.5174, 21.547, -2158.452, -64.6076,  127, 64, 0
L -22.15, -2203.673, -70.4548, -29.882, -2215.608, -70.7186,  127, 64, 0
L -29.882, -2215.608, -70.7186, -45.946, -2237.888, -70.7185,  127, 64, 0
L -45.946, -2237.888, -70.7185, -50.467, -2243.143, -70.7095,  127, 64, 0
L -50.467, -2243.143, -70.7095, -53.63, -2246.367, -70.6961,  127, 64, 0
L -53.63, -2246.367, -70.6961, -56.334, -2248.706, -70.6835,  127, 64, 0
L -56.334, -2248.706, -70.6835, -59.247, -2250.857, -70.6710,  127, 64, 0
L -59.247, -2250.857, -70.6710, -65.11, -2254.466, -70.6449,  127, 64, 0
L -65.11, -2254.466, -70.6449, -69.747, -2256.99, -70.6272,  127, 64, 0
L -69.747, -2256.99, -70.6272, -76.023, -2259.931, -70.6124,  127, 64, 0
L -76.023, -2259.931, -70.6124, -81.791, -2262.129, -70.5969,  127, 64, 0
L -81.791, -2262.129, -70.5969, -97.582, -2267.371, -70.6664,  127, 64, 0
L -97.582, -2267.371, -70.6664, -102.548, -2269.725, -70.7207,  127, 64, 0
L -102.548, -2269.725, -70.7207, -110.349, -2274.367, -70.8190,  127, 64, 0
L -110.349, -2274.367, -70.8190, -115.96, -2278.459, -70.8949,  127, 64, 0
L -115.96, -2278.459, -70.8949, -120.061, -2281.291, -70.9599,  127, 64, 0
L -120.061, -2281.291, -70.9599, -126.672, -2287.576, -71.1559,  127, 64, 0
L -126.672, -2287.576, -71.1559, -130.07, -2291.493, -71.2673,  127, 64, 0
L -130.07, -2291.493, -71.2673, -133.243, -2296.358, -71.3871,  127, 64, 0
L -133.243, -2296.358, -71.3871, -135.021, -2299.189, -71.4651,  127, 64, 0
L -135.021, -2299.189, -71.4651, -137.227, -2304.126, -71.5883,  127, 64, 0
L -137.227, -2304.126, -71.5883, -139.332, -2310.54, -71.6894,  127, 64, 0
L -139.332, -2310.54, -71.6894, -143.62, -2331.524, -71.7699,  127, 64, 0
L -143.62, -2331.524, -71.7699, -151.185, -2380.75, -71.5613,  127, 64, 0
L -151.185, -2380.75, -71.5613, -155.082, -2403.613, -71.5060,  127, 64, 0
L -155.082, -2403.613, -71.5060, -166.009, -2476.648, -70.7116,  127, 64, 0
L -166.009, -2476.648, -70.7116, -167.017, -2490.591, -70.5824,  127, 64, 0
L -167.017, -2490.591, -70.5824, -167.518, -2507.884, -70.6050,  127, 64, 0
L -167.518, -2507.884, -70.6050, -166.343, -2538.869, -70.5464,  127, 64, 0
L -166.343, -2538.869, -70.5464, -160.516, -2596.68, -70.6132,  127, 64, 0
L -160.516, -2596.68, -70.6132, -159.959, -2606.595, -70.6383,  127, 64, 0
L -159.959, -2606.595, -70.6383, -160.388, -2626.696, -70.4997,  127, 64, 0
L -160.388, -2626.696, -70.4997, -161.252, -2632.757, -70.4731,  127, 64, 0
L -161.252, -2632.757, -70.4731, -162.536, -2637.733, -70.4428,  127, 64, 0
L -162.536, -2637.733, -70.4428, -163.686, -2640.881, -70.4171,  127, 64, 0
L -163.686, -2640.881, -70.4171, -166.608, -2646.913, -70.4629,  127, 64, 0
L -166.608, -2646.913, -70.4629, -169.839, -2652.221, -70.4886,  127, 64, 0
L -169.839, -2652.221, -70.4886, -173.43, -2656.141, -70.5002,  127, 64, 0
L -173.43, -2656.141, -70.5002, -184.196, -2668.208, -70.5076,  127, 64, 0
L -184.196, -2668.208, -70.5076, -199.523, -2686.236, -70.4123,  127, 64, 0
L -199.523, -2686.236, -70.4123, -200.997, -2687.861, -70.4924,  127, 64, 0
L -200.997, -2687.861, -70.4924, -202.137, -2689.603, -70.6547,  127, 64, 0
L -202.137, -2689.603, -70.6547, -206.61, -2693.312, -71.8301,  127, 64, 0
L -206.61, -2693.312, -71.8301, -213.491, -2699.994, -73.1984,  127, 64, 0
L -213.491, -2699.994, -73.1984, -215.039, -2700.24, -73.4903,  127, 64, 0
L -215.039, -2700.24, -73.4903, -220.316, -2703.692, -74.8770,  127, 64, 0
L -220.316, -2703.692, -74.8770, -228.581, -2708.525, -77.6380,  127, 64, 0
L -228.581, -2708.525, -77.6380, -236.238, -2712.611, -78.5317,  127, 64, 0
L -236.238, -2712.611, -78.5317, -240.308, -2714.573, -78.5854,  127, 127, 127
L -240.308, -2714.573, -78.5854, -242.076, -2715.332, -78.7209,  127, 127, 127
L -242.076, -2715.332, -78.7209, -250.69, -2718.606, -78.5405,  127, 64, 0
L -250.69, -2718.606, -78.5405, -259.608, -2721.701, -78.1175,  127, 64, 0
L -259.608, -2721.701, -78.1175, -278.486, -2727.129, -76.7253,  127, 64, 0
L -278.486, -2727.129, -76.7253, -306.528, -2734.856, -73.7447,  127, 64, 0
L -306.528, -2734.856, -73.7447, -335.407, -2741.868, -71.5970,  127, 64, 0
L -335.407, -2741.868, -71.5970, -363.384, -2748.564, -68.9128,  127, 64, 0
L -363.384, -2748.564, -68.9128, -403.193, -2754.924, -66.3019,  127, 64, 0
L -403.193, -2754.924, -66.3019, -410.315, -2755.691, -66.1238,  127, 64, 0
L -410.315, -2755.691, -66.1238, -414.196, -2755.865, -66.1307,  127, 64, 0
L -414.196, -2755.865, -66.1307, -424.903, -2755.573, -66.1577,  127, 64, 0
L -424.903, -2755.573, -66.1577, -435.462, -2755.791, -66.3660,  127, 64, 0
L -435.462, -2755.791, -66.3660, -451.546, -2756.948, -65.3859,  127, 64, 0
L -451.546, -2756.948, -65.3859, -461.434, -2756.923, -64.2640,  127, 64, 0
L -461.434, -2756.923, -64.2640, -471.05, -2757.267, -62.7783,  127, 64, 0
L -471.05, -2757.267, -62.7783, -489.204, -2758.774, -60.2570,  127, 64, 0
L -489.204, -2758.774, -60.2570, -512.531, -2761.441, -55.4610,  127, 64, 0
L -512.531, -2761.441, -55.4610, -521.491, -2762.124, -53.5420,  127, 64, 0
L -521.491, -2762.124, -53.5420, -540.922, -2763.976, -48.8841,  127, 64, 0
L -540.922, -2763.976, -48.8841, -557.866, -2763.871, -46.3770,  127, 64, 0
L -557.866, -2763.871, -46.3770, -577.142, -2764.575, -44.2045,  127, 64, 0
L -577.142, -2764.575, -44.2045, -599.379, -2765.405, -44.3862,  127, 64, 0
L -599.379, -2765.405, -44.3862, -705.945, -2766.436, -46.8290,  127, 64, 0
L -705.945, -2766.436, -46.8290, -716.092, -2767.234, -47.3300,  127, 127, 127
L -716.092, -2767.234, -47.3300, -735.271, -2768.997, -46.6576,  127, 64, 0
L -735.271, -2768.997, -46.6576, -744.459, -2770.17, -46.3023,  127, 64, 0
L -744.459, -2770.17, -46.3023, -754.005, -2771.686, -46.8310,  127, 64, 0
L -754.005, -2771.686, -46.8310, -763.6, -2773.447, -45.4335,  127, 64, 0
L -763.6, -2773.447, -45.4335, -773.288, -2775.43, -43.8911,  127, 64, 0
L -773.288, -2775.43, -43.8911, -791.94, -2779.376, -40.8630,  127, 64, 0
L -791.94, -2779.376, -40.8630, -820.246, -2785.47, -33.2094,  127, 64, 0
L -820.246, -2785.47, -33.2094, -829.968, -2787.733, -31.6290,  127, 64, 0
L -829.968, -2787.733, -31.6290, -839.518, -2790.303, -28.9965,  127, 64, 0
L -839.518, -2790.303, -28.9965, -858.278, -2795.487, -22.5562,  127, 64, 0
L -858.278, -2795.487, -22.5562, -875.526, -2800.424, -17.5091,  127, 64, 0
L -875.526, -2800.424, -17.5091, -909.675, -2811.715, -7.8880,  127, 64, 0
L -909.675, -2811.715, -7.8880, -918.888, -2815.32, -5.5000,  127, 64, 0
L -918.888, -2815.32, -5.5000, -927.352, -2818.462, -2.8418,  127, 64, 0
L -927.352, -2818.462, -2.8418, -935.409, -2821.932, -0.9921,  127, 64, 0
L -935.409, -2821.932, -0.9921, -943.848, -2825.963, 0.9166,  127, 64, 0
L -943.848, -2825.963, 0.9166, -960.214, -2833.953, 5.5179,  127, 64, 0
L -960.214, -2833.953, 5.5179, -986.418, -2847.194, 15.9657,  127, 64, 0
L -986.418, -2847.194, 15.9657, -994.929, -2851.764, 19.3100,  127, 64, 0
L -994.929, -2851.764, 19.3100, -1001.357, -2855.739, 20.1872,  127, 64, 0
L -1001.357, -2855.739, 20.1872, -1002.897, -2856.814, 20.5278,  127, 64, 0
L -1002.897, -2856.814, 20.5278, -1009.281, -2861.793, 22.5000,  127, 64, 0
L -1009.281, -2861.793, 22.5000, -1010.605, -2862.929, 23.1900,  127, 64, 0
L -1010.605, -2862.929, 23.1900, -1013.378, -2865.529, 23.8487,  127, 64, 0
L -1013.378, -2865.529, 23.8487, -1019.925, -2872.205, 25.6500,  127, 64, 0
L -1019.925, -2872.205, 25.6500, -1045.722, -2899.666, 29.7908,  127, 64, 0
L -1045.722, -2899.666, 29.7908, -1049.053, -2903.43, 30.1826,  127, 64, 0
L -1049.053, -2903.43, 30.1826, -1055.537, -2909.531, 30.5885,  127, 64, 0
L -1055.537, -2909.531, 30.5885, -1062.521, -2916.341, 30.4644,  127, 64, 0
L -1062.521, -2916.341, 30.4644, -1069.232, -2922.596, 29.9894,  127, 64, 0
L -1069.232, -2922.596, 29.9894, -1088.849, -2940.329, 27.3847,  127, 64, 0
L -1088.849, -2940.329, 27.3847, -1106.123, -2955.512, 24.5800,  127, 64, 0
L -1106.123, -2955.512, 24.5800, -1113.273, -2961.47, 22.9795,  127, 64, 0
L -1113.273, -2961.47, 22.9795, -1119.866, -2966.62, 22.3835,  127, 64, 0
L -1119.866, -2966.62, 22.3835, -1135.681, -2978.494, 22.3760,  127, 64, 0
L -1135.681, -2978.494, 22.3760, -1151.547, -2989.529, 22.1550,  127, 64, 0
L -1151.547, -2989.529, 22.1550, -1159.609, -2994.611, 22.1561,  127, 64, 0
L -1159.609, -2994.611, 22.1561, -1167.502, -2998.776, 22.2948,  127, 64, 0
L -1167.502, -2998.776, 22.2948, -1170.218, -3000.565, 22.3647,  127, 64, 0
L -1170.218, -3000.565, 22.3647, -1177.248, -3003.905, 22.6483,  127, 64, 0
L -1177.248, -3003.905, 22.6483, -1179.887, -3005.156, 22.8019,  127, 64, 0
L -1179.887, -3005.156, 22.8019, -1190.156, -3008.709, 23.6636,  127, 64, 0
L -1190.156, -3008.709, 23.6636, -1197.514, -3010.624, 24.3781,  127, 64, 0
L -1197.514, -3010.624, 24.3781, -1199.664, -3011.551, 24.4680,  127, 64, 0
L -1199.664, -3011.551, 24.4680, -1205.946, -3011.981, 24.7617,  127, 64, 0
L -1205.946, -3011.981, 24.7617, -1237.474, -3014.576, 25.7900,  127, 64, 0
L -1237.474, -3014.576, 25.7900, -1246.507, -3014.896, 25.3312,  127, 64, 0
L -1246.507, -3014.896, 25.3312, -1273.555, -3015.953, 25.8820,  127, 64, 0
L -1273.555, -3015.953, 25.8820, -1283.062, -3016.629, 24.8826,  127, 64, 0
L -1283.062, -3016.629, 24.8826, -1292.983, -3017.698, 24.6034,  127, 64, 0
L -1292.983, -3017.698, 24.6034, -1322.11, -3021.588, 22.4124,  127, 64, 0
L -1322.11, -3021.588, 22.4124, -1331.639, -3023.175, 21.6101,  127, 64, 0
L -1331.639, -3023.175, 21.6101, -1341.125, -3025.23, 20.8087,  127, 64, 0
L -1341.125, -3025.23, 20.8087, -1350.422, -3027.692, 20.4481,  127, 64, 0
L -1350.422, -3027.692, 20.4481, -1382.316, -3036.744, 20.4290,  127, 64, 0
L -1382.316, -3036.744, 20.4290, -1392.561, -3039.19, 20.3689,  127, 64, 0
L -1392.561, -3039.19, 20.3689, -1397.397, -3039.596, 20.6663,  127, 64, 0
L -1397.397, -3039.596, 20.6663, -1401.104, -3039.787, 20.8960,  127, 64, 0
L -1401.104, -3039.787, 20.8960, -1415.066, -3039.7, 21.7578,  127, 64, 0
L -1415.066, -3039.7, 21.7578, -1416.659, -3038.771, 21.8750,  127, 64, 0
L -1416.659, -3038.771, 21.8750, -1426.185, -3036.907, 23.1228,  127, 64, 0
L -1426.185, -3036.907, 23.1228, -1428.096, -3036.433, 23.3693,  127, 64, 0
L -1428.096, -3036.433, 23.3693, -1433.941, -3034.598, 23.9415,  127, 64, 0
L -1433.941, -3034.598, 23.9415, -1439.199, -3032.45, 24.4901,  127, 64, 0
L -1439.199, -3032.45, 24.4901, -1448.709, -3028.629, 25.1731,  127, 64, 0
L -1448.709, -3028.629, 25.1731, -1456.064, -3024.894, 25.5326,  127, 64, 0
L -1456.064, -3024.894, 25.5326, -1464.952, -3020.453, 25.8374,  127, 64, 0
L -1464.952, -3020.453, 25.8374, -1478.96, -3012.596, 26.3375,  127, 64, 0
L -1478.96, -3012.596, 26.3375, -1487.545, -3007.412, 27.5636,  127, 64, 0
L -1487.545, -3007.412, 27.5636, -1494.591, -3002.98, 28.1226,  127, 64, 0
L -1494.591, -3002.98, 28.1226, -1496.698, -3001.54, 28.1810,  127, 64, 0
L -1496.698, -3001.54, 28.1810, -1500.405, -2998.803, 28.7169,  127, 64, 0
L -1500.405, -2998.803, 28.7169, -1502.155, -2997.409, 29.1869,  127, 64, 0
L -1502.155, -2997.409, 29.1869, -1509.837, -2991.369, 30.7458,  127, 64, 0
L -1509.837, -2991.369, 30.7458, -1517.516, -2983.854, 31.5242,  127, 64, 0
L -1517.516, -2983.854, 31.5242, -1523.448, -2977.376, 32.4679,  127, 64, 0
L -1523.448, -2977.376, 32.4679, -1527.215, -2972.256, 32.7811,  127, 64, 0
L -1527.215, -2972.256, 32.7811, -1534.155, -2962.804, 32.9421,  127, 64, 0
L -1534.155, -2962.804, 32.9421, -1541.954, -2950.792, 33.4710,  127, 64, 0
L -1541.954, -2950.792, 33.4710, -1558.894, -2920.258, 33.5707,  127, 64, 0
L -1558.894, -2920.258, 33.5707, -1564.044, -2911.189, 33.2426,  127, 64, 0
L -1564.044, -2911.189, 33.2426, -1571.243, -2901.54, 32.9707,  127, 64, 0
L -1571.243, -2901.54, 32.9707, -1578.064, -2891.8, 32.5472,  127, 64, 0
L -1578.064, -2891.8, 32.5472, -1585.959, -2882.139, 32.1101,  127, 64, 0
L -1585.959, -2882.139, 32.1101, -1604.218, -2862.142, 32.2120,  127, 64, 0
L -1604.218, -2862.142, 32.2120, -1635.604, -2830.473, 31.3677,  127, 64, 0
L -1635.604, -2830.473, 31.3677, -1644.889, -2819.807, 31.4563,  127, 64, 0
L -1644.889, -2819.807, 31.4563, -1683.932, -2767.184, 31.8581,  127, 64, 0
L -1683.932, -2767.184, 31.8581, -1690.196, -2759.242, 31.9817,  127, 64, 0
L -1690.196, -2759.242, 31.9817, -1703.467, -2743.973, 31.9455,  127, 64, 0
L -1703.467, -2743.973, 31.9455, -1711.315, -2735.934, 31.7638,  127, 64, 0
L -1711.315, -2735.934, 31.7638, -1720.961, -2727.182, 31.9908,  127, 64, 0
L -1720.961, -2727.182, 31.9908, -1727.044, -2722.321, 32.1206,  127, 64, 0
L -1727.044, -2722.321, 32.1206, -1733.121, -2718.131, 32.8440,  127, 64, 0
L -1733.121, -2718.131, 32.8440, -1783.457, -2688.593, 31.4984,  127, 64, 0
L -1783.457, -2688.593, 31.4984, -1800.187, -2679.826, 31.7514,  127, 64, 0
L -1800.187, -2679.826, 31.7514, -1817.174, -2671.772, 31.8394,  127, 64, 0
L -1817.174, -2671.772, 31.8394, -1852.343, -2656.228, 31.6498,  127, 64, 0
L -1852.343, -2656.228, 31.6498, -1860.634, -2651.889, 31.4654,  127, 64, 0
L -1860.634, -2651.889, 31.4654, -1869.402, -2647.315, 31.4850,  127, 64, 0
L -1869.402, -2647.315, 31.4850, -1878.05, -2642.167, 31.4952,  127, 64, 0
L -1878.05, -2642.167, 31.4952, -1885.146, -2637.403, 31.4716,  127, 64, 0
L -1885.146, -2637.403, 31.4716, -1890.838, -2633.209, 31.4674,  127, 64, 0
L -1890.838, -2633.209, 31.4674, -1895.701, -2628.988, 31.4673,  127, 64, 0
L -1895.701, -2628.988, 31.4673, -1904.024, -2619.931, 31.4699,  127, 64, 0
L -1904.024, -2619.931, 31.4699, -1909.398, -2612.948, 31.4521,  127, 64, 0
L -1909.398, -2612.948, 31.4521, -1915.05, -2604.295, 31.4372,  127, 64, 0
L -1915.05, -2604.295, 31.4372, -1916.553, -2601.729, 31.4333,  127, 64, 0
L -1916.553, -2601.729, 31.4333, -1925.157, -2582.27, 31.5103,  127, 64, 0
L -1925.157, -2582.27, 31.5103, -1928.955, -2570.38, 31.6842,  127, 64, 0
L -1928.955, -2570.38, 31.6842, -1933.551, -2554.369, 32.1927,  127, 64, 0
L -1933.551, -2554.369, 32.1927, -1935.392, -2545.14, 32.4568,  127, 64, 0
L -1935.392, -2545.14, 32.4568, -1951.345, -2470.637, 32.6022,  127, 64, 0
L -1951.345, -2470.637, 32.6022, -1954.961, -2451.148, 34.7843,  127, 64, 0
L -1954.961, -2451.148, 34.7843, -1955.366, -2448.357, 35.1250,  127, 64, 0
L -1955.366, -2448.357, 35.1250, -1955.633, -2446.406, 35.5835,  127, 64, 0
L -1955.633, -2446.406, 35.5835, -1956.255, -2441.25, 37.3057,  127, 64, 0
L -1956.255, -2441.25, 37.3057, -1956.839, -2432.856, 40.3656,  127, 64, 0
L -1956.839, -2432.856, 40.3656, -1956.433, -2396.473, 56.5630,  127, 64, 0
L -1956.433, -2396.473, 56.5630, -1955.084, -2389.323, 58.4399,  127, 64, 0
L -1955.084, -2389.323, 58.4399, -1954.34, -2386.468, 59.6219,  127, 64, 0
L -1954.34, -2386.468, 59.6219, -1953.007, -2382.528, 61.7490,  127, 64, 0
L -1953.007, -2382.528, 61.7490, -1952.441, -2381.116, 62.4705,  127, 64, 0
L -1952.441, -2381.116, 62.4705, -1951.879, -2379.848, 63.3352,  127, 64, 0
L -1951.879, -2379.848, 63.3352, -1951.212, -2378.482, 64.1013,  127, 64, 0
L -1951.212, -2378.482, 64.1013, -1950.397, -2376.953, 65.2211,  127, 64, 0
L -1950.397, -2376.953, 65.2211, -1949.485, -2375.58, 66.1130,  127, 64, 0
L -1949.485, -2375.58, 66.1130, -1948.287, -2374.853, 66.6997,  127, 64, 0
L -1948.287, -2374.853, 66.6997, -1944.058, -2369.205, 69.5290,  127, 64, 0
L -1944.058, -2369.205, 69.5290, -1929.865, -2353.614, 81.1120,  127, 64, 0
L -1929.865, -2353.614, 81.1120, -1923.195, -2346.554, 85.7039,  127, 64, 0
L -1923.195, -2346.554, 85.7039, -1903.304, -2324.952, 98.6055,  127, 64, 0
L -1903.304, -2324.952, 98.6055, -1900.906, -2322.173, 100.4930,  127, 64, 0
L -1900.906, -2322.173, 100.4930, -1900.049, -2320.792, 100.3528,  127, 64, 0
L -1900.049, -2320.792, 100.3528, -1898.574, -2319.227, 100.8041,  127, 64, 0
L -1898.574, -2319.227, 100.8041, -1896.079, -2315.515, 101.5990,  127, 64, 0
L -1896.079, -2315.515, 101.5990, -1892.626, -2309.196, 103.9545,  127, 64, 0
L -1892.626, -2309.196, 103.9545, -1892.025, -2307.946, 104.4535,  127, 64, 0
L -1892.025, -2307.946, 104.4535, -1891.683, -2307.216, 104.6582,  127, 64, 0
L -1891.683, -2307.216, 104.6582, -1889.393, -2301.918, 105.4013,  127, 64, 0
L -1889.393, -2301.918, 105.4013, -1887.928, -2297.176, 106.7310,  127, 64, 0
L -1887.928, -2297.176, 106.7310, -1887.481, -2295.213, 106.1697,  127, 64, 0
L -1887.481, -2295.213, 106.1697, -1887.202, -2293.81, 106.6509,  127, 64, 0
L -1887.202, -2293.81, 106.6509, -1886.577, -2289.381, 107.5755,  127, 64, 0
L -1886.577, -2289.381, 107.5755, -1886.953, -2272.115, 111.3468,  127, 64, 0
L -1886.953, -2272.115, 111.3468, -1888.58, -2265.549, 113.2262,  127, 64, 0
L -1888.58, -2265.549, 113.2262, -1889.483, -2262.84, 114.9320,  127, 64, 0
L -1889.483, -2262.84, 114.9320, -1891.336, -2256.495, 116.6675,  127, 64, 0
L -1891.336, -2256.495, 116.6675, -1892.568, -2253.325, 118.4386,  127, 64, 0
L -1892.568, -2253.325, 118.4386, -1894.3, -2250.345, 119.3460,  127, 64, 0
L -1894.3, -2250.345, 119.3460, -1894.416, -2248.86, 119.5467,  127, 64, 0
L -1894.416, -2248.86, 119.5467, -1898.284, -2239.806, 122.1359,  127, 64, 0
L -1898.284, -2239.806, 122.1359, -1900.211, -2235.131, 123.9389,  127, 64, 0
L -1900.211, -2235.131, 123.9389, -1904.348, -2223.875, 126.6936,  127, 64, 0
L -1904.348, -2223.875, 126.6936, -1905.528, -2222.427, 127.1901,  127, 64, 0
L -1905.528, -2222.427, 127.1901, -1905.22, -2221.146, 128.3822,  127, 64, 0
L -1905.22, -2221.146, 128.3822, -1906.108, -2219.349, 129.7890,  127, 64, 0
L -1906.108, -2219.349, 129.7890, -1906.446, -2217.122, 130.6092,  127, 64, 0
L -1906.446, -2217.122, 130.6092, -1908.625, -2212.143, 131.8128,  127, 64, 0
L -1908.625, -2212.143, 131.8128, -1908.012, -2210.737, 132.2944,  127, 64, 0
L -1908.012, -2210.737, 132.2944, -1908.47, -2207.729, 133.9544,  127, 64, 0
L -1908.47, -2207.729, 133.9544, -1909.343, -2201.28, 135.5775,  127, 64, 0
L -1909.343, -2201.28, 135.5775, -1909.877, -2193.173, 137.3327,  127, 64, 0
L -1909.877, -2193.173, 137.3327, -1909.421, -2182.5, 138.8136,  127, 64, 0
L -1909.421, -2182.5, 138.8136, -1909.593, -2178.161, 139.2821,  127, 64, 0
L -1909.593, -2178.161, 139.2821, -1907.889, -2174.319, 139.7836,  127, 64, 0
L -1907.889, -2174.319, 139.7836, -1907.336, -2172.423, 140.3335,  127, 64, 0
L -1907.336, -2172.423, 140.3335, -1907.701, -2170.759, 140.4945,  127, 64, 0
L -1907.701, -2170.759, 140.4945, -1906.31, -2169.115, 140.1683,  127, 64, 0
L -1906.31, -2169.115, 140.1683, -1903.138, -2160.233, 139.9361,  127, 64, 0
L -1903.138, -2160.233, 139.9361, -1902.469, -2158.621, 139.8719,  127, 64, 0
L -1902.469, -2158.621, 139.8719, -1901.68, -2156.806, 139.5422,  127, 64, 0
L -1901.68, -2156.806, 139.5422, -1899.841, -2153.823, 139.3797,  127, 64, 0
L -1899.841, -2153.823, 139.3797, -1897.934, -2150.859, 139.5810,  127, 64, 0
L -1897.934, -2150.859, 139.5810, -1897.248, -2149.611, 138.7318,  127, 64, 0
L -1897.248, -2149.611, 138.7318, -1895.298, -2147.785, 138.4962,  127, 64, 0
L -1895.298, -2147.785, 138.4962, -1887.878, -2139.477, 137.9841,  127, 64, 0
L -1887.878, -2139.477, 137.9841, -1884.078, -2135.432, 136.5405,  127, 64, 0
L -1884.078, -2135.432, 136.5405, -1879.453, -2130.751, 135.6825,  127, 64, 0
L -1879.453, -2130.751, 135.6825, -1878.29, -2129.635, 135.6066,  127, 64, 0
L -1878.29, -2129.635, 135.6066, -1874.151, -2125.873, 134.5618,  127, 64, 0
L -1874.151, -2125.873, 134.5618, -1869.369, -2121.964, 132.7150,  127, 64, 0
L -1869.369, -2121.964, 132.7150, -1862.588, -2116.907, 129.9304,  127, 64, 0
L -1862.588, -2116.907, 129.9304, -1860.527, -2115.481, 129.3460,  127, 64, 0
L -1860.527, -2115.481, 129.3460, -1855.549, -2112.314, 126.8620,  127, 64, 0
L -1855.549, -2112.314, 126.8620, -1845.297, -2107.188, 123.9060,  127, 64, 0
L -1845.297, -2107.188, 123.9060, -1844.565, -2106.55, 123.4774,  127, 64, 0
L -1844.565, -2106.55, 123.4774, -1835.195, -2103.297, 121.9866,  127, 64, 0
L -1835.195, -2103.297, 121.9866, -1831.324, -2102.304, 121.3036,  127, 64, 0
L -1831.324, -2102.304, 121.3036, -1821.91, -2099.372, 119.6097,  127, 64, 0
L -1821.91, -2099.372, 119.6097, -1803.136, -2094.671, 117.8245,  127, 64, 0
L -1803.136, -2094.671, 117.8245, -1793.878, -2092.585, 117.1208,  127, 64, 0
L -1793.878, -2092.585, 117.1208, -1748.388, -2082.293, 111.8500,  127, 64, 0
L -1748.388, -2082.293, 111.8500, -1729.353, -2077.918, 108.2922,  127, 64, 0
L -1729.353, -2077.918, 108.2922, -1727.953, -2076.623, 108.1631,  127, 64, 0
L -1727.953, -2076.623, 108.1631, -1719.149, -2073.639, 106.5776,  127, 64, 0
L -1719.149, -2073.639, 106.5776, -1713.699, -2070.823, 106.1239,  127, 64, 0
L -1713.699, -2070.823, 106.1239, -1706.63, -2067.352, 105.6002,  127, 64, 0
L -1706.63, -2067.352, 105.6002, -1702.296, -2064.729, 105.3153,  127, 64, 0
L -1702.296, -2064.729, 105.3153, -1695.365, -2060.916, 103.9770,  127, 64, 0
L -1695.365, -2060.916, 103.9770, -1687.195, -2055.749, 102.4410,  127, 64, 0
L -1687.195, -2055.749, 102.4410, -1678.854, -2050.27, 98.8396,  127, 64, 0
L -1678.854, -2050.27, 98.8396, -1674.061, -2046.689, 97.1937,  127, 64, 0
L -1674.061, -2046.689, 97.1937, -1672.483, -2045.716, 96.3794,  127, 64, 0
L -1672.483, -2045.716, 96.3794, -1658.376, -2033.783, 93.3706,  127, 64, 0
L -1658.376, -2033.783, 93.3706, -1651.317, -2026.921, 91.7368,  127, 64, 0
L -1651.317, -2026.921, 91.7368, -1650.323, -2025.889, 91.2719,  127, 64, 0
L -1650.323, -2025.889, 91.2719, -1643.868, -2018.877, 89.7155,  127, 64, 0
L -1643.868, -2018.877, 89.7155, -1638.191, -2012.764, 88.8868,  127, 64, 0
L -1638.191, -2012.764, 88.8868, -1631.662, -2003.507, 88.1120,  127, 64, 0
L -1631.662, -2003.507, 88.1120, -1629.58, -1998.339, 86.9882,  127, 64, 0
L -1629.58, -1998.339, 86.9882, -1628.099, -1997.498, 86.5716,  127, 64, 0
L -1628.099, -1997.498, 86.5716, -1627.319, -1995.589, 86.4095,  127, 64, 0
L -1627.319, -1995.589, 86.4095, -1626.578, -1994.109, 86.3430,  127, 64, 0
L -1626.578, -1994.109, 86.3430, -1625.253, -1991.174, 84.8255,  127, 64, 0
L -1625.253, -1991.174, 84.8255, -1624.674, -1989.767, 84.6881,  127, 64, 0
L -1624.674, -1989.767, 84.6881, -1623.995, -1988.147, 84.2576,  127, 64, 0
L -1623.995, -1988.147, 84.2576, -1622.888, -1984.941, 82.9736,  127, 64, 0
L -1622.888, -1984.941, 82.9736, -1620.026, -1975.842, 80.7753,  127, 64, 0
L -1620.026, -1975.842, 80.7753, -1619.313, -1974.483, 80.2683,  127, 64, 0
L -1619.313, -1974.483, 80.2683, -1616.18, -1965.72, 78.7548,  127, 64, 0
L -1616.18, -1965.72, 78.7548, -1611.027, -1949.459, 75.7085,  127, 64, 0
L -1611.027, -1949.459, 75.7085, -1610.548, -1948.619, 75.1711,  127, 64, 0
L -1610.548, -1948.619, 75.1711, -1607.375, -1938.836, 73.3113,  127, 64, 0
L -1607.375, -1938.836, 73.3113, -1602.733, -1924.918, 71.7729,  127, 64, 0
L -1602.733, -1924.918, 71.7729, -1601.261, -1922.732, 71.4699,  127, 64, 0
L -1601.261, -1922.732, 71.4699, -1600.51, -1921.81, 70.8325,  127, 64, 0
L -1600.51, -1921.81, 70.8325, -1599.882, -1919.622, 70.6957,  127, 64, 0
L -1599.882, -1919.622, 70.6957, -1598.511, -1916.756, 69.9996,  127, 64, 0
L -1598.511, -1916.756, 69.9996, -1596.049, -1911.934, 69.3166,  127, 64, 0
L -1596.049, -1911.934, 69.3166, -1594.981, -1909.968, 69.2690,  127, 64, 0
L -1594.981, -1909.968, 69.2690, -1594.193, -1908.563, 69.4551,  127, 64, 0
L -1594.193, -1908.563, 69.4551, -1592.619, -1905.855, 68.9737,  127, 64, 0
L -1592.619, -1905.855, 68.9737, -1591.931, -1904.703, 68.6701,  127, 64, 0
L -1591.931, -1904.703, 68.6701, -1587.873, -1898.482, 68.8150,  127, 64, 0
L -1587.873, -1898.482, 68.8150, -1584.339, -1893.752, 67.6627,  127, 64, 0
L -1584.339, -1893.752, 67.6627, -1580.954, -1889.758, 66.8015,  127, 64, 0
L -1580.954, -1889.758, 66.8015, -1574.894, -1883.122, 65.9340,  127, 64, 0
L -1574.894, -1883.122, 65.9340, -1568.837, -1877.231, 63.9677,  127, 64, 0
L -1568.837, -1877.231, 63.9677, -1565.92, -1874.715, 63.3389,  127, 64, 0
L -1565.92, -1874.715, 63.3389, -1555.079, -1871.896, 62.5005,  127, 64, 0
L -1555.079, -1871.896, 62.5005, -1545.53, -1869.694, 61.7903,  127, 64, 0
L -1545.53, -1869.694, 61.7903, -1536.001, -1867.826, 61.5700,  127, 64, 0
L -1536.001, -1867.826, 61.5700, -1500.08, -1862.646, 59.5287,  127, 64, 0
L -1500.08, -1862.646, 59.5287, -1480.517, -1860.29, 59.2832,  127, 64, 0
L -1480.517, -1860.29, 59.2832, -1474.025, -1860.871, 59.2850,  127, 64, 0
L -1474.025, -1860.871, 59.2850, -1465.565, -1860.708, 59.2847,  127, 64, 0
L -1465.565, -1860.708, 59.2847, -1457.62, -1862.255, 59.2843,  127, 64, 0
L -1457.62, -1862.255, 59.2843, -1453.148, -1863.694, 59.2837,  127, 64, 0
L -1453.148, -1863.694, 59.2837, -1442.498, -1867.997, 59.2899,  127, 64, 0
L -1442.498, -1867.997, 59.2899, -1431.635, -1873.525, 59.2807,  127, 64, 0
L -1431.635, -1873.525, 59.2807, -1423.087, -1878.104, 59.2809,  127, 64, 0
L -1423.087, -1878.104, 59.2809, -1417.486, -1882.11, 59.2807,  127, 64, 0
L -1417.486, -1882.11, 59.2807, -1415.142, -1884.474, 59.2807,  127, 64, 0
L -1415.142, -1884.474, 59.2807, -1413.329, -1885.645, 59.8562,  127, 64, 0
L -1413.329, -1885.645, 59.8562, -1409.631, -1889.156, 61.3701,  127, 64, 0
L -1409.631, -1889.156, 61.3701, -1406.468, -1892.444, 61.4632,  127, 64, 0
L -1406.468, -1892.444, 61.4632, -1403.121, -1896.817, 61.2200,  127, 64, 0
L -1403.121, -1896.817, 61.2200, -1396.734, -1904.533, 59.1908,  127, 64, 0
L -1396.734, -1904.533, 59.1908, -1385.444, -1919.271, 56.7569,  127, 64, 0
L -1385.444, -1919.271, 56.7569, -1367.436, -1942.899, 51.6599,  127, 64, 0
L -1367.436, -1942.899, 51.6599, -1349.24, -1965.583, 48.6933,  127, 64, 0
L -1349.24, -1965.583, 48.6933, -1343.34, -1972.576, 47.9275,  127, 64, 0
L -1343.34, -1972.576, 47.9275, -1339.692, -1976.728, 45.4517,  127, 64, 0
L -1339.692, -1976.728, 45.4517, -1333.333, -1983.699, 45.4819,  127, 64, 0
L -1333.333, -1983.699, 45.4819, -1326.619, -1990.775, 46.3462,  127, 64, 0
L -1326.619, -1990.775, 46.3462, -1318.019, -1999.661, 46.2381,  127, 64, 0
L -1318.019, -1999.661, 46.2381, -1305.42, -2009.867, 46.7796,  127, 64, 0
L -1305.42, -2009.867, 46.7796, -1299.588, -2014.93, 47.5630,  127, 64, 0
L -1299.588, -2014.93, 47.5630, -1294.34, -2017.431, 47.2398,  127, 127, 127
L -1294.34, -2017.431, 47.2398, -1288.621, -2020.768, 47.7094,  127, 64, 0
L -1288.621, -2020.768, 47.7094, -1283.57, -2023.467, 48.1156,  127, 64, 0
L -1283.57, -2023.467, 48.1156, -1271.316, -2029.312, 49.1627,  127, 64, 0
L -1271.316, -2029.312, 49.1627, -1261.878, -2032.929, 49.8952,  127, 64, 0
L -1261.878, -2032.929, 49.8952, -1243.26, -2039.466, 52.4010,  127, 64, 0
L -1243.26, -2039.466, 52.4010, -1216.602, -2047.317, 54.5844,  127, 64, 0
L -1216.602, -2047.317, 54.5844, -1197.606, -2052.14, 55.8828,  127, 64, 0
L -1197.606, -2052.14, 55.8828, -1178.632, -2055.578, 56.9078,  127, 64, 0
L -1178.632, -2055.578, 56.9078, -1169.664, -2056.679, 57.3877,  127, 64, 0
L -1169.664, -2056.679, 57.3877, -1155.633, -2057.384, 58.9080,  127, 64, 0
L -1155.633, -2057.384, 58.9080, -1146.014, -2057.557, 58.2657,  127, 64, 0
L -1146.014, -2057.557, 58.2657, -1116.569, -2057.382, 57.9087,  127, 64, 0
L -1116.569, -2057.382, 57.9087, -1087.399, -2056.793, 57.9635,  127, 64, 0
L -1087.399, -2056.793, 57.9635, -1048.455, -2055.205, 57.6054,  127, 64, 0
L -1048.455, -2055.205, 57.6054, -1026.215, -2053.822, 56.9906,  127, 64, 0
L -1026.215, -2053.822, 56.9906, -1017.868, -2052.794, 56.7488,  127, 64, 0
L -1017.868, -2052.794, 56.7488, -1015.488, -2052.376, 56.6163,  127, 64, 0
L -1015.488, -2052.376, 56.6163, -1008.159, -2050.711, 56.2058,  127, 64, 0
L -1008.159, -2050.711, 56.2058, -1005.014, -2049.83, 56.1440,  127, 64, 0
L -1005.014, -2049.83, 56.1440, -999.49, -2048.82, 55.6805,  127, 64, 0
L -999.49, -2048.82, 55.6805, -988.629, -2043.374, 55.1700,  127, 64, 0
L -988.629, -2043.374, 55.1700, -979.896, -2039.128, 54.4099,  127, 64, 0
L -979.896, -2039.128, 54.4099, -971.091, -2034.432, 53.7060,  127, 64, 0
L -971.091, -2034.432, 53.7060, -966.459, -2031.717, 53.3231,  127, 64, 0
L -966.459, -2031.717, 53.3231, -956.946, -2025.583, 52.5596,  127, 64, 0
L -956.946, -2025.583, 52.5596, -950.476, -2020.787, 52.1465,  127, 64, 0
L -950.476, -2020.787, 52.1465, -942.722, -2014.227, 52.9060,  127, 64, 0
L -942.722, -2014.227, 52.9060, -934.563, -2006.773, 52.1114,  127, 64, 0
L -934.563, -2006.773, 52.1114, -927.005, -1999.806, 52.1589,  127, 64, 0
L -927.005, -1999.806, 52.1589, -921.34, -1992.681, 51.8524,  127, 64, 0
L -921.34, -1992.681, 51.8524, -913.118, -1981.961, 51.4429,  127, 64, 0
L -913.118, -1981.961, 51.4429, -910.185, -1976.954, 51.4082,  127, 64, 0
L -910.185, -1976.954, 51.4082, -890.903, -1945.935, 51.8997,  127, 64, 0
L -890.903, -1945.935, 51.8997, -885.605, -1938.502, 52.4455,  127, 64, 0
L -885.605, -1938.502, 52.4455, -883.528, -1935.809, 52.8156,  127, 64, 0
L -883.528, -1935.809, 52.8156, -855.41, -1902.971, 59.9874,  127, 64, 0
L -855.41, -1902.971, 59.9874, -842.507, -1887.463, 62.3526,  127, 64, 0
L -842.507, -1887.463, 62.3526, -827.847, -1871.642, 62.7849,  127, 64, 0
L -827.847, -1871.642, 62.7849, -820.944, -1864.498, 63.3744,  127, 64, 0
L -820.944, -1864.498, 63.3744, -807.349, -1850.563, 62.2974,  127, 64, 0
L -807.349, -1850.563, 62.2974, -786.482, -1829.158, 61.8194,  127, 64, 0
L -786.482, -1829.158, 61.8194, -779.657, -1821.939, 62.2237,  127, 64, 0
L -779.657, -1821.939, 62.2237, -773.336, -1814.867, 63.1550,  127, 64, 0
L -773.336, -1814.867, 63.1550, -766.041, -1806.918, 63.8252,  127, 64, 0
L -766.041, -1806.918, 63.8252, -753.67, -1789.528, 65.6037,  127, 64, 0
L -753.67, -1789.528, 65.6037, -723.525, -1746.389, 70.9792,  127, 64, 0
L -723.525, -1746.389, 70.9792, -716.97, -1736.238, 73.1230,  127, 64, 0
L -716.97, -1736.238, 73.1230, -714.92, -1732.876, 73.9437,  127, 64, 0
L -714.92, -1732.876, 73.9437, -708.677, -1722.116, 77.3870,  127, 64, 0
L -708.677, -1722.116, 77.3870, -706.015, -1717.947, 78.3148,  127, 64, 0
L -706.015, -1717.947, 78.3148, -698.708, -1701.839, 82.8983,  127, 64, 0
L -698.708, -1701.839, 82.8983, -693.264, -1688.452, 86.9493,  127, 64, 0
L -693.264, -1688.452, 86.9493, -692.632, -1686.729, 87.3717,  127, 64, 0
L -692.632, -1686.729, 87.3717, -688.397, -1673.803, 91.3884,  127, 64, 0
L -689.868, -1678.501, 89.8628, -688.397, -1673.803, 91.3884,  127, 64, 0
L -688.397, -1673.803, 91.3884, -687.589, -1671.102, 92.4641,  127, 64, 0
L -687.589, -1671.102, 92.4641, -685.465, -1663.519, 94.9180,  127, 64, 0
L -685.465, -1663.519, 94.9180, -685.139, -1662.308, 95.7770,  127, 64, 0
L -685.139, -1662.308, 95.7770, -680.947, -1646.429, 99.5427,  127, 64, 0
L -680.947, -1646.429, 99.5427, -662.618, -1576.893, 114.5457,  127, 64, 0
L -662.618, -1576.893, 114.5457, -660.714, -1569.343, 115.3764,  127, 64, 0
L -660.714, -1569.343, 115.3764, -659.589, -1564.643, 115.2616,  127, 64, 0
L -659.589, -1564.643, 115.2616, -658.328, -1559.332, 115.4471,  127, 64, 0
L -658.328, -1559.332, 115.4471, -652.549, -1534.625, 122.2676,  127, 64, 0
L -652.549, -1534.625, 122.2676, -652.098, -1532.525, 122.6834,  127, 64, 0
L -652.098, -1532.525, 122.6834, -651.531, -1529.856, 122.9544,  127, 64, 0
L -651.531, -1529.856, 122.9544, -648.527, -1513.531, 122.8620,  127, 64, 0
L -648.527, -1513.531, 122.8620, -646.873, -1500.257, 122.2681,  127, 64, 0
L -646.873, -1500.257, 122.2681, -646.71, -1498.79, 122.4715,  127, 64, 0
L -646.71, -1498.79, 122.4715, -646.251, -1494.653, 123.7810,  127, 64, 0
L -646.251, -1494.653, 123.7810, -646.098, -1493.275, 124.3195,  127, 64, 0
L -646.098, -1493.275, 124.3195, -645.698, -1489.672, 125.4253,  127, 64, 0
L -645.698, -1489.672, 125.4253, -645.481, -1487.714, 126.7798,  127, 64, 0
L -645.481, -1487.714, 126.7798, -645.032, -1483.668, 127.4472,  127, 64, 0
L -645.032, -1483.668, 127.4472, -643.653, -1469.819, 131.1831,  127, 64, 0
L -643.653, -1469.819, 131.1831, -643.183, -1465.546, 131.6238,  127, 64, 0
L -643.183, -1465.546, 131.6238, -643.051, -1463.719, 131.5672,  127, 64, 0
L -643.051, -1463.719, 131.5672, -642.428, -1457.396, 132.3614,  127, 64, 0
L -642.428, -1457.396, 132.3614, -641.319, -1443.661, 134.8178,  127, 64, 0
L -641.319, -1443.661, 134.8178, -640.14, -1426.518, 139.3069,  127, 64, 0
L -640.14, -1426.518, 139.3069, -640.019, -1424.553, 140.1367,  127, 64, 0
L -640.019, -1424.553, 140.1367, -639.426, -1414.907, 140.8080,  127, 64, 0
L -639.426, -1414.907, 140.8080, -638.298, -1397.886, 145.6183,  127, 64, 0
L -638.298, -1397.886, 145.6183, -638.428, -1390.664, 147.5341,  127, 64, 0
L -638.428, -1390.664, 147.5341, -636.636, -1379.63, 149.1314,  127, 64, 0
L -636.636, -1379.63, 149.1314, -635.657, -1373.762, 149.2247,  127, 64, 0
L -635.657, -1373.762, 149.2247, -634.528, -1368.65, 149.5106,  127, 64, 0
L -634.528, -1368.65, 149.5106, -634.083, -1366.824, 149.7150,  127, 64, 0
L -634.083, -1366.824, 149.7150, -631.691, -1358.158, 152.5909,  127, 64, 0
L -631.691, -1358.158, 152.5909, -631.087, -1356.263, 152.8927,  127, 64, 0
L -631.087, -1356.263, 152.8927, -626.963, -1344.414, 155.9218,  127, 64, 0
L -626.963, -1344.414, 155.9218, -619.296, -1325.169, 162.5574,  127, 64, 0
L -619.296, -1325.169, 162.5574, -610.465, -1304.94, 167.3327,  127, 64, 0
L -610.465, -1304.94, 167.3327, -605.393, -1296.459, 169.8156,  127, 64, 0
L -605.393, -1296.459, 169.8156, -593.358, -1274.177, 175.2177,  127, 64, 0
L -593.358, -1274.177, 175.2177, -584.18, -1257.881, 177.4102,  127, 64, 0
L -584.18, -1257.881, 177.4102, -579.263, -1249.663, 178.7370,  127, 64, 0
L -579.263, -1249.663, 178.7370, -575.39, -1243.377, 178.8008,  127, 64, 0
L -575.39, -1243.377, 178.8008, -574.652, -1242.256, 178.5327,  127, 64, 0
L -574.652, -1242.256, 178.5327, -569.51, -1235.425, 178.5313,  127, 64, 0
L -569.51, -1235.425, 178.5313, -565.232, -1229.471, 178.9755,  127, 64, 0
L -565.232, -1229.471, 178.9755, -551.268, -1212.746, 176.5250,  127, 64, 0
L -551.268, -1212.746, 176.5250, -545.075, -1205.738, 175.2792,  127, 64, 0
L -545.075, -1205.738, 175.2792, -534.39, -1193.743, 172.6791,  127, 64, 0
L -534.39, -1193.743, 172.6791, -530.329, -1189.392, 171.3512,  127, 64, 0
L -530.329, -1189.392, 171.3512, -523.728, -1182.455, 170.2571,  127, 64, 0
L -523.728, -1182.455, 170.2571, -516.939, -1175.45, 168.7341,  127, 64, 0
L -516.939, -1175.45, 168.7341, -510.332, -1168.957, 167.5370,  127, 64, 0
L -510.332, -1168.957, 167.5370, -496.49, -1155.462, 160.7255,  127, 64, 0
L -496.49, -1155.462, 160.7255, -490.544, -1149.964, 158.7455,  127, 64, 0
L -490.544, -1149.964, 158.7455, -483.09, -1143.399, 157.1048,  127, 64, 0
L -483.09, -1143.399, 157.1048, -481.264, -1141.885, 156.2834,  127, 64, 0
L -481.264, -1141.885, 156.2834, -473.907, -1136.182, 153.4052,  127, 64, 0
L -473.907, -1136.182, 153.4052, -471.552, -1134.475, 152.9909,  127, 64, 0
L -471.552, -1134.475, 152.9909, -464.595, -1129.214, 149.9482,  127, 64, 0
L -464.595, -1129.214, 149.9482, -462.532, -1128.406, 149.3391,  127, 64, 0
L -462.532, -1128.406, 149.3391, -456.076, -1124.83, 147.1787,  127, 64, 0
L -456.076, -1124.83, 147.1787, -448.499, -1121.283, 144.5759,  127, 64, 0
L -448.499, -1121.283, 144.5759, -444.121, -1119.458, 143.2587,  127, 64, 0
L -444.121, -1119.458, 143.2587, -439.292, -1117.684, 141.6343,  127, 64, 0
L -439.292, -1117.684, 141.6343, -435.536, -1116.502, 140.4881,  127, 64, 0
L -435.536, -1116.502, 140.4881, -427.493, -1114.412, 138.7540,  127, 64, 0
L -427.493, -1114.412, 138.7540, -417.924, -1112.17, 133.3060,  127, 64, 0
L -417.924, -1112.17, 133.3060, -379.028, -1103.56, 116.6422,  127, 64, 0
L -379.028, -1103.56, 116.6422, -369.841, -1101.677, 112.3190,  127, 64, 0
L -369.841, -1101.677, 112.3190, -341.09, -1096.848, 99.9488,  127, 64, 0
L -341.09, -1096.848, 99.9488, -322.655, -1092.643, 89.8819,  127, 64, 0
L -322.655, -1092.643, 89.8819, -312.648, -1091.113, 86.6948,  127, 64, 0
L -312.648, -1091.113, 86.6948, -293.38, -1088.552, 79.1183,  127, 64, 0
L -293.38, -1088.552, 79.1183, -274.26, -1085.216, 72.9346,  127, 64, 0
L -274.26, -1085.216, 72.9346, -264.578, -1084.401, 70.8863,  127, 64, 0
L -264.578, -1084.401, 70.8863, -262.703, -1083.905, 70.1326,  127, 64, 0
L -262.703, -1083.905, 70.1326, -255.593, -1083.783, 68.8997,  127, 64, 0
L -255.593, -1083.783, 68.8997, -245.86, -1084.355, 67.8048,  127, 64, 0
L -245.86, -1084.355, 67.8048, -240.111, -1085.213, 67.2193,  127, 64, 0
L -240.111, -1085.213, 67.2193, -235.054, -1086.543, 66.8053,  127, 64, 0
L -235.054, -1086.543, 66.8053, -229.123, -1088.808, 66.4522,  127, 64, 0
L -229.123, -1088.808, 66.4522, -222.868, -1091.895, 66.1248,  127, 64, 0
L -222.868, -1091.895, 66.1248, -216.902, -1095.249, 65.8375,  127, 64, 0
L -216.902, -1095.249, 65.8375, -200.595, -1105.836, 65.8010,  127, 64, 0
L -200.595, -1105.836, 65.8010, -194.457, -1110.584, 64.9337,  127, 64, 0
L -194.457, -1110.584, 64.9337, -186.33, -1117.734, 64.6995,  127, 64, 0
L -186.33, -1117.734, 64.6995, -177.44, -1126.748, 64.6727,  127, 64, 0
L -177.44, -1126.748, 64.6727, -172.696, -1131.928, 64.8571,  127, 64, 0
L -172.696, -1131.928, 64.8571, -171.707, -1133.221, 64.8721,  127, 64, 0
L -171.707, -1133.221, 64.8721, -167.599, -1139.23, 64.1603,  127, 64, 0
L -167.599, -1139.23, 64.1603, -161.706, -1150.274, 64.9180,  127, 64, 0
L -161.706, -1150.274, 64.9180, -157.613, -1160.498, 64.9530,  127, 64, 0
L -157.613, -1160.498, 64.9530, -154.013, -1171.764, 64.1112,  127, 64, 0
L -154.013, -1171.764, 64.1112, -144.007, -1213.104, 64.2404,  127, 64, 0
L -144.007, -1213.104, 64.2404, -141.522, -1226.605, 64.2852,  127, 64, 0
L -141.522, -1226.605, 64.2852, -140.378, -1241.544, 64.2857,  127, 64, 0
L -140.378, -1241.544, 64.2857, -139.865, -1260.952, 64.3269,  127, 64, 0
L -139.865, -1260.952, 64.3269, -140.396, -1313.511, 64.5015,  127, 64, 0
L -140.396, -1313.511, 64.5015, -141.048, -1322.515, 64.5178,  127, 64, 0
L -141.048, -1322.515, 64.5178, -142.889, -1333.949, 64.4762,  127, 64, 0
L -142.889, -1333.949, 64.4762, -151.269, -1367.595, 65.1433,  127, 64, 0
L -151.269, -1367.595, 65.1433, -151.887, -1369.745, 65.4749,  127, 64, 0
L -151.887, -1369.745, 65.4749, -155.211, -1380.751, 68.1972,  127, 64, 0
L -155.211, -1380.751, 68.1972, -158.125, -1389.351, 69.8920,  127, 64, 0
L -158.125, -1389.351, 69.8920, -161.283, -1398.531, 70.4450,  127, 64, 0
L -161.283, -1398.531, 70.4450, -166.687, -1413.939, 73.2421,  127, 64, 0
L -166.687, -1413.939, 73.2421, -167.994, -1416.938, 73.8939,  127, 64, 0
L -167.994, -1416.938, 73.8939, -171.114, -1421.985, 75.8396,  127, 64, 0
L -171.114, -1421.985, 75.8396, -173.132, -1425.571, 77.3933,  127, 64, 0
L -173.132, -1425.571, 77.3933, -175.343, -1428.665, 78.6396,  127, 64, 0
L -175.343, -1428.665, 78.6396, -176.535, -1430.229, 79.4890,  127, 64, 0
L -176.535, -1430.229, 79.4890, -181.205, -1435.469, 82.2200,  127, 64, 0
L -181.205, -1435.469, 82.2200, -185.928, -1439.978, 84.3474,  127, 64, 0
L -185.928, -1439.978, 84.3474, -192.348, -1445.16, 86.6517,  127, 64, 0
L -192.348, -1445.16, 86.6517, -197.853, -1450.191, 89.3800,  127, 64, 0
L -197.853, -1450.191, 89.3800, -212.862, -1462.506, 94.9047,  127, 64, 0
L -212.862, -1462.506, 94.9047, -234.58, -1480.33, 104.2519,  127, 64, 0
L -234.58, -1480.33, 104.2519, -241.922, -1486.552, 107.7369,  127, 64, 0
L -241.922, -1486.552, 107.7369, -263.462, -1505.546, 116.3636,  127, 64, 0
L -263.462, -1505.546, 116.3636, -278.166, -1519.488, 121.4142,  127, 64, 0
L -278.166, -1519.488, 121.4142, -285.28, -1526.515, 124.8060,  127, 64, 0
L -285.28, -1526.515, 124.8060, -289.385, -1532.344, 125.9723,  127, 64, 0
L -289.385, -1532.344, 125.9723, -294.628, -1539.537, 127.3401,  127, 64, 0
L -294.628, -1539.537, 127.3401, -300.095, -1548.514, 129.5730,  127, 64, 0
L -300.095, -1548.514, 129.5730, -307.051, -1561.836, 134.2120,  127, 64, 0
L -307.051, -1561.836, 134.2120, -308.889, -1565.667, 135.9830,  127, 64, 0
L -308.889, -1565.667, 135.9830, -315.483, -1579.718, 136.9147,  127, 64, 0
L -315.483, -1579.718, 136.9147, -319.446, -1588.431, 136.9800,  127, 64, 0
L -319.446, -1588.431, 136.9800, -328.146, -1609.522, 135.8540,  127, 64, 0
L -328.146, -1609.522, 135.8540, -333.407, -1625.866, 134.1289,  127, 64, 0
L -333.407, -1625.866, 134.1289, -335.277, -1634.245, 133.3551,  127, 64, 0
L -335.277, -1634.245, 133.3551, -339.623, -1656.729, 132.6667,  127, 64, 0
L -339.623, -1656.729, 132.6667, -339.423, -1662.692, 132.7845,  127, 64, 0
L -339.423, -1662.692, 132.7845, -339.017, -1675.182, 133.5680,  127, 64, 0
L -339.017, -1675.182, 133.5680, -338.107, -1680.242, 133.2067,  127, 64, 0
L -338.107, -1680.242, 133.2067, -336.912, -1684.688, 133.5781,  127, 64, 0
L -336.912, -1684.688, 133.5781, -335.127, -1689.315, 133.9250,  127, 64, 0
L -335.127, -1689.315, 133.9250, -333.191, -1693.926, 134.3026,  127, 64, 0
L -333.191, -1693.926, 134.3026, -331.547, -1695.648, 134.5560,  127, 64, 0
L -331.547, -1695.648, 134.5560, -329.642, -1698.706, 134.7925,  127, 64, 0
L -329.642, -1698.706, 134.7925, -326.592, -1701.212, 135.9710,  127, 64, 0
L -326.592, -1701.212, 135.9710, -323.156, -1704.21, 135.4148,  127, 64, 0
L -323.156, -1704.21, 135.4148, -319.162, -1707.307, 136.2978,  127, 64, 0
L -319.162, -1707.307, 136.2978, -316.281, -1709.191, 136.8658,  127, 64, 0
L -316.281, -1709.191, 136.8658, -314.263, -1710.345, 136.8659,  127, 64, 0
L -314.263, -1710.345, 136.8659, -311.525, -1711.767, 136.7410,  127, 64, 0
L -311.525, -1711.767, 136.7410, -308.339, -1713.508, 137.7780,  127, 64, 0
L -308.339, -1713.508, 137.7780, -304.367, -1714.932, 137.4408,  127, 64, 0
L -304.367, -1714.932, 137.4408, -298.605, -1717.189, 138.2335,  127, 64, 0
L -298.605, -1717.189, 138.2335, -292.371, -1718.965, 139.5244,  127, 64, 0
L -292.371, -1718.965, 139.5244, -287.307, -1720.286, 140.5251,  127, 64, 0
L -287.307, -1720.286, 140.5251, -280.605, -1721.673, 141.3889,  127, 64, 0
L -280.605, -1721.673, 141.3889, -270.868, -1723.211, 140.7912,  127, 64, 0
L -270.868, -1723.211, 140.7912, -260.961, -1724.248, 140.6360,  127, 64, 0
L -260.961, -1724.248, 140.6360, -224.035, -1726.843, 138.6440,  127, 64, 0
L -224.035, -1726.843, 138.6440, -201.07, -1727.611, 137.4556,  127, 64, 0
L -201.07, -1727.611, 137.4556, -191.183, -1727.561, 136.9157,  127, 64, 0
L -191.183, -1727.561, 136.9157, -171.502, -1727.317, 136.4037,  127, 64, 0
L -171.502, -1727.317, 136.4037, -147.658, -1727.138, 133.2331,  127, 64, 0
L -147.658, -1727.138, 133.2331, -137.863, -1727.329, 131.2658,  127, 64, 0
L -137.863, -1727.329, 131.2658, -128.081, -1727.918, 128.3548,  127, 64, 0
L -128.081, -1727.918, 128.3548, -119.225, -1728.91, 125.7025,  127, 64, 0
L -119.225, -1728.91, 125.7025, -108.946, -1730.276, 123.6126,  127, 64, 0
L -108.946, -1730.276, 123.6126, -99.685, -1731.858, 121.8426,  127, 64, 0
L -99.685, -1731.858, 121.8426, -90.109, -1733.924, 120.1066,  127, 64, 0
L -90.109, -1733.924, 120.1066, -81.23, -1736.219, 119.5437,  127, 64, 0
L -81.23, -1736.219, 119.5437, -70.842, -1738.991, 119.4518,  127, 64, 0
L -70.842, -1738.991, 119.4518, -62.278, -1742.147, 117.7026,  127, 64, 0
L -62.278, -1742.147, 117.7026, -56.104, -1744.539, 116.7348,  127, 64, 0
L -56.104, -1744.539, 116.7348, -46.969, -1748.649, 115.9783,  127, 64, 0
L -46.969, -1748.649, 115.9783, -38.265, -1753.24, 114.2584,  127, 64, 0
L -38.265, -1753.24, 114.2584, -31.214, -1757.651, 113.2039,  127, 64, 0
L -31.214, -1757.651, 113.2039, -30, -1758.491, 113.7500,  127, 64, 0
L -30, -1758.491, 113.7500, -24.964, -1762.285, 111.7668,  127, 64, 0
L -24.964, -1762.285, 111.7668, -21.36, -1765.367, 110.4877,  127, 64, 0
L -21.36, -1765.367, 110.4877, -20.22, -1766.438, 110.2332,  127, 64, 0
L -20.22, -1766.438, 110.2332, -19.21, -1767.452, 109.8406,  127, 64, 0
L -19.21, -1767.452, 109.8406, -18.317, -1768.392, 109.3564,  127, 64, 0
L -18.317, -1768.392, 109.3564, -17.334, -1769.493, 108.6500,  127, 64, 0
L -17.334, -1769.493, 108.6500, -15.334, -1772.142, 106.7647,  127, 64, 0
L -15.334, -1772.142, 106.7647, -14.465, -1773.261, 106.6273,  127, 64, 0
L -14.465, -1773.261, 106.6273, -13.285, -1774.383, 106.3626,  127, 64, 0
L -13.285, -1774.383, 106.3626, -12.786, -1775.954, 105.7600,  127, 64, 0
L -12.786, -1775.954, 105.7600, -12.128, -1777.173, 105.1513,  127, 64, 0
L -12.128, -1777.173, 105.1513, -11.517, -1778.416, 104.4031,  127, 64, 0
L -11.517, -1778.416, 104.4031, -10.919, -1779.765, 103.4522,  127, 64, 0
L -10.919, -1779.765, 103.4522, -10.291, -1781.343, 103.2900,  127, 64, 0
L -10.291, -1781.343, 103.2900, -9.829, -1782.649, 102.8285,  127, 64, 0
L -9.829, -1782.649, 102.8285, -9.417, -1784.182, 102.4655,  127, 64, 0
L -9.417, -1784.182, 102.4655, -9.019, -1785.531, 101.8877,  127, 64, 0
L -9.019, -1785.531, 101.8877, -8.583, -1787.312, 100.9677,  127, 64, 0
L -8.583, -1787.312, 100.9677, -8.207, -1788.971, 99.8991,  127, 64, 0
L -8.207, -1788.971, 99.8991, -7.453, -1792.735, 99.1208,  127, 64, 0
L -7.453, -1792.735, 99.1208, -7.17, -1794.249, 98.6107,  127, 64, 0
L -7.17, -1794.249, 98.6107, -6.8, -1796.624, 97.4633,  127, 64, 0
L -6.8, -1796.624, 97.4633, -6.035, -1797.687, 96.8045,  127, 64, 0
L -6.035, -1797.687, 96.8045, -6.193, -1806.391, 93.8419,  127, 64, 0
L -6.193, -1806.391, 93.8419, -6.16, -1807.601, 92.9748,  127, 64, 0
L -6.16, -1807.601, 92.9748, -6.617, -1814.414, 89.7283,  127, 64, 0
L -6.617, -1814.414, 89.7283, -6.785, -1815.971, 89.2284,  127, 64, 0
L -6.785, -1815.971, 89.2284, -7.188, -1818.985, 87.7403,  127, 64, 0
L -7.188, -1818.985, 87.7403, -7.433, -1820.486, 86.7464,  127, 64, 0
L -7.433, -1820.486, 86.7464, -7.875, -1822.77, 84.9121,  127, 64, 0
L -7.875, -1822.77, 84.9121, -8.617, -1825.673, 82.9900,  127, 64, 0
L -8.617, -1825.673, 82.9900, -9.133, -1827.195, 80.2030,  127, 64, 0
L -9.133, -1827.195, 80.2030, -9.75, -1828.58, 79.4194,  127, 64, 0
L -9.75, -1828.58, 79.4194, -10.384, -1829.931, 79.1821,  127, 64, 0
L -10.384, -1829.931, 79.1821, -14.501, -1838.532, 72.9201,  127, 64, 0
L -14.501, -1838.532, 72.9201, -15.461, -1839.833, 71.1774,  127, 64, 0
L -15.461, -1839.833, 71.1774, -16.449, -1841.68, 69.9445,  127, 64, 0
L -16.449, -1841.68, 69.9445, -17.498, -1842.151, 69.7997,  127, 64, 0
L -17.498, -1842.151, 69.7997, -18.808, -1844.371, 68.9428,  127, 64, 0
L -18.808, -1844.371, 68.9428, -20.867, -1845.531, 68.1655,  127, 64, 0
L -20.867, -1845.531, 68.1655, -23.038, -1847.455, 66.3656,  127, 64, 0
L -23.038, -1847.455, 66.3656, -28.599, -1851.958, 63.8738,  127, 64, 0
L -28.599, -1851.958, 63.8738, -36.502, -1857.749, 60.9980,  127, 64, 0
L -36.502, -1857.749, 60.9980, -44.084, -1862.975, 56.3730,  127, 64, 0
L -44.084, -1862.975, 56.3730, -55.18, -1871.454, 50.3085,  127, 64, 0
L -55.18, -1871.454, 50.3085, -58.993, -1874.156, 49.1180,  127, 64, 0
L -58.993, -1874.156, 49.1180, -60.206, -1875.215, 48.4645,  127, 64, 0
L -60.206, -1875.215, 48.4645, -63.987, -1878.767, 47.2862,  127, 64, 0
L -63.987, -1878.767, 47.2862, -66.257, -1881.114, 46.7627,  127, 64, 0
L -66.257, -1881.114, 46.7627, -67.308, -1882.274, 46.2250,  127, 64, 0
L -67.308, -1882.274, 46.2250, -69.737, -1885.14, 45.5578,  127, 64, 0
L -69.737, -1885.14, 45.5578, -70.81, -1886.515, 45.1394,  127, 64, 0
L -70.81, -1886.515, 45.1394, -72.521, -1888.865, 44.8594,  127, 64, 0
L -72.521, -1888.865, 44.8594, -75.177, -1892.952, 44.1066,  127, 64, 0
L -75.177, -1892.952, 44.1066, -75.882, -1895.51, 43.4134,  127, 64, 0
L -75.882, -1895.51, 43.4134, -77.482, -1897.434, 43.1362,  127, 64, 0
L -77.482, -1897.434, 43.1362, -78.288, -1898.641, 42.6071,  127, 64, 0
L -78.288, -1898.641, 42.6071, -79.063, -1900.303, 41.8123,  127, 64, 0
L -79.063, -1900.303, 41.8123, -80.393, -1903.431, 39.8385,  127, 64, 0
L -80.393, -1903.431, 39.8385, -80.962, -1904.937, 39.6850,  127, 64, 0
L -80.962, -1904.937, 39.6850, -82.257, -1908.436, 38.5193,  127, 64, 0
L -82.257, -1908.436, 38.5193, -82.748, -1909.882, 37.7286,  127, 64, 0
L -82.748, -1909.882, 37.7286, -83.208, -1911.361, 36.7599,  127, 64, 0
L -83.208, -1911.361, 36.7599, -83.26, -1912.986, 36.1839,  127, 64, 0
L -83.26, -1912.986, 36.1839, -84.094, -1914.449, 35.9410,  127, 64, 0
L -84.094, -1914.449, 35.9410, -84.342, -1915.401, 35.6803,  127, 64, 0
L -84.342, -1915.401, 35.6803, -84.786, -1917.944, 35.9490,  127, 64, 0
L -84.786, -1917.944, 35.9490, -84.923, -1918.724, 35.4350,  127, 64, 0
L -84.923, -1918.724, 35.4350, -85.421, -1923.146, 33.7809,  127, 64, 0
L -85.421, -1923.146, 33.7809, -85.412, -1924.657, 33.2450,  127, 64, 0
L -85.412, -1924.657, 33.2450, -84.965, -1931.927, 31.2042,  127, 64, 0
L -84.965, -1931.927, 31.2042, -84.844, -1933.578, 30.9480,  127, 64, 0
L -84.844, -1933.578, 30.9480, -84.376, -1940.72, 29.1894,  127, 64, 0
L -84.376, -1940.72, 29.1894, -84.26, -1942.372, 28.9605,  127, 64, 0
L -84.26, -1942.372, 28.9605, -83.8, -1948.663, 26.9021,  127, 64, 0
L -83.8, -1948.663, 26.9021, -83.325, -1950.907, 26.7809,  127, 64, 0
L -83.325, -1950.907, 26.7809, -83.212, -1958.174, 23.6469,  127, 64, 0
L -83.212, -1958.174, 23.6469, -83.15, -1959.738, 23.4089,  127, 64, 0
L -83.15, -1959.738, 23.4089, -82.045, -1971.493, 20.8216,  127, 64, 0
L -82.045, -1971.493, 20.8216, -82.577, -1973.326, 20.8030,  127, 64, 0
L -82.577, -1973.326, 20.8030, -82.148, -1979.349, 18.4954,  127, 64, 0
L -82.148, -1979.349, 18.4954, -81.982, -1980.816, 17.8012,  127, 64, 0
L -81.982, -1980.816, 17.8012, -81.516, -1984.924, 17.2639,  127, 64, 0
L -81.516, -1984.924, 17.2639, -81.279, -1985.458, 16.7979,  127, 64, 0
L -81.279, -1985.458, 16.7979, -80.791, -1987.87, 15.6073,  127, 64, 0
L -80.791, -1987.87, 15.6073, -80.425, -1989.484, 15.1051,  127, 64, 0
L -80.425, -1989.484, 15.1051, -80.002, -1991.177, 14.8097,  127, 64, 0
L -80.002, -1991.177, 14.8097, -79.614, -1992.6, 14.3856,  127, 64, 0
L -79.614, -1992.6, 14.3856, -79.275, -1993.76, 13.8933,  127, 64, 0
L -79.275, -1993.76, 13.8933, -78.78, -1995.339, 13.6690,  127, 64, 0
L -78.78, -1995.339, 13.6690, -78.16, -1997.16, 11.8804,  127, 64, 0
L -78.16, -1997.16, 11.8804, -77.634, -1998.587, 11.7436,  127, 64, 0
L -77.634, -1998.587, 11.7436, -77.081, -2000.33, 11.4276,  127, 64, 0
L -77.081, -2000.33, 11.4276, -76.498, -2001.408, 10.9360,  127, 64, 0
L -76.498, -2001.408, 10.9360, -75.821, -2002.967, 10.1751,  127, 64, 0
L -75.821, -2002.967, 10.1751, -74.862, -2004.988, 8.9083,  127, 64, 0
L -74.862, -2004.988, 8.9083, -74.006, -2006.66, 8.6995,  127, 64, 0
L -74.006, -2006.66, 8.6995, -73.199, -2008.156, 8.2806,  127, 64, 0
L -73.199, -2008.156, 8.2806, -72.34, -2009.674, 7.6214,  127, 64, 0
L -72.34, -2009.674, 7.6214, -71.412, -2011.256, 6.6810,  127, 64, 0
L -71.412, -2011.256, 6.6810, -70.53, -2012.71, 5.6653,  127, 64, 0
L -70.53, -2012.71, 5.6653, -65.275, -2020.329, 2.5290,  127, 64, 0
L -65.275, -2020.329, 2.5290, -64.86, -2021.614, 0.8269,  127, 64, 0
L -64.86, -2021.614, 0.8269, -59.517, -2029.422, -3.1368,  127, 64, 0
L -59.517, -2029.422, -3.1368, -42.745, -2053.863, -17.9661,  127, 64, 0
L -42.745, -2053.863, -17.9661, -23.029, -2082.591, -32.6544,  127, 64, 0
L -23.029, -2082.591, -32.6544, -22.134, -2083.977, -33.8380,  127, 64, 0
L -22.134, -2083.977, -33.8380, -20.437, -2086.789, -36.7222,  127, 64, 0
L -20.437, -2086.789, -36.7222, -19.58, -2088.305, -38.5446,  127, 64, 0
L -19.58, -2088.305, -38.5446, -18.876, -2089.601, -39.1615,  127, 64, 0
L -18.876, -2089.601, -39.1615, -17.988, -2091.307, -39.4885,  127, 64, 0
L -17.988, -2091.307, -39.4885, -15.195, -2096.823, -42.4656,  127, 64, 0
L -15.195, -2096.823, -42.4656, -13.965, -2099.452, -44.7882,  127, 64, 0
L -13.965, -2099.452, -44.7882, -13.259, -2101.464, -45.5324,  127, 64, 0
L -13.259, -2101.464, -45.5324, -12.57, -2102.633, -45.8100,  127, 64, 0
L -12.57, -2102.633, -45.8100, -12.026, -2103.952, -46.2027,  127, 64, 0
L -12.026, -2103.952, -46.2027, -11.426, -2105.492, -46.8573,  127, 64, 0
L -11.426, -2105.492, -46.8573, -10.296, -2108.602, -47.5170,  127, 64, 0
L -10.296, -2108.602, -47.5170, -9.782, -2110.127, -47.9765,  127, 64, 0
L -9.782, -2110.127, -47.9765, -9.301, -2111.617, -48.6081,  127, 64, 0
L -9.301, -2111.617, -48.6081, -8.379, -2114.702, -49.1882,  127, 64, 0
L -8.379, -2114.702, -49.1882, -7.735, -2116.982, -49.9256,  127, 64, 0
L -7.735, -2116.982, -49.9256, -7.336, -2118.517, -50.6593,  127, 64, 0
L -7.336, -2118.517, -50.6593, -6.963, -2120.731, -51.5818,  127, 64, 0
L -6.963, -2120.731, -51.5818, -6.585, -2121.727, -52.7620,  127, 64, 0
L -6.585, -2121.727, -52.7620, -5.807, -2125.492, -53.5942,  127, 64, 0
L -5.807, -2125.492, -53.5942, -5.037, -2129.397, -54.8369,  127, 64, 0
L -5.037, -2129.397, -54.8369, -4.615, -2131.114, -55.1326,  127, 64, 0
L -4.615, -2131.114, -55.1326, -4.304, -2133.629, -55.9829,  127, 64, 0
L -4.304, -2133.629, -55.9829, -4.019, -2135.577, -56.8064,  127, 64, 0
L -4.019, -2135.577, -56.8064, -3.569, -2139.262, -57.4844,  127, 64, 0
L -3.569, -2139.262, -57.4844, -3.414, -2140.82, -58.7630,  127, 64, 0
L -3.414, -2140.82, -58.7630, -3.761, -2156.407, -64.1101,  127, 64, 0
L -3.761, -2156.407, -64.1101, -4.204, -2158.184, -64.3288,  127, 64, 0
L -4.204, -2158.184, -64.3288, -3.957, -2159.925, -64.8011,  127, 64, 0
L -3.957, -2159.925, -64.8011, -4.888, -2160.782, -65.1235,  127, 64, 0
L -4.888, -2160.782, -65.1235, -5.244, -2162.68, -65.4330,  127, 64, 0
L -5.244, -2162.68, -65.4330, -7.263, -2168.598, -66.2336,  127, 64, 0
L -7.263, -2168.598, -66.2336, -7.833, -2170.295, -66.6380,  127, 64, 0
L -7.833, -2170.295, -66.6380, -8.39, -2171.901, -66.8089,  127, 64, 0
L -8.39, -2171.901, -66.8089, -9.599, -2175.222, -67.5309,  127, 64, 0
L -9.599, -2175.222, -67.5309, -10.498, -2177.616, -68.2647,  127, 64, 0
L -10.498, -2177.616, -68.2647, -11.197, -2179.479, -68.3858,  127, 64, 0
L -11.197, -2179.479, -68.3858, -15.366, -2187.468, -69.7326,  127, 64, 0
L -15.366, -2187.468, -69.7326, -19.322, -2195.608, -70.1936,  127, 64, 0
L -19.322, -2195.608, -70.1936, -22.15, -2203.673, -70.5600,  127, 64, 0
L -23.066, -2206.88, -70.6239, -23.348, -2206.816, -70.6702,  127, 64, 0
L -836.562, 322.249, 8.8600, -834.339, 329.82, 7.2313,  127, 64, 0
L -834.339, 329.82, 7.2313, -833.889, 332.63, 6.8818,  127, 64, 0
L -833.889, 332.63, 6.8818, -829.032, 351.54, 4.8052,  127, 64, 0
L -833.592, 333.406, 6.7605, -829.032, 351.54, 4.8052,  127, 64, 0
L -829.032, 351.54, 4.8052, -821.308, 378.326, 1.4564,  127, 64, 0
L -821.308, 378.326, 1.4564, -818.567, 389.814, 0.6702,  127, 64, 0
L -818.567, 389.814, 0.6702, -816.107, 410.739, -0.2720,  127, 64, 0
L -816.107, 410.739, -0.2720, -815.537, 418.682, -0.2580,  127, 64, 0
L -815.537, 418.682, -0.2580, -815.982, 437.548, -0.5914,  127, 64, 0
L -815.982, 437.548, -0.5914, -818.084, 458.38, -0.6182,  127, 64, 0
L -818.084, 458.38, -0.6182, -821.255, 477.444, -0.6525,  127, 64, 0
L -821.255, 477.444, -0.6525, -826.647, 498.366, -0.7130,  127, 64, 0
L -826.647, 498.366, -0.7130, -833.035, 517.221, -0.7125,  127, 64, 0
L -833.035, 517.221, -0.7125, -843.703, 546.811, -0.5608,  127, 64, 0
L -843.703, 546.811, -0.5608, -852.65, 569.254, -0.7191,  127, 64, 0
L -852.65, 569.254, -0.7191, -856.565, 576.997, -0.7191,  127, 64, 0
L -856.565, 576.997, -0.7191, -860.245, 582.977, -0.7191,  127, 64, 0
L -860.245, 582.977, -0.7191, -864.563, 587.732, -0.7191,  127, 64, 0
L -864.563, 587.732, -0.7191, -870.337, 595.639, -0.7191,  127, 64, 0
L -870.337, 595.639, -0.7191, -890.867, 618.909, -0.7191,  127, 64, 0
L -890.867, 618.909, -0.7191, -933.409, 660.841, -0.7473,  127, 64, 0
L -933.409, 660.841, -0.7473, -938.401, 665.188, -0.7662,  127, 64, 0
L -938.401, 665.188, -0.7662, -943.322, 668.99, -0.8346,  127, 64, 0
L -943.322, 668.99, -0.8346, -947.554, 671.748, -0.9802,  127, 64, 0
L -947.554, 671.748, -0.9802, -951.897, 674.539, -1.7570,  127, 64, 0
L -951.897, 674.539, -1.7570, -956.229, 675.857, -1.1572,  127, 64, 0
L -956.229, 675.857, -1.1572, -960.107, 677.905, -1.3597,  127, 64, 0
L -960.107, 677.905, -1.3597, -969.466, 679.67, -2.6385,  127, 64, 0
L -969.466, 679.67, -2.6385, -974.045, 680.712, -3.5078,  127, 64, 0
L -974.045, 680.712, -3.5078, -983.541, 682.506, -2.9325,  127, 64, 0
L -983.541, 682.506, -2.9325, -993.129, 684, -3.9131,  127, 64, 0
L -993.129, 684, -3.9131, -1002.954, 685.965, -4.6649,  127, 64, 0
L -1002.954, 685.965, -4.6649, -1043.152, 689.545, -5.4363,  127, 64, 0
L -1043.152, 689.545, -5.4363, -1052.688, 690.39, -5.1623,  127, 64, 0
L -1052.688, 690.39, -5.1623, -1058.99, 690.638, -4.8571,  127, 64, 0
L -1058.99, 690.638, -4.8571, -1069.902, 690.189, -4.5090,  127, 64, 0
L -1069.902, 690.189, -4.5090, -1080.63, 688.539, -3.1766,  127, 64, 0
L -1080.63, 688.539, -3.1766, -1089.967, 686.875, -2.7620,  127, 64, 0
L -1089.967, 686.875, -2.7620, -1127.85, 679.129, 3.9200,  127, 64, 0
L -1127.85, 679.129, 3.9200, -1185.012, 668.494, 6.9759,  127, 64, 0
L -1185.012, 668.494, 6.9759, -1194.119, 667.821, 7.5289,  127, 64, 0
L -1194.119, 667.821, 7.5289, -1203.881, 665.828, 7.6871,  127, 64, 0
L -1203.881, 665.828, 7.6871, -1212.285, 664.882, 7.4020,  127, 64, 0
L -1212.285, 664.882, 7.4020, -1241.904, 662.615, 5.4960,  127, 64, 0
L -1241.904, 662.615, 5.4960, -1261.455, 661.293, 3.4523,  127, 64, 0
L -1261.455, 661.293, 3.4523, -1270.842, 660.933, 2.7477,  127, 64, 0
L -1270.842, 660.933, 2.7477, -1280.369, 660.95, 1.6340,  127, 64, 0
L -1280.369, 660.95, 1.6340, -1286.712, 661.291, -0.1523,  127, 64, 0
L -1286.712, 661.291, -0.1523, -1296.641, 662.258, -2.1370,  127, 64, 0
L -1296.641, 662.258, -2.1370, -1306.086, 663.509, -2.7071,  127, 64, 0
L -1306.086, 663.509, -2.7071, -1315.911, 665.226, -2.8892,  127, 64, 0
L -1315.911, 665.226, -2.8892, -1320.625, 666.281, -3.5860,  127, 64, 0
L -1320.625, 666.281, -3.5860, -1325.629, 667.65, -3.2418,  127, 64, 0
L -1325.629, 667.65, -3.2418, -1328.987, 668.753, -3.3492,  127, 64, 0
L -1328.987, 668.753, -3.3492, -1333.668, 670.535, -3.4361,  127, 64, 0
L -1333.668, 670.535, -3.4361, -1340.479, 673.493, -3.6427,  127, 64, 0
L -1340.479, 673.493, -3.6427, -1391.93, 699.34, -9.1750,  127, 64, 0
L -1391.93, 699.34, -9.1750, -1418.453, 711.704, -15.3900,  127, 64, 0
L -1418.453, 711.704, -15.3900, -1434.987, 720.529, -18.6175,  127, 64, 0
L -1434.987, 720.529, -18.6175, -1443.345, 725.558, -20.3509,  127, 64, 0
L -1443.345, 725.558, -20.3509, -1451.068, 730.587, -21.6630,  127, 64, 0
L -1451.068, 730.587, -21.6630, -1459.375, 736.21, -22.9320,  127, 64, 0
L -1459.375, 736.21, -22.9320, -1466.632, 741.887, -24.2388,  127, 64, 0
L -1466.632, 741.887, -24.2388, -1481.958, 753.806, -28.3569,  127, 64, 0
L -1481.958, 753.806, -28.3569, -1484.966, 756.345, -29.2875,  127, 64, 0
L -1484.966, 756.345, -29.2875, -1492.42, 762.909, -30.8895,  127, 64, 0
L -1492.42, 762.909, -30.8895, -1505.293, 774.881, -33.3453,  127, 64, 0
L -1505.293, 774.881, -33.3453, -1511.162, 779.427, -34.6066,  127, 64, 0
L -1511.162, 779.427, -34.6066, -1517.547, 783.72, -36.2230,  127, 64, 0
L -1517.547, 783.72, -36.2230, -1534.337, 794.252, -40.3275,  127, 64, 0
L -1534.337, 794.252, -40.3275, -1542.352, 799.322, -40.7190,  127, 64, 0
L -1542.352, 799.322, -40.7190, -1567.945, 816.84, -40.7190,  127, 64, 0
L -1567.945, 816.84, -40.7190, -1579.861, 823.108, -40.7190,  127, 64, 0
L -1579.861, 823.108, -40.7190, -1585.324, 825.684, -40.7190,  127, 64, 0
L -1585.324, 825.684, -40.7190, -1590.451, 827.54, -40.7190,  127, 64, 0
L -1590.451, 827.54, -40.7190, -1593.556, 828.389, -40.7190,  127, 64, 0
L -1593.556, 828.389, -40.7190, -1602.254, 830.284, -40.7190,  127, 64, 0
L -1602.254, 830.284, -40.7190, -1608.256, 831.284, -40.7190,  127, 64, 0
L -1608.256, 831.284, -40.7190, -1613.188, 831.853, -40.7190,  127, 64, 0
L -1613.188, 831.853, -40.7190, -1617.43, 832.121, -40.7190,  127, 64, 0
L -1617.43, 832.121, -40.7190, -1623.602, 832.182, -40.7190,  127, 64, 0
L -1623.602, 832.182, -40.7190, -1628.594, 831.803, -40.7190,  127, 64, 0
L -1628.594, 831.803, -40.7190, -1632.951, 830.987, -40.7190,  127, 64, 0
L -1632.951, 830.987, -40.7190, -1644.338, 827.484, -40.7190,  127, 64, 0
L -1644.338, 827.484, -40.7190, -1654.139, 823.119, -40.7190,  127, 64, 0
L -1654.139, 823.119, -40.7190, -1695.575, 802.136, -40.7190,  127, 64, 0
L -1695.575, 802.136, -40.7190, -1699.023, 800.144, -40.7190,  127, 64, 0
L -1699.023, 800.144, -40.7190, -1709.893, 793.14, -40.7190,  127, 64, 0
L -1709.893, 793.14, -40.7190, -1720.04, 785.565, -40.7190,  127, 64, 0
L -1720.04, 785.565, -40.7190, -1734.617, 773.491, -40.7190,  127, 64, 0
L -1734.617, 773.491, -40.7190, -1743.31, 765.826, -40.7190,  127, 64, 0
L -1743.31, 765.826, -40.7190, -1751.357, 757.927, -40.7190,  127, 64, 0
L -1751.357, 757.927, -40.7190, -1757.1, 751.54, -40.7190,  127, 64, 0
L -1757.1, 751.54, -40.7190, -1766.077, 739.931, -40.7190,  127, 64, 0
L -1766.077, 739.931, -40.7190, -1775.495, 725.721, -40.7190,  127, 64, 0
L -1775.495, 725.721, -40.7190, -1783.371, 711.673, -40.7190,  127, 64, 0
L -1783.371, 711.673, -40.7190, -1785.122, 708.462, -40.7190,  127, 64, 0
L -1785.122, 708.462, -40.7190, -1786.701, 704.635, -40.3263,  127, 64, 0
L -1786.701, 704.635, -40.3263, -1789.098, 699.334, -40.7190,  127, 64, 0
L -1789.098, 699.334, -40.7190, -1792.945, 690.66, -39.7188,  127, 64, 0
L -1792.945, 690.66, -39.7188, -1796.911, 681.599, -39.6707,  127, 64, 0
L -1796.911, 681.599, -39.6707, -1798.851, 676.545, -39.9870,  127, 64, 0
L -1798.851, 676.545, -39.9870, -1800.319, 671.895, -38.3624,  127, 64, 0
L -1800.319, 671.895, -38.3624, -1803.856, 655.91, -38.5441,  127, 64, 0
L -1803.856, 655.91, -38.5441, -1806.12, 640.139, -39.1002,  127, 64, 0
L -1806.12, 640.139, -39.1002, -1806.373, 638.277, -39.4994,  127, 64, 0
L -1806.373, 638.277, -39.4994, -1807.14, 635.305, -40.6259,  127, 64, 0
L -1807.14, 635.305, -40.6259, -1806.92, 634.24, -40.7171,  127, 64, 0
L -1806.92, 634.24, -40.7171, -1811.695, 595.729, -40.7190,  127, 64, 0
L -1811.695, 595.729, -40.7190, -1811.425, 586.888, -40.7190,  127, 64, 0
L -1811.425, 586.888, -40.7190, -1811.982, 528.318, -40.7192,  127, 64, 0
L -1811.982, 528.318, -40.7192, -1812.665, 519.98, -40.7190,  127, 64, 0
L -1812.665, 519.98, -40.7190, -1815.27, 502.227, -40.7190,  127, 64, 0
L -1815.27, 502.227, -40.7190, -1816.55, 494.822, -40.7190,  127, 64, 0
L -1816.55, 494.822, -40.7190, -1815.388, 479.187, -40.7190,  127, 64, 0
L -1815.388, 479.187, -40.7190, -1811.973, 457.305, -40.7190,  127, 64, 0
L -1811.973, 457.305, -40.7190, -1809.61, 447.335, -40.7190,  127, 64, 0
L -1809.61, 447.335, -40.7190, -1806.253, 437.565, -40.7190,  127, 64, 0
L -1806.253, 437.565, -40.7190, -1801.926, 428.23, -40.7190,  127, 64, 0
L -1801.926, 428.23, -40.7190, -1794.434, 414.836, -40.7190,  127, 64, 0
L -1794.434, 414.836, -40.7190, -1782.052, 394.977, -40.7190,  127, 64, 0
L -1782.052, 394.977, -40.7190, -1776.52, 387.832, -40.7190,  127, 64, 0
L -1776.52, 387.832, -40.7190, -1765.568, 375.597, -40.7083,  127, 64, 0
L -1765.568, 375.597, -40.7083, -1754.275, 364.683, -40.6959,  127, 64, 0
L -1754.275, 364.683, -40.6959, -1747.628, 359.313, -40.6903,  127, 64, 0
L -1747.628, 359.313, -40.6903, -1742.3, 355.613, -40.6895,  127, 64, 0
L -1742.3, 355.613, -40.6895, -1735.06, 351.331, -40.6878,  127, 64, 0
L -1735.06, 351.331, -40.6878, -1729.923, 348.7, -40.6865,  127, 64, 0
L -1729.923, 348.7, -40.6865, -1721.139, 344.78, -40.6858,  127, 64, 0
L -1721.139, 344.78, -40.6858, -1715.082, 342.729, -40.6858,  127, 64, 0
L -1715.082, 342.729, -40.6858, -1712.039, 341.994, -40.6856,  127, 64, 0
L -1712.039, 341.994, -40.6856, -1705.617, 340.804, -40.6848,  127, 64, 0
L -1705.617, 340.804, -40.6848, -1695.895, 339.303, -40.6837,  127, 64, 0
L -1695.895, 339.303, -40.6837, -1685.882, 338.168, -40.6822,  127, 64, 0
L -1685.882, 338.168, -40.6822, -1667.073, 336.975, -40.6792,  127, 64, 0
L -1667.073, 336.975, -40.6792, -1646.305, 335.861, -40.2796,  127, 64, 0
L -1646.305, 335.861, -40.2796, -1641.01, 335.293, -40.5120,  127, 64, 0
L -1641.01, 335.293, -40.5120, -1638.626, 334.907, -39.9298,  127, 64, 0
L -1638.626, 334.907, -39.9298, -1634.169, 333.932, -39.7361,  127, 64, 0
L -1634.169, 333.932, -39.7361, -1629.062, 332.479, -38.7004,  127, 64, 0
L -1629.062, 332.479, -38.7004, -1626.059, 331.56, -38.5103,  127, 64, 0
L -1626.059, 331.56, -38.5103, -1624.27, 330.86, -37.6966,  127, 64, 0
L -1624.27, 330.86, -37.6966, -1618.395, 328.172, -36.2856,  127, 64, 0
L -1618.395, 328.172, -36.2856, -1610.113, 323.481, -32.5000,  127, 64, 0
L -1610.113, 323.481, -32.5000, -1594.073, 314.855, -25.6520,  127, 64, 0
L -1594.073, 314.855, -25.6520, -1592.415, 314.708, -23.9872,  127, 64, 0
L -1592.415, 314.708, -23.9872, -1586.594, 311.906, -20.6869,  127, 64, 0
L -1586.594, 311.906, -20.6869, -1577.256, 309.244, -15.3793,  127, 64, 0
L -1577.256, 309.244, -15.3793, -1568.035, 307.321, -10.4077,  127, 64, 0
L -1568.035, 307.321, -10.4077, -1566.445, 306.775, -9.5715,  127, 64, 0
L -1566.445, 306.775, -9.5715, -1547.155, 304.148, 1.8997,  127, 64, 0
L -1547.155, 304.148, 1.8997, -1518.247, 301.182, 21.9409,  127, 64, 0
L -1518.247, 301.182, 21.9409, -1517.293, 300.935, 23.3240,  127, 64, 0
L -1517.293, 300.935, 23.3240, -1506.995, 299.276, 29.5579,  127, 64, 0
L -1506.995, 299.276, 29.5579, -1497.386, 296.691, 35.5863,  127, 64, 0
L -1497.386, 296.691, 35.5863, -1491.978, 295.93, 38.6749,  127, 64, 0
L -1491.978, 295.93, 38.6749, -1475.55, 290.359, 48.7845,  127, 64, 0
L -1475.55, 290.359, 48.7845, -1470.725, 289.846, 51.4951,  127, 64, 0
L -1470.725, 289.846, 51.4951, -1468.439, 288.988, 51.6255,  127, 64, 0
L -1468.439, 288.988, 51.6255, -1459.067, 288.438, 56.7396,  127, 64, 0
L -1459.067, 288.438, 56.7396, -1452.044, 287.95, 61.4030,  127, 64, 0
L -1452.044, 287.95, 61.4030, -1456.313, 271.739, 59.1813,  127, 64, 0
L -1456.313, 271.739, 59.1813, -1458.243, 271.977, 58.9076,  127, 64, 0
L -1458.243, 271.977, 58.9076, -1477.42, 274.503, 49.7015,  127, 64, 0
L -1477.42, 274.503, 49.7015, -1486.719, 276.65, 45.5944,  127, 64, 0
L -1486.719, 276.65, 45.5944, -1522.034, 283.588, 21.9950,  127, 64, 0
L -1522.034, 283.588, 21.9950, -1530.875, 284.592, 15.8535,  127, 64, 0
L -1530.875, 284.592, 15.8535, -1540.432, 285.79, 8.1318,  127, 64, 0
L -1540.432, 285.79, 8.1318, -1550.24, 286.51, 3.4752,  127, 64, 0
L -1550.24, 286.51, 3.4752, -1564.385, 287.75, -4.8487,  127, 64, 0
L -1564.385, 287.75, -4.8487, -1566.018, 287.993, -6.3373,  127, 64, 0
L -1566.018, 287.993, -6.3373, -1586.344, 291.116, -17.9106,  127, 64, 0
L -1586.344, 291.116, -17.9106, -1594.927, 292.866, -23.4261,  127, 64, 0
L -1594.927, 292.866, -23.4261, -1604.225, 295.206, -27.9185,  127, 64, 0
L -1604.225, 295.206, -27.9185, -1613.706, 297.982, -30.9970,  127, 64, 0
L -1613.706, 297.982, -30.9970, -1622.864, 300.925, -34.2606,  127, 64, 0
L -1622.864, 300.925, -34.2606, -1632.189, 304.745, -36.9335,  127, 64, 0
L -1632.189, 304.745, -36.9335, -1640.876, 307.163, -38.8111,  127, 64, 0
L -1640.876, 307.163, -38.8111, -1657.656, 312.987, -40.7156,  127, 64, 0
L -1657.656, 312.987, -40.7156, -1663.954, 314.877, -40.7098,  127, 64, 0
L -1663.954, 314.877, -40.7098, -1667.653, 315.487, -40.7066,  127, 64, 0
L -1667.653, 315.487, -40.7066, -1689.482, 316.874, -40.6968,  127, 64, 0
L -1689.482, 316.874, -40.6968, -1699.183, 317.893, -40.6961,  127, 64, 0
L -1699.183, 317.893, -40.6961, -1703.251, 318.524, -40.6966,  127, 64, 0
L -1703.251, 318.524, -40.6966, -1712.371, 320.372, -40.6976,  127, 64, 0
L -1712.371, 320.372, -40.6976, -1721.268, 322.606, -40.6983,  127, 64, 0
L -1721.268, 322.606, -40.6983, -1731.482, 325.76, -40.6997,  127, 64, 0
L -1731.482, 325.76, -40.6997, -1735.96, 327.585, -40.7012,  127, 64, 0
L -1735.96, 327.585, -40.7012, -1740.615, 330.342, -40.7023,  127, 64, 0
L -1740.615, 330.342, -40.7023, -1745.548, 333.586, -40.7034,  127, 64, 0
L -1745.548, 333.586, -40.7034, -1767.994, 350.726, -40.7092,  127, 64, 0
L -1767.994, 350.726, -40.7092, -1797.534, 376.159, -40.7190,  127, 64, 0
L -1782.165, 363.747, -40.7190, -1797.534, 376.159, -40.7190,  127, 64, 0
L -1797.534, 376.159, -40.7190, -1803.607, 381.269, -40.7190,  127, 64, 0
L -1803.607, 381.269, -40.7190, -1811.565, 386.426, -40.7190,  127, 64, 0
L -1811.565, 386.426, -40.7190, -1816.908, 389.236, -40.7190,  127, 64, 0
L -1816.908, 389.236, -40.7190, -1819.903, 390.534, -40.7190,  127, 64, 0
L -1819.903, 390.534, -40.7190, -1822.251, 391.403, -40.7190,  127, 64, 0
L -1822.251, 391.403, -40.7190, -1826.264, 392.652, -40.7190,  127, 64, 0
L -1826.264, 392.652, -40.7190, -1834.614, 394.659, -40.7190,  127, 64, 0
L -1834.614, 394.659, -40.7190, -1841.257, 395.572, -40.7190,  127, 64, 0
L -1841.257, 395.572, -40.7190, -1845.456, 395.721, -40.7190,  127, 64, 0
L -1845.456, 395.721, -40.7190, -1854.565, 395.275, -40.7190,  127, 64, 0
L -1854.565, 395.275, -40.7190, -1859.151, 394.519, -40.7190,  127, 64, 0
L -1859.151, 394.519, -40.7190, -1865.458, 392.837, -40.7190,  127, 64, 0
L -1865.458, 392.837, -40.7190, -1869.008, 391.487, -40.7190,  127, 64, 0
L -1869.008, 391.487, -40.7190, -1871.275, 390.657, -40.7190,  127, 64, 0
L -1871.275, 390.657, -40.7190, -1872.335, 389.758, -40.7190,  127, 64, 0
L -1872.335, 389.758, -40.7190, -1875.552, 387.506, -40.7190,  127, 64, 0
L -1875.552, 387.506, -40.7190, -1878.291, 385.142, -40.7190,  127, 64, 0
L -1878.291, 385.142, -40.7190, -1881.534, 381.935, -40.7190,  127, 64, 0
L -1881.534, 381.935, -40.7190, -1885.267, 377.54, -40.7190,  127, 64, 0
L -1885.267, 377.54, -40.7190, -1887.156, 374.879, -40.7190,  127, 64, 0
L -1887.156, 374.879, -40.7190, -1891.02, 368.127, -40.7190,  127, 64, 0
L -1891.02, 368.127, -40.7190, -1909.062, 331.429, -40.7190,  127, 64, 0
L -1909.062, 331.429, -40.7190, -1916.559, 314.22, -40.7190,  127, 64, 0
L -1916.559, 314.22, -40.7190, -1927.518, 284.659, -40.7190,  127, 64, 0
L -1927.518, 284.659, -40.7190, -2026.864, -15.828, -40.7190,  127, 64, 0
L -2026.864, -15.828, -40.7190, -2030.201, -24.516, -40.7190,  127, 64, 0
L -2030.201, -24.516, -40.7190, -2033.079, -31.168, -40.1991,  127, 64, 0
L -2033.079, -31.168, -40.1991, -2048.711, -63.316, -40.7190,  127, 64, 0
L -2048.711, -63.316, -40.7190, -2052.705, -74.427, -40.3301,  127, 64, 0
L -2052.705, -74.427, -40.3301, -2055.091, -83.601, -39.9007,  127, 64, 0
L -2055.091, -83.601, -39.9007, -2056.513, -91.527, -39.5275,  127, 64, 0
L -2056.513, -91.527, -39.5275, -2056.985, -96.377, -39.2030,  127, 64, 0
L -2056.985, -96.377, -39.2030, -2057.032, -98.311, -38.8087,  127, 64, 0
L -2057.032, -98.311, -38.8087, -2056.539, -105.385, -37.4800,  127, 64, 0
L -2056.539, -105.385, -37.4800, -2056.595, -108.564, -36.6456,  127, 64, 0
L -2056.595, -108.564, -36.6456, -2055.266, -110.386, -36.3395,  127, 64, 0
L -2055.266, -110.386, -36.3395, -2053.959, -111.348, -36.4720,  127, 64, 0
L -2053.959, -111.348, -36.4720, -2043.396, -116.677, -32.4080,  127, 64, 0
L -2043.396, -116.677, -32.4080, -2040.865, -117.879, -31.8897,  127, 64, 0
L -2040.865, -117.879, -31.8897, -2039.419, -118.408, -31.1426,  127, 64, 0
L -2039.419, -118.408, -31.1426, -2035.526, -119.736, -29.8893,  127, 64, 0
L -2035.526, -119.736, -29.8893, -2033.248, -120.395, -28.8702,  127, 64, 0
L -2033.248, -120.395, -28.8702, -2028.024, -121.633, -27.4580,  127, 64, 0
L -2028.024, -121.633, -27.4580, -2018.436, -123.41, -23.8843,  127, 64, 0
L -2018.436, -123.41, -23.8843, -2016.878, -123.628, -23.4050,  127, 64, 0
L -2016.878, -123.628, -23.4050, -2006.963, -124.703, -19.4222,  127, 64, 0
L -2006.963, -124.703, -19.4222, -1997.05, -125.371, -15.4222,  127, 64, 0
L -1997.05, -125.371, -15.4222, -1967.721, -127.454, -0.4855,  127, 64, 0
L -1967.721, -127.454, -0.4855, -1958.34, -128.505, 5.5517,  127, 64, 0
L -1958.34, -128.505, 5.5517, -1948.043, -129.859, 11.5432,  127, 64, 0
L -1948.043, -129.859, 11.5432, -1912.643, -134.522, 34.6448,  127, 64, 0
L -1912.643, -134.522, 34.6448, -1902.47, -135.685, 41.7571,  127, 64, 0
L -1902.47, -135.685, 41.7571, -1887.009, -135.94, 53.2834,  127, 64, 0
L -1887.009, -135.94, 53.2834, -1857.581, -134.805, 76.9640,  127, 64, 0
L -1857.581, -134.805, 76.9640, -1848.2, -134.733, 83.4801,  127, 64, 0
L -1848.2, -134.733, 83.4801, -1838.078, -135.571, 90.7236,  127, 64, 0
L -1838.078, -135.571, 90.7236, -1830.053, -135.734, 97.2193,  127, 64, 0
L -1830.053, -135.734, 97.2193, -1827.215, -136.115, 99.4451,  127, 64, 0
L -1827.215, -136.115, 99.4451, -1817.446, -137.914, 106.3228,  127, 64, 0
L -1817.446, -137.914, 106.3228, -1813.338, -138.818, 109.6174,  127, 64, 0
L -1813.338, -138.818, 109.6174, -1807.22, -140.672, 113.9425,  127, 64, 0
L -1807.22, -140.672, 113.9425, -1798.046, -144.237, 120.5594,  127, 64, 0
L -1798.046, -144.237, 120.5594, -1789.077, -147.951, 126.2900,  127, 64, 0
L -1789.077, -147.951, 126.2900, -1778.035, -152.625, 134.4808,  127, 64, 0
L -1778.035, -152.625, 134.4808, -1769.271, -156.596, 142.7800,  127, 64, 0
L -1769.271, -156.596, 142.7800, -1744.572, -169.317, 162.2682,  127, 64, 0
L -1744.572, -169.317, 162.2682, -1736.222, -173.91, 168.3891,  127, 64, 0
L -1736.222, -173.91, 168.3891, -1722.375, -182.178, 177.8660,  127, 64, 0
L -1722.375, -182.178, 177.8660, -1713.292, -187.62, 181.6345,  127, 64, 0
L -1713.292, -187.62, 181.6345, -1705.053, -192.284, 186.4945,  127, 64, 0
L -1705.053, -192.284, 186.4945, -1682.1, -207.78, 205.7894,  127, 64, 0
L -1682.1, -207.78, 205.7894, -1674.001, -213.552, 213.7998,  127, 64, 0
L -1674.001, -213.552, 213.7998, -1665.859, -218.742, 218.2992,  127, 64, 0
L -1665.859, -218.742, 218.2992, -1658.45, -224.227, 223.1898,  127, 64, 0
L -1658.45, -224.227, 223.1898, -1650.722, -230.179, 227.8444,  127, 64, 0
L -1650.722, -230.179, 227.8444, -1643.361, -235.95, 232.9183,  127, 64, 0
L -1643.361, -235.95, 232.9183, -1636.231, -241.653, 237.5860,  127, 64, 0
L -1636.231, -241.653, 237.5860, -1620.192, -254.557, 245.4774,  127, 64, 0
L -1620.192, -254.557, 245.4774, -1605.538, -266.748, 252.9710,  127, 64, 0
L -1605.538, -266.748, 252.9710, -1591.087, -279.387, 259.4343,  127, 64, 0
L -1591.087, -279.387, 259.4343, -1584.387, -286.139, 263.8690,  127, 64, 0
L -1584.387, -286.139, 263.8690, -1574.467, -295.219, 266.6028,  127, 64, 0
L -1574.467, -295.219, 266.6028, -1569.841, -300.143, 268.1280,  127, 64, 0
L -1569.841, -300.143, 268.1280, -1562.192, -309.251, 269.3539,  127, 64, 0
L -1562.192, -309.251, 269.3539, -1548.143, -326.609, 271.2142,  127, 64, 0
L -1548.143, -326.609, 271.2142, -1541.154, -336.221, 271.4259,  127, 64, 0
L -1541.154, -336.221, 271.4259, -1535.416, -343.966, 270.9164,  127, 64, 0
L -1535.416, -343.966, 270.9164, -1530.195, -351.509, 271.5330,  127, 64, 0
L -1530.195, -351.509, 271.5330, -1527.489, -355.727, 271.5056,  127, 64, 0
L -1527.489, -355.727, 271.5056, -1525.231, -360.211, 270.8593,  127, 64, 0
L -1525.231, -360.211, 270.8593, -1524.004, -361.569, 270.4277,  127, 64, 0
L -1524.004, -361.569, 270.4277, -1522.264, -364.698, 270.4827,  127, 64, 0
L -1522.264, -364.698, 270.4827, -1521.118, -366.825, 270.9270,  127, 64, 0
L -1521.118, -366.825, 270.9270, -1517.522, -375.778, 270.1247,  127, 64, 0
L -1517.522, -375.778, 270.1247, -1511.636, -386.679, 269.7672,  127, 64, 0
L -1511.636, -386.679, 269.7672, -1509.907, -392.179, 270.4700,  127, 64, 0
L -1509.907, -392.179, 270.4700, -1508.249, -400.401, 270.2337,  127, 64, 0
L -1508.249, -400.401, 270.2337, -1507.076, -404.771, 270.2411,  127, 64, 0
L -1507.076, -404.771, 270.2411, -1507.451, -421.842, 267.5663,  127, 64, 0
L -1507.451, -421.842, 267.5663, -1508.142, -426.126, 266.6227,  127, 64, 0
L -1508.142, -426.126, 266.6227, -1508.895, -430.492, 264.8496,  127, 64, 0
L -1508.895, -430.492, 264.8496, -1509.2, -432.255, 264.6596,  127, 64, 0
L -1509.2, -432.255, 264.6596, -1509.658, -434.901, 263.9109,  127, 64, 0
L -1509.658, -434.901, 263.9109, -1509.98, -436.753, 263.6000,  127, 64, 0
L -1509.98, -436.753, 263.6000, -1510.392, -439.134, 262.1399,  127, 64, 0
L -1510.392, -439.134, 262.1399, -1510.66, -440.676, 261.9076,  127, 64, 0
L -1510.66, -440.676, 261.9076, -1511.126, -443.366, 261.3960,  127, 64, 0
L -1511.126, -443.366, 261.3960, -1511.398, -444.999, 260.2466,  127, 64, 0
L -1511.398, -444.999, 260.2466, -1512.508, -447.743, 259.2096,  127, 64, 0
L -1512.508, -447.743, 259.2096, -1512.021, -449.295, 258.9282,  127, 64, 0
L -1512.021, -449.295, 258.9282, -1512.503, -453.743, 257.1863,  127, 64, 0
L -1512.503, -453.743, 257.1863, -1512.649, -455.571, 256.9870,  127, 64, 0
L -1512.649, -455.571, 256.9870, -1512.164, -496.399, 248.6448,  127, 64, 0
L -1512.164, -496.399, 248.6448, -1511.536, -509.494, 245.3557,  127, 64, 0
L -1511.536, -509.494, 245.3557, -1510.505, -530.408, 241.6517,  127, 64, 0
L -1510.505, -530.408, 241.6517, -1509.883, -543.77, 241.3358,  127, 64, 0
L -1509.883, -543.77, 241.3358, -1509.384, -563.668, 238.5960,  127, 64, 0
L -1509.384, -563.668, 238.5960, -1509.872, -613.461, 222.3662,  127, 64, 0
L -1509.872, -613.461, 222.3662, -1509.892, -615.116, 222.7710,  127, 64, 0
L -1509.892, -615.116, 222.7710, -1510.391, -656.408, 208.7627,  127, 64, 0
L -1510.391, -656.408, 208.7627, -1510.9, -698.596, 191.6852,  127, 64, 0
L -1510.9, -698.596, 191.6852, -1511.412, -727.187, 177.2614,  127, 64, 0
L -1511.412, -727.187, 177.2614, -1511.49, -728.615, 176.8633,  127, 64, 0
L -1511.49, -728.615, 176.8633, -1512.549, -748.808, 168.9204,  127, 64, 0
L -1512.549, -748.808, 168.9204, -1512.619, -750.238, 168.7193,  127, 64, 0
L -1512.619, -750.238, 168.7193, -1513.111, -760.74, 165.2716,  127, 64, 0
L -1513.111, -760.74, 165.2716, -1513.646, -775.27, 159.4128,  127, 64, 0
L -1513.646, -775.27, 159.4128, -1513.718, -777.237, 159.1211,  127, 64, 0
L -1513.718, -777.237, 159.1211, -1514.212, -790.74, 152.3196,  127, 64, 0
L -1514.212, -790.74, 152.3196, -1515.006, -805.751, 146.8374,  127, 64, 0
L -1515.006, -805.751, 146.8374, -1515.368, -821.388, 142.9162,  127, 64, 0
L -1515.368, -821.388, 142.9162, -1516.578, -838.129, 139.2255,  127, 64, 0
L -1516.578, -838.129, 139.2255, -1517.063, -843.251, 137.9722,  127, 64, 0
L -1517.063, -843.251, 137.9722, -1517.229, -844.808, 137.8273,  127, 64, 0
L -1517.229, -844.808, 137.8273, -1517.678, -848.898, 136.5687,  127, 64, 0
L -1517.678, -848.898, 136.5687, -1517.851, -850.455, 135.9435,  127, 64, 0
L -1517.851, -850.455, 135.9435, -1518.324, -854.723, 135.1057,  127, 64, 0
L -1518.324, -854.723, 135.1057, -1518.496, -856.28, 134.4495,  127, 64, 0
L -1518.496, -856.28, 134.4495, -1518.969, -860.548, 133.4416,  127, 64, 0
L -1518.969, -860.548, 133.4416, -1519.619, -866.418, 131.6008,  127, 64, 0
L -1519.619, -866.418, 131.6008, -1520.153, -867.841, 131.3161,  127, 64, 0
L -1520.153, -867.841, 131.3161, -1520.27, -872.288, 129.6079,  127, 64, 0
L -1520.27, -872.288, 129.6079, -1520.467, -874.664, 129.4146,  127, 64, 0
L -1520.467, -874.664, 129.4146, -1520.945, -878.469, 128.6192,  127, 64, 0
L -1520.945, -878.469, 128.6192, -1521.576, -885.106, 126.5661,  127, 64, 0
L -1521.576, -885.106, 126.5661, -1521.706, -886.757, 126.1975,  127, 64, 0
L -1521.706, -886.757, 126.1975, -1522.2, -895.959, 123.2650,  127, 64, 0
L -1522.2, -895.959, 123.2650, -1522.218, -897.704, 122.3842,  127, 64, 0
L -1522.218, -897.704, 122.3842, -1522.151, -908.429, 118.5043,  127, 64, 0
L -1522.151, -908.429, 118.5043, -1521.646, -909.855, 118.2982,  127, 64, 0
L -1521.646, -909.855, 118.2982, -1521.184, -913.854, 116.8649,  127, 64, 0
L -1521.184, -913.854, 116.8649, -1520.922, -915.534, 116.2710,  127, 64, 0
L -1520.922, -915.534, 116.2710, -1520.495, -918.22, 115.6962,  127, 64, 0
L -1520.495, -918.22, 115.6962, -1520.222, -919.453, 115.2818,  127, 64, 0
L -1520.222, -919.453, 115.2818, -1519.538, -922.692, 114.7116,  127, 64, 0
L -1519.538, -922.692, 114.7116, -1519.101, -924.52, 114.1907,  127, 64, 0
L -1519.101, -924.52, 114.1907, -1518.718, -925.992, 114.5340,  127, 64, 0
L -1518.718, -925.992, 114.5340, -1517.851, -928.954, 113.3611,  127, 64, 0
L -1517.851, -928.954, 113.3611, -1517.351, -930.389, 113.2244,  127, 64, 0
L -1517.351, -930.389, 113.2244, -1517.51, -931.763, 112.9260,  127, 64, 0
L -1517.51, -931.763, 112.9260, -1515.484, -934.644, 112.6324,  127, 64, 0
L -1515.484, -934.644, 112.6324, -1514.699, -936.32, 112.4745,  127, 64, 0
L -1514.699, -936.32, 112.4745, -1513.497, -937.404, 112.5213,  127, 64, 0
L -1513.497, -937.404, 112.5213, -1512.568, -939.219, 112.3537,  127, 64, 0
L -1512.568, -939.219, 112.3537, -1510.315, -940.767, 111.9281,  127, 64, 0
L -1510.315, -940.767, 111.9281, -1504.321, -946.521, 111.3045,  127, 64, 0
L -1504.321, -946.521, 111.3045, -1502.143, -948.379, 111.1860,  127, 64, 0
L -1502.143, -948.379, 111.1860, -1500.535, -949.662, 111.3783,  127, 64, 0
L -1500.535, -949.662, 111.3783, -1495.3, -953.569, 110.2995,  127, 64, 0
L -1495.3, -953.569, 110.2995, -1494.037, -954.417, 109.8893,  127, 64, 0
L -1494.037, -954.417, 109.8893, -1491.986, -955.695, 109.4286,  127, 64, 0
L -1491.986, -955.695, 109.4286, -1490.53, -956.423, 109.2844,  127, 64, 0
L -1490.53, -956.423, 109.2844, -1481.97, -960.336, 109.2942,  127, 64, 0
L -1481.97, -960.336, 109.2942, -1472.977, -963.988, 110.2056,  127, 64, 0
L -1472.977, -963.988, 110.2056, -1470.893, -964.726, 110.5555,  127, 64, 0
L -1470.893, -964.726, 110.5555, -1469.127, -965.215, 110.7617,  127, 64, 0
L -1469.127, -965.215, 110.7617, -1459.595, -967.643, 110.4756,  127, 64, 0
L -1459.595, -967.643, 110.4756, -1455.387, -968.497, 110.8620,  127, 64, 0
L -1455.387, -968.497, 110.8620, -1453.219, -968.816, 109.9756,  127, 64, 0
L -1453.219, -968.816, 109.9756, -1447.563, -969.337, 109.9617,  127, 64, 0
L -1447.563, -969.337, 109.9617, -1443.005, -969.534, 110.1400,  127, 64, 0
L -1443.005, -969.534, 110.1400, -1434.007, -969.56, 110.8374,  127, 64, 0
L -1434.007, -969.56, 110.8374, -1428.295, -968.138, 111.6071,  127, 64, 0
L -1428.295, -968.138, 111.6071, -1424.394, -966.99, 112.2216,  127, 64, 0
L -1424.394, -966.99, 112.2216, -1421.005, -965.708, 112.9668,  127, 64, 0
L -1421.005, -965.708, 112.9668, -1416.897, -963.941, 114.8660,  127, 64, 0
L -1416.897, -963.941, 114.8660, -1415.654, -963.325, 114.5000,  127, 64, 0
L -1415.654, -963.325, 114.5000, -1411.42, -960.909, 116.1474,  127, 64, 0
L -1411.42, -960.909, 116.1474, -1405.922, -957.642, 118.1860,  127, 64, 0
L -1405.922, -957.642, 118.1860, -1401.256, -953.372, 120.3910,  127, 64, 0
L -1401.256, -953.372, 120.3910, -1396.951, -949.462, 121.9017,  127, 64, 0
L -1396.951, -949.462, 121.9017, -1389.938, -942.547, 125.2502,  127, 64, 0
L -1389.938, -942.547, 125.2502, -1373.696, -923.8, 133.6534,  127, 64, 0
L -1373.696, -923.8, 133.6534, -1366.912, -916.543, 137.1399,  127, 64, 0
L -1366.912, -916.543, 137.1399, -1359.164, -908.659, 140.5749,  127, 64, 0
L -1359.164, -908.659, 140.5749, -1344.667, -895.336, 145.8217,  127, 64, 0
L -1344.667, -895.336, 145.8217, -1335.635, -887.655, 148.9851,  127, 64, 0
L -1335.635, -887.655, 148.9851, -1328.202, -881.834, 151.7471,  127, 64, 0
L -1328.202, -881.834, 151.7471, -1304.673, -863.472, 156.8800,  127, 64, 0
L -1304.673, -863.472, 156.8800, -1281.538, -845.405, 162.9214,  127, 64, 0
L -1281.538, -845.405, 162.9214, -1273.882, -839.766, 165.2213,  127, 64, 0
L -1273.882, -839.766, 165.2213, -1267.126, -833.209, 166.7677,  127, 64, 0
L -1267.126, -833.209, 166.7677, -1260.033, -826.908, 168.4580,  127, 64, 0
L -1260.033, -826.908, 168.4580, -1224.369, -793.692, 181.9249,  127, 64, 0
L -1224.369, -793.692, 181.9249, -1188.699, -759.701, 199.5524,  127, 64, 0
L -1188.699, -759.701, 199.5524, -1174.665, -745.7, 205.4771,  127, 64, 0
L -1174.665, -745.7, 205.4771, -1147.044, -717.441, 221.9189,  127, 64, 0
L -1147.044, -717.441, 221.9189, -1133.494, -703.779, 228.8626,  127, 64, 0
L -1133.494, -703.779, 228.8626, -1104.615, -673.875, 245.5645,  127, 64, 0
L -1104.615, -673.875, 245.5645, -1097.459, -665.868, 249.5994,  127, 64, 0
L -1097.459, -665.868, 249.5994, -1095.489, -663.433, 250.6748,  127, 64, 0
L -1095.489, -663.433, 250.6748, -1087.553, -652.389, 256.3070,  127, 64, 0
L -1087.553, -652.389, 256.3070, -1085.134, -648.467, 257.8322,  127, 64, 0
L -1086.636, -650.957, 256.6421, -1085.134, -648.467, 257.8322,  127, 64, 0
L -1085.134, -648.467, 257.8322, -1077.5, -634.792, 263.2266,  127, 64, 0
L -1077.5, -634.792, 263.2266, -1073.566, -627.105, 266.2846,  127, 64, 0
L -1073.566, -627.105, 266.2846, -1072.916, -625.41, 266.7780,  127, 64, 0
L -1072.916, -625.41, 266.7780, -1071.959, -623.677, 267.6388,  127, 64, 0
L -1071.959, -623.677, 267.6388, -1069.209, -614.188, 270.5693,  127, 64, 0
L -1069.209, -614.188, 270.5693, -1068.905, -612.367, 271.3570,  127, 64, 0
L -1068.905, -612.367, 271.3570, -1068.414, -610.976, 271.5538,  127, 64, 0
L -1068.414, -610.976, 271.5538, -1064.311, -593.557, 274.7044,  127, 64, 0
L -1064.311, -593.557, 274.7044, -1063.289, -590.457, 275.2404,  127, 64, 0
L -1063.289, -590.457, 275.2404, -1061.937, -587.491, 275.8072,  127, 64, 0
L -1061.937, -587.491, 275.8072, -1058.023, -580.82, 277.2269,  127, 64, 0
L -1058.023, -580.82, 277.2269, -1055.63, -577.307, 277.9542,  127, 64, 0
L -1055.63, -577.307, 277.9542, -1055.438, -576.192, 278.2923,  127, 64, 0
L -1055.438, -576.192, 278.2923, -1049.275, -568.603, 279.1760,  127, 64, 0
L -1049.275, -568.603, 279.1760, -1043.735, -559.403, 280.2950,  127, 64, 0
L -1043.735, -559.403, 280.2950, -1038.161, -549.807, 282.6510,  127, 64, 0
L -1038.161, -549.807, 282.6510, -1035.611, -545.918, 283.2128,  127, 64, 0
L -1035.611, -545.918, 283.2128, -1032.838, -542.587, 284.2400,  127, 64, 0
L -1032.838, -542.587, 284.2400, -1029.239, -539.108, 284.8371,  127, 64, 0
L -1029.239, -539.108, 284.8371, -1015.088, -527.228, 287.8390,  127, 64, 0
L -1015.088, -527.228, 287.8390, -1011.243, -523.482, 288.4615,  127, 64, 0
L -1011.243, -523.482, 288.4615, -1009.225, -521.267, 289.2097,  127, 64, 0
L -1009.225, -521.267, 289.2097, -1004.911, -515.966, 290.5124,  127, 64, 0
L -1004.911, -515.966, 290.5124, -991.651, -499.688, 293.2180,  127, 64, 0
L -991.651, -499.688, 293.2180, -988.921, -495.758, 293.5994,  127, 64, 0
L -988.921, -495.758, 293.5994, -974.484, -471.601, 294.4988,  127, 64, 0
L -974.484, -471.601, 294.4988, -972.586, -467.623, 294.5699,  127, 64, 0
L -972.586, -467.623, 294.5699, -964.967, -458.447, 294.1521,  127, 64, 0
L -964.967, -458.447, 294.1521, -961.487, -454.184, 293.9931,  127, 64, 0
L -961.487, -454.184, 293.9931, -946.442, -434.925, 289.6880,  127, 64, 0
L -946.442, -434.925, 289.6880, -944.996, -433.584, 289.3980,  127, 64, 0
L -944.996, -433.584, 289.3980, -938.893, -425.848, 290.2943,  127, 64, 0
L -938.893, -425.848, 290.2943, -933.107, -417.938, 286.9513,  127, 64, 0
L -933.107, -417.938, 286.9513, -929.902, -413.192, 287.6021,  127, 64, 0
L -929.902, -413.192, 287.6021, -924.914, -405.282, 286.6929,  127, 64, 0
L -924.914, -405.282, 286.6929, -917.592, -393.808, 283.7178,  127, 64, 0
L -917.592, -393.808, 283.7178, -916.859, -391.799, 283.2463,  127, 64, 0
L -916.859, -391.799, 283.2463, -897.621, -357.853, 274.1066,  127, 64, 0
L -897.621, -357.853, 274.1066, -884.081, -333.895, 264.2361,  127, 64, 0
L -884.081, -333.895, 264.2361, -883.399, -332.585, 263.5756,  127, 64, 0
L -883.399, -332.585, 263.5756, -882.716, -331.226, 262.7280,  127, 64, 0
L -882.716, -331.226, 262.7280, -878.159, -321.849, 258.3600,  127, 64, 0
L -878.159, -321.849, 258.3600, -876.254, -317.414, 254.9628,  127, 64, 0
L -877.573, -320.546, 257.1793, -876.254, -317.414, 254.9628,  127, 64, 0
L -876.254, -317.414, 254.9628, -875.592, -315.751, 254.7735,  127, 64, 0
L -875.592, -315.751, 254.7735, -874.69, -313.452, 254.9900,  127, 64, 0
L -874.69, -313.452, 254.9900, -874.162, -312.35, 253.4636,  127, 64, 0
L -874.162, -312.35, 253.4636, -873.598, -310.483, 252.5749,  127, 64, 0
L -873.598, -310.483, 252.5749, -870.898, -302.896, 250.8940,  127, 64, 0
L -870.898, -302.896, 250.8940, -870.357, -301.331, 249.9271,  127, 64, 0
L -870.357, -301.331, 249.9271, -867.268, -292.361, 246.9798,  127, 64, 0
L -867.268, -292.361, 246.9798, -861.337, -275.91, 240.4356,  127, 64, 0
L -861.337, -275.91, 240.4356, -860.951, -273.35, 239.6289,  127, 64, 0
L -860.951, -273.35, 239.6289, -857.706, -264.783, 235.9850,  127, 64, 0
L -857.706, -264.783, 235.9850, -857.154, -262.289, 234.9792,  127, 64, 0
L -857.154, -262.289, 234.9792, -856.888, -260.918, 234.5630,  127, 64, 0
L -856.888, -260.918, 234.5630, -855.942, -257.986, 233.4961,  127, 64, 0
L -855.942, -257.986, 233.4961, -855.573, -256.557, 233.1073,  127, 64, 0
L -855.573, -256.557, 233.1073, -854.861, -253.461, 231.8058,  127, 64, 0
L -854.861, -253.461, 231.8058, -854.434, -251.266, 231.5434,  127, 64, 0
L -854.434, -251.266, 231.5434, -854.185, -249.811, 231.1600,  127, 64, 0
L -854.185, -249.811, 231.1600, -853.726, -246.667, 229.8232,  127, 64, 0
L -853.726, -246.667, 229.8232, -853.515, -245.254, 229.6594,  127, 64, 0
L -853.515, -245.254, 229.6594, -853.03, -240.802, 228.2745,  127, 64, 0
L -853.03, -240.802, 228.2745, -852.301, -232.423, 226.1670,  127, 64, 0
L -852.873, -239.289, 227.9302, -852.301, -232.423, 226.1670,  127, 64, 0
L -852.301, -232.423, 226.1670, -851.985, -218.608, 222.8222,  127, 64, 0
L -851.985, -218.608, 222.8222, -851.274, -205.865, 218.4635,  127, 64, 0
L -851.274, -205.865, 218.4635, -851.201, -204.345, 218.2314,  127, 64, 0
L -851.201, -204.345, 218.2314, -850.191, -186.296, 211.6858,  127, 64, 0
L -850.191, -186.296, 211.6858, -850.076, -184.733, 211.2327,  127, 64, 0
L -850.076, -184.733, 211.2327, -849.631, -179.157, 208.2939,  127, 64, 0
L -849.631, -179.157, 208.2939, -849.509, -177.731, 208.1726,  127, 64, 0
L -849.509, -177.731, 208.1726, -849.017, -172.242, 206.9750,  127, 64, 0
L -849.017, -172.242, 206.9750, -848.879, -170.419, 205.7940,  127, 64, 0
L -848.879, -170.419, 205.7940, -848.407, -164.935, 203.7031,  127, 64, 0
L -848.407, -164.935, 203.7031, -848.265, -163.286, 202.9447,  127, 64, 0
L -848.265, -163.286, 202.9447, -848.649, -158.204, 200.9569,  127, 64, 0
L -848.649, -158.204, 200.9569, -847.696, -156.688, 200.5681,  127, 64, 0
L -847.696, -156.688, 200.5681, -847.254, -151.56, 198.2533,  127, 64, 0
L -847.254, -151.56, 198.2533, -847.131, -150.134, 198.1322,  127, 64, 0
L -847.131, -150.134, 198.1322, -846.501, -142.822, 195.4406,  127, 64, 0
L -846.501, -142.822, 195.4406, -846.008, -137.102, 193.9007,  127, 64, 0
L -846.008, -137.102, 193.9007, -845.856, -135.337, 192.8803,  127, 64, 0
L -845.856, -135.337, 192.8803, -845.379, -129.798, 190.2364,  127, 64, 0
L -845.379, -129.798, 190.2364, -845.231, -128.86, 189.7428,  127, 64, 0
L -845.231, -128.86, 189.7428, -845.328, -123.167, 187.8700,  127, 64, 0
L -845.328, -123.167, 187.8700, -844.649, -121.324, 185.9043,  127, 64, 0
L -844.649, -121.324, 185.9043, -844.211, -116.243, 184.7519,  127, 64, 0
L -844.211, -116.243, 184.7519, -844.084, -114.772, 184.5350,  127, 64, 0
L -844.084, -114.772, 184.5350, -843.016, -102.333, 180.8265,  127, 64, 0
L -843.016, -102.333, 180.8265, -842.888, -100.682, 180.6645,  127, 64, 0
L -842.888, -100.682, 180.6645, -842.394, -79.347, 175.1026,  127, 64, 0
L -842.394, -79.347, 175.1026, -841.859, -36.801, 160.3990,  127, 64, 0
L -841.859, -36.801, 160.3990, -841.34, 5.987, 141.2308,  127, 64, 0
L -841.34, 5.987, 141.2308, -840.85, 45.726, 121.9010,  127, 64, 0
L -840.85, 45.726, 121.9010, -841.676, 47.416, 120.9167,  127, 64, 0
L -841.676, 47.416, 120.9167, -840.319, 88.799, 101.2588,  127, 64, 0
L -840.319, 88.799, 101.2588, -840.494, 129.974, 84.9390,  127, 64, 0
L -840.494, 129.974, 84.9390, -840.319, 238.695, 33.7822,  127, 64, 0
L -840.3, 234.654, 33.7822, -840.341, 236.309, 33.8820,  127, 64, 0
L -840.319, 238.695, 33.8820, -839.857, 289.643, 14.1053,  127, 64, 0
L -839.857, 289.643, 14.1053, -840.387, 291.178, 13.9596,  127, 64, 0
L -840.387, 291.178, 13.9596, -839.236, 303.491, 11.4338,  127, 64, 0
L -839.236, 303.491, 11.4338, -839.345, 307.733, 10.4565,  127, 64, 0
L -839.345, 307.733, 10.4565, -838.536, 308.959, 10.1904,  127, 64, 0
L -838.536, 308.959, 10.1904, -838.048, 311.268, 9.8731,  127, 64, 0
L -838.048, 311.268, 9.8731, -837.636, 313.211, 9.2390,  127, 64, 0
L -837.636, 313.211, 9.2390, -837.179, 315.493, 9.7100,  127, 64, 0
L -837.179, 315.493, 9.7100, -833.727, 332.833, 6.7675,  127, 64, 0
L -854.934, 119.13, 92.3747, -855.613, 115.715, 92.7710,  127, 127, 127
L -855.613, 115.715, 92.7710, -856.067, 113.434, 93.6440,  127, 127, 127
L -856.067, 113.434, 93.6440, -863.541, 75.43, 112.9090,  127, 127, 127
L -862.589, 80.579, 110.1701, -863.541, 75.43, 112.9090,  127, 127, 127
L -863.541, 75.43, 112.9090, -863.92, 58.506, 121.7814,  127, 127, 127
L -863.92, 58.506, 121.7814, -865.312, 49.981, 127.4108,  127, 127, 127
L -865.312, 49.981, 127.4108, -865.544, 48.432, 128.3000,  127, 127, 127
L -865.544, 48.432, 128.3000, -866.106, 44.625, 130.8084,  127, 127, 127
L -866.106, 44.625, 130.8084, -866.545, 41.477, 132.6837,  127, 127, 127
L -866.545, 41.477, 132.6837, -866.893, 39.969, 133.7119,  127, 127, 127
L -866.893, 39.969, 133.7119, -867.703, 32.962, 137.8437,  127, 127, 127
L -867.703, 32.962, 137.8437, -867.957, 31.989, 138.3840,  127, 127, 127
L -867.957, 31.989, 138.3840, -868.372, 28.381, 140.9482,  127, 127, 127
L -868.372, 28.381, 140.9482, -870.238, 14.289, 146.1819,  127, 127, 127
L -870.238, 14.289, 146.1819, -870.901, 9.41, 148.9256,  127, 127, 127
L -870.901, 9.41, 148.9256, -871.519, 4.887, 151.8610,  127, 127, 127
L -871.519, 4.887, 151.8610, -871.728, 3.424, 151.5020,  127, 127, 127
L -871.728, 3.424, 151.5020, -872.19, 0.189, 152.7102,  127, 127, 127
L -872.19, 0.189, 152.7102, -872.401, -1.319, 153.8273,  127, 127, 127
L -872.401, -1.319, 153.8273, -872.657, -3.182, 154.8117,  127, 127, 127
L -872.657, -3.182, 154.8117, -872.918, -5.891, 155.4920,  127, 127, 127
L -872.918, -5.891, 155.4920, -875.466, -25.425, 163.4799,  127, 127, 127
L -874.218, -15.299, 159.3740, -875.466, -25.425, 163.4799,  127, 127, 127
L -875.466, -25.425, 163.4799, -876.03, -30.1, 165.7082,  127, 127, 127
L -876.03, -30.1, 165.7082, -876.507, -33.866, 168.1818,  127, 127, 127
L -876.507, -33.866, 168.1818, -876.581, -34.475, 168.7076,  127, 127, 127
L -876.581, -34.475, 168.7076, -876.517, -36.224, 169.5100,  127, 127, 127
L -876.517, -36.224, 169.5100, -876.021, -49.654, 173.8460,  127, 127, 127
L -876.021, -49.654, 173.8460, -875.962, -51.256, 174.5326,  127, 127, 127
L -875.962, -51.256, 174.5326, -875.427, -65.78, 179.8075,  127, 127, 127
L -875.427, -65.78, 179.8075, -874.952, -78.667, 183.1376,  127, 127, 127
L -874.952, -78.667, 183.1376, -874.889, -80.367, 183.3728,  127, 127, 127
L -874.889, -80.367, 183.3728, -874.412, -93.299, 185.9402,  127, 127, 127
L -874.412, -93.299, 185.9402, -874.165, -100.13, 186.3432,  127, 127, 127
L -874.308, -96.125, 221.8383, -871.081, -227.113, 228.5290,  127, 127, 127
L -948.659, 729.884, -0.8991, -952.475, 751.117, -0.1158,  127, 64, 0
L -952.475, 751.117, -0.1158, -952.727, 752.707, -0.1499,  127, 64, 0
L -952.727, 752.707, -0.1499, -953.186, 755.986, -0.9148,  127, 64, 0
L -953.186, 755.986, -0.9148, -953.396, 757.719, -1.1746,  127, 64, 0
L -953.396, 757.719, -1.1746, -954.042, 763.454, -1.3628,  127, 64, 0
L -954.042, 763.454, -1.3628, -954.721, 768.779, -2.2050,  127, 64, 0
L -954.721, 768.779, -2.2050, -955.102, 770.617, -2.3144,  127, 64, 0
L -955.102, 770.617, -2.3144, -955.604, 772.423, -2.3515,  127, 64, 0
L -955.604, 772.423, -2.3515, -956.257, 774.179, -2.3511,  127, 64, 0
L -956.257, 774.179, -2.3511, -957.013, 775.743, -2.3321,  127, 64, 0
L -957.013, 775.743, -2.3321, -957.943, 777.241, -2.3174,  127, 64, 0
L -957.943, 777.241, -2.3174, -962.543, 780.383, -2.3687,  127, 64, 0
L -962.543, 780.383, -2.3687, -964.28, 781.346, -2.3690,  127, 64, 0
L -964.28, 781.346, -2.3690, -965.838, 781.944, -2.3755,  127, 64, 0
L -965.838, 781.944, -2.3755, -972.938, 779.629, -2.5674,  127, 64, 0
L -972.938, 779.629, -2.5674, -977.409, 777.603, -2.5933,  127, 64, 0
L -977.409, 777.603, -2.5933, -981.249, 775.492, -2.6191,  127, 64, 0
L -981.249, 775.492, -2.6191, -984.723, 773.208, -2.6299,  127, 64, 0
L -984.723, 773.208, -2.6299, -988.082, 770.607, -2.5030,  127, 64, 0
L -988.082, 770.607, -2.5030, -991.541, 767.307, -2.3717,  127, 64, 0
L -991.541, 767.307, -2.3717, -994.953, 763.285, -2.3370,  127, 64, 0
L -994.953, 763.285, -2.3370, -998.416, 758.127, -1.6443,  127, 64, 0
L -998.416, 758.127, -1.6443, -1005.848, 745.318, -2.6400,  127, 64, 0
L -1005.848, 745.318, -2.6400, -1007.15, 742.475, -2.9640,  127, 64, 0
L -1007.15, 742.475, -2.9640, -1008.41, 738.985, -2.2218,  127, 64, 0
L -1008.41, 738.985, -2.2218, -1009.199, 736.42, -2.3763,  127, 64, 0
L -1009.199, 736.42, -2.3763, -1009.482, 734.512, -2.4422,  127, 64, 0
L -1009.482, 734.512, -2.4422, -1009.329, 726.788, -2.6515,  127, 64, 0
L -1009.329, 726.788, -2.6515, -988.722, 724.594, -2.9520,  127, 64, 0
L -988.722, 724.594, -2.9520, -979.007, 723.977, -1.8568,  127, 64, 0
L -979.007, 723.977, -1.8568, -968.962, 723.697, -1.6188,  127, 64, 0
L -968.962, 723.697, -1.6188, -951.131, 720.328, -1.2729,  127, 64, 0
L -951.131, 720.328, -1.2729, -950.307, 721.605, -1.2342,  127, 64, 0
L -950.307, 721.605, -1.2342, -948.659, 729.884, -0.9254,  127, 64, 0
L -2227.597, 558.342, -40.7190, -2219.637, 526.627, -40.7190,  127, 64, 0
L -2219.637, 526.627, -40.7190, -2219.469, 524.792, -40.7190,  127, 64, 0
L -2219.469, 524.792, -40.7190, -2218.964, 478.246, -40.7190,  127, 64, 0
L -2218.964, 478.246, -40.7190, -2219.506, 454.867, -40.7190,  127, 64, 0
L -2219.506, 454.867, -40.7190, -2218.975, 375.948, -40.7190,  127, 64, 0
L -2218.975, 375.948, -40.7190, -2217.373, 332.163, -40.7190,  127, 64, 0
L -2217.373, 332.163, -40.7190, -2217.91, 286.752, -40.7190,  127, 64, 0
L -2217.91, 286.752, -40.7190, -2220.08, 248.728, -40.7190,  127, 64, 0
L -2220.08, 248.728, -40.7190, -2219.498, 214.595, -40.7190,  127, 64, 0
L -2219.498, 214.595, -40.7190, -2218.997, 205.569, -40.7190,  127, 64, 0
L -2218.997, 205.569, -40.7190, -2219.569, 165.495, -40.7190,  127, 64, 0
L -2219.569, 165.495, -40.7190, -2220.629, 133.432, -40.7190,  127, 64, 0
L -2220.629, 133.432, -40.7190, -2220.08, 111.334, -40.7190,  127, 64, 0
L -2220.08, 111.334, -40.7190, -2218.918, 92.26, -40.7190,  127, 64, 0
L -2218.918, 92.26, -40.7190, -2216.71, 75.719, -40.7190,  127, 64, 0
L -2216.71, 75.719, -40.7190, -2214.325, 65.207, -40.7190,  127, 64, 0
L -2214.325, 65.207, -40.7190, -2213.02, 61.353, -40.7190,  127, 64, 0
L -2213.02, 61.353, -40.7190, -2210.213, 55.315, -40.7190,  127, 64, 0
L -2210.213, 55.315, -40.7190, -2206.98, 49.955, -40.7190,  127, 64, 0
L -2206.98, 49.955, -40.7190, -2202.405, 44.111, -40.7190,  127, 64, 0
L -2202.405, 44.111, -40.7190, -2199.213, 40.792, -40.7190,  127, 64, 0
L -2199.213, 40.792, -40.7190, -2195.014, 37.244, -40.7190,  127, 64, 0
L -2195.014, 37.244, -40.7190, -2183.894, 29.566, -40.7190,  127, 64, 0
L -2183.894, 29.566, -40.7190, -2174.237, 23.839, -40.7190,  127, 64, 0
L -2174.237, 23.839, -40.7190, -2156.705, 16.143, -40.7190,  127, 64, 0
L -2156.705, 16.143, -40.7190, -2149.262, 12.126, -40.7190,  127, 64, 0
L -2149.262, 12.126, -40.7190, -2126.199, -1.536, -40.7190,  127, 64, 0
L -2126.199, -1.536, -40.7190, -2115.471, -6.564, -40.7190,  127, 64, 0
L -2115.471, -6.564, -40.7190, -2111.915, -7.596, -40.7190,  127, 64, 0
L -2111.915, -7.596, -40.7190, -2109.376, -8.117, -40.7190,  127, 64, 0
L -2109.376, -8.117, -40.7190, -2096.983, -9.591, -40.7190,  127, 64, 0
L -2096.983, -9.591, -40.7190, -2087.045, -10.293, -40.7190,  127, 64, 0
L -2087.045, -10.293, -40.7190, -2083.897, -9.932, -40.7190,  127, 64, 0
L -2083.897, -9.932, -40.7190, -2080.388, -9.731, -40.7190,  127, 64, 0
L -2080.388, -9.731, -40.7190, -2077.002, -7.804, -40.7190,  127, 64, 0
L -2077.002, -7.804, -40.7190, -2074.3, -6.423, -40.7190,  127, 64, 0
L -2074.3, -6.423, -40.7190, -2072.204, -4.733, -40.7190,  127, 64, 0
L -2072.204, -4.733, -40.7190, -2069.451, -2.79, -40.7190,  127, 64, 0
L -2069.451, -2.79, -40.7190, -2066.538, 0.17, -40.7190,  127, 64, 0
L -2066.538, 0.17, -40.7190, -2064.053, 3.384, -40.7190,  127, 64, 0
L -2064.053, 3.384, -40.7190, -2058.962, 12.11, -40.7190,  127, 64, 0
L -2058.962, 12.11, -40.7190, -2052.048, 27.642, -40.7190,  127, 64, 0
L -2052.048, 27.642, -40.7190, -2009.087, 145.313, -40.7190,  127, 64, 0
L -2009.087, 145.313, -40.7190, -1993.464, 191.22, -40.7190,  127, 64, 0
L -1993.464, 191.22, -40.7190, -1979.102, 227.429, -40.7190,  127, 64, 0
L -1979.102, 227.429, -40.7190, -1955.124, 298.13, -40.7190,  127, 64, 0
L -1955.124, 298.13, -40.7190, -1932.262, 354.967, -40.7190,  127, 64, 0
L -1932.262, 354.967, -40.7190, -1919.469, 390.788, -40.7190,  127, 64, 0
L -1919.469, 390.788, -40.7190, -1911.298, 408.402, -40.7190,  127, 64, 0
L -1911.298, 408.402, -40.7190, -1898.209, 434.327, -40.7190,  127, 64, 0
L -1898.209, 434.327, -40.7190, -1890.688, 450.963, -40.7190,  127, 64, 0
L -1890.688, 450.963, -40.7190, -1883.426, 469.312, -40.7190,  127, 64, 0
L -1883.426, 469.312, -40.7190, -1877.221, 488.466, -40.7190,  127, 64, 0
L -1877.221, 488.466, -40.7190, -1860.533, 555.52, -40.7190,  127, 64, 0
L -1860.533, 555.52, -40.7190, -1859.202, 564.819, -40.7190,  127, 64, 0
L -1859.202, 564.819, -40.7190, -1853.451, 619.871, -40.7190,  127, 64, 0
L -1853.451, 619.871, -40.7190, -1847.913, 647.25, -40.7190,  127, 64, 0
L -1847.913, 647.25, -40.7190, -1842.895, 663.994, -40.7190,  127, 64, 0
L -1842.895, 663.994, -40.7190, -1838.995, 674.143, -40.7190,  127, 64, 0
L -1838.995, 674.143, -40.7190, -1824.235, 706.119, -40.7190,  127, 64, 0
L -1824.235, 706.119, -40.7190, -1806.541, 742.743, -40.7190,  127, 64, 0
L -1806.541, 742.743, -40.7190, -1773.127, 804.125, -40.7190,  127, 64, 0
L -1773.127, 804.125, -40.7190, -1770.058, 811.664, -40.7190,  127, 64, 0
L -1770.058, 811.664, -40.7190, -1769.287, 814.275, -40.7190,  127, 64, 0
L -1769.287, 814.275, -40.7190, -1768.879, 816.147, -40.7190,  127, 64, 0
L -1768.879, 816.147, -40.7190, -1768.623, 817.912, -40.7190,  127, 64, 0
L -1768.623, 817.912, -40.7190, -1768.949, 827.289, -40.7190,  127, 64, 0
L -1768.949, 827.289, -40.7190, -1772.491, 837.389, -40.7190,  127, 64, 0
L -1772.491, 837.389, -40.7190, -1776.211, 844.895, -40.7190,  127, 64, 0
L -1776.211, 844.895, -40.7190, -1786.226, 862.133, -40.7190,  127, 64, 0
L -1786.226, 862.133, -40.7190, -1791.905, 870.35, -40.7190,  127, 64, 0
L -1791.905, 870.35, -40.7190, -1804.912, 886.698, -40.7190,  127, 64, 0
L -1804.912, 886.698, -40.7190, -1808.199, 890.42, -40.7190,  127, 64, 0
L -1808.199, 890.42, -40.7190, -1812.369, 894.663, -40.7190,  127, 64, 0
L -1812.369, 894.663, -40.7190, -1818.084, 899.428, -40.7190,  127, 64, 0
L -1818.084, 899.428, -40.7190, -1822.144, 902.838, -40.7190,  127, 64, 0
L -1822.144, 902.838, -40.7190, -1827.879, 906.604, -40.7190,  127, 64, 0
L -1827.879, 906.604, -40.7190, -1835.152, 910.588, -40.7190,  127, 64, 0
L -1835.152, 910.588, -40.7190, -1838.394, 912.104, -40.7190,  127, 64, 0
L -1838.394, 912.104, -40.7190, -1847.317, 915.813, -40.7190,  127, 64, 0
L -1847.317, 915.813, -40.7190, -1850.678, 917.439, -40.7190,  127, 64, 0
L -1850.678, 917.439, -40.7190, -1859.735, 919.859, -40.7190,  127, 64, 0
L -1859.735, 919.859, -40.7190, -1869.313, 922.495, -40.7190,  127, 64, 0
L -1869.313, 922.495, -40.7190, -1878.526, 924.552, -40.7190,  127, 64, 0
L -1878.526, 924.552, -40.7190, -1888.639, 926.435, -40.7190,  127, 64, 0
L -1888.639, 926.435, -40.7190, -1891.621, 926.695, -40.7190,  127, 64, 0
L -1891.621, 926.695, -40.7190, -1917.023, 926.45, -40.7190,  127, 64, 0
L -1917.023, 926.45, -40.7190, -1926.982, 927.235, -40.7190,  127, 64, 0
L -1926.982, 927.235, -40.7190, -1936.421, 927.966, -40.7190,  127, 64, 0
L -1936.421, 927.966, -40.7190, -1976.63, 934.456, -40.7190,  127, 64, 0
L -1976.63, 934.456, -40.7190, -1988.459, 934.809, -40.7190,  127, 64, 0
L -1988.459, 934.809, -40.7190, -1998.302, 934.868, -40.7190,  127, 64, 0
L -1998.302, 934.868, -40.7190, -2007.683, 934.377, -40.7190,  127, 64, 0
L -2007.683, 934.377, -40.7190, -2012.606, 933.941, -40.7190,  127, 64, 0
L -2012.606, 933.941, -40.7190, -2019.378, 932.749, -40.7190,  127, 64, 0
L -2019.378, 932.749, -40.7190, -2028.385, 930.81, -40.7190,  127, 64, 0
L -2028.385, 930.81, -40.7190, -2044.96, 924.952, -40.7190,  127, 64, 0
L -2044.96, 924.952, -40.7190, -2050.326, 922.709, -40.7190,  127, 64, 0
L -2050.326, 922.709, -40.7190, -2088.214, 904.764, -40.7190,  127, 64, 0
L -2088.214, 904.764, -40.7190, -2098.459, 898.894, -40.7190,  127, 64, 0
L -2098.459, 898.894, -40.7190, -2109.902, 890.746, -40.7190,  127, 64, 0
L -2109.902, 890.746, -40.7190, -2118.65, 883.354, -40.7190,  127, 64, 0
L -2118.65, 883.354, -40.7190, -2150.922, 854.264, -40.7190,  127, 64, 0
L -2150.922, 854.264, -40.7190, -2162.425, 844.863, -40.7190,  127, 64, 0
L -2162.425, 844.863, -40.7190, -2193.704, 820.365, -40.7190,  127, 64, 0
L -2193.704, 820.365, -40.7190, -2203.02, 812.395, -40.7190,  127, 64, 0
L -2203.02, 812.395, -40.7190, -2208.637, 807.775, -40.7190,  127, 64, 0
L -2208.637, 807.775, -40.7190, -2211.865, 803.408, -40.7190,  127, 64, 0
L -2211.865, 803.408, -40.7190, -2215.315, 798.899, -40.7190,  127, 64, 0
L -2215.315, 798.899, -40.7190, -2217.86, 794.694, -40.7190,  127, 64, 0
L -2217.86, 794.694, -40.7190, -2220.14, 790.846, -40.7190,  127, 64, 0
L -2220.14, 790.846, -40.7190, -2221.585, 786.426, -40.7190,  127, 64, 0
L -2221.585, 786.426, -40.7190, -2222.144, 784.515, -40.7190,  127, 64, 0
L -2222.144, 784.515, -40.7190, -2227.597, 558.342, -40.7190,  127, 64, 0
L -1777.731, 910.518, -40.7190, -1711.081, 889.895, -40.7190,  127, 64, 0
L -1711.081, 889.895, -40.7190, -1703.429, 887.907, -40.7190,  127, 64, 0
L -1703.429, 887.907, -40.7190, -1693.372, 881.649, -40.7190,  127, 64, 0
L -1693.372, 881.649, -40.7190, -1689.716, 878.528, -40.7190,  127, 64, 0
L -1689.716, 878.528, -40.7190, -1688.377, 877.24, -40.7190,  127, 64, 0
L -1688.377, 877.24, -40.7190, -1687.436, 875.628, -40.7190,  127, 64, 0
L -1687.436, 875.628, -40.7190, -1684.845, 869.585, -40.7190,  127, 64, 0
L -1684.845, 869.585, -40.7190, -1683.845, 864.238, -40.7190,  127, 64, 0
L -1683.845, 864.238, -40.7190, -1684.049, 861.666, -40.7190,  127, 64, 0
L -1684.049, 861.666, -40.7190, -1684.601, 860.107, -40.7190,  127, 64, 0
L -1684.601, 860.107, -40.7190, -1689.186, 856.324, -40.7190,  127, 64, 0
L -1689.186, 856.324, -40.7190, -1708.444, 844.128, -40.7190,  127, 64, 0
L -1708.444, 844.128, -40.7190, -1717.545, 839.268, -40.7190,  127, 64, 0
L -1717.545, 839.268, -40.7190, -1724.374, 835.143, -40.7190,  127, 64, 0
L -1724.374, 835.143, -40.7190, -1726.987, 834.965, -40.7190,  127, 64, 0
L -1726.987, 834.965, -40.7190, -1730.67, 833.796, -40.7190,  127, 64, 0
L -1730.67, 833.796, -40.7190, -1745.632, 857.509, -40.7190,  127, 64, 0
L -1745.632, 857.509, -40.7190, -1773.935, 895.897, -40.7190,  127, 64, 0
L -1773.935, 895.897, -40.7190, -1781.024, 904.341, -40.7190,  127, 64, 0
L -1781.024, 904.341, -40.7190, -1777.731, 910.518, -40.7190,  127, 64, 0
L -1777.169, 911.67, -40.7190, -1776.976, 912.497, -40.7190,  127, 64, 0
L -1509.676, -360.718, 280.5425, -1523.859, -341.586, 279.7939,  127, 127, 127
L -1523.859, -341.586, 279.7939, -1578.919, -268.602, 278.1342,  127, 127, 127
L -1578.919, -268.602, 278.1342, -1619.342, -247.516, 247.4428,  127, 127, 127
L -1531.851, -1107.683, 71.7781, -1533.221, -1102.422, 72.6440,  127, 64, 0
L -1533.221, -1102.422, 72.6440, -1536.568, -1089.907, 73.3961,  127, 64, 0
L -1536.568, -1089.907, 73.3961, -1536.963, -1076.717, 74.8226,  127, 64, 0
L -1536.963, -1076.717, 74.8226, -1537.49, -1065.321, 76.4980,  127, 64, 0
L -1537.49, -1065.321, 76.4980, -1538.004, -1035.886, 80.4658,  127, 64, 0
L -1538.004, -1035.886, 80.4658, -1537.511, -993.303, 92.6510,  127, 64, 0
L -1537.511, -993.303, 92.6510, -1537.015, -988.768, 93.2531,  127, 64, 0
L -1537.015, -988.768, 93.2531, -1536.988, -987.269, 93.6270,  127, 64, 0
L -1536.988, -987.269, 93.6270, -1536.271, -984.875, 94.3890,  127, 64, 0
L -1536.271, -984.875, 94.3890, -1535.398, -983.304, 94.7455,  127, 64, 0
L -1535.398, -983.304, 94.7455, -1534.307, -981.763, 95.1563,  127, 64, 0
L -1534.307, -981.763, 95.1563, -1532.988, -980.26, 95.6146,  127, 64, 0
L -1532.988, -980.26, 95.6146, -1531.339, -979.178, 95.9252,  127, 64, 0
L -1531.339, -979.178, 95.9252, -1528.42, -977.886, 96.3705,  127, 64, 0
L -1528.42, -977.886, 96.3705, -1526.527, -977.139, 96.7951,  127, 64, 0
L -1526.527, -977.139, 96.7951, -1524.605, -977.325, 96.9084,  127, 64, 0
L -1524.605, -977.325, 96.9084, -1523.34, -977.677, 97.1076,  127, 64, 0
L -1523.34, -977.677, 97.1076, -1510.568, -988.38, 96.5840,  127, 64, 0
L -1510.568, -988.38, 96.5840, -1506.56, -991.604, 95.2622,  127, 64, 0
L -1506.56, -991.604, 95.2622, -1501.875, -994.895, 94.2757,  127, 64, 0
L -1501.875, -994.895, 94.2757, -1497.333, -997.582, 93.5735,  127, 64, 0
L -1497.333, -997.582, 93.5735, -1477.965, -1007.458, 91.6780,  127, 64, 0
L -1477.965, -1007.458, 91.6780, -1476.653, -1008.227, 90.6844,  127, 64, 0
L -1476.653, -1008.227, 90.6844, -1471.685, -1011.5, 89.9840,  127, 64, 0
L -1471.685, -1011.5, 89.9840, -1468.565, -1013.898, 89.5514,  127, 64, 0
L -1468.565, -1013.898, 89.5514, -1467.484, -1014.835, 89.2707,  127, 64, 0
L -1467.484, -1014.835, 89.2707, -1466.449, -1015.822, 89.1115,  127, 64, 0
L -1466.449, -1015.822, 89.1115, -1465.171, -1017.253, 88.7946,  127, 64, 0
L -1465.171, -1017.253, 88.7946, -1464.017, -1018.836, 88.5327,  127, 64, 0
L -1464.017, -1018.836, 88.5327, -1463.345, -1020.632, 88.1510,  127, 64, 0
L -1463.345, -1020.632, 88.1510, -1462.599, -1024.149, 87.4275,  127, 64, 0
L -1462.599, -1024.149, 87.4275, -1462.235, -1025.862, 86.7364,  127, 64, 0
L -1462.235, -1025.862, 86.7364, -1462.603, -1028.524, 86.4290,  127, 64, 0
L -1462.603, -1028.524, 86.4290, -1463.422, -1031.848, 85.1299,  127, 64, 0
L -1463.422, -1031.848, 85.1299, -1465.246, -1034.645, 84.7336,  127, 64, 0
L -1465.246, -1034.645, 84.7336, -1466.108, -1035.894, 84.4150,  127, 64, 0
L -1466.108, -1035.894, 84.4150, -1467.916, -1038.152, 83.4715,  127, 64, 0
L -1467.916, -1038.152, 83.4715, -1469.152, -1039.95, 83.1984,  127, 64, 0
L -1469.152, -1039.95, 83.1984, -1470.173, -1041.194, 82.7616,  127, 64, 0
L -1470.173, -1041.194, 82.7616, -1471.106, -1042.278, 82.2149,  127, 64, 0
L -1471.106, -1042.278, 82.2149, -1473.418, -1044.83, 81.6701,  127, 64, 0
L -1473.418, -1044.83, 81.6701, -1479.523, -1051.369, 79.8635,  127, 64, 0
L -1479.523, -1051.369, 79.8635, -1481.046, -1052.948, 79.6513,  127, 64, 0
L -1481.046, -1052.948, 79.6513, -1484.553, -1056.435, 79.2984,  127, 64, 0
L -1484.553, -1056.435, 79.2984, -1487.621, -1058.309, 78.5357,  127, 64, 0
L -1487.621, -1058.309, 78.5357, -1490.702, -1060.332, 77.9322,  127, 64, 0
L -1490.702, -1060.332, 77.9322, -1498.992, -1065.403, 76.7804,  127, 64, 0
L -1498.992, -1065.403, 76.7804, -1504.047, -1076.615, 75.7151,  127, 64, 0
L -1504.047, -1076.615, 75.7151, -1506.885, -1082.562, 74.9073,  127, 64, 0
L -1506.885, -1082.562, 74.9073, -1508.216, -1085.557, 74.3944,  127, 64, 0
L -1508.216, -1085.557, 74.3944, -1509.953, -1089.168, 73.9174,  127, 64, 0
L -1509.953, -1089.168, 73.9174, -1511.662, -1090.565, 73.8247,  127, 64, 0
L -1511.662, -1090.565, 73.8247, -1511.946, -1092.338, 73.5596,  127, 64, 0
L -1511.946, -1092.338, 73.5596, -1516.624, -1098.158, 72.9257,  127, 64, 0
L -1516.624, -1098.158, 72.9257, -1518.376, -1100.113, 72.6313,  127, 64, 0
L -1518.376, -1100.113, 72.6313, -1522.903, -1104.481, 72.8190,  127, 64, 0
L -1522.903, -1104.481, 72.8190, -1531.851, -1107.683, 72.5570,  127, 64, 0
L -1548.105, -1276.762, 59.5337, -1539.336, -1296.599, 59.9089,  127, 64, 0
L -1539.336, -1296.599, 59.9089, -1537.276, -1301.202, 60.7730,  127, 64, 0
L -1537.276, -1301.202, 60.7730, -1536.023, -1303.646, 60.5538,  127, 64, 0
L -1536.023, -1303.646, 60.5538, -1522.124, -1331.519, 60.9153,  127, 64, 0
L -1522.124, -1331.519, 60.9153, -1518.562, -1341.615, 60.2896,  127, 64, 0
L -1518.562, -1341.615, 60.2896, -1515.948, -1345.808, 60.7000,  127, 64, 0
L -1515.948, -1345.808, 60.7000, -1514.915, -1348.764, 59.3128,  127, 64, 0
L -1514.915, -1348.764, 59.3128, -1514.112, -1351.786, 59.3063,  127, 64, 0
L -1514.112, -1351.786, 59.3063, -1514.496, -1361.603, 59.2993,  127, 64, 0
L -1514.496, -1361.603, 59.2993, -1518.066, -1363.968, 59.3748,  127, 64, 0
L -1518.066, -1363.968, 59.3748, -1528.356, -1353.838, 59.7706,  127, 64, 0
L -1528.356, -1353.838, 59.7706, -1536.141, -1346.313, 62.2496,  127, 64, 0
L -1536.141, -1346.313, 62.2496, -1539.482, -1343.544, 62.4436,  127, 64, 0
L -1539.482, -1343.544, 62.4436, -1540.366, -1342.859, 62.2762,  127, 64, 0
L -1540.366, -1342.859, 62.2762, -1545.168, -1339.502, 61.7224,  127, 64, 0
L -1545.168, -1339.502, 61.7224, -1561.198, -1329.687, 60.8267,  127, 64, 0
L -1561.198, -1329.687, 60.8267, -1571.857, -1323.358, 59.6518,  127, 64, 0
L -1571.857, -1323.358, 59.6518, -1573.015, -1322.869, 59.3926,  127, 64, 0
L -1573.015, -1322.869, 59.3926, -1576.697, -1320.64, 59.3245,  127, 64, 0
L -1576.697, -1320.64, 59.3245, -1577.341, -1319.461, 59.3262,  127, 64, 0
L -1577.341, -1319.461, 59.3262, -1578.134, -1317.716, 59.3218,  127, 64, 0
L -1578.134, -1317.716, 59.3218, -1578.605, -1315.876, 59.3153,  127, 64, 0
L -1578.605, -1315.876, 59.3153, -1573.443, -1306.102, 59.3496,  127, 64, 0
L -1573.443, -1306.102, 59.3496, -1568.902, -1297.609, 59.9277,  127, 64, 0
L -1568.902, -1297.609, 59.9277, -1562.837, -1286.85, 59.9510,  127, 64, 0
L -1562.837, -1286.85, 59.9510, -1561.098, -1284.356, 59.9170,  127, 64, 0
L -1561.098, -1284.356, 59.9170, -1558.729, -1281.518, 59.8466,  127, 64, 0
L -1558.729, -1281.518, 59.8466, -1557.123, -1280.37, 59.7321,  127, 64, 0
L -1557.123, -1280.37, 59.7321, -1548.105, -1276.762, 59.5334,  127, 64, 0
L -1512.46, -1423.45, 59.8496, -1531.336, -1447.166, 60.5418,  127, 64, 0
L -1531.336, -1447.166, 60.5418, -1536.507, -1452.738, 60.5058,  127, 64, 0
L -1536.507, -1452.738, 60.5058, -1539.299, -1455.18, 60.5322,  127, 64, 0
L -1539.299, -1455.18, 60.5322, -1543.511, -1458.281, 60.6154,  127, 64, 0
L -1543.511, -1458.281, 60.6154, -1549.096, -1461.918, 60.7511,  127, 64, 0
L -1549.096, -1461.918, 60.7511, -1556.034, -1465.632, 60.9136,  127, 64, 0
L -1556.034, -1465.632, 60.9136, -1564.721, -1469.549, 60.4525,  127, 64, 0
L -1564.721, -1469.549, 60.4525, -1573.585, -1473.171, 60.8600,  127, 64, 0
L -1573.585, -1473.171, 60.8600, -1582.64, -1476.421, 59.2807,  127, 64, 0
L -1582.64, -1476.421, 59.2807, -1591.539, -1479.299, 59.2807,  127, 64, 0
L -1591.539, -1479.299, 59.2807, -1600.188, -1481.765, 59.2807,  127, 64, 0
L -1600.188, -1481.765, 59.2807, -1609.095, -1483.967, 59.2807,  127, 64, 0
L -1609.095, -1483.967, 59.2807, -1613.199, -1484.695, 59.2807,  127, 64, 0
L -1613.199, -1484.695, 59.2807, -1679.458, -1493.833, 59.2807,  127, 64, 0
L -1679.458, -1493.833, 59.2807, -1698.376, -1495.678, 59.2807,  127, 64, 0
L -1698.376, -1495.678, 59.2807, -1716.213, -1496.518, 59.2807,  127, 64, 0
L -1716.213, -1496.518, 59.2807, -1814.132, -1493.988, 59.3757,  127, 64, 0
L -1745.606, -1495.945, 59.2807, -1814.132, -1493.988, 59.3757,  127, 64, 0
L -1814.132, -1493.988, 59.3757, -1962.512, -1494.662, 59.1200,  127, 64, 0
L -1962.512, -1494.662, 59.1200, -1982.415, -1494.859, 58.9726,  127, 64, 0
L -1982.415, -1494.859, 58.9726, -2017.856, -1491.612, 58.7922,  127, 64, 0
L -2017.856, -1491.612, 58.7922, -2046.501, -1488.909, 59.1120,  127, 64, 0
L -2046.501, -1488.909, 59.1120, -2056.221, -1487.632, 59.7150,  127, 64, 0
L -2056.221, -1487.632, 59.7150, -2074.45, -1484.102, 59.1707,  127, 64, 0
L -2074.45, -1484.102, 59.1707, -2083.953, -1481.899, 59.1820,  127, 64, 0
L -2083.953, -1481.899, 59.1820, -2089.161, -1480.419, 59.1880,  127, 64, 0
L -2089.161, -1480.419, 59.1880, -2097.851, -1477.488, 59.1968,  127, 64, 0
L -2097.851, -1477.488, 59.1968, -2102.109, -1475.844, 59.2013,  127, 64, 0
L -2102.109, -1475.844, 59.2013, -2107.528, -1473.393, 59.2066,  127, 64, 0
L -2107.528, -1473.393, 59.2066, -2119.166, -1466.894, 59.2139,  127, 64, 0
L -2119.166, -1466.894, 59.2139, -2124.216, -1463.504, 59.2158,  127, 64, 0
L -2124.216, -1463.504, 59.2158, -2127.927, -1460.767, 59.2167,  127, 64, 0
L -2127.927, -1460.767, 59.2167, -2132.167, -1456.844, 59.2199,  127, 64, 0
L -2132.167, -1456.844, 59.2199, -2141.357, -1447.621, 59.2396,  127, 64, 0
L -2141.357, -1447.621, 59.2396, -2145.335, -1442.901, 59.2483,  127, 64, 0
L -2145.335, -1442.901, 59.2483, -2154.001, -1430.893, 59.2721,  127, 64, 0
L -2154.001, -1430.893, 59.2721, -2159.029, -1422.695, 59.2834,  127, 64, 0
L -2159.029, -1422.695, 59.2834, -2162.485, -1415.623, 59.2877,  127, 64, 0
L -2162.485, -1415.623, 59.2877, -2165.05, -1409.554, 59.2894,  127, 64, 0
L -2165.05, -1409.554, 59.2894, -2168.6, -1395.482, 59.2924,  127, 64, 0
L -2168.6, -1395.482, 59.2924, -2170.195, -1386.27, 59.2918,  127, 64, 0
L -2170.195, -1386.27, 59.2918, -2170.838, -1380.443, 59.2916,  127, 64, 0
L -2170.838, -1380.443, 59.2916, -2171.37, -1371.692, 59.3894,  127, 64, 0
L -2171.37, -1371.692, 59.3894, -2170.929, -1334.542, 59.6433,  127, 64, 0
L -2170.929, -1334.542, 59.6433, -2170.729, -1331.198, 59.6321,  127, 64, 0
L -2170.729, -1331.198, 59.6321, -2169.464, -1320.513, 59.4943,  127, 64, 0
L -2169.464, -1320.513, 59.4943, -2166.602, -1311.839, 59.4117,  127, 64, 0
L -2166.602, -1311.839, 59.4117, -2163.129, -1302.108, 59.3295,  127, 64, 0
L -2163.129, -1302.108, 59.3295, -2159.024, -1291.891, 59.2892,  127, 64, 0
L -2159.024, -1291.891, 59.2892, -2153.977, -1282.314, 59.2875,  127, 64, 0
L -2153.977, -1282.314, 59.2875, -2151.438, -1278.31, 59.2867,  127, 64, 0
L -2151.438, -1278.31, 59.2867, -2148.433, -1274.416, 59.2860,  127, 64, 0
L -2148.433, -1274.416, 59.2860, -2145.672, -1271.425, 59.2854,  127, 64, 0
L -2145.672, -1271.425, 59.2854, -2142.19, -1268.209, 59.2847,  127, 64, 0
L -2142.19, -1268.209, 59.2847, -2136.599, -1263.961, 59.2839,  127, 64, 0
L -2136.599, -1263.961, 59.2839, -2132.633, -1261.447, 59.2834,  127, 64, 0
L -2132.633, -1261.447, 59.2834, -2128.494, -1259.329, 59.2830,  127, 64, 0
L -2128.494, -1259.329, 59.2830, -2121.445, -1256.477, 59.2824,  127, 64, 0
L -2121.445, -1256.477, 59.2824, -2116.135, -1254.87, 59.2652,  127, 64, 0
L -2116.135, -1254.87, 59.2652, -2113.094, -1254.119, 59.2411,  127, 64, 0
L -2113.094, -1254.119, 59.2411, -2106.678, -1252.895, 59.2336,  127, 64, 0
L -2106.678, -1252.895, 59.2336, -2100.835, -1252.862, 59.2460,  127, 64, 0
L -2100.835, -1252.862, 59.2460, -2090.851, -1251.105, 59.2629,  127, 64, 0
L -2090.851, -1251.105, 59.2629, -2082.276, -1250.548, 59.2744,  127, 64, 0
L -2082.276, -1250.548, 59.2744, -2073.328, -1250.369, 59.2822,  127, 64, 0
L -2073.328, -1250.369, 59.2822, -2068.725, -1250.693, 59.2837,  127, 64, 0
L -2068.725, -1250.693, 59.2837, -2064.232, -1251.856, 59.2905,  127, 64, 0
L -2064.232, -1251.856, 59.2905, -2055.348, -1252.486, 59.3421,  127, 64, 0
L -2055.348, -1252.486, 59.3421, -2052.983, -1252.983, 59.3496,  127, 64, 0
L -2052.983, -1252.983, 59.3496, -2045.24, -1255.28, 59.3757,  127, 64, 0
L -2045.24, -1255.28, 59.3757, -2034.018, -1258.995, 59.4151,  127, 64, 0
L -2034.018, -1258.995, 59.4151, -2016.474, -1266.117, 59.5942,  127, 64, 0
L -2016.474, -1266.117, 59.5942, -1989.136, -1277.434, 60.7400,  127, 64, 0
L -1989.136, -1277.434, 60.7400, -1935.144, -1299.892, 61.2513,  127, 64, 0
L -1935.144, -1299.892, 61.2513, -1926.414, -1303.37, 61.1210,  127, 64, 0
L -1926.414, -1303.37, 61.1210, -1902.088, -1312.587, 60.9889,  127, 64, 0
L -1902.088, -1312.587, 60.9889, -1898.622, -1313.907, 61.2271,  127, 64, 0
L -1898.622, -1313.907, 61.2271, -1889.269, -1316.494, 61.3515,  127, 64, 0
L -1889.269, -1316.494, 61.3515, -1881.533, -1318.29, 61.9170,  127, 64, 0
L -1881.533, -1318.29, 61.9170, -1875.333, -1319.458, 60.8528,  127, 64, 0
L -1875.333, -1319.458, 60.8528, -1854.102, -1322.436, 60.7188,  127, 64, 0
L -1854.102, -1322.436, 60.7188, -1834.926, -1324.537, 61.2543,  127, 64, 0
L -1834.926, -1324.537, 61.2543, -1825.645, -1325.262, 61.4343,  127, 64, 0
L -1825.645, -1325.262, 61.4343, -1816.213, -1325.774, 61.2049,  127, 64, 0
L -1816.213, -1325.774, 61.2049, -1748.671, -1325.96, 61.5790,  127, 64, 0
L -1748.671, -1325.96, 61.5790, -1739.501, -1326.238, 61.8344,  127, 64, 0
L -1739.501, -1326.238, 61.8344, -1720.297, -1327.516, 62.6180,  127, 64, 0
L -1720.297, -1327.516, 62.6180, -1710.977, -1328.393, 63.3790,  127, 64, 0
L -1710.977, -1328.393, 63.3790, -1691.427, -1330.295, 62.5769,  127, 64, 0
L -1691.427, -1330.295, 62.5769, -1669.192, -1332.377, 62.7409,  127, 64, 0
L -1669.192, -1332.377, 62.7409, -1646.701, -1334.562, 61.5707,  127, 64, 0
L -1646.701, -1334.562, 61.5707, -1626.367, -1335.13, 61.4760,  127, 64, 0
L -1626.367, -1335.13, 61.4760, -1622.986, -1335.492, 60.8975,  127, 64, 0
L -1622.986, -1335.492, 60.8975, -1614.626, -1336.862, 60.5506,  127, 64, 0
L -1614.626, -1336.862, 60.5506, -1609.434, -1337.725, 60.3980,  127, 64, 0
L -1609.434, -1337.725, 60.3980, -1604.916, -1338.84, 60.2483,  127, 64, 0
L -1604.916, -1338.84, 60.2483, -1600.074, -1340.295, 60.1086,  127, 64, 0
L -1600.074, -1340.295, 60.1086, -1590.87, -1343.529, 59.8618,  127, 64, 0
L -1590.87, -1343.529, 59.8618, -1582.135, -1346.873, 59.8245,  127, 64, 0
L -1582.135, -1346.873, 59.8245, -1564.344, -1354.547, 60.1069,  127, 64, 0
L -1564.344, -1354.547, 60.1069, -1559.852, -1356.767, 60.2259,  127, 64, 0
L -1559.852, -1356.767, 60.2259, -1554.542, -1359.736, 60.2608,  127, 64, 0
L -1554.542, -1359.736, 60.2608, -1550.175, -1362.696, 60.2882,  127, 64, 0
L -1550.175, -1362.696, 60.2882, -1545.627, -1366.591, 60.3430,  127, 64, 0
L -1545.627, -1366.591, 60.3430, -1540.651, -1371.733, 60.4356,  127, 64, 0
L -1540.651, -1371.733, 60.4356, -1527.452, -1386.992, 60.8049,  127, 64, 0
L -1527.452, -1386.992, 60.8049, -1523.601, -1392.443, 60.8567,  127, 64, 0
L -1523.601, -1392.443, 60.8567, -1521.616, -1394.83, 60.7299,  127, 64, 0
L -1521.616, -1394.83, 60.7299, -1516.415, -1404.91, 60.3502,  127, 64, 0
L -1516.415, -1404.91, 60.3502, -1514.904, -1408.948, 60.2126,  127, 64, 0
L -1514.904, -1408.948, 60.2126, -1513.543, -1413.458, 60.8200,  127, 64, 0
L -1513.543, -1413.458, 60.8200, -1512.46, -1423.45, 59.9003,  127, 64, 0
L -1497.981, -1449.611, 59.3185, -1493.953, -1461.581, 59.5459,  127, 64, 0
L -1493.953, -1461.581, 59.5459, -1492.977, -1465.209, 59.7659,  127, 64, 0
L -1492.977, -1465.209, 59.7659, -1491.157, -1474.696, 59.5427,  127, 64, 0
L -1491.157, -1474.696, 59.5427, -1490.631, -1487.172, 59.4279,  127, 64, 0
L -1490.631, -1487.172, 59.4279, -1489.674, -1488.755, 59.2882,  127, 64, 0
L -1489.674, -1488.755, 59.2882, -1488.54, -1505.493, 59.2807,  127, 64, 0
L -1488.54, -1505.493, 59.2807, -1488.008, -1520.234, 59.2807,  127, 64, 0
L -1488.008, -1520.234, 59.2807, -1488.398, -1549.97, 59.2807,  127, 64, 0
L -1488.398, -1549.97, 59.2807, -1488.568, -1550.71, 59.2807,  127, 64, 0
L -1488.568, -1550.71, 59.2807, -1489.444, -1553.12, 59.2807,  127, 64, 0
L -1489.444, -1553.12, 59.2807, -1490.273, -1554.884, 59.2807,  127, 64, 0
L -1490.273, -1554.884, 59.2807, -1491.596, -1555.697, 59.2807,  127, 64, 0
L -1491.596, -1555.697, 59.2807, -1494.878, -1556.914, 59.2807,  127, 64, 0
L -1494.878, -1556.914, 59.2807, -1500.217, -1553.189, 59.2807,  127, 64, 0
L -1500.217, -1553.189, 59.2807, -1506.592, -1547.946, 59.2807,  127, 64, 0
L -1506.592, -1547.946, 59.2807, -1536.276, -1520.671, 59.2807,  127, 64, 0
L -1536.276, -1520.671, 59.2807, -1541.93, -1516.284, 59.2807,  127, 64, 0
L -1541.93, -1516.284, 59.2807, -1567.456, -1498.863, 59.2807,  127, 64, 0
L -1567.456, -1498.863, 59.2807, -1568.656, -1497.792, 59.2807,  127, 64, 0
L -1568.656, -1497.792, 59.2807, -1569.723, -1496.581, 59.2807,  127, 64, 0
L -1569.723, -1496.581, 59.2807, -1570.018, -1495.216, 59.2807,  127, 64, 0
L -1570.018, -1495.216, 59.2807, -1569.878, -1491.82, 59.2807,  127, 64, 0
L -1569.878, -1491.82, 59.2807, -1568.346, -1490.455, 59.2807,  127, 64, 0
L -1568.346, -1490.455, 59.2807, -1567.012, -1489.476, 59.2807,  127, 64, 0
L -1567.012, -1489.476, 59.2807, -1539.346, -1481.914, 59.3119,  127, 64, 0
L -1539.346, -1481.914, 59.3119, -1535.452, -1480.338, 59.4273,  127, 64, 0
L -1535.452, -1480.338, 59.4273, -1531.138, -1478.712, 59.4025,  127, 64, 0
L -1531.138, -1478.712, 59.4025, -1526.72, -1474.742, 59.3566,  127, 64, 0
L -1526.72, -1474.742, 59.3566, -1524.524, -1473.805, 59.3902,  127, 64, 0
L -1524.524, -1473.805, 59.3902, -1521.256, -1471.162, 59.8562,  127, 64, 0
L -1521.256, -1471.162, 59.8562, -1517.617, -1466.741, 60.6507,  127, 64, 0
L -1517.617, -1466.741, 60.6507, -1510.426, -1459.736, 60.7509,  127, 64, 0
L -1510.426, -1459.736, 60.7509, -1508.358, -1457.566, 60.3783,  127, 64, 0
L -1508.358, -1457.566, 60.3783, -1506.387, -1455.27, 59.9266,  127, 64, 0
L -1506.387, -1455.27, 59.9266, -1504.569, -1453.731, 59.7443,  127, 64, 0
L -1504.569, -1453.731, 59.7443, -1502.971, -1451.764, 59.3301,  127, 64, 0
L -1502.971, -1451.764, 59.3301, -1499.259, -1449.58, 59.3158,  127, 64, 0
L -1499.259, -1449.58, 59.3158, -1497.981, -1449.611, 59.3006,  127, 64, 0
L -1453.53, -1781.684, 59.2807, -1449.303, -1800.45, 59.4983,  127, 64, 0
L -1449.303, -1800.45, 59.4983, -1447.482, -1808.778, 60.1876,  127, 64, 0
L -1447.482, -1808.778, 60.1876, -1447.466, -1811.546, 60.1974,  127, 64, 0
L -1447.466, -1811.546, 60.1974, -1446.33, -1815.404, 60.1715,  127, 64, 0
L -1446.33, -1815.404, 60.1715, -1446.277, -1816.832, 60.1696,  127, 64, 0
L -1446.277, -1816.832, 60.1696, -1446.418, -1820.43, 60.7410,  127, 64, 0
L -1446.418, -1820.43, 60.7410, -1447.317, -1821.933, 60.5930,  127, 64, 0
L -1447.317, -1821.933, 60.5930, -1449.579, -1824.999, 59.9996,  127, 64, 0
L -1449.579, -1824.999, 59.9996, -1456.378, -1828.338, 60.3730,  127, 64, 0
L -1456.378, -1828.338, 60.3730, -1463.141, -1829.94, 60.1965,  127, 64, 0
L -1463.141, -1829.94, 60.1965, -1469.925, -1829.403, 59.9444,  127, 64, 0
L -1469.925, -1829.403, 59.9444, -1479.845, -1829.159, 59.4519,  127, 64, 0
L -1479.845, -1829.159, 59.4519, -1483.654, -1828.65, 59.2873,  127, 64, 0
L -1483.654, -1828.65, 59.2873, -1485.18, -1828.309, 59.2819,  127, 64, 0
L -1485.18, -1828.309, 59.2819, -1486.908, -1827.446, 59.2811,  127, 64, 0
L -1486.908, -1827.446, 59.2811, -1488.048, -1825.868, 59.2809,  127, 64, 0
L -1488.048, -1825.868, 59.2809, -1489.066, -1824.219, 59.2907,  127, 64, 0
L -1489.066, -1824.219, 59.2907, -1489.283, -1822.297, 59.2807,  127, 64, 0
L -1489.283, -1822.297, 59.2807, -1488.837, -1820.163, 59.2807,  127, 64, 0
L -1488.837, -1820.163, 59.2807, -1458.629, -1780.201, 59.2807,  127, 64, 0
L -1458.629, -1780.201, 59.2807, -1453.53, -1781.684, 59.2807,  127, 64, 0
L -1452.319, -1781.809, 59.2807, -1451.642, -1781.916, 59.2807,  127, 64, 0
L 32.252, -2372.163, -105.1033, 32.626, -2375.535, -105.3070,  0, 0, 240
L 32.626, -2375.535, -105.3070, 33.587, -2383.597, -104.3847,  0, 0, 240
L 33.587, -2383.597, -104.3847, 34.438, -2387.296, -103.9157,  0, 0, 240
L 34.438, -2387.296, -103.9157, 34.98, -2389.464, -103.8143,  0, 0, 240
L 34.98, -2389.464, -103.8143, 35.556, -2390.74, -103.5952,  0, 0, 240
L 35.556, -2390.74, -103.5952, 36.125, -2392.293, -103.8727,  0, 0, 240
L 36.125, -2392.293, -103.8727, 36.432, -2393.851, -104.9780,  0, 0, 240
L 36.432, -2393.851, -104.9780, 37.185, -2394.903, -104.8468,  0, 0, 240
L 37.185, -2394.903, -104.8468, 37.863, -2396.412, -105.6841,  0, 0, 240
L 37.863, -2396.412, -105.6841, 38.503, -2397.792, -106.8540,  0, 0, 240
L 38.503, -2397.792, -106.8540, 39.519, -2399.933, -106.5200,  0, 0, 240
L 39.519, -2399.933, -106.5200, 40.973, -2403.68, -106.3508,  0, 0, 240
L 40.973, -2403.68, -106.3508, 41.689, -2404.742, -105.6856,  0, 0, 240
L 41.689, -2404.742, -105.6856, 42.254, -2406.482, -105.4930,  0, 0, 240
L 42.254, -2406.482, -105.4930, 42.622, -2407.999, -104.8756,  0, 0, 240
L 42.622, -2407.999, -104.8756, 42.906, -2409.67, -104.7901,  0, 0, 240
L 42.906, -2409.67, -104.7901, 42.447, -2420.518, -104.9515,  0, 0, 240
L 42.447, -2420.518, -104.9515, 41.979, -2421.633, -104.8842,  0, 0, 240
L 41.979, -2421.633, -104.8842, 41.407, -2423.133, -104.8487,  0, 0, 240
L 41.407, -2423.133, -104.8487, 40.565, -2424.905, -104.8421,  0, 0, 240
L 40.565, -2424.905, -104.8421, 38.975, -2427.591, -104.7990,  0, 0, 240
L 38.975, -2427.591, -104.7990, 25.57, -2444.975, -105.3067,  0, 0, 240
L 35.874, -2431.8, -104.8991, 25.57, -2444.975, -105.3067,  0, 0, 240
L 25.57, -2444.975, -105.3067, 23.785, -2447.653, -105.3340,  0, 0, 240
L 23.785, -2447.653, -105.3340, 23.011, -2448.961, -105.2527,  0, 0, 240
L 23.011, -2448.961, -105.2527, 20.87, -2453.137, -105.3841,  0, 0, 240
L 20.87, -2453.137, -105.3841, 19.453, -2456.565, -105.4646,  0, 0, 240
L 19.453, -2456.565, -105.4646, 18.476, -2459.816, -105.5086,  0, 0, 240
L 18.476, -2459.816, -105.5086, 17.905, -2462.617, -105.5208,  0, 0, 240
L 17.905, -2462.617, -105.5208, 18.26, -2476.289, -105.5682,  0, 0, 240
L 18.26, -2476.289, -105.5682, 18.725, -2478.102, -105.6752,  0, 0, 240
L 18.725, -2478.102, -105.6752, 20.533, -2482.911, -105.6927,  0, 0, 240
L 20.533, -2482.911, -105.6927, 23.641, -2489.304, -105.5970,  0, 0, 240
L 23.641, -2489.304, -105.5970, 33.397, -2507.115, -105.8126,  0, 0, 240
L 33.397, -2507.115, -105.8126, 35.885, -2510.718, -105.8174,  0, 0, 240
L 35.885, -2510.718, -105.8174, 39.086, -2514.387, -105.7150,  0, 0, 240
L 39.086, -2514.387, -105.7150, 43.971, -2519.459, -105.5474,  0, 0, 240
L 43.971, -2519.459, -105.5474, 45.996, -2520.201, -105.4969,  0, 0, 240
L 45.996, -2520.201, -105.4969, 56.549, -2529.203, -105.8739,  0, 0, 240
L 56.549, -2529.203, -105.8739, 60.385, -2532.895, -106.8360,  0, 0, 240
L 60.385, -2532.895, -106.8360, 62.545, -2535.684, -105.7464,  0, 0, 240
L 62.545, -2535.684, -105.7464, 63.453, -2537.115, -105.5798,  0, 0, 240
L 63.453, -2537.115, -105.5798, 64.957, -2540.153, -105.3248,  0, 0, 240
L 64.957, -2540.153, -105.3248, 66.125, -2543.48, -105.1458,  0, 0, 240
L 66.125, -2543.48, -105.1458, 66.601, -2545.294, -105.1247,  0, 0, 240
L 66.601, -2545.294, -105.1247, 66.793, -2546.212, -105.1945,  0, 0, 240
L 66.793, -2546.212, -105.1945, 66.422, -2555.129, -105.7796,  0, 0, 240
L 66.422, -2555.129, -105.7796, 64.634, -2561.356, -106.2561,  0, 0, 240
L 64.634, -2561.356, -106.2561, 62.901, -2568.823, -105.8573,  0, 0, 240
L 62.901, -2568.823, -105.8573, 58.719, -2576.511, -106.2211,  0, 0, 240
L 58.719, -2576.511, -106.2211, 58.048, -2577.875, -106.3115,  0, 0, 240
L 58.048, -2577.875, -106.3115, 57.452, -2579.291, -106.2933,  0, 0, 240
L 57.452, -2579.291, -106.2933, 55.557, -2582.46, -106.8400,  0, 0, 240
L 55.557, -2582.46, -106.8400, 52.631, -2585.727, -105.8748,  0, 0, 240
L 52.631, -2585.727, -105.8748, 48.739, -2589.86, -105.7335,  0, 0, 240
L 48.739, -2589.86, -105.7335, 40.132, -2597.515, -105.5626,  0, 0, 240
L 40.132, -2597.515, -105.5626, 39.119, -2598.816, -105.5361,  0, 0, 240
L 39.119, -2598.816, -105.5361, 38.721, -2600.448, -105.5020,  0, 0, 240
L 38.721, -2600.448, -105.5020, 37.522, -2601.493, -105.4553,  0, 0, 240
L 37.522, -2601.493, -105.4553, 36.948, -2602.798, -105.3974,  0, 0, 240
L 36.948, -2602.798, -105.3974, 36.441, -2604.364, -105.3280,  0, 0, 240
L 36.441, -2604.364, -105.3280, 36.132, -2605.933, -105.3790,  0, 0, 240
L 36.132, -2605.933, -105.3790, 36.513, -2610.975, -105.6495,  0, 0, 240
L 36.513, -2610.975, -105.6495, 37.253, -2612.714, -105.7169,  0, 0, 240
L 37.253, -2612.714, -105.7169, 38.85, -2614.204, -105.7570,  0, 0, 240
L 38.85, -2614.204, -105.7570, 39.722, -2615.451, -105.7669,  0, 0, 240
L 39.722, -2615.451, -105.7669, 41.254, -2616.392, -105.7503,  0, 0, 240
L 41.254, -2616.392, -105.7503, 49.392, -2619.766, -105.4984,  0, 0, 240
L 49.392, -2619.766, -105.4984, 50.833, -2620.572, -105.3593,  0, 0, 240
L 50.833, -2620.572, -105.3593, 53.262, -2621.644, -105.2322,  0, 0, 240
L 53.262, -2621.644, -105.2322, 53.703, -2622.876, -105.1272,  0, 0, 240
L 53.703, -2622.876, -105.1272, 54.956, -2624.372, -105.4940,  0, 0, 240
L 54.956, -2624.372, -105.4940, 55.96, -2625.939, -104.9950,  0, 0, 240
L 55.96, -2625.939, -104.9950, 56.777, -2627.614, -104.9766,  0, 0, 240
L 56.777, -2627.614, -104.9766, 57.414, -2629.322, -104.9800,  0, 0, 240
L 57.414, -2629.322, -104.9800, 58.165, -2632.388, -105.4640,  0, 0, 240
L 58.165, -2632.388, -105.4640, 58.677, -2633.312, -105.7580,  0, 0, 240
L 58.677, -2633.312, -105.7580, 57.947, -2639.826, -105.4445,  0, 0, 240
L 57.947, -2639.826, -105.4445, 57.369, -2641.258, -105.5271,  0, 0, 240
L 57.369, -2641.258, -105.5271, 56.517, -2642.705, -105.5122,  0, 0, 240
L 56.517, -2642.705, -105.5122, 55.608, -2643.907, -105.5233,  0, 0, 240
L 55.608, -2643.907, -105.5233, 53.902, -2645.654, -105.5806,  0, 0, 240
L 53.902, -2645.654, -105.5806, 53.245, -2646.858, -105.5549,  0, 0, 240
L 53.245, -2646.858, -105.5549, 48.762, -2649.886, -105.4218,  0, 0, 240
L 48.762, -2649.886, -105.4218, 47.151, -2649.962, -105.3678,  0, 0, 240
L 47.151, -2649.962, -105.3678, 45.485, -2650.72, -105.2544,  0, 0, 240
L 45.485, -2650.72, -105.2544, 43.754, -2651.299, -105.1743,  0, 0, 240
L 43.754, -2651.299, -105.1743, 42.846, -2651.516, -105.1299,  0, 0, 240
L 42.846, -2651.516, -105.1299, 40.502, -2651.361, -105.1004,  0, 0, 240
L 40.502, -2651.361, -105.1004, 38.786, -2650.777, -105.1189,  0, 0, 240
L 38.786, -2650.777, -105.1189, 37.574, -2650.464, -105.2348,  0, 0, 240
L 37.574, -2650.464, -105.2348, 36.174, -2648.954, -105.4337,  0, 0, 240
L 36.174, -2648.954, -105.4337, 34.967, -2647.92, -105.8160,  0, 0, 240
L 34.967, -2647.92, -105.8160, 28.549, -2641.909, -107.2462,  0, 0, 240
L 28.549, -2641.909, -107.2462, 24.511, -2638.477, -107.8404,  0, 0, 240
L 24.511, -2638.477, -107.8404, 23.494, -2639.369, -107.8974,  0, 0, 240
L 23.494, -2639.369, -107.8974, 12.868, -2643.724, -106.6595,  0, 0, 240
L 12.868, -2643.724, -106.6595, 7.759, -2645.499, -106.6660,  0, 0, 240
L 7.759, -2645.499, -106.6660, 5.214, -2646.197, -105.8157,  0, 0, 240
L 5.214, -2646.197, -105.8157, -3.978, -2648.344, -105.7544,  0, 0, 240
L -3.978, -2648.344, -105.7544, -10.056, -2649.452, -105.4579,  0, 0, 240
L -10.056, -2649.452, -105.4579, -15.233, -2649.882, -105.5501,  0, 0, 240
L -15.233, -2649.882, -105.5501, -19.933, -2649.204, -105.7918,  0, 0, 240
L -19.933, -2649.204, -105.7918, -21.135, -2648.795, -105.9144,  0, 0, 240
L -21.135, -2648.795, -105.9144, -23.594, -2648.225, -106.5930,  0, 0, 240
L -23.594, -2648.225, -106.5930, -25.928, -2646.916, -106.1495,  0, 0, 240
L -25.928, -2646.916, -106.1495, -27.282, -2645.723, -105.9945,  0, 0, 240
L -27.282, -2645.723, -105.9945, -28.458, -2644.213, -106.3450,  0, 0, 240
L -28.458, -2644.213, -106.3450, -29.31, -2642.771, -106.1179,  0, 0, 240
L -29.31, -2642.771, -106.1179, -30.412, -2639.693, -106.3909,  0, 0, 240
L -30.412, -2639.693, -106.3909, -31.389, -2637.898, -106.3974,  0, 0, 240
L -31.389, -2637.898, -106.3974, -32.033, -2636.156, -106.2788,  0, 0, 240
L -32.033, -2636.156, -106.2788, -32.481, -2634.248, -106.2186,  0, 0, 240
L -32.481, -2634.248, -106.2186, -32.36, -2632.444, -106.1993,  0, 0, 240
L -32.36, -2632.444, -106.1993, -32.23, -2624.123, -105.7006,  0, 0, 240
L -32.23, -2624.123, -105.7006, -29.84, -2618.501, -105.3413,  0, 0, 240
L -29.84, -2618.501, -105.3413, -29.273, -2617.936, -105.3615,  0, 0, 240
L -29.273, -2617.936, -105.3615, -27.581, -2616.899, -105.4192,  0, 0, 240
L -27.581, -2616.899, -105.4192, -28.093, -2615.283, -105.3235,  0, 0, 240
L -28.093, -2615.283, -105.3235, -29.327, -2612.501, -105.3963,  0, 0, 240
L -29.327, -2612.501, -105.3963, -31.011, -2609.744, -105.4491,  0, 0, 240
L -31.011, -2609.744, -105.4491, -33.155, -2606.146, -105.4865,  0, 0, 240
L -33.155, -2606.146, -105.4865, -45.385, -2592.683, -105.7155,  0, 0, 240
L -45.385, -2592.683, -105.7155, -46.28, -2591.508, -105.7590,  0, 0, 240
L -46.28, -2591.508, -105.7590, -47.389, -2589.937, -105.9522,  0, 0, 240
L -47.389, -2589.937, -105.9522, -48.888, -2587.45, -105.7536,  0, 0, 240
L -48.888, -2587.45, -105.7536, -51.042, -2582.979, -105.7712,  0, 0, 240
L -51.042, -2582.979, -105.7712, -53.768, -2575.688, -106.2670,  0, 0, 240
L -53.768, -2575.688, -106.2670, -54.314, -2573.89, -106.1162,  0, 0, 240
L -54.314, -2573.89, -106.1162, -54.78, -2568.411, -105.8512,  0, 0, 240
L -54.78, -2568.411, -105.8512, -55.979, -2566.563, -105.8015,  0, 0, 240
L -55.979, -2566.563, -105.8015, -56.506, -2561.764, -105.9193,  0, 0, 240
L -56.506, -2561.764, -105.9193, -56.088, -2551.736, -105.9137,  0, 0, 240
L -56.088, -2551.736, -105.9137, -54.907, -2546.795, -105.6556,  0, 0, 240
L -54.907, -2546.795, -105.6556, -50.197, -2536.83, -106.1244,  0, 0, 240
L -50.197, -2536.83, -106.1244, -48.052, -2534.996, -105.9912,  0, 0, 240
L -48.052, -2534.996, -105.9912, -46.6, -2531.178, -105.8491,  0, 0, 240
L -46.6, -2531.178, -105.8491, -44.211, -2528.646, -105.5699,  0, 0, 240
L -44.211, -2528.646, -105.5699, -41.882, -2525.718, -105.3639,  0, 0, 240
L -41.882, -2525.718, -105.3639, -33.775, -2518.56, -105.2042,  0, 0, 240
L -33.775, -2518.56, -105.2042, -32.538, -2517.918, -105.1149,  0, 0, 240
L -32.538, -2517.918, -105.1149, -30.405, -2513.955, -104.8807,  0, 0, 240
L -30.405, -2513.955, -104.8807, -29.478, -2512.323, -104.8092,  0, 0, 240
L -29.478, -2512.323, -104.8092, -27.76, -2508.932, -104.9902,  0, 0, 240
L -27.76, -2508.932, -104.9902, -26.433, -2505.708, -105.1256,  0, 0, 240
L -26.433, -2505.708, -105.1256, -23.953, -2496.79, -105.2356,  0, 0, 240
L -23.953, -2496.79, -105.2356, -18.871, -2470.559, -105.2929,  0, 0, 240
L -18.871, -2470.559, -105.2929, -17.308, -2465.181, -105.2630,  0, 0, 240
L -17.308, -2465.181, -105.2630, -15.496, -2456.688, -105.6480,  0, 0, 240
L -15.496, -2456.688, -105.6480, -14.3, -2452.42, -105.4009,  0, 0, 240
L -14.3, -2452.42, -105.4009, -12.434, -2447.385, -104.7383,  0, 0, 240
L -12.434, -2447.385, -104.7383, -11.116, -2442.916, -104.7935,  0, 0, 240
L -11.116, -2442.916, -104.7935, -8.611, -2436.979, -105.2112,  0, 0, 240
L -8.611, -2436.979, -105.2112, -5.403, -2431.374, -105.8880,  0, 0, 240
L -5.403, -2431.374, -105.8880, -2.05, -2425.328, -105.1012,  0, 0, 240
L -2.05, -2425.328, -105.1012, -1.281, -2423.618, -105.1556,  0, 0, 240
L -1.281, -2423.618, -105.1556, -0.348, -2421.887, -105.1841,  0, 0, 240
L -0.348, -2421.887, -105.1841, -0.345, -2420.368, -105.1965,  0, 0, 240
L -0.345, -2420.368, -105.1965, 0.11, -2388.679, -104.9463,  0, 0, 240
L 0.11, -2388.679, -104.9463, 0.425, -2386.217, -104.9024,  0, 0, 240
L 0.425, -2386.217, -104.9024, 0.835, -2384.384, -105.5800,  0, 0, 240
L 0.835, -2384.384, -105.5800, 2.255, -2382.584, -105.1938,  0, 0, 240
L 2.255, -2382.584, -105.1938, 3.634, -2377.729, -106.6050,  0, 0, 240
L 3.634, -2377.729, -106.6050, 4.135, -2376.457, -105.8832,  0, 0, 240
L 4.135, -2376.457, -105.8832, 6.155, -2372.818, -105.2386,  0, 0, 240
L 6.155, -2372.818, -105.2386, 7.708, -2371.854, -105.1403,  0, 0, 240
L 7.708, -2371.854, -105.1403, 11.815, -2369.523, -105.6196,  0, 0, 240
L 11.815, -2369.523, -105.6196, 13.591, -2369.192, -105.9107,  0, 0, 240
L 13.591, -2369.192, -105.9107, 16.823, -2368.723, -106.8735,  0, 0, 240
L 16.823, -2368.723, -106.8735, 20.767, -2369.333, -107.2532,  0, 0, 240
L 20.767, -2369.333, -107.2532, 22.433, -2369.416, -107.5118,  0, 0, 240
L 22.433, -2369.416, -107.5118, 32.252, -2372.163, -107.6227,  0, 0, 240
L -1895.592, -1795.36, 55.4530, -1882.674, -1805.234, 56.7231,  0, 0, 240
L -1882.674, -1805.234, 56.7231, -1875.623, -1810.475, 54.5225,  0, 0, 240
L -1875.623, -1810.475, 54.5225, -1873.431, -1813.171, 53.9532,  0, 0, 240
L -1873.431, -1813.171, 53.9532, -1872.378, -1814.616, 53.9483,  0, 0, 240
L -1872.378, -1814.616, 53.9483, -1868.011, -1820.841, 55.3517,  0, 0, 240
L -1868.011, -1820.841, 55.3517, -1867.084, -1822.42, 55.3029,  0, 0, 240
L -1867.084, -1822.42, 55.3029, -1866.629, -1823.339, 55.1507,  0, 0, 240
L -1866.629, -1823.339, 55.1507, -1865.369, -1826.439, 54.3288,  0, 0, 240
L -1865.369, -1826.439, 54.3288, -1863.446, -1832.675, 54.6293,  0, 0, 240
L -1863.446, -1832.675, 54.6293, -1861.942, -1838.571, 54.3462,  0, 0, 240
L -1861.942, -1838.571, 54.3462, -1860.945, -1841.819, 54.4861,  0, 0, 240
L -1860.945, -1841.819, 54.4861, -1859.116, -1846.53, 54.8290,  0, 0, 240
L -1859.116, -1846.53, 54.8290, -1852.017, -1863.151, 54.5384,  0, 0, 240
L -1852.017, -1863.151, 54.5384, -1850.4, -1868.804, 54.4192,  0, 0, 240
L -1850.4, -1868.804, 54.4192, -1849.512, -1871.546, 54.2877,  0, 0, 240
L -1849.512, -1871.546, 54.2877, -1849.18, -1873.122, 54.4820,  0, 0, 240
L -1849.18, -1873.122, 54.4820, -1848.876, -1874.929, 54.1518,  0, 0, 240
L -1848.876, -1874.929, 54.1518, -1849.231, -1887.656, 53.9564,  0, 0, 240
L -1849.231, -1887.656, 53.9564, -1850.187, -1889.475, 54.1756,  0, 0, 240
L -1850.187, -1889.475, 54.1756, -1851.044, -1890.769, 54.2674,  0, 0, 240
L -1851.044, -1890.769, 54.2674, -1855.538, -1893.639, 54.3639,  0, 0, 240
L -1855.538, -1893.639, 54.3639, -1857.689, -1894.81, 54.4230,  0, 0, 240
L -1857.689, -1894.81, 54.4230, -1860.325, -1895.856, 54.4393,  0, 0, 240
L -1860.325, -1895.856, 54.4393, -1862.999, -1896.617, 54.4412,  0, 0, 240
L -1862.999, -1896.617, 54.4412, -1876.866, -1898.563, 53.8522,  0, 0, 240
L -1876.866, -1898.563, 53.8522, -1878.269, -1899.525, 53.9448,  0, 0, 240
L -1878.269, -1899.525, 53.9448, -1887.876, -1906.413, 53.9412,  0, 0, 240
L -1887.876, -1906.413, 53.9412, -1889.188, -1906.808, 54.1783,  0, 0, 240
L -1889.188, -1906.808, 54.1783, -1890.728, -1907.542, 54.4953,  0, 0, 240
L -1890.728, -1907.542, 54.4953, -1892.5, -1907.598, 54.3607,  0, 0, 240
L -1892.5, -1907.598, 54.3607, -1900.55, -1907.485, 54.3370,  0, 0, 240
L -1900.55, -1907.485, 54.3370, -1910.296, -1903.176, 54.6092,  0, 0, 240
L -1910.296, -1903.176, 54.6092, -1914.297, -1901.869, 54.5153,  0, 0, 240
L -1914.297, -1901.869, 54.5153, -1922.326, -1896.299, 54.6390,  0, 0, 240
L -1922.326, -1896.299, 54.6390, -1924.659, -1894.798, 54.4973,  0, 0, 240
L -1924.659, -1894.798, 54.4973, -1929.903, -1890.982, 54.7194,  0, 0, 240
L -1929.903, -1890.982, 54.7194, -1933.115, -1888.409, 54.9089,  0, 0, 240
L -1933.115, -1888.409, 54.9089, -1938.562, -1883.432, 56.1548,  0, 0, 240
L -1938.562, -1883.432, 56.1548, -1943.87, -1877.931, 55.7058,  0, 0, 240
L -1943.87, -1877.931, 55.7058, -1945.115, -1876.69, 55.5523,  0, 0, 240
L -1945.115, -1876.69, 55.5523, -1946.28, -1875.329, 55.2295,  0, 0, 240
L -1946.28, -1875.329, 55.2295, -1947.324, -1873.85, 55.3970,  0, 0, 240
L -1947.324, -1873.85, 55.3970, -1947.646, -1872.485, 55.1680,  0, 0, 240
L -1947.646, -1872.485, 55.1680, -1950.579, -1867.106, 55.6552,  0, 0, 240
L -1950.579, -1867.106, 55.6552, -1951.978, -1864.107, 55.8258,  0, 0, 240
L -1951.978, -1864.107, 55.8258, -1952.541, -1862.601, 55.7935,  0, 0, 240
L -1952.541, -1862.601, 55.7935, -1952.981, -1861.102, 55.6484,  0, 0, 240
L -1952.981, -1861.102, 55.6484, -1953.312, -1859.576, 55.3123,  0, 0, 240
L -1953.312, -1859.576, 55.3123, -1952.891, -1852.914, 56.2830,  0, 0, 240
L -1952.891, -1852.914, 56.2830, -1952.547, -1851.477, 55.8900,  0, 0, 240
L -1952.547, -1851.477, 55.8900, -1952.219, -1850.546, 55.5869,  0, 0, 240
L -1952.219, -1850.546, 55.5869, -1951.438, -1846.343, 55.6380,  0, 0, 240
L -1951.438, -1846.343, 55.6380, -1951.187, -1844.754, 54.9284,  0, 0, 240
L -1951.187, -1844.754, 54.9284, -1950.722, -1839.857, 54.8123,  0, 0, 240
L -1950.722, -1839.857, 54.8123, -1950.646, -1838.338, 54.9823,  0, 0, 240
L -1950.646, -1838.338, 54.9823, -1951.144, -1829.753, 54.8194,  0, 0, 240
L -1951.144, -1829.753, 54.8194, -1952.373, -1826.703, 55.2338,  0, 0, 240
L -1952.373, -1826.703, 55.2338, -1953.112, -1825.402, 55.7169,  0, 0, 240
L -1953.112, -1825.402, 55.7169, -1953.996, -1823.893, 56.3190,  0, 0, 240
L -1953.996, -1823.893, 56.3190, -1956.101, -1821.282, 56.2443,  0, 0, 240
L -1956.101, -1821.282, 56.2443, -1957.318, -1819.851, 55.6073,  0, 0, 240
L -1957.318, -1819.851, 55.6073, -1959.915, -1817.819, 55.5460,  0, 0, 240
L -1959.915, -1817.819, 55.5460, -1966.031, -1813.537, 55.6150,  0, 0, 240
L -1966.031, -1813.537, 55.6150, -1967.268, -1813.516, 55.1858,  0, 0, 240
L -1967.268, -1813.516, 55.1858, -1974.038, -1810.714, 54.9656,  0, 0, 240
L -1974.038, -1810.714, 54.9656, -1975.975, -1810.392, 54.9866,  0, 0, 240
L -1975.975, -1810.392, 54.9866, -1979.507, -1809.994, 54.8832,  0, 0, 240
L -1979.507, -1809.994, 54.8832, -1981.439, -1810.427, 54.8327,  0, 0, 240
L -1981.439, -1810.427, 54.8327, -1986.914, -1811.906, 55.4598,  0, 0, 240
L -1986.914, -1811.906, 55.4598, -1988.067, -1812.4, 55.6182,  0, 0, 240
L -1988.067, -1812.4, 55.6182, -1992.29, -1814.367, 55.6891,  0, 0, 240
L -1992.29, -1814.367, 55.6891, -1993.479, -1815.317, 55.4673,  0, 0, 240
L -1993.479, -1815.317, 55.4673, -1997.302, -1818.57, 53.3928,  0, 0, 240
L -1997.302, -1818.57, 53.3928, -2005.15, -1827.117, 55.9908,  0, 0, 240
L -2005.15, -1827.117, 55.9908, -2011.364, -1831.667, 54.4487,  0, 0, 240
L -2011.364, -1831.667, 54.4487, -2017.053, -1832.519, 54.2830,  0, 0, 240
L -2017.053, -1832.519, 54.2830, -2024.589, -1831.48, 53.6356,  0, 0, 240
L -2024.589, -1831.48, 53.6356, -2025.979, -1830.754, 53.9573,  0, 0, 240
L -2025.979, -1830.754, 53.9573, -2053.182, -1825.645, 55.1680,  0, 0, 240
L -2053.182, -1825.645, 55.1680, -2067.849, -1823.53, 55.1000,  0, 0, 240
L -2067.849, -1823.53, 55.1000, -2076.968, -1821.758, 54.6274,  0, 0, 240
L -2076.968, -1821.758, 54.6274, -2080.938, -1820.688, 54.2759,  0, 0, 240
L -2080.938, -1820.688, 54.2759, -2082.411, -1820.164, 54.5870,  0, 0, 240
L -2082.411, -1820.164, 54.5870, -2084.723, -1819.206, 53.8708,  0, 0, 240
L -2084.723, -1819.206, 53.8708, -2087.652, -1817.767, 54.3956,  0, 0, 240
L -2087.652, -1817.767, 54.3956, -2089.149, -1816.877, 54.5640,  0, 0, 240
L -2089.149, -1816.877, 54.5640, -2115.676, -1798.116, 55.1251,  0, 0, 240
L -2115.676, -1798.116, 55.1251, -2123.476, -1792.147, 54.4812,  0, 0, 240
L -2123.476, -1792.147, 54.4812, -2126.86, -1787.674, 54.3682,  0, 0, 240
L -2126.86, -1787.674, 54.3682, -2127.209, -1786.173, 54.3975,  0, 0, 240
L -2127.209, -1786.173, 54.3975, -2123.91, -1778.696, 54.2445,  0, 0, 240
L -2123.91, -1778.696, 54.2445, -2123.152, -1777.422, 54.2387,  0, 0, 240
L -2123.152, -1777.422, 54.2387, -2117.845, -1769.562, 54.2591,  0, 0, 240
L -2117.845, -1769.562, 54.2591, -2115.513, -1766.855, 54.4191,  0, 0, 240
L -2115.513, -1766.855, 54.4191, -2113.308, -1764.269, 54.5596,  0, 0, 240
L -2113.308, -1764.269, 54.5596, -2105.465, -1758.32, 54.7038,  0, 0, 240
L -2105.465, -1758.32, 54.7038, -2100.516, -1754.937, 54.6953,  0, 0, 240
L -2100.516, -1754.937, 54.6953, -2095.379, -1751.847, 54.6293,  0, 0, 240
L -2095.379, -1751.847, 54.6293, -2091.377, -1749.957, 54.6933,  0, 0, 240
L -2091.377, -1749.957, 54.6933, -2089.918, -1749.391, 54.6987,  0, 0, 240
L -2089.918, -1749.391, 54.6987, -2085.463, -1748.437, 54.4224,  0, 0, 240
L -2085.463, -1748.437, 54.4224, -2084.006, -1748.638, 54.3181,  0, 0, 240
L -2084.006, -1748.638, 54.3181, -2074.871, -1752.675, 54.4258,  0, 0, 240
L -2074.871, -1752.675, 54.4258, -2050.108, -1764.565, 54.2691,  0, 0, 240
L -2050.108, -1764.565, 54.2691, -2046.564, -1766.738, 54.3629,  0, 0, 240
L -2046.564, -1766.738, 54.3629, -2038.364, -1772.288, 54.4626,  0, 0, 240
L -2038.364, -1772.288, 54.4626, -2032.871, -1770.766, 54.5700,  0, 0, 240
L -2032.871, -1770.766, 54.5700, -2015.906, -1764.78, 54.3738,  0, 0, 240
L -2015.906, -1764.78, 54.3738, -2014.926, -1763.695, 54.3496,  0, 0, 240
L -2014.926, -1763.695, 54.3496, -2012.626, -1763.197, 54.5566,  0, 0, 240
L -2012.626, -1763.197, 54.5566, -2002.477, -1766.709, 54.2466,  0, 0, 240
L -2002.477, -1766.709, 54.2466, -1992.308, -1771.468, 54.4547,  0, 0, 240
L -1992.308, -1771.468, 54.4547, -1986.645, -1773.805, 54.4288,  0, 0, 240
L -1986.645, -1773.805, 54.4288, -1984.993, -1774.271, 54.4305,  0, 0, 240
L -1984.993, -1774.271, 54.4305, -1973.307, -1774.575, 54.6661,  0, 0, 240
L -1973.307, -1774.575, 54.6661, -1964.216, -1774.578, 55.2447,  0, 0, 240
L -1964.216, -1774.578, 55.2447, -1951.308, -1774.69, 54.8684,  0, 0, 240
L -1951.308, -1774.69, 54.8684, -1948.883, -1774.798, 54.7308,  0, 0, 240
L -1948.883, -1774.798, 54.7308, -1947.536, -1775.184, 54.6379,  0, 0, 240
L -1947.536, -1775.184, 54.6379, -1938.533, -1777.952, 54.9348,  0, 0, 240
L -1938.533, -1777.952, 54.9348, -1930.067, -1780.984, 56.3179,  0, 0, 240
L -1930.067, -1780.984, 56.3179, -1923.282, -1783.725, 54.4983,  0, 0, 240
L -1923.282, -1783.725, 54.4983, -1922.14, -1784.3, 54.1454,  0, 0, 240
L -1922.14, -1784.3, 54.1454, -1904.312, -1793.209, 55.8826,  0, 0, 240
L -1904.312, -1793.209, 55.8826, -1902.531, -1793.693, 55.9046,  0, 0, 240
L -1902.531, -1793.693, 55.9046, -1895.592, -1795.36, 54.7537,  0, 0, 240
P -2047.886, 2908.381, -0.1090, 255, 255, 255, 2, Travel_to_Other_Neighborhoods
P -2209.613, 2805.3, 2.9851, 255, 255, 255, 1, Brewing
P -2110.651, 2753.499, 2.9224, 255, 255, 255, 1, Jewelcrafting
P -2121.877, 2743.331, -0.1220, 255, 255, 255, 1, Fletching
P -2139.702, 2738.568, -0.1219, 255, 255, 255, 1, Forge
P -2155.87, 2740.632, -0.1219, 255, 255, 255, 1, Kiln
P -2103.605, 2769.661, 2.9142, 255, 255, 255, 1, Tailoring
P -2208.948, 2787.185, -0.1217, 255, 255, 255, 1, Baking
P -2173.018, 2747.286, 3.7955, 255, 255, 255, 1, Pottery_Wheel
P -2212.156, 2819.69, -0.1216, 255, 255, 255, 1, Poisoncrafting
P -2200.198, 2836.509, -0.1216, 255, 255, 255, 1, Alchemy
P -2144.52, 2658.299, -0.7181, 255, 255, 255, 2, Market
P -473.243, 769.401, -0.7183, 255, 255, 255, 2, Brimming
P -2145.436, 548.188, -40.7165, 255, 255, 255, 2, Vanward
P -1632.098, -1247.339, 59.2792, 255, 255, 255, 2, Park
P -1773.199, -2615.329, 41.9900, 255, 255, 255, 2, Guild
P -134.297, -2763.627, -67.9702, 255, 255, 255, 2, Terminus
P 119.427, -722.428, 46.3350, 255, 255, 255, 2, Betwixt
P -2130.492, 3005.117, 0.2300, 204, 0, 204, 3, To_Guild_Lobby
P -912.735, 3067, 0, 0, 200, 255, 1, Spiken's_Maps_-_github.com/spik3n/EQL_Map_pack
